Num_Acc,an,mois,jour,hrmn,lum,agg,int,atm,col,com,gps,lat,long,dep
201800000608,18,8,2,1215,1,1,3,7.0,3.0,22197,M,4854263.0,-193643.0,22
201800000609,18,9,2,1550,1,1,1,1.0,7.0,22035,M,4843035.0,-201039.0,22
201800000610,18,9,7,1900,1,1,1,1.0,1.0,22082,M,4839229.0,-208438.0,22
201800000611,18,9,17,1745,1,2,1,1.0,3.0,22050,M,4845280.0,-205711.0,22
201800000612,18,10,1,1835,1,2,1,1.0,3.0,22050,M,4845888.0,-204992.0,22
201800000613,18,12,31,1440,1,1,2,8.0,3.0,22197,M,4848225.0,-196170.0,22
201800000614,18,2,5,725,2,1,1,1.0,1.0,22076,M,4854116.0,-239665.0,22
201800000615,18,2,25,1550,1,1,1,1.0,1.0,22179,M,4865358.0,-237151.0,22
201800000616,18,5,12,800,1,1,1,1.0,6.0,22076,M,4854160.0,-235926.0,22
201800000617,18,5,12,2315,3,2,1,2.0,1.0,22179,M,4862685.0,-237351.0,22
201800000618,18,7,8,1730,1,1,1,1.0,3.0,22179,M,4866299.0,-232582.0,22
201800000619,18,8,2,1738,1,1,3,7.0,1.0,22076,M,4854506.0,-239239.0,22
201800000620,18,8,19,1645,1,1,1,1.0,3.0,22179,M,4865450.0,-237142.0,22
201800000621,18,8,28,2330,3,1,1,1.0,6.0,22143,M,4861076.0,-228579.0,22
201800000622,18,8,28,1410,1,1,2,1.0,1.0,22143,M,4859542.0,-227448.0,22
201800000623,18,10,20,910,1,1,3,7.0,1.0,22282,M,4858574.0,-223860.0,22
201800000624,18,9,20,1930,2,1,4,1.0,1.0,22077,M,4851298.0,-245005.0,22
201800000625,18,10,29,1730,2,2,3,1.0,1.0,22179,M,4862783.0,-236235.0,22
201800000626,18,1,12,1905,5,2,6,1.0,3.0,22070,M,4856071.0,-314838.0,22
201800000627,18,2,16,1230,1,1,1,1.0,3.0,22223,M,4856561.0,-318943.0,22
201800000628,18,2,28,855,1,1,1,1.0,6.0,22272,M,4856458.0,-310261.0,22
201800000629,18,4,14,700,3,1,1,5.0,6.0,22223,M,4858149.0,-317496.0,22
201800000630,18,5,3,1600,1,2,3,1.0,3.0,22070,M,4856159.0,-316208.0,22
201800000631,18,6,29,1130,1,2,1,1.0,6.0,22070,M,4856164.0,-314887.0,22
201800000632,18,8,28,500,3,1,1,1.0,6.0,22223,M,4856641.0,-320332.0,22
201800000633,18,9,9,315,3,1,6,1.0,7.0,22223,M,4859130.0,-317536.0,22
201800000634,18,10,13,630,3,2,6,1.0,6.0,22070,M,4856879.0,-315877.0,22
201800000635,18,10,13,215,4,1,6,6.0,7.0,22223,M,4856593.0,-320612.0,22
201800000636,18,10,21,550,3,1,1,1.0,7.0,22223,M,4860495.0,-317827.0,22
201800000637,18,11,8,1830,4,2,9,1.0,6.0,22070,M,4856046.0,-314883.0,22
201800000638,18,11,25,910,1,1,1,1.0,6.0,22225,M,4855322.0,-312336.0,22
201800000639,18,6,3,505,5,2,1,1.0,6.0,22343,M,4877087.0,-358359.0,22
201800000640,18,7,8,310,3,2,1,1.0,6.0,22198,M,4879021.0,-355224.0,22
201800000641,18,8,16,1225,1,1,4,2.0,3.0,22198,M,4878215.0,-349045.0,22
201800000642,18,8,22,2230,3,1,1,2.0,3.0,22198,M,4879251.0,-355231.0,22
201800000643,18,8,23,800,1,1,1,1.0,6.0,22198,M,4878643.0,-354094.0,22
201800000644,18,1,20,2330,5,2,1,2.0,6.0,29212,M,4837314.0,-457879.0,29
201800000645,18,3,3,1130,1,2,1,1.0,6.0,29046,M,4809563.0,-434364.0,29
201800000646,18,3,21,1800,1,2,1,1.0,6.0,29046,M,4808380.0,-429591.0,29
201800000647,18,6,16,134,3,1,1,1.0,6.0,29087,M,4803418.0,-424234.0,29
201800000648,18,7,1,1345,1,1,1,1.0,1.0,29169,M,4806600.0,-420096.0,29
201800000649,18,7,13,1440,1,2,1,1.0,6.0,29046,M,4808982.0,-432553.0,29
201800000650,18,4,15,1615,1,2,1,1.0,6.0,29058,M,4788657.0,-402914.0,29
201800000651,18,5,15,1840,1,2,2,7.0,3.0,29058,M,4789419.0,-400455.0,29
201800000652,18,7,6,2030,1,1,1,1.0,5.0,29058,M,4787546.0,-399751.0,29
201800000653,18,8,6,1217,1,1,1,7.0,5.0,29247,M,4797670.0,-400566.0,29
201800000654,18,1,11,1810,2,1,1,1.0,5.0,29181,M,4846811.0,-425518.0,29
201800000655,18,2,23,1950,5,2,6,1.0,3.0,29103,M,4844743.0,-426220.0,29
201800000656,18,3,3,1150,1,2,1,1.0,6.0,29103,M,4845018.0,-424984.0,29
201800000657,18,4,2,815,2,1,1,1.0,6.0,29237,M,4848821.0,-416424.0,29
201800000658,18,4,19,855,1,1,1,1.0,1.0,29181,M,4846408.0,-422852.0,29
201800000659,18,5,20,1715,1,1,6,1.0,7.0,29103,M,4844750.0,-426263.0,29
201800000660,18,6,15,1628,1,2,1,1.0,6.0,29103,M,4845582.0,-425084.0,29
201800000661,18,7,31,2230,3,1,2,1.0,2.0,29181,M,4846408.0,-422852.0,29
201800000662,18,9,7,1205,1,2,1,1.0,3.0,29103,M,4844832.0,-426907.0,29
201800000663,18,9,7,1400,1,1,3,1.0,7.0,29180,M,4842386.0,-410821.0,29
201800000664,18,11,14,740,5,2,1,1.0,6.0,29103,M,4844561.0,-427211.0,29
201800000665,18,11,28,1830,3,2,1,2.0,6.0,29103,M,4844959.0,-424619.0,29
201800000666,18,12,9,830,2,1,1,1.0,1.0,29045,M,4842022.0,-425693.0,29
201800000667,18,2,10,2330,3,2,3,3.0,3.0,29094,M,4859091.0,-434894.0,29
201800000668,18,3,3,1115,1,1,1,1.0,1.0,29179,M,4849367.0,-429487.0,29
201800000669,18,3,20,1800,1,1,1,1.0,3.0,29094,M,4860681.0,-433614.0,29
201800000670,18,3,30,1715,1,1,1,1.0,2.0,29179,M,4849208.0,-429443.0,29
201800000671,18,7,19,1610,1,2,3,1.0,3.0,29124,M,4857300.0,-432042.0,29
201800000672,18,9,16,1430,1,1,1,1.0,7.0,29198,M,4857666.0,-427696.0,29
201800000673,18,11,2,1530,1,2,1,1.0,6.0,29179,M,4853562.0,-431137.0,29
201800000674,18,12,4,2240,3,1,2,3.0,3.0,29198,M,4858889.0,-428734.0,29
201800000675,18,1,14,730,2,2,3,1.0,6.0,29042,M,4823191.0,-450663.0,29
201800000676,18,1,24,1520,1,1,1,3.0,1.0,29022,M,4825918.0,-455796.0,29
201800000677,18,2,17,615,3,1,1,1.0,7.0,29042,M,4825512.0,-437601.0,29
201800000678,18,5,20,1600,1,1,3,1.0,3.0,29256,M,4822315.0,-428245.0,29
201800000679,18,8,3,805,1,1,1,1.0,7.0,29280,M,4825870.0,-436235.0,29
201800000680,18,8,25,1845,1,2,6,1.0,3.0,29042,M,4826144.0,-449282.0,29
201800000681,18,12,5,1650,1,1,3,2.0,5.0,29280,M,4823899.0,-436556.0,29
201800000682,18,1,20,1930,4,2,1,2.0,6.0,56263,M,4770379.0,-295371.0,56
201800000683,18,3,30,1035,1,2,1,7.0,6.0,56007,M,4767088.0,-299240.0,56
201800000684,18,4,12,1600,1,2,6,1.0,3.0,56007,M,4767546.0,-299424.0,56
201800000685,18,4,28,1620,1,2,3,1.0,3.0,56176,M,4767855.0,-296186.0,56
201800000686,18,5,22,1255,1,1,1,1.0,6.0,56176,M,4768042.0,-294101.0,56
201800000687,18,6,27,1715,1,2,6,1.0,6.0,56176,M,4766703.0,-296445.0,56
201800000688,18,7,18,1115,1,2,1,1.0,7.0,56007,M,4766552.0,-296731.0,56
201800000689,18,8,11,720,2,2,1,1.0,7.0,56007,M,4766734.0,-297104.0,56
201800000690,18,8,13,1400,1,2,6,1.0,3.0,56046,M,4761311.0,-301129.0,56
201800000691,18,8,17,1035,1,2,1,1.0,6.0,56023,M,4772077.0,-299615.0,56
201800000692,18,8,31,1440,1,1,1,1.0,6.0,56176,M,4769280.0,-289172.0,56
201800000693,18,9,3,1735,1,2,1,1.0,4.0,56176,M,4769969.0,-290935.0,56
201800000694,18,9,12,715,2,2,6,1.0,6.0,56007,M,4767546.0,-299424.0,56
201800000695,18,9,17,730,2,2,1,5.0,6.0,56023,M,4768464.0,-299875.0,56
201800000696,18,10,24,1100,1,2,6,1.0,6.0,56007,M,4766398.0,-300644.0,56
201800000697,18,12,10,515,3,1,1,1.0,6.0,56046,M,4765372.0,-299038.0,56
201800000698,18,2,8,600,3,1,1,1.0,6.0,56009,M,4732534.0,-317288.0,56
201800000699,18,6,8,325,3,1,1,1.0,6.0,56152,M,4733201.0,-316480.0,56
201800000700,18,7,12,1440,1,2,2,1.0,3.0,56152,M,4734757.0,-316026.0,56
201800000701,18,8,17,1231,1,1,3,1.0,3.0,56152,M,4734050.0,-317433.0,56
201800000702,18,10,25,800,3,1,1,5.0,6.0,56152,M,4735184.0,-317184.0,56
201800000703,18,11,2,1500,1,1,1,1.0,7.0,56152,M,4735504.0,-319609.0,56
201800000704,18,6,18,1200,1,2,6,1.0,6.0,56069,M,4764371.0,-344827.0,56
201800000705,18,1,14,1845,3,1,1,5.0,2.0,14538,M,4909780.0,-31142.0,14
201800000706,18,5,2,1230,1,1,1,1.0,6.0,14145,M,4904218.0,-27765.0,14
201800000707,18,6,25,1945,1,1,1,1.0,2.0,14554,M,4907919.0,-30087.0,14
201800000708,18,10,31,1440,1,1,1,1.0,6.0,14646,M,4893272.0,-20825.0,14
201800000709,18,1,10,1800,5,2,1,8.0,6.0,14228,M,4929500.0,-37910.0,14
201800000710,18,1,11,2000,5,2,5,5.0,6.0,14228,M,4929250.0,-37914.0,14
201800000711,18,2,17,1930,3,1,1,1.0,6.0,14197,M,4928050.0,-36770.0,14
201800000712,18,3,19,2000,3,1,1,1.0,1.0,14044,M,4927180.0,-41358.0,14
201800000713,18,3,29,615,2,1,1,1.0,7.0,14015,M,4924620.0,-40124.0,14
201800000714,18,4,16,1430,1,1,1,1.0,1.0,14197,M,4928061.0,-36686.0,14
201800000715,18,4,18,830,1,2,6,1.0,3.0,14228,M,4929959.0,-38097.0,14
201800000716,18,5,18,2030,1,1,1,1.0,7.0,14044,M,4928552.0,-41642.0,14
201800000717,18,7,23,400,3,1,1,1.0,6.0,14066,M,4932998.0,-40359.0,14
201800000718,18,9,12,820,1,1,3,1.0,3.0,14066,M,4930397.0,-42932.0,14
201800000719,18,1,23,2005,5,2,1,1.0,7.0,14488,M,,,14
201800000720,18,1,30,1054,1,1,4,2.0,3.0,14060,M,4924570.0,-28375.0,14
201800000721,18,4,16,1930,1,2,3,1.0,3.0,14076,M,4922328.0,-30811.0,14
201800000722,18,4,24,945,1,2,3,1.0,3.0,14488,M,4927865.0,-25948.0,14
201800000723,18,7,1,1510,1,1,1,1.0,1.0,14068,M,4924487.0,-35068.0,14
201800000724,18,9,28,2010,3,1,1,1.0,6.0,14060,M,4924291.0,-28919.0,14
201800000725,18,10,2,300,5,2,1,1.0,6.0,14488,M,4928628.0,-24990.0,14
201800000726,18,3,13,2045,3,1,1,1.0,6.0,14106,M,4923340.0,-22128.0,14
201800000727,18,3,26,1850,1,1,1,1.0,6.0,14009,M,4925970.0,-23649.0,14
201800000728,18,4,28,1120,1,1,2,1.0,3.0,14328,M,4920867.0,-27828.0,14
201800000729,18,6,12,1810,1,2,3,1.0,3.0,14724,M,4925174.0,-16252.0,14
201800000730,18,6,23,2130,1,2,1,1.0,6.0,14640,M,4916495.0,-18105.0,14
201800000731,18,8,4,1505,1,1,3,1.0,1.0,14409,M,4928475.0,-17797.0,14
201800000732,18,9,20,840,1,2,1,1.0,6.0,14046,M,4922627.0,-15663.0,14
201800000733,18,9,22,930,1,1,2,1.0,3.0,14530,M,4922850.0,-24420.0,14
201800000734,18,10,28,2350,3,1,1,1.0,6.0,14724,M,4925035.0,-17053.0,14
201800000735,18,12,21,1320,1,1,2,1.0,3.0,14046,M,4924976.0,-18871.0,14
201800000736,18,1,23,1835,5,2,1,2.0,3.0,14047,M,4927970.0,-70880.0,14
201800000737,18,2,23,1010,1,2,1,7.0,6.0,14047,M,,,14
201800000738,18,4,12,655,2,1,1,5.0,1.0,14679,M,4924001.0,-74583.0,14
201800000739,18,6,27,1200,1,2,2,1.0,3.0,14047,M,4927651.0,-71866.0,14
201800000740,18,8,7,1515,1,1,1,1.0,1.0,14728,M,4929550.0,-73652.0,14
201800000741,18,8,8,1300,1,1,1,1.0,3.0,14184,M,4927467.0,-78621.0,14
201800000742,18,8,16,1410,1,2,2,1.0,5.0,14663,M,4928465.0,-69573.0,14
201800000743,18,10,12,1818,1,2,1,1.0,6.0,14047,M,4927586.0,-70837.0,14
201800000744,18,11,6,1400,1,2,2,1.0,3.0,14047,M,4927642.0,-70559.0,14
201800000745,18,11,7,1555,1,2,1,1.0,6.0,14047,M,4928382.0,-70801.0,14
201800000746,18,12,3,2100,3,1,1,1.0,7.0,14732,M,4932057.0,-72157.0,14
201800000747,18,12,17,1800,5,2,3,8.0,3.0,14047,M,4928185.0,-70189.0,14
201800000748,18,12,17,1925,3,1,2,8.0,3.0,14732,M,4929891.0,-68619.0,14
201800000749,18,1,7,400,5,2,2,1.0,7.0,14258,M,4889560.0,-19766.0,14
201800000750,18,4,7,1130,1,1,1,1.0,7.0,14720,M,4894385.0,-29982.0,14
201800000751,18,5,8,1405,1,1,1,1.0,3.0,14240,M,4893408.0,-16094.0,14
201800000752,18,6,4,1700,1,1,2,3.0,2.0,14332,M,4883885.0,-15221.0,14
201800000753,18,6,26,240,3,1,1,1.0,7.0,14244,M,4890734.0,-15916.0,14
201800000754,18,7,21,1850,1,1,1,1.0,6.0,14245,M,4901743.0,-10396.0,14
201800000755,18,8,3,2300,5,2,1,1.0,6.0,14258,M,4889434.0,-19684.0,14
201800000756,18,8,14,840,1,2,1,1.0,6.0,14258,M,4890051.0,-20275.0,14
201800000757,18,9,12,1850,1,2,2,1.0,6.0,14258,M,4889464.0,-19948.0,14
201800000758,18,9,16,2000,1,2,1,1.0,6.0,14258,M,4889005.0,-19145.0,14
201800000759,18,10,24,1350,1,1,1,1.0,6.0,14469,M,4891269.0,-2301.0,14
201800000760,18,11,26,1915,3,1,1,2.0,5.0,14720,M,4894381.0,-28987.0,14
201800000761,18,12,15,1130,1,1,1,9.0,6.0,14245,M,4901527.0,-11823.0,14
201800000762,18,12,20,2300,3,1,1,3.0,7.0,14649,M,4887983.0,-20940.0,14
201800000763,18,2,2,1230,1,2,3,1.0,7.0,14762,M,4885130.0,-87127.0,14
201800000764,18,3,2,1104,1,2,3,1.0,6.0,14762,M,4882820.0,-88788.0,14
201800000765,18,3,5,815,1,1,1,1.0,5.0,14718,M,4878520.0,-78611.0,14
201800000766,18,4,6,1700,1,1,1,1.0,6.0,14762,M,4883731.0,-84491.0,14
201800000767,18,5,15,830,1,1,1,1.0,7.0,14545,M,4882500.0,-84852.0,14
201800000768,18,5,17,815,1,1,1,1.0,1.0,14192,M,4886107.0,-108683.0,14
201800000769,18,5,18,1345,1,1,1,1.0,1.0,14762,M,4881807.0,-83609.0,14
201800000770,18,5,23,1430,1,1,3,1.0,2.0,14762,M,4887432.0,-87524.0,14
201800000771,18,5,29,1420,1,2,1,1.0,6.0,14762,M,4883828.0,-88859.0,14
201800000772,18,7,5,1730,1,1,1,1.0,6.0,14762,M,4882079.0,-84215.0,14
201800000773,18,9,1,530,3,1,1,1.0,6.0,14762,M,4883120.0,-91165.0,14
201800000774,18,12,5,2110,3,1,2,2.0,1.0,14352,M,4890178.0,-99839.0,14
201800000775,18,12,16,1815,5,2,1,2.0,6.0,14762,M,4885422.0,-87940.0,14
201800000776,18,12,18,1655,2,2,1,2.0,7.0,14762,M,4885766.0,-87857.0,14
201800000777,18,4,7,2145,5,2,1,2.0,6.0,50099,M,4930721.0,-125275.0,50
201800000778,18,4,18,1315,1,1,1,1.0,5.0,50445,M,4923985.0,-126364.0,50
201800000779,18,5,10,1405,1,1,3,1.0,4.0,50298,M,4927558.0,-127912.0,50
201800000780,18,11,9,1735,5,2,1,3.0,1.0,50099,M,4931180.0,-124850.0,50
201800000781,18,11,11,2115,3,1,1,1.0,6.0,50099,M,4930442.0,-114889.0,50
201800000782,18,1,7,100,5,2,1,1.0,6.0,50601,M,4903833.0,-97559.0,50
201800000783,18,5,27,1935,1,1,9,1.0,6.0,50139,M,4907985.0,-103060.0,50
201800000784,18,8,26,320,3,2,1,1.0,6.0,50556,M,4905976.0,-105750.0,50
201800000785,18,10,10,1320,1,2,6,1.0,2.0,50139,M,4905735.0,-103169.0,50
201800000786,18,1,8,750,5,2,1,1.0,6.0,50516,M,4867520.0,-135467.0,50
201800000787,18,4,6,2250,3,1,1,1.0,3.0,50612,M,4868207.0,-141002.0,50
201800000788,18,5,26,1345,1,1,1,1.0,3.0,50027,M,4870684.0,-143199.0,50
201800000789,18,6,9,750,1,1,1,3.0,6.0,50612,M,4868114.0,-141047.0,50
201800000790,18,6,10,100,3,2,1,5.0,6.0,50025,M,4868855.0,-136058.0,50
201800000791,18,7,14,1100,1,2,6,1.0,1.0,50025,M,4868456.0,-136421.0,50
201800000792,18,8,9,1040,1,2,3,2.0,3.0,50535,M,,,50
201800000793,18,8,12,1615,1,1,1,2.0,7.0,50408,M,4862505.0,-134514.0,50
201800000794,18,9,23,750,2,2,1,2.0,6.0,50406,M,4873056.0,-130738.0,50
201800000795,18,9,23,1910,1,1,1,1.0,6.0,50612,M,4867195.0,-141182.0,50
201800000796,18,10,26,1040,1,2,9,1.0,1.0,50025,M,4868579.0,-135587.0,50
201800000797,18,11,26,1740,5,1,3,1.0,6.0,50408,M,4862292.0,-134789.0,50
201800000798,18,3,21,1815,1,1,1,1.0,4.0,50187,M,4961083.0,-171216.0,50
201800000799,18,3,24,1830,1,1,1,1.0,6.0,50057,M,4962153.0,-180411.0,50
201800000800,18,3,30,1250,1,1,1,2.0,1.0,50257,M,4967603.0,-191885.0,50
201800000801,18,4,18,600,3,1,1,1.0,4.0,50643,M,4956070.0,-174117.0,50
201800000802,18,4,21,1345,1,1,6,1.0,7.0,50294,M,4960391.0,-166384.0,50
201800000803,18,5,9,830,1,1,2,1.0,3.0,50382,M,4961884.0,-167007.0,50
201800000804,18,5,20,1000,1,1,9,1.0,7.0,50623,M,4962288.0,-182814.0,50
201800000805,18,8,6,1740,1,1,1,1.0,6.0,50001,M,4961624.0,-174770.0,50
201800000806,18,9,13,2315,3,2,1,1.0,6.0,50220,M,4967497.0,-179536.0,50
201800000807,18,10,5,1745,1,1,1,1.0,7.0,50599,M,4958754.0,-160594.0,50
201800000808,18,10,13,2100,5,1,6,1.0,6.0,50257,M,4968437.0,-190630.0,50
201800000809,18,10,26,1205,1,1,1,8.0,6.0,50460,M,4963934.0,-175045.0,50
201800000810,18,11,16,1230,1,1,1,1.0,3.0,50382,M,4961744.0,-167712.0,50
201800000811,18,11,25,1212,1,1,1,3.0,6.0,50220,M,4967921.0,-177073.0,50
201800000812,18,1,23,1645,1,2,1,1.0,3.0,01053,M,4620415.0,524072.0,01
201800000813,18,2,5,1340,1,2,4,2.0,6.0,01053,M,4620372.0,521863.0,01
201800000814,18,2,13,855,1,2,1,1.0,4.0,01289,M,4617436.0,519899.0,01
201800000815,18,2,20,1305,1,2,5,1.0,3.0,01053,M,4620785.0,523580.0,01
201800000816,18,3,2,1700,1,2,1,7.0,7.0,01053,M,4620978.0,522114.0,01
201800000817,18,3,3,2140,3,1,1,2.0,2.0,01344,M,4619000.0,517000.0,01
201800000818,18,3,5,1020,1,2,2,1.0,6.0,01053,M,4620957.0,522747.0,01
201800000819,18,3,9,1335,1,2,1,1.0,5.0,01053,M,4620519.0,523452.0,01
201800000820,18,3,16,1420,1,1,1,1.0,5.0,01053,M,4622341.0,523595.0,01
201800000821,18,4,11,1530,1,2,1,1.0,6.0,01344,M,4620036.0,519499.0,01
201800000822,18,4,20,1210,1,2,1,1.0,3.0,01053,M,4620017.0,525374.0,01
201800000823,18,4,30,1100,1,1,3,1.0,3.0,01451,M,4622981.0,522976.0,01
201800000824,18,5,2,845,1,1,1,1.0,1.0,01451,M,4600000.0,500000.0,01
201800000825,18,5,3,1355,1,2,3,1.0,1.0,01053,M,4619974.0,524504.0,01
201800000826,18,5,24,1815,1,1,3,1.0,3.0,01451,M,4600000.0,523026.0,01
201800000827,18,5,25,820,1,2,1,7.0,3.0,01053,M,4619568.0,521760.0,01
201800000828,18,5,26,1735,1,2,1,1.0,3.0,01344,M,4620007.0,519156.0,01
201800000829,18,6,7,1920,1,2,2,1.0,3.0,01053,M,4619558.0,522294.0,01
201800000830,18,6,14,1057,1,2,2,1.0,3.0,01053,M,4619573.0,523719.0,01
201800000831,18,6,18,1710,1,2,3,1.0,3.0,01053,M,4620370.0,521876.0,01
201800000832,18,6,29,1955,1,1,2,1.0,3.0,01451,M,4623919.0,526977.0,01
201800000833,18,7,7,39,5,2,9,1.0,7.0,01289,M,4617000.0,519800.0,01
201800000834,18,7,10,1600,1,1,1,1.0,6.0,01289,M,4617852.0,522125.0,01
201800000835,18,7,25,1155,1,1,2,1.0,3.0,01289,M,4616488.0,522071.0,01
201800000836,18,8,9,1501,1,1,1,2.0,1.0,01451,M,4623110.0,522974.0,01
201800000837,18,8,18,2210,5,2,2,1.0,3.0,01053,M,4620968.0,522747.0,01
201800000838,18,8,23,1245,1,2,4,1.0,3.0,01053,M,4619528.0,521504.0,01
201800000839,18,8,28,2055,5,2,5,1.0,3.0,01053,M,4620358.0,524248.0,01
201800000840,18,9,16,1105,1,2,1,1.0,3.0,01053,M,4621438.0,522736.0,01
201800000841,18,9,20,805,1,2,1,1.0,5.0,01053,M,4619829.0,521740.0,01
201800000842,18,9,21,1035,1,2,9,1.0,6.0,01053,M,4620115.0,523233.0,01
201800000843,18,9,20,1640,1,2,1,1.0,6.0,01053,M,4619249.0,521270.0,01
201800000844,18,9,27,1030,1,2,9,1.0,6.0,01053,M,4620220.0,524600.0,01
201800000845,18,10,1,1205,1,2,1,2.0,3.0,01451,M,4623578.0,522851.0,01
201800000846,18,10,27,1715,1,2,3,2.0,4.0,01053,M,4620096.0,523260.0,01
201800000847,18,10,30,450,5,2,9,4.0,2.0,01053,M,4622070.0,524900.0,01
201800000848,18,10,29,1445,1,2,1,2.0,3.0,01053,M,4620253.0,521757.0,01
201800000849,18,11,8,840,2,1,3,5.0,3.0,01344,M,4619000.0,519600.0,01
201800000850,18,11,15,1540,1,2,1,1.0,6.0,01053,M,4620250.0,521642.0,01
201800000851,18,11,23,1900,5,2,1,3.0,2.0,01053,M,4522400.0,523300.0,01
201800000852,18,11,28,1810,5,2,1,1.0,6.0,01053,M,4621097.0,522747.0,01
201800000853,18,11,29,2050,5,2,2,1.0,1.0,01053,M,4620358.0,524254.0,01
201800000854,18,12,1,2055,5,1,2,2.0,3.0,01289,M,4616483.0,522068.0,01
201800000855,18,1,17,1310,1,2,7,1.0,3.0,61074,M,4856858.0,-15275.0,61
201800000856,18,2,21,1300,1,1,1,1.0,6.0,61433,M,4853789.0,5659.0,61
201800000857,18,6,21,1215,1,1,3,1.0,6.0,61213,M,4847319.0,-13074.0,61
201800000858,18,7,7,2330,3,1,1,1.0,6.0,61382,M,4844328.0,-4673.0,61
201800000859,18,8,14,1115,1,2,1,1.0,6.0,61165,M,4841606.0,-2783.0,61
201800000860,18,8,28,45,4,2,1,1.0,6.0,61424,M,4854714.0,-13718.0,61
201800000861,18,9,24,800,1,2,2,1.0,3.0,61234,M,4845431.0,3855.0,61
201800000862,18,10,25,700,3,1,1,5.0,1.0,61209,M,4858531.0,-26589.0,61
201800000863,18,1,19,1610,1,2,1,1.0,6.0,44172,M,4727010.0,-147893.0,44
201800000864,18,2,23,745,2,2,6,1.0,3.0,44204,M,4726468.0,-144397.0,44
201800000865,18,3,21,843,1,2,6,1.0,6.0,44172,M,4725743.0,-147375.0,44
201800000866,18,5,24,1250,1,2,6,1.0,3.0,44204,M,4726236.0,-144662.0,44
201800000867,18,5,26,820,1,2,1,1.0,7.0,44204,M,4727979.0,-143331.0,44
201800000868,18,6,3,630,5,2,1,1.0,7.0,44204,M,4726093.0,-144843.0,44
201800000869,18,6,30,1410,1,2,1,1.0,6.0,44204,M,4727555.0,-143996.0,44
201800000870,18,4,23,1130,1,2,1,1.0,2.0,44026,M,4727277.0,-148936.0,44
201800000871,18,9,18,1215,1,2,9,1.0,3.0,44026,M,4729986.0,-149973.0,44
201800000872,18,10,22,1100,1,2,1,1.0,6.0,44026,M,4729732.0,-149257.0,44
201800000873,18,1,6,2220,5,2,1,1.0,7.0,44215,M,4716526.0,-148416.0,44
201800000874,18,1,20,700,5,2,2,3.0,3.0,44198,M,4714030.0,-152100.0,44
201800000875,18,3,28,2010,1,2,1,1.0,6.0,44198,M,4713696.0,-153162.0,44
201800000876,18,8,14,1900,1,1,1,1.0,7.0,44037,M,4713504.0,-144095.0,44
201800000877,18,9,24,1100,1,2,6,1.0,2.0,44215,M,4717119.0,-146845.0,44
201800000878,18,10,20,2200,3,1,1,1.0,6.0,44215,M,4715986.0,-151307.0,44
201800000879,18,1,23,1915,3,1,1,2.0,7.0,44110,M,4745173.0,-156734.0,44
201800000880,18,2,27,1600,1,1,1,1.0,6.0,44073,M,4745463.0,-168173.0,44
201800000881,18,3,15,2215,3,1,2,1.0,3.0,44073,M,4741117.0,-161023.0,44
201800000882,18,5,6,1945,1,1,1,1.0,5.0,44026,M,4730803.0,-148004.0,44
201800000883,18,4,26,1930,2,1,1,1.0,3.0,44110,M,4742778.0,-151643.0,44
201800000884,18,8,14,1855,1,2,1,1.0,3.0,44110,M,4744015.0,-149012.0,44
201800000885,18,8,16,1220,1,2,1,1.0,2.0,44110,M,4744015.0,-149012.0,44
201800000886,18,11,5,1650,1,2,1,1.0,1.0,44205,M,4744049.0,-142286.0,44
201800000887,18,11,10,1950,3,1,1,2.0,5.0,44110,M,4743179.0,-153044.0,44
201800000888,18,11,17,1840,5,2,1,2.0,6.0,44073,M,4741425.0,-165158.0,44
201800000889,18,12,4,630,3,1,1,8.0,6.0,44110,M,4743187.0,-152954.0,44
201800000890,18,12,17,825,1,1,1,1.0,2.0,44179,M,4733620.0,-145278.0,44
201800000891,18,5,12,314,3,1,9,2.0,6.0,44194,M,4725658.0,-168426.0,44
201800000892,18,5,25,2200,2,2,6,1.0,3.0,44047,M,4720910.0,-172674.0,44
201800000893,18,8,3,2155,2,1,1,1.0,2.0,44047,M,4723974.0,-166519.0,44
201800000894,18,9,5,1855,1,2,2,1.0,3.0,44047,M,4721151.0,-171321.0,44
201800000895,18,9,9,1240,1,2,1,1.0,6.0,44047,M,4721567.0,-167950.0,44
201800000896,18,1,6,25,3,1,1,2.0,6.0,44210,M,4730414.0,-221155.0,44
201800000897,18,1,8,1520,1,1,8,1.0,3.0,44052,M,4732713.0,-202391.0,44
201800000898,18,1,11,510,3,1,1,1.0,5.0,44052,M,4736428.0,-209993.0,44
201800000899,18,1,21,1841,5,2,1,1.0,6.0,44210,M,4731761.0,-218854.0,44
201800000900,18,2,8,850,1,2,1,1.0,6.0,44176,M,4735232.0,-217939.0,44
201800000901,18,3,6,1415,1,2,2,1.0,3.0,44210,M,4731738.0,-218938.0,44
201800000902,18,6,3,415,5,1,1,1.0,2.0,44103,M,4727602.0,-216438.0,44
201800000903,18,6,7,1445,1,1,1,1.0,5.0,44103,M,4730117.0,-217976.0,44
201800000904,18,9,27,1205,1,2,1,1.0,3.0,44176,M,4734103.0,-217357.0,44
201800000905,18,11,26,1910,3,1,1,1.0,1.0,44103,M,4732706.0,-217241.0,44
201800000906,18,2,21,825,1,2,1,1.0,1.0,44195,M,4736234.0,-194441.0,44
201800000907,18,3,13,835,1,2,2,1.0,3.0,44195,M,4736534.0,-193632.0,44
201800000908,18,5,4,1538,1,2,2,1.0,3.0,44089,M,4735536.0,-186198.0,44
201800000909,18,6,23,50,3,1,1,1.0,6.0,44195,M,4735147.0,-193293.0,44