Num_Acc,an,mois,jour,hrmn,lum,agg,int,atm,col,com,gps,lat,long,dep
201800000910,18,7,23,800,1,1,1,7.0,1.0,44019,M,4732407.0,-187807.0,44
201800000911,18,8,1,843,1,2,9,1.0,3.0,44195,M,4736395.0,-195853.0,44
201800000912,18,9,19,1400,1,1,2,1.0,3.0,44137,M,4737307.0,-201883.0,44
201800000913,18,10,10,945,1,2,1,1.0,2.0,44195,M,4735589.0,-194315.0,44
201800000914,18,10,20,900,1,1,1,1.0,3.0,44195,M,4735598.0,-191535.0,44
201800000915,18,11,18,745,2,1,1,1.0,6.0,44033,M,4736357.0,-196208.0,44
201800000916,18,12,30,2217,5,2,1,1.0,6.0,44080,M,4730601.0,-196863.0,44
201800000917,18,1,5,2015,3,2,1,2.0,6.0,49020,M,4746948.0,-61525.0,49
201800000918,18,2,3,2010,3,1,1,2.0,1.0,49306,M,4743836.0,-69890.0,49
201800000919,18,9,29,1015,1,1,1,1.0,7.0,49020,M,4746428.0,-63657.0,49
201800000920,18,10,4,1840,2,1,1,7.0,1.0,49289,M,4746305.0,-68334.0,49
201800000921,18,10,13,610,3,2,1,1.0,6.0,49020,M,4748505.0,-64360.0,49
201800000922,18,12,7,1500,1,1,1,3.0,1.0,49289,M,4746958.0,-68699.0,49
201800000923,18,12,16,1550,1,2,6,2.0,7.0,49020,M,4746786.0,-62031.0,49
201800000924,18,1,12,1645,1,1,1,1.0,7.0,49194,M,4744823.0,-28346.0,49
201800000925,18,2,9,300,3,2,1,1.0,7.0,49194,M,4745924.0,-27697.0,49
201800000926,18,3,3,1910,5,2,2,1.0,3.0,49194,M,4745773.0,-26293.0,49
201800000927,18,5,10,320,4,2,1,1.0,6.0,49194,M,4745749.0,-26670.0,49
201800000928,18,8,16,1130,1,2,3,1.0,3.0,49194,M,4746082.0,-28575.0,49
201800000929,18,8,25,300,3,1,1,1.0,1.0,49021,M,4741961.0,-19770.0,49
201800000930,18,10,31,1715,1,1,6,2.0,3.0,49194,M,4745398.0,-27636.0,49
201800000931,18,12,23,1155,1,1,2,2.0,3.0,49194,M,4747050.0,-28296.0,49
201800000932,18,3,15,2000,3,1,1,1.0,3.0,49243,M,4722074.0,-93093.0,49
201800000933,18,4,25,1545,1,1,1,1.0,1.0,49023,M,4720676.0,-96834.0,49
201800000934,18,5,10,450,5,2,1,1.0,6.0,49162,M,4719596.0,-86363.0,49
201800000935,18,6,20,1515,1,2,1,1.0,3.0,49023,M,4720873.0,-99679.0,49
201800000936,18,7,15,2000,1,2,1,1.0,1.0,49023,M,4720092.0,-99453.0,49
201800000937,18,9,21,600,3,1,1,3.0,7.0,49023,M,4721543.0,-99246.0,49
201800000938,18,10,14,1845,2,1,1,2.0,7.0,49023,M,4726165.0,-82283.0,49
201800000939,18,10,23,1720,1,1,1,1.0,7.0,49023,M,4721271.0,-98347.0,49
201800000940,18,10,28,1300,1,2,1,1.0,7.0,49165,M,4717443.0,-89088.0,49
201800000941,18,11,12,740,2,2,1,2.0,6.0,49023,M,4718003.0,-110823.0,49
201800000942,18,1,18,855,2,2,9,3.0,6.0,49193,M,4713921.0,-89529.0,49
201800000943,18,3,25,1820,1,1,1,1.0,7.0,49269,M,4700458.0,-95546.0,49
201800000944,18,5,26,1935,1,1,1,1.0,3.0,49301,M,4713608.0,-100743.0,49
201800000945,18,5,26,2245,4,2,4,1.0,6.0,49260,M,4705845.0,-102574.0,49
201800000946,18,5,29,1840,1,2,1,1.0,6.0,49260,M,4706043.0,-102020.0,49
201800000947,18,6,17,1525,1,2,6,1.0,7.0,49260,M,4705918.0,-101095.0,49
201800000948,18,6,19,800,1,1,9,5.0,1.0,49299,M,4709298.0,-87323.0,49
201800000949,18,7,4,745,1,1,1,1.0,7.0,49350,M,4705462.0,-108753.0,49
201800000950,18,8,26,1800,1,2,1,1.0,6.0,49299,M,4709524.0,-90225.0,49
201800000951,18,9,1,655,1,2,3,1.0,3.0,49301,M,4701904.0,-106564.0,49
201800000952,18,9,8,550,3,1,1,1.0,6.0,49332,M,4710113.0,-94736.0,49
201800000953,18,10,22,1130,1,1,1,1.0,3.0,49332,M,4707966.0,-97928.0,49
201800000954,18,11,2,950,1,1,3,1.0,3.0,49193,M,4715789.0,-89452.0,49
201800000955,18,11,21,1712,1,1,3,1.0,6.0,49301,M,4713590.0,-114780.0,49
201800000956,18,11,23,1720,1,1,2,2.0,3.0,49301,M,4713145.0,-108323.0,49
201800000957,18,5,1,710,2,1,1,1.0,7.0,53001,M,4802510.0,-92117.0,53
201800000958,18,8,11,1700,1,1,2,1.0,3.0,53001,M,4798918.0,-85396.0,53
201800000959,18,9,29,430,3,1,1,1.0,6.0,53082,M,4798385.0,-88876.0,53
201800000960,18,1,12,1435,1,2,6,1.0,3.0,01283,M,4600000.0,500000.0,01
201800000961,18,1,17,1930,5,2,2,8.0,3.0,01283,M,4625797.0,564369.0,01
201800000962,18,2,9,140,5,2,1,9.0,6.0,01283,M,4626092.0,563834.0,01
201800000963,18,2,23,740,2,2,1,1.0,6.0,01031,M,4624209.0,562904.0,01
201800000964,18,3,8,1046,1,2,1,1.0,6.0,01283,M,4625798.0,564573.0,01
201800000965,18,3,4,710,2,2,1,8.0,7.0,01014,M,4629196.0,567706.0,01
201800000966,18,3,16,830,1,2,1,8.0,2.0,01283,M,4625583.0,565099.0,01
201800000967,18,3,20,756,1,2,1,1.0,3.0,01283,M,4626510.0,561769.0,01
201800000968,18,4,8,1620,1,2,2,1.0,3.0,01283,M,4626367.0,565116.0,01
201800000969,18,4,21,335,5,2,2,1.0,3.0,01283,M,4624830.0,564111.0,01
201800000970,18,5,4,1055,1,2,1,1.0,6.0,01283,M,4626258.0,564704.0,01
201800000971,18,3,24,1945,5,2,1,1.0,6.0,01283,M,4624405.0,564616.0,01
201800000972,18,5,26,2130,5,2,1,1.0,6.0,01014,M,4628903.0,567809.0,01
201800000973,18,5,18,1850,1,2,2,1.0,3.0,01283,M,4625893.0,564660.0,01
201800000974,18,5,31,1300,1,1,1,8.0,6.0,01283,M,4625416.0,570323.0,01
201800000975,18,6,21,1800,1,1,1,1.0,2.0,01014,M,4628092.0,566105.0,01
201800000976,18,6,19,825,1,2,2,1.0,6.0,01283,M,4626303.0,564461.0,01
201800000977,18,6,26,1825,2,2,6,1.0,6.0,01283,M,4626037.0,565791.0,01
201800000978,18,7,3,810,1,1,1,1.0,5.0,01283,M,4626482.0,563081.0,01
201800000979,18,7,5,1821,1,1,1,1.0,4.0,01031,M,4623245.0,563143.0,01
201800000980,18,7,15,1910,1,2,9,1.0,3.0,01283,M,4625644.0,565500.0,01
201800000981,18,8,5,419,5,2,1,1.0,6.0,01283,M,4626550.0,565790.0,01
201800000982,18,8,26,1355,1,2,3,1.0,3.0,01283,M,4626095.0,564342.0,01
201800000983,18,8,30,425,3,1,1,1.0,7.0,01031,M,4623225.0,563091.0,01
201800000984,18,9,19,1855,2,2,6,1.0,3.0,01283,M,4626183.0,563284.0,01
201800000985,18,10,22,1200,1,2,3,1.0,1.0,01283,M,4625573.0,564965.0,01
201800000986,18,10,26,1650,1,2,1,1.0,6.0,01283,M,4625620.0,565030.0,01
201800000987,18,10,26,1545,1,2,3,1.0,6.0,01283,M,4625953.0,565397.0,01
201800000988,18,10,25,745,2,2,6,1.0,3.0,01283,M,4626760.0,565996.0,01
201800000989,18,12,21,1751,5,2,1,3.0,6.0,01283,M,4625818.0,565445.0,01
201800000990,18,12,28,1900,4,2,3,1.0,6.0,01283,M,4625814.0,565456.0,01
201800000991,18,1,2,835,2,2,6,2.0,3.0,72154,M,4770708.0,-8323.0,72
201800000992,18,1,2,1250,1,2,6,2.0,2.0,72154,M,4770170.0,-6082.0,72
201800000993,18,1,29,745,2,2,1,1.0,3.0,72185,M,4771622.0,1541.0,72
201800000994,18,4,17,1115,1,2,1,1.0,6.0,72154,M,4769931.0,-7775.0,72
201800000995,18,5,15,1505,1,1,1,1.0,3.0,72061,M,4772783.0,-26890.0,72
201800000996,18,5,25,30,3,1,1,1.0,6.0,72154,M,4768926.0,-6464.0,72
201800000997,18,5,25,1730,1,1,1,1.0,1.0,72154,M,4770233.0,-9877.0,72
201800000998,18,6,15,1830,1,2,1,1.0,3.0,72154,M,4770636.0,-8229.0,72
201800000999,18,6,23,1505,1,1,1,1.0,3.0,72154,M,4772601.0,-11064.0,72
201800001000,18,7,1,1310,1,1,1,7.0,7.0,72185,M,4771312.0,-436.0,72
201800001001,18,8,10,1740,1,2,1,1.0,2.0,72154,M,4769873.0,-7811.0,72
201800001002,18,8,15,1805,1,1,1,1.0,7.0,72084,M,4771595.0,-1857.0,72
201800001003,18,8,30,1720,1,2,1,1.0,1.0,72154,M,4764193.0,-2248.0,72
201800001004,18,8,30,1730,1,1,1,1.0,7.0,72061,M,4773756.0,-26234.0,72
201800001005,18,9,13,1835,1,2,6,1.0,3.0,72154,M,4771510.0,-8548.0,72
201800001006,18,9,19,1240,1,1,1,1.0,6.0,72154,M,4769793.0,-8114.0,72
201800001007,18,10,5,2000,2,2,1,1.0,1.0,72154,M,4771188.0,-6431.0,72
201800001008,18,10,6,1700,1,2,1,3.0,6.0,72154,M,4769737.0,-9003.0,72
201800001009,18,10,26,1220,1,2,1,1.0,3.0,72154,M,4770992.0,-10383.0,72
201800001010,18,10,29,750,1,2,1,2.0,1.0,72154,M,4769950.0,-7231.0,72
201800001011,18,12,10,1845,3,1,1,1.0,6.0,72154,M,4768769.0,1000.0,72
201800001012,18,3,16,1700,1,1,1,1.0,2.0,72106,M,4780557.0,-31601.0,72
201800001013,18,3,31,1000,1,2,1,1.0,1.0,72244,M,4776387.0,-31968.0,72
201800001014,18,4,14,1330,1,1,1,2.0,7.0,72244,M,4775702.0,-37066.0,72
201800001015,18,7,9,1100,1,1,8,1.0,3.0,72264,M,4785172.0,-39463.0,72
201800001016,18,10,11,1220,1,2,1,1.0,2.0,72264,M,4783882.0,-30720.0,72
201800001017,18,10,11,1700,2,2,1,2.0,1.0,72167,M,4779305.0,-25346.0,72
201800001018,18,10,31,1900,5,1,1,2.0,6.0,72264,M,4782620.0,-31755.0,72
201800001019,18,11,30,1300,1,1,1,1.0,7.0,72264,M,4783488.0,-32093.0,72
201800001020,18,11,30,1600,1,1,1,1.0,7.0,72016,M,4788127.0,-34400.0,72
201800001021,18,11,30,1810,3,1,1,2.0,6.0,72336,M,4828395.0,268236.0,72
201800001022,18,12,29,200,4,1,1,1.0,7.0,72232,M,4771986.0,-33969.0,72
201800001023,18,8,8,1825,1,1,9,1.0,3.0,85288,M,4645154.0,-169251.0,85
201800001024,18,10,29,1030,1,1,1,1.0,6.0,85300,M,4664914.0,-151253.0,85
201800001025,18,1,31,945,1,1,6,2.0,7.0,85302,M,4697531.0,-96719.0,85
201800001026,18,2,25,2215,3,1,1,1.0,7.0,85302,M,4697280.0,-102133.0,85
201800001027,18,3,5,1905,3,1,1,2.0,1.0,85048,M,4693218.0,-98970.0,85
201800001028,18,3,29,1300,1,1,6,3.0,1.0,85302,M,4694674.0,-97978.0,85
201800001029,18,4,13,1610,1,1,6,1.0,3.0,85097,M,4693695.0,-107687.0,85
201800001030,18,6,9,820,1,1,1,1.0,3.0,85198,M,4699628.0,-100478.0,85
201800001031,18,6,13,1930,1,1,1,1.0,7.0,85247,M,4696074.0,-105972.0,85
201800001032,18,7,1,50,3,1,1,1.0,6.0,85302,M,4697329.0,-102201.0,85
201800001033,18,8,10,1700,1,1,1,1.0,6.0,85198,M,4699225.0,-105295.0,85
201800001034,18,9,22,300,3,1,1,1.0,7.0,85039,M,4701130.0,-112512.0,85
201800001035,18,10,13,1820,1,1,1,7.0,2.0,85097,M,4693427.0,-105624.0,85
201800001036,18,11,21,1030,1,2,6,7.0,3.0,85151,M,4699294.0,-95082.0,85
201800001037,18,11,27,545,3,1,1,1.0,1.0,85302,M,4696086.0,-100295.0,85
201800001038,18,2,6,415,4,1,3,4.0,6.0,85208,M,4683601.0,-142192.0,85
201800001039,18,2,21,955,1,1,1,1.0,7.0,85279,M,4680439.0,-138503.0,85
201800001040,18,2,25,1145,1,1,1,1.0,1.0,85155,M,4672748.0,-144158.0,85
201800001041,18,4,14,1430,1,1,1,1.0,1.0,85178,M,4675808.0,-147656.0,85
201800001042,18,5,3,745,2,1,1,1.0,1.0,85003,M,4672764.0,-157344.0,85
201800001043,18,5,11,1325,1,1,1,1.0,6.0,85208,M,4684526.0,-141587.0,85
201800001044,18,6,21,945,1,1,1,1.0,2.0,85155,M,4671044.0,-142971.0,85
201800001045,18,6,20,1815,1,1,1,1.0,2.0,85015,M,4681715.0,-156065.0,85
201800001046,18,6,29,1445,1,2,1,1.0,1.0,85019,M,4677837.0,-142193.0,85
201800001047,18,7,29,1200,1,1,1,1.0,1.0,85178,M,4675623.0,-154662.0,85
201800001048,18,8,28,1930,1,2,1,1.0,2.0,85178,M,4676800.0,-150990.0,85
201800001049,18,9,12,800,1,1,1,1.0,2.0,85300,M,4671127.0,-152636.0,85
201800001050,18,9,28,1815,1,1,1,1.0,1.0,85178,M,4678858.0,-150317.0,85
201800001051,18,10,28,430,3,1,1,1.0,6.0,85178,M,4678454.0,-156766.0,85
201800001052,18,11,8,2038,3,1,1,1.0,3.0,85098,M,4671072.0,-147821.0,85
201800001053,18,12,10,1820,3,1,1,1.0,5.0,85178,M,4674522.0,-148486.0,85
201800001054,18,12,20,1730,2,2,8,2.0,6.0,85178,M,4677157.0,-150741.0,85
201800001055,18,2,3,45,3,2,1,2.0,7.0,85167,M,4647915.0,-78070.0,85
201800001056,18,2,22,1555,1,2,3,1.0,3.0,85092,M,4646657.0,-80744.0,85
201800001057,18,3,23,1650,1,1,1,8.0,5.0,85091,M,4642883.0,-83503.0,85
201800001058,18,4,16,1930,1,1,3,1.0,3.0,85126,M,4646946.0,-87665.0,85
201800001059,18,4,22,1530,1,1,1,1.0,7.0,85227,M,4646128.0,-65559.0,85
201800001060,18,4,27,2250,4,2,1,1.0,1.0,85020,M,4637253.0,-58220.0,85
201800001061,18,4,19,1645,1,1,1,1.0,1.0,85126,M,4647251.0,-86099.0,85
201800001062,18,6,15,2250,3,1,1,1.0,7.0,85020,M,4636925.0,-57247.0,85
201800001063,18,9,8,320,3,1,1,1.0,1.0,85092,M,4644397.0,-77926.0,85
201800001064,18,9,14,1652,1,1,1,1.0,2.0,85044,M,4641028.0,-85739.0,85
201800001065,18,10,27,1820,2,2,3,1.0,6.0,85080,M,4642549.0,-82765.0,85
201800001066,18,11,7,950,1,1,6,2.0,6.0,85092,M,4644856.0,-78765.0,85
201800001067,18,11,17,100,5,2,2,1.0,3.0,85092,M,4646415.0,-80005.0,85
201800001068,18,11,27,1915,3,1,3,2.0,3.0,85299,M,4639722.0,-87304.0,85
201800001069,18,8,30,1746,1,2,1,1.0,7.0,85113,M,4672651.0,-235867.0,85
201800001070,18,1,12,745,3,1,1,1.0,5.0,85152,M,4660524.0,-164813.0,85
201800001071,18,5,20,1830,1,1,2,1.0,2.0,85112,M,4656060.0,-176548.0,85
201800001072,18,6,13,1610,1,1,1,1.0,3.0,85211,M,4663396.0,-158511.0,85
201800001073,18,7,2,1210,1,1,1,1.0,6.0,85052,M,4660063.0,-167344.0,85
201800001074,18,8,4,1255,1,1,1,7.0,1.0,85112,M,4658696.0,-176186.0,85
201800001075,18,8,13,400,3,1,1,1.0,6.0,85298,M,4659563.0,-180696.0,85
201800001076,18,9,29,1205,1,1,1,1.0,2.0,85298,M,4659190.0,-175870.0,85
201800001077,18,10,10,845,1,1,1,7.0,2.0,85218,M,4663480.0,-159977.0,85
201800001078,18,10,30,220,3,1,1,1.0,6.0,85250,M,4655007.0,-168941.0,85
201800001079,18,1,19,1940,5,2,9,1.0,6.0,85083,M,4699093.0,-224770.0,85
201800001080,18,7,27,2050,2,1,1,1.0,6.0,85083,M,4698819.0,-227068.0,85
201800001081,18,8,28,200,5,2,1,1.0,6.0,85163,M,4699927.0,-224450.0,85
201800001082,18,9,27,1750,1,2,7,1.0,3.0,85106,M,4696322.0,-225599.0,85
201800001083,18,1,31,1815,2,1,1,2.0,5.0,85268,M,4669375.0,-182279.0,85
201800001084,18,4,20,1224,1,1,4,1.0,2.0,85088,M,4670755.0,-188560.0,85
201800001085,18,5,19,1250,1,1,1,1.0,6.0,85070,M,4670606.0,-172078.0,85
201800001086,18,7,3,1745,1,1,1,1.0,1.0,85071,M,4676130.0,-187286.0,85
201800001087,18,8,17,1320,1,2,1,1.0,6.0,85035,M,4663891.0,-189379.0,85
201800001088,18,9,21,1957,3,1,1,1.0,1.0,85226,M,4672331.0,-194104.0,85
201800001089,18,10,20,815,1,2,1,1.0,3.0,85222,M,4670178.0,-193927.0,85
201800001090,18,12,3,1710,1,2,1,8.0,6.0,85222,M,4669546.0,-192563.0,85
201800001091,18,12,11,1030,1,2,3,8.0,3.0,85226,M,4670741.0,-194397.0,85
201800001092,18,12,19,845,2,2,6,1.0,3.0,85226,M,4671049.0,-196487.0,85
201800001093,18,8,23,1215,1,1,2,1.0,5.0,33436,M,4452144.0,-62687.0,33
201800001094,18,9,6,1220,1,1,1,1.0,6.0,33436,M,4456633.0,-71370.0,33
201800001095,18,12,6,1745,3,2,1,8.0,6.0,33498,M,4456207.0,-86957.0,33
201800001096,18,1,9,1210,1,2,2,1.0,3.0,33051,M,4464729.0,-97251.0,33
201800001097,18,1,24,1345,1,2,1,1.0,1.0,33051,M,4464092.0,-95237.0,33
201800001098,18,2,2,1325,1,1,4,1.0,3.0,33284,M,4462837.0,-90056.0,33
201800001099,18,2,10,740,2,2,3,9.0,6.0,33555,M,4468778.0,-86402.0,33
201800001100,18,3,6,600,5,2,6,1.0,6.0,33051,M,4464605.0,-96678.0,33
201800001101,18,5,19,315,5,2,3,1.0,6.0,33051,M,4463606.0,-97835.0,33
201800001102,18,7,10,2130,2,2,1,1.0,6.0,33284,M,4459681.0,-91092.0,33
201800001103,18,8,2,905,1,2,2,1.0,6.0,33555,M,4469231.0,-85470.0,33
201800001104,18,8,3,1100,1,2,3,1.0,6.0,33051,M,4463856.0,-96644.0,33
201800001105,18,9,20,1950,2,2,2,1.0,3.0,33284,M,4460277.0,-92653.0,33
201800001106,18,10,2,1910,1,2,1,1.0,3.0,33284,M,4461443.0,-94253.0,33
201800001107,18,12,13,1230,1,1,1,2.0,3.0,33284,M,4459281.0,-93664.0,33
201800001108,18,2,2,1300,1,2,1,1.0,6.0,33056,M,4490962.0,-62907.0,33
201800001109,18,2,26,1110,1,2,4,1.0,3.0,33519,M,4491335.0,-68020.0,33
201800001110,18,4,5,1735,1,2,3,1.0,3.0,33519,M,4490225.0,-70236.0,33
201800001111,18,5,23,1715,1,2,3,1.0,3.0,33056,M,4491391.0,-63355.0,33
201800001112,18,5,27,1600,1,1,1,1.0,5.0,33519,M,4489632.0,-67562.0,33
201800001113,18,6,3,1615,1,1,1,1.0,1.0,33519,M,4492680.0,-67781.0,33
201800001114,18,6,23,910,1,1,1,1.0,1.0,33056,M,4490610.0,-64956.0,33
201800001115,18,7,15,130,3,2,1,1.0,6.0,33312,M,4496205.0,-60885.0,33
201800001116,18,9,19,1830,1,1,1,1.0,3.0,33519,M,4491684.0,-67024.0,33
201800001117,18,10,14,1000,1,2,2,7.0,6.0,33056,M,4491262.0,-63140.0,33
201800001118,18,10,23,1305,1,2,1,1.0,2.0,33056,M,4492208.0,-60755.0,33
201800001119,18,10,27,1715,1,1,1,1.0,6.0,33056,M,4493251.0,-56161.0,33
201800001120,18,10,27,1110,1,2,3,1.0,1.0,33056,M,4493060.0,-62244.0,33
201800001121,18,11,21,1230,1,2,1,1.0,6.0,33312,M,4494915.0,-60296.0,33
201800001122,18,1,29,815,1,1,3,2.0,3.0,33273,M,4483340.0,-82355.0,33
201800001123,18,5,13,1930,1,1,1,1.0,5.0,33273,M,4483215.0,-83385.0,33
201800001124,18,8,3,1530,1,1,1,7.0,5.0,33422,M,4481414.0,-73884.0,33
201800001125,18,2,11,200,5,2,2,2.0,2.0,33449,M,4489494.0,-71364.0,33
201800001126,18,3,9,1830,1,2,1,1.0,3.0,33449,M,4486590.0,-71156.0,33
201800001127,18,3,26,1240,1,2,3,1.0,2.0,33449,M,4486277.0,-73303.0,33
201800001128,18,3,30,1630,1,2,2,1.0,2.0,33449,M,4489492.0,-71722.0,33
201800001129,18,4,6,1930,2,1,1,1.0,7.0,33449,M,4490726.0,-81135.0,33
201800001130,18,7,1,1330,1,2,1,1.0,3.0,33449,M,4489549.0,-71874.0,33
201800001131,18,9,13,715,2,2,6,1.0,6.0,33449,M,4490500.0,-74509.0,33
201800001132,18,10,3,515,2,1,6,1.0,3.0,33449,M,4490665.0,-74537.0,33
201800001133,18,6,13,645,2,1,1,1.0,5.0,33449,M,4491080.0,-76071.0,33
201800001134,18,10,23,1800,1,2,6,1.0,3.0,33449,M,4488829.0,-70390.0,33
201800001135,18,11,7,550,4,2,1,2.0,6.0,33449,M,4488667.0,-74141.0,33
201800001136,18,1,1,930,1,1,1,2.0,6.0,33280,M,4516925.0,-60255.0,33
201800001137,18,3,24,600,2,1,1,2.0,1.0,33100,M,4511576.0,-61834.0,33
201800001138,18,5,23,845,1,1,2,1.0,3.0,33101,M,4519425.0,-59637.0,33
201800001139,18,8,30,1720,1,1,3,1.0,2.0,33006,M,4519741.0,-65174.0,33
201800001140,18,9,6,1730,1,1,2,1.0,3.0,33047,M,4512249.0,-57618.0,33
201800001141,18,11,4,1600,1,1,1,1.0,3.0,33458,M,4516205.0,-59589.0,33
201800001142,18,1,23,623,5,1,3,5.0,3.0,33067,M,4503980.0,-53591.0,33
201800001143,18,2,3,1730,1,1,1,8.0,1.0,33341,M,4508230.0,-50643.0,33
201800001144,18,3,5,100,3,1,1,1.0,6.0,33067,M,4505150.0,-56841.0,33
201800001145,18,3,14,1505,1,2,6,8.0,3.0,33341,M,4507599.0,-49796.0,33
201800001146,18,3,16,1700,1,1,1,2.0,1.0,33525,M,4506027.0,-48078.0,33
201800001147,18,4,21,1325,1,2,3,1.0,2.0,33067,M,4504050.0,-55508.0,33
201800001148,18,5,2,1940,1,1,3,2.0,1.0,33341,M,4506849.0,-48839.0,33
201800001149,18,5,2,2126,3,1,1,2.0,6.0,33370,M,4518974.0,-64536.0,33
201800001150,18,7,27,1740,1,1,3,1.0,3.0,33341,M,4508249.0,-50678.0,33
201800001151,18,9,21,2017,2,1,3,1.0,1.0,33100,M,4512683.0,-61464.0,33
201800001152,18,5,20,2030,1,1,1,1.0,6.0,33389,M,4528271.0,-62583.0,33
201800001153,18,5,17,820,1,2,1,1.0,3.0,33003,M,4493814.0,-51830.0,33
201800001154,18,6,30,1155,1,1,2,1.0,3.0,33003,M,4495983.0,-48384.0,33
201800001155,18,6,30,1845,1,2,2,1.0,1.0,33003,M,4494105.0,-48278.0,33
201800001156,18,7,1,2210,3,1,1,2.0,1.0,33003,M,4493952.0,-52190.0,33
201800001157,18,8,15,545,5,2,1,1.0,6.0,33003,M,4493431.0,-50959.0,33
201800001158,18,11,17,1815,3,1,1,2.0,6.0,33487,M,4498403.0,-48225.0,33
201800001159,18,12,27,1500,1,2,3,1.0,3.0,33003,M,4492430.0,-48598.0,33
201800001160,18,1,14,410,3,1,1,1.0,2.0,33049,M,4488100.0,-35859.0,33
201800001161,18,1,23,1920,5,2,1,9.0,6.0,33554,M,4487203.0,-46949.0,33
201800001162,18,4,27,1900,1,2,6,1.0,3.0,33397,M,4490781.0,-48713.0,33
201800001163,18,5,28,1220,1,1,1,1.0,6.0,33554,M,4486860.0,-45837.0,33
201800001164,18,9,21,1820,1,1,2,1.0,5.0,33483,M,4491330.0,-40408.0,33
201800001165,18,10,30,720,1,2,3,1.0,3.0,33013,M,4486554.0,-47201.0,33
201800001166,18,11,7,1745,2,2,1,2.0,1.0,33483,M,4490939.0,-38284.0,33
201800001167,18,12,18,1655,1,1,3,1.0,3.0,33483,M,4489008.0,-39694.0,33
201800001168,18,12,21,1915,3,2,9,2.0,6.0,33397,M,4490824.0,-48586.0,33
201800001169,18,12,28,1450,1,2,1,1.0,1.0,33049,M,4487932.0,-37304.0,33
201800001170,18,1,13,1900,3,1,1,1.0,3.0,33023,M,4469614.0,-48498.0,33
201800001171,18,2,19,940,1,1,1,1.0,6.0,33454,M,4465507.0,-51507.0,33
201800001172,18,6,22,605,2,2,3,1.0,3.0,33213,M,4468927.0,-50699.0,33
201800001173,18,8,2,1,3,1,1,1.0,6.0,33238,M,4474411.0,-62285.0,33
201800001174,18,5,4,755,1,2,1,1.0,2.0,33496,M,4483233.0,-40608.0,33
201800001175,18,7,9,405,3,1,1,1.0,6.0,33496,M,4485451.0,-39621.0,33
201800001176,18,9,15,1805,1,1,6,1.0,3.0,33118,M,4476928.0,-45675.0,33
201800001177,18,11,2,1345,1,1,1,1.0,3.0,33165,M,4482543.0,-42685.0,33
201800001178,18,1,4,2000,3,1,3,3.0,3.0,33274,M,4471422.0,-57947.0,33
201800001179,18,1,12,800,2,2,1,2.0,5.0,33274,M,4471292.0,-55377.0,33
201800001180,18,1,25,1350,1,1,1,3.0,5.0,33274,M,4471677.0,-56406.0,33
201800001181,18,3,22,1645,1,1,3,1.0,1.0,33080,M,4472828.0,-51204.0,33
201800001182,18,4,1,2145,3,1,1,1.0,2.0,33501,M,4468786.0,-60437.0,33
201800001183,18,4,17,1530,1,2,2,1.0,3.0,33077,M,4460702.0,-55381.0,33
201800001184,18,4,15,2310,3,1,3,1.0,6.0,33501,M,4462343.0,-59871.0,33
201800001185,18,6,14,1420,1,2,1,1.0,3.0,33238,M,4472735.0,-59745.0,33
201800001186,18,6,16,1350,1,2,3,1.0,3.0,33080,M,4474711.0,-53510.0,33
201800001187,18,9,2,230,4,2,2,1.0,6.0,33501,M,4465280.0,-59749.0,33
201800001188,18,8,31,1320,1,2,1,1.0,1.0,33080,M,4475266.0,-53803.0,33
201800001189,18,9,15,1950,1,1,1,1.0,1.0,33080,M,4473913.0,-53013.0,33
201800001190,18,9,30,1315,1,1,1,1.0,6.0,33080,M,4475721.0,-55304.0,33
201800001191,18,11,2,815,1,1,1,5.0,5.0,33238,M,4471983.0,-56970.0,33
201800001192,18,11,23,1910,5,2,1,1.0,2.0,33077,M,4460960.0,-55627.0,33
201800001193,18,2,25,500,3,1,1,1.0,2.0,33183,M,4504621.0,-39489.0,33
201800001194,18,3,2,1630,1,1,2,1.0,3.0,33143,M,4496709.0,-45496.0,33
201800001195,18,3,3,955,1,1,3,1.0,1.0,33018,M,4501585.0,-40821.0,33
201800001196,18,3,24,545,3,1,3,2.0,2.0,33366,M,4501208.0,-44158.0,33
201800001197,18,6,2,200,3,1,3,1.0,3.0,33425,M,4504810.0,-47051.0,33
201800001198,18,6,8,1920,1,1,2,1.0,3.0,33366,M,4498243.0,-40764.0,33
201800001199,18,6,24,130,3,1,1,1.0,6.0,33183,M,4503313.0,-38776.0,33
201800001200,18,6,30,1525,1,1,2,1.0,6.0,33321,M,4505658.0,-41686.0,33
201800001201,18,9,13,1700,1,1,3,1.0,3.0,33321,M,4504359.0,-41271.0,33
201800001202,18,9,27,1650,1,1,3,1.0,3.0,33425,M,4504838.0,-47075.0,33
201800001203,18,10,27,840,1,2,3,1.0,1.0,33415,M,4501133.0,-46702.0,33
201800001204,18,12,1,1545,1,1,4,2.0,3.0,33366,M,4501193.0,-44820.0,33
201800001205,18,1,26,805,1,2,3,1.0,6.0,33227,M,4454876.0,-25698.0,33
201800001206,18,2,16,1230,1,2,1,1.0,2.0,33533,M,4455775.0,-25807.0,33
201800001207,18,3,2,5,3,1,9,2.0,6.0,33111,M,4458426.0,-13128.0,33
201800001208,18,3,8,1635,1,1,1,1.0,6.0,33457,M,4455946.0,-18484.0,33
201800001209,18,5,7,2355,5,2,1,1.0,6.0,33463,M,4457186.0,-18960.0,33
201800001210,18,6,29,1630,1,2,1,1.0,3.0,33111,M,4458023.0,-13943.0,33
201800001211,18,6,30,115,3,1,1,1.0,1.0,33444,M,4457484.0,-16872.0,33
201800001212,18,7,2,1145,1,2,6,1.0,6.0,33227,M,4454510.0,-26045.0,33