Num_Acc,an,mois,jour,hrmn,lum,agg,int,atm,col,com,gps,lat,long,dep
201800001213,18,9,4,1850,1,1,1,1.0,3.0,33227,M,4453756.0,-22804.0,33
201800001214,18,9,18,945,1,1,1,1.0,6.0,33457,M,4454539.0,-19895.0,33
201800001215,18,12,7,1150,1,2,1,1.0,6.0,33227,M,4455225.0,-24924.0,33
201800001216,18,1,18,910,1,2,8,3.0,3.0,33240,M,4529341.0,-92781.0,33
201800001217,18,3,4,600,3,1,1,3.0,6.0,33240,M,4531176.0,-91917.0,33
201800001218,18,3,15,2100,3,1,2,2.0,1.0,33240,M,4529442.0,-92804.0,33
201800001219,18,4,25,1740,1,1,2,1.0,3.0,33177,M,4528842.0,-95643.0,33
201800001220,18,6,9,1640,1,1,1,1.0,1.0,33177,M,4533957.0,-97935.0,33
201800001221,18,6,22,440,3,1,1,1.0,7.0,33177,M,4533480.0,-97565.0,33
201800001222,18,8,3,2010,1,2,1,1.0,1.0,33240,M,4530589.0,-93391.0,33
201800001223,18,1,9,830,1,2,2,1.0,6.0,33417,M,4496485.0,-88451.0,33
201800001224,18,1,20,300,3,1,2,2.0,1.0,33417,M,4497254.0,-96886.0,33
201800001225,18,2,20,1850,3,1,1,1.0,6.0,33417,M,4499553.0,-90822.0,33
201800001226,18,5,18,1510,1,1,2,1.0,3.0,33494,M,4494785.0,-85229.0,33
201800001227,18,9,2,1805,1,1,1,1.0,4.0,33494,M,4493944.0,-83179.0,33
201800001228,18,9,11,1,3,1,1,1.0,1.0,33104,M,4503691.0,-79798.0,33
201800001229,18,12,5,740,2,1,1,8.0,1.0,33022,M,4500124.0,-76387.0,33
201800001230,18,1,14,1400,1,1,1,1.0,6.0,33322,M,4496478.0,-67469.0,33
201800001231,18,1,18,1135,1,1,2,2.0,3.0,33517,M,4504810.0,-69051.0,33
201800001232,18,1,27,1400,1,1,1,1.0,6.0,33012,M,4498485.0,-68063.0,33
201800001233,18,3,23,1750,1,1,1,2.0,6.0,33012,M,4497326.0,-69479.0,33
201800001234,18,4,22,1814,1,1,1,1.0,6.0,33256,M,4499236.0,-58494.0,33
201800001235,18,4,24,755,1,1,1,1.0,1.0,33010,M,4508080.0,-72733.0,33
201800001236,18,4,26,1600,1,1,1,1.0,7.0,33012,M,4498523.0,-68099.0,33
201800001237,18,5,28,1631,1,2,3,1.0,3.0,33256,M,4498573.0,-57738.0,33
201800001238,18,6,22,1820,1,1,1,1.0,4.0,33012,M,4496466.0,-71639.0,33
201800001239,18,7,4,1420,1,1,2,1.0,5.0,33256,M,4498480.0,-62149.0,33
201800001240,18,7,21,1705,1,2,2,1.0,3.0,33322,M,4494844.0,-63601.0,33
201800001241,18,8,17,1445,1,1,1,1.0,3.0,33322,M,4496374.0,-68330.0,33
201800001242,18,8,27,700,2,1,1,1.0,2.0,33012,M,4498344.0,-74096.0,33
201800001243,18,9,1,1745,1,2,2,1.0,3.0,33262,M,4500748.0,-61449.0,33
201800001244,18,9,13,2200,3,2,3,1.0,3.0,33322,M,4495741.0,-62853.0,33
201800001245,18,10,3,1530,1,1,1,1.0,6.0,33091,M,4502597.0,-64577.0,33
201800001246,18,10,14,1420,1,2,1,1.0,7.0,33256,M,4498632.0,-60511.0,33
201800001247,18,10,20,1450,1,1,3,1.0,7.0,33012,M,4499900.0,-70402.0,33
201800001248,18,11,5,855,1,2,8,7.0,3.0,33256,M,4498342.0,-61248.0,33
201800001249,18,12,5,2040,3,2,1,3.0,2.0,33322,M,4495347.0,-70220.0,33
201800001250,18,12,13,700,3,1,2,1.0,3.0,33256,M,4498486.0,-62159.0,33
201800001251,18,12,26,1815,3,1,1,1.0,1.0,33256,M,4499041.0,-62019.0,33
201800001252,18,2,9,340,5,2,1,1.0,6.0,33243,M,4490899.0,-24864.0,33
201800001253,18,3,15,1345,1,1,1,1.0,1.0,33328,M,4493275.0,-22068.0,33
201800001254,18,3,29,1710,1,2,1,1.0,1.0,33243,M,4491663.0,-24003.0,33
201800001255,18,4,12,1915,1,2,3,1.0,3.0,33243,M,4491632.0,-24277.0,33
201800001256,18,4,14,400,3,1,1,2.0,6.0,33539,M,4488150.0,-30866.0,33
201800001257,18,5,23,1800,1,1,1,1.0,5.0,33222,M,4495350.0,-18925.0,33
201800001258,18,6,21,650,2,1,1,1.0,5.0,33015,M,4489313.0,-27596.0,33
201800001259,18,9,11,1550,1,2,2,1.0,5.0,33207,M,4491722.0,-34943.0,33
201800001260,18,10,10,2115,5,1,6,1.0,6.0,33243,M,4493226.0,-22143.0,33
201800001261,18,11,2,2220,5,1,6,1.0,6.0,33243,M,4493225.0,-22140.0,33
201800001262,18,11,3,2315,5,2,6,1.0,6.0,33243,M,4494549.0,-23120.0,33
201800001263,18,11,9,450,5,2,6,2.0,6.0,33243,M,4490336.0,-22213.0,33
201800001264,18,11,30,1830,5,2,6,9.0,3.0,33243,M,4491296.0,-24782.0,33
201800001265,18,1,10,2015,5,2,1,8.0,2.0,33393,M,4499836.0,-20050.0,33
201800001266,18,3,29,2050,3,1,2,1.0,4.0,33218,M,4507438.0,-16723.0,33
201800001267,18,5,21,405,3,1,1,1.0,6.0,33230,M,4508954.0,-28164.0,33
201800001268,18,6,18,1600,1,1,3,1.0,3.0,33393,M,4498711.0,-20283.0,33
201800001269,18,6,26,1455,1,1,1,1.0,1.0,33393,M,4498795.0,-13752.0,33
201800001270,18,8,11,645,2,1,1,1.0,6.0,33230,M,4511061.0,-28424.0,33
201800001271,18,11,4,745,2,1,1,5.0,6.0,33062,M,4499316.0,-21225.0,33
201800001272,18,11,6,1218,1,2,2,2.0,3.0,33393,M,4499363.0,-19664.0,33
201800001273,18,1,10,1030,1,2,3,2.0,3.0,33402,M,4483846.0,21662.0,33
201800001274,18,5,23,2315,5,2,3,1.0,6.0,33269,M,4476446.0,25199.0,33
201800001275,18,9,28,30,3,1,1,1.0,6.0,33369,M,4481347.0,21792.0,33
201800001276,18,3,8,2035,3,1,1,1.0,2.0,33219,M,4497531.0,-39171.0,33
201800001277,18,3,23,1850,1,2,4,1.0,6.0,33259,M,4495790.0,-34013.0,33
201800001278,18,6,8,1440,1,1,2,1.0,3.0,33179,M,4499741.0,-25987.0,33
201800001279,18,6,8,1730,1,1,3,1.0,3.0,33174,M,4493908.0,-26999.0,33
201800001280,18,6,15,2340,3,1,1,1.0,6.0,33174,M,4491869.0,-25001.0,33
201800001281,18,7,23,1520,1,1,1,1.0,5.0,33174,M,4492039.0,-26462.0,33
201800001282,18,11,8,1830,5,2,1,1.0,6.0,33259,M,4495518.0,-34689.0,33
201800001283,18,11,21,930,1,1,1,1.0,6.0,33364,M,4495661.0,-29194.0,33
201800001284,18,12,10,1645,1,1,1,1.0,7.0,33259,M,4495952.0,-33482.0,33
201800001285,18,2,13,1615,1,1,1,9.0,6.0,24497,M,4467947.0,70038.0,24
201800001286,18,2,22,915,1,1,2,1.0,3.0,24244,M,4470636.0,82967.0,24
201800001287,18,3,25,1335,1,1,1,2.0,1.0,24028,M,4477657.0,76425.0,24
201800001288,18,10,13,2025,5,2,1,1.0,1.0,24068,M,4484228.0,90686.0,24
201800001289,18,10,14,450,5,1,1,1.0,7.0,24028,M,4476100.0,77109.0,24
201800001290,18,8,19,1010,1,1,1,1.0,7.0,24318,M,4488691.0,86581.0,24
201800001291,18,10,12,1630,1,1,2,1.0,3.0,24362,M,4498942.0,81502.0,24
201800001292,18,11,20,2000,5,2,1,1.0,6.0,24382,M,4484177.0,65448.0,24
201800001293,18,12,1,1305,1,1,1,2.0,6.0,24242,M,4489093.0,61762.0,24
201800001294,18,2,12,700,3,1,1,2.0,1.0,40283,M,4372002.0,-104763.0,40
201800001295,18,7,7,2000,1,1,1,1.0,6.0,40314,M,4367232.0,-110318.0,40
201800001296,18,12,2,1900,3,1,1,1.0,1.0,40003,M,4371134.0,-115272.0,40
201800001297,18,1,2,1745,4,2,1,3.0,6.0,40184,M,4421020.0,-123411.0,40
201800001298,18,2,13,1845,3,2,1,1.0,6.0,40019,M,4421295.0,-120217.0,40
201800001299,18,4,8,200,5,2,4,2.0,6.0,40184,M,4420552.0,-122214.0,40
201800001300,18,11,11,315,3,1,1,2.0,6.0,40184,M,4422307.0,-122857.0,40
201800001301,18,5,8,1720,1,2,1,1.0,6.0,47157,M,4450600.0,14790.0,47
201800001302,18,6,3,1745,1,2,1,1.0,2.0,47157,M,4450720.0,14519.0,47
201800001303,18,7,20,1035,1,1,2,1.0,3.0,47157,M,4453490.0,20474.0,47
201800001304,18,7,20,1805,1,1,3,1.0,3.0,47326,M,4450210.0,24049.0,47
201800001305,18,8,7,800,1,1,3,1.0,1.0,47263,M,4447750.0,21063.0,47
201800001306,18,8,17,1915,1,1,3,1.0,3.0,47150,M,4446340.0,21423.0,47
201800001307,18,9,1,1410,1,1,1,1.0,2.0,47024,M,4452230.0,13904.0,47
201800001308,18,9,15,1625,1,1,3,1.0,3.0,47233,M,4453070.0,12934.0,47
201800001309,18,10,12,2000,3,1,1,1.0,2.0,47326,M,4450242.0,26302.0,47
201800001310,18,11,23,1615,1,1,2,1.0,5.0,47028,M,4448142.0,25795.0,47
201800001311,18,12,7,2250,3,1,1,1.0,1.0,47024,M,4453300.0,15487.0,47
201800001312,18,12,9,1510,1,1,1,1.0,2.0,47150,M,4446208.0,22005.0,47
201800001313,18,8,30,1745,1,1,1,1.0,6.0,47292,M,4458563.0,101197.0,47
201800001314,18,5,3,2025,3,1,1,2.0,6.0,64230,M,4317770.0,-42934.0,64
201800001315,18,8,31,1100,1,1,1,1.0,6.0,64230,M,4320100.0,-41978.0,64
201800001316,18,10,12,940,1,2,1,1.0,6.0,64230,M,4323400.0,-38520.0,64
201800001317,18,10,13,1720,1,1,1,1.0,1.0,64324,M,4320710.0,-56974.0,64
201800001318,18,6,18,1800,1,2,1,1.0,1.0,64540,M,4349350.0,-135687.0,64
201800001319,18,8,3,1730,1,2,1,1.0,2.0,64304,M,4349510.0,-140508.0,64
201800001320,18,9,17,1845,1,1,2,1.0,3.0,64407,M,4348410.0,-141332.0,64
201800001321,18,11,29,1755,5,2,1,3.0,3.0,64540,M,4348730.0,-135351.0,64
201800001322,18,12,8,1834,5,2,6,1.0,6.0,64407,M,4348180.0,-144372.0,64
201800001323,18,1,8,1325,1,2,6,1.0,6.0,64422,M,4319650.0,-61963.0,64
201800001324,18,3,28,1100,1,2,1,1.0,6.0,64422,M,4319130.0,-60776.0,64
201800001325,18,3,29,1700,1,2,9,2.0,6.0,64422,M,4318420.0,-62195.0,64
201800001326,18,4,9,1015,1,2,2,1.0,3.0,64220,M,4320880.0,-61173.0,64
201800001327,18,4,21,1130,1,1,1,1.0,2.0,64421,M,4315310.0,-50805.0,64
201800001328,18,4,30,1130,1,2,1,1.0,3.0,64422,M,4319910.0,-61247.0,64
201800001329,18,8,12,1130,1,1,1,1.0,7.0,64165,M,4325300.0,-60518.0,64
201800001330,18,8,17,1630,1,2,1,9.0,6.0,64409,M,4321190.0,-66352.0,64
201800001331,18,9,4,930,1,1,1,1.0,1.0,64064,M,4310690.0,-64230.0,64
201800001332,18,9,11,1900,1,2,1,1.0,6.0,64409,M,4321160.0,-65499.0,64
201800001333,18,9,14,1400,1,2,1,1.0,6.0,64422,M,4318490.0,-62232.0,64
201800001334,18,9,21,915,1,2,1,1.0,6.0,64422,M,4318850.0,-60493.0,64
201800001335,18,10,19,1635,1,2,6,1.0,2.0,64422,M,4319160.0,-61884.0,64
201800001336,18,11,18,10,3,2,1,1.0,1.0,64252,M,4316930.0,-60266.0,64
201800001337,18,3,23,1240,1,2,1,1.0,2.0,64430,M,4347010.0,-77841.0,64
201800001338,18,5,16,1850,1,2,4,1.0,6.0,64430,M,4348620.0,-77084.0,64
201800001339,18,8,3,1400,1,1,1,1.0,5.0,64430,M,4348660.0,-80838.0,64
201800001340,18,9,22,1530,1,1,1,1.0,7.0,64430,M,4348610.0,-81284.0,64
201800001341,18,10,4,900,1,2,3,5.0,3.0,64430,M,4347960.0,-74529.0,64
201800001342,18,4,26,1845,1,1,1,1.0,6.0,86115,M,4669938.0,37793.0,86
201800001343,18,7,11,755,1,1,1,7.0,5.0,86222,M,4666527.0,39486.0,86
201800001344,18,11,10,1620,1,2,1,1.0,6.0,86163,M,4662235.0,42422.0,86
201800001345,18,12,8,1040,1,2,3,1.0,3.0,86222,M,4667906.0,40898.0,86
201800001346,18,12,16,1130,1,1,1,8.0,1.0,86062,M,4665735.0,36720.0,86
201800001347,18,4,2,200,3,1,1,1.0,6.0,86137,M,4699414.0,3783.0,86
201800001348,18,6,7,950,1,1,2,1.0,3.0,86287,M,4707258.0,11687.0,86
201800001349,18,6,30,1545,1,1,1,1.0,2.0,86049,M,4697386.0,9922.0,86
201800001350,18,9,2,1800,1,2,1,1.0,6.0,86137,M,4698551.0,14492.0,86
201800001351,18,10,14,1300,1,1,1,1.0,6.0,86274,M,4705881.0,1482.0,86
201800001352,18,11,5,1150,1,2,2,1.0,3.0,86137,M,4701371.0,9107.0,86
201800001353,18,3,13,740,1,1,1,1.0,1.0,86104,M,4611375.0,32587.0,86
201800001354,18,7,1,1605,1,1,1,1.0,6.0,86134,M,4617413.0,16720.0,86
201800001355,18,7,8,1450,1,2,6,1.0,7.0,86237,M,4614958.0,27741.0,86
201800001356,18,7,22,410,3,1,1,1.0,6.0,86061,M,4613440.0,45292.0,86
201800001357,18,8,8,2255,3,1,1,1.0,7.0,86012,M,4610415.0,40235.0,86
201800001358,18,9,3,1330,1,2,1,1.0,1.0,86266,M,4607729.0,37316.0,86
201800001359,18,10,18,1130,1,2,1,1.0,6.0,86119,M,4622754.0,47094.0,86
201800001360,18,1,22,810,2,2,1,2.0,6.0,16199,M,4566540.0,23698.0,16
201800001361,18,1,24,1320,1,1,1,1.0,1.0,16078,M,4569433.0,19165.0,16
201800001362,18,4,20,1315,1,1,1,1.0,7.0,16146,M,4562060.0,26010.0,16
201800001363,18,6,2,1855,1,2,1,1.0,2.0,16187,M,4564839.0,7148.0,16
201800001364,18,7,12,1745,1,1,1,1.0,4.0,16078,M,4569753.0,17930.0,16
201800001365,18,11,6,1430,1,1,1,2.0,5.0,16232,M,4571105.0,29101.0,16
201800001366,18,12,9,1500,1,2,3,8.0,3.0,16078,M,4570307.0,18198.0,16
201800001367,18,1,4,1840,3,1,1,6.0,7.0,16359,M,4563808.0,-32963.0,16
201800001368,18,2,3,1453,1,2,6,2.0,3.0,16097,M,4572938.0,-35098.0,16
201800001369,18,3,3,1525,1,1,2,1.0,7.0,16355,M,4576193.0,-42210.0,16
201800001370,18,6,23,1930,1,2,1,1.0,6.0,16217,M,4567309.0,-37529.0,16
201800001371,18,8,19,130,3,1,1,1.0,7.0,16193,M,4572605.0,-40571.0,16
201800001372,18,9,1,1750,1,2,6,1.0,6.0,16097,M,4574314.0,-35117.0,16
201800001373,18,9,20,420,3,2,4,1.0,6.0,16151,M,4563003.0,-31702.0,16
201800001374,18,9,27,1634,1,1,3,1.0,2.0,16097,M,4574284.0,-31020.0,16
201800001375,18,10,30,1510,1,1,3,1.0,3.0,16058,M,4571311.0,-31748.0,16
201800001376,18,5,3,1001,1,1,4,1.0,3.0,16163,M,4567553.0,705.0,16
201800001377,18,6,22,1215,1,1,1,1.0,6.0,16348,M,4564485.0,3011.0,16
201800001378,18,6,27,1645,1,1,1,7.0,3.0,16234,M,4567532.0,-2808.0,16
201800001379,18,8,2,2015,2,1,1,1.0,2.0,16320,M,4576370.0,3537.0,16
201800001380,18,9,12,1215,1,2,1,1.0,6.0,16187,M,4565104.0,8351.0,16
201800001381,18,10,17,1953,5,2,3,1.0,3.0,16138,M,4565009.0,9420.0,16
201800001382,18,1,13,50,3,2,2,1.0,6.0,17121,M,4620076.0,-144887.0,17
201800001383,18,4,12,1900,1,1,1,1.0,2.0,17360,M,4615713.0,-131958.0,17
201800001384,18,4,24,156,3,1,2,1.0,3.0,17121,M,4620174.0,-144801.0,17
201800001385,18,4,24,2145,5,2,1,1.0,2.0,17297,M,4617112.0,-128397.0,17
201800001386,18,4,26,1250,1,1,1,1.0,7.0,17161,M,4618997.0,-134608.0,17
201800001387,18,5,12,215,3,1,1,1.0,2.0,17051,M,4620002.0,-140548.0,17
201800001388,18,5,22,1600,1,1,1,1.0,5.0,17161,M,4617856.0,-133290.0,17
201800001389,18,5,26,830,1,2,2,1.0,3.0,17051,M,4619272.0,-140451.0,17
201800001390,18,5,15,1120,1,2,1,1.0,7.0,17051,M,4618291.0,-137677.0,17
201800001391,18,6,5,1220,1,1,2,1.0,3.0,17297,M,4615276.0,-128246.0,17
201800001392,18,7,27,1050,1,1,2,1.0,1.0,17369,M,4619373.0,-136958.0,17
201800001393,18,8,7,1845,1,1,2,1.0,5.0,17369,M,4619973.0,-138877.0,17
201800001394,18,8,14,1730,1,2,1,1.0,6.0,17286,M,4624704.0,-150227.0,17
201800001395,18,8,21,530,3,1,1,1.0,2.0,17121,M,4620328.0,-145739.0,17
201800001396,18,8,22,1130,1,1,1,1.0,6.0,17051,M,4617514.0,-136810.0,17
201800001397,18,8,25,2340,3,1,1,1.0,5.0,17369,M,4619985.0,-139053.0,17
201800001398,18,12,11,110,4,2,6,1.0,6.0,17121,M,4620375.0,-146009.0,17
201800001399,18,3,15,1945,5,2,2,1.0,3.0,17074,M,4521218.0,-37017.0,17
201800001400,18,3,29,1610,1,1,1,1.0,1.0,17378,M,4527003.0,-21529.0,17
201800001401,18,4,20,1545,1,1,1,1.0,6.0,17240,M,4526997.0,-40150.0,17
201800001402,18,5,20,1805,1,1,2,1.0,2.0,17240,M,4528809.0,-38390.0,17
201800001403,18,6,26,1140,1,1,1,9.0,1.0,17038,M,4515996.0,-32145.0,17
201800001404,18,8,9,100,3,1,1,2.0,6.0,17038,M,4517042.0,-29899.0,17
201800001405,18,9,5,1000,1,1,3,1.0,3.0,17243,M,4521379.0,-28939.0,17
201800001406,18,9,7,1850,1,1,1,1.0,6.0,17038,M,4516002.0,-32129.0,17
201800001407,18,12,1,1915,5,2,1,3.0,7.0,17240,M,4529082.0,-39969.0,17
201800001408,18,4,21,1505,1,1,1,1.0,2.0,17219,M,4581631.0,-111193.0,17
201800001409,18,4,23,1220,1,2,1,1.0,2.0,17058,M,4584592.0,-115939.0,17
201800001410,18,5,5,1610,1,1,2,1.0,3.0,17219,M,4583098.0,-111490.0,17
201800001411,18,5,9,200,3,1,1,1.0,6.0,17351,M,4579896.0,-101440.0,17
201800001412,18,5,22,835,1,2,1,1.0,2.0,17219,M,4582545.0,-110971.0,17
201800001413,18,5,30,645,1,1,2,1.0,3.0,17265,M,4575613.0,-98415.0,17
201800001414,18,10,11,2010,3,1,1,1.0,1.0,17185,M,4571610.0,-93249.0,17
201800001415,18,11,22,1940,5,2,2,1.0,3.0,17219,M,4582960.0,-109797.0,17
201800001416,18,12,3,1520,1,1,1,1.0,1.0,17219,M,4583081.0,-110739.0,17
201800001417,18,12,5,1245,1,2,2,1.0,3.0,17219,M,4583096.0,-111490.0,17
201800001418,18,1,18,735,2,2,6,2.0,6.0,17146,M,4590276.0,-95959.0,17
201800001419,18,3,18,1000,1,1,1,1.0,5.0,17308,M,4584410.0,-95031.0,17
201800001420,18,6,27,1510,1,1,2,1.0,2.0,17348,M,4583411.0,-94182.0,17
201800001421,18,7,16,1526,1,1,1,1.0,6.0,17429,M,4590682.0,-100602.0,17
201800001422,18,7,23,723,1,1,1,1.0,7.0,17308,M,4586686.0,-96948.0,17
201800001423,18,7,28,1915,1,1,1,1.0,7.0,17375,M,4594971.0,-105040.0,17
201800001424,18,8,27,1140,1,1,2,2.0,3.0,17429,M,4591209.0,-98405.0,17
201800001425,18,11,9,1930,5,2,2,2.0,1.0,17308,M,4587139.0,-96004.0,17
201800001426,18,1,11,2300,3,1,1,1.0,6.0,17100,M,4570149.0,-43661.0,17
201800001427,18,1,24,645,3,1,1,2.0,7.0,17148,M,4579366.0,-66721.0,17
201800001428,18,4,7,1700,1,2,2,1.0,3.0,17086,M,4573406.0,-55759.0,17
201800001429,18,6,2,1225,1,1,2,1.0,1.0,17143,M,4581700.0,-54637.0,17
201800001430,18,6,24,2050,1,1,3,1.0,3.0,17128,M,4570455.0,-56385.0,17
201800001431,18,7,5,2115,2,1,2,1.0,3.0,17191,M,4564068.0,-57979.0,17
201800001432,18,8,30,1755,1,1,2,1.0,2.0,17086,M,4572929.0,-52736.0,17
201800001433,18,9,3,1800,1,1,3,1.0,7.0,17102,M,4569283.0,-66552.0,17
201800001434,18,8,28,732,1,1,1,1.0,1.0,17462,M,4577529.0,-56280.0,17
201800001435,18,10,5,1455,1,1,1,1.0,1.0,17086,M,4574440.0,-55863.0,17
201800001436,18,10,5,2235,5,2,1,1.0,7.0,17336,M,4576651.0,-71296.0,17
201800001437,18,10,21,1005,1,1,1,7.0,2.0,17164,M,4577473.0,-62191.0,17
201800001438,18,11,28,1445,1,2,1,1.0,2.0,17462,M,4577966.0,-54814.0,17
201800001439,18,12,8,310,3,2,1,2.0,6.0,17275,M,4572959.0,-72135.0,17
201800001440,18,12,30,1630,1,1,3,1.0,3.0,17086,M,4572721.0,-58067.0,17
201800001441,18,1,27,1845,3,2,1,1.0,1.0,17220,M,4552533.0,-47630.0,17
201800001442,18,2,4,1815,3,1,1,8.0,1.0,17273,M,4564062.0,-43540.0,17
201800001443,18,1,30,1940,3,1,2,1.0,3.0,17283,M,4559763.0,-55790.0,17
201800001444,18,3,19,1045,1,2,1,3.0,1.0,17283,M,4558774.0,-54094.0,17
201800001445,18,7,24,940,1,1,5,1.0,3.0,17078,M,4553307.0,-46193.0,17
201800001446,18,8,8,413,3,1,1,1.0,6.0,17418,M,4565972.0,-41613.0,17
201800001447,18,10,6,1858,1,1,1,8.0,3.0,17283,M,4556855.0,-55581.0,17
201800001448,18,10,20,620,3,1,1,1.0,6.0,17145,M,4557564.0,-43065.0,17
201800001449,18,10,21,1255,1,1,2,1.0,3.0,17242,M,4564847.0,-52540.0,17
201800001450,18,11,17,1440,1,2,2,8.0,3.0,17400,M,4569631.0,-52845.0,17
201800001451,18,3,9,1620,1,1,1,1.0,3.0,17393,M,4568874.0,-84355.0,17
201800001452,18,5,20,1105,1,2,1,1.0,6.0,17421,M,4567431.0,-93308.0,17
201800001453,18,6,30,1910,1,1,1,1.0,6.0,17393,M,4567966.0,-87075.0,17
201800001454,18,6,7,1150,1,1,2,1.0,3.0,17393,M,4572192.0,-85452.0,17
201800001455,18,12,18,610,3,1,3,2.0,3.0,17228,M,4566215.0,-94642.0,17
201800001456,18,3,17,2230,3,1,1,1.0,3.0,79276,M,4638679.0,-19983.0,79
201800001457,18,3,31,1050,1,1,1,2.0,3.0,79020,M,4643833.0,-28034.0,79
201800001458,18,5,14,1345,1,1,1,2.0,1.0,79114,M,4644982.0,-16036.0,79
201800001459,18,5,24,2220,3,1,1,1.0,6.0,79048,M,4637372.0,-28297.0,79
201800001460,18,6,22,1615,1,2,2,1.0,6.0,79270,M,4641327.0,-20548.0,79
201800001461,18,8,20,1735,1,2,2,1.0,1.0,79048,M,4635351.0,-30776.0,79
201800001462,18,10,23,2100,5,2,2,1.0,3.0,79048,M,4635341.0,-30774.0,79
201800001463,18,10,26,855,1,2,1,1.0,6.0,79189,M,4642678.0,-15200.0,79
201800001464,18,12,1,130,5,2,6,1.0,6.0,79048,M,4636947.0,-28987.0,79
201800001465,18,1,23,900,1,1,1,2.0,6.0,79038,M,4677897.0,-44390.0,79
201800001466,18,2,14,2300,3,1,1,2.0,6.0,79116,M,4683520.0,-29702.0,79
201800001467,18,3,17,1643,1,1,1,4.0,5.0,79049,M,4690050.0,-47227.0,79
201800001468,18,4,16,1215,1,1,2,1.0,3.0,79088,M,4681495.0,-39688.0,79
201800001469,18,5,11,1603,1,2,1,1.0,5.0,79049,M,4684114.0,-48530.0,79
201800001470,18,5,13,1945,1,2,2,1.0,3.0,79049,M,4683461.0,-49400.0,79
201800001471,18,5,20,1830,1,2,6,1.0,5.0,79049,M,4683498.0,-48151.0,79
201800001472,18,5,30,627,2,1,3,8.0,2.0,79116,M,4683328.0,-37618.0,79
201800001473,18,6,10,1130,1,1,9,1.0,7.0,79049,M,4687007.0,-49781.0,79
201800001474,18,6,27,1510,1,1,1,1.0,1.0,79049,M,4682201.0,-49290.0,79
201800001475,18,7,23,2215,5,2,1,1.0,6.0,79049,M,4683970.0,-50731.0,79
201800001476,18,9,27,1055,1,2,9,7.0,6.0,79049,M,4683884.0,-48475.0,79
201800001477,18,10,23,740,5,2,3,1.0,3.0,79088,M,4679261.0,-34869.0,79
201800001478,18,10,25,640,3,1,1,1.0,1.0,79049,M,4687749.0,-47977.0,79
201800001479,18,11,6,845,1,1,1,2.0,1.0,79049,M,4687116.0,-40496.0,79
201800001480,18,11,1,1210,1,1,9,1.0,2.0,79088,M,4682217.0,-41267.0,79
201800001481,18,3,15,1401,1,1,1,1.0,1.0,87142,M,4577780.0,150304.0,87
201800001482,18,8,18,1135,1,2,1,1.0,6.0,87161,M,4583690.0,149120.0,87
201800001483,18,9,15,1510,1,1,2,1.0,3.0,87156,M,4584700.0,138393.0,87
201800001484,18,12,11,1930,3,1,1,9.0,6.0,87156,M,4585630.0,136102.0,87
201800001485,18,2,9,1721,3,1,1,4.0,1.0,19227,M,4526924.0,169564.0,19
201800001486,18,3,11,645,2,1,1,5.0,6.0,19038,M,4523041.0,171444.0,19
201800001487,18,3,16,2130,3,1,1,1.0,1.0,19211,M,4518385.0,165701.0,19
201800001488,18,9,15,2000,2,1,1,1.0,6.0,19227,M,4528305.0,166251.0,19
201800001489,18,12,3,1800,5,2,1,3.0,6.0,19146,M,4531617.0,177017.0,19
201800001490,18,3,8,915,1,1,1,1.0,2.0,31417,M,4362599.0,125847.0,31
201800001491,18,5,27,1334,1,1,1,1.0,2.0,31339,M,4363714.0,115044.0,31
201800001492,18,6,9,1750,1,2,2,1.0,3.0,31291,M,4360027.0,124168.0,31
201800001493,18,6,16,1545,1,1,1,1.0,1.0,31291,M,4357222.0,123525.0,31
201800001494,18,6,23,2130,3,1,1,1.0,6.0,31417,M,4362599.0,125847.0,31
201800001495,18,7,9,1615,1,1,9,1.0,3.0,31417,M,4363001.0,123847.0,31
201800001496,18,7,9,1645,1,1,1,7.0,3.0,31417,M,4362874.0,123978.0,31
201800001497,18,8,19,700,2,1,1,1.0,6.0,31417,M,4360445.0,128312.0,31
201800001498,18,9,7,1011,1,1,9,1.0,4.0,31417,M,4363338.0,123393.0,31
201800001499,18,9,30,10,4,1,9,1.0,1.0,31417,M,4363005.0,123811.0,31
201800001500,18,10,1,725,1,1,1,7.0,4.0,31291,M,4360599.0,130286.0,31
201800001501,18,10,11,916,1,1,1,1.0,4.0,31417,M,4362599.0,125847.0,31
201800001502,18,11,5,2100,3,1,1,1.0,6.0,31291,M,4358110.0,122999.0,31
201800001503,18,11,19,1110,1,1,1,1.0,3.0,31339,M,4362733.0,115407.0,31
201800001504,18,11,28,2015,5,2,3,1.0,1.0,31417,M,4361613.0,129081.0,31
201800001505,18,2,23,2310,3,2,1,1.0,7.0,31433,M,4353199.0,140684.0,31
201800001506,18,3,31,1105,1,2,1,3.0,6.0,31433,M,4353145.0,140635.0,31
201800001507,18,6,20,1355,1,2,3,1.0,2.0,31433,M,4352523.0,138056.0,31
201800001508,18,6,26,1130,1,2,3,7.0,3.0,31433,M,4351469.0,138732.0,31
201800001509,18,7,9,1600,1,1,3,1.0,3.0,31433,M,4353067.0,140447.0,31
201800001510,18,8,10,2237,3,1,1,1.0,7.0,31433,M,4353416.0,138366.0,31
201800001511,18,10,12,1900,5,2,3,2.0,3.0,31433,M,4351469.0,138732.0,31
201800001512,18,10,16,1353,1,2,1,1.0,3.0,31458,M,4350523.0,136279.0,31
201800001513,18,1,9,1130,1,2,1,1.0,6.0,31395,M,4346648.0,132769.0,31
201800001514,18,1,5,1010,1,2,1,1.0,6.0,31165,M,4341601.0,137145.0,31
201800001515,18,1,24,1050,1,2,1,1.0,6.0,31395,M,4345645.0,132351.0,31
201800001516,18,1,25,1200,1,2,1,1.0,3.0,31395,M,4346934.0,132010.0,31
201800001517,18,1,28,1700,1,1,1,1.0,7.0,31395,M,4346608.0,127763.0,31