Num_Acc,an,mois,jour,hrmn,lum,agg,int,atm,col,com,gps,lat,long,dep
201800001518,18,2,28,1145,1,2,1,1.0,6.0,31248,M,4344425.0,138417.0,31
201800001519,18,3,18,1700,1,2,1,1.0,1.0,31263,M,4341621.0,138692.0,31
201800001520,18,4,12,1700,2,1,6,1.0,3.0,31165,M,4342035.0,137489.0,31
201800001521,18,4,21,605,2,1,1,1.0,1.0,31421,M,4345380.0,152266.0,31
201800001522,18,4,24,1725,1,1,1,1.0,5.0,31395,M,4346633.0,126310.0,31
201800001523,18,6,6,1935,1,1,1,8.0,1.0,31165,M,4345448.0,137114.0,31
201800001524,18,7,6,1155,1,2,1,1.0,3.0,31395,M,4346376.0,133226.0,31
201800001525,18,7,29,2030,2,2,9,7.0,6.0,31395,M,4347006.0,133160.0,31
201800001526,18,9,6,1450,1,2,6,1.0,3.0,31287,M,4339692.0,125525.0,31
201800001527,18,10,7,530,5,2,1,1.0,6.0,31395,M,4346140.0,133368.0,31
201800001528,18,11,14,1645,1,2,3,1.0,1.0,31395,M,4344890.0,130882.0,31
201800001529,18,12,21,1800,3,1,1,1.0,6.0,31395,M,4347132.0,135204.0,31
201800001530,18,3,4,720,1,1,1,1.0,7.0,31384,M,4347941.0,157511.0,31
201800001531,18,3,15,200,5,2,1,1.0,6.0,31004,M,4343618.0,160091.0,31
201800001532,18,5,25,1710,1,1,1,1.0,6.0,31381,M,4344746.0,157613.0,31
201800001533,18,6,10,1730,2,1,1,3.0,1.0,31004,M,4344148.0,159953.0,31
201800001534,18,8,29,1700,1,2,1,1.0,1.0,31048,M,4345679.0,161390.0,31
201800001535,18,9,12,2045,3,2,1,1.0,7.0,31004,M,4343933.0,159582.0,31
201800001536,18,2,18,1230,1,1,1,1.0,6.0,09293,M,4296037.0,149278.0,09
201800001537,18,4,21,1600,1,1,3,1.0,3.0,09099,M,4297556.0,157980.0,09
201800001538,18,5,7,1045,1,1,2,1.0,3.0,09071,M,4300289.0,152927.0,09
201800001539,18,11,24,1510,1,1,1,1.0,7.0,09273,M,4295943.0,157100.0,09
201800001540,18,12,11,2250,3,1,1,1.0,3.0,09203,M,4300644.0,148422.0,09
201800001541,18,3,6,1210,1,2,1,1.0,6.0,09160,M,4293220.0,184721.0,09
201800001542,18,2,16,1515,1,1,1,1.0,1.0,09250,M,4295907.0,176677.0,09
201800001543,18,3,13,1915,5,2,3,1.0,3.0,09160,M,4293288.0,184936.0,09
201800001544,18,6,5,1025,1,1,1,1.0,1.0,09211,M,4287925.0,184210.0,09
201800001545,18,6,20,1547,1,2,1,1.0,3.0,09157,M,4296771.0,186717.0,09
201800001546,18,9,9,600,5,2,1,1.0,6.0,09157,M,4296526.0,187252.0,09
201800001547,18,3,18,1905,3,1,1,2.0,1.0,09217,M,4382391.0,159110.0,09
201800001548,18,12,29,1215,1,1,1,1.0,4.0,09207,M,4292650.0,163362.0,09
201800001549,18,1,20,1530,1,1,3,3.0,1.0,09244,M,4307598.0,176274.0,09
201800001550,18,2,27,2000,3,1,1,1.0,7.0,09194,M,4305901.0,188320.0,09
201800001551,18,3,26,1112,1,2,3,2.0,3.0,09194,M,4309133.0,187625.0,09
201800001552,18,4,27,2245,5,1,1,1.0,1.0,09213,M,4307476.0,194405.0,09
201800001553,18,4,23,1215,1,1,1,1.0,7.0,09052,M,4303512.0,186024.0,09
201800001554,18,6,27,2010,2,1,1,1.0,7.0,09161,M,4298105.0,191673.0,09
201800001555,18,9,1,1735,1,2,1,1.0,6.0,09074,M,4301867.0,196861.0,09
201800001556,18,9,14,1355,1,1,1,1.0,5.0,09274,M,4302950.0,189662.0,09
201800001557,18,9,27,1435,1,1,1,1.0,1.0,09150,M,4303772.0,193463.0,09
201800001558,18,10,24,1750,1,1,1,1.0,6.0,09107,M,4304973.0,181856.0,09
201800001559,18,12,15,700,3,1,1,5.0,6.0,09194,M,4309562.0,189180.0,09
201800001560,18,1,14,600,3,1,1,2.0,6.0,09185,M,4323500.0,165669.0,09
201800001561,18,3,12,1315,1,1,2,1.0,3.0,09282,M,4323279.0,156354.0,09
201800001562,18,7,5,1850,1,1,1,1.0,7.0,09117,M,4319142.0,152219.0,09
201800001563,18,9,11,700,1,2,1,1.0,6.0,09282,M,4323904.0,157298.0,09
201800001564,18,8,24,1645,1,2,1,1.0,6.0,09261,M,4298670.0,114025.0,09
201800001565,18,9,25,1240,1,2,1,7.0,6.0,09261,M,4298624.0,114435.0,09
201800001566,18,11,10,1255,1,2,1,1.0,3.0,09261,M,4298559.0,114101.0,09
201800001567,18,12,13,645,2,2,9,1.0,6.0,09261,M,4297995.0,114655.0,09
201800001568,18,4,7,1530,1,2,7,1.0,6.0,02168,M,4903000.0,339000.0,02
201800001569,18,4,11,1420,1,2,1,1.0,6.0,02168,M,4905044.0,338840.0,02
201800001570,18,4,12,730,1,2,1,1.0,6.0,02168,M,4904320.0,338947.0,02
201800001571,18,6,22,2220,5,2,1,1.0,6.0,02168,M,4904358.0,339783.0,02
201800001572,18,6,28,725,1,2,1,1.0,6.0,02168,M,4904325.0,339424.0,02
201800001573,18,9,27,800,1,2,1,1.0,6.0,02168,M,4903820.0,340925.0,02
201800001574,18,11,1,1800,5,2,7,3.0,3.0,02168,M,4904056.0,338778.0,02
201800001575,18,11,18,1100,1,2,2,1.0,3.0,02168,M,4905502.0,338512.0,02
201800001576,18,11,30,1020,1,1,1,8.0,1.0,02168,M,4905606.0,336295.0,02
201800001577,18,4,9,930,1,1,1,1.0,6.0,32368,M,4375950.0,61952.0,32
201800001578,18,9,17,935,1,1,3,1.0,3.0,32118,M,4353570.0,56585.0,32
201800001579,18,5,23,1514,1,2,1,1.0,6.0,46102,M,4460921.0,201606.0,46
201800001580,18,11,13,354,3,1,1,1.0,6.0,46105,M,4438790.0,151585.0,46
201800001581,18,1,4,1800,5,2,1,8.0,6.0,46102,M,4460764.0,202931.0,46
201800001582,18,1,11,815,2,2,6,2.0,6.0,46102,M,4460708.0,203390.0,46
201800001583,18,1,27,100,3,1,1,1.0,6.0,46102,M,4461976.0,205137.0,46
201800001584,18,5,27,1130,1,1,3,2.0,2.0,46055,M,4458783.0,208396.0,46
201800001585,18,8,4,910,1,2,1,1.0,6.0,46102,M,4461287.0,202842.0,46
201800001586,18,8,24,913,1,2,6,1.0,6.0,46102,M,4460736.0,203121.0,46
201800001587,18,9,23,1332,1,1,1,1.0,6.0,46221,M,4463255.0,202181.0,46
201800001588,18,10,4,950,1,2,1,1.0,3.0,46102,M,4460675.0,202511.0,46
201800001589,18,10,24,2145,3,1,1,8.0,7.0,46102,M,4460299.0,203626.0,46
201800001590,18,11,30,1725,2,1,1,2.0,1.0,46053,M,4464924.0,199367.0,46
201800001591,18,12,3,810,1,1,1,3.0,1.0,46108,M,4467997.0,194282.0,46
201800001592,18,12,6,1120,1,1,1,2.0,1.0,46055,M,4458880.0,207033.0,46
201800001593,18,7,25,1450,1,1,1,1.0,1.0,65145,M,4291718.0,-3942.0,65
201800001594,18,8,20,1500,1,2,1,1.0,6.0,65295,M,4287414.0,-317.0,65
201800001595,18,9,9,1010,1,2,1,1.0,1.0,65481,M,4289445.0,5744.0,65
201800001596,18,1,30,2130,5,2,6,1.0,6.0,65059,M,4307324.0,14408.0,65
201800001597,18,2,10,900,1,2,1,1.0,6.0,65042,M,4304847.0,15788.0,65
201800001598,18,4,6,1100,1,1,2,1.0,1.0,65123,M,4296102.0,23021.0,65
201800001599,18,5,6,1615,1,1,1,1.0,1.0,65123,M,4294334.0,28874.0,65
201800001600,18,8,19,1510,1,1,1,1.0,6.0,65123,M,4293635.0,20881.0,65
201800001601,18,9,1,945,1,1,1,1.0,3.0,65198,M,4305860.0,18358.0,65
201800001602,18,12,11,945,1,1,1,1.0,4.0,65123,M,4300635.0,18848.0,65
201800001603,18,1,11,751,2,2,1,8.0,6.0,81140,M,4370166.0,182070.0,81
201800001604,18,1,18,1530,1,1,1,1.0,6.0,81140,M,4368822.0,182631.0,81
201800001605,18,4,20,1300,1,1,1,1.0,6.0,81219,M,4354868.0,200800.0,81
201800001606,18,7,12,1406,1,1,1,1.0,1.0,81076,M,4356813.0,188957.0,81
201800001607,18,8,8,528,3,1,1,1.0,1.0,81120,M,4354828.0,227877.0,81
201800001608,18,3,4,1552,1,1,1,1.0,7.0,81215,M,4379998.0,193188.0,81
201800001609,18,3,19,805,1,2,1,1.0,6.0,81105,M,4376505.0,201578.0,81
201800001610,18,4,19,1405,1,2,1,1.0,6.0,81105,M,4376811.0,199936.0,81
201800001611,18,4,26,1750,1,2,3,7.0,3.0,81105,M,4376003.0,196854.0,81
201800001612,18,5,3,1750,1,1,2,1.0,5.0,81105,M,4377967.0,199049.0,81
201800001613,18,5,17,1655,1,2,1,1.0,1.0,81105,M,4376124.0,198793.0,81
201800001614,18,6,27,1520,1,1,1,1.0,7.0,81187,M,4370375.0,201002.0,81
201800001615,18,9,12,1950,1,2,2,1.0,3.0,81105,M,4376331.0,198528.0,81
201800001616,18,10,13,2245,3,2,1,1.0,7.0,81105,M,4374627.0,197841.0,81
201800001617,18,12,15,1525,1,2,1,2.0,3.0,81105,M,4375964.0,196561.0,81
201800001618,18,3,13,1800,2,2,1,7.0,6.0,81140,M,4370036.0,181842.0,81
201800001619,18,4,7,1740,1,1,1,1.0,6.0,81126,M,4364228.0,182435.0,81
201800001620,18,4,19,1445,1,2,1,1.0,1.0,81140,M,4369066.0,182252.0,81
201800001621,18,8,3,1700,1,1,1,1.0,5.0,81318,M,4359347.0,177807.0,81
201800001622,18,10,5,1755,1,2,7,1.0,6.0,81140,M,4369752.0,181447.0,81
201800001623,18,10,21,1245,1,1,1,1.0,6.0,81324,M,4363554.0,180390.0,81
201800001624,18,11,28,1215,1,1,1,1.0,3.0,81126,M,4363827.0,182069.0,81
201800001625,18,12,26,1250,1,2,6,1.0,3.0,81140,M,4370172.0,182056.0,81
201800001626,18,2,13,1000,1,1,9,1.0,6.0,81038,M,4388471.0,193157.0,81
201800001627,18,2,24,1230,1,2,3,1.0,2.0,81099,M,4389600.0,189923.0,81
201800001628,18,3,4,640,3,1,3,1.0,6.0,81093,M,4390291.0,201319.0,81
201800001629,18,3,9,1100,1,1,1,1.0,6.0,81099,M,4394363.0,193214.0,81
201800001630,18,3,21,1030,1,2,1,1.0,6.0,81099,M,4390234.0,189215.0,81
201800001631,18,3,31,1900,1,1,3,1.0,1.0,81225,M,4391933.0,196452.0,81
201800001632,18,4,6,1100,1,1,1,1.0,6.0,81099,M,4391611.0,190495.0,81
201800001633,18,4,9,1700,1,1,2,1.0,1.0,81117,M,4379334.0,197931.0,81
201800001634,18,4,19,1515,1,2,3,1.0,3.0,81099,M,4390071.0,189100.0,81
201800001635,18,4,21,1430,1,1,1,1.0,7.0,81138,M,4381674.0,203235.0,81
201800001636,18,6,4,1520,1,1,1,7.0,6.0,81087,M,4395839.0,196878.0,81
201800001637,18,6,5,1237,1,2,4,1.0,3.0,81283,M,4392575.0,192995.0,81
201800001638,18,6,15,1920,1,1,2,1.0,3.0,81294,M,4385911.0,194005.0,81
201800001639,18,7,7,1230,1,2,1,7.0,7.0,81131,M,4390385.0,200790.0,81
201800001640,18,8,2,100,5,2,1,1.0,6.0,81099,M,4391455.0,193006.0,81
201800001641,18,8,4,1350,1,1,1,1.0,7.0,81099,M,4392721.0,190269.0,81
201800001642,18,8,2,1115,1,2,3,7.0,6.0,81099,M,4390198.0,189684.0,81
201800001643,18,9,1,540,2,1,1,1.0,6.0,81112,M,4392189.0,202284.0,81
201800001644,18,9,3,1745,1,1,1,7.0,6.0,81099,M,4391552.0,193193.0,81
201800001645,18,10,4,1630,1,1,3,7.0,2.0,81099,M,4389165.0,188041.0,81
201800001646,18,10,7,2100,3,1,9,2.0,6.0,81038,M,4388035.0,191081.0,81
201800001647,18,11,2,1110,1,1,3,8.0,3.0,81131,M,4389307.0,196913.0,81
201800001648,18,11,24,610,3,1,1,5.0,6.0,81046,M,4385716.0,197114.0,81
201800001649,18,11,25,600,3,1,9,9.0,3.0,81038,M,4388471.0,193157.0,81
201800001650,18,11,30,735,3,1,1,3.0,2.0,81112,M,4392278.0,202186.0,81
201800001651,18,12,1,400,3,1,1,2.0,6.0,81112,M,4392040.0,201108.0,81
201800001652,18,12,22,1400,1,1,2,2.0,3.0,81093,M,4389954.0,204964.0,81
201800001653,18,12,28,1630,1,1,1,1.0,6.0,81099,M,4395509.0,191065.0,81
201800001654,18,2,16,1755,5,2,9,2.0,6.0,69089,M,4573769.0,477198.0,69
201800001655,18,3,11,1845,5,2,1,1.0,3.0,69069,M,4574589.0,471801.0,69
201800001656,18,5,5,1330,1,2,1,1.0,3.0,69089,M,4573682.0,477469.0,69
201800001657,18,5,6,1541,1,1,1,1.0,6.0,69089,M,4573443.0,477306.0,69
201800001658,18,5,29,1355,1,2,1,1.0,1.0,69089,M,4575047.0,477202.0,69
201800001659,18,7,3,830,1,2,1,1.0,6.0,69089,M,4574656.0,477229.0,69
201800001660,18,7,12,1915,1,2,1,1.0,5.0,69089,M,4574736.0,475465.0,69
201800001661,18,7,18,320,5,2,2,1.0,6.0,69069,M,4574733.0,472235.0,69
201800001662,18,8,26,830,1,2,1,1.0,6.0,69089,M,4574449.0,477178.0,69
201800001663,18,9,25,1450,1,2,1,1.0,3.0,69205,M,4575991.0,472891.0,69
201800001664,18,9,27,1055,1,2,3,1.0,6.0,69069,M,4574584.0,472044.0,69
201800001665,18,12,1,1215,1,2,1,1.0,6.0,69089,M,4574556.0,476452.0,69
201800001666,18,1,14,130,3,1,1,2.0,6.0,02028,M,4956400.0,367915.0,02
201800001667,18,4,12,1338,1,2,1,1.0,3.0,02408,M,4957547.0,365168.0,02
201800001668,18,4,20,1820,1,2,1,1.0,2.0,02408,M,4956930.0,361710.0,02
201800001669,18,5,14,1125,1,1,1,1.0,4.0,02028,M,4956247.0,368978.0,02
201800001670,18,6,8,830,1,1,4,5.0,1.0,02408,M,4957464.0,359351.0,02
201800001671,18,8,2,1100,1,2,1,1.0,3.0,02408,M,4956771.0,363487.0,02
201800001672,18,8,27,1710,1,2,1,1.0,3.0,02408,M,4957026.0,360668.0,02
201800001673,18,9,2,1657,1,2,1,1.0,7.0,02408,M,4956151.0,362855.0,02
201800001674,18,8,29,2155,5,2,1,2.0,7.0,02408,M,4955056.0,361081.0,02
201800001675,18,8,27,1650,1,2,9,7.0,1.0,02408,M,4956997.0,360344.0,02
201800001676,18,10,6,1400,1,2,1,1.0,3.0,02408,M,4956556.0,361051.0,02
201800001677,18,10,6,1530,1,2,1,1.0,2.0,02408,M,4956955.0,360367.0,02
201800001678,18,10,8,1221,1,1,1,1.0,1.0,02408,M,4956398.0,365358.0,02
201800001679,18,10,11,750,2,1,1,2.0,4.0,02408,M,4956898.0,365958.0,02
201800001680,18,10,14,1315,1,2,9,1.0,7.0,02408,M,4934426.0,338365.0,02
201800001681,18,10,22,1600,1,2,1,1.0,3.0,02408,M,4958011.0,364241.0,02
201800001682,18,10,23,1415,1,2,1,1.0,6.0,02408,M,4957022.0,362469.0,02
201800001683,18,10,24,1655,1,2,1,1.0,5.0,02408,M,4956375.0,364608.0,02
201800001684,18,11,13,1340,1,2,9,1.0,3.0,02408,M,4937884.0,332876.0,02
201800001685,18,11,16,1115,1,2,1,1.0,6.0,02408,M,4956934.0,360965.0,02
201800001686,18,11,21,2102,3,1,1,5.0,3.0,02028,M,4956400.0,367600.0,02
201800001687,18,11,28,1730,3,1,1,2.0,4.0,02408,M,4954423.0,359842.0,02
201800001688,18,12,9,2230,5,2,3,8.0,1.0,02408,M,4955830.0,362805.0,02
201800001689,18,12,11,750,3,2,1,5.0,6.0,02408,M,4956577.0,362403.0,02
201800001690,18,6,24,1800,1,1,3,7.0,3.0,81271,M,4376135.0,169874.0,81
201800001691,18,11,25,640,2,1,6,2.0,7.0,81271,M,4377079.0,165527.0,81
201800001692,18,2,15,1730,1,1,1,1.0,7.0,81219,M,4356727.0,198514.0,81
201800001693,18,4,18,1800,1,1,1,1.0,1.0,81219,M,4356726.0,194578.0,81
201800001694,18,4,23,1940,2,1,1,1.0,6.0,81219,M,4357996.0,199718.0,81
201800001695,18,4,28,725,2,1,1,8.0,7.0,81251,M,4355766.0,209342.0,81
201800001696,18,6,14,1930,1,1,1,1.0,5.0,81127,M,4356670.0,193047.0,81
201800001697,18,7,10,830,1,2,1,1.0,4.0,81076,M,4356943.0,188434.0,81
201800001698,18,8,1,1017,1,1,1,1.0,7.0,81076,M,4357961.0,189149.0,81
201800001699,18,9,18,630,2,1,1,1.0,5.0,81032,M,4350297.0,205155.0,81
201800001700,18,10,29,1650,1,1,1,2.0,4.0,81251,M,4355782.0,207680.0,81
201800001701,18,10,29,2335,3,1,1,2.0,6.0,81219,M,4357987.0,199742.0,81
201800001702,18,1,28,1215,1,1,1,1.0,4.0,69072,M,4581439.0,474667.0,69
201800001703,18,4,15,1430,1,2,1,1.0,6.0,69127,M,4578399.0,472567.0,69
201800001704,18,6,15,2255,5,2,1,1.0,3.0,69250,M,4581488.0,471677.0,69
201800001705,18,6,23,1520,1,2,1,7.0,7.0,69127,M,4578080.0,472395.0,69
201800001706,18,6,28,1900,1,2,1,1.0,3.0,69072,M,4582142.0,476384.0,69
201800001707,18,8,6,2157,3,2,6,1.0,7.0,69250,M,4582111.0,468278.0,69
201800001708,18,8,12,1000,1,2,1,1.0,3.0,69250,M,4580450.0,471669.0,69
201800001709,18,11,6,1820,5,2,1,8.0,3.0,69072,M,4581207.0,477021.0,69
201800001710,18,2,20,1845,3,1,1,1.0,6.0,69117,M,4586930.0,475006.0,69
201800001711,18,3,9,1410,1,2,1,1.0,1.0,69049,M,4587395.0,477220.0,69
201800001712,18,3,9,1215,1,2,3,1.0,1.0,69191,M,4580191.0,482021.0,69
201800001713,18,4,8,930,1,2,1,1.0,6.0,69040,M,4579372.0,479393.0,69
201800001714,18,4,6,1710,1,2,1,1.0,2.0,69116,M,4582405.0,477368.0,69
201800001715,18,4,21,1935,1,2,1,1.0,6.0,69117,M,4584042.0,473846.0,69
201800001716,18,5,19,1240,1,2,1,1.0,6.0,69116,M,4582405.0,477368.0,69
201800001717,18,6,1,800,1,2,8,1.0,2.0,69059,M,4585519.0,471548.0,69
201800001718,18,6,2,145,5,2,4,1.0,6.0,69194,M,4580786.0,480063.0,69
201800001719,18,6,26,1750,1,2,1,7.0,6.0,69040,M,4579568.0,479035.0,69
201800001720,18,7,2,1800,1,1,1,1.0,6.0,69117,M,4587582.0,474767.0,69
201800001721,18,7,7,1220,1,1,1,1.0,3.0,69116,M,4582783.0,476773.0,69
201800001722,18,7,24,1300,1,1,1,1.0,6.0,69116,M,4584428.0,477811.0,69
201800001723,18,9,18,850,1,2,1,1.0,3.0,69194,M,4581033.0,479784.0,69
201800001724,18,9,25,1805,1,2,1,1.0,6.0,69116,M,4581427.0,477235.0,69
201800001725,18,9,25,1420,1,2,1,7.0,2.0,69116,M,4582405.0,477368.0,69
201800001726,18,10,16,1645,1,2,1,1.0,3.0,69116,M,4582405.0,477368.0,69
201800001727,18,10,16,2310,5,2,3,1.0,1.0,69040,M,4580277.0,478395.0,69
201800001728,18,10,25,730,3,1,1,1.0,3.0,69117,M,4585369.0,475816.0,69
201800001729,18,10,27,1330,1,2,9,8.0,6.0,69116,M,4583775.0,477172.0,69
201800001730,18,10,30,1110,1,2,2,8.0,6.0,69040,M,4579481.0,479278.0,69
201800001731,18,11,16,1740,3,2,1,1.0,5.0,69055,M,4588159.0,474553.0,69
201800001732,18,12,3,2030,5,2,3,2.0,6.0,69040,M,4579104.0,479059.0,69
201800001733,18,1,26,1800,3,1,1,1.0,4.0,69143,M,4589049.0,485852.0,69
201800001734,18,2,1,845,1,1,1,2.0,2.0,69163,M,4593193.0,476597.0,69
201800001735,18,2,10,1915,5,2,3,1.0,3.0,69143,M,4587563.0,484211.0,69
201800001736,18,2,28,755,1,2,6,1.0,3.0,69207,M,4588330.0,479659.0,69
201800001737,18,3,3,2000,5,2,6,2.0,6.0,69278,M,4589727.0,482881.0,69
201800001738,18,3,15,2340,3,1,1,2.0,1.0,69284,M,4588864.0,488238.0,69
201800001739,18,2,27,1800,1,2,1,1.0,1.0,69278,M,4588962.0,483503.0,69
201800001740,18,4,3,1420,1,2,9,1.0,4.0,69071,M,4587889.0,482878.0,69
201800001741,18,4,21,1620,1,1,9,1.0,6.0,69207,M,4588065.0,481964.0,69
201800001742,18,4,23,1325,1,2,1,2.0,6.0,69143,M,4587530.0,484306.0,69
201800001743,18,5,1,1430,1,2,6,8.0,3.0,69143,M,4587529.0,483868.0,69
201800001744,18,6,2,1555,1,2,1,1.0,3.0,69003,M,4586589.0,483434.0,69
201800001745,18,6,2,1915,1,2,1,1.0,3.0,69278,M,4589340.0,482321.0,69
201800001746,18,5,14,615,2,1,1,3.0,3.0,69163,M,4593224.0,476401.0,69
201800001747,18,6,16,2330,5,2,6,1.0,6.0,69143,M,4586827.0,483944.0,69
201800001748,18,6,18,1430,1,2,1,1.0,1.0,69278,M,4590040.0,484293.0,69
201800001749,18,6,18,1900,1,1,6,1.0,3.0,69163,M,4592150.0,477561.0,69
201800001750,18,6,22,1025,1,2,1,1.0,6.0,69143,M,4587969.0,483628.0,69
201800001751,18,7,3,811,1,1,1,1.0,3.0,69163,M,4593551.0,477448.0,69
201800001752,18,8,6,1800,1,2,3,1.0,3.0,69278,M,4589752.0,481925.0,69
201800001753,18,8,11,1220,1,2,6,1.0,3.0,69003,M,4587686.0,483541.0,69
201800001754,18,8,29,810,1,2,1,1.0,6.0,69284,M,4588160.0,486678.0,69
201800001755,18,9,17,1705,1,2,1,1.0,6.0,69163,M,4591300.0,477712.0,69
201800001756,18,10,7,155,3,1,1,3.0,2.0,69207,M,4588297.0,481377.0,69
201800001757,18,10,12,735,1,2,1,1.0,3.0,69143,M,4586948.0,483975.0,69
201800001758,18,10,12,1520,1,1,1,1.0,6.0,69163,M,4591669.0,477636.0,69
201800001759,18,11,14,1947,5,2,1,1.0,6.0,69143,M,4587588.0,484235.0,69
201800001760,18,11,30,2000,5,2,6,2.0,2.0,21291,M,4589072.0,482571.0,21
201800001761,18,12,10,1520,1,2,1,1.0,3.0,69207,M,4588000.0,480456.0,69
201800001762,18,12,16,910,1,2,6,8.0,6.0,69143,M,4587682.0,483837.0,69
201800001763,18,12,27,1630,1,2,1,1.0,1.0,69068,M,4584802.0,483190.0,69
201800001764,18,3,31,940,1,1,1,1.0,2.0,69204,M,4568855.0,476539.0,69
201800001765,18,2,7,730,1,1,1,1.0,1.0,69288,M,4568373.0,506868.0,69
201800001766,18,3,4,1255,1,1,1,1.0,1.0,69287,M,4572403.0,503981.0,69
201800001767,18,4,26,1425,1,1,1,1.0,3.0,69298,M,4566759.0,498713.0,69
201800001768,18,5,6,1515,1,2,1,1.0,6.0,69287,M,4569709.0,501671.0,69
201800001769,18,5,29,1025,1,1,1,1.0,3.0,69298,M,4565904.0,497761.0,69
201800001770,18,5,31,1515,1,1,1,1.0,3.0,69299,M,4571747.0,512667.0,69
201800001771,18,8,15,400,3,1,1,1.0,1.0,69289,M,4561753.0,503227.0,69
201800001772,18,9,26,1810,1,2,1,1.0,1.0,69299,M,4571324.0,511158.0,69
201800001773,18,11,6,1615,1,1,3,1.0,3.0,69289,M,4565114.0,496334.0,69
201800001774,18,2,1,1935,5,2,1,2.0,2.0,69270,M,4562558.0,492753.0,69
201800001775,18,3,8,1145,1,2,1,1.0,3.0,69283,M,4566931.0,495561.0,69
201800001776,18,5,3,805,1,2,1,2.0,7.0,69283,M,4567972.0,496037.0,69
201800001777,18,5,3,1900,2,2,6,1.0,3.0,69273,M,4567167.0,491036.0,69
201800001778,18,5,15,1045,1,1,9,2.0,1.0,69270,M,4563379.0,491933.0,69
201800001779,18,6,1,600,1,2,1,1.0,3.0,69283,M,4565231.0,494899.0,69
201800001780,18,6,8,1945,1,1,1,8.0,1.0,69281,M,4564300.0,490991.0,69
201800001781,18,8,21,1900,1,2,1,1.0,3.0,69283,M,4566384.0,495491.0,69
201800001782,18,9,7,910,1,2,1,1.0,6.0,69283,M,4567972.0,496037.0,69
201800001783,18,11,3,1734,5,2,1,1.0,5.0,69273,M,4567110.0,491002.0,69
201800001784,18,11,12,900,1,2,6,1.0,6.0,69270,M,4563059.0,493385.0,69
201800001785,18,11,29,1730,3,2,1,8.0,3.0,69273,M,4568160.0,492359.0,69
201800001786,18,12,7,1530,1,2,1,2.0,6.0,69270,M,4564979.0,492486.0,69
201800001787,18,1,13,1930,5,2,3,1.0,3.0,69171,M,4581114.0,459975.0,69
201800001788,18,4,12,500,5,2,1,3.0,6.0,69010,M,4583522.0,461669.0,69
201800001789,18,4,27,2135,3,1,1,1.0,6.0,69173,M,4588643.0,454130.0,69
201800001790,18,5,17,1810,1,1,1,1.0,3.0,69010,M,4583937.0,462178.0,69
201800001791,18,5,30,1740,1,1,1,3.0,1.0,69175,M,4581988.0,456563.0,69
201800001792,18,9,28,2005,5,2,4,1.0,1.0,69231,M,4579325.0,461099.0,69
201800001793,18,11,11,7,3,1,1,1.0,6.0,69175,M,4581706.0,455853.0,69
201800001794,18,1,13,1830,3,1,1,1.0,1.0,69220,M,4572129.0,447200.0,69
201800001795,18,1,16,1500,1,1,1,2.0,6.0,69139,M,4580467.0,444848.0,69
201800001796,18,1,24,1500,1,1,1,1.0,7.0,69263,M,4580880.0,442310.0,69
201800001797,18,4,16,920,1,1,1,1.0,1.0,69220,M,4573068.0,450244.0,69
201800001798,18,5,5,1800,1,1,1,1.0,1.0,69120,M,4579948.0,443521.0,69
201800001799,18,5,19,1815,1,1,1,1.0,1.0,69099,M,4569137.0,443366.0,69
201800001800,18,6,8,1705,1,1,1,2.0,3.0,69220,M,4574827.0,446856.0,69
201800001801,18,7,17,1545,1,1,1,1.0,6.0,69220,M,4573210.0,446660.0,69
201800001802,18,9,18,605,3,1,3,1.0,3.0,69220,M,4575007.0,447115.0,69
201800001803,18,9,25,945,1,1,2,1.0,1.0,69038,M,4576587.0,438863.0,69
201800001804,18,10,19,1220,1,2,9,1.0,2.0,69220,M,4573330.0,447232.0,69
201800001805,18,11,17,1245,1,1,1,8.0,1.0,69220,M,4572669.0,449589.0,69
201800001806,18,11,28,1807,5,1,6,1.0,3.0,69178,M,4570099.0,445822.0,69
201800001807,18,12,6,1550,1,1,1,2.0,7.0,69203,M,4569081.0,450309.0,69
201800001808,18,4,15,1650,1,1,1,1.0,7.0,69227,M,4568975.0,457431.0,69
201800001809,18,5,5,1630,1,1,1,1.0,6.0,69227,M,4569518.0,455740.0,69
201800001810,18,5,17,1645,1,1,1,1.0,1.0,69227,M,4565471.0,457750.0,69
201800001811,18,5,18,1125,1,1,1,1.0,3.0,69227,M,4562511.0,455347.0,69
201800001812,18,5,27,1125,1,1,1,2.0,6.0,69227,M,4561533.0,455574.0,69
201800001813,18,6,23,1125,1,1,1,1.0,6.0,69095,M,4565015.0,440802.0,69
201800001814,18,9,2,155,3,1,1,1.0,1.0,69132,M,4568907.0,443204.0,69
201800001815,18,9,28,1640,1,2,9,1.0,3.0,69227,M,4565937.0,455857.0,69
201800001816,18,10,8,915,1,1,1,2.0,6.0,69110,M,4562199.0,452469.0,69
201800001817,18,10,15,730,2,1,4,1.0,1.0,69227,M,4567376.0,454789.0,69
201800001818,18,11,1,1330,1,1,1,2.0,2.0,69155,M,4565241.0,447286.0,69
201800001819,18,2,25,2230,5,2,1,1.0,6.0,69255,M,4573267.0,467283.0,69
201800001820,18,3,7,915,1,2,2,1.0,3.0,69028,M,4571488.0,469325.0,69
201800001821,18,3,14,1654,1,1,1,1.0,6.0,69154,M,4575763.0,462073.0,69