Num_Acc,an,mois,jour,hrmn,lum,agg,int,atm,col,com,gps,lat,long,dep
201800001822,18,3,17,1050,1,2,1,2.0,6.0,69255,M,4573556.0,466138.0,69
201800001823,18,3,29,1940,2,2,1,7.0,6.0,69094,M,4574733.0,470685.0,69
201800001824,18,4,12,1520,1,2,1,1.0,6.0,69028,M,4572277.0,469877.0,69
201800001825,18,4,12,1230,1,1,6,1.0,3.0,69028,M,4571369.0,471362.0,69
201800001826,18,4,14,1615,1,1,1,1.0,7.0,69154,M,4577259.0,465886.0,69
201800001827,18,4,19,1550,1,1,1,1.0,6.0,69269,M,4569933.0,460068.0,69
201800001828,18,4,23,1230,1,1,1,1.0,6.0,69028,M,4572783.0,469325.0,69
201800001829,18,5,14,940,1,2,1,3.0,3.0,69028,M,4571343.0,468995.0,69
201800001830,18,6,3,1825,1,2,6,1.0,6.0,69094,M,4574996.0,468914.0,69
201800001831,18,6,14,1115,1,1,1,1.0,2.0,69028,M,4570992.0,469075.0,69
201800001832,18,6,22,1340,1,1,1,1.0,6.0,69249,M,4567545.0,461924.0,69
201800001833,18,6,23,1520,1,1,1,1.0,1.0,69249,M,4569155.0,462678.0,69
201800001834,18,6,27,850,1,1,1,1.0,1.0,69094,M,4575205.0,470559.0,69
201800001835,18,6,30,1935,1,1,3,1.0,3.0,69249,M,4567884.0,464126.0,69
201800001836,18,7,16,1640,1,1,1,1.0,1.0,69154,M,4575800.0,466049.0,69
201800001837,18,7,30,1925,1,1,9,7.0,1.0,69094,M,4574655.0,465323.0,69
201800001838,18,9,6,1400,1,2,2,1.0,3.0,69094,M,4575077.0,469619.0,69
201800001839,18,10,11,940,1,1,1,1.0,7.0,69154,M,4575596.0,463220.0,69
201800001840,18,10,14,1010,1,1,3,1.0,3.0,69190,M,4575987.0,469695.0,69
201800001841,18,10,16,1410,1,2,4,1.0,3.0,69249,M,4567946.0,465046.0,69
201800001842,18,10,20,1900,2,2,1,1.0,1.0,69255,M,4572919.0,467424.0,69
201800001843,18,10,26,749,2,2,1,1.0,6.0,69028,M,4572343.0,469481.0,69
201800001844,18,10,27,1145,1,2,1,2.0,1.0,69028,M,4572268.0,469473.0,69
201800001845,18,10,30,1818,5,2,1,2.0,1.0,69249,M,4567907.0,465765.0,69
201800001846,18,11,1,1930,5,2,1,8.0,1.0,69028,M,4573639.0,471389.0,69
201800001847,18,12,5,725,2,2,1,1.0,6.0,69255,M,4573267.0,467283.0,69
201800001848,18,12,7,1855,3,1,1,2.0,1.0,69154,M,4576364.0,466056.0,69
201800001849,18,12,11,710,2,1,1,1.0,1.0,69131,M,4570551.0,468844.0,69
201800001850,18,12,12,1145,1,1,1,1.0,3.0,69249,M,4567869.0,463756.0,69
201800001851,18,1,28,400,3,1,1,1.0,7.0,69291,M,4562828.0,485872.0,69
201800001852,18,2,1,424,4,1,1,2.0,6.0,69294,M,4563263.0,482146.0,69
201800001853,18,2,25,430,3,1,6,8.0,7.0,69291,M,4563898.0,488153.0,69
201800001854,18,3,26,1640,1,2,6,1.0,3.0,69294,M,4561169.0,481011.0,69
201800001855,18,4,3,1645,1,1,3,1.0,4.0,69297,M,4561536.0,481096.0,69
201800001856,18,4,5,745,1,1,1,1.0,3.0,69296,M,4564104.0,482717.0,69
201800001857,18,4,16,1730,1,1,1,1.0,2.0,69272,M,4559158.0,485883.0,69
201800001858,18,5,9,658,1,1,1,2.0,1.0,69296,M,4564951.0,483517.0,69
201800001859,18,5,7,1020,1,2,1,1.0,6.0,69294,M,4562903.0,482498.0,69
201800001860,18,5,13,2300,3,1,1,2.0,1.0,69296,M,4564075.0,483692.0,69
201800001861,18,5,29,1400,1,1,1,1.0,3.0,69297,M,4560770.0,480378.0,69
201800001862,18,6,3,1825,1,1,1,1.0,3.0,69272,M,4559826.0,484472.0,69
201800001863,18,6,27,735,1,2,1,1.0,1.0,69296,M,4564120.0,483741.0,69
201800001864,18,6,27,2245,3,1,1,1.0,6.0,69291,M,4564780.0,485634.0,69
201800001865,18,7,12,1340,1,1,3,1.0,3.0,69291,M,4564158.0,485625.0,69
201800001866,18,7,15,630,1,2,1,1.0,6.0,69297,M,4560522.0,481519.0,69
201800001867,18,7,29,540,2,1,1,1.0,2.0,69297,M,4559971.0,479520.0,69
201800001868,18,10,3,37,3,1,1,1.0,6.0,69291,M,4561903.0,485493.0,69
201800001869,18,10,12,1710,1,1,3,1.0,6.0,69295,M,4561093.0,487347.0,69
201800001870,18,10,20,1245,1,1,1,1.0,3.0,69295,M,4561590.0,485463.0,69
201800001871,18,12,2,50,4,1,1,3.0,2.0,69296,M,4564753.0,483339.0,69
201800001872,18,1,13,1610,1,2,5,1.0,3.0,69141,M,4560256.0,466763.0,69
201800001873,18,1,16,1810,3,1,1,1.0,1.0,69249,M,4566870.0,464590.0,69
201800001874,18,5,11,1910,1,1,1,1.0,1.0,69219,M,4564290.0,468427.0,69
201800001875,18,6,10,1000,1,1,1,1.0,6.0,69228,M,4556604.0,464406.0,69
201800001876,18,6,25,1410,1,2,1,1.0,3.0,69141,M,4561448.0,467330.0,69
201800001877,18,7,4,1300,1,1,3,1.0,1.0,69148,M,4566266.0,471325.0,69
201800001878,18,7,10,640,1,1,2,1.0,3.0,69228,M,4558889.0,466616.0,69
201800001879,18,7,27,2105,3,1,1,1.0,3.0,69148,M,4565928.0,472866.0,69
201800001880,18,7,26,715,1,1,4,1.0,2.0,69141,M,4560430.0,468869.0,69
201800001881,18,8,10,1240,1,1,2,1.0,1.0,69236,M,4556602.0,470305.0,69
201800001882,18,9,1,1120,1,2,1,1.0,6.0,69148,M,4565885.0,471870.0,69
201800001883,18,9,15,1530,1,1,1,1.0,1.0,69219,M,4564337.0,468493.0,69
201800001884,18,9,15,1915,1,1,1,1.0,1.0,69219,M,4563241.0,469134.0,69
201800001885,18,9,23,555,4,2,2,1.0,3.0,69176,M,4566641.0,466914.0,69
201800001886,18,10,4,1855,1,1,2,1.0,3.0,69141,M,4562153.0,467579.0,69
201800001887,18,10,10,1650,1,1,1,8.0,1.0,69051,M,4563449.0,463326.0,69
201800001888,18,11,29,1145,1,2,1,1.0,7.0,69141,M,4561925.0,466681.0,69
201800001889,18,12,5,830,1,1,1,1.0,3.0,69141,M,4561482.0,470446.0,69
201800001890,18,12,14,1155,1,1,1,1.0,6.0,69148,M,4564753.0,470037.0,69
201800001891,18,7,29,1210,1,1,1,1.0,6.0,69074,M,4601140.0,465139.0,69
201800001892,18,10,9,1430,1,1,1,1.0,6.0,69192,M,4603043.0,453678.0,69
201800001893,18,12,14,2315,3,1,1,1.0,6.0,69105,M,4598248.0,464516.0,69
201800001894,18,12,15,1925,3,1,1,2.0,1.0,69074,M,4599923.0,463398.0,69
201800001895,18,12,31,1650,1,2,1,2.0,6.0,69122,M,4591316.0,471636.0,69
201800001896,18,1,26,700,2,2,1,3.0,6.0,69121,M,4585520.0,467970.0,69
201800001897,18,3,13,1150,1,2,2,8.0,3.0,69020,M,4587014.0,467112.0,69
201800001898,18,3,27,1000,1,2,6,1.0,3.0,69009,M,4593520.0,471310.0,69
201800001899,18,4,1,550,5,2,1,2.0,6.0,69159,M,4596092.0,464256.0,69
201800001900,18,4,6,1340,1,1,2,7.0,3.0,69047,M,4590208.0,467635.0,69
201800001901,18,4,13,1130,1,2,1,1.0,6.0,69009,M,4593579.0,472192.0,69
201800001902,18,4,23,1700,1,2,1,1.0,6.0,69156,M,4595632.0,469245.0,69
201800001903,18,5,10,2240,3,1,1,1.0,2.0,69004,M,4591706.0,465379.0,69
201800001904,18,6,9,1615,1,2,1,1.0,3.0,69009,M,4593686.0,472047.0,69
201800001905,18,6,19,2030,1,2,3,1.0,1.0,69009,M,4593129.0,471555.0,69
201800001906,18,7,5,1430,1,1,9,1.0,7.0,69020,M,4586466.0,466200.0,69
201800001907,18,9,7,2110,3,1,1,1.0,6.0,69004,M,4592693.0,465622.0,69
201800001908,18,9,30,1015,1,1,1,1.0,6.0,69052,M,4586974.0,469834.0,69
201800001909,18,10,22,1845,2,2,2,1.0,1.0,69052,M,4587497.0,470986.0,69
201800001910,18,11,6,1650,1,1,1,2.0,1.0,69122,M,4592314.0,469705.0,69
201800001911,18,12,6,1140,1,1,2,1.0,7.0,69009,M,4594402.0,472621.0,69
201800001912,18,12,18,1130,1,2,1,1.0,3.0,69009,M,4593568.0,472167.0,69
201800001913,18,1,7,300,5,2,2,1.0,3.0,69206,M,4606282.0,472263.0,69
201800001914,18,1,7,2000,5,1,1,1.0,6.0,69023,M,4605051.0,465550.0,69
201800001915,18,1,17,1845,3,1,1,1.0,6.0,69065,M,4616092.0,472535.0,69
201800001916,18,2,7,720,2,1,1,4.0,3.0,69206,M,4608671.0,472827.0,69
201800001917,18,3,21,930,1,1,1,1.0,5.0,69211,M,4612688.0,473878.0,69
201800001918,18,4,19,1217,1,1,1,1.0,1.0,69242,M,4612147.0,476641.0,69
201800001919,18,4,21,1900,1,1,1,7.0,3.0,69211,M,4615901.0,474466.0,69
201800001920,18,5,4,1545,1,1,1,1.0,1.0,69218,M,4612018.0,468870.0,69
201800001921,18,5,14,1145,1,2,1,2.0,2.0,69019,M,4610855.0,475128.0,69
201800001922,18,6,9,1,5,2,1,1.0,7.0,69019,M,4610986.0,474424.0,69
201800001923,18,6,12,1340,1,2,1,1.0,3.0,69218,M,4611682.0,467383.0,69
201800001924,18,6,16,1550,1,1,1,1.0,3.0,69197,M,4605307.0,465972.0,69
201800001925,18,6,28,1835,1,1,1,7.0,6.0,69019,M,4609798.0,470137.0,69
201800001926,18,8,16,1600,1,1,1,1.0,6.0,69065,M,4614371.0,472667.0,69
201800001927,18,8,27,1240,1,2,1,1.0,5.0,69036,M,4611938.0,466796.0,69
201800001928,18,10,6,1630,1,1,1,2.0,1.0,69197,M,4605348.0,465782.0,69
201800001929,18,10,17,2055,5,2,2,1.0,5.0,69019,M,4610956.0,474580.0,69
201800001930,18,10,20,1715,1,1,1,1.0,2.0,69206,M,4606973.0,472421.0,69
201800001931,18,11,17,2345,5,2,1,1.0,3.0,69019,M,4610803.0,475324.0,69
201800001932,18,11,30,2350,3,1,1,5.0,6.0,69197,M,4605361.0,466296.0,69
201800001933,18,12,11,1000,1,2,1,7.0,1.0,69077,M,4615757.0,476437.0,69
201800001934,18,1,21,456,3,2,2,1.0,1.0,69039,M,4598331.0,450885.0,69
201800001935,18,1,20,1631,1,2,1,2.0,1.0,69245,M,4594526.0,453754.0,69
201800001936,18,4,14,1045,1,1,2,2.0,3.0,69239,M,4590974.0,450990.0,69
201800001937,18,4,19,1720,1,1,1,1.0,1.0,69146,M,4594265.0,458061.0,69
201800001938,18,5,13,1550,1,1,1,2.0,1.0,69101,M,4596097.0,464175.0,69
201800001939,18,5,28,1920,2,1,1,2.0,1.0,69050,M,4585693.0,466230.0,69
201800001940,18,7,17,1845,1,1,1,1.0,3.0,69056,M,4589181.0,462063.0,69
201800001941,18,7,24,500,2,1,1,1.0,7.0,69050,M,4585622.0,466542.0,69
201800001942,18,10,22,1620,1,1,1,1.0,1.0,69039,M,4597698.0,450805.0,69
201800001943,18,11,13,1745,3,1,1,8.0,3.0,69090,M,4592374.0,462915.0,69
201800001944,18,12,19,1820,3,1,1,3.0,6.0,69024,M,4591370.0,459532.0,69
201800001945,18,1,26,1230,1,2,9,3.0,1.0,69157,M,4587760.0,451429.0,69
201800001946,18,2,19,1200,1,1,1,1.0,7.0,69234,M,4585561.0,451792.0,69
201800001947,18,2,24,1545,1,1,1,1.0,6.0,69223,M,4588762.0,448959.0,69
201800001948,18,2,25,1640,1,1,1,1.0,6.0,69243,M,4591350.0,442274.0,69
201800001949,18,3,1,819,1,2,3,8.0,6.0,69243,M,4588851.0,443788.0,69
201800001950,18,4,7,1240,1,2,1,1.0,2.0,69147,M,4588697.0,451666.0,69
201800001951,18,4,25,810,1,2,1,1.0,6.0,69243,M,4589144.0,444782.0,69
201800001952,18,5,12,850,1,2,1,1.0,6.0,69243,M,4589839.0,443382.0,69
201800001953,18,5,12,1838,1,1,1,1.0,7.0,69157,M,4587461.0,450469.0,69
201800001954,18,5,31,200,3,1,1,2.0,1.0,69254,M,4596548.0,441894.0,69
201800001955,18,6,2,930,1,1,1,7.0,6.0,69223,M,4589393.0,449224.0,69
201800001956,18,6,12,750,1,1,1,1.0,6.0,69254,M,4595543.0,442169.0,69
201800001957,18,6,22,1550,1,1,1,1.0,3.0,69102,M,4586607.0,437396.0,69
201800001958,18,6,24,1600,1,1,6,7.0,6.0,69157,M,4587477.0,450562.0,69
201800001959,18,7,25,1450,1,1,1,1.0,7.0,69225,M,4587527.0,442803.0,69
201800001960,18,7,26,2200,3,1,1,1.0,6.0,69188,M,4592011.0,448404.0,69
201800001961,18,8,1,2255,5,2,1,1.0,6.0,69243,M,4589985.0,444107.0,69
201800001962,18,8,5,2130,2,1,1,1.0,6.0,69174,M,4593085.0,439257.0,69
201800001963,18,8,18,1850,1,1,1,1.0,3.0,69001,M,4583241.0,443013.0,69
201800001964,18,8,19,1600,1,1,1,1.0,1.0,69174,M,4592747.0,437774.0,69
201800001965,18,8,24,1450,1,1,1,1.0,6.0,69102,M,4591847.0,432302.0,69
201800001966,18,9,4,2000,1,1,1,1.0,7.0,69243,M,4591457.0,442024.0,69
201800001967,18,10,27,1020,1,1,3,2.0,3.0,69157,M,4587821.0,451069.0,69
201800001968,18,12,18,1645,2,1,1,8.0,6.0,69254,M,4596344.0,441756.0,69
201800001969,18,6,23,1715,1,1,1,1.0,6.0,69229,M,4601289.0,449751.0,69
201800001970,18,8,1,1650,1,1,1,1.0,1.0,69160,M,4616321.0,447680.0,69
201800001971,18,8,26,1608,1,1,1,1.0,6.0,69054,M,4617303.0,449696.0,69
201800001972,18,9,14,1627,1,1,1,1.0,6.0,69229,M,4609030.0,447492.0,69
201800001973,18,10,6,1540,1,1,1,1.0,7.0,69161,M,4617118.0,443501.0,69
201800001974,18,10,12,1545,1,2,1,1.0,3.0,69107,M,4605744.0,449103.0,69
201800001975,18,10,23,1630,1,2,1,1.0,6.0,69037,M,4601978.0,449945.0,69
201800001976,18,11,16,1730,3,1,1,1.0,1.0,69107,M,4603141.0,449666.0,69
201800001977,18,12,8,430,3,1,1,2.0,7.0,69160,M,4612721.0,446593.0,69
201800001978,18,2,22,815,1,1,1,1.0,3.0,01264,M,4619255.0,514082.0,01
201800001979,18,6,12,905,1,2,1,1.0,1.0,01301,M,4624563.0,512280.0,01
201800001980,18,6,11,1540,1,1,1,1.0,4.0,01301,M,4624800.0,513739.0,01
201800001981,18,8,11,2330,3,1,3,1.0,3.0,01405,M,4613822.0,516934.0,01
201800001982,18,8,21,1400,1,1,3,1.0,1.0,01336,M,4616850.0,514958.0,01
201800001983,18,10,4,1730,1,1,1,1.0,3.0,01405,M,4615112.0,517880.0,01
201800001984,18,11,6,2015,3,1,1,1.0,7.0,01301,M,4624628.0,515107.0,01
201800001985,18,12,4,1730,3,1,2,1.0,5.0,01264,M,4618767.0,511805.0,01
201800001986,18,8,28,700,1,2,3,1.0,3.0,01112,M,4611222.0,555040.0,01
201800001987,18,10,25,2025,3,1,1,5.0,7.0,01185,M,4599384.0,555244.0,01
201800001988,18,3,16,1515,1,1,2,2.0,5.0,01390,M,4582008.0,524367.0,01
201800001989,18,4,8,1540,1,1,1,8.0,3.0,01099,M,4588517.0,525119.0,01
201800001990,18,5,22,500,5,1,3,2.0,3.0,01390,M,4584543.0,528534.0,01
201800001991,18,6,1,1845,1,1,1,1.0,6.0,01403,M,4581559.0,545000.0,01
201800001992,18,6,17,1615,1,1,1,1.0,5.0,01202,M,4590431.0,533667.0,01
201800001993,18,7,28,400,3,1,1,1.0,1.0,01202,M,4589726.0,533787.0,01
201800001994,18,9,10,1945,2,1,1,1.0,1.0,01366,M,4589016.0,526749.0,01
201800001995,18,9,21,1545,1,1,3,1.0,3.0,01202,M,4588580.0,532410.0,01
201800001996,18,10,9,755,2,1,1,2.0,1.0,01366,M,4587867.0,528096.0,01
201800001997,18,6,24,1208,1,1,1,1.0,7.0,01081,M,4620359.0,578801.0,01
201800001998,18,9,3,1457,1,1,1,1.0,3.0,01081,M,4618725.0,580870.0,01
201800001999,18,10,26,1908,5,2,1,1.0,6.0,01247,M,4632163.0,595506.0,01
201800002000,18,12,17,1247,1,1,1,8.0,6.0,01247,M,4633471.0,596253.0,01
201800002001,18,1,31,945,1,1,1,1.0,7.0,01313,M,4626993.0,607233.0,01
201800002002,18,3,6,1435,1,2,9,1.0,5.0,01435,M,4629787.0,609309.0,01
201800002003,18,2,27,1300,1,1,1,1.0,1.0,01160,M,4625702.0,611523.0,01
201800002004,18,4,3,1530,1,2,4,1.0,3.0,01313,M,4625407.0,606288.0,01
201800002005,18,4,10,930,1,2,3,8.0,1.0,01435,M,4629653.0,609191.0,01
201800002006,18,6,14,750,1,2,3,1.0,3.0,01160,M,4625011.0,610172.0,01
201800002007,18,6,30,1010,1,2,1,1.0,6.0,01160,M,4625920.0,611668.0,01
201800002008,18,7,4,1015,1,2,9,1.0,6.0,01160,M,4625802.0,611218.0,01
201800002009,18,9,19,1450,1,2,1,1.0,7.0,01313,M,4625527.0,609317.0,01
201800002010,18,11,6,810,1,2,3,5.0,3.0,01313,M,4625776.0,607633.0,01
201800002011,18,1,19,815,1,1,1,1.0,2.0,01249,M,4585817.0,491060.0,01
201800002012,18,1,30,2100,3,1,1,1.0,1.0,01249,M,4585501.0,490916.0,01
201800002013,18,2,21,500,5,2,3,1.0,3.0,01043,M,4583079.0,499545.0,01
201800002014,18,3,1,750,1,2,1,4.0,3.0,01249,M,4587886.0,491049.0,01
201800002015,18,3,3,1915,5,2,1,1.0,1.0,01249,M,4582761.0,494753.0,01
201800002016,18,3,22,825,1,2,2,1.0,6.0,01249,M,4582667.0,496825.0,01
201800002017,18,4,9,1100,1,2,2,1.0,3.0,01249,M,4582860.0,494957.0,01
201800002018,18,5,3,1615,1,2,1,1.0,3.0,01249,M,4582499.0,496539.0,01
201800002019,18,5,11,2350,5,2,1,1.0,6.0,01043,M,4583927.0,499744.0,01
201800002020,18,5,29,1835,1,1,3,1.0,2.0,01418,M,4582251.0,503141.0,01
201800002021,18,6,12,940,1,2,2,1.0,3.0,01249,M,4582679.0,496826.0,01
201800002022,18,7,3,1615,1,1,1,1.0,6.0,01275,M,4580967.0,492379.0,01
201800002023,18,7,14,45,5,2,1,1.0,6.0,01275,M,4580975.0,492421.0,01
201800002024,18,7,31,1910,1,2,2,1.0,1.0,01249,M,4582686.0,495294.0,01
201800002025,18,11,30,815,1,1,2,2.0,4.0,01275,M,4582412.0,492454.0,01
201800002026,18,12,26,845,1,2,1,1.0,5.0,01376,M,4582392.0,497536.0,01
201800002027,18,11,29,1315,1,1,1,6.0,6.0,01027,M,4583086.0,510792.0,01
201800002028,18,6,21,2145,2,2,1,1.0,6.0,01032,M,4585469.0,512892.0,01
201800002029,18,8,12,240,3,1,1,1.0,7.0,01032,M,4584828.0,515773.0,01
201800002030,18,11,5,1520,1,2,6,1.0,7.0,01142,M,4585110.0,506622.0,01
201800002031,18,11,9,815,1,2,1,1.0,6.0,01049,M,4584427.0,503478.0,01
201800002032,18,11,9,1745,5,2,1,1.0,6.0,01142,M,4584394.0,506588.0,01
201800002033,18,11,10,415,5,1,1,1.0,6.0,01049,M,4582961.0,504099.0,01
201800002034,18,3,22,2215,3,1,1,1.0,1.0,07042,M,4438303.0,461389.0,07
201800002035,18,4,15,2130,3,1,1,1.0,1.0,07264,M,4432541.0,463203.0,07
201800002036,18,7,11,1730,1,1,1,1.0,2.0,07259,M,4430320.0,459700.0,07
201800002037,18,7,25,1130,1,1,1,1.0,3.0,07042,M,4438777.0,461930.0,07
201800002038,18,1,19,945,1,2,1,1.0,1.0,07138,M,4456797.0,446145.0,07
201800002039,18,6,22,1650,1,1,1,1.0,1.0,07341,M,4456025.0,450526.0,07
201800002040,18,7,28,1250,1,1,1,1.0,7.0,07247,M,4459042.0,453919.0,07
201800002041,18,9,21,1645,1,2,1,1.0,1.0,07272,M,4452173.0,440085.0,07
201800002042,18,10,24,1900,5,1,9,1.0,2.0,07138,M,4456479.0,446081.0,07
201800002043,18,12,23,1145,1,1,1,1.0,6.0,07159,M,4458929.0,449189.0,07
201800002044,18,5,30,830,1,2,1,2.0,3.0,07178,M,4466874.0,429093.0,07
201800002045,18,6,16,1845,1,1,1,1.0,7.0,07315,M,4462687.0,419041.0,07
201800002046,18,7,22,1210,1,1,1,1.0,4.0,07161,M,4470821.0,419874.0,07
201800002047,18,10,13,1045,1,2,1,1.0,7.0,07182,M,4463297.0,430986.0,07
201800002048,18,12,7,1935,5,2,1,1.0,5.0,07178,M,4466647.0,430752.0,07
201800002049,18,12,14,2310,3,1,1,1.0,6.0,07025,M,4466623.0,415785.0,07
201800002050,18,1,9,700,3,2,1,3.0,6.0,07324,M,4507056.0,482744.0,07
201800002051,18,1,28,1545,1,2,1,1.0,2.0,07324,M,4506943.0,482906.0,07
201800002052,18,2,20,2230,5,2,9,1.0,6.0,07324,M,4505007.0,483116.0,07
201800002053,18,3,17,1500,1,1,6,2.0,7.0,07324,M,4505306.0,483734.0,07
201800002054,18,4,3,740,1,1,6,1.0,3.0,07152,M,4503299.0,482705.0,07
201800002055,18,4,22,2010,1,1,1,1.0,3.0,07068,M,4501127.0,471505.0,07
201800002056,18,4,23,1100,1,1,1,1.0,7.0,07152,M,4502817.0,481820.0,07
201800002057,18,5,1,1930,1,1,1,3.0,1.0,07324,M,4506779.0,481218.0,07
201800002058,18,5,8,2015,1,1,1,1.0,1.0,07015,M,4515288.0,481464.0,07
201800002059,18,5,9,915,1,2,1,8.0,6.0,07324,M,4506440.0,483587.0,07
201800002060,18,8,22,2000,2,1,9,1.0,6.0,07169,M,4517110.0,477318.0,07
201800002061,18,9,1,1125,1,1,9,1.0,6.0,07324,M,4506624.0,478207.0,07
201800002062,18,9,29,1720,1,1,1,1.0,1.0,07217,M,4505359.0,474220.0,07
201800002063,18,11,21,1300,1,2,1,1.0,6.0,07324,M,4505954.0,483374.0,07
201800002064,18,12,3,1640,1,2,1,1.0,6.0,07324,M,4507183.0,482383.0,07
201800002065,18,2,25,1120,1,1,1,8.0,1.0,26037,M,,,26
201800002066,18,3,17,1240,1,1,2,8.0,3.0,26064,M,4489841.0,498319.0,26
201800002067,18,4,6,1650,1,1,2,1.0,5.0,26170,M,4491360.0,496030.0,26
201800002068,18,4,28,1640,1,2,1,1.0,2.0,26232,M,4491260.0,510420.0,26
201800002069,18,5,7,2030,2,2,1,1.0,3.0,26197,M,,,26
201800002070,18,6,3,1820,1,1,2,9.0,3.0,26206,M,4482820.0,497740.0,26
201800002071,18,6,6,1010,1,1,1,1.0,3.0,26212,M,,,26
201800002072,18,6,19,720,1,1,1,1.0,3.0,26037,M,,,26
201800002073,18,6,22,2227,3,1,1,1.0,6.0,26206,M,,,26
201800002074,18,7,12,1730,1,1,4,1.0,3.0,26206,M,,,26
201800002075,18,7,16,100,3,1,1,8.0,6.0,26064,M,,,26
201800002076,18,8,4,1245,1,1,1,1.0,7.0,26064,M,,,26
201800002077,18,8,7,1200,1,1,3,1.0,3.0,26037,M,,,26
201800002078,18,9,2,940,1,2,9,1.0,6.0,26064,M,4490091.0,501672.0,26
201800002079,18,11,2,910,1,1,2,1.0,5.0,26196,M,4485136.0,493750.0,26
201800002080,18,11,18,1350,1,1,2,1.0,3.0,26064,M,4491910.0,494240.0,26
201800002081,18,2,7,1955,3,1,1,5.0,7.0,26168,M,,,26
201800002082,18,6,29,1615,1,1,1,7.0,7.0,26168,M,,,26
201800002083,18,1,10,1810,3,1,1,1.0,3.0,26145,M,,,26
201800002084,18,2,24,2345,3,1,1,1.0,6.0,26169,M,4447979.0,476237.0,26
201800002085,18,4,16,945,1,1,1,1.0,1.0,26169,M,,,26
201800002086,18,8,8,1030,1,1,1,1.0,1.0,26085,M,,,26
201800002087,18,8,29,1540,1,1,1,1.0,6.0,26085,M,4450455.0,475700.0,26
201800002088,18,11,25,2155,3,1,1,5.0,6.0,26085,M,4450455.0,475700.0,26
201800002089,18,12,21,1750,3,1,3,8.0,1.0,26085,M,4450160.0,472260.0,26
201800002090,18,1,11,815,1,1,1,1.0,2.0,26235,M,,,26
201800002091,18,7,19,2345,3,1,1,1.0,6.0,26235,M,4434549.0,470636.0,26
201800002092,18,11,23,1850,5,2,6,3.0,3.0,26235,M,4437571.0,470385.0,26
201800002093,18,1,19,25,3,1,1,1.0,7.0,26233,M,,,26
201800002094,18,1,27,1845,2,1,1,1.0,6.0,26367,M,,,26
201800002095,18,3,20,500,2,1,1,1.0,7.0,26348,M,4446254.0,497859.0,26
201800002096,18,4,17,1500,1,2,7,1.0,6.0,26220,M,4436121.0,513633.0,26
201800002097,18,5,17,800,1,2,1,1.0,1.0,26192,M,,,26
201800002098,18,5,18,2145,3,1,1,1.0,6.0,26220,M,,,26
201800002099,18,6,15,1915,1,2,1,7.0,6.0,26220,M,,,26
201800002100,18,7,11,1630,1,1,1,1.0,1.0,26182,M,4432358.0,509962.0,26
201800002101,18,9,7,1145,1,1,1,1.0,6.0,26367,M,4442653.0,511792.0,26
201800002102,18,9,8,130,3,1,1,1.0,6.0,26182,M,4432530.0,510011.0,26
201800002103,18,9,22,1130,1,2,1,1.0,6.0,26220,M,4435995.0,514009.0,26
201800002104,18,11,21,1610,2,1,1,2.0,6.0,26348,M,4444476.0,501105.0,26
201800002105,18,2,18,1445,1,2,2,1.0,3.0,02691,M,4983674.0,331887.0,02
201800002106,18,4,21,1550,1,2,3,1.0,7.0,02340,M,4982594.0,327342.0,02
201800002107,18,6,23,1625,1,1,2,1.0,2.0,02340,M,4982152.0,329791.0,02
201800002108,18,6,29,1055,1,2,1,1.0,6.0,02691,M,4986185.0,330107.0,02
201800002109,18,9,4,610,5,2,3,1.0,6.0,02691,M,4984060.0,331258.0,02
201800002110,18,10,5,1858,2,2,1,1.0,3.0,02691,M,4984056.0,329298.0,02
201800002111,18,10,4,1940,2,2,1,1.0,1.0,02691,M,4986160.0,326458.0,02
201800002112,18,11,7,745,3,2,1,1.0,3.0,02371,M,4984102.0,332211.0,02
201800002113,18,11,19,1925,5,2,4,1.0,3.0,02691,M,4984552.0,327913.0,02
201800002114,18,10,15,1205,1,2,1,1.0,6.0,02691,M,4985165.0,330116.0,02
201800002115,18,11,27,1755,5,2,1,1.0,6.0,02691,M,4984374.0,327599.0,02
201800002116,18,11,28,1755,3,2,3,1.0,3.0,02691,M,4983845.0,326466.0,02
201800002117,18,5,12,1710,1,1,1,1.0,7.0,26146,M,,,26
201800002118,18,7,7,1230,1,1,1,1.0,6.0,26203,M,,,26
201800002119,18,7,25,220,3,1,1,1.0,7.0,26070,M,4439652.0,488419.0,26
201800002120,18,9,11,645,3,1,1,1.0,3.0,26146,M,4442254.0,487754.0,26
201800002121,18,8,7,230,3,1,1,1.0,1.0,26146,M,,,26
201800002122,18,1,14,1750,3,1,2,1.0,3.0,26313,M,,,26
201800002123,18,2,14,1400,1,1,1,1.0,3.0,26084,M,4499474.0,494794.0,26
201800002124,18,2,23,1700,1,2,1,1.0,6.0,26088,M,4500153.0,507978.0,26
201800002125,18,4,26,1750,1,1,1,1.0,2.0,26004,M,4500752.0,501337.0,26
201800002126,18,5,11,1630,1,2,1,1.0,3.0,26313,M,4496017.0,493863.0,26
201800002127,18,6,12,2200,3,2,1,9.0,7.0,26313,M,4496957.0,496191.0,26
201800002128,18,7,1,1100,1,1,1,7.0,2.0,26023,M,,,26
201800002129,18,8,3,2135,3,1,1,1.0,1.0,26381,M,4504002.0,516035.0,26
201800002130,18,8,12,1340,1,1,1,1.0,1.0,26084,M,,,26
201800002131,18,8,26,300,3,1,1,1.0,6.0,26079,M,4494018.0,508457.0,26