Num_Acc,an,mois,jour,hrmn,lum,agg,int,atm,col,com,gps,lat,long,dep
201800002132,18,8,26,2215,3,1,1,1.0,7.0,26129,M,4506932.0,519374.0,26
201800002133,18,9,12,1740,1,2,1,1.0,6.0,26313,M,4497102.0,494937.0,26
201800002134,18,9,20,1830,1,1,2,1.0,3.0,26034,M,4506132.0,521138.0,26
201800002135,18,10,27,1800,1,1,1,2.0,6.0,26129,M,4504916.0,516778.0,26
201800002136,18,11,6,1800,3,1,9,2.0,2.0,26088,M,4502953.0,508022.0,26
201800002137,18,11,7,840,1,1,1,1.0,1.0,26313,M,4496339.0,493125.0,26
201800002138,18,11,20,1340,1,1,2,1.0,3.0,26084,M,4500966.0,495262.0,26
201800002139,18,3,14,1055,1,1,1,1.0,7.0,26163,M,,,26
201800002140,18,4,12,1700,1,2,1,1.0,4.0,26307,M,4501800.0,528580.0,26
201800002141,18,2,10,1630,1,2,1,1.0,6.0,26271,M,4501384.0,484313.0,26
201800002142,18,4,24,1705,1,1,2,1.0,3.0,26038,M,4503200.0,493080.0,26
201800002143,18,5,12,600,2,2,1,1.0,1.0,26347,M,,,26
201800002144,18,6,14,1915,2,2,6,1.0,2.0,26250,M,,,26
201800002145,18,6,10,745,1,2,1,1.0,6.0,26038,M,,,26
201800002146,18,8,16,1440,1,2,1,1.0,6.0,26347,M,,,26
201800002147,18,9,15,800,1,2,1,1.0,2.0,26179,M,4506941.0,487549.0,26
201800002148,18,10,4,1045,1,1,1,1.0,2.0,26250,M,4501527.0,488517.0,26
201800002149,18,10,5,1600,1,2,6,1.0,6.0,26271,M,4501295.0,484952.0,26
201800002150,18,4,3,904,1,1,1,1.0,6.0,38083,M,4581718.0,535388.0,38
201800002151,18,4,20,1611,1,1,1,1.0,1.0,38543,M,4565228.0,546677.0,38
201800002152,18,7,4,1205,1,1,1,1.0,2.0,38256,M,4547613.0,558735.0,38
201800002153,18,10,4,915,1,1,1,1.0,7.0,38412,M,4542690.0,576080.0,38
201800002154,18,10,10,1910,2,1,6,1.0,2.0,38449,M,4566019.0,510250.0,38
201800002155,18,10,18,915,1,1,1,1.0,4.0,38211,M,4545838.0,517863.0,38
201800002156,18,12,10,1114,1,1,1,1.0,3.0,38458,M,4563366.0,548045.0,38
201800002157,18,1,7,610,5,2,7,2.0,6.0,02805,M,4937051.0,335649.0,02
201800002158,18,2,11,640,5,2,1,8.0,6.0,02243,M,4939932.0,333490.0,02
201800002159,18,2,16,2015,5,2,3,1.0,1.0,02722,M,4937476.0,330823.0,02
201800002160,18,2,22,1055,1,2,2,1.0,6.0,02722,M,4937609.0,332733.0,02
201800002161,18,4,7,2250,5,2,3,1.0,3.0,02805,M,4937613.0,334333.0,02
201800002162,18,4,11,1820,1,2,1,1.0,3.0,02722,M,4939151.0,331773.0,02
201800002163,18,5,27,1930,1,2,9,1.0,6.0,02722,M,4937530.0,330933.0,02
201800002164,18,6,1,815,1,2,3,1.0,6.0,02722,M,4938216.0,332160.0,02
201800002165,18,6,2,1220,1,1,1,1.0,6.0,02243,M,4939818.0,336820.0,02
201800002166,18,6,5,1705,1,2,1,1.0,6.0,02722,M,4937005.0,331975.0,02
201800002167,18,6,23,2040,1,2,1,1.0,6.0,02722,M,4937041.0,330469.0,02
201800002168,18,8,2,1330,1,1,1,1.0,2.0,02243,M,4940209.0,336733.0,02
201800002169,18,7,2,2054,1,2,1,1.0,6.0,02722,M,4937612.0,333340.0,02
201800002170,18,7,15,1900,1,2,1,1.0,6.0,02722,M,4937847.0,332864.0,02
201800002171,18,9,7,1155,1,2,6,1.0,5.0,02722,M,4938421.0,332962.0,02
201800002172,18,10,5,815,1,2,1,1.0,6.0,02722,M,4938030.0,330550.0,02
201800002173,18,10,6,1356,1,1,1,1.0,3.0,02243,M,4941003.0,337806.0,02
201800002174,18,11,9,1020,1,2,2,1.0,6.0,02722,M,4937878.0,332854.0,02
201800002175,18,11,18,1600,2,1,6,1.0,6.0,02722,M,4936598.0,331052.0,02
201800002176,18,12,14,1910,5,2,2,1.0,6.0,02722,M,4938175.0,332780.0,02
201800002177,18,12,14,2040,3,1,1,1.0,1.0,02064,M,4936131.0,333683.0,02
201800002178,18,12,10,752,2,2,1,8.0,6.0,02722,M,4937880.0,331895.0,02
201800002179,18,5,11,1500,1,2,1,1.0,2.0,38158,M,4515138.0,573938.0,38
201800002180,18,9,3,950,1,2,9,1.0,6.0,38057,M,4514199.0,573550.0,38
201800002181,18,9,20,1500,1,2,1,1.0,3.0,38158,M,4515760.0,574640.0,38
201800002182,18,10,17,1750,1,2,1,1.0,7.0,38158,M,4516567.0,574230.0,38
201800002183,18,10,29,1710,1,2,2,2.0,6.0,38158,M,4515002.0,575013.0,38
201800002184,18,4,25,1640,1,1,1,1.0,6.0,38317,M,4512134.0,569679.0,38
201800002185,18,7,5,1115,1,2,1,1.0,3.0,38317,M,4512568.0,569804.0,38
201800002186,18,4,8,300,4,2,1,1.0,1.0,38382,M,4522890.0,566740.0,38
201800002187,18,4,26,1850,1,2,3,1.0,3.0,38382,M,4524275.0,567068.0,38
201800002188,18,6,26,1945,1,2,1,1.0,2.0,38382,M,4522074.0,567482.0,38
201800002189,18,7,2,1910,1,2,3,1.0,7.0,38382,M,4523849.0,567408.0,38
201800002190,18,7,24,2030,1,2,9,1.0,3.0,38382,M,4522067.0,569095.0,38
201800002191,18,9,17,1155,1,2,2,1.0,3.0,38382,M,4523072.0,568163.0,38
201800002192,18,10,18,740,2,2,2,1.0,3.0,38382,M,4524025.0,566663.0,38
201800002193,18,11,11,1830,3,1,1,1.0,7.0,38325,M,4525798.0,569580.0,38
201800002194,18,12,30,2040,5,2,1,1.0,3.0,38382,M,4523277.0,567927.0,38
201800002195,18,2,1,1750,2,1,1,1.0,1.0,38405,M,4537066.0,568828.0,38
201800002196,18,2,6,1830,2,1,3,1.0,3.0,38412,M,4538654.0,571672.0,38
201800002197,18,2,11,630,2,1,1,8.0,6.0,38442,M,4533653.0,580684.0,38
201800002198,18,2,13,1640,1,1,1,1.0,7.0,38442,M,4536499.0,583370.0,38
201800002199,18,3,27,445,3,1,1,1.0,6.0,38236,M,4543146.0,571765.0,38
201800002200,18,3,31,1,3,1,1,4.0,7.0,38442,M,4535048.0,577411.0,38
201800002201,18,4,6,1520,1,1,3,1.0,1.0,38405,M,4536283.0,567915.0,38
201800002202,18,4,22,1530,1,1,1,7.0,7.0,38442,M,4534793.0,578811.0,38
201800002203,18,5,3,1720,1,2,1,2.0,5.0,38412,M,4539932.0,574396.0,38
201800002204,18,5,5,1150,1,1,1,1.0,6.0,38412,M,4536832.0,575075.0,38
201800002205,18,5,15,700,1,1,3,1.0,1.0,38405,M,4536281.0,567923.0,38
201800002206,18,6,17,1710,1,1,1,1.0,7.0,38405,M,4536354.0,567670.0,38
201800002207,18,6,27,325,3,1,1,1.0,6.0,38376,M,4543096.0,579537.0,38
201800002208,18,7,18,1915,2,1,1,1.0,7.0,38442,M,4530675.0,577175.0,38
201800002209,18,8,5,1750,1,1,1,1.0,6.0,38405,M,4535529.0,567284.0,38
201800002210,18,8,7,1105,1,1,1,1.0,3.0,38376,M,4542144.0,581574.0,38
201800002211,18,8,31,1810,1,1,1,1.0,7.0,38155,M,4542162.0,576246.0,38
201800002212,18,2,3,1815,5,2,1,1.0,4.0,38474,M,4522011.0,566012.0,38
201800002213,18,3,1,335,3,1,1,4.0,6.0,38540,M,4527100.0,562119.0,38
201800002214,18,3,24,1545,1,1,1,1.0,7.0,38540,M,4526655.0,562220.0,38
201800002215,18,4,21,1320,1,1,1,1.0,7.0,38540,M,4527911.0,561784.0,38
201800002216,18,4,26,1430,1,1,1,9.0,7.0,38153,M,4517470.0,561703.0,38
201800002217,18,5,6,1600,1,1,1,1.0,7.0,38153,M,4519854.0,562815.0,38
201800002218,18,5,27,1047,1,2,1,1.0,6.0,38474,M,4521467.0,566127.0,38
201800002219,18,7,12,1326,1,1,1,1.0,1.0,38281,M,4525276.0,564127.0,38
201800002220,18,10,3,1645,1,2,1,1.0,5.0,38474,M,4521419.0,566129.0,38
201800002221,18,10,13,1215,1,2,1,1.0,1.0,38169,M,4520378.0,568830.0,38
201800002222,18,10,14,1905,3,1,1,1.0,6.0,38540,M,4526955.0,559643.0,38
201800002223,18,12,12,630,5,2,3,1.0,6.0,38474,M,4520635.0,568129.0,38
201800002224,18,12,29,1345,1,2,1,1.0,1.0,38474,M,,,38
201800002225,18,5,12,1700,1,2,6,1.0,3.0,38545,M,4506648.0,567213.0,38
201800002226,18,6,27,1810,1,2,3,1.0,3.0,38524,M,4510420.0,568353.0,38
201800002227,18,7,8,1000,1,2,1,1.0,3.0,38436,M,4506846.0,564952.0,38
201800002228,18,8,29,1010,1,1,6,1.0,2.0,38524,M,4508768.0,566853.0,38
201800002229,18,10,18,2130,5,2,1,1.0,6.0,38187,M,4501968.0,564278.0,38
201800002230,18,11,4,400,3,1,1,1.0,6.0,38545,M,4507373.0,568052.0,38
201800002231,18,1,2,1345,1,1,1,1.0,5.0,38205,M,4513549.0,558463.0,38
201800002232,18,2,16,1755,2,2,1,1.0,6.0,38548,M,4507345.0,555414.0,38
201800002233,18,3,24,1715,1,2,1,1.0,3.0,38129,M,4502951.0,552482.0,38
201800002234,18,6,3,1600,1,1,9,8.0,3.0,38548,M,4508477.0,552069.0,38
201800002235,18,7,14,2330,3,1,1,1.0,7.0,38205,M,4512002.0,558109.0,38
201800002236,18,8,20,1725,1,2,3,1.0,1.0,38225,M,4512784.0,552757.0,38
201800002237,18,10,19,1610,1,2,1,1.0,6.0,38205,M,4513019.0,557950.0,38
201800002238,18,3,23,2117,3,2,1,1.0,7.0,02212,M,4963959.0,327359.0,02
201800002239,18,3,11,1912,5,2,1,8.0,6.0,02059,M,4965615.0,334332.0,02
201800002240,18,4,11,1845,1,2,6,1.0,3.0,02738,M,4965700.0,329067.0,02
201800002241,18,8,10,1408,1,1,1,1.0,5.0,02212,M,4963000.0,327497.0,02
201800002242,18,10,7,1620,1,2,6,1.0,3.0,02738,M,4939250.0,317250.0,02
201800002243,18,11,3,2110,3,1,3,1.0,3.0,02738,M,4964387.0,332695.0,02
201800002244,18,12,9,1620,2,1,2,3.0,7.0,02738,M,4966555.0,326444.0,02
201800002245,18,12,11,1435,1,2,2,8.0,3.0,02738,M,4966877.0,328366.0,02
201800002246,18,4,2,745,2,2,1,1.0,7.0,38565,M,4530743.0,561772.0,38
201800002247,18,4,24,1315,1,1,1,1.0,7.0,38312,M,4533931.0,566265.0,38
201800002248,18,5,18,1730,1,2,1,1.0,3.0,38565,M,4530209.0,562679.0,38
201800002249,18,5,30,1610,1,2,1,1.0,6.0,38565,M,4529342.0,563665.0,38
201800002250,18,6,11,1015,1,1,6,8.0,3.0,38565,M,4528011.0,562436.0,38
201800002251,18,6,14,2000,1,2,6,1.0,3.0,38565,M,4529575.0,562888.0,38
201800002252,18,7,4,1225,1,1,1,1.0,4.0,38565,M,4531118.0,561281.0,38
201800002253,18,8,10,1800,1,1,9,1.0,4.0,38565,M,4527572.0,562581.0,38
201800002254,18,8,16,800,1,2,1,1.0,2.0,38170,M,4525348.0,566245.0,38
201800002255,18,8,19,1520,1,1,1,1.0,5.0,38471,M,4527190.0,576704.0,38
201800002256,18,9,15,130,5,2,1,1.0,2.0,38382,M,4522067.0,569095.0,38
201800002257,18,9,23,1715,1,2,1,1.0,2.0,38565,M,4529957.0,562807.0,38
201800002258,18,11,8,1810,3,1,1,1.0,3.0,38312,M,4532553.0,565629.0,38
201800002259,18,11,27,1820,3,1,1,2.0,1.0,38565,M,4530278.0,563637.0,38
201800002260,18,12,19,1745,5,2,1,1.0,1.0,38565,M,4529152.0,563494.0,38
201800002261,18,12,24,1745,3,1,1,2.0,6.0,38565,M,4530406.0,563568.0,38
201800002262,18,12,29,1010,1,1,1,1.0,1.0,38565,M,4530547.0,563613.0,38
201800002263,18,1,13,905,1,1,1,1.0,7.0,38059,M,4512225.0,578094.0,38
201800002264,18,1,13,1255,1,2,1,1.0,3.0,38528,M,4511305.0,580617.0,38
201800002265,18,2,2,935,1,1,8,1.0,3.0,38068,M,4511056.0,572144.0,38
201800002266,18,6,23,1545,1,1,1,1.0,2.0,38068,M,4513295.0,571596.0,38
201800002267,18,6,24,1430,1,2,3,1.0,3.0,38562,M,4507879.0,577331.0,38
201800002268,18,7,2,735,1,1,1,1.0,6.0,38068,M,4509277.0,572296.0,38
201800002269,18,7,8,1910,1,1,4,1.0,3.0,38445,M,4505982.0,575249.0,38
201800002270,18,7,9,1810,1,2,1,1.0,3.0,38203,M,4502568.0,577284.0,38
201800002271,18,7,21,1410,1,1,1,1.0,1.0,38068,M,4510324.0,570874.0,38
201800002272,18,7,28,245,5,2,1,1.0,6.0,38200,M,4510102.0,574207.0,38
201800002273,18,7,31,2000,2,1,1,1.0,1.0,38068,M,4512766.0,572341.0,38
201800002274,18,8,3,1445,1,2,1,1.0,5.0,38562,M,4508154.0,577016.0,38
201800002275,18,8,17,1730,1,2,4,1.0,1.0,38059,M,4513886.0,576959.0,38
201800002276,18,8,21,2230,4,2,1,2.0,6.0,38529,M,4511546.0,580839.0,38
201800002277,18,10,2,905,1,1,1,1.0,2.0,38203,M,4503564.0,576718.0,38
201800002278,18,10,13,1830,1,1,1,1.0,1.0,38562,M,4505871.0,576884.0,38
201800002279,18,10,13,1515,1,2,1,1.0,3.0,38388,M,4504021.0,570546.0,38
201800002280,18,10,18,1230,1,2,1,1.0,3.0,38203,M,4502166.0,577442.0,38
201800002281,18,11,7,1300,1,1,1,1.0,3.0,38200,M,4509225.0,573550.0,38
201800002282,18,12,8,1500,1,2,1,1.0,7.0,38277,M,,,38
201800002283,18,4,22,1715,1,1,1,1.0,4.0,38374,M,4564477.0,530459.0,38
201800002284,18,6,23,1639,1,1,3,1.0,1.0,38091,M,4551474.0,532970.0,38
201800002285,18,8,15,1500,1,1,1,1.0,6.0,38149,M,4558543.0,526214.0,38
201800002286,18,9,8,1435,1,1,1,1.0,3.0,38498,M,4552193.0,535002.0,38
201800002287,18,10,21,1300,1,2,2,5.0,3.0,38276,M,4556383.0,530351.0,38
201800002288,18,10,20,1800,1,2,2,1.0,3.0,38149,M,4558556.0,526407.0,38
201800002289,18,12,21,435,3,1,1,1.0,1.0,38455,M,4562422.0,528344.0,38
201800002290,18,3,7,810,1,1,2,1.0,3.0,38109,M,4569995.0,520230.0,38
201800002291,18,4,8,1100,1,1,1,1.0,5.0,38176,M,4563700.0,520249.0,38
201800002292,18,5,7,1735,1,1,1,1.0,2.0,38109,M,4569995.0,520230.0,38
201800002293,18,8,4,1900,1,1,1,1.0,6.0,38451,M,4576163.0,520637.0,38
201800002294,18,11,3,2155,3,1,1,1.0,6.0,38282,M,4574527.0,534502.0,38
201800002295,18,11,4,515,3,1,1,1.0,6.0,38515,M,4568857.0,536283.0,38
201800002296,18,11,23,630,5,2,1,2.0,1.0,38190,M,4580544.0,528928.0,38
201800002297,18,11,28,925,1,2,1,1.0,6.0,38138,M,4572634.0,525511.0,38
201800002298,18,12,9,415,3,1,1,2.0,6.0,38535,M,4577801.0,526245.0,38
201800002299,18,12,28,2000,3,2,1,1.0,6.0,38109,M,4570036.0,521537.0,38
201800002300,18,4,21,2209,3,1,1,1.0,6.0,38054,M,4579033.0,542858.0,38
201800002301,18,4,29,1809,1,1,1,1.0,6.0,38026,M,4583909.0,530487.0,38
201800002302,18,5,25,1350,1,2,1,7.0,6.0,38320,M,4583619.0,540634.0,38
201800002303,18,6,30,830,1,1,3,1.0,1.0,38320,M,4585284.0,540493.0,38
201800002304,18,7,14,2211,3,1,1,1.0,7.0,38135,M,4573820.0,539193.0,38
201800002305,18,8,23,2125,3,1,4,1.0,3.0,38054,M,4579480.0,540302.0,38
201800002306,18,9,10,1320,1,1,1,1.0,1.0,38026,M,4582935.0,531966.0,38
201800002307,18,10,5,1645,1,1,1,1.0,1.0,38026,M,4586627.0,534304.0,38
201800002308,18,10,19,1445,1,1,1,7.0,3.0,38539,M,4587456.0,534525.0,38
201800002309,18,3,24,1500,1,2,1,1.0,6.0,38464,M,4554266.0,539214.0,38
201800002310,18,4,1,920,3,2,1,1.0,6.0,38401,M,4556692.0,540751.0,38
201800002311,18,5,6,1100,1,2,3,1.0,6.0,38509,M,4557407.0,543911.0,38
201800002312,18,5,7,2040,2,1,2,1.0,7.0,38148,M,4560639.0,546579.0,38
201800002313,18,5,18,1050,1,2,3,1.0,1.0,38509,M,4556788.0,543682.0,38
201800002314,18,6,23,1825,1,2,1,1.0,7.0,38401,M,4556052.0,542263.0,38
201800002315,18,6,26,1930,1,2,6,7.0,6.0,38401,M,4556813.0,542957.0,38
201800002316,18,7,28,1400,1,1,1,8.0,7.0,38381,M,4555322.0,548939.0,38
201800002317,18,10,4,1110,1,2,9,1.0,3.0,38401,M,4556204.0,543037.0,38
201800002318,18,10,25,820,2,1,1,1.0,1.0,38381,M,4555989.0,546826.0,38
201800002319,18,11,12,1631,1,1,1,7.0,2.0,38162,M,4560080.0,552772.0,38
201800002320,18,1,24,1835,3,1,3,7.0,3.0,44035,M,4727601.0,-157101.0,44
201800002321,18,1,29,1520,1,1,1,1.0,3.0,44209,M,4729520.0,-161105.0,44
201800002322,18,5,15,1945,1,1,1,7.0,3.0,44035,M,4732993.0,-156506.0,44
201800002323,18,7,6,1720,1,1,1,1.0,6.0,44066,M,4737588.0,-164147.0,44
201800002324,18,7,17,1500,1,2,6,1.0,1.0,44035,M,4729952.0,-155302.0,44
201800002325,18,5,2,758,1,1,4,1.0,3.0,38484,M,4555066.0,493499.0,38
201800002326,18,6,2,1805,1,1,1,1.0,1.0,38484,M,4555353.0,490142.0,38
201800002327,18,7,13,920,1,2,2,1.0,3.0,38110,M,4558113.0,487915.0,38
201800002328,18,8,8,1755,1,1,2,1.0,7.0,38487,M,4556617.0,485841.0,38
201800002329,18,8,31,1645,1,1,9,1.0,3.0,38215,M,4558893.0,495452.0,38
201800002330,18,9,13,1715,1,2,2,1.0,3.0,38087,M,4557512.0,480788.0,38
201800002331,18,12,19,2028,5,2,1,2.0,6.0,38087,M,4558372.0,479157.0,38
201800002332,18,12,20,1440,1,2,1,2.0,3.0,38087,M,4556678.0,481733.0,38
201800002333,18,4,19,1750,1,2,1,1.0,6.0,38507,M,4575180.0,519578.0,38
201800002334,18,5,2,1630,1,2,6,1.0,3.0,38085,M,4575346.0,514929.0,38
201800002335,18,10,27,2115,5,2,1,2.0,6.0,38085,M,4574772.0,516817.0,38
201800002336,18,12,28,1540,1,1,1,1.0,3.0,38468,M,4533417.0,480541.0,38
201800002337,18,1,13,1530,1,1,2,1.0,3.0,38468,M,4532854.0,482102.0,38
201800002338,18,1,13,1824,3,1,3,1.0,3.0,38051,M,4532316.0,491401.0,38
201800002339,18,1,28,650,5,2,1,1.0,1.0,38003,M,4533919.0,486754.0,38
201800002340,18,1,28,1000,1,1,1,1.0,6.0,38468,M,4535252.0,478185.0,38
201800002341,18,3,21,1655,1,1,1,1.0,1.0,38556,M,4537486.0,485028.0,38
201800002342,18,3,31,1102,1,1,1,1.0,7.0,38072,M,4532518.0,481642.0,38
201800002343,18,5,26,1715,1,1,1,1.0,3.0,38468,M,4533042.0,480612.0,38
201800002344,18,6,18,1900,1,1,1,1.0,3.0,38051,M,4532975.0,488740.0,38
201800002345,18,8,31,1800,1,2,1,1.0,3.0,38468,M,4534401.0,481255.0,38
201800002346,18,9,4,1644,1,1,1,1.0,1.0,38344,M,4539953.0,480857.0,38
201800002347,18,10,3,230,5,1,6,1.0,3.0,38468,M,4533999.0,480460.0,38
201800002348,18,10,23,1815,1,2,1,1.0,1.0,38349,M,4532191.0,476698.0,38
201800002349,18,11,16,2240,3,1,1,1.0,1.0,38298,M,,,38
201800002350,18,1,12,1659,1,2,9,1.0,2.0,38537,M,4563226.0,514364.0,38
201800002351,18,5,27,2315,5,2,1,1.0,6.0,38449,M,4564003.0,511891.0,38
201800002352,18,6,3,1030,1,1,1,8.0,1.0,38537,M,4564703.0,514297.0,38
201800002353,18,7,4,1620,1,2,2,1.0,3.0,38537,M,4564295.0,513459.0,38
201800002354,18,7,15,1915,1,2,1,1.0,3.0,38537,M,4563417.0,514554.0,38
201800002355,18,7,16,1215,1,1,2,1.0,5.0,38475,M,4568068.0,513059.0,38
201800002356,18,9,1,330,5,1,1,1.0,6.0,38449,M,4565882.0,512902.0,38
201800002357,18,10,3,700,2,1,3,1.0,3.0,38449,M,4563970.0,508814.0,38
201800002358,18,11,7,1700,1,1,1,2.0,1.0,38537,M,4564083.0,515298.0,38
201800002359,18,2,21,1215,1,1,2,1.0,2.0,42313,M,4572628.0,402322.0,42
201800002360,18,3,13,755,1,1,1,1.0,1.0,42279,M,4548065.0,429685.0,42
201800002361,18,4,10,747,2,1,1,2.0,1.0,42134,M,4569354.0,403716.0,42
201800002362,18,8,28,1602,1,2,1,1.0,2.0,42211,M,4553245.0,423275.0,42
201800002363,18,12,10,712,2,2,2,2.0,3.0,42013,M,4564667.0,429537.0,42
201800002364,18,1,30,735,2,2,2,2.0,6.0,42147,M,4560720.0,406213.0,42
201800002365,18,2,13,750,1,1,1,1.0,7.0,42180,M,4559108.0,412172.0,42
201800002366,18,2,13,745,2,2,1,1.0,6.0,42147,M,4560490.0,406634.0,42
201800002367,18,3,15,2200,5,2,1,2.0,6.0,42147,M,4560726.0,406211.0,42
201800002368,18,4,30,1820,1,1,3,7.0,1.0,42180,M,4559139.0,411908.0,42
201800002369,18,5,17,745,1,2,1,1.0,6.0,42147,M,4560910.0,405612.0,42
201800002370,18,5,18,1340,1,1,1,1.0,3.0,42299,M,4561068.0,408901.0,42
201800002371,18,6,21,1720,1,1,1,7.0,1.0,42328,M,4557181.0,398389.0,42
201800002372,18,7,10,2215,5,2,2,1.0,3.0,42285,M,4555480.0,412104.0,42
201800002373,18,7,25,1020,1,1,1,1.0,6.0,42105,M,4562279.0,414618.0,42
201800002374,18,7,28,1820,1,2,3,1.0,1.0,42285,M,4556026.0,414630.0,42
201800002375,18,8,1,1025,1,2,1,1.0,2.0,42147,M,4560773.0,406224.0,42
201800002376,18,8,2,1615,1,1,2,7.0,3.0,42054,M,4563287.0,395514.0,42
201800002377,18,8,15,2310,5,2,1,1.0,3.0,42147,M,4560773.0,406224.0,42
201800002378,18,8,16,1630,1,2,1,1.0,7.0,42046,M,4564185.0,405084.0,42
201800002379,18,8,21,635,1,1,1,1.0,6.0,42037,M,4568038.0,406137.0,42
201800002380,18,8,30,1150,1,2,3,1.0,6.0,42147,M,4560442.0,407327.0,42
201800002381,18,9,3,1800,1,1,2,1.0,1.0,42328,M,4557662.0,399642.0,42
201800002382,18,10,1,705,2,1,3,1.0,3.0,42285,M,4557563.0,411754.0,42
201800002383,18,10,19,1315,1,2,6,1.0,3.0,42147,M,4560905.0,405509.0,42
201800002384,18,10,24,1245,1,1,3,1.0,5.0,42151,M,4565623.0,413272.0,42
201800002385,18,11,4,1230,1,1,4,1.0,7.0,42121,M,4560217.0,395492.0,42
201800002386,18,11,4,1515,1,1,1,1.0,2.0,42012,M,4559833.0,401194.0,42
201800002387,18,11,5,2040,5,2,1,1.0,6.0,42147,M,4560261.0,406995.0,42
201800002388,18,12,7,1700,2,2,1,2.0,6.0,42147,M,4560645.0,405504.0,42
201800002389,18,12,20,1500,1,2,9,1.0,6.0,42147,M,4560719.0,406199.0,42
201800002390,18,2,8,1810,3,1,1,1.0,1.0,42075,M,4557168.0,423167.0,42
201800002391,18,3,8,1700,1,2,1,1.0,2.0,42005,M,4553038.0,426471.0,42
201800002392,18,3,9,2015,5,2,1,1.0,7.0,42005,M,4553585.0,428747.0,42
201800002393,18,4,6,1000,1,2,9,1.0,6.0,42304,M,4553689.0,418794.0,42
201800002394,18,5,21,1130,1,2,1,1.0,6.0,42211,M,4552895.0,423135.0,42
201800002395,18,5,23,1215,1,1,3,1.0,6.0,42075,M,4558248.0,424238.0,42
201800002396,18,5,25,1400,1,1,3,1.0,5.0,42279,M,4551673.0,422598.0,42
201800002397,18,6,6,1545,1,2,1,1.0,7.0,42005,M,4552336.0,430035.0,42
201800002398,18,6,8,800,1,2,1,1.0,1.0,42005,M,4552986.0,428112.0,42
201800002399,18,7,13,1435,1,1,1,7.0,1.0,42323,M,4554940.0,428196.0,42
201800002400,18,7,26,940,1,2,1,1.0,6.0,42304,M,4553982.0,418395.0,42
201800002401,18,8,19,1455,1,2,1,1.0,1.0,42005,M,4553837.0,430295.0,42
201800002402,18,8,21,800,1,2,1,1.0,1.0,42304,M,4554523.0,418663.0,42
201800002403,18,10,20,745,2,1,1,5.0,3.0,42075,M,4558242.0,424151.0,42
201800002404,18,12,5,1330,1,2,2,1.0,3.0,42304,M,4554058.0,418744.0,42
201800002405,18,12,23,1720,3,2,1,1.0,3.0,42211,M,4552809.0,423949.0,42
201800002406,18,2,18,130,5,1,2,2.0,6.0,42251,M,4569380.0,422791.0,42
201800002407,18,3,17,1900,3,1,1,2.0,3.0,42165,M,4578714.0,433060.0,42
201800002408,18,3,18,1700,1,2,1,1.0,6.0,42094,M,4574750.0,422590.0,42
201800002409,18,3,22,1945,3,1,1,2.0,1.0,42065,M,4578466.0,426531.0,42
201800002410,18,3,23,1400,1,1,1,1.0,1.0,42175,M,4579845.0,423236.0,42
201800002411,18,4,13,1723,1,2,1,1.0,6.0,42094,M,4574188.0,422247.0,42
201800002412,18,5,2,1400,1,2,3,1.0,3.0,42296,M,4573601.0,428556.0,42
201800002413,18,7,12,2220,5,2,2,1.0,3.0,42094,M,4574320.0,421931.0,42
201800002414,18,7,29,1845,1,2,1,1.0,3.0,42094,M,4573246.0,422797.0,42
201800002415,18,7,31,1900,1,2,6,1.0,3.0,42094,M,4574146.0,421609.0,42
201800002416,18,9,6,945,1,2,1,1.0,6.0,42094,M,4574408.0,422844.0,42
201800002417,18,10,7,1550,1,1,1,1.0,5.0,42214,M,4567283.0,428382.0,42
201800002418,18,12,14,2204,5,2,9,1.0,1.0,42094,M,4574237.0,420948.0,42
201800002419,18,5,7,1550,1,1,3,1.0,3.0,42168,M,4543946.0,466373.0,42
201800002420,18,5,19,1525,1,1,1,1.0,7.0,42064,M,4545111.0,468264.0,42
201800002421,18,7,8,1150,1,1,1,1.0,3.0,42326,M,4536511.0,467139.0,42
201800002422,18,12,3,1630,1,2,3,1.0,5.0,42191,M,4539929.0,468637.0,42
201800002423,18,7,11,1615,1,1,1,1.0,7.0,73046,M,4549888.0,642735.0,73
201800002424,18,1,9,2300,3,2,1,1.0,6.0,73329,M,4563238.0,589212.0,73
201800002425,18,5,7,815,1,1,1,1.0,3.0,73228,M,4554897.0,588946.0,73
201800002426,18,5,20,1515,1,1,1,1.0,3.0,73329,M,4561827.0,588504.0,73
201800002427,18,5,31,1815,1,2,1,1.0,6.0,73288,M,4561381.0,591041.0,73
201800002428,18,6,22,1535,1,1,1,7.0,1.0,73328,M,4564404.0,589271.0,73
201800002429,18,9,17,1410,1,1,2,7.0,3.0,73288,M,4562482.0,591226.0,73
201800002430,18,10,11,1445,1,2,3,1.0,3.0,73155,M,4564265.0,592794.0,73
201800002431,18,11,22,300,3,1,1,5.0,7.0,73288,M,4561480.0,592416.0,73
201800002432,18,3,25,1705,1,1,1,8.0,1.0,73225,M,4552464.0,593688.0,73
201800002433,18,4,19,210,5,2,6,1.0,6.0,73064,M,4555586.0,597765.0,73
201800002434,18,4,21,2105,5,2,6,1.0,6.0,73225,M,4552984.0,595554.0,73
201800002435,18,5,7,1815,1,2,4,1.0,1.0,73213,M,4555344.0,596469.0,73
201800002436,18,5,23,1110,1,2,1,1.0,3.0,73064,M,4554907.0,597083.0,73