Num_Acc,an,mois,jour,hrmn,lum,agg,int,atm,col,com,gps,lat,long,dep
201800002437,18,6,21,1610,1,2,3,1.0,5.0,73213,M,4556198.0,596150.0,73
201800002438,18,6,19,2240,5,2,1,1.0,2.0,73213,M,4556891.0,596285.0,73
201800002439,18,9,7,1115,1,2,3,1.0,2.0,73064,M,4554381.0,597221.0,73
201800002440,18,9,27,1615,1,1,1,1.0,6.0,73243,M,4560374.0,601590.0,73
201800002441,18,12,15,430,5,2,4,1.0,6.0,73213,M,4554675.0,595698.0,73
201800002442,18,5,31,1200,1,1,1,1.0,6.0,73036,M,4573159.0,610963.0,73
201800002443,18,6,9,2125,2,1,1,1.0,7.0,73020,M,4571774.0,608092.0,73
201800002444,18,2,28,755,1,1,1,1.0,3.0,73179,M,4559392.0,588667.0,73
201800002445,18,3,26,955,1,2,3,1.0,5.0,73051,M,4565422.0,585872.0,73
201800002446,18,8,11,846,1,2,4,1.0,7.0,73314,M,4551262.0,613767.0,73
201800002447,18,11,18,1620,1,1,3,1.0,1.0,73079,M,4555939.0,618620.0,73
201800002448,18,5,3,1730,1,2,1,1.0,6.0,73006,M,4555750.0,664938.0,73
201800002449,18,8,10,120,5,2,4,1.0,6.0,73006,M,4555356.0,664435.0,73
201800002450,18,8,16,1520,1,1,1,1.0,6.0,73006,M,4554110.0,664049.0,73
201800002451,18,9,1,1055,1,2,1,1.0,2.0,73006,M,4555360.0,663933.0,73
201800002452,18,10,7,1455,1,1,1,1.0,6.0,73150,M,4551141.0,667973.0,73
201800002453,18,10,19,1710,1,2,4,1.0,6.0,73006,M,4555797.0,664172.0,73
201800002454,18,12,8,1340,1,1,1,2.0,1.0,73006,M,4555150.0,663332.0,73
201800002455,18,12,21,1520,1,1,1,4.0,1.0,73150,M,4553201.0,667184.0,73
201800002456,18,12,28,1020,1,1,1,9.0,6.0,73006,M,4554781.0,665888.0,73
201800002457,18,5,4,2235,3,1,1,1.0,6.0,73211,M,4571458.0,644391.0,73
201800002458,18,7,3,1730,1,1,3,1.0,3.0,73034,M,4572135.0,656637.0,73
201800002459,18,7,9,1320,1,1,1,7.0,1.0,73034,M,4570746.0,660511.0,73
201800002460,18,9,29,1100,1,1,1,1.0,1.0,73034,M,4569546.0,666515.0,73
201800002461,18,11,6,1830,3,1,1,3.0,5.0,73317,M,4572007.0,651953.0,73
201800002462,18,4,28,1015,1,1,1,1.0,5.0,73232,M,4554022.0,691079.0,73
201800002463,18,6,29,950,1,2,6,1.0,3.0,73054,M,4561852.0,677089.0,73
201800002464,18,7,5,650,1,1,4,1.0,1.0,73077,M,4558626.0,673098.0,73
201800002465,18,7,24,1440,1,1,1,1.0,1.0,73054,M,4567108.0,676042.0,73
201800002466,18,7,29,1445,1,1,1,1.0,6.0,73285,M,4560664.0,684893.0,73
201800002467,18,9,24,1110,1,1,4,1.0,3.0,73176,M,4562304.0,685610.0,73
201800002468,18,10,2,1600,1,2,3,1.0,1.0,73285,M,4562029.0,678887.0,73
201800002469,18,10,24,1530,1,1,1,1.0,3.0,73285,M,4561286.0,682859.0,73
201800002470,18,3,3,1024,1,1,1,4.0,6.0,73187,M,4554316.0,649660.0,73
201800002471,18,2,27,2315,5,2,4,4.0,6.0,73227,M,4541520.0,663390.0,73
201800002472,18,6,25,855,1,2,3,1.0,3.0,73003,M,4549946.0,651057.0,73
201800002473,18,6,28,910,1,1,1,1.0,1.0,73057,M,4545654.0,655310.0,73
201800002474,18,7,4,1630,1,1,3,1.0,3.0,73321,M,4546504.0,652727.0,73
201800002475,18,7,15,1145,1,1,1,1.0,6.0,73187,M,4544113.0,637862.0,73
201800002476,18,7,24,1145,1,1,1,1.0,3.0,73187,M,4554587.0,646058.0,73
201800002477,18,8,1,1745,1,1,1,1.0,1.0,73244,M,4543708.0,649441.0,73
201800002478,18,8,19,1505,1,2,6,7.0,3.0,73181,M,4548110.0,652863.0,73
201800002479,18,9,2,1320,1,1,1,1.0,7.0,73187,M,4552187.0,645819.0,73
201800002480,18,9,9,1525,1,2,3,1.0,7.0,73181,M,4548395.0,652968.0,73
201800002481,18,10,13,120,3,1,1,1.0,7.0,73006,M,4552903.0,659323.0,73
201800002482,18,11,1,1500,1,2,9,2.0,3.0,73003,M,4550987.0,648942.0,73
201800002483,18,11,28,1400,1,1,1,1.0,2.0,73187,M,4553735.0,646716.0,73
201800002484,18,12,3,740,1,2,1,2.0,6.0,73181,M,4548648.0,652967.0,73
201800002485,18,1,7,2230,3,1,1,4.0,6.0,73177,M,4532595.0,634203.0,73
201800002486,18,1,31,1800,3,1,3,1.0,1.0,73320,M,4526760.0,637575.0,73
201800002487,18,3,28,1330,1,1,1,1.0,2.0,73203,M,4531764.0,632857.0,73
201800002488,18,4,21,600,2,1,1,1.0,7.0,73116,M,4525980.0,629026.0,73
201800002489,18,6,29,1740,1,2,1,1.0,6.0,73203,M,4530261.0,635074.0,73
201800002490,18,7,7,200,5,2,4,1.0,7.0,73248,M,4527592.0,634789.0,73
201800002491,18,7,7,1245,1,1,1,1.0,6.0,73256,M,4520302.0,645400.0,73
201800002492,18,7,16,1,5,2,1,2.0,6.0,73306,M,4516205.0,642204.0,73
201800002493,18,7,21,1340,1,1,1,1.0,1.0,73256,M,4521145.0,646650.0,73
201800002494,18,7,27,1350,1,1,1,1.0,6.0,73194,M,4519574.0,655732.0,73
201800002495,18,8,10,1040,1,2,3,1.0,3.0,73248,M,4527158.0,635147.0,73
201800002496,18,9,8,2239,5,2,3,1.0,3.0,73248,M,4527198.0,635094.0,73
201800002497,18,9,12,2125,3,1,4,1.0,2.0,73320,M,4526650.0,638122.0,73
201800002498,18,9,22,1046,1,2,4,1.0,3.0,73250,M,4526189.0,638938.0,73
201800002499,18,11,6,1105,1,1,1,2.0,5.0,73248,M,4528692.0,635407.0,73
201800002500,18,6,30,1100,1,1,1,1.0,3.0,73290,M,4520598.0,696235.0,73
201800002501,18,7,1,1232,1,1,1,1.0,7.0,73047,M,4539216.0,704579.0,73
201800002502,18,7,2,1200,1,1,1,1.0,6.0,73047,M,4539227.0,704546.0,73
201800002503,18,8,1,1823,2,2,1,1.0,6.0,73040,M,4532116.0,699274.0,73
201800002504,18,8,22,2230,3,1,1,1.0,6.0,73047,M,4536535.0,703804.0,73
201800002505,18,7,7,1015,1,2,3,1.0,3.0,73157,M,4520269.0,667183.0,73
201800002506,18,12,22,1130,1,2,3,1.0,6.0,73157,M,4519405.0,665953.0,73
201800002507,18,3,25,610,3,1,1,2.0,6.0,74136,M,4597304.0,645477.0,74
201800002508,18,4,5,1805,1,1,1,1.0,5.0,74280,M,4586039.0,632746.0,74
201800002509,18,4,18,1830,1,2,2,1.0,3.0,74036,M,4587327.0,621219.0,74
201800002510,18,4,21,1150,1,1,1,1.0,7.0,74239,M,4592133.0,639607.0,74
201800002511,18,5,24,1730,1,1,1,1.0,1.0,74003,M,4589679.0,622632.0,74
201800002512,18,6,13,1600,1,1,1,1.0,3.0,74102,M,4590325.0,622073.0,74
201800002513,18,7,19,810,1,1,1,1.0,6.0,74003,M,4589679.0,622632.0,74
201800002514,18,8,15,1120,1,1,1,1.0,2.0,74136,M,4596452.0,643794.0,74
201800002515,18,8,26,915,1,1,1,1.0,4.0,74080,M,4587541.0,645407.0,74
201800002516,18,8,28,1400,1,2,9,1.0,6.0,74280,M,4588302.0,632423.0,74
201800002517,18,12,13,1415,1,1,1,1.0,6.0,74280,M,4588696.0,632852.0,74
201800002518,18,12,20,1540,1,2,3,2.0,6.0,74280,M,4588500.0,631904.0,74
201800002519,18,1,4,1745,5,2,3,2.0,6.0,74042,M,4607267.0,640631.0,74
201800002520,18,3,24,1630,1,2,6,1.0,6.0,74042,M,4607605.0,640729.0,74
201800002521,18,3,25,1730,1,1,1,8.0,1.0,74212,M,4599954.0,639465.0,74
201800002522,18,4,20,1410,1,1,6,1.0,7.0,74087,M,4614749.0,632004.0,74
201800002523,18,4,27,715,1,1,3,7.0,3.0,74042,M,4608632.0,640007.0,74
201800002524,18,5,5,2025,2,2,1,1.0,5.0,74042,M,4607965.0,640609.0,74
201800002525,18,7,15,1650,1,2,1,1.0,3.0,74042,M,4605411.0,645505.0,74
201800002526,18,8,4,940,1,1,1,1.0,7.0,74042,M,4610160.0,636060.0,74
201800002527,18,8,14,1715,1,1,3,1.0,1.0,74087,M,4614955.0,632775.0,74
201800002528,18,10,13,1900,5,2,1,1.0,7.0,74024,M,4608195.0,643005.0,74
201800002529,18,10,20,1630,1,1,1,1.0,1.0,74212,M,4600884.0,639680.0,74
201800002530,18,10,20,2140,3,1,1,5.0,2.0,74042,M,4607176.0,646069.0,74
201800002531,18,10,28,2250,5,2,3,2.0,1.0,74042,M,4607824.0,641703.0,74
201800002532,18,11,23,1950,5,2,1,1.0,1.0,74042,M,4607738.0,640993.0,74
201800002533,18,1,29,2130,3,2,1,1.0,6.0,74056,M,4598218.0,691646.0,74
201800002534,18,6,12,1605,1,2,3,1.0,3.0,74143,M,4589715.0,681546.0,74
201800002535,18,7,27,1230,1,1,1,1.0,6.0,74056,M,4593142.0,687314.0,74
201800002536,18,8,3,1050,1,2,2,1.0,3.0,74266,M,4594527.0,678468.0,74
201800002537,18,12,24,600,5,2,3,3.0,6.0,74056,M,4592106.0,686060.0,74
201800002538,18,2,8,2045,3,1,1,1.0,1.0,74250,M,4606582.0,636415.0,74
201800002539,18,6,14,845,1,1,1,1.0,4.0,74250,M,4607082.0,635501.0,74
201800002540,18,7,1,925,1,2,1,1.0,6.0,74224,M,4606700.0,631350.0,74
201800002541,18,7,11,725,1,1,3,1.0,1.0,74250,M,4607716.0,635913.0,74
201800002542,18,7,15,2115,1,2,1,1.0,6.0,74224,M,4606607.0,631111.0,74
201800002543,18,7,22,1550,1,1,1,1.0,1.0,74250,M,4604662.0,637566.0,74
201800002544,18,7,27,2325,3,1,2,1.0,2.0,74090,M,4608938.0,631328.0,74
201800002545,18,8,18,1230,1,1,1,1.0,3.0,74116,M,4605164.0,626726.0,74
201800002546,18,11,1,1930,3,1,1,8.0,6.0,74224,M,4607689.0,630309.0,74
201800002547,18,11,17,1900,3,1,1,1.0,7.0,74250,M,4604843.0,637574.0,74
201800002548,18,4,6,1815,1,1,1,1.0,1.0,74044,M,4615635.0,616691.0,74
201800002549,18,4,22,1420,1,1,3,7.0,3.0,74124,M,4611870.0,607351.0,74
201800002550,18,6,1,2230,3,1,1,1.0,2.0,74216,M,4609336.0,609257.0,74
201800002551,18,6,20,605,1,1,1,1.0,4.0,74031,M,4609725.0,610400.0,74
201800002552,18,8,31,1350,1,1,3,8.0,1.0,74243,M,4614225.0,608549.0,74
201800002553,18,10,20,1850,5,2,9,1.0,3.0,74016,M,4613485.0,613364.0,74
201800002554,18,10,28,700,3,1,1,3.0,7.0,74016,M,4612152.0,614084.0,74
201800002555,18,11,10,445,3,1,1,9.0,7.0,74243,M,4614298.0,609961.0,74
201800002556,18,12,7,634,3,1,3,1.0,3.0,74016,M,4613411.0,612246.0,74
201800002557,18,12,28,100,3,1,6,5.0,6.0,74201,M,4612402.0,609298.0,74
201800002558,18,1,16,545,4,2,1,2.0,1.0,74220,M,4612887.0,626663.0,74
201800002559,18,4,4,955,1,1,1,7.0,1.0,74094,M,4617950.0,629302.0,74
201800002560,18,4,15,1845,1,1,1,1.0,1.0,74220,M,4615008.0,625628.0,74
201800002561,18,4,27,2345,3,2,1,1.0,6.0,74015,M,4608173.0,620089.0,74
201800002562,18,4,29,1350,1,2,3,1.0,3.0,74094,M,4619961.0,628832.0,74
201800002563,18,5,7,1800,1,1,3,1.0,1.0,74220,M,4613728.0,628878.0,74
201800002564,18,5,20,200,3,1,1,1.0,6.0,74128,M,4616765.0,637087.0,74
201800002565,18,5,21,1500,1,1,1,1.0,7.0,74185,M,4615599.0,621009.0,74
201800002566,18,6,2,1410,1,1,1,1.0,6.0,74220,M,4613888.0,627033.0,74
201800002567,18,6,17,1920,1,1,4,1.0,2.0,74128,M,4615022.0,632639.0,74
201800002568,18,6,17,1608,1,2,1,1.0,2.0,74185,M,4615261.0,619197.0,74
201800002569,18,6,20,1730,1,1,1,1.0,6.0,74220,M,4615861.0,624444.0,74
201800002570,18,6,30,1545,1,1,3,1.0,6.0,74262,M,4612316.0,631373.0,74
201800002571,18,8,13,1545,1,1,1,1.0,3.0,74128,M,4617093.0,637072.0,74
201800002572,18,8,24,1135,1,1,3,1.0,5.0,74128,M,4615196.0,633227.0,74
201800002573,18,9,2,940,1,2,3,1.0,6.0,74229,M,4623049.0,632058.0,74
201800002574,18,9,20,1900,1,1,1,1.0,7.0,74211,M,4609877.0,627130.0,74
201800002575,18,10,4,2210,5,1,1,1.0,1.0,74094,M,4619065.0,629404.0,74
201800002576,18,10,1,745,1,1,1,1.0,7.0,74197,M,4615015.0,630668.0,74
201800002577,18,10,15,1720,1,1,1,1.0,3.0,74197,M,4614717.0,631751.0,74
201800002578,18,10,22,1350,1,2,4,1.0,3.0,74220,M,4613085.0,626173.0,74
201800002579,18,11,6,1655,1,1,1,2.0,1.0,74220,M,4613253.0,630434.0,74
201800002580,18,11,6,1800,3,1,1,1.0,1.0,74094,M,4620815.0,629402.0,74
201800002581,18,11,30,1947,3,1,1,2.0,1.0,74094,M,4618367.0,630323.0,74
201800002582,18,2,28,810,1,1,1,1.0,1.0,74286,M,4633161.0,666187.0,74
201800002583,18,3,17,500,3,1,1,1.0,7.0,74058,M,4630092.0,679273.0,74
201800002584,18,4,12,1723,1,2,3,1.0,3.0,74286,M,4632315.0,667065.0,74
201800002585,18,5,30,200,3,1,1,1.0,6.0,74063,M,4624092.0,679515.0,74
201800002586,18,7,29,930,1,1,1,1.0,6.0,74063,M,4623859.0,691677.0,74
201800002587,18,8,12,220,3,1,1,1.0,6.0,74058,M,4627982.0,681845.0,74
201800002588,18,8,16,1405,1,2,1,1.0,1.0,74063,M,4625631.0,682986.0,74
201800002589,18,8,19,2000,2,1,1,1.0,6.0,74058,M,4628861.0,680711.0,74
201800002590,18,9,30,30,3,1,1,1.0,7.0,74063,M,4621816.0,679232.0,74
201800002591,18,5,5,2030,1,1,1,1.0,6.0,74139,M,4622860.0,644856.0,74
201800002592,18,4,3,725,2,1,1,1.0,5.0,74154,M,4640573.0,667367.0,74
201800002593,18,4,11,2035,3,1,1,1.0,5.0,74175,M,4640599.0,672619.0,74
201800002594,18,5,27,1630,1,1,1,1.0,7.0,74127,M,4634460.0,654817.0,74
201800002595,18,6,1,700,1,1,1,1.0,1.0,74249,M,4636924.0,663695.0,74
201800002596,18,6,26,1555,1,1,3,1.0,3.0,74154,M,4640573.0,667367.0,74
201800002597,18,7,13,1845,1,1,3,1.0,2.0,74166,M,4638358.0,652424.0,74
201800002598,18,8,23,1820,1,2,2,1.0,3.0,74057,M,4637071.0,655183.0,74
201800002599,18,8,30,730,1,1,1,1.0,3.0,74175,M,4640504.0,673445.0,74
201800002600,18,9,7,1904,2,2,1,1.0,5.0,74166,M,4638306.0,652289.0,74
201800002601,18,4,22,1030,1,2,3,1.0,2.0,63345,M,4570556.0,302049.0,63
201800002602,18,5,19,1550,1,2,4,1.0,1.0,63307,M,4574029.0,311511.0,63
201800002603,18,6,22,1830,1,2,1,1.0,6.0,63307,M,4571419.0,307028.0,63
201800002604,18,7,1,245,5,2,1,1.0,6.0,63307,M,4572877.0,310107.0,63
201800002605,18,7,15,2145,5,1,1,1.0,1.0,63345,M,4571687.0,301856.0,63
201800002606,18,8,15,1630,1,2,6,1.0,6.0,63345,M,4570443.0,301826.0,63
201800002607,18,4,7,1655,1,1,3,1.0,3.0,63254,M,4580520.0,305038.0,63
201800002608,18,6,4,820,1,2,1,1.0,6.0,63042,M,4583400.0,307768.0,63
201800002609,18,8,26,750,1,1,1,1.0,7.0,63263,M,4578434.0,304427.0,63
201800002610,18,10,14,1615,1,1,1,1.0,7.0,63417,M,4582769.0,304639.0,63
201800002611,18,10,18,1140,1,1,1,1.0,3.0,63263,M,4578225.0,303899.0,63
201800002612,18,12,16,340,3,1,3,8.0,6.0,63263,M,4576760.0,301414.0,63
201800002613,18,11,25,1420,1,2,1,1.0,1.0,63042,M,4582650.0,308228.0,63
201800002614,18,3,7,1315,1,2,3,1.0,3.0,63204,M,4580851.0,319409.0,63
201800002615,18,3,21,2235,4,2,1,1.0,6.0,63133,M,4576294.0,323952.0,63
201800002616,18,4,2,1733,1,1,1,1.0,3.0,63284,M,4581161.0,323688.0,63
201800002617,18,7,6,2255,5,2,2,1.0,3.0,63284,M,4579926.0,324453.0,63
201800002618,18,7,29,532,4,1,1,1.0,6.0,63284,M,4578827.0,322139.0,63
201800002619,18,8,3,1920,1,2,1,1.0,6.0,63284,M,4579498.0,323052.0,63
201800002620,18,9,16,530,3,1,1,1.0,7.0,63200,M,4584009.0,323065.0,63
201800002621,18,2,19,1730,2,1,1,1.0,1.0,63383,M,4552967.0,297379.0,63
201800002622,18,4,21,1635,1,1,1,1.0,2.0,63077,M,4556077.0,285478.0,63
201800002623,18,6,30,1400,1,1,1,1.0,7.0,63038,M,,,63
201800002624,18,1,29,1320,1,1,1,1.0,1.0,63092,M,,,63
201800002625,18,6,8,2055,1,1,1,1.0,3.0,63203,M,,,63
201800002626,18,8,28,1930,1,2,1,1.0,2.0,63099,M,4584428.0,309223.0,63
201800002627,18,11,16,1810,3,1,4,5.0,3.0,63099,M,4584985.0,308239.0,63
201800002628,18,1,7,545,3,1,6,2.0,7.0,03290,M,4663049.0,327300.0,03
201800002629,18,1,17,844,1,1,1,2.0,3.0,03286,M,4651088.0,337737.0,03
201800002630,18,2,20,500,3,1,1,1.0,7.0,03200,M,4656231.0,330455.0,03
201800002631,18,2,28,1450,1,1,3,1.0,3.0,03229,M,4669253.0,339930.0,03
201800002632,18,4,28,500,3,1,1,1.0,6.0,03121,M,4663605.0,339095.0,03
201800002633,18,5,21,1725,1,2,1,1.0,3.0,03015,M,4664538.0,320463.0,03
201800002634,18,9,9,1755,1,1,1,1.0,3.0,03316,M,4667626.0,323294.0,03
201800002635,18,10,25,1615,1,1,1,1.0,6.0,03015,M,4665895.0,322901.0,03
201800002636,18,11,7,1600,1,1,1,2.0,1.0,03286,M,4651088.0,337737.0,03
201800002637,18,11,12,1420,1,1,1,1.0,2.0,03121,M,4663688.0,340159.0,03
201800002638,18,1,26,1020,1,1,1,1.0,7.0,03300,M,4643536.0,362324.0,03
201800002639,18,3,8,100,3,2,1,1.0,7.0,03100,M,4653206.0,374501.0,03
201800002640,18,4,18,2025,1,1,1,1.0,6.0,03102,M,4653248.0,365508.0,03
201800002641,18,4,28,1145,1,1,1,1.0,6.0,03086,M,4647978.0,389147.0,03
201800002642,18,6,13,910,1,2,3,1.0,3.0,03102,M,4652280.0,368028.0,03
201800002643,18,6,14,620,2,1,1,1.0,2.0,03173,M,4646093.0,389026.0,03
201800002644,18,6,21,900,1,2,1,1.0,6.0,03102,M,4651944.0,368522.0,03
201800002645,18,7,16,1255,1,1,1,1.0,6.0,03207,M,4650499.0,382873.0,03
201800002646,18,8,10,910,1,1,1,1.0,2.0,03102,M,4653739.0,369517.0,03
201800002647,18,10,30,1330,1,2,1,1.0,7.0,03173,M,4647472.0,392774.0,03
201800002648,18,12,2,1828,3,1,1,3.0,5.0,03173,M,4645591.0,392274.0,03
201800002649,18,12,29,1930,5,2,1,1.0,6.0,03173,M,4647421.0,396145.0,03
201800002650,18,1,11,845,2,1,1,2.0,1.0,03308,M,4627244.0,297490.0,03
201800002651,18,1,23,1044,1,1,1,1.0,1.0,03104,M,4633428.0,278342.0,03
201800002652,18,2,3,1305,1,2,1,1.0,6.0,03027,M,4632919.0,285078.0,03
201800002653,18,2,9,1240,1,1,1,8.0,7.0,03070,M,4641048.0,295034.0,03
201800002654,18,6,6,1815,1,1,3,1.0,1.0,03020,M,4627925.0,287174.0,03
201800002655,18,6,12,1625,1,1,1,1.0,7.0,03243,M,4631875.0,301352.0,03
201800002656,18,8,17,242,3,1,1,1.0,6.0,03189,M,4630764.0,280978.0,03
201800002657,18,10,21,1500,1,1,4,1.0,7.0,03189,M,4631511.0,282064.0,03
201800002658,18,11,6,1000,1,1,1,2.0,1.0,03020,M,4627515.0,290530.0,03
201800002659,18,11,14,950,1,1,1,1.0,1.0,03315,M,4638315.0,282889.0,03
201800002660,18,11,18,1820,5,2,3,1.0,7.0,03315,M,4640090.0,285460.0,03
201800002661,18,11,16,1740,5,2,2,1.0,3.0,03097,M,4637989.0,277721.0,03
201800002662,18,12,7,1700,3,1,1,3.0,1.0,03020,M,4627292.0,289682.0,03
201800002663,18,12,10,1110,1,1,1,1.0,3.0,03104,M,4633080.0,276029.0,03
201800002664,18,12,15,900,1,2,1,1.0,6.0,03186,M,4631780.0,295120.0,03
201800002665,18,1,26,2330,3,1,1,5.0,3.0,03131,M,4616314.0,360113.0,03
201800002666,18,2,3,1818,3,1,1,1.0,1.0,03008,M,4607970.0,353863.0,03
201800002667,18,2,11,1715,1,1,1,2.0,7.0,03050,M,4602744.0,375261.0,03
201800002668,18,5,6,2100,2,1,1,1.0,7.0,03131,M,4614097.0,364932.0,03
201800002669,18,5,11,1450,1,1,1,1.0,7.0,03113,M,4601458.0,367099.0,03
201800002670,18,5,20,1815,1,1,1,1.0,7.0,03139,M,4601130.0,378777.0,03
201800002671,18,6,6,1830,1,2,3,2.0,7.0,03165,M,4607708.0,366539.0,03
201800002672,18,6,20,900,1,1,1,1.0,7.0,03113,M,4603608.0,364714.0,03
201800002673,18,6,23,1430,1,1,1,1.0,3.0,03224,M,4607893.0,369917.0,03
201800002674,18,9,18,2235,3,2,1,1.0,6.0,03165,M,4607537.0,366307.0,03
201800002675,18,9,27,1150,1,2,1,1.0,6.0,03165,M,4607174.0,366742.0,03
201800002676,18,10,10,1715,1,1,1,2.0,7.0,03165,M,4605909.0,364894.0,03
201800002677,18,10,27,1500,1,1,1,1.0,7.0,03008,M,4602880.0,355270.0,03
201800002678,18,11,15,1045,1,1,1,1.0,7.0,03042,M,4615802.0,364678.0,03
201800002679,18,12,14,2330,3,1,1,1.0,6.0,03042,M,4619626.0,364360.0,03
201800002680,18,7,15,1010,1,1,1,1.0,7.0,03266,M,4624918.0,347166.0,03
201800002681,18,7,29,1515,1,2,1,1.0,6.0,03298,M,4631362.0,340643.0,03
201800002682,18,8,2,2300,3,1,2,1.0,3.0,03235,M,4625709.0,352042.0,03
201800002683,18,8,11,1050,1,2,3,1.0,3.0,03242,M,4635442.0,337603.0,03
201800002684,18,12,7,1720,3,1,2,2.0,7.0,03215,M,4630461.0,343472.0,03
201800002685,18,12,26,810,2,1,1,1.0,1.0,03242,M,4636548.0,336718.0,03
201800002686,18,1,1,1830,2,2,1,2.0,7.0,03185,M,4631889.0,258525.0,03
201800002687,18,2,27,1629,1,2,4,1.0,1.0,03101,M,4636126.0,253832.0,03
201800002688,18,1,20,840,1,2,1,3.0,6.0,03211,M,4633762.0,256756.0,03
201800002689,18,2,14,1400,1,2,2,1.0,3.0,03185,M,4634590.0,260888.0,03
201800002690,18,3,10,1030,1,2,1,1.0,6.0,03185,M,4635265.0,258756.0,03
201800002691,18,4,29,150,4,2,1,2.0,6.0,03098,M,4634561.0,262309.0,03
201800002692,18,5,22,820,1,2,1,1.0,6.0,03185,M,4634092.0,260126.0,03
201800002693,18,5,25,936,1,2,2,1.0,3.0,03185,M,4633220.0,258548.0,03
201800002694,18,5,29,1020,1,2,1,8.0,6.0,03185,M,4633276.0,260381.0,03
201800002695,18,6,3,939,1,2,9,1.0,2.0,03185,M,4635067.0,261204.0,03
201800002696,18,6,19,945,1,2,1,7.0,6.0,03185,M,4633304.0,257527.0,03
201800002697,18,7,1,545,5,1,1,1.0,6.0,03101,M,4637187.0,257049.0,03
201800002698,18,6,30,1934,1,2,2,1.0,3.0,03101,M,4636476.0,253839.0,03
201800002699,18,7,1,1910,1,2,2,1.0,2.0,03185,M,4633944.0,258117.0,03
201800002700,18,7,3,1706,1,2,9,1.0,3.0,03098,M,4634526.0,261970.0,03
201800002701,18,7,8,1600,1,2,1,1.0,1.0,03185,M,4634600.0,260394.0,03
201800002702,18,7,13,1530,1,2,9,7.0,6.0,03101,M,4633806.0,256827.0,03
201800002703,18,8,28,1315,1,1,1,7.0,6.0,03185,M,4633765.0,263210.0,03
201800002704,18,10,23,305,4,1,9,1.0,6.0,03101,M,4635322.0,251774.0,03
201800002705,18,11,11,1121,1,2,1,1.0,3.0,03101,M,4633929.0,256493.0,03
201800002706,18,11,12,1700,5,2,3,3.0,6.0,03185,M,4635517.0,258778.0,03
201800002707,18,12,3,1803,5,2,1,2.0,6.0,03185,M,4633911.0,258002.0,03
201800002708,18,12,29,1630,1,2,1,1.0,3.0,03185,M,4633579.0,260906.0,03
201800002709,18,6,8,1703,1,2,7,1.0,6.0,03190,M,4656551.0,332819.0,03
201800002710,18,6,27,930,1,2,1,1.0,6.0,03190,M,4656062.0,331870.0,03
201800002711,18,8,1,1620,1,1,1,1.0,6.0,03321,M,4655820.0,338731.0,03
201800002712,18,8,3,2215,5,2,1,1.0,3.0,03190,M,4656128.0,332990.0,03
201800002713,18,8,21,1610,1,2,9,1.0,1.0,03190,M,4656122.0,332972.0,03
201800002714,18,10,21,2050,5,2,2,1.0,3.0,03190,M,4656160.0,333530.0,03
201800002715,18,10,30,1710,1,2,4,1.0,3.0,03190,M,4654657.0,334097.0,03
201800002716,18,11,17,1401,1,2,9,1.0,6.0,03190,M,4656105.0,332115.0,03
201800002717,18,12,20,1750,5,2,1,2.0,6.0,03190,M,5026666.0,166666.0,03
201800002718,18,1,11,1720,2,1,1,1.0,1.0,57415,M,4914393.0,610853.0,57
201800002719,18,5,23,1130,1,1,9,1.0,3.0,57134,M,4913190.0,606519.0,57
201800002720,18,5,23,1105,1,2,1,1.0,5.0,57622,M,4918683.0,603275.0,57
201800002721,18,8,6,1228,1,1,9,1.0,7.0,57017,M,4914317.0,608853.0,57
201800002722,18,8,23,1555,1,2,1,2.0,1.0,57620,M,4919169.0,600296.0,57
201800002723,18,9,3,1350,1,1,9,1.0,1.0,57634,M,4916051.0,610823.0,57
201800002724,18,9,22,845,1,1,9,1.0,2.0,57707,M,4912580.0,600558.0,57
201800002725,18,11,27,720,2,1,1,5.0,1.0,57707,M,4915085.0,600435.0,57
201800002726,18,1,5,645,5,2,9,2.0,6.0,57601,M,4910895.0,609068.0,57
201800002727,18,4,18,1330,1,2,1,1.0,6.0,57039,M,4907468.0,610685.0,57
201800002728,18,5,22,1415,1,2,3,1.0,3.0,57350,M,4906321.0,607960.0,57
201800002729,18,7,29,1645,1,1,1,1.0,6.0,57212,M,4903133.0,611621.0,57
201800002730,18,9,26,2000,3,1,1,1.0,2.0,57153,M,4903488.0,605984.0,57
201800002731,18,9,27,1330,1,1,1,1.0,5.0,57212,M,4903102.0,610950.0,57
201800002732,18,11,13,850,2,2,1,1.0,3.0,57153,M,4903755.0,607075.0,57
201800002733,18,1,5,1545,1,2,7,2.0,6.0,57645,M,4919636.0,614993.0,57
201800002734,18,3,12,1210,1,2,1,1.0,2.0,57303,M,4921678.0,616948.0,57
201800002735,18,3,17,2130,3,1,1,4.0,1.0,57511,M,4917812.0,607395.0,57
201800002736,18,4,5,1510,1,2,2,1.0,3.0,57443,M,4920478.0,610077.0,57
201800002737,18,4,7,1130,1,2,1,1.0,5.0,57546,M,4916690.0,611224.0,57
201800002738,18,4,17,1855,1,2,6,1.0,1.0,57433,M,4921711.0,615246.0,57
201800002739,18,5,22,1930,1,1,1,1.0,3.0,57433,M,4920095.0,616025.0,57
201800002740,18,5,28,1455,1,2,1,1.0,7.0,57452,M,4915167.0,619207.0,57
201800002741,18,6,17,2155,2,2,1,1.0,6.0,57443,M,4920790.0,610597.0,57