Num_Acc,an,mois,jour,hrmn,lum,agg,int,atm,col,com,gps,lat,long,dep
201800002742,18,7,9,1515,1,1,9,1.0,3.0,57645,M,4919617.0,613842.0,57
201800002743,18,8,22,1700,1,2,1,1.0,3.0,57443,M,4921432.0,612024.0,57
201800002744,18,10,14,2007,5,2,1,1.0,1.0,57443,M,4922313.0,612877.0,57
201800002745,18,10,21,2230,5,2,1,1.0,7.0,57433,M,4921052.0,614825.0,57
201800002746,18,10,24,1350,1,2,1,8.0,6.0,57645,M,4919254.0,614684.0,57
201800002747,18,4,12,732,1,1,1,1.0,5.0,57765,M,4917354.0,670975.0,57
201800002748,18,5,29,1730,1,1,1,1.0,5.0,57123,M,4916632.0,671402.0,57
201800002749,18,6,25,1935,1,2,1,1.0,2.0,57160,M,4920179.0,669272.0,57
201800002750,18,10,25,655,2,2,1,2.0,3.0,57160,M,4920096.0,670809.0,57
201800002751,18,1,28,1826,3,1,1,2.0,7.0,57230,M,4909434.0,649539.0,57
201800002752,18,2,20,1850,5,1,1,1.0,1.0,57413,M,4910985.0,668314.0,57
201800002753,18,3,16,1510,1,1,1,7.0,2.0,57686,M,4903058.0,660574.0,57
201800002754,18,4,23,2225,5,2,1,1.0,7.0,57413,M,4910838.0,661559.0,57
201800002755,18,5,14,1445,1,1,3,1.0,2.0,57276,M,4907409.0,653161.0,57
201800002756,18,6,2,2300,3,1,1,1.0,2.0,57762,M,4913016.0,658645.0,57
201800002757,18,6,21,1930,1,1,1,1.0,2.0,57284,M,4912373.0,655461.0,57
201800002758,18,8,27,2125,5,2,1,1.0,2.0,57209,M,4904983.0,660091.0,57
201800002759,18,9,9,11,3,1,1,1.0,1.0,57549,M,4904684.0,663646.0,57
201800002760,18,9,9,1800,1,1,1,1.0,1.0,57413,M,4911653.0,665201.0,57
201800002761,18,11,24,1040,1,1,1,2.0,6.0,57085,M,4910734.0,646746.0,57
201800002762,18,12,14,1900,3,1,1,1.0,1.0,57190,M,4905853.0,655292.0,57
201800002763,18,5,16,2105,1,1,1,1.0,2.0,57222,M,4916168.0,691992.0,57
201800002764,18,6,2,1230,1,2,9,1.0,3.0,57521,M,4917609.0,692322.0,57
201800002765,18,6,2,2115,1,2,1,1.0,3.0,57013,M,4917683.0,700148.0,57
201800002766,18,11,6,1330,1,2,1,1.0,3.0,57484,M,4916499.0,686196.0,57
201800002767,18,1,5,1935,5,2,1,2.0,7.0,57208,M,4910166.0,689576.0,57
201800002768,18,5,7,2015,1,2,1,1.0,6.0,57207,M,4912388.0,687585.0,57
201800002769,18,6,9,1615,1,1,1,1.0,1.0,57207,M,4911420.0,684878.0,57
201800002770,18,12,29,1935,5,2,1,2.0,1.0,57073,M,4912842.0,681598.0,57
201800002771,18,10,19,1315,1,2,1,1.0,6.0,57206,M,4930841.0,609138.0,57
201800002772,18,11,7,1750,5,2,9,3.0,6.0,57206,M,4930486.0,610287.0,57
201800002773,18,11,9,1950,3,2,1,1.0,3.0,57206,M,4931373.0,610819.0,57
201800002774,18,2,19,835,1,2,1,1.0,1.0,57683,M,4930075.0,614901.0,57
201800002775,18,3,9,1330,1,2,1,2.0,2.0,57474,M,4926125.0,616348.0,57
201800002776,18,7,5,222,5,2,1,1.0,6.0,57683,M,4930118.0,616249.0,57
201800002777,18,3,17,1850,5,2,1,4.0,6.0,54430,M,4876239.0,611528.0,54
201800002778,18,5,5,1715,1,1,1,1.0,6.0,54430,M,4877074.0,610790.0,54
201800002779,18,7,15,2000,1,2,1,1.0,6.0,54215,M,4876011.0,612272.0,54
201800002780,18,10,13,40,5,1,3,1.0,6.0,54430,M,4878194.0,613028.0,54
201800002781,18,3,24,255,4,1,1,5.0,6.0,54196,M,4857660.0,617491.0,54
201800002782,18,4,22,2130,3,1,1,1.0,6.0,54429,M,4855545.0,611915.0,54
201800002783,18,5,7,1810,1,2,9,1.0,3.0,54366,M,4861050.0,614233.0,54
201800002784,18,10,30,1700,1,1,1,1.0,1.0,54366,M,4860641.0,616346.0,54
201800002785,18,12,8,1745,3,1,1,6.0,7.0,54596,M,4855459.0,609555.0,54
201800002786,18,2,2,1820,5,2,2,1.0,6.0,03310,M,4612995.0,343149.0,03
201800002787,18,2,5,955,1,2,3,1.0,6.0,03001,M,4609982.0,344413.0,03
201800002788,18,3,11,1510,1,2,1,1.0,6.0,03310,M,4613591.0,341545.0,03
201800002789,18,2,19,1655,1,2,1,1.0,6.0,03310,M,4613835.0,341553.0,03
201800002790,18,3,31,2320,3,2,1,1.0,2.0,03023,M,4613764.0,339845.0,03
201800002791,18,4,6,1740,1,2,6,1.0,2.0,03310,M,4612668.0,343001.0,03
201800002792,18,4,13,1415,1,2,6,1.0,3.0,03023,M,4611001.0,338234.0,03
201800002793,18,4,25,1820,1,2,3,1.0,5.0,03023,M,4611692.0,340106.0,03
201800002794,18,4,26,1700,1,2,2,1.0,7.0,03310,M,4611852.0,342655.0,03
201800002795,18,4,28,1130,1,2,1,1.0,6.0,03023,M,4611700.0,341370.0,03
201800002796,18,5,5,1144,1,2,1,1.0,6.0,03310,M,4612520.0,342080.0,03
201800002797,18,5,15,1028,1,2,2,1.0,6.0,03310,M,4612459.0,342974.0,03
201800002798,18,4,30,1705,1,1,1,1.0,1.0,03023,M,4612874.0,337488.0,03
201800002799,18,6,4,1255,1,2,2,1.0,3.0,03023,M,4610991.0,340469.0,03
201800002800,18,6,5,2225,5,2,2,1.0,3.0,03310,M,4612997.0,343149.0,03
201800002801,18,6,21,2350,3,2,3,1.0,2.0,03310,M,4613938.0,341553.0,03
201800002802,18,6,23,758,1,2,2,1.0,3.0,03095,M,4614146.0,344924.0,03
201800002803,18,6,24,640,2,2,2,1.0,1.0,03095,M,4613472.0,346211.0,03
201800002804,18,7,4,1645,1,2,1,3.0,6.0,03310,M,4611854.0,342662.0,03
201800002805,18,8,10,1150,1,2,3,1.0,6.0,03310,M,4612487.0,342093.0,03
201800002806,18,9,3,1745,1,2,3,1.0,2.0,03095,M,4614370.0,348380.0,03
201800002807,18,9,7,850,1,2,3,1.0,5.0,03310,M,4611842.0,343548.0,03
201800002808,18,9,12,1730,1,2,2,1.0,6.0,03310,M,4612293.0,342934.0,03
201800002809,18,9,15,1150,1,2,3,1.0,6.0,03310,M,4613361.0,342323.0,03
201800002810,18,9,20,1735,1,1,3,1.0,3.0,03310,M,4611799.0,343859.0,03
201800002811,18,9,22,1200,1,2,1,1.0,3.0,03310,M,4614544.0,341476.0,03
201800002812,18,10,4,1750,1,2,3,1.0,6.0,03095,M,4612400.0,344700.0,03
201800002813,18,10,15,1720,1,2,1,2.0,3.0,03310,M,4611957.0,342270.0,03
201800002814,18,11,4,1630,1,2,1,1.0,3.0,03023,M,4611490.0,341195.0,03
201800002815,18,11,6,1515,1,2,1,1.0,3.0,03095,M,4612885.0,343863.0,03
201800002816,18,11,30,755,3,2,1,2.0,1.0,03095,M,4613828.0,345626.0,03
201800002817,18,12,5,1310,1,2,1,1.0,3.0,03310,M,4614078.0,341541.0,03
201800002818,18,12,22,2212,5,2,1,1.0,6.0,03310,M,4612325.0,342232.0,03
201800002819,18,12,27,1534,1,2,3,1.0,3.0,03310,M,4612172.0,341812.0,03
201800002820,18,12,4,1623,1,2,1,1.0,6.0,03310,M,4612631.0,342536.0,03
201800002821,18,12,29,1300,1,2,1,1.0,3.0,03310,M,4614540.0,341464.0,03
201800002822,18,12,29,1830,5,2,2,1.0,3.0,03310,M,4613044.0,342355.0,03
201800002823,18,1,1,415,3,1,1,2.0,7.0,54061,M,4857395.0,664730.0,54
201800002824,18,3,13,650,2,1,1,1.0,3.0,54588,M,4860079.0,644326.0,54
201800002825,18,4,8,1145,1,1,1,1.0,7.0,54023,M,4872160.0,651052.0,54
201800002826,18,6,16,1640,1,2,4,1.0,6.0,54129,M,4858192.0,694641.0,54
201800002827,18,11,10,1145,1,1,1,1.0,6.0,54038,M,4849765.0,669453.0,54
201800002828,18,4,4,715,2,2,1,1.0,6.0,54584,M,4873630.0,598354.0,54
201800002829,18,8,14,730,1,1,1,1.0,6.0,54532,M,4880844.0,593642.0,54
201800002830,18,9,8,1700,1,2,6,1.0,6.0,54318,M,4875481.0,608387.0,54
201800002831,18,9,12,1737,1,1,1,1.0,6.0,54348,M,4882275.0,592144.0,54
201800002832,18,9,12,1640,1,1,1,1.0,7.0,54370,M,4881706.0,589055.0,54
201800002833,18,12,4,1640,2,1,1,1.0,1.0,54490,M,4877383.0,605396.0,54
201800002834,18,12,11,2145,5,1,1,1.0,1.0,54318,M,4875082.0,608390.0,54
201800002835,18,12,25,150,3,1,1,1.0,6.0,54318,M,4875885.0,603713.0,54
201800002836,18,1,28,1730,2,2,1,2.0,6.0,55423,M,4890907.0,518038.0,55
201800002837,18,4,18,1330,1,1,1,7.0,2.0,55366,M,4879054.0,506464.0,55
201800002838,18,4,25,1420,1,1,2,1.0,3.0,55123,M,4884550.0,520612.0,55
201800002839,18,9,15,1223,1,1,2,1.0,3.0,55479,M,4884475.0,520703.0,55
201800002840,18,12,14,2200,5,2,1,1.0,6.0,55011,M,4879262.0,495818.0,55
201800002841,18,6,26,1725,1,1,4,1.0,3.0,55258,M,4879792.0,567323.0,55
201800002842,18,11,6,2045,3,1,1,1.0,7.0,55258,M,4876597.0,569637.0,55
201800002843,18,1,12,2235,3,1,1,1.0,6.0,55510,M,4952667.0,533886.0,55
201800002844,18,5,27,1715,1,1,1,1.0,7.0,55351,M,4952201.0,535575.0,55
201800002845,18,5,17,2025,1,2,1,1.0,4.0,55425,M,4944309.0,536151.0,55
201800002846,18,6,2,1815,1,2,1,1.0,7.0,55218,M,4927592.0,547755.0,55
201800002847,18,7,17,1723,1,1,1,1.0,1.0,55510,M,4952272.0,532626.0,55
201800002848,18,7,20,1830,1,2,5,1.0,1.0,55351,M,4951667.0,536765.0,55
201800002849,18,9,14,1240,1,2,1,1.0,6.0,55554,M,4951106.0,540325.0,55
201800002850,18,10,7,30,3,1,1,1.0,7.0,55509,M,4957806.0,534060.0,55
201800002851,18,1,4,1540,1,2,1,3.0,6.0,88253,M,4819710.0,647606.0,88
201800002852,18,3,2,1325,1,1,1,4.0,5.0,88273,M,4821421.0,650210.0,88
201800002853,18,3,13,1320,1,2,1,2.0,1.0,88178,M,4817203.0,638719.0,88
201800002854,18,5,18,1600,1,2,1,1.0,1.0,88132,M,4820097.0,652758.0,88
201800002855,18,6,19,1330,1,2,1,1.0,6.0,88126,M,4819329.0,636303.0,88
201800002856,18,9,7,1220,1,1,1,1.0,6.0,88160,M,4817931.0,648459.0,88
201800002857,18,10,6,1510,1,2,2,1.0,3.0,88483,M,4819706.0,638037.0,88
201800002858,18,12,1,2140,3,1,1,2.0,7.0,88388,M,4813129.0,637796.0,88
201800002859,18,12,10,1515,1,2,1,2.0,6.0,88253,M,4819259.0,647588.0,88
201800002860,18,12,29,1500,1,1,3,1.0,3.0,88253,M,4818843.0,648520.0,88
201800002861,18,1,26,1810,5,2,3,2.0,6.0,88078,M,4820319.0,672274.0,88
201800002862,18,3,24,1640,1,1,1,7.0,1.0,88262,M,4818131.0,676507.0,88
201800002863,18,4,7,1900,1,1,1,1.0,3.0,88167,M,4813859.0,665893.0,88
201800002864,18,4,14,1640,1,1,1,1.0,4.0,88167,M,4814093.0,663817.0,88
201800002865,18,5,7,1410,1,1,1,1.0,1.0,88028,M,4815326.0,655614.0,88
201800002866,18,7,21,1500,1,1,1,1.0,1.0,88101,M,4812563.0,658684.0,88
201800002867,18,7,21,2315,3,1,1,1.0,1.0,88086,M,4819220.0,673734.0,88
201800002868,18,7,24,1710,1,1,1,1.0,7.0,88263,M,4813333.0,670875.0,88
201800002869,18,8,18,822,1,1,1,1.0,7.0,88167,M,4814023.0,664821.0,88
201800002870,18,9,1,1540,1,1,1,1.0,6.0,88064,M,4825512.0,679104.0,88
201800002871,18,9,24,1800,1,1,1,1.0,1.0,88064,M,4826921.0,682216.0,88
201800002872,18,11,12,2230,3,2,1,3.0,1.0,88091,M,4816412.0,659247.0,88
201800002873,18,4,13,1700,1,1,1,1.0,2.0,88173,M,4836989.0,627165.0,88
201800002874,18,5,24,1850,1,2,3,1.0,2.0,88090,M,4836924.0,629511.0,88
201800002875,18,9,1,905,1,1,1,1.0,1.0,88090,M,4835821.0,630662.0,88
201800002876,18,9,20,1105,1,1,1,1.0,1.0,88355,M,4834825.0,635569.0,88
201800002877,18,9,28,350,3,1,1,1.0,6.0,88073,M,4835138.0,627865.0,88
201800002878,18,1,29,1810,3,1,1,1.0,1.0,88527,M,4841119.0,658636.0,88
201800002879,18,4,20,1530,1,1,1,7.0,7.0,88395,M,4836615.0,658487.0,88
201800002880,18,6,29,630,1,1,9,1.0,1.0,88521,M,4830579.0,660582.0,88
201800002881,18,7,13,1152,1,2,1,1.0,7.0,88367,M,4834877.0,665519.0,88
201800002882,18,8,15,100,3,1,1,1.0,1.0,88340,M,4828788.0,657837.0,88
201800002883,18,10,10,1804,1,1,2,7.0,3.0,88416,M,4835013.0,652212.0,88
201800002884,18,1,4,1640,2,2,4,3.0,1.0,88321,M,4835079.0,569291.0,88
201800002885,18,1,26,1600,1,2,1,1.0,6.0,88095,M,4830071.0,583877.0,88
201800002886,18,1,27,115,3,1,1,1.0,6.0,88044,M,4831516.0,566793.0,88
201800002887,18,2,2,1815,3,1,1,2.0,5.0,88324,M,4829534.0,586353.0,88
201800002888,18,2,17,555,5,2,3,3.0,1.0,88095,M,4830104.0,583799.0,88
201800002889,18,2,26,1630,1,1,1,1.0,7.0,88083,M,4831012.0,572178.0,88
201800002890,18,4,6,1115,1,2,1,1.0,6.0,88321,M,4835272.0,569280.0,88
201800002891,18,4,11,1700,1,1,1,1.0,1.0,88020,M,4848724.0,585401.0,88
201800002892,18,4,18,130,3,1,3,1.0,6.0,88440,M,4827944.0,585453.0,88
201800002893,18,7,1,2322,3,1,1,1.0,6.0,88376,M,4832638.0,570635.0,88
201800002894,18,7,13,1000,1,1,1,1.0,6.0,88321,M,4835303.0,571650.0,88
201800002895,18,7,15,2135,2,1,1,1.0,7.0,88141,M,4828084.0,589522.0,88
201800002896,18,8,16,600,2,2,1,1.0,6.0,88270,M,4832376.0,557590.0,88
201800002897,18,5,26,530,3,1,1,9.0,6.0,88523,M,4833314.0,575413.0,88
201800002898,18,11,24,610,3,1,1,2.0,6.0,88241,M,4830197.0,591366.0,88
201800002899,18,12,4,1840,5,2,1,1.0,6.0,88401,M,4831121.0,577867.0,88
201800002900,18,12,21,1745,5,2,2,2.0,6.0,88321,M,4835177.0,569280.0,88
201800002901,18,5,8,1130,1,1,1,7.0,3.0,88470,M,4808684.0,673423.0,88
201800002902,18,5,17,1135,1,1,1,1.0,1.0,88196,M,4807339.0,683713.0,88
201800002903,18,6,9,315,5,2,7,1.0,3.0,88196,M,4806967.0,687504.0,88
201800002904,18,7,20,755,1,2,2,1.0,3.0,88196,M,4807399.0,688030.0,88
201800002905,18,7,28,1735,1,2,4,1.0,1.0,88196,M,4806400.0,685196.0,88
201800002906,18,8,6,1650,1,1,2,1.0,5.0,88196,M,4805121.0,686521.0,88
201800002907,18,2,23,1355,1,1,1,1.0,7.0,67216,M,4833777.0,758486.0,67
201800002908,18,3,25,645,1,1,1,1.0,7.0,67285,M,4839135.0,762290.0,67
201800002909,18,4,4,1004,1,2,6,1.0,2.0,67397,M,4831687.0,770515.0,67
201800002910,18,4,14,2225,3,1,1,1.0,6.0,67028,M,4836517.0,761085.0,67
201800002911,18,6,2,1530,1,1,1,1.0,6.0,67246,M,4833442.0,753235.0,67
201800002912,18,5,22,2200,3,1,1,1.0,6.0,67433,M,4837172.0,762921.0,67
201800002913,18,6,16,2225,3,1,1,1.0,6.0,67233,M,4838281.0,756067.0,67
201800002914,18,7,12,1000,1,2,2,1.0,3.0,67028,M,4837172.0,759788.0,67
201800002915,18,10,5,1345,1,1,3,1.0,2.0,67246,M,4833442.0,753235.0,67
201800002916,18,11,26,1245,1,2,1,1.0,1.0,67028,M,4837147.0,759204.0,67
201800002917,18,3,10,1900,3,1,1,1.0,6.0,67378,M,4845582.0,771874.0,67
201800002918,18,4,3,745,1,2,1,1.0,4.0,67131,M,4847982.0,772947.0,67
201800002919,18,7,14,1625,1,2,1,1.0,1.0,67131,M,4848792.0,771556.0,67
201800002920,18,8,29,1745,1,2,2,1.0,3.0,67137,M,4849654.0,768733.0,67
201800002921,18,1,28,1410,1,2,1,1.0,6.0,67130,M,4842507.0,766982.0,67
201800002922,18,2,21,1125,1,1,1,1.0,1.0,67338,M,4835729.0,768304.0,67
201800002923,18,3,3,1215,1,2,3,1.0,1.0,67130,M,4842815.0,765991.0,67
201800002924,18,3,30,2045,3,1,6,2.0,7.0,67154,M,4840272.0,772277.0,67
201800002925,18,5,7,1230,1,1,1,1.0,1.0,67526,M,4839933.0,757468.0,67
201800002926,18,1,9,345,3,1,1,8.0,6.0,67045,M,4848922.0,753299.0,67
201800002927,18,3,6,655,1,2,3,1.0,6.0,67248,M,4847585.0,756875.0,67
201800002928,18,3,9,1925,3,1,1,1.0,6.0,67031,M,4844430.0,744531.0,67
201800002929,18,3,29,1245,1,1,1,1.0,1.0,67031,M,4845169.0,744935.0,67
201800002930,18,4,25,1930,1,2,2,1.0,2.0,67164,M,4843292.0,748299.0,67
201800002931,18,6,4,1745,1,2,3,1.0,6.0,67348,M,4846417.0,749615.0,67
201800002932,18,7,23,1901,1,2,3,1.0,3.0,67348,M,4846473.0,749300.0,67
201800002933,18,8,6,1110,1,1,6,1.0,6.0,67348,M,4845200.0,748773.0,67
201800002934,18,8,21,1720,1,1,1,1.0,5.0,67286,M,4844656.0,758302.0,67
201800002935,18,9,11,800,1,2,3,1.0,6.0,67248,M,4847619.0,756542.0,67
201800002936,18,11,12,1815,5,2,1,1.0,6.0,67348,M,4846143.0,748436.0,67
201800002937,18,12,1,2020,3,1,1,1.0,1.0,67504,M,4841506.0,753964.0,67
201800002938,18,3,20,1450,1,1,3,1.0,1.0,67067,M,4872465.0,771430.0,67
201800002939,18,6,9,545,2,1,1,8.0,5.0,67067,M,4871232.0,767971.0,67
201800002940,18,6,24,1040,1,2,2,1.0,3.0,67458,M,4881999.0,772771.0,67
201800002941,18,6,14,1000,1,1,1,1.0,7.0,67087,M,4883445.0,767587.0,67
201800002942,18,10,1,1000,1,1,2,8.0,3.0,67023,M,4877866.0,771922.0,67
201800002943,18,10,13,1415,1,1,1,1.0,1.0,67331,M,4877245.0,774267.0,67
201800002944,18,11,13,705,2,1,1,2.0,1.0,67039,M,4870824.0,766609.0,67
201800002945,18,12,19,1800,5,2,1,2.0,3.0,67458,M,4882317.0,772665.0,67
201800002946,18,5,16,1855,1,2,3,1.0,3.0,67449,M,4880285.0,791118.0,67
201800002947,18,6,26,1430,1,1,3,1.0,6.0,67046,M,4875309.0,784837.0,67
201800002948,18,9,11,1020,1,2,1,1.0,1.0,67046,M,4877127.0,783612.0,67
201800002949,18,9,11,1820,1,2,1,1.0,6.0,67252,M,4874253.0,781252.0,67
201800002950,18,9,18,830,1,2,1,7.0,6.0,67046,M,4876824.0,785910.0,67
201800002951,18,11,7,1930,5,2,2,1.0,1.0,67046,M,4877589.0,784453.0,67
201800002952,18,2,6,620,3,1,1,1.0,1.0,67101,M,4851853.0,747461.0,67
201800002953,18,4,1,1720,1,2,1,1.0,6.0,67313,M,4852891.0,746040.0,67
201800002954,18,5,3,2015,1,1,2,1.0,3.0,67168,M,4853764.0,743613.0,67
201800002955,18,5,31,1400,1,2,9,9.0,6.0,67300,M,4853906.0,749141.0,67
201800002956,18,6,23,1800,1,1,1,1.0,2.0,67128,M,4855709.0,756646.0,67
201800002957,18,7,2,700,1,1,1,1.0,4.0,67188,M,4852790.0,737792.0,67
201800002958,18,7,10,1445,1,1,1,1.0,1.0,67127,M,4857594.0,753510.0,67
201800002959,18,7,16,835,1,1,1,1.0,1.0,67300,M,4853322.0,751477.0,67
201800002960,18,7,27,1145,1,1,2,1.0,3.0,67127,M,4857281.0,753731.0,67
201800002961,18,8,2,1400,1,2,1,1.0,1.0,67480,M,4854859.0,740617.0,67
201800002962,18,8,29,640,2,1,1,1.0,1.0,67168,M,4853756.0,743762.0,67
201800002963,18,9,1,1405,1,1,6,1.0,5.0,67300,M,4855040.0,750789.0,67
201800002964,18,9,12,745,1,2,1,1.0,3.0,67300,M,4853373.0,749117.0,67
201800002965,18,9,18,615,3,1,1,1.0,1.0,67112,M,4851821.0,756665.0,67
201800002966,18,10,15,1555,1,2,3,1.0,1.0,67112,M,4852931.0,756764.0,67
201800002967,18,10,31,2020,5,2,1,1.0,6.0,67127,M,4857267.0,752709.0,67
201800002968,18,11,9,910,1,2,6,1.0,6.0,67101,M,4852418.0,749811.0,67
201800002969,18,12,20,2130,5,2,1,1.0,1.0,67313,M,4854286.0,745656.0,67
201800002970,18,1,17,926,1,2,1,3.0,6.0,67411,M,4849598.0,746758.0,67
201800002971,18,7,2,1100,1,1,1,1.0,1.0,67368,M,4846589.0,742066.0,67
201800002972,18,2,23,2054,3,1,1,1.0,2.0,67282,M,4861432.0,753159.0,67
201800002973,18,3,24,1405,1,1,1,1.0,7.0,67122,M,4862090.0,730529.0,67
201800002974,18,5,6,1650,1,1,1,7.0,3.0,67122,M,4862090.0,730529.0,67
201800002975,18,5,21,1605,1,1,1,1.0,3.0,67122,M,4863788.0,731415.0,67
201800002976,18,5,27,1840,1,1,1,1.0,2.0,67520,M,4864420.0,744362.0,67
201800002977,18,6,27,1700,1,1,1,1.0,7.0,67408,M,4864037.0,736891.0,67
201800002978,18,9,29,1800,1,1,2,1.0,3.0,67030,M,4857742.0,746026.0,67
201800002979,18,9,28,2250,3,1,6,1.0,7.0,67520,M,4865077.0,743188.0,67
201800002980,18,11,7,1758,3,1,1,2.0,7.0,67018,M,4858272.0,741458.0,67
201800002981,18,12,1,1025,1,1,1,1.0,2.0,67520,M,4863794.0,745191.0,67
201800002982,18,1,17,1749,3,1,1,2.0,3.0,67519,M,4866256.0,781532.0,67
201800002983,18,1,4,1732,5,2,9,3.0,6.0,67118,M,4858962.0,768889.0,67
201800002984,18,7,26,2050,1,1,1,1.0,7.0,67350,M,4859548.0,763844.0,67
201800002985,18,12,8,1825,3,1,1,2.0,6.0,67551,M,4857287.0,766545.0,67
201800002986,18,2,13,1445,1,2,3,1.0,3.0,67010,M,4838793.0,742118.0,67
201800002987,18,5,7,1530,1,2,3,1.0,3.0,67084,M,4832596.0,742417.0,67
201800002988,18,5,15,1520,1,1,1,1.0,6.0,67010,M,4839571.0,740186.0,67
201800002989,18,5,15,1945,2,1,1,1.0,7.0,67051,M,4834520.0,741487.0,67
201800002990,18,5,22,1735,1,1,2,2.0,3.0,67120,M,4837752.0,743940.0,67
201800002991,18,5,25,1750,1,1,1,1.0,1.0,67295,M,4839453.0,744297.0,67
201800002992,18,9,15,220,5,2,1,1.0,6.0,67021,M,4841152.0,739976.0,67
201800002993,18,9,24,1220,1,2,1,1.0,6.0,67227,M,4836351.0,743288.0,67
201800002994,18,9,26,1230,1,2,3,1.0,7.0,67125,M,4835884.0,746575.0,67
201800002995,18,10,15,812,1,1,1,1.0,3.0,67084,M,4830935.0,745856.0,67
201800002996,18,12,10,1510,1,1,3,1.0,3.0,67227,M,4836646.0,742507.0,67
201800002997,18,3,5,1520,1,2,1,1.0,6.0,67544,M,4903887.0,794608.0,67
201800002998,18,3,11,300,3,1,1,1.0,6.0,67474,M,4892920.0,788957.0,67
201800002999,18,6,10,1945,1,2,1,1.0,6.0,67451,M,4898410.0,805420.0,67
201800003000,18,7,5,1618,1,2,1,1.0,1.0,67351,M,4896722.0,798779.0,67
201800003001,18,8,11,1715,1,1,1,1.0,1.0,67351,M,4897403.0,798558.0,67
201800003002,18,5,18,1700,1,1,1,1.0,6.0,67404,M,4890250.0,794961.0,67
201800003003,18,6,19,1520,1,2,1,7.0,6.0,67474,M,4893815.0,788444.0,67
201800003004,18,6,30,555,2,2,1,1.0,6.0,67351,M,4896434.0,799338.0,67
201800003005,18,6,28,1800,1,1,1,1.0,7.0,67290,M,4893197.0,783107.0,67
201800003006,18,7,31,1615,1,1,1,1.0,6.0,67232,M,4896663.0,788390.0,67
201800003007,18,8,25,1825,1,1,1,1.0,3.0,67455,M,4895075.0,791701.0,67
201800003008,18,9,28,645,1,1,1,5.0,5.0,67213,M,4896016.0,795371.0,67
201800003009,18,9,28,1110,1,1,1,1.0,6.0,67254,M,4895173.0,783644.0,67
201800003010,18,9,29,1345,1,2,3,1.0,3.0,67487,M,4891177.0,783268.0,67
201800003011,18,12,13,1700,5,2,1,1.0,6.0,67474,M,4893495.0,788393.0,67
201800003012,18,1,23,620,4,1,1,8.0,1.0,67550,M,4893101.0,774751.0,67
201800003013,18,1,22,1340,1,1,3,3.0,1.0,67511,M,4887842.0,775885.0,67
201800003014,18,3,12,1320,1,1,1,2.0,3.0,67303,M,4890650.0,774820.0,67
201800003015,18,10,10,2030,2,1,1,1.0,1.0,67550,M,4894165.0,774479.0,67
201800003016,18,11,20,2215,3,1,1,1.0,6.0,67550,M,4894194.0,774379.0,67
201800003017,18,6,11,1821,1,2,1,1.0,5.0,68060,M,4773286.0,714708.0,68
201800003018,18,1,26,755,2,2,2,2.0,6.0,68226,M,4803983.0,713240.0,68
201800003019,18,4,7,500,3,1,1,1.0,6.0,68368,M,4804139.0,717083.0,68
201800003020,18,4,26,1515,1,2,7,1.0,3.0,68226,M,4804025.0,713937.0,68
201800003021,18,5,6,1150,1,1,1,1.0,1.0,68311,M,4797763.0,705289.0,68
201800003022,18,6,2,1020,1,1,1,1.0,6.0,68317,M,4806636.0,709839.0,68
201800003023,18,6,5,1430,1,1,1,1.0,6.0,68311,M,4798901.0,706916.0,68
201800003024,18,6,10,1735,1,1,4,1.0,6.0,68317,M,4807805.0,709828.0,68
201800003025,18,6,12,2110,5,2,3,3.0,1.0,68117,M,4804248.0,717297.0,68
201800003026,18,6,20,850,1,1,1,1.0,3.0,68368,M,4805238.0,722039.0,68
201800003027,18,6,21,15,3,2,1,1.0,6.0,68223,M,4802517.0,708202.0,68
201800003028,18,6,23,1215,1,1,1,1.0,7.0,68311,M,4799360.0,706523.0,68
201800003029,18,6,30,115,3,1,1,1.0,6.0,68311,M,4797451.0,704779.0,68
201800003030,18,7,15,1915,1,2,1,1.0,6.0,68226,M,4804175.0,713281.0,68
201800003031,18,7,26,2230,5,2,1,1.0,7.0,68329,M,4805347.0,710540.0,68
201800003032,18,8,22,1730,1,1,1,2.0,5.0,68329,M,4806172.0,704659.0,68
201800003033,18,9,11,730,1,2,2,1.0,6.0,68311,M,4799807.0,707441.0,68
201800003034,18,9,19,800,1,2,3,1.0,7.0,68368,M,4804921.0,720703.0,68
201800003035,18,11,8,1300,1,2,1,1.0,2.0,68193,M,4803314.0,711154.0,68
201800003036,18,11,10,1900,5,2,1,2.0,2.0,68223,M,4802552.0,708371.0,68
201800003037,18,11,17,1715,5,2,1,1.0,7.0,68226,M,4804268.0,716041.0,68
201800003038,18,4,25,910,1,2,6,1.0,3.0,68352,M,4801427.0,753794.0,68
201800003039,18,5,6,400,3,1,1,1.0,6.0,68230,M,4793620.0,754188.0,68
201800003040,18,6,13,745,1,1,3,1.0,3.0,68036,M,4804150.0,755614.0,68
201800003041,18,6,25,910,1,1,1,1.0,3.0,68007,M,4805142.0,745279.0,68
201800003042,18,7,23,1220,1,1,1,1.0,7.0,68069,M,4795192.0,749236.0,68
201800003043,18,8,6,1715,1,1,3,1.0,7.0,68379,M,4803367.0,750790.0,68
201800003044,18,10,24,1930,5,2,1,1.0,6.0,68001,M,4800720.0,755567.0,68
201800003045,18,12,18,1710,5,2,1,1.0,2.0,68352,M,4801524.0,755534.0,68