Num_Acc,an,mois,jour,hrmn,lum,agg,int,atm,col,com,gps,lat,long,dep
201800003046,18,2,15,1830,5,2,3,1.0,3.0,68113,M,4818858.0,739547.0,68
201800003047,18,2,20,650,2,1,1,8.0,1.0,68269,M,4817580.0,734287.0,68
201800003048,18,5,10,125,3,1,1,1.0,6.0,68269,M,4819009.0,734430.0,68
201800003049,18,5,12,1630,1,1,1,1.0,6.0,68296,M,4824500.0,733078.0,68
201800003050,18,7,10,1830,1,1,1,1.0,6.0,68269,M,4821436.0,723833.0,68
201800003051,18,1,14,1039,1,2,1,1.0,3.0,68298,M,4825032.0,718987.0,68
201800003052,18,1,27,1315,1,2,1,1.0,3.0,68298,M,4824042.0,717857.0,68
201800003053,18,1,30,1625,1,1,3,1.0,1.0,68185,M,4826991.0,732550.0,68
201800003054,18,3,26,1120,1,2,1,1.0,6.0,68298,M,4824633.0,718526.0,68
201800003055,18,4,18,1525,1,1,1,1.0,7.0,68298,M,4819352.0,711715.0,68
201800003056,18,6,10,600,1,2,1,1.0,6.0,68294,M,4826268.0,720577.0,68
201800003057,18,6,13,1615,1,1,1,1.0,7.0,68298,M,4821269.0,713513.0,68
201800003058,18,6,30,1300,1,1,1,1.0,6.0,68283,M,4829187.0,725878.0,68
201800003059,18,7,14,1030,1,1,1,1.0,6.0,68283,M,4829228.0,725757.0,68
201800003060,18,7,25,1325,1,1,1,1.0,1.0,68185,M,4826646.0,730319.0,68
201800003061,18,8,26,1250,1,1,1,1.0,7.0,68298,M,4823012.0,722164.0,68
201800003062,18,9,2,100,3,1,1,1.0,6.0,68185,M,4826823.0,729106.0,68
201800003063,18,9,19,1845,2,1,1,1.0,7.0,68298,M,4819735.0,712589.0,68
201800003064,18,9,27,1650,1,1,1,1.0,6.0,68298,M,4820371.0,712471.0,68
201800003065,18,10,26,1745,1,1,1,1.0,1.0,68185,M,4827023.0,725892.0,68
201800003066,18,12,9,2230,5,2,1,1.0,6.0,68294,M,4826032.0,721838.0,68
201800003067,18,12,17,426,3,1,1,8.0,5.0,68294,M,4825932.0,723076.0,68
201800003068,18,4,4,1730,1,2,1,1.0,3.0,68287,M,4795630.0,729431.0,68
201800003069,18,6,18,940,1,2,2,1.0,1.0,68123,M,4801173.0,730001.0,68
201800003070,18,7,6,2245,3,1,1,2.0,7.0,68123,M,4800749.0,730030.0,68
201800003071,18,7,20,645,1,2,4,1.0,3.0,68251,M,4798874.0,722176.0,68
201800003072,18,8,18,1750,1,1,1,1.0,1.0,68287,M,4794830.0,728064.0,68
201800003073,18,9,27,1900,1,2,3,1.0,3.0,68364,M,4795399.0,725467.0,68
201800003074,18,11,21,730,2,1,1,8.0,6.0,68287,M,4794587.0,727517.0,68
201800003075,18,2,11,1810,5,1,1,2.0,2.0,68154,M,4776884.0,738984.0,68
201800003076,18,4,3,1315,1,2,9,1.0,3.0,68154,M,4776504.0,737730.0,68
201800003077,18,10,6,247,5,2,9,1.0,3.0,68154,M,4777292.0,738067.0,68
201800003078,18,1,14,1830,3,1,4,1.0,1.0,68021,M,4763635.0,749907.0,68
201800003079,18,1,16,1530,1,1,1,3.0,3.0,68323,M,4766809.0,738620.0,68
201800003080,18,3,18,1225,1,2,2,1.0,3.0,68021,M,4763857.0,751315.0,68
201800003081,18,3,21,1708,1,2,2,1.0,3.0,68160,M,4761941.0,743938.0,68
201800003082,18,3,11,930,1,1,6,1.0,2.0,68309,M,4766846.0,744138.0,68
201800003083,18,5,12,2030,1,2,2,1.0,7.0,68197,M,4763783.0,740840.0,68
201800003084,18,6,9,1006,1,2,4,1.0,3.0,68301,M,4768223.0,740782.0,68
201800003085,18,6,15,300,5,2,1,1.0,6.0,68021,M,4763820.0,751101.0,68
201800003086,18,7,10,1210,1,1,1,1.0,6.0,68103,M,4767566.0,743501.0,68
201800003087,18,8,15,115,3,1,1,1.0,6.0,68353,M,4762967.0,734283.0,68
201800003088,18,9,22,1250,1,1,1,7.0,6.0,68327,M,4762970.0,742597.0,68
201800003089,18,10,31,2334,3,1,1,1.0,6.0,68265,M,4765178.0,738008.0,68
201800003090,18,1,12,1210,1,2,4,8.0,6.0,68334,M,4781122.0,710408.0,68
201800003091,18,1,14,615,5,2,1,1.0,6.0,68040,M,4782843.0,708023.0,68
201800003092,18,4,7,905,1,2,1,1.0,6.0,68040,M,4782803.0,708060.0,68
201800003093,18,4,29,1145,1,2,1,1.0,6.0,68348,M,4780498.0,711984.0,68
201800003094,18,7,4,1540,1,1,1,1.0,6.0,68315,M,4786513.0,712652.0,68
201800003095,18,7,23,235,5,2,3,1.0,6.0,68180,M,4779239.0,710719.0,68
201800003096,18,9,8,1340,1,2,1,1.0,1.0,68348,M,4780787.0,711956.0,68
201800003097,18,10,11,1530,1,2,2,7.0,3.0,68348,M,4780192.0,712007.0,68
201800003098,18,10,28,1215,1,1,1,4.0,7.0,68106,M,4786852.0,711093.0,68
201800003099,18,11,4,2215,3,1,1,1.0,1.0,68292,M,4786874.0,703683.0,68
201800003100,18,12,2,45,3,1,1,8.0,2.0,68372,M,4785188.0,708008.0,68
201800003101,18,1,3,515,3,1,1,6.0,6.0,68032,M,4784633.0,720063.0,68
201800003102,18,2,3,500,3,1,1,1.0,7.0,68359,M,4782627.0,721348.0,68
201800003103,18,4,20,2340,5,2,1,1.0,6.0,68063,M,4780413.0,718305.0,68
201800003104,18,6,2,1135,1,1,1,1.0,6.0,68063,M,4778303.0,716904.0,68
201800003105,18,7,22,1445,1,1,1,1.0,6.0,68359,M,4784939.0,714781.0,68
201800003106,18,7,29,2245,5,2,9,1.0,3.0,68063,M,4780009.0,717482.0,68
201800003107,18,9,15,1335,1,1,1,1.0,1.0,68342,M,4784371.0,714349.0,68
201800003108,18,10,29,1610,1,2,1,8.0,6.0,68063,M,4780576.0,717250.0,68
201800003109,18,2,18,835,1,2,1,8.0,6.0,68217,M,4786412.0,704475.0,68
201800003110,18,3,10,100,3,1,1,2.0,6.0,68292,M,4788408.0,704466.0,68
201800003111,18,3,29,1427,1,2,1,1.0,1.0,68089,M,4789128.0,699505.0,68
201800003112,18,4,1,2005,2,2,1,1.0,6.0,68217,M,4786256.0,704655.0,68
201800003113,18,4,21,1045,1,1,1,7.0,1.0,68247,M,4795508.0,699797.0,68
201800003114,18,6,15,1650,1,1,1,1.0,7.0,68247,M,4793789.0,702211.0,68
201800003115,18,6,25,2040,1,2,8,1.0,3.0,68247,M,4791566.0,697194.0,68
201800003116,18,6,23,655,2,2,4,1.0,6.0,68089,M,4789477.0,699170.0,68
201800003117,18,7,2,2015,1,1,1,1.0,6.0,68370,M,4799306.0,695947.0,68
201800003118,18,7,19,2200,3,1,1,1.0,6.0,68262,M,4792135.0,703853.0,68
201800003119,18,8,12,1150,1,1,1,1.0,5.0,68247,M,4793302.0,701073.0,68
201800003120,18,9,12,2010,3,2,1,1.0,6.0,68292,M,4787542.0,702026.0,68
201800003121,18,10,15,845,2,2,6,7.0,3.0,68199,M,4786611.0,703914.0,68
201800003122,18,11,27,1500,1,1,1,2.0,1.0,68344,M,4787899.0,693997.0,68
201800003123,18,6,15,950,1,2,1,1.0,6.0,51250,M,4930752.0,368230.0,51
201800003124,18,6,26,1345,1,2,2,1.0,6.0,51250,M,4930717.0,367975.0,51
201800003125,18,10,9,905,1,2,5,1.0,3.0,51250,M,4930765.0,367500.0,51
201800003126,18,6,16,1120,1,1,1,8.0,2.0,08142,M,4972028.0,486464.0,08
201800003127,18,2,15,1100,1,1,1,5.0,1.0,08081,M,4983196.0,474581.0,08
201800003128,18,6,9,1615,1,2,1,1.0,1.0,08188,M,4982238.0,482803.0,08
201800003129,18,9,29,1545,1,1,1,1.0,1.0,08237,M,4983530.0,474616.0,08
201800003130,18,10,1,1725,1,1,1,2.0,1.0,08081,M,4985161.0,471066.0,08
201800003131,18,11,17,2035,3,1,4,1.0,7.0,08081,M,4984735.0,480582.0,08
201800003132,18,11,24,945,1,2,1,2.0,6.0,08081,M,4984935.0,476777.0,08
201800003133,18,12,21,2120,5,2,3,1.0,6.0,08081,M,4985091.0,476678.0,08
201800003134,18,12,30,330,5,2,1,2.0,6.0,08316,M,4981002.0,479346.0,08
201800003135,18,1,8,745,3,1,1,1.0,3.0,10210,M,4838077.0,419327.0,10
201800003136,18,2,2,2210,3,1,1,1.0,6.0,10354,M,4852241.0,421588.0,10
201800003137,18,3,25,823,2,1,1,1.0,6.0,10015,M,4842512.0,411620.0,10
201800003138,18,5,18,1010,1,1,6,1.0,7.0,10149,M,4839556.0,411024.0,10
201800003139,18,5,18,2100,2,1,1,1.0,2.0,10379,M,4852392.0,416831.0,10
201800003140,18,5,21,1545,1,1,1,1.0,7.0,10257,M,4850803.0,434272.0,10
201800003141,18,7,10,2230,5,2,1,1.0,6.0,10006,M,4853518.0,413150.0,10
201800003142,18,8,13,1330,1,2,7,1.0,6.0,10338,M,4850280.0,411294.0,10
201800003143,18,9,16,840,1,1,1,1.0,6.0,10172,M,4861348.0,416802.0,10
201800003144,18,10,20,1400,1,1,1,1.0,7.0,10293,M,4868300.0,427712.0,10
201800003145,18,11,3,1830,3,1,1,1.0,1.0,10149,M,4839673.0,410860.0,10
201800003146,18,12,13,838,2,1,1,1.0,7.0,10149,M,4839670.0,410860.0,10
201800003147,18,12,21,1715,5,2,1,2.0,6.0,10095,M,4854721.0,418264.0,10
201800003148,18,2,15,930,1,1,3,2.0,5.0,52488,M,4798240.0,526726.0,52
201800003149,18,3,14,1353,1,2,1,1.0,3.0,52353,M,4804004.0,535237.0,52
201800003150,18,3,20,1805,1,1,1,7.0,3.0,52315,M,4801705.0,523890.0,52
201800003151,18,5,22,1250,1,1,1,1.0,6.0,52248,M,4802848.0,544107.0,52
201800003152,18,9,9,1725,1,2,1,1.0,6.0,52248,M,4803416.0,544376.0,52
201800003153,18,11,21,1845,5,2,1,1.0,6.0,52353,M,4802664.0,532740.0,52
201800003154,18,1,28,2010,3,1,1,2.0,6.0,52380,M,4787503.0,535534.0,52
201800003155,18,1,30,1423,1,1,1,1.0,1.0,52457,M,4783565.0,537534.0,52
201800003156,18,4,11,920,1,2,3,1.0,3.0,52269,M,4785844.0,532919.0,52
201800003157,18,5,20,835,1,1,1,1.0,3.0,52246,M,4789667.0,532005.0,52
201800003158,18,6,2,2125,2,1,3,1.0,7.0,52163,M,4795198.0,543518.0,52
201800003159,18,6,4,1710,1,1,8,1.0,6.0,52009,M,4790914.0,550508.0,52
201800003160,18,6,24,1055,1,1,1,1.0,2.0,52116,M,4784545.0,544736.0,52
201800003161,18,6,25,1935,1,1,1,7.0,6.0,52432,M,4795809.0,527657.0,52
201800003162,18,8,22,1725,1,1,3,1.0,3.0,52269,M,4788770.0,531714.0,52
201800003163,18,11,25,430,3,1,1,1.0,7.0,52453,M,4784867.0,542056.0,52
201800003164,18,12,4,855,1,2,1,1.0,6.0,52269,M,4786357.0,533424.0,52
201800003165,18,12,24,1200,1,1,1,1.0,6.0,52432,M,4794523.0,537402.0,52
201800003166,18,1,14,1620,1,1,1,1.0,7.0,21021,M,4733880.0,520083.0,21
201800003167,18,3,17,1830,2,1,1,2.0,1.0,21535,M,4735591.0,509546.0,21
201800003168,18,3,17,1815,1,1,1,2.0,6.0,21209,M,4734441.0,515465.0,21
201800003169,18,3,20,1715,1,1,1,7.0,6.0,21209,M,4733193.0,516117.0,21
201800003170,18,4,6,1535,1,1,1,1.0,7.0,21657,M,4734921.0,513405.0,21
201800003171,18,5,21,1900,1,1,1,1.0,3.0,21555,M,4739572.0,514119.0,21
201800003172,18,8,26,1750,1,2,6,1.0,6.0,21555,M,4739837.0,513315.0,21
201800003173,18,8,30,1430,1,1,6,1.0,3.0,21021,M,4733880.0,520083.0,21
201800003174,18,12,14,1720,3,1,2,1.0,3.0,21105,M,4731153.0,518985.0,21
201800003175,18,8,4,1705,1,1,1,7.0,7.0,21493,M,4724585.0,538425.0,21
201800003176,18,9,9,1625,1,2,1,1.0,6.0,21038,M,4718864.0,538658.0,21
201800003177,18,10,23,1500,1,2,3,1.0,3.0,21699,M,4719507.0,538133.0,21
201800003178,18,12,12,1340,1,1,2,1.0,3.0,21038,M,4720920.0,541479.0,21
201800003179,18,1,6,1740,3,1,1,1.0,3.0,21261,M,4725723.0,515284.0,21
201800003180,18,1,28,615,3,1,1,1.0,3.0,21005,M,4718172.0,515629.0,21
201800003181,18,2,17,1030,1,1,1,2.0,1.0,21319,M,4715630.0,512504.0,21
201800003182,18,3,7,1225,1,1,1,1.0,1.0,21126,M,4726492.0,521506.0,21
201800003183,18,5,14,545,2,1,1,3.0,1.0,21005,M,4716598.0,516817.0,21
201800003184,18,7,15,238,3,1,1,1.0,6.0,21351,M,4725020.0,533098.0,21
201800003185,18,7,27,1040,1,2,3,1.0,3.0,21292,M,4725013.0,521727.0,21
201800003186,18,8,18,1435,1,1,1,1.0,5.0,21292,M,4723723.0,522518.0,21
201800003187,18,10,14,1445,1,1,1,6.0,7.0,21130,M,4728273.0,526911.0,21
201800003188,18,12,6,725,2,1,3,3.0,3.0,21261,M,4725895.0,514327.0,21
201800003189,18,3,6,1645,1,1,1,1.0,7.0,21481,M,4725761.0,502100.0,21
201800003190,18,4,26,1800,1,1,2,1.0,5.0,21048,M,4721316.0,507059.0,21
201800003191,18,7,22,550,2,1,1,1.0,6.0,21295,M,4723302.0,500307.0,21
201800003192,18,9,26,914,1,1,1,1.0,1.0,21265,M,4724150.0,501000.0,21
201800003193,18,3,18,500,3,2,1,1.0,6.0,21254,M,4717457.0,487609.0,21
201800003194,18,5,1,30,5,2,1,1.0,6.0,21714,M,4716074.0,496171.0,21
201800003195,18,5,11,2145,3,1,1,1.0,7.0,21606,M,4708701.0,487882.0,21
201800003196,18,8,6,845,1,2,6,7.0,2.0,21464,M,4713608.0,495487.0,21
201800003197,18,11,17,2050,5,2,1,1.0,6.0,21506,M,4710547.0,493914.0,21
201800003198,18,11,28,1745,3,1,2,1.0,3.0,21173,M,4704919.0,485425.0,21
201800003199,18,12,8,1920,3,1,1,2.0,6.0,21688,M,4714491.0,490892.0,21
201800003200,18,12,12,955,1,1,1,1.0,2.0,21606,M,4706885.0,487187.0,21
201800003201,18,3,5,1615,1,1,1,1.0,3.0,58160,M,4700185.0,309940.0,58
201800003202,18,6,26,1905,1,1,1,1.0,1.0,58051,M,4694130.0,314668.0,58
201800003203,18,7,30,1830,1,2,1,1.0,3.0,58214,M,4707111.0,310497.0,58
201800003204,18,8,2,1315,1,1,1,1.0,1.0,58051,M,4692677.0,313554.0,58
201800003205,18,8,11,40,3,2,1,1.0,2.0,58121,M,4704218.0,309370.0,58
201800003206,18,2,6,2221,3,1,1,4.0,5.0,71525,M,4637478.0,467274.0,71
201800003207,18,3,3,1315,1,1,1,1.0,3.0,71235,M,4634589.0,480784.0,71
201800003208,18,3,9,2000,3,1,1,1.0,1.0,71360,M,4631303.0,475598.0,71
201800003209,18,3,21,1650,1,1,3,1.0,3.0,71513,M,4640180.0,486041.0,71
201800003210,18,3,24,1640,1,1,1,1.0,6.0,71525,M,4639058.0,466464.0,71
201800003211,18,4,17,1725,1,1,1,1.0,3.0,71169,M,4630100.0,476492.0,71
201800003212,18,5,20,1745,1,1,1,1.0,7.0,71360,M,4632995.0,472582.0,71
201800003213,18,6,10,1520,1,2,1,1.0,6.0,71250,M,4638230.0,480424.0,71
201800003214,18,7,12,1130,1,1,1,1.0,3.0,71574,M,4637255.0,473180.0,71
201800003215,18,8,17,1630,1,2,1,1.0,3.0,71360,M,4632399.0,474232.0,71
201800003216,18,10,8,705,2,1,1,1.0,7.0,71526,M,4628814.0,470909.0,71
201800003217,18,10,11,800,1,1,1,1.0,6.0,71583,M,4626442.0,477173.0,71
201800003218,18,10,14,800,1,2,4,1.0,5.0,71236,M,4639795.0,474247.0,71
201800003219,18,12,31,1050,1,2,1,1.0,2.0,71556,M,4627197.0,479815.0,71
201800003220,18,4,15,1545,1,2,1,1.0,1.0,71090,M,4620615.0,477001.0,71
201800003221,18,6,16,415,3,1,1,1.0,6.0,71150,M,4624093.0,478751.0,71
201800003222,18,8,3,1545,1,2,3,1.0,2.0,71150,M,4624093.0,478751.0,71
201800003223,18,9,15,1400,1,1,2,1.0,1.0,71150,M,4624206.0,480265.0,71
201800003224,18,9,16,220,3,1,1,1.0,6.0,71090,M,4621626.0,474007.0,71
201800003225,18,10,31,1100,1,2,3,8.0,3.0,71150,M,4624941.0,478449.0,71
201800003226,18,4,9,1600,1,1,3,1.0,1.0,71192,M,4683930.0,419125.0,71
201800003227,18,4,22,330,3,1,1,1.0,7.0,71192,M,4687711.0,421291.0,71
201800003228,18,5,8,2010,2,2,1,1.0,3.0,71440,M,4692919.0,410098.0,71
201800003229,18,5,21,1811,1,1,1,1.0,6.0,71411,M,4670514.0,421678.0,71
201800003230,18,6,21,1520,1,1,1,1.0,6.0,71555,M,4671435.0,486400.0,71
201800003231,18,9,16,500,3,1,1,1.0,6.0,71249,M,4664502.0,484369.0,71
201800003232,18,9,28,1620,1,1,1,7.0,1.0,71328,M,4662640.0,481199.0,71
201800003233,18,4,14,230,4,1,1,2.0,6.0,71106,M,4643747.0,426297.0,71
201800003234,18,4,26,1100,1,1,1,7.0,6.0,71358,M,4647478.0,449666.0,71
201800003235,18,5,5,500,3,1,1,1.0,6.0,71086,M,4641286.0,426210.0,71
201800003236,18,6,17,1830,1,2,3,1.0,3.0,71106,M,4643755.0,426222.0,71
201800003237,18,7,2,1740,1,1,1,1.0,3.0,71086,M,4641038.0,427400.0,71
201800003238,18,7,31,1400,1,1,1,1.0,1.0,71106,M,4644397.0,427451.0,71
201800003239,18,8,6,1525,1,1,1,1.0,2.0,71082,M,4644205.0,422619.0,71
201800003240,18,9,12,726,1,1,1,1.0,1.0,71086,M,4644013.0,423904.0,71
201800003241,18,10,13,1210,1,1,1,7.0,1.0,71433,M,4638404.0,424627.0,71
201800003242,18,5,24,1650,1,2,1,1.0,6.0,71176,M,4649115.0,399843.0,71
201800003243,18,6,16,1915,1,1,1,1.0,7.0,71212,M,4660280.0,425678.0,71
201800003244,18,6,29,1610,1,1,1,1.0,5.0,71382,M,4651387.0,388689.0,71
201800003245,18,8,11,1845,1,2,1,7.0,1.0,71230,M,4660031.0,405943.0,71
201800003246,18,9,4,1900,1,2,1,1.0,2.0,71176,M,4648325.0,397073.0,71
201800003247,18,9,10,1500,1,1,1,1.0,7.0,71176,M,4648517.0,398707.0,71
201800003248,18,11,10,1730,2,1,1,2.0,7.0,71325,M,4649433.0,390138.0,71
201800003249,18,11,23,1820,5,1,3,3.0,4.0,71176,M,4650628.0,402318.0,71
201800003250,18,11,25,505,5,2,2,1.0,3.0,71176,M,4648328.0,398310.0,71
201800003251,18,3,26,1315,1,1,1,2.0,6.0,71393,M,4621641.0,416397.0,71
201800003252,18,5,20,1745,1,1,1,7.0,3.0,71071,M,4627034.0,397475.0,71
201800003253,18,5,27,1030,1,2,1,1.0,6.0,71275,M,4627623.0,404199.0,71
201800003254,18,9,2,1610,1,1,2,1.0,3.0,71581,M,4635833.0,399650.0,71
201800003255,18,9,5,1030,1,1,2,1.0,1.0,71453,M,4623213.0,404063.0,71
201800003256,18,9,13,730,1,1,1,1.0,7.0,71434,M,4623331.0,415273.0,71
201800003257,18,10,8,915,1,1,1,1.0,6.0,71510,M,4626928.0,406639.0,71
201800003258,18,10,9,705,2,1,4,1.0,3.0,71011,M,4631545.0,405836.0,71
201800003259,18,10,12,1230,1,1,1,7.0,1.0,71510,M,4627529.0,409032.0,71
201800003260,18,10,22,1030,1,1,1,1.0,7.0,71024,M,4630987.0,403896.0,71
201800003261,18,1,9,1620,2,1,2,2.0,3.0,71590,M,4646944.0,416627.0,71
201800003262,18,1,22,1830,3,1,1,2.0,6.0,71491,M,4642665.0,407256.0,71
201800003263,18,7,20,1430,1,1,1,1.0,1.0,71588,M,4646713.0,406390.0,71
201800003264,18,7,19,800,1,2,2,1.0,3.0,71342,M,4645023.0,412784.0,71
201800003265,18,9,5,825,1,1,3,1.0,3.0,71342,M,4644292.0,413949.0,71
201800003266,18,10,18,1715,1,1,1,1.0,2.0,71342,M,4646844.0,410308.0,71
201800003267,18,4,21,1630,1,1,1,1.0,2.0,89024,M,4782715.0,362393.0,89
201800003268,18,5,12,1800,1,1,1,1.0,6.0,89167,M,4788127.0,343732.0,89
201800003269,18,7,20,1700,1,1,9,1.0,6.0,89037,M,4791739.0,328802.0,89
201800003270,18,1,6,410,3,1,1,1.0,6.0,89274,M,4819836.0,319985.0,89
201800003271,18,1,19,1015,1,1,1,2.0,6.0,89380,M,4806982.0,311395.0,89
201800003272,18,4,4,835,1,1,1,1.0,6.0,89342,M,4824129.0,326136.0,89
201800003273,18,4,13,1230,1,1,1,1.0,5.0,89080,M,4826693.0,329860.0,89
201800003274,18,5,20,1010,1,1,1,1.0,6.0,89255,M,4830885.0,324629.0,89
201800003275,18,6,5,1250,1,1,1,8.0,2.0,89214,M,4824650.0,352204.0,89
201800003276,18,6,27,1245,1,1,1,5.0,5.0,89480,M,4835992.0,316160.0,89
201800003277,18,7,7,1125,1,1,1,1.0,6.0,89459,M,4814509.0,316187.0,89
201800003278,18,7,19,2245,3,1,1,1.0,6.0,89350,M,4802993.0,312705.0,89
201800003279,18,8,8,940,1,1,1,1.0,2.0,89080,M,4828069.0,327287.0,89
201800003280,18,9,10,205,3,1,1,1.0,5.0,89399,M,4826037.0,331956.0,89
201800003281,18,9,27,430,3,1,1,1.0,2.0,89390,M,4833970.0,319926.0,89
201800003282,18,10,29,1540,2,1,1,2.0,6.0,89342,M,4824064.0,326006.0,89
201800003283,18,11,3,10,3,1,1,1.0,5.0,89298,M,4804516.0,311511.0,89
201800003284,18,11,18,1840,3,1,1,1.0,7.0,89298,M,4803927.0,311962.0,89
201800003285,18,2,17,1620,1,1,1,1.0,7.0,89337,M,4772847.0,368579.0,89
201800003286,18,3,9,2220,3,1,2,1.0,3.0,89077,M,4773986.0,360537.0,89
201800003287,18,3,11,1440,1,2,2,1.0,3.0,89295,M,4781852.0,353932.0,89
201800003288,18,4,27,1757,1,2,3,1.0,3.0,89013,M,4787499.0,353205.0,89
201800003289,18,4,25,1700,1,1,3,1.0,3.0,89438,M,4779583.0,365479.0,89
201800003290,18,5,11,1000,1,1,3,7.0,3.0,89102,M,4775623.0,350004.0,89
201800003291,18,7,7,1700,1,1,1,1.0,7.0,89083,M,4782043.0,349247.0,89
201800003292,18,7,14,1813,1,1,1,1.0,6.0,89438,M,4782644.0,364077.0,89
201800003293,18,7,14,1300,1,1,1,1.0,2.0,89013,M,4789382.0,352033.0,89
201800003294,18,8,5,530,2,1,1,1.0,6.0,89023,M,4778029.0,361678.0,89
201800003295,18,9,28,537,3,1,1,1.0,6.0,89013,M,4787275.0,350463.0,89
201800003296,18,10,10,615,3,1,4,5.0,1.0,89077,M,4774234.0,360375.0,89
201800003297,18,10,14,1625,1,1,1,1.0,3.0,89438,M,4779236.0,362645.0,89
201800003298,18,10,25,1815,1,1,1,1.0,7.0,89102,M,4777219.0,346714.0,89
201800003299,18,11,5,1820,3,1,1,1.0,2.0,89083,M,4784662.0,348241.0,89
201800003300,18,12,7,1930,3,2,1,2.0,1.0,89337,M,4774248.0,364240.0,89
201800003301,18,12,11,1630,2,1,1,1.0,1.0,89083,M,4784281.0,348533.0,89
201800003302,18,3,20,750,1,2,1,1.0,6.0,89206,M,4798047.0,341864.0,89
201800003303,18,4,2,117,4,1,1,1.0,7.0,89206,M,4796739.0,337581.0,89
201800003304,18,5,24,1635,1,2,1,1.0,6.0,89206,M,4798089.0,339901.0,89
201800003305,18,6,19,700,1,1,1,1.0,3.0,89206,M,4796661.0,339091.0,89
201800003306,18,9,7,1915,2,1,1,1.0,2.0,89206,M,4797467.0,335987.0,89
201800003307,18,9,20,1930,2,2,3,1.0,3.0,89206,M,4798168.0,339603.0,89
201800003308,18,11,9,1319,1,1,1,1.0,6.0,89206,M,4797436.0,335880.0,89
201800003309,18,4,11,1800,1,1,1,1.0,1.0,89152,M,4795252.0,346107.0,89
201800003310,18,4,20,1330,1,2,1,1.0,6.0,89257,M,4796102.0,352715.0,89
201800003311,18,4,21,1650,1,2,3,1.0,3.0,89055,M,4799254.0,362406.0,89
201800003312,18,5,13,1710,1,1,1,8.0,7.0,89029,M,4791812.0,351667.0,89
201800003313,18,6,1,1610,1,2,2,1.0,3.0,89099,M,4795420.0,353252.0,89
201800003314,18,6,16,1120,1,1,9,1.0,3.0,89055,M,4797827.0,361359.0,89
201800003315,18,6,16,1535,1,2,1,1.0,1.0,89218,M,4796388.0,348254.0,89
201800003316,18,6,25,630,2,2,3,7.0,1.0,89257,M,4796871.0,353334.0,89
201800003317,18,7,7,1030,1,2,3,1.0,3.0,89257,M,4796475.0,352249.0,89
201800003318,18,9,13,1320,1,1,3,1.0,3.0,89156,M,4798533.0,357960.0,89
201800003319,18,10,6,1348,1,2,6,1.0,2.0,89257,M,4796328.0,350416.0,89
201800003320,18,10,21,930,1,1,1,5.0,3.0,89085,M,4793997.0,350112.0,89
201800003321,18,11,2,1900,5,2,1,1.0,6.0,89257,M,4797041.0,351939.0,89
201800003322,18,11,21,1924,3,1,1,5.0,6.0,89218,M,4796828.0,344381.0,89
201800003323,18,12,7,2130,3,1,1,2.0,2.0,89105,M,4789609.0,352105.0,89
201800003324,18,8,11,1010,1,2,1,1.0,6.0,25057,M,4753175.0,678955.0,25
201800003325,18,2,9,1225,1,2,1,8.0,3.0,25632,M,4747855.0,676748.0,25
201800003326,18,5,19,1325,1,2,9,1.0,3.0,25048,M,4748352.0,672394.0,25
201800003327,18,6,16,1145,1,1,1,1.0,2.0,25540,M,4754257.0,668614.0,25
201800003328,18,6,30,1040,1,1,1,1.0,7.0,25350,M,4747960.0,668090.0,25
201800003329,18,7,8,1500,1,2,4,7.0,7.0,25632,M,4747458.0,676526.0,25
201800003330,18,11,20,1750,5,2,1,1.0,6.0,25632,M,4747568.0,676676.0,25
201800003331,18,11,25,1845,5,2,6,8.0,6.0,25632,M,4747416.0,676515.0,25
201800003332,18,10,28,1200,1,1,1,2.0,3.0,25159,M,4745934.0,669697.0,25
201800003333,18,6,3,2030,1,2,3,1.0,6.0,25047,M,4735086.0,636610.0,25
201800003334,18,6,8,2240,3,1,1,1.0,6.0,25446,M,4727677.0,636665.0,25
201800003335,18,7,13,1820,1,1,1,1.0,6.0,25505,M,4748612.0,634707.0,25
201800003336,18,7,24,2020,2,1,1,1.0,6.0,25574,M,4748122.0,642878.0,25
201800003337,18,10,19,2200,3,2,1,1.0,6.0,25003,M,4750109.0,644128.0,25
201800003338,18,12,20,745,2,1,1,2.0,7.0,25313,M,4736726.0,641793.0,25
201800003339,18,5,9,1600,1,2,6,1.0,3.0,04070,M,4407230.0,618041.0,04
201800003340,18,5,5,1620,1,2,1,1.0,7.0,04070,M,4409150.0,624431.0,04
201800003341,18,5,20,650,2,2,1,1.0,6.0,04070,M,4409090.0,622850.0,04
201800003342,18,6,11,740,1,2,6,3.0,2.0,04070,M,4408260.0,621751.0,04
201800003343,18,7,8,1955,1,2,1,1.0,6.0,04070,M,4409090.0,623285.0,04
201800003344,18,8,25,1815,1,2,1,1.0,4.0,04070,M,4406950.0,617700.0,04
201800003345,18,8,26,1000,1,2,6,1.0,3.0,04070,M,4409090.0,623123.0,04
201800003346,18,9,28,1735,1,2,6,7.0,6.0,04070,M,4409100.0,623091.0,04
201800003347,18,10,20,100,5,2,1,1.0,6.0,04070,M,4407410.0,619618.0,04
201800003348,18,10,20,1025,1,2,3,1.0,6.0,04070,M,4409180.0,623253.0,04