Num_Acc,an,mois,jour,hrmn,lum,agg,int,atm,col,com,gps,lat,long,dep
201800003349,18,11,18,1820,3,1,1,1.0,7.0,04070,M,4403590.0,620643.0,04
201800003350,18,11,30,1355,1,1,1,2.0,1.0,04070,M,4407680.0,618622.0,04
201800003351,18,12,12,755,1,2,1,1.0,6.0,04070,M,4407630.0,618543.0,04
201800003352,18,12,18,1550,1,2,7,1.0,3.0,04070,M,4409190.0,623141.0,04
201800003353,18,4,4,1200,1,1,1,3.0,7.0,39437,M,4673400.0,578724.0,39
201800003354,18,7,14,1330,1,1,1,7.0,3.0,39543,M,4677727.0,590306.0,39
201800003355,18,8,20,2120,3,1,1,1.0,1.0,39389,M,4673617.0,587687.0,39
201800003356,18,9,1,945,1,1,1,1.0,7.0,39540,M,4682926.0,585952.0,39
201800003357,18,9,25,900,1,1,1,1.0,5.0,39153,M,4671975.0,592234.0,39
201800003358,18,11,12,1755,3,2,1,2.0,6.0,39364,M,4679986.0,583298.0,39
201800003359,18,12,20,1705,5,2,1,2.0,6.0,39097,M,4674774.0,592039.0,39
201800003360,18,1,15,730,2,2,1,1.0,6.0,04112,M,4380510.0,581877.0,04
201800003361,18,2,7,2030,3,1,1,1.0,6.0,04112,M,4385410.0,582869.0,04
201800003362,18,3,2,1950,3,2,1,1.0,6.0,04112,M,4383900.0,575182.0,04
201800003363,18,2,28,1400,1,1,1,4.0,1.0,04112,M,4385050.0,573280.0,04
201800003364,18,5,2,850,1,1,1,8.0,5.0,04112,M,4384210.0,575195.0,04
201800003365,18,7,3,440,5,2,3,1.0,3.0,04112,M,4383190.0,577437.0,04
201800003366,18,10,3,1350,1,2,6,1.0,2.0,04112,M,4381990.0,579414.0,04
201800003367,18,10,13,1152,1,2,2,1.0,3.0,04112,M,4382210.0,578990.0,04
201800003368,18,9,29,1835,2,1,3,1.0,3.0,04112,M,4383240.0,576250.0,04
201800003369,18,10,13,1740,1,2,3,1.0,3.0,04112,M,4382760.0,579810.0,04
201800003370,18,11,5,655,1,2,1,1.0,1.0,04112,M,4383880.0,575183.0,04
201800003371,18,12,12,1600,1,2,1,1.0,6.0,04112,M,4380300.0,581890.0,04
201800003372,18,12,29,1005,1,2,1,1.0,6.0,04112,M,4383120.0,578439.0,04
201800003373,18,1,21,930,2,1,1,2.0,7.0,70259,M,4770051.0,653321.0,70
201800003374,18,6,18,620,2,1,1,5.0,1.0,70581,M,4763701.0,644162.0,70
201800003375,18,7,4,1800,1,2,1,1.0,1.0,70310,M,4768154.0,649876.0,70
201800003376,18,8,12,110,3,1,1,1.0,3.0,70310,M,4769605.0,646780.0,70
201800003377,18,12,12,1940,3,2,1,1.0,1.0,70310,M,4768389.0,651918.0,70
201800003378,18,3,4,1335,1,2,1,1.0,3.0,70279,M,4744417.0,559842.0,70
201800003379,18,3,5,755,1,1,1,1.0,6.0,70402,M,4753500.0,555141.0,70
201800003380,18,4,28,2100,3,1,1,1.0,6.0,70185,M,4739714.0,564790.0,70
201800003381,18,5,22,1005,1,1,1,1.0,1.0,70389,M,4739442.0,562373.0,70
201800003382,18,8,4,2210,3,1,1,1.0,6.0,70371,M,4749926.0,563680.0,70
201800003383,18,10,18,1955,5,2,1,1.0,6.0,70026,M,4745423.0,558923.0,70
201800003384,18,10,27,1710,1,1,1,1.0,7.0,70279,M,4741693.0,560564.0,70
201800003385,18,12,17,1730,2,1,1,1.0,5.0,70125,M,4740447.0,558126.0,70
201800003386,18,1,19,1153,1,1,2,1.0,3.0,38034,M,4533665.0,504356.0,38
201800003387,18,1,29,1200,1,1,9,8.0,3.0,26332,M,,,26
201800003388,18,1,24,1200,1,1,1,1.0,2.0,26041,M,,,26
201800003389,18,3,2,1250,1,1,1,1.0,3.0,26002,M,,,26
201800003390,18,3,28,706,2,1,1,1.0,4.0,26041,M,,,26
201800003391,18,4,12,2130,3,1,1,1.0,6.0,26325,M,,,26
201800003392,18,5,24,1717,1,1,1,1.0,2.0,26002,M,4523784.0,484619.0,26
201800003393,18,6,6,815,1,1,1,1.0,6.0,38480,M,4556157.0,498143.0,38
201800003394,18,6,21,710,1,1,9,1.0,6.0,38344,M,4540228.0,481486.0,38
201800003395,18,6,25,1520,1,1,1,1.0,2.0,26041,M,,,26
201800003396,18,6,26,800,1,2,3,1.0,3.0,38087,M,4557715.0,479828.0,38
201800003397,18,7,12,1410,1,1,1,1.0,2.0,26332,M,,,26
201800003398,18,8,11,620,2,1,1,1.0,4.0,38468,M,4534214.0,480833.0,38
201800003399,18,8,11,415,3,1,1,1.0,2.0,26325,M,4528529.0,482196.0,26
201800003400,18,8,21,1600,1,1,1,1.0,2.0,26002,M,4523784.0,484619.0,26
201800003401,18,8,21,1700,1,1,1,1.0,5.0,26325,M,4528529.0,482196.0,26
201800003402,18,8,30,616,2,1,1,1.0,1.0,38349,M,4531643.0,478633.0,38
201800003403,18,9,11,1652,1,1,1,1.0,6.0,26332,M,4519317.0,487593.0,26
201800003404,18,12,2,1750,3,1,1,3.0,5.0,26041,M,4519824.0,487601.0,26
201800003405,18,12,12,1450,1,1,3,1.0,3.0,38238,M,4550237.0,500322.0,38
201800003406,18,1,8,517,3,1,1,1.0,2.0,26156,M,,,26
201800003407,18,1,23,332,3,1,1,1.0,2.0,26166,M,,,26
201800003408,18,2,2,834,1,1,1,1.0,7.0,26165,M,,,26
201800003409,18,2,9,2110,3,1,1,1.0,5.0,26124,M,,,26
201800003410,18,3,1,200,3,1,1,4.0,4.0,26166,M,,,26
201800003411,18,3,12,1335,1,1,1,1.0,6.0,26072,M,,,26
201800003412,18,3,14,1215,1,1,1,1.0,7.0,26252,M,,,26
201800003413,18,5,13,1500,1,1,1,3.0,7.0,26252,M,,,26
201800003414,18,5,26,2245,3,1,1,1.0,6.0,26072,M,4511834.0,489426.0,26
201800003415,18,6,18,900,1,1,1,1.0,2.0,26166,M,,,26
201800003416,18,6,29,2050,1,1,1,1.0,3.0,26250,M,,,26
201800003417,18,7,10,1500,1,1,1,1.0,2.0,26156,M,4508539.0,487765.0,26
201800003418,18,7,13,1435,1,1,1,1.0,2.0,26252,M,,,26
201800003419,18,7,19,1535,1,1,1,1.0,7.0,26271,M,4503400.0,487618.0,26
201800003420,18,8,2,1525,1,1,1,1.0,2.0,26058,M,,,26
201800003421,18,8,3,1005,1,1,1,1.0,4.0,26337,M,,,26
201800003422,18,8,8,1500,1,1,1,1.0,5.0,26337,M,,,26
201800003423,18,8,18,200,3,1,1,1.0,2.0,26362,M,,,26
201800003424,18,8,30,2052,3,1,1,1.0,2.0,26362,M,4491492.0,487743.0,26
201800003425,18,10,19,1125,1,1,1,1.0,5.0,26165,M,4478429.0,482970.0,26
201800003426,18,10,20,520,3,1,1,1.0,6.0,26058,M,4495807.0,488724.0,26
201800003427,18,12,2,1820,3,1,1,2.0,3.0,26124,M,4483547.0,487570.0,26
201800003428,18,12,23,300,3,1,1,5.0,6.0,26072,M,4511834.0,489426.0,26
201800003429,18,1,1,345,3,2,1,1.0,1.0,13062,M,4342348.0,552779.0,13
201800003430,18,2,3,1320,1,1,1,1.0,7.0,13062,M,4342289.0,548924.0,13
201800003431,18,2,5,1600,1,2,1,8.0,2.0,13041,M,4345563.0,545858.0,13
201800003432,18,3,21,900,1,1,9,4.0,2.0,13060,M,4349352.0,552429.0,13
201800003433,18,4,5,1445,1,1,1,1.0,5.0,13041,M,4347190.0,544493.0,13
201800003434,18,6,1,1210,1,1,1,1.0,3.0,13062,M,4342190.0,551682.0,13
201800003435,18,10,5,1900,3,1,1,1.0,6.0,13041,M,4347115.0,545986.0,13
201800003436,18,11,5,850,1,1,2,2.0,3.0,13060,M,4347368.0,551567.0,13
201800003437,18,12,19,745,2,2,1,3.0,6.0,13041,M,4345222.0,547443.0,13
201800003438,18,1,12,300,3,1,1,1.0,7.0,13059,M,4364156.0,549140.0,13
201800003439,18,2,20,1030,1,2,3,7.0,6.0,13059,M,4363265.0,552820.0,13
201800003440,18,3,12,835,1,2,1,1.0,6.0,13059,M,4364049.0,552764.0,13
201800003441,18,4,10,1915,1,1,1,1.0,6.0,13048,M,4363065.0,565599.0,13
201800003442,18,4,24,300,3,1,1,1.0,6.0,13074,M,,,13
201800003443,18,5,5,2002,1,1,1,1.0,6.0,13074,M,4364628.0,557917.0,13
201800003444,18,6,10,1030,1,1,1,1.0,6.0,13048,M,4359688.0,564524.0,13
201800003445,18,6,22,1635,1,1,1,1.0,3.0,13074,M,4364628.0,557917.0,13
201800003446,18,7,22,2045,2,1,1,8.0,5.0,13048,M,4369023.0,567082.0,13
201800003447,18,7,31,800,1,1,1,7.0,3.0,13099,M,4368863.0,569712.0,13
201800003448,18,9,28,1200,1,1,9,1.0,2.0,13059,M,4365229.0,551558.0,13
201800003449,18,11,21,1830,3,1,1,8.0,1.0,13074,M,,,13
201800003450,18,12,15,630,3,1,1,1.0,3.0,13048,M,4367397.0,565053.0,13
201800003451,18,12,26,1040,1,1,1,1.0,3.0,13074,M,4364631.0,557914.0,13
201800003452,18,1,10,1745,2,2,2,1.0,1.0,13015,M,4343654.0,542197.0,13
201800003453,18,1,10,1200,1,1,1,1.0,6.0,13107,M,4344297.0,543990.0,13
201800003454,18,2,5,1030,1,2,1,2.0,1.0,13015,M,4344677.0,541509.0,13
201800003455,18,2,16,1312,1,1,1,1.0,2.0,13015,M,4344346.0,543710.0,13
201800003456,18,2,28,550,3,1,1,4.0,6.0,13107,M,4343734.0,542877.0,13
201800003457,18,3,12,2030,5,2,1,1.0,7.0,13015,M,4345196.0,540730.0,13
201800003458,18,6,21,1700,1,1,9,1.0,2.0,13015,M,4343189.0,541698.0,13
201800003459,18,7,8,1600,1,2,3,1.0,1.0,13107,M,4342906.0,543629.0,13
201800003460,18,8,31,835,1,2,1,1.0,2.0,13015,M,4345403.0,540139.0,13
201800003461,18,9,27,2120,3,1,1,1.0,6.0,13107,M,4343325.0,542117.0,13
201800003462,18,10,2,1755,1,2,3,1.0,3.0,13015,M,4344788.0,542555.0,13
201800003463,18,2,16,600,2,1,1,5.0,6.0,13110,M,4345192.0,569536.0,13
201800003464,18,10,24,1145,1,2,2,1.0,3.0,13110,M,4345779.0,568431.0,13
201800003465,18,11,15,1730,2,1,4,1.0,5.0,13110,M,4345261.0,567401.0,13
201800003466,18,12,14,415,3,1,1,1.0,7.0,13072,M,4344795.0,560128.0,13
201800003467,18,12,21,1125,1,1,1,1.0,5.0,13072,M,4346110.0,563186.0,13
201800003468,18,1,4,1750,3,1,1,1.0,2.0,13004,M,,,13
201800003469,18,3,19,320,3,1,9,1.0,3.0,13004,M,4364238.0,471091.0,13
201800003470,18,4,6,745,1,1,1,1.0,6.0,13004,M,4367875.0,450062.0,13
201800003471,18,6,12,1245,1,1,1,1.0,6.0,13004,M,4368316.0,457407.0,13
201800003472,18,7,8,2300,3,1,3,1.0,3.0,13004,M,4366621.0,472518.0,13
201800003473,18,8,3,1650,1,1,1,1.0,6.0,13004,M,4368352.0,459464.0,13
201800003474,18,8,14,2000,1,1,3,1.0,6.0,13004,M,4363581.0,454992.0,13
201800003475,18,10,10,1240,1,1,9,2.0,6.0,13004,M,4363866.0,454298.0,13
201800003476,18,12,2,149,3,1,1,1.0,4.0,13004,M,4364940.0,468106.0,13
201800003477,18,12,14,2155,3,1,1,1.0,2.0,13004,M,4362193.0,474999.0,13
201800003478,18,1,30,2110,5,2,1,1.0,6.0,13027,M,4387349.0,487561.0,13
201800003479,18,3,4,1915,5,2,1,3.0,6.0,13027,M,4388699.0,484308.0,13
201800003480,18,5,5,2050,2,1,1,1.0,7.0,13027,M,4389342.0,482256.0,13
201800003481,18,5,18,1745,1,2,2,1.0,3.0,13027,M,4388576.0,486139.0,13
201800003482,18,5,21,1410,1,1,1,1.0,3.0,13066,M,4386933.0,491401.0,13
201800003483,18,5,25,1800,1,2,2,1.0,2.0,13027,M,4388505.0,484948.0,13
201800003484,18,6,2,1930,2,1,1,1.0,6.0,13027,M,4389422.0,482304.0,13
201800003485,18,7,22,1040,1,1,2,1.0,3.0,13027,M,4385833.0,484207.0,13
201800003486,18,7,31,1415,1,1,1,1.0,1.0,13066,M,4388522.0,489525.0,13
201800003487,18,9,18,1830,2,1,2,1.0,3.0,13027,M,4388084.0,483209.0,13
201800003488,18,10,4,1840,1,1,1,1.0,2.0,13066,M,4388755.0,488463.0,13
201800003489,18,11,26,830,2,1,1,5.0,3.0,13027,M,4389607.0,481862.0,13
201800003490,18,4,5,1510,1,1,1,1.0,3.0,13096,M,4345405.0,439998.0,13
201800003491,18,9,3,1315,1,1,1,1.0,1.0,13096,M,4356508.0,442012.0,13
201800003492,18,9,20,1045,1,1,1,1.0,7.0,13096,M,4355060.0,438169.0,13
201800003493,18,10,21,530,3,1,1,1.0,6.0,13096,M,4345883.0,439728.0,13
201800003494,18,11,11,110,3,1,1,2.0,6.0,13096,M,4349576.0,443356.0,13
201800003495,18,1,16,420,3,1,1,2.0,6.0,13097,M,4360148.0,478705.0,13
201800003496,18,3,17,1030,1,1,3,1.0,3.0,13097,M,4361340.0,479025.0,13
201800003497,18,4,6,1445,1,1,1,1.0,2.0,13097,M,4362986.0,480123.0,13
201800003498,18,4,24,630,2,1,1,1.0,6.0,13004,M,4358636.0,472696.0,13
201800003499,18,5,12,1915,1,1,1,1.0,6.0,13004,M,4352740.0,473850.0,13
201800003500,18,5,20,1745,1,1,1,1.0,6.0,13097,M,4365055.0,482780.0,13
201800003501,18,6,3,1115,1,1,6,1.0,3.0,13097,M,4364272.0,479963.0,13
201800003502,18,6,10,1345,1,1,1,1.0,3.0,13097,M,4359456.0,476212.0,13
201800003503,18,8,14,930,1,1,1,1.0,2.0,13097,M,4358672.0,476439.0,13
201800003504,18,9,6,1240,1,1,1,2.0,5.0,13097,M,4363431.0,477183.0,13
201800003505,18,9,9,1430,1,2,7,1.0,6.0,13097,M,4364272.0,479963.0,13
201800003506,18,9,16,1900,1,1,1,1.0,6.0,13097,M,4353214.0,482877.0,13
201800003507,18,10,29,2010,3,1,3,3.0,3.0,13097,M,4361136.0,475882.0,13
201800003508,18,12,19,1830,3,1,1,8.0,7.0,13097,M,,,13
201800003509,18,1,13,1100,1,2,1,1.0,6.0,13100,M,4377784.0,483163.0,13
201800003510,18,1,12,2122,3,2,1,1.0,6.0,13100,M,4379971.0,483305.0,13
201800003511,18,2,3,1650,1,2,6,1.0,6.0,13100,M,4379230.0,483953.0,13
201800003512,18,2,24,615,3,1,1,1.0,7.0,13100,M,,,13
201800003513,18,2,23,2315,3,1,1,1.0,6.0,13100,M,4380691.0,478538.0,13
201800003514,18,3,10,1750,1,1,1,1.0,1.0,13100,M,4379614.0,482849.0,13
201800003515,18,3,28,1515,1,1,2,1.0,2.0,13100,M,4380590.0,483325.0,13
201800003516,18,4,10,1730,1,1,1,1.0,2.0,13100,M,,,13
201800003517,18,6,3,1815,1,1,2,1.0,3.0,13100,M,4380470.0,482040.0,13
201800003518,18,6,14,1545,1,1,3,1.0,5.0,13100,M,4379641.0,479333.0,13
201800003519,18,7,6,1540,1,2,3,1.0,3.0,13100,M,4378867.0,483580.0,13
201800003520,18,7,15,2345,3,1,1,1.0,3.0,13052,M,4382552.0,479415.0,13
201800003521,18,7,28,1600,1,2,1,1.0,6.0,13094,M,4378625.0,475016.0,13
201800003522,18,11,11,130,5,2,1,2.0,6.0,13100,M,4379056.0,483578.0,13
201800003523,18,3,2,650,3,2,1,4.0,1.0,13004,M,4344457.0,472566.0,13
201800003524,18,2,14,1800,3,1,1,1.0,1.0,13042,M,4327033.0,564586.0,13
201800003525,18,3,3,1505,1,1,2,1.0,3.0,13030,M,4326783.0,572684.0,13
201800003526,18,6,16,1630,1,1,1,2.0,1.0,13030,M,4326436.0,566522.0,13
201800003527,18,8,2,1520,1,2,1,1.0,1.0,13030,M,4327353.0,569135.0,13
201800003528,18,9,23,1050,1,1,1,1.0,1.0,13030,M,4327580.0,570389.0,13
201800003529,18,10,21,1420,1,1,1,1.0,1.0,13042,M,4331289.0,566617.0,13
201800003530,18,12,22,305,5,2,1,9.0,6.0,13042,M,4329463.0,563052.0,13
201800003531,18,12,24,20,5,1,1,1.0,6.0,13042,M,4327760.0,561986.0,13
201800003532,18,12,22,730,3,1,1,1.0,6.0,13030,M,4326663.0,572853.0,13
201800003533,18,2,8,1135,1,1,1,1.0,1.0,13022,M,4323698.0,555939.0,13
201800003534,18,5,11,1830,1,2,1,1.0,6.0,13022,M,4322745.0,554828.0,13
201800003535,18,5,23,1445,1,1,1,1.0,7.0,13022,M,4320283.0,555900.0,13
201800003536,18,5,29,1440,1,2,1,1.0,6.0,13022,M,4322346.0,554111.0,13
201800003537,18,8,5,2130,3,2,1,1.0,1.0,13022,M,4322375.0,555929.0,13
201800003538,18,9,5,845,1,1,9,1.0,3.0,13023,M,4322349.0,564920.0,13
201800003539,18,9,17,2030,3,1,1,1.0,1.0,13022,M,4323164.0,558954.0,13
201800003540,18,2,20,1530,1,1,1,1.0,3.0,13085,M,,,13
201800003541,18,3,18,1500,1,2,1,1.0,7.0,13119,M,4326331.0,558255.0,13
201800003542,18,6,29,1130,1,1,3,1.0,1.0,13085,M,4324795.0,559814.0,13
201800003543,18,7,9,1900,1,1,1,1.0,6.0,13085,M,4325760.0,566516.0,13
201800003544,18,7,24,1830,1,1,1,1.0,1.0,13085,M,4325440.0,558773.0,13
201800003545,18,9,13,1640,1,2,1,1.0,6.0,13085,M,4324888.0,558896.0,13
201800003546,18,9,19,1755,1,1,1,1.0,7.0,13085,M,4324726.0,566361.0,13
201800003547,18,12,5,2015,5,2,1,8.0,7.0,13119,M,4326372.0,558302.0,13
201800003548,18,4,22,1725,1,1,1,1.0,1.0,13046,M,4342094.0,554499.0,13
201800003549,18,10,12,2320,3,1,1,1.0,3.0,13013,M,4341881.0,556898.0,13
201800003550,18,12,3,2210,3,1,1,1.0,6.0,13013,M,4341881.0,556898.0,13
201800003551,18,12,5,1300,1,2,3,1.0,3.0,13101,M,4341230.0,552476.0,13
201800003552,18,1,5,1645,1,2,3,1.0,6.0,13007,M,4335952.0,566140.0,13
201800003553,18,2,7,1945,5,2,1,1.0,6.0,13031,M,4338914.0,559846.0,13
201800003554,18,2,9,1530,1,2,1,1.0,6.0,13086,M,4334540.0,560115.0,13
201800003555,18,2,16,2100,5,2,3,1.0,2.0,13016,M,4339328.0,559473.0,13
201800003556,18,3,6,1730,1,1,1,1.0,1.0,13007,M,4336859.0,565149.0,13
201800003557,18,3,20,1315,1,2,1,1.0,6.0,13007,M,4337001.0,563418.0,13
201800003558,18,4,7,2210,3,1,1,6.0,7.0,13086,M,4335805.0,561003.0,13
201800003559,18,4,27,2250,4,2,1,1.0,6.0,13007,M,4334217.0,565568.0,13
201800003560,18,5,17,1345,1,1,1,8.0,1.0,13086,M,4333514.0,560084.0,13
201800003561,18,6,2,1930,1,2,3,1.0,7.0,13086,M,4332712.0,560751.0,13
201800003562,18,7,26,915,1,2,3,1.0,3.0,13016,M,4339432.0,558770.0,13
201800003563,18,8,20,1140,1,1,3,1.0,3.0,13007,M,4336588.0,561504.0,13
201800003564,18,9,22,1640,1,1,1,1.0,2.0,13007,M,4333193.0,565768.0,13
201800003565,18,10,11,1815,1,2,1,1.0,6.0,13086,M,4333746.0,561702.0,13
201800003566,18,11,15,1500,1,1,9,1.0,7.0,13007,M,4334262.0,565640.0,13
201800003567,18,4,5,30,3,1,6,1.0,7.0,13112,M,4352396.0,524941.0,13
201800003568,18,5,20,1000,1,2,3,1.0,3.0,13092,M,4352744.0,506977.0,13
201800003569,18,10,4,930,1,2,1,1.0,6.0,13014,M,4347715.0,516794.0,13
201800003570,18,9,27,1400,1,1,1,1.0,2.0,13081,M,4351159.0,520417.0,13
201800003571,18,11,8,1220,1,1,1,1.0,5.0,13092,M,4352952.0,509876.0,13
201800003572,18,12,2,2220,3,1,1,8.0,6.0,13014,M,4350715.0,513582.0,13
201800003573,18,12,11,1825,5,1,1,1.0,3.0,13014,M,4353198.0,519496.0,13
201800003574,18,12,21,1400,1,2,1,1.0,3.0,13014,M,4347809.0,516892.0,13
201800003575,18,1,5,1630,1,1,3,1.0,2.0,13049,M,4370184.0,508660.0,13
201800003576,18,1,27,2345,3,1,4,8.0,5.0,13003,M,4372011.0,512583.0,13
201800003577,18,6,30,45,3,1,1,1.0,1.0,13049,M,4370570.0,510165.0,13
201800003578,18,10,19,2240,3,1,4,1.0,3.0,13053,M,4371400.0,518678.0,13
201800003579,18,2,17,945,1,1,1,2.0,1.0,13115,M,4369227.0,518899.0,13
201800003580,18,3,13,1920,3,1,1,1.0,6.0,13053,M,,,13
201800003581,18,1,14,710,2,1,1,1.0,1.0,13018,M,4385825.0,495808.0,13
201800003582,18,1,15,1350,1,1,2,1.0,1.0,13076,M,4380080.0,500531.0,13
201800003583,18,1,28,550,3,1,2,1.0,3.0,13089,M,4382003.0,497307.0,13
201800003584,18,3,30,2130,5,2,1,2.0,1.0,13089,M,4383038.0,495158.0,13
201800003585,18,4,7,1120,1,1,2,1.0,3.0,13076,M,4380077.0,500513.0,13
201800003586,18,4,12,100,5,2,1,3.0,6.0,13064,M,4381138.0,494889.0,13
201800003587,18,4,18,750,2,1,2,1.0,3.0,13064,M,4380624.0,496127.0,13
201800003588,18,5,10,1737,1,1,1,1.0,7.0,13018,M,4386036.0,495253.0,13
201800003589,18,7,5,1245,1,2,1,1.0,2.0,13067,M,4379416.0,502131.0,13
201800003590,18,7,14,1950,1,2,1,1.0,6.0,13018,M,4385936.0,494126.0,13
201800003591,18,7,27,1750,1,2,1,1.0,7.0,13076,M,4381960.0,501823.0,13
201800003592,18,9,7,2240,5,2,2,1.0,3.0,13089,M,4383536.0,494434.0,13
201800003593,18,9,26,2015,3,1,3,1.0,3.0,13067,M,4376679.0,505235.0,13
201800003594,18,10,12,1630,1,1,2,1.0,4.0,13076,M,4382383.0,500335.0,13
201800003595,18,11,10,1755,3,1,2,1.0,5.0,13076,M,4380077.0,500527.0,13
201800003596,18,12,7,1745,3,1,1,1.0,6.0,13067,M,4379864.0,500860.0,13
201800003597,18,1,22,1810,5,2,3,1.0,3.0,13081,M,4348705.0,523873.0,13
201800003598,18,3,26,539,3,1,1,1.0,6.0,13081,M,4349353.0,521186.0,13
201800003599,18,6,24,1545,1,2,3,1.0,3.0,13081,M,4348338.0,522425.0,13
201800003600,18,7,4,1136,1,2,3,1.0,6.0,13081,M,4348779.0,522653.0,13
201800003601,18,7,9,830,1,1,1,1.0,3.0,13081,M,4349493.0,521664.0,13
201800003602,18,7,11,545,2,2,1,1.0,3.0,13081,M,4348735.0,522081.0,13
201800003603,18,9,10,1320,1,2,1,1.0,3.0,13081,M,4349180.0,522522.0,13
201800003604,18,9,10,1705,1,1,1,1.0,4.0,13081,M,4348735.0,522081.0,13
201800003605,18,10,11,1045,1,1,6,1.0,2.0,13081,M,4350432.0,522068.0,13
201800003606,18,10,12,2250,5,2,1,1.0,6.0,13081,M,4351446.0,521988.0,13
201800003607,18,12,14,2350,3,1,1,1.0,7.0,13081,M,4350663.0,520788.0,13
201800003608,18,2,18,1200,1,1,3,1.0,5.0,13082,M,4368420.0,534203.0,13
201800003609,18,3,23,1630,1,1,3,1.0,3.0,13084,M,4370859.0,536242.0,13
201800003610,18,6,7,1528,1,1,1,2.0,1.0,13082,M,4368824.0,534144.0,13
201800003611,18,7,8,500,2,1,1,1.0,7.0,13050,M,4366826.0,523622.0,13
201800003612,18,7,22,630,2,1,1,1.0,6.0,13050,M,4366687.0,524953.0,13
201800003613,18,9,7,1600,1,1,1,7.0,2.0,13084,M,4372401.0,531621.0,13
201800003614,18,3,15,1813,2,1,1,2.0,5.0,04034,M,4394770.0,588933.0,04
201800003615,18,4,15,1850,1,1,1,1.0,7.0,04077,M,4393820.0,602997.0,04
201800003616,18,5,3,1320,1,1,3,1.0,3.0,04143,M,4392360.0,590648.0,04
201800003617,18,6,11,1010,1,2,1,1.0,6.0,04143,M,4391210.0,591594.0,04
201800003618,18,6,28,1330,1,1,1,1.0,6.0,04143,M,4393520.0,591336.0,04
201800003619,18,7,12,945,1,1,1,1.0,6.0,04041,M,4389290.0,597896.0,04
201800003620,18,7,26,1915,1,2,1,3.0,6.0,04143,M,4391720.0,591884.0,04
201800003621,18,10,27,1430,1,1,1,2.0,1.0,04242,M,4389940.0,582531.0,04
201800003622,18,5,2,1725,1,2,1,8.0,6.0,04019,M,4438340.0,663877.0,04
201800003623,18,6,18,120,4,2,1,1.0,7.0,04019,M,4437810.0,662829.0,04
201800003624,18,6,13,1115,1,2,1,1.0,4.0,04096,M,4442640.0,673689.0,04
201800003625,18,6,26,500,2,2,1,1.0,6.0,04096,M,4441730.0,672938.0,04
201800003626,18,7,1,1240,1,1,1,1.0,7.0,04096,M,4432220.0,680546.0,04
201800003627,18,8,17,1600,1,1,1,8.0,6.0,04096,M,4437510.0,678248.0,04
201800003628,18,8,27,1835,1,1,1,1.0,7.0,04120,M,4442430.0,689584.0,04
201800003629,18,9,7,1830,2,1,2,7.0,2.0,04086,M,4439280.0,668693.0,04
201800003630,18,4,27,1900,1,1,1,1.0,7.0,04039,M,4386750.0,648628.0,04
201800003631,18,5,21,1225,1,1,1,1.0,6.0,04039,M,4386200.0,649268.0,04
201800003632,18,6,10,1515,1,1,1,1.0,7.0,04171,M,4380110.0,643773.0,04
201800003633,18,6,10,1400,1,1,1,1.0,6.0,04039,M,4387560.0,653224.0,04
201800003634,18,6,12,1255,1,1,1,1.0,7.0,04039,M,4383380.0,650012.0,04
201800003635,18,6,16,1815,1,1,1,1.0,6.0,04039,M,4382890.0,646666.0,04
201800003636,18,6,23,1155,1,1,1,1.0,6.0,04039,M,4382890.0,646666.0,04
201800003637,18,7,1,1815,1,1,1,1.0,6.0,04039,M,4386760.0,650318.0,04
201800003638,18,7,21,1200,1,1,1,1.0,6.0,04183,M,4390570.0,654248.0,04
201800003639,18,7,21,1923,1,1,1,1.0,6.0,04171,M,4380000.0,643821.0,04
201800003640,18,8,1,850,1,2,1,1.0,6.0,04039,M,4384560.0,651061.0,04
201800003641,18,8,21,1137,1,1,1,1.0,1.0,04039,M,4382890.0,646654.0,04
201800003642,18,8,25,730,1,1,1,1.0,6.0,04092,M,4382520.0,656644.0,04
201800003643,18,9,8,1755,1,1,1,1.0,7.0,04069,M,4388870.0,653797.0,04
201800003644,18,9,16,1345,1,1,1,1.0,3.0,04183,M,4392740.0,653316.0,04
201800003645,18,10,8,800,2,1,1,2.0,6.0,04092,M,4382150.0,658472.0,04
201800003646,18,10,16,1350,1,1,1,1.0,1.0,04039,M,4382780.0,656508.0,04
201800003647,18,10,21,1200,1,1,1,1.0,7.0,04039,M,4386440.0,648482.0,04
201800003648,18,12,28,1930,3,1,1,9.0,6.0,04092,M,4383610.0,654713.0,04
201800003649,18,2,4,1547,1,1,1,1.0,6.0,04128,M,4383740.0,567310.0,04
201800003650,18,4,15,910,1,1,1,1.0,7.0,04152,M,4380650.0,571607.0,04
201800003651,18,4,18,800,1,1,1,1.0,7.0,04063,M,4376740.0,575875.0,04
201800003652,18,5,1,1600,1,1,1,2.0,6.0,04152,M,4380650.0,576910.0,04
201800003653,18,6,6,950,1,1,9,1.0,6.0,04245,M,4385420.0,582974.0,04
201800003654,18,7,31,745,1,2,1,1.0,1.0,04197,M,4378250.0,576805.0,04
201800003655,18,10,11,1200,1,1,1,1.0,7.0,04152,M,4379030.0,568523.0,04
201800003656,18,11,2,1800,2,1,3,1.0,1.0,04197,M,4379740.0,577573.0,04
201800003657,18,11,16,1706,2,2,3,1.0,3.0,04197,M,4379280.0,577349.0,04
201800003658,18,1,5,1450,1,1,1,1.0,1.0,05173,M,4432423.0,589315.0,05
201800003659,18,5,26,2030,1,1,1,1.0,6.0,05048,M,4441809.0,563109.0,05
201800003660,18,7,26,1220,1,2,2,1.0,3.0,05173,M,4432004.0,589048.0,05