Num_Acc,an,mois,jour,hrmn,lum,agg,int,atm,col,com,gps,lat,long,dep
201800003661,18,8,18,1445,1,1,1,1.0,3.0,05118,M,4426594.0,577206.0,05
201800003662,18,8,26,1700,1,2,1,1.0,7.0,05070,M,4431751.0,581346.0,05
201800003663,18,9,14,835,1,2,1,1.0,6.0,05070,M,4431439.0,582420.0,05
201800003664,18,10,29,840,1,1,1,2.0,6.0,05178,M,4436357.0,588862.0,05
201800003665,18,12,1,1800,3,1,2,1.0,6.0,05173,M,4430696.0,585768.0,05
201800003666,18,12,6,750,1,2,6,1.0,7.0,05070,M,4431376.0,582708.0,05
201800003667,18,12,28,1615,1,1,3,1.0,3.0,05173,M,4430419.0,588546.0,05
201800003668,18,4,26,1544,1,1,1,1.0,7.0,05139,M,4470272.0,590539.0,05
201800003669,18,3,14,1610,1,1,1,1.0,6.0,05126,M,4438970.0,547194.0,05
201800003670,18,6,22,1505,1,2,1,1.0,6.0,05166,M,4442841.0,571553.0,05
201800003671,18,7,13,621,2,1,1,1.0,6.0,05117,M,4441150.0,555284.0,05
201800003672,18,8,27,1600,1,2,1,1.0,1.0,05089,M,4438506.0,574314.0,05
201800003673,18,12,20,1510,1,1,1,1.0,1.0,05166,M,4441548.0,571211.0,05
201800003674,18,12,30,1755,5,1,3,1.0,3.0,05021,M,4440454.0,573080.0,05
201800003675,18,1,19,2210,3,1,1,1.0,1.0,05151,M,4481446.0,657609.0,05
201800003676,18,4,25,1220,1,2,9,1.0,7.0,05006,M,4479577.0,655912.0,05
201800003677,18,10,5,1545,1,1,3,1.0,3.0,05151,M,4486334.0,659619.0,05
201800003678,18,5,11,1020,1,1,1,1.0,3.0,05079,M,4504262.0,642622.0,05
201800003679,18,6,16,1605,1,1,1,1.0,1.0,05063,M,4503879.0,624425.0,05
201800003680,18,7,31,920,1,1,1,1.0,1.0,05079,M,4503628.0,640605.0,05
201800003681,18,8,21,1320,1,1,1,1.0,6.0,05181,M,4503200.0,638278.0,05
201800003682,18,9,12,1010,1,1,4,1.0,1.0,05063,M,4504651.0,631163.0,05
201800003683,18,1,1,1850,3,1,1,4.0,1.0,05065,M,4466664.0,666707.0,05
201800003684,18,2,28,1615,1,1,1,4.0,1.0,05136,M,4470178.0,660825.0,05
201800003685,18,4,16,845,1,1,1,1.0,1.0,05119,M,4464986.0,662529.0,05
201800003686,18,6,30,1045,1,1,1,7.0,2.0,05136,M,4471175.0,660179.0,05
201800003687,18,7,2,1500,1,2,1,1.0,3.0,05065,M,4466037.0,665862.0,05
201800003688,18,7,28,1310,1,2,1,3.0,3.0,05136,M,4470836.0,658982.0,05
201800003689,18,11,2,1830,3,1,1,1.0,1.0,05065,M,4465965.0,662670.0,05
201800003690,18,2,12,1145,1,2,1,1.0,3.0,06048,M,4378861.0,733190.0,06
201800003691,18,3,11,545,3,2,1,3.0,1.0,06048,M,4380759.0,731656.0,06
201800003692,18,5,16,1700,1,2,4,2.0,1.0,06048,M,4380553.0,733617.0,06
201800003693,18,9,11,1420,1,1,1,1.0,6.0,06048,M,4382463.0,731544.0,06
201800003694,18,3,12,2045,3,1,1,1.0,6.0,06142,M,4384705.0,736199.0,06
201800003695,18,5,1,1805,1,1,1,2.0,3.0,06057,M,4382421.0,735174.0,06
201800003696,18,6,16,1540,1,1,1,1.0,6.0,06142,M,4385053.0,736786.0,06
201800003697,18,6,19,1845,1,1,9,1.0,6.0,06077,M,4387974.0,735438.0,06
201800003698,18,6,26,1140,1,1,1,1.0,3.0,06092,M,4377060.0,736614.0,06
201800003699,18,7,8,1915,1,2,1,1.0,6.0,06091,M,4377075.0,739966.0,06
201800003700,18,9,3,1040,1,2,1,1.0,6.0,06057,M,4383615.0,735460.0,06
201800003701,18,10,3,1610,1,2,1,1.0,6.0,06091,M,4379549.0,737878.0,06
201800003702,18,1,23,1845,3,1,9,1.0,6.0,06147,M,4379801.0,726032.0,06
201800003703,18,5,6,1505,1,1,1,1.0,7.0,06147,M,4375782.0,727889.0,06
201800003704,18,5,23,1030,1,1,1,1.0,6.0,06075,M,4385588.0,723120.0,06
201800003705,18,5,26,1505,1,1,1,1.0,6.0,06147,M,4378400.0,727243.0,06
201800003706,18,10,22,1640,1,2,1,1.0,7.0,06117,M,4382039.0,723904.0,06
201800003707,18,11,21,1250,1,1,1,8.0,1.0,06075,M,4382811.0,725723.0,06
201800003708,18,5,3,1045,1,2,4,1.0,6.0,06121,M,4368836.0,733445.0,06
201800003709,18,7,21,124,5,2,3,1.0,6.0,06011,M,4370866.0,733225.0,06
201800003710,18,8,1,1320,1,1,1,1.0,3.0,06059,M,4372899.0,736739.0,06
201800003711,18,3,27,1345,1,1,1,1.0,7.0,06070,M,4382955.0,692503.0,06
201800003712,18,4,18,1815,1,1,1,1.0,7.0,06003,M,4377621.0,684332.0,06
201800003713,18,6,4,300,5,1,1,3.0,6.0,06081,M,4383024.0,683443.0,06
201800003714,18,7,19,1915,1,1,1,1.0,6.0,06058,M,4373429.0,681231.0,06
201800003715,18,8,11,1950,1,1,1,1.0,3.0,06028,M,4376892.0,675670.0,06
201800003716,18,9,23,1140,1,1,1,1.0,2.0,06134,M,4377051.0,668662.0,06
201800003717,18,10,17,1205,1,1,1,1.0,6.0,06134,M,4376701.0,667458.0,06
201800003718,18,10,21,1200,1,1,1,1.0,7.0,06154,M,4379539.0,674804.0,06
201800003719,18,4,7,1455,1,2,1,1.0,2.0,06157,M,4372570.0,710838.0,06
201800003720,18,4,14,1700,1,2,1,1.0,3.0,06157,M,4372452.0,710491.0,06
201800003721,18,5,21,1210,1,1,3,1.0,3.0,06065,M,4373954.0,717845.0,06
201800003722,18,5,20,915,1,1,1,1.0,3.0,06157,M,4376163.0,708284.0,06
201800003723,18,6,5,1910,1,2,1,1.0,3.0,06065,M,4370822.0,714825.0,06
201800003724,18,6,17,1610,1,1,1,1.0,6.0,06050,M,4378902.0,703325.0,06
201800003725,18,6,29,745,1,2,4,1.0,1.0,06157,M,4372489.0,710348.0,06
201800003726,18,7,2,1345,1,2,1,1.0,2.0,06157,M,4372761.0,710357.0,06
201800003727,18,8,2,1020,1,1,1,1.0,6.0,06017,M,4380839.0,709880.0,06
201800003728,18,8,16,1220,1,1,1,1.0,1.0,06065,M,4371999.0,715050.0,06
201800003729,18,9,2,1130,1,1,1,1.0,7.0,06065,M,4373751.0,717787.0,06
201800003730,18,9,10,1145,1,2,1,1.0,6.0,06157,M,4372288.0,710965.0,06
201800003731,18,9,20,1530,1,1,1,1.0,1.0,06065,M,4371038.0,714614.0,06
201800003732,18,9,30,1120,1,2,1,1.0,6.0,06065,M,4372420.0,715288.0,06
201800003733,18,10,6,1130,1,1,3,1.0,1.0,06065,M,4373805.0,717925.0,06
201800003734,18,10,8,2300,5,2,1,1.0,6.0,06157,M,4371088.0,712996.0,06
201800003735,18,5,5,1355,1,1,1,1.0,6.0,06101,M,4402707.0,697739.0,06
201800003736,18,7,5,1620,1,1,1,1.0,1.0,06106,M,4387611.0,699717.0,06
201800003737,18,7,22,2045,2,1,1,1.0,6.0,06099,M,4395293.0,691986.0,06
201800003738,18,7,23,1335,1,1,1,1.0,6.0,06099,M,4396439.0,688732.0,06
201800003739,18,8,9,1810,1,1,2,3.0,3.0,06101,M,4394963.0,698849.0,06
201800003740,18,9,5,1630,1,2,3,1.0,2.0,06143,M,4394778.0,700999.0,06
201800003741,18,9,9,945,1,1,1,1.0,7.0,06047,M,4384279.0,704722.0,06
201800003742,18,11,29,1305,1,2,1,1.0,6.0,06099,M,4395486.0,689907.0,06
201800003743,18,12,16,1810,3,1,1,2.0,5.0,06146,M,4393554.0,717180.0,06
201800003744,18,1,5,1945,5,1,1,8.0,2.0,83029,M,4360777.0,674540.0,83
201800003745,18,1,8,935,1,2,1,2.0,2.0,83081,M,4359854.0,678915.0,83
201800003746,18,3,15,1820,1,1,6,1.0,6.0,83029,M,4360575.0,675544.0,83
201800003747,18,3,23,730,1,1,1,1.0,2.0,83124,M,4358729.0,663445.0,83
201800003748,18,3,29,1325,1,1,1,1.0,1.0,83029,M,4360845.0,675408.0,83
201800003749,18,4,15,800,1,1,1,1.0,6.0,83138,M,4359839.0,674147.0,83
201800003750,18,6,19,1000,1,1,1,1.0,6.0,83117,M,4357648.0,672577.0,83
201800003751,18,6,19,2300,3,1,1,1.0,6.0,83117,M,4356910.0,669247.0,83
201800003752,18,6,22,430,4,2,1,1.0,1.0,83029,M,4361430.0,674178.0,83
201800003753,18,6,22,400,3,1,1,1.0,6.0,83055,M,4357745.0,668161.0,83
201800003754,18,6,24,1500,1,1,1,1.0,6.0,83008,M,4353581.0,674297.0,83
201800003755,18,6,30,920,1,1,1,1.0,7.0,83081,M,4361075.0,681480.0,83
201800003756,18,7,20,2250,3,1,1,1.0,7.0,83124,M,4364563.0,665597.0,83
201800003757,18,7,26,2245,5,1,1,1.0,6.0,83081,M,4360574.0,676290.0,83
201800003758,18,7,29,1145,1,1,1,1.0,6.0,83080,M,4366790.0,670725.0,83
201800003759,18,8,17,1200,1,1,1,1.0,3.0,83138,M,4361329.0,672311.0,83
201800003760,18,8,18,1330,1,1,1,1.0,1.0,83081,M,4358813.0,679065.0,83
201800003761,18,9,5,1735,1,1,1,1.0,7.0,83081,M,4358813.0,679065.0,83
201800003762,18,11,1,1220,1,1,1,1.0,3.0,83081,M,4358497.0,679899.0,83
201800003763,18,11,8,1420,1,1,1,1.0,2.0,83029,M,4361430.0,674178.0,83
201800003764,18,12,1,1430,1,1,1,1.0,1.0,83008,M,4353026.0,671094.0,83
201800003765,18,12,8,1535,1,1,1,1.0,6.0,83029,M,4360602.0,675661.0,83
201800003766,18,12,18,50,5,2,1,1.0,1.0,83081,M,4360342.0,676760.0,83
201800003767,18,12,20,1720,3,1,1,1.0,6.0,83138,M,4361632.0,671597.0,83
201800003768,18,2,20,1440,1,2,1,1.0,3.0,83023,M,4341159.0,604645.0,83
201800003769,18,2,25,910,1,1,1,1.0,7.0,83030,M,4337053.0,612574.0,83
201800003770,18,4,18,815,1,1,1,1.0,6.0,83023,M,4340984.0,600980.0,83
201800003771,18,5,21,1605,1,2,1,1.0,3.0,83023,M,4340414.0,608147.0,83
201800003772,18,6,9,550,2,1,1,1.0,6.0,83030,M,4337421.0,608975.0,83
201800003773,18,6,23,1745,1,2,1,2.0,3.0,83023,M,4341193.0,606213.0,83
201800003774,18,7,3,1505,1,2,9,1.0,6.0,83023,M,4340922.0,606656.0,83
201800003775,18,7,27,854,1,1,2,1.0,3.0,83030,M,4336305.0,609407.0,83
201800003776,18,8,6,1845,1,1,1,1.0,3.0,83023,M,4340928.0,603233.0,83
201800003777,18,8,31,1535,1,1,1,1.0,3.0,83037,M,4337093.0,597341.0,83
201800003778,18,10,1,905,1,2,1,6.0,3.0,83023,M,4341649.0,606964.0,83
201800003779,18,11,21,1900,5,2,6,2.0,6.0,83023,M,4340805.0,604881.0,83
201800003780,18,12,11,2140,3,1,1,1.0,3.0,83023,M,4340290.0,609610.0,83
201800003781,18,12,15,1000,1,2,1,1.0,6.0,83023,M,4340666.0,606454.0,83
201800003782,18,12,20,810,1,1,1,1.0,6.0,83023,M,4340337.0,613425.0,83
201800003783,18,5,15,730,1,1,1,1.0,1.0,83150,M,4370330.0,582712.0,83
201800003784,18,6,6,1600,1,1,1,2.0,1.0,83150,M,4370659.0,581953.0,83
201800003785,18,6,9,1415,1,1,1,1.0,6.0,83114,M,4359234.0,588963.0,83
201800003786,18,6,10,400,2,1,1,1.0,6.0,83104,M,4360062.0,574937.0,83
201800003787,18,6,29,1700,1,2,1,1.0,1.0,83104,M,4361077.0,575830.0,83
201800003788,18,8,3,2000,2,2,1,2.0,3.0,83150,M,4373257.0,581051.0,83
201800003789,18,8,28,715,2,1,1,7.0,2.0,83066,M,4367274.0,586867.0,83
201800003790,18,10,5,1850,2,1,1,1.0,5.0,83104,M,4362370.0,576572.0,83
201800003791,18,11,4,1820,3,1,1,1.0,1.0,83006,M,4355761.0,579010.0,83
201800003792,18,11,26,1000,1,2,3,1.0,3.0,83150,M,4372585.0,581089.0,83
201800003793,18,1,18,750,1,1,1,1.0,2.0,83106,M,4331689.0,607515.0,83
201800003794,18,1,20,2120,3,1,1,2.0,6.0,83064,M,4334007.0,604055.0,83
201800003795,18,1,28,1700,1,1,1,1.0,1.0,83077,M,4326083.0,598247.0,83
201800003796,18,3,18,1030,1,1,1,1.0,1.0,83106,M,4330649.0,608393.0,83
201800003797,18,4,7,2005,1,1,1,1.0,6.0,83106,M,4331929.0,609491.0,83
201800003798,18,4,15,245,5,2,1,1.0,6.0,83111,M,4333877.0,611329.0,83
201800003799,18,5,14,2300,3,1,1,1.0,6.0,83077,M,4328638.0,597585.0,83
201800003800,18,6,15,2120,2,1,1,1.0,1.0,83076,M,4334763.0,592947.0,83
201800003801,18,7,20,145,5,2,1,1.0,6.0,83064,M,4332960.0,604315.0,83
201800003802,18,9,23,1650,1,1,1,1.0,1.0,83077,M,4330360.0,598720.0,83
201800003803,18,11,23,1705,3,1,1,2.0,7.0,83106,M,4329406.0,607240.0,83
201800003804,18,12,29,928,1,2,9,7.0,6.0,83099,M,4346501.0,669273.0,83
201800003805,18,2,7,1710,1,1,1,1.0,3.0,83107,M,4346315.0,662462.0,83
201800003806,18,2,10,2030,3,1,1,1.0,1.0,83107,M,4346221.0,664550.0,83
201800003807,18,2,15,2330,5,1,6,1.0,7.0,83107,M,4338372.0,668629.0,83
201800003808,18,2,10,1330,1,1,6,1.0,3.0,83099,M,4345592.0,668997.0,83
201800003809,18,4,17,1600,1,1,1,1.0,1.0,83107,M,4346291.0,663401.0,83
201800003810,18,4,25,1530,1,1,1,1.0,2.0,83107,M,4342492.0,667720.0,83
201800003811,18,4,26,1015,1,1,1,1.0,3.0,83107,M,4343921.0,665607.0,83
201800003812,18,5,14,815,1,1,1,8.0,2.0,83107,M,4346172.0,665198.0,83
201800003813,18,5,20,1115,1,1,1,1.0,2.0,83107,M,4338372.0,668629.0,83
201800003814,18,5,24,1045,1,2,1,1.0,6.0,83001,M,4352677.0,681560.0,83
201800003815,18,6,8,30,3,1,1,3.0,6.0,83107,M,4338372.0,668629.0,83
201800003816,18,6,8,1830,1,1,1,1.0,1.0,83107,M,4348276.0,665758.0,83
201800003817,18,7,9,938,1,2,6,1.0,1.0,83107,M,4349867.0,664730.0,83
201800003818,18,7,7,2000,1,1,3,1.0,3.0,83107,M,4343170.0,666692.0,83
201800003819,18,7,25,2054,3,1,1,1.0,6.0,83107,M,4347355.0,663634.0,83
201800003820,18,8,15,1830,1,2,4,1.0,3.0,83099,M,4345871.0,668419.0,83
201800003821,18,8,20,1905,1,1,1,1.0,6.0,83107,M,4348276.0,665758.0,83
201800003822,18,9,17,1748,1,1,1,1.0,1.0,83107,M,4338241.0,667593.0,83
201800003823,18,10,30,945,1,1,6,1.0,3.0,83107,M,4346202.0,665711.0,83
201800003824,18,1,20,1545,1,1,1,1.0,2.0,83068,M,4327596.0,655647.0,83
201800003825,18,1,25,1840,2,1,1,8.0,2.0,83068,M,4327473.0,657470.0,83
201800003826,18,1,30,1600,1,1,2,1.0,5.0,83068,M,4326531.0,652896.0,83
201800003827,18,2,26,1845,5,2,6,4.0,6.0,83042,M,4324671.0,653089.0,83
201800003828,18,3,31,1745,1,2,1,1.0,6.0,83068,M,4327627.0,652118.0,83
201800003829,18,4,19,1730,1,2,1,1.0,3.0,83042,M,4324365.0,652993.0,83
201800003830,18,4,30,1820,1,1,1,1.0,3.0,83068,M,4326507.0,652896.0,83
201800003831,18,5,24,1415,1,1,1,1.0,6.0,83068,M,4328576.0,659914.0,83
201800003832,18,5,26,2315,3,1,1,1.0,6.0,83079,M,4320472.0,647072.0,83
201800003833,18,6,5,744,1,2,1,7.0,2.0,83068,M,4327338.0,651275.0,83
201800003834,18,6,8,1100,1,1,1,1.0,1.0,83079,M,4320444.0,647417.0,83
201800003835,18,6,21,2140,5,1,1,1.0,1.0,83068,M,4328279.0,658857.0,83
201800003836,18,6,10,1515,1,1,1,1.0,3.0,83042,M,4324497.0,653354.0,83
201800003837,18,7,14,2350,3,1,1,1.0,3.0,83068,M,4327385.0,657416.0,83
201800003838,18,8,24,1515,1,1,9,1.0,2.0,83068,M,4327834.0,657686.0,83
201800003839,18,9,18,1615,1,1,9,1.0,3.0,83068,M,4327184.0,657361.0,83
201800003840,18,9,27,1545,1,1,1,7.0,1.0,83068,M,4326959.0,657340.0,83
201800003841,18,11,20,1145,1,1,1,1.0,3.0,83068,M,4326895.0,657366.0,83
201800003842,18,12,27,1900,5,1,1,1.0,6.0,83042,M,4325054.0,653822.0,83
201800003843,18,4,21,1515,1,2,1,1.0,3.0,83107,M,4334531.0,667777.0,83
201800003844,18,4,25,1230,1,1,1,1.0,2.0,83107,M,4334256.0,668923.0,83
201800003845,18,6,5,2200,5,2,1,1.0,1.0,83115,M,4331253.0,666796.0,83
201800003846,18,6,22,1630,1,2,1,1.0,3.0,83115,M,4331680.0,666679.0,83
201800003847,18,7,1,1315,1,1,1,1.0,5.0,83115,M,4335490.0,660255.0,83
201800003848,18,7,10,2330,5,2,1,1.0,6.0,83115,M,4330588.0,663237.0,83
201800003849,18,7,11,2030,1,2,1,1.0,3.0,83107,M,4334201.0,669121.0,83
201800003850,18,7,13,2355,5,2,4,1.0,3.0,83115,M,4330572.0,663218.0,83
201800003851,18,8,1,555,2,2,4,1.0,1.0,83115,M,4330572.0,663211.0,83
201800003852,18,8,25,1015,1,2,1,1.0,1.0,83115,M,4331213.0,663276.0,83
201800003853,18,9,23,2005,3,1,1,1.0,2.0,83094,M,4333396.0,656315.0,83
201800003854,18,10,5,900,1,2,6,1.0,6.0,83115,M,4330955.0,663415.0,83
201800003855,18,10,10,2230,4,1,1,3.0,7.0,83107,M,4334367.0,667672.0,83
201800003856,18,10,20,30,5,2,1,1.0,6.0,83115,M,4330520.0,662962.0,83
201800003857,18,12,27,1850,5,2,1,1.0,6.0,83115,M,4331058.0,663342.0,83
201800003858,18,1,7,1145,1,1,1,1.0,5.0,83065,M,4326070.0,657620.0,83
201800003859,18,4,22,1900,1,1,1,1.0,6.0,83101,M,4322705.0,665104.0,83
201800003860,18,6,22,2135,2,1,1,1.0,1.0,83101,M,4323168.0,665212.0,83
201800003861,18,6,24,1045,1,1,1,1.0,1.0,83101,M,4322411.0,664975.0,83
201800003862,18,7,7,1330,1,1,1,1.0,1.0,83101,M,4322611.0,661258.0,83
201800003863,18,7,13,1800,1,1,1,1.0,3.0,83065,M,4326378.0,661267.0,83
201800003864,18,9,1,500,5,1,1,1.0,7.0,83065,M,4325964.0,659227.0,83
201800003865,18,10,17,1615,1,1,3,1.0,1.0,83101,M,4321379.0,664123.0,83
201800003866,18,10,30,750,1,2,1,1.0,6.0,83119,M,4325888.0,663240.0,83
201800003867,18,11,26,1045,1,1,1,1.0,3.0,83065,M,4325580.0,657326.0,83
201800003868,18,1,16,1450,1,2,1,1.0,3.0,83053,M,4316893.0,582891.0,83
201800003869,18,2,4,1445,1,1,1,1.0,1.0,83053,M,4319567.0,587846.0,83
201800003870,18,2,9,300,3,1,1,1.0,6.0,83016,M,4318834.0,582090.0,83
201800003871,18,4,3,1455,1,1,1,6.0,1.0,83016,M,4323184.0,580604.0,83
201800003872,18,4,8,1315,1,1,1,6.0,6.0,83035,M,4319029.0,578346.0,83
201800003873,18,4,11,1857,1,1,1,3.0,6.0,83016,M,4318781.0,581584.0,83
201800003874,18,4,14,935,1,1,1,1.0,2.0,83016,M,4321824.0,581048.0,83
201800003875,18,4,30,1710,1,1,1,1.0,5.0,83016,M,4319312.0,580990.0,83
201800003876,18,4,29,1910,2,2,1,3.0,6.0,83016,M,4319287.0,581027.0,83
201800003877,18,5,8,2040,2,1,1,1.0,1.0,83127,M,4328612.0,584757.0,83
201800003878,18,5,12,1630,1,1,1,1.0,6.0,83035,M,4326178.0,575999.0,83
201800003879,18,5,19,1504,1,1,1,1.0,1.0,83035,M,4325213.0,577787.0,83
201800003880,18,6,28,740,1,1,1,1.0,6.0,83035,M,4325213.0,577787.0,83
201800003881,18,10,23,925,1,1,1,1.0,3.0,83035,M,4322404.0,576860.0,83
201800003882,18,9,6,1930,1,1,1,1.0,3.0,83016,M,4321349.0,581458.0,83
201800003883,18,9,14,2200,3,1,1,1.0,3.0,83035,M,4325213.0,577787.0,83
201800003884,18,9,25,915,1,1,6,1.0,2.0,83035,M,4326178.0,575999.0,83
201800003885,18,10,21,1716,1,1,1,1.0,1.0,83016,M,4319312.0,580990.0,83
201800003886,18,10,25,700,2,1,1,1.0,6.0,83053,M,4315948.0,584265.0,83
201800003887,18,11,1,1530,1,1,1,2.0,6.0,83053,M,4317585.0,584997.0,83
201800003888,18,11,24,1825,3,1,1,5.0,7.0,83053,M,4315767.0,583702.0,83
201800003889,18,12,5,815,1,1,1,1.0,3.0,83053,M,4316296.0,583297.0,83
201800003890,18,12,9,1745,3,2,1,1.0,6.0,83016,M,4319947.0,580747.0,83
201800003891,18,4,17,1445,1,1,1,1.0,3.0,83047,M,4316671.0,610650.0,83
201800003892,18,5,8,630,2,1,1,1.0,7.0,83047,M,4316572.0,610523.0,83
201800003893,18,5,15,1329,1,1,1,1.0,3.0,83047,M,4313655.0,607961.0,83
201800003894,18,6,24,1545,1,1,1,1.0,5.0,83047,M,4313982.0,608021.0,83
201800003895,18,7,26,1105,1,2,1,1.0,2.0,83047,M,4311920.0,606607.0,83
201800003896,18,8,3,830,1,2,1,1.0,6.0,83047,M,4314822.0,607307.0,83
201800003897,18,9,8,1615,1,1,1,1.0,6.0,83047,M,4312067.0,605484.0,83
201800003898,18,1,21,2110,3,1,1,1.0,6.0,83071,M,4314339.0,624798.0,83
201800003899,18,4,6,5,3,1,1,1.0,6.0,83071,M,4316943.0,621597.0,83
201800003900,18,8,15,1145,1,1,1,1.0,3.0,83071,M,4314588.0,623708.0,83
201800003901,18,10,15,130,5,2,1,1.0,2.0,83071,M,4311987.0,624649.0,83
201800003902,18,12,18,2205,5,2,1,1.0,6.0,83070,M,4313750.0,636329.0,83
201800003903,18,1,1,1523,1,1,1,1.0,6.0,83027,M,4321267.0,571145.0,83
201800003904,18,2,15,920,1,2,6,2.0,2.0,83112,M,4317865.0,570727.0,83
201800003905,18,5,6,1300,1,1,1,1.0,3.0,83112,M,4315220.0,571362.0,83
201800003906,18,6,17,1630,1,2,1,1.0,2.0,83112,M,4317993.0,567605.0,83
201800003907,18,6,20,1210,1,2,1,1.0,2.0,83112,M,4318293.0,569397.0,83
201800003908,18,7,25,1225,1,2,1,1.0,6.0,83112,M,4318227.0,569309.0,83
201800003909,18,7,14,1830,1,2,1,1.0,6.0,83112,M,4317844.0,570854.0,83
201800003910,18,8,1,1430,1,2,1,1.0,3.0,83112,M,4317418.0,570139.0,83
201800003911,18,8,4,630,1,1,1,1.0,1.0,83112,M,4317153.0,570563.0,83
201800003912,18,8,26,2120,3,1,1,1.0,6.0,83112,M,4319463.0,571074.0,83
201800003913,18,9,10,1714,1,2,9,1.0,2.0,83112,M,4317448.0,570169.0,83
201800003914,18,10,16,1610,1,2,1,1.0,6.0,83112,M,4319022.0,570198.0,83
201800003915,18,10,24,1235,1,1,1,1.0,3.0,83112,M,4317153.0,570563.0,83
201800003916,18,12,4,1130,1,2,7,1.0,6.0,83112,M,4318083.0,571213.0,83
201800003917,18,1,2,1200,1,2,9,1.0,3.0,84119,M,4395901.0,493864.0,84
201800003918,18,3,6,800,1,2,9,2.0,3.0,84036,M,4392651.0,494137.0,84
201800003919,18,3,10,1749,1,1,1,1.0,6.0,84034,M,4389849.0,495352.0,84
201800003920,18,3,15,1215,1,1,1,2.0,2.0,84081,M,4392157.0,490047.0,84
201800003921,18,4,6,1050,1,2,1,1.0,6.0,84034,M,4389277.0,494459.0,84
201800003922,18,5,4,1415,1,1,1,1.0,1.0,84081,M,4395399.0,490467.0,84
201800003923,18,6,6,945,1,2,9,1.0,6.0,84119,M,4395607.0,492990.0,84
201800003924,18,7,4,2200,5,1,3,1.0,3.0,84141,M,4396227.0,489906.0,84
201800003925,18,7,12,2125,5,1,3,1.0,6.0,84141,M,4396676.0,492534.0,84
201800003926,18,8,4,1745,1,1,1,1.0,5.0,84081,M,4393767.0,491453.0,84
201800003927,18,8,14,2120,3,2,3,1.0,3.0,84141,M,4395771.0,489979.0,84
201800003928,18,9,8,1830,1,2,1,1.0,1.0,84119,M,4395724.0,492565.0,84
201800003929,18,9,9,540,3,1,1,1.0,1.0,84036,M,4392651.0,494137.0,84
201800003930,18,9,11,1210,1,2,1,1.0,6.0,84034,M,4389171.0,495348.0,84
201800003931,18,9,14,1640,1,2,1,1.0,3.0,84036,M,4392796.0,494250.0,84
201800003932,18,9,19,1430,1,1,1,1.0,1.0,84119,M,4395966.0,494040.0,84
201800003933,18,9,20,2045,5,2,1,1.0,3.0,84141,M,4398439.0,490229.0,84
201800003934,18,9,24,1945,3,1,1,6.0,1.0,84034,M,4389570.0,497270.0,84
201800003935,18,10,26,1930,5,1,1,1.0,6.0,84119,M,4396635.0,492481.0,84
201800003936,18,10,30,1015,1,2,1,1.0,3.0,84034,M,4389314.0,494812.0,84
201800003937,18,11,27,1545,1,1,1,1.0,6.0,84141,M,4398676.0,489293.0,84
201800003938,18,11,29,810,1,2,6,1.0,3.0,84141,M,4397734.0,490895.0,84
201800003939,18,12,11,825,1,2,9,1.0,6.0,84141,M,4397221.0,489985.0,84
201800003940,18,1,2,1810,3,1,2,1.0,3.0,84124,M,4391686.0,510587.0,84
201800003941,18,1,11,1745,5,2,1,1.0,6.0,84054,M,4391949.0,504028.0,84
201800003942,18,2,3,1010,1,2,1,1.0,6.0,84054,M,4392838.0,506345.0,84
201800003943,18,4,27,2240,3,1,1,1.0,1.0,84054,M,4388715.0,504140.0,84
201800003944,18,5,11,1930,1,1,2,1.0,1.0,84132,M,4389899.0,499824.0,84
201800003945,18,6,30,930,1,1,1,1.0,3.0,84054,M,4391226.0,503082.0,84
201800003946,18,8,22,1810,1,1,1,1.0,3.0,84132,M,4393132.0,503065.0,84
201800003947,18,9,3,1625,1,2,1,1.0,3.0,84054,M,4392450.0,505304.0,84
201800003948,18,10,16,1220,1,1,1,2.0,6.0,84054,M,4390428.0,504262.0,84
201800003949,18,12,23,2159,3,1,1,1.0,6.0,84132,M,,,84
201800003950,18,2,13,1755,2,2,1,1.0,6.0,84092,M,4396653.0,485826.0,84
201800003951,18,2,15,1208,1,2,2,1.0,4.0,84092,M,4397078.0,486160.0,84
201800003952,18,2,15,1100,1,2,1,1.0,6.0,84092,M,4396176.0,486223.0,84
201800003953,18,2,23,1445,1,2,3,1.0,2.0,84092,M,4395580.0,484343.0,84
201800003954,18,4,6,1930,1,2,2,1.0,3.0,84092,M,4395583.0,485851.0,84
201800003955,18,4,17,745,1,2,1,1.0,6.0,84092,M,4396128.0,486340.0,84
201800003956,18,4,30,2200,5,2,1,1.0,3.0,84092,M,4398008.0,488009.0,84
201800003957,18,5,15,1715,1,2,1,1.0,3.0,84092,M,4395931.0,485343.0,84
201800003958,18,6,19,2230,5,2,1,1.0,3.0,84092,M,4395677.0,484736.0,84
201800003959,18,9,29,555,3,2,1,1.0,6.0,84092,M,4397078.0,486160.0,84
201800003960,18,9,28,2210,5,1,1,1.0,6.0,84092,M,4397339.0,486061.0,84
201800003961,18,11,26,2030,3,1,1,1.0,6.0,84092,M,4397078.0,486160.0,84
201800003962,18,7,3,800,1,2,3,1.0,3.0,84016,M,4403445.0,486561.0,84
201800003963,18,7,13,2130,2,1,9,1.0,3.0,84129,M,4400376.0,492262.0,84
201800003964,18,10,19,720,1,2,9,1.0,3.0,84129,M,4399938.0,486764.0,84