Num_Acc,an,mois,jour,hrmn,lum,agg,int,atm,col,com,gps,lat,long,dep
201800003965,18,12,18,645,5,2,1,9.0,6.0,84129,M,4400498.0,487679.0,84
201800003966,18,2,14,1800,1,2,1,1.0,6.0,84003,M,4387660.0,538923.0,84
201800003967,18,3,15,1710,1,1,1,2.0,6.0,84047,M,4389630.0,534350.0,84
201800003968,18,5,5,1345,1,2,1,1.0,7.0,84003,M,4387992.0,540706.0,84
201800003969,18,5,27,130,3,1,1,1.0,1.0,84118,M,4395904.0,537330.0,84
201800003970,18,5,30,805,1,2,1,1.0,5.0,84003,M,4388492.0,538092.0,84
201800003971,18,7,29,1610,1,1,1,1.0,1.0,84003,M,4388977.0,538546.0,84
201800003972,18,8,16,850,1,2,3,1.0,3.0,84003,M,4387604.0,540003.0,84
201800003973,18,9,17,1400,1,2,1,1.0,7.0,84003,M,4387902.0,538842.0,84
201800003974,18,10,5,200,3,1,1,1.0,6.0,84103,M,4391810.0,547490.0,84
201800003975,18,10,26,1845,5,2,6,1.0,6.0,84003,M,4387902.0,538842.0,84
201800003976,18,11,6,1900,3,1,1,1.0,6.0,84003,M,4387013.0,537457.0,84
201800003977,18,12,6,1745,3,1,1,1.0,7.0,84003,M,4387641.0,533215.0,84
201800003978,18,1,1,135,5,2,4,1.0,6.0,84042,M,4377670.0,544508.0,84
201800003979,18,1,17,1800,3,1,9,1.0,1.0,84074,M,4375315.0,519380.0,84
201800003980,18,2,12,1640,1,1,3,1.0,3.0,84026,M,4371944.0,537735.0,84
201800003981,18,2,22,800,1,1,1,1.0,1.0,84026,M,4373007.0,538622.0,84
201800003982,18,5,22,1020,1,1,1,2.0,1.0,84042,M,4376704.0,543352.0,84
201800003983,18,5,26,2145,3,1,1,1.0,6.0,84140,M,4375723.0,540078.0,84
201800003984,18,6,3,1430,1,1,1,3.0,7.0,84042,M,4377679.0,542540.0,84
201800003985,18,6,4,530,2,1,1,1.0,6.0,84026,M,4371517.0,537245.0,84
201800003986,18,6,18,1730,1,1,3,1.0,6.0,84042,M,4377034.0,543605.0,84
201800003987,18,7,12,730,1,1,9,1.0,3.0,84095,M,4375207.0,533236.0,84
201800003988,18,7,5,1800,1,1,1,7.0,7.0,84042,M,4377680.0,545473.0,84
201800003989,18,8,5,700,2,1,1,1.0,6.0,84042,M,4374401.0,544007.0,84
201800003990,18,8,4,950,1,1,1,1.0,5.0,84095,M,4375431.0,533950.0,84
201800003991,18,9,23,1955,3,2,1,1.0,2.0,84068,M,4375987.0,536507.0,84
201800003992,18,10,15,1100,1,2,3,8.0,3.0,84026,M,4373707.0,535926.0,84
201800003993,18,10,21,1230,1,2,1,1.0,2.0,84026,M,4372730.0,537367.0,84
201800003994,18,10,21,1700,1,2,2,1.0,1.0,84147,M,4370378.0,543750.0,84
201800003995,18,1,11,1830,3,1,1,1.0,6.0,84012,M,4411365.0,504897.0,84
201800003996,18,3,13,1615,1,1,9,1.0,6.0,84122,M,4409784.0,494616.0,84
201800003997,18,3,20,925,1,1,6,1.0,3.0,84067,M,4407330.0,500275.0,84
201800003998,18,4,16,1640,1,2,1,1.0,2.0,84004,M,4410031.0,502534.0,84
201800003999,18,5,17,1250,1,1,1,1.0,1.0,84004,M,4409988.0,500065.0,84
201800004000,18,6,2,2115,3,1,1,1.0,7.0,84067,M,4408363.0,501160.0,84
201800004001,18,8,14,1030,1,2,1,7.0,6.0,84049,M,4417142.0,500180.0,84
201800004002,18,11,12,1745,2,2,1,1.0,3.0,84122,M,4408673.0,496934.0,84
201800004003,18,12,22,545,3,2,1,1.0,6.0,84122,M,4410255.0,498363.0,84
201800004004,18,12,25,1205,1,2,1,1.0,3.0,84004,M,4409798.0,502164.0,84
201800004005,18,1,20,1320,1,1,3,2.0,3.0,84078,M,4422751.0,471332.0,84
201800004006,18,1,30,645,3,1,1,1.0,7.0,84063,M,4425990.0,465510.0,84
201800004007,18,2,23,1700,1,2,9,1.0,6.0,84019,M,4429405.0,475057.0,84
201800004008,18,5,25,1005,1,1,1,7.0,7.0,84078,M,4425705.0,467976.0,84
201800004009,18,6,29,730,1,1,1,1.0,3.0,84019,M,4426888.0,470220.0,84
201800004010,18,10,21,2300,3,1,1,1.0,1.0,84064,M,4429712.0,468998.0,84
201800004011,18,11,24,1520,1,1,1,1.0,3.0,84064,M,4431313.0,468581.0,84
201800004012,18,11,27,1740,3,1,1,1.0,3.0,84078,M,4425969.0,470573.0,84
201800004013,18,12,11,1545,1,2,3,1.0,3.0,84019,M,4427678.0,474465.0,84
201800004014,18,2,2,1845,3,1,1,1.0,2.0,84150,M,4430420.0,497358.0,84
201800004015,18,2,8,1720,2,2,1,7.0,6.0,84138,M,4438746.0,499520.0,84
201800004016,18,3,19,820,1,1,2,1.0,3.0,84138,M,4440124.0,498482.0,84
201800004017,18,5,26,1115,1,2,1,1.0,6.0,84138,M,4438322.0,499025.0,84
201800004018,18,8,11,720,1,1,1,1.0,6.0,84138,M,4438044.0,496030.0,84
201800004019,18,9,28,1000,1,2,1,1.0,6.0,84138,M,4438430.0,498764.0,84
201800004020,18,10,9,1100,1,2,1,1.0,3.0,84053,M,4439662.0,492514.0,84
201800004021,18,11,2,1650,1,2,1,1.0,6.0,84138,M,4438374.0,498766.0,84
201800004022,18,11,26,720,5,2,1,1.0,6.0,84138,M,4438389.0,499340.0,84
201800004023,18,2,20,931,1,2,2,1.0,3.0,34057,M,4362856.0,389753.0,34
201800004024,18,3,23,1237,1,2,3,1.0,3.0,34057,M,4362445.0,391532.0,34
201800004025,18,6,22,1445,1,1,6,1.0,3.0,34057,M,4364823.0,392829.0,34
201800004026,18,8,26,610,5,2,1,1.0,1.0,34057,M,4363621.0,389418.0,34
201800004027,18,3,5,1645,1,1,1,1.0,6.0,34227,M,4373974.0,405033.0,34
201800004028,18,3,24,1950,5,2,1,1.0,2.0,34058,M,4367354.0,398202.0,34
201800004029,18,4,4,1700,1,2,1,1.0,2.0,34327,M,4365043.0,395831.0,34
201800004030,18,4,12,1910,1,1,1,2.0,6.0,34249,M,4373881.0,397807.0,34
201800004031,18,4,22,1750,1,1,1,1.0,7.0,34022,M,4365448.0,399526.0,34
201800004032,18,5,23,1110,1,2,6,1.0,2.0,34058,M,4366778.0,397513.0,34
201800004033,18,6,23,355,3,1,3,1.0,6.0,34058,M,4369397.0,401078.0,34
201800004034,18,6,28,1645,1,2,3,1.0,3.0,34327,M,4365138.0,396002.0,34
201800004035,18,7,23,1830,1,2,6,1.0,3.0,34327,M,4365552.0,397554.0,34
201800004036,18,8,1,1150,1,1,1,1.0,5.0,34058,M,4366723.0,397663.0,34
201800004037,18,9,6,1930,5,2,3,1.0,3.0,34022,M,4365693.0,400814.0,34
201800004038,18,9,12,1815,1,2,2,1.0,6.0,34022,M,4365695.0,400837.0,34
201800004039,18,9,18,1815,1,2,1,1.0,3.0,34327,M,4365362.0,396724.0,34
201800004040,18,9,29,345,3,1,1,1.0,4.0,34058,M,4369282.0,400899.0,34
201800004041,18,10,24,1545,1,1,1,1.0,4.0,34058,M,4369232.0,400823.0,34
201800004042,18,10,27,855,2,1,1,1.0,6.0,34058,M,4366716.0,398151.0,34
201800004043,18,11,16,845,1,2,1,1.0,3.0,34022,M,4365727.0,400948.0,34
201800004044,18,1,4,1010,1,1,1,6.0,6.0,34344,M,4357629.0,409517.0,34
201800004045,18,2,15,715,1,1,1,2.0,2.0,34344,M,4356868.0,406897.0,34
201800004046,18,4,20,230,5,2,9,1.0,6.0,34154,M,4354648.0,397140.0,34
201800004047,18,6,29,2115,1,2,1,1.0,6.0,34344,M,4356082.0,405804.0,34
201800004048,18,7,9,1930,1,2,1,1.0,3.0,34344,M,4356504.0,407329.0,34
201800004049,18,7,13,800,1,1,1,1.0,2.0,34344,M,4356488.0,405192.0,34
201800004050,18,10,12,1015,1,1,1,1.0,7.0,34344,M,4356960.0,407379.0,34
201800004051,18,10,25,1645,1,2,1,7.0,3.0,34344,M,4356132.0,408308.0,34
201800004052,18,1,15,900,1,1,1,1.0,5.0,34145,M,4368614.0,413388.0,34
201800004053,18,1,18,1200,1,1,1,1.0,1.0,34146,M,4367980.0,410360.0,34
201800004054,18,4,6,1230,1,1,1,1.0,1.0,34151,M,4360594.0,410660.0,34
201800004055,18,4,8,2310,3,1,1,2.0,6.0,34033,M,4374685.0,405375.0,34
201800004056,18,4,9,1600,1,2,1,1.0,6.0,34151,M,4366392.0,418107.0,34
201800004057,18,4,17,1605,1,1,1,1.0,6.0,34340,M,4372306.0,412305.0,34
201800004058,18,5,10,1100,1,2,1,1.0,3.0,34146,M,4367896.0,409094.0,34
201800004059,18,5,25,445,3,1,1,1.0,1.0,34151,M,4364069.0,413756.0,34
201800004060,18,5,25,735,1,1,1,1.0,6.0,34294,M,4371564.0,411271.0,34
201800004061,18,6,23,20,3,1,1,1.0,5.0,34151,M,4360571.0,410661.0,34
201800004062,18,7,1,1935,1,1,1,1.0,7.0,34288,M,4373533.0,409844.0,34
201800004063,18,7,1,950,1,1,1,1.0,2.0,34146,M,4367766.0,408746.0,34
201800004064,18,7,6,730,1,1,1,1.0,2.0,34151,M,4357422.0,408996.0,34
201800004065,18,7,10,2355,5,1,1,1.0,3.0,34145,M,4367741.0,413502.0,34
201800004066,18,7,26,1645,1,1,1,1.0,5.0,34151,M,4362056.0,411833.0,34
201800004067,18,7,27,845,1,1,1,1.0,3.0,34145,M,4369460.0,413434.0,34
201800004068,18,8,29,1410,1,2,9,1.0,3.0,34145,M,4367939.0,410684.0,34
201800004069,18,11,9,250,3,1,1,3.0,6.0,34145,M,4362849.0,412901.0,34
201800004070,18,2,25,740,1,2,1,1.0,6.0,34127,M,4364972.0,407540.0,34
201800004071,18,3,16,2315,3,1,9,3.0,3.0,34154,M,4362182.0,397966.0,34
201800004072,18,4,2,1805,1,1,1,1.0,7.0,34240,M,4361889.0,394467.0,34
201800004073,18,4,5,845,1,1,9,1.0,3.0,34154,M,4363770.0,399416.0,34
201800004074,18,4,27,800,1,1,3,1.0,2.0,34154,M,4361241.0,397531.0,34
201800004075,18,4,30,1508,1,1,1,1.0,6.0,34154,M,4357854.0,395891.0,34
201800004076,18,5,16,1220,1,2,1,1.0,3.0,34154,M,4361277.0,400699.0,34
201800004077,18,5,26,1530,1,1,1,1.0,1.0,34176,M,4365012.0,405429.0,34
201800004078,18,6,14,1625,1,1,2,1.0,3.0,34050,M,4363691.0,405896.0,34
201800004079,18,6,16,925,1,1,2,1.0,3.0,34154,M,4363015.0,401391.0,34
201800004080,18,6,22,1035,1,1,3,1.0,1.0,34154,M,4361646.0,394650.0,34
201800004081,18,7,4,1930,1,1,1,1.0,7.0,34154,M,4361636.0,404049.0,34
201800004082,18,8,27,900,1,1,1,1.0,7.0,34176,M,4364122.0,403315.0,34
201800004083,18,9,15,1415,1,1,1,1.0,7.0,34154,M,4357866.0,395864.0,34
201800004084,18,9,19,1640,1,1,2,1.0,3.0,34154,M,4362466.0,402654.0,34
201800004085,18,9,28,1730,1,1,1,1.0,5.0,34154,M,4361597.0,397990.0,34
201800004086,18,10,1,2320,3,1,1,1.0,6.0,34240,M,4361790.0,394558.0,34
201800004087,18,10,19,2250,3,1,1,1.0,1.0,34154,M,4361724.0,398230.0,34
201800004088,18,11,19,2345,3,1,2,2.0,3.0,34154,M,4363770.0,399429.0,34
201800004089,18,12,1,845,1,1,3,1.0,2.0,34154,M,4363140.0,399748.0,34
201800004090,18,12,3,1950,3,1,1,1.0,6.0,34127,M,4365866.0,407228.0,34
201800004091,18,1,7,1025,1,1,1,1.0,2.0,34048,M,4378558.0,403312.0,34
201800004092,18,5,27,1530,1,1,1,1.0,1.0,34110,M,4377233.0,402822.0,34
201800004093,18,5,29,1410,1,1,9,1.0,1.0,34314,M,4372667.0,385029.0,34
201800004094,18,6,6,1930,1,1,1,1.0,1.0,34265,M,4374341.0,401112.0,34
201800004095,18,9,4,740,1,1,3,1.0,2.0,34322,M,4379892.0,387691.0,34
201800004096,18,1,11,2050,3,1,1,1.0,2.0,34161,M,4332517.0,309626.0,34
201800004097,18,4,11,1500,1,1,1,8.0,3.0,34081,M,4330994.0,316240.0,34
201800004098,18,6,2,411,3,1,1,1.0,7.0,34006,M,4332203.0,279554.0,34
201800004099,18,6,2,1030,1,2,1,1.0,6.0,34226,M,4334377.0,296497.0,34
201800004100,18,6,18,1522,1,2,1,1.0,3.0,34052,M,4332707.0,304999.0,34
201800004101,18,8,3,950,1,2,3,1.0,3.0,34183,M,4329104.0,312743.0,34
201800004102,18,8,15,1150,1,1,1,1.0,7.0,34052,M,4334042.0,303986.0,34
201800004103,18,9,10,1850,1,1,1,1.0,7.0,34135,M,4329792.0,318509.0,34
201800004104,18,9,11,1035,1,1,3,1.0,3.0,34135,M,4329493.0,318448.0,34
201800004105,18,11,26,1900,3,1,1,1.0,1.0,34183,M,4328908.0,311421.0,34
201800004106,18,12,2,1210,1,1,1,1.0,6.0,34081,M,4331077.0,317287.0,34
201800004107,18,12,14,830,1,1,1,1.0,3.0,34183,M,4326682.0,308106.0,34
201800004108,18,1,16,1940,3,1,1,6.0,2.0,34098,M,4343233.0,261200.0,34
201800004109,18,1,25,1045,1,2,1,1.0,7.0,34075,M,4332370.0,271290.0,34
201800004110,18,3,18,615,2,1,1,1.0,1.0,34026,M,4329455.0,275165.0,34
201800004111,18,7,25,1205,1,2,6,1.0,7.0,34007,M,4333766.0,281793.0,34
201800004112,18,8,27,1015,1,1,1,7.0,2.0,34189,M,4326710.0,274848.0,34
201800004113,18,1,17,745,2,1,1,6.0,7.0,34166,M,4339849.0,334998.0,34
201800004114,18,1,24,910,1,2,1,1.0,7.0,34199,M,4345969.0,342681.0,34
201800004115,18,4,9,1145,1,1,1,2.0,7.0,34166,M,4335413.0,336335.0,34
201800004116,18,5,19,1930,1,1,3,8.0,6.0,34162,M,4348833.0,349360.0,34
201800004117,18,5,23,1310,1,1,1,1.0,6.0,34199,M,4346869.0,338152.0,34
201800004118,18,7,14,2030,1,1,1,1.0,1.0,34199,M,4344824.0,343763.0,34
201800004119,18,7,26,30,3,1,1,1.0,7.0,34103,M,4353637.0,339233.0,34
201800004120,18,7,29,940,1,1,1,1.0,1.0,34199,M,4348003.0,343669.0,34
201800004121,18,8,10,913,1,2,1,1.0,6.0,34009,M,4346863.0,334195.0,34
201800004122,18,9,1,1230,1,1,9,1.0,3.0,34199,M,4346380.0,340978.0,34
201800004123,18,9,5,1225,1,1,1,1.0,5.0,34182,M,4341367.0,341508.0,34
201800004124,18,11,1,1955,5,1,1,1.0,6.0,34325,M,4342457.0,336752.0,34
201800004125,18,11,3,1915,5,1,2,1.0,3.0,34199,M,4346388.0,341014.0,34
201800004126,18,11,5,1245,1,1,6,1.0,6.0,34162,M,4347965.0,346776.0,34
201800004127,18,12,4,1400,1,2,3,1.0,3.0,34199,M,4345335.0,342013.0,34
201800004128,18,12,8,530,5,2,1,1.0,6.0,34199,M,4345097.0,342313.0,34
201800004129,18,12,9,545,3,1,1,1.0,6.0,34199,M,4347411.0,340114.0,34
201800004130,18,12,8,1545,1,1,9,1.0,1.0,34199,M,4346369.0,340975.0,34
201800004131,18,2,16,315,5,2,3,1.0,6.0,34324,M,4325361.0,328776.0,34
201800004132,18,3,7,1110,1,2,9,1.0,6.0,34299,M,4326917.0,328395.0,34
201800004133,18,4,18,1745,1,2,1,1.0,6.0,34209,M,4328010.0,335659.0,34
201800004134,18,6,23,1035,1,2,1,1.0,3.0,34329,M,4326896.0,322993.0,34
201800004135,18,8,2,1145,1,1,6,1.0,2.0,34329,M,4325286.0,325201.0,34
201800004136,18,8,26,1755,1,1,3,7.0,3.0,34299,M,4327342.0,328467.0,34
201800004137,18,9,12,145,3,1,1,5.0,1.0,34299,M,4329725.0,329178.0,34
201800004138,18,11,14,1600,1,2,6,1.0,3.0,34299,M,4328538.0,328198.0,34
201800004139,18,11,17,505,3,1,1,2.0,7.0,34209,M,4331318.0,333032.0,34
201800004140,18,1,15,1920,5,2,1,1.0,1.0,34165,M,4351244.0,369354.0,34
201800004141,18,4,13,840,1,1,1,8.0,2.0,34213,M,4347202.0,368254.0,34
201800004142,18,4,26,1200,1,1,1,1.0,1.0,34165,M,4351829.0,369209.0,34
201800004143,18,5,9,2140,3,1,1,2.0,6.0,34213,M,4349889.0,366764.0,34
201800004144,18,6,3,600,2,1,1,1.0,6.0,34213,M,4346700.0,367065.0,34
201800004145,18,6,21,2345,5,2,6,1.0,1.0,34024,M,4346470.0,368983.0,34
201800004146,18,6,22,2325,3,1,1,1.0,7.0,34113,M,4348310.0,369891.0,34
201800004147,18,6,26,1830,1,2,1,1.0,3.0,34024,M,4346591.0,369032.0,34
201800004148,18,8,21,1040,1,1,1,1.0,1.0,34165,M,4352199.0,369110.0,34
201800004149,18,9,5,1540,1,1,1,1.0,3.0,34023,M,4345558.0,370231.0,34
201800004150,18,9,29,1830,1,1,1,1.0,7.0,34165,M,4351479.0,368014.0,34
201800004151,18,9,29,1855,1,1,1,1.0,6.0,34024,M,4346193.0,368462.0,34
201800004152,18,10,7,1830,1,2,1,1.0,7.0,34023,M,4345148.0,369330.0,34
201800004153,18,10,14,315,5,2,1,2.0,6.0,34113,M,4350004.0,371454.0,34
201800004154,18,10,20,2145,3,2,1,1.0,7.0,34023,M,4344425.0,368578.0,34
201800004155,18,11,5,1145,1,2,1,1.0,6.0,34023,M,4344134.0,368020.0,34
201800004156,18,12,12,1030,1,2,1,1.0,6.0,34213,M,4348597.0,366874.0,34
201800004157,18,1,2,1200,1,1,1,8.0,6.0,34213,M,4346658.0,367011.0,34
201800004158,18,3,19,330,3,1,1,1.0,7.0,34213,M,4350469.0,368060.0,34
201800004159,18,3,20,1050,1,1,3,1.0,3.0,34143,M,4344293.0,361635.0,34
201800004160,18,4,27,1400,1,2,1,1.0,3.0,34157,M,4341809.0,359527.0,34
201800004161,18,5,5,1500,1,2,3,1.0,3.0,34157,M,4343246.0,360314.0,34
201800004162,18,6,27,830,1,1,3,1.0,3.0,34143,M,4344291.0,361636.0,34
201800004163,18,7,8,735,1,2,6,1.0,6.0,34157,M,4342762.0,360485.0,34
201800004164,18,8,24,20,3,1,1,1.0,6.0,34157,M,4346180.0,359006.0,34
201800004165,18,10,27,245,3,1,1,2.0,6.0,34341,M,4348878.0,360326.0,34
201800004166,18,12,31,500,3,1,1,1.0,6.0,34039,M,4344962.0,364638.0,34
201800004167,18,1,11,1840,3,1,1,2.0,2.0,11286,M,4329218.0,256046.0,11
201800004168,18,7,29,2130,5,2,2,1.0,3.0,11315,M,4328232.0,258537.0,11
201800004169,18,8,23,2000,2,1,1,1.0,7.0,11280,M,4329227.0,269100.0,11
201800004170,18,12,24,1340,1,2,1,1.0,6.0,11190,M,4325319.0,265252.0,11
201800004171,18,4,27,1610,1,1,3,1.0,3.0,11076,M,4334637.0,195784.0,11
201800004172,18,5,8,1320,1,1,1,1.0,1.0,11252,M,4339883.0,183944.0,11
201800004173,18,5,29,1150,1,1,1,1.0,3.0,11076,M,4331547.0,198467.0,11
201800004174,18,6,10,1945,2,1,1,3.0,6.0,11356,M,4328883.0,199633.0,11
201800004175,18,7,6,1800,1,2,6,7.0,7.0,11076,M,4330266.0,197451.0,11
201800004176,18,10,9,1445,1,2,9,6.0,6.0,11076,M,4331849.0,195334.0,11
201800004177,18,3,10,110,3,1,1,1.0,6.0,11091,M,4296327.0,200711.0,11
201800004178,18,6,13,1300,1,1,1,1.0,5.0,11336,M,4295269.0,196223.0,11
201800004179,18,7,25,1050,1,1,1,1.0,3.0,11303,M,4290879.0,205974.0,11
201800004180,18,9,3,815,1,1,1,1.0,6.0,11333,M,4301777.0,203124.0,11
201800004181,18,9,10,1215,1,1,1,1.0,3.0,11303,M,4290964.0,201690.0,11
201800004182,18,11,3,1820,3,1,1,1.0,1.0,11058,M,4315436.0,211180.0,11
201800004183,18,1,4,1730,1,1,1,1.0,2.0,11266,M,4302620.0,302000.0,11
201800004184,18,1,11,130,3,1,6,3.0,7.0,11188,M,4295880.0,298506.0,11
201800004185,18,4,6,2312,3,1,1,1.0,1.0,11379,M,4305405.0,294668.0,11
201800004186,18,4,8,1923,1,1,1,3.0,1.0,11379,M,4304431.0,296649.0,11
201800004187,18,5,19,2306,5,2,6,1.0,6.0,11266,M,4301637.0,304621.0,11
201800004188,18,5,31,2230,3,1,9,1.0,3.0,11188,M,4298440.0,298030.0,11
201800004189,18,7,19,1225,1,1,1,1.0,1.0,11379,M,4304431.0,296649.0,11
201800004190,18,2,2,1230,1,2,9,1.0,3.0,30156,M,4386726.0,444330.0,30
201800004191,18,3,6,1155,1,1,1,1.0,5.0,30257,M,4387829.0,447859.0,30
201800004192,18,7,10,850,1,2,3,1.0,6.0,30039,M,4388173.0,449124.0,30
201800004193,18,7,22,1020,1,2,6,1.0,3.0,30156,M,4386610.0,444403.0,30
201800004194,18,8,27,650,1,1,3,7.0,1.0,30145,M,4389173.0,452078.0,30
201800004195,18,10,5,1840,1,1,1,1.0,1.0,30057,M,4389640.0,447218.0,30
201800004196,18,11,2,2000,5,2,1,1.0,7.0,30155,M,4382017.0,447504.0,30
201800004197,18,11,3,1715,1,2,3,1.0,3.0,30156,M,4386371.0,445751.0,30
201800004198,18,11,10,1400,1,2,9,2.0,3.0,30145,M,4391899.0,450895.0,30
201800004199,18,12,9,1410,1,2,2,1.0,3.0,30211,M,4383333.0,449557.0,30
201800004200,18,3,1,1735,1,1,1,2.0,6.0,30258,M,4367127.0,440136.0,30
201800004201,18,4,23,1750,1,2,7,1.0,6.0,30258,M,4367752.0,443260.0,30
201800004202,18,6,9,2145,2,1,1,1.0,7.0,30258,M,4366860.0,444690.0,30
201800004203,18,11,8,1820,3,2,1,2.0,6.0,30258,M,4368003.0,442343.0,30
201800004204,18,12,3,1041,1,1,1,2.0,7.0,30258,M,4371161.0,444567.0,30
201800004205,18,12,17,1718,2,2,6,1.0,6.0,30258,M,4367664.0,441724.0,30
201800004206,18,12,20,850,1,2,1,7.0,1.0,30128,M,4373109.0,438451.0,30
201800004207,18,12,27,130,3,2,1,1.0,7.0,30128,M,4373271.0,434448.0,30
201800004208,18,5,25,1345,1,2,3,1.0,3.0,30132,M,4421109.0,402614.0,30
201800004209,18,6,7,1750,1,2,3,1.0,1.0,30051,M,4421952.0,399828.0,30
201800004210,18,6,10,1600,1,2,1,8.0,1.0,30203,M,4424447.0,405039.0,30
201800004211,18,6,17,1341,1,2,2,1.0,6.0,30132,M,4421032.0,403090.0,30
201800004212,18,6,23,1110,1,2,9,1.0,6.0,30132,M,4421155.0,403005.0,30
201800004213,18,7,11,1330,1,1,1,1.0,5.0,30307,M,4419930.0,404113.0,30
201800004214,18,7,25,855,1,2,9,1.0,6.0,30239,M,4422999.0,399869.0,30
201800004215,18,8,30,2200,5,2,1,1.0,2.0,30132,M,4422205.0,401579.0,30
201800004216,18,10,14,330,3,1,1,1.0,7.0,30307,M,4419034.0,403503.0,30
201800004217,18,6,10,1235,1,1,4,1.0,2.0,30130,M,4430857.0,397073.0,30
201800004218,18,6,18,1630,1,1,1,1.0,3.0,30201,M,4439337.0,393439.0,30
201800004219,18,8,19,1020,1,1,3,1.0,7.0,30130,M,4430871.0,397041.0,30
201800004220,18,8,20,1600,1,1,1,1.0,7.0,30130,M,4433648.0,396616.0,30
201800004221,18,4,28,1130,1,1,1,1.0,7.0,48004,M,4448522.0,383752.0,48
201800004222,18,5,4,905,1,1,1,1.0,1.0,48198,M,4445704.0,392989.0,48
201800004223,18,6,20,1105,1,1,1,1.0,6.0,48119,M,4450150.0,391692.0,48
201800004224,18,8,10,1130,1,1,1,1.0,7.0,48198,M,4445698.0,393859.0,48
201800004225,18,5,5,1730,1,1,1,1.0,3.0,66037,M,,,66
201800004226,18,6,6,1530,1,1,1,1.0,3.0,66037,M,,,66
201800004227,18,6,14,725,1,1,1,1.0,1.0,66037,M,4266913.0,303310.0,66
201800004228,18,7,14,1700,1,1,1,1.0,5.0,66037,M,4266913.0,303311.0,66
201800004229,18,8,12,1205,1,2,1,1.0,6.0,66037,M,4270613.0,301068.0,66
201800004230,18,9,9,400,3,1,1,1.0,6.0,66037,M,4270805.0,301129.0,66
201800004231,18,9,20,147,3,2,3,1.0,3.0,66037,M,,,66
201800004232,18,9,22,2030,5,2,1,1.0,3.0,66037,M,4269568.0,302504.0,66
201800004233,18,11,15,1730,5,2,1,1.0,1.0,66037,M,4269391.0,303450.0,66
201800004234,18,10,6,1730,1,1,1,1.0,2.0,66059,M,4262183.0,295124.0,66
201800004235,18,12,10,2200,3,1,1,1.0,2.0,66065,M,4261751.0,295509.0,66
201800004236,18,12,12,1800,3,2,4,1.0,3.0,66065,M,4259794.0,297815.0,66
201800004237,18,12,17,2230,5,2,2,1.0,3.0,66065,M,4260153.0,297056.0,66
201800004238,18,12,30,620,3,2,1,1.0,6.0,66059,M,4262351.0,295818.0,66
201800004239,18,4,10,835,1,2,1,1.0,6.0,66140,M,4269792.0,277532.0,66
201800004240,18,6,16,1930,1,2,1,1.0,1.0,66213,M,4267326.0,282002.0,66
201800004241,18,6,18,2015,1,1,1,1.0,2.0,66055,M,,,66
201800004242,18,7,13,1330,1,2,1,1.0,6.0,66174,M,4268343.0,273222.0,66
201800004243,18,9,15,1415,1,1,1,1.0,1.0,66108,M,,,66
201800004244,18,9,24,1450,1,1,1,1.0,7.0,66213,M,4265881.0,280636.0,66
201800004245,18,1,10,2054,3,1,1,1.0,1.0,66164,M,4279447.0,287589.0,66
201800004246,18,1,29,1950,3,1,1,1.0,6.0,66017,M,,,66
201800004247,18,2,7,920,1,1,1,1.0,2.0,66164,M,,,66
201800004248,18,2,18,630,3,1,1,1.0,4.0,66164,M,,,66
201800004249,18,3,16,1320,1,2,2,3.0,6.0,66164,M,4277310.0,288030.0,66
201800004250,18,5,1,135,3,1,1,8.0,6.0,66212,M,,,66
201800004251,18,5,20,1530,1,1,1,1.0,7.0,66127,M,4287452.0,286290.0,66
201800004252,18,7,6,1537,1,2,2,1.0,3.0,66069,M,4277804.0,283422.0,66
201800004253,18,9,14,1700,1,1,1,1.0,3.0,66069,M,4279661.0,282211.0,66
201800004254,18,1,1,45,5,2,1,1.0,6.0,66171,M,4262036.0,300115.0,66
201800004255,18,4,6,1200,1,2,6,1.0,1.0,66171,M,4261894.0,300968.0,66
201800004256,18,5,26,1918,1,2,1,1.0,7.0,66171,M,4261695.0,299648.0,66
201800004257,18,6,1,800,1,1,1,1.0,1.0,66171,M,4262857.0,299966.0,66
201800004258,18,6,13,2000,1,1,1,1.0,1.0,66171,M,4260301.0,302418.0,66
201800004259,18,7,18,2245,5,2,9,1.0,6.0,66171,M,4262405.0,303577.0,66
201800004260,18,7,19,1745,1,2,1,1.0,6.0,66002,M,4264050.0,298298.0,66
201800004261,18,9,11,2130,5,2,1,1.0,7.0,66114,M,4260549.0,293700.0,66
201800004262,18,11,2,1800,5,2,3,1.0,3.0,66171,M,4261597.0,300350.0,66
201800004263,18,5,18,1545,1,2,1,1.0,6.0,66017,M,4279157.0,303660.0,66
201800004264,18,5,20,620,2,1,1,1.0,6.0,66180,M,,,66
201800004265,18,8,6,2000,1,2,1,1.0,6.0,66017,M,4283126.0,303735.0,66
201800004266,18,8,12,1545,1,2,2,1.0,3.0,66180,M,4277414.0,299498.0,66
201800004267,18,8,14,130,3,1,1,1.0,1.0,66212,M,4275104.0,302181.0,66
201800004268,18,12,5,48,3,1,1,1.0,6.0,66231,M,4285895.0,279043.0,66
201800004269,18,12,8,1500,1,2,1,1.0,6.0,66017,M,4281040.0,303773.0,66
201800004270,18,2,20,2345,3,1,1,2.0,6.0,66144,M,,,66
201800004271,18,3,12,725,1,1,1,1.0,1.0,66226,M,,,66