Num_Acc,an,mois,jour,hrmn,lum,agg,int,atm,col,com,gps,lat,long,dep
201800004272,18,4,7,1815,1,1,1,1.0,1.0,66145,M,,,66
201800004273,18,4,3,1135,1,1,1,1.0,7.0,66217,M,4261225.0,282619.0,66
201800004274,18,4,18,1705,1,1,1,1.0,1.0,66217,M,,,66
201800004275,18,5,22,950,1,2,1,1.0,6.0,66210,M,4262913.0,276088.0,66
201800004276,18,5,29,1815,1,1,1,1.0,1.0,66226,M,,,66
201800004277,18,6,17,900,1,2,6,1.0,3.0,66226,M,4259010.0,283660.0,66
201800004278,18,6,26,1230,1,1,3,1.0,6.0,66033,M,4265094.0,269840.0,66
201800004279,18,8,23,805,1,1,1,7.0,1.0,66210,M,4264340.0,275863.0,66
201800004280,18,9,10,735,1,1,1,1.0,3.0,66226,M,,,66
201800004281,18,10,6,835,1,1,9,1.0,6.0,66145,M,4263823.0,282008.0,66
201800004282,18,10,31,2355,3,2,1,2.0,6.0,66210,M,,,66
201800004283,18,5,25,2145,5,2,1,1.0,6.0,66008,M,4254681.0,303303.0,66
201800004284,18,7,1,615,1,1,1,1.0,7.0,66008,M,4258951.0,302719.0,66
201800004285,18,8,2,840,1,1,6,1.0,3.0,66008,M,4253621.0,303118.0,66
201800004286,18,8,16,1505,1,2,1,1.0,6.0,66008,M,4255522.0,302627.0,66
201800004287,18,9,6,2145,3,1,1,1.0,1.0,66008,M,4258219.0,298795.0,66
201800004288,18,11,6,1440,1,2,9,1.0,3.0,66008,M,4254362.0,302610.0,66
201800004289,18,6,16,1905,1,1,1,1.0,1.0,66133,M,,,66
201800004290,18,9,16,1650,1,1,3,1.0,3.0,66175,M,4256658.0,293372.0,66
201800004291,18,4,17,2005,1,2,3,1.0,3.0,66230,M,4264444.0,253073.0,66
201800004292,18,5,19,100,3,1,1,1.0,6.0,66121,M,4269356.0,265351.0,66
201800004293,18,6,2,150,3,1,1,1.0,6.0,66088,M,4268639.0,263373.0,66
201800004294,18,7,2,1935,1,2,2,1.0,3.0,66088,M,4267063.0,262692.0,66
201800004295,18,7,10,2245,3,1,9,1.0,3.0,66230,M,4264926.0,252941.0,66
201800004296,18,8,4,1815,1,1,1,1.0,6.0,66162,M,4263371.0,253120.0,66
201800004297,18,12,1,1510,1,1,1,1.0,4.0,66230,M,4264369.0,252304.0,66
201800004298,18,7,11,2315,3,1,1,1.0,1.0,20041,M,4139288.0,919455.0,201
201800004299,18,8,21,1240,1,1,1,1.0,3.0,20041,M,4146844.0,922409.0,201
201800004300,18,9,4,2220,3,1,1,1.0,6.0,20041,M,4148193.0,923816.0,201
201800004301,18,1,1,35,5,1,1,1.0,6.0,20247,M,4157786.0,927370.0,201
201800004302,18,12,26,1745,4,2,3,1.0,3.0,20247,M,4162144.0,928402.0,201
201800004303,18,1,25,910,1,1,1,1.0,2.0,20247,M,4159388.0,921911.0,201
201800004304,18,1,25,2250,3,1,1,1.0,2.0,20247,M,4161642.0,928080.0,201
201800004305,18,2,8,915,1,1,1,1.0,1.0,20288,M,4154077.0,918464.0,201
201800004306,18,3,6,1800,2,1,1,1.0,3.0,20247,M,4159341.0,922973.0,201
201800004307,18,3,14,1845,5,2,3,1.0,1.0,20247,M,4159970.0,927209.0,201
201800004308,18,4,1,1030,1,1,1,1.0,2.0,20247,M,4162945.0,930856.0,201
201800004309,18,4,12,2200,5,2,1,8.0,6.0,20247,M,4158792.0,928838.0,201
201800004310,18,4,15,330,3,1,1,1.0,7.0,20247,M,4159309.0,922234.0,201
201800004311,18,4,17,2040,3,1,3,1.0,3.0,20247,M,4164272.0,929546.0,201
201800004312,18,5,15,1930,1,1,1,1.0,5.0,20247,M,4162569.0,930218.0,201
201800004313,18,5,19,830,1,1,1,1.0,2.0,20247,M,4164220.0,929536.0,201
201800004314,18,5,27,230,3,2,6,1.0,6.0,20247,M,4157188.0,927422.0,201
201800004315,18,5,30,1500,1,2,1,1.0,3.0,20247,M,4159507.0,927507.0,201
201800004316,18,6,4,1900,1,2,9,1.0,1.0,20247,M,4163628.0,929380.0,201
201800004317,18,6,8,1855,1,2,1,1.0,6.0,20247,M,4159492.0,919491.0,201
201800004318,18,6,11,1300,1,1,1,1.0,1.0,20247,M,4163188.0,932773.0,201
201800004319,18,6,17,1555,1,2,1,1.0,1.0,20247,M,4157984.0,927261.0,201
201800004320,18,6,22,1152,1,2,3,1.0,6.0,20247,M,4162613.0,929211.0,201
201800004321,18,7,4,940,1,2,1,1.0,3.0,20247,M,4157829.0,927506.0,201
201800004322,18,7,9,250,3,1,1,1.0,6.0,20247,M,4155516.0,928309.0,201
201800004323,18,8,23,930,1,1,3,1.0,2.0,20247,M,4164265.0,929544.0,201
201800004324,18,8,31,510,3,1,1,1.0,6.0,20247,M,4149966.0,925150.0,201
201800004325,18,9,17,1645,1,2,1,3.0,4.0,20247,M,4160469.0,927560.0,201
201800004326,18,9,30,225,5,2,1,1.0,3.0,20247,M,4159604.0,928276.0,201
201800004327,18,10,29,725,1,2,1,8.0,2.0,20247,M,4159458.0,925812.0,201
201800004328,18,11,1,330,3,1,1,2.0,6.0,20247,M,4150381.0,925307.0,201
201800004329,18,11,9,1800,4,2,1,1.0,2.0,20247,M,4156734.0,925700.0,201
201800004330,18,11,13,2110,5,2,1,1.0,3.0,20247,M,4158226.0,927809.0,201
201800004331,18,11,17,610,5,2,6,1.0,6.0,20247,M,4156234.0,927296.0,201
201800004332,18,12,24,1025,1,1,1,1.0,3.0,20247,M,4156631.0,924719.0,201
201800004333,18,12,31,1900,3,1,1,1.0,1.0,20300,M,4166520.0,930506.0,201
201800004334,18,2,22,1055,1,1,1,1.0,6.0,20355,M,4251045.0,933843.0,202
201800004335,18,2,23,750,1,1,1,3.0,1.0,20350,M,4252074.0,939954.0,202
201800004336,18,3,30,850,1,2,1,1.0,3.0,20148,M,4254497.0,944226.0,202
201800004337,18,4,4,1000,1,1,1,1.0,2.0,20042,M,4259057.0,943911.0,202
201800004338,18,4,4,915,1,1,9,1.0,1.0,20042,M,4256471.0,945342.0,202
201800004339,18,4,29,1655,1,1,1,1.0,6.0,20355,M,4251138.0,938325.0,202
201800004340,18,5,17,1725,1,2,1,1.0,3.0,20042,M,4256936.0,944119.0,202
201800004341,18,6,9,1140,1,1,1,1.0,2.0,20042,M,4258312.0,943979.0,202
201800004342,18,6,13,630,1,1,1,8.0,1.0,20350,M,4252288.0,940190.0,202
201800004343,18,6,28,1445,1,1,1,2.0,1.0,20350,M,4252288.0,940190.0,202
201800004344,18,6,28,1430,1,2,9,2.0,6.0,20148,M,4254848.0,950238.0,202
201800004345,18,7,4,1830,1,2,1,1.0,5.0,20148,M,4252575.0,944083.0,202
201800004346,18,7,28,1725,1,1,1,1.0,6.0,20042,M,4256955.0,946802.0,202
201800004347,18,8,3,1730,1,2,1,1.0,3.0,20148,M,4254859.0,940008.0,202
201800004348,18,10,9,1700,1,2,1,1.0,2.0,20148,M,4252533.0,944072.0,202
201800004349,18,10,16,656,5,2,6,3.0,6.0,20042,M,4256858.0,944080.0,202
201800004350,18,11,5,845,1,1,1,3.0,6.0,20042,M,4257399.0,945576.0,202
201800004351,18,12,9,1430,1,2,3,6.0,3.0,20148,M,4254848.0,950238.0,202
201800004352,18,12,12,2050,3,1,1,2.0,1.0,20355,M,4251860.0,939456.0,202
201800004353,18,12,13,815,1,1,1,2.0,3.0,20148,M,4254248.0,946915.0,202
201800004354,18,12,21,620,3,1,1,1.0,5.0,20042,M,4256110.0,945702.0,202
201800004355,18,12,23,845,1,2,9,1.0,6.0,20042,M,4256262.0,944172.0,202
201800004356,18,2,18,2335,3,2,1,1.0,6.0,20239,M,4263798.0,935841.0,202
201800004357,18,4,2,1030,1,1,1,1.0,6.0,20301,M,4259595.0,926650.0,202
201800004358,18,5,11,1000,1,1,1,1.0,3.0,20029,M,4269334.0,937502.0,202
201800004359,18,5,17,1515,1,1,1,2.0,1.0,20188,M,4260417.0,935694.0,202
201800004360,18,5,19,1800,1,1,1,1.0,7.0,20314,M,4272022.0,920255.0,202
201800004361,18,5,24,1730,1,1,1,1.0,6.0,20029,M,4269206.0,937312.0,202
201800004362,18,5,28,1230,1,2,1,1.0,3.0,20188,M,4261354.0,935547.0,202
201800004363,18,6,3,1540,1,2,1,1.0,1.0,20185,M,4265324.0,932591.0,202
201800004364,18,6,16,1915,1,1,1,1.0,6.0,20185,M,4265619.0,932228.0,202
201800004365,18,6,18,2025,1,1,1,1.0,1.0,20314,M,4265673.0,925160.0,202
201800004366,18,7,22,1800,1,2,1,1.0,1.0,20205,M,4269872.0,935560.0,202
201800004367,18,8,25,1130,1,2,1,1.0,1.0,20109,M,4273611.0,934639.0,202
201800004368,18,9,8,1545,1,1,1,1.0,7.0,20314,M,4272009.0,920256.0,202
201800004369,18,9,9,1115,1,1,1,1.0,7.0,20298,M,4267287.0,929325.0,202
201800004370,18,10,5,1145,1,2,1,1.0,6.0,20298,M,4267936.0,930240.0,202
201800004371,18,12,23,320,3,2,1,1.0,6.0,20185,M,4263056.0,934917.0,202
201800004372,18,2,17,910,1,1,1,1.0,6.0,20199,M,4265001.0,908924.0,202
201800004373,18,3,1,1900,5,2,1,2.0,6.0,20134,M,4263245.0,894124.0,202
201800004374,18,4,5,120,3,1,1,1.0,6.0,20093,M,4261927.0,890221.0,202
201800004375,18,4,13,1410,1,1,1,1.0,6.0,20199,M,4265156.0,907905.0,202
201800004376,18,4,20,1218,1,1,1,1.0,2.0,20093,M,4260921.0,888040.0,202
201800004377,18,4,21,1250,1,2,1,1.0,2.0,20168,M,4263097.0,895182.0,202
201800004378,18,4,29,1045,1,2,1,1.0,7.0,20182,M,4257145.0,901458.0,202
201800004379,18,5,12,1800,1,2,9,1.0,1.0,20168,M,4262361.0,894848.0,202
201800004380,18,6,4,925,1,1,1,2.0,1.0,20199,M,4264230.0,902269.0,202
201800004381,18,6,8,1100,1,2,3,1.0,3.0,20168,M,4263133.0,895039.0,202
201800004382,18,7,22,1030,1,1,1,1.0,3.0,20199,M,4263901.0,902143.0,202
201800004383,18,8,12,1200,1,1,1,1.0,2.0,20093,M,4262348.0,891081.0,202
201800004384,18,9,24,1400,1,1,1,1.0,5.0,20182,M,4263805.0,899056.0,202
201800004385,18,10,2,730,1,1,1,3.0,3.0,20199,M,4265711.0,905408.0,202
201800004386,18,12,25,20,4,1,2,1.0,3.0,20034,M,4263603.0,900701.0,202
201800004387,18,6,5,1030,1,1,1,1.0,6.0,20047,M,4233853.0,902941.0,202
201800004388,18,6,16,45,3,1,1,1.0,6.0,20095,M,4234327.0,903790.0,202
201800004389,18,1,6,2215,3,2,1,1.0,7.0,20193,M,4239179.0,918929.0,202
201800004390,18,1,18,1020,1,2,1,1.0,2.0,20169,M,4246553.0,920817.0,202
201800004391,18,1,23,1945,3,1,1,1.0,6.0,20079,M,4247464.0,926825.0,202
201800004392,18,5,26,300,3,1,1,1.0,3.0,20162,M,4247526.0,917695.0,202
201800004393,18,6,9,1230,1,2,1,1.0,6.0,20193,M,4238212.0,919188.0,202
201800004394,18,6,21,1700,1,2,1,1.0,3.0,20193,M,4237933.0,919087.0,202
201800004395,18,8,7,1150,1,1,1,1.0,6.0,20059,M,4248781.0,919032.0,202
201800004396,18,8,18,1130,1,1,1,1.0,3.0,20162,M,4247670.0,915218.0,202
201800004397,18,8,19,1510,1,2,1,1.0,6.0,20193,M,4238212.0,919188.0,202
201800004398,18,9,15,1645,2,2,3,1.0,3.0,20079,M,4247603.0,927498.0,202
201800004399,18,9,15,1740,2,1,3,1.0,3.0,20332,M,4260370.0,914252.0,202
201800004400,18,10,22,1130,1,1,1,1.0,1.0,20079,M,4248886.0,928457.0,202
201800004401,18,11,4,1525,1,1,1,3.0,6.0,20059,M,4249204.0,918692.0,202
201800004402,18,11,20,820,1,1,1,1.0,6.0,20169,M,4244589.0,926764.0,202
201800004403,18,12,7,600,2,1,1,5.0,5.0,20193,M,4241648.0,919611.0,202
201800004404,18,12,15,1425,1,1,1,1.0,6.0,20337,M,4247271.0,925391.0,202
201800004405,18,12,21,1030,1,1,1,1.0,5.0,20337,M,4247451.0,925730.0,202
201800004406,18,6,4,1600,1,1,1,1.0,1.0,20317,M,4235625.0,945585.0,202
201800004407,18,8,10,1900,1,1,1,1.0,7.0,20311,M,4235006.0,953264.0,202
201800004408,18,9,2,2100,5,2,1,1.0,3.0,20307,M,4238068.0,953017.0,202
201800004409,18,10,26,1310,1,1,1,1.0,1.0,20057,M,4226836.0,950563.0,202
201800004410,18,1,25,2030,5,2,1,8.0,6.0,05023,M,4490145.0,609854.0,05
201800004411,18,2,9,1700,1,2,1,1.0,4.0,05023,M,4491807.0,662087.0,05
201800004412,18,4,15,500,2,2,1,1.0,7.0,05023,M,4488247.0,662569.0,05
201800004413,18,6,10,1900,1,2,9,1.0,6.0,05023,M,4489607.0,663342.0,05
201800004414,18,6,12,2035,2,2,1,1.0,6.0,05023,M,4489307.0,663105.0,05
201800004415,18,6,24,1430,1,1,1,1.0,6.0,05023,M,4489233.0,662762.0,05
201800004416,18,6,28,1305,1,2,1,1.0,6.0,05023,M,4489641.0,663426.0,05
201800004417,18,7,10,1425,1,2,6,1.0,6.0,05023,M,4488484.0,663308.0,05
201800004418,18,7,10,1645,1,2,1,1.0,2.0,05023,M,4489803.0,663858.0,05
201800004419,18,7,27,1010,1,2,3,1.0,2.0,05023,M,4491457.0,662303.0,05
201800004420,18,8,24,1305,1,1,1,1.0,6.0,05023,M,4488472.0,665414.0,05
201800004421,18,11,6,1800,5,2,1,8.0,6.0,05023,M,4490548.0,663056.0,05
201800004422,18,11,24,1500,1,2,6,1.0,3.0,05023,M,4488926.0,663431.0,05
201800004423,18,12,2,1540,1,2,6,2.0,3.0,05023,M,4488925.0,663435.0,05
201800004424,18,12,19,1335,1,2,1,4.0,1.0,05023,M,4489848.0,662859.0,05
201800004425,18,1,2,655,5,2,3,4.0,6.0,05061,M,4454861.0,606106.0,05
201800004426,18,1,6,1855,2,2,6,1.0,2.0,05061,M,4454542.0,606296.0,05
201800004427,18,1,9,1250,1,2,1,8.0,6.0,05061,M,4456750.0,610210.0,05
201800004428,18,1,10,1845,2,2,7,8.0,5.0,05061,M,4456860.0,609999.0,05
201800004429,18,1,13,1440,1,2,1,1.0,6.0,05061,M,4455946.0,608591.0,05
201800004430,18,1,16,750,2,2,1,1.0,6.0,05061,M,4456370.0,608420.0,05
201800004431,18,1,12,740,2,2,6,1.0,1.0,05061,M,4455500.0,607520.0,05
201800004432,18,1,19,1025,1,2,1,1.0,6.0,05061,M,4455990.0,607530.0,05
201800004433,18,1,20,1630,1,1,1,4.0,2.0,05061,M,4458100.0,608200.0,05
201800004434,18,1,22,1150,1,1,1,1.0,7.0,05061,M,4455235.0,603546.0,05
201800004435,18,1,26,1135,1,2,1,1.0,3.0,05061,M,4455940.0,608300.0,05
201800004436,18,1,26,1745,5,2,1,2.0,6.0,05061,M,4456800.0,609860.0,05
201800004437,18,1,27,2010,3,1,1,1.0,1.0,05061,M,4454810.0,603797.0,05
201800004438,18,1,30,1145,1,2,3,1.0,6.0,05061,M,4454840.0,606680.0,05
201800004439,18,2,9,2110,5,2,1,1.0,2.0,05061,M,4456597.0,609359.0,05
201800004440,18,2,14,815,1,2,1,1.0,1.0,05061,M,4455665.0,606117.0,05
201800004441,18,2,15,1300,1,1,1,1.0,6.0,05061,M,4454903.0,605499.0,05
201800004442,18,2,22,1655,1,2,1,1.0,6.0,05061,M,4456380.0,607860.0,05
201800004443,18,2,24,1450,1,1,1,8.0,1.0,05061,M,4450978.0,606456.0,05
201800004444,18,3,8,2013,3,1,1,1.0,1.0,05061,M,4452308.0,605953.0,05
201800004445,18,3,17,1115,1,2,2,1.0,5.0,05061,M,4456263.0,609574.0,05
201800004446,18,3,17,1700,1,2,3,1.0,2.0,05061,M,4453195.0,606117.0,05
201800004447,18,3,18,802,1,2,1,8.0,6.0,05061,M,4454543.0,605515.0,05
201800004448,18,3,19,725,1,1,1,1.0,7.0,05061,M,4451028.0,607967.0,05
201800004449,18,3,19,1200,1,2,3,1.0,6.0,05061,M,4456683.0,609746.0,05
201800004450,18,3,21,855,1,2,1,1.0,7.0,05061,M,4455137.0,607867.0,05
201800004451,18,3,25,646,5,2,6,1.0,3.0,05061,M,4456210.0,608392.0,05
201800004452,18,3,28,1430,1,2,1,1.0,2.0,05061,M,4457279.0,610843.0,05
201800004453,18,4,13,1000,1,1,6,1.0,3.0,05061,M,4455730.0,605520.0,05
201800004454,18,4,25,1205,1,2,3,1.0,3.0,05061,M,4455760.0,606390.0,05
201800004455,18,4,26,1146,1,2,1,1.0,1.0,05061,M,4455808.0,606852.0,05
201800004456,18,5,3,1745,1,2,1,8.0,3.0,05061,M,4456741.0,608336.0,05
201800004457,18,5,13,2200,5,1,1,2.0,7.0,05061,M,4450923.0,604566.0,05
201800004458,18,5,15,510,3,1,1,8.0,6.0,05061,M,4450522.0,604431.0,05
201800004459,18,5,15,1225,1,2,1,1.0,4.0,05061,M,4456696.0,609600.0,05
201800004460,18,5,15,1852,1,1,6,1.0,2.0,05061,M,4450967.0,604580.0,05
201800004461,18,5,16,1335,1,1,1,1.0,7.0,05061,M,4460257.0,608050.0,05
201800004462,18,5,19,1150,1,2,1,1.0,4.0,05061,M,4454934.0,606787.0,05
201800004463,18,5,18,2010,2,2,3,2.0,7.0,05061,M,4455140.0,607034.0,05
201800004464,18,5,18,1430,1,2,1,1.0,6.0,05061,M,4455570.0,607795.0,05
201800004465,18,5,19,1200,1,1,3,1.0,3.0,05061,M,4462153.0,608234.0,05
201800004466,18,5,22,1117,1,2,6,1.0,3.0,05061,M,4455778.0,606856.0,05
201800004467,18,5,28,905,1,2,1,8.0,3.0,05061,M,4456201.0,607478.0,05
201800004468,18,5,31,1840,1,2,3,1.0,2.0,05061,M,4454156.0,605830.0,05
201800004469,18,6,6,1800,1,1,1,2.0,7.0,05061,M,4459505.0,608064.0,05
201800004470,18,6,10,1707,1,1,1,1.0,3.0,05061,M,4454811.0,603789.0,05
201800004471,18,6,13,800,1,2,1,1.0,2.0,05061,M,4455789.0,607117.0,05
201800004472,18,6,15,2146,2,2,1,1.0,6.0,05061,M,4455941.0,608414.0,05
201800004473,18,6,18,1820,1,1,1,1.0,7.0,05061,M,4452815.0,602383.0,05
201800004474,18,6,19,1800,1,1,1,1.0,2.0,05061,M,4461218.0,608087.0,05
201800004475,18,6,20,830,1,2,1,1.0,6.0,05061,M,4455659.0,607727.0,05
201800004476,18,6,21,800,1,2,9,1.0,3.0,05061,M,4457906.0,612022.0,05
201800004477,18,6,21,922,1,1,1,1.0,3.0,05061,M,4460235.0,613595.0,05
201800004478,18,6,25,1800,1,2,1,1.0,2.0,05061,M,4454660.0,606448.0,05
201800004479,18,6,23,1915,1,2,6,1.0,2.0,05061,M,4455580.0,607862.0,05
201800004480,18,6,26,1845,1,1,1,1.0,7.0,05061,M,4455825.0,611726.0,05
201800004481,18,6,27,2345,5,2,1,1.0,6.0,05061,M,4457194.0,608295.0,05
201800004482,18,7,5,1440,1,2,1,1.0,6.0,05061,M,4454085.0,605745.0,05
201800004483,18,7,6,1840,1,1,1,7.0,1.0,05061,M,4452890.0,603692.0,05
201800004484,18,7,10,2250,5,2,1,1.0,6.0,05061,M,4455820.0,607073.0,05
201800004485,18,7,15,2050,2,2,1,1.0,3.0,05061,M,4456159.0,608291.0,05
201800004486,18,7,18,1835,1,2,6,1.0,3.0,05061,M,4456085.0,606540.0,05
201800004487,18,7,19,1500,1,2,3,1.0,3.0,05061,M,4456957.0,610550.0,05
201800004488,18,7,24,1520,1,2,1,1.0,2.0,05061,M,4451682.0,605120.0,05
201800004489,18,7,24,1650,1,2,1,1.0,4.0,05061,M,4457253.0,610811.0,05
201800004490,18,7,25,1430,1,2,3,1.0,3.0,05061,M,4454025.0,605672.0,05
201800004491,18,7,28,1840,1,2,6,1.0,3.0,05061,M,4456070.0,606520.0,05
201800004492,18,7,30,740,1,1,1,1.0,7.0,05061,M,4460442.0,611618.0,05
201800004493,18,8,2,1115,1,2,1,1.0,6.0,05061,M,4456540.0,609230.0,05
201800004494,18,8,8,240,3,1,1,8.0,7.0,05061,M,4451040.0,606400.0,05
201800004495,18,8,8,1400,1,2,3,1.0,3.0,05061,M,4456260.0,609010.0,05
201800004496,18,8,15,1120,1,2,1,1.0,4.0,05061,M,4454900.0,606840.0,05
201800004497,18,8,15,1758,1,2,1,1.0,6.0,05061,M,4456460.0,609033.0,05
201800004498,18,8,18,1205,1,2,1,1.0,7.0,05061,M,4455092.0,606986.0,05
201800004499,18,8,21,1610,1,2,3,1.0,3.0,05061,M,4455969.0,608420.0,05
201800004500,18,8,23,1321,1,1,1,1.0,7.0,05061,M,4451117.0,607800.0,05
201800004501,18,8,24,2327,3,2,3,1.0,3.0,05061,M,4455766.0,606401.0,05
201800004502,18,8,27,1621,1,2,1,1.0,6.0,05061,M,4456343.0,609288.0,05
201800004503,18,9,2,25,3,2,6,1.0,7.0,05061,M,4456730.0,609346.0,05
201800004504,18,9,4,1206,1,2,1,1.0,6.0,05061,M,4456350.0,608930.0,05
201800004505,18,9,4,1217,1,2,2,1.0,4.0,05061,M,4456650.0,608170.0,05
201800004506,18,9,7,1100,1,2,1,1.0,6.0,05061,M,4456090.0,608983.0,05
201800004507,18,9,11,1450,1,2,1,1.0,6.0,05061,M,4455837.0,607079.0,05
201800004508,18,9,11,1910,1,2,1,1.0,2.0,05061,M,4456499.0,609113.0,05
201800004509,18,9,17,1620,1,2,1,1.0,4.0,05061,M,4455221.0,607145.0,05
201800004510,18,9,19,1300,1,2,1,1.0,3.0,05061,M,4456510.0,608360.0,05
201800004511,18,9,19,1510,1,2,9,1.0,2.0,05061,M,4454617.0,606397.0,05
201800004512,18,9,21,1755,1,2,9,1.0,3.0,05061,M,4456356.0,608935.0,05
201800004513,18,9,23,1730,1,2,6,1.0,2.0,05061,M,4455766.0,605541.0,05
201800004514,18,9,25,815,1,1,1,1.0,2.0,05061,M,4453644.0,604841.0,05
201800004515,18,9,25,1735,1,2,3,1.0,3.0,05061,M,4456235.0,606366.0,05
201800004516,18,9,26,1700,1,2,3,1.0,3.0,05061,M,4456235.0,606366.0,05
201800004517,18,10,1,1215,1,2,1,1.0,6.0,05061,M,4456344.0,608380.0,05
201800004518,18,10,7,1332,1,2,6,2.0,3.0,05061,M,4456206.0,608396.0,05
201800004519,18,10,7,1331,1,2,1,3.0,7.0,05061,M,4455760.0,605572.0,05
201800004520,18,10,9,1136,1,2,2,1.0,6.0,05061,M,4455340.0,607291.0,05
201800004521,18,10,9,1400,1,1,1,1.0,6.0,05061,M,4451025.0,606407.0,05
201800004522,18,10,14,2040,5,2,1,1.0,6.0,05061,M,4455840.0,607086.0,05
201800004523,18,10,15,1117,1,1,9,1.0,3.0,05061,M,4451809.0,605205.0,05
201800004524,18,10,15,1151,1,2,1,1.0,6.0,05061,M,4455760.0,605540.0,05
201800004525,18,10,20,1600,1,2,1,1.0,2.0,05061,M,4456612.0,609396.0,05
201800004526,18,10,23,1100,1,2,1,1.0,4.0,05061,M,4456700.0,609620.0,05
201800004527,18,10,23,1851,2,2,4,1.0,6.0,05061,M,4456310.0,607810.0,05
201800004528,18,10,25,1450,1,2,1,1.0,4.0,05061,M,4456860.0,610020.0,05
201800004529,18,10,25,1609,1,2,6,1.0,3.0,05061,M,4455780.0,606880.0,05
201800004530,18,10,25,1715,1,2,1,1.0,6.0,05061,M,4456410.0,608910.0,05
201800004531,18,10,26,1946,5,2,1,1.0,3.0,05061,M,4456342.0,608742.0,05
201800004532,18,10,29,1025,1,2,1,2.0,2.0,05061,M,4455543.0,607307.0,05
201800004533,18,10,31,1515,1,2,9,8.0,2.0,05061,M,4456177.0,608433.0,05
201800004534,18,11,1,1505,1,1,1,2.0,1.0,05061,M,4454452.0,609151.0,05
201800004535,18,11,5,1904,3,1,3,1.0,3.0,05061,M,4457680.0,611805.0,05
201800004536,18,11,11,1115,1,2,1,1.0,6.0,05061,M,4458125.0,608180.0,05
201800004537,18,11,17,1400,1,2,1,1.0,6.0,05061,M,4457005.0,610464.0,05
201800004538,18,11,18,1625,1,2,1,1.0,6.0,05061,M,4457068.0,610538.0,05
201800004539,18,11,28,1335,1,2,3,1.0,2.0,05061,M,4455130.0,605503.0,05
201800004540,18,12,4,1716,2,2,1,1.0,6.0,05061,M,4456479.0,609071.0,05
201800004541,18,12,8,540,5,2,6,1.0,6.0,05061,M,4456750.0,609690.0,05
201800004542,18,12,12,1220,1,2,1,1.0,2.0,05061,M,4455763.0,605547.0,05
201800004543,18,12,19,1737,5,2,6,3.0,2.0,05061,M,4455480.0,607500.0,05
201800004544,18,12,26,1350,1,2,1,1.0,3.0,05061,M,4455780.0,608190.0,05
201800004545,18,12,26,1735,5,2,1,1.0,6.0,05061,M,4455780.0,608190.0,05
201800004546,18,12,29,1439,1,2,1,1.0,6.0,05061,M,4456189.0,608359.0,05
201800004547,18,12,29,1947,5,2,1,1.0,6.0,05061,M,4454779.0,606588.0,05
201800004548,18,1,8,1945,3,1,1,1.0,7.0,78531,M,4899645.0,160772.0,78
201800004549,18,1,14,815,3,1,1,1.0,7.0,78068,M,4902323.0,149829.0,78
201800004550,18,3,28,830,1,1,1,3.0,6.0,78531,M,4899795.0,161407.0,78
201800004551,18,5,13,1435,1,1,1,1.0,6.0,78668,M,4901973.0,152510.0,78
201800004552,18,5,18,1020,1,1,1,1.0,2.0,78118,M,4898478.0,167474.0,78
201800004553,18,6,26,740,1,1,1,1.0,7.0,78668,M,4901973.0,152510.0,78
201800004554,18,9,5,840,1,1,1,1.0,5.0,78089,M,4902076.0,157072.0,78
201800004555,18,10,10,530,3,1,1,1.0,4.0,78668,M,4901980.0,152885.0,78
201800004556,18,1,6,1715,2,2,1,1.0,6.0,78057,M,4904018.0,155463.0,78
201800004557,18,1,9,1735,5,2,1,1.0,6.0,78255,M,4903358.0,160168.0,78
201800004558,18,1,15,615,5,2,9,1.0,3.0,78089,M,4903515.0,157341.0,78
201800004559,18,4,13,1825,2,1,1,1.0,2.0,78147,M,4902012.0,148901.0,78
201800004560,18,5,7,1740,1,1,3,1.0,3.0,78668,M,4902210.0,150216.0,78
201800004561,18,10,18,455,5,1,1,1.0,6.0,78320,M,4903554.0,154571.0,78
201800004562,18,12,8,1545,1,1,1,1.0,3.0,78255,M,4903396.0,160725.0,78
201800004563,18,1,5,1200,1,2,1,1.0,5.0,78296,M,4899025.0,176403.0,78
201800004564,18,6,22,2000,1,1,1,1.0,1.0,78536,M,4904092.0,179107.0,78
201800004565,18,8,17,2135,3,2,1,1.0,6.0,78567,M,4904040.0,168897.0,78
201800004566,18,3,19,1445,1,2,4,1.0,6.0,78206,M,4895050.0,192272.0,78
201800004567,18,10,8,1630,1,2,1,1.0,6.0,78206,M,4894868.0,192201.0,78
201800004568,18,12,13,1945,3,1,6,1.0,4.0,78206,M,4894538.0,192920.0,78
201800004569,18,12,20,1135,1,2,1,1.0,6.0,78206,M,4894997.0,191838.0,78
201800004570,18,7,15,1300,1,1,1,7.0,7.0,78263,M,4876769.0,164216.0,78
201800004571,18,12,30,1430,1,1,1,2.0,6.0,78263,M,4877931.0,167342.0,78
201800004572,18,7,14,300,5,2,1,1.0,6.0,78368,M,4889281.0,187024.0,78
201800004573,18,4,12,1315,1,1,1,1.0,6.0,78030,M,4869017.0,187908.0,78
201800004574,18,4,14,15,3,1,1,1.0,6.0,78030,M,4869005.0,188631.0,78