Num_Acc,an,mois,jour,hrmn,lum,agg,int,atm,col,com,gps,lat,long,dep
201800004575,18,8,4,1940,1,1,1,7.0,3.0,78108,M,4873123.0,183501.0,78
201800004576,18,8,31,1430,1,1,1,1.0,6.0,78077,M,4868820.0,165056.0,78
201800004577,18,9,11,1800,1,2,1,1.0,7.0,78108,M,4872284.0,182279.0,78
201800004578,18,12,22,1600,1,2,1,1.0,1.0,78108,M,4870801.0,179957.0,78
201800004579,18,4,29,1340,1,1,1,2.0,2.0,78003,M,4855129.0,183025.0,78
201800004580,18,4,27,1800,1,1,1,1.0,4.0,78506,M,4850970.0,178361.0,78
201800004581,18,8,29,100,3,1,9,3.0,7.0,78003,M,4852736.0,183105.0,78
201800004582,18,1,12,1850,3,1,1,1.0,7.0,78160,M,4871916.0,200653.0,78
201800004583,18,4,27,1036,1,1,1,1.0,2.0,78128,M,4866810.0,194331.0,78
201800004584,18,5,2,810,1,1,3,1.0,3.0,78128,M,4866933.0,195650.0,78
201800004585,18,7,24,1720,1,1,1,1.0,1.0,78128,M,4867583.0,198503.0,78
201800004586,18,9,29,1630,1,1,1,1.0,3.0,78128,M,4867394.0,196678.0,78
201800004587,18,10,27,1850,2,2,1,1.0,6.0,78160,M,4870753.0,204211.0,78
201800004588,18,4,15,1440,1,1,1,1.0,6.0,78289,M,4876863.0,176324.0,78
201800004589,18,5,17,1915,2,1,1,1.0,6.0,78562,M,4874035.0,175040.0,78
201800004590,18,6,16,1525,1,1,1,1.0,6.0,78562,M,4873881.0,177572.0,78
201800004591,18,7,25,1220,1,1,1,1.0,7.0,78562,M,4871489.0,177429.0,78
201800004592,18,7,27,1635,1,1,1,1.0,6.0,78389,M,4880099.0,182568.0,78
201800004593,18,9,9,335,5,2,1,1.0,6.0,78420,M,4877450.0,180888.0,78
201800004594,18,9,15,1520,1,1,3,1.0,5.0,78389,M,4880859.0,181683.0,78
201800004595,18,9,29,545,3,1,1,1.0,1.0,78398,M,4874723.0,183203.0,78
201800004596,18,2,22,1700,1,2,9,1.0,6.0,78550,M,4882827.0,190173.0,78
201800004597,18,3,9,1740,1,1,1,2.0,3.0,78615,M,4884278.0,192951.0,78
201800004598,18,5,6,1900,1,1,1,1.0,7.0,78615,M,4883855.0,193755.0,78
201800004599,18,5,17,1005,1,2,1,1.0,6.0,78683,M,4880997.0,188149.0,78
201800004600,18,6,18,1018,1,1,1,9.0,3.0,78189,M,4886742.0,190127.0,78
201800004601,18,7,7,1600,1,1,1,1.0,6.0,78062,M,4884831.0,187678.0,78
201800004602,18,7,29,1230,1,1,1,1.0,7.0,78321,M,4879562.0,189956.0,78
201800004603,18,9,18,805,1,1,1,1.0,3.0,78615,M,4883752.0,194676.0,78
201800004604,18,10,21,1540,1,1,1,1.0,1.0,78062,M,4886421.0,187141.0,78
201800004605,18,11,7,1155,1,2,2,1.0,3.0,78683,M,4881789.0,187610.0,78
201800004606,18,11,19,900,1,2,3,1.0,6.0,78062,M,4885218.0,187765.0,78
201800004607,18,1,18,1150,1,1,1,3.0,1.0,78681,M,4884924.0,176907.0,78
201800004608,18,9,16,1220,1,2,9,1.0,6.0,78513,M,4880426.0,177916.0,78
201800004609,18,10,25,2030,3,1,1,1.0,7.0,78616,M,4887614.0,181169.0,78
201800004610,18,12,14,930,1,2,1,1.0,2.0,78513,M,4880247.0,177809.0,78
201800004611,18,1,17,1230,1,2,1,1.0,6.0,78537,M,4857586.0,194626.0,78
201800004612,18,1,21,1245,1,2,1,2.0,6.0,78569,M,4853039.0,196240.0,78
201800004613,18,2,4,1750,3,1,1,1.0,1.0,78164,M,4860662.0,192103.0,78
201800004614,18,5,22,1130,1,1,6,1.0,3.0,78522,M,4858201.0,198045.0,78
201800004615,18,9,5,1515,1,1,1,1.0,1.0,78087,M,4861634.0,204714.0,78
201800004616,18,9,10,2105,3,1,1,1.0,6.0,78087,M,4861050.0,201993.0,78
201800004617,18,10,24,720,3,1,2,1.0,3.0,78120,M,4860357.0,194639.0,78
201800004618,18,11,29,545,3,1,1,1.0,6.0,78120,M,4863082.0,199743.0,78
201800004619,18,12,4,810,1,1,1,1.0,7.0,78601,M,4861776.0,183144.0,78
201800004620,18,12,6,1830,3,1,1,1.0,6.0,78349,M,4856714.0,199769.0,78
201800004621,18,12,7,715,2,1,1,2.0,6.0,78087,M,4861662.0,203335.0,78
201800004622,18,1,19,2000,4,2,2,2.0,6.0,91386,M,4857024.0,244582.0,91
201800004623,18,5,24,810,1,2,6,1.0,3.0,91386,M,4857067.0,244502.0,91
201800004624,18,8,3,830,1,2,1,1.0,3.0,91468,M,4857043.0,246141.0,91
201800004625,18,8,17,1300,1,2,9,7.0,6.0,91386,M,4855249.0,242689.0,91
201800004626,18,3,25,400,3,2,1,1.0,6.0,91405,M,4840252.0,247614.0,91
201800004627,18,4,13,2240,3,1,1,2.0,6.0,91405,M,4840654.0,247566.0,91
201800004628,18,4,18,1330,1,1,1,1.0,1.0,91405,M,4840338.0,246766.0,91
201800004629,18,5,31,1500,1,1,1,1.0,7.0,91599,M,4847760.0,247013.0,91
201800004630,18,7,26,2140,2,2,6,1.0,6.0,91405,M,4839934.0,247509.0,91
201800004631,18,9,29,825,1,1,1,1.0,1.0,91359,M,4839569.0,240730.0,91
201800004632,18,10,27,1500,1,2,1,1.0,6.0,91507,M,4835129.0,235632.0,91
201800004633,18,11,15,1700,2,2,1,1.0,3.0,91405,M,4840039.0,246880.0,91
201800004634,18,12,8,1845,3,1,1,2.0,5.0,91069,M,4832311.0,236006.0,91
201800004635,18,12,12,751,1,1,6,8.0,2.0,91184,M,4842240.0,237426.0,91
201800004636,18,12,17,920,1,2,1,7.0,6.0,91405,M,4839973.0,247356.0,91
201800004637,18,1,19,1610,1,2,1,5.0,7.0,91130,M,4842764.0,206216.0,91
201800004638,18,2,12,800,2,2,3,9.0,1.0,91200,M,4852369.0,200529.0,91
201800004639,18,2,18,1305,1,2,1,1.0,6.0,91200,M,4853026.0,202671.0,91
201800004640,18,3,23,1015,1,1,1,5.0,1.0,91284,M,4849037.0,203819.0,91
201800004641,18,4,4,940,1,2,1,1.0,5.0,91035,M,4844946.0,196080.0,91
201800004642,18,4,3,1230,1,2,1,1.0,6.0,91547,M,4842240.0,195833.0,91
201800004643,18,4,28,1925,2,2,1,1.0,1.0,91284,M,4850165.0,201666.0,91
201800004644,18,6,16,1400,1,2,6,1.0,3.0,91200,M,4853186.0,200128.0,91
201800004645,18,7,14,205,3,1,1,1.0,7.0,91247,M,4847521.0,204775.0,91
201800004646,18,8,13,1130,1,1,1,1.0,6.0,91200,M,4853073.0,198469.0,91
201800004647,18,11,2,1925,3,1,2,1.0,3.0,91547,M,4841391.0,196615.0,91
201800004648,18,1,28,400,3,1,1,2.0,2.0,91226,M,4850274.0,220067.0,91
201800004649,18,2,1,1215,1,1,1,1.0,3.0,91226,M,4849890.0,219672.0,91
201800004650,18,9,19,1620,1,2,1,1.0,7.0,91038,M,4848239.0,220337.0,91
201800004651,18,12,23,1620,1,1,1,2.0,1.0,91330,M,4852745.0,229450.0,91
201800004652,18,2,20,1415,1,2,3,1.0,2.0,91232,M,4848674.0,234402.0,91
201800004653,18,5,29,1430,1,2,1,1.0,6.0,91198,M,4845596.0,232686.0,91
201800004654,18,6,16,920,1,2,2,1.0,3.0,91099,M,4843599.0,237775.0,91
201800004655,18,10,3,500,3,2,1,2.0,6.0,91080,M,4846814.0,228079.0,91
201800004656,18,10,18,1310,1,2,1,1.0,2.0,91129,M,4848455.0,233465.0,91
201800004657,18,11,7,1905,2,2,1,2.0,6.0,91099,M,4844711.0,236583.0,91
201800004658,18,11,11,1345,1,1,1,3.0,6.0,91198,M,4847019.0,233197.0,91
201800004659,18,11,10,1800,5,2,2,2.0,3.0,91047,M,4848885.0,235389.0,91
201800004660,18,11,22,1850,5,2,1,5.0,6.0,91099,M,4843871.0,236822.0,91
201800004661,18,11,30,1850,5,2,1,1.0,1.0,91315,M,4853251.0,233963.0,91
201800004662,18,3,14,1945,3,1,1,1.0,6.0,91662,M,4849964.0,214082.0,91
201800004663,18,6,13,1000,1,1,1,8.0,1.0,91546,M,4856355.0,202971.0,91
201800004664,18,7,15,1603,1,1,1,1.0,1.0,91662,M,4849890.0,212717.0,91
201800004665,18,9,19,1700,1,1,1,1.0,5.0,91546,M,4857342.0,204279.0,91
201800004666,18,5,6,1515,1,2,1,1.0,6.0,91661,M,4869915.0,220913.0,91
201800004667,18,6,30,530,2,2,1,1.0,3.0,91661,M,4870165.0,225292.0,91
201800004668,18,8,18,1810,1,2,1,1.0,6.0,91661,M,4868641.0,220586.0,91
201800004669,18,3,13,1345,1,1,1,3.0,1.0,91115,M,4859529.0,221880.0,91
201800004670,18,4,27,1430,1,2,1,1.0,3.0,91461,M,4860093.0,222992.0,91
201800004671,18,6,27,1725,1,1,1,1.0,2.0,91207,M,4855752.0,224387.0,91
201800004672,18,6,28,2010,2,2,1,1.0,6.0,91461,M,4860261.0,222755.0,91
201800004673,18,7,15,2315,5,2,1,1.0,1.0,91461,M,4860446.0,223398.0,91
201800004674,18,9,4,1145,1,1,1,1.0,3.0,91041,M,4856000.0,222723.0,91
201800004675,18,12,22,1730,5,2,1,2.0,6.0,91041,M,4857608.0,223802.0,91
201800004676,18,3,25,1830,1,2,1,1.0,6.0,91494,M,4861584.0,232972.0,91
201800004677,18,6,25,1238,1,1,6,1.0,3.0,91494,M,4861174.0,233979.0,91
201800004678,18,7,16,1750,1,2,1,1.0,6.0,91376,M,4856190.0,230025.0,91
201800004679,18,11,15,940,1,2,1,8.0,6.0,91376,M,4856307.0,229635.0,91
201800004680,18,12,12,1540,1,2,1,1.0,6.0,91332,M,4856811.0,232764.0,91
201800004681,18,1,12,1830,5,2,1,1.0,6.0,91482,M,4864578.0,204947.0,91
201800004682,18,3,9,845,1,2,1,1.0,3.0,91338,M,4862872.0,204591.0,91
201800004683,18,3,24,1445,1,2,3,1.0,2.0,91634,M,4859823.0,211204.0,91
201800004684,18,5,5,1930,1,1,1,1.0,1.0,91243,M,4859386.0,216882.0,91
201800004685,18,7,4,1830,1,2,1,1.0,1.0,91111,M,4862395.0,212020.0,91
201800004686,18,7,20,1715,1,2,1,1.0,2.0,91338,M,4862872.0,204591.0,91
201800004687,18,7,29,2240,3,1,1,1.0,6.0,91111,M,4862364.0,212194.0,91
201800004688,18,1,29,1450,1,1,3,1.0,3.0,91044,M,4866533.0,229243.0,91
201800004689,18,9,11,2345,3,1,1,1.0,6.0,91587,M,4868140.0,226427.0,91
201800004690,18,4,8,1540,1,1,1,1.0,6.0,95119,M,4919590.0,170360.0,95
201800004691,18,4,12,745,1,1,1,1.0,6.0,95656,M,4906090.0,172740.0,95
201800004692,18,5,29,625,2,2,1,5.0,6.0,95012,M,4910730.0,164350.0,95
201800004693,18,7,7,330,3,1,1,1.0,6.0,95690,M,4907870.0,181480.0,95
201800004694,18,7,10,845,1,2,1,1.0,6.0,95355,M,4915430.0,178690.0,95
201800004695,18,8,2,1457,1,1,1,1.0,2.0,95119,M,4919580.0,170390.0,95
201800004696,18,11,11,2100,3,1,1,1.0,1.0,95101,M,4914310.0,167030.0,95
201800004697,18,12,4,1200,1,1,1,1.0,1.0,95462,M,4914460.0,174030.0,95
201800004698,18,12,8,1900,3,1,1,3.0,5.0,95554,M,4916940.0,175840.0,95
201800004699,18,6,1,1940,1,1,1,1.0,3.0,95177,M,4912110.0,202640.0,95
201800004700,18,6,2,1720,1,2,1,1.0,1.0,95459,M,4915610.0,185570.0,95
201800004701,18,8,4,2230,3,1,1,1.0,7.0,95059,M,4920390.0,207760.0,95
201800004702,18,8,27,1205,1,2,1,1.0,6.0,95177,M,4911880.0,201810.0,95
201800004703,18,9,25,2000,2,1,1,1.0,6.0,95023,M,4917280.0,212410.0,95
201800004704,18,10,25,1330,1,1,1,1.0,1.0,95271,M,4909040.0,205759.0,95
201800004705,18,10,26,1547,1,1,1,8.0,3.0,95271,M,4909220.0,205930.0,95
201800004706,18,11,30,1611,1,1,1,1.0,6.0,95213,M,4911610.0,205229.0,95
201800004707,18,12,14,1650,2,1,1,1.0,3.0,95054,M,4914990.0,188550.0,95
201800004708,18,4,3,1830,1,1,1,2.0,3.0,95446,M,4911980.0,215990.0,95
201800004709,18,5,12,2350,5,2,1,1.0,6.0,95039,M,4906660.0,212880.0,95
201800004710,18,5,30,1905,1,1,1,1.0,1.0,95627,M,4913070.0,211540.0,95
201800004711,18,6,5,830,1,2,6,2.0,3.0,95256,M,4904660.0,220230.0,95
201800004712,18,7,8,1515,1,1,1,1.0,3.0,95328,M,4912790.0,211780.0,95
201800004713,18,7,20,1635,1,1,1,9.0,1.0,95211,M,4906710.0,210540.0,95
201800004714,18,11,30,1930,4,2,1,2.0,6.0,95572,M,4905540.0,213790.0,95
201800004715,18,12,2,1510,1,1,1,2.0,6.0,95211,M,4908350.0,211150.0,95
201800004716,18,12,14,1900,5,2,2,1.0,3.0,95394,M,4905520.0,217150.0,95
201800004717,18,1,29,400,2,1,1,1.0,6.0,95169,M,4912640.0,188760.0,95
201800004718,18,3,19,730,1,1,1,4.0,6.0,95348,M,4907370.0,195320.0,95
201800004719,18,4,11,1030,1,1,1,1.0,6.0,95002,M,4907050.0,196810.0,95
201800004720,18,6,11,1925,1,1,1,1.0,3.0,95002,M,4907010.0,196870.0,95
201800004721,18,7,18,815,1,1,1,1.0,5.0,95253,M,4906070.0,187550.0,95
201800004722,18,8,5,1110,1,1,1,1.0,7.0,95592,M,4905420.0,186790.0,95
201800004723,18,8,12,740,1,2,1,1.0,7.0,95610,M,4908480.0,190150.0,95
201800004724,18,10,18,850,1,1,1,7.0,5.0,95002,M,4906720.0,197280.0,95
201800004725,18,12,14,1313,1,1,1,1.0,6.0,95040,M,4911290.0,188320.0,95
201800004726,18,12,23,1530,1,2,1,2.0,6.0,95658,M,4907650.0,192710.0,95
201800004727,18,1,24,1820,3,1,1,8.0,2.0,95409,M,4905020.0,233060.0,95
201800004728,18,5,4,1108,1,2,1,1.0,6.0,95199,M,4903090.0,232570.0,95
201800004729,18,5,15,2020,2,1,1,1.0,6.0,95199,M,4904680.0,233090.0,95
201800004730,18,5,24,50,3,1,1,1.0,2.0,95409,M,4904510.0,233610.0,95
201800004731,18,8,31,1420,2,2,1,1.0,3.0,95409,M,4905070.0,233040.0,95
201800004732,18,9,1,1430,1,2,1,1.0,1.0,95409,M,4904930.0,233580.0,95
201800004733,18,9,4,1705,1,2,1,1.0,3.0,95199,M,4903790.0,234040.0,95
201800004734,18,9,15,1320,1,1,1,1.0,6.0,95199,M,4902510.0,231590.0,95
201800004735,18,2,18,2225,3,1,1,1.0,6.0,95241,M,4904990.0,244350.0,95
201800004736,18,6,30,1852,1,1,1,1.0,2.0,95351,M,4905180.0,251440.0,95
201800004737,18,9,29,915,1,1,1,1.0,1.0,95212,M,4903160.0,256010.0,95
201800004738,18,2,12,1354,1,1,1,1.0,4.0,77196,M,4894866.0,274753.0,77
201800004739,18,9,21,1535,1,2,2,1.0,3.0,77023,M,4901645.0,288264.0,77
201800004740,18,1,11,740,2,1,3,3.0,3.0,77457,M,4866436.0,271293.0,77
201800004741,18,4,13,1309,1,1,1,1.0,3.0,77217,M,4868188.0,269098.0,77
201800004742,18,7,3,1730,1,1,1,1.0,1.0,77127,M,4867810.0,271412.0,77
201800004743,18,7,11,1950,1,1,1,1.0,6.0,77252,M,4863225.0,269064.0,77
201800004744,18,9,5,1600,1,1,1,1.0,3.0,77252,M,4863178.0,268231.0,77
201800004745,18,10,13,625,2,1,1,1.0,3.0,77252,M,4863111.0,267222.0,77
201800004746,18,11,23,733,2,1,2,5.0,1.0,77217,M,4867736.0,266374.0,77
201800004747,18,12,14,1800,3,1,1,2.0,1.0,77165,M,4848803.0,286246.0,77
201800004748,18,2,10,2225,3,1,1,4.0,3.0,77352,M,4865873.0,276918.0,77
201800004749,18,4,7,120,3,1,1,1.0,6.0,77107,M,4867346.0,282727.0,77
201800004750,18,5,23,2315,3,1,3,1.0,2.0,77352,M,4864922.0,277074.0,77
201800004751,18,5,31,855,1,1,3,7.0,4.0,77534,M,4863548.0,276949.0,77
201800004752,18,6,5,1745,1,2,1,1.0,6.0,77493,M,4864693.0,282771.0,77
201800004753,18,10,15,1600,1,1,1,1.0,5.0,77107,M,4865812.0,280791.0,77
201800004754,18,10,28,1300,1,1,1,1.0,6.0,77004,M,4861801.0,279278.0,77
201800004755,18,12,21,1920,5,2,3,2.0,6.0,77222,M,4863541.0,279982.0,77
201800004756,18,11,14,1700,2,1,1,1.0,1.0,77082,M,4860554.0,280822.0,77
201800004757,18,11,28,1750,3,1,3,1.0,6.0,77211,M,4857686.0,299198.0,77
201800004758,18,1,9,1215,1,2,5,8.0,3.0,77470,M,4874441.0,275299.0,77
201800004759,18,2,16,1215,1,2,1,1.0,6.0,77377,M,4871384.0,274275.0,77
201800004760,18,7,15,2330,3,1,1,1.0,6.0,77177,M,4879938.0,273326.0,77
201800004761,18,9,19,1805,1,1,1,1.0,7.0,77377,M,4870406.0,274854.0,77
201800004762,18,10,7,825,2,1,1,2.0,6.0,77177,M,4875737.0,277050.0,77
201800004763,18,10,11,1440,1,1,9,1.0,3.0,77470,M,4873691.0,276206.0,77
201800004764,18,1,2,1540,1,1,1,2.0,1.0,77521,M,4884286.0,287085.0,77
201800004765,18,1,26,1020,1,1,4,1.0,5.0,77529,M,4883248.0,287932.0,77
201800004766,18,7,12,1430,1,1,3,1.0,3.0,77141,M,4885551.0,285558.0,77
201800004767,18,8,1,1830,1,1,3,1.0,5.0,77142,M,4884811.0,294025.0,77
201800004768,18,8,8,2200,2,1,4,1.0,3.0,77049,M,4891216.0,292085.0,77
201800004769,18,9,18,657,2,1,2,1.0,3.0,77484,M,4889526.0,294091.0,77
201800004770,18,9,26,1630,1,2,1,1.0,6.0,77408,M,4892036.0,295467.0,77
201800004771,18,10,12,1955,3,2,2,1.0,2.0,77270,M,4886536.0,299993.0,77
201800004772,18,11,8,1805,3,1,1,1.0,6.0,77529,M,4882967.0,287901.0,77
201800004773,18,11,18,900,1,2,1,1.0,6.0,77142,M,4885801.0,290754.0,77
201800004774,18,1,5,1100,1,1,3,1.0,1.0,77361,M,4890244.0,304896.0,77
201800004775,18,3,6,625,2,1,1,1.0,5.0,77024,M,4892119.0,326672.0,77
201800004776,18,3,8,1455,1,1,4,2.0,3.0,77238,M,4891413.0,315554.0,77
201800004777,18,4,19,1815,1,2,1,1.0,3.0,77238,M,4894036.0,314623.0,77
201800004778,18,5,18,1430,1,2,3,1.0,3.0,77415,M,4895219.0,301231.0,77
201800004779,18,6,1,2225,3,1,1,1.0,7.0,77078,M,4898987.0,314842.0,77
201800004780,18,6,17,1045,1,2,3,1.0,3.0,77183,M,4894117.0,313133.0,77
201800004781,18,6,20,616,2,1,1,5.0,5.0,77440,M,4894541.0,309041.0,77
201800004782,18,6,21,2325,3,1,1,1.0,6.0,77415,M,4895934.0,300078.0,77
201800004783,18,6,29,1720,1,1,3,1.0,5.0,77478,M,4895891.0,305463.0,77
201800004784,18,10,6,1050,1,2,9,1.0,6.0,77183,M,4894185.0,312682.0,77
201800004785,18,10,12,830,1,2,1,1.0,2.0,77440,M,4894759.0,308558.0,77
201800004786,18,10,11,1340,1,2,2,1.0,3.0,77238,M,4892514.0,312582.0,77
201800004787,18,10,26,1535,1,1,1,1.0,7.0,77024,M,4891292.0,330189.0,77
201800004788,18,10,28,210,3,1,1,1.0,6.0,77238,M,4890240.0,310661.0,77
201800004789,18,10,30,1145,1,1,1,2.0,6.0,77057,M,4892719.0,324353.0,77
201800004790,18,12,9,350,3,1,1,2.0,1.0,77478,M,4896192.0,308639.0,77
201800004791,18,12,13,827,2,1,1,1.0,3.0,77451,M,4891166.0,305963.0,77
201800004792,18,12,18,720,2,2,2,2.0,3.0,77331,M,4897709.0,322081.0,77
201800004793,18,2,24,1515,1,1,2,1.0,3.0,77318,M,4879256.0,293486.0,77
201800004794,18,3,1,1000,1,1,1,4.0,6.0,77508,M,4880191.0,284934.0,77
201800004795,18,3,20,2135,3,1,2,1.0,3.0,77091,M,4874536.0,284062.0,77
201800004796,18,6,2,1846,1,1,1,1.0,1.0,77318,M,4878432.0,288526.0,77
201800004797,18,6,24,300,3,1,1,1.0,6.0,77508,M,4879799.0,285728.0,77
201800004798,18,7,6,1504,1,2,3,1.0,2.0,77510,M,4881565.0,279277.0,77
201800004799,18,9,9,610,2,1,1,1.0,7.0,77176,M,4880227.0,297717.0,77
201800004800,18,11,7,1235,1,1,1,2.0,4.0,77219,M,4884210.0,295544.0,77
201800004801,18,11,17,1725,3,1,1,1.0,7.0,77508,M,4879697.0,282411.0,77
201800004802,18,12,7,1915,3,1,1,1.0,5.0,77466,M,4882607.0,288599.0,77
201800004803,18,3,31,1715,1,2,3,1.0,6.0,77469,M,4874173.0,301255.0,77
201800004804,18,7,7,1920,1,1,1,1.0,6.0,77469,M,4872866.0,302132.0,77
201800004805,18,8,9,650,1,1,1,3.0,2.0,77031,M,4869091.0,291891.0,77
201800004806,18,9,22,310,3,2,1,1.0,6.0,77264,M,4873795.0,294997.0,77
201800004807,18,10,5,1040,1,1,1,1.0,5.0,77486,M,4869347.0,307958.0,77
201800004808,18,10,19,2025,3,1,1,1.0,2.0,77264,M,4872445.0,297137.0,77
201800004809,18,10,30,430,3,1,1,3.0,1.0,77264,M,4874698.0,295459.0,77
201800004810,18,1,11,1910,5,2,1,2.0,6.0,77520,M,4831565.0,264566.0,77
201800004811,18,3,6,2330,3,1,1,2.0,6.0,77046,M,4825325.0,244931.0,77
201800004812,18,3,25,1525,1,1,1,1.0,6.0,77339,M,4837113.0,256072.0,77
201800004813,18,5,22,900,1,2,1,1.0,2.0,77088,M,4832533.0,257718.0,77
201800004814,18,6,27,1950,1,2,9,1.0,3.0,77022,M,4843789.0,259292.0,77
201800004815,18,11,13,748,2,1,1,1.0,6.0,77244,M,4827178.0,261403.0,77
201800004816,18,8,10,2030,2,2,1,1.0,6.0,77099,M,4814753.0,270207.0,77
201800004817,18,2,6,700,2,1,3,4.0,3.0,77387,M,4820344.0,282729.0,77
201800004818,18,2,12,1145,1,1,1,1.0,6.0,77370,M,4822343.0,275891.0,77
201800004819,18,4,22,230,3,1,3,1.0,6.0,77387,M,4823884.0,281469.0,77
201800004820,18,5,23,1605,1,1,3,1.0,3.0,77168,M,4818102.0,285355.0,77
201800004821,18,7,22,1230,1,1,1,1.0,7.0,77071,M,4820119.0,282929.0,77
201800004822,18,8,11,2220,3,1,1,1.0,6.0,77370,M,4822679.0,274487.0,77
201800004823,18,9,2,1525,1,2,1,1.0,1.0,77399,M,4826309.0,290225.0,77
201800004824,18,9,21,2150,5,2,1,1.0,1.0,77465,M,4828868.0,294623.0,77
201800004825,18,10,31,1750,3,1,1,2.0,1.0,77370,M,4823076.0,274308.0,77
201800004826,18,2,20,1137,1,1,1,8.0,1.0,77420,M,4903763.0,268047.0,77
201800004827,18,3,13,1255,1,2,3,1.0,3.0,77420,M,4903336.0,269652.0,77
201800004828,18,4,9,810,1,1,1,8.0,3.0,77153,M,4905537.0,269960.0,77
201800004829,18,5,1,905,1,1,1,1.0,2.0,77420,M,4904469.0,269000.0,77
201800004830,18,6,1,756,1,2,1,1.0,3.0,77153,M,4906031.0,269862.0,77
201800004831,18,6,8,745,1,1,3,5.0,1.0,77282,M,4902659.0,258317.0,77
201800004832,18,6,15,1830,1,1,6,1.0,5.0,77153,M,4906468.0,268887.0,77
201800004833,18,7,15,2140,1,2,3,1.0,6.0,77153,M,4905357.0,268547.0,77
201800004834,18,8,13,100,3,1,1,3.0,6.0,77153,M,4905507.0,269989.0,77
201800004835,18,9,19,1625,1,1,1,1.0,7.0,77349,M,4908303.0,265714.0,77
201800004836,18,12,26,1505,1,2,3,7.0,3.0,77323,M,4904774.0,262638.0,77
201800004837,18,1,16,2015,3,1,1,2.0,2.0,77196,M,4894798.0,273899.0,77
201800004838,18,2,18,1730,1,1,6,1.0,7.0,77094,M,4895025.0,277394.0,77
201800004839,18,5,7,1010,1,1,1,1.0,1.0,77005,M,4892945.0,272832.0,77
201800004840,18,8,4,1720,1,2,1,1.0,6.0,77171,M,4890018.0,281156.0,77
201800004841,18,10,7,1240,1,1,1,1.0,5.0,77005,M,4891880.0,270221.0,77
201800004842,18,10,10,2000,3,1,1,1.0,7.0,77196,M,4894818.0,274306.0,77
201800004843,18,11,13,1815,5,2,1,1.0,6.0,77171,M,4889780.0,281205.0,77
201800004844,18,12,8,1220,1,2,2,8.0,1.0,77171,M,4889431.0,280943.0,77
201800004845,18,1,29,1519,1,2,1,1.0,6.0,77148,M,4909043.0,306235.0,77
201800004846,18,6,10,600,2,1,1,5.0,6.0,77231,M,4899362.0,299653.0,77
201800004847,18,7,27,1850,1,1,1,1.0,7.0,77120,M,4902757.0,313746.0,77
201800004848,18,11,6,2045,3,1,1,1.0,7.0,77129,M,4909077.0,312879.0,77
201800004849,18,1,15,815,2,1,1,1.0,1.0,77437,M,4902821.0,281297.0,77
201800004850,18,2,2,1910,3,1,1,1.0,1.0,77430,M,4908139.0,277277.0,77
201800004851,18,5,7,1425,1,1,1,1.0,7.0,77023,M,4901187.0,286788.0,77
201800004852,18,5,14,1130,1,1,1,2.0,6.0,77173,M,4903938.0,293117.0,77
201800004853,18,5,28,1720,1,1,3,1.0,5.0,77233,M,4899813.0,279329.0,77
201800004854,18,6,5,900,1,1,1,1.0,3.0,77515,M,4899250.0,276801.0,77
201800004855,18,6,15,1630,1,1,3,1.0,2.0,77430,M,4906370.0,277628.0,77
201800004856,18,8,12,1745,1,1,1,1.0,7.0,77437,M,4904264.0,277127.0,77
201800004857,18,11,16,1840,3,1,9,5.0,6.0,77515,M,4898087.0,278650.0,77
201800004858,18,1,26,750,2,2,2,8.0,3.0,77327,M,4856188.0,301328.0,77
201800004859,18,3,3,1230,1,1,1,1.0,6.0,77383,M,4853469.0,307185.0,77
201800004860,18,11,14,740,2,1,1,5.0,6.0,77089,M,4851464.0,295823.0,77
201800004861,18,3,25,1515,1,2,1,1.0,6.0,45317,M,4776611.0,159119.0,45
201800004862,18,3,29,1730,2,1,1,2.0,6.0,45028,M,4777654.0,165663.0,45
201800004863,18,6,10,1445,1,2,1,1.0,7.0,45028,M,4778154.0,162078.0,45
201800004864,18,8,26,13,5,2,2,1.0,3.0,45028,M,4778117.0,163247.0,45
201800004865,18,9,22,1930,2,1,1,1.0,7.0,45116,M,4782162.0,157463.0,45
201800004866,18,10,15,1705,1,1,1,1.0,1.0,45116,M,4782232.0,157385.0,45
201800004867,18,12,18,800,5,2,1,5.0,6.0,45028,M,4778031.0,163083.0,45
201800004868,18,1,26,300,3,1,1,1.0,1.0,45082,M,4788818.0,225521.0,45
201800004869,18,2,12,1410,1,1,9,1.0,4.0,45273,M,4790774.0,217753.0,45
201800004870,18,2,21,2130,3,1,5,1.0,3.0,45082,M,4787506.0,223782.0,45
201800004871,18,5,12,2315,3,1,1,8.0,6.0,45290,M,4792294.0,232534.0,45
201800004872,18,6,6,1500,1,2,2,1.0,3.0,45082,M,4786749.0,221849.0,45
201800004873,18,6,8,1630,1,1,2,1.0,3.0,45049,M,4786346.0,238170.0,45
201800004874,18,10,12,1700,1,1,1,1.0,1.0,45316,M,4794665.0,236779.0,45
201800004875,18,10,17,415,3,1,1,1.0,6.0,45082,M,4786010.0,218269.0,45
201800004876,18,10,25,950,1,2,1,1.0,6.0,45082,M,4786508.0,221362.0,45
201800004877,18,12,24,1900,3,1,1,1.0,7.0,45082,M,4786001.0,218302.0,45
201800004878,18,2,1,1800,5,2,9,1.0,6.0,45089,M,4790535.0,203241.0,45