Num_Acc,an,mois,jour,hrmn,lum,agg,int,atm,col,com,gps,lat,long,dep
201800004879,18,2,24,2258,4,2,1,1.0,7.0,45126,M,4791111.0,210465.0,45
201800004880,18,3,8,1055,1,1,1,1.0,7.0,45089,M,4788994.0,202732.0,45
201800004881,18,7,13,650,1,2,1,1.0,6.0,45034,M,4792488.0,201026.0,45
201800004882,18,9,25,1700,1,2,3,1.0,2.0,45089,M,4790271.0,202799.0,45
201800004883,18,3,6,900,2,1,1,5.0,6.0,45226,M,4775511.0,223705.0,45
201800004884,18,3,21,820,1,1,2,1.0,3.0,45173,M,4784763.0,213555.0,45
201800004885,18,5,19,1450,1,1,2,1.0,3.0,45173,M,4784762.0,213556.0,45
201800004886,18,6,22,2355,4,2,1,1.0,6.0,45273,M,4787616.0,211626.0,45
201800004887,18,9,8,1315,1,2,1,1.0,2.0,45273,M,4787474.0,211806.0,45
201800004888,18,11,13,1347,1,1,2,1.0,3.0,45335,M,4776497.0,210856.0,45
201800004889,18,11,19,845,2,2,1,7.0,6.0,45273,M,4787190.0,212954.0,45
201800004890,18,12,8,1505,1,2,1,1.0,6.0,45173,M,4786405.0,212219.0,45
201800004891,18,12,10,830,2,1,1,1.0,7.0,45311,M,4782647.0,223710.0,45
201800004892,18,1,9,1825,5,2,2,1.0,6.0,45155,M,4768926.0,264149.0,45
201800004893,18,4,7,2010,2,1,1,1.0,3.0,45108,M,4763703.0,251876.0,45
201800004894,18,7,30,1720,1,2,3,7.0,4.0,45155,M,4768082.0,264156.0,45
201800004895,18,10,26,1600,1,1,1,1.0,1.0,45155,M,4771041.0,263612.0,45
201800004896,18,12,8,1630,1,2,1,2.0,4.0,45155,M,4768389.0,263139.0,45
201800004897,18,2,26,1800,1,2,6,1.0,3.0,45315,M,4776187.0,236947.0,45
201800004898,18,6,9,1930,1,1,1,8.0,6.0,45315,M,4775688.0,237976.0,45
201800004899,18,7,28,1000,1,1,1,7.0,1.0,45164,M,4782059.0,224960.0,45
201800004900,18,7,28,1822,1,1,2,7.0,3.0,45315,M,4775306.0,236173.0,45
201800004901,18,8,1,1240,1,1,3,1.0,7.0,45039,M,4779959.0,236723.0,45
201800004902,18,8,19,1155,1,1,1,1.0,3.0,45171,M,4764537.0,226467.0,45
201800004903,18,8,31,1725,1,2,1,1.0,1.0,45244,M,4778041.0,248992.0,45
201800004904,18,9,19,1415,1,1,1,1.0,1.0,45315,M,4778241.0,230700.0,45
201800004905,18,9,21,1515,1,2,1,1.0,7.0,45270,M,4783111.0,228840.0,45
201800004906,18,9,30,925,1,1,1,1.0,6.0,45244,M,4776862.0,247045.0,45
201800004907,18,11,6,1810,3,1,1,1.0,3.0,45315,M,4775897.0,240682.0,45
201800004908,18,11,7,1005,1,1,1,2.0,1.0,45268,M,4775020.0,244445.0,45
201800004909,18,12,5,950,1,1,1,1.0,6.0,45244,M,4776887.0,245503.0,45
201800004910,18,12,10,1555,1,1,2,1.0,4.0,45051,M,4784406.0,232226.0,45
201800004911,18,2,6,1600,1,1,2,4.0,3.0,45210,M,4789322.0,284400.0,45
201800004912,18,2,18,1225,1,1,2,1.0,4.0,45229,M,4784716.0,273126.0,45
201800004913,18,2,28,1800,1,1,1,1.0,7.0,45210,M,4784647.0,283261.0,45
201800004914,18,3,15,1505,1,1,2,1.0,1.0,45278,M,4782020.0,283102.0,45
201800004915,18,3,16,1630,1,1,3,2.0,1.0,45229,M,4785012.0,274811.0,45
201800004916,18,3,31,2300,3,1,1,1.0,6.0,45229,M,4783163.0,272413.0,45
201800004917,18,5,25,1440,1,1,2,1.0,6.0,45278,M,4781150.0,279305.0,45
201800004918,18,7,24,1415,1,1,1,1.0,6.0,45077,M,4785804.0,285808.0,45
201800004919,18,10,4,1745,1,1,2,1.0,1.0,45229,M,4783912.0,272595.0,45
201800004920,18,12,3,1650,2,2,7,1.0,6.0,45085,M,4782014.0,284337.0,45
201800004921,18,12,20,1830,5,2,1,3.0,6.0,45312,M,4791824.0,273670.0,45
201800004922,18,12,29,2335,5,1,1,2.0,6.0,45332,M,4786574.0,265379.0,45
201800004923,18,2,1,1840,5,2,9,8.0,6.0,45252,M,4817890.0,225425.0,45
201800004924,18,2,12,1100,1,2,1,1.0,7.0,45252,M,4817703.0,226035.0,45
201800004925,18,2,23,1705,1,2,1,1.0,3.0,45252,M,4816351.0,224305.0,45
201800004926,18,4,23,1716,1,1,1,1.0,7.0,45139,M,4818891.0,232863.0,45
201800004927,18,5,7,1030,1,1,2,1.0,3.0,45119,M,4816390.0,227626.0,45
201800004928,18,6,21,2210,2,1,2,1.0,3.0,45253,M,4814537.0,221705.0,45
201800004929,18,6,27,1845,1,2,1,1.0,6.0,45252,M,4817481.0,226705.0,45
201800004930,18,9,15,2200,5,1,6,1.0,7.0,45137,M,4811923.0,218642.0,45
201800004931,18,10,7,1830,1,2,1,1.0,6.0,45198,M,4821850.0,226003.0,45
201800004932,18,11,30,1400,1,2,1,1.0,6.0,45252,M,4817435.0,225335.0,45
201800004933,18,1,8,1735,5,2,1,1.0,6.0,45191,M,4829851.0,240161.0,45
201800004934,18,2,4,1715,1,2,1,1.0,7.0,45191,M,4829814.0,240098.0,45
201800004935,18,8,26,1435,1,1,1,1.0,7.0,45246,M,4829839.0,216641.0,45
201800004936,18,1,1,455,3,1,1,6.0,6.0,18207,M,4701102.0,227692.0,18
201800004937,18,3,14,1955,3,1,1,1.0,6.0,18207,M,4700978.0,227493.0,18
201800004938,18,4,25,510,3,1,1,1.0,7.0,18285,M,4703018.0,222771.0,18
201800004939,18,5,1,1730,1,1,1,1.0,7.0,18133,M,4693695.0,224671.0,18
201800004940,18,7,10,1630,1,1,2,1.0,3.0,18285,M,4702575.0,221021.0,18
201800004941,18,8,6,1720,1,1,1,7.0,6.0,18055,M,4700241.0,211939.0,18
201800004942,18,8,29,900,1,1,2,2.0,7.0,18066,M,4703091.0,222313.0,18
201800004943,18,8,31,1920,1,2,1,1.0,2.0,18207,M,4700238.0,226433.0,18
201800004944,18,10,28,1600,1,1,1,2.0,6.0,18066,M,4699167.0,219061.0,18
201800004945,18,11,25,948,1,1,1,3.0,6.0,18207,M,4698338.0,225168.0,18
201800004946,18,12,17,1850,5,2,2,8.0,1.0,18207,M,4699119.0,224239.0,18
201800004947,18,12,19,1815,3,1,1,8.0,1.0,18133,M,4692567.0,224367.0,18
201800004948,18,5,31,1158,1,1,1,1.0,2.0,28185,M,4877957.0,156540.0,28
201800004949,18,7,8,1050,1,1,2,7.0,3.0,28355,M,4884853.0,152767.0,28
201800004950,18,12,6,1930,3,1,1,2.0,6.0,28293,M,4887968.0,153400.0,28
201800004951,18,12,28,1400,1,1,1,1.0,4.0,28062,M,4876030.0,151214.0,28
201800004952,18,4,1,945,1,2,1,1.0,6.0,28113,M,4863759.0,155584.0,28
201800004953,18,4,30,1440,1,2,9,2.0,6.0,28113,M,4865308.0,154388.0,28
201800004954,18,6,28,2040,1,2,1,1.0,3.0,28417,M,4860459.0,156939.0,28
201800004955,18,9,28,115,3,1,1,1.0,6.0,28094,M,4863227.0,149239.0,28
201800004956,18,11,23,2030,3,1,1,5.0,7.0,28374,M,4861736.0,145038.0,28
201800004957,18,1,10,815,1,1,9,2.0,1.0,37185,M,4743562.0,100692.0,37
201800004958,18,2,5,1045,1,2,9,1.0,7.0,37003,M,4741191.0,97929.0,37
201800004959,18,3,16,1900,2,1,1,1.0,1.0,37252,M,4741173.0,107406.0,37
201800004960,18,5,9,1915,1,2,3,1.0,3.0,37003,M,4740604.0,97988.0,37
201800004961,18,5,23,1130,1,2,1,1.0,3.0,37003,M,4740494.0,95937.0,37
201800004962,18,5,28,2000,1,2,1,1.0,6.0,37163,M,4742554.0,96291.0,37
201800004963,18,7,9,1520,1,2,9,7.0,6.0,37003,M,4741367.0,98428.0,37
201800004964,18,8,20,1235,1,2,1,1.0,7.0,37236,M,4741024.0,103986.0,37
201800004965,18,10,4,1950,2,1,9,1.0,7.0,37163,M,4744952.0,95599.0,37
201800004966,18,10,8,1735,1,1,1,1.0,7.0,37171,M,4740353.0,88211.0,37
201800004967,18,10,25,1830,2,2,1,1.0,2.0,37003,M,4740576.0,100170.0,37
201800004968,18,11,18,1440,1,2,1,1.0,6.0,37003,M,4740341.0,100763.0,37
201800004969,18,11,29,1740,5,2,9,1.0,2.0,37185,M,4742500.0,98283.0,37
201800004970,18,11,30,720,3,1,9,1.0,3.0,37185,M,4742788.0,100062.0,37
201800004971,18,12,14,1730,3,1,1,1.0,5.0,37171,M,4741860.0,89846.0,37
201800004972,18,12,21,1845,3,1,3,2.0,3.0,37171,M,4740440.0,89769.0,37
201800004973,18,8,13,1205,1,2,6,1.0,3.0,37201,M,4714463.0,25567.0,37
201800004974,18,8,19,930,1,1,2,1.0,3.0,37072,M,4715198.0,28558.0,37
201800004975,18,9,2,500,3,1,1,1.0,2.0,37248,M,4713616.0,18287.0,37
201800004976,18,10,10,1015,1,2,1,1.0,6.0,37242,M,4721122.0,15459.0,37
201800004977,18,10,23,1710,1,1,9,1.0,2.0,37202,M,4714411.0,19526.0,37
201800004978,18,11,16,1230,1,1,1,1.0,7.0,37089,M,4716208.0,35067.0,37
201800004979,18,11,21,2045,5,2,1,1.0,7.0,37072,M,4716021.0,23733.0,37
201800004980,18,11,23,900,1,1,1,1.0,3.0,37022,M,4719013.0,18365.0,37
201800004981,18,1,8,950,3,1,9,3.0,2.0,37091,M,4734895.0,98052.0,37
201800004982,18,3,16,1815,1,2,1,1.0,2.0,37008,M,4732462.0,91697.0,37
201800004983,18,3,23,205,3,1,1,1.0,7.0,37027,M,4731549.0,99045.0,37
201800004984,18,3,27,1730,1,1,1,1.0,1.0,37225,M,4735563.0,90349.0,37
201800004985,18,4,27,1250,1,2,9,1.0,6.0,37027,M,4732743.0,99082.0,37
201800004986,18,5,30,1830,1,1,1,8.0,6.0,37253,M,4728677.0,99005.0,37
201800004987,18,6,3,1000,1,1,1,1.0,6.0,37008,M,4728826.0,90129.0,37
201800004988,18,6,23,110,3,1,1,1.0,3.0,37225,M,4735001.0,92591.0,37
201800004989,18,7,11,335,3,1,1,1.0,3.0,37027,M,4731784.0,98151.0,37
201800004990,18,11,10,2130,3,1,1,2.0,6.0,37079,M,4733668.0,100912.0,37
201800004991,18,11,28,2000,3,1,1,1.0,7.0,37141,M,4726794.0,105093.0,37
201800004992,18,12,1,1930,3,2,6,2.0,7.0,37079,M,4732204.0,103584.0,37
201800004993,18,12,14,1530,1,1,1,1.0,6.0,37075,M,4725905.0,94863.0,37
201800004994,18,3,21,1945,3,1,1,1.0,7.0,41136,M,4773298.0,149773.0,41
201800004995,18,4,14,215,3,1,1,1.0,6.0,41066,M,4767321.0,151070.0,41
201800004996,18,4,14,1640,1,2,6,1.0,2.0,41136,M,4770640.0,151951.0,41
201800004997,18,4,16,1630,1,1,1,1.0,1.0,41206,M,4763494.0,139694.0,41
201800004998,18,5,9,1630,1,1,1,1.0,6.0,41220,M,4767137.0,156700.0,41
201800004999,18,5,16,900,1,1,1,1.0,7.0,41220,M,4773206.0,165066.0,41
201800005000,18,5,22,1725,1,1,1,1.0,1.0,41039,M,4771033.0,143927.0,41
201800005001,18,7,3,2300,3,1,9,1.0,7.0,41071,M,4767847.0,162746.0,41
201800005002,18,8,22,855,1,1,1,1.0,7.0,41066,M,4768524.0,151816.0,41
201800005003,18,8,26,345,3,1,1,1.0,7.0,41207,M,4765319.0,147388.0,41
201800005004,18,9,15,100,3,1,1,1.0,6.0,41136,M,4768527.0,151813.0,41
201800005005,18,9,19,1620,1,1,3,7.0,3.0,41206,M,4762860.0,138328.0,41
201800005006,18,12,10,1045,1,1,1,1.0,5.0,41206,M,4762577.0,137717.0,41
201800005007,18,1,7,825,2,1,1,2.0,6.0,33097,M,4507166.0,-98933.0,33
201800005008,18,1,28,940,1,2,1,1.0,6.0,33214,M,4500603.0,-117499.0,33
201800005009,18,2,26,1010,1,2,1,1.0,6.0,33214,M,4498150.0,-108025.0,33
201800005010,18,3,3,2230,3,2,1,1.0,6.0,33097,M,4507397.0,-108374.0,33
201800005011,18,3,19,1530,1,1,1,2.0,7.0,33203,M,4518925.0,-99253.0,33
201800005012,18,3,28,1611,1,1,1,2.0,6.0,33333,M,4484752.0,-111081.0,33
201800005013,18,3,23,1815,2,1,1,1.0,6.0,33333,M,4484954.0,-110803.0,33
201800005014,18,5,6,225,3,1,1,1.0,6.0,33214,M,4500540.0,-109885.0,33
201800005015,18,5,12,2315,3,1,1,2.0,1.0,33214,M,4500541.0,-109875.0,33
201800005016,18,6,24,1810,1,1,1,1.0,2.0,33097,M,4507411.0,-108201.0,33
201800005017,18,8,13,1241,1,1,1,8.0,6.0,33214,M,4496500.0,-102603.0,33
201800005018,18,9,26,740,2,1,2,1.0,3.0,33203,M,4519955.0,-94454.0,33
201800005019,18,9,28,2100,3,1,1,1.0,7.0,33214,M,4497330.0,-104538.0,33
201800005020,18,10,19,10,5,2,1,1.0,6.0,33097,M,4507881.0,-104153.0,33
201800005021,18,10,31,1730,5,2,6,2.0,2.0,33214,M,4500182.0,-119637.0,33
201800005022,18,11,18,1610,1,2,2,1.0,7.0,33214,M,4500549.0,-119561.0,33
201800005023,18,11,18,1620,1,1,6,1.0,3.0,33214,M,4497651.0,-106144.0,33
201800005024,18,7,19,1400,1,2,3,1.0,1.0,29233,M,4786835.0,-354689.0,29
201800005025,18,7,26,1645,1,1,2,1.0,3.0,29297,M,4790838.0,-351916.0,29
201800005026,18,8,14,1930,1,2,1,1.0,6.0,29233,M,4787834.0,-356230.0,29
201800005027,18,9,8,1020,1,2,1,1.0,6.0,29233,M,4786509.0,-352680.0,29
201800005028,18,9,10,1915,2,1,2,1.0,3.0,29297,M,4790630.0,-352726.0,29
201800005029,18,9,15,320,3,1,1,1.0,6.0,29230,M,4796026.0,-352260.0,29
201800005030,18,9,16,1500,1,2,6,1.0,2.0,29233,M,4786803.0,-353756.0,29
201800005031,18,9,23,1920,2,2,3,1.0,7.0,29297,M,4793966.0,-350902.0,29
201800005032,18,10,5,1110,1,1,1,1.0,2.0,29234,M,4784069.0,-349547.0,29
201800005033,18,10,21,5,3,1,3,1.0,7.0,29297,M,4791890.0,-351649.0,29
201800005034,18,3,26,1005,1,1,1,1.0,3.0,13104,M,4334132.0,510529.0,13
201800005035,18,5,5,1430,1,1,1,1.0,3.0,13088,M,4337773.0,522562.0,13
201800005036,18,7,11,1137,1,2,5,1.0,3.0,13021,M,4333945.0,516370.0,13
201800005037,18,7,20,1350,1,1,1,1.0,6.0,13104,M,4333957.0,510464.0,13
201800005038,18,10,8,2054,3,2,9,9.0,6.0,13021,M,4332986.0,513533.0,13
201800005039,18,9,20,1200,1,2,1,1.0,6.0,13088,M,4336785.0,525009.0,13
201800005040,18,11,3,300,3,1,1,1.0,1.0,13088,M,4337913.0,522428.0,13
201800005041,18,12,11,1006,1,2,1,7.0,6.0,13021,M,4333095.0,515236.0,13
201800005042,18,5,17,1315,1,2,1,1.0,3.0,44020,M,4716000.0,-158893.0,44
201800005043,18,3,8,1150,1,2,1,1.0,3.0,33199,M,4463647.0,-110035.0,33
201800005044,18,3,24,1700,1,2,6,2.0,3.0,33527,M,4463558.0,-102308.0,33
201800005045,18,5,3,1740,1,2,1,1.0,6.0,33199,M,4464160.0,-106406.0,33
201800005046,18,5,23,1815,1,2,1,1.0,3.0,33199,M,4463875.0,-106821.0,33
201800005047,18,6,24,1520,1,2,1,1.0,6.0,33199,M,4463337.0,-106279.0,33
201800005048,18,6,25,230,3,1,1,1.0,2.0,33199,M,4461660.0,-110907.0,33
201800005049,18,7,12,1755,1,2,6,1.0,1.0,33527,M,4462014.0,-103508.0,33
201800005050,18,7,13,1520,1,2,3,1.0,3.0,33199,M,4463713.0,-109997.0,33
201800005051,18,7,13,1430,1,1,3,1.0,1.0,33199,M,4457760.0,-110165.0,33
201800005052,18,8,10,230,3,2,1,1.0,6.0,33199,M,4461747.0,-109802.0,33
201800005053,18,8,10,2130,3,1,1,1.0,6.0,33284,M,4454426.0,-99614.0,33
201800005054,18,8,22,1520,1,2,6,1.0,2.0,33199,M,4463577.0,-107282.0,33
201800005055,18,9,25,845,1,2,1,1.0,6.0,33527,M,4463575.0,-102285.0,33
201800005056,18,12,27,2240,5,2,1,1.0,6.0,33527,M,4462312.0,-104041.0,33
201800005057,18,1,8,2150,5,2,6,9.0,6.0,06155,M,4355153.0,705554.0,06
201800005058,18,2,3,425,5,2,1,1.0,6.0,06004,M,4357163.0,709775.0,06
201800005059,18,2,14,1534,1,2,1,1.0,1.0,06004,M,4360388.0,709777.0,06
201800005060,18,2,20,1130,1,2,1,1.0,6.0,06004,M,4356000.0,711000.0,06
201800005061,18,2,22,1724,1,2,1,1.0,6.0,06155,M,4356874.0,707430.0,06
201800005062,18,3,19,850,1,2,1,1.0,1.0,06004,M,4359405.0,711034.0,06
201800005063,18,3,28,131,5,2,2,1.0,6.0,06004,M,4361200.0,712400.0,06
201800005064,18,3,29,800,1,2,1,7.0,4.0,06004,M,4358002.0,711353.0,06
201800005065,18,4,5,1230,1,2,1,1.0,6.0,06155,M,4356872.0,707235.0,06
201800005066,18,4,22,1030,1,2,2,1.0,6.0,06004,M,4358610.0,711214.0,06
201800005067,18,4,24,1530,1,2,1,1.0,6.0,06004,M,4357915.0,712002.0,06
201800005068,18,4,24,2350,5,2,1,1.0,6.0,06004,M,4359690.0,708972.0,06
201800005069,18,5,11,1620,1,1,1,1.0,1.0,06004,M,4355291.0,712232.0,06
201800005070,18,5,18,810,1,2,1,1.0,4.0,06004,M,4360221.0,708064.0,06
201800005071,18,5,28,1805,1,2,1,1.0,2.0,06004,M,4359299.0,712061.0,06
201800005072,18,6,4,1200,1,2,1,1.0,3.0,06155,M,4359000.0,706000.0,06
201800005073,18,6,21,34,5,2,1,1.0,2.0,06155,M,4357492.0,705663.0,06
201800005074,18,6,29,1345,1,2,1,1.0,3.0,06004,M,4359884.0,712059.0,06
201800005075,18,7,5,1901,1,2,9,1.0,3.0,06004,M,4360863.0,712461.0,06
201800005076,18,7,7,2115,2,2,1,1.0,7.0,06155,M,4357240.0,706442.0,06
201800005077,18,7,10,1930,1,2,9,1.0,6.0,06004,M,4357600.0,712500.0,06
201800005078,18,7,15,2330,5,2,1,1.0,1.0,06004,M,4357000.0,709000.0,06
201800005079,18,8,2,25,5,2,1,1.0,7.0,06004,M,4361476.0,712777.0,06
201800005080,18,8,7,59,5,2,1,1.0,6.0,06004,M,4358663.0,707159.0,06
201800005081,18,8,6,523,5,2,1,1.0,6.0,06004,M,4357274.0,712867.0,06
201800005082,18,8,10,2327,5,2,9,1.0,3.0,06004,M,4358401.0,712475.0,06
201800005083,18,8,18,905,1,2,3,1.0,3.0,06004,M,4358692.0,712092.0,06
201800005084,18,9,8,545,5,2,1,1.0,3.0,06155,M,4357780.0,705768.0,06
201800005085,18,9,16,335,5,2,2,1.0,6.0,06004,M,4357243.0,710199.0,06
201800005086,18,9,13,1320,1,2,1,1.0,6.0,06004,M,4357106.0,711368.0,06
201800005087,18,9,19,1635,1,2,1,1.0,2.0,06004,M,4360200.0,708600.0,06
201800005088,18,9,22,1145,1,2,1,1.0,3.0,06004,M,4361603.0,712807.0,06
201800005089,18,10,3,1810,1,2,1,1.0,3.0,06155,M,4357420.0,705222.0,06
201800005090,18,10,6,1950,5,2,3,1.0,3.0,06004,M,4359740.0,712017.0,06
201800005091,18,10,26,1724,1,1,9,1.0,6.0,06155,M,4359151.0,705458.0,06
201800005092,18,10,30,2317,5,2,1,1.0,1.0,06155,M,4355632.0,706190.0,06
201800005093,18,11,9,805,1,2,1,2.0,5.0,06004,M,4361489.0,711946.0,06
201800005094,18,11,14,1913,5,2,1,1.0,3.0,06155,M,4357303.0,708587.0,06
201800005095,18,12,2,1117,1,2,1,1.0,3.0,06155,M,4355744.0,706252.0,06
201800005096,18,12,8,905,1,2,1,1.0,6.0,06004,M,4358693.0,711112.0,06
201800005097,18,12,9,506,5,2,1,1.0,6.0,06004,M,4357292.0,712464.0,06
201800005098,18,12,30,755,2,2,2,1.0,3.0,06004,M,4359217.0,710349.0,06
201800005099,18,1,5,2205,5,2,1,1.0,3.0,06123,M,4366655.0,719190.0,06
201800005100,18,1,15,1000,1,2,3,1.0,3.0,06027,M,4365683.0,714580.0,06
201800005101,18,1,16,1900,2,2,3,1.0,3.0,06027,M,4365838.0,714135.0,06
201800005102,18,1,19,1730,2,1,1,1.0,1.0,06123,M,4371333.0,717025.0,06
201800005103,18,2,2,1550,1,2,9,1.0,3.0,06123,M,4367580.0,719076.0,06
201800005104,18,2,7,1215,1,2,9,1.0,3.0,06027,M,4366062.0,716081.0,06
201800005105,18,2,13,1343,1,2,9,8.0,3.0,06027,M,4366276.0,715496.0,06
201800005106,18,2,15,1520,1,2,3,1.0,6.0,06123,M,4365999.0,718789.0,06
201800005107,18,2,16,1950,5,2,1,1.0,2.0,06027,M,4366484.0,715442.0,06
201800005108,18,2,18,1540,1,2,1,1.0,3.0,06027,M,4365248.0,715171.0,06
201800005109,18,2,20,2253,5,2,9,1.0,2.0,06123,M,4366036.0,718184.0,06
201800005110,18,2,22,1715,1,2,3,1.0,3.0,06123,M,4367745.0,718862.0,06
201800005111,18,2,23,1428,1,2,1,1.0,3.0,06027,M,4365580.0,716190.0,06
201800005112,18,3,16,900,1,2,1,1.0,2.0,06027,M,4365273.0,715503.0,06
201800005113,18,3,16,1510,1,2,1,1.0,6.0,06123,M,4365700.0,718400.0,06
201800005114,18,3,16,1215,1,2,1,1.0,3.0,06027,M,4366514.0,715346.0,06
201800005115,18,3,20,435,5,2,1,1.0,3.0,06123,M,4366000.0,718100.0,06
201800005116,18,3,22,840,1,2,1,1.0,3.0,06027,M,4366828.0,714915.0,06
201800005117,18,3,23,2000,5,2,1,1.0,2.0,06123,M,4365678.0,717962.0,06
201800005118,18,3,26,903,1,2,2,1.0,3.0,06027,M,4365692.0,716488.0,06
201800005119,18,4,6,1815,2,2,2,1.0,6.0,06123,M,4367420.0,718940.0,06
201800005120,18,4,19,1140,1,2,9,7.0,6.0,06123,M,4366149.0,719353.0,06
201800005121,18,4,20,1910,1,2,1,1.0,5.0,06027,M,4365679.0,715101.0,06
201800005122,18,4,23,1550,1,2,1,1.0,6.0,06123,M,4367578.0,719221.0,06
201800005123,18,4,27,2150,5,2,1,1.0,3.0,06027,M,4365585.0,715390.0,06
201800005124,18,4,28,1750,1,2,1,1.0,5.0,06027,M,4365602.0,715441.0,06
201800005125,18,5,4,1725,1,2,2,1.0,3.0,06027,M,4365963.0,716969.0,06
201800005126,18,5,8,735,1,2,2,7.0,3.0,06123,M,4365689.0,718092.0,06
201800005127,18,5,8,1545,1,2,2,8.0,3.0,06123,M,4366437.0,719358.0,06
201800005128,18,5,14,820,1,2,1,2.0,2.0,06027,M,4365496.0,715955.0,06
201800005129,18,5,17,1500,1,2,3,1.0,6.0,06123,M,4370326.0,718454.0,06
201800005130,18,5,20,1410,1,2,9,1.0,3.0,06027,M,4366067.0,714861.0,06
201800005131,18,5,23,1706,1,2,1,1.0,3.0,06123,M,4368374.0,718835.0,06
201800005132,18,6,5,1450,1,2,1,1.0,6.0,06027,M,4965945.0,715070.0,06
201800005133,18,6,7,1200,1,2,1,1.0,2.0,06027,M,4365740.0,715809.0,06
201800005134,18,6,7,1600,1,2,1,1.0,3.0,06027,M,4365661.0,717805.0,06
201800005135,18,6,8,1900,1,2,1,1.0,1.0,06123,M,4367883.0,718862.0,06
201800005136,18,6,8,820,1,2,1,1.0,3.0,06027,M,4365757.0,715864.0,06
201800005137,18,6,14,835,1,2,1,1.0,6.0,06027,M,4366780.0,713821.0,06
201800005138,18,6,21,845,1,2,1,1.0,6.0,06027,M,4366000.0,712000.0,06
201800005139,18,6,22,140,5,2,1,1.0,3.0,06123,M,4366457.0,719373.0,06
201800005140,18,7,2,1420,1,2,4,1.0,1.0,06027,M,4365895.0,714618.0,06
201800005141,18,7,5,1830,1,2,1,1.0,2.0,06123,M,4367529.0,718872.0,06
201800005142,18,7,11,1115,1,2,1,1.0,2.0,06027,M,4366318.0,715476.0,06
201800005143,18,7,13,920,1,2,9,1.0,2.0,06123,M,4365655.0,717854.0,06
201800005144,18,7,16,1845,1,2,1,2.0,4.0,06027,M,4365581.0,715369.0,06
201800005145,18,7,23,1940,1,2,1,1.0,2.0,06027,M,4365000.0,714000.0,06
201800005146,18,7,26,1210,1,2,9,1.0,1.0,06027,M,4365960.0,716959.0,06
201800005147,18,7,31,1525,1,2,9,1.0,3.0,06123,M,4366667.0,718333.0,06
201800005148,18,8,3,2145,5,2,1,1.0,6.0,06027,M,4340050.0,709060.0,06
201800005149,18,8,6,835,1,2,9,1.0,3.0,06027,M,4365664.0,717405.0,06
201800005150,18,8,8,1915,1,2,1,1.0,6.0,06027,M,4367063.0,712485.0,06
201800005151,18,8,14,1800,1,2,2,2.0,3.0,06027,M,4365573.0,714822.0,06
201800005152,18,8,24,2010,1,2,1,1.0,3.0,06027,M,4365661.0,717545.0,06
201800005153,18,8,25,1250,1,2,1,1.0,3.0,06123,M,4366000.0,719000.0,06
201800005154,18,8,27,1230,1,2,1,1.0,1.0,06123,M,4369113.0,717896.0,06
201800005155,18,8,25,1340,1,2,1,1.0,3.0,06027,M,4366010.0,713073.0,06
201800005156,18,8,30,525,5,2,9,1.0,3.0,06123,M,4365658.0,717883.0,06
201800005157,18,8,30,915,1,2,1,1.0,6.0,06123,M,4367500.0,718892.0,06
201800005158,18,9,1,10,5,2,1,1.0,1.0,06027,M,4368273.0,716020.0,06
201800005159,18,9,3,900,1,2,9,1.0,6.0,06027,M,4365650.0,715569.0,06
201800005160,18,9,6,1730,1,2,9,2.0,2.0,06027,M,4365756.0,715834.0,06
201800005161,18,9,10,750,1,2,1,1.0,1.0,06123,M,4367935.0,718810.0,06
201800005162,18,9,11,1015,1,2,9,1.0,6.0,06027,M,4366404.0,715033.0,06
201800005163,18,9,12,1145,1,2,1,1.0,3.0,06123,M,4369804.0,718175.0,06
201800005164,18,9,17,1305,1,2,1,1.0,3.0,06027,M,4365956.0,716072.0,06
201800005165,18,9,21,1106,1,2,1,1.0,6.0,06123,M,4365953.0,719520.0,06
201800005166,18,9,24,840,1,2,1,1.0,4.0,06123,M,4366734.0,718607.0,06
201800005167,18,9,24,1730,1,2,1,1.0,6.0,06123,M,4366176.0,719381.0,06
201800005168,18,9,26,1252,1,2,4,1.0,6.0,06123,M,4682820.0,718643.0,06
201800005169,18,9,28,1615,1,2,9,1.0,2.0,06027,M,4366000.0,713400.0,06
201800005170,18,10,9,1810,1,2,9,1.0,2.0,06123,M,4365800.0,718900.0,06
201800005171,18,10,11,1015,1,2,9,2.0,6.0,06123,M,4371424.0,717294.0,06
201800005172,18,10,16,1620,1,2,9,2.0,4.0,06027,M,4365835.0,714819.0,06
201800005173,18,10,27,200,5,2,1,2.0,3.0,06027,M,4365100.0,715300.0,06
201800005174,18,10,31,608,5,2,9,2.0,3.0,06123,M,4367070.0,719084.0,06
201800005175,18,11,1,1,5,2,2,3.0,3.0,06027,M,4366450.0,717160.0,06
201800005176,18,11,2,2100,5,2,1,1.0,3.0,06027,M,4365842.0,716954.0,06
201800005177,18,11,12,1530,1,2,1,8.0,3.0,06123,M,4368732.0,718691.0,06
201800005178,18,11,22,1800,5,2,1,1.0,3.0,06027,M,4366133.0,712829.0,06
201800005179,18,11,23,745,1,2,1,2.0,1.0,06027,M,4368304.0,716448.0,06
201800005180,18,11,24,1145,1,2,1,1.0,6.0,06027,M,4366044.0,717562.0,06
201800005181,18,11,28,945,1,2,1,1.0,2.0,06027,M,4365585.0,716175.0,06
201800005182,18,11,30,836,2,2,1,8.0,5.0,06027,M,4366915.0,713549.0,06