Num_Acc,an,mois,jour,hrmn,lum,agg,int,atm,col,com,gps,lat,long,dep
201800005183,18,12,2,1935,5,2,1,1.0,6.0,06123,M,4366200.0,719700.0,06
201800005184,18,12,4,1900,5,2,1,1.0,1.0,06123,M,4366189.0,718139.0,06
201800005185,18,12,5,930,1,2,1,1.0,3.0,06123,M,4369923.0,718144.0,06
201800005186,18,12,11,920,1,2,9,1.0,3.0,06027,M,4366016.0,715561.0,06
201800005187,18,12,12,1850,5,2,3,1.0,6.0,06027,M,4366020.0,717310.0,06
201800005188,18,12,27,855,1,2,9,1.0,6.0,06027,M,4366318.0,714803.0,06
201800005189,18,12,28,1155,1,2,1,1.0,3.0,06027,M,4366783.0,712216.0,06
201800005190,18,1,1,1900,2,2,1,1.0,7.0,06029,M,4356398.0,700369.0,06
201800005191,18,1,9,1612,1,2,1,1.0,2.0,06029,M,4355076.0,700123.0,06
201800005192,18,1,20,1400,1,2,1,1.0,6.0,06030,M,4356730.0,693165.0,06
201800005193,18,1,23,818,1,2,1,1.0,6.0,06030,M,4357459.0,700605.0,06
201800005194,18,1,25,1304,1,2,1,1.0,6.0,06029,M,4356274.0,701750.0,06
201800005195,18,1,25,1941,5,2,1,1.0,3.0,06029,M,4354999.0,696227.0,06
201800005196,18,2,2,1309,1,2,1,1.0,7.0,06030,M,4355290.0,701750.0,06
201800005197,18,2,5,800,1,2,1,1.0,6.0,06030,M,4357459.0,695640.0,06
201800005198,18,2,9,1429,1,2,1,1.0,3.0,06029,M,4355000.0,703000.0,06
201800005199,18,2,11,1925,5,2,1,1.0,3.0,06029,M,4355000.0,697000.0,06
201800005200,18,2,16,1635,1,2,1,1.0,6.0,06030,M,4356715.0,698453.0,06
201800005201,18,2,16,1030,1,2,1,1.0,2.0,06029,M,4357619.0,701215.0,06
201800005202,18,2,17,1044,1,2,1,1.0,6.0,06030,M,4357165.0,700166.0,06
201800005203,18,3,2,1632,1,2,1,1.0,6.0,06029,M,4355418.0,701934.0,06
201800005204,18,3,4,1911,5,2,1,2.0,6.0,06029,M,4355418.0,701934.0,06
201800005205,18,3,5,1145,1,2,1,1.0,6.0,06029,M,4355416.0,697305.0,06
201800005206,18,3,7,1510,1,2,1,1.0,3.0,06029,M,4354916.0,699166.0,06
201800005207,18,3,12,2020,5,2,1,1.0,6.0,06029,M,4354166.0,696166.0,06
201800005208,18,3,17,1730,2,2,1,1.0,3.0,06030,M,4357459.0,700605.0,06
201800005209,18,3,21,1425,1,2,1,1.0,1.0,06029,M,4355640.0,700700.0,06
201800005210,18,3,29,1530,1,2,1,1.0,6.0,06029,M,4356680.0,696556.0,06
201800005211,18,3,29,2151,5,2,1,1.0,3.0,06029,M,4355401.0,702281.0,06
201800005212,18,4,3,1743,1,2,1,1.0,2.0,06029,M,4356729.0,698153.0,06
201800005213,18,3,31,1555,1,2,1,1.0,6.0,06029,M,4354787.0,701173.0,06
201800005214,18,4,7,2300,5,2,1,1.0,2.0,06029,M,4354923.0,699403.0,06
201800005215,18,4,11,1423,1,2,1,3.0,2.0,06029,M,4333150.0,700210.0,06
201800005216,18,4,12,1344,1,2,1,3.0,6.0,06029,M,4354951.0,697805.0,06
201800005217,18,4,19,2025,1,2,1,1.0,6.0,06030,M,4334160.0,701000.0,06
201800005218,18,4,22,2018,1,2,1,1.0,3.0,06029,M,4333040.0,700140.0,06
201800005219,18,4,25,1119,1,2,1,1.0,6.0,06029,M,4355000.0,696583.0,06
201800005220,18,4,27,1935,1,2,1,1.0,1.0,06029,M,4355556.0,697090.0,06
201800005221,18,4,29,1301,1,2,1,1.0,2.0,06029,M,4355014.0,696065.0,06
201800005222,18,4,30,930,1,2,1,1.0,3.0,06030,M,4357391.0,700604.0,06
201800005223,18,5,3,1420,1,2,1,1.0,4.0,06029,M,4333030.0,701450.0,06
201800005224,18,5,8,1650,1,2,1,1.0,3.0,06029,M,4355434.0,697264.0,06
201800005225,18,5,11,1120,1,2,1,1.0,2.0,06030,M,4356730.0,696763.0,06
201800005226,18,5,11,1200,1,2,1,7.0,4.0,06029,M,4355860.0,696837.0,06
201800005227,18,5,11,1412,1,2,1,1.0,3.0,06029,M,4356247.0,700181.0,06
201800005228,18,5,12,2340,5,2,1,1.0,5.0,06029,M,4355068.0,699714.0,06
201800005229,18,5,14,1839,1,2,1,2.0,3.0,06029,M,4355173.0,701664.0,06
201800005230,18,5,14,2000,1,2,1,1.0,7.0,06029,M,4357338.0,701327.0,06
201800005231,18,5,16,1800,1,2,9,2.0,1.0,06030,M,4356352.0,696543.0,06
201800005232,18,5,17,1847,1,2,1,1.0,3.0,06030,M,4357457.0,700607.0,06
201800005233,18,5,19,815,1,2,1,1.0,2.0,06029,M,4354641.0,703935.0,06
201800005234,18,5,19,835,1,2,1,1.0,6.0,06029,M,4355071.0,702736.0,06
201800005235,18,5,21,2240,5,2,1,2.0,1.0,06029,M,4333410.0,700180.0,06
201800005236,18,5,24,810,1,2,3,1.0,3.0,06029,M,4355208.0,697752.0,06
201800005237,18,5,26,1645,1,2,9,1.0,1.0,06030,M,4356564.0,701651.0,06
201800005238,18,5,29,1113,1,2,9,1.0,2.0,06030,M,4356737.0,696794.0,06
201800005239,18,6,1,1300,1,2,1,1.0,6.0,06030,M,4356708.0,701550.0,06
201800005240,18,6,2,1505,1,2,1,1.0,3.0,06029,M,4354635.0,704074.0,06
201800005241,18,6,4,1106,1,2,7,1.0,6.0,06030,M,4357551.0,702200.0,06
201800005242,18,6,6,1608,1,2,1,2.0,3.0,06030,M,4357898.0,701471.0,06
201800005243,18,6,6,1715,1,2,1,3.0,3.0,06029,M,4355073.0,703015.0,06
201800005244,18,6,8,1808,1,2,1,1.0,3.0,06029,M,4356876.0,696135.0,06
201800005245,18,6,8,1949,1,2,1,1.0,1.0,06030,M,4356775.0,701406.0,06
201800005246,18,6,9,1225,1,2,1,1.0,3.0,06029,M,4355228.0,700599.0,06
201800005247,18,6,12,730,1,2,3,1.0,3.0,06029,M,4355924.0,696821.0,06
201800005248,18,6,13,820,1,2,1,1.0,3.0,06029,M,4355143.0,701646.0,06
201800005249,18,6,13,1045,1,2,1,1.0,2.0,06029,M,4355134.0,696229.0,06
201800005250,18,6,15,1350,1,2,1,1.0,2.0,06029,M,4354329.0,695981.0,06
201800005251,18,6,15,1545,1,2,1,1.0,3.0,06029,M,4354403.0,696058.0,06
201800005252,18,6,16,1100,1,2,1,1.0,3.0,06029,M,4353660.0,695366.0,06
201800005253,18,6,16,1430,1,2,1,1.0,2.0,06029,M,4355093.0,699608.0,06
201800005254,18,6,18,2236,5,2,1,1.0,6.0,06030,M,4334030.0,701170.0,06
201800005255,18,6,19,1902,1,2,9,1.0,6.0,06029,M,4355090.0,701236.0,06
201800005256,18,6,25,815,1,2,1,1.0,2.0,06030,M,4356839.0,702456.0,06
201800005257,18,6,26,1725,1,2,1,1.0,3.0,06030,M,4356980.0,699527.0,06
201800005258,18,6,27,910,1,2,1,1.0,6.0,06030,M,4357259.0,700066.0,06
201800005259,18,7,9,1120,1,2,1,1.0,6.0,06030,M,4356946.0,701064.0,06
201800005260,18,7,10,1515,1,2,1,1.0,3.0,06029,M,4355605.0,696776.0,06
201800005261,18,7,11,830,1,2,4,1.0,6.0,06030,M,4357027.0,701624.0,06
201800005262,18,7,11,802,1,2,2,1.0,6.0,06030,M,4356565.0,701653.0,06
201800005263,18,7,17,1905,1,2,1,1.0,3.0,06029,M,4354902.0,705512.0,06
201800005264,18,7,23,1355,1,2,1,1.0,3.0,06029,M,4356877.0,695583.0,06
201800005265,18,7,25,1130,1,2,1,1.0,2.0,06029,M,4354207.0,696190.0,06
201800005266,18,7,26,1715,1,2,3,1.0,3.0,06029,M,4355099.0,701919.0,06
201800005267,18,7,27,1610,1,2,1,1.0,4.0,06030,M,4358080.0,700917.0,06
201800005268,18,7,28,1230,1,2,1,1.0,3.0,06029,M,4355406.0,701670.0,06
201800005269,18,7,29,521,5,2,1,1.0,1.0,06029,M,4354904.0,701129.0,06
201800005270,18,8,3,1140,1,2,1,1.0,1.0,06030,M,4355409.0,701631.0,06
201800005271,18,8,6,1158,1,2,1,1.0,6.0,06030,M,4357081.0,701395.0,06
201800005272,18,8,7,1140,1,2,1,1.0,3.0,06029,M,4354887.0,697750.0,06
201800005273,18,8,7,1750,1,2,1,1.0,3.0,06029,M,4355236.0,702908.0,06
201800005274,18,8,8,1810,1,2,3,1.0,3.0,06029,M,4354790.0,697230.0,06
201800005275,18,8,9,1755,1,1,1,2.0,6.0,06030,M,4357467.0,698599.0,06
201800005276,18,8,10,1920,1,2,1,7.0,3.0,06029,M,4355003.0,696232.0,06
201800005277,18,8,14,1000,1,2,1,1.0,3.0,06029,M,4355421.0,702346.0,06
201800005278,18,8,14,1440,1,1,1,1.0,1.0,06030,M,4356791.0,698457.0,06
201800005279,18,8,17,1120,1,2,9,1.0,6.0,06029,M,4355143.0,701805.0,06
201800005280,18,8,18,1210,1,2,1,1.0,6.0,06029,M,4355770.0,697353.0,06
201800005281,18,8,18,1504,1,2,1,1.0,6.0,06029,M,4353858.0,695635.0,06
201800005282,18,8,29,1058,1,2,1,1.0,6.0,06030,M,4357115.0,701962.0,06
201800005283,18,9,1,905,1,2,4,1.0,6.0,06030,M,4356890.0,701640.0,06
201800005284,18,9,4,1545,1,2,1,1.0,3.0,06029,M,4355953.0,703247.0,06
201800005285,18,9,10,825,1,2,1,1.0,6.0,06029,M,4355412.0,702852.0,06
201800005286,18,9,16,800,1,2,1,1.0,2.0,06029,M,4355252.0,702004.0,06
201800005287,18,9,17,1715,1,2,1,1.0,6.0,06029,M,4356417.0,701655.0,06
201800005288,18,9,20,1600,1,2,1,1.0,6.0,06030,M,4356703.0,698617.0,06
201800005289,18,9,25,1500,1,2,1,1.0,2.0,06029,M,4355362.0,702759.0,06
201800005290,18,9,26,1320,1,2,1,1.0,1.0,06029,M,4332570.0,700080.0,06
201800005291,18,9,28,1630,1,2,1,1.0,2.0,06029,M,,,06
201800005292,18,9,30,1930,5,2,7,1.0,3.0,06029,M,4355394.0,701704.0,06
201800005293,18,10,7,900,1,2,1,2.0,6.0,06030,M,4356893.0,700556.0,06
201800005294,18,10,9,2000,5,2,2,1.0,1.0,06030,M,4356565.0,701655.0,06
201800005295,18,10,12,1540,1,2,9,1.0,6.0,06029,M,4355315.0,702752.0,06
201800005296,18,10,9,2105,5,2,1,1.0,1.0,06029,M,4356090.0,702025.0,06
201800005297,18,10,18,830,1,2,1,1.0,2.0,06030,M,4357034.0,701927.0,06
201800005298,18,10,18,1610,1,2,9,1.0,6.0,06030,M,4357832.0,701847.0,06
201800005299,18,10,22,1400,1,2,2,1.0,3.0,06030,M,4357647.0,699841.0,06
201800005300,18,10,24,1613,1,2,1,1.0,6.0,06030,M,4357529.0,699702.0,06
201800005301,18,10,30,1200,1,2,2,1.0,3.0,06030,M,4356740.0,701683.0,06
201800005302,18,11,1,1715,2,2,1,2.0,6.0,06029,M,4355113.0,702443.0,06
201800005303,18,11,2,1245,1,1,1,1.0,5.0,06030,M,4356632.0,696489.0,06
201800005304,18,11,3,1534,1,2,1,1.0,6.0,06030,M,4356750.0,699666.0,06
201800005305,18,11,14,1745,5,2,1,1.0,6.0,06029,M,4356908.0,696116.0,06
201800005306,18,11,18,940,1,2,1,1.0,2.0,06029,M,4355031.0,702269.0,06
201800005307,18,11,21,1910,5,2,9,2.0,6.0,06029,M,4355398.0,701686.0,06
201800005308,18,11,23,1930,5,2,3,1.0,3.0,06029,M,4356820.0,696690.0,06
201800005309,18,11,24,1600,1,2,1,1.0,2.0,06029,M,4353905.0,703613.0,06
201800005310,18,12,1,1615,1,2,1,1.0,6.0,06030,M,4356943.0,699468.0,06
201800005311,18,12,3,1600,1,2,1,1.0,3.0,06030,M,4331000.0,701000.0,06
201800005312,18,12,11,1747,5,2,1,2.0,6.0,06029,M,4355034.0,695979.0,06
201800005313,18,12,11,1810,4,2,1,2.0,3.0,06029,M,4356084.0,700496.0,06
201800005314,18,12,13,1240,1,2,1,1.0,6.0,06029,M,4354958.0,697365.0,06
201800005315,18,12,14,1905,5,2,1,1.0,6.0,06029,M,4356700.0,696800.0,06
201800005316,18,12,16,1900,3,2,1,1.0,6.0,06029,M,4355392.0,702495.0,06
201800005317,18,12,17,1030,1,2,1,1.0,6.0,06029,M,4333000.0,701410.0,06
201800005318,18,12,17,1130,1,1,1,1.0,4.0,06030,M,4357888.0,699361.0,06
201800005319,18,1,3,1455,1,2,1,1.0,6.0,06069,M,4363533.0,695151.0,06
201800005320,18,1,4,1500,1,2,1,1.0,6.0,06069,M,4366100.0,692200.0,06
201800005321,18,1,6,1145,1,2,1,2.0,7.0,06069,M,4365090.0,692207.0,06
201800005322,18,1,7,1030,1,2,1,1.0,5.0,06069,M,4365267.0,694676.0,06
201800005323,18,1,8,750,1,2,1,1.0,6.0,06069,M,4364397.0,695497.0,06
201800005324,18,1,9,1355,1,2,1,2.0,7.0,06069,M,4364227.0,696630.0,06
201800005325,18,1,9,1605,1,1,1,2.0,7.0,06069,M,4361992.0,692526.0,06
201800005326,18,1,9,2000,5,2,1,8.0,6.0,06069,M,4364000.0,697000.0,06
201800005327,18,1,10,1130,1,2,6,1.0,3.0,06069,M,4364976.0,693167.0,06
201800005328,18,1,16,1830,5,2,1,1.0,6.0,06069,M,4365863.0,692585.0,06
201800005329,18,1,17,750,2,1,1,6.0,6.0,06069,M,4365202.0,696084.0,06
201800005330,18,1,19,850,1,2,1,1.0,6.0,06069,M,4364940.0,691751.0,06
201800005331,18,1,18,1330,1,2,3,1.0,3.0,06069,M,4363629.0,693338.0,06
201800005332,18,2,1,845,1,2,1,1.0,2.0,06069,M,4365000.0,692000.0,06
201800005333,18,2,2,1505,1,2,1,1.0,6.0,06069,M,4364019.0,691269.0,06
201800005334,18,2,5,715,2,2,1,4.0,7.0,06069,M,4369800.0,690300.0,06
201800005335,18,2,8,1710,1,2,1,1.0,1.0,06069,M,4364419.0,689854.0,06
201800005336,18,2,8,2100,5,2,1,1.0,6.0,06069,M,4364966.0,692134.0,06
201800005337,18,2,12,1735,2,2,1,3.0,6.0,06069,M,4364846.0,696465.0,06
201800005338,18,2,13,645,5,2,1,1.0,6.0,06069,M,4364048.0,694808.0,06
201800005339,18,2,15,1335,1,2,1,1.0,2.0,06069,M,4364700.0,692600.0,06
201800005340,18,2,16,1435,1,2,1,1.0,2.0,06069,M,4365100.0,694600.0,06
201800005341,18,2,18,300,5,2,1,1.0,7.0,06069,M,4364759.0,693620.0,06
201800005342,18,2,18,1220,1,2,1,1.0,3.0,06069,M,4363900.0,695900.0,06
201800005343,18,2,19,923,1,2,1,1.0,7.0,06069,M,4366197.0,692919.0,06
201800005344,18,2,23,1930,5,2,1,1.0,6.0,06069,M,4366232.0,692367.0,06
201800005345,18,2,25,1605,1,1,1,3.0,6.0,06069,M,4366416.0,690554.0,06
201800005346,18,2,26,1118,1,2,1,4.0,2.0,06069,M,4364700.0,691800.0,06
201800005347,18,2,28,1225,1,2,1,4.0,6.0,06069,M,4362479.0,692743.0,06
201800005348,18,3,2,1509,1,2,1,1.0,2.0,06069,M,4365483.0,693861.0,06
201800005349,18,3,2,2315,5,2,1,1.0,6.0,06069,M,4366563.0,693510.0,06
201800005350,18,3,3,1620,1,2,1,1.0,7.0,06069,M,4363370.0,691251.0,06
201800005351,18,3,4,1020,1,2,1,8.0,2.0,06069,M,4365100.0,692200.0,06
201800005352,18,3,15,2000,2,2,1,1.0,2.0,06069,M,4364907.0,693176.0,06
201800005353,18,3,19,1920,5,1,1,1.0,1.0,06069,M,4364300.0,690200.0,06
201800005354,18,3,21,2000,5,1,1,1.0,3.0,06069,M,4362000.0,693000.0,06
201800005355,18,3,22,900,1,2,1,1.0,6.0,06069,M,4363944.0,694942.0,06
201800005356,18,3,26,1215,1,2,1,1.0,3.0,06069,M,4362000.0,694000.0,06
201800005357,18,3,27,1823,1,2,1,1.0,6.0,06069,M,4365434.0,691369.0,06
201800005358,18,3,28,1640,1,2,6,1.0,2.0,06069,M,4363904.0,697572.0,06
201800005359,18,3,30,2000,3,2,1,1.0,2.0,06069,M,4363526.0,695167.0,06
201800005360,18,4,4,1317,1,1,1,2.0,6.0,06069,M,4366600.0,690231.0,06
201800005361,18,4,7,415,5,2,6,1.0,6.0,06069,M,4364284.0,694817.0,06
201800005362,18,4,7,1600,1,2,1,1.0,2.0,06069,M,4365072.0,692209.0,06
201800005363,18,4,10,15,5,2,3,1.0,3.0,06069,M,4362464.0,696506.0,06
201800005364,18,4,13,1105,1,2,1,1.0,2.0,06069,M,4364040.0,691823.0,06
201800005365,18,4,14,500,4,2,9,1.0,1.0,06069,M,4363333.0,693333.0,06
201800005366,18,4,15,100,5,1,1,1.0,6.0,06069,M,4366237.0,693547.0,06
201800005367,18,4,16,930,1,2,1,1.0,7.0,06069,M,4363420.0,693938.0,06
201800005368,18,4,16,1200,1,1,1,1.0,7.0,06069,M,4366700.0,693700.0,06
201800005369,18,4,19,1315,1,2,1,1.0,2.0,06069,M,4363000.0,696000.0,06
201800005370,18,4,20,1440,1,2,9,1.0,3.0,06069,M,4365000.0,692000.0,06
201800005371,18,4,24,1310,1,2,1,8.0,2.0,06069,M,4363871.0,697319.0,06
201800005372,18,4,24,1440,1,2,1,8.0,1.0,06069,M,4364550.0,690205.0,06
201800005373,18,4,28,1215,1,2,3,1.0,3.0,06069,M,4365234.0,695155.0,06
201800005374,18,5,1,1230,1,2,1,8.0,7.0,06069,M,4364168.0,693628.0,06
201800005375,18,5,2,1330,1,2,4,1.0,3.0,06069,M,4364094.0,691052.0,06
201800005376,18,5,4,845,1,2,1,2.0,7.0,06069,M,4363421.0,695175.0,06
201800005377,18,5,4,1005,1,2,1,1.0,6.0,06069,M,4363377.0,695737.0,06
201800005378,18,5,4,1710,1,2,1,8.0,3.0,06069,M,4364512.0,691434.0,06
201800005379,18,5,10,1810,1,2,1,2.0,2.0,06069,M,4364420.0,689937.0,06
201800005380,18,5,12,1025,1,2,1,8.0,5.0,06069,M,4364859.0,692572.0,06
201800005381,18,5,12,1120,1,2,6,1.0,2.0,06069,M,4365511.0,693922.0,06
201800005382,18,5,13,1000,1,1,1,1.0,3.0,06069,M,4366411.0,690589.0,06
201800005383,18,5,12,2030,1,2,9,1.0,6.0,06069,M,4365722.0,692222.0,06
201800005384,18,5,14,1530,1,2,1,2.0,6.0,06069,M,4362284.0,692529.0,06
201800005385,18,5,16,1300,1,2,1,1.0,7.0,06069,M,4367422.0,694456.0,06
201800005386,18,5,21,1955,1,2,1,1.0,5.0,06069,M,4362833.0,696277.0,06
201800005387,18,5,22,1135,1,2,1,2.0,2.0,06069,M,4364887.0,693408.0,06
201800005388,18,5,23,1445,1,2,1,2.0,6.0,06069,M,4365313.0,691823.0,06
201800005389,18,5,25,830,1,2,1,1.0,3.0,06069,M,4364801.0,692725.0,06
201800005390,18,5,26,1405,1,2,3,1.0,3.0,06069,M,4364458.0,695419.0,06
201800005391,18,5,27,1715,1,2,1,1.0,6.0,06069,M,4366218.0,691862.0,06
201800005392,18,5,28,1740,1,2,1,8.0,2.0,06069,M,4365403.0,691888.0,06
201800005393,18,5,30,45,5,2,1,1.0,2.0,06069,M,4364347.0,690286.0,06
201800005394,18,5,30,1000,1,2,1,8.0,3.0,06069,M,4367992.0,695147.0,06
201800005395,18,5,30,1430,1,2,1,1.0,3.0,06069,M,4365430.0,694330.0,06
201800005396,18,5,30,1930,1,2,1,1.0,6.0,06069,M,4365306.0,692490.0,06
201800005397,18,6,1,1540,1,2,1,1.0,2.0,06069,M,4363961.0,697656.0,06
201800005398,18,6,2,1400,1,2,1,1.0,2.0,06069,M,4364000.0,690000.0,06
201800005399,18,2,4,1225,1,2,3,3.0,7.0,06069,M,4366137.0,693221.0,06
201800005400,18,6,4,1800,1,2,1,1.0,2.0,06069,M,4364251.0,694646.0,06
201800005401,18,6,5,1505,1,2,1,1.0,4.0,06069,M,4364600.0,693920.0,06
201800005402,18,6,6,1519,1,2,1,3.0,6.0,06069,M,4366324.0,694021.0,06
201800005403,18,6,7,1654,1,2,4,8.0,1.0,06069,M,4363933.0,694943.0,06
201800005404,18,6,9,1730,1,2,1,1.0,6.0,06069,M,4365751.0,692202.0,06
201800005405,18,6,12,1700,1,2,6,2.0,7.0,06069,M,4365243.0,694543.0,06
201800005406,18,6,15,1315,1,2,6,1.0,3.0,06069,M,4365080.0,692214.0,06
201800005407,18,6,15,1955,1,2,1,1.0,2.0,06069,M,4365020.0,692265.0,06
201800005408,18,6,17,730,1,1,1,1.0,6.0,06069,M,4363939.0,693638.0,06
201800005409,18,6,17,1620,1,2,1,1.0,2.0,06069,M,4367023.0,690941.0,06
201800005410,18,6,19,1350,1,2,1,1.0,3.0,06069,M,4365503.0,692223.0,06
201800005411,18,6,20,1630,1,2,9,1.0,1.0,06069,M,4364221.0,693166.0,06
201800005412,18,6,21,815,1,2,1,1.0,1.0,06069,M,4663603.0,695670.0,06
201800005413,18,6,24,1545,1,2,1,3.0,6.0,06069,M,4365994.0,692192.0,06
201800005414,18,6,25,1540,1,2,1,1.0,6.0,06069,M,4366070.0,690218.0,06
201800005415,18,6,28,805,1,2,9,9.0,6.0,06069,M,4365900.0,692600.0,06
201800005416,18,6,28,1600,1,2,9,1.0,3.0,06069,M,4364247.0,694225.0,06
201800005417,18,6,30,1750,1,2,1,1.0,2.0,06069,M,4364442.0,694333.0,06
201800005418,18,7,5,1000,1,1,1,1.0,6.0,06069,M,4367111.0,691141.0,06
201800005419,18,7,5,2115,1,2,1,1.0,6.0,06069,M,4365795.0,693426.0,06
201800005420,18,7,5,2115,1,2,1,1.0,6.0,06069,M,4363854.0,695006.0,06
201800005421,18,7,6,1520,1,2,1,1.0,3.0,06069,M,4364031.0,694825.0,06
201800005422,18,7,6,2333,5,2,1,1.0,6.0,06069,M,4365333.0,692843.0,06
201800005423,18,7,8,1205,1,2,9,1.0,6.0,06069,M,4368000.0,690000.0,06
201800005424,18,7,12,1010,1,2,1,1.0,3.0,06069,M,4365382.0,693504.0,06
201800005425,18,7,12,2048,2,2,1,1.0,7.0,06069,M,4365509.0,693964.0,06
201800005426,18,7,16,1120,1,2,1,8.0,3.0,06069,M,4366489.0,693794.0,06
201800005427,18,7,16,1515,1,2,1,2.0,2.0,06069,M,4364621.0,691409.0,06
201800005428,18,7,17,1730,1,2,1,1.0,6.0,06069,M,4366029.0,692368.0,06
201800005429,18,7,18,1352,1,2,1,1.0,3.0,06069,M,4365234.0,695154.0,06
201800005430,18,7,18,1718,1,2,1,1.0,3.0,06069,M,4364079.0,691719.0,06
201800005431,18,7,26,1738,1,2,1,8.0,3.0,06069,M,4363021.0,691277.0,06
201800005432,18,7,26,1935,1,2,1,1.0,6.0,06069,M,4363011.0,691277.0,06
201800005433,18,7,28,1800,1,2,1,1.0,3.0,06069,M,4364029.0,693448.0,06
201800005434,18,8,2,650,1,2,1,1.0,6.0,06069,M,4368165.0,696558.0,06
201800005435,18,8,5,2210,5,2,1,1.0,7.0,06069,M,4363196.0,693001.0,06
201800005436,18,8,7,854,1,2,1,1.0,6.0,06069,M,4366011.0,693022.0,06
201800005437,18,8,8,1910,1,2,1,8.0,5.0,06069,M,4364211.0,690804.0,06
201800005438,18,8,11,200,3,1,1,1.0,7.0,06069,M,4366866.0,690563.0,06
201800005439,18,8,14,500,3,2,4,1.0,6.0,06069,M,4366436.0,694886.0,06
201800005440,18,8,18,2340,5,2,9,1.0,2.0,06069,M,4364422.0,689955.0,06
201800005441,18,8,20,455,5,2,1,1.0,1.0,06069,M,4364300.0,691400.0,06
201800005442,18,8,20,1109,1,2,1,1.0,6.0,06069,M,4364300.0,690859.0,06
201800005443,18,8,22,1030,1,2,1,1.0,2.0,06069,M,4363746.0,695089.0,06
201800005444,18,8,28,920,1,2,1,1.0,1.0,06069,M,4363771.0,695647.0,06
201800005445,18,8,30,1422,1,2,1,1.0,1.0,06069,M,4364696.0,693537.0,06
201800005446,18,8,30,1935,1,2,1,1.0,7.0,06069,M,4364053.0,698311.0,06
201800005447,18,9,2,1945,1,2,1,2.0,6.0,06069,M,4364543.0,690267.0,06
201800005448,18,9,2,2055,3,2,1,2.0,7.0,06069,M,4364905.0,691908.0,06
201800005449,18,9,3,1500,1,2,1,1.0,6.0,06069,M,4365800.0,692500.0,06
201800005450,18,9,3,1520,1,2,1,8.0,3.0,06069,M,4365380.0,693500.0,06
201800005451,18,9,3,2023,5,2,6,1.0,3.0,06069,M,4364251.0,694218.0,06
201800005452,18,9,6,1040,1,2,9,1.0,6.0,06069,M,4364200.0,694600.0,06
201800005453,18,9,6,1630,1,2,3,2.0,3.0,06069,M,4366218.0,693414.0,06
201800005454,18,9,7,1130,1,2,1,1.0,1.0,06069,M,4366663.0,693642.0,06
201800005455,18,9,7,1219,1,2,1,1.0,6.0,06069,M,4366922.0,694320.0,06
201800005456,18,9,9,940,1,1,1,1.0,7.0,06069,M,4367589.0,690067.0,06
201800005457,18,9,17,615,2,2,2,1.0,1.0,06069,M,4366217.0,693417.0,06
201800005458,18,9,21,700,2,1,1,1.0,6.0,06069,M,4365900.0,695300.0,06
201800005459,18,9,25,1440,1,2,1,1.0,2.0,06069,M,4363638.0,695129.0,06
201800005460,18,9,26,1500,1,2,1,1.0,2.0,06069,M,4365630.0,692280.0,06
201800005461,18,9,26,1725,1,2,3,1.0,3.0,06069,M,4364080.0,691720.0,06
201800005462,18,9,28,1715,1,2,1,1.0,6.0,06069,M,4365657.0,691946.0,06
201800005463,18,10,1,1653,1,2,1,4.0,7.0,06069,M,4365113.0,691633.0,06
201800005464,18,10,1,1740,1,1,9,8.0,3.0,06069,M,4361970.0,693155.0,06
201800005465,18,10,4,815,1,2,1,1.0,6.0,06069,M,4365557.0,692186.0,06
201800005466,18,10,5,1305,1,2,1,7.0,6.0,06069,M,4364988.0,694146.0,06
201800005467,18,10,6,1400,1,2,9,8.0,3.0,06069,M,4364376.0,694185.0,06
201800005468,18,10,6,1825,2,2,1,1.0,7.0,06069,M,4366083.0,695880.0,06
201800005469,18,10,8,645,5,2,1,8.0,7.0,06069,M,4368190.0,696068.0,06
201800005470,18,10,10,1550,1,2,1,3.0,6.0,06069,M,4365430.0,692080.0,06
201800005471,18,10,11,1850,5,2,1,2.0,7.0,06069,M,4364519.0,694064.0,06
201800005472,18,10,13,1745,1,2,9,1.0,3.0,06069,M,4365034.0,692231.0,06
201800005473,18,10,15,1830,2,2,1,1.0,3.0,06069,M,4364423.0,689899.0,06
201800005474,18,10,16,1805,1,1,1,2.0,3.0,06069,M,4365000.0,696000.0,06
201800005475,18,10,16,2121,5,2,1,1.0,7.0,06069,M,4364764.0,693623.0,06
201800005476,18,10,18,1807,1,2,1,1.0,2.0,06069,M,4365500.0,692313.0,06
201800005477,18,10,21,1130,1,2,1,1.0,3.0,06069,M,4368009.0,695506.0,06
201800005478,18,10,23,2310,5,2,1,1.0,6.0,06069,M,4366437.0,691885.0,06
201800005479,18,10,25,1450,1,2,1,1.0,1.0,06069,M,4364400.0,692000.0,06
201800005480,18,10,26,813,1,2,1,1.0,3.0,06069,M,4364558.0,694014.0,06
201800005481,18,10,27,2355,5,1,9,2.0,6.0,06069,M,4366413.0,690410.0,06
201800005482,18,10,28,350,5,2,1,2.0,6.0,06069,M,4364913.0,694096.0,06
201800005483,18,11,4,1015,1,2,1,2.0,2.0,06069,M,4364423.0,689788.0,06
201800005484,18,11,4,1340,1,2,1,2.0,3.0,06069,M,4364529.0,690280.0,06
201800005485,18,11,8,935,1,2,1,1.0,3.0,06069,M,4364442.0,694390.0,06
201800005486,18,11,13,1800,5,2,1,1.0,7.0,06069,M,4363744.0,692577.0,06