Num_Acc,an,mois,jour,hrmn,lum,agg,int,atm,col,com,gps,lat,long,dep
201800005487,18,11,14,1145,1,2,1,1.0,3.0,06069,M,4363290.0,695420.0,06
201800005488,18,11,16,910,1,2,1,1.0,1.0,06069,M,4366150.0,692310.0,06
201800005489,18,11,17,1900,5,2,9,1.0,3.0,06069,M,4364112.0,691169.0,06
201800005490,18,11,19,820,2,2,1,1.0,6.0,06069,M,4365339.0,692833.0,06
201800005491,18,11,19,1105,1,2,1,1.0,3.0,06069,M,4364870.0,693120.0,06
201800005492,18,11,20,1315,1,2,1,1.0,3.0,06069,M,4364222.0,693167.0,06
201800005493,18,11,21,1950,3,2,1,2.0,3.0,06069,M,4363961.0,694137.0,06
201800005494,18,11,28,1430,1,2,1,1.0,6.0,06069,M,4366223.0,688258.0,06
201800005495,18,11,29,800,1,2,1,1.0,6.0,06069,M,4365820.0,692180.0,06
201800005496,18,11,30,1347,1,2,1,2.0,3.0,06069,M,4369930.0,693420.0,06
201800005497,18,12,1,954,1,1,1,1.0,7.0,06069,M,4366300.0,690400.0,06
201800005498,18,12,1,2120,3,1,1,5.0,6.0,06069,M,4662796.0,694795.0,06
201800005499,18,12,7,1905,5,2,1,1.0,6.0,06069,M,4365100.0,693000.0,06
201800005500,18,12,10,730,2,2,1,1.0,2.0,06069,M,4364857.0,692559.0,06
201800005501,18,12,12,1059,1,2,1,1.0,7.0,06069,M,4365690.0,693040.0,06
201800005502,18,12,13,1740,5,2,1,2.0,3.0,06069,M,4362502.0,696434.0,06
201800005503,18,12,14,1130,1,2,3,1.0,3.0,06069,M,4364000.0,691000.0,06
201800005504,18,12,14,1750,5,2,1,1.0,3.0,06069,M,4365711.0,692687.0,06
201800005505,18,12,15,650,2,2,1,1.0,6.0,06069,M,4364868.0,693456.0,06
201800005506,18,12,15,1240,1,2,1,1.0,6.0,06069,M,4364355.0,694667.0,06
201800005507,18,12,21,800,1,2,1,1.0,3.0,06069,M,4364380.0,694191.0,06
201800005508,18,12,21,1700,2,2,1,1.0,4.0,06069,M,4363771.0,695669.0,06
201800005509,18,12,22,1930,3,1,1,1.0,6.0,06069,M,4365190.0,695840.0,06
201800005510,18,12,24,1100,1,2,1,1.0,3.0,06069,M,4367950.0,694783.0,06
201800005511,18,12,24,1720,3,2,1,1.0,3.0,06069,M,4362901.0,691322.0,06
201800005512,18,1,24,1440,1,2,2,1.0,7.0,06083,M,4377585.0,749554.0,06
201800005513,18,3,12,1150,1,2,1,1.0,6.0,06104,M,4376543.0,748258.0,06
201800005514,18,4,23,915,1,2,1,1.0,7.0,06104,M,4376245.0,747080.0,06
201800005515,18,5,2,1142,1,2,1,8.0,6.0,06083,M,4377000.0,748000.0,06
201800005516,18,5,4,1615,1,2,1,1.0,6.0,06083,M,4377669.0,750815.0,06
201800005517,18,5,7,1410,1,2,1,1.0,1.0,06104,M,4375129.0,744016.0,06
201800005518,18,6,10,430,5,2,1,1.0,3.0,06104,M,4376022.0,746492.0,06
201800005519,18,6,20,2300,5,2,3,1.0,3.0,06083,M,4377518.0,749562.0,06
201800005520,18,6,21,1700,1,2,1,7.0,3.0,06104,M,4376145.0,747092.0,06
201800005521,18,6,25,2015,2,2,1,1.0,6.0,06083,M,4377472.0,750238.0,06
201800005522,18,6,29,1505,1,2,3,1.0,5.0,06012,M,4374561.0,742540.0,06
201800005523,18,7,2,1230,1,2,1,7.0,3.0,06083,M,4378020.0,748160.0,06
201800005524,18,7,2,1113,1,2,4,1.0,3.0,06083,M,4377487.0,750002.0,06
201800005525,18,7,9,1530,1,2,3,1.0,1.0,06104,M,4375825.0,747319.0,06
201800005526,18,7,11,2140,5,2,3,1.0,3.0,06104,M,4375445.0,744713.0,06
201800005527,18,7,27,1623,1,1,1,1.0,4.0,06104,M,4375316.0,748454.0,06
201800005528,18,7,30,1550,1,2,1,8.0,6.0,06104,M,4376108.0,746574.0,06
201800005529,18,8,4,2345,5,2,1,1.0,6.0,06083,M,4376909.0,749154.0,06
201800005530,18,8,14,1145,1,2,1,1.0,6.0,06083,M,4378487.0,752252.0,06
201800005531,18,8,15,1418,1,2,1,1.0,3.0,06083,M,4377482.0,749865.0,06
201800005532,18,8,13,1620,1,2,3,1.0,3.0,06104,M,4375918.0,748270.0,06
201800005533,18,10,3,2100,5,2,4,1.0,6.0,06104,M,4376249.0,747206.0,06
201800005534,18,10,5,2330,5,2,1,1.0,3.0,06083,M,4379000.0,750541.0,06
201800005535,18,10,12,1600,1,2,1,1.0,3.0,06104,M,4375933.0,745095.0,06
201800005536,18,10,18,1825,2,2,1,1.0,6.0,06083,M,4378722.0,749363.0,06
201800005537,18,10,30,2300,5,2,1,2.0,6.0,06083,M,4376762.0,748965.0,06
201800005538,18,11,7,35,4,1,1,2.0,6.0,06104,M,4375515.0,744781.0,06
201800005539,18,11,10,1655,5,2,1,3.0,6.0,06083,M,4376946.0,749281.0,06
201800005540,18,11,22,2,5,2,1,8.0,3.0,06083,M,4376686.0,748894.0,06
201800005541,18,7,19,1620,1,2,6,1.0,3.0,06104,M,4375709.0,748152.0,06
201800005542,18,12,1,1340,1,2,9,1.0,6.0,06083,M,4380053.0,748797.0,06
201800005543,18,12,21,709,2,2,3,1.0,3.0,06083,M,4377419.0,748961.0,06
201800005544,18,1,1,210,5,2,1,1.0,6.0,06088,M,4369527.0,726315.0,06
201800005545,18,1,2,1938,5,2,2,1.0,3.0,06088,M,4370165.0,725621.0,06
201800005546,18,1,3,1000,1,2,1,8.0,6.0,06088,M,4368458.0,720264.0,06
201800005547,18,1,6,1451,1,2,1,1.0,3.0,06088,M,4373439.0,725063.0,06
201800005548,18,1,7,205,5,2,1,6.0,6.0,06088,M,4369760.0,727864.0,06
201800005549,18,1,7,1720,2,2,1,1.0,1.0,06088,M,4366387.0,719854.0,06
201800005550,18,1,8,1620,1,2,1,6.0,6.0,06159,M,4370719.0,731301.0,06
201800005551,18,1,10,1838,5,2,1,1.0,2.0,06088,M,4372024.0,728732.0,06
201800005552,18,1,10,1950,5,2,1,1.0,3.0,06088,M,4372412.0,728691.0,06
201800005553,18,1,11,2008,5,1,1,1.0,7.0,06088,M,4372040.0,720793.0,06
201800005554,18,1,13,1120,1,2,2,1.0,3.0,06088,M,4371342.0,727168.0,06
201800005555,18,1,15,1815,5,2,1,1.0,6.0,06088,M,4369944.0,728316.0,06
201800005556,18,1,16,1300,1,2,1,1.0,3.0,06088,M,4367491.0,721039.0,06
201800005557,18,1,16,1430,1,2,1,1.0,2.0,06088,M,4370131.0,727956.0,06
201800005558,18,1,18,2015,5,2,1,1.0,6.0,06088,M,4370587.0,725802.0,06
201800005559,18,1,19,1505,1,1,1,1.0,2.0,06159,M,4370991.0,731856.0,06
201800005560,18,1,19,1440,1,1,3,1.0,3.0,06159,M,4370991.0,731818.0,06
201800005561,18,1,20,1000,1,2,1,1.0,4.0,06088,M,4360000.0,720000.0,06
201800005562,18,1,21,900,1,2,1,1.0,1.0,06088,M,4371222.0,726637.0,06
201800005563,18,1,21,1500,1,2,1,1.0,1.0,06088,M,4369596.0,723474.0,06
201800005564,18,1,21,1725,1,1,3,1.0,3.0,06159,M,4371691.0,733319.0,06
201800005565,18,1,23,1120,1,2,1,1.0,6.0,06088,M,4369142.0,724473.0,06
201800005566,18,1,23,1340,1,2,1,1.0,2.0,06088,M,4368268.0,723170.0,06
201800005567,18,1,23,1740,2,2,1,1.0,5.0,06088,M,4370567.0,727361.0,06
201800005568,18,1,23,105,5,2,3,1.0,3.0,06088,M,4370047.0,727728.0,06
201800005569,18,1,22,2030,5,1,1,1.0,5.0,06088,M,4374100.0,726300.0,06
201800005570,18,1,24,1030,1,2,1,7.0,2.0,06088,M,4369669.0,729026.0,06
201800005571,18,1,24,1100,1,2,1,1.0,3.0,06088,M,4369785.0,722919.0,06
201800005572,18,1,26,1400,1,2,1,2.0,3.0,06088,M,4370009.0,725102.0,06
201800005573,18,1,27,1200,1,2,1,1.0,6.0,06088,M,4370814.0,727036.0,06
201800005574,18,1,29,745,1,2,1,1.0,3.0,06088,M,4368622.0,723834.0,06
201800005575,18,1,29,830,1,2,1,1.0,3.0,06088,M,4371754.0,727502.0,06
201800005576,18,1,30,1550,1,2,1,1.0,6.0,06088,M,4366659.0,721009.0,06
201800005577,18,1,30,1630,1,1,1,8.0,3.0,06088,M,4370775.0,726834.0,06
201800005578,18,1,31,1800,2,2,7,1.0,6.0,06159,M,4370431.0,731026.0,06
201800005579,18,2,1,205,5,2,1,1.0,6.0,06088,M,4370366.0,727563.0,06
201800005580,18,2,1,1615,1,2,2,1.0,3.0,06088,M,4370987.0,728784.0,06
201800005581,18,2,2,845,1,2,1,1.0,3.0,06088,M,4369944.0,729377.0,06
201800005582,18,2,2,1320,1,2,1,1.0,6.0,06088,M,4373439.0,729574.0,06
201800005583,18,2,4,1130,1,2,1,1.0,6.0,06088,M,4369878.0,728418.0,06
201800005584,18,2,7,1015,1,2,1,1.0,2.0,06088,M,4369771.0,728364.0,06
201800005585,18,2,7,2030,5,2,1,1.0,2.0,06088,M,4370932.0,726672.0,06
201800005586,18,2,10,1700,1,2,7,1.0,6.0,06088,M,4370079.0,728061.0,06
201800005587,18,2,11,510,5,2,9,1.0,6.0,06088,M,4371019.0,718779.0,06
201800005588,18,2,11,1438,1,2,9,1.0,6.0,06088,M,4369574.0,727300.0,06
201800005589,18,2,12,815,1,2,1,1.0,3.0,06088,M,4369862.0,729556.0,06
201800005590,18,2,13,1100,1,2,1,1.0,3.0,06088,M,4370000.0,725000.0,06
201800005591,18,2,14,2310,5,2,1,1.0,6.0,06088,M,4370726.0,726903.0,06
201800005592,18,2,17,1405,1,2,1,2.0,2.0,06088,M,4370770.0,728439.0,06
201800005593,18,2,17,1405,1,2,1,2.0,3.0,06088,M,4373200.0,725000.0,06
201800005594,18,2,17,2105,5,2,1,8.0,6.0,06088,M,4371060.0,724616.0,06
201800005595,18,8,21,2345,5,2,9,1.0,6.0,06088,M,4369700.0,727100.0,06
201800005596,18,2,19,850,1,2,1,1.0,5.0,06088,M,4367058.0,720274.0,06
201800005597,18,4,1,2315,5,2,1,1.0,1.0,06088,M,4371200.0,725500.0,06
201800005598,18,2,19,1200,1,2,1,1.0,2.0,06088,M,4369817.0,722929.0,06
201800005599,18,2,19,1630,1,2,2,1.0,5.0,06088,M,4370266.0,728007.0,06
201800005600,18,2,20,834,1,2,1,1.0,6.0,06088,M,4373500.0,730100.0,06
201800005601,18,2,21,940,1,1,1,1.0,6.0,06088,M,4373649.0,730565.0,06
201800005602,18,2,21,1335,1,2,3,1.0,3.0,06159,M,4370480.0,729995.0,06
201800005603,18,2,21,1925,5,2,2,1.0,3.0,06088,M,4369739.0,725621.0,06
201800005604,18,2,25,315,5,2,1,2.0,2.0,06088,M,4341000.0,712000.0,06
201800005605,18,2,26,1700,1,2,3,4.0,3.0,06088,M,4370648.0,725617.0,06
201800005606,18,3,2,530,5,2,1,3.0,7.0,06088,M,4367228.0,721823.0,06
201800005607,18,3,2,1145,1,2,1,2.0,6.0,06088,M,4370144.0,728399.0,06
201800005608,18,3,3,940,1,2,1,2.0,6.0,06088,M,4371486.0,726149.0,06
201800005609,18,3,8,852,1,2,1,1.0,6.0,06088,M,4371000.0,719000.0,06
201800005610,18,3,8,1545,1,2,2,1.0,3.0,06088,M,4371300.0,726100.0,06
201800005611,18,3,12,710,1,2,1,1.0,2.0,06088,M,4373204.0,728809.0,06
201800005612,18,3,13,610,5,2,1,1.0,3.0,06088,M,4369827.0,722899.0,06
201800005613,18,3,14,700,1,2,1,1.0,4.0,06088,M,4372531.0,725147.0,06
201800005614,18,3,15,1455,1,1,3,3.0,3.0,06088,M,4371980.0,725650.0,06
201800005615,18,3,15,1740,1,1,2,2.0,6.0,06088,M,4370817.0,729274.0,06
201800005616,18,3,16,1500,1,2,2,1.0,3.0,06088,M,4370254.0,726956.0,06
201800005617,18,3,16,2015,5,2,9,1.0,3.0,06088,M,4371977.0,725166.0,06
201800005618,18,3,17,1600,1,1,1,1.0,4.0,06088,M,4372191.0,718624.0,06
201800005619,18,3,19,910,1,1,6,1.0,3.0,06088,M,4369581.0,719178.0,06
201800005620,18,3,13,300,5,2,2,1.0,3.0,06088,M,4371100.0,729170.0,06
201800005621,18,3,22,940,1,2,1,1.0,6.0,06088,M,4372174.0,728818.0,06
201800005622,18,3,21,1235,1,2,1,1.0,6.0,06088,M,4372594.0,725573.0,06
201800005623,18,3,23,750,1,2,1,1.0,1.0,06088,M,4370035.0,729410.0,06
201800005624,18,3,23,800,1,2,1,1.0,6.0,06088,M,4368235.0,723178.0,06
201800005625,18,3,23,1730,1,2,1,1.0,2.0,06088,M,,,06
201800005626,18,3,24,1555,1,1,1,1.0,2.0,06088,M,4370000.0,726000.0,06
201800005627,18,3,30,530,5,2,2,1.0,6.0,06088,M,4372423.0,724976.0,06
201800005628,18,4,2,1650,1,2,1,1.0,6.0,06088,M,4372000.0,726000.0,06
201800005629,18,4,2,2000,4,1,3,1.0,3.0,06088,M,4772605.0,728707.0,06
201800005630,18,4,3,1618,1,2,2,8.0,3.0,06088,M,4369515.0,726909.0,06
201800005631,18,4,3,1630,1,2,1,6.0,3.0,06088,M,4369166.0,729470.0,06
201800005632,18,4,4,1610,1,2,1,8.0,4.0,06088,M,4366000.0,722000.0,06
201800005633,18,4,6,15,5,2,1,1.0,5.0,06088,M,4886000.0,228000.0,06
201800005634,18,4,7,1530,1,1,1,1.0,1.0,06088,M,4374104.0,722100.0,06
201800005635,18,4,9,1135,1,2,1,2.0,6.0,06088,M,4370082.0,728655.0,06
201800005636,18,4,9,1815,2,1,1,2.0,1.0,06159,M,4371454.0,733145.0,06
201800005637,18,4,10,1500,1,2,1,2.0,6.0,06088,M,4371723.0,729991.0,06
201800005638,18,4,12,845,1,2,1,2.0,2.0,06088,M,4367075.0,721609.0,06
201800005639,18,4,13,1620,1,2,3,1.0,6.0,06088,M,4371713.0,727221.0,06
201800005640,18,4,13,1725,1,2,2,1.0,6.0,06088,M,4369867.0,725537.0,06
201800005641,18,4,13,1010,1,2,2,1.0,6.0,06088,M,4370284.0,728659.0,06
201800005642,18,4,15,40,5,2,1,1.0,3.0,06088,M,4369455.0,725623.0,06
201800005643,18,4,15,2035,5,2,3,1.0,5.0,06088,M,4371768.0,726288.0,06
201800005644,18,4,17,1850,1,2,2,1.0,6.0,06088,M,4369589.0,725596.0,06
201800005645,18,4,18,1900,1,2,3,1.0,3.0,06088,M,,,06
201800005646,18,4,19,1400,1,2,1,1.0,3.0,06088,M,4372449.0,724748.0,06
201800005647,18,4,19,2245,5,2,3,1.0,6.0,06088,M,4369957.0,725970.0,06
201800005648,18,4,20,450,5,2,5,1.0,3.0,06088,M,4370792.0,728423.0,06
201800005649,18,4,20,1820,1,2,2,1.0,6.0,06088,M,4367884.0,722804.0,06
201800005650,18,4,20,1635,1,2,1,1.0,6.0,06088,M,4373556.0,727911.0,06
201800005651,18,4,25,850,1,2,1,1.0,1.0,06088,M,4369456.0,720847.0,06
201800005652,18,4,25,800,1,2,1,1.0,3.0,06088,M,4372309.0,727080.0,06
201800005653,18,4,26,1300,1,2,1,1.0,5.0,06088,M,4372600.0,727500.0,06
201800005654,18,4,30,1420,1,2,1,1.0,5.0,06088,M,4369018.0,724399.0,06
201800005655,18,5,4,1828,1,2,3,1.0,6.0,06088,M,4372030.0,726284.0,06
201800005656,18,5,6,450,2,2,2,1.0,1.0,06088,M,4371798.0,726139.0,06
201800005657,18,5,6,1155,1,2,2,1.0,3.0,06088,M,4370530.0,726920.0,06
201800005658,18,5,11,853,1,2,1,1.0,3.0,06088,M,4373271.0,724067.0,06
201800005659,18,5,11,1230,1,2,2,1.0,3.0,06088,M,4371638.0,728247.0,06
201800005660,18,5,12,1100,1,2,2,1.0,3.0,06088,M,4371040.0,729160.0,06
201800005661,18,5,12,1430,1,2,1,1.0,6.0,06088,M,4369935.0,725118.0,06
201800005662,18,5,12,1820,1,2,1,1.0,4.0,06088,M,4372000.0,727000.0,06
201800005663,18,5,13,1115,1,2,1,8.0,4.0,06088,M,4371195.0,724792.0,06
201800005664,18,5,14,1430,1,2,9,1.0,1.0,06088,M,4367676.0,720136.0,06
201800005665,18,5,15,945,1,2,9,1.0,6.0,06088,M,4366000.0,721000.0,06
201800005666,18,5,15,1700,1,2,1,1.0,3.0,06088,M,4371000.0,728000.0,06
201800005667,18,5,17,900,1,2,1,1.0,2.0,06088,M,4371000.0,728000.0,06
201800005668,18,5,19,1700,1,2,2,1.0,3.0,06088,M,4371308.0,726173.0,06
201800005669,18,5,20,1320,1,2,1,1.0,6.0,06088,M,4370000.0,725000.0,06
201800005670,18,5,20,1620,1,2,2,1.0,3.0,06088,M,4886272.0,228759.0,06
201800005671,18,5,22,830,1,2,2,3.0,3.0,06088,M,4370415.0,726846.0,06
201800005672,18,5,23,815,1,2,1,1.0,2.0,06088,M,4371000.0,728000.0,06
201800005673,18,5,23,1735,1,2,9,1.0,6.0,06088,M,4367000.0,720000.0,06
201800005674,18,5,24,900,1,2,9,1.0,6.0,06088,M,4368701.0,728036.0,06
201800005675,18,4,23,830,1,2,9,1.0,6.0,06088,M,4369567.0,725866.0,06
201800005676,18,5,24,2035,2,2,2,1.0,3.0,06088,M,4371680.0,731230.0,06
201800005677,18,5,25,1350,1,2,9,1.0,3.0,06088,M,4369278.0,723007.0,06
201800005678,18,5,25,1645,1,2,1,7.0,6.0,06088,M,4371700.0,729588.0,06
201800005679,18,5,26,1220,1,2,1,1.0,6.0,06088,M,4370109.0,728555.0,06
201800005680,18,5,26,1550,1,2,3,1.0,3.0,06088,M,4368041.0,723014.0,06
201800005681,18,5,28,1950,1,2,1,2.0,3.0,06088,M,4373128.0,728657.0,06
201800005682,18,5,29,1000,1,2,2,1.0,3.0,06088,M,4367469.0,720494.0,06
201800005683,18,5,29,1615,1,2,1,1.0,2.0,06088,M,4369000.0,729000.0,06
201800005684,18,5,29,1645,1,2,3,1.0,3.0,06088,M,4369245.0,730702.0,06
201800005685,18,6,1,1841,1,2,2,1.0,1.0,06088,M,4367104.0,720751.0,06
201800005686,18,6,2,2008,1,2,9,1.0,6.0,06088,M,4370820.0,728680.0,06
201800005687,18,6,5,2350,5,2,1,1.0,6.0,06088,M,4368211.0,723123.0,06
201800005688,18,6,9,803,1,2,1,1.0,3.0,06088,M,4667672.0,720138.0,06
201800005689,18,6,10,2005,1,2,1,1.0,3.0,06088,M,4369382.0,728239.0,06
201800005690,18,6,10,2120,2,2,3,1.0,1.0,06088,M,4371997.0,729536.0,06
201800005691,18,6,11,1145,1,2,1,1.0,2.0,06159,M,4370675.0,731887.0,06
201800005692,18,6,11,1720,1,2,1,1.0,5.0,06088,M,4360000.0,720000.0,06
201800005693,18,6,12,1700,1,2,1,1.0,3.0,06088,M,4368507.0,723382.0,06
201800005694,18,6,13,730,1,2,1,1.0,1.0,06088,M,4372000.0,727000.0,06
201800005695,18,6,13,1950,1,2,1,1.0,3.0,06088,M,4371017.0,725970.0,06
201800005696,18,6,14,40,4,2,1,1.0,6.0,06088,M,4369305.0,726926.0,06
201800005697,18,6,15,1440,1,2,1,1.0,3.0,06088,M,4367980.0,722960.0,06
201800005698,18,6,15,2105,2,2,1,1.0,6.0,06088,M,4370040.0,726750.0,06
201800005699,18,6,16,730,1,2,1,1.0,2.0,06088,M,4370000.0,727000.0,06
201800005700,18,6,16,1415,1,2,2,1.0,3.0,06088,M,4370432.0,728604.0,06
201800005701,18,6,18,2015,1,2,1,1.0,6.0,06088,M,4373943.0,730730.0,06
201800005702,18,6,19,1600,1,2,2,1.0,3.0,06088,M,4369540.0,725618.0,06
201800005703,18,6,19,1615,1,2,1,1.0,1.0,06088,M,4370992.0,727527.0,06
201800005704,18,6,21,730,1,2,1,1.0,3.0,06088,M,4368000.0,721824.0,06
201800005705,18,6,23,750,1,2,1,1.0,3.0,06088,M,4367458.0,721178.0,06
201800005706,18,6,23,2230,5,2,2,1.0,3.0,06088,M,4370355.0,728846.0,06
201800005707,18,6,24,1330,1,2,3,1.0,6.0,06088,M,4371359.0,729271.0,06
201800005708,18,6,22,1840,1,2,1,1.0,3.0,06088,M,,,06
201800005709,18,6,26,1505,1,2,1,1.0,3.0,06088,M,4370606.0,725595.0,06
201800005710,18,6,27,955,1,2,3,1.0,6.0,06088,M,4371431.0,727495.0,06
201800005711,18,6,27,1540,1,2,9,1.0,6.0,06088,M,4372345.0,728444.0,06
201800005712,18,6,29,1825,1,2,1,7.0,4.0,06088,M,4372230.0,728850.0,06
201800005713,18,7,1,1900,1,2,3,1.0,3.0,06088,M,4367444.0,721994.0,06
201800005714,18,7,3,920,1,1,6,1.0,3.0,06088,M,4374783.0,718898.0,06
201800005715,18,7,4,1050,1,2,1,1.0,6.0,06088,M,4369228.0,723758.0,06
201800005716,18,7,4,1720,1,2,1,1.0,6.0,06088,M,4372452.0,727548.0,06
201800005717,18,7,6,1150,1,2,1,1.0,1.0,06159,M,4371469.0,732158.0,06
201800005718,18,7,6,1350,1,2,1,7.0,3.0,06088,M,4368670.0,730224.0,06
201800005719,18,7,6,1425,1,2,1,1.0,6.0,06088,M,4372044.0,728744.0,06
201800005720,18,7,8,615,2,2,1,1.0,6.0,06088,M,4369243.0,724833.0,06
201800005721,18,7,8,1930,1,1,1,1.0,1.0,06088,M,4369496.0,723889.0,06
201800005722,18,7,10,1010,1,2,1,1.0,6.0,06088,M,4369871.0,726895.0,06
201800005723,18,7,12,1055,1,2,1,7.0,2.0,06088,M,4368890.0,724149.0,06
201800005724,18,7,12,1750,1,2,3,1.0,3.0,06088,M,4368361.0,720401.0,06
201800005725,18,7,13,605,2,2,1,1.0,6.0,06088,M,4370574.0,725610.0,06
201800005726,18,7,13,1815,1,2,1,1.0,6.0,06088,M,4371031.0,725594.0,06
201800005727,18,7,15,2040,5,2,9,1.0,6.0,06088,M,4369342.0,725400.0,06
201800005728,18,7,16,1130,1,2,9,1.0,3.0,06088,M,4369677.0,728923.0,06
201800005729,18,7,17,1530,1,2,1,1.0,3.0,06088,M,4370123.0,725620.0,06
201800005730,18,7,17,1145,1,2,1,1.0,6.0,06088,M,4371759.0,725707.0,06
201800005731,18,7,17,1220,1,2,1,1.0,4.0,06088,M,4370162.0,728360.0,06
201800005732,18,7,18,1015,1,2,9,1.0,3.0,06088,M,4370829.0,729284.0,06
201800005733,18,7,18,1212,1,2,2,1.0,3.0,06088,M,4370270.0,725140.0,06
201800005734,18,7,20,2314,5,2,2,1.0,3.0,06088,M,4370183.0,729464.0,06
201800005735,18,7,22,55,5,2,3,1.0,3.0,06088,M,4366985.0,721730.0,06
201800005736,18,7,22,300,5,2,2,1.0,3.0,06088,M,4369863.0,725622.0,06
201800005737,18,7,22,440,5,2,1,1.0,6.0,06088,M,4369498.0,727642.0,06
201800005738,18,7,23,800,1,2,1,1.0,6.0,06088,M,4368850.0,724080.0,06
201800005739,18,7,24,1715,1,1,1,1.0,6.0,06159,M,4342390.0,718200.0,06
201800005740,18,7,27,855,1,2,1,1.0,3.0,06088,M,,,06
201800005741,18,7,27,1005,1,2,1,1.0,2.0,06088,M,4369237.0,725040.0,06
201800005742,18,7,28,930,1,2,1,1.0,1.0,06088,M,4372498.0,728285.0,06
201800005743,18,7,30,140,5,2,1,1.0,7.0,06088,M,4367663.0,720019.0,06
201800005744,18,8,1,922,1,2,1,1.0,3.0,06088,M,4367000.0,721000.0,06
201800005745,18,8,1,1800,1,2,1,1.0,2.0,06088,M,4368668.0,723791.0,06
201800005746,18,8,2,845,1,2,1,1.0,5.0,06088,M,4370405.0,729523.0,06
201800005747,18,8,2,1700,1,2,1,1.0,7.0,06088,M,4343000.0,717000.0,06
201800005748,18,8,4,1815,1,2,1,1.0,2.0,06088,M,4371853.0,729136.0,06
201800005749,18,8,4,1715,1,2,9,1.0,3.0,06088,M,4372566.0,727808.0,06
201800005750,18,8,5,1730,1,2,1,8.0,3.0,06088,M,4369947.0,725126.0,06
201800005751,18,8,5,1915,1,2,1,1.0,3.0,06088,M,4367140.0,721878.0,06
201800005752,18,8,5,2130,5,2,1,1.0,2.0,06088,M,4371026.0,728255.0,06
201800005753,18,8,7,815,1,2,2,1.0,3.0,06088,M,4341000.0,716000.0,06
201800005754,18,8,7,735,1,2,1,1.0,6.0,06088,M,4369500.0,727500.0,06
201800005755,18,8,8,1700,1,2,1,1.0,2.0,06088,M,4370000.0,728000.0,06
201800005756,18,8,8,1645,1,2,1,1.0,1.0,06088,M,4371746.0,727235.0,06
201800005757,18,8,9,932,1,2,1,7.0,6.0,06088,M,4371755.0,729077.0,06
201800005758,18,8,10,947,1,2,3,1.0,3.0,06088,M,4371760.0,726280.0,06
201800005759,18,8,11,1615,1,2,1,1.0,3.0,06088,M,4366490.0,720186.0,06
201800005760,18,8,11,1430,1,2,2,1.0,3.0,06088,M,4371430.0,729103.0,06
201800005761,18,8,11,1815,1,2,1,1.0,6.0,06088,M,4370629.0,726196.0,06
201800005762,18,8,13,920,1,2,2,3.0,3.0,06088,M,4370911.0,726693.0,06
201800005763,18,8,17,1630,1,2,1,1.0,2.0,06088,M,4369000.0,724000.0,06
201800005764,18,8,19,1511,1,2,1,1.0,4.0,06088,M,4369132.0,724715.0,06
201800005765,18,8,22,1025,1,2,2,1.0,6.0,06088,M,4370000.0,725000.0,06
201800005766,18,8,22,1650,1,2,1,1.0,6.0,06088,M,4369090.0,729350.0,06
201800005767,18,8,22,2100,5,2,9,1.0,6.0,06088,M,4368855.0,724117.0,06
201800005768,18,8,22,2305,5,2,1,1.0,1.0,06088,M,4372508.0,727991.0,06
201800005769,18,8,23,1615,1,2,1,1.0,5.0,06088,M,4367973.0,721475.0,06
201800005770,18,8,31,815,1,2,3,1.0,3.0,06088,M,4370338.0,727307.0,06
201800005771,18,8,31,1530,1,2,1,1.0,3.0,06088,M,4366629.0,720547.0,06
201800005772,18,8,31,1730,1,2,1,1.0,6.0,06088,M,4372166.0,726878.0,06
201800005773,18,9,1,1210,1,2,2,1.0,3.0,06088,M,4370477.0,728448.0,06
201800005774,18,9,1,1030,1,2,2,1.0,5.0,06088,M,4369420.0,727900.0,06
201800005775,18,9,3,1220,1,2,1,1.0,6.0,06088,M,4370700.0,728600.0,06
201800005776,18,9,4,1200,1,2,1,1.0,6.0,06088,M,4369987.0,726864.0,06
201800005777,18,9,6,1805,1,2,1,2.0,2.0,06088,M,4373180.0,728996.0,06
201800005778,18,9,6,2227,5,2,1,1.0,2.0,06088,M,4369386.0,725619.0,06
201800005779,18,9,7,920,1,2,2,1.0,3.0,06088,M,4370700.0,728360.0,06
201800005780,18,9,8,1420,1,2,2,1.0,3.0,06088,M,4371000.0,728000.0,06
201800005781,18,9,8,1530,1,2,1,1.0,4.0,06088,M,4370756.0,726815.0,06
201800005782,18,9,8,1505,1,2,1,1.0,2.0,06088,M,4367929.0,723035.0,06
201800005783,18,9,10,1235,1,2,3,1.0,6.0,06088,M,4370227.0,725400.0,06
201800005784,18,9,11,1540,1,2,2,1.0,3.0,06088,M,4371630.0,725870.0,06
201800005785,18,9,11,2052,5,2,1,1.0,6.0,06088,M,4370228.0,725110.0,06
201800005786,18,9,12,1435,1,2,1,1.0,6.0,06088,M,4370800.0,728500.0,06
201800005787,18,9,13,720,1,2,6,1.0,2.0,06088,M,4370500.0,718800.0,06
201800005788,18,9,14,1740,1,2,2,1.0,6.0,06088,M,4372540.0,724960.0,06
201800005789,18,9,15,1430,1,2,1,1.0,4.0,06088,M,4366922.0,722130.0,06
201800005790,18,9,17,1500,1,2,1,1.0,6.0,06088,M,4370820.0,721350.0,06
201800005791,18,9,17,1800,1,2,1,1.0,2.0,06088,M,4368000.0,724000.0,06