Num_Acc,an,mois,jour,hrmn,lum,agg,int,atm,col,com,gps,lat,long,dep
201800005792,18,9,18,1420,1,2,3,1.0,2.0,06088,M,4368100.0,719900.0,06
201800005793,18,9,21,920,1,2,1,1.0,6.0,06088,M,4367069.0,721585.0,06
201800005794,18,9,21,1720,1,2,1,1.0,6.0,06088,M,4370606.0,726726.0,06
201800005795,18,9,22,1410,1,2,1,1.0,6.0,06088,M,,,06
201800005796,18,9,23,1220,1,2,1,1.0,1.0,06088,M,4374318.0,730083.0,06
201800005797,18,9,23,1845,2,2,1,1.0,2.0,06088,M,,,06
201800005798,18,9,23,2218,5,2,3,1.0,3.0,06088,M,4370642.0,726853.0,06
201800005799,18,9,24,2130,5,2,1,1.0,3.0,06088,M,4374000.0,730800.0,06
201800005800,18,9,25,2226,5,2,1,1.0,2.0,06088,M,4370000.0,725000.0,06
201800005801,18,9,26,2310,5,2,2,1.0,3.0,06088,M,4368125.0,723178.0,06
201800005802,18,9,27,1720,1,2,5,1.0,1.0,06088,M,4372308.0,728836.0,06
201800005803,18,9,28,1237,1,2,1,1.0,3.0,06088,M,4368900.0,724300.0,06
201800005804,18,9,28,1425,1,2,9,1.0,6.0,06088,M,4370170.0,726139.0,06
201800005805,18,9,28,1438,1,2,1,1.0,6.0,06088,M,4367915.0,721744.0,06
201800005806,18,9,28,1604,1,2,9,1.0,3.0,06088,M,4370900.0,728800.0,06
201800005807,18,9,28,1800,1,2,1,1.0,3.0,06088,M,4368655.0,723646.0,06
201800005808,18,9,29,1815,1,2,1,1.0,2.0,06088,M,4367285.0,721817.0,06
201800005809,18,9,30,1330,1,2,9,1.0,3.0,06088,M,4370357.0,728846.0,06
201800005810,18,9,30,1800,1,2,1,1.0,3.0,06088,M,4367924.0,723044.0,06
201800005811,18,10,2,1150,1,2,2,1.0,5.0,06088,M,4373400.0,730000.0,06
201800005812,18,10,2,1030,1,2,1,1.0,1.0,06088,M,4371000.0,725600.0,06
201800005813,18,10,4,700,2,2,2,1.0,1.0,06088,M,4367671.0,720131.0,06
201800005814,18,10,5,1325,1,2,1,1.0,6.0,06088,M,4373455.0,729556.0,06
201800005815,18,10,5,1440,1,1,2,1.0,3.0,06088,M,4370588.0,728299.0,06
201800005816,18,10,7,2015,5,2,1,2.0,2.0,06088,M,4370000.0,726000.0,06
201800005817,18,10,8,1415,1,2,1,1.0,2.0,06088,M,4366645.0,721614.0,06
201800005818,18,10,12,1530,1,2,2,1.0,6.0,06088,M,4369112.0,724478.0,06
201800005819,18,10,12,1730,1,2,1,1.0,2.0,06088,M,4368224.0,719846.0,06
201800005820,18,10,18,903,1,2,2,1.0,3.0,06088,M,4371119.0,725637.0,06
201800005821,18,10,18,1620,1,2,1,1.0,6.0,06088,M,4372055.0,728370.0,06
201800005822,18,10,18,1910,3,2,7,1.0,3.0,06088,M,4372280.0,725620.0,06
201800005823,18,10,18,2345,5,2,1,1.0,1.0,06088,M,4371213.0,728827.0,06
201800005824,18,10,20,820,1,2,9,1.0,2.0,06088,M,4366600.0,720949.0,06
201800005825,18,10,22,1130,1,2,1,1.0,3.0,06088,M,4371315.0,726231.0,06
201800005826,18,10,23,630,5,2,1,1.0,2.0,06088,M,4366520.0,720291.0,06
201800005827,18,10,23,1340,1,2,4,1.0,2.0,06088,M,4366561.0,720433.0,06
201800005828,18,10,24,1630,1,2,1,1.0,3.0,06088,M,4373313.0,721664.0,06
201800005829,18,10,25,1511,1,2,1,1.0,6.0,06088,M,4370924.0,726267.0,06
201800005830,18,10,18,1930,2,2,2,1.0,6.0,06088,M,4370401.0,727924.0,06
201800005831,18,10,30,805,1,2,1,1.0,2.0,06088,M,4368787.0,723991.0,06
201800005832,18,10,31,715,2,2,1,2.0,6.0,06088,M,4370301.0,725629.0,06
201800005833,18,10,31,1504,1,2,1,1.0,1.0,06088,M,4373881.0,727798.0,06
201800005834,18,11,1,1615,1,2,1,1.0,4.0,06088,M,4370836.0,728268.0,06
201800005835,18,11,2,1345,1,2,1,1.0,3.0,06088,M,4370181.0,729303.0,06
201800005836,18,11,3,945,1,2,1,1.0,1.0,06088,M,4372941.0,725785.0,06
201800005837,18,11,4,1515,1,2,1,8.0,6.0,06088,M,4371058.0,724974.0,06
201800005838,18,11,6,1450,1,2,1,8.0,6.0,06088,M,4372337.0,728557.0,06
201800005839,18,11,11,1740,5,2,2,2.0,3.0,06088,M,4370954.0,725704.0,06
201800005840,18,11,12,1500,1,2,2,1.0,6.0,06088,M,4370723.0,728603.0,06
201800005841,18,11,16,800,1,2,1,1.0,6.0,06088,M,4370707.0,728306.0,06
201800005842,18,11,16,1625,2,2,3,1.0,6.0,06088,M,4371695.0,725318.0,06
201800005843,18,11,17,730,2,2,1,1.0,5.0,06088,M,4371096.0,724566.0,06
201800005844,18,11,17,1145,1,2,1,1.0,6.0,06159,M,4369606.0,730480.0,06
201800005845,18,11,18,1622,1,2,2,1.0,3.0,06088,M,4373476.0,729665.0,06
201800005846,18,11,19,1529,1,2,8,1.0,6.0,06088,M,4370977.0,725794.0,06
201800005847,18,11,23,2000,5,2,1,1.0,3.0,06088,M,4372731.0,728474.0,06
201800005848,18,11,23,1230,1,2,1,3.0,1.0,06088,M,4371063.0,725579.0,06
201800005849,18,11,25,1820,5,2,1,2.0,3.0,06088,M,4371732.0,725306.0,06
201800005850,18,11,27,1655,2,2,1,1.0,6.0,06088,M,4371200.0,728800.0,06
201800005851,18,11,28,1014,1,2,2,1.0,3.0,06088,M,4370643.0,726854.0,06
201800005852,18,11,28,1515,1,2,1,1.0,3.0,06088,M,4369088.0,719597.0,06
201800005853,18,11,28,1650,2,2,1,1.0,6.0,06088,M,4370950.0,725995.0,06
201800005854,18,11,30,1840,5,2,7,2.0,6.0,06088,M,4370541.0,729010.0,06
201800005855,18,12,1,1950,5,2,1,1.0,6.0,06088,M,4369995.0,723802.0,06
201800005856,18,12,1,2005,3,2,1,1.0,6.0,06088,M,4370641.0,729843.0,06
201800005857,18,12,3,1215,1,2,2,1.0,6.0,06088,M,4369940.0,726740.0,06
201800005858,18,12,3,1800,5,2,1,1.0,1.0,06088,M,4371442.0,728450.0,06
201800005859,18,12,3,2000,5,1,1,1.0,2.0,06088,M,4366394.0,719900.0,06
201800005860,18,12,5,605,5,2,3,1.0,3.0,06088,M,4369247.0,724835.0,06
201800005861,18,12,4,1215,1,2,8,1.0,6.0,06088,M,4369496.0,726780.0,06
201800005862,18,12,7,905,1,2,3,1.0,6.0,06088,M,4371776.0,728186.0,06
201800005863,18,12,7,1530,1,2,1,1.0,2.0,06088,M,4370571.0,725888.0,06
201800005864,18,12,8,640,2,2,9,1.0,2.0,06088,M,4372146.0,728802.0,06
201800005865,18,12,8,1905,5,2,2,1.0,3.0,06088,M,4368841.0,724066.0,06
201800005866,18,12,10,2201,5,2,1,1.0,6.0,06088,M,4371214.0,728759.0,06
201800005867,18,12,11,1335,1,2,1,1.0,7.0,06088,M,4369380.0,725630.0,06
201800005868,18,12,11,1454,1,2,3,1.0,6.0,06088,M,4369100.0,720000.0,06
201800005869,18,12,13,1020,1,2,1,8.0,2.0,06088,M,,,06
201800005870,18,12,13,1550,1,2,1,1.0,2.0,06088,M,4370698.0,726696.0,06
201800005871,18,12,13,1545,1,2,3,1.0,6.0,06088,M,4370633.0,728508.0,06
201800005872,18,12,13,2130,5,2,7,1.0,3.0,06088,M,4369650.0,725390.0,06
201800005873,18,12,14,715,2,1,1,1.0,3.0,06088,M,4367400.0,721900.0,06
201800005874,18,12,16,53,5,2,1,1.0,6.0,06088,M,4360000.0,720000.0,06
201800005875,18,12,17,1610,1,2,1,1.0,6.0,06088,M,4367103.0,720256.0,06
201800005876,18,12,18,930,1,2,1,1.0,6.0,06088,M,4368951.0,722329.0,06
201800005877,18,12,20,1740,2,2,1,1.0,3.0,06088,M,4372040.0,728752.0,06
201800005878,18,12,21,510,5,2,1,1.0,6.0,06088,M,4367849.0,721248.0,06
201800005879,18,12,20,918,1,2,9,1.0,6.0,06088,M,4370283.0,727994.0,06
201800005880,18,12,22,1420,1,2,2,1.0,3.0,06088,M,4371070.0,728930.0,06
201800005881,18,12,23,252,5,2,1,1.0,6.0,06088,M,4370840.0,727110.0,06
201800005882,18,12,28,1630,1,2,1,1.0,1.0,06088,M,4370843.0,721494.0,06
201800005883,18,12,29,2045,5,2,1,1.0,3.0,06088,M,4372316.0,729225.0,06
201800005884,18,12,31,925,1,2,1,1.0,3.0,06088,M,4369900.0,725900.0,06
201800005885,18,9,30,2315,4,2,1,1.0,3.0,06088,M,4369030.0,724450.0,06
201800005886,18,7,6,2200,2,1,1,1.0,7.0,33085,M,4476374.0,-46983.0,33
201800005887,18,7,10,1232,1,2,1,1.0,3.0,33085,M,4476985.0,-48834.0,33
201800005888,18,1,18,2330,5,2,1,8.0,2.0,21605,M,4729471.0,510192.0,21
201800005889,18,3,10,130,5,1,1,2.0,1.0,21515,M,4731248.0,510295.0,21
201800005890,18,3,25,1410,1,1,3,1.0,3.0,21605,M,4729181.0,509099.0,21
201800005891,18,3,28,2015,3,2,1,2.0,2.0,21171,M,4729543.0,512655.0,21
201800005892,18,5,13,1720,1,1,1,8.0,7.0,21540,M,4732437.0,509527.0,21
201800005893,18,7,11,1710,1,1,6,1.0,5.0,21473,M,4727467.0,506193.0,21
201800005894,18,8,4,1715,1,2,9,9.0,3.0,21515,M,4731587.0,511262.0,21
201800005895,18,11,19,215,5,2,1,1.0,6.0,21515,M,4731222.0,510505.0,21
201800005896,18,12,20,755,1,2,1,1.0,6.0,21515,M,4730911.0,509515.0,21
201800005897,18,12,27,2140,5,2,1,1.0,6.0,21515,M,4731248.0,510295.0,21
201800005898,18,1,18,755,1,1,9,1.0,3.0,13040,M,4346880.0,559786.0,13
201800005899,18,5,13,1230,1,1,1,3.0,2.0,13090,M,4352071.0,557346.0,13
201800005900,18,5,27,1420,1,2,1,1.0,6.0,13040,M,4347859.0,554022.0,13
201800005901,18,6,19,1820,1,2,3,1.0,2.0,13040,M,4344932.0,555399.0,13
201800005902,18,6,15,2010,1,2,1,1.0,7.0,13087,M,4347611.0,561946.0,13
201800005903,18,6,21,1700,1,2,6,1.0,1.0,13040,M,4344596.0,556047.0,13
201800005904,18,9,14,250,3,1,1,1.0,6.0,13040,M,4347985.0,555079.0,13
201800005905,18,9,28,900,1,2,2,7.0,1.0,13040,M,4345157.0,556589.0,13
201800005906,18,11,4,550,3,1,1,1.0,6.0,13040,M,4347929.0,555790.0,13
201800005907,18,12,8,2115,3,1,1,1.0,6.0,13040,M,4347062.0,554538.0,13
201800005908,18,1,16,1050,1,1,1,2.0,3.0,07019,M,4459454.0,441789.0,07
201800005909,18,1,27,1830,2,2,4,1.0,1.0,07019,M,4462481.0,438252.0,07
201800005910,18,2,1,2030,3,2,1,1.0,6.0,07019,M,4462820.0,437591.0,07
201800005911,18,2,25,325,5,2,1,1.0,1.0,07231,M,4459344.0,437802.0,07
201800005912,18,4,13,1445,1,2,1,3.0,6.0,07019,M,4462337.0,438356.0,07
201800005913,18,4,28,1850,1,2,7,1.0,5.0,07331,M,4466500.0,436600.0,07
201800005914,18,5,18,845,1,2,1,1.0,6.0,07019,M,4461166.0,439138.0,07
201800005915,18,5,30,1800,1,1,1,1.0,6.0,07019,M,4461602.0,438340.0,07
201800005916,18,6,17,1445,1,1,1,1.0,1.0,07116,M,4464344.0,436899.0,07
201800005917,18,6,18,1600,1,1,1,1.0,1.0,07019,M,4459260.0,442300.0,07
201800005918,18,7,9,745,1,2,3,1.0,3.0,07116,M,4463837.0,437276.0,07
201800005919,18,7,19,940,1,1,1,1.0,6.0,07331,M,4465208.0,436520.0,07
201800005920,18,8,28,1750,1,2,1,1.0,6.0,07231,M,4459796.0,438264.0,07
201800005921,18,8,31,110,3,1,6,1.0,6.0,07231,M,4459843.0,439468.0,07
201800005922,18,9,10,1455,1,1,1,1.0,3.0,07019,M,4462401.0,438698.0,07
201800005923,18,9,4,1005,1,2,1,1.0,6.0,07231,M,4460017.0,438607.0,07
201800005924,18,9,25,835,2,2,1,1.0,6.0,07019,M,4462248.0,438306.0,07
201800005925,18,9,28,1345,1,2,1,1.0,1.0,07019,M,,,07
201800005926,18,10,9,1425,1,2,1,1.0,6.0,07019,M,4461799.0,439364.0,07
201800005927,18,11,11,2230,5,2,1,8.0,1.0,07325,M,4462627.0,440365.0,07
201800005928,18,11,7,1135,1,2,3,3.0,1.0,07331,M,4465963.0,436800.0,07
201800005929,18,12,8,545,5,1,1,1.0,1.0,07231,M,4459453.0,439216.0,07
201800005930,18,7,25,1025,1,2,1,1.0,6.0,07316,M,4491220.0,485536.0,07
201800005931,18,7,27,815,1,2,3,1.0,3.0,07281,M,4495111.0,484483.0,07
201800005932,18,9,20,2015,1,1,1,1.0,3.0,07316,M,4491299.0,485602.0,07
201800005933,18,10,15,1105,1,2,1,1.0,3.0,07281,M,4494927.0,484199.0,07
201800005934,18,10,31,1320,1,1,3,2.0,2.0,07070,M,4497922.0,485058.0,07
201800005935,18,11,3,430,5,2,6,1.0,6.0,07102,M,4493766.0,486388.0,07
201800005936,18,11,28,1630,2,2,1,1.0,3.0,07316,M,4489228.0,485055.0,07
201800005937,18,3,16,1520,1,2,1,1.0,2.0,07186,M,4472413.0,460486.0,07
201800005938,18,3,28,1330,1,1,1,1.0,1.0,07008,M,4471165.0,461966.0,07
201800005939,18,4,14,1955,1,1,1,1.0,7.0,07072,M,4473496.0,461774.0,07
201800005940,18,4,22,1730,1,2,1,1.0,7.0,07008,M,4471079.0,463323.0,07
201800005941,18,5,7,1710,1,2,1,1.0,6.0,07186,M,4473476.0,459956.0,07
201800005942,18,5,16,600,2,1,1,1.0,7.0,07186,M,4473700.0,461579.0,07
201800005943,18,5,25,800,1,1,1,1.0,6.0,07186,M,4470680.0,458980.0,07
201800005944,18,6,9,1100,1,2,1,1.0,6.0,07186,M,4473474.0,460094.0,07
201800005945,18,7,22,2115,2,2,1,1.0,1.0,07008,M,4471131.0,463369.0,07
201800005946,18,8,6,940,1,2,1,1.0,2.0,07186,M,4473803.0,459929.0,07
201800005947,18,8,8,1400,1,2,1,1.0,1.0,07186,M,4473373.0,460680.0,07
201800005948,18,10,28,1000,1,2,1,1.0,7.0,07340,M,4472947.0,457344.0,07
201800005949,18,11,3,1020,1,2,2,1.0,3.0,07186,M,4473611.0,459380.0,07
201800005950,18,1,9,930,2,1,1,1.0,1.0,34123,M,4362689.0,378568.0,34
201800005951,18,1,19,1500,1,2,1,1.0,3.0,34163,M,4364303.0,369593.0,34
201800005952,18,2,2,1045,1,2,3,1.0,3.0,34179,M,4360867.0,373812.0,34
201800005953,18,2,14,2040,4,2,2,2.0,5.0,34134,M,4359006.0,380095.0,34
201800005954,18,6,13,1528,1,1,1,1.0,6.0,34179,M,4360421.0,374271.0,34
201800005955,18,8,20,230,3,2,3,1.0,6.0,34259,M,4361383.0,378574.0,34
201800005956,18,8,20,1320,1,1,3,1.0,3.0,34259,M,4363151.0,376522.0,34
201800005957,18,11,12,2000,5,2,1,8.0,7.0,34123,M,4362813.0,379982.0,34
201800005958,18,12,27,1750,5,1,1,1.0,2.0,34202,M,4358275.0,377381.0,34
201800005959,18,2,14,700,1,1,1,5.0,6.0,91319,M,4864212.0,215692.0,91
201800005960,18,2,25,1010,1,1,1,1.0,1.0,78009,M,4845991.0,191232.0,78
201800005961,18,2,28,1355,1,1,1,1.0,6.0,78564,M,4851498.0,190802.0,78
201800005962,18,3,9,1830,1,1,9,1.0,6.0,78009,M,4845650.0,191164.0,78
201800005963,18,3,19,2100,3,1,1,1.0,6.0,28363,M,4840460.0,189464.0,28
201800005964,18,3,31,1415,1,1,1,1.0,6.0,91017,M,4859468.0,204786.0,91
201800005965,18,4,19,1415,1,1,1,1.0,2.0,78569,M,4854808.0,191504.0,78
201800005966,18,4,29,1120,1,1,1,2.0,2.0,28092,M,4835280.0,187395.0,28
201800005967,18,5,8,1900,1,1,1,1.0,6.0,91319,M,4864212.0,215692.0,91
201800005968,18,5,10,1500,1,1,1,1.0,6.0,28092,M,4836489.0,188126.0,28
201800005969,18,5,20,1730,1,1,1,1.0,6.0,78003,M,4852415.0,183220.0,78
201800005970,18,6,17,1350,1,1,1,1.0,3.0,28276,M,4830665.0,186235.0,28
201800005971,18,7,8,510,2,1,1,1.0,6.0,78349,M,4857449.0,200176.0,78
201800005972,18,7,25,305,3,1,1,1.0,2.0,91249,M,4860129.0,206842.0,91
201800005973,18,7,27,1100,1,1,1,1.0,2.0,78349,M,4857426.0,200179.0,78
201800005974,18,8,3,640,2,1,1,1.0,7.0,78506,M,4851873.0,179493.0,78
201800005975,18,8,12,1300,1,1,1,1.0,6.0,28169,M,4843471.0,190505.0,28
201800005976,18,8,17,955,1,1,1,1.0,6.0,78601,M,4853933.0,188927.0,78
201800005977,18,8,29,410,3,1,1,2.0,6.0,78009,M,4847784.0,191337.0,78
201800005978,18,9,24,1540,1,1,1,1.0,5.0,78003,M,4852836.0,184201.0,78
201800005979,18,10,22,110,3,1,1,1.0,5.0,78349,M,4856469.0,197351.0,78
201800005980,18,12,8,1950,3,1,1,2.0,6.0,91249,M,4860352.0,207493.0,91
201800005981,18,4,8,730,1,2,1,1.0,2.0,69080,M,4555246.0,471457.0,69
201800005982,18,4,8,1545,1,1,1,1.0,7.0,69119,M,4549399.0,466773.0,69
201800005983,18,4,24,1650,1,1,2,1.0,3.0,69064,M,4549653.0,472171.0,69
201800005984,18,6,24,1740,1,1,1,1.0,3.0,69097,M,4552211.0,474227.0,69
201800005985,18,7,20,1215,1,1,1,1.0,2.0,69253,M,4548356.0,478945.0,69
201800005986,18,8,7,1940,1,1,2,1.0,3.0,69064,M,4549650.0,472180.0,69
201800005987,18,9,11,1700,1,1,3,1.0,3.0,69007,M,4549784.0,482383.0,69
201800005988,18,9,29,1500,1,2,1,1.0,6.0,69118,M,4555921.0,480783.0,69
201800005989,18,11,19,1815,5,2,7,2.0,3.0,69007,M,4548870.0,480899.0,69
201800005990,18,12,17,1955,5,2,1,1.0,6.0,69064,M,4546104.0,476638.0,69
201800005991,18,1,10,1930,3,1,1,1.0,7.0,33229,M,4478150.0,-94557.0,33
201800005992,18,4,25,1040,1,2,1,1.0,6.0,33229,M,4470241.0,-103430.0,33
201800005993,18,6,15,1807,1,2,3,1.0,1.0,33229,M,4471082.0,-105402.0,33
201800005994,18,7,1,1100,1,1,1,1.0,6.0,33229,M,4478088.0,-95070.0,33
201800005995,18,7,5,1020,1,2,3,1.0,6.0,33005,M,4474252.0,-109770.0,33
201800005996,18,9,2,1900,1,2,2,1.0,3.0,33005,M,4473622.0,-108718.0,33
201800005997,18,10,19,750,2,2,1,1.0,6.0,33005,M,4474002.0,-109360.0,33
201800005998,18,2,3,1915,3,1,1,2.0,2.0,95149,M,4913360.0,243510.0,95
201800005999,18,10,1,1040,1,2,1,1.0,3.0,60505,M,4915501.0,255033.0,60
201800006000,18,12,19,1910,5,2,3,1.0,5.0,60482,M,4915491.0,252094.0,60
201800006001,18,1,18,1605,2,1,1,4.0,6.0,73257,M,4538617.0,650348.0,73
201800006002,18,3,12,845,1,1,1,4.0,1.0,73257,M,4532253.0,653454.0,73
201800006003,18,7,19,900,1,1,1,1.0,6.0,73257,M,4538188.0,650455.0,73
201800006004,18,11,4,150,3,1,1,1.0,6.0,73257,M,4546316.0,654186.0,73
201800006005,18,1,15,730,2,1,1,1.0,2.0,51545,M,4874886.0,422976.0,51
201800006006,18,2,9,1915,3,1,1,4.0,2.0,51409,M,4886204.0,428586.0,51
201800006007,18,2,12,1150,1,1,1,1.0,6.0,51205,M,4903378.0,439444.0,51
201800006008,18,3,24,855,1,1,9,1.0,6.0,51595,M,4879329.0,427152.0,51
201800006009,18,4,7,1530,1,1,9,1.0,4.0,51312,M,4904921.0,428305.0,51
201800006010,18,8,18,208,3,1,1,1.0,6.0,51099,M,4879767.0,427600.0,51
201800006011,18,1,11,2130,3,1,1,8.0,5.0,77333,M,4828333.0,269944.0,77
201800006012,18,1,31,1910,3,1,9,3.0,6.0,77006,M,4841853.0,254313.0,77
201800006013,18,3,12,1630,1,1,2,1.0,3.0,77185,M,4846370.0,255497.0,77
201800006014,18,3,19,1000,1,1,1,1.0,6.0,77407,M,4851045.0,250914.0,77
201800006015,18,4,2,630,3,1,1,1.0,3.0,77359,M,4848120.0,251428.0,77
201800006016,18,4,16,1045,1,1,1,1.0,2.0,77185,M,4844174.0,253189.0,77
201800006017,18,4,20,300,3,1,1,1.0,6.0,45032,M,4813402.0,293093.0,45
201800006018,18,4,26,35,3,1,9,1.0,7.0,77185,M,4846811.0,253849.0,77
201800006019,18,4,14,430,3,1,1,1.0,2.0,77071,M,4819671.0,280816.0,77
201800006020,18,6,6,1740,1,1,1,3.0,6.0,77520,M,4831293.0,263851.0,77
201800006021,18,6,12,2305,3,1,1,1.0,2.0,77168,M,4816147.0,287837.0,77
201800006022,18,6,27,1520,1,1,2,1.0,3.0,77069,M,4845748.0,258807.0,77
201800006023,18,7,21,510,2,1,1,1.0,4.0,77168,M,4816916.0,286499.0,77
201800006024,18,8,21,1255,1,1,1,1.0,2.0,77185,M,4842574.0,254005.0,77
201800006025,18,9,25,750,1,1,1,1.0,4.0,77520,M,4831504.0,263075.0,77
201800006026,18,9,29,2320,5,1,1,1.0,2.0,77156,M,4826245.0,272410.0,77
201800006027,18,9,29,1130,1,1,1,7.0,2.0,77333,M,4825477.0,273001.0,77
201800006028,18,10,11,330,3,1,1,2.0,3.0,77168,M,4817276.0,285941.0,77
201800006029,18,10,17,1605,1,1,1,1.0,6.0,77069,M,4845510.0,261570.0,77
201800006030,18,11,11,1815,5,1,9,2.0,6.0,77006,M,4841566.0,254573.0,77
201800006031,18,11,28,1410,1,1,1,2.0,7.0,77185,M,4846486.0,254974.0,77
201800006032,18,11,28,800,2,1,1,3.0,6.0,91441,M,4850699.0,251103.0,91
201800006033,18,12,16,1600,1,1,1,2.0,6.0,77088,M,4832550.0,260622.0,77
201800006034,18,12,21,440,3,1,1,2.0,6.0,77168,M,4816934.0,286474.0,77
201800006035,18,12,27,930,1,1,1,5.0,6.0,77477,M,4834778.0,258781.0,77
201800006036,18,1,1,605,3,1,1,2.0,7.0,62042,M,5031508.0,283899.0,62
201800006037,18,1,8,1910,3,1,1,1.0,6.0,62559,M,5020845.0,310022.0,62
201800006038,18,2,19,1950,3,1,1,2.0,4.0,62873,M,5025409.0,285908.0,62
201800006039,18,3,18,1450,1,1,1,1.0,6.0,62355,M,5033756.0,292588.0,62
201800006040,18,3,15,1735,1,1,1,1.0,7.0,62280,M,5025763.0,300831.0,62
201800006041,18,3,31,437,3,1,1,1.0,7.0,62317,M,5026451.0,299156.0,62
201800006042,18,5,6,2355,3,1,1,1.0,4.0,62873,M,5025409.0,285908.0,62
201800006043,18,6,17,715,1,1,1,8.0,2.0,62121,M,5013381.0,287190.0,62
201800006044,18,6,22,1515,1,1,1,1.0,3.0,62427,M,5039402.0,298257.0,62
201800006045,18,6,22,230,3,1,1,8.0,6.0,62259,M,5019746.0,286913.0,62
201800006046,18,6,9,20,3,1,1,1.0,4.0,62384,M,5013387.0,311119.0,62
201800006047,18,7,6,2105,1,1,1,1.0,5.0,62829,M,5005560.0,287428.0,62
201800006048,18,8,10,1730,1,1,1,1.0,7.0,62280,M,5025825.0,300661.0,62
201800006049,18,9,18,847,1,1,1,1.0,2.0,62829,M,5004720.0,287627.0,62
201800006050,18,10,29,940,1,1,1,1.0,4.0,62829,M,5004720.0,287627.0,62
201800006051,18,11,20,228,3,1,1,1.0,2.0,62873,M,5025409.0,285908.0,62
201800006052,18,12,28,730,3,1,1,5.0,5.0,62829,M,5004720.0,287627.0,62
201800006053,18,12,28,2000,3,1,1,1.0,2.0,62594,M,5015724.0,287326.0,62
201800006054,18,1,8,2015,3,1,9,1.0,6.0,80685,M,4970118.0,277150.0,80
201800006055,18,2,21,1845,3,1,1,1.0,6.0,80521,M,4996905.0,286115.0,80
201800006056,18,5,17,810,1,1,1,1.0,2.0,80204,M,5000848.0,287694.0,80
201800006057,18,5,19,225,3,1,1,1.0,3.0,80467,M,4966550.0,276827.0,80
201800006058,18,6,11,850,1,1,1,1.0,4.0,80521,M,4998105.0,286765.0,80
201800006059,18,7,9,1716,1,1,1,1.0,2.0,80555,M,4983170.0,304058.0,80
201800006060,18,8,3,2030,1,1,1,1.0,2.0,80307,M,4994002.0,285203.0,80
201800006061,18,8,18,1645,1,1,1,1.0,3.0,80101,M,4964436.0,275968.0,80
201800006062,18,9,25,1110,1,1,1,1.0,6.0,80467,M,4967164.0,277063.0,80
201800006063,18,10,14,1405,1,1,1,1.0,7.0,80467,M,4967164.0,277063.0,80
201800006064,18,11,13,310,3,1,1,1.0,2.0,80521,M,4998105.0,286765.0,80
201800006065,18,1,18,750,1,1,1,7.0,2.0,13118,M,,,13
201800006066,18,1,26,1915,3,1,1,3.0,3.0,13049,M,4370067.0,509867.0,13
201800006067,18,2,6,610,3,1,1,1.0,3.0,13067,M,4378849.0,504618.0,13
201800006068,18,3,25,1545,1,1,1,1.0,3.0,13067,M,4378849.0,504618.0,13
201800006069,18,3,28,1547,1,1,1,1.0,6.0,13103,M,,,13
201800006070,18,4,7,2130,3,1,1,1.0,5.0,13103,M,4363380.0,504068.0,13
201800006071,18,4,16,612,3,1,1,1.0,2.0,13105,M,,,13
201800006072,18,4,25,1200,1,1,1,1.0,5.0,13105,M,,,13
201800006073,18,5,4,630,2,1,1,1.0,7.0,13051,M,4358780.0,519844.0,13
201800006074,18,5,21,2015,2,1,1,8.0,6.0,13097,M,4363875.0,489263.0,13
201800006075,18,6,1,810,1,1,1,1.0,4.0,13105,M,4374639.0,508577.0,13
201800006076,18,5,31,1809,1,1,1,8.0,6.0,13018,M,4386439.0,497138.0,13
201800006077,18,6,16,740,1,1,1,1.0,2.0,13067,M,4378849.0,504618.0,13
201800006078,18,6,21,1605,1,1,1,1.0,4.0,13051,M,4359288.0,517807.0,13
201800006079,18,6,21,1832,1,1,1,1.0,4.0,13051,M,4359288.0,517807.0,13
201800006080,18,7,7,500,4,1,1,1.0,2.0,13001,M,4352988.0,539510.0,13
201800006081,18,7,9,1300,1,1,1,1.0,2.0,13103,M,4364628.0,506757.0,13
201800006082,18,7,14,1200,1,1,1,1.0,4.0,13118,M,4355364.0,525746.0,13
201800006083,18,7,15,1030,1,1,1,1.0,7.0,13112,M,4352396.0,524941.0,13
201800006084,18,7,20,325,3,1,1,1.0,2.0,13118,M,4355475.0,528752.0,13
201800006085,18,8,6,1645,1,1,1,1.0,4.0,13103,M,4362568.0,508640.0,13
201800006086,18,8,7,1005,1,1,1,1.0,7.0,13051,M,4359776.0,516072.0,13
201800006087,18,8,11,1830,1,1,1,1.0,5.0,13103,M,4363380.0,504068.0,13
201800006088,18,8,11,1800,1,1,1,1.0,3.0,13051,M,4359288.0,517807.0,13
201800006089,18,8,12,1330,1,1,1,1.0,4.0,13069,M,,,13
201800006090,18,8,13,1045,1,1,1,1.0,5.0,13118,M,4355262.0,525364.0,13
201800006091,18,8,17,430,3,1,1,1.0,5.0,13103,M,4365285.0,510752.0,13
201800006092,18,8,24,130,3,1,1,1.0,4.0,13049,M,4369665.0,509789.0,13
201800006093,18,8,31,1905,1,1,1,1.0,2.0,13051,M,4359796.0,516031.0,13
201800006094,18,9,5,1620,1,1,1,1.0,4.0,13051,M,4359554.0,516807.0,13
201800006095,18,9,16,2040,3,1,1,1.0,5.0,13018,M,4386439.0,497138.0,13
201800006096,18,9,28,410,3,1,1,1.0,2.0,13114,M,4355196.0,531543.0,13
201800006097,18,9,28,1110,1,1,1,1.0,7.0,13114,M,4353912.0,534380.0,13