Num_Acc,an,mois,jour,hrmn,lum,agg,int,atm,col,com,gps,lat,long,dep
201800006098,18,10,13,700,3,1,1,1.0,3.0,13097,M,4363875.0,489263.0,13
201800006099,18,9,26,1350,1,1,1,1.0,6.0,13067,M,4378849.0,504618.0,13
201800006100,18,10,25,1715,1,1,1,1.0,3.0,13103,M,4362683.0,510374.0,13
201800006101,18,10,26,1730,1,1,1,1.0,4.0,13051,M,4359288.0,517807.0,13
201800006102,18,11,1,215,3,1,1,3.0,5.0,13067,M,4378849.0,504618.0,13
201800006103,18,11,7,520,3,1,1,1.0,2.0,13049,M,4370067.0,509867.0,13
201800006104,18,11,20,1900,3,1,1,2.0,2.0,13118,M,4355364.0,525746.0,13
201800006105,18,11,20,655,3,1,1,1.0,6.0,13067,M,,,13
201800006106,18,11,23,2125,3,1,1,3.0,3.0,13118,M,,,13
201800006107,18,12,9,2045,3,1,1,1.0,2.0,13118,M,4355265.0,523152.0,13
201800006108,18,12,11,1400,1,1,1,1.0,6.0,13001,M,4353277.0,537646.0,13
201800006109,18,12,14,1840,2,1,1,1.0,4.0,13051,M,4359288.0,517807.0,13
201800006110,18,12,16,1030,1,1,1,2.0,6.0,13051,M,,,13
201800006111,18,12,28,1100,1,1,1,1.0,5.0,13069,M,4361648.0,514026.0,13
201800006112,18,1,9,1850,3,1,1,1.0,2.0,84141,M,4396958.0,489712.0,84
201800006113,18,4,10,1111,1,1,1,1.0,2.0,84039,M,4410032.0,486437.0,84
201800006114,18,4,12,940,1,1,1,2.0,6.0,84078,M,4424455.0,470816.0,84
201800006115,18,5,3,145,3,1,9,1.0,4.0,84091,M,4417158.0,476003.0,84
201800006116,18,5,21,220,3,1,1,1.0,2.0,84081,M,4392834.0,491292.0,84
201800006117,18,6,3,715,2,1,1,8.0,6.0,84007,M,4389753.0,491519.0,84
201800006118,18,6,11,525,3,1,1,3.0,6.0,84141,M,4396958.0,489712.0,84
201800006119,18,7,14,1545,1,1,1,1.0,3.0,84019,M,4428755.0,474063.0,84
201800006120,18,7,18,1445,1,1,1,1.0,4.0,84141,M,4396958.0,489712.0,84
201800006121,18,7,19,2300,3,1,1,1.0,6.0,84081,M,4392834.0,491292.0,84
201800006122,18,7,22,40,3,1,1,1.0,4.0,30326,M,4400641.0,470914.0,30
201800006123,18,7,21,2325,3,1,1,1.0,4.0,30221,M,4402664.0,474359.0,30
201800006124,18,7,25,1950,1,1,1,1.0,4.0,84141,M,4397228.0,490567.0,84
201800006125,18,8,16,730,1,1,1,1.0,4.0,30326,M,4400121.0,470216.0,30
201800006126,18,8,17,1120,1,1,1,1.0,2.0,30326,M,4400641.0,470914.0,30
201800006127,18,11,30,130,4,1,1,1.0,2.0,84016,M,4404763.0,488803.0,84
201800006128,18,12,1,1113,1,1,1,1.0,7.0,84081,M,4390976.0,491354.0,84
201800006129,18,9,27,810,1,2,3,1.0,3.0,71077,M,4627689.0,401429.0,71
201800006130,18,12,31,500,3,1,1,1.0,6.0,27258,M,4933194.0,39491.0,27
201800006131,18,2,4,136,3,1,1,1.0,1.0,27227,M,4937194.0,66984.0,27
201800006132,18,3,3,100,3,1,1,1.0,6.0,76682,M,4931605.0,110722.0,76
201800006133,18,3,4,820,1,1,1,2.0,6.0,27581,M,4939498.0,53157.0,27
201800006134,18,3,5,1320,1,1,1,1.0,6.0,27065,M,4933802.0,36533.0,27
201800006135,18,3,23,730,1,1,1,8.0,3.0,76705,M,4932704.0,109440.0,76
201800006136,18,3,27,1200,1,1,1,2.0,7.0,27091,M,4936358.0,83698.0,27
201800006137,18,4,8,1500,1,1,1,1.0,6.0,27102,M,4936674.0,79369.0,27
201800006138,18,4,16,1610,1,1,1,1.0,1.0,76319,M,4933960.0,101600.0,76
201800006139,18,5,11,1050,1,1,1,1.0,5.0,76319,M,4933968.0,102184.0,76
201800006140,18,6,29,1440,1,1,1,1.0,5.0,27558,M,4927356.0,75845.0,27
201800006141,18,6,30,135,3,1,1,1.0,2.0,76457,M,4933840.0,96818.0,76
201800006142,18,7,4,700,1,1,9,1.0,7.0,76484,M,4934649.0,103857.0,76
201800006143,18,7,14,1700,1,1,1,1.0,2.0,76682,M,4931605.0,110722.0,76
201800006144,18,8,8,1659,1,1,1,1.0,2.0,76705,M,4932747.0,109072.0,76
201800006145,18,9,20,2245,3,1,1,1.0,4.0,76705,M,4932748.0,109063.0,76
201800006146,18,10,20,1200,1,1,1,1.0,7.0,27497,M,4937034.0,73243.0,27
201800006147,18,11,16,755,2,1,1,5.0,5.0,27105,M,4929284.0,86345.0,27
201800006148,18,11,18,2000,4,1,1,8.0,7.0,76484,M,4934649.0,103857.0,76
201800006149,18,12,28,2200,3,1,1,5.0,6.0,27580,M,4934370.0,92278.0,27
201800006150,18,1,16,836,2,1,1,1.0,1.0,27348,M,4933476.0,115354.0,27
201800006151,18,1,17,715,3,1,1,4.0,7.0,27697,M,4920299.0,122471.0,27
201800006152,18,2,1,1545,1,1,1,1.0,2.0,27399,M,4907958.0,138812.0,27
201800006153,18,2,16,1900,3,1,1,1.0,2.0,27335,M,4913860.0,118190.0,27
201800006154,18,2,19,730,2,1,1,5.0,2.0,27517,M,4912377.0,132639.0,27
201800006155,18,3,12,1825,1,1,1,1.0,7.0,27701,M,4923137.0,120552.0,27
201800006156,18,4,14,1915,2,1,1,8.0,7.0,27005,M,4915848.0,126967.0,27
201800006157,18,5,16,615,2,1,1,1.0,2.0,27469,M,4927790.0,112940.0,27
201800006158,18,6,21,1429,1,1,1,1.0,2.0,27147,M,4910754.0,118738.0,27
201800006159,18,6,26,1915,1,1,1,1.0,6.0,27517,M,4911840.0,133110.0,27
201800006160,18,7,3,1230,1,1,1,1.0,4.0,27203,M,4906141.0,142645.0,27
201800006161,18,7,5,745,1,1,9,1.0,6.0,27701,M,4924073.0,118555.0,27
201800006162,18,7,15,655,1,1,1,1.0,7.0,27517,M,4912673.0,132364.0,27
201800006163,18,7,25,1325,1,1,1,1.0,6.0,27598,M,4921600.0,121600.0,27
201800006164,18,9,10,451,3,1,1,1.0,1.0,27469,M,4928960.0,115715.0,27
201800006165,18,10,7,1910,5,1,1,1.0,6.0,27697,M,4920794.0,122122.0,27
201800006166,18,10,15,1635,1,2,3,1.0,3.0,27365,M,4928876.0,120424.0,27
201800006167,18,11,21,1330,1,1,1,1.0,2.0,27249,M,4917434.0,124558.0,27
201800006168,18,12,14,1400,1,1,1,1.0,1.0,27358,M,4903327.0,128867.0,27
201800006169,18,1,12,1645,2,1,1,1.0,2.0,60125,M,4938894.0,270019.0,60
201800006170,18,12,19,240,3,2,1,1.0,2.0,60125,M,4939680.0,269735.0,60
201800006171,18,4,5,1230,1,1,1,1.0,2.0,60019,M,4950673.0,271809.0,60
201800006172,18,4,15,845,1,1,1,1.0,3.0,60160,M,4961660.0,275532.0,60
201800006173,18,7,10,945,1,1,1,1.0,2.0,60558,M,4958644.0,274793.0,60
201800006174,18,8,21,1408,1,1,1,1.0,2.0,60100,M,4924971.0,267890.0,60
201800006175,18,9,1,2150,3,1,1,1.0,6.0,60138,M,4921937.0,263421.0,60
201800006176,18,10,8,800,2,1,1,1.0,6.0,60149,M,4933770.0,269495.0,60
201800006177,18,11,1,730,2,1,1,1.0,2.0,60229,M,4937455.0,270413.0,60
201800006178,18,1,8,2230,3,1,1,8.0,6.0,69013,M,4601625.0,472750.0,69
201800006179,18,1,9,1655,1,1,1,1.0,6.0,69206,M,4605917.0,473622.0,69
201800006180,18,3,26,1625,1,1,1,1.0,2.0,69013,M,4600748.0,473141.0,69
201800006181,18,4,30,2130,5,1,9,2.0,6.0,69115,M,4597362.0,473209.0,69
201800006182,18,5,6,15,3,1,1,1.0,6.0,69206,M,4605223.0,469559.0,69
201800006183,18,5,9,1545,1,1,9,1.0,2.0,69077,M,4616517.0,477086.0,69
201800006184,18,5,13,1722,1,1,1,3.0,2.0,69206,M,4605917.0,473622.0,69
201800006185,18,5,27,500,3,1,9,3.0,4.0,69242,M,4612346.0,476405.0,69
201800006186,18,10,15,1035,1,1,9,1.0,3.0,69019,M,4609803.0,474855.0,69
201800006187,18,10,15,1549,1,1,1,1.0,2.0,69206,M,4609618.0,474759.0,69
201800006188,18,10,17,630,3,1,1,1.0,5.0,69077,M,4614978.0,477025.0,69
201800006189,18,11,8,1510,1,1,1,3.0,1.0,69019,M,4609803.0,474855.0,69
201800006190,18,7,24,2320,3,1,1,1.0,4.0,59597,M,5020061.0,321564.0,59
201800006191,18,8,24,330,3,1,9,1.0,2.0,59377,M,5011143.0,317454.0,59
201800006192,18,6,4,818,1,1,1,1.0,5.0,64230,M,4316470.0,-44379.0,64
201800006193,18,11,2,1424,1,1,9,1.0,3.0,64065,M,4336010.0,-163479.0,64
201800006194,18,2,6,808,2,1,1,5.0,3.0,38231,M,4551094.0,518380.0,38
201800006195,18,2,21,1230,1,1,4,1.0,1.0,38480,M,4556149.0,497961.0,38
201800006196,18,2,22,900,1,1,1,1.0,2.0,38348,M,4557413.0,531057.0,38
201800006197,18,3,9,1030,1,1,1,1.0,3.0,38449,M,4564805.0,511172.0,38
201800006198,18,3,12,937,1,2,1,1.0,3.0,38475,M,4566564.0,514004.0,38
201800006199,18,3,21,1600,1,1,1,1.0,7.0,38381,M,4556368.0,548926.0,38
201800006200,18,4,22,1829,1,1,1,1.0,6.0,38401,M,4556077.0,542364.0,38
201800006201,18,5,25,1346,1,2,1,1.0,1.0,38097,M,4576767.0,518131.0,38
201800006202,18,6,26,1851,1,1,2,7.0,4.0,38415,M,4564272.0,523952.0,38
201800006203,18,7,15,2350,3,1,1,1.0,6.0,38276,M,4558209.0,530331.0,38
201800006204,18,7,31,1545,1,1,1,1.0,7.0,38449,M,4565267.0,511824.0,38
201800006205,18,8,25,1720,1,1,1,1.0,7.0,38377,M,4556364.0,548693.0,38
201800006206,18,9,9,950,1,1,1,1.0,2.0,38053,M,4558885.0,529969.0,38
201800006207,18,9,10,1630,1,2,1,1.0,1.0,38085,M,4574968.0,515753.0,38
201800006208,18,9,13,845,1,1,1,1.0,4.0,38553,M,4563025.0,516522.0,38
201800006209,18,9,26,1300,1,1,1,1.0,1.0,38498,M,4552965.0,534396.0,38
201800006210,18,10,2,900,1,1,1,1.0,6.0,38377,M,4556357.0,549552.0,38
201800006211,18,10,13,2338,3,1,1,1.0,2.0,38530,M,4562117.0,518353.0,38
201800006212,18,10,20,1035,1,1,1,1.0,1.0,38064,M,4556029.0,538619.0,38
201800006213,18,10,25,721,3,1,1,1.0,2.0,38509,M,4555849.0,545370.0,38
201800006214,18,11,7,1700,2,2,4,8.0,2.0,38553,M,4562340.0,515483.0,38
201800006215,18,11,13,1344,1,1,6,1.0,3.0,38449,M,4565630.0,510002.0,38
201800006216,18,11,21,1100,1,1,1,8.0,2.0,38449,M,4564484.0,510413.0,38
201800006217,18,12,15,36,3,1,1,1.0,2.0,38064,M,4556174.0,537826.0,38
201800006218,18,12,21,1930,3,1,1,2.0,4.0,38348,M,4557092.0,533232.0,38
201800006219,18,1,7,1408,1,2,1,1.0,6.0,68118,M,4771784.0,742191.0,68
201800006220,18,1,19,920,1,2,2,7.0,1.0,68278,M,4776738.0,739244.0,68
201800006221,18,3,23,645,2,2,1,1.0,3.0,68118,M,4772088.0,741851.0,68
201800006222,18,3,28,1110,1,2,2,1.0,5.0,68118,M,4772879.0,741705.0,68
201800006223,18,5,25,720,1,1,1,1.0,6.0,68118,M,4771925.0,741134.0,68
201800006224,18,6,15,2312,5,2,2,1.0,3.0,68278,M,4774984.0,740784.0,68
201800006225,18,7,7,1250,1,2,1,1.0,3.0,68118,M,4772434.0,742620.0,68
201800006226,18,8,20,1800,1,2,1,1.0,3.0,68118,M,4773159.0,741895.0,68
201800006227,18,9,25,1130,1,2,4,7.0,3.0,68278,M,4774799.0,739834.0,68
201800006228,18,10,13,1755,2,2,1,1.0,6.0,68278,M,4775068.0,740967.0,68
201800006229,18,10,20,2000,5,2,2,1.0,1.0,68278,M,4775850.0,740029.0,68
201800006230,18,3,12,1524,1,1,1,8.0,1.0,58152,M,4688423.0,316076.0,58
201800006231,18,12,31,1740,5,2,1,8.0,3.0,95250,M,4909910.0,251070.0,95
201800006232,18,3,21,1715,1,1,1,1.0,3.0,95580,M,4909150.0,253130.0,95
201800006233,18,4,14,1510,1,2,1,1.0,3.0,95604,M,4910040.0,253210.0,95
201800006234,18,4,15,1800,1,2,1,1.0,2.0,95580,M,4909190.0,256770.0,95
201800006235,18,7,6,1220,1,1,1,1.0,5.0,95580,M,4908530.0,254560.0,95
201800006236,18,10,30,1250,1,2,3,1.0,3.0,95604,M,4910230.0,254330.0,95
201800006237,18,11,11,2335,3,2,1,2.0,2.0,95580,M,4908570.0,252980.0,95
201800006238,18,4,9,905,1,1,6,8.0,7.0,17447,M,4608356.0,-93748.0,17
201800006239,18,7,3,1604,1,1,1,1.0,3.0,17338,M,4614380.0,-72004.0,17
201800006240,18,11,27,1400,1,1,1,8.0,2.0,17267,M,4622636.0,-91973.0,17
201800006241,18,1,12,1606,1,1,1,1.0,5.0,17292,M,4596418.0,-73943.0,17
201800006242,18,2,1,1819,3,1,1,4.0,5.0,17285,M,4582222.0,-64498.0,17
201800006243,18,2,9,1420,1,1,1,1.0,6.0,17213,M,4604833.0,-53700.0,17
201800006244,18,2,13,1624,1,1,1,1.0,2.0,17354,M,4562144.0,-60851.0,17
201800006245,18,3,9,710,1,1,1,1.0,7.0,17183,M,4560396.0,-83677.0,17
201800006246,18,3,23,313,3,1,1,8.0,6.0,17196,M,4557634.0,-59971.0,17
201800006247,18,4,23,1056,1,1,1,1.0,6.0,17356,M,4598314.0,-66638.0,17
201800006248,18,5,18,600,2,1,1,1.0,6.0,17139,M,4611873.0,-53283.0,17
201800006249,18,5,25,1705,1,1,1,3.0,4.0,17299,M,4596403.0,-96723.0,17
201800006250,18,6,29,1745,1,1,1,1.0,6.0,17464,M,4607778.0,-53119.0,17
201800006251,18,8,10,210,3,1,1,1.0,6.0,17436,M,4583090.0,-63097.0,17
201800006252,18,8,31,1200,1,1,1,1.0,4.0,17044,M,4563967.0,-62542.0,17
201800006253,18,9,23,1716,1,1,1,2.0,7.0,17336,M,4575470.0,-67234.0,17
201800006254,18,10,25,1151,1,1,2,7.0,3.0,17440,M,4593817.0,-54510.0,17
201800006255,18,11,11,1830,3,1,1,2.0,6.0,17044,M,4564064.0,-62650.0,17
201800006256,18,12,11,845,1,1,1,1.0,7.0,17120,M,4573843.0,-79777.0,17
201800006257,18,7,26,913,1,1,1,7.0,7.0,42208,M,4554797.0,447431.0,42
201800006258,18,11,19,1900,3,1,1,4.0,1.0,42224,M,4532642.0,442563.0,42
201800006259,18,12,17,745,1,1,1,2.0,7.0,42097,M,4552324.0,431839.0,42
201800006260,18,7,9,1715,1,1,1,1.0,5.0,25424,M,4707996.0,635151.0,25
201800006261,18,2,11,1120,1,1,1,1.0,6.0,83116,M,4346894.0,584165.0,83
201800006262,18,4,13,245,3,1,1,2.0,7.0,83073,M,4337404.0,629778.0,83
201800006263,18,4,16,1200,1,1,1,1.0,6.0,83116,M,4345951.0,586653.0,83
201800006264,18,4,23,130,3,1,1,1.0,1.0,13087,M,4347627.0,562055.0,13
201800006265,18,5,9,2005,1,1,1,3.0,7.0,83116,M,4344870.0,588824.0,83
201800006266,18,5,9,2005,1,1,1,3.0,6.0,83116,M,4344913.0,588746.0,83
201800006267,18,6,16,1515,1,1,1,1.0,6.0,83116,M,4346985.0,583228.0,83
201800006268,18,6,30,553,2,1,1,1.0,2.0,83096,M,4347463.0,578611.0,83
201800006269,18,8,6,1710,1,1,1,3.0,2.0,13110,M,,,13
201800006270,18,11,28,340,3,1,1,1.0,2.0,83140,M,4342910.0,594324.0,83
201800006271,18,12,30,1425,1,1,1,1.0,2.0,83140,M,4340877.0,592702.0,83
201800006272,18,5,15,2246,3,1,1,1.0,6.0,74250,M,4607584.0,637964.0,74
201800006273,18,7,11,1840,1,1,1,1.0,2.0,74018,M,4609672.0,635281.0,74
201800006274,18,7,25,710,1,1,1,1.0,3.0,74133,M,4618508.0,621143.0,74
201800006275,18,12,8,705,2,1,1,1.0,2.0,74018,M,4609672.0,635281.0,74
201800006276,18,12,14,330,3,1,1,1.0,7.0,74133,M,4618508.0,621143.0,74
201800006277,18,12,16,210,3,1,1,4.0,6.0,74042,M,4606864.0,642608.0,74
201800006278,18,1,2,1705,2,1,1,1.0,5.0,30185,M,4373995.0,419604.0,30
201800006279,18,1,7,1955,3,1,1,1.0,6.0,30344,M,4375089.0,422252.0,30
201800006280,18,1,13,320,3,1,1,1.0,6.0,30156,M,4386645.0,443541.0,30
201800006281,18,4,6,1410,1,1,1,1.0,6.0,34240,M,4363520.0,396691.0,34
201800006282,18,4,25,800,1,1,1,1.0,2.0,30036,M,4377487.0,428359.0,30
201800006283,18,4,25,2130,3,1,1,1.0,7.0,30189,M,4381951.0,437478.0,30
201800006284,18,5,21,1700,1,1,1,1.0,3.0,30185,M,4374925.0,420918.0,30
201800006285,18,6,9,2030,1,1,1,1.0,2.0,30189,M,4382814.0,439488.0,30
201800006286,18,6,25,1600,1,1,1,1.0,5.0,30344,M,4375089.0,422252.0,30
201800006287,18,6,30,245,3,1,1,1.0,6.0,30347,M,4374912.0,424983.0,30
201800006288,18,6,30,2025,1,1,1,1.0,7.0,30156,M,4386645.0,443541.0,30
201800006289,18,7,8,700,1,1,1,1.0,6.0,30189,M,4383247.0,438193.0,30
201800006290,18,8,1,1000,1,1,1,1.0,6.0,30344,M,4374327.0,421720.0,30
201800006291,18,8,2,1200,1,1,1,1.0,4.0,30060,M,4379732.0,439222.0,30
201800006292,18,8,15,740,1,1,6,1.0,7.0,30123,M,4372464.0,416823.0,30
201800006293,18,8,25,1145,1,1,1,1.0,2.0,30189,M,4381951.0,437478.0,30
201800006294,18,9,13,1245,1,1,1,1.0,6.0,30258,M,4375808.0,442724.0,30
201800006295,18,9,28,600,3,1,1,1.0,2.0,30123,M,4372464.0,416823.0,30
201800006296,18,10,21,1935,3,1,1,1.0,6.0,30123,M,4371085.0,418734.0,30
201800006297,18,10,28,1300,1,1,1,2.0,7.0,30034,M,4373292.0,447121.0,30
201800006298,18,12,1,1950,3,1,1,1.0,6.0,30189,M,4381951.0,437478.0,30
201800006299,18,3,4,550,3,1,1,1.0,2.0,11262,M,4317011.0,301399.0,11
201800006300,18,7,28,737,1,1,1,1.0,2.0,11086,M,4293572.0,296965.0,11
201800006301,18,8,10,1720,1,1,1,1.0,2.0,11262,M,4317011.0,301399.0,11
201800006302,18,8,23,1845,1,1,9,1.0,4.0,11188,M,4296426.0,296882.0,11
201800006303,18,9,3,410,3,1,1,1.0,5.0,11144,M,4289403.0,299177.0,11
201800006304,18,10,15,1415,1,1,1,1.0,6.0,11262,M,4317011.0,301399.0,11
201800006305,18,11,21,726,3,1,1,1.0,5.0,11024,M,4312790.0,296266.0,11
201800006306,18,11,27,1745,3,1,1,1.0,2.0,11262,M,4317011.0,301399.0,11
201800006307,18,1,18,142,3,1,1,6.0,6.0,45067,M,4789447.0,177295.0,45
201800006308,18,4,22,1600,1,1,1,1.0,6.0,28002,M,4818984.0,185312.0,28
201800006309,18,6,13,840,1,1,1,1.0,7.0,28392,M,4823578.0,184991.0,28
201800006310,18,8,4,1653,1,1,1,1.0,6.0,28121,M,4812033.0,185132.0,28
201800006311,18,8,14,1232,1,1,1,1.0,6.0,45146,M,4770988.0,190023.0,45
201800006312,18,8,17,205,3,1,1,1.0,6.0,45154,M,4799808.0,185240.0,45
201800006313,18,8,17,1437,1,1,1,7.0,7.0,45075,M,4788876.0,183246.0,45
201800006314,18,8,20,545,5,1,9,1.0,6.0,45154,M,4798342.0,185863.0,45
201800006315,18,9,4,530,3,1,1,1.0,5.0,28392,M,4823578.0,184991.0,28
201800006316,18,9,14,2100,3,1,1,1.0,5.0,45006,M,4782641.0,185981.0,45
201800006317,18,9,26,1015,1,1,1,1.0,6.0,45146,M,4770988.0,190023.0,45
201800006318,18,10,4,850,1,1,1,1.0,5.0,45232,M,4785240.0,186604.0,45
201800006319,18,11,13,825,1,1,1,1.0,6.0,45075,M,4790051.0,182391.0,45
201800006320,18,12,23,1430,1,1,1,2.0,5.0,45008,M,4807372.0,184939.0,45
201800006321,18,7,12,340,5,1,1,1.0,6.0,73304,M,4546763.0,695957.0,73
201800006322,18,1,17,1225,1,2,1,1.0,3.0,13114,M,4354774.0,530976.0,13
201800006323,18,3,4,2230,3,1,1,2.0,1.0,13032,M,,,13
201800006324,18,6,3,2010,1,1,3,1.0,5.0,13114,M,4354616.0,533144.0,13
201800006325,18,6,3,2230,3,1,1,2.0,1.0,13114,M,4354206.0,530617.0,13
201800006326,18,7,14,1330,1,1,1,1.0,4.0,13114,M,4354679.0,532177.0,13
201800006327,18,7,21,45,5,2,1,1.0,2.0,13114,M,4354835.0,530771.0,13
201800006328,18,7,29,120,3,1,1,1.0,6.0,13032,M,4358548.0,533156.0,13
201800006329,18,8,7,1820,1,1,3,1.0,1.0,13114,M,4352687.0,528945.0,13
201800006330,18,9,10,1355,1,1,1,1.0,4.0,13114,M,4351646.0,531220.0,13
201800006331,18,11,2,2035,3,1,1,1.0,1.0,13114,M,4354671.0,531819.0,13
201800006332,18,2,14,1335,1,1,4,1.0,3.0,22277,M,4841420.0,-284776.0,22
201800006333,18,12,17,1600,1,1,1,1.0,2.0,56075,M,4792484.0,-215637.0,56
201800006334,18,1,20,450,3,1,1,1.0,4.0,21086,M,4697260.0,484110.0,21
201800006335,18,3,14,5,3,1,1,1.0,7.0,21590,M,4706535.0,476798.0,21
201800006336,18,3,15,2228,3,1,1,1.0,3.0,21086,M,4697260.0,484110.0,21
201800006337,18,6,8,1925,1,1,1,1.0,7.0,21022,M,4704588.0,501705.0,21
201800006338,18,8,1,1250,1,1,1,1.0,6.0,21333,M,4703195.0,515559.0,21
201800006339,18,11,12,1015,1,1,1,1.0,2.0,21517,M,4711913.0,496549.0,21
201800006340,18,11,25,1845,3,1,1,2.0,3.0,21590,M,4705662.0,482684.0,21
201800006341,18,12,20,1100,1,1,1,8.0,6.0,21086,M,4697260.0,484110.0,21
201800006342,18,5,31,452,2,1,1,1.0,6.0,73025,M,4556080.0,570200.0,73
201800006343,18,7,1,1500,1,1,1,1.0,4.0,73179,M,4558939.0,585659.0,73
201800006344,18,7,5,748,1,1,1,1.0,4.0,73104,M,4555701.0,573492.0,73
201800006345,18,9,1,1108,1,1,1,8.0,4.0,73184,M,4557939.0,581080.0,73
201800006346,18,9,1,1108,1,1,1,8.0,4.0,73184,M,4557939.0,581080.0,73
201800006347,18,9,2,850,1,1,1,1.0,3.0,73065,M,4561102.0,589418.0,73
201800006348,18,9,7,2239,3,1,1,1.0,6.0,73155,M,4563599.0,591850.0,73
201800006349,18,11,30,2145,5,1,1,1.0,6.0,73104,M,4555577.0,574122.0,73
201800006350,18,1,8,1517,1,1,9,1.0,6.0,38118,M,4538482.0,547233.0,38
201800006351,18,1,24,1335,1,1,1,1.0,2.0,38565,M,4530659.0,561963.0,38
201800006352,18,2,6,1013,1,1,1,1.0,4.0,38170,M,4524731.0,565494.0,38
201800006353,18,3,14,735,1,1,6,1.0,6.0,38400,M,4533527.0,558304.0,38
201800006354,18,3,22,803,1,1,6,1.0,3.0,38565,M,4530778.0,562307.0,38
201800006355,18,5,25,1033,1,1,1,1.0,6.0,38464,M,4554178.0,538714.0,38
201800006356,18,7,26,2125,5,1,1,1.0,6.0,38565,M,4528364.0,562179.0,38
201800006357,18,9,1,2215,3,1,1,1.0,6.0,38013,M,4537617.0,548260.0,38
201800006358,18,9,3,1600,1,1,1,1.0,4.0,38565,M,4529864.0,562153.0,38
201800006359,18,12,6,825,1,1,1,3.0,3.0,38565,M,4530645.0,563660.0,38
201800006360,18,3,19,30,3,1,9,4.0,2.0,55117,M,4909381.0,508867.0,55
201800006361,18,4,3,350,3,1,1,2.0,7.0,55255,M,4941337.0,538346.0,55
201800006362,18,4,6,1510,1,1,1,1.0,6.0,55567,M,4908862.0,518464.0,55
201800006363,18,6,4,1330,1,1,1,1.0,1.0,55166,M,4912356.0,538056.0,55
201800006364,18,7,25,1500,1,1,1,1.0,7.0,55276,M,4910642.0,533648.0,55
201800006365,18,8,29,650,1,1,1,1.0,7.0,55497,M,4909466.0,526697.0,55
201800006366,18,9,1,2110,3,1,1,1.0,7.0,55557,M,4913025.0,563216.0,55
201800006367,18,9,23,1710,1,1,1,3.0,6.0,55237,M,4911859.0,553484.0,55
201800006368,18,11,4,1734,3,1,1,1.0,7.0,55237,M,4911859.0,553484.0,55
201800006369,18,12,16,1405,1,1,1,5.0,2.0,55557,M,4912583.0,561139.0,55
201800006370,18,1,9,45,5,2,1,1.0,6.0,08105,M,4975243.0,472915.0,08
201800006371,18,1,17,1525,1,2,1,1.0,6.0,08105,M,4976719.0,471783.0,08
201800006372,18,1,18,740,5,2,1,3.0,6.0,08105,M,4975370.0,443090.0,08
201800006373,18,1,26,2050,5,2,3,1.0,1.0,08105,M,4976360.0,469953.0,08
201800006374,18,2,22,1210,1,2,6,1.0,6.0,08105,M,4977012.0,470698.0,08
201800006375,18,4,8,2150,5,2,1,1.0,3.0,08105,M,4978732.0,472236.0,08
201800006376,18,3,14,1625,1,2,3,1.0,6.0,08105,M,4975486.0,471996.0,08
201800006377,18,4,10,1740,1,2,3,1.0,3.0,08105,M,4974740.0,472528.0,08
201800006378,18,4,19,1305,1,2,1,1.0,6.0,08497,M,4976842.0,468011.0,08
201800006379,18,3,15,1143,1,2,3,1.0,6.0,08105,M,4976148.0,470348.0,08
201800006380,18,3,19,2100,3,1,1,3.0,2.0,08480,M,4973573.0,474697.0,08
201800006381,18,3,25,49,5,2,1,1.0,6.0,08105,M,4975404.0,472549.0,08
201800006382,18,5,17,1950,1,1,9,1.0,6.0,08105,M,4975295.0,470249.0,08
201800006383,18,5,28,815,1,2,1,1.0,6.0,08105,M,4975294.0,470804.0,08
201800006384,18,6,3,150,3,1,1,1.0,7.0,08105,M,4979242.0,473386.0,08
201800006385,18,6,27,1140,1,2,1,1.0,2.0,08105,M,4976207.0,471555.0,08
201800006386,18,7,8,1600,1,2,1,1.0,6.0,08105,M,4976418.0,469738.0,08
201800006387,18,7,13,1730,1,2,1,1.0,6.0,08497,M,4977672.0,469868.0,08
201800006388,18,7,16,1250,1,2,1,1.0,3.0,08105,M,4976278.0,470263.0,08
201800006389,18,7,26,2051,1,2,1,1.0,7.0,08105,M,4976014.0,473317.0,08
201800006390,18,8,11,1720,1,2,1,1.0,3.0,08105,M,4974572.0,472356.0,08
201800006391,18,8,28,1755,1,2,1,1.0,6.0,08105,M,4974943.0,472135.0,08
201800006392,18,8,31,1845,1,2,1,1.0,6.0,08105,M,4974465.0,472273.0,08
201800006393,18,9,26,1640,1,2,1,1.0,6.0,08105,M,4974990.0,473064.0,08
201800006394,18,9,26,1810,1,2,3,7.0,3.0,08105,M,4975490.0,471453.0,08
201800006395,18,9,29,1956,1,2,1,1.0,2.0,08105,M,4976690.0,472163.0,08
201800006396,18,10,5,1647,1,2,1,1.0,6.0,08105,M,4975210.0,473190.0,08
201800006397,18,11,30,1748,3,2,1,8.0,6.0,08480,M,4974061.0,474511.0,08
201800006398,18,12,13,1535,1,2,1,1.0,6.0,08105,M,4975786.0,472363.0,08
201800006399,18,12,14,1940,5,1,1,1.0,6.0,08480,M,4953370.0,475043.0,08
201800006400,18,12,18,2310,3,1,1,1.0,6.0,08105,M,4978861.0,472805.0,08
201800006401,18,12,22,1330,1,2,3,3.0,6.0,08105,M,4975861.0,472416.0,08
201800006402,18,12,29,1710,5,2,1,2.0,6.0,08105,M,4976111.0,471944.0,08