Num_Acc,an,mois,jour,hrmn,lum,agg,int,atm,col,com,gps,lat,long,dep
201800006403,18,12,24,1850,5,2,1,2.0,6.0,08105,M,4976562.0,471942.0,08
201800006404,18,1,5,1515,1,1,1,2.0,1.0,24133,M,4556411.0,97659.0,24
201800006405,18,4,30,1245,1,1,1,2.0,5.0,24227,M,4538089.0,113299.0,24
201800006406,18,9,12,1215,1,1,1,1.0,1.0,24253,M,4542687.0,52039.0,24
201800006407,18,11,14,2300,3,1,2,1.0,6.0,22158,M,4820685.0,-294171.0,22
201800006408,18,1,20,2240,3,1,1,1.0,6.0,14301,M,4916730.0,-27899.0,14
201800006409,18,2,13,615,3,1,1,1.0,2.0,14555,M,4930890.0,30023.0,14
201800006410,18,6,23,1900,1,1,4,1.0,2.0,14055,M,4925956.0,11092.0,14
201800006411,18,8,16,925,1,1,1,1.0,7.0,14528,M,4932215.0,30804.0,14
201800006412,18,8,21,1430,1,1,1,1.0,4.0,14301,M,4916694.0,-28479.0,14
201800006413,18,9,11,1139,1,1,1,1.0,5.0,14563,M,4932797.0,27478.0,14
201800006414,18,10,22,1800,1,1,1,1.0,4.0,14301,M,4916717.0,-28129.0,14
201800006415,18,10,27,1245,1,1,1,4.0,4.0,14036,M,4916831.0,-22698.0,14
201800006416,18,11,12,1450,1,1,1,1.0,2.0,14203,M,4923051.0,-7246.0,14
201800006417,18,11,26,2100,3,1,1,1.0,4.0,14301,M,4916702.0,-28460.0,14
201800006418,18,1,27,1400,1,1,1,2.0,6.0,13038,M,,,13
201800006419,18,4,2,1830,1,1,1,1.0,1.0,13065,M,4370304.0,488423.0,13
201800006420,18,4,9,150,3,1,1,1.0,6.0,13011,M,4373841.0,482786.0,13
201800006421,18,4,14,515,3,1,1,2.0,6.0,13011,M,4373179.0,480210.0,13
201800006422,18,6,2,1515,1,1,1,1.0,7.0,13058,M,4372390.0,480802.0,13
201800006423,18,6,24,945,1,1,1,1.0,4.0,13038,M,4372608.0,470943.0,13
201800006424,18,7,10,2310,3,1,1,1.0,6.0,13011,M,4375172.0,483094.0,13
201800006425,18,7,26,1830,1,1,1,1.0,7.0,13038,M,4372608.0,470943.0,13
201800006426,18,12,3,820,1,1,4,1.0,3.0,13038,M,4371277.0,468650.0,13
201800006427,18,4,3,1614,1,1,2,1.0,3.0,44047,M,4724490.0,-172606.0,44
201800006428,18,9,14,2044,3,1,1,1.0,1.0,44203,M,4732537.0,-179648.0,44
201800006429,18,5,7,1017,1,2,1,1.0,3.0,72240,M,4776276.0,66151.0,72
201800006430,18,9,5,1857,1,1,6,1.0,6.0,72087,M,4795624.0,75501.0,72
201800006431,18,11,16,1638,2,1,1,5.0,5.0,72204,M,4793719.0,68698.0,72
201800006432,18,2,15,1756,3,1,1,2.0,4.0,27378,M,4876827.0,121846.0,27
201800006433,18,3,1,1638,1,2,3,2.0,3.0,27002,M,4877145.0,109123.0,27
201800006434,18,5,28,1510,1,1,1,3.0,1.0,27481,M,4871860.0,87340.0,27
201800006435,18,6,5,1853,1,1,1,1.0,7.0,27390,M,4883840.0,118240.0,27
201800006436,18,6,18,1219,1,1,1,1.0,4.0,27378,M,4877169.0,121538.0,27
201800006437,18,10,3,1910,2,1,1,1.0,4.0,27108,M,4874727.0,80270.0,27
201800006438,18,2,12,745,1,1,1,2.0,1.0,69043,M,4571149.0,472455.0,69
201800006439,18,3,9,1537,1,2,1,1.0,6.0,69027,M,4567746.0,475426.0,69
201800006440,18,4,13,1110,1,1,9,1.0,3.0,69027,M,4567332.0,472975.0,69
201800006441,18,5,19,940,1,2,1,7.0,3.0,69043,M,4570900.0,476992.0,69
201800006442,18,6,15,1830,1,2,9,1.0,6.0,69027,M,4568317.0,476214.0,69
201800006443,18,7,4,2300,3,1,1,2.0,1.0,69043,M,4572353.0,477216.0,69
201800006444,18,6,28,1820,1,2,1,1.0,3.0,69027,M,4567536.0,476180.0,69
201800006445,18,7,4,1630,1,2,1,1.0,3.0,69043,M,4570465.0,475238.0,69
201800006446,18,9,13,1720,1,1,1,1.0,5.0,69027,M,4570953.0,477030.0,69
201800006447,18,9,25,605,5,2,1,1.0,7.0,69027,M,4567941.0,476380.0,69
201800006448,18,10,3,430,5,2,6,1.0,7.0,69268,M,4565491.0,475103.0,69
201800006449,18,9,28,1015,1,1,1,1.0,1.0,69027,M,4567332.0,472975.0,69
201800006450,18,12,13,530,5,2,1,1.0,1.0,69043,M,4570544.0,475163.0,69
201800006451,18,12,29,1400,1,1,1,1.0,7.0,69027,M,4567027.0,474533.0,69
201800006452,18,6,20,820,1,2,1,1.0,6.0,69044,M,4578956.0,474411.0,69
201800006453,18,7,25,833,1,2,6,1.0,3.0,69116,M,4583109.0,477112.0,69
201800006454,18,11,6,905,1,1,1,1.0,6.0,69072,M,4580935.0,473262.0,69
201800006455,18,12,18,1105,1,2,7,1.0,6.0,69143,M,4588244.0,483493.0,69
201800006456,18,4,10,1445,1,1,1,1.0,5.0,86030,M,4671870.0,21606.0,86
201800006457,18,7,4,1800,1,1,1,1.0,3.0,86062,M,4665232.0,36476.0,86
201800006458,18,1,24,935,1,1,9,1.0,4.0,34172,M,4360050.0,391896.0,34
201800006459,18,2,4,1130,1,2,1,1.0,4.0,34172,M,4357787.0,388110.0,34
201800006460,18,2,20,1500,1,1,1,1.0,6.0,34135,M,4326835.0,317800.0,34
201800006461,18,2,28,1045,1,1,1,4.0,3.0,34113,M,4349513.0,372098.0,34
201800006462,18,3,22,1600,1,1,1,1.0,2.0,34101,M,4339365.0,346455.0,34
201800006463,18,4,24,1725,1,1,1,1.0,6.0,34172,M,4359019.0,389817.0,34
201800006464,18,6,24,1050,1,1,1,1.0,6.0,34166,M,4336130.0,335118.0,34
201800006465,18,6,25,1600,1,1,1,1.0,4.0,34172,M,4357719.0,388220.0,34
201800006466,18,6,29,845,1,1,1,1.0,4.0,34172,M,4357316.0,387450.0,34
201800006467,18,7,5,115,3,1,9,1.0,2.0,34101,M,4338839.0,345842.0,34
201800006468,18,7,15,1019,1,1,1,7.0,2.0,34157,M,4343630.0,356611.0,34
201800006469,18,7,18,115,3,1,1,1.0,6.0,34101,M,4339365.0,346455.0,34
201800006470,18,8,8,115,3,1,1,1.0,6.0,34101,M,4339365.0,346455.0,34
201800006471,18,8,11,115,3,1,1,1.0,1.0,34270,M,4357534.0,383290.0,34
201800006472,18,9,13,1101,1,1,1,1.0,1.0,34203,M,4340956.0,350337.0,34
201800006473,18,10,14,2157,3,1,1,6.0,6.0,34157,M,4343630.0,356611.0,34
201800006474,18,11,2,400,3,1,1,1.0,6.0,34135,M,4326835.0,317800.0,34
201800006475,18,11,4,145,3,1,1,1.0,2.0,34172,M,4361932.0,384053.0,34
201800006476,18,11,7,2242,3,1,1,2.0,1.0,34113,M,4349513.0,372098.0,34
201800006477,18,11,28,730,3,1,1,1.0,7.0,34336,M,4332278.0,327194.0,34
201800006478,18,12,20,30,3,1,1,1.0,6.0,34166,M,4336158.0,335092.0,34
201800006479,18,12,23,730,2,1,1,1.0,4.0,34032,M,4330640.0,323969.0,34
201800006480,18,12,29,1645,1,1,1,1.0,4.0,34172,M,4360433.0,392934.0,34
201800006481,18,6,14,1045,1,1,9,1.0,6.0,33452,M,4464502.0,-43330.0,33
201800006482,18,6,17,1917,1,1,1,1.0,4.0,33343,M,4458658.0,-34801.0,33
201800006483,18,6,22,1715,1,1,1,1.0,6.0,33508,M,4453512.0,-10347.0,33
201800006484,18,8,1,850,1,1,1,1.0,2.0,33002,M,4450011.0,-2881.0,33
201800006485,18,9,22,2345,3,1,1,1.0,5.0,33205,M,4459056.0,-35372.0,33
201800006486,18,11,4,2045,3,1,1,1.0,5.0,33508,M,4453566.0,-11341.0,33
201800006487,18,1,13,1135,1,2,1,1.0,6.0,31254,M,4354886.0,150950.0,31
201800006488,18,1,16,850,1,2,1,8.0,6.0,31254,M,4354900.0,150104.0,31
201800006489,18,4,28,2005,1,2,3,1.0,2.0,31506,M,4355550.0,153098.0,31
201800006490,18,4,30,1615,1,2,6,1.0,6.0,31254,M,4352749.0,152771.0,31
201800006491,18,6,28,845,1,1,1,1.0,3.0,31169,M,4351903.0,152960.0,31
201800006492,18,7,13,1430,1,2,3,1.0,3.0,31506,M,4636152.0,256753.0,31
201800006493,18,7,19,1730,1,1,1,1.0,1.0,31506,M,4356968.0,154574.0,31
201800006494,18,10,10,1630,1,2,3,1.0,5.0,31254,M,4354542.0,151036.0,31
201800006495,18,11,24,410,5,2,3,1.0,6.0,31506,M,4356683.0,153900.0,31
201800006496,18,12,4,1855,5,2,1,8.0,6.0,31506,M,4355318.0,153328.0,31
201800006497,18,8,1,531,2,1,1,1.0,1.0,26347,M,,,26
201800006498,18,12,18,717,2,1,1,5.0,1.0,26325,M,4527467.0,482331.0,26
201800006499,18,7,8,20,3,1,1,1.0,6.0,63126,M,,,63
201800006500,18,9,23,2135,3,1,1,1.0,6.0,63272,M,4573521.0,315266.0,63
201800006501,18,12,18,945,1,1,1,1.0,4.0,63302,M,4571283.0,315132.0,63
201800006502,18,7,27,144,4,1,1,1.0,6.0,64102,M,4348940.0,-144937.0,64
201800006503,18,8,15,2355,3,1,1,1.0,6.0,64147,M,4346610.0,-128714.0,64
201800006504,18,9,25,1800,1,1,1,1.0,2.0,64102,M,4348970.0,-144958.0,64
201800006505,18,10,30,1135,1,1,1,1.0,4.0,40312,M,4352837.0,-144233.0,40
201800006506,18,1,4,820,5,2,1,3.0,6.0,08409,M,4964789.0,494543.0,08
201800006507,18,3,6,1325,1,1,1,1.0,5.0,08409,M,4969069.0,492346.0,08
201800006508,18,8,4,840,1,2,1,1.0,1.0,08174,M,4971375.0,492442.0,08
201800006509,18,6,20,1835,1,2,1,1.0,3.0,08174,M,4456666.0,608333.0,08
201800006510,18,8,17,1950,1,2,3,1.0,3.0,08409,M,4969471.0,495298.0,08
201800006511,18,11,9,1950,5,2,1,1.0,6.0,08409,M,4969648.0,491595.0,08
201800006512,18,6,26,1400,1,2,3,1.0,3.0,06088,M,4366420.0,720943.0,06
201800006513,18,3,13,1813,1,1,9,8.0,2.0,51278,M,4906075.0,428055.0,51
201800006514,18,7,2,955,1,1,1,1.0,7.0,51617,M,4904943.0,429835.0,51
201800006515,18,7,23,8,3,1,1,1.0,4.0,51061,M,4910209.0,425513.0,51
201800006516,18,9,20,1705,1,1,1,1.0,2.0,51278,M,4905837.0,428339.0,51
201800006517,18,9,30,1605,1,1,1,1.0,7.0,51454,M,4929875.0,399483.0,51
201800006518,18,10,8,1750,1,1,1,1.0,6.0,51061,M,4910303.0,425516.0,51
201800006519,18,10,8,1335,1,1,1,1.0,2.0,51657,M,4924458.0,392723.0,51
201800006520,18,9,27,1845,1,1,1,1.0,6.0,51172,M,4921037.0,405551.0,51
201800006521,18,11,19,1429,1,1,1,1.0,7.0,51278,M,4905622.0,428603.0,51
201800006522,18,12,10,1745,3,1,1,1.0,4.0,51454,M,4924816.0,408232.0,51
201800006523,18,12,19,830,1,1,1,1.0,6.0,51536,M,4918972.0,413854.0,51
201800006524,18,1,20,1020,1,2,6,2.0,6.0,91105,M,4856775.0,216369.0,91
201800006525,18,10,26,2045,5,2,1,2.0,7.0,91105,M,4857054.0,216563.0,91
201800006526,18,7,18,1218,1,1,1,1.0,1.0,01449,M,4602645.0,524795.0,01
201800006527,18,7,31,1720,1,1,1,1.0,3.0,01004,M,4597054.0,534116.0,01
201800006528,18,10,31,2223,3,1,1,1.0,1.0,01004,M,4597387.0,533547.0,01
201800006529,18,3,28,1535,1,1,1,1.0,5.0,07129,M,4498264.0,459143.0,07
201800006530,18,7,27,255,5,2,1,1.0,1.0,07015,M,4514580.0,481089.0,07
201800006531,18,10,12,1725,2,1,1,1.0,7.0,07290,M,4494258.0,449474.0,07
201800006532,18,3,8,920,1,2,1,7.0,6.0,38485,M,4517177.0,569686.0,38
201800006533,18,3,14,1928,5,2,1,1.0,1.0,38486,M,4516259.0,569663.0,38
201800006534,18,6,19,1640,1,2,1,1.0,3.0,38486,M,4516175.0,569657.0,38
201800006535,18,7,18,815,1,2,6,1.0,3.0,38486,M,4515117.0,568097.0,38
201800006536,18,8,21,1720,1,2,1,1.0,6.0,38485,M,4517931.0,568876.0,38
201800006537,18,9,27,1530,1,2,1,1.0,7.0,38485,M,4518472.0,569659.0,38
201800006538,18,10,12,800,1,2,1,1.0,3.0,38486,M,4516480.0,569207.0,38
201800006539,18,11,2,230,5,2,1,2.0,6.0,38485,M,4518081.0,569303.0,38
201800006540,18,11,20,650,2,2,1,2.0,3.0,38485,M,4517325.0,568732.0,38
201800006541,18,1,28,1100,1,1,1,1.0,5.0,38052,M,4511672.0,598534.0,38
201800006542,18,3,4,1500,1,1,1,1.0,1.0,38052,M,4510664.0,600760.0,38
201800006543,18,6,17,1820,1,1,1,1.0,7.0,38005,M,4521093.0,605225.0,38
201800006544,18,6,17,915,1,1,1,1.0,7.0,38285,M,4504324.0,598311.0,38
201800006545,18,6,21,2020,1,2,1,1.0,6.0,38052,M,4505557.0,602959.0,38
201800006546,18,6,27,1345,1,1,1,1.0,1.0,38212,M,4510534.0,592901.0,38
201800006547,18,7,12,1450,1,1,1,1.0,6.0,38052,M,4507437.0,601618.0,38
201800006548,18,8,2,1545,1,1,1,1.0,1.0,38052,M,4511455.0,600492.0,38
201800006549,18,8,12,1730,1,2,1,1.0,3.0,38052,M,4510911.0,600700.0,38
201800006550,18,8,29,1235,1,2,1,1.0,4.0,38052,M,4508906.0,601176.0,38
201800006551,18,9,2,1430,1,1,1,1.0,6.0,38005,M,4521091.0,605555.0,38
201800006552,18,11,19,845,1,1,1,1.0,6.0,38173,M,4504180.0,612764.0,38
201800006553,18,5,1,1930,2,1,1,1.0,6.0,51027,M,4906031.0,470652.0,51
201800006554,18,6,27,356,3,1,9,1.0,2.0,51588,M,4907369.0,479344.0,51
201800006555,18,7,29,1708,1,1,1,1.0,7.0,51507,M,4908492.0,496501.0,51
201800006556,18,8,12,2010,1,1,1,1.0,6.0,51588,M,4906530.0,472677.0,51
201800006557,18,12,7,1330,1,1,1,2.0,2.0,51507,M,4907181.0,489458.0,51
201800006558,18,1,25,2140,3,1,4,3.0,5.0,57510,M,4912924.0,625966.0,57
201800006559,18,4,28,2230,3,1,1,1.0,3.0,57155,M,4913703.0,641223.0,57
201800006560,18,6,6,2250,5,1,1,2.0,3.0,57227,M,4918547.0,691910.0,57
201800006561,18,7,14,1645,1,1,1,1.0,7.0,57028,M,4918512.0,623031.0,57
201800006562,18,7,30,1015,1,1,1,1.0,3.0,57413,M,4913572.0,664541.0,57
201800006563,18,9,10,750,1,1,1,1.0,6.0,57762,M,4913541.0,658826.0,57
201800006564,18,9,21,1355,1,1,1,2.0,7.0,57028,M,4919655.0,621077.0,57
201800006565,18,12,11,1730,3,1,1,1.0,4.0,57606,M,4913599.0,671570.0,57
201800006566,18,12,13,1745,3,1,1,1.0,2.0,57208,M,4908597.0,687537.0,57
201800006567,18,2,8,1352,1,2,1,1.0,6.0,86160,M,4679071.0,19120.0,86
201800006568,18,5,5,1030,1,1,1,1.0,4.0,86280,M,4693645.0,54417.0,86
201800006569,18,5,23,1645,1,1,1,1.0,2.0,86066,M,4682234.0,51793.0,86
201800006570,18,6,6,1045,1,1,1,3.0,6.0,86007,M,4688573.0,51798.0,86
201800006571,18,7,20,1907,1,1,1,1.0,5.0,86019,M,4674712.0,43368.0,86
201800006572,18,7,27,505,3,1,1,1.0,2.0,86115,M,4669438.0,36803.0,86
201800006573,18,8,29,1120,1,1,1,8.0,7.0,86081,M,4679192.0,44779.0,86
201800006574,18,9,5,1,3,1,1,1.0,2.0,86007,M,4688573.0,51798.0,86
201800006575,18,10,17,1520,1,1,2,1.0,3.0,86154,M,4680616.0,8921.0,86
201800006576,18,10,20,1600,1,1,9,7.0,3.0,86066,M,4677502.0,49093.0,86
201800006577,18,12,14,1648,2,1,1,8.0,6.0,86158,M,4664457.0,35515.0,86
201800006578,18,6,13,1450,1,1,1,1.0,5.0,79080,M,4667476.0,-25963.0,79
201800006579,18,1,2,1400,1,1,1,2.0,2.0,36057,M,4690118.0,173337.0,36
201800006580,18,5,4,1845,1,1,1,1.0,2.0,36063,M,4683720.0,166501.0,36
201800006581,18,6,22,1545,1,1,1,1.0,6.0,36026,M,4690525.0,173520.0,36
201800006582,18,7,13,1620,1,1,1,1.0,7.0,36122,M,,,36
201800006583,18,7,16,140,3,1,1,1.0,2.0,36230,M,4707990.0,182625.0,36
201800006584,18,7,30,530,2,1,1,1.0,7.0,36202,M,4676069.0,163622.0,36
201800006585,18,11,29,1015,1,1,1,8.0,3.0,36202,M,4679173.0,162100.0,36
201800006586,18,1,25,1040,1,1,1,3.0,1.0,37223,M,4752315.0,29130.0,37
201800006587,18,2,14,1920,5,1,9,2.0,3.0,37059,M,4746829.0,59484.0,37
201800006588,18,2,27,1614,1,2,4,1.0,3.0,37167,M,4754652.0,54163.0,37
201800006589,18,6,11,905,1,1,1,2.0,7.0,37025,M,4735480.0,50117.0,37
201800006590,18,11,28,2025,3,1,2,1.0,3.0,37098,M,4706690.0,63424.0,37
201800006591,18,4,24,1530,1,2,1,1.0,6.0,37228,M,4728424.0,12680.0,37
201800006592,18,2,22,1010,1,1,1,2.0,7.0,49222,M,4735086.0,-58628.0,49
201800006593,18,5,3,1520,1,1,1,1.0,2.0,49068,M,4743404.0,-86733.0,49
201800006594,18,5,22,1440,1,1,4,1.0,6.0,49129,M,4750211.0,-50090.0,49
201800006595,18,7,9,1159,1,1,1,1.0,2.0,49242,M,4754642.0,-65531.0,49
201800006596,18,7,15,725,1,1,1,1.0,3.0,49068,M,4743291.0,-87274.0,49
201800006597,18,7,19,2315,3,1,1,1.0,6.0,49068,M,4743197.0,-87599.0,49
201800006598,18,7,20,1630,1,1,1,1.0,6.0,49265,M,4734458.0,-68658.0,49
201800006599,18,10,7,1030,1,1,1,1.0,6.0,49308,M,4739961.0,-51517.0,49
201800006600,18,10,22,1830,1,1,1,1.0,7.0,49068,M,4743291.0,-87274.0,49
201800006601,18,11,7,1510,1,1,1,2.0,7.0,49298,M,4745991.0,-69886.0,49
201800006602,18,3,6,1205,1,1,1,1.0,6.0,02521,M,4903505.0,318441.0,02
201800006603,18,5,26,1435,1,1,1,1.0,2.0,02521,M,4903505.0,318441.0,02
201800006604,18,8,16,1735,1,1,1,1.0,2.0,02809,M,4916022.0,372659.0,02
201800006605,18,8,25,1530,1,1,1,1.0,6.0,02085,M,4908127.0,340378.0,02
201800006606,18,11,30,1815,3,1,1,1.0,2.0,02280,M,4910016.0,344885.0,02
201800006607,18,12,28,1110,1,1,1,5.0,7.0,02168,M,4907787.0,338463.0,02
201800006608,18,1,16,1620,1,1,1,1.0,1.0,06150,M,4374606.0,738104.0,06
201800006609,18,1,23,430,3,1,1,1.0,6.0,06088,M,4371202.0,721305.0,06
201800006610,18,2,13,1440,1,2,9,1.0,2.0,06088,M,4373377.0,728713.0,06
201800006611,18,3,7,815,1,1,1,1.0,2.0,06149,M,4373197.0,730493.0,06
201800006612,18,3,20,805,1,1,1,1.0,2.0,06059,M,4374493.0,737268.0,06
201800006613,18,3,23,2300,5,1,1,1.0,7.0,06088,M,4371202.0,721305.0,06
201800006614,18,4,12,720,1,1,1,1.0,6.0,06088,M,4367291.0,720047.0,06
201800006615,18,5,16,1735,1,1,1,2.0,2.0,06088,M,4372043.0,721578.0,06
201800006616,18,5,23,1500,1,1,1,1.0,3.0,06113,M,4379637.0,747844.0,06
201800006617,18,6,15,650,1,1,1,1.0,7.0,06088,M,4370410.0,719018.0,06
201800006618,18,6,24,2156,3,1,1,1.0,6.0,06149,M,4373636.0,732152.0,06
201800006619,18,8,10,1920,1,1,1,1.0,5.0,06104,M,4376305.0,744800.0,06
201800006620,18,8,24,600,2,1,1,1.0,6.0,06088,M,4371202.0,721305.0,06
201800006621,18,8,24,810,1,1,9,1.0,5.0,06149,M,4374141.0,733164.0,06
201800006622,18,8,25,1625,1,1,1,1.0,3.0,06149,M,4374380.0,734603.0,06
201800006623,18,8,29,2140,3,1,1,1.0,2.0,06088,M,4371202.0,721305.0,06
201800006624,18,9,2,1955,5,1,1,2.0,3.0,06088,M,4371495.0,721358.0,06
201800006625,18,10,3,1800,1,1,1,1.0,2.0,06088,M,4371202.0,721305.0,06
201800006626,18,10,29,810,1,1,1,2.0,2.0,06088,M,4371202.0,721305.0,06
201800006627,18,11,5,1450,1,1,1,8.0,6.0,06104,M,4376305.0,744800.0,06
201800006628,18,11,6,640,2,1,1,9.0,6.0,06088,M,4366878.0,720173.0,06
201800006629,18,11,9,825,1,1,1,2.0,2.0,06149,M,4374141.0,733164.0,06
201800006630,18,11,23,740,2,1,1,2.0,6.0,06088,M,4371202.0,721305.0,06
201800006631,18,11,29,15,5,1,1,1.0,2.0,06104,M,4375963.0,744440.0,06
201800006632,18,12,1,255,3,1,1,1.0,6.0,06088,M,4371202.0,721305.0,06
201800006633,18,12,7,1105,1,1,1,1.0,7.0,06123,M,4366613.0,718839.0,06
201800006634,18,1,19,755,2,1,1,1.0,6.0,57566,M,4873912.0,711647.0,57
201800006635,18,1,29,1425,1,1,1,1.0,5.0,57342,M,4862603.0,688822.0,57
201800006636,18,2,25,430,3,1,1,1.0,6.0,57333,M,4873942.0,714663.0,57
201800006637,18,5,8,1345,1,1,1,1.0,6.0,67201,M,4884219.0,713057.0,67
201800006638,18,5,8,1430,1,1,1,1.0,6.0,67401,M,4892670.0,711820.0,67
201800006639,18,7,12,1319,1,1,1,1.0,2.0,57333,M,4874956.0,714186.0,57
201800006640,18,8,19,100,3,1,1,1.0,5.0,67136,M,4887074.0,712051.0,67
201800006641,18,8,21,1815,1,1,1,1.0,6.0,57540,M,4877601.0,725874.0,57
201800006642,18,11,16,2350,3,1,1,1.0,6.0,67234,M,4896828.0,707150.0,67
201800006643,18,11,13,2145,3,1,1,1.0,6.0,57614,M,4875722.0,719563.0,57
201800006644,18,12,27,1135,1,1,1,5.0,6.0,57342,M,4864162.0,690900.0,57
201800006645,18,3,21,816,1,1,1,1.0,2.0,68267,M,4773736.0,721644.0,68
201800006646,18,7,4,936,1,1,1,1.0,4.0,68267,M,4774198.0,724445.0,68
201800006647,18,8,6,1109,1,1,1,1.0,2.0,90002,M,4769497.0,702029.0,90
201800006648,18,9,8,845,1,1,9,1.0,6.0,90002,M,4769645.0,702139.0,90
201800006649,18,10,11,711,2,1,1,1.0,3.0,90015,M,4758766.0,685668.0,90
201800006650,18,2,17,345,3,1,1,1.0,6.0,67033,M,4875276.0,768485.0,67
201800006651,18,4,20,1740,1,1,1,1.0,7.0,67301,M,4876454.0,765504.0,67
201800006652,18,6,22,1330,1,1,1,1.0,2.0,67162,M,4876995.0,748483.0,67
201800006653,18,12,11,2105,3,1,1,2.0,6.0,67067,M,4871334.0,769953.0,67
201800006654,18,8,29,1720,1,1,1,2.0,6.0,62810,M,5034552.0,279292.0,62
201800006655,18,1,30,1356,1,1,1,1.0,6.0,44183,M,4738284.0,-242814.0,44
201800006656,18,10,11,1715,1,2,1,1.0,1.0,44069,M,4733730.0,-246738.0,44
201800006657,18,10,16,1415,1,1,1,1.0,6.0,44069,M,4733141.0,-241649.0,44
201800006658,18,10,19,1600,1,2,1,1.0,1.0,44069,M,4733830.0,-246868.0,44
201800006659,18,11,13,940,1,1,1,1.0,7.0,44006,M,4743942.0,-242879.0,44
201800006660,18,11,16,1640,1,2,9,1.0,6.0,44184,M,4728975.0,-220510.0,44
201800006661,18,12,3,1850,3,1,1,1.0,6.0,44072,M,4742408.0,-228413.0,44
201800006662,18,2,15,1202,1,2,3,2.0,1.0,49249,M,4755630.0,-81213.0,49
201800006663,18,7,30,1255,1,1,1,2.0,1.0,49331,M,4768691.0,-85864.0,49
201800006664,18,12,14,2030,3,1,1,1.0,6.0,49155,M,4759974.0,-69912.0,49
201800006665,18,1,9,1600,1,1,1,5.0,1.0,53146,M,4820698.0,-65872.0,53
201800006666,18,3,24,30,3,1,1,1.0,6.0,53269,M,4830778.0,-80134.0,53
201800006667,18,8,3,1120,1,1,3,1.0,1.0,53127,M,4844920.0,-46532.0,53
201800006668,18,2,1,1910,3,1,9,2.0,6.0,62193,M,5093044.0,191076.0,62
201800006669,18,2,17,1131,1,1,1,1.0,2.0,62038,M,5089276.0,199500.0,62
201800006670,18,8,14,1335,1,1,1,1.0,7.0,62904,M,5082503.0,205815.0,62
201800006671,18,9,1,2154,3,1,1,1.0,6.0,76700,M,4967972.0,103160.0,76
201800006672,18,11,10,1800,3,1,1,2.0,2.0,76308,M,4976362.0,106343.0,76
201800006673,18,2,14,712,3,1,1,9.0,1.0,27270,M,4929020.0,139291.0,27
201800006674,18,5,11,1350,1,1,1,1.0,1.0,17185,M,4571372.0,-97284.0,17
201800006675,18,5,14,1435,1,2,1,1.0,6.0,17337,M,4597019.0,-135177.0,17
201800006676,18,9,11,1247,1,1,2,1.0,5.0,17337,M,4596955.0,-131048.0,17
201800006677,18,4,26,935,1,1,1,1.0,7.0,09251,M,4307686.0,192417.0,09
201800006678,18,6,3,1508,1,1,1,1.0,1.0,09159,M,4276951.0,173765.0,09
201800006679,18,10,5,1606,1,1,1,1.0,7.0,09032,M,4271197.0,181721.0,09
201800006680,18,7,16,740,2,1,1,3.0,1.0,09209,M,4299310.0,116533.0,09
201800006681,18,11,26,810,1,1,1,2.0,1.0,77082,M,4858442.0,282035.0,77
201800006682,18,4,11,858,1,1,6,1.0,4.0,77239,M,4868320.0,310518.0,77
201800006683,18,3,16,430,3,1,1,1.0,6.0,18091,M,4675734.0,241101.0,18
201800006684,18,5,21,1610,1,1,1,1.0,4.0,18221,M,4682445.0,242450.0,18
201800006685,18,11,4,1135,1,1,1,1.0,6.0,18091,M,4675821.0,241031.0,18
201800006686,18,12,20,1155,1,1,1,1.0,3.0,18129,M,4697559.0,242339.0,18
201800006687,18,9,3,1030,1,1,1,1.0,1.0,07142,M,4475973.0,392369.0,07
201800006688,18,4,13,1710,1,1,1,1.0,5.0,42254,M,4586316.0,417539.0,42
201800006689,18,5,2,1545,1,1,1,1.0,3.0,42120,M,4599912.0,395364.0,42
201800006690,18,7,13,815,1,1,1,1.0,2.0,42294,M,4600525.0,410893.0,42
201800006691,18,3,19,1230,1,1,1,1.0,1.0,38181,M,4533049.0,597062.0,38
201800006692,18,7,9,910,1,2,1,1.0,3.0,38181,M,4534627.0,597950.0,38
201800006693,18,9,5,2110,3,1,1,1.0,4.0,38249,M,4521871.0,581813.0,38
201800006694,18,9,25,1510,1,2,1,1.0,3.0,38175,M,4526391.0,591418.0,38
201800006695,18,12,29,1910,3,1,1,1.0,6.0,38062,M,4539298.0,598867.0,38
201800006696,18,1,19,830,1,1,1,1.0,4.0,13001,M,,,13
201800006697,18,1,31,300,3,1,1,1.0,6.0,13060,M,4349974.0,552247.0,13
201800006698,18,2,17,2045,3,1,9,1.0,6.0,13025,M,4347954.0,556343.0,13
201800006699,18,2,26,1720,1,1,1,1.0,4.0,13025,M,4348162.0,555675.0,13
201800006700,18,2,24,1230,1,1,1,2.0,2.0,13001,M,4351859.0,542855.0,13
201800006701,18,3,10,1250,1,1,9,1.0,6.0,13001,M,4351695.0,543193.0,13
201800006702,18,3,14,700,1,1,9,1.0,6.0,13001,M,4348007.0,556348.0,13
201800006703,18,3,23,1820,2,1,1,1.0,4.0,13001,M,4352049.0,541755.0,13
201800006704,18,4,5,1030,1,1,1,1.0,6.0,13001,M,4352049.0,541755.0,13
201800006705,18,4,12,50,3,1,1,3.0,2.0,13060,M,4349415.0,552572.0,13
201800006706,18,4,13,745,1,1,1,1.0,4.0,13025,M,4347954.0,556343.0,13
201800006707,18,4,13,710,1,1,1,1.0,6.0,13025,M,4347954.0,556343.0,13
201800006708,18,4,24,1200,1,1,1,7.0,6.0,13086,M,4334005.0,560931.0,13