Num_Acc,an,mois,jour,hrmn,lum,agg,int,atm,col,com,gps,lat,long,dep
201800006709,18,4,24,840,1,1,1,1.0,6.0,13001,M,,,13
201800006710,18,4,24,1030,1,1,1,7.0,6.0,13001,M,4352049.0,541755.0,13
201800006711,18,5,14,1125,1,1,1,1.0,3.0,13025,M,4348400.0,553811.0,13
201800006712,18,5,18,1935,2,1,1,1.0,2.0,13025,M,4348164.0,555753.0,13
201800006713,18,5,22,1315,1,1,1,1.0,3.0,13001,M,4352049.0,541755.0,13
201800006714,18,5,23,1030,1,1,1,1.0,2.0,13025,M,4348164.0,555753.0,13
201800006715,18,5,27,1545,1,1,1,1.0,6.0,13005,M,4330073.0,559066.0,13
201800006716,18,5,24,2005,2,1,1,1.0,2.0,13007,M,4336135.0,563157.0,13
201800006717,18,6,6,730,1,1,1,8.0,3.0,13013,M,4342016.0,557515.0,13
201800006718,18,6,22,1030,1,1,1,1.0,2.0,13025,M,4348205.0,554625.0,13
201800006719,18,7,1,310,3,1,9,1.0,2.0,13001,M,4351276.0,548325.0,13
201800006720,18,7,4,815,1,1,1,1.0,2.0,13060,M,4349974.0,552247.0,13
201800006721,18,7,12,1130,1,1,9,7.0,7.0,13001,M,4351924.0,542876.0,13
201800006722,18,7,28,1900,1,1,1,7.0,2.0,13086,M,4334005.0,560931.0,13
201800006723,18,8,3,1920,1,1,1,7.0,2.0,13001,M,4352049.0,541755.0,13
201800006724,18,8,20,1230,1,1,1,1.0,4.0,13060,M,4349974.0,552247.0,13
201800006725,18,8,23,1340,1,1,1,1.0,3.0,13086,M,4334005.0,560931.0,13
201800006726,18,8,24,850,1,1,1,1.0,3.0,13086,M,4334005.0,560931.0,13
201800006727,18,8,30,1625,1,1,1,1.0,3.0,13001,M,4352049.0,541755.0,13
201800006728,18,9,5,1115,1,1,1,1.0,2.0,13025,M,4348164.0,555753.0,13
201800006729,18,9,6,1400,1,1,1,1.0,2.0,13031,M,4338463.0,560375.0,13
201800006730,18,9,11,700,1,1,1,1.0,6.0,13060,M,4349974.0,552247.0,13
201800006731,18,9,12,1530,1,1,1,1.0,2.0,13086,M,4334005.0,560931.0,13
201800006732,18,9,17,1935,2,1,1,1.0,6.0,13005,M,4330073.0,559066.0,13
201800006733,18,9,18,1000,1,1,1,1.0,2.0,13001,M,4352049.0,541755.0,13
201800006734,18,9,21,1450,1,1,9,1.0,5.0,13086,M,4334005.0,560931.0,13
201800006735,18,9,22,1100,1,1,1,1.0,4.0,13001,M,4352049.0,541755.0,13
201800006736,18,9,20,1410,1,1,1,7.0,6.0,13013,M,4342016.0,557515.0,13
201800006737,18,9,28,745,2,1,1,5.0,2.0,13001,M,4352049.0,541755.0,13
201800006738,18,10,23,845,1,1,1,1.0,3.0,13007,M,4336135.0,563157.0,13
201800006739,18,10,26,1800,1,1,1,1.0,4.0,13001,M,4352049.0,541755.0,13
201800006740,18,10,31,2200,3,1,1,3.0,6.0,13007,M,4336703.0,564317.0,13
201800006741,18,11,3,630,5,1,1,2.0,3.0,13001,M,4352049.0,541755.0,13
201800006742,18,11,4,720,2,1,1,1.0,6.0,13031,M,4338463.0,560375.0,13
201800006743,18,11,8,1800,5,1,1,1.0,2.0,13001,M,4352049.0,541755.0,13
201800006744,18,11,10,550,3,1,1,2.0,2.0,13086,M,4334005.0,560931.0,13
201800006745,18,11,14,1525,1,1,1,1.0,3.0,13001,M,4351303.0,547734.0,13
201800006746,18,12,4,1740,3,1,1,1.0,2.0,13086,M,4333480.0,560584.0,13
201800006747,18,12,8,445,3,1,1,1.0,2.0,13001,M,4352049.0,541755.0,13
201800006748,18,12,14,645,3,1,1,1.0,5.0,13060,M,4349974.0,552247.0,13
201800006749,18,12,13,1635,1,1,1,3.0,2.0,13060,M,4349974.0,552247.0,13
201800006750,18,12,25,2215,3,1,1,1.0,2.0,13109,M,4351275.0,549070.0,13
201800006751,18,1,11,2245,3,1,1,1.0,6.0,06079,M,4354061.0,691812.0,06
201800006752,18,1,18,750,1,1,1,1.0,7.0,06004,M,4360470.0,708887.0,06
201800006753,18,2,11,25,3,1,1,1.0,6.0,06079,M,4354189.0,693737.0,06
201800006754,18,3,5,145,3,1,1,8.0,6.0,06004,M,4360745.0,709489.0,06
201800006755,18,3,10,1000,1,1,4,2.0,3.0,06085,M,4358388.0,701221.0,06
201800006756,18,4,11,10,3,1,1,2.0,6.0,83061,M,4349097.0,674149.0,83
201800006757,18,6,30,200,3,1,1,1.0,7.0,83133,M,4353507.0,686712.0,83
201800006758,18,8,12,600,2,1,1,1.0,2.0,06079,M,4354032.0,692058.0,06
201800006759,18,9,3,1900,1,1,1,1.0,7.0,83061,M,4350833.0,676051.0,83
201800006760,18,8,31,1955,1,1,1,1.0,7.0,06123,M,4366700.0,719398.0,06
201800006761,18,9,18,415,3,1,1,1.0,2.0,06027,M,4366071.0,716702.0,06
201800006762,18,9,30,530,5,1,1,1.0,2.0,06004,M,4360274.0,707588.0,06
201800006763,18,10,3,100,3,1,1,1.0,6.0,06030,M,4358151.0,701565.0,06
201800006764,18,10,13,1555,1,1,1,1.0,2.0,06004,M,4360497.0,706649.0,06
201800006765,18,10,17,710,2,1,1,2.0,7.0,06029,M,4355897.0,696377.0,06
201800006766,18,11,7,522,3,1,1,1.0,3.0,83001,M,4354324.0,681674.0,83
201800006767,18,11,10,1815,3,1,1,1.0,3.0,06085,M,4358388.0,701221.0,06
201800006768,18,11,11,1105,1,1,1,2.0,7.0,83061,M,4349097.0,674149.0,83
201800006769,18,12,13,430,3,1,1,2.0,6.0,06085,M,4357332.0,697648.0,06
201800006770,18,2,7,1550,1,1,1,1.0,4.0,64300,M,4342510.0,-61657.0,64
201800006771,18,4,27,330,5,1,1,1.0,6.0,64290,M,4338620.0,-52989.0,64
201800006772,18,8,26,1655,1,1,1,1.0,2.0,64269,M,4331970.0,-29349.0,64
201800006773,18,11,4,550,5,2,1,1.0,6.0,64348,M,4334910.0,-37994.0,64
201800006774,18,12,23,635,3,1,1,5.0,2.0,64190,M,4350550.0,-28167.0,64
201800006775,18,2,25,805,1,2,1,1.0,1.0,66172,M,4271295.0,283229.0,66
201800006776,18,3,12,1205,1,1,1,1.0,6.0,66228,M,,,66
201800006777,18,5,8,1840,1,1,3,7.0,3.0,66228,M,4269287.0,278861.0,66
201800006778,18,7,31,2230,3,1,1,1.0,7.0,66172,M,4269913.0,284506.0,66
201800006779,18,9,14,1820,1,1,1,1.0,6.0,66030,M,,,66
201800006780,18,12,20,1045,1,2,1,1.0,3.0,66228,M,4269299.0,279978.0,66
201800006781,18,3,12,2350,3,1,1,1.0,2.0,63265,M,4584979.0,342744.0,63
201800006782,18,6,24,920,1,1,1,1.0,6.0,63430,M,4586062.0,351319.0,63
201800006783,18,9,13,2135,3,1,1,8.0,2.0,63265,M,4585097.0,341165.0,63
201800006784,18,10,6,1605,1,1,1,1.0,2.0,63430,M,,,63
201800006785,18,12,31,2227,5,1,1,1.0,6.0,74264,M,4604484.0,654416.0,74
201800006786,18,1,17,620,5,2,2,2.0,3.0,74081,M,4606730.0,657958.0,74
201800006787,18,1,28,2020,5,2,1,1.0,3.0,74081,M,4605114.0,658749.0,74
201800006788,18,1,29,1849,5,2,6,1.0,2.0,74081,M,4607138.0,656457.0,74
201800006789,18,2,3,1200,1,2,6,1.0,3.0,74081,M,4606520.0,657742.0,74
201800006790,18,3,8,1940,5,2,1,1.0,5.0,74081,M,4607140.0,656953.0,74
201800006791,18,3,13,950,1,2,1,2.0,6.0,74081,M,4607142.0,656044.0,74
201800006792,18,3,14,1725,1,1,1,1.0,5.0,74159,M,4603475.0,661874.0,74
201800006793,18,3,15,1805,2,2,1,1.0,1.0,74081,M,4607115.0,656702.0,74
201800006794,18,4,15,1745,1,1,9,1.0,1.0,74064,M,4608881.0,657905.0,74
201800006795,18,5,2,935,1,2,1,1.0,6.0,74081,M,4606868.0,656734.0,74
201800006796,18,5,21,1325,1,2,1,2.0,3.0,74264,M,4606267.0,655684.0,74
201800006797,18,6,20,1800,1,2,1,1.0,6.0,74169,M,4606099.0,652769.0,74
201800006798,18,7,14,1725,1,2,1,1.0,1.0,74014,M,4604504.0,661352.0,74
201800006799,18,7,20,1050,1,2,1,1.0,6.0,74014,M,4602614.0,663858.0,74
201800006800,18,7,21,1600,1,2,1,1.0,6.0,74081,M,4606491.0,657985.0,74
201800006801,18,8,8,1850,1,1,1,2.0,7.0,74064,M,4608280.0,657855.0,74
201800006802,18,8,8,1845,1,2,6,1.0,6.0,74081,M,4607014.0,656274.0,74
201800006803,18,8,15,1230,1,1,1,1.0,7.0,74264,M,4604639.0,654313.0,74
201800006804,18,8,15,1950,1,2,1,1.0,6.0,74159,M,4600695.0,662495.0,74
201800006805,18,9,29,1410,1,2,1,1.0,6.0,74264,M,4606534.0,654470.0,74
201800006806,18,10,4,1740,1,2,1,1.0,7.0,74081,M,4606408.0,656322.0,74
201800006807,18,12,15,1115,1,2,1,1.0,6.0,74081,M,4606877.0,656157.0,74
201800006808,18,12,17,1258,1,2,1,2.0,6.0,74081,M,4606927.0,656206.0,74
201800006809,18,12,26,1845,5,2,1,1.0,6.0,74264,M,4605781.0,654976.0,74
201800006810,18,1,9,1058,1,1,1,9.0,1.0,24067,M,4490238.0,92434.0,24
201800006811,18,5,7,1426,1,1,1,1.0,1.0,24516,M,4497724.0,133249.0,24
201800006812,18,4,7,545,3,1,1,1.0,2.0,47214,M,4431700.0,25954.0,47
201800006813,18,4,19,1845,1,1,1,1.0,6.0,72300,M,4801763.0,37911.0,72
201800006814,18,4,24,1005,1,1,6,1.0,3.0,72080,M,4814924.0,68522.0,72
201800006815,18,4,28,1640,1,1,1,1.0,3.0,72105,M,4816431.0,72929.0,72
201800006816,18,6,24,1245,1,1,1,1.0,6.0,72080,M,4814117.0,65916.0,72
201800006817,18,8,29,1725,1,1,1,1.0,6.0,72363,M,4809777.0,53004.0,72
201800006818,18,9,1,1145,1,1,1,1.0,3.0,72241,M,4806273.0,39644.0,72
201800006819,18,10,1,1745,1,1,1,1.0,2.0,72031,M,4808820.0,50578.0,72
201800006820,18,10,29,1300,1,1,1,1.0,6.0,72288,M,4810612.0,55095.0,72
201800006821,18,6,25,1310,1,1,1,1.0,4.0,89022,M,4752673.0,398562.0,89
201800006822,18,7,28,120,3,1,1,1.0,6.0,89208,M,4762847.0,390697.0,89
201800006823,18,8,1,820,1,1,1,2.0,6.0,89381,M,4750366.0,403328.0,89
201800006824,18,8,5,1730,1,1,1,1.0,6.0,89235,M,4750727.0,400777.0,89
201800006825,18,8,18,1025,1,1,1,1.0,6.0,89378,M,4751476.0,399384.0,89
201800006826,18,10,11,340,3,1,1,2.0,2.0,89277,M,4766744.0,386919.0,89
201800006827,18,12,5,1655,2,1,1,1.0,2.0,89339,M,4758425.0,392473.0,89
201800006828,18,3,21,1044,1,1,1,1.0,3.0,85070,M,4669114.0,-178135.0,85
201800006829,18,3,31,2300,3,2,3,2.0,2.0,09122,M,4298724.0,161578.0,09
201800006830,18,5,11,1120,1,2,1,1.0,2.0,09122,M,4296578.0,160993.0,09
201800006831,18,5,17,1335,1,1,1,1.0,7.0,09122,M,4295043.0,162221.0,09
201800006832,18,7,17,816,1,2,3,1.0,3.0,09122,M,4297020.0,160800.0,09
201800006833,18,10,6,930,1,2,4,1.0,6.0,09122,M,4296787.0,160828.0,09
201800006834,18,10,13,1715,1,2,1,1.0,1.0,09207,M,4293463.0,163383.0,09
201800006835,18,11,2,1850,2,2,1,2.0,3.0,09207,M,4293887.0,163170.0,09
201800006836,18,11,2,1950,3,1,1,2.0,7.0,09207,M,4292418.0,163494.0,09
201800006837,18,8,7,1125,1,1,1,1.0,1.0,38253,M,4503807.0,610460.0,38
201800006838,18,1,19,1440,1,1,1,1.0,1.0,09225,M,4311378.0,159828.0,09
201800006839,18,3,10,1150,1,2,1,1.0,1.0,09225,M,4312650.0,160802.0,09
201800006840,18,3,23,1140,1,2,1,1.0,6.0,09225,M,4310419.0,162277.0,09
201800006841,18,4,12,1820,1,2,4,1.0,3.0,09225,M,4310751.0,162315.0,09
201800006842,18,8,3,940,1,2,1,1.0,6.0,09225,M,4311521.0,160793.0,09
201800006843,18,9,10,1215,1,2,2,1.0,3.0,09225,M,4312143.0,162117.0,09
201800006844,18,10,4,1745,1,2,2,1.0,5.0,09225,M,4312145.0,162114.0,09
201800006845,18,10,20,1235,1,2,1,1.0,6.0,09225,M,4311872.0,161397.0,09
201800006846,18,12,14,1640,2,2,1,2.0,6.0,09225,M,4310862.0,161715.0,09
201800006847,18,1,6,700,3,1,1,3.0,7.0,31396,M,4336408.0,159391.0,31
201800006848,18,1,15,445,3,1,1,1.0,2.0,31210,M,4339858.0,168828.0,31
201800006849,18,1,23,1650,1,1,1,1.0,6.0,31220,M,4329002.0,167144.0,31
201800006850,18,2,20,958,1,1,1,2.0,6.0,31527,M,4354738.0,179987.0,31
201800006851,18,3,11,1850,2,1,1,4.0,2.0,09060,M,4317085.0,162048.0,09
201800006852,18,3,31,1840,2,1,1,4.0,4.0,31396,M,4332325.0,162877.0,31
201800006853,18,5,3,640,2,1,1,2.0,6.0,31231,M,4331608.0,145514.0,31
201800006854,18,5,5,1120,1,1,1,8.0,6.0,31374,M,4342783.0,163382.0,31
201800006855,18,5,24,810,1,1,1,1.0,6.0,09185,M,4325350.0,165648.0,09
201800006856,18,6,18,115,3,1,1,1.0,2.0,31161,M,4348872.0,154585.0,31
201800006857,18,7,2,1700,1,1,1,1.0,7.0,31304,M,4357863.0,177423.0,31
201800006858,18,7,17,2320,3,1,1,1.0,2.0,11178,M,4333653.0,183694.0,11
201800006859,18,8,3,1650,1,1,1,1.0,1.0,31582,M,4341556.0,169558.0,31
201800006860,18,8,31,1930,1,1,1,8.0,6.0,11225,M,4332250.0,186291.0,11
201800006861,18,9,10,829,1,1,1,1.0,4.0,31004,M,4344680.0,160574.0,31
201800006862,18,9,11,1650,1,1,1,1.0,3.0,31325,M,4357221.0,176341.0,31
201800006863,18,9,22,1622,1,1,1,1.0,6.0,31450,M,4338439.0,173076.0,31
201800006864,18,10,23,1040,1,1,1,1.0,2.0,31037,M,4335370.0,180640.0,31
201800006865,18,8,30,830,1,2,1,1.0,5.0,20041,M,4139433.0,916361.0,201
201800006866,18,1,27,2134,3,1,1,9.0,2.0,33029,M,4469098.0,-77058.0,33
201800006867,18,2,13,1540,1,1,1,2.0,2.0,33284,M,4466943.0,-81141.0,33
201800006868,18,2,25,715,2,1,1,1.0,6.0,33284,M,4466530.0,-81813.0,33
201800006869,18,3,9,1450,1,1,1,1.0,3.0,33284,M,4463638.0,-84057.0,33
201800006870,18,3,11,745,1,1,1,1.0,2.0,33042,M,4445530.0,-81111.0,33
201800006871,18,4,4,1346,1,1,1,1.0,2.0,33498,M,4459600.0,-84456.0,33
201800006872,18,5,26,600,2,1,1,1.0,7.0,33284,M,4462545.0,-85618.0,33
201800006873,18,6,5,940,1,1,1,1.0,5.0,33122,M,4470847.0,-71970.0,33
201800006874,18,7,14,30,3,1,1,1.0,3.0,33527,M,4461330.0,-104214.0,33
201800006875,18,8,4,1545,1,1,1,1.0,4.0,33199,M,4461451.0,-109051.0,33
201800006876,18,8,25,2130,5,1,1,1.0,6.0,33284,M,4463367.0,-84489.0,33
201800006877,18,9,6,2030,3,1,6,1.0,6.0,33199,M,4461484.0,-107251.0,33
201800006878,18,10,5,1230,1,1,1,1.0,7.0,33498,M,4458777.0,-83958.0,33
201800006879,18,10,11,1900,2,1,1,1.0,4.0,33284,M,4462858.0,-89810.0,33
201800006880,18,10,22,905,1,1,1,1.0,6.0,33122,M,4469467.0,-76652.0,33
201800006881,18,11,19,1500,1,1,1,1.0,2.0,33284,M,4465993.0,-82542.0,33
201800006882,18,12,21,400,3,1,1,8.0,2.0,33122,M,4470680.0,-75229.0,33
201800006883,18,12,19,840,1,1,1,8.0,6.0,33284,M,4463858.0,-84245.0,33
201800006884,18,5,12,1615,1,1,1,1.0,7.0,74056,M,4590551.0,686049.0,74
201800006885,18,5,22,1805,1,1,1,1.0,7.0,74143,M,4590717.0,677123.0,74
201800006886,18,7,24,2010,2,1,1,2.0,2.0,74256,M,4597496.0,662908.0,74
201800006887,18,9,22,1445,1,1,1,1.0,6.0,74208,M,4592692.0,673271.0,74
201800006888,18,10,5,2000,3,1,1,1.0,6.0,74143,M,4591589.0,676465.0,74
201800006889,18,10,6,1240,1,1,1,1.0,7.0,74143,M,4589818.0,678268.0,74
201800006890,18,10,19,320,3,1,1,1.0,7.0,74208,M,4594327.0,669796.0,74
201800006891,18,5,5,310,3,1,1,1.0,6.0,35186,M,4857268.0,-177784.0,35
201800006892,18,4,14,2235,3,1,1,1.0,3.0,69032,M,4586577.0,458127.0,69
201800006893,18,5,14,1120,1,1,1,3.0,2.0,69112,M,4582339.0,468706.0,69
201800006894,18,6,24,651,1,1,1,1.0,2.0,69112,M,4582339.0,468706.0,69
201800006895,18,8,8,1050,1,1,4,1.0,3.0,69201,M,4570471.0,447093.0,69
201800006896,18,8,9,1315,1,1,1,3.0,2.0,69102,M,4587757.0,439816.0,69
201800006897,18,9,5,826,1,1,1,1.0,1.0,69102,M,4591531.0,434601.0,69
201800006898,18,9,22,1245,1,1,1,1.0,7.0,69086,M,4585359.0,465517.0,69
201800006899,18,11,30,850,1,1,1,3.0,6.0,69086,M,4585368.0,466195.0,69
201800006900,18,12,26,1035,1,1,1,1.0,6.0,69234,M,4587553.0,452645.0,69
201800006901,18,1,27,800,5,2,1,5.0,6.0,72264,M,4783976.0,-33430.0,72
201800006902,18,3,30,1415,1,1,1,2.0,7.0,72278,M,4800977.0,-29227.0,72
201800006903,18,6,30,920,1,1,1,1.0,4.0,72223,M,4786673.0,-11769.0,72
201800006904,18,7,28,1740,1,1,1,1.0,6.0,72360,M,4804448.0,11890.0,72
201800006905,18,8,6,1650,1,2,1,1.0,7.0,72379,M,4800746.0,-28393.0,72
201800006906,18,12,15,745,3,1,1,2.0,6.0,72168,M,4801166.0,-14378.0,72
201800006907,18,12,20,1950,5,1,9,2.0,2.0,72360,M,4802042.0,12953.0,72
201800006908,18,11,2,351,3,1,1,1.0,7.0,60138,M,4921982.0,259568.0,60
201800006909,18,1,11,1752,3,1,1,1.0,4.0,68021,M,4764269.0,749675.0,68
201800006910,18,3,1,745,1,1,4,4.0,4.0,68021,M,4763653.0,749861.0,68
201800006911,18,3,2,1800,1,1,1,4.0,4.0,68309,M,4766665.0,747777.0,68
201800006912,18,3,9,1415,1,1,1,1.0,4.0,68297,M,4760992.0,752346.0,68
201800006913,18,3,19,655,1,1,4,4.0,7.0,68300,M,4777780.0,739812.0,68
201800006914,18,4,25,1800,1,1,1,1.0,2.0,68072,M,4771016.0,743804.0,68
201800006915,18,5,18,6,3,1,1,1.0,6.0,68072,M,4770023.0,744158.0,68
201800006916,18,6,16,1300,1,1,1,1.0,7.0,68118,M,4770051.0,744122.0,68
201800006917,18,6,19,2250,3,1,1,1.0,7.0,68042,M,4762025.0,751243.0,68
201800006918,18,7,16,1600,1,1,2,1.0,6.0,68135,M,4757295.0,750062.0,68
201800006919,18,7,17,1205,1,1,1,1.0,6.0,68309,M,4765630.0,748750.0,68
201800006920,18,9,2,510,3,1,1,1.0,2.0,68072,M,4770353.0,744012.0,68
201800006921,18,9,5,1255,1,1,1,1.0,4.0,68015,M,4779320.0,739662.0,68
201800006922,18,9,5,1803,2,1,1,1.0,4.0,68021,M,4763922.0,749883.0,68
201800006923,18,9,19,215,3,1,1,1.0,6.0,68300,M,4778414.0,740212.0,68
201800006924,18,10,11,937,1,1,1,8.0,2.0,68300,M,4777405.0,738432.0,68
201800006925,18,10,17,235,3,1,9,1.0,7.0,68278,M,4774250.0,742115.0,68
201800006926,18,10,20,315,3,1,1,1.0,2.0,68021,M,4763133.0,750351.0,68
201800006927,18,10,22,2335,3,1,1,5.0,7.0,68021,M,4764766.0,749364.0,68
201800006928,18,10,25,1215,1,1,1,1.0,4.0,68021,M,4763516.0,750130.0,68
201800006929,18,10,30,1930,3,1,1,1.0,6.0,68300,M,4777443.0,738479.0,68
201800006930,18,11,23,1555,1,1,9,1.0,3.0,68297,M,4757690.0,756084.0,68
201800006931,18,2,1,1415,1,1,1,4.0,5.0,53045,M,4807682.0,-98701.0,53
201800006932,18,2,1,1415,1,1,1,4.0,3.0,53045,M,4807737.0,-97645.0,53
201800006933,18,5,20,1825,1,1,1,1.0,2.0,53137,M,4807438.0,-94073.0,53
201800006934,18,5,20,1825,1,1,1,1.0,6.0,53137,M,4807498.0,-94981.0,53
201800006935,18,7,1,1405,1,1,1,1.0,6.0,53007,M,4807522.0,-61167.0,53
201800006936,18,8,6,1050,1,1,1,1.0,6.0,53108,M,4808303.0,-102740.0,53
201800006937,18,8,29,1500,1,1,1,1.0,2.0,53228,M,4803764.0,-37358.0,53
201800006938,18,9,24,1730,1,1,1,1.0,3.0,53097,M,4815575.0,-35289.0,53
201800006939,18,1,21,1750,3,1,9,2.0,6.0,44026,M,4729118.0,-147665.0,44
201800006940,18,5,15,1821,1,1,1,1.0,6.0,44115,M,4737049.0,-128584.0,44
201800006941,18,10,10,815,2,1,1,1.0,2.0,44026,M,4729256.0,-145935.0,44
201800006942,18,1,27,1545,1,1,1,1.0,6.0,47267,M,4427239.0,27528.0,47
201800006943,18,4,1,1515,1,1,1,1.0,7.0,82166,M,4404498.0,93800.0,82
201800006944,18,8,25,330,3,1,1,1.0,2.0,47078,M,4428140.0,26907.0,47
201800006945,18,9,17,807,1,1,1,1.0,5.0,47201,M,4416510.0,60581.0,47
201800006946,18,10,17,1731,1,1,1,1.0,2.0,82165,M,4406599.0,85429.0,82
201800006947,18,10,21,815,2,1,1,5.0,4.0,47238,M,4420050.0,50121.0,47
201800006948,18,11,11,1615,1,1,1,1.0,6.0,47169,M,4414667.0,62400.0,47
201800006949,18,12,15,2245,3,1,1,9.0,2.0,82109,M,4405243.0,96942.0,82
201800006950,18,8,20,620,2,1,1,1.0,6.0,82033,M,4404402.0,106304.0,82
201800006951,18,9,26,1200,1,1,1,1.0,5.0,82171,M,4401225.0,120695.0,82
201800006952,18,10,7,2240,3,1,1,5.0,2.0,82119,M,4421792.0,153941.0,82
201800006953,18,10,28,19,3,1,1,1.0,5.0,82125,M,4397026.0,126786.0,82
201800006954,18,4,5,1319,1,2,6,1.0,6.0,39526,M,4704857.0,541414.0,39
201800006955,18,5,30,805,1,1,1,1.0,2.0,39285,M,4716874.0,565256.0,39
201800006956,18,6,27,1201,1,1,1,1.0,1.0,39030,M,4712569.0,549454.0,39
201800006957,18,9,20,2031,5,2,2,1.0,3.0,39365,M,4698098.0,560487.0,39
201800006958,18,10,1,1610,1,1,1,1.0,5.0,39030,M,4711828.0,549519.0,39
201800006959,18,12,29,1326,1,1,1,1.0,2.0,39051,M,4713290.0,545246.0,39
201800006960,18,1,4,1830,5,2,1,1.0,3.0,06085,M,4360675.0,701140.0,06
201800006961,18,1,24,1900,3,1,1,1.0,1.0,06085,M,4359509.0,703854.0,06
201800006962,18,2,15,1645,1,2,3,1.0,3.0,06030,M,4357976.0,700429.0,06
201800006963,18,2,19,2000,5,2,3,2.0,7.0,06085,M,4360023.0,700352.0,06
201800006964,18,6,22,1150,1,2,1,1.0,3.0,06085,M,4359562.0,703828.0,06
201800006965,18,7,15,1655,1,1,1,1.0,7.0,06085,M,4359610.0,703791.0,06
201800006966,18,7,16,1115,1,2,1,1.0,6.0,06085,M,4360342.0,701143.0,06
201800006967,18,7,31,650,1,2,3,1.0,3.0,06085,M,4358414.0,700895.0,06
201800006968,18,8,20,1206,1,2,3,1.0,3.0,06085,M,4358509.0,702777.0,06
201800006969,18,9,1,1630,1,1,1,3.0,7.0,06085,M,4360576.0,704617.0,06
201800006970,18,10,9,920,1,1,9,1.0,1.0,06085,M,4360031.0,703010.0,06
201800006971,18,10,10,1218,1,2,9,1.0,6.0,06085,M,4358051.0,700454.0,06
201800006972,18,10,30,1515,1,2,1,2.0,2.0,06085,M,4358843.0,699568.0,06
201800006973,18,11,18,1228,1,2,1,1.0,6.0,06085,M,4359566.0,699036.0,06
201800006974,18,12,4,1150,1,2,1,1.0,3.0,06085,M,4361710.0,700312.0,06
201800006975,18,12,5,1900,5,2,1,1.0,3.0,06085,M,4357978.0,700433.0,06
201800006976,18,1,9,805,2,1,1,1.0,1.0,78189,M,4887902.0,191903.0,78
201800006977,18,1,25,1800,5,1,1,1.0,6.0,78466,M,4892315.0,199859.0,78
201800006978,18,1,28,1520,1,2,1,2.0,1.0,78466,M,4892044.0,195881.0,78
201800006979,18,2,5,1715,1,1,9,4.0,1.0,78189,M,4887902.0,191903.0,78
201800006980,18,6,9,1355,1,2,2,1.0,5.0,78466,M,4892818.0,198238.0,78
201800006981,18,8,4,200,3,1,6,1.0,6.0,78466,M,4893207.0,196955.0,78
201800006982,18,9,11,800,1,1,2,7.0,3.0,78189,M,4888667.0,191383.0,78
201800006983,18,9,14,1530,1,2,1,1.0,3.0,78466,M,4893106.0,197332.0,78
201800006984,18,3,5,1040,1,1,4,9.0,1.0,33122,M,4475597.0,-69856.0,33
201800006985,18,3,7,1455,1,1,1,1.0,6.0,33122,M,4472317.0,-68371.0,33
201800006986,18,3,7,730,2,1,2,2.0,3.0,33090,M,4476524.0,-66850.0,33
201800006987,18,8,10,335,5,1,3,1.0,3.0,33122,M,4471931.0,-74077.0,33
201800006988,18,8,31,2300,5,2,1,1.0,2.0,33122,M,4474088.0,-67944.0,33
201800006989,18,9,2,1745,1,2,3,1.0,3.0,33090,M,4475811.0,-65181.0,33
201800006990,18,10,16,1430,1,1,1,1.0,5.0,33122,M,4468578.0,-72044.0,33
201800006991,18,10,18,1950,3,1,1,1.0,3.0,33122,M,4473335.0,-71249.0,33
201800006992,18,11,22,1745,2,1,3,1.0,5.0,33122,M,4471933.0,-74080.0,33
201800006993,18,11,30,1004,1,2,3,3.0,3.0,33122,M,4477921.0,-68918.0,33
201800006994,18,11,30,2300,5,2,1,1.0,3.0,33122,M,4474223.0,-66695.0,33
201800006995,18,9,1,1905,1,1,1,1.0,1.0,66108,M,,,66
201800006996,18,2,11,1830,3,1,9,2.0,6.0,67348,M,4847130.0,751257.0,67
201800006997,18,2,13,900,1,1,9,1.0,7.0,67112,M,4851554.0,756452.0,67
201800006998,18,2,22,945,1,2,4,1.0,6.0,67028,M,4837428.0,759204.0,67
201800006999,18,4,18,930,1,1,1,1.0,2.0,67481,M,4837134.0,748384.0,67
201800007000,18,4,22,1100,1,1,1,1.0,6.0,67115,M,4832134.0,749767.0,67
201800007001,18,5,23,1055,1,1,1,1.0,2.0,67084,M,4831251.0,747845.0,67
201800007002,18,6,4,1020,1,1,1,1.0,7.0,67108,M,4852356.0,759307.0,67
201800007003,18,8,26,220,3,1,1,1.0,6.0,67101,M,4852023.0,750525.0,67
201800007004,18,10,8,320,3,1,1,1.0,2.0,67411,M,4850237.0,750188.0,67
201800007005,18,10,18,1740,1,1,1,1.0,4.0,67411,M,4850237.0,750188.0,67
201800007006,18,12,18,1410,1,1,1,5.0,2.0,67112,M,4850921.0,758134.0,67
201800007007,18,12,16,1105,1,1,1,7.0,6.0,67411,M,4850084.0,750325.0,67
201800007008,18,3,31,1450,1,1,1,1.0,2.0,79048,M,4635235.0,-32896.0,79
201800007009,18,7,21,1143,1,1,1,1.0,4.0,79125,M,4624491.0,-42986.0,79
201800007010,18,8,31,1215,1,1,1,1.0,4.0,79137,M,4622662.0,-44517.0,79
201800007011,18,11,9,200,3,1,1,1.0,2.0,79355,M,4632744.0,-33490.0,79
201800007012,18,1,5,2042,3,1,9,8.0,3.0,17362,M,4538300.0,-60223.0,17
201800007013,18,4,8,739,2,1,1,8.0,7.0,17279,M,4543234.0,-60551.0,17