Num_Acc,an,mois,jour,hrmn,lum,agg,int,atm,col,com,gps,lat,long,dep
201800007014,18,8,26,715,1,1,1,1.0,2.0,17050,M,4548027.0,-61874.0,17
201800007015,18,9,24,1245,1,1,1,1.0,4.0,33502,M,4518824.0,-49147.0,33
201800007016,18,1,6,1515,1,2,1,1.0,6.0,74067,M,4588555.0,606445.0,74
201800007017,18,1,6,1825,5,2,1,1.0,6.0,74268,M,4588991.0,610618.0,74
201800007018,18,4,11,1211,1,2,6,1.0,6.0,74268,M,4587794.0,609369.0,74
201800007019,18,5,30,1615,1,2,1,1.0,3.0,74268,M,4560522.0,674962.0,74
201800007020,18,8,29,1745,1,1,1,3.0,1.0,74268,M,4588740.0,610344.0,74
201800007021,18,9,14,1020,1,2,3,1.0,6.0,74268,M,4587450.0,608809.0,74
201800007022,18,10,3,1710,1,1,1,1.0,3.0,74067,M,4588146.0,605008.0,74
201800007023,18,11,16,1820,3,2,1,1.0,1.0,74268,M,4588740.0,610344.0,74
201800007024,18,11,28,2040,5,2,6,1.0,3.0,74268,M,4589008.0,611454.0,74
201800007025,18,1,5,330,3,1,1,2.0,2.0,01049,M,4583700.0,503889.0,01
201800007026,18,1,19,920,1,1,9,1.0,2.0,01043,M,4582279.0,499932.0,01
201800007027,18,1,19,425,3,1,1,1.0,2.0,69299,M,4572241.0,509649.0,69
201800007028,18,2,8,615,5,1,2,1.0,3.0,01390,M,4583855.0,527922.0,01
201800007029,18,2,7,1550,1,1,1,8.0,3.0,01047,M,4584998.0,525351.0,01
201800007030,18,4,10,1825,1,1,1,1.0,2.0,38557,M,4577620.0,508261.0,38
201800007031,18,5,10,1030,1,1,1,1.0,7.0,69288,M,4569225.0,506923.0,69
201800007032,18,6,9,435,5,2,2,1.0,3.0,01443,M,4599969.0,502964.0,01
201800007033,18,6,24,140,3,1,1,1.0,,01007,M,4601670.0,531298.0,01
201800007034,18,7,1,1350,1,1,1,1.0,6.0,01032,M,4586418.0,514482.0,01
201800007035,18,7,6,1316,1,1,1,1.0,2.0,01450,M,,,01
201800007036,18,9,29,505,3,1,9,1.0,6.0,01089,M,4597044.0,530851.0,01
201800007037,18,10,15,1252,1,1,1,1.0,6.0,01007,M,4601675.0,531298.0,01
201800007038,18,10,18,1510,1,1,1,1.0,2.0,01430,M,4604516.0,532499.0,01
201800007039,18,10,25,400,3,1,9,1.0,2.0,01142,M,4584664.0,507846.0,01
201800007040,18,11,5,2110,5,2,2,1.0,3.0,01049,M,4584667.0,503456.0,01
201800007041,18,11,30,2130,3,1,1,5.0,5.0,69299,M,4572241.0,509649.0,69
201800007042,18,12,6,650,3,1,9,2.0,4.0,01032,M,4586418.0,514482.0,01
201800007043,18,12,15,1845,3,1,1,1.0,2.0,69299,M,4569734.0,509273.0,69
201800007044,18,12,20,1255,1,1,1,8.0,2.0,01032,M,4586418.0,514482.0,01
201800007045,18,12,28,1015,1,1,1,1.0,3.0,01049,M,4583014.0,502284.0,01
201800007046,18,12,19,1728,2,1,2,2.0,3.0,37240,M,4758989.0,93105.0,37
201800007047,18,5,30,1315,1,1,1,2.0,6.0,42256,M,4546977.0,413378.0,42
201800007048,18,6,30,2300,3,2,1,1.0,3.0,42169,M,4546002.0,411401.0,42
201800007049,18,7,10,745,1,1,1,1.0,1.0,42256,M,4548251.0,420603.0,42
201800007050,18,7,26,10,5,2,1,1.0,6.0,42279,M,4549635.0,424239.0,42
201800007051,18,8,2,830,1,2,3,1.0,3.0,42279,M,4550466.0,424859.0,42
201800007052,18,7,29,150,5,2,2,1.0,3.0,42279,M,4550001.0,424027.0,42
201800007053,18,10,6,300,5,2,1,1.0,6.0,42279,M,4550870.0,424120.0,42
201800007054,18,12,23,915,1,2,1,1.0,2.0,42279,M,4549759.0,424362.0,42
201800007055,18,12,28,1830,3,1,1,1.0,1.0,42042,M,4545841.0,422285.0,42
201800007056,18,2,27,1400,1,1,3,8.0,3.0,91045,M,4853903.0,238070.0,91
201800007057,18,4,9,1402,1,1,1,3.0,2.0,91649,M,4854376.0,235172.0,91
201800007058,18,6,9,1857,1,2,1,1.0,7.0,91045,M,4852976.0,236732.0,91
201800007059,18,9,15,1515,1,1,1,1.0,7.0,91649,M,4855144.0,234549.0,91
201800007060,18,9,28,1015,1,1,2,1.0,3.0,91045,M,4851663.0,238202.0,91
201800007061,18,11,9,2245,3,1,1,1.0,6.0,91135,M,4851109.0,244252.0,91
201800007062,18,1,11,1740,3,1,1,1.0,3.0,06152,M,4361849.0,703313.0,06
201800007063,18,1,23,750,1,2,1,1.0,6.0,06152,M,4362310.0,705088.0,06
201800007064,18,2,15,1005,1,2,1,1.0,6.0,06152,M,4364567.0,702116.0,06
201800007065,18,2,16,1650,1,2,1,1.0,3.0,06152,M,4360824.0,705443.0,06
201800007066,18,2,16,2140,3,1,1,1.0,1.0,06152,M,4360686.0,705594.0,06
201800007067,18,3,12,1310,1,2,3,1.0,3.0,06018,M,4363952.0,705444.0,06
201800007068,18,3,28,1230,1,1,1,1.0,2.0,06152,M,4362145.0,703476.0,06
201800007069,18,4,4,1335,1,1,3,2.0,4.0,06152,M,4363812.0,704622.0,06
201800007070,18,4,6,910,1,1,1,1.0,3.0,06152,M,4362476.0,703523.0,06
201800007071,18,4,10,1425,1,2,6,2.0,6.0,06018,M,4362448.0,705710.0,06
201800007072,18,4,16,500,3,1,1,1.0,3.0,06152,M,4360558.0,705709.0,06
201800007073,18,4,18,1410,1,2,1,1.0,2.0,06152,M,4362906.0,699266.0,06
201800007074,18,4,19,1220,1,1,1,1.0,6.0,06152,M,4362350.0,701179.0,06
201800007075,18,5,1,1630,1,1,4,2.0,7.0,06155,M,4360328.0,706310.0,06
201800007076,18,5,15,1720,1,1,1,1.0,3.0,06018,M,4361530.0,708322.0,06
201800007077,18,5,31,1325,1,1,1,1.0,6.0,06152,M,4364212.0,704643.0,06
201800007078,18,6,1,815,1,1,1,1.0,1.0,06152,M,4363316.0,705122.0,06
201800007079,18,6,7,1515,1,2,1,1.0,1.0,06152,M,4364118.0,701972.0,06
201800007080,18,6,9,745,1,1,1,1.0,1.0,06018,M,4361998.0,710151.0,06
201800007081,18,6,21,2005,1,2,1,1.0,6.0,06018,M,4363946.0,705691.0,06
201800007082,18,6,27,850,1,2,6,1.0,7.0,06152,M,4362860.0,703787.0,06
201800007083,18,7,2,900,1,1,1,1.0,3.0,06152,M,4361817.0,705372.0,06
201800007084,18,7,2,905,1,2,1,1.0,6.0,06018,M,4362227.0,709963.0,06
201800007085,18,7,12,815,1,2,1,1.0,7.0,06018,M,4363041.0,709249.0,06
201800007086,18,8,5,1610,1,2,1,1.0,6.0,06018,M,4361945.0,710187.0,06
201800007087,18,8,27,1855,1,2,1,1.0,6.0,06152,M,4364242.0,700935.0,06
201800007088,18,9,25,855,1,1,2,1.0,3.0,06152,M,4361355.0,704600.0,06
201800007089,18,9,25,1150,1,1,1,1.0,6.0,06152,M,4362643.0,704450.0,06
201800007090,18,10,5,1300,1,2,1,1.0,6.0,06018,M,4362308.0,707026.0,06
201800007091,18,10,10,330,5,1,1,1.0,6.0,06152,M,4362687.0,705446.0,06
201800007092,18,10,12,1206,1,2,6,1.0,6.0,06018,M,4361744.0,707557.0,06
201800007093,18,10,19,1815,1,2,6,1.0,2.0,06018,M,4361779.0,711218.0,06
201800007094,18,11,4,1030,1,1,1,2.0,6.0,06152,M,4365244.0,702861.0,06
201800007095,18,11,14,215,5,2,1,1.0,7.0,06152,M,4361803.0,703674.0,06
201800007096,18,11,27,1700,2,2,3,1.0,3.0,06018,M,4362150.0,706141.0,06
201800007097,18,12,7,1806,5,2,1,1.0,3.0,06152,M,4362255.0,703279.0,06
201800007098,18,12,4,1815,5,2,3,1.0,3.0,06018,M,4362646.0,705566.0,06
201800007099,18,12,18,859,1,2,1,7.0,6.0,06018,M,4362833.0,709596.0,06
201800007100,18,12,30,1205,1,1,1,1.0,1.0,06152,M,4360533.0,705209.0,06
201800007101,18,1,13,1800,5,2,1,1.0,1.0,69244,M,4575071.0,476076.0,69
201800007102,18,3,8,2030,5,2,1,1.0,7.0,69244,M,4576392.0,477971.0,69
201800007103,18,4,27,2330,4,2,1,1.0,3.0,69244,M,4575614.0,477231.0,69
201800007104,18,5,23,1030,1,2,1,1.0,6.0,69244,M,4575937.0,477629.0,69
201800007105,18,6,29,1515,1,2,1,1.0,1.0,69244,M,4576103.0,476259.0,69
201800007106,18,7,5,2248,5,2,1,8.0,3.0,69244,M,4575154.0,476990.0,69
201800007107,18,7,10,100,5,2,5,1.0,3.0,69244,M,4575844.0,477498.0,69
201800007108,18,7,10,2245,5,2,2,1.0,3.0,69244,M,4575740.0,477822.0,69
201800007109,18,9,1,930,1,2,9,1.0,3.0,69244,M,4575547.0,477154.0,69
201800007110,18,9,8,530,5,2,1,1.0,3.0,69244,M,4575848.0,477457.0,69
201800007111,18,11,5,1715,5,2,1,8.0,1.0,69044,M,4577920.0,474123.0,69
201800007112,18,11,5,1805,5,2,2,1.0,6.0,69244,M,4576185.0,477902.0,69
201800007113,18,11,16,1735,3,2,3,2.0,3.0,69244,M,4576391.0,476122.0,69
201800007114,18,11,17,5,3,1,1,2.0,7.0,69044,M,4577551.0,474476.0,69
201800007115,18,12,17,1240,1,2,1,1.0,3.0,69244,M,4575296.0,477283.0,69
201800007116,18,1,12,918,1,1,1,7.0,5.0,34082,M,4366785.0,378652.0,34
201800007117,18,8,16,1830,1,1,1,1.0,5.0,34255,M,4368628.0,382241.0,34
201800007118,18,9,29,730,2,1,1,1.0,2.0,34153,M,4373904.0,378551.0,34
201800007119,18,10,4,1745,1,1,1,1.0,2.0,34320,M,4366160.0,375095.0,34
201800007120,18,11,17,1610,1,1,6,1.0,6.0,34255,M,4370831.0,381796.0,34
201800007121,18,3,1,300,3,1,1,4.0,6.0,01069,M,4611975.0,528651.0,01
201800007122,18,3,3,1230,1,1,1,1.0,7.0,01232,M,4637464.0,527231.0,01
201800007123,18,4,3,955,1,1,1,1.0,2.0,01254,M,4616708.0,530059.0,01
201800007124,18,7,21,1545,1,1,1,1.0,6.0,01029,M,4642869.0,526957.0,01
201800007125,18,7,22,1402,1,1,1,1.0,6.0,01451,M,4625590.0,523603.0,01
201800007126,18,8,7,940,1,1,1,1.0,2.0,01195,M,4622444.0,528911.0,01
201800007127,18,9,28,815,1,1,1,1.0,2.0,01024,M,4626008.0,516528.0,01
201800007128,18,11,5,1720,1,2,1,1.0,2.0,01093,M,4612771.0,496326.0,01
201800007129,18,11,26,500,4,1,3,5.0,3.0,01094,M,4644694.0,500716.0,01
201800007130,18,12,24,1440,1,1,1,8.0,4.0,01025,M,4628898.0,492515.0,01
201800007131,18,12,29,1612,1,1,1,1.0,2.0,01151,M,,,01
201800007132,18,2,18,1900,3,1,2,1.0,3.0,78571,M,4886050.0,200088.0,78
201800007133,18,3,13,1710,1,2,1,1.0,1.0,78043,M,4883868.0,208707.0,78
201800007134,18,4,17,1550,1,1,1,1.0,7.0,78152,M,4885164.0,196353.0,78
201800007135,18,4,20,1920,1,1,1,1.0,5.0,78571,M,4886393.0,202992.0,78
201800007136,18,6,19,1745,1,1,9,1.0,1.0,78455,M,4884034.0,205361.0,78
201800007137,18,7,12,1840,1,1,1,1.0,2.0,78571,M,4884750.0,201709.0,78
201800007138,18,11,30,2110,3,1,1,2.0,7.0,78233,M,4887409.0,196593.0,78
201800007139,18,12,28,910,1,1,1,5.0,6.0,78152,M,4884476.0,199820.0,78
201800007140,18,7,5,1340,1,1,4,1.0,3.0,13112,M,4353890.0,525835.0,13
201800007141,18,8,16,1845,1,2,1,1.0,2.0,13112,M,4353139.0,525477.0,13
201800007142,18,9,3,1930,2,2,3,7.0,2.0,13037,M,4355064.0,520297.0,13
201800007143,18,10,26,1640,1,1,1,1.0,1.0,13112,M,4353095.0,523961.0,13
201800007144,18,11,28,810,2,2,6,7.0,6.0,13112,M,4353391.0,525467.0,13
201800007145,18,12,8,1535,1,1,1,1.0,7.0,13037,M,,,13
201800007146,18,4,20,915,1,2,1,7.0,3.0,95678,M,4906780.0,222440.0,95
201800007147,18,9,1,130,5,2,1,1.0,2.0,95430,M,4907122.0,232350.0,95
201800007148,18,9,29,1555,1,1,2,1.0,5.0,95678,M,4906980.0,222130.0,95
201800007149,18,10,20,1606,1,1,1,1.0,6.0,95353,M,4907710.0,233470.0,95
201800007150,18,2,19,1215,1,1,1,1.0,6.0,09193,M,4272654.0,204117.0,09
201800007151,18,1,15,715,5,2,9,2.0,6.0,35189,M,4814872.0,-170378.0,35
201800007152,18,3,19,855,1,1,1,1.0,2.0,35210,M,4814097.0,-177508.0,35
201800007153,18,5,1,1800,1,1,2,1.0,3.0,35059,M,4816849.0,-174297.0,35
201800007154,18,4,25,245,5,2,2,1.0,2.0,35353,M,4810492.0,-173945.0,35
201800007155,18,5,16,650,2,1,1,1.0,6.0,35210,M,4814058.0,-176990.0,35
201800007156,18,5,23,1400,1,2,1,1.0,2.0,35131,M,4812551.0,-181622.0,35
201800007157,18,5,24,1350,1,1,1,1.0,2.0,35131,M,4812980.0,-183269.0,35
201800007158,18,6,9,2010,1,2,1,1.0,1.0,35059,M,4818195.0,-172749.0,35
201800007159,18,7,27,2105,2,1,6,1.0,6.0,35131,M,4812320.0,-179976.0,35
201800007160,18,7,28,1950,2,1,1,1.0,2.0,35353,M,4812576.0,-172575.0,35
201800007161,18,9,4,750,1,1,3,1.0,3.0,35353,M,4811793.0,-173539.0,35
201800007162,18,10,12,1405,1,1,2,1.0,3.0,35131,M,4813004.0,-180486.0,35
201800007163,18,11,5,1720,3,1,9,2.0,6.0,35210,M,4815882.0,-177109.0,35
201800007164,18,12,14,1500,1,1,2,1.0,3.0,35240,M,4810243.0,-183171.0,35
201800007165,18,7,18,134,3,1,1,1.0,7.0,42011,M,4583542.0,416308.0,42
201800007166,18,10,24,2215,3,1,1,1.0,4.0,42173,M,4584271.0,408875.0,42
201800007167,18,10,29,1556,1,1,1,3.0,5.0,42209,M,4586852.0,426906.0,42
201800007168,18,10,29,1900,3,1,1,4.0,5.0,42334,M,4586220.0,431337.0,42
201800007169,18,11,10,1540,1,1,1,2.0,6.0,42334,M,4586271.0,431089.0,42
201800007170,18,12,11,730,2,1,1,1.0,1.0,42038,M,4564305.0,418633.0,42
201800007171,18,1,17,650,3,1,1,2.0,3.0,88289,M,4812428.0,584166.0,88
201800007172,18,2,7,1230,1,2,1,2.0,6.0,38553,M,4562071.0,514074.0,38
201800007173,18,6,9,15,5,2,2,8.0,2.0,38553,M,4561922.0,514509.0,38
201800007174,18,10,4,1810,1,2,1,1.0,3.0,38553,M,4561760.0,515268.0,38
201800007175,18,10,22,530,3,2,1,8.0,3.0,38553,M,4561922.0,514509.0,38
201800007176,18,2,12,2120,3,1,1,1.0,6.0,13113,M,4359262.0,548305.0,13
201800007177,18,3,6,745,1,1,1,2.0,3.0,13113,M,4359320.0,549081.0,13
201800007178,18,3,17,2300,3,1,1,1.0,2.0,13074,M,4365865.0,556714.0,13
201800007179,18,5,27,1525,1,1,1,1.0,2.0,13059,M,4363456.0,549443.0,13
201800007180,18,6,17,1855,1,1,1,1.0,3.0,13099,M,4369676.0,572438.0,13
201800007181,18,8,23,213,5,1,1,1.0,6.0,13001,M,4357106.0,546708.0,13
201800007182,18,8,27,1525,1,1,1,1.0,4.0,13099,M,,,13
201800007183,18,10,19,1414,1,1,1,1.0,6.0,13113,M,4357796.0,547411.0,13
201800007184,18,11,6,735,1,1,9,3.0,6.0,13099,M,4369676.0,572438.0,13
201800007185,18,12,6,1340,1,1,3,7.0,3.0,13113,M,4359375.0,548511.0,13
201800007186,18,2,14,2000,5,1,3,2.0,1.0,18148,M,4720381.0,203579.0,18
201800007187,18,3,15,1150,1,1,1,1.0,6.0,18141,M,4713782.0,218703.0,18
201800007188,18,3,25,1945,2,1,1,1.0,6.0,18138,M,4708496.0,226227.0,18
201800007189,18,4,28,1120,1,1,1,2.0,6.0,18141,M,4711145.0,220328.0,18
201800007190,18,6,3,1944,1,1,1,3.0,6.0,18214,M,4720184.0,203356.0,18
201800007191,18,6,10,1512,1,1,1,1.0,6.0,18190,M,4712671.0,219008.0,18
201800007192,18,8,26,750,1,1,1,1.0,7.0,18138,M,4706985.0,228434.0,18
201800007193,18,9,17,355,3,1,1,1.0,2.0,18138,M,4710092.0,222560.0,18
201800007194,18,9,23,940,1,1,1,8.0,6.0,18140,M,4715728.0,198207.0,18
201800007195,18,11,25,824,2,1,1,2.0,6.0,18141,M,4713782.0,218703.0,18
201800007196,18,1,18,1800,2,1,9,6.0,5.0,34333,M,4347931.0,380450.0,34
201800007197,18,2,10,2330,3,1,1,1.0,3.0,34159,M,4352205.0,381329.0,34
201800007198,18,3,14,1430,1,1,1,1.0,2.0,34337,M,4353879.0,387881.0,34
201800007199,18,4,10,1715,1,1,1,8.0,5.0,34337,M,4353905.0,387963.0,34
201800007200,18,5,17,1700,1,2,1,1.0,1.0,34337,M,4353772.0,385656.0,34
201800007201,18,6,12,1000,1,1,2,1.0,3.0,34333,M,4349487.0,379535.0,34
201800007202,18,7,8,1745,1,1,1,1.0,6.0,34337,M,4354702.0,382451.0,34
201800007203,18,7,14,600,2,1,1,1.0,6.0,34159,M,4352105.0,381101.0,34
201800007204,18,8,2,40,3,1,1,1.0,2.0,34333,M,4348172.0,377288.0,34
201800007205,18,9,1,1240,1,1,2,7.0,3.0,34337,M,4354361.0,383847.0,34
201800007206,18,9,1,2010,2,1,1,1.0,2.0,34159,M,4351167.0,381456.0,34
201800007207,18,11,26,1630,1,1,1,7.0,1.0,34337,M,4354512.0,382424.0,34
201800007208,18,12,4,750,1,1,9,1.0,5.0,34337,M,4354360.0,383848.0,34
201800007209,18,12,15,1400,1,1,1,2.0,3.0,34333,M,4350184.0,378544.0,34
201800007210,18,12,24,1030,1,2,1,1.0,3.0,34337,M,4353028.0,386275.0,34
201800007211,18,2,17,1800,2,1,1,2.0,6.0,01331,M,4609799.0,545473.0,01
201800007212,18,3,18,1120,1,1,1,8.0,6.0,01228,M,4613791.0,552962.0,01
201800007213,18,5,1,1100,1,1,1,8.0,6.0,01273,M,4608399.0,536677.0,01
201800007214,18,5,5,1311,1,1,1,1.0,6.0,01067,M,4612150.0,549542.0,01
201800007215,18,5,11,911,1,1,1,1.0,7.0,01373,M,4612868.0,555338.0,01
201800007216,18,8,14,1050,1,1,1,2.0,4.0,01091,M,4614014.0,579492.0,01
201800007217,18,9,17,1540,1,1,1,1.0,6.0,01067,M,4612556.0,549512.0,01
201800007218,18,10,31,1150,1,1,1,1.0,2.0,01373,M,4612675.0,554972.0,01
201800007219,18,11,26,1830,5,1,1,2.0,6.0,01274,M,4613158.0,563494.0,01
201800007220,18,11,30,840,1,1,1,2.0,6.0,01228,M,4613705.0,554119.0,01
201800007221,18,12,22,30,3,1,1,2.0,7.0,01228,M,4613791.0,552962.0,01
201800007222,18,1,9,855,2,1,1,1.0,6.0,13051,M,4359813.0,512376.0,13
201800007223,18,1,12,1138,1,1,1,1.0,6.0,13044,M,4362085.0,501530.0,13
201800007224,18,1,19,1930,3,1,2,1.0,3.0,13091,M,4359216.0,525423.0,13
201800007225,18,1,26,1800,3,1,1,3.0,6.0,13069,M,4362926.0,513239.0,13
201800007226,18,2,6,1625,1,2,1,2.0,6.0,13069,M,4363017.0,515372.0,13
201800007227,18,3,8,2030,3,2,1,1.0,6.0,13051,M,4358674.0,512727.0,13
201800007228,18,3,9,1845,3,1,2,1.0,3.0,13044,M,4362150.0,504399.0,13
201800007229,18,3,17,2010,3,1,9,2.0,1.0,13044,M,4360098.0,504794.0,13
201800007230,18,3,20,930,1,2,3,1.0,6.0,13069,M,4362974.0,515403.0,13
201800007231,18,3,21,630,2,1,1,1.0,1.0,13051,M,4360095.0,513149.0,13
201800007232,18,4,30,1710,1,1,1,1.0,3.0,13051,M,4356639.0,513699.0,13
201800007233,18,5,3,1700,1,1,1,1.0,2.0,13044,M,4359992.0,509317.0,13
201800007234,18,5,17,1750,1,1,1,1.0,1.0,13009,M,4359621.0,522521.0,13
201800007235,18,6,10,10,3,1,2,1.0,3.0,13009,M,4359215.0,525421.0,13
201800007236,18,6,12,230,3,1,1,1.0,1.0,13044,M,4361856.0,503511.0,13
201800007237,18,6,15,1515,1,1,2,1.0,2.0,13051,M,4361353.0,513873.0,13
201800007238,18,7,4,2315,5,2,1,1.0,6.0,13069,M,4363774.0,515064.0,13
201800007239,18,7,11,2100,3,1,1,1.0,1.0,13044,M,4361693.0,504649.0,13
201800007240,18,8,1,820,1,1,6,1.0,3.0,13069,M,,,13
201800007241,18,8,7,1200,1,1,1,1.0,6.0,13051,M,4358349.0,519100.0,13
201800007242,18,9,10,1815,1,1,2,1.0,3.0,13009,M,4359216.0,525423.0,13
201800007243,18,9,19,1855,1,2,9,1.0,7.0,13069,M,4362931.0,513428.0,13
201800007244,18,9,23,145,3,1,1,1.0,2.0,13063,M,4358036.0,501493.0,13
201800007245,18,10,15,2045,3,1,3,3.0,6.0,13044,M,4361693.0,504649.0,13
201800007246,18,10,24,820,2,1,1,7.0,1.0,13009,M,4359621.0,522521.0,13
201800007247,18,11,8,802,1,1,1,1.0,6.0,13069,M,4362902.0,516606.0,13
201800007248,18,11,16,550,3,1,3,1.0,1.0,13044,M,4361994.0,503933.0,13
201800007249,18,11,24,1230,1,2,2,1.0,3.0,13009,M,4362632.0,517137.0,13
201800007250,18,12,3,1700,2,1,1,1.0,2.0,13044,M,4359859.0,508646.0,13
201800007251,18,12,21,945,1,1,2,1.0,3.0,13051,M,4354647.0,514868.0,13
201800007252,18,12,25,1200,1,2,3,1.0,3.0,13051,M,4354334.0,515960.0,13
201800007253,18,12,27,730,3,1,1,1.0,6.0,13044,M,4362199.0,501570.0,13
201800007254,18,1,27,1840,3,1,1,1.0,6.0,03118,M,4609441.0,313689.0,03
201800007255,18,2,25,1346,1,1,1,1.0,7.0,03182,M,4611520.0,316543.0,03
201800007256,18,4,14,1430,1,1,1,1.0,2.0,03243,M,4632408.0,298163.0,03
201800007257,18,6,17,1120,1,1,1,1.0,4.0,03186,M,4632759.0,296629.0,03
201800007258,18,6,19,2300,3,1,1,1.0,2.0,03118,M,4609441.0,313689.0,03
201800007259,18,10,13,1025,1,1,1,7.0,6.0,03311,M,4614225.0,311294.0,03
201800007260,18,12,20,600,3,1,1,9.0,2.0,03118,M,4610318.0,314040.0,03
201800007261,18,6,26,650,1,1,1,1.0,2.0,63082,M,,,63
201800007262,18,7,6,1600,1,1,1,1.0,6.0,63113,M,,,63
201800007263,18,10,3,1730,1,1,1,1.0,4.0,63164,M,,,63
201800007264,18,10,9,1520,1,1,1,1.0,7.0,63167,M,4595702.0,310358.0,63
201800007265,18,4,16,1345,1,2,9,1.0,6.0,06084,M,4362050.0,697112.0,06
201800007266,18,5,12,1838,1,1,1,1.0,6.0,49323,M,4751186.0,-44327.0,49
201800007267,18,5,28,835,1,1,3,1.0,7.0,49194,M,4747140.0,-25666.0,49
201800007268,18,6,1,1630,1,1,1,1.0,2.0,49333,M,4757482.0,-33504.0,49
201800007269,18,7,7,1200,1,1,1,1.0,4.0,49188,M,4759301.0,-31871.0,49
201800007270,18,10,10,1411,1,2,1,1.0,1.0,49018,M,4754605.0,-11014.0,49
201800007271,18,1,29,1235,1,1,1,1.0,2.0,40273,M,4354330.0,-143141.0,40
201800007272,18,6,4,1256,1,1,1,1.0,2.0,40209,M,4356145.0,-143041.0,40
201800007273,18,6,14,1345,1,1,1,1.0,3.0,40261,M,4368701.0,-125409.0,40
201800007274,18,8,8,320,3,1,1,1.0,7.0,40168,M,4376787.0,-121999.0,40
201800007275,18,6,26,407,3,1,1,1.0,2.0,40152,M,4393256.0,-109659.0,40
201800007276,18,7,9,1940,1,1,1,1.0,3.0,40210,M,4403434.0,-101654.0,40
201800007277,18,8,3,600,2,1,1,1.0,4.0,40210,M,4407218.0,-102608.0,40
201800007278,18,8,16,1830,1,1,1,1.0,2.0,40156,M,4431907.0,-88452.0,40
201800007279,18,10,13,1515,1,1,1,1.0,2.0,40227,M,4428354.0,-89161.0,40
201800007280,18,12,19,2050,5,2,3,8.0,3.0,10387,M,4831213.0,406376.0,10
201800007281,18,1,8,1932,5,2,3,1.0,2.0,10387,M,4829569.0,407692.0,10
201800007282,18,1,2,1840,5,2,1,2.0,6.0,10387,M,4829210.0,409665.0,10
201800007283,18,1,16,1511,1,2,2,2.0,3.0,10387,M,4830110.0,407964.0,10
201800007284,18,1,29,1829,5,2,1,1.0,3.0,10387,M,4829162.0,407129.0,10
201800007285,18,1,18,1007,1,1,1,2.0,7.0,10081,M,4832895.0,405349.0,10
201800007286,18,1,20,1429,1,1,1,2.0,1.0,10357,M,4827516.0,411936.0,10
201800007287,18,1,16,1945,3,1,1,1.0,6.0,10081,M,4832552.0,405445.0,10
201800007288,18,1,30,1202,1,2,6,1.0,6.0,10387,M,4830861.0,406902.0,10
201800007289,18,1,23,1800,5,2,1,1.0,2.0,10387,M,4830460.0,408969.0,10
201800007290,18,1,17,905,1,2,1,1.0,2.0,10387,M,4829292.0,408202.0,10
201800007291,18,2,10,2122,5,1,1,1.0,6.0,10297,M,4832057.0,408969.0,10
201800007292,18,2,14,1858,1,2,1,1.0,6.0,10357,M,4829980.0,411068.0,10
201800007293,18,3,3,1925,5,2,2,1.0,3.0,10333,M,4898845.0,406224.0,10
201800007294,18,3,30,2244,5,2,9,1.0,3.0,10387,M,4829060.0,408233.0,10
201800007295,18,2,16,1225,1,2,9,1.0,6.0,10321,M,4828861.0,403597.0,10
201800007296,18,4,1,647,5,2,1,1.0,7.0,10387,M,4829811.0,407972.0,10
201800007297,18,4,5,1721,1,2,1,1.0,6.0,10362,M,4830000.0,405000.0,10
201800007298,18,4,6,908,1,2,1,1.0,6.0,10362,M,4829124.0,403950.0,10
201800007299,18,4,16,431,5,2,1,1.0,7.0,10387,M,4829277.0,409048.0,10
201800007300,18,4,16,2210,5,2,9,1.0,6.0,10387,M,4830299.0,406841.0,10
201800007301,18,4,17,1017,1,2,1,1.0,3.0,10387,M,4829253.0,407371.0,10
201800007302,18,3,17,1018,1,2,1,1.0,6.0,10343,M,4826732.0,408914.0,10
201800007303,18,3,7,1705,1,2,1,1.0,6.0,10387,M,4830245.0,407617.0,10
201800007304,18,4,19,1739,1,2,9,1.0,6.0,10081,M,4831350.0,404835.0,10
201800007305,18,4,19,2102,5,2,1,1.0,7.0,10343,M,4827014.0,409230.0,10
201800007306,18,4,21,915,1,2,1,1.0,2.0,10081,M,4832012.0,405558.0,10
201800007307,18,4,21,1225,1,2,6,1.0,3.0,10343,M,4827382.0,409266.0,10
201800007308,18,4,23,1032,1,2,1,1.0,6.0,10362,M,4829412.0,405736.0,10
201800007309,18,4,24,1448,1,2,2,1.0,3.0,10081,M,4831088.0,404100.0,10
201800007310,18,4,26,1417,1,2,1,1.0,3.0,10387,M,4830261.0,406310.0,10
201800007311,18,4,28,210,3,1,1,1.0,2.0,10081,M,4830222.0,402573.0,10
201800007312,18,4,27,1915,1,2,2,1.0,4.0,10387,M,4828355.0,407878.0,10
201800007313,18,4,28,1435,1,2,3,2.0,5.0,10357,M,4829714.0,413504.0,10
201800007314,18,4,29,1715,1,1,1,2.0,6.0,10081,M,4832971.0,404486.0,10
201800007315,18,3,10,1005,1,2,1,1.0,6.0,10081,M,4830650.0,402662.0,10
201800007316,18,3,26,1203,1,2,2,1.0,1.0,10387,M,4827344.0,407878.0,10
201800007317,18,5,1,1500,1,2,2,1.0,3.0,10387,M,4829878.0,407038.0,10
201800007318,18,5,5,1900,1,1,1,1.0,2.0,10333,M,4827910.0,404230.0,10
201800007319,18,5,5,2140,5,2,1,1.0,2.0,10387,M,4828529.0,407399.0,10