Num_Acc,an,mois,jour,hrmn,lum,agg,int,atm,col,com,gps,lat,long,dep
201800007320,18,5,6,1850,1,2,1,1.0,6.0,10387,M,4828036.0,408802.0,10
201800007321,18,5,8,1624,1,2,3,9.0,6.0,10325,M,4829878.0,407038.0,10
201800007322,18,5,8,2216,3,2,3,1.0,1.0,10081,M,4831131.0,405108.0,10
201800007323,18,5,10,800,1,2,1,1.0,6.0,10297,M,4831320.0,408490.0,10
201800007324,18,5,12,358,3,1,1,1.0,2.0,10081,M,4832963.0,404302.0,10
201800007325,18,5,17,1418,1,2,1,1.0,2.0,10387,M,4830939.0,405422.0,10
201800007326,18,5,17,1218,1,2,1,1.0,6.0,10387,M,4829136.0,407516.0,10
201800007327,18,5,17,2015,1,2,2,1.0,3.0,10387,M,4830498.0,405323.0,10
201800007328,18,5,22,1948,1,2,2,1.0,3.0,10387,M,4829884.0,407334.0,10
201800007329,18,5,23,1215,1,2,1,1.0,3.0,10333,M,4828875.0,406548.0,10
201800007330,18,5,25,555,1,2,6,1.0,3.0,10387,M,4828957.0,406787.0,10
201800007331,18,5,25,1610,1,2,9,1.0,1.0,10333,M,4827484.0,403949.0,10
201800007332,18,5,29,839,1,2,2,3.0,4.0,10387,M,4829663.0,408530.0,10
201800007333,18,5,30,1725,1,2,2,3.0,1.0,10387,M,4330348.0,405916.0,10
201800007334,18,6,1,2323,5,2,7,1.0,6.0,10387,M,4829511.0,408063.0,10
201800007335,18,6,3,623,1,2,9,1.0,6.0,10387,M,4830121.0,408746.0,10
201800007336,18,6,5,736,1,2,1,8.0,7.0,10387,M,4828446.0,408385.0,10
201800007337,18,6,5,1759,1,2,1,1.0,6.0,10387,M,4829200.0,408200.0,10
201800007338,18,6,6,1138,1,2,6,1.0,3.0,10357,M,4829600.0,413239.0,10
201800007339,18,6,2,1843,1,2,3,1.0,3.0,10387,M,4829981.0,410027.0,10
201800007340,18,6,6,2025,1,2,9,2.0,3.0,10387,M,4827426.0,406703.0,10
201800007341,18,6,11,1717,1,2,1,1.0,2.0,10333,M,4221111.0,406113.0,10
201800007342,18,5,30,1810,1,2,3,3.0,6.0,10387,M,4830480.0,408800.0,10
201800007343,18,6,13,1322,1,2,9,1.0,7.0,10325,M,4826313.0,406428.0,10
201800007344,18,6,13,1006,1,2,1,1.0,6.0,10387,M,4830228.0,407313.0,10
201800007345,18,6,17,3,5,2,2,1.0,3.0,10387,M,4830825.0,405610.0,10
201800007346,18,6,17,1204,1,2,1,1.0,6.0,10387,M,4828000.0,407270.0,10
201800007347,18,6,20,1436,1,2,1,1.0,6.0,10387,M,4829258.0,406818.0,10
201800007348,18,6,21,1827,1,2,1,1.0,6.0,10387,M,4830002.0,407609.0,10
201800007349,18,6,23,1004,1,2,9,1.0,3.0,10387,M,4830208.0,406351.0,10
201800007350,18,6,23,1735,1,2,1,1.0,6.0,10081,M,4830661.0,402836.0,10
201800007351,18,6,25,1212,1,2,1,1.0,6.0,10387,M,4829258.0,406818.0,10
201800007352,18,6,28,1350,1,2,2,1.0,3.0,10387,M,4828648.0,409558.0,10
201800007353,18,7,1,2150,1,2,1,1.0,6.0,10387,M,4830700.0,405410.0,10
201800007354,18,7,2,1936,1,2,1,2.0,7.0,10387,M,4829270.0,406609.0,10
201800007355,18,7,2,1917,1,2,9,1.0,2.0,10297,M,4831193.0,409743.0,10
201800007356,18,7,6,32,5,2,9,3.0,3.0,10387,M,4830048.0,408600.0,10
201800007357,18,7,8,338,5,2,1,1.0,6.0,10387,M,4830784.0,484891.0,10
201800007358,18,7,10,2205,2,2,3,1.0,3.0,10362,M,4829938.0,403823.0,10
201800007359,18,7,13,1520,1,2,2,1.0,3.0,10387,M,4831209.0,408331.0,10
201800007360,18,7,14,32,5,2,1,1.0,5.0,10387,M,4830467.0,409023.0,10
201800007361,18,7,19,1726,1,2,1,1.0,3.0,10387,M,4829436.0,407784.0,10
201800007362,18,7,21,1900,1,2,2,1.0,3.0,10387,M,4829480.0,408190.0,10
201800007363,18,7,21,2034,1,2,1,1.0,3.0,10081,M,4832186.0,406948.0,10
201800007364,18,7,23,1712,1,2,1,1.0,3.0,10387,M,4829073.0,408765.0,10
201800007365,18,7,24,2107,1,2,6,1.0,3.0,10387,M,4829494.0,408155.0,10
201800007366,18,7,25,1230,1,2,1,1.0,2.0,10387,M,,,10
201800007367,18,7,27,610,1,1,1,1.0,6.0,10333,M,4828253.0,403986.0,10
201800007368,18,7,30,1005,1,2,1,1.0,6.0,10387,M,4830510.0,405320.0,10
201800007369,18,7,30,1733,1,2,3,1.0,3.0,10387,M,4829401.0,408188.0,10
201800007370,18,7,30,1800,1,2,2,1.0,3.0,10387,M,4829150.0,407110.0,10
201800007371,18,7,31,923,1,2,1,1.0,6.0,10387,M,4830640.0,405870.0,10
201800007372,18,7,31,1316,1,2,1,1.0,3.0,10387,M,4830334.0,405220.0,10
201800007373,18,8,1,1341,1,2,2,1.0,3.0,10357,M,4829961.0,411153.0,10
201800007374,18,8,1,1847,1,2,1,1.0,3.0,10343,M,4827394.0,402092.0,10
201800007375,18,8,2,1323,1,2,1,1.0,6.0,10081,M,4830439.0,402539.0,10
201800007376,18,8,2,2121,2,2,1,1.0,6.0,10387,M,4830003.0,408021.0,10
201800007377,18,8,3,1410,1,2,2,1.0,3.0,10387,M,4830474.0,407090.0,10
201800007378,18,8,4,2230,5,2,3,1.0,3.0,10362,M,4829214.0,404009.0,10
201800007379,18,8,9,1409,1,2,9,1.0,2.0,10081,M,4830277.0,402769.0,10
201800007380,18,8,10,1707,1,2,1,1.0,6.0,10387,M,4829439.0,406853.0,10
201800007381,18,8,13,955,1,2,2,1.0,3.0,10387,M,4829690.0,407142.0,10
201800007382,18,8,15,929,1,2,1,1.0,3.0,10387,M,4830400.0,407270.0,10
201800007383,18,8,16,1928,1,2,1,1.0,3.0,10060,M,4826065.0,409520.0,10
201800007384,18,8,18,1526,1,2,3,1.0,3.0,10387,M,4829630.0,407139.0,10
201800007385,18,8,19,850,1,2,2,1.0,2.0,10333,M,4826873.0,404795.0,10
201800007386,18,8,20,1402,1,2,2,1.0,6.0,10362,M,4829940.0,405040.0,10
201800007387,18,8,23,1004,1,2,3,1.0,3.0,10343,M,4826840.0,409740.0,10
201800007388,18,8,23,1050,1,2,1,1.0,2.0,10387,M,4830978.0,409719.0,10
201800007389,18,8,24,1200,1,1,1,1.0,4.0,10357,M,4829410.0,414330.0,10
201800007390,18,8,25,1559,1,2,9,1.0,2.0,10387,M,4828618.0,407559.0,10
201800007391,18,8,29,2221,3,1,1,1.0,2.0,10333,M,4827622.0,400434.0,10
201800007392,18,9,1,1355,1,2,1,1.0,6.0,10362,M,4829170.0,403530.0,10
201800007393,18,9,1,1714,1,2,1,1.0,3.0,10387,M,4830773.0,406576.0,10
201800007394,18,9,1,1837,1,2,6,1.0,3.0,10387,M,4829484.0,406763.0,10
201800007395,18,9,1,2124,5,2,2,1.0,6.0,10387,M,4830829.0,405621.0,10
201800007396,18,9,2,850,1,2,8,1.0,3.0,10297,M,4831800.0,409246.0,10
201800007397,18,9,4,1120,1,2,1,1.0,2.0,10081,M,4832040.0,403490.0,10
201800007398,18,9,4,1443,1,2,2,1.0,3.0,10060,M,4826176.0,409338.0,10
201800007399,18,9,4,1352,1,2,1,1.0,3.0,10387,M,4829140.0,408810.0,10
201800007400,18,9,4,1636,1,2,2,1.0,3.0,10387,M,4829665.0,408547.0,10
201800007401,18,9,6,914,1,2,1,1.0,6.0,10387,M,4820916.0,406724.0,10
201800007402,18,9,7,1405,1,2,1,1.0,2.0,10297,M,4831810.0,409837.0,10
201800007403,18,9,7,1739,1,2,1,1.0,7.0,10333,M,4828274.0,406475.0,10
201800007404,18,9,10,756,1,2,1,1.0,4.0,10333,M,4828770.0,405970.0,10
201800007405,18,9,10,1116,1,2,2,1.0,6.0,10387,M,4828658.0,407768.0,10
201800007406,18,9,10,1417,1,2,6,1.0,2.0,10387,M,4828794.0,408150.0,10
201800007407,18,9,10,1811,1,2,1,1.0,2.0,10387,M,4828444.0,407829.0,10
201800007408,18,9,11,1412,1,2,1,1.0,6.0,10387,M,4828898.0,407678.0,10
201800007409,18,9,12,1110,1,2,6,1.0,3.0,10387,M,4828793.0,408084.0,10
201800007410,18,9,12,1923,1,2,1,1.0,6.0,10297,M,4831990.0,410700.0,10
201800007411,18,9,13,1300,1,1,1,2.0,6.0,10357,M,4828792.0,413891.0,10
201800007412,18,9,14,1850,1,2,1,1.0,3.0,10387,M,4830431.0,405264.0,10
201800007413,18,9,15,1042,1,2,1,1.0,2.0,10321,M,4829026.0,401509.0,10
201800007414,18,9,16,1105,1,2,1,1.0,7.0,10387,M,4828460.0,407300.0,10
201800007415,18,9,15,745,1,2,1,1.0,6.0,10325,M,4826396.0,405903.0,10
201800007416,18,9,17,843,1,2,2,1.0,3.0,10387,M,4829000.0,410070.0,10
201800007417,18,9,15,2004,1,2,9,1.0,3.0,10081,M,4830536.0,402517.0,10
201800007418,18,9,19,1450,1,2,1,1.0,4.0,10387,M,4830573.0,405063.0,10
201800007419,18,9,20,745,1,2,1,1.0,6.0,10387,M,4829850.0,407939.0,10
201800007420,18,9,20,1624,1,2,1,1.0,2.0,10387,M,4829173.0,407474.0,10
201800007421,18,9,20,1756,1,2,1,1.0,4.0,10362,M,4829124.0,403127.0,10
201800007422,18,9,21,841,1,2,1,2.0,6.0,10387,M,4829120.0,408399.0,10
201800007423,18,9,21,1534,1,2,2,1.0,3.0,10387,M,4829985.0,409492.0,10
201800007424,18,9,21,2337,5,2,3,1.0,3.0,10387,M,4829779.0,408007.0,10
201800007425,18,9,22,1315,1,2,1,1.0,6.0,10387,M,4830732.0,408129.0,10
201800007426,18,9,22,1240,1,2,1,1.0,3.0,10387,M,4830541.0,408990.0,10
201800007427,18,9,24,520,5,2,6,1.0,7.0,10333,M,4826989.0,405004.0,10
201800007428,18,9,23,1120,1,2,1,2.0,6.0,10387,M,4829558.0,408471.0,10
201800007429,18,9,26,814,1,2,1,1.0,3.0,10297,M,4832420.0,410490.0,10
201800007430,18,9,26,809,1,2,1,1.0,4.0,10387,M,4830731.0,407024.0,10
201800007431,18,9,27,937,1,2,2,1.0,3.0,10387,M,4828657.0,407746.0,10
201800007432,18,9,28,815,1,2,2,1.0,3.0,10297,M,4832160.0,409880.0,10
201800007433,18,9,28,1039,1,2,1,1.0,3.0,10081,M,4831244.0,402615.0,10
201800007434,18,9,30,1931,2,2,6,1.0,7.0,10387,M,4830864.0,406883.0,10
201800007435,18,10,2,1659,1,2,1,8.0,7.0,10387,M,4829073.0,408765.0,10
201800007436,18,10,3,1324,1,2,1,8.0,2.0,10387,M,4829073.0,408765.0,10
201800007437,18,9,25,1329,1,2,6,1.0,3.0,10387,M,4830061.0,407552.0,10
201800007438,18,9,8,1104,1,2,9,1.0,3.0,10081,M,4832189.0,406554.0,10
201800007439,18,10,4,1204,1,2,1,1.0,6.0,10362,M,4830052.0,404322.0,10
201800007440,18,10,5,1015,1,2,1,1.0,6.0,10362,M,4829293.0,401778.0,10
201800007441,18,10,5,1705,1,2,3,1.0,2.0,10325,M,4825601.0,405793.0,10
201800007442,18,10,6,1309,1,2,1,1.0,1.0,10387,M,4828490.0,408690.0,10
201800007443,18,10,8,1812,1,2,9,1.0,6.0,10387,M,4829073.0,408765.0,10
201800007444,18,10,11,1722,1,1,1,1.0,5.0,10362,M,4829420.0,403120.0,10
201800007445,18,10,12,1628,1,2,6,1.0,6.0,10081,M,4830778.0,404328.0,10
201800007446,18,10,14,145,5,2,1,1.0,6.0,10387,M,4829778.0,408005.0,10
201800007447,18,10,15,723,5,2,2,1.0,3.0,10387,M,4828660.0,407740.0,10
201800007448,18,10,14,638,3,2,1,1.0,7.0,10357,M,4829470.0,414079.0,10
201800007449,18,10,15,1330,1,2,1,1.0,6.0,10387,M,4827319.0,408140.0,10
201800007450,18,10,15,1355,1,2,2,1.0,6.0,10387,M,4829876.0,407347.0,10
201800007451,18,10,18,2251,5,2,6,1.0,7.0,10081,M,4830778.0,404363.0,10
201800007452,18,10,22,1020,1,2,3,1.0,3.0,10387,M,4827522.0,408357.0,10
201800007453,18,10,25,1517,1,2,9,1.0,3.0,10387,M,4829787.0,407348.0,10
201800007454,18,10,29,1832,5,2,1,1.0,2.0,10387,M,4828460.0,407321.0,10
201800007455,18,10,30,2238,5,2,2,1.0,1.0,10333,M,4828114.0,404683.0,10
201800007456,18,11,3,1845,3,1,1,5.0,5.0,10343,M,4825830.0,412614.0,10
201800007457,18,11,6,725,1,2,6,1.0,3.0,10333,M,4829073.0,408765.0,10
201800007458,18,11,8,1708,5,2,3,8.0,1.0,10387,M,4827419.0,407385.0,10
201800007459,18,11,9,1740,5,2,2,1.0,3.0,10343,M,4827995.0,408741.0,10
201800007460,18,11,12,1301,1,1,9,1.0,3.0,10333,M,4827991.0,404385.0,10
201800007461,18,11,12,1719,5,2,9,2.0,6.0,10387,M,4830409.0,408861.0,10
201800007462,18,11,13,855,1,2,1,8.0,4.0,10387,M,4830442.0,408340.0,10
201800007463,18,11,12,1635,1,2,4,2.0,6.0,10387,M,4229889.0,405297.0,10
201800007464,18,11,14,1210,1,2,3,1.0,3.0,10387,M,4829680.0,407558.0,10
201800007465,18,11,17,35,5,2,1,1.0,6.0,10387,M,4830308.0,408441.0,10
201800007466,18,11,17,1029,1,2,1,1.0,7.0,10333,M,4829073.0,408765.0,10
201800007467,18,11,21,859,1,2,2,1.0,3.0,10387,M,4830280.0,406790.0,10
201800007468,18,11,22,1000,1,2,9,8.0,2.0,10387,M,4830850.0,406900.0,10
201800007469,18,11,24,1128,1,2,1,1.0,4.0,10343,M,4826852.0,408844.0,10
201800007470,18,11,24,1059,1,1,1,2.0,7.0,10362,M,4830137.0,402277.0,10
201800007471,18,11,28,1344,1,2,1,8.0,6.0,10387,M,4828737.0,409341.0,10
201800007472,18,11,29,1208,1,2,3,1.0,3.0,10081,M,4831341.0,402379.0,10
201800007473,18,12,2,900,1,2,6,2.0,7.0,10357,M,4829586.0,413719.0,10
201800007474,18,12,3,747,5,2,2,8.0,3.0,10321,M,4828760.0,403160.0,10
201800007475,18,12,1,2151,5,2,1,2.0,7.0,10387,M,4829522.0,407782.0,10
201800007476,18,12,6,809,1,2,1,2.0,3.0,10297,M,4832570.0,411106.0,10
201800007477,18,12,7,1317,1,2,1,1.0,6.0,10387,M,4828086.0,407171.0,10
201800007478,18,12,8,543,5,2,1,1.0,6.0,10387,M,4829292.0,406592.0,10
201800007479,18,12,7,1637,1,2,6,3.0,3.0,10387,M,4830162.0,407472.0,10
201800007480,18,12,9,2121,3,1,1,8.0,6.0,10333,M,4828610.0,404003.0,10
201800007481,18,12,10,1758,5,2,2,2.0,1.0,10333,M,4828656.0,406820.0,10
201800007482,18,12,11,1834,5,2,2,1.0,3.0,10387,M,4828000.0,407733.0,10
201800007483,18,12,12,1015,1,1,1,8.0,7.0,10081,M,4832036.0,402297.0,10
201800007484,18,12,10,1812,5,2,1,1.0,6.0,10081,M,4830591.0,402562.0,10
201800007485,18,12,13,717,4,1,1,9.0,6.0,10362,M,4829007.0,403754.0,10
201800007486,18,12,14,1330,1,1,1,1.0,4.0,10333,M,4827916.0,404075.0,10
201800007487,18,12,14,1800,5,2,6,1.0,3.0,10333,M,4828206.0,405963.0,10
201800007488,18,12,17,1542,1,2,1,1.0,2.0,10387,M,4830002.0,407609.0,10
201800007489,18,12,19,747,2,2,3,8.0,3.0,10362,M,4829200.0,403910.0,10
201800007490,18,12,19,1219,1,2,1,7.0,2.0,10387,M,4830998.0,409722.0,10
201800007491,18,12,21,700,5,2,1,2.0,2.0,10387,M,4827180.0,407880.0,10
201800007492,18,1,21,800,1,1,1,1.0,6.0,67108,M,4853249.0,758476.0,67
201800007493,18,2,8,1300,1,1,1,1.0,3.0,67108,M,4854206.0,758708.0,67
201800007494,18,2,12,1635,1,2,9,9.0,6.0,67152,M,4851671.0,765524.0,67
201800007495,18,2,21,1600,1,2,1,1.0,7.0,67152,M,4851795.0,765594.0,67
201800007496,18,4,19,1847,1,1,3,7.0,3.0,67247,M,4857097.0,758394.0,67
201800007497,18,4,22,745,1,2,1,1.0,6.0,67152,M,4851671.0,765919.0,67
201800007498,18,5,25,1730,1,2,1,1.0,7.0,67152,M,4851238.0,764782.0,67
201800007499,18,7,30,1345,1,1,9,1.0,3.0,67152,M,4852015.0,770122.0,67
201800007500,18,8,26,1420,1,1,1,1.0,7.0,67152,M,4850835.0,764177.0,67
201800007501,18,9,30,850,1,2,9,7.0,3.0,67152,M,4851681.0,765343.0,67
201800007502,18,9,27,1700,1,2,1,1.0,7.0,67049,M,4850794.0,761008.0,67
201800007503,18,11,8,930,1,2,1,1.0,2.0,67152,M,4851517.0,764896.0,67
201800007504,18,12,12,1713,2,2,6,1.0,2.0,67124,M,4854037.0,765142.0,67
201800007505,18,1,21,2030,3,1,1,2.0,3.0,67389,M,4864798.0,774256.0,67
201800007506,18,1,24,1630,5,2,1,2.0,3.0,67506,M,4866762.0,774008.0,67
201800007507,18,3,14,930,1,2,1,1.0,3.0,67471,M,4863660.0,772734.0,67
201800007508,18,5,4,1520,1,2,1,1.0,6.0,67309,M,4863991.0,771406.0,67
201800007509,18,6,24,945,1,2,9,1.0,1.0,67309,M,4863388.0,771987.0,67
201800007510,18,6,24,1900,1,2,1,1.0,3.0,67471,M,4863144.0,775355.0,67
201800007511,18,7,11,1700,1,2,1,1.0,6.0,67256,M,4865261.0,770343.0,67
201800007512,18,7,19,845,1,1,6,1.0,3.0,67389,M,4866410.0,775991.0,67
201800007513,18,8,6,1655,1,2,2,1.0,3.0,67256,M,4865482.0,769442.0,67
201800007514,18,9,8,1045,1,2,1,1.0,2.0,67471,M,4863311.0,772811.0,67
201800007515,18,10,18,745,1,2,6,1.0,3.0,67506,M,4866762.0,774008.0,67
201800007516,18,10,27,1555,1,2,1,1.0,3.0,67343,M,4860737.0,768303.0,67
201800007517,18,11,17,1415,1,2,1,1.0,1.0,67296,M,4861605.0,769465.0,67
201800007518,18,11,27,745,2,2,1,2.0,6.0,67343,M,4860233.0,769425.0,67
201800007519,18,11,20,2000,5,2,2,1.0,3.0,67343,M,4860831.0,767615.0,67
201800007520,18,11,10,1715,5,2,1,3.0,6.0,67506,M,4866157.0,772063.0,67
201800007521,18,12,17,605,5,2,1,8.0,6.0,67506,M,4866899.0,771383.0,67
201800007522,18,12,23,1628,2,2,1,2.0,3.0,67343,M,4860831.0,767615.0,67
201800007523,18,3,26,1810,1,1,1,1.0,6.0,65256,M,4316294.0,27081.0,65
201800007524,18,7,18,1835,1,1,1,2.0,7.0,65482,M,4310843.0,45714.0,65
201800007525,18,7,27,2000,1,1,1,1.0,6.0,65226,M,4323260.0,-4086.0,65
201800007526,18,10,2,1830,1,1,1,1.0,5.0,65127,M,4312029.0,32073.0,65
201800007527,18,11,30,2200,3,1,1,1.0,2.0,02676,M,4952257.0,387291.0,02
201800007528,18,12,5,1925,3,1,1,1.0,7.0,02472,M,4955861.0,380748.0,02
201800007529,18,8,12,1805,1,2,6,7.0,6.0,38352,M,4559487.0,522312.0,38
201800007530,18,9,3,1620,1,1,1,1.0,2.0,38530,M,4561533.0,519265.0,38
201800007531,18,9,21,1240,1,2,6,1.0,3.0,38193,M,4561319.0,522203.0,38
201800007532,18,11,19,850,1,2,1,2.0,6.0,38193,M,4562075.0,522255.0,38
201800007533,18,5,29,1430,1,1,1,1.0,6.0,03297,M,4651592.0,258245.0,03
201800007534,18,6,12,1645,1,1,1,1.0,6.0,03158,M,4650908.0,263470.0,03
201800007535,18,12,17,1855,3,1,1,1.0,2.0,03158,M,4649113.0,266146.0,03
201800007536,18,2,21,950,1,1,9,1.0,1.0,04209,M,4420940.0,593556.0,04
201800007537,18,6,25,945,1,1,1,1.0,5.0,04127,M,4405700.0,596366.0,04
201800007538,18,7,8,2357,3,1,1,1.0,6.0,05162,M,4443813.0,602901.0,05
201800007539,18,7,30,1145,1,1,1,1.0,2.0,04200,M,4415830.0,596269.0,04
201800007540,18,8,2,620,2,1,1,1.0,7.0,04127,M,4406270.0,596375.0,04
201800007541,18,1,1,1610,1,1,2,1.0,3.0,13080,M,4366920.0,543932.0,13
201800007542,18,2,12,1645,1,2,1,1.0,6.0,13113,M,4359798.0,547565.0,13
201800007543,18,6,15,1215,1,2,1,1.0,6.0,13113,M,4358597.0,547501.0,13
201800007544,18,7,4,1550,1,1,1,1.0,2.0,13113,M,4361152.0,549545.0,13
201800007545,18,7,11,2150,3,1,1,1.0,7.0,13080,M,4366924.0,543936.0,13
201800007546,18,9,18,1830,1,2,1,1.0,6.0,13113,M,4359009.0,547811.0,13
201800007547,18,1,3,1433,1,1,6,2.0,5.0,73213,M,4553743.0,596837.0,73
201800007548,18,11,4,1630,1,1,1,1.0,3.0,73200,M,4550591.0,608716.0,73
201800007549,18,11,23,1430,1,1,1,2.0,6.0,73082,M,4549509.0,606193.0,73
201800007550,18,12,16,18,3,1,1,3.0,6.0,73002,M,4554080.0,630172.0,73
201800007551,18,12,17,1525,1,1,1,1.0,7.0,73213,M,4553900.0,596587.0,73
201800007552,18,3,12,1725,1,1,1,1.0,3.0,26057,M,,,26
201800007553,18,8,14,1600,1,1,1,1.0,6.0,38033,M,4518601.0,540762.0,38
201800007554,18,10,9,1545,1,1,1,1.0,6.0,38559,M,4520127.0,542861.0,38
201800007555,18,11,4,430,3,1,1,8.0,7.0,38004,M,4520688.0,544818.0,38
201800007556,18,4,12,840,1,1,1,1.0,3.0,35352,M,4803896.0,-160329.0,35
201800007557,18,5,6,1700,1,2,6,1.0,6.0,35206,M,4804754.0,-166493.0,35
201800007558,18,9,1,2000,1,1,1,1.0,7.0,35208,M,4797772.0,-165975.0,35
201800007559,18,9,16,1415,1,1,1,1.0,5.0,35250,M,4802044.0,-160149.0,35
201800007560,18,12,4,530,3,1,1,1.0,4.0,35352,M,4806263.0,-161730.0,35
201800007561,18,12,9,1800,5,2,2,2.0,3.0,35266,M,4802387.0,-165561.0,35
201800007562,18,1,24,715,1,1,1,1.0,2.0,67151,M,4870631.0,785470.0,67
201800007563,18,4,6,1230,1,1,1,1.0,6.0,67463,M,4889677.0,811700.0,67
201800007564,18,6,17,915,1,1,1,1.0,2.0,67418,M,4882081.0,799957.0,67
201800007565,18,12,9,800,2,1,1,1.0,7.0,67106,M,4877044.0,793656.0,67
201800007566,18,12,29,650,2,2,2,1.0,3.0,11069,M,4320788.0,233691.0,11
201800007567,18,1,2,2130,5,2,1,2.0,6.0,11069,M,4321250.0,235960.0,11
201800007568,18,1,2,1710,2,1,1,2.0,5.0,11069,M,4323314.0,235787.0,11
201800007569,18,1,11,1223,1,2,1,1.0,7.0,11069,M,4322100.0,234430.0,11
201800007570,18,1,11,720,3,1,1,1.0,4.0,11069,M,4322006.0,238056.0,11
201800007571,18,1,16,730,2,2,2,1.0,3.0,11069,M,4321124.0,232650.0,11
201800007572,18,1,17,1035,1,2,1,1.0,3.0,11069,M,4321000.0,237910.0,11
201800007573,18,1,23,820,1,2,6,1.0,2.0,11069,M,4320444.0,233326.0,11
201800007574,18,1,25,827,1,1,1,8.0,2.0,11069,M,4322780.0,237250.0,11
201800007575,18,1,25,1130,1,2,1,1.0,2.0,11069,M,4321121.0,232657.0,11
201800007576,18,2,1,1555,1,1,3,1.0,4.0,11069,M,4319311.0,233613.0,11
201800007577,18,2,3,1545,1,2,1,1.0,3.0,11069,M,4320916.0,233840.0,11
201800007578,18,2,4,2020,5,2,4,2.0,5.0,11069,M,4321693.0,235392.0,11
201800007579,18,2,11,2350,3,1,1,2.0,7.0,11069,M,4322511.0,229302.0,11
201800007580,18,2,6,115,5,2,1,3.0,6.0,11069,M,4321354.0,235544.0,11
201800007581,18,2,23,1305,1,2,2,1.0,3.0,11069,M,4320743.0,231075.0,11
201800007582,18,2,27,1015,1,2,1,1.0,3.0,11069,M,4321198.0,231742.0,11
201800007583,18,3,1,1410,1,2,2,2.0,3.0,11069,M,4321460.0,236328.0,11
201800007584,18,3,1,1440,1,2,2,2.0,3.0,11069,M,4321011.0,236050.0,11
201800007585,18,2,22,1005,1,1,1,1.0,2.0,11069,M,4323140.0,237480.0,11
201800007586,18,3,7,1225,1,1,1,1.0,1.0,11069,M,4321238.0,231609.0,11
201800007587,18,3,5,1530,1,2,1,1.0,6.0,11069,M,4320741.0,238050.0,11
201800007588,18,3,3,1040,1,2,1,1.0,6.0,11069,M,4320907.0,236270.0,11
201800007589,18,2,7,1210,1,1,1,8.0,7.0,11069,M,4319169.0,233231.0,11
201800007590,18,2,23,314,3,1,1,1.0,1.0,11069,M,4322719.0,236932.0,11
201800007591,18,3,24,1550,1,1,1,2.0,3.0,11069,M,4319286.0,233618.0,11
201800007592,18,3,22,820,1,1,1,1.0,7.0,11069,M,4319332.0,229861.0,11
201800007593,18,3,14,1320,1,2,1,1.0,3.0,11069,M,4320763.0,233781.0,11
201800007594,18,3,18,2040,3,1,1,2.0,7.0,11069,M,4320225.0,231375.0,11
201800007595,18,3,11,635,3,1,1,1.0,7.0,11069,M,4319854.0,234970.0,11
201800007596,18,3,6,1335,1,2,1,1.0,4.0,11069,M,4321041.0,235225.0,11
201800007597,18,4,8,1015,1,2,6,2.0,7.0,11069,M,4322640.0,233071.0,11
201800007598,18,4,2,2245,3,2,1,1.0,7.0,11069,M,4320720.0,233583.0,11
201800007599,18,4,12,1000,1,1,1,8.0,7.0,11069,M,4323383.0,236513.0,11
201800007600,18,4,12,1717,1,2,1,1.0,7.0,11069,M,4321198.0,237735.0,11
201800007601,18,4,13,1840,1,2,1,1.0,2.0,11069,M,4321111.0,235533.0,11
201800007602,18,4,13,1610,1,2,1,1.0,6.0,11069,M,4321349.0,234746.0,11
201800007603,18,4,17,1645,1,1,1,1.0,7.0,11069,M,4319265.0,231092.0,11
201800007604,18,4,21,1550,1,1,1,1.0,6.0,11069,M,4320040.0,233652.0,11
201800007605,18,4,24,910,1,1,2,1.0,3.0,11069,M,4323467.0,226273.0,11
201800007606,18,3,31,1230,1,2,2,3.0,3.0,11069,M,4319934.0,232720.0,11
201800007607,18,4,28,2230,5,2,3,1.0,3.0,11069,M,4321496.0,236680.0,11
201800007608,18,5,5,2040,1,2,1,1.0,6.0,11069,M,4321346.0,234835.0,11
201800007609,18,5,8,1100,1,2,6,1.0,2.0,11069,M,4322529.0,234500.0,11
201800007610,18,5,12,1810,1,2,3,2.0,3.0,11069,M,4321267.0,235440.0,11
201800007611,18,5,14,1315,1,2,3,3.0,3.0,11069,M,4321928.0,235817.0,11
201800007612,18,5,14,1605,1,2,3,2.0,3.0,11069,M,4321553.0,237473.0,11
201800007613,18,5,15,900,1,2,3,2.0,7.0,11069,M,4321082.0,231996.0,11
201800007614,18,5,18,405,5,2,2,1.0,3.0,11069,M,4321343.0,235044.0,11
201800007615,18,5,18,1205,1,1,6,1.0,5.0,11069,M,4321150.0,231990.0,11
201800007616,18,5,19,1650,1,2,1,1.0,2.0,11069,M,4321431.0,233350.0,11
201800007617,18,5,19,157,3,1,1,1.0,6.0,11069,M,4321362.0,229516.0,11
201800007618,18,5,19,1520,1,2,1,1.0,2.0,11069,M,4322689.0,233166.0,11
201800007619,18,5,18,845,1,2,1,1.0,2.0,11069,M,4322751.0,233380.0,11
201800007620,18,5,21,2115,2,2,1,1.0,3.0,11069,M,4320750.0,237820.0,11
201800007621,18,5,24,1435,1,1,1,1.0,2.0,11069,M,4320928.0,231145.0,11
201800007622,18,5,26,1350,1,2,3,1.0,2.0,11069,M,4320759.0,237725.0,11
201800007623,18,5,30,1145,1,1,1,8.0,3.0,11069,M,4319220.0,233630.0,11