Num_Acc,an,mois,jour,hrmn,lum,agg,int,atm,col,com,gps,lat,long,dep
201800007624,18,5,30,1755,1,2,2,1.0,3.0,11069,M,4321677.0,234795.0,11
201800007625,18,6,4,1855,1,2,2,1.0,3.0,11069,M,4321631.0,235611.0,11
201800007626,18,6,5,730,1,2,1,1.0,2.0,11069,M,4320390.0,232287.0,11
201800007627,18,6,6,1730,1,2,1,2.0,2.0,11069,M,4320897.0,238033.0,11
201800007628,18,6,9,1830,1,1,3,1.0,3.0,11069,M,4319890.0,232660.0,11
201800007629,18,6,13,1435,1,2,1,1.0,1.0,11069,M,4321080.0,234319.0,11
201800007630,18,6,17,1900,1,1,1,1.0,7.0,11069,M,4320424.0,238169.0,11
201800007631,18,6,19,1100,1,1,1,1.0,7.0,11069,M,4323410.0,236793.0,11
201800007632,18,6,5,1730,1,2,1,8.0,7.0,11069,M,4320759.0,231497.0,11
201800007633,18,6,21,1620,1,2,1,1.0,2.0,11069,M,4321400.0,235485.0,11
201800007634,18,6,22,1255,1,1,1,1.0,2.0,11069,M,4320274.0,231498.0,11
201800007635,18,6,23,1520,1,2,1,1.0,7.0,11069,M,4321056.0,236038.0,11
201800007636,18,6,23,2200,5,2,2,1.0,3.0,11069,M,4321565.0,235605.0,11
201800007637,18,6,26,1444,1,2,1,1.0,7.0,11069,M,4321087.0,233791.0,11
201800007638,18,7,1,2220,5,2,1,1.0,3.0,11069,M,4321190.0,235840.0,11
201800007639,18,7,4,1755,1,2,1,1.0,5.0,11069,M,4319280.0,239700.0,11
201800007640,18,7,5,1420,1,2,1,1.0,3.0,11069,M,4321020.0,237850.0,11
201800007641,18,7,9,1950,1,1,1,1.0,7.0,11069,M,4322931.0,228054.0,11
201800007642,18,7,14,1539,1,2,1,1.0,7.0,11069,M,4318439.0,230690.0,11
201800007643,18,7,14,2210,3,1,1,1.0,2.0,11069,M,4322040.0,238030.0,11
201800007644,18,7,16,1550,1,1,1,1.0,7.0,11069,M,4319841.0,234955.0,11
201800007645,18,7,16,1416,1,2,1,1.0,3.0,11069,M,4322600.0,232770.0,11
201800007646,18,7,21,320,3,1,1,2.0,7.0,11069,M,4322854.0,237443.0,11
201800007647,18,7,31,1720,1,1,1,1.0,4.0,11069,M,4321455.0,232244.0,11
201800007648,18,8,1,1852,1,1,1,1.0,7.0,11069,M,4321647.0,231812.0,11
201800007649,18,8,2,1210,1,2,3,1.0,3.0,11069,M,4322307.0,233157.0,11
201800007650,18,8,5,1809,1,1,1,1.0,5.0,11069,M,4322549.0,233001.0,11
201800007651,18,8,6,1520,1,1,1,1.0,1.0,11069,M,4322173.0,232450.0,11
201800007652,18,8,7,1700,1,2,6,1.0,2.0,11069,M,4322660.0,233073.0,11
201800007653,18,8,7,1045,1,1,1,1.0,3.0,11069,M,4322970.0,232630.0,11
201800007654,18,8,9,2350,3,1,1,1.0,7.0,11069,M,4321357.0,228635.0,11
201800007655,18,8,17,930,1,2,6,2.0,7.0,11069,M,4323339.0,236738.0,11
201800007656,18,8,20,1428,1,1,1,1.0,3.0,11069,M,4322552.0,232898.0,11
201800007657,18,8,26,1700,1,1,1,1.0,6.0,11069,M,4322069.0,238013.0,11
201800007658,18,8,26,1823,1,2,1,1.0,4.0,11069,M,4320823.0,237148.0,11
201800007659,18,8,30,1215,1,1,1,1.0,7.0,11069,M,4319491.0,236184.0,11
201800007660,18,8,31,1230,1,2,6,1.0,2.0,11069,M,4323590.0,236840.0,11
201800007661,18,8,31,1402,1,2,1,1.0,6.0,11069,M,4322001.0,234393.0,11
201800007662,18,12,31,1756,3,1,1,1.0,3.0,11069,M,4318128.0,229050.0,11
201800007663,18,9,1,1716,1,2,2,7.0,3.0,11069,M,4321481.0,235701.0,11
201800007664,18,9,3,45,3,1,1,1.0,7.0,11069,M,4319912.0,236264.0,11
201800007665,18,9,6,1545,1,2,3,1.0,2.0,11069,M,4322365.0,234297.0,11
201800007666,18,9,7,1100,1,2,5,8.0,5.0,11069,M,4321120.0,232660.0,11
201800007667,18,9,13,1150,1,2,1,1.0,2.0,11069,M,4321098.0,233807.0,11
201800007668,18,9,13,1825,1,2,2,1.0,7.0,11069,M,4320826.0,231999.0,11
201800007669,18,9,15,1400,1,1,1,1.0,2.0,11069,M,4322918.0,234086.0,11
201800007670,18,9,16,1215,1,2,5,1.0,3.0,11069,M,4321127.0,232651.0,11
201800007671,18,9,17,1930,1,1,1,1.0,7.0,11069,M,4323026.0,232550.0,11
201800007672,18,9,19,1745,1,1,1,1.0,1.0,11069,M,4320012.0,233818.0,11
201800007673,18,9,20,1805,1,1,2,1.0,3.0,11069,M,4323560.0,236650.0,11
201800007674,18,9,25,1510,1,2,1,1.0,4.0,11069,M,4321190.0,236520.0,11
201800007675,18,9,25,1149,1,2,1,1.0,7.0,11069,M,4321380.0,229120.0,11
201800007676,18,9,26,1835,1,1,2,1.0,2.0,11069,M,4320810.0,231960.0,11
201800007677,18,9,28,910,1,2,1,1.0,6.0,11069,M,4320840.0,238400.0,11
201800007678,18,9,29,930,1,2,1,1.0,6.0,11069,M,4321041.0,235498.0,11
201800007679,18,10,1,1710,1,2,1,1.0,5.0,11069,M,4321264.0,234812.0,11
201800007680,18,10,2,1730,1,1,1,1.0,2.0,11069,M,4320780.0,238820.0,11
201800007681,18,10,3,1745,1,2,1,1.0,3.0,11069,M,4321827.0,234428.0,11
201800007682,18,10,3,1632,1,1,1,1.0,2.0,11069,M,4320419.0,231272.0,11
201800007683,18,10,9,1035,1,2,1,1.0,5.0,11069,M,4321034.0,234984.0,11
201800007684,18,10,12,50,4,1,1,2.0,7.0,11069,M,4320205.0,231462.0,11
201800007685,18,10,12,1755,1,2,1,1.0,6.0,11069,M,4320923.0,232953.0,11
201800007686,18,10,13,1110,1,1,1,8.0,2.0,11069,M,4320207.0,231428.0,11
201800007687,18,10,14,1732,1,2,3,1.0,3.0,11069,M,4321120.0,232660.0,11
201800007688,18,10,20,1515,1,1,1,1.0,4.0,11069,M,4322583.0,233048.0,11
201800007689,18,11,5,1715,1,2,3,1.0,6.0,11069,M,4322390.0,234420.0,11
201800007690,18,11,5,1550,1,2,1,1.0,6.0,11069,M,4322246.0,234070.0,11
201800007691,18,11,10,1645,1,2,3,1.0,3.0,11069,M,4321099.0,234135.0,11
201800007692,18,11,15,1120,1,2,1,1.0,6.0,11069,M,4321621.0,236175.0,11
201800007693,18,11,17,1415,1,1,1,1.0,6.0,11069,M,4321260.0,231990.0,11
201800007694,18,11,20,1840,3,1,1,2.0,4.0,11069,M,4322500.0,237830.0,11
201800007695,18,11,22,1815,3,1,1,1.0,2.0,11069,M,4323118.0,237534.0,11
201800007696,18,11,22,1830,5,2,1,1.0,6.0,11069,M,4321250.0,235668.0,11
201800007697,18,11,24,520,3,1,1,8.0,6.0,11069,M,4320250.0,231500.0,11
201800007698,18,12,8,50,3,1,1,1.0,7.0,11069,M,4322009.0,230210.0,11
201800007699,18,12,9,1820,5,2,1,2.0,2.0,11069,M,4321279.0,232673.0,11
201800007700,18,12,8,556,3,2,1,1.0,7.0,11069,M,4320174.0,233002.0,11
201800007701,18,12,14,2316,5,2,1,1.0,6.0,11069,M,4321179.0,235850.0,11
201800007702,18,12,16,240,5,2,1,1.0,7.0,11069,M,4321642.0,235355.0,11
201800007703,18,12,17,1150,1,2,1,1.0,6.0,11069,M,4321774.0,235185.0,11
201800007704,18,12,18,730,5,2,1,1.0,6.0,11069,M,4320712.0,238274.0,11
201800007705,18,12,18,1810,3,1,3,1.0,3.0,11069,M,4321370.0,229150.0,11
201800007706,18,1,16,550,3,1,1,2.0,4.0,31118,M,4378189.0,138331.0,31
201800007707,18,2,3,2315,3,1,1,9.0,6.0,31094,M,4376659.0,160988.0,31
201800007708,18,2,15,1425,1,1,1,1.0,2.0,31022,M,4367041.0,141901.0,31
201800007709,18,2,15,1510,1,1,1,1.0,6.0,31516,M,4376499.0,138527.0,31
201800007710,18,3,8,2039,3,1,1,1.0,2.0,31079,M,4379643.0,141936.0,31
201800007711,18,3,10,1100,1,1,1,1.0,6.0,31118,M,4379922.0,137125.0,31
201800007712,18,4,19,1755,1,2,6,1.0,3.0,31044,M,4361377.0,148868.0,31
201800007713,18,5,5,607,2,1,1,1.0,5.0,31091,M,4370104.0,140772.0,31
201800007714,18,5,31,1400,1,1,1,1.0,7.0,31297,M,4364869.0,116878.0,31
201800007715,18,8,13,230,3,1,1,2.0,2.0,31022,M,4367091.0,141834.0,31
201800007716,18,8,30,2325,5,1,1,1.0,6.0,31358,M,4371379.0,156619.0,31
201800007717,18,9,29,1340,1,1,1,1.0,2.0,31467,M,4368888.0,141154.0,31
201800007718,18,10,8,2150,3,1,1,1.0,2.0,31118,M,4380216.0,136918.0,31
201800007719,18,10,11,710,3,1,1,1.0,1.0,31032,M,4368392.0,132869.0,31
201800007720,18,10,17,1015,1,1,1,1.0,6.0,31490,M,4374363.0,136896.0,31
201800007721,18,11,27,1630,1,1,9,1.0,2.0,31091,M,4372667.0,140928.0,31
201800007722,18,1,18,2215,3,1,1,1.0,6.0,77164,M,4844418.0,290510.0,77
201800007723,18,2,23,1615,1,1,6,1.0,7.0,77210,M,4842794.0,292676.0,77
201800007724,18,3,13,536,3,1,9,2.0,2.0,77480,M,4843248.0,291989.0,77
201800007725,18,4,16,1500,1,1,1,1.0,6.0,77453,M,4854908.0,277913.0,77
201800007726,18,5,5,1205,1,1,1,1.0,7.0,77165,M,4848730.0,285145.0,77
201800007727,18,8,6,630,2,1,1,1.0,6.0,77279,M,4837637.0,301951.0,77
201800007728,18,8,27,1724,1,1,1,1.0,6.0,77293,M,4837172.0,309689.0,77
201800007729,18,11,16,1930,3,1,1,5.0,3.0,77295,M,4856271.0,276220.0,77
201800007730,18,1,10,1035,1,2,1,1.0,2.0,11262,M,4318174.0,300749.0,11
201800007731,18,1,10,1255,1,2,2,1.0,3.0,11262,M,4318390.0,300158.0,11
201800007732,18,1,11,800,1,2,1,1.0,2.0,11262,M,4317205.0,299074.0,11
201800007733,18,1,18,2025,5,2,1,1.0,2.0,11262,M,4318881.0,300827.0,11
201800007734,18,1,28,1720,1,2,2,1.0,3.0,11262,M,4318276.0,297927.0,11
201800007735,18,2,6,1849,5,2,1,2.0,3.0,11262,M,4317524.0,299305.0,11
201800007736,18,2,13,1530,1,2,1,1.0,6.0,11262,M,4319368.0,302338.0,11
201800007737,18,2,23,1140,1,2,1,1.0,6.0,11262,M,4318032.0,300408.0,11
201800007738,18,2,28,1130,1,2,1,4.0,6.0,11262,M,4318205.0,298900.0,11
201800007739,18,3,10,1730,1,2,1,1.0,3.0,11262,M,4318165.0,298168.0,11
201800007740,18,3,14,1823,1,2,1,1.0,3.0,11262,M,4318329.0,300152.0,11
201800007741,18,3,20,800,1,2,1,1.0,6.0,11262,M,4318777.0,297833.0,11
201800007742,18,3,22,1620,1,2,2,1.0,3.0,11262,M,4318820.0,297793.0,11
201800007743,18,3,25,640,3,1,1,1.0,1.0,11262,M,4317467.0,297429.0,11
201800007744,18,4,6,1715,1,1,1,1.0,4.0,11262,M,4316861.0,298845.0,11
201800007745,18,4,13,1715,1,2,1,2.0,3.0,11262,M,4317974.0,299620.0,11
201800007746,18,4,18,1710,1,2,1,1.0,6.0,11262,M,4318842.0,300437.0,11
201800007747,18,4,21,1430,1,2,1,1.0,6.0,11262,M,4318709.0,298441.0,11
201800007748,18,4,24,1930,1,2,1,1.0,6.0,11262,M,4317515.0,299308.0,11
201800007749,18,4,26,1001,1,2,1,1.0,3.0,11262,M,4316941.0,298893.0,11
201800007750,18,4,27,1540,1,2,1,1.0,2.0,11262,M,4315605.0,298114.0,11
201800007751,18,4,28,2345,5,2,1,1.0,3.0,11262,M,4320068.0,302157.0,11
201800007752,18,5,5,1540,1,1,1,1.0,1.0,11262,M,4314738.0,300465.0,11
201800007753,18,5,13,600,5,2,1,2.0,6.0,11262,M,4320152.0,301977.0,11
201800007754,18,5,17,1135,1,2,1,1.0,6.0,11262,M,4318120.0,301435.0,11
201800007755,18,5,22,1250,1,2,3,1.0,6.0,11262,M,4318234.0,298326.0,11
201800007756,18,5,22,2215,5,2,1,1.0,2.0,11262,M,4318117.0,297105.0,11
201800007757,18,5,25,1010,1,2,1,1.0,6.0,11262,M,4318507.0,301537.0,11
201800007758,18,5,28,920,1,1,1,1.0,6.0,11262,M,4317336.0,297552.0,11
201800007759,18,5,28,1110,1,2,1,1.0,6.0,11262,M,4317999.0,300281.0,11
201800007760,18,5,30,1405,1,2,1,1.0,6.0,11262,M,4317455.0,297451.0,11
201800007761,18,5,28,2055,1,2,1,1.0,6.0,11262,M,4318556.0,300953.0,11
201800007762,18,6,4,722,1,2,1,1.0,6.0,11262,M,4318211.0,299006.0,11
201800007763,18,6,10,1330,1,2,1,1.0,6.0,11262,M,4316934.0,298889.0,11
201800007764,18,6,12,1755,1,2,1,1.0,6.0,11262,M,4317740.0,301175.0,11
201800007765,18,6,15,1745,1,2,3,1.0,3.0,11262,M,4317799.0,299496.0,11
201800007766,18,6,24,1005,1,2,2,1.0,3.0,11262,M,4318043.0,299741.0,11
201800007767,18,6,24,1955,1,2,1,1.0,2.0,11262,M,4318227.0,299473.0,11
201800007768,18,6,25,1800,1,2,1,1.0,6.0,11262,M,4319252.0,301261.0,11
201800007769,18,7,5,1455,1,2,1,1.0,2.0,11262,M,4318361.0,299864.0,11
201800007770,18,7,4,1445,1,2,1,1.0,6.0,11262,M,4315700.0,298183.0,11
201800007771,18,7,12,1230,1,2,1,1.0,6.0,11262,M,4317997.0,301918.0,11
201800007772,18,7,13,1725,1,2,6,1.0,2.0,11262,M,4317993.0,301892.0,11
201800007773,18,7,23,1420,1,2,3,1.0,4.0,11262,M,4318038.0,299740.0,11
201800007774,18,7,25,1809,1,2,2,1.0,3.0,11262,M,4318874.0,300952.0,11
201800007775,18,7,26,1725,1,2,2,1.0,3.0,11262,M,4318048.0,302994.0,11
201800007776,18,8,4,1000,1,2,2,1.0,6.0,11262,M,4318853.0,300954.0,11
201800007777,18,8,8,1740,1,2,1,1.0,7.0,11262,M,4319392.0,300995.0,11
201800007778,18,8,14,1510,1,2,1,1.0,6.0,11262,M,4317692.0,299419.0,11
201800007779,18,8,18,1035,1,2,1,1.0,6.0,11262,M,4315842.0,299320.0,11
201800007780,18,8,20,1825,1,2,1,1.0,6.0,11262,M,4318074.0,299960.0,11
201800007781,18,8,19,600,2,1,1,1.0,6.0,11262,M,4319833.0,297372.0,11
201800007782,18,8,25,1150,1,1,1,1.0,6.0,11262,M,4316678.0,298731.0,11
201800007783,18,8,31,1405,1,2,1,1.0,6.0,11262,M,4319838.0,302007.0,11
201800007784,18,9,2,1845,1,2,1,1.0,6.0,11262,M,4318717.0,300159.0,11
201800007785,18,9,3,1731,1,2,2,1.0,6.0,11262,M,4318280.0,301558.0,11
201800007786,18,9,11,940,1,2,1,1.0,6.0,11262,M,4318527.0,302324.0,11
201800007787,18,9,14,705,2,2,1,1.0,6.0,11262,M,4318485.0,300940.0,11
201800007788,18,9,13,1745,1,2,1,1.0,6.0,11262,M,4316939.0,298887.0,11
201800007789,18,9,16,200,5,1,6,1.0,6.0,11262,M,4318964.0,298532.0,11
201800007790,18,9,17,1240,1,2,6,1.0,3.0,11262,M,4318696.0,300837.0,11
201800007791,18,9,18,1710,1,2,2,1.0,6.0,11262,M,4318846.0,300521.0,11
201800007792,18,9,19,1000,1,2,1,1.0,3.0,11262,M,4318811.0,299635.0,11
201800007793,18,9,19,1806,1,2,1,1.0,6.0,11262,M,4318693.0,299124.0,11
201800007794,18,9,26,936,1,1,1,1.0,6.0,11262,M,4318060.0,295947.0,11
201800007795,18,9,21,900,1,2,1,1.0,6.0,11262,M,4318240.0,299706.0,11
201800007796,18,10,4,1549,1,2,1,1.0,6.0,11262,M,4317663.0,302764.0,11
201800007797,18,10,3,1705,1,2,3,1.0,3.0,11262,M,4318464.0,299479.0,11
201800007798,18,10,10,1440,1,2,3,1.0,3.0,11262,M,4318717.0,298321.0,11
201800007799,18,10,16,1212,1,2,3,3.0,3.0,11262,M,4316025.0,298700.0,11
201800007800,18,10,21,1732,1,2,1,1.0,6.0,11262,M,4316954.0,298902.0,11
201800007801,18,10,19,2110,5,2,1,1.0,6.0,11262,M,4318697.0,300136.0,11
201800007802,18,10,19,835,1,2,1,1.0,2.0,11262,M,4316927.0,298903.0,11
201800007803,18,10,25,1710,1,2,1,1.0,2.0,11262,M,4318312.0,300788.0,11
201800007804,18,10,27,50,5,2,6,1.0,6.0,11262,M,4316768.0,298802.0,11
201800007805,18,10,30,2105,5,2,3,1.0,3.0,11262,M,4319164.0,301495.0,11
201800007806,18,10,30,1450,1,2,2,2.0,3.0,11262,M,4318041.0,299737.0,11
201800007807,18,11,1,1900,5,2,6,1.0,6.0,11262,M,4318018.0,301854.0,11
201800007808,18,11,5,1205,1,2,4,1.0,6.0,11262,M,4319065.0,301794.0,11
201800007809,18,11,5,1615,1,2,1,1.0,6.0,11262,M,4319003.0,301880.0,11
201800007810,18,11,16,1450,1,2,1,1.0,6.0,11262,M,4319003.0,301773.0,11
201800007811,18,11,19,1350,1,2,6,8.0,6.0,11262,M,4318055.0,303581.0,11
201800007812,18,11,20,1148,1,2,3,1.0,6.0,11262,M,4317472.0,299267.0,11
201800007813,18,11,30,1149,1,2,1,2.0,6.0,11262,M,4318193.0,298838.0,11
201800007814,18,12,13,1825,2,2,1,2.0,6.0,11262,M,4318572.0,298274.0,11
201800007815,18,12,13,750,2,2,3,1.0,3.0,11262,M,4318493.0,300042.0,11
201800007816,18,12,14,730,2,2,1,1.0,6.0,11262,M,4318510.0,300059.0,11
201800007817,18,12,18,1735,2,2,1,1.0,2.0,11262,M,4318623.0,300050.0,11
201800007818,18,12,19,1555,1,2,1,1.0,4.0,11262,M,4316873.0,298850.0,11
201800007819,18,12,28,1843,5,2,1,1.0,2.0,11262,M,4318593.0,303211.0,11
201800007820,18,1,20,1500,1,1,1,2.0,7.0,60265,M,4957166.0,219977.0,60
201800007821,18,1,20,2022,3,1,1,3.0,2.0,60377,M,4959337.0,220254.0,60
201800007822,18,1,23,2340,3,1,9,2.0,7.0,60010,M,4921211.0,214824.0,60
201800007823,18,2,8,830,1,1,1,1.0,2.0,60030,M,4934287.0,210642.0,60
201800007824,18,3,22,130,3,2,1,1.0,7.0,95313,M,4912310.0,225310.0,95
201800007825,18,5,24,935,1,1,1,8.0,2.0,60598,M,4934977.0,212462.0,60
201800007826,18,7,16,1235,1,1,1,1.0,6.0,60570,M,4927270.0,208714.0,60
201800007827,18,10,18,900,1,1,1,1.0,3.0,95313,M,4911470.0,225350.0,95
201800007828,18,11,25,730,3,1,1,1.0,2.0,60057,M,4942048.0,212580.0,60
201800007829,18,3,10,1130,1,2,1,1.0,6.0,13091,M,4362068.0,529820.0,13
201800007830,18,9,28,940,1,2,9,1.0,6.0,13050,M,4365206.0,526391.0,13
201800007831,18,10,28,1215,1,1,1,1.0,1.0,13050,M,4364924.0,525802.0,13
201800007832,18,11,23,715,2,1,1,3.0,6.0,13091,M,4363576.0,528039.0,13
201800007833,18,12,4,1620,1,1,1,1.0,2.0,13050,M,4365006.0,527376.0,13
201800007834,18,3,18,530,5,2,1,1.0,6.0,30333,M,4375285.0,426214.0,30
201800007835,18,5,3,1900,1,2,1,1.0,3.0,30036,M,4377227.0,428228.0,30
201800007836,18,5,6,700,1,2,1,1.0,6.0,30169,M,4378256.0,430258.0,30
201800007837,18,6,6,1420,1,2,6,1.0,7.0,30169,M,4380183.0,429046.0,30
201800007838,18,6,19,450,3,1,1,1.0,6.0,30169,M,4380157.0,431880.0,30
201800007839,18,7,31,1505,1,1,1,1.0,3.0,30169,M,4378949.0,431858.0,30
201800007840,18,8,17,1600,1,1,1,1.0,6.0,30036,M,4377820.0,428957.0,30
201800007841,18,9,4,1850,1,1,1,1.0,1.0,30169,M,4375930.0,433735.0,30
201800007842,18,9,8,120,3,1,1,1.0,6.0,30169,M,4379461.0,431857.0,30
201800007843,18,9,12,840,1,1,1,1.0,2.0,30347,M,4374247.0,424799.0,30
201800007844,18,10,18,1750,1,1,1,8.0,3.0,30036,M,4376839.0,427867.0,30
201800007845,18,10,29,720,2,1,1,3.0,1.0,30347,M,4372357.0,426993.0,30
201800007846,18,11,24,1000,1,2,3,7.0,6.0,30169,M,4379011.0,430554.0,30
201800007847,18,11,26,745,2,1,1,9.0,3.0,30036,M,4377085.0,428122.0,30
201800007848,18,11,30,445,3,1,1,3.0,1.0,30020,M,4376252.0,431733.0,30
201800007849,18,12,1,2100,3,1,1,1.0,1.0,30036,M,4377227.0,428228.0,30
201800007850,18,12,2,400,5,2,1,2.0,6.0,30036,M,4377123.0,428815.0,30
201800007851,18,1,28,240,3,1,1,5.0,7.0,31107,M,4331566.0,121034.0,31
201800007852,18,2,6,1735,1,1,1,1.0,2.0,31181,M,4340402.0,129184.0,31
201800007853,18,2,10,640,3,1,1,8.0,2.0,31107,M,4332685.0,122914.0,31
201800007854,18,2,23,1900,3,1,1,1.0,4.0,31395,M,4344166.0,130817.0,31
201800007855,18,5,7,740,1,2,1,1.0,1.0,31424,M,4355283.0,129465.0,31
201800007856,18,6,23,1715,1,1,9,1.0,1.0,31107,M,4330305.0,118873.0,31
201800007857,18,6,28,355,3,1,1,1.0,6.0,31395,M,4345736.0,130775.0,31
201800007858,18,7,11,1600,1,1,1,1.0,7.0,31399,M,4337042.0,127565.0,31
201800007859,18,8,2,850,1,2,6,1.0,3.0,31395,M,4345900.0,132659.0,31
201800007860,18,9,8,2100,3,1,1,1.0,6.0,31104,M,4333429.0,126060.0,31
201800007861,18,10,1,2020,3,1,1,1.0,4.0,31458,M,4349456.0,133466.0,31
201800007862,18,10,19,745,2,1,1,5.0,5.0,31395,M,4346639.0,126237.0,31
201800007863,18,11,8,900,1,1,1,1.0,4.0,31433,M,4353229.0,138864.0,31
201800007864,18,11,14,1740,3,1,1,1.0,7.0,31261,M,4330943.0,119972.0,31
201800007865,18,11,25,1855,3,1,1,1.0,2.0,31458,M,4350066.0,134307.0,31
201800007866,18,12,15,1015,1,1,1,4.0,6.0,76533,M,4949922.0,27362.0,76
201800007867,18,1,26,1000,1,1,6,1.0,3.0,76533,M,4947931.0,26181.0,76
201800007868,18,5,1,1250,1,1,1,1.0,6.0,76533,M,4949922.0,27362.0,76
201800007869,18,6,20,1020,1,1,1,1.0,6.0,76657,M,4949051.0,38654.0,76
201800007870,18,6,21,1610,1,1,1,1.0,4.0,76489,M,4946464.0,27459.0,76
201800007871,18,7,12,1335,1,1,1,1.0,6.0,76169,M,4948827.0,41618.0,76
201800007872,18,9,10,1800,1,1,1,1.0,6.0,76533,M,4949496.0,26316.0,76
201800007873,18,10,16,1905,1,1,1,1.0,2.0,76239,M,4955174.0,33535.0,76
201800007874,18,10,25,838,1,1,1,1.0,3.0,76684,M,4947645.0,46082.0,76
201800007875,18,11,12,1700,1,1,1,1.0,7.0,76044,M,4961987.0,56999.0,76
201800007876,18,1,2,1415,1,1,1,3.0,1.0,31144,M,4290221.0,63391.0,31
201800007877,18,2,2,1615,1,1,1,4.0,4.0,31430,M,4310569.0,60289.0,31
201800007878,18,6,9,1441,1,1,1,1.0,6.0,31585,M,4311410.0,67212.0,31
201800007879,18,10,8,1730,1,2,4,8.0,4.0,31198,M,4319090.0,93683.0,31
201800007880,18,1,30,554,3,1,6,1.0,7.0,49180,M,4737034.0,-9920.0,49
201800007881,18,5,30,1315,1,1,1,1.0,7.0,49185,M,4751599.0,-26526.0,49
201800007882,18,7,7,1815,1,1,1,1.0,7.0,49138,M,4743014.0,-15395.0,49
201800007883,18,7,8,1100,1,1,1,1.0,7.0,49021,M,4747034.0,-18958.0,49
201800007884,18,7,22,1540,1,1,1,1.0,6.0,49378,M,4731620.0,-3531.0,49
201800007885,18,8,7,320,3,1,1,1.0,6.0,49180,M,4739749.0,-11500.0,49
201800007886,18,8,9,1220,1,1,1,2.0,6.0,49378,M,4731071.0,-3421.0,49
201800007887,18,9,2,1800,1,1,1,1.0,7.0,49194,M,4748680.0,-24914.0,49
201800007888,18,1,18,720,2,2,1,1.0,6.0,01194,M,4598493.0,475773.0,01
201800007889,18,3,26,1515,1,1,1,8.0,1.0,01093,M,4610736.0,493995.0,01
201800007890,18,7,12,1545,1,2,1,1.0,6.0,01333,M,4592812.0,495382.0,01
201800007891,18,10,5,205,3,2,1,1.0,1.0,01427,M,4594139.0,476806.0,01
201800007892,18,10,9,545,3,1,2,1.0,1.0,01085,M,4608588.0,502537.0,01
201800007893,18,10,12,1354,1,2,1,1.0,1.0,01248,M,4589391.0,493073.0,01
201800007894,18,2,7,815,1,1,1,1.0,6.0,80021,M,4985800.0,231379.0,80
201800007895,18,3,14,955,1,1,1,1.0,2.0,80795,M,5003159.0,208527.0,80
201800007896,18,4,1,2145,3,1,1,1.0,1.0,80160,M,4985148.0,234064.0,80
201800007897,18,6,21,1945,1,1,1,1.0,6.0,80131,M,4985968.0,238168.0,80
201800007898,18,7,22,1146,1,1,1,1.0,7.0,80670,M,4984230.0,212886.0,80
201800007899,18,7,24,1230,1,1,1,1.0,6.0,80799,M,4985475.0,253343.0,80
201800007900,18,8,7,15,3,1,1,1.0,6.0,80159,M,4985913.0,247397.0,80
201800007901,18,8,22,1040,1,1,1,1.0,6.0,80724,M,4987091.0,219331.0,80
201800007902,18,9,13,910,1,1,1,1.0,6.0,80724,M,4985310.0,224867.0,80
201800007903,18,11,12,1708,1,1,1,1.0,4.0,80131,M,4986265.0,237200.0,80
201800007904,18,12,21,924,1,1,1,2.0,6.0,80357,M,4982445.0,204447.0,80
201800007905,18,4,10,250,3,1,1,1.0,7.0,39049,M,4686253.0,557837.0,39
201800007906,18,6,12,1345,1,1,1,1.0,1.0,39173,M,4652901.0,539599.0,39
201800007907,18,8,18,1100,1,1,1,1.0,6.0,39159,M,4688430.0,558686.0,39
201800007908,18,9,11,1450,1,1,1,1.0,7.0,71157,M,4651168.0,531053.0,71
201800007909,18,11,12,1507,1,1,1,7.0,1.0,39191,M,4682579.0,559642.0,39
201800007910,18,5,12,1235,1,2,1,1.0,6.0,12083,M,4452490.0,228506.0,12
201800007911,18,6,15,120,5,2,1,1.0,7.0,12089,M,4455592.0,226823.0,12
201800007912,18,6,27,1307,1,2,1,1.0,3.0,12089,M,4456247.0,224828.0,12
201800007913,18,7,31,1600,1,2,1,1.0,1.0,12089,M,4456722.0,225319.0,12
201800007914,18,12,26,1750,3,1,1,1.0,2.0,12305,M,4455870.0,222698.0,12
201800007915,18,3,4,1730,1,1,1,2.0,3.0,12145,M,4409191.0,310211.0,12
201800007916,18,4,16,1044,1,2,1,1.0,6.0,12145,M,4410700.0,308000.0,12
201800007917,18,5,24,1600,1,2,1,1.0,6.0,12145,M,4409866.0,307375.0,12
201800007918,18,6,6,1745,1,2,1,1.0,3.0,12145,M,4408750.0,305650.0,12
201800007919,18,6,30,1800,1,2,1,1.0,5.0,12145,M,4410894.0,308769.0,12
201800007920,18,8,14,1950,1,2,9,1.0,6.0,12145,M,4409120.0,307740.0,12
201800007921,18,9,29,1620,1,2,4,7.0,3.0,12145,M,4409230.0,306032.0,12
201800007922,18,11,23,1308,1,2,2,2.0,6.0,12145,M,4410157.0,307556.0,12
201800007923,18,12,19,1745,5,2,1,2.0,6.0,12145,M,4410201.0,307499.0,12
201800007924,18,1,14,42,5,2,6,1.0,6.0,12202,M,4435640.0,256876.0,12
201800007925,18,2,27,1415,1,1,1,1.0,4.0,12176,M,4437362.0,264119.0,12
201800007926,18,3,1,1115,1,2,1,1.0,3.0,12176,M,4437607.0,259250.0,12
201800007927,18,4,7,1700,1,1,6,1.0,6.0,12174,M,4432535.0,255885.0,12