Num_Acc,an,mois,jour,hrmn,lum,agg,int,atm,col,com,gps,lat,long,dep
201800007928,18,4,28,1700,1,2,1,1.0,6.0,12202,M,4435128.0,256822.0,12
201800007929,18,5,28,2305,5,2,3,2.0,3.0,12176,M,4436229.0,260812.0,12
201800007930,18,5,29,1330,1,2,1,8.0,6.0,12202,M,4436213.0,257737.0,12
201800007931,18,6,4,1735,1,1,1,1.0,1.0,12146,M,4432427.0,258198.0,12
201800007932,18,6,8,740,1,2,1,1.0,6.0,12202,M,4435538.0,257761.0,12
201800007933,18,6,18,1700,1,1,1,1.0,2.0,12176,M,4439603.0,260461.0,12
201800007934,18,6,21,1355,1,2,1,1.0,1.0,12202,M,4436337.0,255738.0,12
201800007935,18,6,27,1335,1,2,6,1.0,7.0,12202,M,4436450.0,255202.0,12
201800007936,18,7,6,1220,1,2,3,1.0,3.0,12202,M,4434943.0,257388.0,12
201800007937,18,7,6,1320,1,2,1,1.0,3.0,12176,M,4437304.0,257743.0,12
201800007938,18,7,24,745,1,2,1,1.0,6.0,12202,M,4435683.0,258335.0,12
201800007939,18,7,26,750,2,2,1,7.0,6.0,12202,M,4435643.0,257835.0,12
201800007940,18,7,27,1053,1,2,1,1.0,6.0,12202,M,4435848.0,258147.0,12
201800007941,18,8,5,1600,1,2,1,1.0,7.0,12202,M,4436224.0,258125.0,12
201800007942,18,8,10,1835,1,1,1,1.0,2.0,12202,M,4438364.0,252369.0,12
201800007943,18,8,11,2040,2,2,1,1.0,7.0,12202,M,4435325.0,258658.0,12
201800007944,18,8,24,854,1,1,6,1.0,3.0,12202,M,4436402.0,257519.0,12
201800007945,18,8,27,1030,1,2,1,1.0,6.0,12202,M,4435124.0,257079.0,12
201800007946,18,9,8,1220,1,2,3,1.0,6.0,12202,M,4435221.0,256982.0,12
201800007947,18,9,8,1135,1,1,1,1.0,6.0,12202,M,4435323.0,257717.0,12
201800007948,18,9,10,1745,1,2,6,1.0,6.0,12202,M,4436244.0,258760.0,12
201800007949,18,9,8,2240,3,1,1,1.0,7.0,12176,M,4439060.0,251156.0,12
201800007950,18,9,15,1020,1,1,1,1.0,6.0,12176,M,4439070.0,254314.0,12
201800007951,18,9,20,1725,1,2,1,1.0,3.0,12176,M,4439077.0,253778.0,12
201800007952,18,9,25,835,1,1,1,1.0,2.0,12174,M,4433491.0,255506.0,12
201800007953,18,9,27,1115,1,1,1,1.0,6.0,12202,M,4445524.0,257714.0,12
201800007954,18,10,14,1245,1,2,1,1.0,3.0,12202,M,4435297.0,256882.0,12
201800007955,18,10,15,2000,2,2,1,1.0,2.0,12176,M,4436959.0,259036.0,12
201800007956,18,10,23,945,1,2,1,1.0,2.0,12174,M,4433541.0,255666.0,12
201800007957,18,10,24,1330,1,2,6,1.0,7.0,12202,M,4436431.0,255200.0,12
201800007958,18,10,28,1640,2,1,1,1.0,7.0,12176,M,4437331.0,263523.0,12
201800007959,18,11,12,1520,1,2,4,1.0,6.0,12202,M,4434840.0,257280.0,12
201800007960,18,11,14,140,3,1,1,1.0,6.0,12202,M,4436644.0,254222.0,12
201800007961,18,11,19,840,1,2,3,1.0,2.0,12202,M,4436588.0,256283.0,12
201800007962,18,11,20,1957,5,2,3,1.0,6.0,12202,M,4435073.0,257813.0,12
201800007963,18,11,14,1825,2,1,1,1.0,2.0,12174,M,4433011.0,255704.0,12
201800007964,18,11,24,1910,3,2,1,1.0,6.0,12176,M,4437001.0,258298.0,12
201800007965,18,12,16,700,3,1,1,1.0,6.0,12176,M,4437274.0,263442.0,12
201800007966,18,12,17,902,2,2,3,8.0,2.0,12174,M,4433944.0,256397.0,12
201800007967,18,12,17,1725,2,2,3,2.0,6.0,12202,M,4435657.0,258459.0,12
201800007968,18,5,24,945,1,2,1,1.0,6.0,46240,M,4480365.0,162726.0,46
201800007969,18,10,2,645,2,1,1,1.0,2.0,46309,M,4489869.0,149918.0,46
201800007970,18,3,13,1735,1,1,1,1.0,1.0,38301,M,4480367.0,563341.0,38
201800007971,18,3,20,1650,1,1,1,1.0,5.0,38342,M,4489230.0,561787.0,38
201800007972,18,5,9,1210,1,1,1,1.0,6.0,38524,M,4509113.0,566931.0,38
201800007973,18,5,23,1420,1,1,1,3.0,3.0,38266,M,4496841.0,572646.0,38
201800007974,18,6,22,1225,1,1,1,1.0,6.0,38524,M,4511016.0,567920.0,38
201800007975,18,7,14,129,3,1,1,1.0,1.0,38524,M,4508711.0,567093.0,38
201800007976,18,11,2,1940,3,1,9,1.0,6.0,38524,M,4509113.0,566931.0,38
201800007977,18,11,9,940,1,2,1,1.0,6.0,38187,M,4502440.0,564577.0,38
201800007978,18,11,14,1310,1,1,1,1.0,7.0,38115,M,4500225.0,565530.0,38
201800007979,18,11,26,415,3,1,1,1.0,7.0,38524,M,4509113.0,566931.0,38
201800007980,18,2,16,2100,3,1,1,8.0,7.0,45073,M,4804086.0,294326.0,45
201800007981,18,9,7,420,3,1,1,1.0,2.0,45060,M,4773331.0,273563.0,45
201800007982,18,11,29,2310,3,1,1,2.0,6.0,45040,M,4758856.0,285365.0,45
201800007983,18,1,18,1355,1,2,1,2.0,6.0,24289,M,4485310.0,6620.0,24
201800007984,18,6,15,2015,1,1,3,1.0,2.0,24568,M,4484596.0,10059.0,24
201800007985,18,6,28,738,1,1,1,1.0,5.0,24289,M,4485343.0,7488.0,24
201800007986,18,7,22,1530,1,1,1,1.0,6.0,24335,M,4485069.0,20309.0,24
201800007987,18,8,30,2244,3,1,1,1.0,5.0,24568,M,4485120.0,9736.0,24
201800007988,18,12,15,1830,5,2,1,3.0,1.0,24568,M,4485030.0,10574.0,24
201800007989,18,12,3,1037,1,1,1,2.0,6.0,24461,M,4493492.0,18307.0,24
201800007990,18,12,29,2200,3,1,1,1.0,6.0,24568,M,4485116.0,9821.0,24
201800007991,18,5,24,1,3,1,1,1.0,6.0,24150,M,4473193.0,118740.0,24
201800007992,18,7,4,1500,1,1,1,1.0,1.0,24438,M,4474804.0,112142.0,24
201800007993,18,9,7,1100,1,1,1,1.0,7.0,24395,M,4479218.0,116181.0,24
201800007994,18,7,21,1740,1,1,6,1.0,3.0,53215,M,4780746.0,-70802.0,53
201800007995,18,8,3,1353,1,1,3,1.0,3.0,53027,M,4790182.0,-44088.0,53
201800007996,18,11,9,1425,1,1,1,1.0,1.0,53014,M,4783705.0,-66968.0,53
201800007997,18,11,22,812,1,1,2,5.0,3.0,53018,M,4790729.0,-105609.0,53
201800007998,18,2,2,1510,1,1,1,1.0,5.0,19002,M,4560220.0,240608.0,19
201800007999,18,2,19,1450,1,2,1,1.0,2.0,19028,M,4540583.0,249743.0,19
201800008000,18,3,16,2000,2,1,1,4.0,6.0,19201,M,4552660.0,233570.0,19
201800008001,18,11,20,1710,5,1,6,8.0,6.0,19180,M,4551212.0,225556.0,19
201800008002,18,12,2,1900,3,1,1,3.0,6.0,19263,M,4543579.0,204596.0,19
201800008003,18,4,19,44,3,1,1,1.0,2.0,10426,M,4811557.0,476480.0,10
201800008004,18,4,24,215,3,1,1,1.0,6.0,10083,M,4818646.0,428158.0,10
201800008005,18,5,3,1224,1,1,9,1.0,3.0,10084,M,4841095.0,414510.0,10
201800008006,18,7,27,647,1,1,1,1.0,7.0,10076,M,4813812.0,463420.0,10
201800008007,18,8,7,644,1,1,1,1.0,2.0,10115,M,4834849.0,416493.0,10
201800008008,18,9,9,400,3,1,1,1.0,6.0,10045,M,4816999.0,447522.0,10
201800008009,18,9,24,935,1,1,1,1.0,4.0,10076,M,4812928.0,467288.0,10
201800008010,18,1,9,1350,1,1,3,1.0,3.0,13001,M,4355068.0,542626.0,13
201800008011,18,1,24,1750,4,1,2,1.0,1.0,13001,M,4350301.0,534784.0,13
201800008012,18,2,15,655,2,2,1,2.0,3.0,13001,M,4355652.0,541850.0,13
201800008013,18,2,16,30,5,2,6,1.0,3.0,13001,M,4352343.0,544244.0,13
201800008014,18,2,21,1205,1,2,1,1.0,6.0,13001,M,4352996.0,543877.0,13
201800008015,18,2,24,30,5,2,2,1.0,3.0,13001,M,4351932.0,544282.0,13
201800008016,18,2,27,350,5,2,1,4.0,7.0,13001,M,4355485.0,543291.0,13
201800008017,18,3,7,1100,1,1,1,1.0,7.0,13001,M,4352157.0,535763.0,13
201800008018,18,3,12,1515,1,2,9,1.0,6.0,13001,M,,,13
201800008019,18,3,15,100,5,2,6,2.0,6.0,13001,M,4353878.0,545345.0,13
201800008020,18,3,16,2045,5,2,2,1.0,1.0,13001,M,4351645.0,544280.0,13
201800008021,18,3,18,510,5,2,1,1.0,2.0,13001,M,4355240.0,543459.0,13
201800008022,18,3,18,2045,5,1,3,1.0,3.0,13001,M,4349740.0,543374.0,13
201800008023,18,3,21,2150,3,2,1,1.0,7.0,13001,M,4356211.0,543085.0,13
201800008024,18,3,30,1100,1,2,3,8.0,1.0,13001,M,4351213.0,547370.0,13
201800008025,18,3,30,2250,5,2,1,1.0,6.0,13001,M,,,13
201800008026,18,4,6,2125,5,2,3,1.0,1.0,13001,M,4353205.0,545557.0,13
201800008027,18,4,18,1600,1,2,4,1.0,3.0,13001,M,4351264.0,542708.0,13
201800008028,18,4,22,315,3,2,1,1.0,1.0,13001,M,4356721.0,540452.0,13
201800008029,18,4,22,545,5,1,9,1.0,2.0,13001,M,4354284.0,543145.0,13
201800008030,18,4,26,1020,1,1,1,1.0,1.0,13001,M,4350854.0,538024.0,13
201800008031,18,4,30,1615,1,2,1,1.0,6.0,13001,M,4352953.0,544628.0,13
201800008032,18,5,4,1730,1,1,1,3.0,3.0,13001,M,4358553.0,537051.0,13
201800008033,18,5,17,1710,1,2,1,1.0,6.0,13001,M,4352363.0,544243.0,13
201800008034,18,5,20,430,3,1,1,1.0,6.0,13001,M,4356100.0,541110.0,13
201800008035,18,4,26,1735,1,2,1,1.0,2.0,13001,M,4355245.0,542400.0,13
201800008036,18,6,1,1230,1,2,1,1.0,2.0,13001,M,4349604.0,540378.0,13
201800008037,18,6,5,1845,1,2,9,1.0,6.0,13001,M,4352965.0,543889.0,13
201800008038,18,6,7,1615,1,1,1,2.0,6.0,13001,M,4349677.0,537743.0,13
201800008039,18,6,12,1830,1,1,9,1.0,2.0,13001,M,4349025.0,540773.0,13
201800008040,18,6,14,845,1,2,6,1.0,3.0,13001,M,4351429.0,546328.0,13
201800008041,18,6,15,1420,1,1,2,1.0,3.0,13001,M,4349463.0,539488.0,13
201800008042,18,6,17,1040,1,1,3,1.0,3.0,13001,M,4357371.0,537406.0,13
201800008043,18,6,18,820,1,1,1,1.0,3.0,13001,M,4357007.0,546749.0,13
201800008044,18,6,19,430,5,2,1,1.0,6.0,13001,M,4350856.0,543928.0,13
201800008045,18,6,22,2010,1,2,1,1.0,3.0,13001,M,4352405.0,542347.0,13
201800008046,18,6,25,1510,1,1,1,1.0,3.0,13001,M,4347348.0,539885.0,13
201800008047,18,6,28,955,1,2,1,1.0,6.0,13001,M,4352878.0,543990.0,13
201800008048,18,6,29,1825,1,2,1,1.0,3.0,13001,M,4353100.0,544053.0,13
201800008049,18,6,29,1900,1,1,1,1.0,2.0,13001,M,4353021.0,542835.0,13
201800008050,18,7,5,1910,1,2,1,1.0,6.0,13001,M,4350810.0,542100.0,13
201800008051,18,7,6,2320,5,2,9,1.0,3.0,13001,M,4352391.0,544693.0,13
201800008052,18,7,11,800,1,1,1,7.0,1.0,13001,M,4357942.0,544876.0,13
201800008053,18,7,26,2100,2,2,1,1.0,2.0,13001,M,4352793.0,545512.0,13
201800008054,18,7,27,330,3,1,1,1.0,3.0,13001,M,4349644.0,537827.0,13
201800008055,18,7,30,1900,1,1,1,1.0,5.0,13001,M,,,13
201800008056,18,8,3,830,1,2,9,1.0,3.0,13001,M,4348274.0,537738.0,13
201800008057,18,8,14,100,3,2,1,1.0,2.0,13001,M,4355177.0,543475.0,13
201800008058,18,8,15,1850,1,1,1,1.0,2.0,13001,M,4350600.0,540297.0,13
201800008059,18,8,25,2100,5,2,1,1.0,6.0,13001,M,4351655.0,544292.0,13
201800008060,18,8,31,2230,3,1,1,1.0,1.0,13001,M,4356912.0,540281.0,13
201800008061,18,9,7,1445,1,2,1,1.0,6.0,13001,M,4352615.0,544898.0,13
201800008062,18,9,13,1320,1,2,1,1.0,6.0,13001,M,,,13
201800008063,18,9,12,1355,1,2,6,1.0,6.0,13001,M,4352346.0,543686.0,13
201800008064,18,9,14,1130,1,1,1,1.0,6.0,13001,M,4348017.0,535670.0,13
201800008065,18,9,24,1740,1,1,1,1.0,6.0,13001,M,4357507.0,541797.0,13
201800008066,18,9,25,710,1,2,6,1.0,7.0,13001,M,4352271.0,542128.0,13
201800008067,18,9,27,1230,1,2,1,1.0,3.0,13001,M,4352393.0,544765.0,13
201800008068,18,9,30,1350,1,1,6,1.0,6.0,13001,M,4355703.0,543391.0,13
201800008069,18,10,4,1830,1,1,9,1.0,1.0,13001,M,4357713.0,542949.0,13
201800008070,18,10,7,130,5,2,3,1.0,1.0,13001,M,4352535.0,544443.0,13
201800008071,18,10,9,1840,1,2,1,1.0,6.0,13001,M,4350822.0,539135.0,13
201800008072,18,10,13,400,3,1,1,1.0,6.0,13001,M,4360059.0,544303.0,13
201800008073,18,10,12,1250,1,1,1,1.0,1.0,13001,M,4351712.0,541319.0,13
201800008074,18,10,16,730,2,2,1,2.0,1.0,13001,M,4353793.0,546739.0,13
201800008075,18,10,17,945,1,2,1,1.0,4.0,13001,M,4350060.0,538810.0,13
201800008076,18,10,19,500,5,2,3,1.0,2.0,13001,M,4353344.0,544584.0,13
201800008077,18,10,24,320,3,1,1,1.0,6.0,13001,M,,,13
201800008078,18,10,16,745,1,2,1,2.0,3.0,13001,M,4353544.0,546514.0,13
201800008079,18,10,29,1855,5,2,3,3.0,6.0,13001,M,4352439.0,543971.0,13
201800008080,18,11,3,10,5,2,1,1.0,3.0,13001,M,4352410.0,545128.0,13
201800008081,18,11,3,555,3,1,9,2.0,1.0,13001,M,4349667.0,537764.0,13
201800008082,18,10,30,1820,2,2,1,1.0,6.0,13001,M,4352788.0,544567.0,13
201800008083,18,11,3,1640,1,2,3,1.0,6.0,13001,M,4352654.0,544265.0,13
201800008084,18,11,11,2130,3,2,1,1.0,6.0,13001,M,4347750.0,542712.0,13
201800008085,18,11,13,915,1,1,1,1.0,2.0,13001,M,4345456.0,531644.0,13
201800008086,18,11,13,1900,5,2,3,1.0,1.0,13001,M,4351145.0,544236.0,13
201800008087,18,11,12,2015,5,2,1,1.0,3.0,13001,M,4352411.0,545143.0,13
201800008088,18,11,16,1716,3,1,1,8.0,1.0,13001,M,4348838.0,535189.0,13
201800008089,18,11,17,2005,5,2,6,1.0,3.0,13001,M,4352634.0,544570.0,13
201800008090,18,11,19,820,1,2,3,1.0,3.0,13001,M,4352881.0,542388.0,13
201800008091,18,11,19,1850,3,1,3,1.0,6.0,13001,M,4357944.0,545185.0,13
201800008092,18,11,20,1300,1,1,9,2.0,6.0,13001,M,4355017.0,542766.0,13
201800008093,18,11,21,1810,5,2,1,1.0,6.0,13001,M,4353028.0,540845.0,13
201800008094,18,11,21,930,1,2,2,9.0,6.0,13001,M,4351931.0,544275.0,13
201800008095,18,11,22,1240,1,2,6,1.0,6.0,13001,M,4353229.0,541811.0,13
201800008096,18,11,24,530,5,2,1,2.0,6.0,13001,M,4352000.0,543479.0,13
201800008097,18,11,27,1255,1,2,1,1.0,6.0,13001,M,4353208.0,545446.0,13
201800008098,18,11,27,1540,1,1,3,1.0,3.0,13001,M,4348517.0,544463.0,13
201800008099,18,11,29,2200,5,2,1,1.0,1.0,13001,M,4353565.0,541301.0,13
201800008100,18,12,1,1745,2,2,3,1.0,3.0,13001,M,4356750.0,545692.0,13
201800008101,18,12,6,710,5,2,1,1.0,7.0,13001,M,4352501.0,543793.0,13
201800008102,18,12,1,1435,1,2,3,1.0,3.0,13001,M,4351246.0,547247.0,13
201800008103,18,12,5,900,1,1,1,7.0,1.0,13001,M,4353779.0,538186.0,13
201800008104,18,12,16,2110,3,2,1,2.0,7.0,13001,M,4355026.0,543226.0,13
201800008105,18,12,25,2200,3,2,1,1.0,7.0,13001,M,4350597.0,540247.0,13
201800008106,18,12,19,1945,5,2,9,1.0,3.0,13001,M,4349188.0,536990.0,13
201800008107,18,12,28,1500,1,1,1,1.0,6.0,13004,M,4371593.0,463582.0,13
201800008108,18,2,1,1150,1,2,1,2.0,1.0,13004,M,4368992.0,464392.0,13
201800008109,18,2,1,1140,1,2,2,2.0,3.0,13004,M,4366369.0,464870.0,13
201800008110,18,2,3,1355,1,2,3,8.0,5.0,13004,M,4367306.0,462348.0,13
201800008111,18,2,7,1145,1,2,3,1.0,6.0,13004,M,4367828.0,463322.0,13
201800008112,18,2,15,805,2,2,1,1.0,3.0,13004,M,4367448.0,461987.0,13
201800008113,18,3,2,1355,1,2,4,1.0,3.0,13004,M,4368212.0,460731.0,13
201800008114,18,3,26,1145,1,1,1,1.0,5.0,13004,M,4373456.0,466794.0,13
201800008115,18,4,11,2210,4,1,6,2.0,3.0,13004,M,4369072.0,464355.0,13
201800008116,18,4,19,2230,5,2,9,1.0,3.0,13004,M,4368767.0,463488.0,13
201800008117,18,4,17,1810,1,1,1,1.0,2.0,13004,M,4367462.0,461964.0,13
201800008118,18,6,14,1756,1,2,1,1.0,6.0,13004,M,4369413.0,463995.0,13
201800008119,18,6,26,815,1,2,1,1.0,6.0,13004,M,4368814.0,463587.0,13
201800008120,18,9,7,2240,5,2,1,1.0,6.0,13004,M,4367322.0,462527.0,13
201800008121,18,9,6,1124,1,1,1,3.0,1.0,13004,M,4365993.0,463911.0,13
201800008122,18,9,21,935,1,1,1,1.0,2.0,13004,M,4367089.0,460466.0,13
201800008123,18,9,21,930,1,2,1,1.0,6.0,13004,M,4367651.0,462777.0,13
201800008124,18,10,6,1745,1,1,1,1.0,2.0,13004,M,4365337.0,467092.0,13
201800008125,18,10,16,830,1,2,9,1.0,2.0,13004,M,4370211.0,463411.0,13
201800008126,18,10,29,40,3,1,1,2.0,7.0,13004,M,4373093.0,466351.0,13
201800008127,18,10,30,720,1,2,2,1.0,1.0,13004,M,4367500.0,462510.0,13
201800008128,18,11,6,1839,5,2,1,1.0,6.0,13004,M,4366828.0,461332.0,13
201800008129,18,11,11,1800,5,2,1,1.0,2.0,13004,M,4366389.0,461837.0,13
201800008130,18,11,18,710,2,1,1,1.0,1.0,13004,M,4364978.0,468210.0,13
201800008131,18,11,16,1010,1,2,1,1.0,6.0,13004,M,4367365.0,463165.0,13
201800008132,18,11,23,1105,1,2,1,1.0,3.0,13004,M,4369413.0,463992.0,13
201800008133,18,12,27,1630,2,2,6,1.0,2.0,13004,M,4369865.0,464315.0,13
201800008134,18,1,5,2230,5,2,3,1.0,3.0,13005,M,4328814.0,552471.0,13
201800008135,18,1,17,1020,1,2,3,1.0,6.0,13005,M,4329205.0,556885.0,13
201800008136,18,1,19,950,1,2,1,1.0,6.0,13005,M,4329640.0,556897.0,13
201800008137,18,1,20,1755,3,2,1,2.0,6.0,13005,M,4329166.0,559116.0,13
201800008138,18,1,25,1810,5,1,2,1.0,1.0,13005,M,4330866.0,560810.0,13
201800008139,18,1,28,930,1,2,1,1.0,6.0,13070,M,4328227.0,550846.0,13
201800008140,18,2,1,1130,1,2,3,2.0,6.0,13005,M,4329474.0,556991.0,13
201800008141,18,2,2,1100,1,2,1,1.0,3.0,13005,M,4328787.0,557819.0,13
201800008142,18,2,3,1930,5,2,1,1.0,3.0,13005,M,4328565.0,555459.0,13
201800008143,18,2,11,803,1,2,1,1.0,1.0,13005,M,4329039.0,559583.0,13
201800008144,18,2,12,1500,1,2,9,1.0,6.0,13005,M,4329080.0,555742.0,13
201800008145,18,2,22,2140,5,2,3,1.0,3.0,13070,M,4328312.0,550532.0,13
201800008146,18,2,24,1720,1,2,6,2.0,3.0,13005,M,4329808.0,559068.0,13
201800008147,18,2,27,1110,1,1,1,1.0,6.0,13005,M,4329470.0,559618.0,13
201800008148,18,3,3,1520,1,2,3,1.0,7.0,13005,M,4330736.0,557504.0,13
201800008149,18,3,8,1745,1,2,1,1.0,3.0,13005,M,4328766.0,558718.0,13
201800008150,18,3,12,811,1,2,1,1.0,3.0,13005,M,4328567.0,555469.0,13
201800008151,18,3,15,1145,1,2,1,3.0,1.0,13005,M,4328897.0,558264.0,13
201800008152,18,3,23,1810,1,2,1,1.0,3.0,13005,M,4328566.0,553245.0,13
201800008153,18,3,29,2040,5,1,1,1.0,3.0,13005,M,4330734.0,555119.0,13
201800008154,18,4,4,940,1,2,1,1.0,1.0,13005,M,4328805.0,553954.0,13
201800008155,18,4,6,1800,1,2,4,1.0,3.0,13005,M,4328629.0,558735.0,13
201800008156,18,4,11,930,1,2,3,3.0,3.0,13005,M,4328808.0,552341.0,13
201800008157,18,4,19,1900,1,1,4,1.0,3.0,13005,M,4329353.0,555404.0,13
201800008158,18,4,24,655,2,2,1,1.0,3.0,13005,M,4328719.0,556156.0,13
201800008159,18,4,25,2245,5,2,3,1.0,3.0,13005,M,4328452.0,552356.0,13
201800008160,18,4,27,1640,1,1,4,1.0,1.0,13005,M,4331946.0,558229.0,13
201800008161,18,5,2,1830,1,2,3,1.0,6.0,13005,M,4329054.0,557067.0,13
201800008162,18,5,10,1605,1,1,1,1.0,7.0,13005,M,4328221.0,560319.0,13
201800008163,18,5,24,1550,1,2,1,1.0,6.0,13005,M,4328566.0,558125.0,13
201800008164,18,5,27,2220,5,2,6,2.0,3.0,13005,M,4328509.0,558201.0,13
201800008165,18,6,15,815,1,1,6,1.0,3.0,13005,M,4331910.0,559442.0,13
201800008166,18,6,23,840,1,2,9,1.0,3.0,13005,M,4330032.0,559128.0,13
201800008167,18,6,29,1200,1,2,1,1.0,6.0,13005,M,4329052.0,559458.0,13
201800008168,18,7,5,1815,1,2,1,1.0,2.0,13070,M,4328695.0,551633.0,13
201800008169,18,7,12,2330,3,1,9,1.0,6.0,13005,M,4329988.0,556028.0,13
201800008170,18,7,17,1854,1,2,1,1.0,3.0,13005,M,4328890.0,556577.0,13
201800008171,18,7,27,1625,1,2,1,1.0,1.0,13005,M,4329840.0,557860.0,13
201800008172,18,7,29,1645,1,2,1,1.0,6.0,13070,M,4327836.0,551823.0,13
201800008173,18,7,29,2240,5,2,1,1.0,6.0,13005,M,4327471.0,553915.0,13
201800008174,18,7,31,1140,1,2,1,1.0,1.0,13005,M,4330200.0,557114.0,13
201800008175,18,8,1,1230,1,2,1,1.0,6.0,13005,M,4330711.0,553881.0,13
201800008176,18,8,2,440,3,1,1,1.0,6.0,13005,M,4330340.0,553063.0,13
201800008177,18,8,3,710,1,1,9,1.0,3.0,13005,M,4331532.0,557997.0,13
201800008178,18,8,6,1225,1,1,1,1.0,1.0,13005,M,4330720.0,555120.0,13
201800008179,18,8,10,800,1,2,3,1.0,3.0,13005,M,4327829.0,553909.0,13
201800008180,18,8,21,1535,1,2,1,1.0,7.0,13005,M,4328767.0,552868.0,13
201800008181,18,8,23,1050,1,1,1,1.0,2.0,13005,M,4331995.0,558540.0,13
201800008182,18,8,29,1800,1,2,3,1.0,2.0,13070,M,4328575.0,551414.0,13
201800008183,18,8,30,745,2,2,1,1.0,3.0,13005,M,4329794.0,557487.0,13
201800008184,18,8,30,1730,1,1,3,1.0,5.0,13005,M,4328769.0,552863.0,13
201800008185,18,9,1,1600,1,2,1,1.0,2.0,13005,M,4328373.0,559463.0,13
201800008186,18,9,24,1735,1,2,1,1.0,3.0,13005,M,4329882.0,556917.0,13
201800008187,18,9,27,2045,5,2,1,1.0,1.0,13005,M,4329330.0,556334.0,13
201800008188,18,9,27,2000,5,2,1,1.0,3.0,13005,M,4328386.0,554178.0,13
201800008189,18,10,1,845,1,2,1,1.0,6.0,13005,M,4327744.0,553486.0,13
201800008190,18,10,2,1210,1,1,1,1.0,6.0,13005,M,4329051.0,559311.0,13
201800008191,18,10,5,1550,1,2,1,1.0,2.0,13005,M,4329741.0,558652.0,13
201800008192,18,10,19,910,1,2,3,1.0,3.0,13005,M,4328778.0,557893.0,13
201800008193,18,10,19,1204,1,2,1,1.0,2.0,13005,M,4328999.0,559675.0,13
201800008194,18,10,23,1315,1,1,3,1.0,3.0,13005,M,4330159.0,559154.0,13
201800008195,18,10,24,1145,1,2,1,1.0,6.0,13005,M,4328885.0,557300.0,13
201800008196,18,10,24,1910,5,2,1,1.0,6.0,13005,M,4329269.0,556261.0,13
201800008197,18,10,29,655,4,2,1,3.0,6.0,13070,M,4328172.0,552416.0,13
201800008198,18,11,15,1020,1,2,1,1.0,2.0,13005,M,4328728.0,557319.0,13
201800008199,18,11,20,1530,1,2,1,2.0,3.0,13005,M,4329108.0,556975.0,13
201800008200,18,12,20,925,1,2,1,1.0,1.0,13005,M,4329729.0,556494.0,13
201800008201,18,12,20,1810,5,2,1,1.0,2.0,13005,M,4329275.0,556388.0,13
201800008202,18,12,23,1925,5,2,1,1.0,5.0,13005,M,4328592.0,555807.0,13
201800008203,18,12,24,5,5,2,9,1.0,2.0,13005,M,4328545.0,555419.0,13
201800008204,18,1,19,1100,1,1,1,1.0,6.0,13028,M,4320060.0,558768.0,13
201800008205,18,2,1,1000,1,2,1,2.0,6.0,13028,M,,,13
201800008206,18,2,9,2000,5,2,1,1.0,7.0,13028,M,,,13
201800008207,18,2,11,1035,1,2,1,1.0,3.0,13028,M,4316910.0,560383.0,13
201800008208,18,2,6,1610,1,2,1,1.0,3.0,13028,M,4318554.0,560801.0,13
201800008209,18,2,16,1100,1,2,3,1.0,3.0,13028,M,4319045.0,563784.0,13
201800008210,18,4,5,1145,1,2,1,1.0,2.0,13028,M,4317396.0,560497.0,13
201800008211,18,4,6,1040,1,2,1,1.0,3.0,13028,M,4317595.0,560178.0,13
201800008212,18,4,6,1720,1,2,3,1.0,3.0,13028,M,4317713.0,561080.0,13
201800008213,18,4,7,1830,1,2,1,1.0,3.0,13028,M,4319753.0,560700.0,13
201800008214,18,5,5,1930,1,1,1,1.0,1.0,13028,M,4320651.0,558557.0,13
201800008215,18,5,8,1425,1,1,3,1.0,5.0,13028,M,4319629.0,559653.0,13
201800008216,18,5,14,1800,1,2,9,1.0,7.0,13028,M,4319034.0,563744.0,13
201800008217,18,5,22,920,1,2,1,2.0,6.0,13028,M,4319545.0,561221.0,13
201800008218,18,5,25,2000,1,1,1,1.0,6.0,13028,M,4320292.0,562522.0,13
201800008219,18,6,2,1940,2,2,6,1.0,3.0,13028,M,4319076.0,562202.0,13
201800008220,18,6,7,1620,1,2,1,2.0,2.0,13028,M,4317420.0,560800.0,13
201800008221,18,6,24,1740,1,1,1,1.0,3.0,13028,M,4319990.0,558950.0,13
201800008222,18,6,27,1100,1,2,1,1.0,2.0,13028,M,4317346.0,560592.0,13
201800008223,18,7,2,1500,1,2,6,1.0,3.0,13028,M,4319198.0,560484.0,13
201800008224,18,7,23,2020,1,2,1,1.0,3.0,13028,M,4318153.0,560526.0,13
201800008225,18,7,24,1430,1,2,1,1.0,3.0,13028,M,4317909.0,560062.0,13
201800008226,18,8,4,2100,5,2,7,1.0,2.0,13028,M,4317791.0,561091.0,13
201800008227,18,8,10,1330,1,1,2,1.0,2.0,13028,M,4318532.0,566171.0,13
201800008228,18,8,8,1950,1,2,1,1.0,6.0,13028,M,4318943.0,562888.0,13
201800008229,18,8,18,1830,1,2,3,1.0,3.0,13028,M,4318471.0,560703.0,13
201800008230,18,7,30,10,4,2,1,1.0,3.0,13028,M,4318421.0,560952.0,13
201800008231,18,8,24,1215,1,2,6,1.0,3.0,13028,M,4318300.0,559786.0,13
201800008232,18,9,3,855,1,2,1,1.0,3.0,13028,M,4317930.0,560343.0,13