Num_Acc,an,mois,jour,hrmn,lum,agg,int,atm,col,com,gps,lat,long,dep
201800008233,18,9,3,2230,5,2,3,1.0,3.0,13028,M,4320250.0,562453.0,13
201800008234,18,9,4,1155,1,1,1,1.0,3.0,13028,M,4319031.0,566152.0,13
201800008235,18,9,7,1830,1,2,1,1.0,6.0,13028,M,4319915.0,563322.0,13
201800008236,18,9,18,1655,1,2,3,1.0,3.0,13028,M,4319384.0,560104.0,13
201800008237,18,9,29,1000,1,2,1,1.0,5.0,13028,M,4319031.0,563746.0,13
201800008238,18,9,26,1300,1,2,1,1.0,6.0,13028,M,4319074.0,561111.0,13
201800008239,18,10,22,330,3,2,1,1.0,2.0,13028,M,4318271.0,561466.0,13
201800008240,18,11,18,1650,1,2,6,1.0,3.0,13028,M,4318808.0,560533.0,13
201800008241,18,12,29,1820,3,1,1,1.0,3.0,13047,M,4348194.0,496148.0,13
201800008242,18,3,17,1315,1,2,1,1.0,3.0,13063,M,4358290.0,500128.0,13
201800008243,18,4,24,650,1,1,1,1.0,7.0,13047,M,4355181.0,501146.0,13
201800008244,18,4,8,415,5,2,1,1.0,6.0,13063,M,,,13
201800008245,18,5,13,1810,1,1,1,2.0,7.0,13047,M,4355709.0,501386.0,13
201800008246,18,5,10,1220,1,2,1,1.0,6.0,13063,M,4359948.0,500619.0,13
201800008247,18,2,27,1740,2,2,1,1.0,2.0,13047,M,4348993.0,499307.0,13
201800008248,18,5,3,1550,1,1,1,1.0,7.0,13047,M,4353379.0,499089.0,13
201800008249,18,5,21,1935,1,2,1,1.0,5.0,13047,M,4349588.0,498120.0,13
201800008250,18,6,10,1550,1,2,2,1.0,3.0,13047,M,4351668.0,497972.0,13
201800008251,18,6,14,1750,1,1,2,1.0,3.0,13047,M,4357637.0,501457.0,13
201800008252,18,6,16,950,1,1,6,1.0,3.0,13047,M,4359949.0,493534.0,13
201800008253,18,7,1,1500,1,1,1,1.0,6.0,13098,M,4344005.0,501903.0,13
201800008254,18,7,6,115,5,2,1,1.0,7.0,13063,M,4357876.0,500508.0,13
201800008255,18,7,13,900,1,1,9,1.0,6.0,13047,M,4348195.0,498652.0,13
201800008256,18,7,13,1525,1,1,1,1.0,1.0,13047,M,4351821.0,496301.0,13
201800008257,18,7,5,1820,1,2,2,1.0,3.0,13063,M,4358266.0,499728.0,13
201800008258,18,7,25,1050,1,2,1,1.0,6.0,13047,M,4351397.0,498604.0,13
201800008259,18,8,3,1700,1,1,6,1.0,5.0,13047,M,4352742.0,496130.0,13
201800008260,18,7,24,1950,1,1,1,1.0,2.0,13047,M,4356520.0,495954.0,13
201800008261,18,9,8,145,5,2,1,1.0,6.0,13063,M,4358179.0,500108.0,13
201800008262,18,9,9,135,5,2,3,1.0,3.0,13063,M,4358331.0,500151.0,13
201800008263,18,9,14,800,1,2,6,1.0,6.0,13063,M,4357648.0,499735.0,13
201800008264,18,9,24,920,1,1,1,9.0,6.0,13047,M,4352460.0,497970.0,13
201800008265,18,9,23,930,1,1,1,1.0,6.0,13047,M,4352781.0,499913.0,13
201800008266,18,10,15,1105,1,2,1,2.0,3.0,13047,M,4350523.0,498403.0,13
201800008267,18,10,20,810,2,2,1,1.0,6.0,13047,M,4352328.0,500607.0,13
201800008268,18,10,23,2115,5,2,9,1.0,3.0,13047,M,4351404.0,498386.0,13
201800008269,18,10,31,1940,3,1,1,3.0,3.0,13047,M,4351618.0,496386.0,13
201800008270,18,11,15,1420,1,2,9,1.0,6.0,13047,M,4349685.0,498187.0,13
201800008271,18,11,15,1700,1,1,1,1.0,7.0,13047,M,4352141.0,496292.0,13
201800008272,18,11,15,1910,5,2,1,1.0,6.0,13047,M,4350227.0,497939.0,13
201800008273,18,11,27,1600,1,2,1,1.0,3.0,13047,M,4350454.0,498545.0,13
201800008274,18,11,27,1817,3,2,9,1.0,3.0,13047,M,4351820.0,496357.0,13
201800008275,18,12,10,1758,3,1,1,1.0,3.0,13047,M,4354258.0,495587.0,13
201800008276,18,12,7,2030,5,2,2,1.0,3.0,13063,M,4358552.0,500254.0,13
201800008277,18,12,15,1455,1,1,1,1.0,6.0,13098,M,4345106.0,501285.0,13
201800008278,18,12,22,1820,5,1,1,1.0,6.0,13098,M,4343684.0,503647.0,13
201800008279,18,1,2,1430,1,2,1,1.0,5.0,13055,M,4332454.0,542211.0,13
201800008280,18,12,31,2050,5,2,3,1.0,6.0,13055,M,4330467.0,536837.0,13
201800008281,18,1,2,1500,1,2,1,1.0,3.0,13055,M,4328142.0,539692.0,13
201800008282,18,1,2,1630,1,2,6,1.0,2.0,13055,M,4325047.0,538898.0,13
201800008283,18,1,2,1600,1,2,2,1.0,3.0,13055,M,4329228.0,538677.0,13
201800008284,18,1,2,1520,1,2,1,1.0,3.0,13055,M,4331892.0,537919.0,13
201800008285,18,1,2,1750,5,2,1,1.0,3.0,13055,M,4329363.0,538224.0,13
201800008286,18,1,2,1940,5,2,1,1.0,2.0,13055,M,4329011.0,548195.0,13
201800008287,18,1,3,1500,1,2,6,1.0,2.0,13075,M,4334398.0,546368.0,13
201800008288,18,1,3,2148,5,2,2,1.0,7.0,13055,M,4330977.0,537957.0,13
201800008289,18,1,4,214,5,2,1,2.0,3.0,13055,M,4329103.0,539991.0,13
201800008290,18,1,4,800,1,2,1,1.0,3.0,13055,M,4331569.0,542572.0,13
201800008291,18,1,4,800,1,2,1,1.0,3.0,13075,M,4334081.0,545674.0,13
201800008292,18,1,4,815,2,2,1,1.0,6.0,13055,M,4323615.0,539901.0,13
201800008293,18,1,4,1310,1,2,1,1.0,5.0,13055,M,4329163.0,541548.0,13
201800008294,18,1,4,1700,2,2,1,1.0,6.0,13055,M,4327188.0,542752.0,13
201800008295,18,1,4,2100,5,2,1,1.0,2.0,13055,M,4329515.0,538177.0,13
201800008296,18,1,5,1230,1,2,1,1.0,2.0,13055,M,4327913.0,538756.0,13
201800008297,18,1,5,1210,1,2,1,1.0,4.0,13055,M,4326246.0,537569.0,13
201800008298,18,1,5,1420,1,2,1,1.0,3.0,13055,M,4329830.0,538095.0,13
201800008299,18,1,5,1510,1,2,4,1.0,2.0,13055,M,4331111.0,538869.0,13
201800008300,18,1,5,1800,5,2,1,1.0,3.0,13055,M,4327698.0,535719.0,13
201800008301,18,1,5,1900,4,2,1,1.0,6.0,13055,M,4330379.0,550077.0,13
201800008302,18,1,5,2130,5,2,1,1.0,2.0,13055,M,4329560.0,544617.0,13
201800008303,18,1,6,1600,1,2,1,1.0,6.0,13055,M,4334411.0,535944.0,13
201800008304,18,1,6,2340,5,2,2,1.0,3.0,13055,M,4330257.0,539251.0,13
201800008305,18,1,6,2230,5,2,1,1.0,6.0,13055,M,4333449.0,544905.0,13
201800008306,18,1,7,350,5,2,1,1.0,1.0,13055,M,4331945.0,539201.0,13
201800008307,18,1,8,815,1,2,1,1.0,5.0,13055,M,4329099.0,538310.0,13
201800008308,18,1,8,745,1,2,1,1.0,6.0,13055,M,4328086.0,542179.0,13
201800008309,18,1,8,1015,1,2,1,2.0,7.0,13055,M,4325664.0,541945.0,13
201800008310,18,1,8,1440,1,2,1,3.0,6.0,13055,M,4330793.0,543526.0,13
201800008311,18,1,4,1110,1,2,3,1.0,3.0,13055,M,4329021.0,539976.0,13
201800008312,18,1,8,1200,1,1,1,8.0,7.0,13002,M,4336835.0,552150.0,13
201800008313,18,1,8,1605,1,2,1,3.0,1.0,13055,M,4333005.0,542734.0,13
201800008314,18,1,8,1645,1,2,1,2.0,4.0,13055,M,4334074.0,538670.0,13
201800008315,18,1,8,1740,5,2,1,2.0,3.0,13055,M,4329173.0,540875.0,13
201800008316,18,1,8,1716,2,2,3,2.0,5.0,13055,M,4325416.0,542090.0,13
201800008317,18,1,8,2015,5,2,3,2.0,3.0,13055,M,4325257.0,538218.0,13
201800008318,18,1,8,2100,5,2,3,2.0,2.0,13055,M,4330465.0,537502.0,13
201800008319,18,1,8,1700,2,2,1,3.0,7.0,13055,M,4335348.0,537174.0,13
201800008320,18,1,9,1000,1,2,2,2.0,3.0,13055,M,4329495.0,542701.0,13
201800008321,18,1,9,1545,1,2,9,1.0,3.0,13055,M,4333319.0,539889.0,13
201800008322,18,1,9,2120,5,2,3,1.0,3.0,13055,M,4328167.0,542829.0,13
201800008323,18,1,9,2250,5,2,3,1.0,7.0,13055,M,4328742.0,545091.0,13
201800008324,18,1,9,1205,1,2,1,3.0,2.0,13055,M,4336568.0,535680.0,13
201800008325,18,1,10,830,1,2,1,2.0,3.0,13055,M,4326074.0,541536.0,13
201800008326,18,1,10,1101,1,2,2,1.0,3.0,13055,M,4330524.0,539901.0,13
201800008327,18,1,10,1220,1,2,1,1.0,3.0,13055,M,4328867.0,545691.0,13
201800008328,18,1,10,1640,1,2,3,1.0,6.0,13055,M,4334218.0,542005.0,13
201800008329,18,1,10,1645,1,2,3,1.0,6.0,13055,M,4331074.0,544284.0,13
201800008330,18,1,10,2030,5,2,1,1.0,3.0,13055,M,4336232.0,530739.0,13
201800008331,18,1,11,715,5,2,1,1.0,6.0,13055,M,4327934.0,538425.0,13
201800008332,18,1,11,830,1,2,1,1.0,2.0,13055,M,4324103.0,539708.0,13
201800008333,18,1,11,822,1,2,1,1.0,6.0,13055,M,4328799.0,546382.0,13
201800008334,18,1,11,1200,1,2,1,1.0,7.0,13055,M,4331213.0,537669.0,13
201800008335,18,1,11,820,2,2,1,1.0,3.0,13055,M,4326386.0,542303.0,13
201800008336,18,1,11,1100,1,2,1,1.0,5.0,13055,M,4334124.0,537701.0,13
201800008337,18,1,11,1230,1,2,1,1.0,6.0,13055,M,4334406.0,535946.0,13
201800008338,18,1,11,1630,1,2,2,1.0,3.0,13055,M,4331405.0,536893.0,13
201800008339,18,1,11,1900,2,2,3,1.0,3.0,13055,M,4327394.0,538501.0,13
201800008340,18,1,12,715,5,2,3,1.0,3.0,13055,M,4329122.0,538303.0,13
201800008341,18,1,12,1035,1,2,1,1.0,3.0,13055,M,4327186.0,539048.0,13
201800008342,18,1,12,1345,1,2,6,1.0,3.0,13055,M,4329542.0,544522.0,13
201800008343,18,1,11,1255,1,2,1,1.0,6.0,13055,M,4329406.0,538669.0,13
201800008344,18,1,12,1515,1,2,2,1.0,6.0,13055,M,4329144.0,537761.0,13
201800008345,18,1,13,1100,1,2,6,1.0,2.0,13055,M,4330045.0,547674.0,13
201800008346,18,1,14,815,1,2,3,1.0,3.0,13055,M,4328594.0,538556.0,13
201800008347,18,1,14,715,5,2,2,1.0,6.0,13055,M,4328333.0,541284.0,13
201800008348,18,1,15,15,5,2,1,1.0,6.0,13055,M,4334835.0,535620.0,13
201800008349,18,1,15,830,1,2,3,2.0,3.0,13055,M,4331495.0,538877.0,13
201800008350,18,1,15,1655,1,2,1,1.0,7.0,13055,M,4328480.0,539497.0,13
201800008351,18,1,15,2115,5,2,1,1.0,3.0,13055,M,4328875.0,543653.0,13
201800008352,18,1,16,600,3,2,1,2.0,6.0,13055,M,4331990.0,544622.0,13
201800008353,18,1,16,800,2,2,3,2.0,3.0,13055,M,4331381.0,542776.0,13
201800008354,18,1,16,910,1,2,1,8.0,6.0,13055,M,4327624.0,539713.0,13
201800008355,18,1,16,1030,1,2,9,1.0,6.0,13055,M,4327619.0,539704.0,13
201800008356,18,1,16,1220,1,2,1,1.0,3.0,13055,M,4335421.0,533272.0,13
201800008357,18,1,16,1340,1,2,1,1.0,6.0,13055,M,4336513.0,534719.0,13
201800008358,18,1,16,1720,2,2,1,1.0,2.0,13055,M,4331327.0,536639.0,13
201800008359,18,1,16,1900,5,2,2,1.0,6.0,13055,M,4326481.0,540937.0,13
201800008360,18,1,1,1820,5,2,1,2.0,3.0,13055,M,4331393.0,540282.0,13
201800008361,18,1,17,1030,1,2,1,1.0,6.0,13055,M,4329464.0,542274.0,13
201800008362,18,1,17,1345,1,2,4,1.0,3.0,13055,M,4329656.0,537467.0,13
201800008363,18,1,17,1515,1,2,9,1.0,6.0,13055,M,4328777.0,538358.0,13
201800008364,18,1,17,1555,1,2,6,1.0,6.0,13055,M,4328975.0,548098.0,13
201800008365,18,12,20,1450,1,2,1,1.0,7.0,13055,M,4327001.0,538745.0,13
201800008366,18,1,17,2045,5,2,2,1.0,3.0,13055,M,4330348.0,538594.0,13
201800008367,18,1,18,830,1,2,1,1.0,6.0,13055,M,4330163.0,537494.0,13
201800008368,18,1,18,1630,1,2,1,1.0,2.0,13055,M,4326513.0,539502.0,13
201800008369,18,1,19,750,2,2,1,1.0,6.0,13055,M,4328756.0,546427.0,13
201800008370,18,1,19,1230,1,2,3,1.0,3.0,13055,M,4330895.0,541387.0,13
201800008371,18,1,19,1850,5,2,2,1.0,3.0,13055,M,4331505.0,544735.0,13
201800008372,18,1,19,2045,5,2,1,1.0,3.0,13055,M,4329538.0,540671.0,13
201800008373,18,1,20,1025,1,2,1,1.0,6.0,13055,M,4326694.0,538969.0,13
201800008374,18,1,21,510,5,2,1,1.0,2.0,13055,M,4329203.0,535915.0,13
201800008375,18,1,21,530,5,2,2,1.0,3.0,13055,M,4335635.0,535743.0,13
201800008376,18,1,21,736,2,2,1,1.0,6.0,13002,M,4333726.0,547840.0,13
201800008377,18,1,20,1845,5,2,1,1.0,6.0,13055,M,4337597.0,535609.0,13
201800008378,18,1,21,1715,1,2,2,1.0,3.0,13055,M,4327134.0,538918.0,13
201800008379,18,1,21,1430,1,2,3,1.0,3.0,13055,M,4330193.0,540062.0,13
201800008380,18,1,21,1930,5,2,1,1.0,3.0,13055,M,4329168.0,537184.0,13
201800008381,18,1,22,845,1,2,1,1.0,6.0,13055,M,4329805.0,544043.0,13
201800008382,18,1,22,710,2,2,1,1.0,3.0,13055,M,4328036.0,539930.0,13
201800008383,18,1,22,1600,1,2,3,1.0,3.0,13055,M,4329388.0,541033.0,13
201800008384,18,1,22,1520,1,2,1,1.0,2.0,13055,M,4332507.0,542264.0,13
201800008385,18,1,23,1915,5,2,1,1.0,3.0,13055,M,4325972.0,539406.0,13
201800008386,18,1,23,1830,5,2,1,1.0,6.0,13055,M,4331279.0,537397.0,13
201800008387,18,1,22,940,1,2,1,1.0,4.0,13055,M,4331619.0,539419.0,13
201800008388,18,1,24,640,2,2,1,1.0,2.0,13055,M,4329250.0,540131.0,13
201800008389,18,1,24,945,1,2,2,8.0,2.0,13055,M,4327131.0,538614.0,13
201800008390,18,1,24,1120,1,2,1,1.0,7.0,13075,M,4333782.0,545238.0,13
201800008391,18,1,24,1410,1,2,1,1.0,6.0,13055,M,4328927.0,539644.0,13
201800008392,18,1,24,1250,1,2,4,1.0,3.0,13055,M,4328959.0,537157.0,13
201800008393,18,1,24,1215,1,2,3,1.0,3.0,13055,M,4332354.0,544542.0,13
201800008394,18,1,24,1400,1,2,4,1.0,3.0,13055,M,4328178.0,544336.0,13
201800008395,18,1,24,1630,1,2,1,1.0,4.0,13055,M,4329561.0,548135.0,13
201800008396,18,1,24,1920,5,2,1,1.0,4.0,13055,M,4329217.0,540105.0,13
201800008397,18,1,24,2328,5,2,3,1.0,3.0,13055,M,4331325.0,536632.0,13
201800008398,18,1,25,1220,1,2,1,1.0,6.0,13055,M,4329478.0,537444.0,13
201800008399,18,1,25,1100,1,2,1,1.0,6.0,13055,M,4331948.0,536741.0,13
201800008400,18,1,17,330,5,2,1,2.0,6.0,13055,M,4333499.0,544369.0,13
201800008401,18,1,26,830,1,2,3,2.0,1.0,13055,M,4326415.0,540559.0,13
201800008402,18,1,26,645,5,2,3,2.0,3.0,13055,M,4330293.0,540078.0,13
201800008403,18,1,26,1045,1,2,3,3.0,6.0,13055,M,4326358.0,541063.0,13
201800008404,18,1,26,1230,1,2,1,2.0,6.0,13055,M,4329489.0,542691.0,13
201800008405,18,1,26,1340,1,2,1,2.0,3.0,13055,M,4333670.0,535507.0,13
201800008406,18,1,26,1300,1,2,3,2.0,3.0,13055,M,4328780.0,537823.0,13
201800008407,18,1,26,1405,1,1,1,3.0,6.0,13055,M,4323987.0,545652.0,13
201800008408,18,12,31,1200,1,2,1,1.0,6.0,13055,M,4331670.0,537331.0,13
201800008409,18,1,26,1545,1,2,1,2.0,6.0,13055,M,4336318.0,535707.0,13
201800008410,18,1,26,1530,1,2,1,2.0,2.0,13055,M,4330658.0,539462.0,13
201800008411,18,1,26,1700,2,2,1,3.0,6.0,13055,M,4331553.0,536696.0,13
201800008412,18,1,26,1830,5,2,1,3.0,2.0,13055,M,4333532.0,540008.0,13
201800008413,18,1,26,1830,1,2,1,2.0,6.0,13055,M,4330022.0,540090.0,13
201800008414,18,1,26,1900,5,2,1,2.0,6.0,13055,M,4332123.0,538986.0,13
201800008415,18,1,26,1950,2,2,1,3.0,2.0,13055,M,4332161.0,541696.0,13
201800008416,18,1,22,1000,1,2,2,1.0,3.0,13055,M,4329770.0,539057.0,13
201800008417,18,1,27,1800,2,2,1,1.0,3.0,13055,M,4328861.0,549910.0,13
201800008418,18,1,27,2250,5,2,1,1.0,6.0,13055,M,4330753.0,550864.0,13
201800008419,18,1,28,300,5,2,3,1.0,6.0,13055,M,4330189.0,538338.0,13
201800008420,18,1,28,645,5,2,1,1.0,3.0,13055,M,4332211.0,541275.0,13
201800008421,18,1,26,1400,1,2,3,2.0,3.0,13055,M,4327737.0,541321.0,13
201800008422,18,1,29,1010,1,2,1,1.0,6.0,13055,M,4328104.0,538912.0,13
201800008423,18,1,29,830,1,2,1,1.0,4.0,13055,M,4324861.0,543867.0,13
201800008424,18,1,29,1330,1,2,3,1.0,3.0,13055,M,4330419.0,541213.0,13
201800008425,18,1,29,1525,1,2,3,1.0,3.0,13055,M,4329004.0,544101.0,13
201800008426,18,1,29,1520,1,2,9,1.0,2.0,13055,M,4328188.0,540404.0,13
201800008427,18,1,29,1845,5,2,1,1.0,6.0,13055,M,4328164.0,540463.0,13
201800008428,18,1,30,825,1,2,1,1.0,6.0,13055,M,4324767.0,540664.0,13
201800008429,18,1,30,1330,1,2,2,1.0,3.0,13055,M,4329972.0,538227.0,13
201800008430,18,1,30,1640,1,2,1,1.0,6.0,13055,M,4328226.0,543017.0,13
201800008431,18,1,31,800,1,2,2,1.0,3.0,13055,M,4329400.0,539577.0,13
201800008432,18,1,31,915,1,2,1,1.0,3.0,13055,M,4329041.0,537578.0,13
201800008433,18,1,31,1500,1,2,1,1.0,2.0,13055,M,4328640.0,535138.0,13
201800008434,18,1,31,1500,1,2,1,8.0,6.0,13055,M,4332668.0,539471.0,13
201800008435,18,1,26,1745,2,2,2,2.0,3.0,13055,M,4335955.0,536459.0,13
201800008436,18,1,31,1850,5,2,3,1.0,6.0,13055,M,4332081.0,537473.0,13
201800008437,18,2,1,930,1,2,1,2.0,3.0,13055,M,4328850.0,549989.0,13
201800008438,18,2,1,930,1,2,1,2.0,7.0,13055,M,4325937.0,539872.0,13
201800008439,18,2,1,1040,1,2,9,2.0,5.0,13055,M,4331529.0,538701.0,13
201800008440,18,2,1,1355,1,2,3,1.0,3.0,13055,M,4330435.0,541381.0,13
201800008441,18,1,27,900,1,2,1,3.0,4.0,13055,M,,,13
201800008442,18,2,1,1830,5,2,1,1.0,3.0,13055,M,4328686.0,544554.0,13
201800008443,18,2,1,1750,5,2,1,1.0,2.0,13055,M,4328925.0,549670.0,13
201800008444,18,2,2,1100,1,2,1,1.0,6.0,13055,M,4328498.0,537467.0,13
201800008445,18,2,1,1930,5,2,1,1.0,1.0,13055,M,4326447.0,542401.0,13
201800008446,18,2,2,1550,1,2,1,1.0,3.0,13055,M,4331168.0,546636.0,13
201800008447,18,2,2,1740,4,2,1,1.0,4.0,13055,M,4327957.0,539858.0,13
201800008448,18,2,2,1845,5,2,1,1.0,5.0,13055,M,4328471.0,538446.0,13
201800008449,18,2,3,940,1,2,1,6.0,2.0,13055,M,4332624.0,536659.0,13
201800008450,18,2,3,1030,1,2,6,1.0,6.0,13075,M,4334387.0,545898.0,13
201800008451,18,2,3,1320,1,2,1,1.0,2.0,13055,M,4329049.0,538339.0,13
201800008452,18,2,3,1325,1,2,1,1.0,6.0,13055,M,4333327.0,536327.0,13
201800008453,18,2,3,1430,1,2,2,1.0,3.0,13055,M,4330916.0,537174.0,13
201800008454,18,2,3,1530,1,2,1,1.0,6.0,13055,M,4329463.0,537448.0,13
201800008455,18,2,3,1740,2,2,1,1.0,2.0,13055,M,4326436.0,537863.0,13
201800008456,18,2,3,1630,1,2,1,1.0,3.0,13055,M,4330467.0,537422.0,13
201800008457,18,2,4,420,5,2,5,1.0,6.0,13055,M,4326670.0,540288.0,13
201800008458,18,2,4,630,5,2,9,1.0,6.0,13055,M,4333010.0,539579.0,13
201800008459,18,2,4,1805,5,2,3,1.0,3.0,13055,M,4326719.0,538959.0,13
201800008460,18,2,5,900,1,2,1,2.0,6.0,13055,M,4334636.0,536526.0,13
201800008461,18,2,2,1220,1,2,3,8.0,3.0,13055,M,4333065.0,537169.0,13
201800008462,18,2,5,1415,1,2,1,1.0,5.0,13055,M,4325425.0,538258.0,13
201800008463,18,2,5,1300,1,2,1,1.0,7.0,13055,M,4328502.0,538960.0,13
201800008464,18,2,5,1430,1,2,3,1.0,6.0,13055,M,4329654.0,537658.0,13
201800008465,18,2,6,745,1,2,1,2.0,6.0,13055,M,4333164.0,538711.0,13
201800008466,18,2,6,715,5,2,1,2.0,3.0,13055,M,4323190.0,540205.0,13
201800008467,18,2,6,1000,1,2,1,8.0,5.0,13055,M,4328976.0,546427.0,13
201800008468,18,1,26,930,1,2,1,3.0,2.0,13055,M,4329545.0,538166.0,13
201800008469,18,2,6,2030,5,2,3,2.0,6.0,13055,M,4326650.0,539469.0,13
201800008470,18,2,6,2100,5,2,1,2.0,1.0,13055,M,4330831.0,540900.0,13
201800008471,18,2,7,750,2,2,1,1.0,3.0,13075,M,4335182.0,547501.0,13
201800008472,18,1,30,918,1,2,1,1.0,6.0,13055,M,4333712.0,542351.0,13
201800008473,18,2,7,940,1,2,1,1.0,6.0,13055,M,4330174.0,537975.0,13
201800008474,18,2,7,940,1,2,6,1.0,3.0,13055,M,4331719.0,546950.0,13
201800008475,18,2,6,1630,1,2,1,8.0,2.0,13055,M,4327525.0,538445.0,13
201800008476,18,2,7,850,1,2,1,1.0,2.0,13055,M,4331536.0,540235.0,13
201800008477,18,2,7,1220,1,2,1,1.0,2.0,13055,M,4330506.0,551212.0,13
201800008478,18,2,7,1200,1,2,1,1.0,3.0,13055,M,4328900.0,543737.0,13
201800008479,18,2,7,1355,1,2,1,1.0,6.0,13055,M,4329991.0,539769.0,13
201800008480,18,2,7,1420,1,2,3,1.0,6.0,13055,M,4326762.0,539910.0,13
201800008481,18,2,7,1200,1,2,1,1.0,3.0,13055,M,4328649.0,546796.0,13
201800008482,18,2,7,1918,5,2,1,1.0,3.0,13055,M,4327327.0,541275.0,13
201800008483,18,2,8,820,1,2,1,1.0,6.0,13055,M,4335204.0,535388.0,13
201800008484,18,2,8,815,1,2,1,1.0,3.0,13055,M,4332652.0,543837.0,13
201800008485,18,2,8,830,1,2,1,1.0,2.0,13055,M,4328314.0,542684.0,13
201800008486,18,2,8,800,1,2,1,1.0,3.0,13055,M,4327918.0,538787.0,13
201800008487,18,2,8,1400,1,2,2,1.0,3.0,13055,M,4329589.0,540219.0,13
201800008488,18,2,8,1615,1,2,3,1.0,6.0,13055,M,4330462.0,541542.0,13
201800008489,18,2,8,1630,1,2,1,1.0,3.0,13055,M,4331847.0,537957.0,13
201800008490,18,2,8,1630,1,2,1,1.0,6.0,13055,M,4331680.0,540625.0,13
201800008491,18,2,8,2210,3,2,1,1.0,1.0,13055,M,4323181.0,543638.0,13
201800008492,18,2,9,20,5,2,1,1.0,2.0,13055,M,4329205.0,535914.0,13
201800008493,18,2,9,1030,1,2,3,1.0,3.0,13055,M,4329737.0,548704.0,13
201800008494,18,2,9,1000,1,2,2,1.0,3.0,13055,M,4331911.0,536757.0,13
201800008495,18,2,9,1150,1,2,3,1.0,3.0,13055,M,4324253.0,540641.0,13
201800008496,18,2,9,1645,1,2,1,2.0,3.0,13055,M,4326515.0,539547.0,13
201800008497,18,2,9,1340,1,2,1,1.0,3.0,13055,M,4328977.0,539796.0,13
201800008498,18,2,9,2245,3,2,1,1.0,2.0,13055,M,4330064.0,550324.0,13
201800008499,18,2,10,438,5,2,1,1.0,6.0,13055,M,4329033.0,542515.0,13
201800008500,18,2,10,1005,1,2,1,1.0,6.0,13055,M,4329785.0,537282.0,13
201800008501,18,2,10,1950,5,2,1,1.0,6.0,13055,M,4325507.0,542023.0,13
201800008502,18,2,11,155,5,2,1,1.0,2.0,13055,M,4330956.0,540291.0,13
201800008503,18,2,10,1140,1,2,3,1.0,3.0,13055,M,4334069.0,535319.0,13
201800008504,18,2,7,1300,1,2,1,1.0,6.0,13055,M,4331202.0,537926.0,13
201800008505,18,2,11,655,5,2,2,1.0,2.0,13055,M,4329249.0,540130.0,13
201800008506,18,2,11,530,5,2,3,1.0,3.0,13055,M,4327067.0,540761.0,13
201800008507,18,2,11,550,5,2,9,1.0,6.0,13055,M,4328220.0,539053.0,13
201800008508,18,2,11,950,1,2,6,1.0,6.0,13055,M,4331243.0,546477.0,13
201800008509,18,2,11,1155,1,2,1,1.0,3.0,13055,M,4328446.0,541293.0,13
201800008510,18,2,12,930,1,2,2,1.0,3.0,13055,M,4327543.0,539593.0,13
201800008511,18,2,12,1010,1,2,1,7.0,6.0,13055,M,4329958.0,537136.0,13
201800008512,18,2,12,1240,1,2,1,1.0,6.0,13055,M,4328627.0,547611.0,13
201800008513,18,2,12,1530,1,2,1,1.0,3.0,13055,M,4333067.0,537166.0,13
201800008514,18,2,13,800,1,2,3,1.0,2.0,13055,M,4327504.0,542596.0,13
201800008515,18,2,13,850,1,2,1,1.0,6.0,13055,M,4325105.0,538224.0,13
201800008516,18,9,26,1545,1,2,2,1.0,3.0,13055,M,4328827.0,539280.0,13
201800008517,18,2,13,700,2,1,1,1.0,6.0,13055,M,4324009.0,545730.0,13
201800008518,18,2,13,900,1,2,9,1.0,1.0,13055,M,4324495.0,541112.0,13
201800008519,18,2,13,730,2,2,1,1.0,1.0,13055,M,4332882.0,538263.0,13
201800008520,18,2,13,1000,1,2,1,1.0,6.0,13055,M,4326758.0,539408.0,13
201800008521,18,1,20,600,5,2,1,1.0,6.0,13055,M,4329774.0,540081.0,13
201800008522,18,2,13,1400,1,2,1,1.0,7.0,13055,M,4329777.0,538757.0,13
201800008523,18,2,13,1415,1,2,1,1.0,3.0,13055,M,4328869.0,545751.0,13
201800008524,18,2,13,1815,2,2,1,1.0,3.0,13055,M,4330633.0,537344.0,13
201800008525,18,2,13,1725,2,2,1,1.0,2.0,13055,M,4326398.0,537782.0,13
201800008526,18,2,14,705,1,2,6,1.0,6.0,13002,M,4333830.0,547441.0,13
201800008527,18,2,14,1530,1,2,3,1.0,3.0,13055,M,4327871.0,538750.0,13
201800008528,18,2,14,1430,1,2,1,1.0,6.0,13055,M,4331256.0,536866.0,13
201800008529,18,2,14,1940,5,2,2,1.0,2.0,13055,M,4330346.0,538594.0,13
201800008530,18,2,14,2230,5,2,1,1.0,7.0,13055,M,4329552.0,539420.0,13
201800008531,18,2,14,1950,2,2,1,1.0,3.0,13055,M,4331425.0,540301.0,13
201800008532,18,2,15,1015,1,2,1,1.0,6.0,13055,M,4332123.0,538978.0,13
201800008533,18,2,15,835,1,2,3,8.0,3.0,13055,M,4329326.0,540414.0,13
201800008534,18,2,15,1300,1,2,8,1.0,1.0,13055,M,4330655.0,537444.0,13
201800008535,18,2,15,1350,1,2,9,1.0,3.0,13055,M,4328230.0,540307.0,13
201800008536,18,2,15,1350,1,2,1,1.0,6.0,13055,M,4326318.0,539656.0,13
201800008537,18,2,16,118,5,2,9,1.0,2.0,13055,M,4329204.0,535908.0,13
201800008538,18,2,15,730,2,2,1,2.0,6.0,13055,M,4334799.0,535838.0,13