Num_Acc,an,mois,jour,hrmn,lum,agg,int,atm,col,com,gps,lat,long,dep
201800008539,18,2,16,815,1,2,1,1.0,6.0,13055,M,4326254.0,539315.0,13
201800008540,18,2,16,810,1,2,3,1.0,3.0,13055,M,4329568.0,543876.0,13
201800008541,18,2,16,1310,1,2,1,1.0,6.0,13055,M,4330837.0,540030.0,13
201800008542,18,2,16,1542,1,2,1,1.0,3.0,13055,M,4334158.0,536028.0,13
201800008543,18,1,21,330,5,2,1,1.0,6.0,13055,M,4327030.0,536471.0,13
201800008544,18,1,1,2210,5,2,1,1.0,6.0,13055,M,4330794.0,537127.0,13
201800008545,18,2,16,2130,5,2,1,1.0,6.0,13055,M,4333661.0,536901.0,13
201800008546,18,2,17,900,1,2,9,2.0,7.0,13055,M,4333509.0,535789.0,13
201800008547,18,2,17,1300,1,2,1,2.0,3.0,13055,M,4326387.0,540428.0,13
201800008548,18,2,17,1220,1,2,1,2.0,4.0,13055,M,4331590.0,539370.0,13
201800008549,18,2,17,1800,1,2,1,2.0,3.0,13055,M,4330220.0,537665.0,13
201800008550,18,2,17,2200,5,2,9,1.0,3.0,13055,M,4334670.0,537961.0,13
201800008551,18,2,18,705,2,2,9,1.0,6.0,13055,M,4324076.0,539716.0,13
201800008552,18,2,18,1145,1,2,1,1.0,6.0,13075,M,4333804.0,545305.0,13
201800008553,18,2,18,1330,1,2,3,1.0,3.0,13055,M,4331187.0,537226.0,13
201800008554,18,2,18,1900,5,2,3,1.0,2.0,13055,M,4329132.0,541700.0,13
201800008555,18,2,19,750,2,2,1,3.0,6.0,13055,M,4328946.0,536684.0,13
201800008556,18,2,19,835,1,2,1,2.0,2.0,13055,M,4327959.0,539929.0,13
201800008557,18,2,19,1010,1,2,1,1.0,6.0,13055,M,4327220.0,539960.0,13
201800008558,18,2,19,1130,1,2,1,1.0,2.0,13055,M,4327747.0,535634.0,13
201800008559,18,2,19,910,1,2,1,2.0,2.0,13055,M,4329547.0,544561.0,13
201800008560,18,2,19,1715,1,2,3,1.0,3.0,13055,M,4331325.0,536632.0,13
201800008561,18,2,19,1830,5,2,1,1.0,7.0,13055,M,4325097.0,537553.0,13
201800008562,18,2,20,340,5,2,1,1.0,6.0,13055,M,4329091.0,541805.0,13
201800008563,18,2,20,1030,1,2,2,1.0,3.0,13055,M,4329098.0,539212.0,13
201800008564,18,2,20,915,1,2,1,1.0,3.0,13055,M,4328471.0,540456.0,13
201800008565,18,2,20,1000,1,2,1,1.0,6.0,13055,M,4329637.0,539687.0,13
201800008566,18,2,20,745,1,2,1,1.0,2.0,13055,M,4328507.0,542529.0,13
201800008567,18,2,20,1545,1,2,1,1.0,6.0,13055,M,4328888.0,543698.0,13
201800008568,18,2,20,1900,4,2,1,1.0,6.0,13055,M,4327032.0,539232.0,13
201800008569,18,2,21,847,1,2,1,4.0,7.0,13055,M,4329224.0,546236.0,13
201800008570,18,2,21,935,1,2,9,2.0,2.0,13055,M,4333041.0,541011.0,13
201800008571,18,2,21,1525,1,2,2,1.0,2.0,13055,M,4329880.0,540096.0,13
201800008572,18,2,21,1700,1,2,1,1.0,4.0,13055,M,4330400.0,538700.0,13
201800008573,18,2,21,1920,5,2,1,1.0,2.0,13055,M,4331086.0,546535.0,13
201800008574,18,2,21,1945,5,2,1,1.0,3.0,13075,M,4335711.0,546644.0,13
201800008575,18,2,21,1940,5,2,1,1.0,3.0,13055,M,4332188.0,541314.0,13
201800008576,18,2,21,1935,5,2,1,1.0,1.0,13055,M,4329931.0,538599.0,13
201800008577,18,2,21,2010,5,2,3,1.0,3.0,13055,M,4323501.0,536022.0,13
201800008578,18,2,22,810,1,2,1,1.0,6.0,13055,M,4338419.0,536493.0,13
201800008579,18,2,22,1000,1,2,1,1.0,3.0,13055,M,4327969.0,541794.0,13
201800008580,18,2,22,1130,1,2,1,1.0,6.0,13055,M,4329644.0,537405.0,13
201800008581,18,2,18,1230,1,2,4,1.0,1.0,13055,M,4329762.0,540008.0,13
201800008582,18,2,22,1400,1,2,1,1.0,7.0,13055,M,4332575.0,543664.0,13
201800008583,18,2,23,730,1,2,1,1.0,3.0,13075,M,4334894.0,546791.0,13
201800008584,18,2,23,950,1,2,1,1.0,2.0,13055,M,4335130.0,543302.0,13
201800008585,18,2,23,1400,1,2,1,1.0,3.0,13055,M,4328385.0,539623.0,13
201800008586,18,2,23,1510,1,2,1,1.0,2.0,13055,M,4338479.0,535864.0,13
201800008587,18,2,23,1730,2,2,1,1.0,5.0,13055,M,4338450.0,535860.0,13
201800008588,18,2,23,2140,5,2,1,1.0,6.0,13055,M,4330119.0,536731.0,13
201800008589,18,2,24,124,5,2,1,1.0,2.0,13055,M,4329253.0,540131.0,13
201800008590,18,2,24,1030,1,2,1,2.0,6.0,13055,M,4326687.0,540290.0,13
201800008591,18,2,24,1420,1,2,1,3.0,3.0,13055,M,4330337.0,544212.0,13
201800008592,18,2,24,1930,5,2,1,2.0,6.0,13055,M,4328914.0,538407.0,13
201800008593,18,2,25,20,5,2,2,8.0,3.0,13055,M,4327984.0,538681.0,13
201800008594,18,2,25,300,5,2,1,1.0,6.0,13055,M,4328936.0,542727.0,13
201800008595,18,2,25,640,2,1,6,2.0,7.0,13055,M,4332999.0,538779.0,13
201800008596,18,2,25,1200,1,2,1,1.0,2.0,13055,M,4325041.0,540402.0,13
201800008597,18,2,26,800,1,2,9,1.0,3.0,13055,M,4333054.0,537145.0,13
201800008598,18,2,26,1356,1,2,1,1.0,2.0,13055,M,4329966.0,545607.0,13
201800008599,18,2,26,1745,1,2,1,1.0,6.0,13055,M,4330506.0,536719.0,13
201800008600,18,2,27,830,1,2,1,1.0,2.0,13055,M,4325404.0,540171.0,13
201800008601,18,2,27,945,1,2,1,1.0,4.0,13055,M,4327479.0,541832.0,13
201800008602,18,2,27,825,1,2,3,1.0,3.0,13002,M,4333975.0,548227.0,13
201800008603,18,2,27,1130,1,2,3,1.0,3.0,13055,M,4329320.0,549517.0,13
201800008604,18,2,27,1435,1,2,1,1.0,6.0,13055,M,4330288.0,536758.0,13
201800008605,18,2,27,1300,1,2,1,1.0,3.0,13055,M,4331013.0,546031.0,13
201800008606,18,2,26,1330,1,2,1,1.0,2.0,13055,M,4326202.0,540417.0,13
201800008607,18,2,27,1750,1,2,3,1.0,6.0,13055,M,4328367.0,540072.0,13
201800008608,18,2,27,1840,5,2,1,1.0,3.0,13055,M,4332093.0,544121.0,13
201800008609,18,2,27,2150,5,2,2,1.0,3.0,13055,M,4327935.0,539930.0,13
201800008610,18,2,28,820,1,2,3,1.0,3.0,13055,M,4325868.0,539887.0,13
201800008611,18,2,28,730,1,2,1,1.0,4.0,13055,M,4327907.0,542272.0,13
201800008612,18,2,28,1155,1,2,9,1.0,6.0,13055,M,4330823.0,537405.0,13
201800008613,18,2,28,810,1,2,1,1.0,6.0,13055,M,4328470.0,542120.0,13
201800008614,18,2,23,1122,1,2,1,1.0,3.0,13055,M,4328697.0,537956.0,13
201800008615,18,2,28,1745,2,2,1,1.0,3.0,13055,M,4326738.0,538366.0,13
201800008616,18,2,28,1715,1,2,3,1.0,3.0,13055,M,4329118.0,538077.0,13
201800008617,18,2,28,1940,5,2,1,2.0,1.0,13075,M,4334744.0,545373.0,13
201800008618,18,3,1,500,5,2,1,1.0,3.0,13055,M,4328047.0,539935.0,13
201800008619,18,3,1,815,1,2,1,1.0,6.0,13055,M,4332305.0,538248.0,13
201800008620,18,3,1,1140,1,2,1,1.0,6.0,13055,M,4327722.0,539880.0,13
201800008621,18,3,1,1645,1,2,8,1.0,6.0,13055,M,4331067.0,537304.0,13
201800008622,18,3,1,1815,1,2,3,1.0,1.0,13055,M,4330561.0,545677.0,13
201800008623,18,3,2,1350,1,2,1,1.0,2.0,13055,M,4330378.0,543286.0,13
201800008624,18,3,2,1610,1,2,1,7.0,6.0,13055,M,4329106.0,544219.0,13
201800008625,18,3,2,1530,1,2,1,1.0,3.0,13055,M,4323959.0,540746.0,13
201800008626,18,3,3,1220,1,2,1,1.0,5.0,13075,M,4334402.0,546359.0,13
201800008627,18,3,3,1700,2,2,1,1.0,6.0,13055,M,4325428.0,538153.0,13
201800008628,18,3,3,2045,5,2,1,1.0,7.0,13055,M,4330332.0,544223.0,13
201800008629,18,3,4,1340,1,2,1,2.0,2.0,13002,M,4337001.0,553212.0,13
201800008630,18,3,4,1450,1,2,2,2.0,6.0,13055,M,4330345.0,538592.0,13
201800008631,18,3,4,1645,1,2,6,1.0,3.0,13055,M,4325420.0,538170.0,13
201800008632,18,3,1,2030,5,2,3,1.0,3.0,13055,M,4332971.0,541385.0,13
201800008633,18,3,4,1530,1,2,1,1.0,2.0,13055,M,4328925.0,549670.0,13
201800008634,18,3,5,130,5,2,1,2.0,7.0,13055,M,4328991.0,548476.0,13
201800008635,18,3,5,850,1,1,1,1.0,6.0,13002,M,4336008.0,549404.0,13
201800008636,18,3,5,1710,1,2,1,2.0,6.0,13055,M,4330432.0,541396.0,13
201800008637,18,3,5,1700,1,2,1,2.0,7.0,13055,M,4329120.0,548644.0,13
201800008638,18,3,5,1802,2,2,1,2.0,7.0,13055,M,4333097.0,536639.0,13
201800008639,18,3,5,2200,5,2,6,2.0,6.0,13055,M,4331505.0,537290.0,13
201800008640,18,3,6,1740,2,2,1,1.0,3.0,13055,M,4333012.0,539196.0,13
201800008641,18,3,7,1200,1,2,1,1.0,4.0,13055,M,4328862.0,545555.0,13
201800008642,18,3,7,1530,1,2,1,1.0,2.0,13055,M,4330010.0,547652.0,13
201800008643,18,3,8,10,5,2,1,1.0,6.0,13055,M,4333611.0,536316.0,13
201800008644,18,3,8,30,5,2,1,1.0,1.0,13055,M,4328961.0,543801.0,13
201800008645,18,3,8,1305,1,2,1,1.0,3.0,13055,M,4333367.0,537817.0,13
201800008646,18,3,8,1410,1,2,1,1.0,3.0,13055,M,4333053.0,538901.0,13
201800008647,18,3,9,1330,1,2,1,1.0,6.0,13055,M,4328311.0,542601.0,13
201800008648,18,3,9,1445,1,2,3,1.0,3.0,13055,M,4328501.0,538964.0,13
201800008649,18,3,10,10,5,2,6,1.0,3.0,13055,M,4330383.0,542855.0,13
201800008650,18,3,10,1615,1,2,3,1.0,1.0,13055,M,4327493.0,541578.0,13
201800008651,18,3,10,1230,1,2,1,1.0,6.0,13055,M,4328288.0,543236.0,13
201800008652,18,3,10,1645,1,2,6,1.0,7.0,13055,M,4323525.0,539906.0,13
201800008653,18,3,10,1520,1,2,1,1.0,2.0,13055,M,4324355.0,536961.0,13
201800008654,18,3,11,1045,1,2,3,1.0,3.0,13055,M,4330801.0,540012.0,13
201800008655,18,3,12,730,2,2,7,1.0,6.0,13055,M,4324069.0,539700.0,13
201800008656,18,3,12,1500,1,2,1,1.0,6.0,13055,M,4333066.0,543093.0,13
201800008657,18,3,12,1530,1,2,6,1.0,2.0,13055,M,4329761.0,547958.0,13
201800008658,18,3,12,1730,1,2,1,1.0,6.0,13055,M,4331347.0,539704.0,13
201800008659,18,3,12,945,1,2,2,1.0,6.0,13055,M,4335326.0,536976.0,13
201800008660,18,3,13,830,1,2,3,1.0,3.0,13055,M,4332657.0,543816.0,13
201800008661,18,3,13,950,1,2,2,1.0,5.0,13055,M,4328348.0,538234.0,13
201800008662,18,3,13,1700,1,2,1,1.0,3.0,13055,M,4327947.0,542871.0,13
201800008663,18,3,13,2100,5,2,1,1.0,6.0,13055,M,4330000.0,539857.0,13
201800008664,18,3,14,5,5,2,1,1.0,3.0,13055,M,4332178.0,536765.0,13
201800008665,18,3,14,1200,1,2,3,1.0,3.0,13055,M,4330768.0,537256.0,13
201800008666,18,3,14,1215,1,2,1,1.0,3.0,13055,M,4325265.0,538215.0,13
201800008667,18,2,22,1145,1,2,1,1.0,3.0,13055,M,4329981.0,538083.0,13
201800008668,18,3,14,1639,1,2,2,1.0,3.0,13055,M,4334530.0,538265.0,13
201800008669,18,3,14,1500,1,2,7,1.0,6.0,13055,M,4327752.0,539913.0,13
201800008670,18,3,15,950,1,2,1,2.0,6.0,13055,M,4328617.0,538496.0,13
201800008671,18,3,15,830,1,2,2,2.0,3.0,13075,M,4334627.0,546054.0,13
201800008672,18,2,15,1315,1,2,1,8.0,2.0,13055,M,4328979.0,536585.0,13
201800008673,18,3,15,1230,1,2,1,3.0,6.0,13055,M,4324962.0,538909.0,13
201800008674,18,3,15,1535,1,2,1,1.0,6.0,13055,M,4330940.0,540295.0,13
201800008675,18,3,15,1919,5,2,2,1.0,2.0,13055,M,4327594.0,541743.0,13
201800008676,18,3,16,5,5,2,1,1.0,6.0,13055,M,4329088.0,535594.0,13
201800008677,18,3,16,720,1,2,3,1.0,2.0,13055,M,4328880.0,546133.0,13
201800008678,18,3,16,830,1,2,1,1.0,6.0,13055,M,4328267.0,540265.0,13
201800008679,18,3,16,800,1,2,1,1.0,6.0,13055,M,4326574.0,538113.0,13
201800008680,18,3,16,1150,1,2,1,1.0,6.0,13055,M,4329754.0,539767.0,13
201800008681,18,3,16,1220,1,2,2,1.0,2.0,13055,M,4325263.0,540361.0,13
201800008682,18,3,16,1318,1,2,1,1.0,6.0,13055,M,4330398.0,542490.0,13
201800008683,18,3,16,1500,1,2,1,1.0,2.0,13055,M,4329218.0,536359.0,13
201800008684,18,3,16,1730,1,2,3,1.0,6.0,13055,M,4330320.0,540313.0,13
201800008685,18,3,16,1450,1,2,2,1.0,6.0,13055,M,4328895.0,538003.0,13
201800008686,18,3,16,2013,5,2,3,1.0,3.0,13055,M,4327912.0,541223.0,13
201800008687,18,3,16,2017,5,2,3,1.0,2.0,13055,M,4324616.0,543110.0,13
201800008688,18,3,16,2200,5,2,1,8.0,2.0,13055,M,4327514.0,538448.0,13
201800008689,18,3,17,935,1,2,1,1.0,3.0,13055,M,4331820.0,542283.0,13
201800008690,18,3,17,1230,1,2,2,1.0,3.0,13055,M,4328958.0,538238.0,13
201800008691,18,3,17,1410,1,2,1,1.0,6.0,13055,M,4330017.0,536732.0,13
201800008692,18,3,17,1900,1,2,3,1.0,3.0,13055,M,4326563.0,539894.0,13
201800008693,18,3,17,2050,5,2,2,1.0,3.0,13055,M,4327843.0,539230.0,13
201800008694,18,3,17,2130,5,2,1,1.0,3.0,13055,M,4329561.0,544618.0,13
201800008695,18,3,18,1740,1,2,1,1.0,2.0,13055,M,4323869.0,537381.0,13
201800008696,18,3,18,1755,2,2,1,8.0,6.0,13055,M,4331687.0,537630.0,13
201800008697,18,5,21,2005,2,2,3,1.0,3.0,13055,M,4326850.0,538876.0,13
201800008698,18,3,18,1940,2,2,3,1.0,3.0,13055,M,4327934.0,539929.0,13
201800008699,18,3,19,915,1,2,3,1.0,2.0,13055,M,4328881.0,546136.0,13
201800008700,18,3,19,1730,1,2,3,1.0,3.0,13055,M,4333777.0,540748.0,13
201800008701,18,3,20,805,1,2,2,1.0,3.0,13055,M,4328884.0,538290.0,13
201800008702,18,3,20,1425,1,2,1,1.0,3.0,13055,M,4335899.0,531806.0,13
201800008703,18,3,20,1700,1,2,1,1.0,4.0,13055,M,4326580.0,538087.0,13
201800008704,18,3,20,1330,1,2,6,1.0,2.0,13055,M,4327034.0,542305.0,13
201800008705,18,3,20,2245,5,2,1,1.0,7.0,13055,M,4329382.0,544070.0,13
201800008706,18,3,21,1200,1,2,1,1.0,6.0,13055,M,4331601.0,538983.0,13
201800008707,18,3,21,1210,1,2,9,1.0,3.0,13055,M,4328794.0,537341.0,13
201800008708,18,3,21,1900,5,2,1,1.0,5.0,13055,M,4334025.0,538722.0,13
201800008709,18,3,21,1030,2,2,3,4.0,3.0,13055,M,4330923.0,550051.0,13
201800008710,18,3,22,710,5,2,1,1.0,1.0,13055,M,4329702.0,537163.0,13
201800008711,18,3,22,920,1,2,1,1.0,1.0,13055,M,4333550.0,539976.0,13
201800008712,18,3,22,1330,1,2,2,1.0,1.0,13055,M,4328639.0,538583.0,13
201800008713,18,3,22,1415,1,2,1,1.0,3.0,13055,M,4329381.0,537288.0,13
201800008714,18,3,22,1650,1,2,2,1.0,3.0,13055,M,4329926.0,537412.0,13
201800008715,18,3,22,1800,1,2,1,1.0,7.0,13055,M,4329100.0,541784.0,13
201800008716,18,3,23,900,1,2,1,1.0,2.0,13055,M,4334442.0,536094.0,13
201800008717,18,3,23,900,2,2,1,1.0,3.0,13055,M,4324599.0,542016.0,13
201800008718,18,3,23,840,1,2,3,1.0,3.0,13055,M,4326700.0,538963.0,13
201800008719,18,3,23,1315,1,2,3,1.0,3.0,13055,M,4330206.0,538251.0,13
201800008720,18,3,23,1430,1,2,2,1.0,3.0,13055,M,4329274.0,540729.0,13
201800008721,18,3,23,1800,1,2,1,1.0,1.0,13055,M,4330672.0,539968.0,13
201800008722,18,3,23,2015,5,2,3,1.0,5.0,13055,M,4332778.0,535992.0,13
201800008723,18,3,23,2200,5,2,1,1.0,2.0,13055,M,4326858.0,537079.0,13
201800008724,18,3,24,620,2,2,1,1.0,2.0,13055,M,4328405.0,549047.0,13
201800008725,18,3,24,1320,1,2,3,1.0,3.0,13055,M,4329830.0,541680.0,13
201800008726,18,3,24,1410,1,2,3,1.0,6.0,13055,M,4328860.0,545527.0,13
201800008727,18,3,19,1130,1,2,1,1.0,6.0,13055,M,4330674.0,536576.0,13
201800008728,18,3,24,1900,5,2,1,1.0,3.0,13055,M,4328020.0,542910.0,13
201800008729,18,3,24,2115,5,2,9,1.0,3.0,13055,M,4326436.0,540400.0,13
201800008730,18,3,25,600,3,2,2,1.0,3.0,13055,M,4329009.0,537251.0,13
201800008731,18,3,25,1720,1,2,3,1.0,1.0,13055,M,4328435.0,538656.0,13
201800008732,18,3,25,1830,1,2,1,1.0,5.0,13055,M,4331455.0,546237.0,13
201800008733,18,3,26,730,1,2,3,1.0,3.0,13055,M,4331376.0,538904.0,13
201800008734,18,3,26,742,1,2,1,1.0,2.0,13055,M,4328410.0,543584.0,13
201800008735,18,3,26,745,1,2,1,1.0,2.0,13055,M,4332549.0,542349.0,13
201800008736,18,3,26,1410,1,2,1,1.0,3.0,13055,M,4326581.0,539983.0,13
201800008737,18,3,26,1810,1,2,3,1.0,3.0,13055,M,4326018.0,541584.0,13
201800008738,18,3,26,1715,1,2,1,1.0,4.0,13055,M,4331543.0,538642.0,13
201800008739,18,3,26,2220,5,2,1,1.0,1.0,13055,M,4328753.0,538888.0,13
201800008740,18,3,27,745,1,2,1,1.0,2.0,13055,M,4327942.0,535346.0,13
201800008741,18,3,27,1205,1,2,1,1.0,6.0,13055,M,4328671.0,541072.0,13
201800008742,18,3,27,1430,1,2,9,1.0,3.0,13055,M,4328425.0,538798.0,13
201800008743,18,3,27,1510,1,2,6,1.0,3.0,13055,M,4328798.0,550587.0,13
201800008744,18,3,27,1630,1,2,2,1.0,3.0,13055,M,4329699.0,538881.0,13
201800008745,18,3,27,1920,1,2,1,1.0,6.0,13055,M,4330187.0,537230.0,13
201800008746,18,3,27,1905,2,2,1,1.0,3.0,13055,M,4332316.0,544801.0,13
201800008747,18,3,28,2240,5,2,1,1.0,3.0,13055,M,4331879.0,539027.0,13
201800008748,18,3,28,155,5,2,6,1.0,6.0,13055,M,4323535.0,539896.0,13
201800008749,18,3,28,1315,1,2,1,1.0,3.0,13055,M,4330153.0,549166.0,13
201800008750,18,3,28,1210,1,2,1,1.0,6.0,13055,M,4328010.0,538701.0,13
201800008751,18,3,28,1510,1,2,1,1.0,2.0,13055,M,4335293.0,537222.0,13
201800008752,18,3,28,1845,1,2,1,1.0,6.0,13055,M,4332915.0,536538.0,13
201800008753,18,3,28,2245,5,2,1,1.0,3.0,13055,M,4332502.0,538830.0,13
201800008754,18,3,28,1015,1,2,1,1.0,2.0,13055,M,4329031.0,539998.0,13
201800008755,18,3,29,1338,1,2,1,1.0,3.0,13055,M,4329049.0,541968.0,13
201800008756,18,3,29,1525,1,2,1,1.0,7.0,13055,M,4324922.0,545122.0,13
201800008757,18,3,29,1815,1,2,1,1.0,3.0,13055,M,4328864.0,549900.0,13
201800008758,18,3,30,20,5,2,1,1.0,2.0,13055,M,4334951.0,537533.0,13
201800008759,18,3,30,55,5,2,1,1.0,2.0,13055,M,4327111.0,540879.0,13
201800008760,18,3,29,2330,5,2,1,1.0,2.0,13055,M,4329022.0,537931.0,13
201800008761,18,3,30,910,1,2,1,8.0,6.0,13055,M,4323982.0,545598.0,13
201800008762,18,3,30,1100,1,2,6,1.0,3.0,13075,M,4334536.0,546489.0,13
201800008763,18,3,30,1315,1,2,1,1.0,2.0,13055,M,4333093.0,537283.0,13
201800008764,18,3,30,1633,1,2,1,1.0,3.0,13055,M,4334574.0,537845.0,13
201800008765,18,3,30,1950,2,1,1,1.0,3.0,13055,M,4329495.0,545793.0,13
201800008766,18,3,31,935,1,2,1,1.0,2.0,13055,M,4331283.0,542790.0,13
201800008767,18,3,31,1125,1,2,1,1.0,3.0,13055,M,4324764.0,537442.0,13
201800008768,18,3,31,1615,1,2,1,1.0,6.0,13055,M,4327290.0,536294.0,13
201800008769,18,3,31,1810,1,2,1,1.0,4.0,13055,M,4329260.0,545810.0,13
201800008770,18,4,1,1120,1,2,4,1.0,3.0,13055,M,4332444.0,541552.0,13
201800008771,18,4,1,1700,1,2,1,1.0,3.0,13055,M,4329224.0,536328.0,13
201800008772,18,4,1,1530,1,2,1,1.0,6.0,13055,M,4325291.0,542189.0,13
201800008773,18,4,1,1630,1,2,9,1.0,7.0,13055,M,4336634.0,535679.0,13
201800008774,18,4,1,1850,1,2,3,1.0,3.0,13055,M,4328680.0,538689.0,13
201800008775,18,4,1,2050,5,2,3,1.0,3.0,13055,M,4330193.0,540063.0,13
201800008776,18,4,2,255,5,2,1,1.0,6.0,13055,M,4323605.0,540953.0,13
201800008777,18,4,2,915,1,2,1,1.0,3.0,13055,M,4328888.0,543162.0,13
201800008778,18,3,30,1941,2,2,1,1.0,1.0,13055,M,4337545.0,535799.0,13
201800008779,18,4,2,1510,1,2,1,1.0,2.0,13055,M,4327836.0,538800.0,13
201800008780,18,4,3,900,1,2,1,1.0,3.0,13055,M,4330227.0,540077.0,13
201800008781,18,4,3,805,1,2,3,1.0,3.0,13055,M,4328501.0,538964.0,13
201800008782,18,4,3,911,1,2,1,1.0,6.0,13055,M,4325415.0,538277.0,13
201800008783,18,4,3,1300,1,2,3,1.0,3.0,13055,M,4330268.0,536879.0,13
201800008784,18,4,3,1700,1,2,1,1.0,2.0,13055,M,4327984.0,544195.0,13
201800008785,18,4,3,1710,1,2,1,8.0,7.0,13055,M,4327434.0,538484.0,13
201800008786,18,4,3,2000,2,2,3,1.0,3.0,13055,M,4325074.0,541529.0,13
201800008787,18,4,3,2225,5,2,2,1.0,3.0,13055,M,4328629.0,539136.0,13
201800008788,18,4,3,2115,5,2,1,1.0,2.0,13055,M,4326800.0,538432.0,13
201800008789,18,4,4,730,1,2,1,1.0,2.0,13055,M,4330233.0,536908.0,13
201800008790,18,4,4,1230,1,2,2,1.0,3.0,13055,M,4327175.0,538683.0,13
201800008791,18,4,4,1325,1,2,1,1.0,6.0,13055,M,4332593.0,538897.0,13
201800008792,18,4,4,1350,1,2,1,1.0,2.0,13055,M,4329036.0,537015.0,13
201800008793,18,4,4,1400,1,2,6,1.0,3.0,13055,M,4330488.0,537323.0,13
201800008794,18,4,4,1820,1,2,9,1.0,6.0,13055,M,4332916.0,536544.0,13
201800008795,18,4,5,825,1,2,2,1.0,3.0,13055,M,4331144.0,542289.0,13
201800008796,18,4,5,1750,1,2,4,1.0,3.0,13055,M,4333329.0,540044.0,13
201800008797,18,4,5,2130,5,2,1,1.0,6.0,13055,M,4328876.0,545960.0,13
201800008798,18,4,5,2111,5,2,1,1.0,6.0,13055,M,4333916.0,539004.0,13
201800008799,18,4,5,2340,5,2,1,1.0,2.0,13055,M,4330581.0,540094.0,13
201800008800,18,4,6,130,5,2,3,1.0,3.0,13055,M,4328040.0,540834.0,13
201800008801,18,4,6,210,5,2,1,1.0,1.0,13055,M,4329438.0,537460.0,13
201800008802,18,4,6,130,5,2,1,1.0,6.0,13055,M,4328564.0,539288.0,13
201800008803,18,4,6,740,1,2,1,1.0,3.0,13055,M,4332677.0,543760.0,13
201800008804,18,4,6,810,1,2,1,1.0,2.0,13075,M,4334995.0,546098.0,13
201800008805,18,4,5,1845,1,2,1,1.0,3.0,13055,M,4323249.0,540382.0,13
201800008806,18,4,6,1450,1,2,2,1.0,3.0,13055,M,4327459.0,538682.0,13
201800008807,18,4,6,1500,1,2,1,1.0,4.0,13055,M,4325862.0,541741.0,13
201800008808,18,4,5,1930,1,2,1,1.0,6.0,13055,M,4326450.0,540957.0,13
201800008809,18,4,6,1515,1,2,1,1.0,1.0,13055,M,4334878.0,537190.0,13
201800008810,18,4,6,1300,1,2,1,1.0,6.0,13055,M,4333297.0,543031.0,13
201800008811,18,4,6,1515,2,2,1,1.0,2.0,13055,M,4325728.0,537652.0,13
201800008812,18,4,6,1540,1,2,1,1.0,6.0,13055,M,4328420.0,538475.0,13
201800008813,18,4,6,1650,1,2,3,1.0,3.0,13055,M,4329201.0,535894.0,13
201800008814,18,4,6,1830,1,2,1,1.0,6.0,13055,M,4329998.0,537102.0,13
201800008815,18,4,6,2205,5,2,3,1.0,2.0,13055,M,4331653.0,539697.0,13
201800008816,18,4,7,920,1,2,1,1.0,3.0,13055,M,4328219.0,541188.0,13
201800008817,18,4,7,1115,1,2,1,1.0,2.0,13055,M,4329334.0,543443.0,13
201800008818,18,4,7,1315,1,2,1,1.0,2.0,13055,M,4327652.0,541842.0,13
201800008819,18,4,7,1810,1,2,1,1.0,4.0,13055,M,4328178.0,539929.0,13
201800008820,18,4,7,2200,5,2,1,1.0,6.0,13055,M,4328145.0,550205.0,13
201800008821,18,4,7,2300,5,2,2,1.0,6.0,13055,M,4328993.0,537259.0,13
201800008822,18,4,8,325,5,2,1,1.0,6.0,13055,M,4331168.0,537165.0,13
201800008823,18,3,29,645,1,2,1,1.0,6.0,13055,M,4333347.0,543249.0,13
201800008824,18,4,8,1255,1,2,1,1.0,3.0,13055,M,4329172.0,540338.0,13
201800008825,18,4,8,2056,2,2,3,1.0,3.0,13055,M,4329406.0,538343.0,13
201800008826,18,4,9,820,1,2,1,2.0,3.0,13055,M,4332260.0,536180.0,13
201800008827,18,4,9,1250,1,2,1,1.0,6.0,13055,M,4329912.0,538128.0,13
201800008828,18,4,9,1730,1,2,1,1.0,2.0,13055,M,4330346.0,536479.0,13
201800008829,18,4,9,1710,1,2,1,1.0,3.0,13055,M,4327942.0,541124.0,13
201800008830,18,4,10,610,5,2,1,2.0,6.0,13055,M,4333378.0,536802.0,13
201800008831,18,4,6,1315,1,2,2,1.0,3.0,13055,M,4330291.0,540058.0,13
201800008832,18,4,10,1215,1,2,1,1.0,2.0,13055,M,4330037.0,537448.0,13
201800008833,18,4,10,1345,1,2,2,1.0,3.0,13055,M,4328884.0,538290.0,13
201800008834,18,4,10,1245,1,2,4,1.0,3.0,13055,M,4328878.0,546134.0,13
201800008835,18,4,10,1355,1,2,1,1.0,5.0,13055,M,4337666.0,535627.0,13
201800008836,18,4,10,1320,1,2,2,1.0,3.0,13055,M,4328864.0,549900.0,13
201800008837,18,4,6,1845,1,2,1,1.0,3.0,13055,M,4330159.0,539133.0,13
201800008838,18,4,11,940,1,2,3,2.0,1.0,13055,M,4328444.0,540462.0,13
201800008839,18,4,11,1030,1,2,1,2.0,2.0,13055,M,4327945.0,539951.0,13
201800008840,18,4,11,1300,1,2,4,2.0,3.0,13055,M,4329049.0,538911.0,13
201800008841,18,4,11,1505,1,2,1,3.0,6.0,13055,M,4328525.0,536011.0,13
201800008842,18,4,11,1755,1,2,4,3.0,3.0,13055,M,4326804.0,541837.0,13
201800008843,18,4,11,1730,1,2,7,3.0,2.0,13055,M,4329431.0,539788.0,13