Num_Acc,an,mois,jour,hrmn,lum,agg,int,atm,col,com,gps,lat,long,dep
201800008844,18,4,12,850,1,2,1,3.0,2.0,13055,M,4324587.0,539505.0,13
201800008845,18,4,12,825,1,2,1,3.0,6.0,13055,M,4326470.0,539160.0,13
201800008846,18,4,12,1350,1,2,1,1.0,2.0,13055,M,4327183.0,538592.0,13
201800008847,18,4,12,1815,1,2,1,1.0,4.0,13055,M,4331241.0,538004.0,13
201800008848,18,4,12,2000,5,2,2,2.0,3.0,13055,M,4324621.0,538863.0,13
201800008849,18,4,13,1050,1,2,1,1.0,1.0,13055,M,4328487.0,539458.0,13
201800008850,18,4,13,1215,1,2,4,1.0,3.0,13055,M,4324793.0,542392.0,13
201800008851,18,4,13,1800,1,2,3,1.0,3.0,13055,M,4333247.0,535890.0,13
201800008852,18,4,14,320,5,2,6,2.0,7.0,13055,M,4330605.0,546971.0,13
201800008853,18,4,14,300,4,2,1,1.0,2.0,13055,M,4332891.0,536432.0,13
201800008854,18,4,14,845,1,2,1,1.0,3.0,13055,M,4328039.0,544217.0,13
201800008855,18,4,14,2100,5,2,2,1.0,3.0,13055,M,4331607.0,538403.0,13
201800008856,18,4,14,2040,5,2,1,1.0,3.0,13055,M,4328584.0,544256.0,13
201800008857,18,4,15,40,5,2,2,1.0,3.0,13055,M,4330330.0,537902.0,13
201800008858,18,4,14,1820,1,2,1,8.0,2.0,13055,M,4330839.0,537102.0,13
201800008859,18,4,15,1915,1,2,1,1.0,6.0,13055,M,4337541.0,536461.0,13
201800008860,18,4,15,1815,1,2,1,1.0,2.0,13055,M,4326350.0,537731.0,13
201800008861,18,4,15,1945,2,2,2,1.0,6.0,13055,M,4329353.0,545241.0,13
201800008862,18,4,16,103,5,2,2,1.0,3.0,13055,M,4330310.0,536660.0,13
201800008863,18,4,16,1,4,2,1,1.0,1.0,13055,M,4336334.0,531441.0,13
201800008864,18,4,11,1653,1,2,2,3.0,3.0,13055,M,4329749.0,540087.0,13
201800008865,18,4,16,1500,1,2,1,1.0,2.0,13055,M,4327187.0,539987.0,13
201800008866,18,4,16,1820,1,2,1,7.0,1.0,13055,M,4324414.0,539644.0,13
201800008867,18,4,16,1920,1,2,1,1.0,2.0,13055,M,4327498.0,542583.0,13
201800008868,18,4,13,1830,1,2,2,2.0,6.0,13055,M,4328998.0,539884.0,13
201800008869,18,4,17,954,1,2,2,1.0,3.0,13055,M,4330621.0,537227.0,13
201800008870,18,4,17,1055,1,2,1,1.0,3.0,13055,M,4336666.0,535674.0,13
201800008871,18,4,17,1115,1,2,1,1.0,6.0,13055,M,4328731.0,538502.0,13
201800008872,18,4,18,1,5,2,1,1.0,6.0,13055,M,4336033.0,529586.0,13
201800008873,18,4,17,1511,1,2,1,1.0,3.0,13055,M,4337424.0,535572.0,13
201800008874,18,4,13,830,1,2,1,1.0,3.0,13055,M,4332506.0,538208.0,13
201800008875,18,4,18,1715,1,2,1,1.0,7.0,13055,M,4331430.0,546670.0,13
201800008876,18,4,19,800,1,2,1,1.0,3.0,13055,M,4332053.0,536260.0,13
201800008877,18,4,19,825,1,2,1,1.0,3.0,13055,M,4328675.0,543123.0,13
201800008878,18,4,19,1205,1,2,4,1.0,6.0,13055,M,4328667.0,538325.0,13
201800008879,18,4,19,810,1,2,3,1.0,3.0,13055,M,4324567.0,542610.0,13
201800008880,18,4,19,1030,1,2,1,1.0,2.0,13055,M,4328935.0,543775.0,13
201800008881,18,4,19,1215,1,2,9,7.0,3.0,13055,M,4328995.0,535578.0,13
201800008882,18,4,20,545,5,2,1,1.0,3.0,13055,M,4325138.0,537571.0,13
201800008883,18,4,20,1030,1,2,1,1.0,3.0,13055,M,4330119.0,540103.0,13
201800008884,18,4,20,1238,1,2,6,1.0,2.0,13055,M,4336508.0,534707.0,13
201800008885,18,4,20,1845,1,2,1,1.0,6.0,13002,M,4335923.0,548767.0,13
201800008886,18,4,20,2115,5,2,2,1.0,3.0,13055,M,4325005.0,540438.0,13
201800008887,18,4,21,1705,1,2,1,1.0,1.0,13055,M,4333279.0,538451.0,13
201800008888,18,4,21,1730,1,2,1,1.0,6.0,13055,M,4328064.0,535258.0,13
201800008889,18,4,21,2300,5,2,1,1.0,3.0,13055,M,4324875.0,544096.0,13
201800008890,18,4,17,1922,1,2,9,1.0,3.0,13055,M,,,13
201800008891,18,4,22,615,2,2,2,1.0,3.0,13055,M,4331670.0,536911.0,13
201800008892,18,4,22,1130,1,2,1,1.0,2.0,13055,M,4326007.0,538685.0,13
201800008893,18,4,22,810,1,2,1,1.0,3.0,13055,M,4326801.0,538434.0,13
201800008894,18,4,22,1345,1,2,1,1.0,2.0,13055,M,4327275.0,540088.0,13
201800008895,18,4,23,830,1,2,6,1.0,3.0,13055,M,4327811.0,542763.0,13
201800008896,18,4,23,2015,2,2,1,1.0,3.0,13055,M,4325990.0,537537.0,13
201800008897,18,4,23,2110,5,2,2,1.0,6.0,13055,M,4330294.0,540087.0,13
201800008898,18,4,23,2350,5,2,1,1.0,3.0,13055,M,4328407.0,534988.0,13
201800008899,18,4,24,745,1,2,3,1.0,3.0,13055,M,4330328.0,537898.0,13
201800008900,18,4,24,910,1,2,9,1.0,2.0,13055,M,4327952.0,542355.0,13
201800008901,18,4,23,1840,1,2,1,1.0,2.0,13055,M,4329319.0,540319.0,13
201800008902,18,4,23,1515,1,2,1,1.0,6.0,13055,M,4329110.0,535580.0,13
201800008903,18,4,24,1155,1,2,1,1.0,7.0,13055,M,4324955.0,544899.0,13
201800008904,18,4,24,1515,1,2,1,1.0,2.0,13055,M,4326397.0,537800.0,13
201800008905,18,4,22,500,5,2,3,1.0,3.0,13055,M,4327461.0,541523.0,13
201800008906,18,4,25,920,1,2,3,1.0,6.0,13055,M,4333626.0,540729.0,13
201800008907,18,4,25,1245,1,2,1,1.0,6.0,13055,M,4329510.0,537606.0,13
201800008908,18,4,25,1150,1,2,1,1.0,2.0,13055,M,4329754.0,540074.0,13
201800008909,18,4,25,1400,1,2,1,1.0,4.0,13055,M,4328755.0,541205.0,13
201800008910,18,4,25,1650,1,2,4,1.0,3.0,13055,M,4329729.0,538016.0,13
201800008911,18,4,25,1830,1,2,1,1.0,3.0,13055,M,4325367.0,540193.0,13
201800008912,18,4,25,1800,1,2,1,1.0,6.0,13055,M,4325167.0,537562.0,13
201800008913,18,4,25,1849,1,2,1,1.0,6.0,13055,M,4328492.0,539438.0,13
201800008914,18,4,25,2115,5,2,1,1.0,1.0,13055,M,4325994.0,540282.0,13
201800008915,18,4,25,2340,5,2,3,1.0,3.0,13055,M,4334596.0,538144.0,13
201800008916,18,4,25,2050,5,2,3,1.0,1.0,13055,M,4332374.0,539313.0,13
201800008917,18,4,25,2250,5,2,1,1.0,7.0,13055,M,4332901.0,536644.0,13
201800008918,18,4,26,810,1,2,3,1.0,3.0,13055,M,4336896.0,531167.0,13
201800008919,18,4,26,845,1,2,1,1.0,2.0,13055,M,4327278.0,536287.0,13
201800008920,18,4,26,1720,1,2,1,1.0,7.0,13055,M,4327920.0,544124.0,13
201800008921,18,4,27,1,5,2,1,1.0,3.0,13055,M,4325282.0,540272.0,13
201800008922,18,4,27,1154,1,2,1,1.0,2.0,13055,M,4330460.0,537512.0,13
201800008923,18,4,27,1610,1,2,2,1.0,6.0,13055,M,4326327.0,538990.0,13
201800008924,18,4,27,2115,4,2,9,1.0,6.0,13055,M,4327138.0,541421.0,13
201800008925,18,4,27,2115,5,2,2,1.0,1.0,13055,M,4329380.0,540960.0,13
201800008926,18,4,28,1300,1,2,1,1.0,3.0,13055,M,4329333.0,547976.0,13
201800008927,18,4,28,1540,1,2,6,1.0,3.0,13055,M,,,13
201800008928,18,4,28,1835,1,2,1,1.0,6.0,13055,M,4330811.0,543484.0,13
201800008929,18,4,28,500,5,2,1,1.0,6.0,13055,M,4327691.0,537850.0,13
201800008930,18,4,28,2345,5,2,9,1.0,3.0,13055,M,4329122.0,538304.0,13
201800008931,18,4,28,1705,1,2,2,1.0,3.0,13055,M,4329402.0,539983.0,13
201800008932,18,4,29,1210,1,2,1,1.0,3.0,13055,M,4333433.0,540153.0,13
201800008933,18,4,29,950,1,2,1,1.0,3.0,13055,M,4327803.0,535529.0,13
201800008934,18,4,29,1345,1,2,1,8.0,3.0,13055,M,,,13
201800008935,18,4,29,1415,1,2,1,1.0,3.0,13055,M,,,13
201800008936,18,4,29,1742,1,2,1,2.0,7.0,13055,M,4328359.0,539867.0,13
201800008937,18,4,29,2130,4,2,2,1.0,3.0,13055,M,4330348.0,538595.0,13
201800008938,18,4,30,1300,1,2,1,1.0,2.0,13055,M,4328043.0,540068.0,13
201800008939,18,4,30,1730,1,2,2,1.0,1.0,13055,M,4330106.0,541513.0,13
201800008940,18,4,30,1825,1,2,1,1.0,6.0,13055,M,4329920.0,540081.0,13
201800008941,18,4,30,1920,2,2,1,2.0,7.0,13055,M,4328623.0,536284.0,13
201800008942,18,5,1,1600,1,2,9,1.0,3.0,13055,M,4329354.0,540165.0,13
201800008943,18,5,1,1420,1,2,1,1.0,6.0,13055,M,4330212.0,539556.0,13
201800008944,18,5,1,2305,5,2,1,1.0,6.0,13055,M,4332400.0,538920.0,13
201800008945,18,5,2,1045,1,2,1,1.0,5.0,13055,M,4327095.0,540846.0,13
201800008946,18,5,2,1230,1,2,1,1.0,3.0,13055,M,4325522.0,540308.0,13
201800008947,18,5,2,1800,1,2,1,1.0,6.0,13055,M,4325934.0,539849.0,13
201800008948,18,5,3,1000,1,2,2,1.0,3.0,13055,M,4332689.0,537610.0,13
201800008949,18,5,3,1400,1,2,1,1.0,6.0,13055,M,4326678.0,538203.0,13
201800008950,18,5,3,1720,1,2,1,1.0,6.0,13055,M,4330456.0,540125.0,13
201800008951,18,5,3,1710,1,2,1,1.0,3.0,13055,M,4328584.0,544256.0,13
201800008952,18,5,4,1130,1,2,1,1.0,6.0,13055,M,4332127.0,541384.0,13
201800008953,18,5,4,930,1,2,3,1.0,1.0,13055,M,4332487.0,537384.0,13
201800008954,18,5,4,1200,1,2,1,1.0,7.0,13055,M,4327994.0,544198.0,13
201800008955,18,5,4,1215,1,2,1,1.0,7.0,13055,M,4327024.0,539252.0,13
201800008956,18,5,4,1320,1,2,1,1.0,6.0,13055,M,4330298.0,539694.0,13
201800008957,18,5,4,1815,1,1,1,2.0,1.0,13055,M,4324261.0,544870.0,13
201800008958,18,5,5,144,5,2,2,1.0,3.0,13055,M,4330361.0,536902.0,13
201800008959,18,5,5,1050,1,2,3,1.0,5.0,13055,M,,,13
201800008960,18,5,5,1135,1,2,1,1.0,5.0,13055,M,4329488.0,538178.0,13
201800008961,18,5,5,1630,1,2,1,1.0,6.0,13055,M,4331445.0,536991.0,13
201800008962,18,5,5,400,5,2,1,8.0,7.0,13055,M,,,13
201800008963,18,5,6,1340,1,2,1,1.0,5.0,13055,M,4328300.0,539900.0,13
201800008964,18,5,6,2000,1,2,1,1.0,1.0,13055,M,4331687.0,537620.0,13
201800008965,18,5,2,400,5,2,3,1.0,3.0,13055,M,4328795.0,538346.0,13
201800008966,18,5,7,2350,5,2,1,1.0,6.0,13055,M,4328044.0,539945.0,13
201800008967,18,5,8,400,5,2,3,1.0,3.0,13055,M,4330106.0,536415.0,13
201800008968,18,5,9,1125,1,2,1,1.0,6.0,13055,M,4332810.0,536602.0,13
201800008969,18,5,9,1245,1,2,1,1.0,3.0,13055,M,4326213.0,539305.0,13
201800008970,18,5,9,1700,1,2,1,1.0,3.0,13055,M,4329298.0,543893.0,13
201800008971,18,5,9,1817,1,2,1,1.0,6.0,13055,M,4323278.0,540086.0,13
201800008972,18,5,9,1815,1,2,1,1.0,3.0,13055,M,4328987.0,547080.0,13
201800008973,18,5,9,2045,5,2,1,2.0,3.0,13055,M,4328502.0,544076.0,13
201800008974,18,5,9,2012,5,2,9,1.0,6.0,13055,M,4329938.0,537578.0,13
201800008975,18,5,9,2335,5,2,1,2.0,6.0,13055,M,4324992.0,537539.0,13
201800008976,18,5,10,1407,1,2,3,1.0,3.0,13055,M,4335988.0,534305.0,13
201800008977,18,5,10,1600,1,2,1,1.0,2.0,13055,M,4329278.0,543679.0,13
201800008978,18,5,10,1635,1,2,1,1.0,2.0,13055,M,4330308.0,537389.0,13
201800008979,18,5,10,2115,5,2,2,1.0,3.0,13055,M,4331486.0,538789.0,13
201800008980,18,5,10,2115,4,2,1,1.0,3.0,13055,M,4328359.0,542682.0,13
201800008981,18,4,18,1700,1,2,9,1.0,2.0,13055,M,,,13
201800008982,18,5,11,940,1,2,3,1.0,3.0,13075,M,4334607.0,546026.0,13
201800008983,18,5,11,1525,1,2,2,1.0,3.0,13055,M,4329897.0,538525.0,13
201800008984,18,5,11,430,5,2,1,1.0,7.0,13055,M,4324218.0,536756.0,13
201800008985,18,5,11,2340,5,2,1,1.0,3.0,13055,M,4331590.0,538472.0,13
201800008986,18,5,12,835,1,2,1,1.0,1.0,13055,M,4331489.0,537203.0,13
201800008987,18,5,12,1300,1,2,1,1.0,3.0,13055,M,4332121.0,543856.0,13
201800008988,18,5,12,1850,1,2,1,1.0,2.0,13055,M,4328359.0,538540.0,13
201800008989,18,5,12,2110,5,2,1,1.0,2.0,13055,M,4325888.0,539421.0,13
201800008990,18,5,12,2310,5,2,1,1.0,3.0,13055,M,4327749.0,539893.0,13
201800008991,18,5,13,1840,2,2,1,2.0,5.0,13055,M,4325886.0,539962.0,13
201800008992,18,5,13,1930,1,2,1,2.0,2.0,13055,M,4331708.0,536880.0,13
201800008993,18,5,14,539,2,2,2,3.0,3.0,13055,M,4329399.0,539978.0,13
201800008994,18,5,14,1030,1,2,1,1.0,2.0,13055,M,4329449.0,544272.0,13
201800008995,18,5,14,1230,1,2,3,1.0,5.0,13055,M,4328139.0,540506.0,13
201800008996,18,5,14,1630,1,2,1,1.0,6.0,13055,M,4328457.0,544246.0,13
201800008997,18,5,15,550,2,2,2,2.0,6.0,13055,M,4329581.0,540031.0,13
201800008998,18,5,15,740,1,2,1,2.0,3.0,13055,M,4326685.0,542439.0,13
201800008999,18,5,15,1400,1,2,1,1.0,6.0,13055,M,4330925.0,536654.0,13
201800009000,18,5,15,1526,1,2,1,1.0,6.0,13055,M,4332910.0,537568.0,13
201800009001,18,5,15,2130,5,2,1,1.0,1.0,13055,M,4327940.0,535347.0,13
201800009002,18,5,16,10,5,2,1,1.0,3.0,13055,M,4331181.0,540389.0,13
201800009003,18,5,16,610,2,2,1,1.0,6.0,13055,M,4330452.0,536899.0,13
201800009004,18,5,16,1050,1,2,1,1.0,3.0,13055,M,4334625.0,538062.0,13
201800009005,18,5,16,1300,1,2,1,1.0,3.0,13055,M,4329017.0,537582.0,13
201800009006,18,5,16,1630,1,2,1,1.0,3.0,13055,M,4325101.0,538978.0,13
201800009007,18,5,16,1205,1,2,1,1.0,2.0,13055,M,4328566.0,540203.0,13
201800009008,18,5,16,1850,1,2,1,1.0,1.0,13055,M,4329583.0,544679.0,13
201800009009,18,5,16,1905,1,2,1,1.0,7.0,13055,M,4328550.0,538802.0,13
201800009010,18,5,16,2250,5,2,1,1.0,2.0,13055,M,4326087.0,539371.0,13
201800009011,18,5,16,2325,5,2,3,1.0,3.0,13055,M,4336030.0,535753.0,13
201800009012,18,5,17,930,1,2,3,1.0,6.0,13055,M,4329407.0,537650.0,13
201800009013,18,5,17,1345,1,2,9,8.0,3.0,13055,M,4325498.0,538528.0,13
201800009014,18,5,17,1330,1,2,1,1.0,3.0,13055,M,4323472.0,540399.0,13
201800009015,18,5,17,1645,1,2,1,1.0,6.0,13055,M,4327108.0,538473.0,13
201800009016,18,5,18,15,3,2,2,1.0,3.0,13055,M,4331381.0,540585.0,13
201800009017,18,5,18,115,5,2,1,1.0,6.0,13055,M,4329682.0,544340.0,13
201800009018,18,5,18,950,1,2,3,1.0,3.0,13055,M,4331130.0,537049.0,13
201800009019,18,5,18,1530,1,2,1,1.0,6.0,13055,M,4328384.0,538076.0,13
201800009020,18,5,18,2125,5,2,9,1.0,3.0,13055,M,4334964.0,537528.0,13
201800009021,18,5,19,1000,1,2,1,1.0,5.0,13055,M,4232994.0,539219.0,13
201800009022,18,5,19,1100,1,2,1,1.0,2.0,13055,M,4326671.0,541319.0,13
201800009023,18,5,19,1515,1,2,1,1.0,2.0,13055,M,4329226.0,544934.0,13
201800009024,18,5,19,1745,1,2,1,1.0,6.0,13055,M,4328645.0,539146.0,13
201800009025,18,5,19,1705,1,2,9,1.0,6.0,13055,M,4329682.0,544340.0,13
201800009026,18,5,19,2325,5,2,1,1.0,3.0,13055,M,4332638.0,543875.0,13
201800009027,18,5,20,1425,1,2,1,1.0,6.0,13002,M,4333776.0,547243.0,13
201800009028,18,5,20,1900,1,2,1,1.0,3.0,13055,M,,,13
201800009029,18,5,20,1950,1,2,2,1.0,7.0,13055,M,4331230.0,541612.0,13
201800009030,18,5,20,2127,5,2,1,1.0,6.0,13055,M,4328900.0,535430.0,13
201800009031,18,5,21,1115,1,2,1,1.0,3.0,13055,M,4323451.0,541154.0,13
201800009032,18,5,21,2005,2,2,3,1.0,3.0,13055,M,4326854.0,538869.0,13
201800009033,18,5,22,905,1,2,1,2.0,2.0,13002,M,4333371.0,548223.0,13
201800009034,18,5,22,905,1,2,1,2.0,3.0,13055,M,4330358.0,542977.0,13
201800009035,18,5,22,1550,1,2,1,2.0,3.0,13055,M,4329457.0,537630.0,13
201800009036,18,5,22,1700,1,2,1,1.0,7.0,13055,M,4332500.0,541800.0,13
201800009037,18,5,22,1725,1,2,1,2.0,2.0,13055,M,4330110.0,540064.0,13
201800009038,18,5,22,1915,1,2,1,2.0,6.0,13055,M,4329942.0,538614.0,13
201800009039,18,5,22,1700,1,2,1,2.0,4.0,13055,M,4326938.0,539305.0,13
201800009040,18,5,22,2230,3,2,1,3.0,7.0,13055,M,4330749.0,550121.0,13
201800009041,18,5,23,145,5,2,1,1.0,3.0,13055,M,4329226.0,536219.0,13
201800009042,18,5,23,1000,1,2,1,1.0,6.0,13055,M,4333924.0,543926.0,13
201800009043,18,5,23,950,1,2,9,1.0,2.0,13055,M,4325440.0,537640.0,13
201800009044,18,5,23,1225,1,2,1,1.0,3.0,13055,M,4327504.0,539534.0,13
201800009045,18,5,23,1100,1,2,3,1.0,3.0,13055,M,4337541.0,535585.0,13
201800009046,18,5,23,1415,1,2,3,1.0,3.0,13055,M,4327878.0,542822.0,13
201800009047,18,5,23,1630,1,2,1,1.0,3.0,13055,M,4325524.0,537629.0,13
201800009048,18,5,23,1935,1,2,1,1.0,7.0,13055,M,4328129.0,539211.0,13
201800009049,18,5,23,1830,1,2,1,1.0,7.0,13055,M,4332977.0,539383.0,13
201800009050,18,5,23,1945,1,2,1,1.0,7.0,13055,M,,,13
201800009051,18,5,24,235,5,2,1,1.0,6.0,13055,M,4332995.0,540451.0,13
201800009052,18,5,24,1620,1,2,2,1.0,1.0,13055,M,4327593.0,541743.0,13
201800009053,18,5,24,1230,1,2,1,1.0,2.0,13055,M,4326320.0,538857.0,13
201800009054,18,5,24,2345,5,2,9,1.0,3.0,13055,M,4331582.0,536455.0,13
201800009055,18,5,25,835,1,2,2,1.0,3.0,13055,M,4328490.0,539067.0,13
201800009056,18,5,25,1205,1,2,1,1.0,6.0,13055,M,4332540.0,537400.0,13
201800009057,18,5,25,1630,1,2,1,2.0,6.0,13055,M,4334060.0,538463.0,13
201800009058,18,5,25,1600,1,2,3,1.0,6.0,13055,M,4328583.0,538690.0,13
201800009059,18,5,26,20,5,2,9,9.0,6.0,13055,M,4333887.0,537006.0,13
201800009060,18,5,25,2347,5,2,2,1.0,3.0,13055,M,4333322.0,543807.0,13
201800009061,18,5,26,1100,1,2,1,8.0,6.0,13055,M,4335698.0,535747.0,13
201800009062,18,5,26,1645,1,2,1,1.0,1.0,13055,M,4331416.0,537619.0,13
201800009063,18,5,27,610,2,2,1,8.0,6.0,13055,M,4333762.0,543232.0,13
201800009064,18,5,28,755,1,2,1,2.0,3.0,13055,M,4330003.0,547524.0,13
201800009065,18,5,28,1045,1,2,1,1.0,2.0,13055,M,4327893.0,541008.0,13
201800009066,18,5,28,1130,1,2,1,1.0,7.0,13055,M,4324166.0,540876.0,13
201800009067,18,5,28,1805,1,2,9,1.0,3.0,13055,M,,,13
201800009068,18,5,28,1655,1,2,1,1.0,2.0,13055,M,4326890.0,538840.0,13
201800009069,18,5,28,300,5,2,2,2.0,6.0,13055,M,4328738.0,538911.0,13
201800009070,18,5,28,1945,1,2,1,1.0,6.0,13055,M,4327862.0,538056.0,13
201800009071,18,5,29,135,5,2,4,1.0,2.0,13055,M,4334234.0,536199.0,13
201800009072,18,5,28,1445,1,2,2,1.0,6.0,13055,M,4330025.0,538868.0,13
201800009073,18,5,30,1110,1,2,1,2.0,3.0,13055,M,4326739.0,538336.0,13
201800009074,18,5,30,1310,1,2,1,1.0,2.0,13055,M,4328673.0,541472.0,13
201800009075,18,5,30,1233,1,2,1,2.0,7.0,13055,M,4327940.0,538780.0,13
201800009076,18,4,30,1815,1,2,1,1.0,7.0,13055,M,4324103.0,537839.0,13
201800009077,18,5,30,2135,5,2,1,1.0,1.0,13055,M,4333045.0,541216.0,13
201800009078,18,5,30,2102,5,2,2,1.0,3.0,13055,M,4328488.0,539065.0,13
201800009079,18,4,25,1155,1,2,2,1.0,6.0,13055,M,4329987.0,540089.0,13
201800009080,18,5,16,1615,1,2,1,1.0,6.0,13055,M,4330173.0,538335.0,13
201800009081,18,5,31,900,1,2,3,2.0,3.0,13055,M,4331606.0,546900.0,13
201800009082,18,5,31,915,1,2,9,2.0,3.0,13055,M,4329165.0,540658.0,13
201800009083,18,5,31,650,1,2,2,8.0,5.0,13055,M,4331502.0,538798.0,13
201800009084,18,5,31,1100,1,2,1,1.0,6.0,13055,M,4333050.0,540466.0,13
201800009085,18,5,31,1450,1,2,1,1.0,4.0,13055,M,4330501.0,540089.0,13
201800009086,18,5,31,1540,1,2,1,1.0,6.0,13055,M,4329408.0,537432.0,13
201800009087,18,5,31,1410,1,2,1,1.0,1.0,13055,M,4328574.0,538849.0,13
201800009088,18,5,31,1615,1,2,1,1.0,1.0,13055,M,4330557.0,537623.0,13
201800009089,18,5,31,1610,1,2,1,1.0,6.0,13055,M,4324884.0,544166.0,13
201800009090,18,5,31,2020,2,2,1,1.0,3.0,13055,M,4328490.0,542132.0,13
201800009091,18,6,1,800,1,2,1,1.0,2.0,13055,M,4334115.0,536523.0,13
201800009092,18,6,1,800,1,2,1,1.0,3.0,13055,M,,,13
201800009093,18,6,1,915,1,2,1,1.0,2.0,13055,M,4322876.0,535286.0,13
201800009094,18,6,1,1100,1,2,4,1.0,3.0,13055,M,4329317.0,549499.0,13
201800009095,18,5,31,1145,1,2,6,1.0,2.0,13055,M,4329554.0,548119.0,13
201800009096,18,6,1,1700,1,2,1,1.0,2.0,13055,M,4329356.0,537184.0,13
201800009097,18,6,1,1850,1,2,1,1.0,6.0,13055,M,4330810.0,543441.0,13
201800009098,18,6,1,1600,1,2,1,1.0,6.0,13055,M,4331255.0,538188.0,13
201800009099,18,5,19,2030,1,2,1,1.0,6.0,13055,M,4330410.0,541543.0,13
201800009100,18,6,1,130,5,2,1,1.0,6.0,13055,M,4327220.0,542129.0,13
201800009101,18,6,2,1,5,2,2,1.0,6.0,13055,M,4330499.0,536820.0,13
201800009102,18,6,2,235,5,2,1,1.0,1.0,13055,M,4331513.0,543329.0,13
201800009103,18,6,2,1145,1,2,1,1.0,3.0,13055,M,4334441.0,542290.0,13
201800009104,18,6,2,1815,1,2,1,1.0,6.0,13055,M,4332820.0,535952.0,13
201800009105,18,6,3,1800,1,2,1,1.0,3.0,13055,M,4330244.0,536962.0,13
201800009106,18,6,3,1920,1,2,2,1.0,2.0,13055,M,4329209.0,538059.0,13
201800009107,18,6,4,655,2,2,2,1.0,5.0,13055,M,4336803.0,531364.0,13
201800009108,18,6,4,840,1,2,1,1.0,2.0,13055,M,,,13
201800009109,18,6,4,745,1,2,3,1.0,3.0,13055,M,4327040.0,539247.0,13
201800009110,18,6,4,1325,1,2,1,2.0,6.0,13055,M,4327840.0,539221.0,13
201800009111,18,6,4,1420,1,2,1,1.0,6.0,13055,M,4327876.0,548291.0,13
201800009112,18,6,4,1430,1,2,9,1.0,6.0,13055,M,4325751.0,539323.0,13
201800009113,18,6,4,1455,1,2,1,1.0,6.0,13055,M,4335461.0,534985.0,13
201800009114,18,6,4,1610,1,2,1,1.0,6.0,13055,M,4329040.0,538116.0,13
201800009115,18,6,4,1513,1,2,1,1.0,3.0,13055,M,4327046.0,542379.0,13
201800009116,18,6,4,1750,1,2,1,1.0,3.0,13055,M,4328672.0,538663.0,13
201800009117,18,6,4,2355,5,2,1,1.0,6.0,13055,M,4323863.0,536505.0,13
201800009118,18,6,5,4,5,2,1,1.0,2.0,13055,M,4330190.0,540070.0,13
201800009119,18,6,5,700,1,2,1,1.0,3.0,13055,M,4333587.0,542833.0,13
201800009120,18,6,5,800,1,2,2,1.0,2.0,13055,M,4332469.0,545650.0,13
201800009121,18,6,5,1140,1,2,1,1.0,5.0,13055,M,4329851.0,549902.0,13
201800009122,18,6,5,1330,1,2,1,1.0,2.0,13055,M,4324030.0,539743.0,13
201800009123,18,6,5,1645,1,2,1,1.0,6.0,13055,M,4328407.0,543584.0,13
201800009124,18,6,5,1640,1,2,3,1.0,3.0,13055,M,4333065.0,542752.0,13
201800009125,18,6,5,1910,1,2,3,1.0,3.0,13055,M,4327230.0,539972.0,13
201800009126,18,6,5,2250,5,2,1,1.0,2.0,13055,M,4332034.0,537725.0,13
201800009127,18,6,5,1945,5,2,2,1.0,3.0,13055,M,4329870.0,539871.0,13
201800009128,18,6,5,2230,5,2,1,1.0,7.0,13055,M,4330335.0,540470.0,13
201800009129,18,6,6,15,5,2,1,2.0,4.0,13055,M,4327901.0,542252.0,13
201800009130,18,6,6,1000,1,2,1,1.0,6.0,13055,M,4325938.0,539413.0,13
201800009131,18,6,6,1515,1,2,1,1.0,6.0,13055,M,4323493.0,536010.0,13
201800009132,18,6,6,1800,1,2,1,1.0,6.0,13055,M,4326494.0,540379.0,13
201800009133,18,6,6,2203,5,2,3,1.0,2.0,13055,M,4331943.0,539210.0,13
201800009134,18,6,6,2230,5,2,3,1.0,3.0,13055,M,4328523.0,539077.0,13
201800009135,18,6,7,1145,1,2,1,1.0,6.0,13055,M,4328649.0,537736.0,13
201800009136,18,6,7,1610,1,2,1,2.0,2.0,13055,M,4326614.0,540842.0,13
201800009137,18,6,8,935,1,2,1,1.0,7.0,13055,M,4325000.0,542000.0,13
201800009138,18,6,8,1050,1,2,4,1.0,3.0,13055,M,4326197.0,537500.0,13
201800009139,18,6,8,1555,1,2,1,1.0,2.0,13055,M,4330318.0,538614.0,13
201800009140,18,6,8,1755,1,2,1,1.0,2.0,13055,M,4325226.0,539136.0,13
201800009141,18,5,30,115,5,2,1,2.0,6.0,13055,M,4328446.0,534968.0,13
201800009142,18,6,8,2030,1,2,1,1.0,6.0,13055,M,4331785.0,546003.0,13
201800009143,18,6,9,340,5,2,1,1.0,2.0,13055,M,4330223.0,539522.0,13
201800009144,18,6,9,545,2,2,4,1.0,1.0,13055,M,4333916.0,535712.0,13
201800009145,18,6,9,640,2,2,6,1.0,2.0,13055,M,4333076.0,541031.0,13
201800009146,18,6,9,1430,1,2,6,1.0,3.0,13055,M,4325417.0,538168.0,13
201800009147,18,6,9,1430,1,2,9,1.0,6.0,13055,M,4336590.0,535368.0,13
201800009148,18,6,9,2105,2,2,3,1.0,6.0,13055,M,4329563.0,536638.0,13
201800009149,18,6,9,330,5,2,1,1.0,6.0,13055,M,4326690.0,537247.0,13
201800009150,18,6,10,1500,1,2,1,1.0,2.0,13055,M,4331885.0,545941.0,13
201800009151,18,6,10,1400,1,1,1,1.0,3.0,13055,M,4323733.0,549857.0,13