Num_Acc,an,mois,jour,hrmn,lum,agg,int,atm,col,com,gps,lat,long,dep
201800009152,18,6,10,1515,1,2,1,1.0,3.0,13055,M,4336344.0,535715.0,13
201800009153,18,6,10,1830,1,2,9,1.0,1.0,13055,M,4327983.0,540000.0,13
201800009154,18,6,8,1100,1,2,2,1.0,6.0,13055,M,4329514.0,537849.0,13
201800009155,18,6,8,1240,1,2,4,1.0,2.0,13055,M,4330375.0,540699.0,13
201800009156,18,6,11,540,5,2,2,3.0,3.0,13075,M,4334723.0,546345.0,13
201800009157,18,6,11,1400,1,2,1,8.0,3.0,13055,M,4331979.0,537786.0,13
201800009158,18,6,11,1615,1,2,9,1.0,2.0,13055,M,4331188.0,546424.0,13
201800009159,18,6,11,1610,1,2,1,1.0,6.0,13055,M,4329162.0,537844.0,13
201800009160,18,6,11,1900,1,2,2,1.0,3.0,13055,M,4331431.0,536973.0,13
201800009161,18,6,11,1915,1,2,4,1.0,3.0,13055,M,4331141.0,546456.0,13
201800009162,18,6,12,845,1,2,1,1.0,6.0,13055,M,4327978.0,541613.0,13
201800009163,18,6,12,910,1,2,2,1.0,3.0,13055,M,4330514.0,538059.0,13
201800009164,18,6,12,1140,1,2,1,1.0,1.0,13075,M,4335473.0,546627.0,13
201800009165,18,6,12,845,1,2,1,1.0,6.0,13055,M,4324546.0,539746.0,13
201800009166,18,6,12,1430,1,2,4,1.0,7.0,13055,M,4330417.0,541207.0,13
201800009167,18,6,10,1110,1,2,2,1.0,3.0,13055,M,4328445.0,538058.0,13
201800009168,18,6,13,1330,1,2,1,1.0,6.0,13055,M,4329964.0,537760.0,13
201800009169,18,6,13,1730,1,2,3,1.0,3.0,13055,M,4333038.0,541240.0,13
201800009170,18,6,14,1110,1,2,1,1.0,3.0,13055,M,4330896.0,540048.0,13
201800009171,18,6,14,1740,1,2,1,1.0,6.0,13055,M,4328656.0,549891.0,13
201800009172,18,6,14,2050,2,2,6,1.0,2.0,13055,M,4330376.0,547290.0,13
201800009173,18,6,14,2130,2,2,1,1.0,7.0,13055,M,4327861.0,536283.0,13
201800009174,18,6,15,110,5,2,1,1.0,2.0,13055,M,4329624.0,540029.0,13
201800009175,18,6,14,2315,5,2,9,1.0,2.0,13055,M,4328033.0,538685.0,13
201800009176,18,6,15,1030,1,2,3,1.0,6.0,13055,M,4327752.0,539919.0,13
201800009177,18,6,15,1110,1,2,6,1.0,3.0,13055,M,4330070.0,550328.0,13
201800009178,18,6,15,2109,2,2,1,1.0,6.0,13055,M,4330353.0,539761.0,13
201800009179,18,6,15,2100,1,2,2,1.0,1.0,13055,M,4334252.0,535966.0,13
201800009180,18,6,16,608,1,2,1,1.0,2.0,13055,M,4326353.0,541071.0,13
201800009181,18,6,16,1130,1,2,1,1.0,6.0,13055,M,4327024.0,540255.0,13
201800009182,18,6,16,1500,1,2,4,1.0,3.0,13055,M,4327575.0,539551.0,13
201800009183,18,6,16,2230,5,2,1,1.0,6.0,13055,M,4326789.0,538449.0,13
201800009184,18,6,17,1200,1,2,1,1.0,2.0,13055,M,4326344.0,537720.0,13
201800009185,18,6,17,2000,1,2,1,1.0,7.0,13055,M,4329861.0,543110.0,13
201800009186,18,6,17,2345,5,2,1,1.0,3.0,13055,M,4327088.0,540215.0,13
201800009187,18,6,18,810,1,2,1,1.0,6.0,13055,M,4331189.0,540514.0,13
201800009188,18,6,18,920,1,2,1,1.0,2.0,13055,M,4326257.0,539312.0,13
201800009189,18,6,18,1220,1,2,1,1.0,2.0,13055,M,4328576.0,542578.0,13
201800009190,18,6,18,1545,1,2,1,1.0,7.0,13055,M,4326149.0,538755.0,13
201800009191,18,6,18,1600,1,2,1,1.0,1.0,13055,M,4333540.0,539999.0,13
201800009192,18,6,18,2215,5,2,1,1.0,3.0,13055,M,4325787.0,537613.0,13
201800009193,18,6,19,807,1,2,1,7.0,6.0,13055,M,4328885.0,536091.0,13
201800009194,18,6,19,735,1,2,1,7.0,6.0,13055,M,4329017.0,544174.0,13
201800009195,18,6,19,1600,1,2,1,1.0,3.0,13055,M,4332660.0,535830.0,13
201800009196,18,6,19,1600,1,1,3,1.0,3.0,13055,M,4323379.0,539961.0,13
201800009197,18,6,19,1815,1,2,1,1.0,7.0,13055,M,4328278.0,542409.0,13
201800009198,18,6,19,1900,1,2,6,1.0,6.0,13055,M,4325027.0,538868.0,13
201800009199,18,6,20,445,5,2,6,1.0,7.0,13055,M,4325434.0,537632.0,13
201800009200,18,6,20,1015,1,2,3,1.0,6.0,13055,M,4327593.0,541742.0,13
201800009201,18,6,20,830,1,2,1,1.0,3.0,13055,M,4327269.0,540090.0,13
201800009202,18,6,19,1430,1,2,1,1.0,1.0,13055,M,4332977.0,539370.0,13
201800009203,18,6,20,1000,1,2,1,1.0,4.0,13055,M,4331538.0,540210.0,13
201800009204,18,6,19,1300,1,2,1,1.0,3.0,13055,M,4328590.0,538351.0,13
201800009205,18,6,20,1745,1,2,1,1.0,4.0,13055,M,4329232.0,544935.0,13
201800009206,18,6,20,1635,1,2,2,1.0,3.0,13055,M,4328829.0,539521.0,13
201800009207,18,6,20,1848,1,2,1,1.0,6.0,13055,M,4332609.0,537710.0,13
201800009208,18,6,16,2330,5,2,9,1.0,5.0,13055,M,4326365.0,537797.0,13
201800009209,18,6,21,510,2,2,1,1.0,2.0,13055,M,4329629.0,537756.0,13
201800009210,18,6,21,815,1,2,1,1.0,5.0,13055,M,4332721.0,542630.0,13
201800009211,18,6,21,850,1,2,3,1.0,2.0,13055,M,4331506.0,544636.0,13
201800009212,18,6,12,1900,1,2,1,1.0,6.0,13055,M,4328402.0,539030.0,13
201800009213,18,6,21,1900,1,2,1,1.0,3.0,13055,M,4328381.0,538220.0,13
201800009214,18,6,21,2325,5,2,6,1.0,6.0,13055,M,4336990.0,534580.0,13
201800009215,18,6,21,1935,1,2,6,1.0,2.0,13055,M,4329557.0,548892.0,13
201800009216,18,6,22,1330,1,2,1,1.0,6.0,13055,M,4327084.0,540814.0,13
201800009217,18,6,22,1400,1,2,1,1.0,1.0,13055,M,4326835.0,541456.0,13
201800009218,18,6,22,1545,1,2,1,1.0,4.0,13055,M,4330435.0,541352.0,13
201800009219,18,6,23,1730,1,2,1,1.0,2.0,13055,M,4324588.0,541686.0,13
201800009220,18,6,23,1700,1,2,1,1.0,2.0,13055,M,4329628.0,540030.0,13
201800009221,18,6,23,2010,1,2,3,1.0,2.0,13055,M,4331253.0,538886.0,13
201800009222,18,6,23,2015,2,2,1,1.0,6.0,13055,M,4329824.0,536593.0,13
201800009223,18,6,23,2150,5,2,1,1.0,2.0,13055,M,4329110.0,538240.0,13
201800009224,18,6,24,445,5,2,1,1.0,6.0,13055,M,4329479.0,549023.0,13
201800009225,18,6,24,944,1,2,2,1.0,1.0,13055,M,4327663.0,541870.0,13
201800009226,18,6,25,15,5,2,1,1.0,3.0,13055,M,4330001.0,547524.0,13
201800009227,18,6,25,900,1,2,9,1.0,3.0,13055,M,4331128.0,537028.0,13
201800009228,18,6,25,920,1,2,1,1.0,6.0,13055,M,4330204.0,540254.0,13
201800009229,18,6,25,1210,1,2,6,1.0,4.0,13055,M,4328520.0,542571.0,13
201800009230,18,6,25,1140,1,2,1,1.0,2.0,13055,M,4328914.0,546839.0,13
201800009231,18,6,25,1640,1,2,1,1.0,3.0,13055,M,4329517.0,542470.0,13
201800009232,18,6,25,1700,1,2,1,1.0,3.0,13055,M,4327082.0,539217.0,13
201800009233,18,6,26,925,1,2,1,1.0,2.0,13055,M,4332160.0,541122.0,13
201800009234,18,6,26,930,1,2,1,1.0,2.0,13055,M,4328200.0,543377.0,13
201800009235,18,6,26,1320,1,2,1,1.0,6.0,13055,M,4327519.0,538447.0,13
201800009236,18,6,25,1910,1,2,1,1.0,3.0,13055,M,4333867.0,539163.0,13
201800009237,18,6,26,1158,1,2,2,1.0,3.0,13055,M,4330175.0,538248.0,13
201800009238,18,6,26,1530,1,2,3,1.0,3.0,13055,M,4329696.0,537369.0,13
201800009239,18,6,26,1400,1,2,1,1.0,3.0,13055,M,4328896.0,535411.0,13
201800009240,18,6,26,1530,1,2,9,1.0,3.0,13055,M,4331524.0,540357.0,13
201800009241,18,6,26,2220,5,2,9,1.0,3.0,13055,M,4331260.0,540440.0,13
201800009242,18,6,26,2128,5,2,3,1.0,3.0,13055,M,4328538.0,538770.0,13
201800009243,18,6,27,1345,1,2,1,1.0,4.0,13055,M,4328763.0,546498.0,13
201800009244,18,6,27,1630,1,2,1,1.0,3.0,13055,M,4325666.0,538263.0,13
201800009245,18,6,27,1615,1,2,1,1.0,3.0,13055,M,4331863.0,540398.0,13
201800009246,18,6,27,1730,1,2,1,1.0,6.0,13055,M,4329780.0,537295.0,13
201800009247,18,6,27,1725,1,2,3,1.0,3.0,13055,M,4330452.0,537613.0,13
201800009248,18,6,28,905,1,2,1,1.0,6.0,13055,M,4331521.0,540257.0,13
201800009249,18,6,28,1100,1,2,1,1.0,4.0,13055,M,4326736.0,539792.0,13
201800009250,18,6,28,1340,1,2,1,1.0,1.0,13055,M,4332695.0,543200.0,13
201800009251,18,6,28,1230,1,2,1,2.0,2.0,13055,M,4333610.0,541002.0,13
201800009252,18,6,28,1445,1,2,2,1.0,6.0,13055,M,4331397.0,540596.0,13
201800009253,18,6,28,1550,1,2,1,1.0,3.0,13055,M,4330810.0,537675.0,13
201800009254,18,6,28,1845,1,2,1,1.0,4.0,13055,M,4329200.0,535796.0,13
201800009255,18,6,28,2005,1,2,4,1.0,3.0,13055,M,4333588.0,539859.0,13
201800009256,18,6,29,2315,5,2,1,1.0,6.0,13055,M,4328295.0,539088.0,13
201800009257,18,6,29,1420,1,2,1,1.0,6.0,13055,M,4334580.0,538196.0,13
201800009258,18,6,29,1225,1,2,3,1.0,5.0,13055,M,4328645.0,538552.0,13
201800009259,18,5,29,1710,1,2,1,1.0,7.0,13055,M,4331878.0,545945.0,13
201800009260,18,6,29,1850,1,2,3,1.0,6.0,13055,M,4329460.0,537628.0,13
201800009261,18,6,29,1600,1,2,9,1.0,3.0,13055,M,4326346.0,540456.0,13
201800009262,18,6,29,1800,1,2,1,1.0,2.0,13055,M,4335095.0,537409.0,13
201800009263,18,6,29,2000,1,2,1,1.0,3.0,13055,M,4327470.0,539998.0,13
201800009264,18,6,29,2156,5,2,1,1.0,7.0,13055,M,4330278.0,543782.0,13
201800009265,18,6,25,1410,1,2,6,1.0,3.0,13055,M,4327220.0,539120.0,13
201800009266,18,6,22,1530,1,2,1,1.0,7.0,13055,M,4328534.0,541311.0,13
201800009267,18,6,30,1155,1,2,9,1.0,1.0,13055,M,4332200.0,537460.0,13
201800009268,18,6,30,2240,5,2,9,1.0,1.0,13055,M,4332350.0,538911.0,13
201800009269,18,6,30,2100,2,2,2,1.0,3.0,13055,M,4329886.0,539125.0,13
201800009270,18,7,1,230,4,2,1,1.0,5.0,13055,M,4329793.0,540093.0,13
201800009271,18,7,2,1,5,2,1,1.0,6.0,13055,M,4326515.0,541033.0,13
201800009272,18,7,2,325,5,2,1,1.0,6.0,13055,M,4329154.0,540052.0,13
201800009273,18,7,2,955,1,2,1,1.0,2.0,13055,M,4328140.0,539043.0,13
201800009274,18,7,2,915,1,2,1,1.0,7.0,13055,M,4324324.0,539666.0,13
201800009275,18,7,2,1135,1,2,3,1.0,6.0,13055,M,4328911.0,538417.0,13
201800009276,18,7,2,830,1,2,1,1.0,3.0,13055,M,4333223.0,543253.0,13
201800009277,18,7,2,1245,1,2,1,1.0,2.0,13055,M,4330462.0,536624.0,13
201800009278,18,7,2,1500,1,2,7,1.0,6.0,13055,M,4331219.0,538639.0,13
201800009279,18,7,2,1745,1,2,1,1.0,6.0,13055,M,4329010.0,537438.0,13
201800009280,18,7,3,930,1,2,6,1.0,3.0,13055,M,4331687.0,543675.0,13
201800009281,18,6,28,608,2,2,1,1.0,6.0,13055,M,4333267.0,542983.0,13
201800009282,18,7,2,1803,1,2,1,1.0,6.0,13055,M,4334062.0,536102.0,13
201800009283,18,7,3,1740,1,2,1,1.0,6.0,13055,M,4331082.0,537851.0,13
201800009284,18,7,3,1715,1,2,1,1.0,3.0,13055,M,4330282.0,539676.0,13
201800009285,18,7,1,515,5,2,1,1.0,3.0,13055,M,4328103.0,539573.0,13
201800009286,18,7,3,2215,5,2,1,1.0,6.0,13055,M,4328241.0,543048.0,13
201800009287,18,7,3,2240,5,2,2,1.0,3.0,13055,M,4329125.0,537326.0,13
201800009288,18,7,3,2200,5,2,1,1.0,2.0,13055,M,4327400.0,536216.0,13
201800009289,18,7,4,705,1,2,1,1.0,6.0,13055,M,4328693.0,539986.0,13
201800009290,18,7,4,730,1,2,3,1.0,3.0,13075,M,4335106.0,547173.0,13
201800009291,18,6,13,1830,1,2,1,1.0,6.0,13055,M,4330621.0,537391.0,13
201800009292,18,7,3,1925,1,2,9,1.0,6.0,13055,M,4324951.0,537502.0,13
201800009293,18,7,4,1130,1,2,1,1.0,3.0,13055,M,4333530.0,537464.0,13
201800009294,18,7,4,1200,1,2,1,1.0,4.0,13055,M,4328928.0,548116.0,13
201800009295,18,7,4,1330,1,2,2,1.0,3.0,13055,M,4333064.0,540482.0,13
201800009296,18,7,4,1500,1,2,1,1.0,1.0,13055,M,4323949.0,543819.0,13
201800009297,18,7,4,2200,5,2,1,1.0,3.0,13055,M,4333884.0,543039.0,13
201800009298,18,6,25,1000,1,2,1,1.0,4.0,13055,M,4334719.0,538229.0,13
201800009299,18,7,5,855,1,2,1,1.0,6.0,13055,M,4328852.0,535918.0,13
201800009300,18,7,5,800,1,2,1,1.0,3.0,13055,M,4328146.0,539188.0,13
201800009301,18,7,5,1300,1,2,1,1.0,7.0,13055,M,4322105.0,540759.0,13
201800009302,18,6,30,1245,1,2,1,3.0,6.0,13055,M,4332550.0,538067.0,13
201800009303,18,7,5,1545,1,2,1,1.0,3.0,13055,M,4328992.0,549451.0,13
201800009304,18,7,5,340,5,2,1,1.0,6.0,13055,M,4328422.0,534969.0,13
201800009305,18,7,6,840,1,2,1,9.0,3.0,13055,M,4330454.0,537608.0,13
201800009306,18,7,6,830,1,2,1,1.0,2.0,13055,M,4324649.0,539416.0,13
201800009307,18,7,6,1050,1,2,3,1.0,6.0,13055,M,4328013.0,542541.0,13
201800009308,18,7,6,1240,1,2,6,1.0,6.0,13055,M,4328612.0,538377.0,13
201800009309,18,7,6,1200,1,2,1,1.0,2.0,13055,M,4329788.0,544991.0,13
201800009310,18,7,6,1510,1,2,1,1.0,6.0,13055,M,4329489.0,537746.0,13
201800009311,18,7,6,1525,1,2,1,1.0,1.0,13055,M,4328196.0,540383.0,13
201800009312,18,7,6,1900,1,2,9,1.0,6.0,13055,M,4329489.0,538374.0,13
201800009313,18,7,6,1715,1,2,1,1.0,3.0,13055,M,4325966.0,539854.0,13
201800009314,18,7,6,2030,1,2,2,1.0,6.0,13055,M,4330633.0,541308.0,13
201800009315,18,7,7,1220,1,2,1,1.0,6.0,13055,M,4325007.0,538880.0,13
201800009316,18,7,7,1200,1,2,9,1.0,3.0,13055,M,4325800.0,539662.0,13
201800009317,18,7,7,1315,1,2,2,1.0,3.0,13055,M,4330459.0,539219.0,13
201800009318,18,7,7,1515,1,2,1,1.0,2.0,13055,M,4331350.0,543940.0,13
201800009319,18,7,7,1315,1,2,1,1.0,3.0,13055,M,4328274.0,543212.0,13
201800009320,18,7,7,1510,1,2,1,1.0,1.0,13055,M,4334041.0,543659.0,13
201800009321,18,7,7,1200,1,2,1,1.0,6.0,13055,M,4332883.0,540022.0,13
201800009322,18,7,7,1840,1,2,1,1.0,2.0,13055,M,4327432.0,539028.0,13
201800009323,18,7,8,100,5,2,1,1.0,3.0,13055,M,4327933.0,541490.0,13
201800009324,18,7,4,1855,1,2,6,1.0,6.0,13055,M,4333070.0,541081.0,13
201800009325,18,7,8,630,1,2,2,1.0,3.0,13055,M,4332627.0,537587.0,13
201800009326,18,7,8,1015,1,2,1,1.0,7.0,13055,M,4332258.0,541856.0,13
201800009327,18,7,8,1100,1,2,1,1.0,7.0,13055,M,4336859.0,534612.0,13
201800009328,18,7,8,1940,1,2,1,1.0,7.0,13055,M,4324634.0,542494.0,13
201800009329,18,7,8,1945,1,2,2,1.0,3.0,13055,M,4328336.0,541292.0,13
201800009330,18,7,8,2026,1,2,1,1.0,2.0,13055,M,4326818.0,537131.0,13
201800009331,18,7,5,1715,1,2,1,1.0,6.0,13055,M,4330386.0,536810.0,13
201800009332,18,7,9,910,1,2,6,1.0,3.0,13055,M,4325070.0,540383.0,13
201800009333,18,7,9,1910,1,2,3,1.0,6.0,13055,M,4326527.0,540895.0,13
201800009334,18,7,10,103,5,2,1,1.0,7.0,13055,M,4317580.0,522290.0,13
201800009335,18,7,10,1038,1,2,1,1.0,3.0,13055,M,4331002.0,546060.0,13
201800009336,18,7,10,1145,1,2,2,1.0,3.0,13055,M,4332870.0,536571.0,13
201800009337,18,7,10,1230,1,2,1,1.0,6.0,13055,M,4333325.0,539708.0,13
201800009338,18,7,10,1300,1,2,1,1.0,2.0,13055,M,4329101.0,541773.0,13
201800009339,18,7,9,1900,1,2,1,1.0,2.0,13055,M,4326300.0,537700.0,13
201800009340,18,7,10,2245,5,2,2,1.0,3.0,13055,M,4331427.0,536972.0,13
201800009341,18,7,11,135,5,2,1,1.0,2.0,13055,M,4329176.0,541318.0,13
201800009342,18,7,11,900,1,2,1,1.0,2.0,13055,M,4331452.0,546718.0,13
201800009343,18,7,11,1150,1,2,6,1.0,3.0,13055,M,4325363.0,538188.0,13
201800009344,18,7,11,1330,1,2,1,1.0,7.0,13055,M,4328200.0,540300.0,13
201800009345,18,7,11,1550,1,2,1,1.0,2.0,13055,M,4327294.0,539927.0,13
201800009346,18,7,11,1530,1,2,1,1.0,3.0,13055,M,4334000.0,542682.0,13
201800009347,18,7,11,1945,1,2,1,1.0,6.0,13055,M,4328124.0,540446.0,13
201800009348,18,7,12,40,5,2,3,1.0,3.0,13055,M,4328165.0,539146.0,13
201800009349,18,7,12,545,2,2,2,1.0,3.0,13055,M,4336103.0,533643.0,13
201800009350,18,7,12,1010,1,2,1,1.0,7.0,13055,M,4334820.0,535898.0,13
201800009351,18,7,12,1615,1,2,1,1.0,1.0,13075,M,4335459.0,545587.0,13
201800009352,18,7,12,1500,1,2,1,1.0,3.0,13055,M,4328127.0,539950.0,13
201800009353,18,7,12,1900,1,2,2,1.0,3.0,13055,M,4331534.0,540023.0,13
201800009354,18,7,12,1915,1,2,1,1.0,1.0,13055,M,,,13
201800009355,18,7,12,2350,5,2,3,1.0,3.0,13055,M,4330886.0,537078.0,13
201800009356,18,7,13,230,5,2,6,1.0,3.0,13055,M,4327229.0,539125.0,13
201800009357,18,7,13,10,5,2,6,1.0,7.0,13055,M,4332338.0,544874.0,13
201800009358,18,7,13,145,5,2,1,1.0,1.0,13055,M,4328522.0,539880.0,13
201800009359,18,7,13,610,2,2,3,1.0,3.0,13055,M,4334958.0,537521.0,13
201800009360,18,7,13,730,1,2,1,1.0,3.0,13055,M,4330280.0,540060.0,13
201800009361,18,7,13,945,1,2,1,1.0,2.0,13055,M,4326837.0,538697.0,13
201800009362,18,7,13,1400,1,2,1,1.0,7.0,13055,M,4331537.0,540208.0,13
201800009363,18,7,13,1620,1,2,2,1.0,6.0,13055,M,4330039.0,538078.0,13
201800009364,18,7,13,1615,1,2,1,1.0,3.0,13055,M,4333969.0,542049.0,13
201800009365,18,7,13,1730,1,2,2,1.0,3.0,13055,M,4330292.0,540059.0,13
201800009366,18,7,13,1655,1,2,1,1.0,6.0,13055,M,4335700.0,533777.0,13
201800009367,18,7,13,2000,2,2,1,1.0,3.0,13055,M,4333101.0,543174.0,13
201800009368,18,7,13,2145,2,2,1,1.0,3.0,13055,M,4328611.0,539185.0,13
201800009369,18,7,13,2315,5,2,1,1.0,7.0,13075,M,4334399.0,546471.0,13
201800009370,18,7,14,130,3,2,1,1.0,2.0,13055,M,4332482.0,538841.0,13
201800009371,18,7,14,550,1,2,1,1.0,3.0,13055,M,4331243.0,540418.0,13
201800009372,18,7,14,730,1,2,1,1.0,6.0,13055,M,4327097.0,542244.0,13
201800009373,18,7,14,1250,1,2,1,1.0,4.0,13055,M,4329390.0,540170.0,13
201800009374,18,7,14,1700,1,2,9,1.0,5.0,13055,M,4333229.0,536450.0,13
201800009375,18,7,14,1800,1,2,1,1.0,3.0,13055,M,4327341.0,540050.0,13
201800009376,18,7,14,1945,1,2,1,1.0,6.0,13055,M,4329611.0,542606.0,13
201800009377,18,7,14,2205,5,2,9,1.0,6.0,13055,M,4329888.0,537649.0,13
201800009378,18,7,15,1245,1,2,1,1.0,7.0,13055,M,4325736.0,541852.0,13
201800009379,18,7,15,1930,1,2,1,1.0,6.0,13055,M,4332622.0,537454.0,13
201800009380,18,7,15,2105,2,2,3,1.0,2.0,13055,M,4326454.0,537878.0,13
201800009381,18,7,16,900,1,2,6,1.0,2.0,13055,M,4337700.0,535971.0,13
201800009382,18,7,16,1230,1,2,1,3.0,6.0,13055,M,4328560.0,548030.0,13
201800009383,18,7,16,1420,1,2,1,3.0,2.0,13055,M,4333560.0,541842.0,13
201800009384,18,7,16,1440,1,2,9,3.0,6.0,13055,M,4329775.0,538097.0,13
201800009385,18,7,16,1540,1,2,3,2.0,2.0,13055,M,4336571.0,535684.0,13
201800009386,18,7,16,1840,1,2,1,1.0,3.0,13055,M,4333180.0,541650.0,13
201800009387,18,7,17,920,1,2,1,1.0,5.0,13055,M,4335333.0,536903.0,13
201800009388,18,7,17,1355,1,2,3,1.0,6.0,13055,M,4330897.0,538046.0,13
201800009389,18,7,17,1410,1,2,1,1.0,6.0,13055,M,4330145.0,538126.0,13
201800009390,18,7,17,1400,1,2,1,1.0,2.0,13055,M,4330959.0,540296.0,13
201800009391,18,7,17,1735,1,2,1,1.0,6.0,13055,M,4330025.0,538645.0,13
201800009392,18,7,18,1400,1,2,1,1.0,6.0,13055,M,4331222.0,536797.0,13
201800009393,18,7,18,1510,1,2,1,1.0,3.0,13055,M,4329253.0,536687.0,13
201800009394,18,7,18,1610,1,2,1,1.0,3.0,13055,M,4332300.0,540624.0,13
201800009395,18,7,18,1700,1,1,1,1.0,6.0,13055,M,4326759.0,538333.0,13
201800009396,18,7,18,2253,5,2,2,1.0,3.0,13055,M,4328671.0,539036.0,13
201800009397,18,7,18,2230,5,2,1,1.0,3.0,13055,M,4329480.0,538188.0,13
201800009398,18,7,19,150,5,2,1,1.0,6.0,13055,M,4329457.0,548114.0,13
201800009399,18,7,19,835,1,2,1,7.0,6.0,13055,M,4332757.0,536137.0,13
201800009400,18,7,19,1045,1,2,1,1.0,5.0,13055,M,4328994.0,549486.0,13
201800009401,18,7,19,1625,1,2,7,1.0,6.0,13055,M,4328365.0,539848.0,13
201800009402,18,7,19,2345,5,2,1,1.0,6.0,13055,M,4331665.0,539711.0,13
201800009403,18,7,20,910,1,2,1,1.0,6.0,13055,M,4328390.0,539041.0,13
201800009404,18,7,20,1230,1,2,2,1.0,3.0,13055,M,4329637.0,539152.0,13
201800009405,18,7,20,1525,1,2,9,1.0,2.0,13055,M,4327601.0,542641.0,13
201800009406,18,7,20,1750,1,2,1,1.0,6.0,13055,M,4332823.0,540561.0,13
201800009407,18,7,21,145,5,2,1,1.0,6.0,13055,M,4325893.0,538523.0,13
201800009408,18,7,21,320,5,2,2,1.0,6.0,13055,M,4329328.0,537684.0,13
201800009409,18,7,21,850,1,2,2,1.0,3.0,13055,M,4329171.0,537182.0,13
201800009410,18,7,18,1910,1,2,1,1.0,4.0,13055,M,4327471.0,536068.0,13
201800009411,18,7,21,1430,1,2,9,1.0,6.0,13055,M,4324010.0,536619.0,13
201800009412,18,7,21,1805,1,2,3,1.0,3.0,13055,M,4329562.0,542278.0,13
201800009413,18,7,22,120,5,2,1,1.0,3.0,13002,M,4333296.0,548330.0,13
201800009414,18,7,22,250,5,2,1,1.0,3.0,13055,M,4327576.0,539960.0,13
201800009415,18,7,22,1320,1,2,2,1.0,3.0,13055,M,4328935.0,535760.0,13
201800009416,18,7,22,2300,5,2,1,1.0,5.0,13055,M,4330231.0,537678.0,13
201800009417,18,7,23,1150,1,2,1,1.0,3.0,13055,M,4327130.0,538560.0,13
201800009418,18,7,23,1500,1,2,1,1.0,2.0,13055,M,4324620.0,537370.0,13
201800009419,18,7,23,1800,1,2,1,1.0,5.0,13055,M,4327430.0,539077.0,13
201800009420,18,7,24,1330,1,2,1,1.0,2.0,13055,M,4326643.0,538146.0,13
201800009421,18,7,24,1630,1,2,2,1.0,3.0,13055,M,4324029.0,538969.0,13
201800009422,18,7,24,1730,1,2,2,1.0,2.0,13055,M,4329218.0,540155.0,13
201800009423,18,7,24,2205,3,1,1,1.0,6.0,13055,M,4324666.0,544970.0,13
201800009424,18,7,24,2320,5,2,1,1.0,2.0,13055,M,4327998.0,539466.0,13
201800009425,18,7,25,200,5,2,1,1.0,3.0,13055,M,4325338.0,537595.0,13
201800009426,18,7,24,1800,1,2,1,1.0,6.0,13055,M,4325654.0,537656.0,13
201800009427,18,7,25,1720,1,2,2,1.0,3.0,13055,M,4329279.0,537967.0,13
201800009428,18,7,25,1710,1,2,1,1.0,2.0,13055,M,4328075.0,540741.0,13
201800009429,18,7,25,1816,1,2,1,1.0,3.0,13055,M,4328433.0,538802.0,13
201800009430,18,7,25,1730,1,2,1,1.0,5.0,13055,M,4327043.0,539247.0,13
201800009431,18,7,25,2030,1,2,3,1.0,3.0,13055,M,4329611.0,544769.0,13
201800009432,18,7,26,1300,1,2,1,1.0,6.0,13055,M,4331527.0,538819.0,13
201800009433,18,7,26,1630,1,2,1,1.0,4.0,13055,M,4331656.0,537447.0,13
201800009434,18,7,26,1800,1,2,6,1.0,3.0,13055,M,4325097.0,542206.0,13
201800009435,18,7,26,2055,1,2,3,1.0,3.0,13055,M,4333088.0,540752.0,13
201800009436,18,7,26,1050,1,2,3,1.0,5.0,13055,M,4328857.0,549901.0,13
201800009437,18,7,27,1240,1,2,1,1.0,7.0,13055,M,,,13
201800009438,18,7,28,155,5,2,1,1.0,1.0,13055,M,4333337.0,543923.0,13
201800009439,18,7,28,255,5,2,1,1.0,2.0,13055,M,4327000.0,536600.0,13
201800009440,18,7,28,930,1,2,1,1.0,2.0,13055,M,4326680.0,538240.0,13
201800009441,18,7,28,1243,1,2,1,1.0,3.0,13055,M,4328582.0,535085.0,13
201800009442,18,7,28,1700,1,2,6,1.0,2.0,13055,M,4335332.0,533753.0,13
201800009443,18,7,29,620,2,2,2,1.0,3.0,13055,M,4331791.0,544538.0,13
201800009444,18,7,29,1710,1,2,3,1.0,3.0,13055,M,4323423.0,540926.0,13
201800009445,18,7,29,1720,2,2,1,1.0,3.0,13055,M,4324593.0,541770.0,13
201800009446,18,7,29,2040,1,2,3,1.0,2.0,13055,M,4333690.0,536310.0,13
201800009447,18,7,29,2155,2,2,1,1.0,3.0,13055,M,4334360.0,536116.0,13
201800009448,18,7,30,710,2,2,2,1.0,3.0,13055,M,4330108.0,539129.0,13
201800009449,18,7,30,945,1,2,1,1.0,3.0,13055,M,4332642.0,542155.0,13
201800009450,18,7,30,1650,1,2,3,1.0,2.0,13055,M,4328883.0,546128.0,13
201800009451,18,7,30,1640,1,2,3,1.0,3.0,13055,M,4333038.0,541240.0,13
201800009452,18,7,30,1705,1,2,1,1.0,4.0,13055,M,4335532.0,528454.0,13
201800009453,18,7,30,2250,5,2,3,1.0,3.0,13055,M,4328302.0,543293.0,13
201800009454,18,7,31,18,5,2,1,1.0,6.0,13055,M,4330900.0,536950.0,13
201800009455,18,7,31,115,5,2,3,1.0,3.0,13055,M,4327036.0,539251.0,13
201800009456,18,7,31,530,4,2,1,1.0,6.0,13055,M,4327490.0,538962.0,13