Num_Acc,an,mois,jour,hrmn,lum,agg,int,atm,col,com,gps,lat,long,dep
201800009457,18,7,31,1020,1,2,1,1.0,6.0,13055,M,4330207.0,536853.0,13
201800009458,18,7,31,930,1,2,1,1.0,2.0,13055,M,4325388.0,542111.0,13
201800009459,18,7,31,1545,1,2,9,1.0,3.0,13055,M,4325052.0,539694.0,13
201800009460,18,7,31,1645,1,2,1,1.0,2.0,13055,M,4332718.0,542627.0,13
201800009461,18,7,31,1610,1,2,1,1.0,6.0,13075,M,4335079.0,546813.0,13
201800009462,18,7,31,2150,2,2,1,1.0,3.0,13055,M,4330306.0,540209.0,13
201800009463,18,8,1,250,5,2,1,1.0,1.0,13055,M,4323816.0,539567.0,13
201800009464,18,8,1,1145,1,2,9,1.0,3.0,13055,M,4327433.0,542677.0,13
201800009465,18,8,1,1300,1,2,1,1.0,6.0,13055,M,4328869.0,545755.0,13
201800009466,18,8,1,1415,1,2,1,1.0,6.0,13055,M,4331035.0,537689.0,13
201800009467,18,8,1,1935,1,2,1,1.0,6.0,13055,M,4329616.0,537059.0,13
201800009468,18,8,1,2025,1,2,1,1.0,3.0,13055,M,4329715.0,537979.0,13
201800009469,18,8,2,455,5,2,1,1.0,6.0,13055,M,4330090.0,536595.0,13
201800009470,18,8,2,1000,1,2,9,1.0,2.0,13055,M,4329917.0,545340.0,13
201800009471,18,8,2,815,1,2,9,1.0,3.0,13055,M,4328816.0,539520.0,13
201800009472,18,8,2,1200,1,2,1,1.0,2.0,13055,M,4330337.0,540454.0,13
201800009473,18,8,3,920,1,2,3,1.0,1.0,13055,M,4327416.0,543498.0,13
201800009474,18,8,3,850,1,2,2,1.0,3.0,13055,M,4330686.0,538369.0,13
201800009475,18,8,3,1240,1,2,1,1.0,3.0,13055,M,4324005.0,536624.0,13
201800009476,18,8,3,1405,1,2,1,1.0,3.0,13055,M,4326610.0,538136.0,13
201800009477,18,8,3,1710,1,2,1,1.0,6.0,13055,M,4329399.0,537372.0,13
201800009478,18,8,3,1815,1,2,1,1.0,6.0,13055,M,4329734.0,538030.0,13
201800009479,18,8,4,830,1,2,1,1.0,6.0,13055,M,4328532.0,539874.0,13
201800009480,18,8,4,1000,1,2,2,1.0,3.0,13055,M,4329118.0,538076.0,13
201800009481,18,8,4,1245,1,2,1,1.0,6.0,13055,M,,,13
201800009482,18,8,4,1425,1,2,3,1.0,3.0,13055,M,4332278.0,537453.0,13
201800009483,18,8,4,1900,1,2,1,1.0,1.0,13055,M,4325013.0,538905.0,13
201800009484,18,8,5,315,5,2,1,1.0,2.0,13055,M,,,13
201800009485,18,8,5,1930,1,2,1,1.0,7.0,13055,M,4332395.0,538418.0,13
201800009486,18,8,6,630,1,2,1,1.0,2.0,13055,M,4329989.0,537441.0,13
201800009487,18,8,6,945,1,2,9,1.0,1.0,13055,M,4331366.0,536584.0,13
201800009488,18,8,7,720,1,2,1,1.0,7.0,13055,M,4330485.0,539903.0,13
201800009489,18,8,7,1235,1,2,9,1.0,3.0,13055,M,4325060.0,540346.0,13
201800009490,18,8,7,2000,1,2,1,1.0,2.0,13055,M,4327469.0,536051.0,13
201800009491,18,8,7,1930,1,2,1,1.0,2.0,13055,M,4325000.0,537539.0,13
201800009492,18,8,7,2150,5,2,1,1.0,3.0,13055,M,4324621.0,538864.0,13
201800009493,18,8,7,2050,5,2,1,1.0,3.0,13055,M,4329648.0,537831.0,13
201800009494,18,8,7,2215,5,2,1,1.0,6.0,13055,M,4327406.0,536215.0,13
201800009495,18,8,7,2200,5,2,3,1.0,3.0,13055,M,4324726.0,540714.0,13
201800009496,18,8,8,810,1,2,1,1.0,4.0,13055,M,4332720.0,542625.0,13
201800009497,18,7,31,1750,1,2,1,1.0,3.0,13055,M,4324456.0,537244.0,13
201800009498,18,8,8,1515,1,2,3,1.0,3.0,13055,M,4331364.0,536523.0,13
201800009499,18,8,8,1715,1,2,3,1.0,3.0,13055,M,4328931.0,543639.0,13
201800009500,18,8,8,1745,1,2,1,1.0,3.0,13055,M,4332960.0,542842.0,13
201800009501,18,8,8,1930,1,2,9,1.0,6.0,13055,M,4330851.0,538095.0,13
201800009502,18,8,8,1915,1,2,1,1.0,1.0,13055,M,4334884.0,536309.0,13
201800009503,18,8,8,2200,5,2,3,1.0,3.0,13055,M,4336278.0,531679.0,13
201800009504,18,8,9,1015,1,2,1,3.0,7.0,13055,M,4335401.0,535212.0,13
201800009505,18,8,9,1700,1,2,3,1.0,3.0,13055,M,4333499.0,540062.0,13
201800009506,18,8,9,1800,1,2,1,2.0,2.0,13055,M,4329540.0,539489.0,13
201800009507,18,8,9,2140,5,2,3,1.0,1.0,13055,M,4322739.0,541567.0,13
201800009508,18,8,9,1045,1,2,1,8.0,6.0,13055,M,4360410.0,537531.0,13
201800009509,18,8,10,1700,1,2,3,1.0,3.0,13055,M,4327416.0,543498.0,13
201800009510,18,8,10,2010,2,2,2,1.0,2.0,13055,M,4329895.0,538815.0,13
201800009511,18,8,11,1,5,2,1,1.0,6.0,13055,M,4325069.0,537557.0,13
201800009512,18,8,10,2300,5,2,3,1.0,3.0,13055,M,4327222.0,541073.0,13
201800009513,18,8,11,1520,1,2,1,1.0,2.0,13055,M,4327405.0,540013.0,13
201800009514,18,8,11,1945,1,2,3,1.0,1.0,13055,M,4329167.0,541286.0,13
201800009515,18,8,11,2040,2,2,1,1.0,6.0,13055,M,4327432.0,536561.0,13
201800009516,18,8,12,110,5,2,1,1.0,3.0,13055,M,4328458.0,543704.0,13
201800009517,18,8,12,145,5,2,1,1.0,6.0,13055,M,4328961.0,549573.0,13
201800009518,18,8,12,210,5,2,3,1.0,3.0,13055,M,4328958.0,538240.0,13
201800009519,18,8,12,510,5,2,9,1.0,7.0,13055,M,4327704.0,539828.0,13
201800009520,18,8,12,1130,1,2,1,1.0,2.0,13055,M,4327081.0,536305.0,13
201800009521,18,8,12,1735,1,2,6,1.0,3.0,13055,M,4325452.0,537623.0,13
201800009522,18,8,12,2300,4,2,3,1.0,3.0,13055,M,4328563.0,540159.0,13
201800009523,18,8,13,800,1,2,1,2.0,7.0,13055,M,4327290.0,539110.0,13
201800009524,18,8,13,1040,1,2,2,8.0,6.0,13055,M,4331526.0,538933.0,13
201800009525,18,8,13,1530,1,2,3,1.0,2.0,13055,M,4331941.0,539206.0,13
201800009526,18,8,13,1600,1,2,6,1.0,7.0,13055,M,4325436.0,538220.0,13
201800009527,18,8,13,1700,1,2,1,1.0,3.0,13055,M,4329521.0,542288.0,13
201800009528,18,8,13,1900,2,2,2,1.0,3.0,13055,M,4331896.0,536775.0,13
201800009529,18,8,13,2000,5,2,1,1.0,6.0,13055,M,4332125.0,538988.0,13
201800009530,18,8,14,430,5,2,1,1.0,6.0,13055,M,4332884.0,540392.0,13
201800009531,18,8,14,835,1,2,1,1.0,6.0,13055,M,4324590.0,537414.0,13
201800009532,18,8,14,1400,1,2,1,1.0,7.0,13055,M,4326667.0,538976.0,13
201800009533,18,8,14,2045,2,2,1,1.0,2.0,13055,M,4332264.0,541886.0,13
201800009534,18,8,14,2130,5,2,1,1.0,7.0,13055,M,4323972.0,538767.0,13
201800009535,18,8,15,120,5,2,9,1.0,3.0,13055,M,4328649.0,538547.0,13
201800009536,18,8,14,1125,1,2,1,1.0,6.0,13055,M,4329606.0,543349.0,13
201800009537,18,8,6,1100,1,2,1,1.0,2.0,13055,M,4332688.0,535828.0,13
201800009538,18,8,15,1430,1,2,1,1.0,6.0,13055,M,,,13
201800009539,18,8,15,1615,1,2,1,1.0,6.0,13055,M,4327524.0,539563.0,13
201800009540,18,8,15,1700,1,2,1,1.0,7.0,13055,M,4324405.0,537114.0,13
201800009541,18,8,16,1200,1,2,1,1.0,6.0,13055,M,4327951.0,542364.0,13
201800009542,18,8,16,1300,1,2,9,1.0,2.0,13055,M,4328892.0,543026.0,13
201800009543,18,8,16,1830,1,2,1,1.0,6.0,13055,M,4329841.0,538093.0,13
201800009544,18,8,16,2021,1,2,3,1.0,1.0,13055,M,4334520.0,535460.0,13
201800009545,18,8,17,1445,1,2,1,1.0,3.0,13055,M,4327055.0,540239.0,13
201800009546,18,8,17,1825,1,2,3,1.0,3.0,13055,M,4329912.0,538159.0,13
201800009547,18,8,2,2100,2,2,1,1.0,7.0,13055,M,4327323.0,543664.0,13
201800009548,18,8,17,2000,5,2,6,1.0,6.0,13055,M,4332312.0,544894.0,13
201800009549,18,8,18,600,2,2,1,1.0,6.0,13055,M,4324669.0,544963.0,13
201800009550,18,8,18,1315,1,2,1,1.0,3.0,13055,M,4332491.0,542308.0,13
201800009551,18,8,18,1520,1,2,6,1.0,7.0,13055,M,4329966.0,550140.0,13
201800009552,18,8,18,1900,1,2,1,1.0,6.0,13055,M,4330906.0,538216.0,13
201800009553,18,8,18,2235,5,2,6,1.0,3.0,13055,M,4327259.0,539154.0,13
201800009554,18,8,19,45,5,2,1,1.0,6.0,13055,M,4324863.0,537486.0,13
201800009555,18,8,19,415,5,2,1,1.0,2.0,13055,M,4329716.0,537982.0,13
201800009556,18,8,19,1845,1,2,1,1.0,3.0,13055,M,4325119.0,542205.0,13
201800009557,18,8,20,1610,1,2,2,1.0,3.0,13055,M,4329213.0,536898.0,13
201800009558,18,8,20,1645,1,2,1,1.0,5.0,13055,M,4328593.0,547899.0,13
201800009559,18,8,20,1830,1,1,1,1.0,3.0,13055,M,4323775.0,549379.0,13
201800009560,18,8,20,2050,5,2,1,1.0,2.0,13055,M,4332636.0,535873.0,13
201800009561,18,8,21,1130,1,2,1,1.0,3.0,13055,M,4334094.0,538394.0,13
201800009562,18,8,21,1540,1,2,1,1.0,3.0,13055,M,4323830.0,536460.0,13
201800009563,18,8,21,1615,1,2,1,1.0,2.0,13055,M,4330292.0,540060.0,13
201800009564,18,8,21,2130,5,2,1,1.0,3.0,13055,M,4330890.0,537817.0,13
201800009565,18,8,18,1915,1,2,3,1.0,1.0,13055,M,4330958.0,540846.0,13
201800009566,18,7,4,2030,1,2,2,1.0,6.0,13055,M,4329883.0,540216.0,13
201800009567,18,8,6,2337,5,2,2,1.0,7.0,13055,M,4327623.0,538920.0,13
201800009568,18,8,22,1345,1,2,1,2.0,6.0,13055,M,4331859.0,536975.0,13
201800009569,18,8,22,1325,1,2,1,1.0,6.0,13055,M,4326011.0,537543.0,13
201800009570,18,8,23,130,5,2,1,1.0,6.0,13055,M,4332080.0,537630.0,13
201800009571,18,8,23,645,1,2,1,1.0,3.0,13055,M,4325891.0,539929.0,13
201800009572,18,8,23,850,1,2,2,1.0,6.0,13055,M,4330813.0,540306.0,13
201800009573,18,8,23,1330,1,2,1,1.0,2.0,13055,M,4329683.0,538117.0,13
201800009574,18,8,23,1600,1,2,1,1.0,6.0,13055,M,4326808.0,541834.0,13
201800009575,18,8,23,1710,1,2,1,1.0,6.0,13055,M,4327983.0,538761.0,13
201800009576,18,8,23,1710,1,2,3,1.0,2.0,13055,M,4333745.0,542091.0,13
201800009577,18,8,23,440,5,2,1,1.0,3.0,13055,M,4327853.0,539916.0,13
201800009578,18,8,24,135,5,2,1,1.0,6.0,13208,M,4325220.0,537590.0,13
201800009579,18,8,24,1230,1,2,1,1.0,5.0,13055,M,4327606.0,538409.0,13
201800009580,18,8,24,1220,1,2,1,1.0,6.0,13055,M,4327280.0,539178.0,13
201800009581,18,8,25,20,3,2,1,1.0,7.0,13055,M,4329779.0,537291.0,13
201800009582,18,8,25,830,1,2,1,1.0,6.0,13055,M,4327454.0,539449.0,13
201800009583,18,8,25,2045,5,2,9,1.0,3.0,13055,M,,,13
201800009584,18,8,25,2130,5,2,1,1.0,4.0,13055,M,4330765.0,550117.0,13
201800009585,18,8,25,2120,5,2,2,1.0,3.0,13055,M,4328954.0,537980.0,13
201800009586,18,8,26,1610,1,2,1,1.0,6.0,13055,M,4333338.0,536413.0,13
201800009587,18,8,26,1735,1,2,9,1.0,3.0,13055,M,4332869.0,536582.0,13
201800009588,18,8,26,2045,5,2,1,1.0,3.0,13055,M,4331496.0,541450.0,13
201800009589,18,8,26,2243,5,2,1,1.0,6.0,13055,M,4330191.0,537966.0,13
201800009590,18,8,27,830,1,2,1,1.0,3.0,13055,M,4331970.0,536900.0,13
201800009591,18,8,27,1100,1,2,2,1.0,6.0,13055,M,4328488.0,539071.0,13
201800009592,18,8,27,1030,1,2,1,1.0,2.0,13055,M,4330562.0,541850.0,13
201800009593,18,8,27,1230,1,2,3,1.0,3.0,13055,M,4326663.0,540818.0,13
201800009594,18,8,27,1505,1,2,2,1.0,1.0,13055,M,4330039.0,538068.0,13
201800009595,18,8,27,1545,1,2,2,1.0,3.0,13055,M,4331487.0,543911.0,13
201800009596,18,8,27,1500,1,2,3,1.0,6.0,13055,M,4332354.0,538911.0,13
201800009597,18,7,1,2330,5,2,3,1.0,7.0,13055,M,4328620.0,538460.0,13
201800009598,18,8,17,1850,2,2,3,1.0,6.0,13055,M,4329277.0,537484.0,13
201800009599,18,8,28,830,1,2,1,1.0,7.0,13055,M,4326484.0,537337.0,13
201800009600,18,8,28,1000,1,2,1,1.0,6.0,13055,M,4328128.0,543691.0,13
201800009601,18,8,28,1000,1,2,1,1.0,6.0,13055,M,4337220.0,535590.0,13
201800009602,18,8,27,1830,1,2,1,1.0,3.0,13055,M,4328095.0,539944.0,13
201800009603,18,8,28,1115,1,2,1,1.0,3.0,13055,M,4331867.0,537963.0,13
201800009604,18,8,28,1530,1,2,2,1.0,3.0,13055,M,4330791.0,537960.0,13
201800009605,18,8,28,2150,5,2,3,1.0,1.0,13055,M,4324550.0,541214.0,13
201800009606,18,8,29,810,1,2,1,1.0,3.0,13055,M,4328284.0,540872.0,13
201800009607,18,8,29,905,1,2,1,1.0,3.0,13055,M,4331480.0,539001.0,13
201800009608,18,8,29,1115,1,2,1,1.0,4.0,13055,M,4327089.0,542494.0,13
201800009609,18,8,29,1230,1,2,1,1.0,7.0,13055,M,4328600.0,547300.0,13
201800009610,18,8,29,1710,1,2,1,1.0,6.0,13055,M,4329582.0,542324.0,13
201800009611,18,8,29,1730,1,2,2,1.0,3.0,13055,M,4329402.0,539983.0,13
201800009612,18,8,29,2123,5,2,3,1.0,6.0,13055,M,4329532.0,537434.0,13
201800009613,18,8,20,130,5,2,1,1.0,6.0,13055,M,4327221.0,542136.0,13
201800009614,18,8,30,800,1,2,7,1.0,6.0,13055,M,4329078.0,537198.0,13
201800009615,18,8,30,800,1,2,9,1.0,4.0,13055,M,4328499.0,537439.0,13
201800009616,18,8,30,1100,1,2,1,1.0,6.0,13055,M,4326816.0,540368.0,13
201800009617,18,8,30,1250,1,2,1,1.0,6.0,13055,M,4329050.0,542096.0,13
201800009618,18,8,30,825,1,2,1,1.0,6.0,13055,M,4327865.0,535436.0,13
201800009619,18,8,30,1800,1,2,1,1.0,6.0,13055,M,4327961.0,541709.0,13
201800009620,18,8,30,345,5,2,2,1.0,3.0,13055,M,4326481.0,540937.0,13
201800009621,18,8,30,2220,5,2,7,1.0,7.0,13055,M,4331416.0,540486.0,13
201800009622,18,8,31,200,5,1,1,1.0,6.0,13055,M,4330770.0,550119.0,13
201800009623,18,8,31,900,1,2,1,1.0,7.0,13055,M,4331278.0,538628.0,13
201800009624,18,8,31,1415,1,2,1,1.0,5.0,13075,M,4334631.0,546239.0,13
201800009625,18,8,31,1515,1,2,3,1.0,3.0,13055,M,4330530.0,539155.0,13
201800009626,18,9,1,1050,1,2,3,1.0,3.0,13055,M,4331297.0,540196.0,13
201800009627,18,9,2,1,5,2,1,1.0,3.0,13055,M,4327201.0,541482.0,13
201800009628,18,9,2,505,5,2,9,1.0,6.0,13055,M,4329340.0,537451.0,13
201800009629,18,9,2,1245,1,2,1,1.0,6.0,13055,M,4323963.0,539261.0,13
201800009630,18,9,2,1230,1,2,1,1.0,3.0,13055,M,4329230.0,536619.0,13
201800009631,18,9,2,1345,1,2,1,1.0,3.0,13055,M,4330450.0,537628.0,13
201800009632,18,9,2,1430,1,2,2,1.0,3.0,13055,M,4330401.0,542254.0,13
201800009633,18,9,2,1850,1,2,6,1.0,3.0,13055,M,4336387.0,534191.0,13
201800009634,18,9,1,1900,1,2,1,1.0,2.0,13055,M,4333317.0,539897.0,13
201800009635,18,8,27,935,1,2,6,1.0,2.0,13055,M,4337309.0,535224.0,13
201800009636,18,9,1,1401,1,2,3,1.0,3.0,13055,M,4333321.0,543813.0,13
201800009637,18,9,3,1225,1,2,1,1.0,4.0,13055,M,4335370.0,533075.0,13
201800009638,18,9,4,2240,5,2,2,1.0,1.0,13055,M,4332639.0,542153.0,13
201800009639,18,9,4,715,1,2,1,1.0,1.0,13055,M,4324996.0,540293.0,13
201800009640,18,9,4,715,2,2,2,1.0,3.0,13055,M,4329975.0,540096.0,13
201800009641,18,9,4,730,2,2,1,1.0,6.0,13055,M,4328522.0,537453.0,13
201800009642,18,9,4,800,1,2,1,1.0,3.0,13055,M,4326600.0,538100.0,13
201800009643,18,9,4,950,1,2,6,1.0,3.0,13055,M,4332979.0,539369.0,13
201800009644,18,9,4,1330,1,2,1,1.0,3.0,13055,M,4330694.0,537495.0,13
201800009645,18,9,4,1600,1,2,1,1.0,6.0,13055,M,4332380.0,538449.0,13
201800009646,18,9,4,1040,1,1,1,1.0,3.0,13055,M,4331880.0,545944.0,13
201800009647,18,9,5,800,1,2,1,1.0,4.0,13002,M,4335660.0,548749.0,13
201800009648,18,9,5,1405,1,2,4,1.0,4.0,13055,M,4329800.0,543500.0,13
201800009649,18,9,5,1750,1,2,3,1.0,1.0,13055,M,4329349.0,540616.0,13
201800009650,18,9,5,2144,5,2,1,1.0,1.0,13055,M,4333520.0,540740.0,13
201800009651,18,9,6,845,1,2,1,1.0,4.0,13055,M,4330782.0,541343.0,13
201800009652,18,9,6,945,1,2,1,1.0,3.0,13055,M,4327628.0,539723.0,13
201800009653,18,9,5,1900,1,2,1,1.0,4.0,13055,M,4327499.0,538985.0,13
201800009654,18,9,5,1400,1,2,3,1.0,3.0,13055,M,4333766.0,539201.0,13
201800009655,18,9,6,1215,1,2,1,1.0,6.0,13055,M,4328204.0,538160.0,13
201800009656,18,9,6,1140,1,2,1,2.0,6.0,13055,M,4328548.0,548120.0,13
201800009657,18,9,6,1455,1,2,1,1.0,6.0,13055,M,4324732.0,540708.0,13
201800009658,18,9,6,1330,1,2,1,1.0,3.0,13055,M,4329895.0,540085.0,13
201800009659,18,9,6,1745,1,2,1,1.0,2.0,13055,M,4326798.0,539958.0,13
201800009660,18,9,6,1900,1,2,1,1.0,2.0,13055,M,4331378.0,546309.0,13
201800009661,18,9,6,2045,5,2,1,1.0,3.0,13055,M,4332792.0,542759.0,13
201800009662,18,9,6,1930,2,2,1,1.0,3.0,13055,M,4331704.0,537739.0,13
201800009663,18,9,6,2210,5,2,1,1.0,3.0,13055,M,4327545.0,535987.0,13
201800009664,18,9,6,2145,5,2,1,1.0,1.0,13002,M,4333721.0,547183.0,13
201800009665,18,9,6,2105,5,2,1,1.0,7.0,13055,M,4331627.0,540741.0,13
201800009666,18,9,7,840,1,2,1,1.0,7.0,13055,M,4325095.0,542208.0,13
201800009667,18,9,7,1300,1,2,3,1.0,6.0,13055,M,4329157.0,541052.0,13
201800009668,18,9,7,1444,1,2,1,1.0,3.0,13055,M,4329042.0,537729.0,13
201800009669,18,9,7,1720,1,2,2,1.0,3.0,13055,M,4330673.0,537413.0,13
201800009670,18,9,8,600,5,2,9,1.0,7.0,13055,M,4328233.0,539013.0,13
201800009671,18,9,8,1100,1,2,1,1.0,3.0,13055,M,4325928.0,539415.0,13
201800009672,18,9,8,1115,1,2,2,1.0,3.0,13055,M,4328766.0,537921.0,13
201800009673,18,9,8,1615,1,2,1,1.0,3.0,13055,M,4329682.0,538103.0,13
201800009674,18,9,8,1650,1,2,9,1.0,6.0,13055,M,4329380.0,548030.0,13
201800009675,18,9,8,1740,1,2,1,1.0,3.0,13055,M,4329057.0,547553.0,13
201800009676,18,9,8,2300,5,2,3,1.0,6.0,13055,M,4331785.0,541814.0,13
201800009677,18,9,9,1340,1,2,2,1.0,3.0,13055,M,4328441.0,538313.0,13
201800009678,18,9,9,1400,1,2,1,1.0,3.0,13055,M,4335960.0,531670.0,13
201800009679,18,9,9,1955,2,2,1,1.0,3.0,13055,M,4329562.0,545757.0,13
201800009680,18,9,10,640,2,2,2,1.0,3.0,13055,M,4330949.0,537264.0,13
201800009681,18,9,10,830,1,2,1,1.0,2.0,13055,M,4328217.0,542997.0,13
201800009682,18,9,10,830,1,2,1,1.0,6.0,13055,M,4331491.0,537254.0,13
201800009683,18,9,10,1430,1,2,9,1.0,1.0,13055,M,4327965.0,540403.0,13
201800009684,18,9,10,1600,1,2,1,1.0,5.0,13055,M,4331811.0,537909.0,13
201800009685,18,9,10,1700,1,2,1,1.0,6.0,13055,M,4332187.0,541204.0,13
201800009686,18,9,10,1630,1,2,2,1.0,1.0,13055,M,4331676.0,536913.0,13
201800009687,18,9,11,950,1,2,1,1.0,3.0,13055,M,4333824.0,537339.0,13
201800009688,18,9,10,1800,2,2,2,1.0,3.0,13055,M,4329270.0,540720.0,13
201800009689,18,5,9,1845,1,2,1,1.0,6.0,13055,M,4335656.0,535746.0,13
201800009690,18,9,11,1230,1,2,2,1.0,6.0,13055,M,4330106.0,541513.0,13
201800009691,18,9,11,1230,1,2,1,1.0,3.0,13055,M,4327982.0,538685.0,13
201800009692,18,9,11,1600,1,2,1,1.0,3.0,13055,M,4327390.0,536220.0,13
201800009693,18,9,11,1650,1,2,1,1.0,6.0,13055,M,4330438.0,540186.0,13
201800009694,18,9,11,1745,1,2,1,1.0,6.0,13055,M,4328598.0,537468.0,13
201800009695,18,9,11,1900,1,2,1,1.0,3.0,13055,M,4326757.0,537188.0,13
201800009696,18,9,11,1750,1,2,1,1.0,6.0,13055,M,4333642.0,536300.0,13
201800009697,18,9,12,815,1,2,1,1.0,3.0,13055,M,4328914.0,549697.0,13
201800009698,18,9,12,1120,1,2,1,1.0,6.0,13075,M,4334608.0,546522.0,13
201800009699,18,9,12,600,5,2,1,1.0,6.0,13055,M,4324981.0,542242.0,13
201800009700,18,9,12,1300,1,2,2,1.0,3.0,13055,M,4331520.0,540020.0,13
201800009701,18,9,11,1955,2,2,3,1.0,5.0,13055,M,4332657.0,543816.0,13
201800009702,18,9,12,1355,1,2,2,1.0,6.0,13055,M,4329460.0,539580.0,13
201800009703,18,9,13,815,1,2,1,1.0,2.0,13055,M,4326375.0,538955.0,13
201800009704,18,9,13,1700,1,2,1,1.0,2.0,13055,M,4327966.0,539911.0,13
201800009705,18,9,13,1730,1,2,9,1.0,3.0,13055,M,4333016.0,538901.0,13
201800009706,18,9,13,1900,1,2,9,1.0,3.0,13055,M,4325443.0,537642.0,13
201800009707,18,9,13,2115,5,2,2,1.0,3.0,13055,M,4329128.0,539330.0,13
201800009708,18,9,13,2130,5,2,1,1.0,3.0,13055,M,4329491.0,542700.0,13
201800009709,18,9,13,2028,5,2,1,1.0,6.0,13055,M,4330844.0,540242.0,13
201800009710,18,9,14,105,5,2,9,1.0,3.0,13055,M,4326183.0,537484.0,13
201800009711,18,9,14,230,5,2,1,1.0,6.0,13055,M,4331674.0,544142.0,13
201800009712,18,9,14,630,2,2,1,1.0,6.0,13055,M,4328896.0,543174.0,13
201800009713,18,9,14,840,1,2,1,1.0,6.0,13055,M,4328007.0,536475.0,13
201800009714,18,9,14,930,1,2,3,1.0,3.0,13055,M,4328161.0,542473.0,13
201800009715,18,9,13,1730,1,2,1,1.0,4.0,13055,M,4331719.0,546045.0,13
201800009716,18,9,14,1700,1,2,1,1.0,5.0,13055,M,4329646.0,548576.0,13
201800009717,18,9,15,1555,1,2,1,1.0,7.0,13075,M,4335150.0,547248.0,13
201800009718,18,9,15,1815,1,2,2,1.0,3.0,13055,M,4334775.0,535900.0,13
201800009719,18,9,16,106,5,2,2,1.0,6.0,13055,M,4327130.0,540923.0,13
201800009720,18,9,16,540,5,2,1,1.0,2.0,13055,M,4328752.0,538989.0,13
201800009721,18,9,16,1105,1,2,1,1.0,3.0,13055,M,4332943.0,536645.0,13
201800009722,18,9,17,100,5,2,1,1.0,3.0,13055,M,4328312.0,538960.0,13
201800009723,18,9,17,1330,1,2,9,1.0,5.0,13055,M,4328628.0,542961.0,13
201800009724,18,9,17,1445,1,2,1,1.0,6.0,13055,M,4327955.0,539094.0,13
201800009725,18,9,17,1540,1,2,1,1.0,2.0,13055,M,4329743.0,549648.0,13
201800009726,18,9,17,1815,1,2,3,1.0,2.0,13055,M,4328869.0,545966.0,13
201800009727,18,9,17,2325,5,2,3,1.0,3.0,13055,M,4326497.0,539140.0,13
201800009728,18,9,18,800,1,2,1,1.0,3.0,13055,M,4330751.0,550120.0,13
201800009729,18,9,18,830,1,2,1,1.0,6.0,13055,M,4328924.0,549818.0,13
201800009730,18,9,18,1205,1,2,1,1.0,3.0,13055,M,4327006.0,539205.0,13
201800009731,18,9,18,1430,1,2,1,1.0,2.0,13055,M,4329313.0,540156.0,13
201800009732,18,9,18,2220,5,2,1,1.0,3.0,13055,M,4327633.0,539732.0,13
201800009733,18,9,10,2050,5,2,1,1.0,3.0,13055,M,4328149.0,541266.0,13
201800009734,18,9,19,830,1,2,2,1.0,3.0,13055,M,4328922.0,537857.0,13
201800009735,18,9,19,1249,1,2,3,1.0,3.0,13055,M,4328157.0,540473.0,13
201800009736,18,9,19,1120,1,2,1,1.0,6.0,13055,M,4332977.0,536548.0,13
201800009737,18,9,19,1445,1,2,1,1.0,3.0,13055,M,4328037.0,540059.0,13
201800009738,18,9,18,1720,1,2,1,1.0,6.0,13055,M,4332623.0,537455.0,13
201800009739,18,9,18,2355,5,2,1,1.0,6.0,13055,M,4334831.0,535766.0,13
201800009740,18,9,16,1935,2,2,1,1.0,3.0,13055,M,4332342.0,538286.0,13
201800009741,18,9,20,930,1,2,1,1.0,3.0,13055,M,4327989.0,540710.0,13
201800009742,18,9,20,923,1,2,4,1.0,6.0,13055,M,4334313.0,539035.0,13
201800009743,18,9,20,1045,1,2,6,1.0,3.0,13002,M,4335595.0,548675.0,13
201800009744,18,9,20,1545,1,2,2,1.0,3.0,13055,M,4328867.0,537646.0,13
201800009745,18,9,20,1615,1,2,3,1.0,6.0,13055,M,4330726.0,539299.0,13
201800009746,18,9,20,1800,1,2,1,1.0,3.0,13055,M,4332808.0,543464.0,13
201800009747,18,9,20,1830,1,2,2,1.0,3.0,13055,M,4328659.0,539048.0,13
201800009748,18,9,20,1905,2,2,1,1.0,2.0,13055,M,4333056.0,537137.0,13
201800009749,18,9,20,2245,5,2,1,1.0,3.0,13055,M,4324661.0,537836.0,13
201800009750,18,9,21,230,5,2,1,1.0,6.0,13055,M,4327860.0,536790.0,13
201800009751,18,9,21,800,1,2,1,1.0,6.0,13055,M,4328130.0,537523.0,13
201800009752,18,9,21,755,1,2,3,1.0,3.0,13055,M,4330301.0,544689.0,13
201800009753,18,9,21,1200,1,2,2,1.0,3.0,13055,M,4329906.0,538449.0,13
201800009754,18,9,21,750,1,2,1,1.0,3.0,13055,M,4334271.0,541866.0,13
201800009755,18,9,21,925,1,2,4,1.0,3.0,13055,M,4333115.0,540615.0,13
201800009756,18,9,21,1255,1,2,3,1.0,3.0,13055,M,4328155.0,542692.0,13
201800009757,18,9,21,1530,1,2,1,1.0,6.0,13055,M,4334362.0,535951.0,13
201800009758,18,9,21,1345,1,2,1,1.0,3.0,13055,M,4328345.0,549891.0,13
201800009759,18,9,21,1650,1,2,1,1.0,6.0,13055,M,4338082.0,536419.0,13
201800009760,18,9,21,1640,1,2,9,1.0,6.0,13055,M,4334859.0,541595.0,13
201800009761,18,9,21,1430,1,2,1,1.0,6.0,13055,M,4334029.0,542325.0,13
201800009762,18,9,21,2030,5,2,1,1.0,2.0,13055,M,4328086.0,542152.0,13