Num_Acc,an,mois,jour,hrmn,lum,agg,int,atm,col,com,gps,lat,long,dep
201800009763,18,9,21,2200,5,2,1,1.0,6.0,13055,M,4327271.0,541172.0,13
201800009764,18,9,21,2255,5,2,1,1.0,6.0,13055,M,4332976.0,539385.0,13
201800009765,18,9,22,1145,1,2,1,1.0,2.0,13055,M,4324942.0,544401.0,13
201800009766,18,9,22,1540,1,2,1,1.0,6.0,13055,M,4329499.0,537444.0,13
201800009767,18,9,22,1910,2,2,1,1.0,2.0,13055,M,4334740.0,535556.0,13
201800009768,18,9,22,2230,5,2,5,1.0,3.0,13055,M,4333062.0,541021.0,13
201800009769,18,9,22,2115,5,2,1,1.0,3.0,13055,M,4327291.0,539925.0,13
201800009770,18,9,22,2153,3,2,1,1.0,6.0,13055,M,4329853.0,538471.0,13
201800009771,18,9,23,150,5,2,1,1.0,2.0,13002,M,4332522.0,548172.0,13
201800009772,18,9,23,530,5,2,9,1.0,3.0,13055,M,4328798.0,539446.0,13
201800009773,18,9,23,520,3,1,1,1.0,6.0,13055,M,4333641.0,535038.0,13
201800009774,18,9,23,1420,1,2,9,1.0,3.0,13055,M,4329120.0,538075.0,13
201800009775,18,9,23,1955,2,2,3,1.0,3.0,13055,M,4327134.0,538918.0,13
201800009776,18,9,24,1200,1,2,1,1.0,6.0,13055,M,4333370.0,536790.0,13
201800009777,18,9,24,1225,1,2,2,1.0,3.0,13055,M,4325887.0,539895.0,13
201800009778,18,9,15,1600,1,2,1,1.0,2.0,13055,M,4326927.0,536744.0,13
201800009779,18,9,24,1510,1,2,1,1.0,6.0,13055,M,4331236.0,538687.0,13
201800009780,18,9,24,1800,1,2,3,1.0,6.0,13055,M,4327501.0,538958.0,13
201800009781,18,9,20,2313,5,2,2,1.0,1.0,13055,M,4329575.0,540018.0,13
201800009782,18,9,24,2330,5,2,6,1.0,3.0,13055,M,4332853.0,543312.0,13
201800009783,18,9,25,420,5,2,1,1.0,6.0,13075,M,4333796.0,545300.0,13
201800009784,18,9,24,710,2,2,3,1.0,3.0,13055,M,4334703.0,536841.0,13
201800009785,18,9,25,750,1,2,4,1.0,3.0,13055,M,4329353.0,545240.0,13
201800009786,18,9,25,800,1,2,1,1.0,2.0,13055,M,4326071.0,540643.0,13
201800009787,18,9,25,1030,1,2,1,1.0,6.0,13055,M,4331955.0,543321.0,13
201800009788,18,9,24,1637,1,2,1,1.0,6.0,13055,M,4333791.0,540754.0,13
201800009789,18,9,25,1410,1,2,1,1.0,6.0,13055,M,4326644.0,539474.0,13
201800009790,18,9,25,1317,1,2,2,1.0,6.0,13055,M,4328672.0,538727.0,13
201800009791,18,9,25,1426,1,2,1,1.0,3.0,13055,M,4333372.0,543123.0,13
201800009792,18,9,25,1605,1,2,1,1.0,2.0,13055,M,4329554.0,547255.0,13
201800009793,18,9,25,1800,1,2,9,1.0,3.0,13055,M,4330874.0,537420.0,13
201800009794,18,9,25,1750,1,2,3,1.0,6.0,13055,M,4327409.0,541445.0,13
201800009795,18,9,25,2030,5,2,1,1.0,6.0,13055,M,4327506.0,539480.0,13
201800009796,18,9,21,1,5,2,1,1.0,6.0,13055,M,4327644.0,539745.0,13
201800009797,18,9,26,226,5,2,1,1.0,6.0,13055,M,4330555.0,540620.0,13
201800009798,18,9,26,800,1,2,3,1.0,3.0,13055,M,4929041.0,536382.0,13
201800009799,18,9,26,930,1,2,1,1.0,6.0,13055,M,4335829.0,531883.0,13
201800009800,18,9,26,930,1,2,6,1.0,3.0,13002,M,4332791.0,549036.0,13
201800009801,18,9,25,1650,1,2,1,1.0,6.0,13055,M,4328139.0,543444.0,13
201800009802,18,9,26,1350,1,2,1,1.0,3.0,13055,M,4330809.0,537675.0,13
201800009803,18,9,26,1402,1,2,2,1.0,3.0,13055,M,4328733.0,538908.0,13
201800009804,18,9,26,1535,1,2,2,1.0,3.0,13055,M,4328828.0,539275.0,13
201800009805,18,9,10,1110,1,2,1,1.0,6.0,13055,M,4337451.0,535569.0,13
201800009806,18,9,26,2145,3,1,1,1.0,7.0,13055,M,4324055.0,545199.0,13
201800009807,18,9,27,1555,1,2,1,1.0,2.0,13002,M,4333717.0,545999.0,13
201800009808,18,9,27,1530,1,2,1,1.0,3.0,13055,M,4330304.0,537860.0,13
201800009809,18,9,27,1630,1,2,1,1.0,7.0,13055,M,4335857.0,536523.0,13
201800009810,18,9,27,1625,1,2,1,1.0,6.0,13055,M,4329880.0,542170.0,13
201800009811,18,9,27,1615,1,2,1,1.0,4.0,13055,M,4324262.0,544666.0,13
201800009812,18,9,27,2015,5,2,1,1.0,1.0,13055,M,4329667.0,544845.0,13
201800009813,18,9,26,1220,1,2,1,1.0,2.0,13055,M,4330733.0,538023.0,13
201800009814,18,9,17,1715,1,2,1,1.0,3.0,13055,M,4329317.0,549333.0,13
201800009815,18,9,28,1430,1,2,1,1.0,3.0,13055,M,4336220.0,533639.0,13
201800009816,18,9,29,230,5,2,1,1.0,6.0,13055,M,4332981.0,540627.0,13
201800009817,18,9,29,1120,1,2,2,1.0,3.0,13055,M,4331160.0,537134.0,13
201800009818,18,9,29,1400,1,2,3,1.0,6.0,13055,M,4327874.0,538094.0,13
201800009819,18,9,28,1930,2,2,2,1.0,1.0,13055,M,4328207.0,536963.0,13
201800009820,18,9,29,345,5,2,6,1.0,6.0,13055,M,4325235.0,542178.0,13
201800009821,18,9,29,2000,5,2,3,1.0,3.0,13055,M,4328876.0,545948.0,13
201800009822,18,9,29,2200,5,2,1,1.0,3.0,13055,M,4327451.0,539730.0,13
201800009823,18,9,30,950,1,2,2,1.0,6.0,13055,M,4327593.0,541742.0,13
201800009824,18,9,30,1230,1,2,1,1.0,3.0,13055,M,4329521.0,540082.0,13
201800009825,18,9,30,1800,1,2,1,1.0,2.0,13055,M,4328857.0,545438.0,13
201800009826,18,10,1,230,4,2,1,1.0,6.0,13055,M,4327242.0,539120.0,13
201800009827,18,10,2,1050,1,2,2,1.0,6.0,13055,M,4329414.0,538600.0,13
201800009828,18,10,2,940,1,2,1,1.0,2.0,13055,M,4328875.0,539432.0,13
201800009829,18,10,2,735,1,2,3,1.0,3.0,13055,M,4334583.0,536618.0,13
201800009830,18,10,2,1230,1,2,1,1.0,6.0,13075,M,4334329.0,546240.0,13
201800009831,18,10,1,1730,1,2,1,6.0,6.0,13055,M,4329945.0,543825.0,13
201800009832,18,10,2,1520,1,2,7,1.0,7.0,13055,M,4329947.0,537139.0,13
201800009833,18,10,2,2210,5,2,3,1.0,6.0,13055,M,4325659.0,539403.0,13
201800009834,18,10,3,820,1,2,1,1.0,1.0,13055,M,4332863.0,538239.0,13
201800009835,18,10,3,850,1,2,1,1.0,6.0,13055,M,4330288.0,536758.0,13
201800009836,18,10,3,930,1,2,1,1.0,6.0,13055,M,4329754.0,540090.0,13
201800009837,18,10,3,1030,1,2,1,1.0,3.0,13055,M,4331820.0,545980.0,13
201800009838,18,10,3,1000,1,2,1,1.0,1.0,13055,M,4331366.0,546319.0,13
201800009839,18,10,1,1330,1,2,9,1.0,5.0,13055,M,4334350.0,536571.0,13
201800009840,18,10,3,1215,1,2,2,1.0,5.0,13055,M,4334829.0,536242.0,13
201800009841,18,10,3,1900,1,2,1,1.0,1.0,13055,M,4336776.0,533945.0,13
201800009842,18,10,3,1820,1,2,9,1.0,2.0,13055,M,4334015.0,534871.0,13
201800009843,18,10,3,2030,5,2,1,1.0,6.0,13055,M,4329420.0,537645.0,13
201800009844,18,10,3,2115,5,2,1,1.0,6.0,13055,M,4331930.0,546863.0,13
201800009845,18,10,4,730,1,2,1,1.0,2.0,13055,M,4327719.0,543659.0,13
201800009846,18,10,4,750,1,2,1,1.0,6.0,13055,M,4329546.0,548848.0,13
201800009847,18,10,4,1115,1,2,1,1.0,6.0,13055,M,4333249.0,541870.0,13
201800009848,18,10,4,1415,1,2,9,1.0,3.0,13055,M,4325070.0,540336.0,13
201800009849,18,10,4,1530,1,2,3,1.0,3.0,13055,M,4325628.0,540488.0,13
201800009850,18,10,4,2210,5,2,1,1.0,6.0,13055,M,4328037.0,540068.0,13
201800009851,18,10,5,25,5,2,3,1.0,3.0,13055,M,4333037.0,541239.0,13
201800009852,18,10,5,750,1,2,1,1.0,1.0,13055,M,4332050.0,539014.0,13
201800009853,18,10,5,815,1,2,3,1.0,3.0,13055,M,4331190.0,542957.0,13
201800009854,18,10,5,1015,1,2,1,1.0,5.0,13055,M,4329212.0,539486.0,13
201800009855,18,10,5,1130,1,2,3,1.0,6.0,13055,M,4328566.0,544203.0,13
201800009856,18,10,5,1440,1,1,3,1.0,1.0,13055,M,4329883.0,542107.0,13
201800009857,18,10,5,1550,1,2,1,1.0,3.0,13055,M,4326934.0,540231.0,13
201800009858,18,10,5,1505,1,2,3,1.0,6.0,13055,M,4329395.0,538676.0,13
201800009859,18,10,5,1640,1,2,4,1.0,3.0,13055,M,4331901.0,543151.0,13
201800009860,18,10,6,122,5,2,1,1.0,6.0,13055,M,4327265.0,536276.0,13
201800009861,18,10,6,415,5,2,9,1.0,6.0,13055,M,4329788.0,538197.0,13
201800009862,18,10,6,1000,1,2,6,1.0,3.0,13055,M,4325074.0,540379.0,13
201800009863,18,10,2,1130,1,2,9,1.0,7.0,13055,M,4328380.0,540179.0,13
201800009864,18,10,6,1130,1,2,2,1.0,3.0,13055,M,4329128.0,539335.0,13
201800009865,18,10,6,1540,1,2,1,1.0,3.0,13055,M,4327935.0,539932.0,13
201800009866,18,10,6,1945,5,2,9,1.0,2.0,13055,M,4329761.0,538751.0,13
201800009867,18,10,7,230,5,2,1,1.0,3.0,13055,M,4331103.0,536737.0,13
201800009868,18,10,7,1850,1,2,1,1.0,4.0,13055,M,4328012.0,537602.0,13
201800009869,18,10,7,2000,5,2,2,1.0,3.0,13055,M,4330773.0,537389.0,13
201800009870,18,10,7,2149,5,2,3,1.0,3.0,13055,M,4325484.0,539414.0,13
201800009871,18,10,8,820,1,2,1,1.0,5.0,13055,M,4328770.0,550690.0,13
201800009872,18,10,8,1245,1,2,3,1.0,6.0,13055,M,4329403.0,537421.0,13
201800009873,18,10,8,1815,2,2,1,2.0,3.0,13055,M,4332552.0,538817.0,13
201800009874,18,10,8,1940,5,2,1,8.0,7.0,13055,M,4328475.0,539270.0,13
201800009875,18,10,8,1850,5,2,1,2.0,2.0,13055,M,4329450.0,540121.0,13
201800009876,18,10,8,2100,5,2,1,1.0,2.0,13055,M,4337730.0,535650.0,13
201800009877,18,10,9,300,5,2,9,1.0,7.0,13055,M,4330801.0,539213.0,13
201800009878,18,10,9,210,5,2,1,1.0,6.0,13055,M,4329192.0,539320.0,13
201800009879,18,10,9,710,2,2,2,1.0,3.0,13055,M,4331501.0,538799.0,13
201800009880,18,10,9,1400,1,2,1,1.0,3.0,13055,M,4329379.0,537288.0,13
201800009881,18,10,9,1900,2,2,1,1.0,3.0,13055,M,4332349.0,538530.0,13
201800009882,18,10,10,1,4,2,3,1.0,3.0,13055,M,4329222.0,536321.0,13
201800009883,18,10,7,1600,1,2,3,1.0,3.0,13055,M,4333331.0,539902.0,13
201800009884,18,10,10,830,1,2,1,2.0,6.0,13055,M,4328324.0,538122.0,13
201800009885,18,10,9,1830,2,2,1,1.0,2.0,13055,M,4336042.0,533391.0,13
201800009886,18,10,10,2015,5,2,1,3.0,6.0,13055,M,4327569.0,539562.0,13
201800009887,18,10,10,1900,2,2,1,9.0,6.0,13055,M,4329269.0,536818.0,13
201800009888,18,10,11,810,1,2,1,1.0,6.0,13055,M,4327620.0,539950.0,13
201800009889,18,10,11,1200,1,2,1,1.0,2.0,13055,M,4334822.0,535898.0,13
201800009890,18,10,11,1415,1,2,6,1.0,1.0,13055,M,4330947.0,539041.0,13
201800009891,18,10,11,1715,1,2,9,1.0,4.0,13055,M,4328890.0,539471.0,13
201800009892,18,10,11,1535,1,2,3,1.0,6.0,13055,M,4329042.0,537577.0,13
201800009893,18,10,11,1730,1,2,1,1.0,6.0,13055,M,4334131.0,544322.0,13
201800009894,18,10,11,1830,1,2,1,1.0,6.0,13055,M,4328629.0,547968.0,13
201800009895,18,10,11,1930,2,2,1,8.0,3.0,13055,M,4328162.0,542472.0,13
201800009896,18,10,11,2345,5,2,1,1.0,2.0,13055,M,4329752.0,536302.0,13
201800009897,18,10,12,825,1,2,3,1.0,3.0,13055,M,4326366.0,538945.0,13
201800009898,18,10,12,853,1,2,6,1.0,3.0,13055,M,4332992.0,541022.0,13
201800009899,18,10,12,1130,1,2,7,1.0,2.0,13055,M,,,13
201800009900,18,10,11,1331,1,2,1,1.0,3.0,13055,M,4328879.0,546005.0,13
201800009901,18,10,12,1215,1,2,1,1.0,3.0,13055,M,4326694.0,539445.0,13
201800009902,18,10,12,1650,1,2,1,1.0,2.0,13055,M,4331799.0,537026.0,13
201800009903,18,10,13,615,3,2,2,1.0,3.0,13055,M,4329573.0,539076.0,13
201800009904,18,10,13,1630,1,2,1,1.0,3.0,13055,M,4329434.0,538200.0,13
201800009905,18,10,13,1515,1,2,1,1.0,2.0,13055,M,4331789.0,538043.0,13
201800009906,18,10,14,1130,1,2,1,1.0,2.0,13055,M,4330480.0,539808.0,13
201800009907,18,10,14,1955,5,2,2,1.0,3.0,13055,M,4332231.0,541271.0,13
201800009908,18,10,15,745,1,2,1,1.0,3.0,13055,M,4326890.0,542524.0,13
201800009909,18,10,15,1240,1,2,1,8.0,2.0,13055,M,4331243.0,545086.0,13
201800009910,18,10,15,1300,1,2,9,2.0,3.0,13001,M,4351379.0,545912.0,13
201800009911,18,10,15,1635,1,2,3,2.0,3.0,13055,M,4331401.0,540283.0,13
201800009912,18,10,15,1705,1,2,1,2.0,6.0,13055,M,4327820.0,538842.0,13
201800009913,18,10,15,1730,1,2,1,3.0,3.0,13055,M,4325508.0,540115.0,13
201800009914,18,10,15,1918,5,2,1,2.0,1.0,13055,M,4331661.0,538278.0,13
201800009915,18,10,15,1850,2,2,1,1.0,1.0,13055,M,4325016.0,542221.0,13
201800009916,18,10,15,2350,5,2,1,2.0,2.0,13055,M,4333162.0,543356.0,13
201800009917,18,10,16,700,5,2,2,2.0,3.0,13055,M,4331283.0,541798.0,13
201800009918,18,10,16,545,5,2,1,2.0,6.0,13055,M,4331520.0,540255.0,13
201800009919,18,10,16,800,1,1,1,2.0,3.0,13002,M,4332314.0,547033.0,13
201800009920,18,10,16,1705,1,2,1,8.0,3.0,13055,M,4329403.0,538672.0,13
201800009921,18,10,16,2335,5,2,1,2.0,6.0,13055,M,4326930.0,539312.0,13
201800009922,18,10,16,2315,4,2,6,1.0,6.0,13055,M,4335782.0,532096.0,13
201800009923,18,10,16,40,5,2,1,2.0,1.0,13055,M,4330673.0,537344.0,13
201800009924,18,10,17,815,1,2,1,8.0,6.0,13055,M,4337180.0,534850.0,13
201800009925,18,10,17,1145,1,2,1,1.0,3.0,13055,M,4329525.0,536341.0,13
201800009926,18,10,17,1600,1,2,1,1.0,3.0,13055,M,4328198.0,539088.0,13
201800009927,18,10,17,1925,5,2,9,3.0,6.0,13055,M,,,13
201800009928,18,10,18,2145,3,2,1,2.0,6.0,13055,M,4331693.0,543977.0,13
201800009929,18,10,18,25,5,2,2,2.0,3.0,13055,M,4328935.0,535760.0,13
201800009930,18,10,18,805,1,2,2,1.0,6.0,13055,M,4329608.0,538151.0,13
201800009931,18,10,18,828,1,2,1,1.0,7.0,13055,M,4331358.0,538262.0,13
201800009932,18,10,18,930,1,2,3,1.0,3.0,13002,M,4334278.0,548614.0,13
201800009933,18,10,18,1145,1,2,2,1.0,6.0,13055,M,4330645.0,537348.0,13
201800009934,18,10,18,1600,1,2,1,1.0,2.0,13055,M,4326102.0,539779.0,13
201800009935,18,10,18,1630,1,2,3,1.0,3.0,13055,M,4329694.0,537365.0,13
201800009936,18,10,18,1700,1,2,1,1.0,2.0,13055,M,4325936.0,541656.0,13
201800009937,18,10,18,1730,1,2,1,1.0,3.0,13055,M,4324448.0,538635.0,13
201800009938,18,10,18,2000,5,2,3,1.0,3.0,13002,M,4334319.0,548460.0,13
201800009939,18,10,19,1020,1,2,9,1.0,2.0,13055,M,4328359.0,538539.0,13
201800009940,18,10,19,930,1,2,1,1.0,2.0,13055,M,4328937.0,549645.0,13
201800009941,18,10,19,1415,1,2,1,1.0,6.0,13055,M,4332820.0,539821.0,13
201800009942,18,10,19,1132,1,2,6,1.0,5.0,13055,M,4328989.0,548028.0,13
201800009943,18,10,19,1500,1,2,9,1.0,2.0,13055,M,4330485.0,537303.0,13
201800009944,18,10,19,1600,1,2,2,1.0,3.0,13055,M,4329762.0,538104.0,13
201800009945,18,10,19,1600,1,2,1,1.0,3.0,13055,M,4329509.0,548143.0,13
201800009946,18,10,19,1730,1,2,1,1.0,6.0,13055,M,4333371.0,539551.0,13
201800009947,18,10,19,1600,1,2,1,1.0,4.0,13055,M,4333305.0,543709.0,13
201800009948,18,10,19,1545,1,2,1,1.0,3.0,13055,M,4330046.0,539960.0,13
201800009949,18,10,19,1950,5,2,1,1.0,6.0,13055,M,4332232.0,538100.0,13
201800009950,18,10,19,2000,2,2,1,1.0,2.0,13055,M,4329321.0,537113.0,13
201800009951,18,10,20,1050,1,2,1,1.0,6.0,13055,M,4334112.0,540975.0,13
201800009952,18,10,20,820,1,2,5,1.0,6.0,13055,M,4331380.0,540592.0,13
201800009953,18,10,20,1400,1,2,1,1.0,3.0,13055,M,4325850.0,541746.0,13
201800009954,18,10,7,1800,1,2,1,1.0,5.0,13055,M,4338249.0,536407.0,13
201800009955,18,10,21,1710,1,2,1,1.0,3.0,13055,M,4333236.0,536448.0,13
201800009956,18,10,21,1630,1,2,9,1.0,2.0,13055,M,4328351.0,549981.0,13
201800009957,18,10,21,1730,5,2,9,1.0,1.0,13055,M,4335901.0,534328.0,13
201800009958,18,10,22,845,2,1,1,1.0,6.0,13055,M,4323910.0,548570.0,13
201800009959,18,10,22,1000,1,2,6,1.0,6.0,13055,M,4328285.0,539237.0,13
201800009960,18,10,22,805,1,2,1,1.0,6.0,13055,M,4327956.0,541053.0,13
201800009961,18,10,22,1212,1,2,3,1.0,1.0,13055,M,4333209.0,535897.0,13
201800009962,18,10,22,1400,1,2,1,1.0,6.0,13055,M,4331276.0,537169.0,13
201800009963,18,10,22,1800,1,2,1,1.0,6.0,13055,M,4329728.0,538534.0,13
201800009964,18,10,22,1645,1,2,1,1.0,1.0,13055,M,4332360.0,541550.0,13
201800009965,18,10,22,1850,2,2,1,1.0,7.0,13055,M,4331346.0,537681.0,13
201800009966,18,10,22,1800,2,2,1,1.0,3.0,13055,M,4327400.0,540000.0,13
201800009967,18,10,22,2030,5,2,1,1.0,2.0,13055,M,4328032.0,539948.0,13
201800009968,18,10,23,915,1,2,1,1.0,3.0,13055,M,4328480.0,539310.0,13
201800009969,18,10,23,930,1,2,1,1.0,5.0,13055,M,4332473.0,538838.0,13
201800009970,18,10,23,805,1,2,1,1.0,2.0,13055,M,4326605.0,538132.0,13
201800009971,18,10,23,1000,1,2,3,1.0,2.0,13055,M,4329990.0,547201.0,13
201800009972,18,10,23,1000,1,2,1,1.0,6.0,13055,M,4327319.0,541259.0,13
201800009973,18,10,23,855,1,2,1,1.0,3.0,13055,M,4327194.0,539164.0,13
201800009974,18,10,23,1500,1,2,1,1.0,6.0,13055,M,4328984.0,538148.0,13
201800009975,18,10,24,20,5,2,3,1.0,3.0,13055,M,4328835.0,535306.0,13
201800009976,18,10,24,1300,1,2,2,1.0,3.0,13055,M,4328881.0,546134.0,13
201800009977,18,10,24,1130,1,2,1,1.0,5.0,13055,M,4330810.0,537675.0,13
201800009978,18,10,24,1416,1,2,2,1.0,6.0,13055,M,4334734.0,537839.0,13
201800009979,18,10,24,1550,1,2,1,1.0,6.0,13055,M,4337453.0,535570.0,13
201800009980,18,10,24,1515,1,2,1,1.0,3.0,13055,M,4324825.0,539708.0,13
201800009981,18,10,24,1800,2,2,1,1.0,4.0,13055,M,4324551.0,541294.0,13
201800009982,18,10,25,100,5,2,1,1.0,6.0,13055,M,4327166.0,540989.0,13
201800009983,18,10,25,938,1,2,9,1.0,6.0,13055,M,4329606.0,542573.0,13
201800009984,18,10,25,1115,1,2,9,1.0,6.0,13055,M,4332268.0,538938.0,13
201800009985,18,10,25,1350,1,2,1,1.0,3.0,13055,M,4325599.0,537652.0,13
201800009986,18,10,25,2220,5,2,1,1.0,2.0,13055,M,4333072.0,537188.0,13
201800009987,18,10,26,1200,1,2,1,1.0,4.0,13055,M,4331652.0,539697.0,13
201800009988,18,10,26,2200,5,2,2,1.0,1.0,13055,M,4333354.0,539626.0,13
201800009989,18,10,27,1150,1,2,1,2.0,3.0,13075,M,4333800.0,545300.0,13
201800009990,18,10,27,1430,1,2,2,1.0,3.0,13055,M,4328140.0,538324.0,13
201800009991,18,10,27,1720,1,2,2,2.0,6.0,13055,M,4330938.0,540299.0,13
201800009992,18,10,27,1930,3,2,1,2.0,6.0,13055,M,4332960.0,542990.0,13
201800009993,18,10,27,2035,5,2,3,2.0,1.0,13055,M,4328851.0,546238.0,13
201800009994,18,10,28,200,5,2,1,2.0,6.0,13055,M,4327025.0,536478.0,13
201800009995,18,10,28,530,5,2,1,2.0,6.0,13055,M,4332483.0,536712.0,13
201800009996,18,10,28,745,2,2,1,1.0,1.0,13055,M,4331987.0,538991.0,13
201800009997,18,10,28,1250,1,2,1,1.0,2.0,13055,M,4323646.0,539904.0,13
201800009998,18,10,28,1900,2,2,1,2.0,7.0,13055,M,4327167.0,540159.0,13
201800009999,18,10,27,1416,1,2,1,2.0,6.0,13055,M,4332612.0,542062.0,13
201800010000,18,10,28,1930,5,2,3,2.0,3.0,13055,M,4328583.0,544256.0,13
201800010001,18,10,28,2145,5,2,1,1.0,1.0,13055,M,4326474.0,539170.0,13
201800010002,18,10,28,2215,5,2,1,1.0,6.0,13055,M,4337451.0,535569.0,13
201800010003,18,10,29,20,5,2,1,1.0,2.0,13055,M,4333328.0,540316.0,13
201800010004,18,10,28,2340,5,2,2,1.0,3.0,13055,M,4329118.0,538077.0,13
201800010005,18,10,28,2355,5,2,1,2.0,6.0,13055,M,4329180.0,535898.0,13
201800010006,18,10,29,1050,1,2,1,8.0,3.0,13055,M,4333537.0,545423.0,13
201800010007,18,10,11,1840,1,2,5,1.0,3.0,13055,M,4326918.0,540297.0,13
201800010008,18,10,17,1630,1,2,1,1.0,2.0,13055,M,4329229.0,537500.0,13
201800010009,18,10,29,2030,5,2,1,3.0,1.0,13055,M,4333494.0,544358.0,13
201800010010,18,10,26,1815,2,2,1,1.0,3.0,13055,M,4323763.0,538773.0,13
201800010011,18,10,30,1350,1,2,1,1.0,2.0,13055,M,4332340.0,542008.0,13
201800010012,18,10,30,1840,5,2,1,1.0,6.0,13055,M,4328053.0,540794.0,13
201800010013,18,10,30,1930,5,2,1,1.0,3.0,13055,M,4329432.0,543198.0,13
201800010014,18,10,30,2325,3,2,1,2.0,5.0,13055,M,4329275.0,538244.0,13
201800010015,18,10,31,700,5,2,1,2.0,6.0,13055,M,4329983.0,537419.0,13
201800010016,18,11,1,1145,1,2,3,8.0,2.0,13055,M,4331892.0,542907.0,13
201800010017,18,11,1,1140,1,2,2,8.0,3.0,13055,M,4330621.0,537226.0,13
201800010018,18,11,1,1925,5,2,5,2.0,3.0,13055,M,4327738.0,539919.0,13
201800010019,18,11,1,2045,5,2,1,1.0,3.0,13055,M,4332446.0,536705.0,13
201800010020,18,11,2,1010,1,1,1,2.0,6.0,13055,M,4324085.0,545957.0,13
201800010021,18,11,2,1750,2,2,1,1.0,2.0,13055,M,4331561.0,536982.0,13
201800010022,18,11,3,615,2,2,1,1.0,2.0,13055,M,4329398.0,537380.0,13
201800010023,18,11,3,1050,1,2,9,1.0,6.0,13055,M,4329099.0,543160.0,13
201800010024,18,11,3,1430,1,2,4,1.0,3.0,13055,M,4335589.0,534630.0,13
201800010025,18,11,3,1500,1,2,1,1.0,2.0,13055,M,4329250.0,539489.0,13
201800010026,18,11,3,1525,1,2,1,1.0,7.0,13055,M,4334274.0,538615.0,13
201800010027,18,11,4,1240,1,2,1,8.0,3.0,13055,M,,,13
201800010028,18,11,4,1300,1,2,4,8.0,6.0,13055,M,4331703.0,537739.0,13
201800010029,18,11,4,1637,1,2,1,1.0,6.0,13055,M,4332856.0,536295.0,13
201800010030,18,11,4,1825,3,2,4,8.0,1.0,13055,M,4333085.0,540750.0,13
201800010031,18,11,4,1750,3,2,1,1.0,6.0,13055,M,4328769.0,545747.0,13
201800010032,18,11,4,2130,5,2,3,1.0,3.0,13055,M,4331456.0,544828.0,13
201800010033,18,11,4,1930,3,1,1,1.0,6.0,13055,M,4323985.0,545594.0,13
201800010034,18,11,4,2330,5,2,1,1.0,7.0,13055,M,4332820.0,539821.0,13
201800010035,18,11,5,1015,1,2,1,2.0,6.0,13055,M,4327455.0,538662.0,13
201800010036,18,11,5,915,1,2,2,1.0,3.0,13055,M,4327250.0,540111.0,13
201800010037,18,11,5,1520,1,2,1,2.0,2.0,13055,M,4328890.0,543143.0,13
201800010038,18,11,6,1500,1,2,1,2.0,2.0,13055,M,4330641.0,540092.0,13
201800010039,18,11,6,1830,2,2,1,8.0,6.0,13055,M,4327518.0,536608.0,13
201800010040,18,11,6,1840,5,2,1,1.0,6.0,13055,M,4327506.0,539537.0,13
201800010041,18,11,6,1630,1,2,1,2.0,6.0,13055,M,4333359.0,539898.0,13
201800010042,18,11,7,1840,5,2,1,2.0,2.0,13055,M,4325412.0,538300.0,13
201800010043,18,11,7,2050,5,2,9,2.0,6.0,13055,M,4329566.0,540015.0,13
201800010044,18,11,8,208,3,2,1,2.0,6.0,13055,M,4332011.0,537724.0,13
201800010045,18,11,8,945,1,2,1,1.0,1.0,13055,M,4329681.0,542753.0,13
201800010046,18,11,8,1415,1,2,9,1.0,6.0,13055,M,4331661.0,546910.0,13
201800010047,18,11,8,1320,1,2,3,1.0,3.0,13055,M,4327935.0,539273.0,13
201800010048,18,11,8,1900,5,2,3,1.0,2.0,13055,M,4332169.0,541344.0,13
201800010049,18,11,9,500,5,2,1,1.0,1.0,13055,M,4335829.0,534343.0,13
201800010050,18,11,10,503,5,2,1,2.0,1.0,13055,M,4328519.0,544046.0,13
201800010051,18,11,11,813,1,2,1,2.0,2.0,13055,M,4329844.0,538531.0,13
201800010052,18,11,11,1245,1,2,1,1.0,3.0,13055,M,4327867.0,539697.0,13
201800010053,18,11,11,1625,1,2,1,1.0,5.0,13055,M,4327209.0,539975.0,13
201800010054,18,11,11,1745,1,2,3,1.0,3.0,13055,M,4332142.0,538963.0,13
201800010055,18,11,12,1925,5,2,2,1.0,6.0,13055,M,4330988.0,540066.0,13
201800010056,18,11,12,800,1,2,1,1.0,3.0,13055,M,4325106.0,542206.0,13
201800010057,18,11,13,1615,1,2,1,1.0,3.0,13055,M,4324892.0,540178.0,13
201800010058,18,11,13,1630,1,2,1,1.0,2.0,13055,M,4329326.0,545492.0,13
201800010059,18,11,13,1810,5,2,3,1.0,3.0,13055,M,4331400.0,540283.0,13
201800010060,18,11,13,1900,5,2,2,1.0,3.0,13055,M,4335306.0,543804.0,13
201800010061,18,11,14,1015,1,2,1,1.0,3.0,13055,M,4333220.0,536453.0,13
201800010062,18,11,14,1515,1,2,7,1.0,6.0,13055,M,4328726.0,543251.0,13
201800010063,18,11,14,1945,2,2,1,1.0,5.0,13055,M,4327432.0,539985.0,13
201800010064,18,11,15,748,1,2,3,1.0,1.0,13075,M,4333963.0,545507.0,13
201800010065,18,11,15,1420,1,2,1,1.0,3.0,13055,M,4327227.0,539078.0,13