Num_Acc,an,mois,jour,hrmn,lum,agg,int,atm,col,com,gps,lat,long,dep
201800010066,18,11,12,2345,5,2,2,1.0,3.0,13055,M,4331120.0,537801.0,13
201800010067,18,11,15,1700,2,1,1,1.0,6.0,13002,M,4337531.0,553767.0,13
201800010068,18,11,15,2145,5,2,1,1.0,7.0,13055,M,4329246.0,537493.0,13
201800010069,18,11,15,1830,2,2,2,1.0,6.0,13055,M,4328409.0,538480.0,13
201800010070,18,11,16,745,2,2,3,1.0,6.0,13055,M,4328897.0,540004.0,13
201800010071,18,11,16,1215,1,2,1,1.0,6.0,13055,M,4330331.0,540057.0,13
201800010072,18,11,16,1145,1,2,1,1.0,6.0,13055,M,4328167.0,538612.0,13
201800010073,18,11,16,1400,1,2,1,1.0,6.0,13055,M,4337451.0,535571.0,13
201800010074,18,11,16,1720,2,2,2,1.0,3.0,13055,M,4325005.0,540436.0,13
201800010075,18,11,16,1820,5,2,1,1.0,6.0,13055,M,4333785.0,540613.0,13
201800010076,18,11,17,505,5,2,2,1.0,3.0,13055,M,4330940.0,540294.0,13
201800010077,18,11,17,830,1,2,1,1.0,6.0,13055,M,4331950.0,540890.0,13
201800010078,18,11,17,1200,1,2,6,1.0,6.0,13055,M,4328605.0,538395.0,13
201800010079,18,11,17,1213,1,2,6,1.0,6.0,13055,M,4329540.0,544523.0,13
201800010080,18,11,17,1430,1,2,3,1.0,3.0,13055,M,4330171.0,540071.0,13
201800010081,18,11,17,256,5,2,2,1.0,3.0,13055,M,4329026.0,537585.0,13
201800010082,18,11,17,2214,5,2,1,1.0,3.0,13055,M,4333080.0,538487.0,13
201800010083,18,11,18,550,5,2,7,1.0,6.0,13055,M,4329429.0,538555.0,13
201800010084,18,11,18,1745,5,2,1,1.0,2.0,13055,M,4326695.0,539444.0,13
201800010085,18,11,18,2045,5,2,2,1.0,3.0,13055,M,4330769.0,542543.0,13
201800010086,18,11,18,2040,5,2,1,1.0,6.0,13055,M,4328044.0,542041.0,13
201800010087,18,11,19,931,1,2,9,1.0,6.0,13055,M,4331606.0,538401.0,13
201800010088,18,11,19,750,1,2,1,1.0,6.0,13055,M,4327225.0,540611.0,13
201800010089,18,11,19,1340,1,2,1,1.0,3.0,13055,M,4324600.0,538985.0,13
201800010090,18,11,19,1630,1,2,1,1.0,6.0,13055,M,4329030.0,547724.0,13
201800010091,18,11,20,1030,1,2,1,2.0,6.0,13055,M,4338248.0,536407.0,13
201800010092,18,11,20,1210,1,2,1,3.0,3.0,13055,M,4333623.0,535750.0,13
201800010093,18,11,20,1527,1,2,1,2.0,6.0,13055,M,4329122.0,538167.0,13
201800010094,18,11,21,1030,1,2,1,1.0,6.0,13055,M,4329474.0,547567.0,13
201800010095,18,11,21,1420,1,2,1,2.0,3.0,13055,M,4330415.0,541177.0,13
201800010096,18,11,21,1845,5,2,1,2.0,3.0,13055,M,4326795.0,538450.0,13
201800010097,18,11,20,2200,5,2,1,2.0,7.0,13055,M,4329952.0,537141.0,13
201800010098,18,11,21,2311,5,2,1,1.0,3.0,13055,M,4329252.0,536695.0,13
201800010099,18,11,22,20,5,2,1,1.0,6.0,13055,M,4324940.0,544400.0,13
201800010100,18,11,22,300,5,2,3,1.0,7.0,13055,M,4330338.0,540449.0,13
201800010101,18,11,22,820,1,2,1,1.0,6.0,13055,M,4334078.0,540973.0,13
201800010102,18,11,22,923,1,2,1,1.0,3.0,13055,M,4333338.0,543923.0,13
201800010103,18,11,22,1250,1,2,1,1.0,6.0,13055,M,4324554.0,541363.0,13
201800010104,18,11,22,1215,1,2,1,1.0,3.0,13055,M,4329781.0,540387.0,13
201800010105,18,11,22,2320,5,2,1,2.0,7.0,13055,M,4329197.0,538302.0,13
201800010106,18,11,23,830,1,2,3,2.0,6.0,13055,M,4330324.0,537896.0,13
201800010107,18,11,23,1600,1,2,9,2.0,3.0,13055,M,4332421.0,544350.0,13
201800010108,18,11,24,200,3,2,1,2.0,6.0,13055,M,4331420.0,540480.0,13
201800010109,18,11,24,350,5,2,1,9.0,3.0,13055,M,4333333.0,543947.0,13
201800010110,18,11,24,430,5,2,3,1.0,5.0,13055,M,4328163.0,539154.0,13
201800010111,18,11,24,1330,1,2,1,1.0,3.0,13055,M,4324605.0,538062.0,13
201800010112,18,11,24,2015,5,2,2,1.0,3.0,13055,M,4330774.0,537387.0,13
201800010113,18,11,25,630,5,2,1,1.0,2.0,13055,M,4333337.0,543925.0,13
201800010114,18,11,25,1910,5,2,1,1.0,2.0,13055,M,4326818.0,541608.0,13
201800010115,18,11,26,1000,1,2,1,1.0,3.0,13002,M,4335270.0,548214.0,13
201800010116,18,11,26,1145,1,2,6,1.0,3.0,13055,M,4324729.0,539689.0,13
201800010117,18,11,26,1150,1,2,1,1.0,2.0,13055,M,4326369.0,537760.0,13
201800010118,18,11,26,1500,1,2,1,1.0,3.0,13055,M,4330030.0,546841.0,13
201800010119,18,11,26,1350,1,2,1,1.0,3.0,13055,M,4328154.0,539167.0,13
201800010120,18,11,26,1800,5,2,3,1.0,3.0,13055,M,4325487.0,540722.0,13
201800010121,18,11,27,1650,2,2,2,1.0,3.0,13055,M,4331788.0,544554.0,13
201800010122,18,11,27,1610,1,2,1,1.0,6.0,13055,M,4329688.0,537907.0,13
201800010123,18,11,28,920,1,2,1,1.0,6.0,13055,M,4330004.0,540074.0,13
201800010124,18,11,28,845,1,2,2,1.0,3.0,13055,M,4330274.0,552165.0,13
201800010125,18,11,27,1815,3,1,1,1.0,6.0,13055,M,4335911.0,535768.0,13
201800010126,18,11,29,715,2,1,1,1.0,3.0,13055,M,4323890.0,547910.0,13
201800010127,18,11,29,830,1,2,1,1.0,1.0,13055,M,4326210.0,541550.0,13
201800010128,18,11,29,1540,1,2,1,1.0,7.0,13055,M,4328617.0,538488.0,13
201800010129,18,11,30,650,2,2,2,1.0,2.0,13055,M,4329198.0,540071.0,13
201800010130,18,11,30,1115,1,2,1,2.0,2.0,13055,M,4333731.0,539603.0,13
201800010131,18,11,30,1300,1,2,3,3.0,3.0,13055,M,4327023.0,538660.0,13
201800010132,18,12,1,545,5,2,1,1.0,6.0,13055,M,4335411.0,533242.0,13
201800010133,18,12,1,1650,1,2,1,1.0,5.0,13055,M,4331401.0,543219.0,13
201800010134,18,12,1,1820,5,2,1,1.0,6.0,13055,M,4327509.0,536005.0,13
201800010135,18,12,1,1950,5,2,1,1.0,4.0,13055,M,4331600.0,538432.0,13
201800010136,18,12,1,2100,5,2,2,1.0,3.0,13055,M,4330942.0,540289.0,13
201800010137,18,12,2,710,5,2,1,1.0,6.0,13055,M,4328646.0,547988.0,13
201800010138,18,12,3,800,1,2,2,1.0,6.0,13055,M,4328647.0,538548.0,13
201800010139,18,12,3,1650,1,2,1,1.0,2.0,13055,M,4328810.0,542523.0,13
201800010140,18,12,4,820,1,2,1,1.0,7.0,13055,M,4328890.0,544145.0,13
201800010141,18,12,4,1230,1,2,1,1.0,3.0,13055,M,4328043.0,542040.0,13
201800010142,18,12,4,1745,5,2,3,1.0,3.0,13055,M,4323787.0,536421.0,13
201800010143,18,12,4,1900,5,2,1,1.0,5.0,13055,M,,,13
201800010144,18,12,5,830,1,2,1,1.0,6.0,13055,M,4324531.0,537311.0,13
201800010145,18,12,5,1425,1,2,9,1.0,2.0,13055,M,4329317.0,540501.0,13
201800010146,18,12,5,1938,5,2,1,1.0,6.0,13055,M,4327017.0,538769.0,13
201800010147,18,12,5,1800,5,2,1,1.0,3.0,13055,M,4330566.0,537330.0,13
201800010148,18,12,5,2135,5,2,2,1.0,3.0,13055,M,4327711.0,538359.0,13
201800010149,18,12,4,1740,2,2,1,1.0,6.0,13055,M,4325034.0,538883.0,13
201800010150,18,12,6,1455,1,2,4,1.0,3.0,13055,M,4329909.0,538571.0,13
201800010151,18,12,7,830,1,2,1,1.0,3.0,13055,M,4329901.0,538713.0,13
201800010152,18,12,7,830,1,2,1,1.0,4.0,13055,M,4329214.0,540174.0,13
201800010153,18,12,7,1340,1,2,1,1.0,5.0,13055,M,4330958.0,542666.0,13
201800010154,18,12,7,1845,5,2,1,1.0,3.0,13055,M,4332372.0,541976.0,13
201800010155,18,12,8,139,5,2,4,1.0,6.0,13055,M,4331790.0,540586.0,13
201800010156,18,12,8,217,5,2,1,9.0,7.0,13055,M,4327190.0,536256.0,13
201800010157,18,12,8,700,2,2,2,1.0,3.0,13055,M,4328745.0,538494.0,13
201800010158,18,12,8,330,5,2,1,1.0,6.0,13055,M,4329270.0,536457.0,13
201800010159,18,12,8,2320,5,2,1,1.0,2.0,13055,M,4325830.0,538367.0,13
201800010160,18,12,8,1130,1,2,1,1.0,3.0,13055,M,4324171.0,537911.0,13
201800010161,18,12,9,1050,1,2,1,1.0,2.0,13055,M,4328264.0,535068.0,13
201800010162,18,12,9,1755,2,2,1,1.0,2.0,13055,M,4328500.0,544000.0,13
201800010163,18,12,9,1845,4,2,1,1.0,6.0,13055,M,4326893.0,540330.0,13
201800010164,18,12,10,1145,1,2,3,1.0,3.0,13055,M,4331690.0,536951.0,13
201800010165,18,12,10,1300,1,2,1,1.0,3.0,13055,M,4333140.0,541933.0,13
201800010166,18,12,11,740,2,2,9,1.0,3.0,13055,M,4330987.0,546821.0,13
201800010167,18,12,11,1120,1,2,1,1.0,2.0,13055,M,4335335.0,536687.0,13
201800010168,18,12,11,1130,1,2,1,1.0,3.0,13055,M,4328163.0,542649.0,13
201800010169,18,12,11,1620,1,2,1,1.0,3.0,13055,M,4326610.0,540840.0,13
201800010170,18,12,11,1630,2,2,1,1.0,2.0,13055,M,4331373.0,540598.0,13
201800010171,18,12,11,1615,1,2,1,1.0,2.0,13055,M,4329162.0,540958.0,13
201800010172,18,12,9,340,5,2,1,1.0,6.0,13055,M,4336877.0,534477.0,13
201800010173,18,12,11,1830,5,2,1,1.0,3.0,13055,M,4326605.0,540045.0,13
201800010174,18,12,11,2125,5,2,1,1.0,6.0,13055,M,4328835.0,543494.0,13
201800010175,18,12,12,225,5,2,1,1.0,7.0,13055,M,4324751.0,538227.0,13
201800010176,18,12,12,850,1,2,1,1.0,2.0,13055,M,4331120.0,537656.0,13
201800010177,18,12,12,850,1,2,1,1.0,6.0,13055,M,4329281.0,543710.0,13
201800010178,18,12,11,1110,1,2,1,1.0,2.0,13055,M,4335328.0,536973.0,13
201800010179,18,12,12,1215,1,2,1,1.0,3.0,13055,M,4327456.0,539997.0,13
201800010180,18,12,12,1355,1,2,1,1.0,6.0,13055,M,4330681.0,539967.0,13
201800010181,18,12,12,1400,1,2,1,1.0,6.0,13055,M,4328910.0,540005.0,13
201800010182,18,12,12,1330,1,2,3,1.0,2.0,13055,M,4324796.0,537489.0,13
201800010183,18,12,12,1600,1,2,3,1.0,1.0,13055,M,4332359.0,538903.0,13
201800010184,18,12,12,1800,5,2,1,1.0,2.0,13055,M,4329720.0,539410.0,13
201800010185,18,12,13,845,1,2,1,1.0,3.0,13055,M,4326881.0,541995.0,13
201800010186,18,12,13,1151,1,2,1,2.0,1.0,13055,M,4333191.0,538826.0,13
201800010187,18,12,13,1645,2,2,1,2.0,6.0,13055,M,4329471.0,538369.0,13
201800010188,18,12,13,1730,3,2,1,2.0,1.0,13055,M,4328761.0,544847.0,13
201800010189,18,12,13,1415,1,2,9,2.0,3.0,13055,M,4330601.0,538453.0,13
201800010190,18,12,13,750,1,1,9,8.0,3.0,13055,M,4337856.0,528975.0,13
201800010191,18,12,13,1230,1,2,3,1.0,6.0,13055,M,4333692.0,536732.0,13
201800010192,18,10,23,600,2,2,1,1.0,7.0,13055,M,4333338.0,543925.0,13
201800010193,18,12,14,1135,1,2,1,1.0,2.0,13055,M,4328553.0,539493.0,13
201800010194,18,12,14,1335,1,2,1,1.0,6.0,13055,M,4328340.0,539708.0,13
201800010195,18,12,14,1530,1,2,1,1.0,2.0,13055,M,4327757.0,539906.0,13
201800010196,18,12,14,1920,5,2,1,1.0,7.0,13055,M,4329190.0,535781.0,13
201800010197,18,12,15,1015,1,2,1,1.0,2.0,13055,M,4329328.0,548390.0,13
201800010198,18,12,15,100,5,2,9,1.0,3.0,13055,M,4333070.0,540963.0,13
201800010199,18,12,15,2115,5,2,1,1.0,3.0,13055,M,4330190.0,539930.0,13
201800010200,18,12,15,2240,5,2,2,1.0,3.0,13055,M,4330310.0,536660.0,13
201800010201,18,12,16,1247,1,2,1,2.0,3.0,13055,M,4326222.0,541375.0,13
201800010202,18,12,16,2115,5,2,1,2.0,1.0,13055,M,4331687.0,538947.0,13
201800010203,18,12,16,2130,5,2,6,2.0,2.0,13055,M,4327238.0,539111.0,13
201800010204,18,12,17,600,5,2,2,1.0,7.0,13055,M,4331601.0,540111.0,13
201800010205,18,12,17,1020,1,2,1,1.0,2.0,13055,M,4333201.0,540417.0,13
201800010206,18,12,17,1635,1,2,1,1.0,6.0,13055,M,4329815.0,541336.0,13
201800010207,18,12,17,1853,5,2,1,1.0,6.0,13055,M,4331086.0,539638.0,13
201800010208,18,12,18,105,5,2,1,1.0,1.0,13055,M,4327902.0,538285.0,13
201800010209,18,12,18,1000,1,2,2,1.0,3.0,13055,M,4326668.0,540293.0,13
201800010210,18,12,18,1310,1,2,1,1.0,6.0,13055,M,4326983.0,542207.0,13
201800010211,18,12,19,1100,1,2,1,2.0,6.0,13055,M,4329879.0,538456.0,13
201800010212,18,12,19,900,1,2,1,2.0,6.0,13055,M,4328694.0,546674.0,13
201800010213,18,12,19,1215,1,2,1,2.0,2.0,13055,M,4326420.0,540600.0,13
201800010214,18,12,19,1250,1,2,1,2.0,3.0,13055,M,4326443.0,537862.0,13
201800010215,18,12,19,1600,1,2,1,3.0,6.0,13055,M,4328046.0,540819.0,13
201800010216,18,12,19,1620,2,2,1,2.0,6.0,13055,M,4328046.0,540818.0,13
201800010217,18,12,19,1940,3,1,1,2.0,1.0,13002,M,4337876.0,554120.0,13
201800010218,18,12,19,2230,5,2,9,1.0,3.0,13055,M,4326272.0,539307.0,13
201800010219,18,12,20,1200,1,2,1,1.0,2.0,13055,M,4329034.0,540617.0,13
201800010220,18,12,20,1525,1,2,1,1.0,1.0,13055,M,4329015.0,538354.0,13
201800010221,18,12,21,325,5,2,1,1.0,6.0,13055,M,4329166.0,535594.0,13
201800010222,18,12,21,900,1,2,1,1.0,2.0,13055,M,4326827.0,540613.0,13
201800010223,18,12,21,1240,1,2,1,1.0,6.0,13055,M,4329062.0,540569.0,13
201800010224,18,12,21,1631,1,2,1,1.0,6.0,13055,M,4330333.0,537389.0,13
201800010225,18,12,21,1840,5,2,1,1.0,3.0,13055,M,4329299.0,545030.0,13
201800010226,18,12,21,1930,5,2,1,1.0,2.0,13055,M,4332702.0,543703.0,13
201800010227,18,12,22,1500,1,2,1,1.0,2.0,13055,M,4327314.0,543159.0,13
201800010228,18,12,22,1700,5,2,1,1.0,6.0,13055,M,4328617.0,538460.0,13
201800010229,18,12,22,1600,1,2,1,1.0,6.0,13055,M,4327736.0,538361.0,13
201800010230,18,12,23,330,5,2,1,1.0,6.0,13055,M,4328918.0,543520.0,13
201800010231,18,12,23,1830,5,2,3,1.0,3.0,13055,M,4327701.0,538292.0,13
201800010232,18,12,23,1930,5,2,1,1.0,6.0,13055,M,4326810.0,540191.0,13
201800010233,18,12,23,2020,5,2,1,1.0,3.0,13055,M,4329225.0,536214.0,13
201800010234,18,12,24,35,5,2,9,1.0,6.0,13055,M,4328406.0,538711.0,13
201800010235,18,12,24,915,1,2,1,1.0,3.0,13055,M,4330289.0,540000.0,13
201800010236,18,12,24,1000,1,2,1,1.0,6.0,13055,M,4324022.0,539744.0,13
201800010237,18,12,24,1035,1,2,1,1.0,2.0,13055,M,4324320.0,539670.0,13
201800010238,18,12,24,1515,1,2,3,1.0,2.0,13055,M,4331358.0,546582.0,13
201800010239,18,12,24,1435,1,2,1,1.0,3.0,13055,M,4328320.0,541189.0,13
201800010240,18,12,24,1810,2,2,1,1.0,2.0,13055,M,4328619.0,536275.0,13
201800010241,18,12,24,2300,5,2,1,1.0,3.0,13055,M,4331115.0,540335.0,13
201800010242,18,12,24,2242,5,2,1,1.0,3.0,13055,M,4331002.0,537930.0,13
201800010243,18,12,25,1,5,2,2,1.0,3.0,13055,M,4327961.0,540793.0,13
201800010244,18,12,21,1750,5,2,1,1.0,7.0,13055,M,4331174.0,546474.0,13
201800010245,18,12,26,1315,1,2,1,1.0,3.0,13002,M,4335295.0,548324.0,13
201800010246,18,12,26,1130,1,2,3,1.0,3.0,13055,M,4335626.0,536960.0,13
201800010247,18,12,26,1440,1,2,9,1.0,2.0,13055,M,4328565.0,539869.0,13
201800010248,18,12,26,1400,1,1,1,1.0,7.0,13055,M,4322550.0,553166.0,13
201800010249,18,11,26,2215,5,2,3,1.0,3.0,13055,M,4331319.0,536614.0,13
201800010250,18,12,27,800,2,2,1,1.0,7.0,13055,M,4331878.0,543968.0,13
201800010251,18,12,27,1515,1,2,2,1.0,3.0,13055,M,4329587.0,540214.0,13
201800010252,18,12,27,1640,1,2,1,1.0,3.0,13055,M,4336383.0,536137.0,13
201800010253,18,12,27,1900,5,2,1,1.0,4.0,13055,M,4331530.0,539183.0,13
201800010254,18,12,24,2330,3,2,9,9.0,3.0,13055,M,4332774.0,542447.0,13
201800010255,18,12,28,830,1,2,4,1.0,6.0,13055,M,4335997.0,534291.0,13
201800010256,18,12,28,1750,5,2,1,1.0,3.0,13055,M,4332619.0,542428.0,13
201800010257,18,12,29,1545,1,2,1,1.0,2.0,13055,M,4328837.0,541000.0,13
201800010258,18,12,29,1420,1,2,3,1.0,5.0,13055,M,4333752.0,535602.0,13
201800010259,18,12,30,1845,3,2,3,1.0,3.0,13055,M,4328483.0,542541.0,13
201800010260,18,12,30,2205,5,2,1,1.0,7.0,13055,M,4328864.0,545467.0,13
201800010261,18,12,31,1100,1,2,1,1.0,7.0,13055,M,4329611.0,542746.0,13
201800010262,18,12,31,1520,1,2,3,1.0,3.0,13055,M,4326421.0,539215.0,13
201800010263,18,12,31,1815,5,2,1,1.0,1.0,13055,M,4327429.0,542678.0,13
201800010264,18,12,31,1850,5,2,1,1.0,3.0,13055,M,4333720.0,536272.0,13
201800010265,18,10,31,1550,1,1,1,2.0,3.0,13039,M,4345547.0,492675.0,13
201800010266,18,11,16,1940,2,1,1,1.0,6.0,13077,M,4343184.0,500909.0,13
201800010267,18,10,23,2005,5,2,3,1.0,3.0,13056,M,4340739.0,505340.0,13
201800010268,18,2,23,1130,1,2,1,1.0,6.0,13026,M,4339353.0,514389.0,13
201800010269,18,1,11,1830,2,2,1,1.0,3.0,13039,M,4345905.0,494179.0,13
201800010270,18,3,6,1420,1,2,1,1.0,3.0,13039,M,4343568.0,494481.0,13
201800010271,18,3,10,1110,1,1,1,1.0,2.0,13039,M,4346947.0,494061.0,13
201800010272,18,1,21,1630,1,1,1,1.0,1.0,13077,M,4342668.0,500129.0,13
201800010273,18,3,23,715,1,1,9,1.0,3.0,13039,M,4343588.0,492516.0,13
201800010274,18,2,21,1055,1,2,1,8.0,1.0,13056,M,4342770.0,505000.0,13
201800010275,18,2,8,1630,1,1,9,1.0,3.0,13039,M,4347702.0,489623.0,13
201800010276,18,2,12,534,3,1,1,1.0,1.0,13039,M,4346912.0,494225.0,13
201800010277,18,4,23,1400,1,1,1,1.0,1.0,13026,M,4338461.0,519226.0,13
201800010278,18,4,21,550,3,1,1,1.0,5.0,13026,M,4339290.0,518660.0,13
201800010279,18,4,15,35,5,2,1,1.0,6.0,13039,M,4344416.0,494307.0,13
201800010280,18,1,8,1325,1,2,1,1.0,5.0,13056,M,4341110.0,503980.0,13
201800010281,18,5,11,1915,1,2,1,1.0,5.0,13056,M,4341590.0,505660.0,13
201800010282,18,5,20,2003,1,1,1,1.0,3.0,13039,M,4346668.0,484021.0,13
201800010283,18,5,22,1846,1,2,1,1.0,6.0,13056,M,4340557.0,505653.0,13
201800010284,18,5,25,750,1,1,1,1.0,3.0,13039,M,4346762.0,493510.0,13
201800010285,18,6,12,1615,1,2,1,1.0,6.0,13056,M,4342160.0,504486.0,13
201800010286,18,6,12,1205,1,2,9,1.0,3.0,13026,M,4338632.0,516689.0,13
201800010287,18,6,21,1715,1,1,1,1.0,3.0,13026,M,4338041.0,517557.0,13
201800010288,18,6,22,2010,1,2,1,1.0,1.0,13056,M,4340536.0,505658.0,13
201800010289,18,6,22,1720,1,2,1,1.0,3.0,13056,M,4340550.0,504376.0,13
201800010290,18,6,14,630,1,1,1,1.0,2.0,13026,M,4339203.0,517865.0,13
201800010291,18,6,25,1600,1,1,1,1.0,2.0,13039,M,4343063.0,494700.0,13
201800010292,18,6,29,700,1,1,1,1.0,5.0,13077,M,4341340.0,499734.0,13
201800010293,18,7,4,1540,1,2,1,1.0,6.0,13056,M,4340714.0,505651.0,13
201800010294,18,6,25,1351,1,1,1,1.0,2.0,13039,M,4346190.0,491919.0,13
201800010295,18,7,13,1636,1,1,1,1.0,1.0,13104,M,4334146.0,510552.0,13
201800010296,18,7,25,650,1,1,6,1.0,2.0,13039,M,4346168.0,492014.0,13
201800010297,18,7,26,1545,1,1,1,1.0,1.0,13056,M,4338306.0,506531.0,13
201800010298,18,8,6,1845,1,1,1,1.0,3.0,13026,M,4338288.0,519241.0,13
201800010299,18,8,7,1730,1,1,1,1.0,3.0,13056,M,4337430.0,506361.0,13
201800010300,18,8,12,810,1,1,1,1.0,2.0,13056,M,4338940.0,506160.0,13
201800010301,18,7,3,815,1,1,1,1.0,5.0,13026,M,4338633.0,519253.0,13
201800010302,18,8,12,600,1,1,1,1.0,6.0,13039,M,4343694.0,494112.0,13
201800010303,18,8,18,1345,1,1,1,1.0,7.0,13026,M,4339010.0,516791.0,13
201800010304,18,8,10,2045,1,1,1,1.0,3.0,13039,M,4345950.0,492220.0,13
201800010305,18,8,25,2100,5,2,3,1.0,3.0,13026,M,4338627.0,515334.0,13
201800010306,18,8,30,920,1,2,9,1.0,6.0,13056,M,4340389.0,505486.0,13
201800010307,18,9,13,1800,1,2,1,1.0,6.0,13056,M,4341394.0,505019.0,13
201800010308,18,8,26,2100,2,2,4,1.0,3.0,13039,M,4345051.0,493884.0,13
201800010309,18,9,14,910,1,1,1,1.0,2.0,13039,M,4343378.0,494125.0,13
201800010310,18,9,25,1355,1,2,9,1.0,6.0,13026,M,4338706.0,516960.0,13
201800010311,18,9,18,730,1,1,9,1.0,3.0,13026,M,4339293.0,518501.0,13
201800010312,18,8,4,40,3,1,1,1.0,2.0,13056,M,4341348.0,500790.0,13
201800010313,18,10,1,2115,3,1,1,1.0,6.0,13077,M,4341360.0,500035.0,13
201800010314,18,10,9,1559,1,1,1,1.0,2.0,13056,M,4333588.0,504925.0,13
201800010315,18,10,12,2100,5,1,1,1.0,3.0,13039,M,4342860.0,495980.0,13
201800010316,18,10,13,1545,1,2,1,1.0,6.0,13056,M,4340113.0,504837.0,13
201800010317,18,10,31,1720,3,2,1,3.0,6.0,13039,M,4344210.0,494264.0,13
201800010318,18,11,14,635,3,1,9,1.0,3.0,13077,M,4342790.0,500541.0,13
201800010319,18,11,16,10,5,1,1,1.0,3.0,13039,M,4345029.0,493538.0,13
201800010320,18,11,16,840,1,2,1,1.0,6.0,13056,M,4341216.0,504721.0,13
201800010321,18,11,8,1450,1,2,9,1.0,4.0,13077,M,4342168.0,497745.0,13
201800010322,18,12,4,1115,1,1,1,1.0,3.0,13077,M,4341360.0,500035.0,13
201800010323,18,10,8,1830,3,1,1,1.0,6.0,13039,M,4347840.0,489664.0,13
201800010324,18,9,6,1505,1,2,1,1.0,6.0,13026,M,4338489.0,516484.0,13
201800010325,18,12,13,1800,5,2,1,1.0,1.0,13039,M,4345653.0,494624.0,13
201800010326,18,1,28,10,3,1,6,1.0,7.0,13103,M,4364159.0,502218.0,13
201800010327,18,1,29,1213,1,1,3,1.0,3.0,13103,M,4365996.0,509649.0,13
201800010328,18,3,3,1337,1,2,2,1.0,1.0,13103,M,4364049.0,508313.0,13
201800010329,18,4,12,1500,1,1,1,3.0,4.0,13103,M,4364589.0,506528.0,13
201800010330,18,4,24,2325,3,2,1,1.0,1.0,13103,M,4363769.0,507659.0,13
201800010331,18,4,28,1855,1,1,1,1.0,3.0,13103,M,4362531.0,508407.0,13
201800010332,18,6,1,950,1,2,6,1.0,6.0,13103,M,4364102.0,508881.0,13
201800010333,18,6,7,1920,1,2,6,1.0,4.0,13103,M,4362483.0,510119.0,13
201800010334,18,6,20,1820,1,1,1,1.0,5.0,13103,M,4366648.0,509484.0,13
201800010335,18,6,29,757,1,2,3,1.0,6.0,13103,M,4363846.0,509407.0,13
201800010336,18,9,17,845,1,2,6,1.0,6.0,13103,M,4362734.0,510227.0,13
201800010337,18,10,1,130,3,1,6,1.0,7.0,13103,M,4364026.0,504764.0,13
201800010338,18,10,13,1940,5,2,1,1.0,6.0,13103,M,4364072.0,509559.0,13
201800010339,18,10,1,1605,1,1,1,1.0,3.0,13103,M,4359974.0,510264.0,13
201800010340,18,12,6,715,5,2,1,1.0,2.0,13103,M,4364051.0,508560.0,13
201800010341,18,12,10,1645,1,1,1,1.0,6.0,13103,M,4362330.0,510019.0,13
201800010342,18,12,14,1615,1,2,1,1.0,3.0,13103,M,4364760.0,509830.0,13
201800010343,18,1,15,2100,3,1,1,8.0,6.0,13108,M,4377055.0,466850.0,13
201800010344,18,1,24,2040,3,1,1,1.0,7.0,13108,M,4382919.0,471116.0,13
201800010345,18,2,19,921,1,2,1,1.0,6.0,13108,M,4380320.0,465909.0,13
201800010346,18,3,6,1310,1,1,1,1.0,7.0,30032,M,4379706.0,463090.0,30
201800010347,18,3,6,1800,1,1,1,1.0,5.0,13108,M,4381820.0,465221.0,13
201800010348,18,3,30,1616,1,2,3,1.0,6.0,30032,M,4381191.0,464504.0,30
201800010349,18,4,18,1645,1,1,1,1.0,5.0,13108,M,4379556.0,470178.0,13
201800010350,18,6,24,2230,4,2,1,1.0,6.0,30032,M,4380487.0,464664.0,30
201800010351,18,7,1,110,3,1,1,1.0,5.0,13108,M,4375417.0,468207.0,13
201800010352,18,7,13,1630,1,1,3,1.0,3.0,13108,M,4382009.0,473224.0,13
201800010353,18,7,24,1515,1,1,1,1.0,1.0,13108,M,4381720.0,465250.0,13
201800010354,18,7,30,1100,1,2,2,1.0,3.0,13108,M,4381080.0,466130.0,13
201800010355,18,8,29,1330,1,1,1,1.0,2.0,13108,M,4384500.0,467750.0,13
201800010356,18,9,22,330,3,1,1,1.0,7.0,13108,M,4381746.0,468021.0,13
201800010357,18,10,10,1700,1,2,3,1.0,5.0,30032,M,4380252.0,461716.0,30
201800010358,18,11,21,1715,2,1,1,1.0,1.0,13108,M,4347510.0,437110.0,13
201800010359,18,11,29,1355,1,2,1,1.0,6.0,30032,M,4381149.0,464105.0,30
201800010360,18,12,20,1535,1,2,1,7.0,6.0,13108,M,4380539.0,465519.0,13
201800010361,18,12,2,1742,5,2,2,2.0,6.0,13108,M,4380869.0,465577.0,13
201800010362,18,1,1,1900,5,2,2,1.0,5.0,13117,M,4344409.0,525168.0,13
201800010363,18,12,7,1630,1,2,1,1.0,4.0,13054,M,4341804.0,522870.0,13
201800010364,18,1,5,1150,1,2,3,1.0,2.0,13054,M,4341527.0,521376.0,13
201800010365,18,1,10,555,5,2,6,1.0,7.0,13117,M,4345958.0,523310.0,13
201800010366,18,1,19,2115,5,2,1,1.0,1.0,13054,M,4342015.0,520816.0,13