Num_Acc,an,mois,jour,hrmn,lum,agg,int,atm,col,com,gps,lat,long,dep
201800010367,18,1,22,1630,1,2,2,1.0,3.0,13117,M,4342281.0,528251.0,13
201800010368,18,1,19,1910,5,2,1,1.0,6.0,13054,M,4341478.0,522327.0,13
201800010369,18,2,1,2100,5,2,2,8.0,3.0,13054,M,4341564.0,521065.0,13
201800010370,18,2,3,1730,2,2,1,1.0,3.0,13054,M,4341946.0,522356.0,13
201800010371,18,2,4,405,5,2,3,1.0,6.0,13043,M,4338573.0,521981.0,13
201800010372,18,2,5,1830,3,2,1,1.0,6.0,13117,M,,,13
201800010373,18,2,10,1500,1,1,1,1.0,6.0,13054,M,4343254.0,520498.0,13
201800010374,18,3,2,1515,1,2,1,1.0,2.0,13117,M,4345923.0,524252.0,13
201800010375,18,3,7,1500,1,2,3,1.0,6.0,13117,M,4344243.0,525266.0,13
201800010376,18,3,10,1600,1,2,2,1.0,3.0,13117,M,4342720.0,523541.0,13
201800010377,18,4,17,830,1,2,1,1.0,3.0,13117,M,4343799.0,524686.0,13
201800010378,18,4,22,945,1,2,2,1.0,3.0,13117,M,4342333.0,528372.0,13
201800010379,18,4,24,1655,1,1,1,1.0,4.0,13071,M,4341128.0,533010.0,13
201800010380,18,4,24,1845,1,2,1,1.0,2.0,13102,M,4341191.0,525090.0,13
201800010381,18,5,4,1230,1,1,1,1.0,2.0,13117,M,4341935.0,527214.0,13
201800010382,18,5,5,1300,1,2,1,1.0,6.0,13054,M,4340775.0,522868.0,13
201800010383,18,5,6,2050,2,2,1,2.0,3.0,13117,M,4343390.0,526156.0,13
201800010384,18,5,8,2320,5,2,9,1.0,6.0,13071,M,4337879.0,535181.0,13
201800010385,18,5,11,1550,1,2,1,1.0,7.0,13019,M,4341145.0,533207.0,13
201800010386,18,5,27,1406,1,1,2,8.0,3.0,13117,M,4342692.0,523473.0,13
201800010387,18,5,30,2200,5,2,2,1.0,3.0,13054,M,4340534.0,522285.0,13
201800010388,18,6,2,1630,1,2,1,1.0,6.0,13117,M,4342469.0,527915.0,13
201800010389,18,6,4,730,1,2,1,1.0,1.0,13054,M,4342012.0,522495.0,13
201800010390,18,6,10,1450,1,1,1,1.0,2.0,13117,M,4343955.0,523414.0,13
201800010391,18,6,12,1430,1,2,2,1.0,3.0,13117,M,4342691.0,523473.0,13
201800010392,18,6,20,700,1,2,1,1.0,3.0,13117,M,4347680.0,522774.0,13
201800010393,18,6,23,1305,1,1,1,1.0,2.0,13117,M,4342450.0,523875.0,13
201800010394,18,6,27,1830,1,2,9,1.0,3.0,13117,M,4345560.0,523233.0,13
201800010395,18,6,30,1510,1,2,1,1.0,3.0,13071,M,4340909.0,531238.0,13
201800010396,18,7,7,950,1,2,1,1.0,6.0,13043,M,4339433.0,522822.0,13
201800010397,18,7,8,1700,1,1,1,1.0,3.0,13071,M,4341680.0,536554.0,13
201800010398,18,7,12,1700,1,2,1,1.0,1.0,13117,M,4344569.0,525594.0,13
201800010399,18,7,12,2255,5,2,9,1.0,3.0,13054,M,4341119.0,521084.0,13
201800010400,18,7,15,1810,1,2,1,1.0,3.0,13054,M,4340420.0,525961.0,13
201800010401,18,7,18,1345,1,2,1,1.0,6.0,13054,M,4341122.0,520207.0,13
201800010402,18,7,18,2115,1,2,1,1.0,6.0,13071,M,4338604.0,534591.0,13
201800010403,18,7,20,120,5,2,2,1.0,6.0,13054,M,4342086.0,522050.0,13
201800010404,18,7,24,1930,1,2,1,1.0,1.0,13054,M,4341652.0,522040.0,13
201800010405,18,8,1,900,1,2,2,1.0,3.0,13054,M,4341826.0,520907.0,13
201800010406,18,8,3,1900,1,2,2,1.0,3.0,13117,M,4342325.0,524107.0,13
201800010407,18,8,6,1535,1,2,2,1.0,6.0,13117,M,4343925.0,525560.0,13
201800010408,18,8,19,545,3,1,1,1.0,2.0,13117,M,4343817.0,523494.0,13
201800010409,18,8,20,1200,1,2,9,1.0,4.0,13054,M,4340922.0,520816.0,13
201800010410,18,8,17,1100,1,2,1,1.0,3.0,13043,M,4339653.0,524475.0,13
201800010411,18,8,27,100,3,1,1,1.0,3.0,13043,M,4338308.0,522038.0,13
201800010412,18,8,30,135,5,2,1,1.0,2.0,13117,M,4347600.0,522800.0,13
201800010413,18,9,5,2100,5,2,1,1.0,2.0,13117,M,4342777.0,524181.0,13
201800010414,18,9,16,2200,5,2,2,1.0,3.0,13117,M,4342693.0,523477.0,13
201800010415,18,9,19,431,3,1,1,1.0,6.0,13117,M,4342554.0,523550.0,13
201800010416,18,9,29,250,3,1,1,1.0,7.0,13071,M,4341099.0,531022.0,13
201800010417,18,9,29,1940,2,2,1,1.0,1.0,13106,M,4340477.0,536393.0,13
201800010418,18,10,3,1000,1,2,3,1.0,3.0,13071,M,4340799.0,530886.0,13
201800010419,18,10,6,415,3,1,9,1.0,6.0,13117,M,4342697.0,526223.0,13
201800010420,18,10,11,900,1,2,1,1.0,1.0,13117,M,4347968.0,522666.0,13
201800010421,18,10,18,1830,2,2,1,1.0,1.0,13043,M,4339486.0,520699.0,13
201800010422,18,10,19,1500,1,1,1,1.0,5.0,13117,M,4345398.0,531101.0,13
201800010423,18,10,23,925,1,2,1,1.0,2.0,13117,M,4347172.0,523171.0,13
201800010424,18,10,13,1815,1,2,1,1.0,3.0,13054,M,4340784.0,522865.0,13
201800010425,18,10,27,1800,2,2,1,2.0,1.0,13071,M,4340921.0,535221.0,13
201800010426,18,10,30,900,1,1,3,1.0,3.0,13019,M,4342295.0,537191.0,13
201800010427,18,11,5,900,1,1,3,1.0,3.0,13117,M,4342720.0,523540.0,13
201800010428,18,11,9,700,1,2,1,8.0,2.0,13117,M,4342370.0,526654.0,13
201800010429,18,11,12,1750,3,1,1,1.0,2.0,13071,M,4340120.0,526897.0,13
201800010430,18,11,13,1545,1,2,9,1.0,3.0,13071,M,4338724.0,535205.0,13
201800010431,18,11,15,1145,1,2,1,1.0,6.0,13117,M,4343222.0,526421.0,13
201800010432,18,11,15,1745,5,2,1,1.0,6.0,13117,M,4344299.0,525231.0,13
201800010433,18,11,17,1415,1,2,1,1.0,6.0,13054,M,4341779.0,521955.0,13
201800010434,18,11,23,2230,5,1,9,2.0,3.0,13071,M,4341703.0,528316.0,13
201800010435,18,11,25,2050,3,1,1,2.0,6.0,13117,M,4343566.0,528105.0,13
201800010436,18,11,27,1200,1,2,1,1.0,6.0,13054,M,4341215.0,520659.0,13
201800010437,18,11,30,1300,1,2,1,2.0,6.0,13117,M,4342214.0,526989.0,13
201800010438,18,12,11,1520,1,2,6,1.0,3.0,13071,M,4342032.0,536700.0,13
201800010439,18,12,13,1820,5,2,1,2.0,1.0,13117,M,4343276.0,526480.0,13
201800010440,18,12,14,1830,3,1,2,1.0,3.0,13071,M,4341643.0,527891.0,13
201800010441,18,12,19,730,2,2,1,3.0,6.0,13054,M,4340746.0,520792.0,13
201800010442,18,8,25,318,3,1,1,1.0,6.0,09185,M,4322498.0,164378.0,09
201800010443,18,9,16,215,5,2,1,1.0,6.0,21412,M,4697209.0,478226.0,21
201800010444,18,3,22,1705,1,2,1,1.0,3.0,56075,M,4790622.0,-211374.0,56
201800010445,18,2,25,1845,3,1,1,1.0,2.0,68146,M,4812808.0,736551.0,68
201800010446,18,2,26,500,3,1,1,1.0,6.0,68037,M,4795590.0,736696.0,68
201800010447,18,3,23,740,1,1,1,1.0,6.0,68205,M,4790826.0,736614.0,68
201800010448,18,4,14,2045,3,1,1,1.0,2.0,68295,M,4801103.0,737615.0,68
201800010449,18,4,20,700,1,1,1,1.0,2.0,68082,M,4784839.0,739472.0,68
201800010450,18,6,14,1550,1,1,1,1.0,2.0,68066,M,4805898.0,737886.0,68
201800010451,18,7,1,640,1,1,1,1.0,6.0,68066,M,4804733.0,737094.0,68
201800010452,18,7,30,1712,1,1,1,1.0,6.0,68228,M,4792614.0,735958.0,68
201800010453,18,8,3,1510,1,1,1,1.0,6.0,68066,M,4806131.0,738065.0,68
201800010454,18,8,12,640,1,1,1,1.0,6.0,68113,M,4818702.0,739116.0,68
201800010455,18,8,15,125,3,1,1,1.0,6.0,68252,M,4815273.0,737251.0,68
201800010456,18,8,18,830,1,1,4,1.0,3.0,68113,M,4818608.0,738997.0,68
201800010457,18,8,27,1230,1,1,1,1.0,2.0,68037,M,4795358.0,736642.0,68
201800010458,18,9,11,1508,1,1,1,7.0,2.0,68295,M,4801820.0,737401.0,68
201800010459,18,9,30,1525,1,1,1,1.0,2.0,68066,M,4808054.0,738451.0,68
201800010460,18,10,1,1750,1,1,1,1.0,4.0,68066,M,4805691.0,737718.0,68
201800010461,18,10,11,1300,1,1,1,1.0,2.0,68082,M,4783781.0,739449.0,68
201800010462,18,10,31,1735,3,1,1,1.0,4.0,68113,M,4818742.0,739158.0,68
201800010463,18,11,25,340,3,1,1,1.0,7.0,68252,M,4815286.0,737169.0,68
201800010464,18,1,22,2050,3,1,1,1.0,1.0,78356,M,4874169.0,204984.0,78
201800010465,18,1,30,1900,3,1,1,2.0,7.0,78356,M,4874232.0,205288.0,78
201800010466,18,4,24,815,1,2,3,1.0,3.0,78356,M,4874207.0,203635.0,78
201800010467,18,5,13,1700,1,1,1,1.0,3.0,78356,M,4874200.0,205596.0,78
201800010468,18,6,2,2120,2,1,6,1.0,6.0,78356,M,4874214.0,209364.0,78
201800010469,18,10,30,1300,1,1,1,2.0,7.0,78620,M,4874097.0,211677.0,78
201800010470,18,7,28,1515,1,1,1,7.0,6.0,33088,M,4500825.0,-4082.0,33
201800010471,18,10,17,1055,1,1,1,1.0,6.0,33015,M,4487246.0,-27648.0,33
201800010472,18,11,7,955,1,1,1,2.0,6.0,33302,M,4493837.0,-18002.0,33
201800010473,18,3,29,1952,1,1,1,1.0,2.0,72299,M,4786983.0,30272.0,72
201800010474,18,4,21,1045,1,1,1,1.0,6.0,72124,M,4782494.0,30674.0,72
201800010475,18,6,12,340,3,1,1,1.0,6.0,72160,M,4771807.0,34475.0,72
201800010476,18,6,18,1550,1,1,1,1.0,6.0,72300,M,4805411.0,35787.0,72
201800010477,18,6,25,1753,1,1,1,1.0,7.0,72058,M,4798930.0,32503.0,72
201800010478,18,7,8,1745,1,1,9,1.0,6.0,72320,M,4805454.0,18413.0,72
201800010479,18,8,31,1140,1,1,1,1.0,6.0,72124,M,4782534.0,28533.0,72
201800010480,18,9,10,1245,1,1,1,1.0,6.0,72203,M,4768443.0,39022.0,72
201800010481,18,5,29,1115,1,2,1,2.0,6.0,95392,M,4907190.0,221460.0,95
201800010482,18,7,26,1750,1,2,1,1.0,3.0,95394,M,4905520.0,217150.0,95
201800010483,18,7,29,1200,1,2,1,1.0,2.0,95394,M,4906970.0,217890.0,95
201800010484,18,10,16,1620,1,2,1,1.0,3.0,95392,M,4907310.0,221430.0,95
201800010485,18,10,25,700,3,1,1,1.0,6.0,95039,M,4908440.0,213310.0,95
201800010486,18,1,6,1240,1,1,1,8.0,7.0,72139,M,4833080.0,11123.0,72
201800010487,18,1,15,1240,1,1,1,3.0,7.0,72056,M,4838868.0,10656.0,72
201800010488,18,1,22,1550,1,1,1,1.0,6.0,72380,M,4823994.0,16649.0,72
201800010489,18,3,4,1750,1,1,1,4.0,4.0,72120,M,4825268.0,16177.0,72
201800010490,18,7,26,1220,1,1,1,1.0,4.0,72036,M,4836455.0,9137.0,72
201800010491,18,8,15,1835,1,1,1,1.0,6.0,72186,M,4820315.0,17471.0,72
201800010492,18,10,22,1810,1,1,1,1.0,7.0,61497,M,4845274.0,13172.0,61
201800010493,18,2,1,850,1,1,1,1.0,6.0,49099,M,4708719.0,-82486.0,49
201800010494,18,5,28,745,1,1,3,1.0,4.0,49301,M,4704160.0,-107615.0,49
201800010495,18,7,11,1514,1,1,1,1.0,3.0,49069,M,4731993.0,-116458.0,49
201800010496,18,9,10,1220,1,1,1,1.0,3.0,49301,M,4711613.0,-106450.0,49
201800010497,18,9,28,2030,3,1,1,1.0,4.0,49092,M,4723878.0,-73364.0,49
201800010498,18,12,6,1250,1,1,1,8.0,1.0,49381,M,4703392.0,-72463.0,49
201800010499,18,2,7,1545,1,1,2,1.0,3.0,24225,M,4484584.0,39214.0,24
201800010500,18,2,13,1130,1,1,1,4.0,6.0,24331,M,4478638.0,42002.0,24
201800010501,18,3,2,1115,1,1,2,1.0,5.0,24132,M,4476646.0,55224.0,24
201800010502,18,3,15,830,1,1,1,8.0,1.0,24274,M,4479525.0,45530.0,24
201800010503,18,4,18,1345,1,1,1,1.0,7.0,24374,M,4479715.0,58134.0,24
201800010504,18,5,1,2100,2,2,2,1.0,3.0,24168,M,4470403.0,56321.0,24
201800010505,18,6,17,1100,1,1,1,1.0,1.0,24357,M,4477913.0,44410.0,24
201800010506,18,6,27,1720,1,2,1,1.0,2.0,24212,M,4472824.0,61231.0,24
201800010507,18,7,17,1840,1,1,2,1.0,2.0,24194,M,4483852.0,30096.0,24
201800010508,18,11,20,1850,3,1,2,1.0,3.0,24225,M,4484118.0,38852.0,24
201800010509,18,1,19,1400,1,2,2,2.0,3.0,68321,M,4782710.0,725227.0,68
201800010510,18,6,27,1815,1,2,1,1.0,6.0,68375,M,4780946.0,724209.0,68
201800010511,18,7,15,2000,1,2,1,3.0,6.0,68375,M,4779704.0,723139.0,68
201800010512,18,9,25,2018,3,1,1,1.0,2.0,68375,M,4781251.0,723352.0,68
201800010513,18,10,27,2145,5,2,2,2.0,3.0,68375,M,4779755.0,724150.0,68
201800010514,18,5,28,1840,1,1,3,1.0,3.0,19143,M,4535921.0,198334.0,19
201800010515,18,7,18,2335,3,1,1,1.0,6.0,19081,M,4533586.0,192114.0,19
201800010516,18,8,1,1004,1,1,5,1.0,3.0,19207,M,4527964.0,161466.0,19
201800010517,18,8,30,1550,1,1,1,1.0,6.0,19227,M,4530213.0,165304.0,19
201800010518,18,9,15,1800,1,1,1,1.0,6.0,19207,M,4528279.0,161593.0,19
201800010519,18,10,14,2110,3,1,1,2.0,1.0,19146,M,4532970.0,176213.0,19
201800010520,18,4,14,1145,1,1,6,1.0,7.0,67123,M,4888113.0,761356.0,67
201800010521,18,7,9,130,5,1,1,1.0,6.0,67388,M,4893597.0,765682.0,67
201800010522,18,7,10,2300,5,2,1,1.0,6.0,67324,M,4895185.0,763875.0,67
201800010523,18,7,26,910,1,2,3,1.0,6.0,67176,M,4890687.0,765890.0,67
201800010524,18,9,7,1030,1,1,1,2.0,7.0,67324,M,4895087.0,762647.0,67
201800010525,18,12,14,1350,1,1,1,1.0,1.0,67176,M,4891793.0,764604.0,67
201800010526,18,2,4,435,3,1,1,1.0,6.0,14647,M,4907120.0,29135.0,14
201800010527,18,1,18,811,5,2,1,2.0,6.0,14437,M,4916950.0,-32206.0,14
201800010528,18,3,7,1745,1,2,2,1.0,3.0,14118,M,4920970.0,-37103.0,14
201800010529,18,2,8,1016,1,2,3,1.0,6.0,14118,M,4915960.0,-36150.0,14
201800010530,18,3,23,1405,1,2,2,1.0,3.0,14118,M,4921040.0,-36737.0,14
201800010531,18,3,6,1545,1,2,1,1.0,2.0,14271,M,,,14
201800010532,18,4,17,1010,1,2,1,1.0,1.0,14118,M,4917019.0,-37180.0,14
201800010533,18,4,12,1700,1,2,1,1.0,6.0,14118,M,4917164.0,-39823.0,14
201800010534,18,5,15,1833,1,2,9,1.0,1.0,14215,M,4918853.0,-26786.0,14
201800010535,18,5,11,1300,1,2,1,1.0,3.0,14118,M,4917830.0,-37992.0,14
201800010536,18,5,11,1615,1,1,1,1.0,1.0,14341,M,4913795.0,-33561.0,14
201800010537,18,6,5,900,1,2,1,1.0,6.0,14341,M,4914225.0,-34518.0,14
201800010538,18,6,15,1455,1,2,2,1.0,3.0,14437,M,4918207.0,-32208.0,14
201800010539,18,6,25,1100,1,2,2,7.0,3.0,14118,M,4917929.0,36266.0,14
201800010540,18,6,25,1830,1,2,9,1.0,6.0,14327,M,4919755.0,-37526.0,14
201800010541,18,6,26,1140,1,2,2,7.0,3.0,14137,M,4918726.0,41800.0,14
201800010542,18,6,29,1412,1,2,2,1.0,6.0,14118,M,4917800.0,35401.0,14
201800010543,18,7,2,1737,1,2,1,1.0,1.0,14118,M,4919723.0,-39690.0,14
201800010544,18,7,7,1250,1,2,1,1.0,5.0,14437,M,4916053.0,-30885.0,14
201800010545,18,7,7,1728,1,2,1,1.0,1.0,14587,M,4919857.0,-41038.0,14
201800010546,18,7,10,2140,1,1,1,1.0,6.0,14167,M,4919309.0,-31260.0,14
201800010547,18,7,14,1617,1,1,1,1.0,4.0,14167,M,4920417.0,-29852.0,14
201800010548,18,7,20,1714,1,2,1,1.0,2.0,14181,M,4915001.0,-32266.0,14
201800010549,18,7,24,1600,1,1,1,1.0,2.0,14118,M,4909530.0,18170.0,14
201800010550,18,7,25,1615,1,2,3,7.0,3.0,14437,M,4917876.0,-31841.0,14
201800010551,18,7,31,1800,1,2,1,1.0,1.0,14327,M,4920681.0,-33892.0,14
201800010552,18,8,5,618,2,2,1,1.0,2.0,14118,M,4919483.0,-35986.0,14
201800010553,18,8,4,1535,1,2,1,1.0,6.0,14101,M,4916741.0,-41992.0,14
201800010554,18,8,9,1545,1,2,1,1.0,2.0,14118,M,4917358.0,-33276.0,14
201800010555,18,8,9,1950,1,2,2,1.0,1.0,14118,M,4918220.0,-37492.0,14
201800010556,18,8,10,1415,1,2,9,1.0,3.0,14118,M,4916248.0,34403.0,14
201800010557,18,8,15,245,5,2,1,1.0,6.0,14118,M,4918920.0,-40452.0,14
201800010558,18,8,23,1710,1,2,6,1.0,6.0,14118,M,4921069.0,-36299.0,14
201800010559,18,8,26,255,3,2,1,1.0,6.0,14101,M,4918423.0,-41765.0,14
201800010560,18,9,2,2000,1,1,1,1.0,6.0,14167,M,4919282.0,-30262.0,14
201800010561,18,9,6,1330,1,2,2,1.0,6.0,14118,M,4916126.0,-34200.0,14
201800010562,18,9,6,2150,2,2,2,1.0,3.0,14118,M,4917394.0,-39064.0,14
201800010563,18,9,8,1530,1,2,6,1.0,1.0,14118,M,4920274.0,-39183.0,14
201800010564,18,9,11,2020,1,2,1,1.0,6.0,14118,M,4918728.0,-36007.0,14
201800010565,18,9,13,1740,1,2,6,1.0,6.0,14118,M,4920370.0,-36090.0,14
201800010566,18,9,20,1730,1,2,2,1.0,2.0,14118,M,4917303.0,34393.0,14
201800010567,18,9,27,845,1,2,2,1.0,3.0,14437,M,4918051.0,-32706.0,14
201800010568,18,10,1,1625,1,2,6,1.0,3.0,14341,M,4914578.0,33981.0,14
201800010569,18,10,3,1220,1,2,1,1.0,6.0,14118,M,4912380.0,22400.0,14
201800010570,18,10,3,1645,1,2,1,1.0,6.0,14118,M,4917825.0,-35392.0,14
201800010571,18,10,5,830,1,2,1,1.0,2.0,14118,M,4917232.0,38133.0,14
201800010572,18,10,6,27,5,2,3,1.0,3.0,14118,M,4918155.0,39918.0,14
201800010573,18,10,14,2013,2,2,2,1.0,3.0,14101,M,4918693.0,-37917.0,14
201800010574,18,10,17,1105,1,2,1,1.0,1.0,14181,M,4915014.0,-32348.0,14
201800010575,18,10,20,1808,1,2,2,1.0,3.0,14118,M,4920929.0,37103.0,14
201800010576,18,10,25,1723,2,1,1,1.0,6.0,14118,M,4917930.0,-36264.0,14
201800010577,18,11,7,1220,1,2,6,1.0,3.0,14118,M,4912090.0,23295.0,14
201800010578,18,11,9,2000,5,2,1,1.0,6.0,14118,M,4918734.0,-36008.0,14
201800010579,18,11,13,1255,1,2,1,7.0,6.0,14118,M,4918655.0,-36676.0,14
201800010580,18,11,19,1745,2,2,1,1.0,3.0,14167,M,4900000.0,-29000.0,14
201800010581,18,11,11,2130,5,2,1,1.0,3.0,14118,M,,,14
201800010582,18,11,24,1740,5,2,1,1.0,3.0,14437,M,4920112.0,-29069.0,14
201800010583,18,11,30,1705,2,2,1,8.0,1.0,14118,M,4917857.0,39405.0,14
201800010584,18,12,1,1615,1,1,9,2.0,6.0,14118,M,4919815.0,-34252.0,14
201800010585,18,12,5,1710,2,2,2,1.0,3.0,14118,M,4919400.0,35990.0,14
201800010586,18,12,12,755,2,2,1,1.0,6.0,14118,M,4917035.0,-40206.0,14
201800010587,18,12,12,1617,1,2,1,2.0,2.0,14327,M,4920769.0,-32543.0,14
201800010588,18,12,13,745,5,2,1,1.0,3.0,14118,M,4917219.0,-38866.0,14
201800010589,18,12,16,1820,1,1,1,9.0,3.0,14437,M,4918460.0,31491.0,14
201800010590,18,12,18,545,5,2,1,8.0,6.0,14327,M,4919964.0,-33750.0,14
201800010591,18,12,18,1255,1,2,6,8.0,3.0,14327,M,4920244.0,-34090.0,14
201800010592,18,12,18,2030,4,2,2,2.0,1.0,14118,M,4918402.0,-36982.0,14
201800010593,18,2,9,2200,5,2,2,1.0,3.0,14327,M,4921570.0,-33949.0,14
201800010594,18,2,18,550,3,1,1,1.0,6.0,14225,M,4927790.0,-7126.0,14
201800010595,18,3,21,1715,1,2,2,1.0,3.0,14117,M,4928630.0,-11346.0,14
201800010596,18,3,28,1215,1,1,1,2.0,3.0,14117,M,4927400.0,-12164.0,14
201800010597,18,4,23,737,1,2,1,1.0,6.0,14117,M,4928407.0,-13182.0,14
201800010598,18,8,29,907,1,2,1,2.0,6.0,14338,M,,,14
201800010599,18,9,29,1920,1,2,8,7.0,6.0,14225,M,4929467.0,-9002.0,14
201800010600,18,1,19,715,3,1,1,8.0,6.0,88327,M,4830887.0,635346.0,88
201800010601,18,4,4,1530,1,1,1,1.0,6.0,88228,M,4841182.0,647857.0,88
201800010602,18,4,12,1430,1,2,6,1.0,3.0,88465,M,4824597.0,642533.0,88
201800010603,18,7,23,1730,1,1,2,1.0,6.0,88247,M,4826847.0,638628.0,88
201800010604,18,7,28,2145,3,2,1,1.0,6.0,88465,M,4826022.0,643753.0,88
201800010605,18,8,6,900,1,2,3,7.0,7.0,88094,M,4831391.0,639226.0,88
201800010606,18,8,18,1535,1,1,1,1.0,7.0,88247,M,4827720.0,639372.0,88
201800010607,18,12,18,1455,1,2,1,1.0,1.0,88465,M,4825225.0,643886.0,88
201800010608,18,12,28,1004,1,2,1,8.0,6.0,88327,M,4830705.0,638361.0,88
201800010609,18,4,13,1900,1,1,1,1.0,6.0,88479,M,4796699.0,623029.0,88
201800010610,18,8,26,945,1,1,2,1.0,3.0,88108,M,4795859.0,629170.0,88
201800010611,18,10,27,1125,1,1,1,2.0,3.0,88530,M,4803320.0,641870.0,88
201800010612,18,3,4,800,1,1,1,5.0,6.0,88124,M,4805908.0,600787.0,88
201800010613,18,3,5,1540,1,2,1,1.0,7.0,88353,M,4817020.0,613336.0,88
201800010614,18,3,14,1547,1,1,4,1.0,1.0,88381,M,4811491.0,602434.0,88
201800010615,18,6,20,1000,1,1,1,1.0,7.0,88123,M,4809627.0,566915.0,88
201800010616,18,6,27,1345,1,2,1,1.0,3.0,88267,M,4814437.0,615050.0,88
201800010617,18,7,9,1820,1,1,1,1.0,7.0,88105,M,4802674.0,605773.0,88
201800010618,18,7,16,2245,3,1,1,1.0,6.0,88123,M,4809327.0,569097.0,88
201800010619,18,8,18,1200,1,1,3,1.0,2.0,88310,M,4802967.0,596130.0,88
201800010620,18,8,23,1550,1,2,3,1.0,3.0,88065,M,4809877.0,605739.0,88
201800010621,18,10,26,1709,1,1,1,1.0,6.0,88377,M,4800514.0,597518.0,88
201800010622,18,11,24,1555,1,1,1,8.0,6.0,88161,M,4811158.0,616464.0,88
201800010623,18,5,8,630,2,1,1,1.0,1.0,88151,M,4821288.0,618956.0,88
201800010624,18,5,28,1045,1,2,1,1.0,7.0,88292,M,4827996.0,613340.0,88
201800010625,18,7,1,1119,1,1,1,1.0,7.0,88122,M,4820621.0,626044.0,88
201800010626,18,7,25,1745,1,1,1,1.0,3.0,88237,M,4821773.0,627871.0,88
201800010627,18,11,3,945,1,2,6,1.0,6.0,88304,M,4829988.0,613782.0,88
201800010628,18,6,3,1210,1,2,1,1.0,6.0,88516,M,4819759.0,596012.0,88
201800010629,18,7,20,1635,1,2,2,1.0,3.0,88114,M,4818834.0,588734.0,88
201800010630,18,7,28,545,2,1,3,2.0,3.0,88022,M,4823352.0,583779.0,88
201800010631,18,8,7,1500,1,1,1,1.0,5.0,88140,M,4813660.0,588363.0,88
201800010632,18,8,16,1415,1,1,1,1.0,6.0,88114,M,4819083.0,589204.0,88
201800010633,18,12,5,1800,5,2,1,1.0,3.0,88516,M,4819917.0,595111.0,88
201800010634,18,2,22,1600,1,1,1,8.0,5.0,88358,M,4809769.0,658979.0,88
201800010635,18,5,12,1151,1,1,2,1.0,1.0,88487,M,4794956.0,646134.0,88
201800010636,18,6,9,1520,1,2,1,3.0,7.0,88205,M,4795452.0,655881.0,88
201800010637,18,6,20,1930,1,2,1,1.0,7.0,88158,M,4809178.0,660339.0,88
201800010638,18,7,10,1330,1,1,1,1.0,7.0,88048,M,4799866.0,641851.0,88
201800010639,18,9,11,1805,1,2,3,7.0,3.0,88158,M,4809140.0,661002.0,88
201800010640,18,10,4,1345,1,2,1,1.0,6.0,88158,M,4809252.0,661088.0,88
201800010641,18,10,17,1750,1,1,1,7.0,6.0,88250,M,4811384.0,656888.0,88
201800010642,18,1,4,1745,5,2,3,3.0,6.0,88188,M,4787540.0,678369.0,88
201800010643,18,1,13,920,1,2,1,7.0,6.0,88468,M,4788084.0,676321.0,88
201800010644,18,1,20,1450,1,1,1,4.0,3.0,88302,M,4792261.0,680631.0,88
201800010645,18,3,7,1213,1,2,7,1.0,6.0,88408,M,4792664.0,666316.0,88
201800010646,18,4,16,1822,1,1,1,1.0,6.0,88302,M,4789630.0,677799.0,88
201800010647,18,6,9,1300,1,2,3,1.0,3.0,88369,M,4788999.0,673912.0,88
201800010648,18,3,24,1545,1,1,1,7.0,1.0,88075,M,4801451.0,689085.0,88
201800010649,18,4,22,1645,1,1,1,1.0,6.0,88075,M,4802222.0,689541.0,88
201800010650,18,5,18,1530,1,1,1,1.0,6.0,88442,M,4805387.0,677374.0,88
201800010651,18,7,1,1045,1,1,1,1.0,7.0,88500,M,4794275.0,684918.0,88
201800010652,18,8,15,1420,1,1,2,1.0,3.0,88116,M,4794320.0,683204.0,88
201800010653,18,8,17,1840,1,2,1,1.0,6.0,88447,M,4795094.0,678170.0,88
201800010654,18,9,19,1430,1,1,1,1.0,1.0,88391,M,4803367.0,683372.0,88
201800010655,18,10,9,1735,1,1,1,1.0,1.0,88442,M,4803092.0,678549.0,88
201800010656,18,10,9,1345,1,1,1,1.0,1.0,88116,M,4799410.0,685570.0,88
201800010657,18,11,27,718,3,2,2,2.0,6.0,88116,M,4795452.0,682415.0,88
201800010658,18,2,22,2209,3,1,1,1.0,6.0,88445,M,4825641.0,696017.0,88
201800010659,18,5,19,1049,1,1,1,1.0,6.0,88182,M,4828574.0,705506.0,88
201800010660,18,9,9,1836,1,2,1,1.0,3.0,88445,M,4823699.0,695174.0,88
201800010661,18,2,4,1756,3,2,1,4.0,1.0,88319,M,4838301.0,693397.0,88
201800010662,18,4,7,1645,1,2,1,1.0,6.0,88346,M,4840457.0,698864.0,88
201800010663,18,4,27,1100,1,2,1,1.0,2.0,88372,M,4840667.0,683989.0,88
201800010664,18,6,16,1520,1,2,3,1.0,3.0,88372,M,4840104.0,683078.0,88
201800010665,18,6,15,1900,1,1,1,1.0,7.0,88053,M,4840953.0,707122.0,88
201800010666,18,6,15,2125,3,1,1,1.0,7.0,88068,M,4830094.0,678931.0,88
201800010667,18,7,10,1530,1,2,1,1.0,6.0,88372,M,4840658.0,685276.0,88
201800010668,18,9,4,1000,1,2,9,7.0,6.0,88451,M,4839464.0,697980.0,88
201800010669,18,1,11,1020,1,1,1,1.0,7.0,08248,M,4965172.0,454912.0,08
201800010670,18,1,23,1935,3,2,1,3.0,6.0,08419,M,4969793.0,442021.0,08
201800010671,18,5,2,2100,3,1,1,1.0,1.0,08212,M,4983578.0,457150.0,08