Num_Acc,an,mois,jour,hrmn,lum,agg,int,atm,col,com,gps,lat,long,dep
201800010672,18,7,22,1845,1,2,1,1.0,1.0,08248,M,4965682.0,453293.0,08
201800010673,18,7,23,1715,1,2,1,1.0,6.0,08408,M,4985106.0,468906.0,08
201800010674,18,8,31,1640,1,1,1,1.0,7.0,08361,M,4982491.0,460011.0,08
201800010675,18,10,9,730,2,2,1,5.0,6.0,08230,M,4980639.0,466899.0,08
201800010676,18,10,20,1600,1,1,4,1.0,2.0,08137,M,4982031.0,469760.0,08
201800010677,18,11,25,600,3,1,1,2.0,1.0,08236,M,4964949.0,456693.0,08
201800010678,18,12,4,2015,3,1,1,1.0,7.0,08212,M,4984416.0,457417.0,08
201800010679,18,12,18,1720,3,1,3,1.0,3.0,08125,M,4979421.0,461057.0,08
201800010680,18,2,20,720,2,2,3,1.0,3.0,08107,M,4952985.0,424849.0,08
201800010681,18,4,14,2000,2,1,1,2.0,6.0,08368,M,4941449.0,417489.0,08
201800010682,18,7,10,1400,1,1,9,1.0,7.0,08476,M,4950595.0,407117.0,08
201800010683,18,7,23,2005,1,1,2,1.0,3.0,08038,M,4948080.0,422218.0,08
201800010684,18,8,13,1135,1,1,1,1.0,6.0,08473,M,4945044.0,410999.0,08
201800010685,18,8,20,1500,1,1,1,1.0,4.0,08150,M,4953248.0,432690.0,08
201800010686,18,9,7,1955,2,2,3,1.0,3.0,08024,M,4946309.0,410970.0,08
201800010687,18,1,5,2130,5,1,1,1.0,1.0,08363,M,4994393.0,465758.0,08
201800010688,18,2,1,1600,1,2,9,7.0,6.0,08363,M,4993882.0,463918.0,08
201800010689,18,4,11,1605,1,2,2,1.0,3.0,08302,M,4988386.0,474560.0,08
201800010690,18,5,7,1130,1,2,3,1.0,4.0,08185,M,4999101.0,470032.0,08
201800010691,18,5,12,1545,1,1,1,7.0,6.0,08302,M,4992981.0,477736.0,08
201800010692,18,11,9,2215,3,2,1,1.0,1.0,08222,M,4999561.0,470000.0,08
201800010693,18,4,22,1530,1,1,1,1.0,5.0,08214,M,4997611.0,477605.0,08
201800010694,18,4,24,1810,1,2,6,1.0,7.0,08190,M,5013697.0,483321.0,08
201800010695,18,5,4,1205,1,2,2,1.0,6.0,08190,M,5013618.0,482680.0,08
201800010696,18,5,22,1730,1,2,6,7.0,3.0,08190,M,5013433.0,483989.0,08
201800010697,18,5,23,740,1,2,9,1.0,6.0,08190,M,5013625.0,482672.0,08
201800010698,18,7,6,1600,1,2,1,1.0,1.0,08487,M,5006822.0,472956.0,08
201800010699,18,11,26,1725,5,2,3,2.0,3.0,08486,M,5008278.0,472492.0,08
201800010700,18,6,19,1407,1,1,1,2.0,6.0,08355,M,4992529.0,445549.0,08
201800010701,18,9,16,1859,1,1,1,1.0,6.0,08367,M,4990818.0,452980.0,08
201800010702,18,10,4,2300,3,2,3,1.0,6.0,08420,M,4990219.0,428502.0,08
201800010703,18,2,6,1900,3,1,3,4.0,3.0,08281,M,4965755.0,519285.0,08
201800010704,18,8,14,1510,1,2,1,1.0,6.0,08090,M,4963137.0,516660.0,08
201800010705,18,8,18,30,3,1,1,1.0,1.0,08466,M,4960333.0,512763.0,08
201800010706,18,9,2,2115,3,1,1,1.0,6.0,08375,M,4967113.0,514556.0,08
201800010707,18,1,11,1550,1,2,5,2.0,3.0,08173,M,4969881.0,477362.0,08
201800010708,18,3,8,540,3,1,1,9.0,6.0,08142,M,4969192.0,487472.0,08
201800010709,18,4,1,600,3,1,1,8.0,6.0,08481,M,4969122.0,485077.0,08
201800010710,18,4,21,2050,2,2,1,1.0,3.0,08173,M,4969955.0,477400.0,08
201800010711,18,4,29,1325,1,2,1,8.0,7.0,08099,M,4970101.0,465701.0,08
201800010712,18,6,3,1659,1,1,1,1.0,1.0,08199,M,4979742.0,481804.0,08
201800010713,18,6,27,658,1,1,1,1.0,1.0,08498,M,4973250.0,465498.0,08
201800010714,18,7,20,434,3,2,1,1.0,6.0,08263,M,4971855.0,478386.0,08
201800010715,18,7,25,630,2,1,1,1.0,7.0,08492,M,4969749.0,481565.0,08
201800010716,18,9,13,45,3,1,1,1.0,6.0,08491,M,4972414.0,485368.0,08
201800010717,18,9,12,1550,1,1,1,1.0,5.0,08096,M,4970715.0,476941.0,08
201800010718,18,9,14,2030,3,1,1,1.0,6.0,08003,M,4976853.0,474591.0,08
201800010719,18,9,18,500,5,2,6,1.0,6.0,08040,M,4972682.0,475526.0,08
201800010720,18,10,1,1635,1,2,1,1.0,7.0,08341,M,4964932.0,464202.0,08
201800010721,18,4,7,2245,3,1,1,1.0,1.0,08490,M,4939525.0,473145.0,08
201800010722,18,4,20,1750,1,2,1,1.0,3.0,08025,M,4947967.0,457882.0,08
201800010723,18,6,2,1900,1,1,2,1.0,3.0,08296,M,4928589.0,480396.0,08
201800010724,18,6,23,1340,1,2,1,1.0,6.0,08256,M,4930618.0,465784.0,08
201800010725,18,7,17,1110,1,1,3,1.0,2.0,08135,M,4940480.0,479831.0,08
201800010726,18,10,5,1805,1,2,3,1.0,3.0,08025,M,4947526.0,457847.0,08
201800010727,18,12,21,1715,2,2,4,1.0,6.0,08490,M,4939471.0,470221.0,08
201800010728,18,4,22,1700,1,1,1,1.0,7.0,08424,M,4949274.0,496665.0,08
201800010729,18,5,19,850,1,1,1,1.0,1.0,08116,M,4950857.0,475281.0,08
201800010730,18,7,2,1435,1,1,1,1.0,6.0,08086,M,4938701.0,483021.0,08
201800010731,18,10,5,945,1,2,1,1.0,6.0,08089,M,4942689.0,495535.0,08
201800010732,18,1,14,1645,2,1,1,8.0,6.0,52243,M,4815212.0,553131.0,52
201800010733,18,3,28,745,1,1,1,8.0,7.0,52313,M,4818774.0,524670.0,52
201800010734,18,5,13,1830,1,1,2,3.0,3.0,52008,M,4820928.0,527335.0,52
201800010735,18,5,23,1445,1,1,1,1.0,7.0,52444,M,4826528.0,543050.0,52
201800010736,18,5,28,1820,1,1,1,1.0,7.0,52008,M,4822499.0,528659.0,52
201800010737,18,6,4,1830,1,1,1,2.0,6.0,52167,M,4818220.0,523827.0,52
201800010738,18,7,8,1805,1,1,1,1.0,7.0,52286,M,4832622.0,537850.0,52
201800010739,18,12,1,1616,2,1,1,1.0,6.0,52342,M,4837696.0,540801.0,52
201800010740,18,12,11,1745,3,1,1,1.0,1.0,52423,M,4826165.0,535046.0,52
201800010741,18,4,25,1200,1,1,1,1.0,5.0,52524,M,4828024.0,509019.0,52
201800010742,18,7,17,1715,1,2,1,1.0,6.0,52253,M,4818382.0,498018.0,52
201800010743,18,7,26,1920,1,1,1,1.0,6.0,52251,M,4815274.0,509009.0,52
201800010744,18,8,23,620,2,1,1,1.0,6.0,52548,M,4823966.0,511651.0,52
201800010745,18,10,11,430,3,1,6,1.0,7.0,52260,M,4821209.0,512497.0,52
201800010746,18,10,20,1745,1,1,2,7.0,3.0,52548,M,4823072.0,511847.0,52
201800010747,18,12,14,1520,1,1,1,1.0,7.0,52058,M,4820499.0,516095.0,52
201800010748,18,4,20,1800,1,1,1,1.0,7.0,52242,M,4787169.0,551658.0,52
201800010749,18,5,18,1830,1,2,1,1.0,6.0,52060,M,4795166.0,574890.0,52
201800010750,18,7,2,1300,1,2,3,1.0,6.0,52242,M,4783140.0,551973.0,52
201800010751,18,7,14,2100,1,1,1,1.0,6.0,52060,M,4792057.0,575354.0,52
201800010752,18,10,3,1625,1,2,1,2.0,7.0,52208,M,4794221.0,583877.0,52
201800010753,18,10,26,720,3,1,1,5.0,6.0,52504,M,4789401.0,562819.0,52
201800010754,18,11,2,1430,1,1,1,1.0,2.0,52060,M,4795554.0,572224.0,52
201800010755,18,3,4,1440,1,1,1,2.0,6.0,52093,M,4778201.0,547507.0,52
201800010756,18,5,15,1740,1,1,1,1.0,6.0,52493,M,4770262.0,558214.0,52
201800010757,18,5,27,1600,1,1,4,1.0,6.0,52388,M,4781360.0,566925.0,52
201800010758,18,5,31,2020,1,1,1,1.0,7.0,52464,M,4771211.0,552105.0,52
201800010759,18,6,3,1200,1,2,1,1.0,6.0,52093,M,4780687.0,544484.0,52
201800010760,18,6,24,350,4,2,1,1.0,6.0,52083,M,4775067.0,554933.0,52
201800010761,18,6,29,2240,3,2,1,1.0,3.0,52093,M,4780186.0,542635.0,52
201800010762,18,12,11,845,1,1,1,5.0,1.0,52438,M,4780749.0,555500.0,52
201800010763,18,2,14,2000,3,1,1,3.0,6.0,14304,M,4937070.0,21965.0,14
201800010764,18,2,27,1000,1,1,1,7.0,6.0,14243,M,4940010.0,21824.0,14
201800010765,18,3,16,1635,1,2,1,1.0,6.0,14333,M,,,14
201800010766,18,3,19,1353,1,2,1,1.0,7.0,14333,M,4941740.0,23102.0,14
201800010767,18,3,21,1735,1,2,1,1.0,2.0,14333,M,4941870.0,23631.0,14
201800010768,18,3,31,1823,1,1,4,2.0,3.0,14333,M,4940470.0,23142.0,14
201800010769,18,5,7,2230,5,1,1,1.0,2.0,14333,M,4941578.0,24563.0,14
201800010770,18,5,9,1840,1,2,9,1.0,2.0,14333,M,4941600.0,24410.0,14
201800010771,18,5,26,115,5,2,4,2.0,6.0,14243,M,4939892.0,21458.0,14
201800010772,18,5,29,1720,1,1,9,8.0,7.0,14243,M,4939659.0,19429.0,14
201800010773,18,6,19,2310,5,2,1,1.0,7.0,14333,M,4940764.0,23963.0,14
201800010774,18,7,24,1230,1,2,9,7.0,3.0,14333,M,4941759.0,24017.0,14
201800010775,18,7,29,1659,1,2,1,8.0,7.0,14333,M,4941570.0,23760.0,14
201800010776,18,8,16,1845,1,1,1,1.0,6.0,14001,M,4938697.0,27622.0,14
201800010777,18,8,28,1150,1,2,7,1.0,6.0,14333,M,4942432.0,22874.0,14
201800010778,18,9,6,1905,1,2,6,1.0,2.0,14536,M,4941161.0,25257.0,14
201800010779,18,9,13,1800,1,2,1,1.0,6.0,14333,M,4941436.0,24677.0,14
201800010780,18,10,19,1656,1,2,6,7.0,4.0,14536,M,4941150.0,25204.0,14
201800010781,18,11,15,1525,1,2,4,1.0,3.0,14333,M,4940061.0,23861.0,14
201800010782,18,6,24,1741,1,1,1,1.0,1.0,52529,M,4773068.0,532338.0,52
201800010783,18,7,21,845,1,1,1,1.0,2.0,52405,M,4767018.0,531292.0,52
201800010784,18,7,23,1915,1,1,9,1.0,2.0,52070,M,4781349.0,528556.0,52
201800010785,18,11,28,1850,3,1,1,5.0,6.0,52035,M,4775303.0,526156.0,52
201800010786,18,3,14,1200,1,1,1,,7.0,52189,M,,,52
201800010787,18,3,8,1200,1,1,1,,7.0,52529,M,,,52
201800010788,18,1,4,1440,1,1,1,2.0,6.0,52346,M,4838334.0,515480.0,52
201800010789,18,1,14,1340,1,2,1,1.0,6.0,52265,M,4855111.0,507519.0,52
201800010790,18,2,16,1845,3,1,1,1.0,1.0,52044,M,4827600.0,522905.0,52
201800010791,18,3,12,2215,3,1,1,8.0,2.0,52414,M,4852615.0,509016.0,52
201800010792,18,6,2,1515,1,1,9,1.0,6.0,52265,M,4854059.0,508546.0,52
201800010793,18,7,8,1835,1,1,1,1.0,6.0,52194,M,4856591.0,505562.0,52
201800010794,18,7,17,1315,1,1,1,1.0,7.0,52442,M,4841868.0,512072.0,52
201800010795,18,10,13,20,3,1,1,1.0,4.0,52429,M,4860315.0,503089.0,52
201800010796,18,11,17,1500,1,2,1,1.0,7.0,52250,M,4843502.0,513773.0,52
201800010797,18,1,2,1245,1,1,1,8.0,1.0,52497,M,4852132.0,497403.0,52
201800010798,18,5,6,705,1,2,1,1.0,6.0,52550,M,4849248.0,494721.0,52
201800010799,18,5,15,1900,1,1,1,3.0,1.0,52198,M,4847903.0,504035.0,52
201800010800,18,10,13,810,1,1,1,1.0,7.0,52550,M,4849333.0,489508.0,52
201800010801,18,10,13,905,1,1,1,1.0,6.0,52497,M,4853789.0,498219.0,52
201800010802,18,5,16,1355,1,1,1,1.0,7.0,48016,M,4445791.0,345114.0,48
201800010803,18,7,6,1410,1,1,1,1.0,7.0,48037,M,4451200.0,364051.0,48
201800010804,18,7,26,650,2,1,1,1.0,6.0,48013,M,4453433.0,357675.0,48
201800010805,18,8,16,2015,1,1,1,1.0,6.0,48157,M,4451941.0,360258.0,48
201800010806,18,8,20,800,1,1,2,1.0,3.0,48189,M,4461220.0,342325.0,48
201800010807,18,10,8,50,3,1,1,2.0,7.0,48127,M,4464029.0,347411.0,48
201800010808,18,10,26,1550,1,1,1,1.0,1.0,48147,M,4444054.0,353852.0,48
201800010809,18,12,29,1,3,1,1,1.0,7.0,48003,M,4453949.0,365987.0,48
201800010810,18,5,23,1515,1,1,1,1.0,2.0,48086,M,4468772.0,387514.0,48
201800010811,18,6,4,1500,1,1,1,8.0,7.0,48043,M,4462498.0,367363.0,48
201800010812,18,6,11,1630,1,1,4,2.0,3.0,48010,M,4475939.0,373305.0,48
201800010813,18,6,15,835,1,1,3,1.0,3.0,48150,M,4468149.0,382968.0,48
201800010814,18,7,6,1310,1,1,1,1.0,7.0,48070,M,4478591.0,362934.0,48
201800010815,18,8,11,1600,1,2,4,1.0,7.0,48082,M,4460140.0,366690.0,48
201800010816,18,8,19,1735,1,1,1,1.0,1.0,48108,M,4471606.0,361117.0,48
201800010817,18,8,31,928,1,1,1,1.0,1.0,48045,M,4465876.0,374970.0,48
201800010818,18,9,5,930,1,1,3,7.0,2.0,48129,M,4470315.0,378612.0,48
201800010819,18,9,8,1600,1,2,1,7.0,6.0,48080,M,4472594.0,385495.0,48
201800010820,18,10,20,220,3,1,1,5.0,6.0,48184,M,4484995.0,360276.0,48
201800010821,18,11,16,1900,3,1,1,1.0,7.0,48082,M,4459469.0,364334.0,48
201800010822,18,12,15,1015,1,2,1,1.0,3.0,48080,M,4472449.0,384042.0,48
201800010823,18,12,26,1708,2,1,1,1.0,7.0,48174,M,4480197.0,356556.0,48
201800010824,18,2,25,1545,1,1,1,1.0,5.0,48075,M,4437543.0,354276.0,48
201800010825,18,8,19,1635,1,1,3,1.0,3.0,48166,M,4468580.0,380700.0,48
201800010826,18,8,25,1120,1,1,1,8.0,1.0,48075,M,4440631.0,351408.0,48
201800010827,18,10,12,1315,1,1,1,2.0,7.0,48075,M,4440288.0,358111.0,48
201800010828,18,11,13,1330,1,1,1,8.0,1.0,48022,M,4435418.0,363221.0,48
201800010829,18,6,30,1915,1,2,9,1.0,7.0,48019,M,4424991.0,364952.0,48
201800010830,18,7,2,1530,1,1,1,1.0,7.0,48097,M,4415782.0,379151.0,48
201800010831,18,8,15,1130,1,1,1,1.0,7.0,48178,M,4427147.0,385140.0,48
201800010832,18,9,22,1245,1,1,1,1.0,7.0,48097,M,4415782.0,379151.0,48
201800010833,18,5,5,1435,1,1,1,1.0,7.0,48096,M,4416500.0,345920.0,48
201800010834,18,5,21,1650,1,1,1,1.0,1.0,48122,M,4435079.0,351037.0,48
201800010835,18,6,30,1900,1,1,1,7.0,7.0,48154,M,4433495.0,323543.0,48
201800010836,18,7,8,1230,1,2,1,1.0,2.0,48088,M,4430203.0,331369.0,48
201800010837,18,7,25,1413,1,1,1,1.0,7.0,48096,M,4415711.0,343039.0,48
201800010838,18,8,8,1640,1,1,1,1.0,7.0,48096,M,4419792.0,345143.0,48
201800010839,18,8,20,1615,1,1,1,1.0,7.0,48122,M,4435079.0,351037.0,48
201800010840,18,8,22,1830,1,1,1,1.0,6.0,48094,M,4427220.0,322567.0,48
201800010841,18,9,16,1700,1,1,1,1.0,7.0,48069,M,4421239.0,347736.0,48
201800010842,18,10,28,1600,1,1,1,8.0,7.0,48146,M,4438887.0,344863.0,48
201800010843,18,11,7,1910,3,1,1,2.0,6.0,48154,M,4435494.0,325126.0,48
201800010844,18,1,3,2215,5,2,6,2.0,6.0,48092,M,4454441.0,328124.0,48
201800010845,18,3,19,1420,1,2,1,1.0,3.0,48056,M,4448347.0,336117.0,48
201800010846,18,6,10,545,1,1,1,1.0,7.0,48072,M,4451167.0,332077.0,48
201800010847,18,6,22,930,1,1,1,1.0,7.0,48165,M,4461304.0,319085.0,48
201800010848,18,6,23,1600,1,1,1,1.0,7.0,48034,M,4439050.0,329152.0,48
201800010849,18,8,6,2030,1,1,1,1.0,3.0,48039,M,4445997.0,340390.0,48
201800010850,18,8,11,1150,1,1,3,1.0,1.0,48018,M,4450040.0,339880.0,48
201800010851,18,9,22,2215,3,2,1,1.0,7.0,48092,M,4455212.0,331492.0,48
201800010852,18,10,4,915,1,1,3,1.0,1.0,48039,M,4447143.0,333568.0,48
201800010853,18,11,19,1750,3,1,2,2.0,2.0,48032,M,4461895.0,326303.0,48
201800010854,18,12,4,845,1,1,1,2.0,3.0,48156,M,4446209.0,319641.0,48
201800010855,18,2,4,2000,3,1,1,1.0,7.0,48123,M,4470033.0,303153.0,48
201800010856,18,10,1,1420,1,1,1,1.0,7.0,48190,M,4481118.0,317341.0,48
201800010857,18,10,5,1910,2,1,1,1.0,7.0,48087,M,4469667.0,310831.0,48
201800010858,18,6,3,2200,5,1,1,8.0,7.0,48140,M,4481327.0,327861.0,48
201800010859,18,7,23,810,1,1,1,1.0,6.0,48009,M,4470701.0,318884.0,48
201800010860,18,9,25,1610,1,1,1,1.0,1.0,48063,M,4474474.0,337673.0,48
201800010861,18,10,20,330,5,2,1,1.0,7.0,48140,M,4479163.0,326850.0,48
201800010862,18,10,27,2300,3,1,1,4.0,6.0,48089,M,4486008.0,340458.0,48
201800010863,18,11,8,1030,1,2,1,1.0,6.0,48140,M,4480172.0,327675.0,48
201800010864,18,1,9,330,3,1,1,3.0,7.0,30224,M,4392660.0,422381.0,30
201800010865,18,1,14,25,3,1,1,1.0,7.0,30241,M,4396717.0,427737.0,30
201800010866,18,2,19,945,1,1,3,1.0,3.0,30182,M,4385558.0,417893.0,30
201800010867,18,4,8,400,3,1,1,1.0,6.0,30182,M,4385956.0,416843.0,30
201800010868,18,4,22,700,2,1,1,1.0,7.0,30255,M,4395823.0,423976.0,30
201800010869,18,6,1,1239,1,1,3,1.0,3.0,30088,M,4385908.0,411582.0,30
201800010870,18,6,10,1445,1,1,1,1.0,5.0,30102,M,4390848.0,428536.0,30
201800010871,18,6,18,1955,1,1,1,1.0,1.0,30241,M,4396588.0,427737.0,30
201800010872,18,6,23,1030,1,2,1,1.0,6.0,30098,M,4388092.0,409978.0,30
201800010873,18,7,11,630,2,1,1,1.0,6.0,30098,M,4388184.0,409647.0,30
201800010874,18,9,23,1025,1,1,1,1.0,7.0,30102,M,4393307.0,429080.0,30
201800010875,18,10,5,2050,3,1,1,1.0,6.0,30088,M,4384891.0,410795.0,30
201800010876,18,11,28,1435,1,1,1,1.0,6.0,30182,M,4383935.0,414139.0,30
201800010877,18,4,16,650,2,1,1,1.0,1.0,30027,M,4405912.0,406454.0,30
201800010878,18,5,24,2350,3,1,1,1.0,6.0,30027,M,4406958.0,404491.0,30
201800010879,18,6,23,1720,1,1,1,1.0,6.0,30329,M,4405995.0,390755.0,30
201800010880,18,10,7,2130,3,1,1,1.0,7.0,30330,M,4403427.0,400678.0,30
201800010881,18,10,20,1533,1,1,1,1.0,3.0,30010,M,4404519.0,398482.0,30
201800010882,18,12,10,2220,3,1,2,1.0,6.0,30027,M,4406388.0,406824.0,30
201800010883,18,12,22,2040,5,2,9,1.0,3.0,30027,M,4407484.0,405659.0,30
201800010884,18,1,18,1630,1,2,1,1.0,6.0,30223,M,4419687.0,415231.0,30
201800010885,18,2,12,2300,5,2,1,1.0,6.0,30284,M,4416029.0,408484.0,30
201800010886,18,3,12,1554,1,2,1,1.0,1.0,30284,M,4414733.0,407087.0,30
201800010887,18,4,26,1900,1,2,1,1.0,6.0,30284,M,4417837.0,408147.0,30
201800010888,18,4,26,1620,1,2,2,1.0,6.0,30305,M,4416725.0,416028.0,30
201800010889,18,6,9,1730,1,1,1,1.0,1.0,30284,M,4415497.0,409386.0,30
201800010890,18,8,16,1153,1,2,9,1.0,3.0,30223,M,4419921.0,413611.0,30
201800010891,18,10,16,1700,1,2,4,2.0,5.0,30305,M,4417805.0,416164.0,30
201800010892,18,11,15,1300,1,2,1,1.0,2.0,30223,M,4420658.0,414184.0,30
201800010893,18,11,24,1720,2,1,1,1.0,7.0,30223,M,4419819.0,413509.0,30
201800010894,18,11,27,1350,1,1,1,1.0,6.0,30284,M,4415184.0,409468.0,30
201800010895,18,12,1,1800,3,1,1,1.0,1.0,30284,M,4415682.0,409349.0,30
201800010896,18,1,19,1850,5,2,3,1.0,3.0,30227,M,4425429.0,420214.0,30
201800010897,18,2,3,2315,5,2,2,1.0,3.0,30037,M,4429038.0,410104.0,30
201800010898,18,4,9,1600,1,2,3,2.0,2.0,30227,M,4425844.0,419102.0,30
201800010899,18,4,18,1825,1,1,1,1.0,6.0,30029,M,4431267.0,438235.0,30
201800010900,18,5,2,1900,1,1,9,1.0,6.0,30237,M,4428445.0,419003.0,30
201800010901,18,6,19,1840,1,2,3,1.0,1.0,30268,M,4423346.0,413501.0,30
201800010902,18,7,26,115,3,1,1,1.0,6.0,30293,M,4428406.0,437850.0,30
201800010903,18,8,12,550,2,1,1,1.0,6.0,30227,M,4425601.0,418628.0,30
201800010904,18,9,5,1215,1,1,1,1.0,1.0,30237,M,4428281.0,419578.0,30
201800010905,18,10,19,2300,3,1,1,1.0,6.0,30268,M,4423476.0,413959.0,30
201800010906,18,12,21,1745,3,1,3,2.0,3.0,30152,M,4424118.0,418389.0,30
201800010907,18,3,27,1650,1,2,1,1.0,6.0,30259,M,4408295.0,411249.0,30
201800010908,18,4,23,1635,1,2,3,1.0,3.0,30259,M,4410617.0,412335.0,30
201800010909,18,6,13,1245,1,1,1,1.0,5.0,30053,M,4399561.0,421963.0,30
201800010910,18,8,1,1450,1,1,1,1.0,7.0,30146,M,4399988.0,410418.0,30
201800010911,18,9,13,1200,1,1,1,1.0,1.0,30147,M,4400971.0,405201.0,30
201800010912,18,9,23,1800,1,1,9,1.0,7.0,30163,M,4395546.0,416247.0,30
201800010913,18,10,13,1830,2,1,1,8.0,6.0,30072,M,4400533.0,424789.0,30
201800010914,18,10,26,1650,1,1,1,1.0,2.0,30046,M,4399220.0,418182.0,30
201800010915,18,10,29,1715,2,2,3,3.0,1.0,30259,M,4410461.0,412685.0,30
201800010916,18,12,20,1133,1,1,1,1.0,1.0,30068,M,4400643.0,410303.0,30
201800010917,18,1,16,700,3,1,3,2.0,1.0,30089,M,4384188.0,461900.0,30
201800010918,18,3,13,850,1,1,3,7.0,3.0,30346,M,4396609.0,450884.0,30
201800010919,18,3,22,1425,1,1,1,1.0,5.0,30089,M,4384360.0,461457.0,30
201800010920,18,4,12,1038,1,1,1,2.0,1.0,30116,M,4393453.0,458258.0,30
201800010921,18,4,14,1430,1,1,1,1.0,6.0,30012,M,4390118.0,469943.0,30
201800010922,18,4,28,1500,1,1,1,1.0,6.0,30179,M,4386190.0,459028.0,30
201800010923,18,5,11,1010,1,1,9,1.0,5.0,30073,M,4396995.0,457452.0,30
201800010924,18,5,16,1410,1,1,6,1.0,1.0,30013,M,4397143.0,449859.0,30
201800010925,18,6,20,2145,5,2,1,1.0,6.0,30089,M,4384873.0,460640.0,30
201800010926,18,6,29,1500,1,1,1,1.0,1.0,30085,M,4395920.0,448486.0,30
201800010927,18,6,29,1750,1,1,3,1.0,3.0,30340,M,4401718.0,462566.0,30
201800010928,18,7,7,835,1,2,1,1.0,7.0,30235,M,4392765.0,454529.0,30
201800010929,18,7,6,2015,1,1,1,1.0,1.0,30346,M,4395792.0,452202.0,30
201800010930,18,7,9,1450,1,2,1,1.0,5.0,30212,M,4395452.0,454388.0,30
201800010931,18,7,15,800,1,1,1,1.0,6.0,30346,M,4395792.0,452202.0,30
201800010932,18,7,17,740,1,1,1,1.0,1.0,30012,M,4390428.0,468315.0,30
201800010933,18,7,26,830,1,1,1,7.0,7.0,30012,M,4391545.0,471779.0,30
201800010934,18,8,19,515,3,1,3,1.0,6.0,30089,M,4384277.0,462157.0,30
201800010935,18,9,21,1555,1,1,1,1.0,3.0,30107,M,4394400.0,462341.0,30
201800010936,18,9,22,1200,1,1,3,1.0,3.0,30336,M,4385861.0,461757.0,30
201800010937,18,9,28,1530,1,1,1,1.0,6.0,30089,M,4384848.0,458707.0,30
201800010938,18,10,20,1730,1,1,2,1.0,3.0,30336,M,4385710.0,463402.0,30
201800010939,18,10,23,500,3,1,1,1.0,6.0,30212,M,4393851.0,457924.0,30
201800010940,18,10,25,910,1,1,3,1.0,3.0,30012,M,4388003.0,462857.0,30
201800010941,18,11,17,1130,1,1,1,2.0,3.0,30166,M,4388695.0,457522.0,30
201800010942,18,12,29,1030,1,1,1,1.0,5.0,30179,M,4386542.0,458831.0,30
201800010943,18,2,7,750,1,2,1,1.0,6.0,30350,M,4399280.0,360674.0,30
201800010944,18,4,12,1325,1,1,1,2.0,5.0,30325,M,4399219.0,368434.0,30
201800010945,18,5,31,915,1,1,1,1.0,7.0,30229,M,4402247.0,367923.0,30
201800010946,18,6,10,1550,1,1,1,1.0,6.0,30350,M,4398900.0,363366.0,30
201800010947,18,6,17,1915,1,1,1,1.0,7.0,30038,M,4397933.0,353494.0,30
201800010948,18,6,24,1050,1,1,1,1.0,7.0,30339,M,4408634.0,360259.0,30
201800010949,18,7,8,1100,1,1,1,1.0,7.0,30339,M,4408741.0,358718.0,30
201800010950,18,8,19,1715,1,1,1,1.0,1.0,30009,M,4396566.0,342291.0,30
201800010951,18,7,29,1130,1,1,1,1.0,4.0,30339,M,4409010.0,356422.0,30
201800010952,18,8,7,2330,3,1,1,1.0,7.0,30339,M,4408634.0,360259.0,30
201800010953,18,10,21,1530,1,1,1,1.0,7.0,30108,M,4409556.0,376501.0,30
201800010954,18,8,15,1045,1,1,1,1.0,6.0,30192,M,4388403.0,404161.0,30
201800010955,18,9,2,1655,1,1,1,1.0,6.0,30349,M,4387286.0,407981.0,30
201800010956,18,9,19,1845,1,1,4,1.0,1.0,30263,M,4395575.0,387064.0,30
201800010957,18,6,21,1750,1,1,2,1.0,3.0,30093,M,4394655.0,390748.0,30
201800010958,18,4,14,745,2,1,1,2.0,7.0,30083,M,4373009.0,422684.0,30
201800010959,18,5,7,1830,1,1,1,8.0,7.0,30341,M,4368771.0,424680.0,30
201800010960,18,5,11,1530,1,2,1,1.0,3.0,30341,M,4370242.0,427065.0,30
201800010961,18,5,31,755,2,1,1,2.0,6.0,30341,M,4366979.0,428249.0,30
201800010962,18,4,30,945,1,2,3,2.0,6.0,30344,M,4374322.0,420710.0,30
201800010963,18,6,13,1200,1,2,1,1.0,2.0,30341,M,4369617.0,427465.0,30
201800010964,18,7,6,635,1,1,1,1.0,1.0,30341,M,4366979.0,428249.0,30
201800010965,18,7,28,405,3,1,3,1.0,6.0,30185,M,4372364.0,421311.0,30
201800010966,18,10,26,1415,1,1,2,1.0,1.0,30083,M,4372104.0,422527.0,30
201800010967,18,10,26,2150,3,1,2,1.0,3.0,30006,M,4368712.0,419916.0,30
201800010968,18,12,9,254,3,1,1,1.0,1.0,30033,M,4371596.0,428596.0,30
201800010969,18,12,9,1830,3,1,2,1.0,3.0,30006,M,4368707.0,419919.0,30
201800010970,18,12,22,1240,1,2,2,1.0,3.0,30083,M,4372856.0,422386.0,30
201800010971,18,2,25,100,3,1,1,1.0,6.0,30114,M,4381399.0,409536.0,30
201800010972,18,4,3,1630,1,1,9,1.0,3.0,30249,M,4380456.0,421950.0,30
201800010973,18,4,12,1800,1,1,1,2.0,1.0,30019,M,4375039.0,412303.0,30
201800010974,18,4,16,1345,1,1,1,1.0,1.0,30114,M,4382714.0,410975.0,30
201800010975,18,6,2,1610,1,1,1,1.0,1.0,30324,M,4383064.0,413530.0,30
201800010976,18,6,9,1629,1,1,6,1.0,7.0,30062,M,4377945.0,419488.0,30