Num_Acc,an,mois,jour,hrmn,lum,agg,int,atm,col,com,gps,lat,long,dep
201800010977,18,7,2,1610,1,1,9,1.0,6.0,30352,M,4381197.0,409415.0,30
201800010978,18,7,8,1920,1,1,1,1.0,3.0,30062,M,4378582.0,421516.0,30
201800010979,18,11,4,1810,3,1,1,1.0,5.0,30075,M,4382736.0,425892.0,30
201800010980,18,11,21,900,1,2,1,8.0,1.0,30082,M,4383591.0,422752.0,30
201800010981,18,1,14,345,3,1,1,3.0,6.0,30003,M,4358308.0,420785.0,30
201800010982,18,2,16,1040,1,2,2,1.0,6.0,30133,M,4353724.0,413764.0,30
201800010983,18,2,23,1815,2,2,1,1.0,5.0,30003,M,4354424.0,420262.0,30
201800010984,18,3,18,250,3,1,1,1.0,5.0,30003,M,4354424.0,420262.0,30
201800010985,18,3,28,1330,1,2,1,1.0,2.0,30133,M,4351231.0,413715.0,30
201800010986,18,3,30,2110,3,2,1,3.0,6.0,30003,M,4356307.0,418558.0,30
201800010987,18,5,1,730,1,1,1,2.0,3.0,30276,M,4363880.0,419245.0,30
201800010988,18,5,18,950,1,2,6,1.0,3.0,30133,M,4353936.0,414351.0,30
201800010989,18,6,13,1630,1,1,1,1.0,5.0,30003,M,4358066.0,420515.0,30
201800010990,18,7,21,1845,1,2,1,1.0,6.0,30133,M,4353274.0,414081.0,30
201800010991,18,7,21,2310,5,2,1,1.0,6.0,30133,M,4352426.0,414529.0,30
201800010992,18,7,25,910,1,2,1,1.0,7.0,30003,M,4356893.0,419580.0,30
201800010993,18,8,8,1500,1,1,1,1.0,1.0,30133,M,4348109.0,420406.0,30
201800010994,18,8,4,1200,1,1,1,1.0,3.0,30133,M,4354324.0,415059.0,30
201800010995,18,9,6,945,1,1,1,2.0,3.0,30276,M,4363871.0,419212.0,30
201800010996,18,9,15,1905,1,2,1,1.0,6.0,30133,M,4353996.0,413455.0,30
201800010997,18,10,17,910,1,1,1,2.0,2.0,30133,M,4353689.0,414529.0,30
201800010998,18,12,4,1615,1,1,9,1.0,2.0,30003,M,4356912.0,419179.0,30
201800010999,18,1,6,750,5,2,2,1.0,3.0,37050,M,4735097.0,70037.0,37
201800011000,18,2,17,1745,1,1,1,1.0,1.0,37018,M,4736557.0,63295.0,37
201800011001,18,3,6,1455,1,1,1,1.0,2.0,37099,M,4729640.0,54312.0,37
201800011002,18,4,25,1715,1,2,6,1.0,3.0,37050,M,4733259.0,69770.0,37
201800011003,18,5,11,1055,1,2,2,1.0,3.0,37050,M,4734690.0,70716.0,37
201800011004,18,5,20,1945,1,2,6,1.0,6.0,37050,M,4733328.0,70174.0,37
201800011005,18,5,23,1615,1,2,3,1.0,3.0,37050,M,4734240.0,70866.0,37
201800011006,18,6,5,1610,1,2,1,1.0,6.0,37050,M,4734141.0,68929.0,37
201800011007,18,6,10,1910,1,1,1,1.0,7.0,37122,M,4735225.0,64598.0,37
201800011008,18,6,10,2115,2,2,2,1.0,3.0,37050,M,4731482.0,71140.0,37
201800011009,18,7,4,930,1,2,2,1.0,6.0,37018,M,4734294.0,61606.0,37
201800011010,18,8,8,1940,1,2,1,1.0,3.0,37050,M,4733243.0,68453.0,37
201800011011,18,8,12,535,2,2,6,1.0,7.0,37018,M,4733425.0,61265.0,37
201800011012,18,8,2,1415,1,2,1,1.0,6.0,37050,M,4735045.0,70052.0,37
201800011013,18,8,17,1815,1,2,6,1.0,3.0,37050,M,4736227.0,69807.0,37
201800011014,18,10,9,1330,1,2,9,1.0,3.0,37050,M,4734537.0,71122.0,37
201800011015,18,10,14,1140,1,2,1,1.0,3.0,37243,M,4734756.0,54797.0,37
201800011016,18,10,27,1435,1,1,6,1.0,3.0,37050,M,4732119.0,70986.0,37
201800011017,18,10,31,1050,1,1,6,8.0,3.0,37050,M,4733539.0,73807.0,37
201800011018,18,11,15,1400,1,2,9,1.0,3.0,37050,M,4734448.0,70237.0,37
201800011019,18,11,19,1620,1,2,1,1.0,6.0,37018,M,4734256.0,61692.0,37
201800011020,18,11,23,1720,2,1,1,1.0,3.0,37018,M,4732117.0,59617.0,37
201800011021,18,1,18,725,5,2,9,2.0,6.0,37151,M,4744659.0,61427.0,37
201800011022,18,1,22,1415,1,2,1,8.0,2.0,37167,M,4754660.0,54489.0,37
201800011023,18,1,25,1456,1,1,1,2.0,1.0,37151,M,4744501.0,61864.0,37
201800011024,18,2,4,1130,1,1,1,2.0,7.0,37054,M,4747474.0,68939.0,37
201800011025,18,2,13,1235,1,1,1,4.0,2.0,37059,M,4746415.0,62157.0,37
201800011026,18,2,23,820,1,1,2,1.0,5.0,37152,M,4745155.0,67380.0,37
201800011027,18,3,2,2330,3,1,1,2.0,5.0,37213,M,4763177.0,50265.0,37
201800011028,18,4,6,2320,3,1,1,1.0,1.0,37245,M,4747349.0,54405.0,37
201800011029,18,6,18,520,2,2,1,2.0,7.0,37151,M,4744131.0,62705.0,37
201800011030,18,6,22,1705,1,1,1,1.0,6.0,37204,M,4752881.0,64042.0,37
201800011031,18,7,6,1620,1,2,1,1.0,1.0,37167,M,4754660.0,54489.0,37
201800011032,18,7,14,815,1,1,1,1.0,7.0,37152,M,4747135.0,66677.0,37
201800011033,18,7,23,745,1,1,1,1.0,3.0,37054,M,4747534.0,69546.0,37
201800011034,18,7,23,1800,1,1,1,1.0,2.0,37245,M,4753610.0,59750.0,37
201800011035,18,8,15,950,1,1,1,8.0,7.0,37167,M,4754615.0,52293.0,37
201800011036,18,8,30,1315,1,1,1,1.0,1.0,37249,M,4750072.0,47293.0,37
201800011037,18,9,2,1435,1,1,1,1.0,7.0,37204,M,4750273.0,65184.0,37
201800011038,18,9,6,1730,1,2,1,1.0,7.0,37206,M,4749953.0,62982.0,37
201800011039,18,9,4,1715,1,1,1,1.0,6.0,37206,M,4753210.0,62323.0,37
201800011040,18,9,15,520,5,2,1,1.0,6.0,37151,M,4744501.0,61864.0,37
201800011041,18,9,30,840,1,1,1,1.0,6.0,37167,M,4753164.0,53178.0,37
201800011042,18,10,5,700,2,1,1,1.0,6.0,37167,M,4752079.0,58261.0,37
201800011043,18,11,3,2009,3,1,1,1.0,6.0,37152,M,4744576.0,66161.0,37
201800011044,18,11,24,1400,1,2,1,1.0,6.0,37231,M,4759909.0,48415.0,37
201800011045,18,12,2,1500,1,2,1,2.0,6.0,37206,M,4748665.0,63731.0,37
201800011046,18,12,19,1525,1,1,1,1.0,1.0,37245,M,4752725.0,61332.0,37
201800011047,18,1,8,1230,1,1,1,1.0,6.0,37251,M,4752593.0,41446.0,37
201800011048,18,1,18,830,2,2,1,3.0,6.0,37109,M,4740175.0,60458.0,37
201800011049,18,1,26,2200,3,1,1,1.0,3.0,37109,M,4739482.0,64790.0,37
201800011050,18,3,11,1725,1,2,9,1.0,1.0,37139,M,4738753.0,57092.0,37
201800011051,18,4,15,950,1,2,3,1.0,1.0,37139,M,4740213.0,55733.0,37
201800011052,18,5,18,1150,1,1,1,1.0,5.0,37109,M,4738767.0,61620.0,37
201800011053,18,5,23,730,1,1,2,1.0,2.0,37084,M,4756688.0,36844.0,37
201800011054,18,5,29,1605,1,2,1,1.0,6.0,37139,M,4739030.0,54759.0,37
201800011055,18,6,23,2100,1,1,3,1.0,3.0,37223,M,4752339.0,29733.0,37
201800011056,18,7,11,1045,1,2,1,1.0,6.0,37139,M,4739119.0,54196.0,37
201800011057,18,7,16,1900,1,2,1,1.0,6.0,37002,M,4745168.0,44539.0,37
201800011058,18,8,13,2340,3,1,3,1.0,6.0,37251,M,4751621.0,40685.0,37
201800011059,18,9,12,2040,5,1,6,1.0,6.0,37062,M,4752675.0,32921.0,37
201800011060,18,9,19,1130,1,2,3,1.0,6.0,37146,M,4755046.0,24114.0,37
201800011061,18,10,25,850,1,1,2,1.0,1.0,37109,M,4741249.0,58153.0,37
201800011062,18,11,14,1840,5,2,3,5.0,3.0,37062,M,4754731.0,32112.0,37
201800011063,18,11,27,745,2,2,2,5.0,3.0,37109,M,4740431.0,61930.0,37
201800011064,18,12,1,1500,1,1,1,2.0,6.0,37139,M,4742425.0,55645.0,37
201800011065,18,2,11,15,5,2,9,2.0,1.0,37267,M,4735704.0,81635.0,37
201800011066,18,4,17,1915,1,2,3,1.0,3.0,37052,M,4744976.0,87059.0,37
201800011067,18,4,29,1230,1,1,1,1.0,6.0,37267,M,4733679.0,80139.0,37
201800011068,18,5,18,1200,1,2,9,1.0,7.0,37156,M,4738188.0,85447.0,37
201800011069,18,6,24,425,5,2,9,1.0,6.0,37267,M,4735706.0,81641.0,37
201800011070,18,7,27,815,1,1,1,1.0,7.0,37273,M,4738074.0,78828.0,37
201800011071,18,7,27,1015,1,2,1,1.0,6.0,37273,M,4738733.0,77735.0,37
201800011072,18,9,22,1320,1,2,9,1.0,1.0,37281,M,4742383.0,78730.0,37
201800011073,18,1,19,2145,5,2,3,1.0,3.0,14366,M,4913810.0,22721.0,14
201800011074,18,1,3,435,5,2,6,2.0,3.0,14366,M,4914440.0,26312.0,14
201800011075,18,1,23,1415,1,2,1,1.0,6.0,14366,M,4913400.0,23173.0,14
201800011076,18,1,26,1840,5,2,1,1.0,6.0,14366,M,4914280.0,22700.0,14
201800011077,18,2,11,2330,3,1,1,4.0,6.0,14366,M,,,14
201800011078,18,4,1,2330,5,2,1,2.0,6.0,14366,M,4914348.0,22883.0,14
201800011079,18,4,27,1510,1,2,1,1.0,2.0,14366,M,4916504.0,22334.0,14
201800011080,18,5,7,825,1,2,2,1.0,3.0,14366,M,4914833.0,22830.0,14
201800011081,18,5,19,430,5,2,1,1.0,6.0,14366,M,4913955.0,23271.0,14
201800011082,18,5,31,1000,1,1,1,3.0,2.0,14574,M,4912406.0,20416.0,14
201800011083,18,6,3,1745,1,2,1,1.0,3.0,14366,M,4914642.0,21212.0,14
201800011084,18,7,24,1800,1,2,1,1.0,7.0,14487,M,4917708.0,20210.0,14
201800011085,18,7,31,920,1,2,1,1.0,7.0,14366,M,4913795.0,22733.0,14
201800011086,18,10,15,1125,1,2,1,7.0,6.0,14366,M,4915431.0,22624.0,14
201800011087,18,1,2,2141,1,1,6,2.0,7.0,37202,M,4715146.0,19851.0,37
201800011088,18,10,21,630,2,1,9,1.0,7.0,14574,M,4913754.0,17265.0,14
201800011089,18,10,26,1625,1,1,1,2.0,2.0,14366,M,4912691.0,21774.0,14
201800011090,18,10,29,730,1,2,3,1.0,3.0,14366,M,4913682.0,22718.0,14
201800011091,18,11,2,1545,1,2,1,1.0,6.0,14366,M,4914660.0,220759.0,14
201800011092,18,11,7,2030,5,2,1,2.0,6.0,14366,M,4914585.0,22586.0,14
201800011093,18,11,11,1645,1,2,1,1.0,2.0,14366,M,4914492.0,22310.0,14
201800011094,18,11,20,900,1,2,1,2.0,6.0,14366,M,4914823.0,22938.0,14
201800011095,18,11,26,435,3,1,1,1.0,3.0,14487,M,4919125.0,22811.0,14
201800011096,18,11,30,1125,1,2,1,1.0,6.0,14366,M,4914368.0,227179.0,14
201800011097,18,12,5,1825,5,2,1,3.0,6.0,14366,M,4914483.0,219837.0,14
201800011098,18,12,7,1625,1,2,1,2.0,3.0,14366,M,4914578.0,26035.0,14
201800011099,18,12,8,1545,1,2,6,2.0,6.0,14366,M,4916294.0,22789.0,14
201800011100,18,3,7,1535,1,1,1,1.0,6.0,37248,M,4713628.0,18319.0,37
201800011101,18,4,28,1150,1,1,2,1.0,3.0,37024,M,4729067.0,21802.0,37
201800011102,18,5,22,1215,1,2,1,1.0,6.0,37031,M,4727761.0,18013.0,37
201800011103,18,5,30,1500,1,1,1,1.0,7.0,37058,M,4724911.0,22540.0,37
201800011104,18,5,16,815,1,1,1,1.0,6.0,37011,M,4722959.0,21624.0,37
201800011105,18,5,6,1345,1,1,3,1.0,6.0,37067,M,4723885.0,42083.0,37
201800011106,18,5,20,1915,1,1,1,1.0,7.0,37227,M,4730931.0,34619.0,37
201800011107,18,10,6,1130,1,1,1,1.0,6.0,37216,M,4717221.0,55229.0,37
201800011108,18,11,18,115,3,2,1,1.0,6.0,37271,M,4721421.0,50486.0,37
201800011109,18,1,11,1615,1,1,9,1.0,7.0,37142,M,4706561.0,59642.0,37
201800011110,18,2,1,1405,1,1,1,1.0,1.0,37089,M,4714283.0,34399.0,37
201800011111,18,2,24,1040,1,1,2,1.0,3.0,37071,M,4707325.0,44182.0,37
201800011112,18,3,15,2010,3,1,1,1.0,5.0,37188,M,4709181.0,54365.0,37
201800011113,18,3,21,115,3,2,1,1.0,6.0,37119,M,4711618.0,43370.0,37
201800011114,18,4,1,815,1,1,1,1.0,1.0,37212,M,4717684.0,65717.0,37
201800011115,18,5,3,1730,1,1,1,1.0,1.0,37180,M,4711112.0,45820.0,37
201800011116,18,5,4,1030,1,2,9,1.0,3.0,37119,M,4712323.0,42840.0,37
201800011117,18,5,26,135,4,2,1,1.0,1.0,37244,M,4713253.0,34114.0,37
201800011118,18,6,6,1900,1,2,9,1.0,3.0,37089,M,4716043.0,33174.0,37
201800011119,18,6,30,2110,3,1,1,1.0,7.0,37216,M,4714100.0,60063.0,37
201800011120,18,6,30,1800,1,1,1,1.0,2.0,37051,M,4706665.0,31879.0,37
201800011121,18,6,24,1940,1,1,1,1.0,7.0,37216,M,4713608.0,50653.0,37
201800011122,18,1,15,1805,5,2,9,3.0,6.0,37132,M,4712507.0,99321.0,37
201800011123,18,2,17,1530,1,1,1,1.0,3.0,37111,M,4716838.0,107373.0,37
201800011124,18,3,14,2215,3,1,1,2.0,6.0,37133,M,4709130.0,120221.0,37
201800011125,18,5,26,1800,1,1,1,3.0,7.0,37111,M,4717695.0,112775.0,37
201800011126,18,6,25,740,1,2,1,1.0,6.0,37221,M,4705593.0,113091.0,37
201800011127,18,6,28,920,1,1,9,1.0,2.0,37049,M,4717452.0,97377.0,37
201800011128,18,7,15,735,1,1,1,1.0,1.0,37132,M,4713791.0,99331.0,37
201800011129,18,7,15,1345,1,2,2,1.0,1.0,37183,M,4709969.0,101337.0,37
201800011130,18,8,1,1815,1,1,1,1.0,7.0,37222,M,4708979.0,104336.0,37
201800011131,18,8,31,218,5,2,1,1.0,7.0,37132,M,4712721.0,99984.0,37
201800011132,18,9,30,2115,3,1,1,1.0,2.0,37238,M,4705679.0,97373.0,37
201800011133,18,10,11,1000,1,1,9,1.0,2.0,37222,M,4708611.0,102522.0,37
201800011134,18,10,16,1800,1,1,1,1.0,3.0,37111,M,4716437.0,106756.0,37
201800011135,18,12,10,900,1,1,1,1.0,4.0,37173,M,4713369.0,131983.0,37
201800011136,18,12,13,1730,3,1,1,1.0,5.0,37133,M,4708393.0,120392.0,37
201800011137,18,12,14,1630,1,2,1,1.0,6.0,37020,M,4712871.0,101479.0,37
201800011138,18,1,12,1235,1,1,1,1.0,6.0,37145,M,4703209.0,66022.0,37
201800011139,18,2,9,610,3,1,1,1.0,6.0,37029,M,4712761.0,71123.0,37
201800011140,18,2,18,1700,1,1,1,1.0,6.0,37130,M,4704829.0,81339.0,37
201800011141,18,2,27,755,1,1,1,1.0,6.0,37098,M,4708645.0,64487.0,37
201800011142,18,3,9,1415,1,1,2,1.0,3.0,37134,M,4717969.0,74032.0,37
201800011143,18,4,19,1725,1,1,1,1.0,6.0,37247,M,4710097.0,68841.0,37
201800011144,18,5,20,430,3,1,1,1.0,6.0,37247,M,4709470.0,65942.0,37
201800011145,18,7,28,635,2,1,1,1.0,6.0,37001,M,4694473.0,70906.0,37
201800011146,18,8,26,1500,1,1,1,1.0,6.0,37115,M,4699156.0,72883.0,37
201800011147,18,10,10,1715,1,1,1,1.0,1.0,37247,M,4705918.0,69334.0,37
201800011148,18,10,10,1530,1,2,1,2.0,6.0,37115,M,4697300.0,69654.0,37
201800011149,18,10,12,1740,1,1,1,1.0,7.0,37130,M,4704796.0,83910.0,37
201800011150,18,10,18,1745,2,1,2,7.0,3.0,37130,M,4704021.0,79520.0,37
201800011151,18,10,23,540,3,1,1,1.0,6.0,37136,M,4717326.0,78200.0,37
201800011152,18,2,17,1815,2,1,1,1.0,7.0,37107,M,4700573.0,89163.0,37
201800011153,18,5,20,1930,1,1,2,1.0,3.0,37028,M,4686098.0,96257.0,37
201800011154,18,9,8,1950,2,1,1,1.0,7.0,37181,M,4699805.0,84452.0,37
201800011155,18,1,5,1215,1,2,6,1.0,3.0,37159,M,4727627.0,64546.0,37
201800011156,18,1,19,1745,3,1,1,1.0,3.0,37083,M,4726566.0,82993.0,37
201800011157,18,1,19,1820,2,2,9,1.0,1.0,37266,M,4729515.0,71760.0,37
201800011158,18,1,22,1430,1,1,9,2.0,6.0,37159,M,4729619.0,64221.0,37
201800011159,18,2,5,947,1,1,9,1.0,7.0,37250,M,4722987.0,68771.0,37
201800011160,18,2,28,1000,1,2,1,1.0,1.0,37263,M,4727243.0,83871.0,37
201800011161,18,3,7,1930,3,1,1,1.0,2.0,37211,M,4722530.0,75707.0,37
201800011162,18,3,19,1530,1,1,1,1.0,3.0,37159,M,4728055.0,64508.0,37
201800011163,18,4,16,710,1,1,6,1.0,3.0,37250,M,4725555.0,67907.0,37
201800011164,18,4,16,1635,1,2,1,1.0,7.0,37154,M,4728584.0,70687.0,37
201800011165,18,4,15,930,1,2,6,8.0,3.0,37266,M,4729459.0,72852.0,37
201800011166,18,5,4,1715,1,1,2,1.0,3.0,37254,M,4722495.0,83921.0,37
201800011167,18,5,11,1905,1,2,1,1.0,1.0,37266,M,4731156.0,71958.0,37
201800011168,18,5,15,1040,1,2,9,1.0,6.0,37083,M,4726900.0,83514.0,37
201800011169,18,5,19,1340,1,1,1,1.0,6.0,37104,M,4731679.0,77555.0,37
201800011170,18,6,1,2300,5,2,1,1.0,6.0,37211,M,4722530.0,75707.0,37
201800011171,18,7,18,1230,1,1,1,1.0,7.0,37211,M,4722530.0,75707.0,37
201800011172,18,9,8,2055,5,2,3,1.0,3.0,37266,M,4729745.0,72328.0,37
201800011173,18,10,10,1720,1,2,3,1.0,3.0,37211,M,4722791.0,76906.0,37
201800011174,18,11,1,950,1,1,2,3.0,3.0,37211,M,4723953.0,79863.0,37
201800011175,18,12,3,1745,3,1,1,1.0,1.0,37211,M,4722303.0,78796.0,37
201800011176,18,12,29,1805,5,2,9,1.0,1.0,37154,M,4728979.0,71829.0,37
201800011177,18,7,8,2000,2,1,1,7.0,6.0,87153,M,4583680.0,166916.0,87
201800011178,18,7,17,2100,1,1,1,1.0,7.0,87153,M,4582160.0,166654.0,87
201800011179,18,7,28,1535,1,1,1,1.0,7.0,87009,M,4575850.0,181865.0,87
201800011180,18,9,1,1620,1,1,9,1.0,3.0,87117,M,4581080.0,178522.0,87
201800011181,18,9,4,1650,1,2,9,1.0,3.0,87051,M,4562920.0,158366.0,87
201800011182,18,9,22,805,2,1,1,5.0,6.0,87064,M,4573590.0,175788.0,87
201800011183,18,12,8,15,3,1,1,8.0,7.0,87105,M,4572020.0,160724.0,87
201800011184,18,2,27,1830,4,1,2,1.0,3.0,87039,M,4561650.0,133759.0,87
201800011185,18,3,3,1215,1,1,1,1.0,6.0,87019,M,4577470.0,132590.0,87
201800011186,18,4,7,1120,1,1,1,1.0,6.0,87095,M,4556430.0,144807.0,87
201800011187,18,5,28,1715,1,1,1,3.0,5.0,87205,M,4572970.0,126096.0,87
201800011188,18,6,29,1400,1,1,1,1.0,7.0,87205,M,4573120.0,126773.0,87
201800011189,18,8,14,35,4,2,1,1.0,6.0,87148,M,4571840.0,137626.0,87
201800011190,18,9,16,1610,1,1,9,1.0,3.0,87205,M,4572920.0,125939.0,87
201800011191,18,9,19,1250,1,1,2,1.0,3.0,87063,M,4579000.0,136596.0,87
201800011192,18,10,9,1155,1,2,1,1.0,6.0,87088,M,4561760.0,143892.0,87
201800011193,18,10,16,1750,1,1,1,1.0,2.0,87174,M,4573990.0,143364.0,87
201800011194,18,1,21,1800,5,2,1,2.0,6.0,87179,M,4618290.0,98874.0,87
201800011195,18,2,4,1420,1,1,1,2.0,6.0,87116,M,4613960.0,102811.0,87
201800011196,18,5,10,1700,1,1,1,1.0,7.0,87026,M,4608930.0,83618.0,87
201800011197,18,5,12,500,3,1,1,1.0,6.0,87026,M,4605210.0,86550.0,87
201800011198,18,8,31,2220,3,1,1,1.0,7.0,87055,M,4623260.0,93646.0,87
201800011199,18,9,7,1810,1,2,6,1.0,6.0,87011,M,4612920.0,105488.0,87
201800011200,18,9,23,1830,1,1,1,3.0,6.0,87012,M,4605680.0,112152.0,87
201800011201,18,9,27,1550,1,2,2,1.0,6.0,87018,M,4604490.0,101899.0,87
201800011202,18,10,21,1750,1,1,3,1.0,5.0,87012,M,4608850.0,108202.0,87
201800011203,18,11,15,2230,3,1,1,5.0,6.0,87033,M,4600570.0,112741.0,87
201800011204,18,3,7,1915,3,1,1,2.0,1.0,87047,M,4597680.0,125909.0,87
201800011205,18,4,17,1635,1,1,1,7.0,1.0,87047,M,4597570.0,125725.0,87
201800011206,18,5,10,1730,1,1,1,1.0,3.0,87013,M,4607920.0,141340.0,87
201800011207,18,7,8,1435,1,1,1,7.0,1.0,87121,M,4614400.0,122469.0,87
201800011208,18,9,16,1755,1,1,1,1.0,7.0,87068,M,4613800.0,140002.0,87
201800011209,18,10,13,1130,1,1,9,1.0,3.0,87133,M,4618330.0,139363.0,87
201800011210,18,1,3,1845,5,2,9,3.0,6.0,87059,M,4621630.0,108389.0,87
201800011211,18,6,9,1130,1,1,1,1.0,1.0,87057,M,4618480.0,122456.0,87
201800011212,18,7,16,730,2,1,1,1.0,6.0,87089,M,4621580.0,112532.0,87
201800011213,18,8,26,1510,1,1,1,7.0,1.0,87089,M,4621430.0,113337.0,87
201800011214,18,1,17,2015,5,2,1,8.0,7.0,87131,M,4587270.0,81522.0,87
201800011215,18,1,20,1755,3,1,1,2.0,3.0,87154,M,4590390.0,95545.0,87
201800011216,18,1,21,1830,5,2,1,3.0,6.0,87154,M,4588900.0,90117.0,87
201800011217,18,2,8,1350,1,1,1,7.0,7.0,87154,M,4586560.0,89117.0,87
201800011218,18,5,30,1345,1,1,1,3.0,6.0,87126,M,4580810.0,85578.0,87
201800011219,18,6,2,1015,1,2,1,1.0,6.0,87154,M,4589130.0,90527.0,87
201800011220,18,6,16,1140,1,1,2,1.0,1.0,87078,M,4595820.0,100191.0,87
201800011221,18,8,5,720,1,1,1,1.0,6.0,87164,M,4585260.0,91637.0,87
201800011222,18,8,11,2045,2,1,1,1.0,5.0,87078,M,4594380.0,97118.0,87
201800011223,18,2,10,1140,1,1,1,9.0,1.0,87111,M,4575523.0,85202.0,87
201800011224,18,3,4,1730,1,1,9,1.0,6.0,87060,M,4562900.0,92160.0,87
201800011225,18,4,25,1530,1,1,9,1.0,3.0,87112,M,4571390.0,101769.0,87
201800011226,18,6,2,1305,1,2,2,1.0,3.0,87032,M,4565500.0,98179.0,87
201800011227,18,6,24,2315,3,1,1,1.0,6.0,87034,M,4568590.0,91204.0,87
201800011228,18,8,2,1430,1,1,1,1.0,1.0,87073,M,4575150.0,100189.0,87
201800011229,18,9,20,1350,1,1,1,1.0,7.0,87073,M,4574150.0,99689.0,87
201800011230,18,10,23,1100,1,1,2,1.0,3.0,87091,M,4571470.0,68767.0,87
201800011231,18,11,23,1330,1,1,1,8.0,6.0,87054,M,4568530.0,86790.0,87
201800011232,18,3,24,2050,3,1,1,2.0,2.0,87071,M,4547830.0,117825.0,87
201800011233,18,4,27,1705,1,2,1,1.0,6.0,87106,M,4567810.0,118604.0,87
201800011234,18,5,4,1500,1,1,9,7.0,3.0,87187,M,4551760.0,123739.0,87
201800011235,18,5,7,645,1,2,1,1.0,3.0,87187,M,4549740.0,121475.0,87
201800011236,18,6,10,1730,1,2,1,1.0,6.0,87187,M,4551770.0,119367.0,87
201800011237,18,7,10,2330,5,2,1,1.0,6.0,87187,M,4551670.0,119683.0,87
201800011238,18,7,22,1744,1,2,9,1.0,6.0,87187,M,4551600.0,119793.0,87
201800011239,18,7,27,2000,1,1,1,1.0,6.0,87106,M,4565430.0,116980.0,87
201800011240,18,8,1,1030,1,1,1,1.0,7.0,87096,M,4559840.0,115417.0,87
201800011241,18,8,23,1700,1,1,1,1.0,7.0,87176,M,4564670.0,128598.0,87
201800011242,18,8,25,1840,1,1,1,1.0,7.0,87094,M,4571950.0,118753.0,87
201800011243,18,11,5,1555,1,1,1,1.0,5.0,87187,M,4554240.0,114466.0,87
201800011244,18,11,7,640,3,1,1,8.0,6.0,87150,M,4561140.0,116315.0,87
201800011245,18,12,30,1915,3,1,1,1.0,6.0,87187,M,4552970.0,115922.0,87
201800011246,18,3,24,515,3,1,1,2.0,7.0,23030,M,4596259.0,177100.0,23
201800011247,18,7,4,1925,1,1,1,1.0,1.0,23042,M,4606798.0,168150.0,23
201800011248,18,7,26,1825,1,1,1,1.0,1.0,23237,M,4589653.0,169551.0,23
201800011249,18,11,10,1550,1,1,1,2.0,1.0,23030,M,4595526.0,174209.0,23
201800011250,18,12,26,2350,4,2,1,1.0,7.0,23157,M,4597992.0,194744.0,23
201800011251,18,2,3,1745,3,1,1,2.0,7.0,23233,M,4640309.0,225247.0,23
201800011252,18,2,10,1835,5,2,1,8.0,7.0,23031,M,4634855.0,221333.0,23
201800011253,18,5,24,1730,1,1,1,2.0,1.0,23064,M,4631878.0,214551.0,23
201800011254,18,7,2,1915,1,1,2,1.0,3.0,23089,M,4631965.0,199692.0,23
201800011255,18,7,19,1810,1,2,1,1.0,6.0,23174,M,4630082.0,230801.0,23
201800011256,18,9,3,1730,1,1,4,1.0,3.0,23049,M,4627967.0,189161.0,23
201800011257,18,9,15,2330,3,1,1,1.0,6.0,23029,M,4631307.0,183988.0,23
201800011258,18,10,19,1100,1,1,1,1.0,6.0,23130,M,4643111.0,181757.0,23
201800011259,18,10,30,1700,2,1,1,1.0,1.0,23240,M,4633898.0,220956.0,23
201800011260,18,8,3,1930,2,2,6,1.0,7.0,23093,M,4619769.0,225197.0,23
201800011261,18,10,16,1245,1,1,1,1.0,1.0,23234,M,4608397.0,233852.0,23
201800011262,18,2,16,1500,1,1,1,2.0,7.0,23228,M,4594660.0,223488.0,23
201800011263,18,3,1,930,1,2,1,1.0,6.0,23008,M,4595602.0,216740.0,23
201800011264,18,3,26,930,1,1,1,1.0,7.0,23187,M,4612550.0,213987.0,23
201800011265,18,6,28,1320,1,1,1,1.0,7.0,23257,M,4590454.0,202218.0,23
201800011266,18,8,14,1400,1,1,9,1.0,6.0,23008,M,4594847.0,218492.0,23
201800011267,18,12,26,1235,1,1,1,1.0,7.0,23007,M,4601216.0,207577.0,23
201800011268,18,6,10,355,3,1,1,2.0,6.0,23127,M,4593807.0,242447.0,23
201800011269,18,8,29,1240,1,1,1,8.0,7.0,23069,M,4587723.0,236555.0,23
201800011270,18,10,16,1445,1,1,1,1.0,6.0,23184,M,4590381.0,240337.0,23
201800011271,18,2,2,1615,1,1,1,1.0,2.0,17041,M,4622547.0,-81046.0,17
201800011272,18,4,21,1600,1,1,1,1.0,7.0,17303,M,4632490.0,-79437.0,17
201800011273,18,7,18,1900,1,2,3,7.0,3.0,17091,M,4630089.0,-109596.0,17
201800011274,18,8,18,930,1,2,2,1.0,3.0,17127,M,4624604.0,-81389.0,17
201800011275,18,10,15,1850,1,1,2,8.0,3.0,17349,M,4625026.0,-88142.0,17
201800011276,18,11,4,1115,1,1,1,1.0,3.0,17008,M,4628332.0,-99447.0,17
201800011277,18,11,27,1700,2,1,1,1.0,6.0,17267,M,4622662.0,-92113.0,17
201800011278,18,12,4,830,1,1,1,5.0,6.0,17349,M,4627326.0,-86760.0,17
201800011279,18,12,17,1846,5,2,2,1.0,1.0,17218,M,4630569.0,-99054.0,17
201800011280,18,12,19,1550,1,1,2,1.0,5.0,17091,M,4629085.0,-108374.0,17
201800011281,18,1,17,420,3,1,1,2.0,6.0,17326,M,4551702.0,-28444.0,17
201800011282,18,4,17,1110,1,2,1,9.0,1.0,17197,M,4545219.0,-43950.0,17
201800011283,18,10,14,2015,3,1,1,2.0,3.0,17403,M,4540588.0,-45137.0,17