Num_Acc,an,mois,jour,hrmn,lum,agg,int,atm,col,com,gps,lat,long,dep
201800011284,18,12,2,1133,1,2,1,3.0,6.0,17197,M,4543860.0,-45238.0,17
201800011285,18,12,30,1725,2,1,1,1.0,1.0,17331,M,4547684.0,-58678.0,17
201800011286,18,1,17,1330,1,1,1,7.0,2.0,17236,M,4534113.0,-57606.0,17
201800011287,18,8,24,1840,1,2,1,1.0,6.0,17312,M,4535163.0,-65823.0,17
201800011288,18,9,1,2202,3,1,1,1.0,7.0,17328,M,4544476.0,-73951.0,17
201800011289,18,11,17,1600,1,2,1,5.0,6.0,17050,M,4548603.0,-59697.0,17
201800011290,18,12,30,2215,3,1,1,1.0,6.0,17328,M,4546630.0,-74143.0,17
201800011291,18,1,12,2125,3,1,1,5.0,6.0,17110,M,4514071.0,-26423.0,17
201800011292,18,7,6,1047,1,1,2,1.0,3.0,17386,M,4514337.0,-15827.0,17
201800011293,18,8,5,1155,1,1,1,1.0,1.0,17386,M,4514301.0,-15987.0,17
201800011294,18,8,14,1800,1,1,1,1.0,6.0,17365,M,4521241.0,-19502.0,17
201800011295,18,2,23,1915,3,1,1,1.0,1.0,17075,M,4592471.0,-84484.0,17
201800011296,18,2,25,1735,1,1,1,1.0,7.0,17353,M,4599277.0,-103533.0,17
201800011297,18,3,10,545,3,1,1,1.0,5.0,17253,M,4596872.0,-92102.0,17
201800011298,18,4,1,1710,1,1,3,1.0,1.0,17463,M,4596842.0,-98308.0,17
201800011299,18,4,16,1300,1,2,3,1.0,3.0,17065,M,4598287.0,-95528.0,17
201800011300,18,6,19,1150,1,2,3,1.0,5.0,17075,M,4592074.0,-83496.0,17
201800011301,18,7,22,20,3,1,1,1.0,1.0,17463,M,4598079.0,-101238.0,17
201800011302,18,8,7,5,3,1,1,1.0,2.0,17483,M,4602219.0,-105419.0,17
201800011303,18,12,15,430,3,1,6,1.0,6.0,17346,M,4591726.0,-88620.0,17
201800011304,18,2,14,2145,5,2,6,2.0,1.0,17225,M,4571727.0,-114734.0,17
201800011305,18,3,11,1422,1,1,1,1.0,1.0,17452,M,4572058.0,-122951.0,17
201800011306,18,3,25,1345,1,1,1,1.0,6.0,17452,M,4577119.0,-116287.0,17
201800011307,18,4,9,2050,5,2,1,2.0,6.0,17452,M,4577403.0,-114311.0,17
201800011308,18,6,1,830,1,1,1,1.0,4.0,17409,M,4567327.0,-99967.0,17
201800011309,18,6,8,1820,1,2,1,1.0,7.0,17225,M,4569296.0,-117876.0,17
201800011310,18,6,17,1750,1,1,1,1.0,7.0,17452,M,4578811.0,-120309.0,17
201800011311,18,6,28,2140,1,2,1,1.0,7.0,17225,M,4569357.0,-117815.0,17
201800011312,18,6,30,1110,1,1,4,1.0,1.0,17409,M,4567920.0,-100040.0,17
201800011313,18,8,2,1840,1,1,1,1.0,5.0,17064,M,4569034.0,-102439.0,17
201800011314,18,8,3,2000,1,1,1,1.0,1.0,17452,M,4578536.0,-115927.0,17
201800011315,18,10,13,1705,1,1,3,1.0,3.0,17409,M,4566209.0,-101906.0,17
201800011316,18,11,19,1815,5,2,4,1.0,3.0,17021,M,4574080.0,-111661.0,17
201800011317,18,11,28,1405,1,2,3,1.0,1.0,17452,M,4577810.0,-114431.0,17
201800011318,18,1,8,1055,1,1,1,8.0,5.0,17093,M,4586199.0,-119490.0,17
201800011319,18,2,7,815,1,2,1,1.0,6.0,17093,M,4588770.0,-120432.0,17
201800011320,18,2,27,1925,3,1,1,1.0,1.0,17385,M,4595075.0,-132978.0,17
201800011321,18,4,20,1625,1,1,1,1.0,1.0,17140,M,4589718.0,-124795.0,17
201800011322,18,6,3,215,3,2,2,1.0,6.0,17337,M,4597361.0,-135106.0,17
201800011323,18,6,30,930,1,2,1,1.0,6.0,17411,M,4585162.0,-121910.0,17
201800011324,18,8,2,1850,1,2,1,7.0,1.0,17385,M,4594380.0,-131750.0,17
201800011325,18,8,3,2230,3,2,1,1.0,7.0,17093,M,4588152.0,-121273.0,17
201800011326,18,8,13,2000,1,1,1,2.0,7.0,17385,M,4595225.0,-130622.0,17
201800011327,18,8,31,2000,1,1,1,1.0,6.0,17337,M,4597499.0,-133714.0,17
201800011328,18,9,1,1715,1,1,1,1.0,3.0,17140,M,4591276.0,-125623.0,17
201800011329,18,9,30,1555,1,2,1,1.0,6.0,17411,M,4582299.0,-121920.0,17
201800011330,18,10,6,20,4,2,6,5.0,6.0,17140,M,4591110.0,-126582.0,17
201800011331,18,12,15,2225,3,1,1,1.0,6.0,17140,M,4588767.0,-126352.0,17
201800011332,18,12,22,2100,3,1,1,1.0,6.0,17337,M,4596015.0,-134125.0,17
201800011333,18,2,3,2015,3,1,1,1.0,6.0,17057,M,4617985.0,-85095.0,17
201800011334,18,5,31,1835,1,2,1,1.0,3.0,17221,M,4612133.0,-64299.0,17
201800011335,18,7,20,1040,1,1,1,1.0,1.0,17338,M,4613655.0,-70851.0,17
201800011336,18,9,19,1425,1,1,2,1.0,3.0,17482,M,4615004.0,-80959.0,17
201800011337,18,10,3,2230,4,1,1,1.0,6.0,17359,M,4609061.0,-71154.0,17
201800011338,18,10,6,700,3,1,1,1.0,1.0,17482,M,4616292.0,-82938.0,17
201800011339,18,12,6,1930,5,2,1,1.0,6.0,17003,M,4611428.0,-93544.0,17
201800011340,18,12,26,845,1,2,1,1.0,6.0,17003,M,4612036.0,-93036.0,17
201800011341,18,12,27,1800,5,1,2,1.0,3.0,17359,M,4608690.0,-70647.0,17
201800011342,18,3,10,520,2,1,1,1.0,6.0,17271,M,4600167.0,-39841.0,17
201800011343,18,3,11,1910,1,1,1,1.0,6.0,17053,M,4589638.0,-74170.0,17
201800011344,18,3,27,1500,1,1,2,3.0,3.0,17397,M,4589065.0,-66633.0,17
201800011345,18,4,3,714,3,1,1,1.0,7.0,17202,M,4599994.0,-59801.0,17
201800011346,18,4,5,1010,1,1,1,1.0,6.0,17277,M,4600171.0,-51402.0,17
201800011347,18,4,14,1120,1,1,2,1.0,3.0,17448,M,4597365.0,-71342.0,17
201800011348,18,5,5,1450,1,1,3,1.0,1.0,17347,M,4593343.0,-52722.0,17
201800011349,18,6,17,1254,1,2,6,1.0,1.0,17347,M,4593759.0,-50507.0,17
201800011350,18,7,7,645,1,1,1,1.0,6.0,17467,M,4596511.0,-44213.0,17
201800011351,18,7,11,2330,3,1,1,1.0,6.0,17347,M,4592711.0,-51566.0,17
201800011352,18,7,20,42,3,1,1,2.0,6.0,17017,M,4591299.0,-72937.0,17
201800011353,18,7,30,1900,1,1,1,7.0,1.0,17397,M,4588612.0,-69275.0,17
201800011354,18,8,27,1230,1,1,3,1.0,2.0,17450,M,4595952.0,-61751.0,17
201800011355,18,10,16,425,3,1,1,5.0,7.0,17226,M,4591136.0,-58044.0,17
201800011356,18,10,25,1053,1,2,8,1.0,3.0,17436,M,4583445.0,-64862.0,17
201800011357,18,11,9,1730,1,1,2,1.0,1.0,17397,M,4589411.0,-65869.0,17
201800011358,18,11,9,940,1,1,2,5.0,5.0,17459,M,4591000.0,-43047.0,17
201800011359,18,11,18,1105,1,1,1,1.0,1.0,17344,M,4584870.0,-51299.0,17
201800011360,18,2,22,1945,3,1,1,1.0,6.0,17049,M,4605418.0,-42613.0,17
201800011361,18,5,9,715,1,1,1,1.0,6.0,17383,M,4594308.0,-37798.0,17
201800011362,18,7,6,2000,1,2,2,1.0,3.0,17211,M,4604441.0,-50804.0,17
201800011363,18,7,14,600,2,1,1,1.0,6.0,17177,M,4593675.0,-24753.0,17
201800011364,18,7,26,315,3,2,1,1.0,6.0,17101,M,4596309.0,-33986.0,17
201800011365,18,8,13,1505,1,1,1,1.0,6.0,17177,M,4593576.0,-24741.0,17
201800011366,18,10,14,1755,1,1,1,3.0,6.0,17043,M,4605577.0,-58350.0,17
201800011367,18,10,15,1700,1,1,1,2.0,6.0,17473,M,4600158.0,-30449.0,17
201800011368,18,11,4,935,1,1,1,1.0,6.0,17101,M,4597465.0,-33798.0,17
201800011369,18,3,30,1340,1,1,1,2.0,1.0,17235,M,4579304.0,-40210.0,17
201800011370,18,3,31,1500,1,1,2,2.0,2.0,17224,M,4587557.0,-32772.0,17
201800011371,18,3,30,925,1,1,2,2.0,1.0,17147,M,4579951.0,-52521.0,17
201800011372,18,6,9,1715,1,2,4,1.0,6.0,17428,M,4581120.0,-29683.0,17
201800011373,18,7,24,1912,1,1,1,1.0,7.0,17313,M,4577131.0,-49616.0,17
201800011374,18,7,27,1200,1,1,1,1.0,7.0,17313,M,4576310.0,-49251.0,17
201800011375,18,8,8,653,1,1,1,1.0,1.0,17026,M,4585494.0,-43282.0,17
201800011376,18,9,4,1331,1,1,1,1.0,7.0,17025,M,4588064.0,-41096.0,17
201800011377,18,10,31,1230,1,1,1,2.0,7.0,17188,M,4586291.0,-28891.0,17
201800011378,18,11,25,20,3,1,1,1.0,6.0,17261,M,4581044.0,-14802.0,17
201800011379,18,1,23,2120,3,1,1,2.0,7.0,28386,M,4855789.0,125017.0,28
201800011380,18,6,1,1530,1,1,1,1.0,6.0,28053,M,4862124.0,132199.0,28
201800011381,18,6,13,1700,1,2,3,1.0,6.0,28203,M,4846752.0,119750.0,28
201800011382,18,6,24,1030,1,1,1,1.0,6.0,28350,M,4844922.0,129820.0,28
201800011383,18,7,22,645,2,1,1,5.0,1.0,28116,M,4845492.0,127050.0,28
201800011384,18,11,6,1950,3,1,1,1.0,5.0,28040,M,4851535.0,122154.0,28
201800011385,18,1,12,1450,1,1,1,1.0,6.0,28361,M,4852721.0,176992.0,28
201800011386,18,1,12,1920,3,1,2,1.0,6.0,28317,M,4844274.0,177429.0,28
201800011387,18,2,6,645,3,1,1,4.0,5.0,28084,M,4854566.0,154725.0,28
201800011388,18,2,6,1020,1,1,1,4.0,6.0,28084,M,4855463.0,155321.0,28
201800011389,18,2,9,1730,1,1,2,4.0,2.0,28317,M,4844275.0,177431.0,28
201800011390,18,3,3,200,3,1,1,1.0,7.0,28140,M,4858218.0,167856.0,28
201800011391,18,5,4,1620,1,1,1,7.0,6.0,28073,M,4850810.0,165835.0,28
201800011392,18,6,25,800,1,1,1,1.0,1.0,28015,M,4850823.0,176288.0,28
201800011393,18,8,25,2100,3,1,1,1.0,7.0,28023,M,4851256.0,168004.0,28
201800011394,18,10,10,1300,1,1,2,1.0,3.0,28084,M,4852804.0,156890.0,28
201800011395,18,10,15,1830,1,1,1,7.0,2.0,28052,M,4856536.0,152385.0,28
201800011396,18,11,7,600,3,1,1,2.0,1.0,28191,M,4858580.0,167833.0,28
201800011397,18,11,6,1730,5,2,1,1.0,1.0,28140,M,4860930.0,167494.0,28
201800011398,18,11,21,750,1,1,9,5.0,5.0,28357,M,4856236.0,155695.0,28
201800011399,18,11,23,20,5,2,1,1.0,6.0,28188,M,4849990.0,172484.0,28
201800011400,18,12,27,1120,1,2,4,8.0,3.0,28140,M,4860870.0,167902.0,28
201800011401,18,2,2,1700,1,1,1,1.0,6.0,28416,M,4828953.0,156150.0,28
201800011402,18,2,9,1635,1,2,1,4.0,1.0,28422,M,4827357.0,162302.0,28
201800011403,18,2,11,1530,1,2,1,1.0,6.0,28367,M,4814998.0,186451.0,28
201800011404,18,5,16,928,1,1,4,1.0,3.0,28311,M,4820670.0,184258.0,28
201800011405,18,6,27,1750,1,1,1,1.0,3.0,28284,M,4822381.0,191926.0,28
201800011406,18,7,25,1329,1,1,1,1.0,1.0,28032,M,4830382.0,169408.0,28
201800011407,18,8,9,1238,1,1,1,8.0,7.0,28184,M,4833855.0,186396.0,28
201800011408,18,8,25,645,3,1,1,1.0,1.0,28002,M,4820807.0,183140.0,28
201800011409,18,8,25,1310,1,1,1,1.0,7.0,28319,M,4828466.0,191703.0,28
201800011410,18,8,15,2157,3,1,1,1.0,6.0,28284,M,4823897.0,191369.0,28
201800011411,18,9,30,1230,1,1,2,1.0,3.0,28183,M,4831370.0,192067.0,28
201800011412,18,10,10,1000,1,2,1,1.0,6.0,28199,M,4820010.0,188177.0,28
201800011413,18,11,10,1005,1,2,1,2.0,6.0,28391,M,4819304.0,193882.0,28
201800011414,18,12,12,1545,1,1,1,7.0,2.0,28406,M,4818022.0,172608.0,28
201800011415,18,1,9,710,3,2,1,5.0,1.0,28283,M,4812520.0,151369.0,28
201800011416,18,1,19,1605,1,2,1,7.0,6.0,28051,M,4818107.0,138600.0,28
201800011417,18,1,21,1100,1,1,1,2.0,5.0,28259,M,4823118.0,140598.0,28
201800011418,18,3,1,900,1,1,1,6.0,6.0,28121,M,4810121.0,186446.0,28
201800011419,18,3,3,1255,1,1,1,1.0,6.0,28121,M,4811831.0,185879.0,28
201800011420,18,4,12,1610,1,2,2,2.0,3.0,28176,M,4824281.0,148901.0,28
201800011421,18,4,14,1310,1,2,1,1.0,2.0,28051,M,4817925.0,138190.0,28
201800011422,18,6,17,1830,1,1,2,1.0,3.0,28277,M,4821643.0,156286.0,28
201800011423,18,7,1,125,3,1,1,1.0,6.0,28419,M,4827279.0,141648.0,28
201800011424,18,7,29,2025,1,1,1,1.0,6.0,28419,M,4828364.0,141358.0,28
201800011425,18,9,13,1940,1,1,1,1.0,1.0,28419,M,4827088.0,141596.0,28
201800011426,18,9,27,1830,2,1,2,1.0,3.0,28028,M,4807626.0,155418.0,28
201800011427,18,10,8,1430,1,1,2,1.0,3.0,28287,M,4815580.0,169278.0,28
201800011428,18,12,20,715,3,1,1,2.0,7.0,28176,M,4822297.0,149178.0,28
201800011429,18,1,10,1930,3,1,1,1.0,7.0,28239,M,4865587.0,136693.0,28
201800011430,18,3,4,530,3,1,1,2.0,6.0,28405,M,4875034.0,126296.0,28
201800011431,18,3,16,1740,1,2,1,1.0,4.0,28394,M,4867629.0,132688.0,28
201800011432,18,3,30,2125,3,1,1,1.0,6.0,28098,M,4875055.0,144213.0,28
201800011433,18,4,5,1755,1,2,9,1.0,6.0,28348,M,4876680.0,119520.0,28
201800011434,18,4,24,1915,1,1,4,1.0,1.0,28348,M,4877080.0,117785.0,28
201800011435,18,5,27,1725,1,1,1,7.0,3.0,28239,M,4867084.0,137820.0,28
201800011436,18,7,29,345,5,2,1,2.0,6.0,28359,M,4876580.0,123045.0,28
201800011437,18,8,13,2010,1,1,1,1.0,5.0,28171,M,4869427.0,134032.0,28
201800011438,18,9,1,1540,1,1,1,1.0,6.0,28359,M,4875388.0,122050.0,28
201800011439,18,11,3,2330,5,1,1,1.0,6.0,28082,M,4869589.0,143203.0,28
201800011440,18,12,10,1120,1,1,2,2.0,3.0,28171,M,4869983.0,134675.0,28
201800011441,18,12,10,1840,3,1,1,8.0,2.0,28405,M,4874283.0,129538.0,28
201800011442,18,12,20,535,3,1,1,2.0,1.0,28143,M,4870682.0,120399.0,28
201800011443,18,1,14,815,2,1,1,5.0,1.0,28373,M,4857204.0,104910.0,28
201800011444,18,4,17,1535,1,1,2,1.0,1.0,28087,M,4868427.0,123718.0,28
201800011445,18,8,11,1510,1,1,3,1.0,7.0,28348,M,4874899.0,118385.0,28
201800011446,18,8,17,2140,3,1,1,1.0,7.0,28351,M,4861288.0,116567.0,28
201800011447,18,2,24,1108,1,1,1,1.0,7.0,28236,M,4833830.0,85105.0,28
201800011448,18,4,19,1545,1,2,2,1.0,3.0,28280,M,4831908.0,81903.0,28
201800011449,18,5,18,1518,1,1,1,1.0,7.0,28280,M,4833243.0,78529.0,28
201800011450,18,7,13,2215,3,1,9,1.0,6.0,28280,M,4830927.0,80658.0,28
201800011451,18,8,13,1830,1,1,1,1.0,6.0,28236,M,4833720.0,84404.0,28
201800011452,18,8,20,645,1,1,1,1.0,7.0,28327,M,4818681.0,84969.0,28
201800011453,18,11,5,1235,1,1,1,1.0,3.0,28395,M,4830259.0,85652.0,28
201800011454,18,1,5,1900,3,1,1,2.0,6.0,28302,M,4849289.0,117150.0,28
201800011455,18,4,12,1548,1,2,1,1.0,1.0,28362,M,4839278.0,101831.0,28
201800011456,18,5,6,850,1,2,1,1.0,2.0,28214,M,4847524.0,102545.0,28
201800011457,18,6,3,1300,1,1,1,7.0,7.0,28214,M,4847606.0,101137.0,28
201800011458,18,7,29,840,1,1,1,1.0,4.0,28240,M,4849163.0,101920.0,28
201800011459,18,9,9,1740,1,1,1,1.0,7.0,28119,M,4828172.0,108013.0,28
201800011460,18,11,20,710,5,2,3,1.0,6.0,28214,M,4847295.0,101215.0,28
201800011461,18,2,9,1245,1,1,1,4.0,6.0,27406,M,4877473.0,130823.0,27
201800011462,18,2,19,1624,1,1,1,2.0,6.0,27376,M,4879629.0,134350.0,27
201800011463,18,4,1,1715,1,2,3,1.0,3.0,27017,M,4899090.0,115790.0,27
201800011464,18,7,12,105,4,2,1,1.0,6.0,27390,M,4883318.0,121638.0,27
201800011465,18,7,13,1708,1,1,1,1.0,1.0,27044,M,4894506.0,111606.0,27
201800011466,18,7,30,1400,1,1,2,1.0,3.0,27416,M,4884580.0,110208.0,27
201800011467,18,11,2,957,1,2,9,1.0,1.0,27350,M,4881830.0,126837.0,27
201800011468,18,11,25,1240,1,1,2,2.0,3.0,27378,M,4877766.0,121435.0,27
201800011469,18,2,3,2345,3,1,1,2.0,6.0,27643,M,4874951.0,102792.0,27
201800011470,18,3,4,1515,1,1,1,1.0,6.0,27685,M,4889490.0,75580.0,27
201800011471,18,3,17,2050,5,2,1,1.0,3.0,27679,M,4873620.0,93122.0,27
201800011472,18,5,21,1645,1,1,1,1.0,6.0,27068,M,4892124.0,66940.0,27
201800011473,18,6,5,520,2,1,1,8.0,7.0,27457,M,4877607.0,92499.0,27
201800011474,18,6,6,1010,1,1,1,1.0,6.0,27481,M,4874227.0,86622.0,27
201800011475,18,6,16,1250,1,1,2,1.0,2.0,27112,M,4885291.0,92119.0,27
201800011476,18,6,22,1550,1,2,3,1.0,3.0,27502,M,4881463.0,70352.0,27
201800011477,18,7,13,1250,1,2,1,1.0,7.0,27069,M,4881259.0,74931.0,27
201800011478,18,7,17,930,1,1,2,1.0,3.0,27508,M,4882084.0,66117.0,27
201800011479,18,8,24,1640,1,2,1,1.0,1.0,27137,M,4876942.0,76049.0,27
201800011480,18,9,7,1630,1,2,6,7.0,6.0,27679,M,4874195.0,92474.0,27
201800011481,18,10,6,730,1,1,1,1.0,6.0,27112,M,4884414.0,89721.0,27
201800011482,18,10,8,920,2,1,3,7.0,1.0,27054,M,4885564.0,87256.0,27
201800011483,18,10,21,1930,3,1,1,1.0,6.0,27291,M,4871959.0,77941.0,27
201800011484,18,12,16,1045,1,2,1,1.0,6.0,27112,M,4883584.0,91276.0,27
201800011485,18,12,29,825,1,1,1,1.0,6.0,27182,M,4874654.0,99426.0,27
201800011486,18,1,12,1730,3,1,1,1.0,1.0,27523,M,4907529.0,65997.0,27
201800011487,18,2,12,1545,1,1,6,1.0,2.0,27056,M,4910827.0,58982.0,27
201800011488,18,4,18,1640,1,1,1,1.0,6.0,27600,M,4905022.0,57616.0,27
201800011489,18,4,20,2209,5,2,1,1.0,6.0,27056,M,4909370.0,60112.0,27
201800011490,18,5,18,1705,1,1,1,1.0,3.0,27667,M,4911681.0,62420.0,27
201800011491,18,6,3,1,3,2,1,1.0,6.0,27056,M,4909397.0,60017.0,27
201800011492,18,6,18,1725,1,1,3,1.0,1.0,27462,M,4909000.0,42830.0,27
201800011493,18,7,5,1150,1,1,1,7.0,1.0,27680,M,4892032.0,42927.0,27
201800011494,18,7,10,1630,1,2,3,7.0,7.0,27079,M,4916520.0,57705.0,27
201800011495,18,9,28,1800,1,1,1,1.0,2.0,27463,M,4913486.0,63081.0,27
201800011496,18,10,3,845,1,2,1,1.0,6.0,27056,M,4908774.0,59234.0,27
201800011497,18,10,6,1000,1,1,6,7.0,3.0,27629,M,4914462.0,44965.0,27
201800011498,18,10,21,1730,1,1,1,1.0,7.0,27239,M,4901839.0,56639.0,27
201800011499,18,12,1,1730,2,2,1,2.0,7.0,27660,M,4896894.0,51300.0,27
201800011500,18,12,26,1500,1,1,1,1.0,3.0,27207,M,4910208.0,43461.0,27
201800011501,18,12,31,1005,1,1,1,2.0,2.0,27547,M,4905243.0,40819.0,27
201800011502,18,1,22,1835,3,1,1,1.0,1.0,27050,M,4908760.0,75320.0,27
201800011503,18,3,1,730,2,1,3,4.0,6.0,27290,M,4911780.0,73860.0,27
201800011504,18,3,10,945,1,2,1,3.0,6.0,27051,M,4907591.0,78741.0,27
201800011505,18,3,11,1250,1,1,2,1.0,1.0,27630,M,4913504.0,79362.0,27
201800011506,18,4,11,1845,1,1,1,1.0,7.0,27290,M,4913560.0,79344.0,27
201800011507,18,4,21,330,3,1,1,1.0,6.0,27050,M,4908760.0,76790.0,27
201800011508,18,5,23,1330,1,1,1,1.0,4.0,27116,M,4915333.0,72988.0,27
201800011509,18,7,5,2040,2,1,1,1.0,6.0,27050,M,4908972.0,76374.0,27
201800011510,18,8,4,1055,1,1,2,1.0,4.0,27050,M,4909333.0,80436.0,27
201800011511,18,8,3,733,1,1,1,1.0,6.0,27253,M,4914984.0,70846.0,27
201800011512,18,11,27,1200,1,1,2,2.0,3.0,27513,M,4900228.0,67912.0,27
201800011513,18,4,3,1315,1,1,2,2.0,3.0,27214,M,4930848.0,139607.0,27
201800011514,18,4,21,1530,1,1,1,1.0,6.0,27151,M,4938375.0,138240.0,27
201800011515,18,5,6,1825,1,1,1,7.0,1.0,27274,M,4932750.0,139890.0,27
201800011516,18,7,28,1945,1,2,4,1.0,1.0,27366,M,4942487.0,132812.0,27
201800011517,18,7,28,1445,1,2,1,1.0,6.0,27470,M,4933289.0,127740.0,27
201800011518,18,7,29,1825,1,1,1,1.0,6.0,27270,M,4928860.0,141422.0,27
201800011519,18,7,31,1000,1,2,1,1.0,6.0,27214,M,4930310.0,144850.0,27
201800011520,18,9,7,1635,1,2,1,1.0,2.0,27104,M,4938555.0,131049.0,27
201800011521,18,9,22,1715,1,2,2,2.0,6.0,27493,M,4933075.0,126158.0,27
201800011522,18,10,20,1155,1,1,1,1.0,3.0,27493,M,4932921.0,123552.0,27
201800011523,18,11,10,1430,1,2,1,1.0,1.0,27453,M,4940667.0,137680.0,27
201800011524,18,1,10,1200,1,2,9,8.0,6.0,27310,M,4928166.0,155392.0,27
201800011525,18,1,28,1845,3,2,1,8.0,6.0,27284,M,4927840.0,177695.0,27
201800011526,18,2,1,1855,3,1,1,2.0,5.0,27026,M,4922508.0,163497.0,27
201800011527,18,3,4,1740,1,2,3,1.0,3.0,27284,M,4927640.0,176953.0,27
201800011528,18,3,23,2000,5,2,2,8.0,3.0,27284,M,4927815.0,178524.0,27
201800011529,18,4,1,625,5,2,1,1.0,6.0,27226,M,4930510.0,162020.0,27
201800011530,18,6,27,500,2,1,3,1.0,1.0,27426,M,4927298.0,171634.0,27
201800011531,18,8,5,725,2,1,1,7.0,7.0,27226,M,4929360.0,158450.0,27
201800011532,18,8,10,745,1,1,1,1.0,7.0,27026,M,4922508.0,163497.0,27
201800011533,18,8,25,1840,1,2,4,1.0,2.0,27420,M,4924796.0,155320.0,27
201800011534,18,9,29,2350,3,2,1,1.0,6.0,27480,M,4934574.0,151891.0,27
201800011535,18,10,7,1330,1,1,2,8.0,3.0,27420,M,4925550.0,156249.0,27
201800011536,18,11,9,1620,1,1,2,1.0,3.0,27437,M,4933305.0,157102.0,27
201800011537,18,12,5,2145,3,1,1,2.0,2.0,27284,M,4929000.0,176540.0,27
201800011538,18,12,18,1120,1,1,1,1.0,2.0,27045,M,4929995.0,177158.0,27
201800011539,18,12,24,1520,1,1,1,1.0,2.0,27067,M,4929498.0,169090.0,27
201800011540,18,1,5,1825,3,2,2,1.0,1.0,27187,M,4920020.0,99460.0,27
201800011541,18,2,14,840,1,2,1,9.0,1.0,27698,M,4916340.0,90815.0,27
201800011542,18,3,12,1910,2,1,4,1.0,3.0,27698,M,4916330.0,90890.0,27
201800011543,18,5,2,1805,1,1,1,2.0,2.0,27428,M,4914924.0,92201.0,27
201800011544,18,5,25,1820,1,2,1,3.0,6.0,27595,M,4925791.0,88690.0,27
201800011545,18,9,1,1750,1,1,2,1.0,3.0,27055,M,4911492.0,107508.0,27
201800011546,18,11,19,900,2,1,1,1.0,6.0,27504,M,4907111.0,109594.0,27
201800011547,18,12,14,2015,3,1,2,8.0,3.0,27595,M,4924383.0,91902.0,27
201800011548,18,3,23,1720,1,1,1,1.0,7.0,27018,M,4932077.0,62501.0,27
201800011549,18,5,17,1205,1,1,1,1.0,7.0,27655,M,4932869.0,49933.0,27
201800011550,18,6,7,1730,1,2,1,1.0,3.0,27467,M,4934816.0,54047.0,27
201800011551,18,7,25,1300,1,1,1,1.0,1.0,27065,M,4932941.0,36529.0,27
201800011552,18,8,2,2145,2,1,1,1.0,6.0,27388,M,4946449.0,47308.0,27
201800011553,18,9,19,830,1,2,6,1.0,3.0,27467,M,4935014.0,52062.0,27
201800011554,18,10,14,1220,1,1,1,1.0,3.0,27518,M,4944919.0,55256.0,27
201800011555,18,11,29,1715,1,1,1,8.0,6.0,27656,M,4935796.0,48107.0,27
201800011556,18,12,22,1245,1,1,1,1.0,6.0,27065,M,4934631.0,36247.0,27
201800011557,18,2,16,1850,3,1,1,9.0,6.0,27317,M,4938106.0,67255.0,27
201800011558,18,2,25,1335,1,1,1,1.0,7.0,27093,M,4928190.0,89650.0,27
201800011559,18,4,21,935,1,2,3,1.0,6.0,27582,M,4929532.0,94892.0,27
201800011560,18,5,5,1500,1,1,1,1.0,3.0,27062,M,4930279.0,82506.0,27
201800011561,18,5,7,1100,1,1,1,1.0,3.0,27102,M,4936701.0,76503.0,27
201800011562,18,6,2,1715,1,2,1,9.0,7.0,27223,M,4933057.0,78994.0,27
201800011563,18,6,7,1700,1,2,3,1.0,3.0,27133,M,4938494.0,91536.0,27
201800011564,18,7,1,1130,1,2,1,1.0,1.0,27133,M,4935954.0,92154.0,27
201800011565,18,10,31,745,1,1,1,1.0,3.0,27661,M,4935734.0,87400.0,27
201800011566,18,11,17,1250,1,1,1,1.0,7.0,27340,M,4935944.0,82774.0,27
201800011567,18,11,24,2330,3,1,1,1.0,6.0,27316,M,4940581.0,74350.0,27
201800011568,18,12,10,745,2,2,6,1.0,6.0,27582,M,4929416.0,95196.0,27
201800011569,18,12,21,2015,3,1,2,2.0,3.0,27090,M,4929627.0,93563.0,27
201800011570,18,1,11,1825,5,2,1,5.0,6.0,27435,M,4926690.0,51639.0,27
201800011571,18,3,31,1015,1,1,1,1.0,6.0,27110,M,4933160.0,67440.0,27
201800011572,18,4,17,620,2,1,1,1.0,6.0,27591,M,4923962.0,38046.0,27
201800011573,18,5,7,1000,1,1,2,7.0,1.0,27367,M,4922628.0,49174.0,27
201800011574,18,6,28,1750,1,1,2,1.0,3.0,27435,M,4928253.0,52371.0,27
201800011575,18,10,10,1824,1,2,2,1.0,6.0,27349,M,4931474.0,70480.0,27
201800011576,18,12,4,2040,3,1,1,1.0,4.0,27218,M,4928739.0,44765.0,27
201800011577,18,12,17,1100,1,1,2,7.0,5.0,27349,M,4932206.0,72955.0,27
201800011578,18,1,17,1230,1,1,1,1.0,1.0,85213,M,4660697.0,-133967.0,85
201800011579,18,2,17,2000,3,1,1,1.0,6.0,85046,M,4666848.0,-132827.0,85
201800011580,18,3,19,320,3,1,1,1.0,6.0,85213,M,4660582.0,-133760.0,85
201800011581,18,3,25,1830,1,1,1,1.0,6.0,85061,M,4656088.0,-126590.0,85
201800011582,18,4,7,1330,1,1,1,2.0,6.0,85160,M,4659352.0,-144297.0,85
201800011583,18,4,25,750,1,1,2,1.0,2.0,85023,M,4653921.0,-115775.0,85
201800011584,18,6,16,120,3,1,1,1.0,2.0,85008,M,4663197.0,-143998.0,85
201800011585,18,6,24,730,1,1,1,1.0,3.0,85093,M,4668079.0,-121759.0,85
201800011586,18,7,13,700,2,1,1,1.0,6.0,85213,M,4662479.0,-137283.0,85
201800011587,18,7,21,1830,1,1,1,1.0,6.0,85069,M,4663974.0,-145793.0,85