Num_Acc,an,mois,jour,hrmn,lum,agg,int,atm,col,com,gps,lat,long,dep
201800011588,18,8,17,1800,1,1,1,1.0,6.0,85291,M,4660910.0,-121171.0,85
201800011589,18,9,14,1000,1,1,1,1.0,6.0,85135,M,4655669.0,-120647.0,85
201800011590,18,9,15,1300,1,1,1,1.0,5.0,85135,M,4651617.0,-120548.0,85
201800011591,18,9,16,2030,2,1,1,1.0,7.0,85073,M,4649198.0,-119794.0,85
201800011592,18,10,22,1500,1,2,1,1.0,6.0,85213,M,4658984.0,-131000.0,85
201800011593,18,10,25,1315,1,1,1,1.0,7.0,85073,M,4650640.0,-116111.0,85
201800011594,18,11,27,645,3,1,1,1.0,7.0,85213,M,4659317.0,-132872.0,85
201800011595,18,12,9,520,3,1,1,2.0,6.0,85073,M,4650382.0,-116146.0,85
201800011596,18,1,20,1655,1,1,1,2.0,3.0,85089,M,4669999.0,-131961.0,85
201800011597,18,1,28,615,3,1,1,1.0,6.0,85282,M,4671368.0,-96308.0,85
201800011598,18,2,17,2245,3,1,1,1.0,6.0,85266,M,4674005.0,-97810.0,85
201800011599,18,3,29,1446,1,1,1,2.0,1.0,85212,M,4677532.0,-117056.0,85
201800011600,18,4,13,955,1,2,1,1.0,1.0,85084,M,4676730.0,-123447.0,85
201800011601,18,5,10,2045,1,2,1,1.0,6.0,85051,M,4668515.0,-106085.0,85
201800011602,18,5,17,1930,1,2,2,1.0,3.0,85034,M,4663757.0,-117102.0,85
201800011603,18,6,10,700,2,1,1,1.0,6.0,85089,M,4672205.0,-134535.0,85
201800011604,18,6,10,1220,1,1,1,1.0,7.0,85051,M,4664879.0,-107637.0,85
201800011605,18,6,18,1215,1,1,1,1.0,6.0,85081,M,4675267.0,-138618.0,85
201800011606,18,6,18,1015,1,1,1,1.0,6.0,85051,M,4665658.0,-98720.0,85
201800011607,18,7,4,1015,1,1,1,1.0,6.0,85246,M,4674719.0,-120136.0,85
201800011608,18,7,16,1800,1,1,1,1.0,6.0,85246,M,4673208.0,-120614.0,85
201800011609,18,7,31,1830,1,1,2,1.0,3.0,85202,M,4671894.0,-111335.0,85
201800011610,18,8,18,35,3,1,1,1.0,6.0,85089,M,4672224.0,-139263.0,85
201800011611,18,9,3,2000,2,1,1,1.0,7.0,85051,M,4667202.0,-108496.0,85
201800011612,18,10,5,1120,1,1,2,7.0,3.0,85202,M,4672727.0,-108873.0,85
201800011613,18,10,24,2140,3,1,6,1.0,1.0,85220,M,4672370.0,-102867.0,85
201800011614,18,11,30,1811,3,1,2,8.0,3.0,85202,M,4671899.0,-111340.0,85
201800011615,18,12,3,1815,3,1,1,1.0,3.0,85051,M,4668997.0,-103719.0,85
201800011616,18,12,21,5,3,1,1,3.0,6.0,85051,M,4668567.0,-106641.0,85
201800011617,18,12,26,1814,5,2,9,1.0,1.0,85051,M,4667918.0,-103728.0,85
201800011618,18,12,26,1045,1,2,3,1.0,6.0,85089,M,4671445.0,-131322.0,85
201800011619,18,12,27,2014,3,1,1,1.0,6.0,85266,M,4674149.0,-97650.0,85
201800011620,18,1,3,2300,5,2,1,2.0,6.0,85190,M,4693976.0,-150699.0,85
201800011621,18,1,3,1915,3,1,1,2.0,6.0,85217,M,4695285.0,-128968.0,85
201800011622,18,1,12,2010,3,1,1,1.0,1.0,85076,M,4705590.0,-126247.0,85
201800011623,18,1,17,1800,3,1,1,2.0,7.0,85295,M,4699450.0,-121765.0,85
201800011624,18,1,29,725,2,1,1,2.0,7.0,85262,M,4700899.0,-150596.0,85
201800011625,18,2,3,2245,5,2,6,8.0,7.0,85027,M,4696907.0,-133024.0,85
201800011626,18,2,8,1825,2,2,2,1.0,2.0,85217,M,4693946.0,-128097.0,85
201800011627,18,2,23,630,3,1,2,1.0,3.0,85190,M,4691992.0,-149048.0,85
201800011628,18,4,11,1705,1,1,4,1.0,3.0,85262,M,4698300.0,-149035.0,85
201800011629,18,5,21,325,5,2,6,1.0,7.0,85190,M,4693825.0,-150997.0,85
201800011630,18,5,22,1905,1,2,2,1.0,1.0,85039,M,4701975.0,-120055.0,85
201800011631,18,6,3,1130,1,2,6,1.0,3.0,85190,M,4692710.0,-150067.0,85
201800011632,18,6,23,1435,1,2,6,1.0,6.0,85076,M,4706520.0,-124580.0,85
201800011633,18,7,7,2215,3,1,1,1.0,6.0,85262,M,4699023.0,-151630.0,85
201800011634,18,7,10,420,5,2,1,1.0,6.0,85039,M,4701430.0,-120377.0,85
201800011635,18,7,25,1145,1,1,2,1.0,3.0,85025,M,4696584.0,-120243.0,85
201800011636,18,8,20,1030,1,1,1,1.0,1.0,85217,M,4693496.0,-131693.0,85
201800011637,18,9,15,1100,1,1,1,1.0,1.0,85039,M,4701663.0,-116646.0,85
201800011638,18,11,23,1815,5,2,1,3.0,1.0,85295,M,4698948.0,-122297.0,85
201800011639,18,12,7,1900,3,1,1,1.0,6.0,85224,M,4699822.0,-129127.0,85
201800011640,18,1,5,1,3,1,1,1.0,7.0,85111,M,4632205.0,-91311.0,85
201800011641,18,1,13,745,2,2,9,1.0,3.0,85001,M,4633399.0,-130435.0,85
201800011642,18,3,7,1010,1,2,1,1.0,6.0,85128,M,4645771.0,-114958.0,85
201800011643,18,4,10,1658,1,2,1,2.0,6.0,85128,M,4645504.0,-116890.0,85
201800011644,18,4,28,1645,1,1,1,1.0,5.0,85207,M,4642129.0,-128667.0,85
201800011645,18,6,13,605,2,1,1,1.0,6.0,85111,M,4632924.0,-92789.0,85
201800011646,18,6,25,1700,1,1,1,1.0,5.0,85297,M,4641332.0,-117705.0,85
201800011647,18,7,7,715,1,1,1,1.0,6.0,85267,M,4637977.0,-105156.0,85
201800011648,18,7,28,2045,1,2,1,1.0,2.0,85049,M,4638353.0,-114507.0,85
201800011649,18,8,21,1205,1,2,3,1.0,3.0,85128,M,4645183.0,-116982.0,85
201800011650,18,9,26,2230,3,1,1,1.0,6.0,85131,M,4648569.0,-121089.0,85
201800011651,18,10,15,1830,2,2,4,1.0,3.0,85255,M,4634958.0,-126280.0,85
201800011652,18,10,26,1615,1,2,2,1.0,3.0,85128,M,4646120.0,-136305.0,85
201800011653,18,10,27,1825,1,2,6,8.0,3.0,85128,M,4646216.0,-117069.0,85
201800011654,18,3,15,742,2,1,1,2.0,6.0,85227,M,4646077.0,-65505.0,85
201800011655,18,3,19,450,4,2,2,1.0,3.0,85020,M,4636337.0,-60965.0,85
201800011656,18,4,14,950,1,2,1,2.0,6.0,85092,M,4646249.0,-79500.0,85
201800011657,18,5,5,1150,1,1,1,1.0,3.0,85028,M,4637786.0,-65499.0,85
201800011658,18,5,5,1450,1,1,1,1.0,7.0,85123,M,4636583.0,-69655.0,85
201800011659,18,5,11,2200,5,2,1,1.0,6.0,85139,M,4633690.0,-67279.0,85
201800011660,18,5,21,50,3,1,1,1.0,6.0,85143,M,4652463.0,-74940.0,85
201800011661,18,7,1,1250,1,1,1,1.0,3.0,85162,M,4644145.0,-69165.0,85
201800011662,18,7,1,1810,1,1,1,1.0,6.0,85303,M,4635102.0,-87437.0,85
201800011663,18,8,6,2000,1,2,1,1.0,7.0,85143,M,4653708.0,-73064.0,85
201800011664,18,9,2,1013,1,1,2,1.0,2.0,85132,M,4633989.0,-77161.0,85
201800011665,18,9,8,1033,1,2,1,1.0,6.0,85227,M,4647057.0,-66514.0,85
201800011666,18,8,30,1650,1,2,7,1.0,3.0,85092,M,4646390.0,-79226.0,85
201800011667,18,12,20,1630,1,1,1,2.0,1.0,85303,M,4637525.0,-86940.0,85
201800011668,18,2,17,1900,2,1,1,1.0,7.0,85140,M,4675445.0,-81084.0,85
201800011669,18,3,25,1230,1,1,1,1.0,7.0,85264,M,4667701.0,-68935.0,85
201800011670,18,4,23,1400,1,1,1,1.0,7.0,85037,M,4666373.0,-64787.0,85
201800011671,18,6,28,1040,1,1,3,1.0,3.0,85147,M,4675925.0,-74666.0,85
201800011672,18,7,6,1435,1,1,1,1.0,1.0,85154,M,4664434.0,-81728.0,85
201800011673,18,8,13,1425,1,1,2,1.0,3.0,85182,M,4675708.0,-86817.0,85
201800011674,18,8,26,500,3,1,1,1.0,6.0,85037,M,4666351.0,-64860.0,85
201800011675,18,9,8,1130,1,1,3,1.0,3.0,85287,M,4669194.0,-87194.0,85
201800011676,18,9,15,2145,3,1,1,1.0,1.0,85257,M,4684041.0,-88567.0,85
201800011677,18,10,11,1600,1,1,2,1.0,7.0,85292,M,4662740.0,-86123.0,85
201800011678,18,10,12,2320,3,1,1,1.0,7.0,85264,M,4669715.0,-70119.0,85
201800011679,18,11,22,1630,2,1,1,1.0,6.0,85005,M,4662055.0,-76644.0,85
201800011680,18,12,6,310,3,1,1,1.0,7.0,85264,M,4668519.0,-71040.0,85
201800011681,18,2,22,1745,1,2,1,1.0,1.0,85047,M,4684090.0,-189489.0,85
201800011682,18,3,1,1540,1,1,1,1.0,6.0,85096,M,4692020.0,-183518.0,85
201800011683,18,3,31,2320,3,1,1,1.0,1.0,85130,M,4677767.0,-168389.0,85
201800011684,18,4,19,1950,1,1,2,1.0,3.0,85210,M,4684571.0,-162468.0,85
201800011685,18,4,27,610,2,1,3,1.0,3.0,85047,M,4683979.0,-185446.0,85
201800011686,18,5,10,1200,1,2,1,1.0,6.0,85024,M,4693789.0,-187010.0,85
201800011687,18,5,13,200,3,1,6,2.0,6.0,85047,M,4683521.0,-183437.0,85
201800011688,18,6,30,1000,1,1,2,1.0,3.0,85130,M,4676877.0,-169078.0,85
201800011689,18,6,30,1225,1,1,1,1.0,1.0,85280,M,4685614.0,-196511.0,85
201800011690,18,7,24,1340,1,1,1,1.0,7.0,85260,M,4680256.0,-165585.0,85
201800011691,18,8,5,1145,1,1,2,1.0,1.0,85130,M,4678897.0,-170340.0,85
201800011692,18,9,8,1850,1,2,1,1.0,1.0,85280,M,4685731.0,-194536.0,85
201800011693,18,11,17,1800,3,2,1,1.0,3.0,85047,M,4682624.0,-187218.0,85
201800011694,18,11,18,1820,3,1,1,1.0,1.0,85086,M,4684752.0,-180005.0,85
201800011695,18,12,14,1630,1,1,3,1.0,2.0,85280,M,4688081.0,-195958.0,85
201800011696,18,2,6,2130,3,1,1,2.0,6.0,85103,M,4654133.0,-159204.0,85
201800011697,18,3,10,1330,1,1,2,1.0,2.0,85114,M,4643381.0,-157809.0,85
201800011698,18,3,15,35,3,2,1,8.0,7.0,85278,M,4641991.0,-152643.0,85
201800011699,18,4,1,2135,3,1,1,1.0,6.0,85288,M,4649139.0,-158438.0,85
201800011700,18,4,24,2230,3,1,1,1.0,6.0,85004,M,4638279.0,-140696.0,85
201800011701,18,5,9,1030,1,1,1,1.0,6.0,85277,M,4648535.0,-133255.0,85
201800011702,18,5,20,1030,1,2,1,1.0,6.0,85307,M,4633261.0,-132231.0,85
201800011703,18,6,8,1945,1,2,1,1.0,6.0,85026,M,4656512.0,-146408.0,85
201800011704,18,6,19,1050,1,1,1,1.0,3.0,85101,M,4649445.0,-139669.0,85
201800011705,18,6,27,1945,1,1,1,1.0,7.0,85127,M,4642942.0,-148828.0,85
201800011706,18,6,29,1400,1,1,1,1.0,1.0,85156,M,4649760.0,-144481.0,85
201800011707,18,7,1,1700,1,2,1,1.0,6.0,85288,M,4646988.0,-161419.0,85
201800011708,18,7,26,1730,1,2,1,1.0,6.0,85278,M,4641385.0,-154880.0,85
201800011709,18,8,31,1445,1,1,1,1.0,6.0,85004,M,4640109.0,-137794.0,85
201800011710,18,9,25,1230,1,1,1,1.0,6.0,85278,M,4643172.0,-155904.0,85
201800011711,18,10,16,1400,1,1,3,1.0,3.0,85288,M,4647262.0,-163076.0,85
201800011712,18,11,10,1210,1,1,1,8.0,4.0,85277,M,4651912.0,-143210.0,85
201800011713,18,3,1,1600,1,1,1,1.0,7.0,85221,M,4696494.0,-197579.0,85
201800011714,18,4,5,5,5,2,1,1.0,7.0,85012,M,4689003.0,-212560.0,85
201800011715,18,5,15,1040,1,1,1,1.0,1.0,85018,M,4690421.0,-205412.0,85
201800011716,18,5,26,1320,1,2,1,1.0,7.0,85018,M,4692256.0,-204152.0,85
201800011717,18,6,20,930,1,1,1,1.0,4.0,85029,M,4699644.0,-199757.0,85
201800011718,18,6,30,1928,1,1,1,1.0,6.0,85221,M,4690102.0,-197470.0,85
201800011719,18,7,16,1550,1,1,1,6.0,3.0,85284,M,4679897.0,-188138.0,85
201800011720,18,7,22,1430,1,2,1,1.0,1.0,85234,M,4679704.0,-206942.0,85
201800011721,18,7,22,1245,1,2,1,1.0,7.0,85273,M,4688244.0,-200800.0,85
201800011722,18,8,19,2300,3,1,1,1.0,6.0,85172,M,4681500.0,-196306.0,85
201800011723,18,9,29,48,5,2,9,1.0,1.0,85029,M,4697096.0,-200002.0,85
201800011724,18,12,12,1635,1,1,6,1.0,3.0,85172,M,4680482.0,-198340.0,85
201800011725,18,12,18,1800,3,1,1,2.0,1.0,85234,M,4678059.0,-201444.0,85
201800011726,18,3,2,1700,1,1,1,1.0,6.0,04040,M,4418820.0,612991.0,04
201800011727,18,3,23,607,2,1,3,1.0,3.0,04001,M,4404980.0,614634.0,04
201800011728,18,4,23,1410,1,1,1,1.0,1.0,04217,M,4413410.0,614820.0,04
201800011729,18,6,22,1020,1,1,1,1.0,7.0,04167,M,4419260.0,627549.0,04
201800011730,18,6,23,1115,1,1,1,1.0,6.0,04040,M,4418940.0,614144.0,04
201800011731,18,7,15,1835,1,1,1,1.0,6.0,04217,M,4414410.0,613756.0,04
201800011732,18,8,8,1252,1,1,3,1.0,3.0,04046,M,4403810.0,614541.0,04
201800011733,18,8,13,1220,1,1,1,1.0,2.0,04122,M,4404510.0,605887.0,04
201800011734,18,8,19,520,3,1,1,1.0,1.0,04122,M,4403290.0,609099.0,04
201800011735,18,8,31,1920,1,1,1,1.0,1.0,04113,M,4413290.0,625832.0,04
201800011736,18,9,11,1750,1,1,1,1.0,2.0,04001,M,4405090.0,614916.0,04
201800011737,18,10,3,1615,1,1,1,1.0,6.0,04024,M,4421500.0,636264.0,04
201800011738,18,11,21,1725,2,1,3,2.0,3.0,04110,M,4404660.0,613679.0,04
201800011739,18,12,16,345,3,1,1,2.0,6.0,04001,M,4406620.0,617372.0,04
201800011740,18,3,23,17,3,1,1,1.0,6.0,04094,M,4380200.0,582982.0,04
201800011741,18,4,8,1700,1,1,1,6.0,7.0,04094,M,4379280.0,583829.0,04
201800011742,18,4,24,1810,1,2,1,1.0,6.0,04094,M,4375810.0,588711.0,04
201800011743,18,5,29,2020,1,1,1,1.0,5.0,04094,M,4374490.0,587458.0,04
201800011744,18,7,6,2230,3,1,1,1.0,1.0,04094,M,4379880.0,583128.0,04
201800011745,18,7,15,640,2,1,1,1.0,1.0,04094,M,4374390.0,584351.0,04
201800011746,18,7,31,1400,1,1,1,1.0,6.0,04094,M,4375420.0,586262.0,04
201800011747,18,8,10,1945,1,1,1,1.0,1.0,04094,M,4374820.0,584843.0,04
201800011748,18,8,20,2335,3,1,1,1.0,3.0,04189,M,4377060.0,594907.0,04
201800011749,18,8,24,830,1,2,1,1.0,7.0,04230,M,4384570.0,598851.0,04
201800011750,18,9,28,1445,1,1,3,1.0,1.0,04094,M,4375690.0,591423.0,04
201800011751,18,10,19,1135,1,1,1,1.0,1.0,04094,M,4377260.0,590159.0,04
201800011752,18,11,23,2120,3,1,1,3.0,7.0,04094,M,4375180.0,585533.0,04
201800011753,18,1,10,1545,1,1,1,3.0,5.0,04108,M,4404660.0,604893.0,04
201800011754,18,4,8,110,5,2,1,1.0,7.0,04108,M,4405140.0,602379.0,04
201800011755,18,5,2,1345,1,2,1,1.0,2.0,04049,M,4410170.0,600883.0,04
201800011756,18,6,9,2020,5,2,3,1.0,3.0,04116,M,4402950.0,597326.0,04
201800011757,18,7,6,1610,1,2,1,1.0,3.0,04049,M,4408980.0,600899.0,04
201800011758,18,7,15,825,1,1,1,2.0,6.0,04200,M,4413440.0,598654.0,04
201800011759,18,8,18,2100,3,1,1,1.0,6.0,04145,M,4413620.0,596989.0,04
201800011760,18,9,1,1200,1,1,1,1.0,1.0,04013,M,4411910.0,598919.0,04
201800011761,18,9,8,1005,1,1,6,7.0,2.0,04108,M,4404320.0,602988.0,04
201800011762,18,9,17,1010,1,2,3,1.0,2.0,04049,M,4409360.0,600946.0,04
201800011763,18,10,29,2217,3,1,1,4.0,6.0,04053,M,4410280.0,594679.0,04
201800011764,18,11,7,1125,1,2,1,1.0,6.0,04244,M,4411070.0,601434.0,04
201800011765,18,11,8,1245,1,1,1,1.0,3.0,04116,M,4398160.0,592625.0,04
201800011766,18,11,28,1540,1,1,3,1.0,3.0,04116,M,4398400.0,592758.0,04
201800011767,18,12,3,2326,3,1,1,2.0,6.0,04091,M,4399890.0,591914.0,04
201800011768,18,12,8,1030,1,1,1,9.0,5.0,04013,M,4411380.0,595050.0,04
201800011769,18,12,10,2136,3,1,1,1.0,7.0,04079,M,4407280.0,602174.0,04
201800011770,18,12,14,1830,5,2,1,1.0,6.0,04116,M,4403330.0,598587.0,04
201800011771,18,12,21,1745,3,1,1,1.0,1.0,04145,M,4414400.0,596389.0,04
201800011772,18,1,27,1720,1,2,1,1.0,6.0,04022,M,4395730.0,637617.0,04
201800011773,18,4,11,800,1,1,1,2.0,1.0,04055,M,4397970.0,630901.0,04
201800011774,18,5,16,1710,1,1,1,1.0,6.0,04121,M,4402300.0,617721.0,04
201800011775,18,6,13,1350,1,1,1,1.0,2.0,04121,M,4402480.0,617292.0,04
201800011776,18,7,2,940,1,1,1,1.0,6.0,04121,M,4400960.0,619823.0,04
201800011777,18,7,6,1435,1,1,1,1.0,3.0,04182,M,4391240.0,605962.0,04
201800011778,18,7,16,750,1,1,1,1.0,7.0,04187,M,4396810.0,638788.0,04
201800011779,18,8,5,1230,1,1,1,1.0,7.0,04181,M,4397370.0,613234.0,04
201800011780,18,8,31,1515,1,1,1,1.0,3.0,04031,M,4390430.0,613906.0,04
201800011781,18,9,3,1030,1,1,1,1.0,1.0,04084,M,4396190.0,618749.0,04
201800011782,18,9,29,1230,1,1,1,1.0,7.0,04031,M,4390320.0,613933.0,04
201800011783,18,10,12,1420,1,1,1,1.0,6.0,04055,M,4396760.0,631577.0,04
201800011784,18,10,28,940,1,1,1,1.0,6.0,04055,M,4396810.0,631382.0,04
201800011785,18,11,14,1230,1,1,1,1.0,6.0,04031,M,4390780.0,613949.0,04
201800011786,18,6,29,540,2,1,1,1.0,6.0,04076,M,4395300.0,686933.0,04
201800011787,18,7,14,430,3,1,1,1.0,6.0,04076,M,4395220.0,684241.0,04
201800011788,18,8,30,950,1,1,1,1.0,2.0,04076,M,4396230.0,678498.0,04
201800011789,18,12,2,1615,1,2,1,1.0,6.0,04008,M,4396840.0,666493.0,04
201800011790,18,12,6,920,1,1,1,1.0,1.0,04236,M,4391500.0,656346.0,04
201800011791,18,7,2,1420,1,1,1,1.0,5.0,04006,M,4429730.0,659370.0,04
201800011792,18,4,4,1425,1,1,1,1.0,6.0,04124,M,4373610.0,607731.0,04
201800011793,18,4,8,1400,1,1,1,8.0,7.0,04157,M,4386850.0,608523.0,04
201800011794,18,5,20,25,3,1,1,1.0,1.0,04166,M,4382130.0,611550.0,04
201800011795,18,6,13,1020,1,2,1,1.0,6.0,04166,M,4381570.0,609160.0,04
201800011796,18,6,12,1010,1,1,1,1.0,6.0,04124,M,4373590.0,607972.0,04
201800011797,18,6,30,930,1,1,1,1.0,3.0,04144,M,4377270.0,632513.0,04
201800011798,18,7,7,1455,1,1,1,1.0,3.0,04135,M,4383140.0,622408.0,04
201800011799,18,7,21,1600,1,1,3,1.0,3.0,04124,M,4377570.0,607459.0,04
201800011800,18,7,22,1910,1,1,1,1.0,1.0,04176,M,4375580.0,614030.0,04
201800011801,18,8,18,1845,1,1,1,1.0,6.0,04166,M,4382990.0,609777.0,04
201800011802,18,9,10,1600,1,2,3,1.0,1.0,04166,M,4381750.0,609443.0,04
201800011803,18,9,30,1445,1,1,1,1.0,7.0,04144,M,4377140.0,632363.0,04
201800011804,18,9,30,1725,1,1,1,1.0,7.0,04144,M,4377000.0,630896.0,04
201800011805,18,12,15,1555,1,1,1,1.0,7.0,04135,M,4387020.0,623390.0,04
201800011806,18,1,28,1410,1,2,1,1.0,3.0,04088,M,4396280.0,579249.0,04
201800011807,18,2,16,930,1,1,1,1.0,6.0,04188,M,4389820.0,579562.0,04
201800011808,18,2,23,1610,1,1,1,1.0,6.0,04160,M,4385990.0,562818.0,04
201800011809,18,3,20,1800,2,1,1,1.0,1.0,04160,M,4385810.0,564662.0,04
201800011810,18,3,23,2050,3,1,1,1.0,6.0,04045,M,4385700.0,560931.0,04
201800011811,18,3,30,1620,1,1,2,1.0,3.0,04188,M,4390650.0,578528.0,04
201800011812,18,4,20,1700,1,1,3,1.0,3.0,04088,M,4395880.0,579666.0,04
201800011813,18,6,9,2320,3,1,3,9.0,2.0,04088,M,4395080.0,580321.0,04
201800011814,18,6,18,1640,1,2,1,1.0,6.0,04088,M,4395230.0,579820.0,04
201800011815,18,7,11,1805,1,1,1,1.0,3.0,04138,M,4394040.0,583235.0,04
201800011816,18,7,20,754,1,1,1,1.0,3.0,04206,M,4398850.0,585444.0,04
201800011817,18,8,8,1130,1,2,1,1.0,6.0,04088,M,4395890.0,578050.0,04
201800011818,18,7,31,835,1,2,1,1.0,3.0,04045,M,4385650.0,559219.0,04
201800011819,18,8,30,1900,2,2,3,1.0,1.0,04045,M,4385640.0,558309.0,04
201800011820,18,9,13,1300,1,1,1,1.0,6.0,04192,M,4388860.0,572496.0,04
201800011821,18,9,27,1845,1,2,6,1.0,6.0,04088,M,4395790.0,577688.0,04
201800011822,18,10,30,500,3,1,1,2.0,7.0,04104,M,4396910.0,573446.0,04
201800011823,18,12,7,1200,1,1,3,1.0,3.0,04111,M,4393050.0,575958.0,04
201800011824,18,12,19,830,3,1,1,3.0,6.0,04045,M,4385100.0,559979.0,04
201800011825,18,3,23,1435,1,1,1,1.0,6.0,04065,M,4406480.0,585494.0,04
201800011826,18,4,22,1820,1,1,1,1.0,7.0,04208,M,4396280.0,553122.0,04
201800011827,18,5,23,1300,1,1,1,2.0,7.0,04065,M,4411820.0,582193.0,04
201800011828,18,6,9,2045,1,1,1,1.0,6.0,04208,M,4396580.0,556989.0,04
201800011829,18,7,11,300,5,2,1,1.0,6.0,04018,M,4404290.0,563209.0,04
201800011830,18,7,22,927,1,1,1,1.0,2.0,04208,M,4396830.0,557064.0,04
201800011831,18,8,16,1545,1,1,2,1.0,3.0,04141,M,4401930.0,575450.0,04
201800011832,18,10,5,825,1,2,2,1.0,3.0,04162,M,4397500.0,567216.0,04
201800011833,18,10,7,1903,3,1,1,3.0,7.0,04162,M,4397960.0,566152.0,04
201800011834,18,11,21,710,1,1,1,2.0,6.0,04162,M,4397610.0,566937.0,04
201800011835,18,3,20,1240,1,1,1,1.0,1.0,04123,M,4427720.0,585143.0,04
201800011836,18,7,5,953,1,1,1,1.0,4.0,04139,M,4416950.0,582238.0,04
201800011837,18,7,20,1130,1,1,1,1.0,6.0,04199,M,4416740.0,576382.0,04
201800011838,18,7,21,2050,1,2,1,1.0,5.0,04123,M,4426700.0,585940.0,04
201800011839,18,1,2,715,2,1,1,9.0,6.0,04134,M,4431970.0,603024.0,04
201800011840,18,4,15,1145,1,1,1,1.0,7.0,04231,M,4425740.0,596569.0,04
201800011841,18,7,31,100,3,1,1,1.0,6.0,04137,M,4429650.0,603045.0,04
201800011842,18,1,13,1130,1,1,1,8.0,3.0,24166,M,4516533.0,85418.0,24
201800011843,18,2,6,1300,1,1,1,8.0,1.0,24115,M,4525735.0,68224.0,24
201800011844,18,2,10,221,3,1,1,9.0,1.0,24115,M,4524485.0,68853.0,24
201800011845,18,2,25,1600,1,1,1,1.0,7.0,24270,M,4512648.0,91226.0,24
201800011846,18,3,21,1326,1,1,1,1.0,7.0,24571,M,4503847.0,74023.0,24
201800011847,18,4,19,1715,1,1,1,1.0,1.0,24026,M,4519236.0,82734.0,24
201800011848,18,5,20,1915,1,2,1,1.0,1.0,24571,M,4503105.0,71781.0,24
201800011849,18,8,15,1930,1,1,1,1.0,6.0,24094,M,4510578.0,68397.0,24
201800011850,18,8,31,1410,1,1,6,1.0,6.0,24312,M,4513170.0,70255.0,24
201800011851,18,9,24,1345,1,1,1,1.0,3.0,24026,M,4517329.0,81516.0,24
201800011852,18,10,4,1605,1,2,1,1.0,6.0,24312,M,4517594.0,73170.0,24
201800011853,18,11,9,2000,3,1,1,1.0,6.0,24484,M,4512252.0,87540.0,24
201800011854,18,11,15,130,3,1,1,5.0,6.0,24208,M,4505689.0,65520.0,24
201800011855,18,12,8,1930,3,1,1,2.0,6.0,24459,M,4501923.0,63453.0,24
201800011856,18,4,30,731,1,1,1,9.0,3.0,24550,M,4512050.0,109306.0,24
201800011857,18,6,4,1650,1,1,1,3.0,6.0,24463,M,4533432.0,107640.0,24
201800011858,18,8,29,1725,1,1,2,1.0,3.0,24448,M,4533150.0,104624.0,24
201800011859,18,9,28,2225,4,1,1,1.0,6.0,24555,M,4528903.0,106745.0,24
201800011860,18,9,30,1740,1,1,1,1.0,7.0,24188,M,4512680.0,101692.0,24
201800011861,18,11,28,1655,1,2,1,1.0,6.0,24550,M,4513692.0,107132.0,24
201800011862,18,12,11,950,1,1,1,1.0,1.0,24137,M,4530360.0,95953.0,24
201800011863,18,12,11,745,2,1,1,5.0,7.0,24120,M,4527656.0,110087.0,24
201800011864,18,12,17,1220,1,1,1,8.0,7.0,24011,M,4524434.0,79482.0,24
201800011865,18,12,28,915,1,2,2,1.0,3.0,24147,M,4522350.0,93679.0,24
201800011866,18,2,4,2330,5,2,2,1.0,3.0,24182,M,4487495.0,24067.0,24
201800011867,18,2,23,2100,5,2,7,1.0,6.0,24581,M,4502220.0,54246.0,24
201800011868,18,5,12,1000,1,1,3,2.0,4.0,24077,M,4492082.0,56062.0,24
201800011869,18,6,28,1515,1,1,1,1.0,1.0,24077,M,4495789.0,58722.0,24
201800011870,18,7,8,1524,1,2,1,1.0,5.0,24182,M,4488092.0,26451.0,24
201800011871,18,7,16,40,3,1,1,1.0,6.0,24426,M,4502681.0,51781.0,24
201800011872,18,8,5,1120,1,1,1,1.0,1.0,24259,M,4493644.0,51319.0,24
201800011873,18,8,9,800,1,1,1,9.0,1.0,24031,M,4498702.0,63159.0,24
201800011874,18,8,27,1615,1,1,2,1.0,3.0,24419,M,4485125.0,59343.0,24
201800011875,18,8,27,950,1,2,1,1.0,6.0,24182,M,4487741.0,24706.0,24
201800011876,18,9,20,1215,1,1,1,1.0,6.0,24413,M,4493031.0,35910.0,24
201800011877,18,10,5,1905,1,1,1,1.0,6.0,24285,M,4498889.0,54415.0,24
201800011878,18,10,8,1730,1,1,1,1.0,5.0,24077,M,4496056.0,58842.0,24
201800011879,18,10,21,718,3,1,1,5.0,6.0,24487,M,4486567.0,29137.0,24
201800011880,18,11,4,1845,3,1,2,1.0,3.0,24340,M,4486059.0,39010.0,24
201800011881,18,12,6,330,3,1,1,1.0,7.0,24237,M,4488444.0,54200.0,24
201800011882,18,1,1,1010,1,1,1,3.0,6.0,24311,M,4555506.0,67394.0,24
201800011883,18,4,21,1245,1,1,2,1.0,3.0,24398,M,4563637.0,64823.0,24
201800011884,18,6,25,730,1,1,1,1.0,5.0,24451,M,4550300.0,65669.0,24
201800011885,18,7,31,1550,1,1,1,1.0,7.0,24498,M,4551952.0,81132.0,24
201800011886,18,8,7,530,3,1,1,1.0,6.0,24381,M,4563970.0,72743.0,24
201800011887,18,8,18,1540,1,1,1,1.0,7.0,24498,M,4554395.0,85934.0,24
201800011888,18,8,31,1600,1,1,1,1.0,1.0,24311,M,4555530.0,67162.0,24
201800011889,18,9,11,1025,1,1,2,1.0,3.0,24451,M,4551530.0,64667.0,24
201800011890,18,10,17,725,3,1,1,1.0,6.0,24248,M,4549995.0,59596.0,24