Num_Acc,an,mois,jour,hrmn,lum,agg,int,atm,col,com,gps,lat,long,dep
201800011891,18,12,5,1730,3,1,1,1.0,6.0,24565,M,4562575.0,54988.0,24
201800011892,18,12,20,1615,1,1,1,2.0,6.0,24458,M,4554494.0,63594.0,24
201800011893,18,1,15,1215,1,1,2,1.0,1.0,24129,M,4536420.0,70352.0,24
201800011894,18,5,5,730,1,1,1,1.0,6.0,24129,M,4536427.0,71079.0,24
201800011895,18,5,9,2330,3,1,1,1.0,6.0,24579,M,4544044.0,47705.0,24
201800011896,18,5,30,1300,1,1,1,1.0,6.0,24579,M,4544819.0,46454.0,24
201800011897,18,7,6,1800,1,1,1,1.0,7.0,24064,M,4535597.0,63061.0,24
201800011898,18,7,23,1410,1,1,9,1.0,3.0,24474,M,4543626.0,66193.0,24
201800011899,18,1,4,1600,1,1,1,2.0,1.0,24218,M,4549781.0,107582.0,24
201800011900,18,2,15,1130,1,2,3,2.0,3.0,24133,M,4553704.0,97250.0,24
201800011901,18,2,21,915,1,1,1,1.0,1.0,24522,M,4543768.0,100632.0,24
201800011902,18,4,27,805,2,2,3,7.0,6.0,24218,M,4549523.0,106750.0,24
201800011903,18,5,14,1400,1,1,1,2.0,1.0,24505,M,4537889.0,102001.0,24
201800011904,18,5,31,1930,2,1,1,2.0,7.0,24519,M,4546371.0,115724.0,24
201800011905,18,6,11,1330,1,1,1,2.0,1.0,24551,M,4541402.0,89985.0,24
201800011906,18,11,7,715,3,1,1,2.0,6.0,24133,M,4553341.0,96781.0,24
201800011907,18,11,23,1525,1,1,1,2.0,7.0,24305,M,4539253.0,97050.0,24
201800011908,18,11,30,1810,3,2,1,5.0,6.0,24133,M,4553776.0,97213.0,24
201800011909,18,1,18,1015,1,1,4,2.0,3.0,24154,M,4521290.0,44171.0,24
201800011910,18,2,9,1530,1,1,1,2.0,1.0,24007,M,4529326.0,26595.0,24
201800011911,18,3,29,1640,1,1,4,1.0,1.0,24460,M,4525455.0,39305.0,24
201800011912,18,4,25,1235,1,1,1,1.0,6.0,24352,M,4522277.0,32678.0,24
201800011913,18,8,6,2025,1,1,1,1.0,7.0,24564,M,4524204.0,28589.0,24
201800011914,18,8,24,945,1,1,2,1.0,1.0,24199,M,4543637.0,39482.0,24
201800011915,18,10,21,2000,3,1,1,1.0,7.0,24144,M,4531133.0,55217.0,24
201800011916,18,10,23,2000,3,1,1,1.0,1.0,24007,M,4529420.0,28045.0,24
201800011917,18,12,26,1340,1,1,1,1.0,2.0,24586,M,4526301.0,37072.0,24
201800011918,18,5,5,1630,1,1,1,1.0,6.0,24354,M,4513638.0,364.0,24
201800011919,18,11,2,1900,3,1,1,1.0,1.0,24354,M,4512546.0,-845.0,24
201800011920,18,3,14,1940,3,1,1,1.0,3.0,24252,M,4493050.0,120662.0,24
201800011921,18,5,20,1615,1,1,1,7.0,7.0,24544,M,4496544.0,115959.0,24
201800011922,18,6,13,1330,1,2,4,1.0,5.0,24520,M,4487256.0,121046.0,24
201800011923,18,6,16,1850,1,1,2,1.0,2.0,24412,M,4499602.0,124195.0,24
201800011924,18,7,9,915,1,2,2,1.0,3.0,24412,M,4499392.0,125337.0,24
201800011925,18,8,7,1630,1,2,9,1.0,1.0,24520,M,4487278.0,121089.0,24
201800011926,18,9,4,840,1,2,1,7.0,6.0,24520,M,4488792.0,121866.0,24
201800011927,18,9,7,1615,1,1,1,1.0,7.0,24366,M,4489510.0,116053.0,24
201800011928,18,9,16,150,3,1,1,1.0,6.0,24341,M,4494817.0,124414.0,24
201800011929,18,10,16,30,3,1,1,5.0,6.0,24587,M,4484538.0,121493.0,24
201800011930,18,11,3,5,5,2,1,1.0,6.0,24587,M,4482725.0,122278.0,24
201800011931,18,11,7,1450,1,1,1,2.0,1.0,24074,M,4485175.0,132797.0,24
201800011932,18,12,23,1605,1,1,1,1.0,5.0,24471,M,4489446.0,126183.0,24
201800011933,18,1,4,1435,1,2,1,2.0,6.0,24076,M,4490763.0,97042.0,24
201800011934,18,1,8,850,1,1,1,1.0,1.0,24087,M,4488427.0,106967.0,24
201800011935,18,3,8,1510,1,1,1,1.0,1.0,24404,M,4501789.0,88011.0,24
201800011936,18,5,26,1805,1,1,1,1.0,1.0,24377,M,4492195.0,87246.0,24
201800011937,18,6,2,1745,1,1,1,1.0,6.0,24006,M,4482430.0,107133.0,24
201800011938,18,6,7,2015,1,1,1,1.0,7.0,24142,M,4484255.0,97634.0,24
201800011939,18,7,9,1440,1,1,1,1.0,1.0,24172,M,4494506.0,104326.0,24
201800011940,18,9,1,2220,3,1,1,1.0,7.0,24067,M,4491254.0,91306.0,24
201800011941,18,10,20,725,2,1,1,1.0,1.0,24404,M,4501045.0,88435.0,24
201800011942,18,11,9,1845,3,1,3,1.0,4.0,24067,M,4493741.0,90688.0,24
201800011943,18,12,15,630,3,1,1,1.0,7.0,24087,M,4484655.0,108155.0,24
201800011944,18,1,30,1550,1,2,1,1.0,6.0,24547,M,4512990.0,129887.0,24
201800011945,18,4,14,1755,1,2,1,1.0,5.0,24547,M,4512991.0,130128.0,24
201800011946,18,6,1,930,1,2,9,1.0,3.0,24291,M,4505692.0,115246.0,24
201800011947,18,6,24,1744,1,1,6,1.0,3.0,24547,M,4513405.0,127400.0,24
201800011948,18,7,3,1900,1,1,1,1.0,5.0,24229,M,4512974.0,125559.0,24
201800011949,18,7,12,1825,1,1,1,1.0,1.0,24291,M,4508559.0,117606.0,24
201800011950,18,7,24,1200,1,2,1,1.0,3.0,24291,M,4505224.0,114802.0,24
201800011951,18,7,27,1740,1,1,1,1.0,3.0,24547,M,4511624.0,127702.0,24
201800011952,18,8,11,935,1,1,1,1.0,1.0,24179,M,4511602.0,140723.0,24
201800011953,18,9,2,2130,5,2,1,1.0,6.0,24547,M,4512943.0,130459.0,24
201800011954,18,9,2,1350,1,2,1,1.0,6.0,24547,M,4512870.0,130797.0,24
201800011955,18,9,24,730,1,2,1,1.0,6.0,24229,M,4512931.0,122741.0,24
201800011956,18,10,4,901,1,2,1,1.0,6.0,24547,M,4512966.0,130378.0,24
201800011957,18,10,2,2230,3,2,1,1.0,6.0,24014,M,4508259.0,119198.0,24
201800011958,18,12,16,1100,1,1,1,5.0,6.0,24291,M,4506589.0,116092.0,24
201800011959,18,12,31,1707,2,1,1,1.0,6.0,40323,M,4411530.0,-61711.0,40
201800011960,18,3,3,1640,1,1,1,1.0,6.0,40297,M,4411913.0,-50810.0,40
201800011961,18,5,14,1245,1,1,1,2.0,3.0,40234,M,4400649.0,-35669.0,40
201800011962,18,8,21,1200,1,2,3,1.0,3.0,40274,M,4392839.0,-63963.0,40
201800011963,18,10,31,1720,2,1,1,2.0,6.0,40135,M,4410179.0,-52931.0,40
201800011964,18,12,21,1640,1,1,1,1.0,6.0,40262,M,4405371.0,-24382.0,40
201800011965,18,4,13,1850,1,1,1,1.0,6.0,40124,M,4401542.0,-2162.0,40
201800011966,18,4,24,840,1,1,1,1.0,6.0,40096,M,4402566.0,-12053.0,40
201800011967,18,5,9,1530,1,1,1,1.0,1.0,40267,M,4399249.0,-21492.0,40
201800011968,18,8,9,600,2,1,1,1.0,6.0,40267,M,4402902.0,-29885.0,40
201800011969,18,8,11,910,1,2,1,1.0,3.0,40161,M,4411573.0,-1663.0,40
201800011970,18,9,25,1100,1,1,2,1.0,3.0,40259,M,4383230.0,-30406.0,40
201800011971,18,9,27,720,3,1,1,1.0,6.0,40331,M,4389198.0,-30454.0,40
201800011972,18,12,3,1418,1,1,9,2.0,3.0,40051,M,4388492.0,-37099.0,40
201800011973,18,9,11,1240,1,2,1,1.0,6.0,40157,M,4403206.0,-125688.0,40
201800011974,18,4,4,1355,1,1,1,1.0,6.0,40183,M,4367532.0,-97783.0,40
201800011975,18,4,20,1350,1,1,1,1.0,3.0,40269,M,4360382.0,-115554.0,40
201800011976,18,4,22,450,3,1,1,1.0,6.0,40316,M,4357274.0,-83080.0,40
201800011977,18,5,8,1715,1,1,1,1.0,6.0,40233,M,4358438.0,-100962.0,40
201800011978,18,8,4,500,3,1,1,1.0,6.0,40212,M,4356077.0,-115911.0,40
201800011979,18,9,10,845,1,1,1,1.0,1.0,40095,M,4361337.0,-92668.0,40
201800011980,18,10,9,1434,1,1,1,1.0,5.0,40183,M,4366164.0,-96074.0,40
201800011981,18,10,13,1700,1,2,1,1.0,6.0,40269,M,4360979.0,-112923.0,40
201800011982,18,11,15,1645,1,1,3,1.0,3.0,40077,M,4354451.0,-107648.0,40
201800011983,18,2,19,1140,1,2,9,2.0,3.0,40187,M,4385092.0,-135100.0,40
201800011984,18,4,18,804,1,2,1,1.0,6.0,40284,M,4365949.0,-130825.0,40
201800011985,18,5,3,1100,1,2,1,1.0,1.0,40310,M,4375034.0,-135006.0,40
201800011986,18,5,7,1815,1,2,3,1.0,3.0,40284,M,4366248.0,-129706.0,40
201800011987,18,6,9,2315,5,2,1,1.0,6.0,40187,M,4385172.0,-137691.0,40
201800011988,18,6,15,1815,1,2,1,2.0,3.0,40284,M,4365814.0,-130588.0,40
201800011989,18,8,2,1900,1,1,1,1.0,5.0,40168,M,4380592.0,-124200.0,40
201800011990,18,8,4,620,3,1,1,1.0,6.0,40310,M,4372793.0,-128097.0,40
201800011991,18,8,17,930,1,1,9,1.0,1.0,40181,M,4379847.0,-135133.0,40
201800011992,18,9,3,1830,1,1,1,1.0,1.0,40264,M,4361451.0,-127104.0,40
201800011993,18,9,14,1145,1,1,1,1.0,3.0,40284,M,4365581.0,-130106.0,40
201800011994,18,10,13,1345,1,2,3,7.0,3.0,40292,M,4361069.0,-131399.0,40
201800011995,18,11,10,1740,2,2,6,1.0,3.0,40284,M,4366707.0,-128206.0,40
201800011996,18,3,17,1700,1,1,1,1.0,1.0,40248,M,4355558.0,-136405.0,40
201800011997,18,5,1,2240,3,1,1,1.0,6.0,40312,M,4351714.0,-146533.0,40
201800011998,18,6,8,1700,1,1,3,1.0,6.0,40044,M,4355402.0,-131455.0,40
201800011999,18,8,5,2245,3,1,1,1.0,6.0,40272,M,4358327.0,-126612.0,40
201800012000,18,8,19,1340,1,2,1,1.0,3.0,40042,M,4356009.0,-127308.0,40
201800012001,18,8,31,1815,1,2,1,1.0,3.0,40312,M,4353441.0,-146096.0,40
201800012002,18,9,11,1640,1,2,9,1.0,3.0,40209,M,4356395.0,-144581.0,40
201800012003,18,9,17,2315,3,1,6,8.0,7.0,40312,M,4353059.0,-142273.0,40
201800012004,18,11,16,1725,1,2,2,1.0,3.0,40209,M,4356656.0,-144389.0,40
201800012005,18,11,19,430,5,2,1,9.0,6.0,40209,M,4355989.0,-145082.0,40
201800012006,18,1,29,1000,1,2,3,1.0,6.0,40046,M,4439818.0,-116288.0,40
201800012007,18,4,29,900,1,1,3,1.0,3.0,40046,M,4445197.0,-110750.0,40
201800012008,18,5,11,1715,1,1,1,1.0,7.0,40332,M,4435818.0,-98060.0,40
201800012009,18,6,3,2015,1,2,1,1.0,6.0,40046,M,4437830.0,-115895.0,40
201800012010,18,8,2,745,2,1,1,1.0,2.0,40217,M,4444085.0,-119181.0,40
201800012011,18,8,9,1130,1,1,1,1.0,3.0,40217,M,4434447.0,-108154.0,40
201800012012,18,8,19,530,3,1,1,1.0,7.0,40046,M,4442184.0,-120577.0,40
201800012013,18,10,7,400,5,2,1,3.0,6.0,40046,M,4440045.0,-116221.0,40
201800012014,18,10,17,1945,2,1,1,1.0,6.0,40217,M,4437846.0,-105179.0,40
201800012015,18,3,10,1525,1,1,1,1.0,6.0,40303,M,4414761.0,-86080.0,40
201800012016,18,5,12,645,1,1,1,3.0,6.0,40333,M,4398723.0,-70390.0,40
201800012017,18,6,26,1030,1,1,1,1.0,6.0,40163,M,4423601.0,-100145.0,40
201800012018,18,10,5,1600,1,1,1,1.0,3.0,40333,M,4399223.0,-70297.0,40
201800012019,18,12,17,1640,1,1,6,1.0,3.0,40152,M,4397259.0,-106456.0,40
201800012020,18,3,26,730,2,1,1,2.0,5.0,40128,M,4368976.0,-58154.0,40
201800012021,18,4,21,1930,2,1,1,1.0,6.0,40020,M,4381347.0,-58265.0,40
201800012022,18,4,27,1345,1,1,2,1.0,3.0,40020,M,4377984.0,-60724.0,40
201800012023,18,8,8,2235,5,2,3,2.0,6.0,40282,M,4376070.0,-57270.0,40
201800012024,18,9,30,1930,2,2,1,1.0,1.0,40119,M,4365924.0,-60243.0,40
201800012025,18,2,23,1920,5,2,3,1.0,3.0,40117,M,4377277.0,-42795.0,40
201800012026,18,5,10,825,1,1,2,8.0,3.0,40097,M,4368884.0,-38344.0,40
201800012027,18,5,21,1500,1,1,1,1.0,5.0,40055,M,4385536.0,-48163.0,40
201800012028,18,5,30,1400,1,1,1,1.0,6.0,40072,M,4364367.0,-41019.0,40
201800012029,18,6,30,1505,1,2,1,1.0,1.0,40001,M,4370087.0,-26884.0,40
201800012030,18,8,14,410,3,1,1,1.0,6.0,40001,M,4368581.0,-28586.0,40
201800012031,18,10,22,925,1,1,1,1.0,2.0,40037,M,4384376.0,-50156.0,40
201800012032,18,11,1,630,3,1,1,1.0,6.0,40001,M,4373282.0,-21249.0,40
201800012033,18,11,4,1040,1,1,1,7.0,1.0,40185,M,4359360.0,-32153.0,40
201800012034,18,12,13,1050,1,2,1,3.0,6.0,40001,M,4370615.0,-26193.0,40
201800012035,18,4,3,1720,1,1,3,1.0,3.0,40104,M,4372733.0,-86150.0,40
201800012036,18,7,14,1000,1,1,1,1.0,6.0,40216,M,4367333.0,-87600.0,40
201800012037,18,8,26,2010,2,2,3,1.0,3.0,40228,M,4362823.0,-82802.0,40
201800012038,18,9,20,2110,3,1,1,1.0,1.0,40084,M,4365239.0,-92621.0,40
201800012039,18,12,30,1800,3,1,2,1.0,3.0,40260,M,4376051.0,-83660.0,40
201800012040,18,5,25,1715,1,1,1,1.0,6.0,40309,M,4376310.0,-74368.0,40
201800012041,18,7,19,1720,1,2,4,1.0,7.0,40243,M,4393771.0,-92030.0,40
201800012042,18,8,1,2015,1,1,1,1.0,7.0,40151,M,4385795.0,-90778.0,40
201800012043,18,9,2,1200,1,1,1,1.0,1.0,40309,M,4381377.0,-69934.0,40
201800012044,18,9,13,1900,1,1,1,1.0,7.0,40230,M,4382506.0,-86172.0,40
201800012045,18,10,19,1830,2,1,1,1.0,1.0,40324,M,4378423.0,-85729.0,40
201800012046,18,1,13,1325,1,1,1,1.0,6.0,21190,M,4695072.0,479737.0,21
201800012047,18,5,24,1025,1,2,4,1.0,6.0,21318,M,4701929.0,461978.0,21
201800012048,18,5,24,825,1,1,1,1.0,7.0,21616,M,4696336.0,481736.0,21
201800012049,18,6,3,1845,1,2,1,1.0,6.0,21037,M,4698626.0,474844.0,21
201800012050,18,6,10,1535,1,1,1,1.0,1.0,21099,M,4706821.0,475574.0,21
201800012051,18,7,12,1640,1,1,2,1.0,3.0,21150,M,4694700.0,474096.0,21
201800012052,18,7,22,2215,3,1,1,1.0,1.0,21032,M,4697781.0,462093.0,21
201800012053,18,8,14,545,2,1,3,1.0,3.0,21534,M,4701129.0,493344.0,21
201800012054,18,8,26,1711,1,1,1,1.0,7.0,21541,M,4693946.0,469190.0,21
201800012055,18,2,7,1005,1,1,1,4.0,7.0,21274,M,4712298.0,452898.0,21
201800012056,18,2,27,1930,3,1,1,1.0,6.0,21023,M,4712727.0,449331.0,21
201800012057,18,3,31,1340,1,1,1,1.0,7.0,21023,M,4713977.0,453085.0,21
201800012058,18,4,3,1815,1,1,2,1.0,3.0,21566,M,4704925.0,454109.0,21
201800012059,18,7,19,2115,3,1,1,1.0,7.0,21210,M,4727343.0,459228.0,21
201800012060,18,7,23,1830,1,1,1,1.0,3.0,21567,M,4711240.0,450947.0,21
201800012061,18,7,28,915,1,1,1,1.0,7.0,21128,M,4726295.0,450957.0,21
201800012062,18,8,26,1140,1,2,3,1.0,3.0,21187,M,4724628.0,464543.0,21
201800012063,18,9,16,545,3,1,1,1.0,6.0,21264,M,4717639.0,451829.0,21
201800012064,18,9,21,100,3,1,1,1.0,7.0,21715,M,4709021.0,437013.0,21
201800012065,18,9,22,1500,1,1,1,1.0,3.0,21065,M,4707403.0,473034.0,21
201800012066,18,9,27,1930,2,1,2,1.0,3.0,21567,M,4711287.0,448712.0,21
201800012067,18,12,7,1925,5,2,1,2.0,6.0,21120,M,4721547.0,472419.0,21
201800012068,18,12,9,2125,3,1,1,2.0,6.0,21683,M,4705123.0,446042.0,21
201800012069,18,12,21,1754,3,1,1,2.0,2.0,21567,M,4711476.0,450615.0,21
201800012070,18,1,14,930,1,2,1,1.0,7.0,21607,M,4699231.0,514718.0,21
201800012071,18,3,23,1950,3,1,2,1.0,2.0,21607,M,4701333.0,516007.0,21
201800012072,18,10,13,1040,1,1,2,1.0,3.0,21366,M,4711416.0,518799.0,21
201800012073,18,11,3,1820,3,1,1,1.0,6.0,21637,M,4701906.0,526903.0,21
201800012074,18,12,13,850,1,1,2,1.0,3.0,21366,M,4711416.0,518805.0,21
201800012075,18,1,10,1725,2,2,1,2.0,1.0,21383,M,4752260.0,513232.0,21
201800012076,18,1,26,810,1,2,1,3.0,3.0,21599,M,4758872.0,518267.0,21
201800012077,18,2,11,1545,1,1,1,1.0,1.0,21290,M,4746552.0,513676.0,21
201800012078,18,3,5,600,5,2,1,5.0,1.0,21208,M,4754070.0,497175.0,21
201800012079,18,3,31,1630,1,1,2,2.0,3.0,21127,M,4747666.0,508115.0,21
201800012080,18,4,25,900,1,1,2,1.0,3.0,21385,M,4757119.0,506692.0,21
201800012081,18,6,30,1805,1,2,3,1.0,1.0,21317,M,4752108.0,512221.0,21
201800012082,18,7,24,1750,1,1,3,1.0,3.0,21317,M,4754874.0,512196.0,21
201800012083,18,9,4,1630,1,1,2,1.0,5.0,21127,M,4746990.0,507935.0,21
201800012084,18,9,24,1140,1,1,1,1.0,1.0,21638,M,4755521.0,520613.0,21
201800012085,18,11,23,1910,3,1,1,3.0,1.0,21599,M,4761723.0,525438.0,21
201800012086,18,3,2,1600,1,1,1,5.0,7.0,21433,M,4757135.0,546035.0,21
201800012087,18,3,16,1058,1,1,1,1.0,7.0,21016,M,4736642.0,519808.0,21
201800012088,18,3,25,1400,1,2,3,1.0,1.0,21281,M,4750337.0,536291.0,21
201800012089,18,5,12,330,3,1,1,1.0,6.0,21369,M,4738318.0,526903.0,21
201800012090,18,5,26,1025,1,2,2,1.0,3.0,21416,M,4739965.0,532192.0,21
201800012091,18,5,31,1600,1,1,1,8.0,1.0,21225,M,4747237.0,536658.0,21
201800012092,18,6,13,815,1,2,3,7.0,6.0,21416,M,4739918.0,531730.0,21
201800012093,18,6,27,1525,1,2,1,1.0,2.0,21562,M,4757777.0,539682.0,21
201800012094,18,9,14,1900,2,1,1,1.0,6.0,21076,M,4731842.0,526521.0,21
201800012095,18,12,1,808,2,2,1,1.0,6.0,21337,M,4726999.0,538537.0,21
201800012096,18,1,3,1620,1,1,2,8.0,3.0,21027,M,4739073.0,503646.0,21
201800012097,18,1,29,1715,1,1,1,1.0,1.0,21027,M,4737832.0,505173.0,21
201800012098,18,5,14,2010,1,1,3,8.0,3.0,21027,M,4738296.0,505396.0,21
201800012099,18,7,8,1250,1,1,1,1.0,1.0,21027,M,4739659.0,503808.0,21
201800012100,18,8,24,1930,1,1,1,1.0,7.0,21591,M,4742426.0,504300.0,21
201800012101,18,8,31,2340,3,1,1,1.0,6.0,21027,M,4738651.0,504529.0,21
201800012102,18,10,3,400,3,1,1,1.0,6.0,21284,M,4745213.0,485871.0,21
201800012103,18,10,27,330,3,2,1,2.0,6.0,21315,M,4736471.0,498995.0,21
201800012104,18,11,28,930,1,1,1,2.0,1.0,21462,M,4740766.0,504474.0,21
201800012105,18,12,26,1900,3,1,1,1.0,3.0,21027,M,4737610.0,503486.0,21
201800012106,18,2,20,1020,1,1,2,1.0,3.0,21598,M,4756698.0,443471.0,21
201800012107,18,5,31,2100,1,2,2,2.0,1.0,21425,M,4761770.0,433771.0,21
201800012108,18,7,31,1317,1,1,1,1.0,6.0,21425,M,4765068.0,437172.0,21
201800012109,18,9,9,1052,1,1,1,1.0,6.0,21603,M,4749515.0,435463.0,21
201800012110,18,4,6,1400,1,1,1,1.0,6.0,21346,M,4782433.0,483576.0,21
201800012111,18,7,9,720,1,1,1,1.0,6.0,21489,M,4759624.0,477217.0,21
201800012112,18,7,14,2020,1,1,1,1.0,6.0,21346,M,4780587.0,481263.0,21
201800012113,18,7,27,730,1,1,1,1.0,6.0,21418,M,4767524.0,481478.0,21
201800012114,18,7,30,2130,3,1,1,1.0,6.0,21250,M,4777253.0,479927.0,21
201800012115,18,10,19,1300,1,1,1,1.0,1.0,21346,M,4781255.0,479185.0,21
201800012116,18,1,12,900,1,1,1,8.0,6.0,21154,M,4785384.0,462349.0,21
201800012117,18,1,25,1940,3,1,3,3.0,3.0,21393,M,4788651.0,459918.0,21
201800012118,18,4,7,1030,1,1,1,1.0,6.0,21350,M,4789798.0,489209.0,21
201800012119,18,5,9,15,3,2,4,1.0,6.0,21455,M,4776854.0,457077.0,21
201800012120,18,6,23,1138,1,1,1,1.0,7.0,21154,M,4787091.0,461671.0,21
201800012121,18,7,13,237,4,1,1,1.0,6.0,21090,M,4793541.0,482283.0,21
201800012122,18,8,1,2100,2,2,3,1.0,6.0,21154,M,4785857.0,457308.0,21
201800012123,18,9,22,1205,1,2,1,1.0,6.0,21154,M,4785865.0,457235.0,21
201800012124,18,9,23,340,5,2,1,1.0,6.0,21545,M,4786513.0,454206.0,21
201800012125,18,9,28,2230,3,1,1,1.0,7.0,21252,M,4770998.0,443724.0,21
201800012126,18,10,23,1145,1,2,1,1.0,1.0,21154,M,4785025.0,456909.0,21
201800012127,18,3,12,1410,1,1,3,1.0,3.0,21531,M,4743131.0,409752.0,21
201800012128,18,10,12,1210,1,1,1,1.0,1.0,21139,M,4727195.0,416277.0,21
201800012129,18,10,19,2240,3,1,1,1.0,6.0,21629,M,4725423.0,427359.0,21
201800012130,18,12,18,1010,1,1,1,8.0,6.0,21380,M,4739317.0,439718.0,21
201800012131,18,10,11,1345,1,1,1,1.0,6.0,21627,M,4748774.0,460338.0,21
201800012132,18,12,27,1600,1,1,1,1.0,7.0,21271,M,4752635.0,446959.0,21
201800012133,18,4,30,2230,3,1,1,1.0,6.0,53025,M,4803202.0,-57676.0,53
201800012134,18,8,23,545,3,1,1,1.0,6.0,53049,M,4815413.0,-63564.0,53
201800012135,18,10,6,845,1,1,1,1.0,6.0,53152,M,4793385.0,-60190.0,53
201800012136,18,9,24,15,3,1,1,1.0,7.0,53140,M,4810716.0,-70612.0,53
201800012137,18,11,2,1855,5,1,6,1.0,3.0,53141,M,4806543.0,-62470.0,53
201800012138,18,12,29,1130,1,1,1,1.0,6.0,53264,M,4800631.0,-33041.0,53
201800012139,18,1,2,1800,3,1,1,1.0,5.0,53010,M,4815161.0,-31023.0,53
201800012140,18,1,11,1210,1,2,6,1.0,3.0,53097,M,4815057.0,-38370.0,53
201800012141,18,2,24,1215,1,1,1,1.0,4.0,53065,M,4814105.0,-42156.0,53
201800012142,18,3,28,1835,1,2,1,1.0,6.0,53163,M,4815519.0,-47603.0,53
201800012143,18,4,9,700,2,1,1,8.0,1.0,53163,M,4815717.0,-46405.0,53
201800012144,18,6,17,1635,1,2,1,1.0,7.0,53097,M,4815547.0,-39923.0,53
201800012145,18,7,16,700,1,1,1,7.0,2.0,53207,M,4813026.0,-43878.0,53
201800012146,18,8,3,1745,1,1,1,1.0,6.0,53265,M,4810240.0,-32884.0,53
201800012147,18,9,22,2030,3,1,1,2.0,6.0,53265,M,4811136.0,-32154.0,53
201800012148,18,3,30,1200,1,1,1,2.0,3.0,53005,M,4816729.0,-79871.0,53
201800012149,18,4,5,1515,1,1,1,1.0,2.0,53015,M,4816934.0,-94440.0,53
201800012150,18,5,7,1815,1,1,1,1.0,1.0,53137,M,4807261.0,-92884.0,53
201800012151,18,5,24,730,1,1,1,1.0,6.0,53137,M,4808388.0,-92397.0,53
201800012152,18,5,29,1850,1,2,2,1.0,3.0,53137,M,4806280.0,-93457.0,53
201800012153,18,7,21,1845,1,1,3,1.0,3.0,53015,M,4816855.0,-88547.0,53
201800012154,18,8,19,525,3,2,1,1.0,7.0,53182,M,4810975.0,-97697.0,53
201800012155,18,9,10,1820,1,1,1,1.0,1.0,53243,M,4812770.0,-88136.0,53
201800012156,18,12,15,700,3,1,1,2.0,6.0,53243,M,4814879.0,-87130.0,53
201800012157,18,2,22,1550,1,1,1,1.0,2.0,53110,M,4787337.0,-51405.0,53
201800012158,18,5,26,550,1,2,1,1.0,6.0,53110,M,4888018.0,-52427.0,53
201800012159,18,5,27,1100,1,1,1,7.0,6.0,53078,M,4778460.0,-63370.0,53
201800012160,18,5,31,1130,1,2,1,1.0,6.0,53062,M,4782334.0,-70651.0,53
201800012161,18,6,8,900,1,1,1,1.0,2.0,53078,M,4778629.0,-64231.0,53
201800012162,18,7,25,1830,1,1,1,1.0,3.0,53145,M,4785789.0,-81449.0,53
201800012163,18,8,12,2000,1,1,1,1.0,1.0,53036,M,4782419.0,-44366.0,53
201800012164,18,9,18,735,1,1,3,1.0,5.0,53014,M,4784310.0,-64746.0,53
201800012165,18,9,24,1515,1,1,4,1.0,6.0,53273,M,4793566.0,-67902.0,53
201800012166,18,9,28,1930,2,1,3,7.0,6.0,53062,M,4781893.0,-77079.0,53
201800012167,18,10,4,1845,1,1,1,1.0,7.0,53150,M,4774743.0,-69860.0,53
201800012168,18,12,30,1215,1,2,2,1.0,3.0,53062,M,4783107.0,-71082.0,53
201800012169,18,1,8,1645,1,2,1,1.0,6.0,53084,M,4784632.0,-94816.0,53
201800012170,18,1,22,800,3,1,1,3.0,1.0,53077,M,4795548.0,-95376.0,53
201800012171,18,5,18,930,1,1,1,1.0,7.0,53180,M,4782900.0,-90856.0,53
201800012172,18,5,27,1945,1,1,3,7.0,7.0,53258,M,4785048.0,-109331.0,53
201800012173,18,6,3,1750,1,1,1,3.0,7.0,53018,M,4790665.0,-102797.0,53
201800012174,18,7,22,830,1,2,6,7.0,3.0,53188,M,4779481.0,-106092.0,53
201800012175,18,9,8,1020,1,1,1,1.0,1.0,53186,M,4794583.0,-85072.0,53
201800012176,18,9,13,637,5,2,1,2.0,7.0,53077,M,4795047.0,-91026.0,53
201800012177,18,9,29,1715,1,2,1,7.0,6.0,53188,M,4779261.0,-106537.0,53
201800012178,18,10,24,1500,1,1,9,1.0,6.0,53260,M,4787372.0,-85993.0,53
201800012179,18,11,23,1700,3,2,6,3.0,6.0,53077,M,4793641.0,-91538.0,53
201800012180,18,12,8,1910,3,1,3,2.0,6.0,53073,M,4780109.0,-108762.0,53
201800012181,18,12,25,1145,1,1,2,1.0,3.0,53084,M,4784397.0,-95967.0,53
201800012182,18,1,2,1015,1,1,1,2.0,6.0,53174,M,4831640.0,-63700.0,53
201800012183,18,1,25,1340,1,1,1,1.0,5.0,53146,M,4818892.0,-67108.0,53
201800012184,18,2,28,1630,1,1,2,1.0,2.0,53195,M,4817690.0,-67941.0,53
201800012185,18,4,8,1915,2,1,1,8.0,5.0,53072,M,4822342.0,-61304.0,53
201800012186,18,4,21,1810,1,1,1,1.0,6.0,53200,M,4828172.0,-62957.0,53
201800012187,18,7,2,1135,1,1,3,1.0,3.0,53256,M,4826143.0,-26017.0,53
201800012188,18,7,6,1145,1,2,6,7.0,3.0,53147,M,4828577.0,-62305.0,53
201800012189,18,7,9,2055,2,1,1,7.0,2.0,53146,M,4819133.0,-64660.0,53
201800012190,18,7,24,1815,1,1,1,1.0,1.0,53053,M,4830599.0,-33852.0,53
201800012191,18,7,31,1725,1,1,1,1.0,7.0,53239,M,4821427.0,-23000.0,53
201800012192,18,8,21,1835,1,1,6,1.0,7.0,53146,M,4819623.0,-66653.0,53
201800012193,18,9,7,1735,1,1,3,1.0,1.0,53113,M,4825514.0,-39802.0,53
201800012194,18,9,14,1235,1,1,3,1.0,7.0,53023,M,4819415.0,-57677.0,53