Num_Acc,an,mois,jour,hrmn,lum,agg,int,atm,col,com,gps,lat,long,dep
201800012195,18,9,15,730,2,1,1,5.0,7.0,53008,M,4832235.0,-56869.0,53
201800012196,18,9,29,1530,1,1,3,1.0,7.0,53113,M,4826390.0,-42787.0,53
201800012197,18,11,15,1120,1,2,1,1.0,6.0,53147,M,4829588.0,-61569.0,53
201800012198,18,12,15,805,2,1,1,9.0,5.0,53162,M,4826587.0,-62854.0,53
201800012199,18,2,22,1355,1,2,6,1.0,3.0,53107,M,4841103.0,-80581.0,53
201800012200,18,4,14,545,3,2,1,1.0,6.0,53177,M,4831620.0,-105060.0,53
201800012201,18,7,7,1155,1,2,1,1.0,6.0,53096,M,4829847.0,-93804.0,53
201800012202,18,7,27,2145,2,1,1,1.0,6.0,53064,M,4833946.0,-75276.0,53
201800012203,18,8,6,1220,1,1,1,7.0,1.0,53093,M,4844336.0,-96925.0,53
201800012204,18,8,12,1400,1,1,2,1.0,3.0,53093,M,4845557.0,-98828.0,53
201800012205,18,8,24,2330,5,2,3,1.0,7.0,53155,M,4828746.0,-89420.0,53
201800012206,18,9,23,725,3,1,1,8.0,6.0,53126,M,4834050.0,-100086.0,53
201800012207,18,11,7,1630,1,2,9,1.0,6.0,53096,M,4829684.0,-93749.0,53
201800012208,18,1,8,705,5,2,1,1.0,6.0,53111,M,4836885.0,-60667.0,53
201800012209,18,3,3,935,1,1,1,1.0,7.0,53118,M,4848405.0,-52871.0,53
201800012210,18,4,11,750,2,1,1,1.0,6.0,53190,M,4837887.0,-40912.0,53
201800012211,18,7,9,1645,1,1,1,1.0,1.0,53057,M,4831097.0,-43339.0,53
201800012212,18,7,10,1003,1,1,1,1.0,1.0,53111,M,4835055.0,-61277.0,53
201800012213,18,8,12,1656,1,1,1,8.0,7.0,53190,M,4838857.0,-39658.0,53
201800012214,18,8,26,245,3,1,1,1.0,6.0,53111,M,4835741.0,-61242.0,53
201800012215,18,9,1,930,1,1,1,1.0,2.0,53116,M,4840496.0,-49879.0,53
201800012216,18,9,2,1205,1,1,3,1.0,3.0,53216,M,4833218.0,-56718.0,53
201800012217,18,10,25,1615,1,1,9,1.0,6.0,53112,M,4837052.0,-35132.0,53
201800012218,18,11,17,1215,1,1,1,1.0,7.0,53055,M,4841180.0,-58452.0,53
201800012219,18,11,25,1748,3,1,1,2.0,6.0,53170,M,4840386.0,-67135.0,53
201800012220,18,1,24,1805,5,2,1,2.0,6.0,53185,M,4845873.0,-20562.0,53
201800012221,18,4,18,2310,3,1,1,1.0,7.0,53185,M,4846592.0,-24041.0,53
201800012222,18,5,26,1730,1,1,1,1.0,6.0,53185,M,4844586.0,-16757.0,53
201800012223,18,8,2,1320,1,1,1,7.0,1.0,53246,M,4840597.0,-7908.0,53
201800012224,18,8,28,1515,1,1,1,1.0,6.0,53185,M,4843656.0,-17860.0,53
201800012225,18,9,11,1610,1,2,1,1.0,6.0,53185,M,4845894.0,-20398.0,53
201800012226,18,9,28,1100,1,1,3,1.0,3.0,53121,M,4839140.0,-31596.0,53
201800012227,18,9,29,100,3,1,1,1.0,6.0,53271,M,4835169.0,-26363.0,53
201800012228,18,11,10,1735,3,1,1,2.0,6.0,53133,M,4851269.0,-19167.0,53
201800012229,18,11,17,900,3,1,1,1.0,7.0,53204,M,4848854.0,-28668.0,53
201800012230,18,11,19,1300,1,1,3,7.0,1.0,53185,M,4845540.0,-21939.0,53
201800012231,18,1,5,1835,5,2,1,1.0,6.0,07349,M,4481130.0,478814.0,07
201800012232,18,1,18,1315,1,1,3,1.0,3.0,07288,M,4471779.0,456759.0,07
201800012233,18,1,23,1715,1,2,1,1.0,2.0,07240,M,4485820.0,483202.0,07
201800012234,18,4,10,1910,2,1,1,2.0,1.0,07237,M,4481977.0,466556.0,07
201800012235,18,4,12,845,1,1,1,2.0,6.0,07022,M,4471160.0,474787.0,07
201800012236,18,4,20,2245,3,1,1,1.0,6.0,07055,M,4485294.0,484412.0,07
201800012237,18,5,7,1700,1,1,1,1.0,1.0,07027,M,4481929.0,480612.0,07
201800012238,18,5,13,1745,1,2,1,2.0,5.0,07255,M,4475419.0,469756.0,07
201800012239,18,6,2,2018,1,1,1,1.0,7.0,07198,M,4475865.0,473510.0,07
201800012240,18,6,6,2130,2,2,1,1.0,2.0,07349,M,4480334.0,478220.0,07
201800012241,18,6,16,130,3,1,1,1.0,2.0,07349,M,4479882.0,478582.0,07
201800012242,18,6,17,1135,1,2,1,1.0,6.0,07349,M,4480941.0,478303.0,07
201800012243,18,6,21,1445,1,1,9,1.0,3.0,07167,M,4480932.0,462936.0,07
201800012244,18,7,18,1850,1,2,1,1.0,3.0,07066,M,4471015.0,466303.0,07
201800012245,18,7,19,1300,1,1,1,1.0,4.0,07255,M,4475820.0,469324.0,07
201800012246,18,9,4,955,1,2,1,1.0,6.0,07349,M,4481247.0,478970.0,07
201800012247,18,9,4,1630,1,1,1,1.0,3.0,07181,M,4475631.0,475697.0,07
201800012248,18,9,9,520,5,2,1,1.0,6.0,07349,M,4479908.0,478559.0,07
201800012249,18,10,10,1720,1,1,1,2.0,1.0,07181,M,4475837.0,473874.0,07
201800012250,18,10,12,310,5,2,1,1.0,7.0,07181,M,4476009.0,475091.0,07
201800012251,18,10,12,1530,1,2,9,1.0,4.0,07198,M,4476157.0,472076.0,07
201800012252,18,11,10,1225,1,2,1,1.0,2.0,07349,M,4480706.0,478403.0,07
201800012253,18,11,23,1210,1,2,1,2.0,6.0,07181,M,4475191.0,474837.0,07
201800012254,18,12,13,730,1,1,9,9.0,1.0,07055,M,4486709.0,483357.0,07
201800012255,18,12,13,1325,1,2,1,1.0,6.0,07261,M,,,07
201800012256,18,5,15,800,1,1,1,2.0,5.0,07319,M,4455639.0,465472.0,07
201800012257,18,6,20,2300,5,2,1,1.0,6.0,07319,M,4455303.0,468543.0,07
201800012258,18,7,25,1645,1,1,1,1.0,2.0,07076,M,4465677.0,475634.0,07
201800012259,18,7,27,430,5,1,1,1.0,2.0,07076,M,4463444.0,474578.0,07
201800012260,18,7,31,730,1,1,9,1.0,3.0,07076,M,4465677.0,475634.0,07
201800012261,18,9,29,1630,1,1,1,1.0,2.0,07346,M,4445244.0,469621.0,07
201800012262,18,11,19,1744,5,2,1,2.0,6.0,07346,M,4448291.0,468954.0,07
201800012263,18,11,28,1305,1,1,1,1.0,6.0,07346,M,4444725.0,468461.0,07
201800012264,18,12,3,1000,1,2,6,2.0,1.0,07300,M,4450298.0,462947.0,07
201800012265,18,12,4,1730,3,2,1,1.0,5.0,07319,M,4453937.0,468550.0,07
201800012266,18,4,2,1730,1,1,1,1.0,6.0,07030,M,4487801.0,453260.0,07
201800012267,18,5,11,2000,1,1,1,1.0,6.0,07295,M,4482848.0,458800.0,07
201800012268,18,5,30,1800,1,1,1,3.0,7.0,07237,M,4481924.0,470457.0,07
201800012269,18,6,16,1545,1,1,1,1.0,3.0,07288,M,4471956.0,453218.0,07
201800012270,18,8,10,1430,1,1,1,1.0,6.0,07167,M,4481400.0,463997.0,07
201800012271,18,8,7,1835,1,1,1,1.0,6.0,07096,M,4485280.0,456140.0,07
201800012272,18,8,27,1110,1,1,1,1.0,7.0,07096,M,4485283.0,456138.0,07
201800012273,18,8,28,1200,1,1,1,1.0,6.0,07184,M,4476747.0,458708.0,07
201800012274,18,9,15,130,3,1,1,1.0,6.0,07167,M,4481984.0,464097.0,07
201800012275,18,12,26,1625,1,1,6,7.0,2.0,07199,M,4449276.0,426156.0,07
201800012276,18,4,6,1630,1,1,1,1.0,7.0,07110,M,4447362.0,423837.0,07
201800012277,18,4,28,2330,5,2,1,1.0,1.0,07199,M,4448232.0,425474.0,07
201800012278,18,5,14,2211,3,1,1,1.0,7.0,07162,M,4450008.0,431574.0,07
201800012279,18,6,12,1015,1,1,1,1.0,4.0,07327,M,4451801.0,432665.0,07
201800012280,18,7,11,1705,1,1,1,1.0,6.0,07134,M,4450186.0,429484.0,07
201800012281,18,8,3,1935,1,1,1,1.0,1.0,07132,M,4453346.0,430114.0,07
201800012282,18,9,5,845,1,1,6,7.0,6.0,07110,M,4447362.0,423837.0,07
201800012283,18,10,21,1700,1,1,1,1.0,7.0,07329,M,4459681.0,408650.0,07
201800012284,18,10,28,2020,3,1,1,8.0,6.0,07117,M,4447180.0,419007.0,07
201800012285,18,11,20,1840,3,1,1,3.0,7.0,07110,M,4448751.0,422827.0,07
201800012286,18,12,21,1815,5,2,1,1.0,1.0,07327,M,4451220.0,431713.0,07
201800012287,18,2,14,830,1,1,1,1.0,6.0,07230,M,4471095.0,448916.0,07
201800012288,18,4,8,1830,1,1,1,1.0,1.0,07339,M,4466600.0,445319.0,07
201800012289,18,7,10,1645,1,1,1,1.0,5.0,07296,M,4457889.0,438129.0,07
201800012290,18,7,16,805,1,1,1,1.0,5.0,07296,M,4457722.0,438035.0,07
201800012291,18,7,18,515,5,1,1,1.0,6.0,07122,M,4456226.0,435877.0,07
201800012292,18,7,30,1030,1,1,1,1.0,1.0,07155,M,4461746.0,435843.0,07
201800012293,18,8,21,1615,1,1,1,1.0,7.0,07158,M,4480913.0,434948.0,07
201800012294,18,9,28,1735,1,2,1,1.0,2.0,07122,M,4456226.0,435877.0,07
201800012295,18,4,1,100,3,1,1,1.0,7.0,07119,M,4482247.0,405286.0,07
201800012296,18,7,15,1650,1,1,1,1.0,7.0,07153,M,4466713.0,410877.0,07
201800012297,18,9,8,1820,1,1,1,1.0,7.0,07232,M,4464571.0,404338.0,07
201800012298,18,3,8,800,1,1,1,1.0,7.0,07017,M,4443222.0,416082.0,07
201800012299,18,5,1,1230,1,1,1,2.0,7.0,07017,M,4442407.0,417778.0,07
201800012300,18,6,8,1800,1,1,1,2.0,6.0,07017,M,4442407.0,417778.0,07
201800012301,18,7,7,1750,1,2,1,1.0,6.0,07334,M,4441125.0,413907.0,07
201800012302,18,7,19,1650,1,1,1,1.0,7.0,07334,M,4440135.0,415932.0,07
201800012303,18,7,21,1830,1,1,1,1.0,7.0,07211,M,4432133.0,419814.0,07
201800012304,18,8,22,1555,1,1,1,8.0,6.0,07148,M,4433680.0,405464.0,07
201800012305,18,11,16,2100,3,1,1,9.0,6.0,07280,M,4431919.0,414257.0,07
201800012306,18,11,18,1500,1,1,1,1.0,7.0,07280,M,4433287.0,415527.0,07
201800012307,18,12,13,1610,1,1,1,2.0,7.0,07031,M,4437296.0,421361.0,07
201800012308,18,2,18,1500,1,1,1,1.0,1.0,07330,M,4438696.0,443007.0,07
201800012309,18,4,12,2100,3,1,1,2.0,6.0,07207,M,4442749.0,430295.0,07
201800012310,18,4,27,1930,1,1,1,1.0,5.0,07304,M,4437681.0,437080.0,07
201800012311,18,5,4,1930,1,1,1,1.0,1.0,07101,M,4440493.0,428022.0,07
201800012312,18,5,26,1245,1,1,1,1.0,6.0,07330,M,4442938.0,435794.0,07
201800012313,18,7,2,1645,1,1,1,1.0,7.0,07126,M,4440192.0,445657.0,07
201800012314,18,7,8,1630,1,1,1,1.0,1.0,07330,M,4438628.0,441603.0,07
201800012315,18,7,10,1400,1,2,1,1.0,1.0,07330,M,4440633.0,439125.0,07
201800012316,18,8,14,1650,1,1,1,7.0,3.0,07330,M,4440630.0,441844.0,07
201800012317,18,9,13,1045,1,1,1,1.0,1.0,07291,M,4439967.0,448118.0,07
201800012318,18,10,14,1015,1,1,1,1.0,3.0,07126,M,4445211.0,439027.0,07
201800012319,18,11,5,1245,1,2,1,2.0,3.0,07207,M,4443552.0,431858.0,07
201800012320,18,1,28,58,3,2,1,1.0,3.0,07143,M,4535182.0,475746.0,07
201800012321,18,4,13,1530,1,2,6,1.0,6.0,07078,M,4525581.0,469604.0,07
201800012322,18,4,30,720,2,2,6,1.0,6.0,07010,M,4525021.0,466962.0,07
201800012323,18,5,31,1545,1,2,1,1.0,3.0,07197,M,4522105.0,465312.0,07
201800012324,18,7,6,2050,1,2,1,1.0,6.0,07010,M,,,07
201800012325,18,7,13,1020,1,1,1,1.0,1.0,07197,M,4521159.0,465987.0,07
201800012326,18,7,13,1810,1,1,1,1.0,7.0,07258,M,4515491.0,447328.0,07
201800012327,18,7,14,900,1,1,8,1.0,3.0,07143,M,4535099.0,475710.0,07
201800012328,18,7,28,1425,1,1,1,1.0,7.0,07197,M,4521969.0,466747.0,07
201800012329,18,7,27,1035,1,1,1,1.0,6.0,07344,M,4532291.0,469603.0,07
201800012330,18,12,16,1720,2,2,1,2.0,1.0,07010,M,4524782.0,467842.0,07
201800012331,18,1,26,1225,1,1,1,4.0,1.0,07052,M,4494154.0,475159.0,07
201800012332,18,3,15,1800,2,2,1,1.0,1.0,07216,M,4496283.0,463331.0,07
201800012333,18,4,19,636,1,1,1,1.0,6.0,07129,M,4497799.0,456588.0,07
201800012334,18,4,20,1412,1,1,1,1.0,6.0,07338,M,4493026.0,461661.0,07
201800012335,18,5,7,1430,1,1,1,1.0,6.0,07338,M,4490606.0,466997.0,07
201800012336,18,5,29,1138,1,1,1,1.0,1.0,07216,M,4496820.0,464133.0,07
201800012337,18,6,9,1645,1,1,1,1.0,1.0,07129,M,4498720.0,460790.0,07
201800012338,18,7,7,1116,1,1,9,7.0,2.0,07218,M,4496077.0,454366.0,07
201800012339,18,7,22,1935,1,1,9,1.0,2.0,07007,M,4492836.0,477248.0,07
201800012340,18,8,16,1515,1,2,1,1.0,7.0,07129,M,4498682.0,458313.0,07
201800012341,18,9,22,1850,1,1,1,1.0,3.0,07073,M,4501053.0,463643.0,07
201800012342,18,10,11,1610,1,1,1,1.0,3.0,07052,M,4493849.0,475808.0,07
201800012343,18,10,13,2315,3,1,1,1.0,6.0,07129,M,4498264.0,459143.0,07
201800012344,18,10,15,1805,1,1,1,2.0,2.0,07338,M,4491476.0,465124.0,07
201800012345,18,11,1,900,1,1,1,2.0,7.0,07052,M,4493830.0,475954.0,07
201800012346,18,1,1,2230,5,1,1,2.0,3.0,07064,M,4490220.0,442147.0,07
201800012347,18,1,10,755,2,1,1,2.0,7.0,07108,M,4492241.0,439346.0,07
201800012348,18,1,10,1830,3,1,1,8.0,7.0,07080,M,4504210.0,439034.0,07
201800012349,18,3,5,1715,1,1,1,2.0,7.0,07108,M,4492293.0,440169.0,07
201800012350,18,3,10,1600,1,2,1,2.0,6.0,07204,M,4500992.0,441868.0,07
201800012351,18,3,24,1620,1,1,1,1.0,7.0,07269,M,4495221.0,436138.0,07
201800012352,18,4,27,1750,1,1,1,1.0,6.0,07267,M,4485988.0,425032.0,07
201800012353,18,5,9,1130,1,1,9,1.0,1.0,07064,M,4491642.0,444856.0,07
201800012354,18,5,26,745,1,1,1,1.0,6.0,07239,M,4484428.0,442436.0,07
201800012355,18,5,9,1235,1,1,1,1.0,2.0,07080,M,4504763.0,440510.0,07
201800012356,18,6,23,1150,1,1,1,1.0,7.0,07114,M,4503169.0,449434.0,07
201800012357,18,7,4,1910,1,1,1,1.0,6.0,07082,M,4486162.0,436167.0,07
201800012358,18,7,18,1445,1,2,1,1.0,6.0,07204,M,4498454.0,442624.0,07
201800012359,18,7,19,1530,1,2,1,1.0,2.0,07204,M,4498449.0,442608.0,07
201800012360,18,8,18,1120,1,1,1,1.0,1.0,07064,M,4491282.0,443214.0,07
201800012361,18,8,26,1215,1,1,1,1.0,3.0,07204,M,4499037.0,441757.0,07
201800012362,18,9,1,1600,1,2,1,1.0,6.0,07215,M,4489026.0,446907.0,07
201800012363,18,9,22,1300,1,1,1,1.0,7.0,07220,M,4486596.0,443122.0,07
201800012364,18,10,5,1800,1,1,1,1.0,6.0,07082,M,4486162.0,436167.0,07
201800012365,18,10,31,1955,5,2,1,3.0,6.0,07222,M,4492511.0,445225.0,07
201800012366,18,12,17,1845,3,1,1,1.0,6.0,07054,M,4494333.0,434303.0,07
201800012367,18,1,6,1400,1,1,1,1.0,1.0,07188,M,4520059.0,468005.0,07
201800012368,18,5,1,2230,3,1,1,2.0,7.0,07309,M,4514370.0,459386.0,07
201800012369,18,7,18,630,2,1,1,1.0,6.0,07301,M,4511230.0,469907.0,07
201800012370,18,11,15,2040,3,1,1,1.0,6.0,07205,M,4518246.0,463954.0,07
201800012371,18,2,9,1525,1,1,1,8.0,3.0,16119,M,4554625.0,27220.0,16
201800012372,18,2,16,615,3,1,1,2.0,6.0,16263,M,4552767.0,10632.0,16
201800012373,18,2,26,1427,1,1,1,1.0,6.0,16287,M,4554912.0,1919.0,16
201800012374,18,3,15,1610,1,1,1,2.0,6.0,16101,M,4555226.0,6746.0,16
201800012375,18,4,20,1150,1,2,1,1.0,6.0,16287,M,4556074.0,57.0,16
201800012376,18,5,11,817,1,1,4,1.0,3.0,16198,M,4551470.0,26258.0,16
201800012377,18,6,17,1630,1,1,3,1.0,7.0,16047,M,4548512.0,30354.0,16
201800012378,18,6,19,2040,2,1,1,1.0,3.0,16143,M,4550891.0,19772.0,16
201800012379,18,7,1,1015,1,1,2,1.0,3.0,16263,M,4553056.0,4067.0,16
201800012380,18,7,28,1500,1,1,1,1.0,6.0,16021,M,4548732.0,991.0,16
201800012381,18,8,24,1055,1,2,1,1.0,6.0,16418,M,4558452.0,15412.0,16
201800012382,18,8,30,2230,3,1,1,1.0,6.0,16236,M,4557553.0,12215.0,16
201800012383,18,9,4,700,1,1,1,1.0,6.0,16047,M,4547817.0,30583.0,16
201800012384,18,9,8,2,3,1,1,1.0,7.0,16287,M,4559899.0,7302.0,16
201800012385,18,10,21,305,3,1,1,1.0,2.0,16175,M,4553179.0,-5620.0,16
201800012386,18,10,29,1835,5,1,2,1.0,3.0,16101,M,4553878.0,3853.0,16
201800012387,18,10,30,1020,1,1,1,8.0,7.0,16125,M,4548473.0,35347.0,16
201800012388,18,1,5,726,3,1,3,2.0,3.0,16347,M,4527767.0,13681.0,16
201800012389,18,1,26,2200,3,1,1,1.0,6.0,16180,M,4526635.0,18370.0,16
201800012390,18,3,23,1820,2,1,4,2.0,1.0,16350,M,4532609.0,24726.0,16
201800012391,18,5,13,900,1,1,1,1.0,6.0,16034,M,4522646.0,3571.0,16
201800012392,18,6,25,910,1,1,3,7.0,3.0,16073,M,4526016.0,4134.0,16
201800012393,18,9,12,1515,1,1,1,1.0,7.0,16049,M,4524692.0,14904.0,16
201800012394,18,12,1,45,3,1,1,5.0,6.0,16004,M,4543485.0,14136.0,16
201800012395,18,1,25,1815,3,2,2,2.0,3.0,16280,M,4574979.0,35299.0,16
201800012396,18,2,21,1555,1,1,6,1.0,2.0,16379,M,4578861.0,41803.0,16
201800012397,18,7,4,1445,1,1,1,4.0,3.0,16422,M,4560504.0,35978.0,16
201800012398,18,7,20,1210,1,1,1,1.0,3.0,16344,M,4573144.0,33546.0,16
201800012399,18,9,28,1700,1,1,1,1.0,6.0,16067,M,4570176.0,33502.0,16
201800012400,18,11,10,1825,3,1,1,3.0,6.0,16250,M,4569568.0,49101.0,16
201800012401,18,11,18,1445,1,2,1,1.0,3.0,16223,M,4573780.0,54036.0,16
201800012402,18,12,13,2025,5,2,6,1.0,3.0,16093,M,4564724.0,36643.0,16
201800012403,18,12,19,1400,1,1,1,1.0,6.0,16368,M,4558879.0,33789.0,16
201800012404,18,8,28,2146,3,1,1,6.0,6.0,16380,M,4540226.0,-20211.0,16
201800012405,18,8,31,1655,1,1,1,1.0,2.0,16247,M,4552216.0,-9109.0,16
201800012406,18,10,17,1900,3,1,2,1.0,3.0,16360,M,4545338.0,-12708.0,16
201800012407,18,11,20,2015,3,1,1,1.0,2.0,16177,M,4552417.0,-6922.0,16
201800012408,18,12,10,1800,3,1,2,1.0,6.0,16030,M,4548259.0,-17950.0,16
201800012409,18,12,18,1910,3,1,3,3.0,3.0,16301,M,4542559.0,-5601.0,16
201800012410,18,4,24,1940,2,2,4,1.0,6.0,16277,M,4573195.0,-23641.0,16
201800012411,18,6,24,340,3,2,1,1.0,6.0,16216,M,4569114.0,-9471.0,16
201800012412,18,8,14,1345,1,2,1,1.0,6.0,16167,M,4568586.0,-16763.0,16
201800012413,18,9,30,115,5,2,1,1.0,6.0,16167,M,4568318.0,-18491.0,16
201800012414,18,10,23,1658,1,1,1,1.0,1.0,16320,M,4576063.0,-49.0,16
201800012415,18,10,25,2110,3,1,1,1.0,6.0,16216,M,4568905.0,-8317.0,16
201800012416,18,11,10,1800,5,2,1,3.0,6.0,16088,M,4570643.0,-20089.0,16
201800012417,18,11,30,1515,1,2,6,1.0,6.0,16286,M,4577680.0,-5920.0,16
201800012418,18,1,10,2300,3,1,1,1.0,7.0,16337,M,4597162.0,73586.0,16
201800012419,18,1,27,110,5,2,1,1.0,6.0,16106,M,4601326.0,67456.0,16
201800012420,18,2,18,1730,2,1,1,1.0,1.0,16259,M,4587606.0,63719.0,16
201800012421,18,2,26,1630,1,2,1,1.0,6.0,16106,M,4601820.0,66881.0,16
201800012422,18,4,6,1500,1,1,1,1.0,2.0,16337,M,4597279.0,68993.0,16
201800012423,18,5,7,1900,1,1,1,1.0,1.0,16181,M,4607370.0,66954.0,16
201800012424,18,5,21,1940,1,1,1,1.0,3.0,16182,M,4600210.0,80899.0,16
201800012425,18,5,29,410,3,1,1,1.0,6.0,16065,M,4607917.0,75451.0,16
201800012426,18,6,26,1930,1,1,1,7.0,6.0,16001,M,4607103.0,69588.0,16
201800012427,18,8,3,1315,1,2,1,1.0,6.0,16070,M,4586998.0,71663.0,16
201800012428,18,8,21,1530,1,1,1,1.0,6.0,16106,M,4602195.0,65662.0,16
201800012429,18,10,19,2305,3,1,2,1.0,3.0,16100,M,4594075.0,64485.0,16
201800012430,18,11,7,1245,1,1,3,2.0,3.0,16363,M,4596038.0,77253.0,16
201800012431,18,2,18,300,4,2,1,5.0,6.0,16206,M,4587659.0,16812.0,16
201800012432,18,6,6,1820,1,2,3,8.0,3.0,16393,M,4576122.0,12587.0,16
201800012433,18,6,6,2015,1,1,2,1.0,3.0,16392,M,4589744.0,30527.0,16
201800012434,18,7,10,1450,1,1,1,1.0,2.0,16191,M,4593974.0,19926.0,16
201800012435,18,7,29,715,1,1,1,1.0,6.0,16412,M,4579880.0,17700.0,16
201800012436,18,8,27,2100,3,1,1,1.0,6.0,16419,M,4579989.0,7565.0,16
201800012437,18,10,10,2020,5,2,1,3.0,6.0,16206,M,4587651.0,16827.0,16
201800012438,18,11,10,1055,1,1,1,3.0,2.0,16011,M,4576095.0,19288.0,16
201800012439,18,2,21,1126,1,1,1,1.0,1.0,16085,M,4579732.0,49700.0,16
201800012440,18,2,21,1320,1,1,2,1.0,3.0,16308,M,4588174.0,46981.0,16
201800012441,18,5,31,845,1,2,1,1.0,4.0,16375,M,4585014.0,50259.0,16
201800012442,18,7,10,1245,1,1,1,1.0,7.0,16336,M,4582932.0,40432.0,16
201800012443,18,8,2,1815,1,1,1,1.0,6.0,16398,M,4578814.0,69917.0,16
201800012444,18,8,10,950,1,1,1,1.0,6.0,16282,M,4578465.0,29578.0,16
201800012445,18,10,4,1750,1,2,7,1.0,6.0,16085,M,4582457.0,45141.0,16
201800012446,18,11,28,1525,1,1,1,8.0,2.0,16085,M,4582424.0,44139.0,16
201800012447,18,12,10,1500,1,1,1,1.0,2.0,16085,M,4582424.0,44139.0,16
201800012448,18,12,17,900,1,1,2,1.0,3.0,16195,M,4586659.0,46561.0,16
201800012449,18,1,12,1700,1,1,1,1.0,6.0,16076,M,4597925.0,41509.0,16
201800012450,18,6,7,1425,1,1,1,1.0,1.0,16310,M,4601851.0,43694.0,16
201800012451,18,6,14,1830,1,1,3,1.0,2.0,16038,M,4603398.0,45735.0,16
201800012452,18,6,30,930,1,1,1,1.0,6.0,16002,M,4607026.0,19741.0,16
201800012453,18,9,21,755,2,1,3,1.0,3.0,16292,M,4603408.0,18009.0,16
201800012454,18,9,28,1610,1,1,2,1.0,2.0,16400,M,4599488.0,21679.0,16
201800012455,18,10,19,150,3,1,1,1.0,7.0,16268,M,4596990.0,27648.0,16
201800012456,18,11,16,1645,2,2,1,7.0,6.0,16292,M,4602272.0,19301.0,16
201800012457,18,12,24,1340,1,1,2,8.0,3.0,16031,M,4599682.0,25493.0,16
201800012458,18,1,7,550,3,1,1,2.0,6.0,36139,M,4679282.0,146259.0,36
201800012459,18,3,29,2235,3,1,1,1.0,6.0,36193,M,4687340.0,136643.0,36
201800012460,18,4,3,1000,1,1,1,1.0,3.0,36194,M,4691330.0,132712.0,36
201800012461,18,7,12,515,2,1,1,1.0,6.0,36055,M,4698442.0,114062.0,36
201800012462,18,8,30,1405,1,1,1,1.0,1.0,36241,M,4686564.0,149144.0,36
201800012463,18,9,6,1550,1,1,2,1.0,3.0,36031,M,4685000.0,140891.0,36
201800012464,18,11,15,1930,5,2,1,1.0,3.0,36194,M,4692995.0,133843.0,36
201800012465,18,5,25,1235,1,1,1,1.0,6.0,36088,M,4693999.0,202306.0,36
201800012466,18,7,12,1301,1,2,1,1.0,3.0,36088,M,4695760.0,200677.0,36
201800012467,18,8,6,1345,1,1,1,1.0,1.0,36195,M,4698358.0,208747.0,36
201800012468,18,9,12,1210,1,1,1,1.0,7.0,36083,M,4708270.0,188837.0,36
201800012469,18,11,21,835,1,1,2,9.0,2.0,36190,M,4683099.0,186265.0,36
201800012470,18,1,11,1750,3,1,2,2.0,3.0,36146,M,4651160.0,169571.0,36
201800012471,18,4,20,1700,1,1,3,1.0,3.0,36236,M,4663220.0,215768.0,36
201800012472,18,7,3,705,1,1,2,1.0,3.0,36127,M,4660370.0,199649.0,36
201800012473,18,8,12,1000,1,1,1,1.0,7.0,36143,M,4662571.0,196960.0,36
201800012474,18,8,24,1115,1,1,2,1.0,3.0,36017,M,4673440.0,204565.0,36
201800012475,18,10,11,1040,1,1,1,7.0,6.0,36126,M,4646700.0,174194.0,36
201800012476,18,11,5,1430,1,1,1,1.0,6.0,36001,M,4644082.0,186882.0,36
201800012477,18,12,17,1845,3,1,1,1.0,1.0,36146,M,4652264.0,170124.0,36
201800012478,18,5,2,1745,1,1,2,1.0,3.0,36112,M,4679860.0,191243.0,36
201800012479,18,6,30,1800,1,2,1,1.0,7.0,36005,M,4673960.0,182067.0,36
201800012480,18,7,24,1920,1,1,3,1.0,1.0,36030,M,4661656.0,177685.0,36
201800012481,18,10,12,1740,1,2,1,1.0,6.0,36078,M,4656213.0,187105.0,36
201800012482,18,10,28,1738,2,1,9,3.0,3.0,36030,M,4663495.0,175774.0,36
201800012483,18,3,25,1640,1,2,1,1.0,3.0,36018,M,4662717.0,108672.0,36
201800012484,18,7,31,100,3,1,1,1.0,6.0,36018,M,4665874.0,112851.0,36
201800012485,18,11,5,1711,1,1,1,2.0,7.0,36018,M,4661849.0,111160.0,36
201800012486,18,11,10,1200,1,1,1,2.0,6.0,36168,M,4653676.0,130864.0,36
201800012487,18,11,19,1530,1,1,1,1.0,1.0,36176,M,4661291.0,120158.0,36
201800012488,18,6,1,1415,1,1,1,1.0,3.0,36042,M,4666740.0,147833.0,36
201800012489,18,6,28,925,1,2,1,1.0,6.0,36081,M,4651370.0,159807.0,36
201800012490,18,7,29,1300,1,2,1,1.0,3.0,36012,M,4647244.0,159284.0,36
201800012491,18,8,5,800,1,1,1,1.0,3.0,36231,M,4673706.0,166794.0,36
201800012492,18,8,18,1030,1,1,1,7.0,7.0,36049,M,4651113.0,142478.0,36
201800012493,18,9,1,200,3,1,1,1.0,1.0,36154,M,4659172.0,154749.0,36
201800012494,18,9,2,900,1,1,1,1.0,1.0,36062,M,4648080.0,161402.0,36
201800012495,18,12,4,2340,3,1,1,2.0,6.0,36101,M,4671015.0,158506.0,36
201800012496,18,12,7,1430,1,1,1,3.0,1.0,36134,M,4640140.0,146577.0,36
201800012497,18,2,3,235,3,1,1,1.0,6.0,10278,M,4802062.0,420768.0,10
201800012498,18,7,10,947,1,1,1,1.0,3.0,10140,M,4809496.0,386129.0,10
201800012499,18,7,10,1729,1,1,1,1.0,1.0,10425,M,4816159.0,402386.0,10
201800012500,18,7,29,1545,1,2,1,1.0,6.0,10098,M,4797891.0,407594.0,10