Num_Acc,an,mois,jour,hrmn,lum,agg,int,atm,col,com,gps,lat,long,dep
201800012501,18,9,6,745,1,1,1,1.0,6.0,10080,M,4805485.0,413973.0,10
201800012502,18,9,11,1700,1,1,1,1.0,7.0,10198,M,4815720.0,402715.0,10
201800012503,18,10,13,2345,3,1,1,1.0,6.0,10099,M,4801737.0,394421.0,10
201800012504,18,11,9,810,1,2,2,1.0,1.0,10373,M,4820625.0,399551.0,10
201800012505,18,12,28,45,3,1,1,5.0,1.0,10425,M,4817231.0,401534.0,10
201800012506,18,5,20,2315,3,1,1,1.0,7.0,10287,M,4835856.0,429176.0,10
201800012507,18,6,20,2330,3,1,1,1.0,7.0,10162,M,4821183.0,422831.0,10
201800012508,18,6,23,2025,1,1,1,1.0,1.0,10375,M,4828657.0,416401.0,10
201800012509,18,7,10,730,1,1,2,1.0,1.0,10249,M,4823931.0,429859.0,10
201800012510,18,8,1,1400,1,1,1,1.0,5.0,10332,M,4828111.0,418423.0,10
201800012511,18,8,23,2345,3,1,1,1.0,6.0,10255,M,4821579.0,428606.0,10
201800012512,18,3,1,443,3,1,1,4.0,1.0,10126,M,4827134.0,463412.0,10
201800012513,18,4,28,1350,1,1,1,1.0,6.0,10113,M,4820778.0,466033.0,10
201800012514,18,6,1,1920,1,1,3,7.0,3.0,10126,M,4826651.0,460852.0,10
201800012515,18,7,30,1720,1,2,7,7.0,3.0,10401,M,4823770.0,446563.0,10
201800012516,18,9,8,1635,1,1,1,1.0,6.0,10076,M,4813990.0,467567.0,10
201800012517,18,9,29,1200,1,1,1,1.0,3.0,10033,M,4821553.0,470607.0,10
201800012518,18,10,22,1345,1,1,1,1.0,7.0,10113,M,4819803.0,466431.0,10
201800012519,18,10,31,1109,1,1,1,1.0,3.0,10032,M,4816792.0,477534.0,10
201800012520,18,12,15,443,5,2,1,1.0,7.0,10401,M,4823746.0,446450.0,10
201800012521,18,2,12,930,1,2,2,1.0,3.0,10170,M,4802842.0,443069.0,10
201800012522,18,3,25,1300,1,2,3,1.0,5.0,10358,M,4816674.0,422410.0,10
201800012523,18,4,21,2330,3,1,1,1.0,7.0,10418,M,4808297.0,428817.0,10
201800012524,18,6,4,1600,1,1,1,1.0,6.0,10119,M,4804449.0,467010.0,10
201800012525,18,6,12,1500,1,1,1,1.0,6.0,10199,M,4806304.0,451024.0,10
201800012526,18,6,30,1905,1,1,1,1.0,7.0,10045,M,4817653.0,445580.0,10
201800012527,18,7,3,1845,1,2,1,1.0,7.0,10055,M,4813002.0,435782.0,10
201800012528,18,7,11,345,5,2,1,1.0,6.0,10437,M,4813311.0,433121.0,10
201800012529,18,7,16,1425,1,2,1,1.0,7.0,10034,M,4811389.0,437684.0,10
201800012530,18,7,21,1629,1,2,1,1.0,6.0,10317,M,4799196.0,436548.0,10
201800012531,18,7,29,230,3,1,1,1.0,7.0,10034,M,4812428.0,436581.0,10
201800012532,18,8,9,1600,1,1,1,1.0,1.0,10213,M,4816815.0,442177.0,10
201800012533,18,10,18,715,2,1,1,5.0,1.0,10399,M,4817951.0,420274.0,10
201800012534,18,10,25,650,5,2,2,1.0,1.0,10399,M,4817930.0,419644.0,10
201800012535,18,11,6,2030,5,2,1,1.0,6.0,10432,M,4806325.0,425108.0,10
201800012536,18,11,19,1150,1,2,1,1.0,5.0,10034,M,4811493.0,437638.0,10
201800012537,18,12,9,700,2,1,3,2.0,7.0,10232,M,4808681.0,440099.0,10
201800012538,18,12,21,2015,5,2,1,3.0,6.0,10261,M,4798285.0,449638.0,10
201800012539,18,7,8,1930,1,2,1,1.0,1.0,10193,M,4842692.0,440998.0,10
201800012540,18,10,25,1445,1,1,3,1.0,3.0,10345,M,4841233.0,452116.0,10
201800012541,18,12,7,1611,2,1,2,3.0,3.0,10345,M,4841228.0,452121.0,10
201800012542,18,3,6,1900,2,2,1,1.0,7.0,10370,M,4839844.0,349674.0,10
201800012543,18,3,7,1250,1,1,2,2.0,3.0,10231,M,4850853.0,343327.0,10
201800012544,18,3,12,2205,3,1,1,1.0,6.0,10106,M,4845907.0,341130.0,10
201800012545,18,3,25,2125,3,1,1,1.0,7.0,10031,M,4857656.0,356797.0,10
201800012546,18,5,7,800,1,1,1,1.0,1.0,10231,M,4851056.0,344169.0,10
201800012547,18,6,11,530,2,2,1,1.0,1.0,10298,M,4850903.0,360499.0,10
201800012548,18,6,10,2000,1,1,1,1.0,7.0,10308,M,4834030.0,378554.0,10
201800012549,18,6,23,1850,1,1,1,1.0,3.0,10291,M,4857578.0,358280.0,10
201800012550,18,8,3,530,3,1,1,1.0,6.0,10420,M,4859427.0,354766.0,10
201800012551,18,8,12,130,5,2,1,1.0,6.0,10298,M,4850931.0,359620.0,10
201800012552,18,9,9,1445,1,1,1,1.0,7.0,10298,M,4852828.0,359586.0,10
201800012553,18,2,19,1050,1,1,1,1.0,6.0,10392,M,4846977.0,388300.0,10
201800012554,18,2,21,130,5,2,1,1.0,6.0,10151,M,4842329.0,391893.0,10
201800012555,18,3,11,1930,3,2,6,1.0,6.0,10323,M,4851546.0,374080.0,10
201800012556,18,3,13,1245,1,2,1,1.0,7.0,10144,M,4856172.0,386988.0,10
201800012557,18,4,6,1315,1,1,1,1.0,6.0,10075,M,4862043.0,403775.0,10
201800012558,18,4,6,2110,2,1,1,1.0,2.0,10052,M,4859371.0,392148.0,10
201800012559,18,4,18,2325,5,2,3,1.0,6.0,10341,M,4851612.0,365309.0,10
201800012560,18,4,19,930,1,2,2,7.0,3.0,10323,M,4850955.0,372435.0,10
201800012561,18,5,15,1655,1,2,4,1.0,1.0,10280,M,4848942.0,373214.0,10
201800012562,18,5,25,1545,1,2,9,1.0,2.0,10323,M,4851089.0,371494.0,10
201800012563,18,6,6,2250,3,1,1,8.0,6.0,10271,M,4846285.0,377921.0,10
201800012564,18,7,8,1910,1,1,1,1.0,3.0,10323,M,4851057.0,372573.0,10
201800012565,18,7,11,1557,1,2,8,1.0,3.0,10368,M,4840761.0,394826.0,10
201800012566,18,7,20,1410,1,2,1,1.0,6.0,10323,M,4849871.0,372932.0,10
201800012567,18,7,31,1640,1,1,4,1.0,7.0,10351,M,4844801.0,371302.0,10
201800012568,18,11,23,1950,2,1,1,3.0,6.0,10233,M,4851903.0,391202.0,10
201800012569,18,12,31,1825,3,1,1,1.0,6.0,10220,M,4850051.0,380101.0,10
201800012570,18,3,12,1525,1,1,1,1.0,6.0,43241,M,4496550.0,384444.0,43
201800012571,18,3,29,1300,1,1,1,1.0,6.0,43084,M,4497360.0,386826.0,43
201800012572,18,4,22,1750,1,1,1,1.0,6.0,43045,M,4503050.0,384601.0,43
201800012573,18,4,24,2300,5,2,1,1.0,6.0,43077,M,4488960.0,384804.0,43
201800012574,18,4,28,320,3,1,1,1.0,7.0,43042,M,4494800.0,382212.0,43
201800012575,18,5,5,1825,1,1,1,1.0,1.0,43154,M,4477450.0,386861.0,43
201800012576,18,5,11,1630,1,1,1,1.0,3.0,43042,M,,,43
201800012577,18,8,15,1045,1,1,3,1.0,2.0,43215,M,4478790.0,389588.0,43
201800012578,18,8,25,1730,1,1,1,1.0,6.0,43176,M,4498250.0,368905.0,43
201800012579,18,9,2,600,3,1,1,1.0,6.0,43240,M,4495770.0,384829.0,43
201800012580,18,10,11,1345,1,2,1,1.0,6.0,43039,M,4488750.0,388222.0,43
201800012581,18,11,12,1330,1,2,1,1.0,3.0,43005,M,4492270.0,367832.0,43
201800012582,18,2,6,1445,1,2,1,4.0,2.0,43150,M,4509930.0,406173.0,43
201800012583,18,3,10,600,3,1,1,2.0,6.0,43194,M,4508090.0,405234.0,43
201800012584,18,4,2,1750,1,1,1,1.0,6.0,43210,M,,,43
201800012585,18,4,27,1615,1,1,1,1.0,6.0,43053,M,,,43
201800012586,18,5,20,1730,1,1,1,1.0,6.0,43091,M,4492780.0,408229.0,43
201800012587,18,6,5,1415,1,1,1,2.0,6.0,43135,M,4492540.0,397661.0,43
201800012588,18,7,1,1500,1,1,1,1.0,6.0,43156,M,4490170.0,403041.0,43
201800012589,18,7,25,1125,1,1,3,1.0,2.0,43218,M,4503690.0,404739.0,43
201800012590,18,8,10,940,1,1,1,5.0,6.0,43047,M,4494730.0,392764.0,43
201800012591,18,10,13,1725,1,2,1,1.0,6.0,43190,M,,,43
201800012592,18,10,21,1000,1,1,1,1.0,6.0,43190,M,,,43
201800012593,18,11,9,1300,1,1,1,2.0,6.0,43010,M,4500990.0,395055.0,43
201800012594,18,12,15,535,3,1,1,1.0,1.0,43218,M,4506377.0,402346.0,43
201800012595,18,2,16,2100,3,1,2,5.0,3.0,43023,M,4528290.0,383598.0,43
201800012596,18,3,24,1655,1,1,1,1.0,7.0,43026,M,4519590.0,382167.0,43
201800012597,18,3,26,1250,1,1,1,1.0,5.0,43152,M,4506860.0,388608.0,43
201800012598,18,5,8,1740,1,1,1,1.0,7.0,43165,M,4512890.0,397392.0,43
201800012599,18,5,9,1810,1,1,1,1.0,6.0,43124,M,4509100.0,374549.0,43
201800012600,18,6,28,1440,1,1,1,1.0,6.0,43165,M,4514150.0,400861.0,43
201800012601,18,7,4,1326,1,1,1,1.0,1.0,43152,M,4507310.0,386349.0,43
201800012602,18,7,26,1445,1,1,1,1.0,3.0,43119,M,4512190.0,391998.0,43
201800012603,18,8,1,1245,1,1,1,1.0,3.0,43181,M,4509000.0,402125.0,43
201800012604,18,8,18,230,3,1,1,1.0,6.0,43152,M,4506880.0,388660.0,43
201800012605,18,8,21,1825,1,1,1,2.0,3.0,43032,M,4506640.0,398582.0,43
201800012606,18,8,23,1626,1,1,1,1.0,6.0,43026,M,4523170.0,379864.0,43
201800012607,18,9,23,555,2,2,1,1.0,6.0,43152,M,4506950.0,382132.0,43
201800012608,18,10,23,750,2,1,1,1.0,1.0,43216,M,4513160.0,380226.0,43
201800012609,18,12,14,2030,5,2,3,1.0,3.0,43216,M,4513702.0,381402.0,43
201800012610,18,1,20,1930,3,1,1,1.0,6.0,43112,M,4511070.0,349400.0,43
201800012611,18,2,3,1930,3,1,4,1.0,1.0,43264,M,4522960.0,339622.0,43
201800012612,18,4,18,1530,1,1,1,1.0,6.0,43132,M,4513440.0,349696.0,43
201800012613,18,5,18,945,1,1,3,1.0,3.0,43112,M,4509020.0,349444.0,43
201800012614,18,6,7,1640,1,1,1,8.0,1.0,43044,M,4516840.0,345526.0,43
201800012615,18,6,27,1615,1,1,1,1.0,7.0,43060,M,4503020.0,354108.0,43
201800012616,18,8,12,1645,1,1,1,1.0,7.0,43112,M,4507050.0,345504.0,43
201800012617,18,10,20,2045,3,1,1,1.0,1.0,43245,M,4485690.0,359247.0,43
201800012618,18,10,22,1009,1,2,2,1.0,3.0,43112,M,,,43
201800012619,18,10,22,1524,1,1,3,1.0,3.0,43132,M,4510610.0,352288.0,43
201800012620,18,11,6,1630,1,1,1,1.0,1.0,43132,M,4512880.0,349575.0,43
201800012621,18,12,8,1915,3,1,1,1.0,6.0,43132,M,4510610.0,351234.0,43
201800012622,18,1,28,330,3,2,1,1.0,6.0,43185,M,,,43
201800012623,18,3,12,2115,3,1,3,2.0,3.0,43120,M,4537360.0,329016.0,43
201800012624,18,7,4,1200,1,1,1,1.0,1.0,43185,M,,,43
201800012625,18,9,6,1730,1,1,1,1.0,1.0,43185,M,4541230.0,330678.0,43
201800012626,18,10,17,1820,1,1,1,1.0,4.0,43120,M,4537210.0,329346.0,43
201800012627,18,11,13,725,3,2,1,3.0,6.0,43038,M,4536420.0,330972.0,43
201800012628,18,12,4,820,1,1,1,1.0,1.0,43261,M,,,43
201800012629,18,1,31,5,3,1,1,1.0,1.0,43268,M,4514670.0,411542.0,43
201800012630,18,3,11,1125,1,1,1,1.0,1.0,43268,M,4513100.0,409719.0,43
201800012631,18,5,11,2000,2,2,1,1.0,6.0,43162,M,,,43
201800012632,18,5,14,2020,2,1,1,2.0,7.0,43268,M,4511990.0,415198.0,43
201800012633,18,6,9,1235,1,2,1,1.0,7.0,43162,M,,,43
201800012634,18,7,1,1145,1,1,1,1.0,1.0,43025,M,4528060.0,411064.0,43
201800012635,18,7,25,1005,1,1,1,1.0,1.0,43268,M,4515820.0,408518.0,43
201800012636,18,9,11,1220,1,1,1,1.0,1.0,43268,M,4515830.0,408464.0,43
201800012637,18,10,9,1655,1,2,1,1.0,6.0,43268,M,,,43
201800012638,18,10,29,1445,1,1,1,4.0,1.0,43102,M,4516910.0,418871.0,43
201800012639,18,1,18,547,3,1,1,1.0,1.0,43137,M,4530120.0,423227.0,43
201800012640,18,2,18,630,3,1,1,2.0,6.0,43212,M,4536950.0,395713.0,43
201800012641,18,3,17,445,3,1,1,2.0,6.0,43137,M,4527830.0,416474.0,43
201800012642,18,5,12,1135,1,1,1,1.0,6.0,43137,M,4527860.0,416037.0,43
201800012643,18,7,15,2000,2,2,6,8.0,3.0,43020,M,4530530.0,411446.0,43
201800012644,18,7,26,845,1,1,1,1.0,1.0,43012,M,,,43
201800012645,18,9,23,1845,1,1,1,1.0,2.0,43012,M,4538010.0,422179.0,43
201800012646,18,9,28,1115,1,2,1,7.0,3.0,43012,M,,,43
201800012647,18,10,27,930,1,2,1,2.0,6.0,43137,M,,,43
201800012648,18,12,19,1915,5,2,1,1.0,6.0,43012,M,4537897.0,421865.0,43
201800012649,18,3,3,1610,1,1,1,1.0,6.0,43213,M,,,43
201800012650,18,3,16,1200,1,1,1,1.0,6.0,43184,M,,,43
201800012651,18,4,1,1830,1,1,1,1.0,1.0,43205,M,4533120.0,435307.0,43
201800012652,18,6,17,1920,1,1,1,1.0,6.0,43184,M,4534420.0,425212.0,43
201800012653,18,6,26,730,1,1,1,1.0,6.0,43236,M,4527720.0,425862.0,43
201800012654,18,7,5,1145,1,1,1,1.0,2.0,43184,M,4536690.0,426792.0,43
201800012655,18,7,3,1800,1,1,1,1.0,5.0,43227,M,4529070.0,432775.0,43
201800012656,18,7,22,310,3,1,1,1.0,1.0,43213,M,4522570.0,429038.0,43
201800012657,18,11,9,1930,4,1,1,2.0,6.0,43224,M,4522280.0,420167.0,43
201800012658,18,11,16,1700,2,1,1,1.0,6.0,43213,M,,,43
201800012659,18,12,1,515,3,1,3,5.0,6.0,43236,M,4528270.0,425718.0,43
201800012660,18,2,2,1550,1,1,1,1.0,3.0,43244,M,4511790.0,427394.0,43
201800012661,18,4,21,1730,1,1,1,1.0,7.0,43244,M,,,43
201800012662,18,5,22,750,1,2,1,1.0,6.0,43051,M,4505990.0,430106.0,43
201800012663,18,6,7,1700,1,2,1,2.0,6.0,43244,M,4511740.0,428810.0,43
201800012664,18,6,7,1220,1,1,1,1.0,1.0,43244,M,4510670.0,430606.0,43
201800012665,18,7,16,245,3,1,1,1.0,6.0,43051,M,4508970.0,431326.0,43
201800012666,18,8,17,1540,1,2,1,1.0,6.0,43087,M,,,43
201800012667,18,9,8,1420,1,1,1,1.0,1.0,43142,M,4516440.0,436810.0,43
201800012668,18,9,15,1600,1,1,1,1.0,6.0,43114,M,4516880.0,421206.0,43
201800012669,18,9,23,50,3,1,1,1.0,6.0,43114,M,4516370.0,422665.0,43
201800012670,18,10,28,1430,1,1,1,5.0,6.0,43087,M,4521070.0,432099.0,43
201800012671,18,1,1,1235,1,1,1,3.0,7.0,18018,M,4703863.0,261498.0,18
201800012672,18,2,14,1753,2,1,1,1.0,1.0,18018,M,4703542.0,261784.0,18
201800012673,18,3,16,1140,1,1,1,2.0,2.0,18286,M,4707443.0,278067.0,18
201800012674,18,5,6,50,4,2,1,1.0,6.0,18184,M,4710065.0,293370.0,18
201800012675,18,5,17,1845,1,1,1,1.0,3.0,18018,M,4703972.0,258380.0,18
201800012676,18,9,8,1550,1,1,1,1.0,2.0,18139,M,4706941.0,297338.0,18
201800012677,18,9,10,2005,3,1,1,1.0,6.0,18215,M,4701599.0,290672.0,18
201800012678,18,9,18,1720,1,1,1,1.0,2.0,18247,M,4705470.0,256787.0,18
201800012679,18,9,20,515,3,1,1,1.0,7.0,18092,M,4708488.0,265049.0,18
201800012680,18,10,26,1710,1,1,1,8.0,7.0,18139,M,4707805.0,300823.0,18
201800012681,18,11,3,1650,1,2,1,1.0,6.0,18174,M,4706979.0,251910.0,18
201800012682,18,12,11,625,3,1,1,1.0,6.0,18105,M,4709754.0,274864.0,18
201800012683,18,12,18,800,1,1,1,8.0,5.0,18075,M,4701911.0,305673.0,18
201800012684,18,1,3,1100,1,1,1,6.0,3.0,18003,M,4718017.0,254334.0,18
201800012685,18,1,27,1810,5,2,2,1.0,3.0,18109,M,4730348.0,252557.0,18
201800012686,18,1,26,1835,2,1,1,2.0,6.0,18206,M,4717976.0,232863.0,18
201800012687,18,2,27,1345,1,1,1,1.0,6.0,18004,M,4721954.0,234950.0,18
201800012688,18,5,7,1600,1,1,1,1.0,6.0,18003,M,4720493.0,257783.0,18
201800012689,18,5,17,1645,1,2,1,1.0,3.0,18109,M,4730566.0,253171.0,18
201800012690,18,5,31,1115,1,1,1,1.0,6.0,18004,M,4721500.0,232110.0,18
201800012691,18,6,15,1040,1,1,3,2.0,3.0,18206,M,4714299.0,234012.0,18
201800012692,18,6,20,1010,1,2,1,1.0,6.0,18211,M,4720212.0,242412.0,18
201800012693,18,6,28,1345,1,1,1,1.0,1.0,18109,M,4729861.0,253698.0,18
201800012694,18,7,22,530,2,2,4,1.0,6.0,18003,M,4720040.0,257130.0,18
201800012695,18,7,25,1230,1,2,1,1.0,7.0,18151,M,4723741.0,267950.0,18
201800012696,18,8,10,2200,3,1,1,1.0,7.0,18004,M,4722679.0,230485.0,18
201800012697,18,8,11,2210,5,2,2,1.0,6.0,18003,M,4719501.0,256358.0,18
201800012698,18,9,14,545,3,2,1,1.0,6.0,18202,M,4721896.0,263560.0,18
201800012699,18,11,16,900,1,1,1,1.0,2.0,18109,M,4729861.0,253698.0,18
201800012700,18,12,1,1045,1,1,1,2.0,6.0,18223,M,4720708.0,238172.0,18
201800012701,18,12,12,750,1,2,1,1.0,3.0,18097,M,4713900.0,243447.0,18
201800012702,18,1,13,2000,5,2,2,1.0,3.0,18209,M,4668353.0,249093.0,18
201800012703,18,2,5,1215,1,2,3,1.0,3.0,18197,M,4672543.0,251201.0,18
201800012704,18,4,15,1200,1,2,6,7.0,4.0,18197,M,4672714.0,250028.0,18
201800012705,18,5,3,800,1,1,1,2.0,3.0,18169,M,4672489.0,244771.0,18
201800012706,18,6,4,850,1,2,1,1.0,7.0,18197,M,4672036.0,251215.0,18
201800012707,18,6,23,1930,2,2,1,1.0,6.0,18197,M,4672518.0,249561.0,18
201800012708,18,7,31,1856,1,1,2,1.0,3.0,18276,M,4673884.0,269599.0,18
201800012709,18,9,29,10,3,1,1,1.0,6.0,18069,M,4670012.0,255653.0,18
201800012710,18,11,23,740,2,2,1,5.0,6.0,18197,M,4671563.0,250642.0,18
201800012711,18,2,11,830,3,1,1,2.0,6.0,18083,M,4654002.0,235331.0,18
201800012712,18,4,15,1145,1,1,1,1.0,6.0,18225,M,4657917.0,230499.0,18
201800012713,18,5,19,1600,1,1,2,1.0,6.0,18127,M,4675384.0,221248.0,18
201800012714,18,6,8,755,2,2,1,1.0,7.0,18089,M,4655572.0,258047.0,18
201800012715,18,7,9,1200,1,1,2,1.0,5.0,18057,M,4655462.0,220678.0,18
201800012716,18,8,15,1010,1,1,2,1.0,6.0,18216,M,4676829.0,212248.0,18
201800012717,18,8,28,1400,1,1,1,1.0,3.0,18057,M,4655754.0,221204.0,18
201800012718,18,9,25,900,1,1,1,1.0,6.0,18083,M,4655940.0,232433.0,18
201800012719,18,10,19,730,2,1,3,5.0,3.0,18083,M,4654699.0,235380.0,18
201800012720,18,1,11,1325,1,1,1,1.0,6.0,18073,M,4690631.0,232368.0,18
201800012721,18,2,8,2320,3,1,1,8.0,1.0,18218,M,4699469.0,251051.0,18
201800012722,18,2,19,1620,1,1,1,1.0,5.0,18087,M,4690438.0,256458.0,18
201800012723,18,3,17,1145,1,2,9,1.0,6.0,18087,M,4689370.0,256890.0,18
201800012724,18,5,7,1130,1,2,3,1.0,3.0,18058,M,4685735.0,231789.0,18
201800012725,18,6,22,1831,1,1,1,1.0,1.0,18121,M,4692174.0,264634.0,18
201800012726,18,7,26,1730,1,1,1,1.0,3.0,18040,M,4692797.0,261204.0,18
201800012727,18,7,31,1950,1,2,1,1.0,3.0,18087,M,4688007.0,255839.0,18
201800012728,18,8,12,1535,1,1,1,7.0,6.0,18268,M,4683635.0,242727.0,18
201800012729,18,9,19,1335,1,1,1,1.0,1.0,18289,M,4694221.0,258124.0,18
201800012730,18,9,23,215,3,1,1,1.0,6.0,18063,M,4687021.0,241801.0,18
201800012731,18,10,10,1000,1,1,1,1.0,1.0,18218,M,4699766.0,250667.0,18
201800012732,18,10,9,1145,1,2,1,1.0,2.0,18126,M,4692565.0,240695.0,18
201800012733,18,11,12,1930,3,1,1,2.0,1.0,18121,M,4692272.0,264259.0,18
201800012734,18,12,3,711,2,1,1,2.0,1.0,18063,M,4685589.0,242019.0,18
201800012735,18,3,24,105,5,2,1,1.0,6.0,18155,M,4681835.0,302827.0,18
201800012736,18,6,27,1150,1,1,3,1.0,2.0,18195,M,4684566.0,286480.0,18
201800012737,18,7,4,1050,1,2,1,1.0,6.0,18242,M,4682905.0,292495.0,18
201800012738,18,7,27,740,1,1,1,1.0,1.0,18196,M,4676287.0,281808.0,18
201800012739,18,8,26,1245,1,1,1,1.0,3.0,18164,M,4684674.0,299375.0,18
201800012740,18,9,20,650,2,1,1,1.0,1.0,18155,M,4682259.0,300970.0,18
201800012741,18,10,30,1054,1,1,3,8.0,3.0,18031,M,4688247.0,277063.0,18
201800012742,18,12,14,1200,1,2,3,1.0,3.0,18108,M,4695174.0,294803.0,18
201800012743,18,12,24,1150,1,1,1,1.0,7.0,18054,M,4689962.0,279950.0,18
201800012744,18,12,29,534,3,1,1,1.0,6.0,18031,M,4690190.0,271502.0,18
201800012745,18,4,17,1105,1,2,1,7.0,6.0,18047,M,4736546.0,243308.0,18
201800012746,18,5,5,15,3,1,1,1.0,6.0,18030,M,4756239.0,255997.0,18
201800012747,18,5,27,1500,1,1,2,1.0,3.0,18149,M,4731671.0,242988.0,18
201800012748,18,6,21,1015,1,1,1,1.0,7.0,18159,M,4737258.0,221934.0,18
201800012749,18,7,11,1020,1,1,1,1.0,6.0,18284,M,4741166.0,256288.0,18
201800012750,18,7,12,1908,1,1,1,1.0,6.0,18011,M,4755931.0,246404.0,18
201800012751,18,7,22,530,2,1,1,1.0,7.0,18170,M,4749256.0,249374.0,18
201800012752,18,9,30,600,3,1,1,1.0,6.0,18011,M,4757585.0,246322.0,18
201800012753,18,9,30,430,3,1,1,1.0,6.0,18015,M,4744267.0,246044.0,18
201800012754,18,10,21,530,3,1,1,1.0,6.0,18037,M,4756088.0,226058.0,18
201800012755,18,10,29,1651,1,1,1,2.0,2.0,18015,M,4748259.0,243519.0,18
201800012756,18,5,7,1500,1,2,1,1.0,3.0,18096,M,4717388.0,217076.0,18
201800012757,18,6,2,1820,1,1,1,1.0,7.0,18005,M,4715253.0,223323.0,18
201800012758,18,6,9,1805,1,1,1,1.0,7.0,18237,M,4710752.0,219729.0,18
201800012759,18,6,13,2115,1,2,2,1.0,3.0,18141,M,4714446.0,222398.0,18
201800012760,18,6,24,1730,1,1,1,1.0,6.0,18148,M,4718129.0,204701.0,18
201800012761,18,9,15,1720,1,1,1,1.0,7.0,18148,M,4718990.0,205433.0,18
201800012762,18,10,12,1650,1,1,6,1.0,3.0,18186,M,4707793.0,218080.0,18
201800012763,18,11,20,1945,5,2,2,1.0,3.0,18237,M,4707773.0,220691.0,18
201800012764,18,1,9,1610,1,2,1,1.0,6.0,73128,M,4572399.0,592843.0,73
201800012765,18,1,16,1850,5,1,1,3.0,6.0,73103,M,4565695.0,591226.0,73
201800012766,18,3,1,1910,5,2,1,8.0,6.0,73010,M,4578789.0,594596.0,73
201800012767,18,4,22,1930,1,2,4,1.0,3.0,73300,M,4566433.0,589959.0,73
201800012768,18,5,14,1715,1,1,1,1.0,1.0,73010,M,4578860.0,595575.0,73
201800012769,18,5,25,650,2,2,1,1.0,6.0,73128,M,4571274.0,592042.0,73
201800012770,18,5,27,1515,1,1,1,1.0,5.0,73059,M,4574442.0,588678.0,73
201800012771,18,6,2,1600,1,1,1,1.0,1.0,73164,M,4569985.0,600849.0,73
201800012772,18,6,5,900,1,2,6,1.0,2.0,73103,M,4565826.0,592762.0,73
201800012773,18,6,10,1415,1,1,1,1.0,2.0,73010,M,4577178.0,586803.0,73
201800012774,18,7,6,1900,2,2,6,7.0,3.0,73300,M,4569010.0,589572.0,73
201800012775,18,8,2,905,1,1,1,7.0,3.0,73062,M,4581573.0,586542.0,73
201800012776,18,8,4,855,1,1,5,1.0,3.0,73128,M,4572653.0,593051.0,73
201800012777,18,8,19,1215,1,2,4,1.0,1.0,73263,M,4572633.0,600568.0,73
201800012778,18,9,13,1105,1,1,1,1.0,1.0,73059,M,4576005.0,587071.0,73
201800012779,18,9,18,1920,2,1,1,1.0,1.0,73238,M,4577873.0,588292.0,73
201800012780,18,9,24,1650,1,1,1,1.0,2.0,73300,M,4565974.0,589477.0,73
201800012781,18,12,5,2005,5,1,1,1.0,4.0,73010,M,4578613.0,594664.0,73
201800012782,18,3,10,2135,3,2,1,1.0,1.0,73058,M,4553199.0,574599.0,73
201800012783,18,8,13,910,1,1,1,8.0,7.0,73254,M,4558856.0,571836.0,73
201800012784,18,10,11,1025,1,1,1,1.0,1.0,73226,M,4550018.0,571433.0,73
201800012785,18,3,27,1945,3,2,1,2.0,6.0,73084,M,4551654.0,600357.0,73
201800012786,18,4,3,1500,1,1,2,1.0,3.0,73183,M,4550982.0,598582.0,73
201800012787,18,6,28,830,1,2,1,1.0,2.0,73171,M,4550221.0,605602.0,73
201800012788,18,7,10,1630,1,2,2,1.0,3.0,73151,M,4550518.0,600253.0,73
201800012789,18,7,28,2100,2,1,4,1.0,6.0,73270,M,4558030.0,615245.0,73
201800012790,18,8,16,1438,1,2,1,7.0,1.0,73082,M,4549369.0,607420.0,73
201800012791,18,9,10,1000,1,1,3,7.0,3.0,73084,M,4551069.0,601430.0,73
201800012792,18,11,29,1415,1,1,2,1.0,3.0,73240,M,4548058.0,604093.0,73
201800012793,18,12,11,1355,1,1,2,1.0,1.0,73240,M,4547141.0,604335.0,73
201800012794,18,1,27,1820,3,1,1,1.0,1.0,73032,M,4560080.0,644939.0,73
201800012795,18,3,17,1830,2,2,2,1.0,3.0,73011,M,4566387.0,636416.0,73
201800012796,18,4,19,1000,1,1,1,1.0,6.0,73202,M,4567090.0,630855.0,73
201800012797,18,4,25,2040,2,1,1,1.0,7.0,73241,M,4560341.0,630465.0,73
201800012798,18,4,30,1925,1,1,1,1.0,4.0,73298,M,4565663.0,643180.0,73
201800012799,18,5,24,1155,1,2,1,1.0,2.0,73130,M,4565422.0,638194.0,73
201800012800,18,5,19,1215,1,1,1,1.0,7.0,73114,M,4581770.0,651669.0,73
201800012801,18,5,22,1345,1,1,1,3.0,1.0,73114,M,4581815.0,652827.0,73
201800012802,18,6,1,825,1,2,3,1.0,1.0,73032,M,4562548.0,645072.0,73
201800012803,18,6,13,1930,1,1,1,1.0,1.0,73032,M,4560005.0,644915.0,73
201800012804,18,7,14,1050,1,1,1,1.0,1.0,73123,M,4587159.0,646772.0,73
201800012805,18,7,25,1700,1,1,1,1.0,1.0,73114,M,4582212.0,653264.0,73
201800012806,18,8,3,1925,1,1,3,1.0,3.0,73124,M,4564808.0,633042.0,73
201800012807,18,8,12,930,1,1,3,1.0,3.0,73292,M,4571194.0,640604.0,73
201800012808,18,8,26,220,3,1,1,1.0,7.0,73063,M,4558102.0,645893.0,73