Num_Acc,an,mois,jour,hrmn,lum,agg,int,atm,col,com,gps,lat,long,dep
201800012809,18,8,30,1200,1,1,1,1.0,3.0,73124,M,4564794.0,634252.0,73
201800012810,18,8,31,2015,3,2,1,2.0,7.0,73154,M,4566732.0,634311.0,73
201800012811,18,10,6,1610,1,1,1,1.0,6.0,73303,M,4575397.0,645892.0,73
201800012812,18,10,25,1855,5,2,1,1.0,3.0,73121,M,4563493.0,631140.0,73
201800012813,18,11,30,2015,3,1,1,1.0,2.0,73153,M,4571904.0,640970.0,73
201800012814,18,12,1,1145,1,1,1,1.0,1.0,73303,M,4575538.0,644822.0,73
201800012815,18,2,4,1930,5,2,1,1.0,7.0,73235,M,4541994.0,636427.0,73
201800012816,18,3,11,1930,3,1,1,1.0,6.0,73074,M,4543849.0,628487.0,73
201800012817,18,4,10,1830,1,2,1,1.0,6.0,73272,M,4547627.0,628160.0,73
201800012818,18,4,19,1800,1,2,3,1.0,6.0,73002,M,4554190.0,630530.0,73
201800012819,18,4,21,1530,1,1,3,7.0,3.0,73019,M,4551153.0,631191.0,73
201800012820,18,4,23,1620,1,1,1,1.0,1.0,73237,M,4550878.0,629057.0,73
201800012821,18,5,3,2000,1,1,1,1.0,1.0,73007,M,4555849.0,626495.0,73
201800012822,18,5,30,1830,1,2,9,1.0,6.0,73255,M,4534828.0,630360.0,73
201800012823,18,6,21,1140,1,1,1,1.0,1.0,73231,M,4533127.0,628514.0,73
201800012824,18,9,11,1640,1,1,1,1.0,6.0,73230,M,4524534.0,617608.0,73
201800012825,18,11,21,1800,3,1,1,1.0,1.0,73053,M,4555806.0,628355.0,73
201800012826,18,12,2,1745,4,1,3,3.0,3.0,73007,M,4555874.0,626765.0,73
201800012827,18,1,11,750,2,1,1,2.0,6.0,64198,M,4335370.0,-49115.0,64
201800012828,18,1,12,1700,1,1,1,7.0,1.0,64399,M,4336860.0,-33368.0,64
201800012829,18,2,28,715,2,1,1,4.0,1.0,64142,M,4339060.0,-45912.0,64
201800012830,18,3,9,1830,2,2,3,3.0,3.0,64448,M,4335360.0,-46215.0,64
201800012831,18,3,12,2000,5,2,2,1.0,6.0,64519,M,4336870.0,-38018.0,64
201800012832,18,3,15,1415,1,1,1,1.0,1.0,64511,M,4336810.0,-40857.0,64
201800012833,18,4,24,1750,1,1,9,1.0,6.0,64519,M,4337100.0,-36732.0,64
201800012834,18,5,28,1610,1,1,1,2.0,7.0,64511,M,4340890.0,-36813.0,64
201800012835,18,7,21,2125,2,2,3,1.0,7.0,64549,M,4340430.0,-42529.0,64
201800012836,18,7,30,1045,1,1,1,1.0,6.0,64519,M,4337490.0,-38028.0,64
201800012837,18,9,2,2130,5,2,2,1.0,1.0,64519,M,4337770.0,-38035.0,64
201800012838,18,9,3,900,1,2,1,1.0,6.0,64060,M,4331770.0,-45470.0,64
201800012839,18,10,9,1914,5,2,1,1.0,7.0,64399,M,4337390.0,-35366.0,64
201800012840,18,10,23,1745,1,1,2,7.0,5.0,64037,M,4333740.0,-49970.0,64
201800012841,18,10,24,750,2,1,3,5.0,3.0,64519,M,4338470.0,-38048.0,64
201800012842,18,11,5,1900,3,1,1,3.0,6.0,64511,M,4341260.0,-36700.0,64
201800012843,18,12,10,915,1,2,1,1.0,5.0,64511,M,4340360.0,-36931.0,64
201800012844,18,12,19,1730,3,1,1,2.0,4.0,64060,M,4332935.0,-47942.0,64
201800012845,18,1,25,1645,1,2,3,1.0,3.0,64405,M,4334470.0,-26391.0,64
201800012846,18,2,10,944,1,2,1,1.0,1.0,64405,M,4333681.0,-27405.0,64
201800012847,18,4,6,715,2,2,3,1.0,3.0,64405,M,4332670.0,-29938.0,64
201800012848,18,4,20,820,1,1,2,1.0,3.0,64405,M,4334070.0,-25102.0,64
201800012849,18,4,22,930,1,1,1,1.0,6.0,64482,M,4335880.0,-23884.0,64
201800012850,18,5,17,2020,2,1,1,1.0,6.0,64152,M,4334390.0,-29394.0,64
201800012851,18,7,3,1315,1,1,1,1.0,1.0,64439,M,4328840.0,-26759.0,64
201800012852,18,7,13,1100,1,2,2,1.0,3.0,64331,M,4345240.0,-10976.0,64
201800012853,18,7,30,1553,1,2,1,1.0,6.0,64216,M,4324780.0,-17342.0,64
201800012854,18,8,3,1050,1,2,6,1.0,7.0,64526,M,4326450.0,-18315.0,64
201800012855,18,9,5,1145,1,2,1,1.0,6.0,64405,M,4333880.0,-27619.0,64
201800012856,18,9,12,1945,2,1,2,1.0,2.0,64238,M,4324700.0,-4664.0,64
201800012857,18,9,23,1900,1,1,1,1.0,6.0,64405,M,4335210.0,-25546.0,64
201800012858,18,10,12,1345,1,2,6,1.0,6.0,64526,M,4326450.0,-18910.0,64
201800012859,18,11,24,1500,1,2,3,1.0,2.0,64352,M,4328870.0,-15555.0,64
201800012860,18,12,30,1935,3,1,1,5.0,7.0,64238,M,4324660.0,-4225.0,64
201800012861,18,12,19,1805,5,2,1,1.0,6.0,64417,M,4318240.0,-24825.0,64
201800012862,18,1,10,1450,1,2,1,1.0,2.0,64386,M,4319770.0,-25458.0,64
201800012863,18,1,18,1016,1,1,1,1.0,6.0,64068,M,4313180.0,-27905.0,64
201800012864,18,3,14,1645,1,1,1,1.0,3.0,64148,M,4311680.0,-30190.0,64
201800012865,18,5,6,400,3,1,1,1.0,7.0,64023,M,4323370.0,-26275.0,64
201800012866,18,6,2,1450,1,2,6,1.0,3.0,64526,M,4326880.0,-19703.0,64
201800012867,18,8,23,100,4,2,1,1.0,6.0,64119,M,4321910.0,-23182.0,64
201800012868,18,9,15,1400,1,1,3,1.0,3.0,64270,M,4314060.0,-25313.0,64
201800012869,18,9,19,1516,1,2,6,1.0,2.0,64386,M,4318320.0,-24560.0,64
201800012870,18,9,19,1700,1,2,3,1.0,3.0,64417,M,4317980.0,-26162.0,64
201800012871,18,9,26,2130,4,2,1,1.0,6.0,64138,M,4323600.0,-28280.0,64
201800012872,18,10,20,1030,1,2,1,1.0,6.0,64417,M,4318140.0,-25212.0,64
201800012873,18,12,20,1220,1,2,3,1.0,3.0,64417,M,4318075.0,-26243.0,64
201800012874,18,3,10,1357,1,1,2,3.0,3.0,64457,M,4354532.0,-38954.0,64
201800012875,18,5,3,1840,1,1,1,2.0,1.0,64233,M,4357570.0,-27940.0,64
201800012876,18,6,17,925,1,1,2,1.0,3.0,64457,M,4354550.0,-38976.0,64
201800012877,18,8,11,1345,1,1,1,1.0,1.0,64415,M,4340970.0,-35841.0,64
201800012878,18,9,7,1230,1,1,3,1.0,3.0,64070,M,4343200.0,-31079.0,64
201800012879,18,9,13,415,3,1,1,1.0,6.0,64180,M,4356040.0,-24380.0,64
201800012880,18,10,23,1950,3,1,1,1.0,1.0,64203,M,4342430.0,-37212.0,64
201800012881,18,11,9,1845,3,1,1,1.0,6.0,64470,M,4339370.0,-31635.0,64
201800012882,18,12,7,655,3,1,1,1.0,6.0,64234,M,4351950.0,-47202.0,64
201800012883,18,1,14,1715,2,1,1,2.0,1.0,64094,M,4346910.0,-122567.0,64
201800012884,18,3,4,1640,1,2,1,1.0,3.0,64546,M,4348630.0,-129855.0,64
201800012885,18,3,25,1830,2,1,1,3.0,1.0,64094,M,4346910.0,-122567.0,64
201800012886,18,4,18,1940,1,1,3,1.0,1.0,64147,M,4346590.0,-130999.0,64
201800012887,18,4,21,1305,1,1,1,1.0,7.0,64094,M,4346910.0,-122567.0,64
201800012888,18,7,22,845,1,1,1,1.0,1.0,64256,M,4337900.0,-134677.0,64
201800012889,18,8,1,1345,1,1,1,1.0,7.0,64476,M,4334970.0,-123305.0,64
201800012890,18,8,9,1020,1,2,7,2.0,6.0,64094,M,4347490.0,-120342.0,64
201800012891,18,9,20,1440,1,1,1,1.0,1.0,64546,M,4349560.0,-126784.0,64
201800012892,18,9,22,1030,1,2,1,1.0,3.0,64256,M,4339230.0,-131484.0,64
201800012893,18,10,8,520,2,1,1,2.0,1.0,64256,M,4337530.0,-127768.0,64
201800012894,18,12,21,1850,5,2,1,1.0,3.0,64256,M,4338260.0,-131049.0,64
201800012895,18,4,24,1830,1,1,3,1.0,3.0,64495,M,4337560.0,-156316.0,64
201800012896,18,5,26,1720,1,1,1,1.0,1.0,64495,M,4338200.0,-161741.0,64
201800012897,18,6,3,1650,1,1,1,2.0,7.0,64495,M,4331810.0,-152505.0,64
201800012898,18,6,14,1625,1,1,1,1.0,7.0,64504,M,4332010.0,-155420.0,64
201800012899,18,8,5,1945,1,2,1,7.0,1.0,64065,M,4335030.0,-161827.0,64
201800012900,18,8,25,1445,1,1,1,1.0,3.0,64065,M,4333830.0,-165190.0,64
201800012901,18,9,26,1745,1,1,4,1.0,6.0,64504,M,4330970.0,-157225.0,64
201800012902,18,11,15,1225,1,1,1,1.0,5.0,64065,M,4335990.0,-163446.0,64
201800012903,18,1,15,750,1,2,3,2.0,1.0,64038,M,4345080.0,-152291.0,64
201800012904,18,1,16,1230,1,1,1,2.0,1.0,64014,M,4331650.0,-149015.0,64
201800012905,18,1,30,2113,5,2,1,1.0,6.0,64547,M,4339620.0,-146031.0,64
201800012906,18,3,3,1400,1,1,1,1.0,3.0,64014,M,4331620.0,-149080.0,64
201800012907,18,3,10,2200,3,1,1,1.0,6.0,64317,M,4338350.0,-144551.0,64
201800012908,18,4,6,815,1,2,1,7.0,2.0,64160,M,4336040.0,-138325.0,64
201800012909,18,4,7,900,1,2,7,2.0,6.0,64035,M,4342060.0,-154749.0,64
201800012910,18,4,15,730,2,2,1,1.0,6.0,64547,M,4340670.0,-147549.0,64
201800012911,18,4,19,1930,1,1,1,1.0,6.0,64279,M,4334470.0,-141760.0,64
201800012912,18,5,2,1415,1,2,9,1.0,1.0,64160,M,4335640.0,-140457.0,64
201800012913,18,5,5,1945,1,2,2,1.0,1.0,64160,M,4335880.0,-140527.0,64
201800012914,18,5,21,1215,1,1,1,1.0,7.0,64527,M,4333280.0,-148914.0,64
201800012915,18,7,13,1750,1,1,1,2.0,3.0,64279,M,4332760.0,-138673.0,64
201800012916,18,8,1,1800,1,2,1,1.0,3.0,64558,M,4342180.0,-141362.0,64
201800012917,18,8,19,440,3,1,1,1.0,6.0,64279,M,4333850.0,-140293.0,64
201800012918,18,8,27,1130,1,1,2,1.0,7.0,64527,M,4335910.0,-148757.0,64
201800012919,18,9,23,1500,1,1,3,1.0,7.0,64213,M,4334990.0,-143595.0,64
201800012920,18,10,15,1815,1,1,1,1.0,1.0,64547,M,4340770.0,-145096.0,64
201800012921,18,10,27,1140,1,2,2,8.0,1.0,64547,M,4340960.0,-149213.0,64
201800012922,18,11,3,1520,1,1,1,1.0,3.0,64014,M,4331610.0,-149098.0,64
201800012923,18,11,8,815,1,1,1,8.0,3.0,64282,M,4338890.0,-143416.0,64
201800012924,18,1,28,1700,1,1,1,1.0,7.0,64411,M,4320250.0,-97023.0,64
201800012925,18,1,29,1711,1,2,1,1.0,6.0,64559,M,4324180.0,-87625.0,64
201800012926,18,3,9,2245,3,1,1,2.0,6.0,64404,M,4309450.0,-80972.0,64
201800012927,18,3,29,1230,1,1,1,1.0,6.0,64411,M,4320480.0,-99742.0,64
201800012928,18,8,4,1205,1,1,1,1.0,1.0,64316,M,4301310.0,-96343.0,64
201800012929,18,9,15,930,1,2,6,1.0,3.0,64371,M,4323120.0,-87895.0,64
201800012930,18,11,17,1500,1,1,1,1.0,7.0,64404,M,4308180.0,-80310.0,64
201800012931,18,12,17,1730,2,2,9,8.0,3.0,64371,M,4322120.0,-88186.0,64
201800012932,18,3,28,500,3,1,1,1.0,6.0,64124,M,4326210.0,-132279.0,64
201800012933,18,4,28,430,3,2,1,3.0,6.0,64485,M,4316310.0,-123777.0,64
201800012934,18,5,21,1430,1,1,1,2.0,7.0,64379,M,4306410.0,-108874.0,64
201800012935,18,7,17,1615,1,1,1,1.0,6.0,64538,M,4313350.0,-126702.0,64
201800012936,18,7,19,2220,5,2,1,1.0,1.0,64477,M,4318350.0,-133369.0,64
201800012937,18,7,22,736,1,1,1,1.0,6.0,64490,M,4322230.0,-131342.0,64
201800012938,18,8,15,835,1,1,3,1.0,3.0,64274,M,4317520.0,-128725.0,64
201800012939,18,8,15,1929,1,1,1,1.0,7.0,64436,M,4326560.0,-132827.0,64
201800012940,18,8,15,830,1,1,1,1.0,3.0,64484,M,4317290.0,-118474.0,64
201800012941,18,8,21,1630,1,1,1,1.0,7.0,64218,M,4306090.0,-121384.0,64
201800012942,18,9,29,1130,1,1,1,1.0,7.0,64379,M,4308700.0,-110743.0,64
201800012943,18,10,29,1610,1,1,1,3.0,7.0,64538,M,4314010.0,-126170.0,64
201800012944,18,10,31,1455,1,1,1,2.0,6.0,64436,M,4324400.0,-130776.0,64
201800012945,18,12,22,749,3,1,1,1.0,1.0,64013,M,4321740.0,-117515.0,64
201800012946,18,6,10,730,1,1,1,1.0,7.0,64202,M,4331360.0,-98417.0,64
201800012947,18,8,3,1420,1,1,1,1.0,1.0,64106,M,4331990.0,-101488.0,64
201800012948,18,8,14,1615,1,2,1,1.0,6.0,64018,M,4332820.0,-104014.0,64
201800012949,18,11,2,1900,3,1,2,9.0,3.0,64368,M,4338980.0,-109736.0,64
201800012950,18,4,1,1630,1,1,1,1.0,7.0,64064,M,4310970.0,-63264.0,64
201800012951,18,5,20,1620,1,1,1,1.0,7.0,64185,M,4293630.0,-58976.0,64
201800012952,18,5,25,1645,1,1,1,1.0,7.0,64029,M,4312930.0,-71941.0,64
201800012953,18,11,1,1230,1,2,1,2.0,6.0,64104,M,4299730.0,-60132.0,64
201800012954,18,11,11,1100,1,1,1,1.0,6.0,64542,M,4284000.0,-55730.0,64
201800012955,18,12,3,1715,2,1,1,2.0,1.0,64136,M,4288930.0,-56325.0,64
201800012956,18,8,2,1845,1,1,1,1.0,1.0,64127,M,4304360.0,-42553.0,64
201800012957,18,8,19,1210,1,1,1,1.0,3.0,64204,M,4296850.0,-36966.0,64
201800012958,18,8,20,2325,3,1,1,1.0,7.0,64463,M,4314800.0,-40323.0,64
201800012959,18,10,3,1130,1,1,1,1.0,3.0,64320,M,4282090.0,-40533.0,64
201800012960,18,10,21,2100,5,2,1,1.0,7.0,64463,M,4316090.0,-39634.0,64
201800012961,18,11,27,1530,1,1,1,1.0,7.0,64175,M,4306340.0,-38064.0,64
201800012962,18,7,28,1050,1,1,1,8.0,3.0,64253,M,4328410.0,-74818.0,64
201800012963,18,9,8,1500,1,1,1,1.0,6.0,64458,M,4326060.0,-72231.0,64
201800012964,18,9,28,1925,2,1,1,1.0,6.0,64393,M,4326210.0,-55527.0,64
201800012965,18,12,22,1900,3,1,1,1.0,6.0,64032,M,4336220.0,-81698.0,64
201800012966,18,2,5,2000,3,1,6,2.0,6.0,64096,M,4338690.0,-90919.0,64
201800012967,18,9,23,1230,1,1,1,1.0,1.0,64499,M,4344910.0,-89650.0,64
201800012968,18,11,16,1915,3,1,1,1.0,1.0,64531,M,4336180.0,-90490.0,64
201800012969,18,11,29,1645,1,1,1,1.0,6.0,64108,M,4350390.0,-92263.0,64
201800012970,18,12,21,1630,1,1,1,1.0,3.0,64096,M,4338660.0,-90827.0,64
201800012971,18,1,12,1215,1,2,1,1.0,7.0,45130,M,4780145.0,172082.0,45
201800012972,18,2,18,130,3,2,1,5.0,6.0,45196,M,4785289.0,177278.0,45
201800012973,18,3,30,840,1,1,1,8.0,1.0,45019,M,4785194.0,162352.0,45
201800012974,18,4,23,815,1,2,1,1.0,6.0,45081,M,4792854.0,157609.0,45
201800012975,18,4,22,1845,1,2,1,1.0,6.0,45167,M,4789166.0,172473.0,45
201800012976,18,5,3,1920,2,1,1,7.0,1.0,45282,M,4785077.0,182850.0,45
201800012977,18,7,10,2320,5,2,1,1.0,1.0,45269,M,4786905.0,178168.0,45
201800012978,18,9,29,1810,1,1,1,1.0,6.0,45098,M,4782377.0,174846.0,45
201800012979,18,12,21,220,5,1,6,3.0,6.0,45130,M,4779052.0,171662.0,45
201800012980,18,1,2,900,1,1,1,1.0,5.0,45272,M,4786299.0,194799.0,45
201800012981,18,1,13,1300,1,1,1,1.0,6.0,45146,M,4772032.0,189766.0,45
201800012982,18,2,2,1920,3,1,1,1.0,2.0,45182,M,4768904.0,178473.0,45
201800012983,18,1,12,1605,1,1,1,2.0,1.0,45272,M,4785480.0,194603.0,45
201800012984,18,3,29,1000,1,1,1,1.0,7.0,45146,M,4767440.0,196965.0,45
201800012985,18,4,19,820,1,1,3,7.0,1.0,45193,M,4780472.0,208446.0,45
201800012986,18,5,22,1645,1,2,6,2.0,7.0,45175,M,4774945.0,181238.0,45
201800012987,18,5,31,1735,1,1,1,1.0,1.0,45006,M,4778941.0,186793.0,45
201800012988,18,6,27,1745,1,1,1,1.0,7.0,45300,M,4781661.0,204294.0,45
201800012989,18,6,25,650,1,1,1,1.0,7.0,45300,M,4781358.0,202369.0,45
201800012990,18,7,16,445,2,1,1,1.0,6.0,45309,M,4770155.0,213293.0,45
201800012991,18,7,24,1020,1,1,1,1.0,2.0,45146,M,4771935.0,189843.0,45
201800012992,18,9,12,451,3,1,2,1.0,3.0,45272,M,4784365.0,198578.0,45
201800012993,18,9,16,630,2,1,1,1.0,6.0,45182,M,4768294.0,179138.0,45
201800012994,18,10,9,1540,1,1,1,1.0,6.0,45182,M,4768864.0,178458.0,45
201800012995,18,10,22,1745,1,2,1,1.0,6.0,45300,M,4783748.0,203549.0,45
201800012996,18,10,27,2130,3,1,1,2.0,6.0,45175,M,4777833.0,177673.0,45
201800012997,18,10,31,1645,1,1,1,2.0,7.0,45175,M,4774762.0,180844.0,45
201800012998,18,10,29,805,2,1,1,2.0,6.0,45309,M,4769012.0,216974.0,45
201800012999,18,11,5,825,1,2,1,1.0,7.0,45300,M,4785225.0,201067.0,45
201800013000,18,11,12,1720,5,2,1,2.0,2.0,45146,M,4772605.0,193986.0,45
201800013001,18,11,23,1010,1,1,2,1.0,3.0,45272,M,4776709.0,195426.0,45
201800013002,18,11,24,355,3,1,1,1.0,7.0,45300,M,4782185.0,204338.0,45
201800013003,18,1,23,921,1,1,1,1.0,1.0,45059,M,4793218.0,175003.0,45
201800013004,18,3,3,1545,1,1,1,1.0,6.0,45337,M,4800268.0,156233.0,45
201800013005,18,5,8,1945,1,1,1,1.0,7.0,45099,M,4802552.0,173929.0,45
201800013006,18,6,21,1545,1,1,1,1.0,7.0,45093,M,4803826.0,185162.0,45
201800013007,18,9,30,1500,1,1,1,1.0,2.0,45296,M,4800105.0,169504.0,45
201800013008,18,12,4,759,2,2,1,1.0,3.0,45313,M,4805021.0,181587.0,45
201800013009,18,1,3,1820,3,1,1,2.0,1.0,45053,M,4764863.0,274171.0,45
201800013010,18,3,11,1630,1,1,1,1.0,6.0,45053,M,4760358.0,276458.0,45
201800013011,18,4,6,530,3,1,1,1.0,7.0,45276,M,4762253.0,273391.0,45
201800013012,18,4,8,30,3,1,1,1.0,7.0,45245,M,4768747.0,279408.0,45
201800013013,18,5,18,645,1,1,9,1.0,7.0,45053,M,4763864.0,275243.0,45
201800013014,18,6,4,1630,1,2,1,1.0,6.0,45029,M,4754443.0,281353.0,45
201800013015,18,6,19,720,1,1,1,1.0,3.0,45029,M,4755039.0,280245.0,45
201800013016,18,6,20,1612,1,1,2,1.0,3.0,45040,M,4758361.0,284628.0,45
201800013017,18,7,14,255,3,1,1,1.0,1.0,45323,M,4757303.0,288150.0,45
201800013018,18,10,6,2225,3,1,1,8.0,6.0,45276,M,4763000.0,272755.0,45
201800013019,18,12,16,1645,2,1,1,2.0,1.0,45053,M,4760618.0,278053.0,45
201800013020,18,1,31,1754,4,1,1,3.0,6.0,45281,M,4804070.0,303311.0,45
201800013021,18,2,3,300,3,1,1,9.0,6.0,45115,M,4799608.0,302662.0,45
201800013022,18,3,21,716,2,1,1,1.0,1.0,45113,M,4802646.0,294039.0,45
201800013023,18,4,28,1400,1,1,1,1.0,7.0,45281,M,4803514.0,301111.0,45
201800013024,18,6,24,1830,1,1,1,1.0,1.0,45129,M,4794546.0,303527.0,45
201800013025,18,6,28,953,1,1,1,1.0,5.0,45306,M,4802015.0,289489.0,45
201800013026,18,7,17,450,3,1,1,1.0,7.0,45329,M,4794952.0,298834.0,45
201800013027,18,9,2,1120,1,1,2,1.0,3.0,45165,M,4793008.0,285290.0,45
201800013028,18,10,11,1415,1,1,1,1.0,7.0,45265,M,4812920.0,294004.0,45
201800013029,18,12,2,400,5,2,4,2.0,6.0,45115,M,4804086.0,306268.0,45
201800013030,18,11,30,2330,3,1,1,2.0,6.0,45129,M,4794586.0,303350.0,45
201800013031,18,12,2,2000,3,1,1,3.0,6.0,45165,M,4794660.0,285361.0,45
201800013032,18,3,31,1615,1,1,1,1.0,1.0,45148,M,4811622.0,276972.0,45
201800013033,18,6,17,730,1,1,2,1.0,3.0,45091,M,4812055.0,286936.0,45
201800013034,18,8,2,1030,1,1,4,1.0,1.0,45145,M,4807952.0,278472.0,45
201800013035,18,11,18,240,3,1,1,1.0,7.0,45127,M,4815724.0,280241.0,45
201800013036,18,11,21,330,3,2,1,8.0,6.0,45061,M,4803903.0,274211.0,45
201800013037,18,2,22,1855,3,1,1,1.0,2.0,45233,M,4820278.0,243816.0,45
201800013038,18,7,31,1700,1,2,1,8.0,6.0,45030,M,4806777.0,242781.0,45
201800013039,18,10,8,1716,1,2,3,1.0,3.0,45030,M,4806957.0,245116.0,45
201800013040,18,12,2,2000,3,1,1,2.0,6.0,45021,M,4810289.0,240466.0,45
201800013041,18,3,9,2055,3,1,1,1.0,7.0,45093,M,4800846.0,195367.0,45
201800013042,18,3,21,1319,1,2,1,1.0,1.0,45188,M,4799902.0,209002.0,45
201800013043,18,5,7,1830,1,1,3,1.0,3.0,45080,M,4825673.0,210046.0,45
201800013044,18,5,17,630,2,2,1,1.0,6.0,45015,M,4827699.0,210202.0,45
201800013045,18,6,20,1835,1,1,1,1.0,7.0,45088,M,4817136.0,196963.0,45
201800013046,18,7,13,2130,3,1,1,1.0,6.0,45347,M,4808143.0,225527.0,45
201800013047,18,10,16,940,1,1,3,1.0,5.0,45095,M,4807046.0,211512.0,45
201800013048,18,10,31,1820,5,2,1,2.0,3.0,45111,M,4806408.0,221023.0,45
201800013049,18,12,25,110,3,2,1,1.0,6.0,45347,M,4807791.0,223117.0,45
201800013050,18,1,27,750,2,1,1,1.0,7.0,60103,M,4942630.0,224047.0,60
201800013051,18,1,25,830,2,1,1,8.0,1.0,60103,M,4941816.0,224455.0,60
201800013052,18,1,26,750,1,1,1,1.0,4.0,60480,M,4949991.0,216231.0,60
201800013053,18,2,17,300,5,2,1,1.0,6.0,60609,M,4946287.0,197286.0,60
201800013054,18,2,19,1520,1,2,9,1.0,6.0,60009,M,4940749.0,211777.0,60
201800013055,18,3,5,2025,3,1,3,1.0,5.0,60542,M,4940765.0,217665.0,60
201800013056,18,4,8,1800,1,2,2,1.0,3.0,60041,M,4938412.0,222082.0,60
201800013057,18,5,15,1235,1,1,1,1.0,3.0,60668,M,4950496.0,205999.0,60
201800013058,18,5,23,1026,1,1,3,1.0,7.0,60277,M,4942516.0,202250.0,60
201800013059,18,6,23,2015,2,2,4,1.0,6.0,60302,M,4948761.0,224546.0,60
201800013060,18,6,27,1200,1,1,1,1.0,6.0,60703,M,4940660.0,205157.0,60
201800013061,18,7,17,2100,2,2,1,1.0,6.0,60277,M,4943158.0,204504.0,60
201800013062,18,8,6,739,1,2,1,1.0,3.0,60542,M,4940286.0,218783.0,60
201800013063,18,8,18,1605,1,1,6,1.0,7.0,60103,M,4941227.0,222971.0,60
201800013064,18,8,25,2030,1,1,1,1.0,2.0,60243,M,4949591.0,215783.0,60
201800013065,18,9,16,1410,1,1,1,1.0,7.0,60628,M,4942002.0,213078.0,60
201800013066,18,10,3,920,1,1,6,1.0,3.0,60009,M,4940054.0,213200.0,60
201800013067,18,10,12,1430,1,2,1,1.0,7.0,60251,M,4945844.0,221244.0,60
201800013068,18,10,21,745,2,1,1,5.0,7.0,60290,M,4947680.0,211930.0,60
201800013069,18,10,26,1945,3,1,6,2.0,3.0,60009,M,4940064.0,213124.0,60
201800013070,18,10,31,1650,2,1,1,2.0,2.0,60628,M,4942278.0,215101.0,60
201800013071,18,11,12,1815,3,1,1,2.0,7.0,60668,M,4951541.0,207059.0,60
201800013072,18,12,12,740,2,1,2,5.0,2.0,60668,M,4950380.0,208648.0,60
201800013073,18,12,15,1530,1,1,1,2.0,6.0,60009,M,4941484.0,214465.0,60
201800013074,18,12,18,1720,5,2,3,1.0,6.0,60041,M,4938416.0,222084.0,60
201800013075,18,12,22,1645,5,2,6,8.0,6.0,60639,M,4945395.0,209925.0,60
201800013076,18,3,13,1605,1,2,2,1.0,3.0,60344,M,4939309.0,189025.0,60
201800013077,18,5,5,1815,1,1,1,7.0,6.0,60030,M,4936503.0,210532.0,60
201800013078,18,5,9,2025,1,1,6,1.0,7.0,60583,M,4939525.0,201731.0,60
201800013079,18,5,17,1730,1,2,1,1.0,6.0,60567,M,4942260.0,187929.0,60
201800013080,18,7,7,1515,1,1,4,1.0,6.0,60591,M,4942027.0,201213.0,60
201800013081,18,7,14,2252,3,2,1,1.0,1.0,60030,M,4934859.0,209674.0,60
201800013082,18,9,29,1620,1,1,1,1.0,1.0,60054,M,4934369.0,195877.0,60
201800013083,18,10,3,1330,1,1,2,1.0,3.0,60063,M,4935357.0,203991.0,60
201800013084,18,10,19,1930,5,2,3,1.0,6.0,60477,M,4941520.0,192340.0,60
201800013085,18,10,31,750,1,2,4,1.0,1.0,60073,M,4946295.0,185478.0,60
201800013086,18,11,1,540,3,1,1,2.0,3.0,60583,M,4939660.0,199674.0,60
201800013087,18,12,6,1545,1,2,1,1.0,1.0,60477,M,4941748.0,193815.0,60
201800013088,18,12,9,130,3,1,1,2.0,5.0,60030,M,4935863.0,210172.0,60
201800013089,18,12,15,1630,2,1,1,4.0,1.0,60652,M,4930330.0,207588.0,60
201800013090,18,1,14,1455,1,1,2,1.0,3.0,60288,M,4955692.0,189182.0,60
201800013091,18,1,15,1219,1,2,3,2.0,2.0,60403,M,4949755.0,199958.0,60
201800013092,18,2,18,1900,3,1,1,2.0,6.0,60244,M,4957016.0,176766.0,60
201800013093,18,3,3,1420,1,1,1,1.0,7.0,60623,M,4954889.0,186486.0,60
201800013094,18,4,14,1358,1,2,1,1.0,1.0,60588,M,4962708.0,189829.0,60
201800013095,18,5,18,1540,1,1,1,1.0,4.0,60403,M,4949608.0,201126.0,60
201800013096,18,5,21,1900,1,1,2,1.0,2.0,60242,M,4959124.0,193930.0,60
201800013097,18,7,3,2108,1,2,1,1.0,6.0,60128,M,4960609.0,170642.0,60
201800013098,18,7,14,2050,2,1,1,1.0,7.0,60699,M,4952169.0,184383.0,60
201800013099,18,8,29,1704,1,1,2,1.0,3.0,60387,M,4956379.0,194407.0,60
201800013100,18,9,7,1730,1,1,1,1.0,1.0,60623,M,4956526.0,185554.0,60
201800013101,18,11,3,845,2,1,1,7.0,6.0,60051,M,4967345.0,203790.0,60
201800013102,18,11,15,1426,1,1,1,5.0,2.0,60286,M,4966704.0,193876.0,60
201800013103,18,12,10,1750,5,1,3,1.0,2.0,60217,M,4955090.0,179932.0,60
201800013104,18,3,3,1719,1,1,1,2.0,7.0,60074,M,4923070.0,234074.0,60
201800013105,18,3,4,1740,1,2,1,1.0,1.0,60044,M,4930142.0,233211.0,60
201800013106,18,3,18,917,1,2,1,4.0,6.0,60513,M,4920265.0,237431.0,60
201800013107,18,3,28,45,3,1,1,1.0,7.0,60155,M,4924355.0,232479.0,60
201800013108,18,4,21,1925,2,1,2,1.0,3.0,60686,M,4920568.0,238876.0,60
201800013109,18,4,25,935,1,2,3,1.0,3.0,60185,M,4921105.0,232656.0,60
201800013110,18,5,28,2100,3,2,1,3.0,1.0,60584,M,4922297.0,242854.0,60
201800013111,18,9,30,2030,5,2,6,1.0,7.0,60513,M,4920318.0,237346.0,60