Num_Acc,an,mois,jour,hrmn,lum,agg,int,atm,col,com,gps,lat,long,dep
201800013112,18,10,16,715,3,2,3,1.0,6.0,60155,M,4927254.0,236007.0,60
201800013113,18,11,4,2000,3,1,1,1.0,2.0,60155,M,4926128.0,233899.0,60
201800013114,18,2,1,1945,5,2,3,1.0,6.0,60104,M,4963493.0,230125.0,60
201800013115,18,2,5,1830,3,1,1,1.0,1.0,60615,M,4963664.0,243455.0,60
201800013116,18,4,7,130,5,2,1,1.0,6.0,60518,M,4958181.0,219539.0,60
201800013117,18,6,8,2315,3,1,1,1.0,1.0,60146,M,4960735.0,237087.0,60
201800013118,18,7,15,1855,1,2,1,1.0,6.0,60104,M,4962511.0,229356.0,60
201800013119,18,10,18,1815,1,1,2,1.0,2.0,60253,M,4958645.0,213931.0,60
201800013120,18,10,30,1830,2,1,1,1.0,6.0,60573,M,4955969.0,224800.0,60
201800013121,18,12,22,340,5,2,1,1.0,6.0,60104,M,4963611.0,229032.0,60
201800013122,18,12,23,700,3,1,2,3.0,3.0,60336,M,4957404.0,218254.0,60
201800013123,18,1,10,1910,3,1,1,1.0,7.0,60268,M,4958252.0,242400.0,60
201800013124,18,4,22,715,1,2,1,1.0,6.0,60498,M,4950472.0,243987.0,60
201800013125,18,4,28,2255,3,1,1,1.0,1.0,60374,M,4955635.0,253698.0,60
201800013126,18,5,22,2135,2,2,1,1.0,7.0,60581,M,4950020.0,243348.0,60
201800013127,18,6,22,1745,1,2,1,1.0,6.0,60581,M,4949988.0,243903.0,60
201800013128,18,6,28,1635,1,1,1,1.0,3.0,60133,M,4954659.0,238836.0,60
201800013129,18,7,3,1450,1,2,9,1.0,6.0,60581,M,4950560.0,243091.0,60
201800013130,18,7,6,1910,1,1,1,1.0,1.0,60701,M,4955118.0,235896.0,60
201800013131,18,9,9,1340,1,1,2,1.0,3.0,60040,M,4941497.0,260033.0,60
201800013132,18,9,30,545,3,1,1,1.0,6.0,60581,M,4949558.0,244310.0,60
201800013133,18,10,6,45,3,1,1,1.0,7.0,60581,M,4950943.0,240940.0,60
201800013134,18,10,12,1445,1,1,2,1.0,3.0,60643,M,4956912.0,258292.0,60
201800013135,18,11,6,1515,1,1,1,7.0,2.0,60495,M,4951852.0,244364.0,60
201800013136,18,11,20,1926,5,2,1,4.0,6.0,60581,M,4950927.0,244024.0,60
201800013137,18,12,10,2000,3,1,1,2.0,7.0,60036,M,4944475.0,260109.0,60
201800013138,18,12,14,2100,5,2,1,1.0,6.0,60276,M,4958453.0,255383.0,60
201800013139,18,1,30,2045,5,1,1,2.0,1.0,60156,M,4943825.0,283324.0,60
201800013140,18,2,10,1000,1,2,1,1.0,7.0,60636,M,4947553.0,288138.0,60
201800013141,18,2,10,1105,1,2,1,1.0,7.0,60188,M,4940434.0,300979.0,60
201800013142,18,3,11,445,5,2,3,3.0,1.0,60636,M,4947510.0,288190.0,60
201800013143,18,4,16,1950,2,1,1,1.0,6.0,60273,M,4947302.0,283455.0,60
201800013144,18,5,17,615,2,2,2,1.0,1.0,60324,M,4939814.0,304538.0,60
201800013145,18,6,19,600,1,2,1,1.0,3.0,60324,M,4939669.0,306931.0,60
201800013146,18,9,18,715,2,2,1,1.0,3.0,60188,M,4940386.0,300063.0,60
201800013147,18,10,12,1000,1,1,2,1.0,3.0,60150,M,4952940.0,298422.0,60
201800013148,18,12,14,1828,3,1,1,1.0,1.0,60423,M,4949730.0,291176.0,60
201800013149,18,12,19,1815,5,1,1,2.0,6.0,60537,M,4951850.0,292540.0,60
201800013150,18,5,5,1220,1,2,1,1.0,3.0,60506,M,4956936.0,298852.0,60
201800013151,18,6,15,1900,1,2,3,1.0,6.0,60348,M,4957179.0,296532.0,60
201800013152,18,8,5,1415,1,1,1,1.0,6.0,60011,M,4964766.0,281830.0,60
201800013153,18,8,21,1645,1,1,1,1.0,7.0,60206,M,4952753.0,281718.0,60
201800013154,18,9,7,1630,1,1,1,1.0,2.0,60431,M,4956600.0,302645.0,60
201800013155,18,10,11,1330,1,1,1,1.0,1.0,60389,M,4962836.0,307165.0,60
201800013156,18,10,15,1215,1,1,1,1.0,2.0,60471,M,4960518.0,301517.0,60
201800013157,18,10,18,1754,1,2,1,1.0,2.0,60471,M,4957061.0,298318.0,60
201800013158,18,10,20,725,3,1,1,5.0,1.0,60625,M,4958149.0,294671.0,60
201800013159,18,10,31,810,1,1,2,1.0,3.0,60124,M,4963778.0,290558.0,60
201800013160,18,11,4,1800,5,2,1,1.0,3.0,60340,M,4961069.0,290830.0,60
201800013161,18,11,20,1850,5,2,6,2.0,6.0,60471,M,4957870.0,300489.0,60
201800013162,18,11,22,1745,5,2,9,8.0,1.0,60471,M,4957419.0,298791.0,60
201800013163,18,11,26,1015,1,1,1,2.0,1.0,60348,M,4957155.0,295356.0,60
201800013164,18,12,27,1315,1,1,1,5.0,7.0,60617,M,4962562.0,293927.0,60
201800013165,18,1,14,1620,1,1,2,1.0,3.0,60024,M,4940315.0,267590.0,60
201800013166,18,6,21,1200,1,1,2,1.0,3.0,60160,M,4960254.0,272030.0,60
201800013167,18,6,22,840,1,1,6,1.0,3.0,60284,M,4937755.0,266335.0,60
201800013168,18,7,13,28,4,2,1,1.0,6.0,60531,M,4943452.0,270300.0,60
201800013169,18,4,14,1145,1,1,1,1.0,1.0,60509,M,4930367.0,261222.0,60
201800013170,18,4,24,2035,1,2,3,1.0,3.0,60509,M,4930825.0,260048.0,60
201800013171,18,5,4,1115,1,2,1,1.0,6.0,60509,M,4929503.0,260473.0,60
201800013172,18,5,26,1225,1,1,1,1.0,6.0,60670,M,4927317.0,253450.0,60
201800013173,18,6,7,2355,3,1,1,1.0,1.0,60067,M,4929170.0,283620.0,60
201800013174,18,6,24,605,2,1,6,1.0,6.0,60509,M,4932405.0,260404.0,60
201800013175,18,9,15,1450,1,2,3,1.0,3.0,60670,M,4927353.0,251167.0,60
201800013176,18,11,10,1040,1,2,1,2.0,6.0,60670,M,4927210.0,252034.0,60
201800013177,18,11,27,1850,5,2,1,2.0,6.0,60509,M,4929664.0,260453.0,60
201800013178,18,12,6,1900,5,2,1,1.0,6.0,60509,M,4930083.0,260081.0,60
201800013179,18,6,16,1530,1,1,1,1.0,5.0,09004,M,4277624.0,169669.0,09
201800013180,18,7,13,1640,1,2,1,1.0,6.0,09296,M,4279909.0,166109.0,09
201800013181,18,7,27,1515,1,1,1,7.0,1.0,09189,M,4261636.0,181995.0,09
201800013182,18,10,21,1330,1,1,1,1.0,1.0,09189,M,4268197.0,182842.0,09
201800013183,18,10,21,1210,1,1,1,1.0,7.0,09189,M,4261105.0,181934.0,09
201800013184,18,1,9,1845,3,1,1,1.0,3.0,09312,M,4309421.0,167097.0,09
201800013185,18,1,11,1840,3,1,1,2.0,1.0,09245,M,4305420.0,159532.0,09
201800013186,18,2,6,1740,1,1,1,1.0,1.0,09332,M,4308665.0,166684.0,09
201800013187,18,3,1,1920,5,2,1,1.0,6.0,09265,M,4308583.0,162960.0,09
201800013188,18,7,4,1940,1,2,1,1.0,3.0,09264,M,4303306.0,162027.0,09
201800013189,18,8,5,1630,1,1,1,1.0,1.0,09238,M,4309240.0,170545.0,09
201800013190,18,8,12,1730,1,2,1,1.0,1.0,09173,M,4303853.0,153727.0,09
201800013191,18,9,20,1720,1,1,1,1.0,1.0,09138,M,4297482.0,168777.0,09
201800013192,18,9,23,1445,1,1,1,1.0,7.0,09284,M,4303638.0,170045.0,09
201800013193,18,11,7,430,3,1,1,1.0,7.0,09245,M,4305415.0,158545.0,09
201800013194,18,11,29,1605,1,1,1,1.0,6.0,09324,M,4305983.0,163589.0,09
201800013195,18,12,16,2200,3,1,1,3.0,1.0,09312,M,4310135.0,163691.0,09
201800013196,18,1,11,1000,1,1,1,2.0,1.0,09182,M,4288949.0,138088.0,09
201800013197,18,4,8,230,3,1,1,1.0,6.0,09235,M,4303709.0,106585.0,09
201800013198,18,1,1,1520,1,1,1,1.0,1.0,83025,M,4351400.0,598158.0,83
201800013199,18,1,25,1900,5,2,1,2.0,1.0,83032,M,4347164.0,617563.0,83
201800013200,18,3,5,1225,1,1,1,2.0,7.0,83012,M,4355099.0,600427.0,83
201800013201,18,3,17,1300,1,1,1,1.0,4.0,83084,M,4364845.0,603754.0,83
201800013202,18,3,29,1115,1,1,1,2.0,1.0,83025,M,4352629.0,597660.0,83
201800013203,18,4,2,1630,1,1,1,1.0,6.0,83135,M,4360238.0,605981.0,83
201800013204,18,4,21,1930,1,1,3,1.0,1.0,83051,M,4348004.0,626718.0,83
201800013205,18,5,27,1805,1,1,1,1.0,3.0,83083,M,4347070.0,611472.0,83
201800013206,18,5,28,1730,1,1,1,2.0,6.0,83012,M,4354766.0,599595.0,83
201800013207,18,8,14,1435,1,1,1,1.0,6.0,83135,M,4359382.0,600027.0,83
201800013208,18,9,4,1645,1,1,3,1.0,1.0,83046,M,4351048.0,615970.0,83
201800013209,18,9,7,1830,1,1,1,1.0,3.0,83095,M,4355615.0,611030.0,83
201800013210,18,9,8,1750,1,1,1,1.0,7.0,83084,M,4364715.0,608848.0,83
201800013211,18,9,21,630,2,1,1,1.0,3.0,83032,M,4347027.0,617104.0,83
201800013212,18,10,18,1550,1,1,3,1.0,5.0,83083,M,4347985.0,613612.0,83
201800013213,18,10,31,1830,3,1,1,3.0,7.0,83072,M,4349070.0,629211.0,83
201800013214,18,11,12,1120,1,1,1,2.0,4.0,83032,M,4347947.0,616341.0,83
201800013215,18,11,22,840,1,1,1,1.0,1.0,83095,M,4356551.0,604205.0,83
201800013216,18,2,6,2130,3,1,1,1.0,6.0,83078,M,4365441.0,616997.0,83
201800013217,18,6,20,1230,1,1,1,1.0,7.0,83122,M,4374415.0,622340.0,83
201800013218,18,8,16,1650,1,1,1,7.0,3.0,83122,M,4377386.0,621842.0,83
201800013219,18,1,23,1055,1,2,1,1.0,6.0,83028,M,4356394.0,656678.0,83
201800013220,18,2,16,1636,1,1,3,1.0,3.0,83056,M,4357808.0,648937.0,83
201800013221,18,4,1,1620,1,1,1,1.0,1.0,83011,M,4363008.0,655762.0,83
201800013222,18,5,12,1040,1,1,1,1.0,7.0,83056,M,4355734.0,651870.0,83
201800013223,18,5,31,1655,1,1,1,1.0,6.0,83028,M,4354288.0,657538.0,83
201800013224,18,6,3,1010,1,1,1,1.0,1.0,83082,M,4364861.0,647490.0,83
201800013225,18,7,2,1905,1,1,1,1.0,5.0,83056,M,4356666.0,650753.0,83
201800013226,18,9,14,2040,3,1,1,1.0,1.0,83041,M,4360027.0,655363.0,83
201800013227,18,9,24,1410,1,1,1,1.0,3.0,83028,M,4357220.0,654314.0,83
201800013228,18,3,24,1250,1,1,1,1.0,6.0,90037,M,4768113.0,686731.0,90
201800013229,18,5,28,820,1,1,1,1.0,3.0,90007,M,4759432.0,680255.0,90
201800013230,18,9,18,720,2,1,1,7.0,1.0,90007,M,4759270.0,679971.0,90
201800013231,18,12,17,907,1,1,9,2.0,1.0,90007,M,4759456.0,680276.0,90
201800013232,18,2,17,2030,3,1,1,4.0,6.0,90028,M,4751659.0,707360.0,90
201800013233,18,4,15,530,3,1,1,1.0,6.0,90045,M,4750621.0,695741.0,90
201800013234,18,4,21,1440,1,1,1,1.0,7.0,90105,M,4745027.0,698577.0,90
201800013235,18,6,28,1130,1,1,1,1.0,6.0,90033,M,4750758.0,697963.0,90
201800013236,18,7,18,730,1,1,1,1.0,6.0,90046,M,4754325.0,706125.0,90
201800013237,18,4,14,1800,1,1,1,1.0,7.0,90089,M,4771852.0,694128.0,90
201800013238,18,4,29,210,3,1,1,1.0,7.0,90037,M,4769832.0,687374.0,90
201800013239,18,5,7,1855,1,1,1,1.0,6.0,90065,M,4780213.0,684359.0,90
201800013240,18,6,3,1225,1,1,1,1.0,7.0,90062,M,4767026.0,697931.0,90
201800013241,18,6,3,1315,1,1,1,1.0,7.0,90065,M,4779943.0,683943.0,90
201800013242,18,6,26,1145,1,1,1,1.0,7.0,90054,M,4772160.0,687295.0,90
201800013243,18,7,14,1640,1,1,1,1.0,2.0,90065,M,4780314.0,684082.0,90
201800013244,18,8,14,1910,1,2,3,1.0,5.0,90016,M,4770043.0,694712.0,90
201800013245,18,8,29,920,1,2,1,1.0,7.0,90003,M,4770057.0,693308.0,90
201800013246,18,10,10,1615,1,1,1,1.0,7.0,90065,M,4780188.0,684347.0,90
201800013247,18,11,3,1245,1,1,9,1.0,7.0,90065,M,4779721.0,683921.0,90
201800013248,18,1,15,2010,4,2,4,2.0,1.0,90045,M,4750580.0,695405.0,90
201800013249,18,6,30,2245,5,2,1,1.0,3.0,90045,M,4750825.0,695656.0,90
201800013250,18,10,2,845,1,1,1,1.0,6.0,90017,M,4756498.0,691438.0,90
201800013251,18,1,11,1640,1,2,1,1.0,7.0,50110,M,4919368.0,-93697.0,50
201800013252,18,1,17,2200,3,1,1,3.0,6.0,50538,M,4913057.0,-99024.0,50
201800013253,18,2,13,1120,1,2,1,2.0,6.0,50455,M,4919246.0,-102901.0,50
201800013254,18,2,17,855,1,1,1,1.0,6.0,50239,M,4911760.0,-116240.0,50
201800013255,18,3,9,2000,3,1,1,8.0,3.0,50302,M,4909825.0,-120770.0,50
201800013256,18,3,16,1515,1,2,1,1.0,1.0,50239,M,4912652.0,-117017.0,50
201800013257,18,4,16,1405,1,1,6,1.0,3.0,50468,M,4921970.0,-112348.0,50
201800013258,18,6,15,1725,1,2,1,1.0,3.0,50216,M,4923789.0,-120053.0,50
201800013259,18,7,1,1300,1,1,1,1.0,7.0,50216,M,4923790.0,-120223.0,50
201800013260,18,7,13,1000,1,1,1,1.0,6.0,50239,M,4915573.0,-122503.0,50
201800013261,18,10,30,1030,1,2,1,1.0,6.0,50356,M,4921067.0,-104280.0,50
201800013262,18,11,18,1815,3,1,2,1.0,5.0,50239,M,4914933.0,-122771.0,50
201800013263,18,11,21,1310,1,1,3,1.0,3.0,50216,M,4924913.0,-120305.0,50
201800013264,18,12,17,2100,3,1,2,1.0,3.0,50446,M,4913145.0,-102008.0,50
201800013265,18,1,29,2110,3,1,1,5.0,7.0,50144,M,4877425.0,-107597.0,50
201800013266,18,2,19,1135,1,1,2,2.0,3.0,50628,M,4871849.0,-122723.0,50
201800013267,18,3,11,1104,1,1,2,1.0,1.0,50453,M,4884595.0,-120272.0,50
201800013268,18,3,23,1645,1,1,2,2.0,7.0,50453,M,4881726.0,-119667.0,50
201800013269,18,3,30,1335,1,1,1,2.0,7.0,50275,M,4875794.0,-116034.0,50
201800013270,18,5,5,1135,1,2,2,1.0,3.0,50185,M,4884474.0,-127706.0,50
201800013271,18,5,27,2050,1,2,1,1.0,1.0,50639,M,4883979.0,-121897.0,50
201800013272,18,6,26,1200,1,2,1,1.0,6.0,50639,M,4883678.0,-122123.0,50
201800013273,18,8,17,1420,1,2,1,1.0,6.0,50639,M,4883716.0,-122167.0,50
201800013274,18,9,16,1730,1,1,3,7.0,5.0,50597,M,4871327.0,-125468.0,50
201800013275,18,9,20,1600,1,1,2,1.0,3.0,50124,M,4867004.0,-114272.0,50
201800013276,18,9,29,1620,1,1,1,1.0,6.0,50453,M,4884120.0,-120117.0,50
201800013277,18,10,11,2330,3,1,1,2.0,6.0,50074,M,4872599.0,-120181.0,50
201800013278,18,10,16,1450,1,1,2,1.0,3.0,50453,M,4884810.0,-120858.0,50
201800013279,18,10,21,1530,1,2,1,1.0,6.0,50074,M,4872471.0,-116702.0,50
201800013280,18,11,12,1600,1,1,2,1.0,1.0,50453,M,4881720.0,-119668.0,50
201800013281,18,12,16,2105,3,1,1,3.0,6.0,50271,M,4873010.0,-103392.0,50
201800013282,18,12,29,700,5,2,1,1.0,6.0,50453,M,4883535.0,-118927.0,50
201800013283,18,2,13,1715,1,1,3,8.0,3.0,50381,M,4860142.0,-97693.0,50
201800013284,18,4,17,1630,1,1,2,1.0,3.0,50056,M,4863775.0,-93232.0,50
201800013285,18,9,29,1145,1,2,1,1.0,6.0,50359,M,4864784.0,-94292.0,50
201800013286,18,2,17,815,1,1,1,1.0,6.0,50410,M,4857062.0,-146349.0,50
201800013287,18,2,28,1815,2,1,1,1.0,7.0,50132,M,4863843.0,-124893.0,50
201800013288,18,3,5,1645,1,1,1,1.0,1.0,50290,M,4865857.0,-126350.0,50
201800013289,18,3,27,1115,1,2,1,1.0,6.0,50168,M,4861750.0,-128988.0,50
201800013290,18,7,13,640,2,1,3,1.0,1.0,50640,M,4853018.0,-138237.0,50
201800013291,18,7,16,1320,1,1,2,1.0,3.0,50410,M,4854642.0,-147998.0,50
201800013292,18,8,3,1845,1,1,1,1.0,1.0,50410,M,4856169.0,-152174.0,50
201800013293,18,9,8,915,1,2,1,1.0,6.0,50168,M,4861867.0,-129088.0,50
201800013294,18,9,14,200,3,2,4,1.0,6.0,50337,M,4850159.0,-139604.0,50
201800013295,18,10,25,1500,1,2,1,1.0,6.0,50487,M,4852170.0,-132888.0,50
201800013296,18,10,29,1810,3,1,1,2.0,2.0,50574,M,4859932.0,-139930.0,50
201800013297,18,11,1,30,3,1,1,1.0,6.0,50168,M,4860304.0,-126711.0,50
201800013298,18,11,3,1445,1,1,3,7.0,3.0,50154,M,4854733.0,-138289.0,50
201800013299,18,11,11,1740,3,1,1,8.0,6.0,50574,M,4860001.0,-139832.0,50
201800013300,18,11,16,920,1,2,1,1.0,6.0,50410,M,4855299.0,-151060.0,50
201800013301,18,12,15,1930,3,1,1,2.0,2.0,50487,M,4853356.0,-134598.0,50
201800013302,18,12,19,1635,2,1,1,1.0,6.0,50627,M,4856558.0,-137925.0,50
201800013303,18,2,22,1200,1,1,1,1.0,7.0,50591,M,4850360.0,-86404.0,50
201800013304,18,4,27,1725,1,1,2,2.0,3.0,50256,M,4861329.0,-113093.0,50
201800013305,18,5,19,1930,1,2,1,1.0,6.0,50515,M,4854541.0,-116858.0,50
201800013306,18,5,27,1845,1,1,3,1.0,1.0,50644,M,4858339.0,-115339.0,50
201800013307,18,6,2,1605,1,2,3,1.0,2.0,50274,M,4854044.0,-109099.0,50
201800013308,18,6,27,1330,1,2,3,1.0,3.0,50644,M,4858457.0,-113403.0,50
201800013309,18,7,16,1400,1,1,9,1.0,4.0,50256,M,4859734.0,-119238.0,50
201800013310,18,8,12,1930,1,2,9,2.0,7.0,50263,M,4857655.0,-100682.0,50
201800013311,18,9,20,815,1,1,1,1.0,1.0,50256,M,4864715.0,-121163.0,50
201800013312,18,10,10,1200,1,2,1,1.0,6.0,50484,M,4857694.0,-108645.0,50
201800013313,18,11,13,920,1,1,2,1.0,3.0,50591,M,4854853.0,-87536.0,50
201800013314,18,11,18,1845,3,1,1,1.0,6.0,50274,M,4852480.0,-108892.0,50
201800013315,18,12,12,1800,2,1,3,1.0,3.0,50274,M,4854657.0,-109216.0,50
201800013316,18,12,18,815,2,1,1,1.0,6.0,50293,M,4861490.0,-112125.0,50
201800013317,18,2,1,850,1,2,1,1.0,6.0,50539,M,4966836.0,-140462.0,50
201800013318,18,2,2,1530,1,2,1,1.0,6.0,50615,M,4950939.0,-147185.0,50
201800013319,18,2,9,1945,3,1,1,1.0,1.0,50395,M,4960800.0,-132454.0,50
201800013320,18,2,25,1100,1,2,1,1.0,2.0,50030,M,4966627.0,-125893.0,50
201800013321,18,3,31,1100,1,2,6,1.0,7.0,50562,M,4958623.0,-126464.0,50
201800013322,18,4,21,1815,1,1,1,3.0,1.0,50648,M,4950095.0,-149632.0,50
201800013323,18,6,5,915,1,1,1,5.0,1.0,50305,M,4961600.0,-152092.0,50
201800013324,18,6,24,1410,1,2,1,1.0,7.0,50615,M,4950191.0,-145715.0,50
201800013325,18,6,25,1745,1,1,2,1.0,3.0,50335,M,4957899.0,-143505.0,50
201800013326,18,7,24,1700,1,1,3,1.0,3.0,50615,M,4951298.0,-148091.0,50
201800013327,18,7,27,2000,1,1,1,1.0,6.0,50087,M,4954709.0,-157984.0,50
201800013328,18,8,9,1842,1,2,3,7.0,3.0,50567,M,4957274.0,-150591.0,50
201800013329,18,9,2,1852,1,1,3,1.0,3.0,50087,M,4956404.0,-156910.0,50
201800013330,18,9,4,2030,2,2,1,1.0,3.0,50417,M,4959603.0,-130190.0,50
201800013331,18,9,7,1300,1,1,1,7.0,6.0,50342,M,4965553.0,-127663.0,50
201800013332,18,10,5,820,2,2,1,1.0,3.0,50539,M,4966693.0,-139964.0,50
201800013333,18,11,17,1200,1,2,1,1.0,7.0,50615,M,4950092.0,-145412.0,50
201800013334,18,11,19,2015,3,1,1,3.0,3.0,50648,M,4950204.0,-149047.0,50
201800013335,18,11,20,1740,2,1,1,2.0,2.0,50196,M,4967053.0,-131025.0,50
201800013336,18,12,7,1705,2,1,1,2.0,1.0,50209,M,4964411.0,-147474.0,50
201800013337,18,12,12,1845,3,1,1,1.0,1.0,50087,M,4956317.0,-160111.0,50
201800013338,18,1,26,820,2,1,1,1.0,1.0,50580,M,4954975.0,-176058.0,50
201800013339,18,1,31,1400,1,1,3,1.0,3.0,50082,M,4948913.0,-161464.0,50
201800013340,18,2,18,145,3,1,9,1.0,6.0,50402,M,4951008.0,-182211.0,50
201800013341,18,3,19,30,5,2,1,4.0,6.0,50412,M,4933523.0,-169746.0,50
201800013342,18,4,15,1535,1,1,1,1.0,1.0,50402,M,4951791.0,-178965.0,50
201800013343,18,5,10,2140,5,2,1,1.0,6.0,50031,M,4936496.0,-175964.0,50
201800013344,18,5,11,1610,1,1,1,1.0,6.0,50435,M,4949939.0,-159959.0,50
201800013345,18,6,7,1450,1,2,3,1.0,5.0,50031,M,4937968.0,-175406.0,50
201800013346,18,6,16,930,1,1,3,1.0,5.0,50031,M,4937853.0,-174219.0,50
201800013347,18,6,15,930,1,1,1,1.0,2.0,50604,M,4952596.0,-181779.0,50
201800013348,18,6,30,1610,1,2,1,1.0,7.0,50503,M,4933522.0,-166475.0,50
201800013349,18,8,10,1,5,2,3,1.0,6.0,50412,M,4933666.0,-170104.0,50
201800013350,18,8,10,1547,1,2,3,1.0,6.0,50031,M,4938152.0,-177699.0,50
201800013351,18,8,24,1050,1,1,1,1.0,7.0,50184,M,4954394.0,-187414.0,50
201800013352,18,9,9,230,3,1,1,1.0,6.0,50585,M,4945780.0,-182180.0,50
201800013353,18,9,18,1745,1,1,2,1.0,3.0,50490,M,4936073.0,-174349.0,50
201800013354,18,10,10,540,3,1,1,1.0,7.0,50222,M,4950050.0,-171062.0,50
201800013355,18,10,17,2315,5,2,1,1.0,6.0,50402,M,4951435.0,-180686.0,50
201800013356,18,10,22,1725,1,1,1,7.0,2.0,50045,M,4952560.0,-178386.0,50
201800013357,18,11,2,1715,1,2,2,1.0,3.0,50082,M,4947492.0,-162725.0,50
201800013358,18,11,23,1745,2,2,2,2.0,5.0,50402,M,4950987.0,-180517.0,50
201800013359,18,12,25,1040,1,1,1,8.0,1.0,50580,M,4952943.0,-175349.0,50
201800013360,18,1,13,1440,1,1,1,1.0,7.0,50427,M,4946334.0,-125895.0,50
201800013361,18,2,11,1715,1,1,1,1.0,1.0,50052,M,4935508.0,-137777.0,50
201800013362,18,2,14,1845,5,2,1,2.0,6.0,50400,M,4937478.0,-142456.0,50
201800013363,18,5,5,1420,1,1,3,1.0,2.0,50341,M,,,50
201800013364,18,5,7,215,3,1,1,1.0,6.0,50400,M,4936512.0,-137395.0,50
201800013365,18,5,7,1030,1,1,2,7.0,3.0,50055,M,4943805.0,-149450.0,50
201800013366,18,5,13,2115,2,1,1,1.0,7.0,50523,M,4941863.0,-128340.0,50
201800013367,18,5,22,1800,1,1,1,1.0,6.0,50049,M,4937124.0,-160630.0,50
201800013368,18,6,3,1315,1,1,1,1.0,3.0,50523,M,4939777.0,-130915.0,50
201800013369,18,6,8,2030,1,1,1,1.0,6.0,50049,M,4937651.0,-162670.0,50
201800013370,18,6,10,1810,1,1,1,1.0,6.0,50551,M,4937606.0,-155371.0,50
201800013371,18,6,17,1930,1,1,2,2.0,6.0,50370,M,4941573.0,-157468.0,50
201800013372,18,7,22,1050,1,2,3,1.0,7.0,50551,M,4938670.0,-153197.0,50
201800013373,18,7,25,1630,1,1,1,1.0,6.0,50467,M,4948178.0,-134618.0,50
201800013374,18,8,5,1940,1,2,2,1.0,3.0,50341,M,4948712.0,-137966.0,50
201800013375,18,8,17,950,1,1,2,1.0,3.0,50517,M,4942675.0,-124696.0,50
201800013376,18,8,31,1330,1,2,1,1.0,3.0,50507,M,4948976.0,-126119.0,50
201800013377,18,8,31,1615,1,2,4,1.0,3.0,50103,M,4937199.0,-132891.0,50
201800013378,18,9,14,1800,1,1,1,1.0,7.0,50642,M,4938008.0,-139138.0,50
201800013379,18,9,18,1200,1,1,1,1.0,6.0,50427,M,4944188.0,-128702.0,50
201800013380,18,10,4,1420,1,1,3,1.0,2.0,50387,M,4942238.0,-144936.0,50
201800013381,18,11,25,200,3,2,1,5.0,1.0,50227,M,4945433.0,-141252.0,50
201800013382,18,12,19,1815,3,1,1,1.0,5.0,50523,M,4941715.0,-132364.0,50
201800013383,18,1,5,1540,1,1,6,7.0,3.0,50354,M,4912375.0,-150390.0,50
201800013384,18,1,20,1200,1,1,1,6.0,6.0,50044,M,4907332.0,-135754.0,50
201800013385,18,3,22,1215,1,1,2,1.0,3.0,50389,M,4901061.0,-137670.0,50
201800013386,18,3,27,750,2,1,1,2.0,4.0,50145,M,4906697.0,-138731.0,50
201800013387,18,4,9,1230,1,2,1,1.0,2.0,50003,M,4904817.0,-159818.0,50
201800013388,18,4,28,230,3,1,6,1.0,6.0,50219,M,4907077.0,-146454.0,50
201800013389,18,5,20,2320,3,1,2,1.0,3.0,50058,M,4907065.0,-156428.0,50
201800013390,18,6,3,1843,1,2,2,1.0,3.0,50003,M,4903449.0,-158343.0,50
201800013391,18,6,22,745,1,1,3,7.0,4.0,50279,M,4908149.0,-129515.0,50
201800013392,18,6,28,2125,1,2,1,1.0,6.0,50506,M,4907123.0,-153882.0,50
201800013393,18,7,1,2330,3,1,1,1.0,6.0,50345,M,4907724.0,-143836.0,50
201800013394,18,7,27,1540,1,1,1,1.0,2.0,50464,M,4897936.0,-141104.0,50
201800013395,18,9,1,1040,1,1,1,1.0,1.0,50378,M,4900435.0,-127184.0,50
201800013396,18,9,21,1850,1,1,2,1.0,3.0,50350,M,4899666.0,-131757.0,50
201800013397,18,10,3,1339,1,1,1,1.0,7.0,50464,M,4900800.0,-138085.0,50
201800013398,18,10,11,745,1,1,3,1.0,3.0,50145,M,4906640.0,-138946.0,50
201800013399,18,10,23,630,3,1,2,1.0,3.0,50003,M,4905391.0,-156410.0,50
201800013400,18,11,9,1335,1,1,1,1.0,1.0,50376,M,4902116.0,-140380.0,50
201800013401,18,11,10,1505,1,2,1,1.0,6.0,50003,M,4905037.0,-160068.0,50
201800013402,18,2,20,1510,1,1,2,1.0,6.0,50085,M,4891915.0,-152070.0,50
201800013403,18,4,1,2000,2,1,1,2.0,1.0,50419,M,4897908.0,-146825.0,50
201800013404,18,4,13,2105,3,1,3,1.0,6.0,50549,M,4884492.0,-143262.0,50
201800013405,18,4,18,1135,1,1,3,1.0,1.0,50272,M,4893927.0,-152973.0,50
201800013406,18,5,18,1345,1,1,2,7.0,1.0,50197,M,4890311.0,-129208.0,50
201800013407,18,7,3,1552,1,1,1,1.0,1.0,50252,M,4888375.0,-146722.0,50
201800013408,18,7,12,1400,1,2,1,1.0,7.0,50076,M,4890058.0,-150743.0,50
201800013409,18,8,25,1440,1,1,3,1.0,2.0,50365,M,4892239.0,-149859.0,50
201800013410,18,9,18,810,1,2,1,7.0,6.0,50349,M,4898880.0,-151870.0,50
201800013411,18,10,3,1620,1,1,1,1.0,3.0,50143,M,4885183.0,-151252.0,50
201800013412,18,10,3,2130,3,1,3,1.0,3.0,50278,M,4886607.0,-142935.0,50
201800013413,18,10,9,1800,1,2,2,1.0,3.0,50231,M,4897409.0,-155915.0,50