Num_Acc,an,mois,jour,hrmn,lum,agg,int,atm,col,com,gps,lat,long,dep
201800013414,18,10,24,1638,1,1,4,1.0,6.0,50429,M,4900245.0,-154976.0,50
201800013415,18,10,25,1620,1,2,1,7.0,6.0,50277,M,4885321.0,-155196.0,50
201800013416,18,11,12,920,1,2,1,1.0,6.0,50076,M,4889526.0,-151342.0,50
201800013417,18,12,15,1515,1,1,1,3.0,5.0,50085,M,4890947.0,-152286.0,50
201800013418,18,1,6,1958,3,1,1,1.0,5.0,50394,M,4917647.0,-140979.0,50
201800013419,18,1,28,1710,3,1,2,2.0,3.0,50204,M,4924914.0,-164981.0,50
201800013420,18,2,3,420,3,1,6,1.0,6.0,50481,M,4923679.0,-158707.0,50
201800013421,18,4,26,1900,1,2,1,1.0,7.0,50394,M,4918190.0,-140991.0,50
201800013422,18,6,23,1625,1,1,2,1.0,1.0,50136,M,4932616.0,-138941.0,50
201800013423,18,7,1,300,3,1,2,1.0,3.0,50510,M,4916960.0,-132612.0,50
201800013424,18,7,4,1740,1,1,3,1.0,5.0,50267,M,4919750.0,-152256.0,50
201800013425,18,7,9,1825,1,1,2,7.0,3.0,50364,M,4913792.0,-147093.0,50
201800013426,18,7,12,1800,1,1,2,1.0,3.0,50481,M,4923845.0,-161788.0,50
201800013427,18,7,26,1825,1,2,1,1.0,6.0,50550,M,4912720.0,-140803.0,50
201800013428,18,8,1,810,1,1,1,1.0,3.0,50198,M,4912892.0,-152089.0,50
201800013429,18,8,4,500,5,1,1,1.0,1.0,50267,M,4921121.0,-151077.0,50
201800013430,18,8,27,1545,1,1,1,1.0,1.0,50403,M,4915264.0,-151079.0,50
201800013431,18,8,29,1645,1,1,1,1.0,5.0,50364,M,4913537.0,-150504.0,50
201800013432,18,9,17,716,2,2,1,1.0,6.0,50181,M,4915124.0,-132042.0,50
201800013433,18,10,19,1035,1,1,6,1.0,4.0,50403,M,4916785.0,-158903.0,50
201800013434,18,10,21,1410,1,2,1,1.0,6.0,50236,M,4929015.0,-154367.0,50
201800013435,18,12,31,1650,2,1,1,1.0,7.0,50160,M,4932305.0,-163581.0,50
201800013436,18,11,7,1356,1,1,2,1.0,3.0,50166,M,4933801.0,-153310.0,50
201800013437,18,5,19,515,2,1,1,1.0,6.0,05059,M,4454928.0,602425.0,05
201800013438,18,5,25,1745,1,1,1,1.0,3.0,05037,M,4448098.0,605169.0,05
201800013439,18,7,13,2045,1,1,1,1.0,5.0,05059,M,4454956.0,602472.0,05
201800013440,18,8,14,945,1,1,2,1.0,3.0,05059,M,4452786.0,600975.0,05
201800013441,18,10,10,1200,1,1,1,1.0,7.0,05022,M,4444132.0,620401.0,05
201800013442,18,10,10,1350,1,1,2,2.0,1.0,05184,M,4440661.0,595495.0,05
201800013443,18,2,28,1620,1,1,1,4.0,6.0,05009,M,4479849.0,597517.0,05
201800013444,18,3,17,630,2,1,1,4.0,7.0,05142,M,4477450.0,601775.0,05
201800013445,18,5,5,1600,1,1,1,1.0,6.0,05056,M,4461815.0,614220.0,05
201800013446,18,5,26,2305,3,1,1,2.0,6.0,05142,M,4477855.0,598535.0,05
201800013447,18,5,29,1647,1,1,1,2.0,6.0,05009,M,4479521.0,597745.0,05
201800013448,18,7,1,1725,1,1,1,1.0,5.0,05072,M,4462818.0,608385.0,05
201800013449,18,7,14,2221,3,1,1,1.0,7.0,05132,M,4468294.0,616507.0,05
201800013450,18,7,22,445,5,2,3,1.0,6.0,05153,M,4467587.0,616282.0,05
201800013451,18,8,25,1020,1,1,1,1.0,6.0,05142,M,4480533.0,595635.0,05
201800013452,18,8,31,1200,1,1,1,1.0,7.0,05149,M,4464794.0,620520.0,05
201800013453,18,9,21,1750,1,1,1,1.0,6.0,05132,M,4468745.0,609174.0,05
201800013454,18,11,11,1745,3,1,1,1.0,6.0,05039,M,4476655.0,601814.0,05
201800013455,18,11,17,1645,1,1,1,8.0,7.0,05054,M,4466470.0,606174.0,05
201800013456,18,12,16,915,1,2,1,8.0,6.0,05025,M,4465070.0,614830.0,05
201800013457,18,12,29,1850,3,1,1,1.0,6.0,05147,M,4466303.0,610659.0,05
201800013458,18,1,11,745,2,1,1,5.0,7.0,05099,M,4451371.0,578228.0,05
201800013459,18,2,28,1350,1,1,3,4.0,1.0,05123,M,4456191.0,591844.0,05
201800013460,18,4,14,1640,1,1,1,1.0,6.0,05028,M,4447605.0,578317.0,05
201800013461,18,5,25,1800,1,1,2,1.0,6.0,05123,M,4456184.0,592136.0,05
201800013462,18,7,3,830,1,2,2,1.0,3.0,05179,M,4453453.0,582648.0,05
201800013463,18,7,15,1200,1,1,3,1.0,3.0,05146,M,4461944.0,570286.0,05
201800013464,18,7,21,2130,3,1,1,1.0,1.0,05055,M,4454601.0,572879.0,05
201800013465,18,7,30,1800,1,2,1,1.0,6.0,05139,M,4459848.0,587435.0,05
201800013466,18,9,7,1355,1,1,1,1.0,4.0,05087,M,4456028.0,588610.0,05
201800013467,18,9,26,1750,1,2,4,1.0,3.0,05179,M,4453594.0,582956.0,05
201800013468,18,11,3,530,2,2,4,1.0,6.0,05179,M,4453318.0,582174.0,05
201800013469,18,12,11,2000,3,1,1,1.0,6.0,05179,M,4452178.0,579843.0,05
201800013470,18,12,22,1710,2,1,1,1.0,1.0,05055,M,4456714.0,574596.0,05
201800013471,18,2,9,2245,3,1,1,1.0,6.0,05011,M,4454717.0,619961.0,05
201800013472,18,2,15,5,3,1,1,1.0,7.0,05124,M,4457719.0,615460.0,05
201800013473,18,4,26,1550,1,1,1,1.0,7.0,05011,M,4454056.0,619330.0,05
201800013474,18,5,20,1400,1,1,1,2.0,2.0,05040,M,4454073.0,628652.0,05
201800013475,18,5,30,1755,1,1,2,8.0,3.0,05084,M,4455714.0,623477.0,05
201800013476,18,6,25,1130,1,1,1,1.0,5.0,05140,M,4450458.0,615930.0,05
201800013477,18,6,30,1730,1,1,3,1.0,5.0,05017,M,4456105.0,621113.0,05
201800013478,18,7,4,1930,1,1,1,1.0,5.0,05040,M,4453193.0,628525.0,05
201800013479,18,7,14,1050,1,1,1,1.0,5.0,05040,M,4454972.0,626295.0,05
201800013480,18,8,16,810,1,1,1,1.0,7.0,05124,M,4459707.0,614866.0,05
201800013481,18,9,8,2010,3,1,3,1.0,3.0,05017,M,4456342.0,619662.0,05
201800013482,18,9,22,1430,1,2,3,1.0,3.0,05017,M,4456520.0,620105.0,05
201800013483,18,10,7,1420,1,1,1,1.0,6.0,05040,M,4453838.0,629149.0,05
201800013484,18,10,13,920,1,2,6,1.0,6.0,05040,M,4454651.0,627166.0,05
201800013485,18,12,16,915,1,1,1,4.0,1.0,05040,M,4455066.0,626016.0,05
201800013486,18,1,1,1420,1,1,1,1.0,1.0,05046,M,4455399.0,650094.0,05
201800013487,18,2,5,915,1,1,1,8.0,7.0,05036,M,4462589.0,654388.0,05
201800013488,18,3,12,1435,1,1,1,2.0,6.0,05036,M,4463222.0,655977.0,05
201800013489,18,3,25,1645,1,2,1,1.0,1.0,05046,M,4455644.0,648318.0,05
201800013490,18,5,10,1145,1,1,1,1.0,3.0,05164,M,4452664.0,641649.0,05
201800013491,18,5,20,250,3,1,1,1.0,7.0,05046,M,4455163.0,649397.0,05
201800013492,18,7,3,1715,1,2,1,1.0,6.0,05046,M,4456118.0,648867.0,05
201800013493,18,7,29,2225,5,2,1,1.0,3.0,05046,M,4456437.0,649364.0,05
201800013494,18,8,3,1654,1,2,1,1.0,6.0,05098,M,4449449.0,655367.0,05
201800013495,18,8,16,1415,1,1,1,1.0,7.0,05108,M,4454413.0,641191.0,05
201800013496,18,8,23,900,1,1,1,1.0,6.0,05046,M,4458057.0,647571.0,05
201800013497,18,8,24,1655,1,1,1,1.0,2.0,05045,M,4452973.0,642843.0,05
201800013498,18,9,18,830,1,2,1,7.0,5.0,05046,M,4456050.0,648813.0,05
201800013499,18,10,12,1550,1,2,1,1.0,2.0,05046,M,4455100.0,648443.0,05
201800013500,18,4,17,1900,1,2,2,1.0,3.0,14034,M,4910025.0,-45897.0,14
201800013501,18,5,9,1610,1,1,1,1.0,3.0,14157,M,4917559.0,-52585.0,14
201800013502,18,10,25,1717,1,2,2,1.0,3.0,14249,M,4911297.0,-47220.0,14
201800013503,18,12,11,1900,3,1,2,1.0,3.0,14747,M,4910886.0,-45288.0,14
201800013504,18,1,27,2110,3,1,1,2.0,7.0,14711,M,4931570.0,-90199.0,14
201800013505,18,2,24,1600,1,1,1,1.0,6.0,14209,M,4927000.0,-82217.0,14
201800013506,18,3,17,1634,1,2,2,1.0,3.0,14107,M,4928620.0,-95870.0,14
201800013507,18,3,23,2040,5,1,6,3.0,1.0,14480,M,4932220.0,-109222.0,14
201800013508,18,4,3,830,1,1,1,1.0,1.0,14711,M,4931917.0,-90181.0,14
201800013509,18,5,7,1750,1,2,9,1.0,1.0,14035,M,4918406.0,-84573.0,14
201800013510,18,6,7,1620,1,2,1,2.0,6.0,14342,M,4931487.0,-110066.0,14
201800013511,18,6,11,1807,1,1,2,1.0,3.0,14716,M,4918129.0,-71939.0,14
201800013512,18,6,24,250,3,2,1,1.0,6.0,14745,M,4936611.0,-89332.0,14
201800013513,18,6,23,1945,1,1,1,1.0,7.0,14705,M,4923094.0,-93370.0,14
201800013514,18,6,24,2210,2,1,1,1.0,7.0,14480,M,4933504.0,-106065.0,14
201800013515,18,7,3,1005,1,2,1,1.0,1.0,14121,M,4915785.0,-76000.0,14
201800013516,18,7,5,100,4,1,1,1.0,2.0,14714,M,4921359.0,-80767.0,14
201800013517,18,7,9,1110,1,2,1,1.0,1.0,14605,M,4936776.0,-88131.0,14
201800013518,18,7,9,2230,3,1,1,1.0,7.0,14204,M,4939138.0,-99046.0,14
201800013519,18,8,19,405,5,2,1,1.0,6.0,14342,M,4931316.0,-109997.0,14
201800013520,18,9,11,1330,1,1,1,1.0,7.0,14652,M,4938735.0,-97399.0,14
201800013521,18,9,13,1700,1,2,1,1.0,6.0,14256,M,4932024.0,-79424.0,14
201800013522,18,10,13,1230,1,1,4,1.0,6.0,14763,M,4929459.0,-105446.0,14
201800013523,18,10,23,1430,1,2,1,1.0,1.0,14705,M,4923259.0,-93577.0,14
201800013524,18,10,27,1015,1,1,1,1.0,6.0,14397,M,4930851.0,-84862.0,14
201800013525,18,11,3,1340,1,2,2,1.0,3.0,14342,M,4931688.0,-110285.0,14
201800013526,18,12,4,1935,3,1,1,2.0,6.0,14445,M,4918516.0,-85481.0,14
201800013527,18,12,16,930,1,2,2,1.0,6.0,14342,M,4931852.0,-109978.0,14
201800013528,18,2,19,1420,1,2,1,8.0,6.0,14515,M,4934450.0,-75525.0,14
201800013529,18,4,1,1100,1,2,1,1.0,6.0,14676,M,4929372.0,-64546.0,14
201800013530,18,4,2,1015,1,2,1,8.0,1.0,14196,M,4931082.0,-54686.0,14
201800013531,18,4,6,2100,3,1,1,1.0,7.0,14200,M,4928935.0,-54230.0,14
201800013532,18,4,14,1715,1,2,1,3.0,7.0,14191,M,4932322.0,-45201.0,14
201800013533,18,5,15,1105,1,1,2,1.0,3.0,14049,M,4930239.0,-60357.0,14
201800013534,18,6,8,1645,1,1,2,1.0,3.0,14200,M,4928034.0,-53466.0,14
201800013535,18,7,9,1820,2,1,1,7.0,6.0,14062,M,4927286.0,-44640.0,14
201800013536,18,7,23,1700,1,2,4,1.0,3.0,14565,M,4933902.0,-60149.0,14
201800013537,18,9,29,1530,1,1,2,1.0,3.0,14577,M,4926871.0,-55855.0,14
201800013538,18,10,25,2110,3,1,1,1.0,7.0,14355,M,4927287.0,-49374.0,14
201800013539,18,10,26,1445,1,1,1,2.0,2.0,14196,M,4931009.0,-54691.0,14
201800013540,18,11,6,915,1,1,1,1.0,7.0,14377,M,4933142.0,-71056.0,14
201800013541,18,12,14,1920,5,1,2,1.0,3.0,14200,M,4928032.0,-53449.0,14
201800013542,18,12,15,900,1,2,1,3.0,6.0,14021,M,4933732.0,-62293.0,14
201800013543,18,12,28,2100,3,1,3,5.0,3.0,14400,M,4928662.0,-60678.0,14
201800013544,18,1,4,1750,5,2,1,2.0,6.0,14752,M,4907968.0,-65944.0,14
201800013545,18,1,31,1725,2,1,2,2.0,3.0,14282,M,4913950.0,-80185.0,14
201800013546,18,3,11,1725,2,2,1,7.0,2.0,14143,M,4908830.0,-81574.0,14
201800013547,18,3,30,1625,1,1,1,1.0,6.0,14449,M,4911730.0,-60950.0,14
201800013548,18,4,17,720,1,1,1,1.0,6.0,14353,M,4908003.0,-55578.0,14
201800013549,18,5,14,835,1,1,1,1.0,1.0,14702,M,4910401.0,-58439.0,14
201800013550,18,6,20,1610,1,1,1,1.0,3.0,14111,M,4918293.0,-63074.0,14
201800013551,18,7,4,1105,1,1,1,1.0,3.0,14278,M,4917520.0,-58175.0,14
201800013552,18,7,8,1900,1,1,1,1.0,7.0,14695,M,4913104.0,-73095.0,14
201800013553,18,7,19,2100,1,1,1,1.0,7.0,14702,M,4910143.0,-58389.0,14
201800013554,18,8,16,1555,1,2,1,1.0,6.0,14752,M,4907573.0,-65916.0,14
201800013555,18,8,21,1915,1,1,2,1.0,3.0,14364,M,4917644.0,-68376.0,14
201800013556,18,9,9,1,3,1,1,1.0,6.0,14353,M,4907274.0,-56724.0,14
201800013557,18,9,11,1715,1,2,1,1.0,7.0,14007,M,4908059.0,-70600.0,14
201800013558,18,9,28,1800,1,2,3,1.0,3.0,14596,M,4904518.0,-83757.0,14
201800013559,18,9,30,245,3,1,1,1.0,6.0,14278,M,4917138.0,-56026.0,14
201800013560,18,10,1,1650,1,2,1,1.0,3.0,14692,M,4917273.0,-63042.0,14
201800013561,18,11,15,1610,1,2,3,1.0,3.0,14475,M,4911868.0,-57122.0,14
201800013562,18,12,26,1430,1,1,1,1.0,3.0,14011,M,4910823.0,-77593.0,14
201800013563,18,1,14,1100,1,2,1,1.0,6.0,14514,M,,,14
201800013564,18,4,4,1656,1,1,1,1.0,5.0,14578,M,4936951.0,21346.0,14
201800013565,18,5,19,1750,1,1,2,1.0,7.0,14578,M,4935538.0,17091.0,14
201800013566,18,6,7,2215,2,2,1,1.0,6.0,14514,M,4928593.0,18491.0,14
201800013567,18,6,13,1715,1,1,1,1.0,3.0,14534,M,4927363.0,16920.0,14
201800013568,18,6,13,1915,1,1,1,1.0,6.0,14534,M,4926486.0,14970.0,14
201800013569,18,6,23,130,3,2,1,1.0,6.0,14500,M,4925594.0,20272.0,14
201800013570,18,7,29,125,3,1,1,8.0,6.0,14620,M,4930627.0,15013.0,14
201800013571,18,7,31,5,3,1,1,1.0,6.0,14086,M,4933955.0,13471.0,14
201800013572,18,8,13,1930,1,1,1,1.0,6.0,14085,M,4927331.0,34498.0,14
201800013573,18,8,28,2020,2,1,1,1.0,1.0,14161,M,4924870.0,12052.0,14
201800013574,18,10,3,1640,1,1,2,1.0,3.0,14578,M,4935541.0,17083.0,14
201800013575,18,12,16,100,3,2,1,1.0,1.0,14086,M,4932547.0,12263.0,14
201800013576,18,12,19,440,3,1,1,2.0,6.0,14578,M,4933226.0,23523.0,14
201800013577,18,1,1,1100,1,1,1,8.0,6.0,14494,M,4926130.0,-9444.0,14
201800013578,18,1,3,1055,1,2,1,6.0,6.0,14754,M,4932450.0,-309.0,14
201800013579,18,4,3,745,2,1,1,8.0,1.0,14335,M,4917922.0,-7142.0,14
201800013580,18,4,12,740,1,1,2,1.0,3.0,14494,M,4926678.0,-10428.0,14
201800013581,18,4,15,2245,3,1,1,2.0,6.0,14305,M,4930063.0,-4045.0,14
201800013582,18,4,20,1655,1,2,1,7.0,7.0,14494,M,4925639.0,-7709.0,14
201800013583,18,5,21,1720,1,1,3,1.0,2.0,14126,M,4912096.0,6859.0,14
201800013584,18,5,24,1630,1,2,1,1.0,1.0,14754,M,4932298.0,1205.0,14
201800013585,18,5,27,1940,1,1,1,1.0,7.0,14280,M,4921671.0,13512.0,14
201800013586,18,6,22,1645,1,1,4,1.0,3.0,14231,M,4921022.0,3124.0,14
201800013587,18,6,27,1810,1,1,1,1.0,6.0,14316,M,4926149.0,-4086.0,14
201800013588,18,7,12,1920,1,1,3,1.0,2.0,14743,M,4916562.0,181.0,14
201800013589,18,7,15,1045,1,1,1,1.0,3.0,14398,M,4920690.0,15658.0,14
201800013590,18,7,19,1720,1,1,3,1.0,3.0,14203,M,4923054.0,-8637.0,14
201800013591,18,7,23,530,3,1,1,1.0,1.0,14110,M,4924627.0,-10310.0,14
201800013592,18,7,30,1205,1,1,1,1.0,1.0,14070,M,4919586.0,-6286.0,14
201800013593,18,8,1,2330,3,1,1,1.0,7.0,14398,M,4916758.0,9464.0,14
201800013594,18,8,9,1515,1,1,1,1.0,6.0,14316,M,4926226.0,-5762.0,14
201800013595,18,8,12,1500,1,2,1,1.0,6.0,14754,M,4932503.0,-177.0,14
201800013596,18,8,18,1605,1,1,1,1.0,6.0,14541,M,4917527.0,8821.0,14
201800013597,18,9,25,850,1,1,2,1.0,1.0,14316,M,4927365.0,-5254.0,14
201800013598,18,9,26,1715,1,2,2,1.0,3.0,14754,M,4932187.0,-219.0,14
201800013599,18,10,11,2135,3,1,4,1.0,6.0,14448,M,4917279.0,4533.0,14
201800013600,18,10,25,1918,5,2,1,1.0,3.0,14754,M,4933221.0,1430.0,14
201800013601,18,11,14,1815,3,1,1,1.0,6.0,14398,M,4916475.0,9568.0,14
201800013602,18,1,1,445,3,1,1,2.0,6.0,14287,M,4913890.0,-23877.0,14
201800013603,18,1,19,820,2,2,1,2.0,2.0,14057,M,,,14
201800013604,18,1,26,1615,1,1,1,1.0,6.0,14349,M,4908590.0,-37942.0,14
201800013605,18,2,17,1108,1,2,1,1.0,6.0,14556,M,4911640.0,-37666.0,14
201800013606,18,2,20,1815,1,1,1,8.0,7.0,14309,M,,,14
201800013607,18,3,2,735,2,2,1,9.0,7.0,14408,M,4909610.0,-37083.0,14
201800013608,18,4,19,1115,1,1,1,1.0,7.0,14005,M,4909769.0,-14410.0,14
201800013609,18,4,20,1515,1,1,3,1.0,7.0,14456,M,4911610.0,-17771.0,14
201800013610,18,5,4,1740,1,2,9,1.0,6.0,14516,M,4897040.0,-24627.0,14
201800013611,18,5,9,2325,3,1,1,1.0,6.0,14659,M,4904063.0,-20766.0,14
201800013612,18,5,11,1040,1,2,3,1.0,3.0,14163,M,4915652.0,-9321.0,14
201800013613,18,6,15,2125,1,2,3,1.0,3.0,14761,M,4912209.0,-19784.0,14
201800013614,18,6,17,1,5,2,1,1.0,7.0,14090,M,4905261.0,-39209.0,14
201800013615,18,8,4,1445,1,2,1,1.0,6.0,14456,M,4911641.0,-17697.0,14
201800013616,18,8,19,1830,1,2,2,1.0,6.0,14516,M,4896990.0,-25440.0,14
201800013617,18,10,16,2115,3,1,1,1.0,6.0,14005,M,4908730.0,-15439.0,14
201800013618,18,10,19,1755,1,2,3,1.0,6.0,14516,M,4897030.0,-24245.0,14
201800013619,18,10,25,1825,1,1,1,1.0,2.0,14039,M,4901570.0,-34618.0,14
201800013620,18,10,27,2345,5,2,1,2.0,6.0,14456,M,4910115.0,-15424.0,14
201800013621,18,11,23,2045,3,1,1,2.0,3.0,14020,M,4911897.0,-17961.0,14
201800013622,18,11,24,920,1,2,2,1.0,3.0,14556,M,4911656.0,-38398.0,14
201800013623,18,1,2,1530,1,1,1,2.0,1.0,14414,M,4899990.0,14235.0,14
201800013624,18,1,19,1400,1,1,3,1.0,3.0,14478,M,,,14
201800013625,18,1,19,715,3,1,1,3.0,3.0,14403,M,4914340.0,37087.0,14
201800013626,18,2,2,1115,1,2,1,2.0,6.0,14371,M,4900470.0,15059.0,14
201800013627,18,3,12,1745,1,1,1,1.0,5.0,14270,M,4914390.0,33587.0,14
201800013628,18,3,12,1930,3,1,1,1.0,6.0,14478,M,4903120.0,39107.0,14
201800013629,18,3,31,1330,1,1,3,1.0,5.0,14414,M,,,14
201800013630,18,5,23,1350,1,1,4,1.0,7.0,14371,M,4905238.0,20060.0,14
201800013631,18,5,25,930,1,2,2,1.0,6.0,14194,M,4908440.0,37096.0,14
201800013632,18,7,7,1130,1,1,2,1.0,3.0,14371,M,4904319.0,15068.0,14
201800013633,18,8,18,1835,1,2,2,1.0,2.0,14371,M,4900500.0,14780.0,14
201800013634,18,9,6,611,3,1,1,1.0,6.0,14625,M,4910073.0,21755.0,14
201800013635,18,9,7,1715,1,1,2,1.0,2.0,14570,M,4907422.0,32504.0,14
201800013636,18,10,11,755,2,2,3,1.0,1.0,14303,M,4912541.0,27574.0,14
201800013637,18,12,6,925,1,2,2,1.0,2.0,14303,M,4912350.0,27893.0,14
201800013638,18,1,4,1945,3,1,1,8.0,1.0,14600,M,,,14
201800013639,18,1,8,825,2,1,1,1.0,5.0,14345,M,4897650.0,-7649.0,14
201800013640,18,2,2,130,3,1,1,1.0,6.0,14099,M,4904340.0,-1686.0,14
201800013641,18,2,16,1720,1,2,2,1.0,7.0,14654,M,,,14
201800013642,18,4,3,1000,1,1,1,2.0,7.0,14527,M,4911454.0,-4961.0,14
201800013643,18,4,27,1715,1,1,1,1.0,1.0,14527,M,4910176.0,-2821.0,14
201800013644,18,5,18,1415,1,1,1,1.0,7.0,14520,M,4916081.0,15674.0,14
201800013645,18,6,12,1600,1,1,1,1.0,6.0,14081,M,4901998.0,6035.0,14
201800013646,18,6,16,1235,1,1,1,1.0,7.0,14648,M,4912334.0,18301.0,14
201800013647,18,7,16,1800,1,1,2,1.0,2.0,14345,M,4898711.0,-6540.0,14
201800013648,18,7,26,2015,1,1,1,1.0,7.0,14735,M,4899216.0,-4724.0,14
201800013649,18,8,25,1150,1,2,1,1.0,3.0,14431,M,4907347.0,-8062.0,14
201800013650,18,8,29,1100,1,1,1,2.0,6.0,14654,M,4905038.0,3139.0,14
201800013651,18,9,28,45,5,2,1,1.0,6.0,14493,M,4905679.0,-6261.0,14
201800013652,18,9,28,2010,2,1,1,1.0,3.0,14081,M,4901984.0,5832.0,14
201800013653,18,10,27,1135,1,1,1,3.0,3.0,14337,M,4912957.0,11023.0,14
201800013654,18,10,29,2020,3,1,1,3.0,7.0,14331,M,4901557.0,912.0,14
201800013655,18,10,29,1710,1,2,6,1.0,2.0,14431,M,4907352.0,-6947.0,14
201800013656,18,10,31,1117,1,2,3,7.0,6.0,14654,M,4901542.0,-3608.0,14
201800013657,18,11,4,1210,1,1,2,1.0,3.0,14386,M,4904835.0,-11103.0,14
201800013658,18,11,6,1715,2,1,1,3.0,7.0,14431,M,4911149.0,587.0,14
201800013659,18,1,4,645,3,1,1,3.0,6.0,14253,M,4890780.0,-72233.0,14
201800013660,18,7,14,1215,1,1,2,1.0,3.0,14357,M,4892333.0,-70779.0,14
201800013661,18,7,16,1415,1,1,1,1.0,6.0,14726,M,4884089.0,-80664.0,14
201800013662,18,10,7,1930,3,1,1,1.0,7.0,14726,M,4889960.0,-77858.0,14
201800013663,18,12,8,215,5,2,2,2.0,3.0,14174,M,4884789.0,-55702.0,14
201800013664,18,1,13,1805,5,2,3,1.0,3.0,06108,M,4357811.0,695041.0,06
201800013665,18,2,10,1510,1,1,1,1.0,1.0,06138,M,4349338.0,694510.0,06
201800013666,18,3,15,1535,1,1,1,2.0,1.0,06138,M,4348663.0,693886.0,06
201800013667,18,3,16,2205,3,2,1,1.0,3.0,06079,M,4355382.0,694705.0,06
201800013668,18,3,18,510,2,2,1,2.0,5.0,06108,M,4357604.0,694032.0,06
201800013669,18,4,22,915,1,1,6,1.0,3.0,06090,M,4358753.0,693485.0,06
201800013670,18,5,8,1500,1,1,1,1.0,7.0,06108,M,4359363.0,695678.0,06
201800013671,18,5,24,1010,1,1,1,1.0,6.0,06079,M,4352063.0,694055.0,06
201800013672,18,6,25,2345,3,2,1,1.0,6.0,06138,M,4350587.0,694132.0,06
201800013673,18,6,27,1020,1,2,1,1.0,6.0,06079,M,4353677.0,693488.0,06
201800013674,18,6,29,1145,1,2,1,1.0,6.0,06079,M,4355555.0,693854.0,06
201800013675,18,6,29,1408,1,2,1,1.0,1.0,06079,M,4354603.0,694947.0,06
201800013676,18,7,2,1200,1,1,1,1.0,6.0,06079,M,4352541.0,691393.0,06
201800013677,18,7,3,1755,1,2,1,1.0,3.0,06079,M,4353357.0,695026.0,06
201800013678,18,7,4,805,1,2,3,1.0,3.0,06090,M,4358031.0,692948.0,06
201800013679,18,7,5,1349,1,2,9,1.0,6.0,06138,M,4350687.0,694282.0,06
201800013680,18,7,8,225,5,2,1,1.0,1.0,06079,M,4355753.0,695220.0,06
201800013681,18,7,8,1530,1,2,1,1.0,3.0,06079,M,4352725.0,693503.0,06
201800013682,18,7,12,1745,1,2,3,1.0,2.0,06079,M,4355594.0,694101.0,06
201800013683,18,7,12,1650,1,2,6,1.0,2.0,06079,M,4354016.0,693565.0,06
201800013684,18,7,15,2135,2,2,1,1.0,4.0,06079,M,4353357.0,695026.0,06
201800013685,18,7,21,1325,1,2,1,7.0,3.0,06108,M,4358164.0,694459.0,06
201800013686,18,8,14,1645,1,1,1,1.0,1.0,06079,M,4354160.0,692188.0,06
201800013687,18,8,17,750,1,2,3,1.0,3.0,06079,M,4353357.0,695026.0,06
201800013688,18,8,26,2035,5,2,1,1.0,3.0,06090,M,4359046.0,692882.0,06
201800013689,18,8,31,1730,1,1,1,1.0,3.0,06079,M,4352725.0,693503.0,06
201800013690,18,9,7,1150,1,2,1,1.0,6.0,06079,M,4354438.0,693758.0,06
201800013691,18,9,7,2040,5,2,1,1.0,1.0,06108,M,4357233.0,694214.0,06
201800013692,18,10,2,1625,1,2,7,1.0,6.0,06090,M,4359255.0,693058.0,06
201800013693,18,10,23,1920,5,2,1,1.0,3.0,06090,M,4359715.0,693120.0,06
201800013694,18,10,26,840,1,2,3,1.0,3.0,06138,M,4349338.0,694510.0,06
201800013695,18,11,18,1135,1,2,3,1.0,5.0,06079,M,4352570.0,691390.0,06
201800013696,18,11,26,1830,5,2,3,1.0,1.0,06079,M,4354243.0,693678.0,06
201800013697,18,12,8,1625,1,1,1,1.0,7.0,06138,M,4349338.0,694510.0,06
201800013698,18,12,18,735,2,2,1,1.0,6.0,06108,M,4359363.0,695678.0,06
201800013699,18,12,21,1910,3,2,1,1.0,1.0,06108,M,4358502.0,693209.0,06
201800013700,18,12,25,1520,1,1,1,1.0,3.0,06138,M,4349338.0,694510.0,06
201800013701,18,12,27,1345,1,1,6,1.0,2.0,06079,M,4355382.0,694705.0,06
201800013702,18,1,24,1545,1,2,1,1.0,7.0,06148,M,4371797.0,707034.0,06
201800013703,18,4,16,1320,1,2,2,1.0,3.0,06112,M,4367482.0,701032.0,06
201800013704,18,4,18,1205,1,2,2,1.0,3.0,06089,M,4366528.0,699278.0,06
201800013705,18,4,20,1200,1,2,1,1.0,6.0,06112,M,4367411.0,700654.0,06
201800013706,18,3,28,1100,1,2,1,1.0,7.0,06038,M,4367516.0,697931.0,06
201800013707,18,5,12,1145,1,1,1,1.0,2.0,06148,M,4371797.0,707034.0,06
201800013708,18,5,18,1405,1,1,1,1.0,7.0,06068,M,4374536.0,699107.0,06
201800013709,18,6,16,1050,1,2,1,1.0,3.0,06112,M,4367461.0,700963.0,06
201800013710,18,7,2,850,1,1,1,1.0,1.0,06105,M,4368736.0,706702.0,06
201800013711,18,7,2,1230,1,2,1,1.0,2.0,06105,M,4366402.0,705418.0,06
201800013712,18,7,21,1610,1,1,1,1.0,6.0,06068,M,4372266.0,697369.0,06
201800013713,18,8,10,1730,1,1,1,1.0,3.0,06105,M,4367178.0,703247.0,06
201800013714,18,8,13,1710,1,2,1,1.0,1.0,06089,M,4366072.0,698956.0,06
201800013715,18,8,22,815,1,2,1,1.0,1.0,06038,M,4367430.0,698863.0,06
201800013716,18,8,17,1517,1,1,1,1.0,6.0,06049,M,4373686.0,699939.0,06
201800013717,18,9,15,1840,1,1,1,1.0,6.0,06010,M,4372236.0,697592.0,06
201800013718,18,9,21,1730,1,2,1,1.0,1.0,06068,M,4373546.0,694520.0,06
201800013719,18,9,17,1930,5,2,1,1.0,1.0,06038,M,4364143.0,698820.0,06