Num_Acc,an,mois,jour,hrmn,lum,agg,int,atm,col,com,gps,lat,long,dep
201800013720,18,10,12,815,1,2,3,1.0,1.0,06112,M,4367605.0,701882.0,06
201800013721,18,12,4,1930,5,1,1,1.0,1.0,06148,M,4370467.0,703491.0,06
201800013722,18,12,13,1600,1,1,3,1.0,6.0,06148,M,4371576.0,707374.0,06
201800013723,18,4,1,1830,1,1,1,1.0,6.0,06083,M,4379881.0,748714.0,06
201800013724,18,4,5,645,1,2,1,1.0,6.0,06136,M,4387900.0,744649.0,06
201800013725,18,5,18,1000,1,2,1,1.0,7.0,06163,M,4405599.0,758774.0,06
201800013726,18,5,22,1020,1,1,1,2.0,6.0,06062,M,4402866.0,757714.0,06
201800013727,18,7,12,730,1,1,1,1.0,6.0,06023,M,4392847.0,752190.0,06
201800013728,18,7,27,1515,1,1,1,1.0,1.0,06163,M,4409998.0,758865.0,06
201800013729,18,8,6,1240,1,1,1,1.0,7.0,06023,M,4396335.0,752595.0,06
201800013730,18,8,12,345,3,1,1,1.0,6.0,06162,M,4406495.0,762382.0,06
201800013731,18,9,30,1730,1,1,1,1.0,5.0,06023,M,4392847.0,752190.0,06
201800013732,18,10,6,1200,1,1,1,1.0,7.0,06162,M,4406005.0,766186.0,06
201800013733,18,1,9,2115,5,2,1,2.0,1.0,06032,M,4372460.0,739536.0,06
201800013734,18,1,18,1802,5,2,1,1.0,3.0,06150,M,4373357.0,741216.0,06
201800013735,18,1,16,1655,2,2,1,6.0,7.0,06150,M,4374899.0,741456.0,06
201800013736,18,2,1,700,2,1,1,1.0,6.0,06032,M,4372818.0,739579.0,06
201800013737,18,2,23,21,5,2,1,1.0,1.0,06032,M,4372781.0,741232.0,06
201800013738,18,3,6,1145,1,2,1,1.0,5.0,06032,M,4372178.0,739930.0,06
201800013739,18,3,16,1737,1,2,3,1.0,3.0,06150,M,4374899.0,741456.0,06
201800013740,18,4,7,40,5,2,3,1.0,3.0,06032,M,4372678.0,741456.0,06
201800013741,18,4,19,1605,1,1,4,1.0,2.0,06059,M,4373826.0,738676.0,06
201800013742,18,5,2,1053,1,1,1,1.0,2.0,06059,M,4372732.0,738993.0,06
201800013743,18,6,8,1458,1,2,1,1.0,3.0,06032,M,4372568.0,739943.0,06
201800013744,18,6,16,1110,1,2,9,1.0,2.0,06150,M,4373239.0,741157.0,06
201800013745,18,7,9,1530,1,2,1,1.0,7.0,06150,M,4374538.0,739932.0,06
201800013746,18,7,11,1330,1,1,1,1.0,1.0,06150,M,4374688.0,740133.0,06
201800013747,18,7,14,1000,1,2,1,1.0,6.0,06150,M,4375025.0,740675.0,06
201800013748,18,7,19,2150,1,2,2,1.0,3.0,06032,M,4372504.0,740125.0,06
201800013749,18,8,17,5,5,2,1,1.0,3.0,06011,M,4371343.0,733971.0,06
201800013750,18,9,5,1830,1,2,3,1.0,3.0,06059,M,4372982.0,736103.0,06
201800013751,18,9,6,805,2,1,1,1.0,7.0,06059,M,4372712.0,735394.0,06
201800013752,18,9,19,1940,1,2,1,1.0,1.0,06150,M,4373357.0,741216.0,06
201800013753,18,10,9,1545,1,1,1,1.0,7.0,06059,M,4372336.0,734446.0,06
201800013754,18,10,9,1816,1,2,1,1.0,6.0,06150,M,4374688.0,740133.0,06
201800013755,18,10,15,2045,5,2,1,1.0,7.0,06032,M,4372338.0,739204.0,06
201800013756,18,10,17,1745,1,2,1,2.0,2.0,06032,M,4372382.0,738961.0,06
201800013757,18,10,22,925,1,2,1,1.0,7.0,06150,M,4374899.0,741456.0,06
201800013758,18,10,31,1735,2,2,1,8.0,3.0,06150,M,4374935.0,741253.0,06
201800013759,18,11,28,736,1,2,1,1.0,2.0,06032,M,4372568.0,739943.0,06
201800013760,18,12,5,920,1,2,3,1.0,6.0,06032,M,4373110.0,740985.0,06
201800013761,18,2,2,2110,3,1,1,1.0,7.0,06071,M,4408501.0,686945.0,06
201800013762,18,8,10,1750,1,1,1,1.0,6.0,06071,M,4408044.0,688509.0,06
201800013763,18,8,19,1630,1,1,1,1.0,1.0,06160,M,4412001.0,679582.0,06
201800013764,18,8,28,630,2,2,1,1.0,6.0,06016,M,4409522.0,698795.0,06
201800013765,18,9,9,1545,1,1,1,1.0,6.0,06071,M,4404998.0,684266.0,06
201800013766,18,9,9,1645,1,1,1,1.0,6.0,06056,M,4421876.0,674542.0,06
201800013767,18,9,16,1810,1,1,1,1.0,6.0,06160,M,4412001.0,679582.0,06
201800013768,18,1,25,1715,1,2,1,8.0,6.0,06129,M,4408263.0,710583.0,06
201800013769,18,2,27,1200,1,2,1,4.0,6.0,06073,M,4418563.0,715829.0,06
201800013770,18,3,24,940,1,1,1,1.0,3.0,06073,M,4413740.0,710017.0,06
201800013771,18,6,8,1126,1,1,1,1.0,5.0,06144,M,4395888.0,715632.0,06
201800013772,18,6,10,1130,1,1,1,1.0,6.0,06073,M,4420043.0,707339.0,06
201800013773,18,6,10,1800,1,1,1,1.0,6.0,06111,M,4408467.0,709654.0,06
201800013774,18,7,21,1515,1,1,1,1.0,6.0,06129,M,4406863.0,711183.0,06
201800013775,18,7,30,1100,1,1,1,1.0,1.0,06102,M,4404886.0,712890.0,06
201800013776,18,10,4,1140,1,1,1,1.0,7.0,06119,M,4433861.0,685026.0,06
201800013777,18,10,5,1615,1,1,1,1.0,7.0,06073,M,4420126.0,708015.0,06
201800013778,18,6,10,2015,2,2,1,1.0,3.0,06103,M,4401024.0,730822.0,06
201800013779,18,7,4,1435,1,1,1,1.0,1.0,06151,M,4387857.0,719093.0,06
201800013780,18,8,20,630,1,1,1,1.0,1.0,06151,M,4391963.0,726552.0,06
201800013781,18,10,11,1413,1,2,1,2.0,6.0,06127,M,4407071.0,725477.0,06
201800013782,18,11,9,1630,2,1,1,1.0,6.0,06074,M,4394312.0,728278.0,06
201800013783,18,11,17,1619,1,1,1,1.0,3.0,06103,M,4403983.0,729018.0,06
201800013784,18,12,29,2300,5,2,1,1.0,3.0,06103,M,4401888.0,731329.0,06
201800013785,18,2,10,1405,1,1,1,1.0,7.0,72253,M,4789266.0,5241.0,72
201800013786,18,3,2,1037,1,1,1,1.0,1.0,72344,M,4794097.0,14464.0,72
201800013787,18,3,25,1510,1,2,1,1.0,7.0,72075,M,4792839.0,-1528.0,72
201800013788,18,4,3,1805,1,1,1,1.0,1.0,72107,M,4797544.0,-5374.0,72
201800013789,18,4,5,1520,1,1,1,1.0,6.0,72169,M,4793196.0,3896.0,72
201800013790,18,4,17,1430,1,1,1,1.0,6.0,72257,M,4799525.0,14146.0,72
201800013791,18,5,6,930,1,1,1,1.0,3.0,72230,M,4785336.0,13103.0,72
201800013792,18,6,3,1930,1,1,1,1.0,6.0,72166,M,4802035.0,-7540.0,72
201800013793,18,6,6,1620,1,1,1,1.0,5.0,72344,M,4794076.0,14214.0,72
201800013794,18,6,13,1605,1,1,1,1.0,5.0,72169,M,4794490.0,8337.0,72
201800013795,18,7,7,1045,1,1,1,1.0,3.0,72247,M,4798113.0,12362.0,72
201800013796,18,7,8,1735,1,1,1,1.0,6.0,72075,M,4792865.0,-788.0,72
201800013797,18,7,18,740,1,1,1,1.0,2.0,72073,M,4802562.0,6858.0,72
201800013798,18,7,21,1150,1,1,1,1.0,1.0,72344,M,4794022.0,13937.0,72
201800013799,18,8,10,630,1,1,1,1.0,6.0,72344,M,4794103.0,14652.0,72
201800013800,18,9,11,805,1,1,1,7.0,5.0,72247,M,4799012.0,11353.0,72
201800013801,18,9,18,1800,2,1,1,1.0,1.0,72169,M,4793917.0,1559.0,72
201800013802,18,9,28,1515,1,1,1,1.0,1.0,72133,M,4789934.0,12554.0,72
201800013803,18,10,1,1830,1,1,1,1.0,6.0,72367,M,4794408.0,-8956.0,72
201800013804,18,10,4,1625,1,1,1,1.0,7.0,72146,M,4787459.0,11851.0,72
201800013805,18,11,5,1520,1,1,1,1.0,1.0,72253,M,4790960.0,3526.0,72
201800013806,18,11,7,1100,1,1,1,2.0,7.0,72257,M,4800480.0,15522.0,72
201800013807,18,11,5,830,1,1,1,1.0,2.0,72381,M,4792020.0,9044.0,72
201800013808,18,11,23,1315,1,1,1,1.0,1.0,72381,M,4793711.0,10712.0,72
201800013809,18,12,4,30,5,2,1,2.0,7.0,72004,M,4804249.0,-5528.0,72
201800013810,18,12,9,100,3,1,1,3.0,6.0,72074,M,4805642.0,-20596.0,72
201800013811,18,12,10,1035,1,1,1,1.0,5.0,72344,M,4792328.0,16190.0,72
201800013812,18,12,17,1020,1,1,2,8.0,3.0,72247,M,4799740.0,12115.0,72
201800013813,18,12,17,1715,3,1,1,1.0,3.0,72073,M,4802461.0,6972.0,72
201800013814,18,1,14,1900,3,1,9,5.0,1.0,72290,M,4816845.0,11924.0,72
201800013815,18,1,24,1735,1,1,1,1.0,5.0,72329,M,4806159.0,29188.0,72
201800013816,18,2,14,1345,1,1,1,2.0,5.0,72329,M,4807037.0,29575.0,72
201800013817,18,5,18,1730,1,2,1,1.0,5.0,72290,M,4814936.0,12845.0,72
201800013818,18,5,24,2115,1,2,1,1.0,7.0,72289,M,4813718.0,17009.0,72
201800013819,18,9,20,1715,1,1,1,1.0,4.0,72217,M,4809934.0,17910.0,72
201800013820,18,8,14,1815,1,1,1,1.0,1.0,72338,M,4811907.0,16109.0,72
201800013821,18,10,3,630,5,2,1,1.0,6.0,72023,M,4817435.0,23813.0,72
201800013822,18,9,27,1600,1,2,1,1.0,6.0,72275,M,4806705.0,34285.0,72
201800013823,18,10,10,2257,3,1,1,8.0,1.0,72329,M,4805452.0,26659.0,72
201800013824,18,10,17,2108,3,1,1,1.0,1.0,72359,M,4812464.0,36774.0,72
201800013825,18,11,23,955,1,1,1,1.0,3.0,72101,M,4815674.0,32920.0,72
201800013826,18,12,12,1820,3,1,1,1.0,3.0,72275,M,4807393.0,34448.0,72
201800013827,18,12,29,410,3,1,1,1.0,7.0,72023,M,4816279.0,24871.0,72
201800013828,18,3,22,230,3,1,1,1.0,6.0,72042,M,4796870.0,49508.0,72
201800013829,18,4,19,650,2,1,1,1.0,3.0,72125,M,4795566.0,61834.0,72
201800013830,18,5,12,955,1,2,1,1.0,6.0,72042,M,4797178.0,55833.0,72
201800013831,18,5,16,1800,1,1,1,1.0,1.0,72382,M,4796052.0,46024.0,72
201800013832,18,5,20,1955,1,1,1,1.0,6.0,72373,M,4804794.0,74008.0,72
201800013833,18,6,30,1015,1,1,1,7.0,6.0,72382,M,4795470.0,46102.0,72
201800013834,18,7,1,2240,3,2,1,3.0,6.0,72269,M,4792493.0,74296.0,72
201800013835,18,7,8,1040,1,1,1,1.0,6.0,72158,M,4805188.0,66053.0,72
201800013836,18,7,11,1745,1,1,1,1.0,4.0,72269,M,4792809.0,72084.0,72
201800013837,18,7,14,1200,1,2,1,1.0,6.0,72035,M,4783357.0,75411.0,72
201800013838,18,11,10,1940,5,2,1,2.0,6.0,72269,M,4792365.0,75325.0,72
201800013839,18,11,24,1110,1,2,1,1.0,1.0,72269,M,4792466.0,74446.0,72
201800013840,18,12,5,1745,3,1,1,2.0,6.0,72373,M,4805779.0,72101.0,72
201800013841,18,12,5,2130,5,2,1,2.0,7.0,72269,M,4792207.0,74259.0,72
201800013842,18,12,9,1948,3,1,6,1.0,2.0,72269,M,4792927.0,71589.0,72
201800013843,18,12,30,238,3,1,1,5.0,6.0,72042,M,4795587.0,52029.0,72
201800013844,18,1,8,1030,1,2,1,1.0,6.0,72241,M,4805248.0,41638.0,72
201800013845,18,2,17,725,2,1,1,2.0,1.0,72122,M,4806521.0,51317.0,72
201800013846,18,2,23,805,1,2,1,1.0,3.0,72241,M,4805806.0,40256.0,72
201800013847,18,3,15,1145,1,1,1,1.0,5.0,72122,M,4806873.0,52633.0,72
201800013848,18,3,17,1505,1,2,6,1.0,7.0,72386,M,4801479.0,26512.0,72
201800013849,18,3,21,758,1,2,6,1.0,3.0,72046,M,4800482.0,48161.0,72
201800013850,18,5,12,720,1,1,1,1.0,3.0,72300,M,4803678.0,38644.0,72
201800013851,18,5,18,1230,1,1,3,1.0,3.0,72007,M,4800146.0,41459.0,72
201800013852,18,7,2,745,1,1,1,2.0,3.0,72054,M,4800826.0,32788.0,72
201800013853,18,7,11,500,3,1,1,1.0,6.0,72031,M,4806745.0,48906.0,72
201800013854,18,8,23,1415,1,2,1,1.0,1.0,72090,M,4805631.0,49293.0,72
201800013855,18,8,30,1545,1,2,1,1.0,3.0,72358,M,4804018.0,53630.0,72
201800013856,18,9,3,1450,1,2,1,1.0,3.0,72241,M,4804733.0,40401.0,72
201800013857,18,9,18,1200,1,1,1,1.0,7.0,72341,M,4803530.0,42963.0,72
201800013858,18,9,19,1240,1,2,1,1.0,6.0,72054,M,4801956.0,33174.0,72
201800013859,18,9,20,1330,1,1,1,1.0,7.0,72090,M,4803978.0,47294.0,72
201800013860,18,9,21,2000,2,1,1,1.0,1.0,72386,M,4802486.0,27820.0,72
201800013861,18,9,23,1020,1,1,1,2.0,6.0,72358,M,4801678.0,55073.0,72
201800013862,18,9,25,1725,1,1,1,1.0,3.0,72129,M,4804395.0,33425.0,72
201800013863,18,10,1,1140,1,1,1,1.0,7.0,72386,M,4801167.0,25634.0,72
201800013864,18,10,26,1755,2,1,1,2.0,7.0,72363,M,4812477.0,51749.0,72
201800013865,18,12,8,1710,2,1,1,2.0,6.0,72241,M,4805220.0,43242.0,72
201800013866,18,12,26,1800,3,1,1,1.0,6.0,72386,M,4801177.0,28095.0,72
201800013867,18,1,9,515,5,2,2,1.0,2.0,72334,M,4818348.0,-12734.0,72
201800013868,18,5,10,1055,1,1,1,1.0,2.0,72198,M,4807021.0,14170.0,72
201800013869,18,6,5,815,1,1,1,8.0,1.0,72351,M,4809989.0,-7286.0,72
201800013870,18,10,11,2200,3,1,1,8.0,5.0,72320,M,4806136.0,16114.0,72
201800013871,18,11,29,1415,1,2,1,1.0,6.0,72320,M,4806396.0,16351.0,72
201800013872,18,1,26,1810,3,2,1,2.0,7.0,72071,M,4769659.0,41652.0,72
201800013873,18,2,26,1340,1,1,1,7.0,3.0,72115,M,4766771.0,45287.0,72
201800013874,18,3,14,1455,1,2,1,1.0,3.0,72262,M,4774955.0,62136.0,72
201800013875,18,3,18,1600,1,2,1,1.0,6.0,72071,M,4769437.0,41948.0,72
201800013876,18,4,2,1130,1,2,1,1.0,6.0,72153,M,4779236.0,41167.0,72
201800013877,18,5,6,2050,2,2,1,1.0,1.0,72173,M,4771924.0,40044.0,72
201800013878,18,5,25,530,2,2,1,1.0,3.0,72143,M,4786989.0,46784.0,72
201800013879,18,5,29,1445,1,1,1,1.0,3.0,72376,M,4786942.0,49503.0,72
201800013880,18,7,6,1600,1,1,1,1.0,1.0,72173,M,4772082.0,39964.0,72
201800013881,18,9,8,1245,1,2,1,1.0,2.0,72183,M,4771250.0,51307.0,72
201800013882,18,10,23,825,1,2,6,1.0,6.0,72071,M,4769398.0,41993.0,72
201800013883,18,12,1,810,1,2,1,8.0,3.0,72262,M,4774688.0,60738.0,72
201800013884,18,12,3,1855,3,1,1,8.0,6.0,72262,M,4775708.0,61735.0,72
201800013885,18,3,30,1605,1,1,1,1.0,1.0,72019,M,4794838.0,-27381.0,72
201800013886,18,5,6,128,3,1,1,1.0,6.0,72195,M,4780291.0,-6674.0,72
201800013887,18,5,8,1528,1,1,1,1.0,7.0,72179,M,4782766.0,-6363.0,72
201800013888,18,5,10,1830,1,2,1,1.0,3.0,72050,M,4797784.0,-22919.0,72
201800013889,18,5,15,1410,1,2,1,1.0,6.0,72223,M,4787000.0,-9806.0,72
201800013890,18,5,18,2030,1,2,1,1.0,7.0,72228,M,4782829.0,-16339.0,72
201800013891,18,6,7,750,1,2,1,2.0,1.0,72050,M,4796950.0,-23178.0,72
201800013892,18,7,5,900,1,1,1,1.0,6.0,72059,M,4791899.0,-17267.0,72
201800013893,18,7,21,1135,1,1,1,1.0,7.0,72136,M,4790239.0,-21853.0,72
201800013894,18,7,22,715,1,1,1,1.0,7.0,72021,M,4787047.0,-20149.0,72
201800013895,18,8,4,500,3,1,1,1.0,6.0,72293,M,4785865.0,-1172.0,72
201800013896,18,9,21,1545,1,1,1,1.0,6.0,72059,M,4791112.0,-16623.0,72
201800013897,18,10,6,1700,1,1,1,3.0,6.0,72022,M,4774466.0,-17637.0,72
201800013898,18,10,22,440,3,1,1,1.0,2.0,72022,M,4777886.0,-15568.0,72
201800013899,18,11,1,1128,1,2,1,1.0,6.0,72179,M,4781324.0,-8026.0,72
201800013900,18,11,7,920,1,2,1,1.0,6.0,72163,M,4777115.0,913.0,72
201800013901,18,11,13,950,1,1,1,1.0,3.0,72228,M,4781008.0,-20399.0,72
201800013902,18,11,18,607,3,1,1,1.0,6.0,72022,M,4775568.0,-16813.0,72
201800013903,18,12,22,1455,1,1,1,1.0,6.0,72083,M,4794178.0,-20559.0,72
201800013904,18,2,22,1845,2,1,1,1.0,7.0,72291,M,4776631.0,3844.0,72
201800013905,18,4,3,1740,1,2,1,1.0,2.0,72176,M,4763482.0,14869.0,72
201800013906,18,4,12,1855,1,1,1,3.0,5.0,72252,M,4778356.0,18083.0,72
201800013907,18,7,15,2140,1,2,1,1.0,6.0,72176,M,4764122.0,16251.0,72
201800013908,18,8,3,2130,3,1,1,1.0,7.0,72049,M,4764457.0,34920.0,72
201800013909,18,9,23,830,1,1,9,2.0,6.0,72243,M,4779367.0,18144.0,72
201800013910,18,12,23,1047,1,1,1,2.0,6.0,72077,M,4762109.0,34205.0,72
201800013911,18,1,2,140,3,1,1,1.0,6.0,72238,M,4832177.0,33312.0,72
201800013912,18,1,20,1450,1,1,2,2.0,3.0,72039,M,4817372.0,41445.0,72
201800013913,18,1,20,1750,2,1,1,2.0,1.0,72180,M,4835945.0,37538.0,72
201800013914,18,1,29,1030,1,1,1,2.0,3.0,72180,M,4836391.0,37316.0,72
201800013915,18,1,30,1820,5,2,1,2.0,6.0,72316,M,4830770.0,40120.0,72
201800013916,18,2,7,1630,1,2,1,1.0,6.0,72180,M,4835575.0,36850.0,72
201800013917,18,2,26,1648,1,1,1,1.0,2.0,72295,M,4835052.0,34010.0,72
201800013918,18,3,13,1030,1,2,1,1.0,6.0,72276,M,4827336.0,45885.0,72
201800013919,18,4,2,1500,1,1,1,2.0,6.0,72202,M,4828659.0,30915.0,72
201800013920,18,5,24,1145,1,2,2,1.0,3.0,72180,M,4834775.0,37965.0,72
201800013921,18,5,26,1540,1,2,1,7.0,6.0,72276,M,4827840.0,45778.0,72
201800013922,18,6,2,1700,1,1,1,1.0,6.0,72222,M,4823906.0,22981.0,72
201800013923,18,7,21,1810,1,1,1,1.0,6.0,72233,M,4825250.0,36899.0,72
201800013924,18,7,29,1230,1,1,1,8.0,6.0,72196,M,4818234.0,30954.0,72
201800013925,18,8,12,1630,1,2,1,1.0,6.0,72276,M,4827350.0,45147.0,72
201800013926,18,8,28,2200,3,1,1,1.0,6.0,72088,M,4821167.0,23912.0,72
201800013927,18,9,30,300,3,1,1,1.0,6.0,72112,M,4824913.0,26476.0,72
201800013928,18,10,4,1855,1,2,1,1.0,6.0,72180,M,4835006.0,37936.0,72
201800013929,18,11,14,910,1,1,1,1.0,6.0,72039,M,4819872.0,44412.0,72
201800013930,18,11,27,915,1,1,2,2.0,3.0,72048,M,4818090.0,38372.0,72
201800013931,18,12,4,1350,1,1,1,1.0,2.0,72039,M,4817506.0,42966.0,72
201800013932,18,12,5,1530,1,2,1,1.0,6.0,72180,M,4835177.0,36241.0,72
201800013933,18,12,9,1525,1,1,1,2.0,7.0,72112,M,4823318.0,24964.0,72
201800013934,18,12,9,1910,3,2,1,1.0,6.0,72354,M,4828948.0,25164.0,72
201800013935,18,1,16,20,3,1,1,2.0,6.0,72105,M,4816027.0,72957.0,72
201800013936,18,2,8,230,5,2,1,1.0,6.0,72132,M,4818425.0,64918.0,72
201800013937,18,4,4,830,1,1,1,1.0,6.0,72144,M,4812098.0,78393.0,72
201800013938,18,4,8,410,3,1,1,2.0,6.0,72057,M,4807551.0,72852.0,72
201800013939,18,5,11,1910,1,1,1,1.0,6.0,72080,M,4813891.0,62447.0,72
201800013940,18,7,8,100,3,1,1,1.0,6.0,72038,M,4813482.0,57318.0,72
201800013941,18,8,16,1800,1,1,1,1.0,1.0,72296,M,4811683.0,61133.0,72
201800013942,18,1,5,830,2,1,1,1.0,3.0,72318,M,4840101.0,17232.0,72
201800013943,18,1,14,1515,1,2,1,1.0,6.0,72037,M,4845904.0,34777.0,72
201800013944,18,1,30,1715,1,1,1,1.0,1.0,72305,M,4829441.0,3501.0,72
201800013945,18,3,6,1700,1,1,1,2.0,6.0,72199,M,4824983.0,8228.0,72
201800013946,18,5,14,830,1,1,1,1.0,1.0,72282,M,4829814.0,-11013.0,72
201800013947,18,6,2,1135,1,1,1,1.0,6.0,72266,M,4826633.0,-188.0,72
201800013948,18,8,6,1120,1,1,1,1.0,6.0,72006,M,4839552.0,7041.0,72
201800013949,18,9,28,1130,1,2,2,1.0,3.0,72225,M,4834195.0,9206.0,72
201800013950,18,10,24,700,3,1,1,1.0,7.0,72011,M,4834518.0,718.0,72
201800013951,18,11,4,1710,1,1,1,1.0,6.0,72199,M,4825867.0,7906.0,72
201800013952,18,11,17,1215,1,1,1,1.0,7.0,72005,M,4836020.0,17356.0,72
201800013953,18,12,22,730,3,1,1,1.0,6.0,72011,M,4834743.0,910.0,72
201800013954,18,6,14,1525,1,1,1,1.0,7.0,54027,M,4889324.0,613019.0,54
201800013955,18,10,7,930,1,1,2,1.0,3.0,54072,M,4884924.0,609483.0,54
201800013956,18,10,11,1635,1,2,1,7.0,6.0,54157,M,4884067.0,606119.0,54
201800013957,18,10,12,1152,1,1,3,7.0,7.0,54024,M,4884159.0,628432.0,54
201800013958,18,11,3,1710,2,1,2,1.0,3.0,54315,M,4880478.0,627574.0,54
201800013959,18,12,8,2058,3,1,1,6.0,6.0,54589,M,4896775.0,605120.0,54
201800013960,18,7,2,1715,1,2,6,1.0,6.0,54425,M,4930900.0,576537.0,54
201800013961,18,8,12,1755,1,2,3,1.0,1.0,54425,M,4930219.0,579136.0,54
201800013962,18,9,22,1700,1,1,1,1.0,6.0,54004,M,4926397.0,577639.0,54
201800013963,18,10,28,1845,5,2,1,1.0,6.0,54425,M,4930238.0,578633.0,54
201800013964,18,11,1,520,3,1,3,1.0,3.0,54069,M,4940105.0,592502.0,54
201800013965,18,12,22,1830,5,2,3,2.0,6.0,54533,M,4932466.0,593560.0,54
201800013966,18,2,9,1030,1,2,2,1.0,3.0,54152,M,4855714.0,638737.0,54
201800013967,18,5,12,1745,1,1,1,1.0,7.0,54256,M,4852466.0,632741.0,54
201800013968,18,5,21,1745,1,1,1,1.0,7.0,54561,M,4844197.0,646061.0,54
201800013969,18,5,22,1800,1,2,1,1.0,6.0,54152,M,4856757.0,638517.0,54
201800013970,18,7,1,430,2,1,1,1.0,3.0,54455,M,4846062.0,646505.0,54
201800013971,18,7,13,1415,1,1,4,7.0,6.0,54449,M,4857541.0,648224.0,54
201800013972,18,8,2,1630,1,1,1,1.0,6.0,54595,M,4853939.0,647759.0,54
201800013973,18,8,7,1100,1,2,1,1.0,1.0,54222,M,4849662.0,650967.0,54
201800013974,18,8,10,1850,1,2,4,1.0,6.0,54467,M,4845248.0,643758.0,54
201800013975,18,9,3,1415,1,1,1,1.0,6.0,54449,M,4856813.0,647574.0,54
201800013976,18,9,24,1525,1,1,4,1.0,6.0,54449,M,4857517.0,648624.0,54
201800013977,18,12,17,1741,5,1,1,1.0,3.0,54076,M,4855624.0,642007.0,54
201800013978,18,4,8,1609,1,1,1,1.0,6.0,54427,M,4845555.0,692458.0,54
201800013979,18,6,9,1455,1,1,1,3.0,7.0,54040,M,4849991.0,690627.0,54
201800013980,18,1,18,1720,2,2,1,3.0,6.0,54135,M,4852622.0,589662.0,54
201800013981,18,3,9,1850,3,1,2,1.0,6.0,54088,M,4874364.0,586467.0,54
201800013982,18,3,29,545,3,1,1,1.0,6.0,54135,M,4853542.0,589659.0,54
201800013983,18,4,8,1700,1,1,1,1.0,7.0,54080,M,4860636.0,581736.0,54
201800013984,18,4,15,1710,1,2,3,1.0,3.0,54189,M,4846724.0,595371.0,54
201800013985,18,5,18,1725,1,1,1,7.0,4.0,54135,M,4853016.0,588013.0,54
201800013986,18,7,8,230,3,1,1,1.0,6.0,54102,M,4871144.0,586737.0,54
201800013987,18,7,15,1010,1,1,3,1.0,3.0,54496,M,4853684.0,581544.0,54
201800013988,18,7,30,1215,1,1,1,1.0,6.0,54135,M,4851482.0,590029.0,54
201800013989,18,10,6,1640,1,2,1,1.0,6.0,54232,M,4869272.0,595969.0,54
201800013990,18,11,6,755,2,1,1,5.0,6.0,54080,M,4860271.0,584378.0,54
201800013991,18,11,23,1600,1,1,1,8.0,6.0,54523,M,4856746.0,594899.0,54
201800013992,18,12,21,1605,1,1,3,2.0,3.0,54205,M,4867126.0,580183.0,54
201800013993,18,1,19,2210,3,1,1,2.0,6.0,54182,M,4891052.0,581841.0,54
201800013994,18,1,24,1000,1,1,1,1.0,6.0,54182,M,4891052.0,581841.0,54
201800013995,18,3,31,1645,1,1,1,1.0,7.0,54087,M,4893964.0,583867.0,54
201800013996,18,5,26,1130,1,1,1,1.0,7.0,54470,M,4888109.0,579081.0,54
201800013997,18,8,12,2115,2,2,3,1.0,2.0,54518,M,4895638.0,586631.0,54
201800013998,18,8,20,907,1,2,1,1.0,6.0,54415,M,4898341.0,602140.0,54
201800013999,18,9,11,1915,1,1,1,1.0,6.0,54055,M,4901611.0,600223.0,54
201800014000,18,9,29,1400,1,1,9,1.0,7.0,54182,M,4892375.0,581536.0,54
201800014001,18,11,7,1620,1,2,9,2.0,6.0,54415,M,4899351.0,602972.0,54
201800014002,18,11,12,1650,2,2,4,8.0,6.0,54415,M,4898587.0,602464.0,54
201800014003,18,11,25,200,3,1,1,1.0,7.0,54435,M,4896086.0,592521.0,54
201800014004,18,12,4,1405,1,2,2,1.0,3.0,54415,M,4898376.0,602017.0,54
201800014005,18,12,13,1814,3,1,1,1.0,1.0,54415,M,4899498.0,603098.0,54
201800014006,18,12,15,500,5,2,3,1.0,6.0,54415,M,4898324.0,601881.0,54
201800014007,18,1,12,2000,3,1,1,1.0,5.0,66160,M,4249411.0,271963.0,66
201800014008,18,3,5,1200,1,2,1,1.0,1.0,66009,M,,,66
201800014009,18,4,7,1806,1,1,1,1.0,4.0,66009,M,,,66
201800014010,18,6,12,1920,1,2,1,1.0,3.0,66009,M,4245820.0,263643.0,66
201800014011,18,7,15,950,1,1,1,1.0,7.0,66150,M,4238392.0,250263.0,66
201800014012,18,7,15,1910,1,1,1,1.0,6.0,66150,M,4238924.0,249320.0,66
201800014013,18,10,23,1930,3,1,1,1.0,6.0,66003,M,4247307.0,266044.0,66
201800014014,18,11,15,1825,5,2,3,3.0,6.0,66049,M,4249596.0,274465.0,66
201800014015,18,1,8,1428,1,2,1,1.0,6.0,14079,M,4933810.0,2673.0,14
201800014016,18,1,9,1915,5,2,3,1.0,1.0,14699,M,4934680.0,9709.0,14
201800014017,18,1,21,1603,1,2,8,2.0,3.0,14557,M,4933930.0,10012.0,14
201800014018,18,2,6,2020,5,2,2,1.0,3.0,14699,M,4935280.0,9493.0,14
201800014019,18,2,17,1500,1,2,1,1.0,4.0,14715,M,4936100.0,8792.0,14
201800014020,18,2,18,2350,3,1,4,2.0,6.0,14699,M,4935040.0,11833.0,14
201800014021,18,2,17,1740,1,1,2,1.0,3.0,14079,M,4930710.0,4083.0,14
201800014022,18,2,21,1925,4,2,1,1.0,2.0,14699,M,4934470.0,9909.0,14
201800014023,18,3,4,1448,1,2,2,7.0,6.0,14220,M,4936280.0,7443.0,14
201800014024,18,3,10,1314,1,1,1,1.0,6.0,14715,M,4936550.0,10113.0,14
201800014025,18,3,14,254,3,1,1,1.0,6.0,14079,M,4932420.0,2860.0,14
201800014026,18,4,25,1324,1,1,1,1.0,7.0,14701,M,4930345.0,8186.0,14