Num_Acc,an,mois,jour,hrmn,lum,agg,int,atm,col,com,gps,lat,long,dep
201800014648,18,8,3,835,1,1,1,1.0,3.0,03052,M,4633594.0,268243.0,03
201800014649,18,9,2,1730,1,1,1,1.0,1.0,03106,M,4626014.0,268349.0,03
201800014650,18,9,4,1505,1,2,1,1.0,6.0,03082,M,4627292.0,274241.0,03
201800014651,18,10,16,2045,3,1,1,1.0,6.0,03161,M,4618756.0,263130.0,03
201800014652,18,11,30,1535,1,2,1,2.0,6.0,03082,M,4629151.0,273660.0,03
201800014653,18,12,10,1600,1,1,1,1.0,7.0,03129,M,4627867.0,281643.0,03
201800014654,18,12,25,2045,3,1,1,1.0,6.0,03231,M,4614601.0,263719.0,03
201800014655,18,12,30,600,3,1,1,1.0,6.0,03052,M,4633469.0,268906.0,03
201800014656,18,2,23,1830,3,1,1,1.0,7.0,03258,M,4618335.0,338985.0,03
201800014657,18,3,31,1145,1,1,1,1.0,3.0,03126,M,4607734.0,343899.0,03
201800014658,18,4,8,1325,1,1,1,2.0,1.0,03044,M,4607918.0,336833.0,03
201800014659,18,5,2,2330,3,2,1,1.0,6.0,03304,M,4617149.0,336449.0,03
201800014660,18,5,15,1815,1,2,1,1.0,1.0,03264,M,4607335.0,345927.0,03
201800014661,18,6,10,1918,1,2,1,2.0,3.0,03029,M,4623189.0,344009.0,03
201800014662,18,6,23,1600,1,1,1,1.0,3.0,03258,M,4617767.0,340143.0,03
201800014663,18,7,22,1735,1,2,1,1.0,1.0,03258,M,4619287.0,338334.0,03
201800014664,18,8,14,1740,1,2,2,1.0,6.0,03060,M,4615261.0,339358.0,03
201800014665,18,11,30,1640,1,1,1,1.0,1.0,03271,M,4609097.0,333225.0,03
201800014666,18,3,5,1900,2,1,1,1.0,3.0,03118,M,4611128.0,320607.0,03
201800014667,18,3,9,2041,3,1,1,1.0,6.0,03107,M,4611081.0,307758.0,03
201800014668,18,4,11,2345,3,1,1,1.0,7.0,03107,M,4611445.0,311521.0,03
201800014669,18,4,16,1730,1,1,1,7.0,7.0,03118,M,4610969.0,320207.0,03
201800014670,18,5,12,1148,1,2,1,1.0,1.0,03118,M,4609407.0,319791.0,03
201800014671,18,5,13,1750,1,2,1,8.0,1.0,03118,M,4609787.0,319863.0,03
201800014672,18,5,26,540,2,1,1,1.0,6.0,03109,M,4615439.0,326450.0,03
201800014673,18,6,19,530,2,2,1,1.0,6.0,03118,M,4609509.0,319860.0,03
201800014674,18,6,21,530,2,2,1,1.0,1.0,03109,M,4615164.0,326632.0,03
201800014675,18,7,3,1240,1,1,1,7.0,7.0,03030,M,4607533.0,329797.0,03
201800014676,18,8,4,1650,1,2,2,7.0,3.0,03107,M,4611420.0,308363.0,03
201800014677,18,8,16,1545,1,1,1,1.0,1.0,03043,M,4620278.0,327576.0,03
201800014678,18,9,20,1820,1,1,3,7.0,3.0,03164,M,4617895.0,325111.0,03
201800014679,18,10,3,1225,1,1,2,2.0,7.0,03164,M,4616355.0,324685.0,03
201800014680,18,10,22,1348,1,2,1,1.0,1.0,03109,M,4614767.0,326646.0,03
201800014681,18,10,27,945,1,1,1,2.0,1.0,03043,M,4619525.0,329750.0,03
201800014682,18,11,11,1230,1,2,1,1.0,1.0,03133,M,4615501.0,319320.0,03
201800014683,18,12,19,1430,1,2,3,8.0,3.0,03268,M,4613434.0,322384.0,03
201800014684,18,12,22,2205,3,1,1,1.0,1.0,03030,M,4607184.0,331372.0,03
201800014685,18,1,2,1445,1,1,1,2.0,7.0,03103,M,4635203.0,379943.0,03
201800014686,18,1,15,1600,1,2,9,1.0,7.0,03103,M,4635012.0,379334.0,03
201800014687,18,2,5,1535,1,1,1,4.0,7.0,03103,M,4634488.0,379951.0,03
201800014688,18,3,7,1810,1,1,1,1.0,1.0,03138,M,4623804.0,360573.0,03
201800014689,18,3,17,1700,1,1,1,1.0,1.0,03257,M,4620725.0,364044.0,03
201800014690,18,4,9,2300,3,1,1,1.0,6.0,03138,M,4624757.0,360668.0,03
201800014691,18,4,11,1515,1,1,2,1.0,3.0,03230,M,4619364.0,353188.0,03
201800014692,18,5,6,1500,1,1,9,1.0,1.0,03154,M,4636628.0,397092.0,03
201800014693,18,5,8,1945,2,1,1,1.0,7.0,03138,M,4628175.0,363239.0,03
201800014694,18,5,20,1130,1,1,1,1.0,2.0,03289,M,4636765.0,351983.0,03
201800014695,18,6,2,1220,1,1,1,1.0,7.0,03272,M,4628251.0,358437.0,03
201800014696,18,7,4,1615,1,1,3,1.0,1.0,03272,M,4628435.0,358548.0,03
201800014697,18,7,5,1205,1,1,1,2.0,7.0,03239,M,4639677.0,391302.0,03
201800014698,18,7,13,2020,1,2,1,1.0,7.0,03103,M,4635318.0,379234.0,03
201800014699,18,7,13,1535,1,1,1,1.0,7.0,03240,M,4643129.0,365324.0,03
201800014700,18,7,15,1,3,1,1,1.0,7.0,03205,M,4624223.0,354439.0,03
201800014701,18,7,25,1800,1,2,2,1.0,1.0,03138,M,4624945.0,362764.0,03
201800014702,18,10,8,1745,1,1,1,1.0,6.0,03289,M,4637275.0,350814.0,03
201800014703,18,10,22,1720,1,1,1,1.0,6.0,03208,M,4641839.0,391569.0,03
201800014704,18,10,31,1015,1,1,1,1.0,1.0,03208,M,4642717.0,387544.0,03
201800014705,18,11,2,1320,1,1,1,1.0,1.0,03205,M,4622742.0,357970.0,03
201800014706,18,11,23,1045,1,1,3,1.0,3.0,03138,M,4623985.0,360861.0,03
201800014707,18,12,9,245,3,1,1,6.0,7.0,03014,M,4632159.0,396320.0,03
201800014708,18,2,15,1415,1,2,2,1.0,3.0,03254,M,4630844.0,329175.0,03
201800014709,18,7,15,1430,1,2,1,1.0,7.0,03254,M,4631718.0,330632.0,03
201800014710,18,7,19,1215,1,1,1,7.0,7.0,03018,M,4626335.0,328628.0,03
201800014711,18,7,29,955,1,1,1,1.0,6.0,03175,M,4628162.0,311751.0,03
201800014712,18,8,10,2140,2,1,1,1.0,1.0,03176,M,4637625.0,330255.0,03
201800014713,18,8,24,654,3,1,1,8.0,6.0,03227,M,4624782.0,336412.0,03
201800014714,18,9,7,2355,3,1,1,1.0,7.0,03267,M,4633327.0,327894.0,03
201800014715,18,10,22,822,2,2,6,1.0,7.0,03254,M,4630560.0,329110.0,03
201800014716,18,10,23,1750,1,1,1,1.0,7.0,03018,M,4627716.0,329182.0,03
201800014717,18,11,11,1345,1,1,2,1.0,1.0,03204,M,4632030.0,335910.0,03
201800014718,18,11,14,1230,1,2,1,1.0,6.0,03254,M,4631167.0,327993.0,03
201800014719,18,1,28,1425,1,1,3,1.0,3.0,84023,M,4382561.0,537466.0,84
201800014720,18,4,5,1815,1,1,1,1.0,3.0,84051,M,4387959.0,522796.0,84
201800014721,18,5,2,130,3,1,1,1.0,6.0,84050,M,4389793.0,519029.0,84
201800014722,18,6,8,835,1,1,1,1.0,6.0,84102,M,4390137.0,529211.0,84
201800014723,18,6,17,630,2,1,2,1.0,1.0,84020,M,4384690.0,528470.0,84
201800014724,18,6,23,955,1,2,1,1.0,6.0,84050,M,4390966.0,519722.0,84
201800014725,18,6,30,1530,1,1,1,1.0,2.0,84102,M,4386422.0,530026.0,84
201800014726,18,1,24,750,1,1,1,1.0,1.0,84010,M,4369972.0,557547.0,84
201800014727,18,2,6,2100,3,2,1,2.0,6.0,84089,M,4368673.0,550614.0,84
201800014728,18,2,19,2100,3,1,1,1.0,7.0,84133,M,4372975.0,553917.0,84
201800014729,18,3,7,1445,1,1,1,1.0,3.0,84076,M,4370054.0,568013.0,84
201800014730,18,3,15,1620,2,1,1,2.0,1.0,84014,M,4371811.0,571987.0,84
201800014731,18,4,17,1545,1,1,1,1.0,6.0,84010,M,4369022.0,557405.0,84
201800014732,18,4,20,2355,3,1,1,1.0,6.0,84076,M,4369986.0,567236.0,84
201800014733,18,5,18,1550,1,1,3,1.0,6.0,84009,M,4380184.0,564613.0,84
201800014734,18,5,29,2255,3,2,1,1.0,6.0,84089,M,4368946.0,547186.0,84
201800014735,18,6,10,1906,1,1,1,1.0,6.0,84090,M,4378211.0,556149.0,84
201800014736,18,6,20,1040,1,2,1,1.0,6.0,84089,M,4369801.0,550198.0,84
201800014737,18,7,15,2000,1,2,4,1.0,6.0,84089,M,4369644.0,551078.0,84
201800014738,18,7,27,1800,1,1,1,1.0,6.0,84076,M,4370054.0,568013.0,84
201800014739,18,7,31,535,2,1,1,1.0,7.0,84014,M,4371811.0,571987.0,84
201800014740,18,8,7,855,1,2,1,1.0,6.0,84133,M,4372646.0,554638.0,84
201800014741,18,8,27,1205,1,1,1,1.0,3.0,84089,M,4370862.0,551969.0,84
201800014742,18,8,28,1536,1,2,3,1.0,6.0,84133,M,4372546.0,554789.0,84
201800014743,18,9,23,930,1,2,6,7.0,2.0,84089,M,4369849.0,550212.0,84
201800014744,18,10,5,845,1,2,1,1.0,6.0,84089,M,4369917.0,550429.0,84
201800014745,18,12,11,1700,2,1,1,1.0,1.0,84002,M,4373774.0,550868.0,84
201800014746,18,12,14,1445,1,1,1,1.0,6.0,84089,M,4368539.0,548599.0,84
201800014747,18,12,14,1800,3,1,1,1.0,7.0,84002,M,4373145.0,551012.0,84
201800014748,18,1,29,1515,1,1,1,1.0,1.0,84017,M,4411906.0,519842.0,84
201800014749,18,1,30,1830,3,1,1,1.0,7.0,84072,M,4407856.0,513834.0,84
201800014750,18,4,23,1720,1,1,1,1.0,1.0,84072,M,4405662.0,515424.0,84
201800014751,18,4,24,2230,3,1,1,1.0,7.0,84123,M,4408081.0,544527.0,84
201800014752,18,5,11,1130,1,1,1,1.0,6.0,84123,M,4407348.0,545453.0,84
201800014753,18,5,15,1710,1,1,3,1.0,2.0,84077,M,4408680.0,512209.0,84
201800014754,18,6,23,255,3,1,1,1.0,7.0,84041,M,4410428.0,514388.0,84
201800014755,18,6,28,1815,1,1,1,1.0,1.0,84079,M,4407139.0,535389.0,84
201800014756,18,7,23,1530,1,1,1,1.0,7.0,84120,M,4408726.0,546898.0,84
201800014757,18,9,22,1530,1,1,1,1.0,1.0,84017,M,4414323.0,528064.0,84
201800014758,18,10,15,1345,1,1,1,1.0,6.0,84082,M,4405876.0,518943.0,84
201800014759,18,1,30,804,1,1,1,5.0,1.0,02088,M,4948926.0,371137.0,02
201800014760,18,2,8,2215,3,2,9,4.0,6.0,02080,M,4959836.0,358406.0,02
201800014761,18,4,22,1400,1,1,1,1.0,7.0,02027,M,4969880.0,362278.0,02
201800014762,18,6,10,1735,1,2,1,1.0,3.0,02737,M,4973061.0,389283.0,02
201800014763,18,6,30,1345,1,1,1,1.0,7.0,02827,M,4974370.0,375907.0,02
201800014764,18,7,19,1035,1,2,1,1.0,1.0,02128,M,4953101.0,365420.0,02
201800014765,18,9,27,1150,1,1,1,1.0,6.0,02128,M,4954774.0,367476.0,02
201800014766,18,10,30,1645,1,1,1,3.0,1.0,02513,M,4969868.0,391124.0,02
201800014767,18,11,22,1725,3,1,1,1.0,7.0,02128,M,4949964.0,366946.0,02
201800014768,18,1,7,1145,1,1,1,6.0,7.0,02431,M,4969362.0,329992.0,02
201800014769,18,1,12,1800,2,2,1,1.0,2.0,02746,M,4968794.0,335287.0,02
201800014770,18,1,13,1715,2,1,6,1.0,3.0,02173,M,4963005.0,321029.0,02
201800014771,18,1,20,1905,3,1,1,2.0,5.0,02820,M,4961360.0,327123.0,02
201800014772,18,2,19,1745,2,1,2,2.0,5.0,02746,M,4968800.0,335250.0,02
201800014773,18,3,17,2000,3,1,1,2.0,1.0,02074,M,4963778.0,338800.0,02
201800014774,18,6,24,230,3,2,2,1.0,3.0,02173,M,4961573.0,321792.0,02
201800014775,18,7,28,2000,1,1,1,1.0,6.0,02820,M,4964059.0,325778.0,02
201800014776,18,9,4,1930,2,1,1,3.0,7.0,02746,M,4968655.0,335212.0,02
201800014777,18,9,14,905,1,1,1,1.0,1.0,02719,M,4959152.0,326614.0,02
201800014778,18,11,4,305,5,2,1,1.0,6.0,02719,M,4959641.0,324578.0,02
201800014779,18,11,24,2300,5,2,3,2.0,6.0,02173,M,4962542.0,321086.0,02
201800014780,18,1,9,1715,2,1,1,8.0,6.0,02602,M,4947620.0,344562.0,02
201800014781,18,2,5,1730,2,1,1,1.0,5.0,02159,M,4954761.0,326024.0,02
201800014782,18,3,15,1700,1,1,1,1.0,6.0,02707,M,4956460.0,339012.0,02
201800014783,18,3,26,1445,1,1,1,1.0,2.0,02217,M,4949980.0,333021.0,02
201800014784,18,4,5,1540,1,2,1,1.0,1.0,02093,M,4951458.0,315886.0,02
201800014785,18,4,11,1115,1,1,1,1.0,1.0,02159,M,4955168.0,326084.0,02
201800014786,18,4,24,2100,2,1,1,1.0,3.0,02661,M,4950993.0,353704.0,02
201800014787,18,5,22,1850,1,1,2,1.0,3.0,02217,M,4951265.0,331421.0,02
201800014788,18,12,3,1640,1,1,1,2.0,3.0,02049,M,4960516.0,333263.0,02
201800014789,18,12,21,1610,2,2,1,8.0,7.0,02602,M,4949440.0,344898.0,02
201800014790,18,12,21,2145,3,2,1,1.0,1.0,02750,M,4951808.0,322773.0,02
201800014791,18,1,5,2150,3,1,1,1.0,6.0,02453,M,4937896.0,371316.0,02
201800014792,18,3,5,2225,3,2,1,1.0,6.0,02565,M,4939054.0,368780.0,02
201800014793,18,3,15,1515,1,1,1,1.0,7.0,02158,M,4947320.0,368056.0,02
201800014794,18,5,5,1215,1,2,1,1.0,6.0,02072,M,4948687.0,384662.0,02
201800014795,18,5,5,1930,1,2,9,1.0,6.0,02751,M,4947189.0,361163.0,02
201800014796,18,5,20,1610,1,2,1,1.0,6.0,02005,M,4940635.0,396698.0,02
201800014797,18,6,7,1745,1,1,1,1.0,1.0,02215,M,4945816.0,382958.0,02
201800014798,18,10,6,1830,1,2,1,1.0,3.0,02475,M,4942351.0,401082.0,02
201800014799,18,10,10,2040,3,1,1,1.0,7.0,02572,M,4938363.0,401429.0,02
201800014800,18,10,13,330,4,1,6,1.0,7.0,02073,M,4941249.0,388719.0,02
201800014801,18,11,6,1835,3,1,3,1.0,2.0,02399,M,4942406.0,392759.0,02
201800014802,18,11,7,1050,1,2,1,2.0,3.0,02541,M,4942825.0,402686.0,02
201800014803,18,1,27,1400,1,1,2,5.0,3.0,02465,M,4903284.0,323722.0,02
201800014804,18,2,1,1145,1,1,1,2.0,2.0,02748,M,4909312.0,360530.0,02
201800014805,18,4,15,1130,1,2,1,1.0,6.0,02292,M,4903575.0,341591.0,02
201800014806,18,2,12,1400,1,1,2,7.0,3.0,02458,M,4889152.0,348847.0,02
201800014807,18,4,27,2015,3,1,1,6.0,7.0,02328,M,4904905.0,349357.0,02
201800014808,18,5,6,1630,1,1,1,7.0,6.0,02228,M,4906852.0,352833.0,02
201800014809,18,6,17,715,2,1,1,1.0,7.0,02279,M,4909854.0,338346.0,02
201800014810,18,9,24,1600,1,1,1,7.0,7.0,02748,M,4907461.0,360370.0,02
201800014811,18,10,15,1654,2,1,1,1.0,3.0,02042,M,4900286.0,334796.0,02
201800014812,18,10,19,1710,1,2,1,1.0,1.0,02187,M,4903936.0,342567.0,02
201800014813,18,10,29,922,1,1,1,8.0,2.0,02114,M,4906049.0,342101.0,02
201800014814,18,11,23,2235,3,1,1,2.0,6.0,02554,M,4901936.0,339741.0,02
201800014815,18,2,5,736,2,1,1,9.0,1.0,02693,M,4923107.0,330710.0,02
201800014816,18,3,29,945,1,2,1,1.0,6.0,02305,M,4920076.0,351444.0,02
201800014817,18,4,7,1645,1,1,2,1.0,3.0,02438,M,4929767.0,324016.0,02
201800014818,18,4,20,810,1,1,1,1.0,7.0,02585,M,4927360.0,334488.0,02
201800014819,18,9,2,2030,2,1,1,1.0,7.0,02816,M,4918269.0,354559.0,02
201800014820,18,9,23,943,1,1,1,2.0,1.0,02799,M,4927606.0,329586.0,02
201800014821,18,9,29,1619,1,1,1,1.0,4.0,02806,M,4918808.0,346360.0,02
201800014822,18,11,7,1220,1,1,1,2.0,1.0,02082,M,4923171.0,341904.0,02
201800014823,18,4,17,1615,1,1,1,1.0,6.0,02397,M,4971189.0,322432.0,02
201800014824,18,6,1,1010,1,1,1,1.0,2.0,02371,M,4984297.0,333818.0,02
201800014825,18,6,4,845,1,1,1,7.0,2.0,02570,M,4973641.0,316365.0,02
201800014826,18,6,15,430,2,1,1,1.0,7.0,02382,M,4986676.0,320248.0,02
201800014827,18,7,8,830,1,2,3,7.0,1.0,02315,M,4971346.0,320241.0,02
201800014828,18,9,8,1845,1,1,1,1.0,2.0,02785,M,4987477.0,317802.0,02
201800014829,18,9,24,1845,1,1,1,1.0,2.0,02303,M,4985871.0,324622.0,02
201800014830,18,10,3,1515,1,1,2,1.0,3.0,02785,M,4987960.0,313995.0,02
201800014831,18,11,11,1130,1,2,1,2.0,6.0,02032,M,4977560.0,311127.0,02
201800014832,18,11,17,1726,3,1,1,1.0,1.0,02214,M,4978951.0,322684.0,02
201800014833,18,2,2,1800,3,1,1,3.0,6.0,02112,M,4998237.0,340439.0,02
201800014834,18,2,11,1130,1,2,1,1.0,6.0,02057,M,4999702.0,330972.0,02
201800014835,18,3,2,1530,1,1,1,2.0,1.0,02100,M,4998802.0,323994.0,02
201800014836,18,4,28,645,1,1,1,1.0,7.0,02323,M,4993120.0,337730.0,02
201800014837,18,5,9,1330,1,1,1,1.0,6.0,02352,M,5000256.0,327121.0,02
201800014838,18,7,7,930,1,2,1,1.0,5.0,02095,M,4998734.0,345385.0,02
201800014839,18,7,26,1900,1,1,1,1.0,7.0,02293,M,4994160.0,346903.0,02
201800014840,18,8,13,1400,1,2,4,1.0,3.0,02095,M,4999254.0,345100.0,02
201800014841,18,9,12,915,1,1,1,5.0,7.0,02374,M,4990765.0,327371.0,02
201800014842,18,9,26,1800,1,2,9,1.0,6.0,02095,M,4998465.0,345093.0,02
201800014843,18,10,7,820,1,1,1,1.0,7.0,02065,M,4994218.0,324600.0,02
201800014844,18,12,17,1130,1,1,1,1.0,1.0,02095,M,5000910.0,349361.0,02
201800014845,18,12,27,1840,3,1,1,1.0,7.0,02709,M,5003070.0,339204.0,02
201800014846,18,8,11,2215,3,1,1,1.0,1.0,02422,M,4993407.0,363281.0,02
201800014847,18,9,5,1050,1,2,1,8.0,6.0,02361,M,4990148.0,363437.0,02
201800014848,18,1,10,1750,3,1,1,1.0,2.0,02639,M,4972463.0,327528.0,02
201800014849,18,1,26,1,3,1,1,1.0,7.0,02124,M,4973470.0,337845.0,02
201800014850,18,3,3,615,3,1,1,9.0,2.0,02149,M,4977086.0,333343.0,02
201800014851,18,3,30,1738,1,2,1,1.0,6.0,02503,M,4984053.0,349623.0,02
201800014852,18,4,1,1926,1,2,1,1.0,6.0,02717,M,4977659.0,341337.0,02
201800014853,18,4,15,1640,1,1,1,1.0,3.0,02075,M,4977538.0,338249.0,02
201800014854,18,6,10,415,2,1,2,1.0,4.0,02532,M,4975901.0,333737.0,02
201800014855,18,6,15,2120,2,1,1,1.0,3.0,02648,M,4979725.0,347961.0,02
201800014856,18,10,27,715,3,1,1,1.0,6.0,02775,M,4971513.0,334639.0,02
201800014857,18,1,7,130,3,1,1,2.0,1.0,02131,M,4938946.0,337500.0,02
201800014858,18,3,2,1630,1,1,1,1.0,4.0,02089,M,4936962.0,335874.0,02
201800014859,18,5,30,1350,1,1,1,1.0,6.0,02528,M,4933442.0,309938.0,02
201800014860,18,6,3,1645,1,1,1,1.0,6.0,02528,M,4932985.0,305422.0,02
201800014861,18,6,16,800,1,2,1,1.0,1.0,02326,M,4940802.0,318348.0,02
201800014862,18,8,8,1715,1,1,1,1.0,6.0,02687,M,4932050.0,319688.0,02
201800014863,18,9,6,1930,1,1,1,1.0,2.0,02089,M,4934727.0,336706.0,02
201800014864,18,9,20,1530,1,2,3,1.0,7.0,02131,M,4938957.0,340088.0,02
201800014865,18,9,24,2020,3,2,1,1.0,6.0,02226,M,4934802.0,331159.0,02
201800014866,18,10,29,330,5,2,1,1.0,6.0,02770,M,4936344.0,330217.0,02
201800014867,18,11,16,250,3,1,1,5.0,6.0,02400,M,4943744.0,342298.0,02
201800014868,18,11,17,1410,1,2,1,7.0,3.0,02071,M,4941015.0,313150.0,02
201800014869,18,12,3,30,4,2,1,2.0,7.0,02245,M,4939858.0,333264.0,02
201800014870,18,12,6,1220,1,1,2,1.0,1.0,02770,M,4935293.0,328031.0,02
201800014871,18,12,26,1130,1,1,1,5.0,7.0,02011,M,4938474.0,319642.0,02
201800014872,18,1,13,1805,5,2,1,1.0,3.0,02167,M,4937971.0,350538.0,02
201800014873,18,1,18,530,3,1,1,1.0,2.0,02174,M,4947738.0,353401.0,02
201800014874,18,5,30,1935,1,2,1,1.0,6.0,02646,M,4936968.0,370173.0,02
201800014875,18,6,8,825,2,1,9,5.0,1.0,02589,M,4945384.0,353123.0,02
201800014876,18,7,19,824,1,1,1,1.0,2.0,02174,M,4945657.0,348912.0,02
201800014877,18,8,19,1623,1,1,1,1.0,7.0,02167,M,4937156.0,350168.0,02
201800014878,18,9,3,1815,1,2,1,1.0,6.0,02148,M,4940305.0,348183.0,02
201800014879,18,12,13,1140,1,1,1,1.0,5.0,02036,M,4934791.0,350524.0,02
201800014880,18,12,18,1238,1,1,2,1.0,3.0,02439,M,4934082.0,363728.0,02
201800014881,18,12,18,1810,3,1,1,1.0,6.0,02174,M,4948557.0,354282.0,02
201800014882,18,1,11,830,2,2,2,2.0,2.0,02810,M,4925290.0,309748.0,02
201800014883,18,1,19,710,3,1,1,2.0,4.0,02506,M,4929385.0,317857.0,02
201800014884,18,2,3,1836,3,1,1,2.0,2.0,02307,M,4916692.0,316846.0,02
201800014885,18,2,5,745,2,1,1,4.0,2.0,02734,M,4930673.0,304690.0,02
201800014886,18,2,24,1620,1,1,1,7.0,6.0,02543,M,4916577.0,327116.0,02
201800014887,18,4,14,1144,1,1,1,1.0,1.0,02810,M,4925447.0,310326.0,02
201800014888,18,4,15,1230,1,2,4,1.0,1.0,02644,M,4932212.0,301219.0,02
201800014889,18,4,26,1535,1,1,1,1.0,6.0,02410,M,4924704.0,303984.0,02
201800014890,18,5,20,1950,1,1,1,1.0,6.0,02543,M,4918362.0,325010.0,02
201800014891,18,5,26,1240,1,1,1,1.0,7.0,02734,M,4930502.0,304866.0,02
201800014892,18,6,4,1310,1,1,1,1.0,1.0,02232,M,4923493.0,299271.0,02
201800014893,18,7,24,1610,1,1,1,1.0,4.0,02810,M,4926611.0,310411.0,02
201800014894,18,8,4,1735,1,1,2,1.0,3.0,02679,M,4910250.0,319703.0,02
201800014895,18,9,1,415,3,2,1,1.0,6.0,02302,M,4920197.0,316704.0,02
201800014896,18,2,26,1655,1,1,1,1.0,7.0,02369,M,4979751.0,399912.0,02
201800014897,18,3,9,1500,1,2,3,2.0,2.0,02109,M,4989526.0,397275.0,02
201800014898,18,7,8,1415,1,1,1,1.0,7.0,02491,M,4978341.0,362874.0,02
201800014899,18,7,8,1310,1,1,1,1.0,7.0,02801,M,4973920.0,399008.0,02
201800014900,18,10,5,1715,1,2,3,1.0,3.0,02789,M,4983038.0,391787.0,02
201800014901,18,12,4,1745,5,2,1,1.0,6.0,02789,M,4983275.0,390228.0,02
201800014902,18,4,7,1730,1,1,1,1.0,7.0,02419,M,4995440.0,379702.0,02
201800014903,18,6,27,1100,1,2,1,1.0,2.0,02141,M,4996864.0,395138.0,02
201800014904,18,7,16,2045,1,2,2,1.0,1.0,02141,M,4997234.0,392240.0,02
201800014905,18,10,26,2045,3,1,1,9.0,6.0,02445,M,4992968.0,397687.0,02
201800014906,18,1,1,750,2,1,1,1.0,1.0,13036,M,4385176.0,484587.0,13
201800014907,18,1,31,1725,1,1,3,8.0,1.0,13045,M,4384898.0,478168.0,13
201800014908,18,2,17,2358,3,1,1,1.0,6.0,13010,M,4389834.0,476701.0,13
201800014909,18,2,18,515,5,2,6,1.0,1.0,13010,M,4390211.0,475659.0,13
201800014910,18,3,26,1657,1,2,4,1.0,2.0,13010,M,4389820.0,476826.0,13
201800014911,18,6,25,730,1,1,3,1.0,3.0,13045,M,4385410.0,476740.0,13
201800014912,18,9,12,640,2,1,1,1.0,1.0,13045,M,4387683.0,477421.0,13
201800014913,18,9,28,815,1,2,6,7.0,2.0,13083,M,4390362.0,480989.0,13
201800014914,18,10,23,25,5,2,6,1.0,6.0,13036,M,4384071.0,483754.0,13
201800014915,18,11,9,1920,3,1,1,2.0,7.0,13045,M,4385262.0,476618.0,13
201800014916,18,11,18,1600,1,1,1,1.0,6.0,13083,M,4389834.0,479881.0,13
201800014917,18,1,22,815,1,2,1,1.0,6.0,38269,M,4490669.0,578439.0,38
201800014918,18,1,27,1030,1,1,1,7.0,3.0,38413,M,4489548.0,581742.0,38
201800014919,18,2,25,1635,1,1,1,1.0,1.0,38313,M,4488705.0,580285.0,38
201800014920,18,3,4,910,1,2,1,7.0,6.0,38269,M,4490668.0,578496.0,38
201800014921,18,4,10,1315,1,1,1,1.0,1.0,38269,M,4490041.0,580057.0,38
201800014922,18,5,5,1550,1,1,1,1.0,1.0,38128,M,4482367.0,594468.0,38
201800014923,18,5,31,1400,1,1,4,2.0,3.0,38304,M,4494965.0,576826.0,38
201800014924,18,6,3,1230,1,1,1,1.0,7.0,38497,M,4489847.0,581205.0,38
201800014925,18,6,16,2055,2,2,1,1.0,2.0,38269,M,4489743.0,578890.0,38
201800014926,18,6,22,1335,1,1,1,1.0,7.0,38313,M,4488923.0,579800.0,38
201800014927,18,6,26,1845,2,2,1,1.0,1.0,38304,M,4495707.0,577528.0,38
201800014928,18,6,27,1935,1,1,1,1.0,6.0,38128,M,4480771.0,595418.0,38
201800014929,18,7,7,2055,1,1,1,1.0,1.0,38470,M,4485155.0,585792.0,38
201800014930,18,8,1,1745,1,2,1,1.0,6.0,38265,M,4495864.0,572515.0,38
201800014931,18,8,15,1200,1,2,7,1.0,6.0,38518,M,4489279.0,590305.0,38
201800014932,18,8,26,1400,1,1,1,1.0,1.0,38269,M,4489937.0,580177.0,38
201800014933,18,9,1,1415,1,1,1,1.0,3.0,38329,M,4484423.0,586866.0,38
201800014934,18,9,13,1540,1,1,4,1.0,3.0,38413,M,4487857.0,582785.0,38
201800014935,18,9,17,1715,1,2,1,1.0,1.0,38266,M,4495187.0,571895.0,38
201800014936,18,9,22,1145,1,1,1,7.0,7.0,38254,M,4497969.0,570357.0,38
201800014937,18,9,23,1700,1,2,1,1.0,6.0,38413,M,4487144.0,583928.0,38
201800014938,18,10,4,1347,1,2,1,1.0,1.0,38269,M,4491363.0,578312.0,38
201800014939,18,12,22,1015,1,1,1,5.0,6.0,38489,M,4491175.0,583027.0,38
201800014940,18,5,20,1450,1,1,6,1.0,3.0,38292,M,4544904.0,551233.0,38
201800014941,18,8,12,1300,1,2,1,1.0,6.0,38013,M,4537531.0,548932.0,38
201800014942,18,11,6,2035,3,2,1,5.0,6.0,38296,M,4553278.0,551268.0,38
201800014943,18,12,15,1620,2,2,1,2.0,2.0,38296,M,4553252.0,551215.0,38
201800014944,18,12,28,530,3,1,1,1.0,6.0,38013,M,4539386.0,547449.0,38
201800014945,18,4,3,1320,1,2,3,1.0,1.0,38001,M,4554271.0,560224.0,38
201800014946,18,4,6,1115,1,2,1,1.0,6.0,38315,M,4553645.0,566983.0,38
201800014947,18,4,13,1445,1,2,3,1.0,3.0,38001,M,4554114.0,558236.0,38
201800014948,18,5,5,2050,2,2,5,1.0,7.0,38372,M,4548054.0,569097.0,38
201800014949,18,6,24,540,3,1,1,1.0,6.0,38357,M,4554730.0,554112.0,38
201800014950,18,7,27,1956,1,2,1,1.0,1.0,38386,M,4545592.0,564727.0,38
201800014951,18,8,12,900,1,1,2,1.0,3.0,38104,M,4558194.0,558723.0,38