Num_Acc,an,mois,jour,hrmn,lum,agg,int,atm,col,com,gps,lat,long,dep
201800014952,18,8,16,1715,1,1,1,1.0,1.0,38343,M,4557457.0,561247.0,38
201800014953,18,8,17,1550,1,2,2,1.0,3.0,38357,M,4554360.0,552228.0,38
201800014954,18,9,20,2050,5,2,1,1.0,1.0,38315,M,4553616.0,566404.0,38
201800014955,18,3,24,50,3,1,1,1.0,6.0,38483,M,4567780.0,542352.0,38
201800014956,18,4,1,1630,1,2,6,1.0,6.0,38297,M,4568154.0,545838.0,38
201800014957,18,4,6,115,5,2,1,1.0,6.0,38012,M,4559166.0,560760.0,38
201800014958,18,4,24,1815,1,1,3,1.0,3.0,38022,M,4563545.0,552182.0,38
201800014959,18,8,29,750,2,2,1,1.0,6.0,38261,M,4567570.0,548806.0,38
201800014960,18,7,25,1540,1,1,2,1.0,5.0,38543,M,4566945.0,547229.0,38
201800014961,18,7,24,1630,1,1,2,7.0,5.0,38543,M,4565974.0,545958.0,38
201800014962,18,9,8,1145,1,2,1,1.0,5.0,38022,M,4562685.0,554224.0,38
201800014963,18,9,22,1735,1,2,3,1.0,3.0,38465,M,4569449.0,550166.0,38
201800014964,18,9,28,2230,3,1,1,1.0,3.0,38014,M,4570792.0,544425.0,38
201800014965,18,10,14,1330,1,2,6,1.0,6.0,38022,M,4562407.0,553692.0,38
201800014966,18,11,2,825,2,1,1,8.0,1.0,38546,M,4561655.0,542609.0,38
201800014967,18,11,3,1520,1,1,3,8.0,1.0,38297,M,4570947.0,544319.0,38
201800014968,18,11,20,1410,1,1,1,2.0,2.0,38297,M,4568511.0,544531.0,38
201800014969,18,12,4,855,1,2,1,2.0,6.0,38022,M,4562979.0,557618.0,38
201800014970,18,12,9,2045,5,2,1,3.0,6.0,38543,M,4565174.0,544772.0,38
201800014971,18,1,12,2230,5,2,4,1.0,1.0,38126,M,4521609.0,575444.0,38
201800014972,18,2,11,545,5,1,6,1.0,2.0,38516,M,4520043.0,575892.0,38
201800014973,18,2,18,400,3,2,9,1.0,6.0,38229,M,4521362.0,577781.0,38
201800014974,18,2,27,1102,1,1,1,1.0,5.0,38397,M,4524772.0,584463.0,38
201800014975,18,3,8,2055,5,2,1,1.0,1.0,38140,M,4528028.0,588410.0,38
201800014976,18,3,27,1010,1,2,1,1.0,6.0,38229,M,4520625.0,576410.0,38
201800014977,18,4,8,20,5,2,3,1.0,1.0,38126,M,4521170.0,575581.0,38
201800014978,18,4,9,2330,5,2,1,1.0,3.0,38229,M,4520333.0,576094.0,38
201800014979,18,4,25,1735,1,2,3,1.0,6.0,38140,M,4527258.0,588713.0,38
201800014980,18,4,28,1140,1,2,1,1.0,7.0,38397,M,4524274.0,582540.0,38
201800014981,18,5,18,1706,1,1,1,1.0,3.0,38140,M,4527869.0,589501.0,38
201800014982,18,9,20,2010,5,2,1,1.0,7.0,38249,M,4522577.0,580082.0,38
201800014983,18,9,15,1245,1,1,1,1.0,3.0,38397,M,4524138.0,584808.0,38
201800014984,18,9,18,630,2,2,1,1.0,1.0,38229,M,4520543.0,576497.0,38
201800014985,18,10,12,1935,5,2,9,1.0,7.0,38229,M,4521362.0,577781.0,38
201800014986,18,10,17,2209,5,2,1,1.0,5.0,38229,M,4522374.0,579437.0,38
201800014987,18,10,19,1643,1,2,1,1.0,3.0,38140,M,4527091.0,589218.0,38
201800014988,18,11,4,2050,5,2,2,9.0,1.0,38397,M,4524410.0,582765.0,38
201800014989,18,1,23,1350,1,2,6,1.0,6.0,38175,M,4526419.0,591443.0,38
201800014990,18,2,24,1645,1,2,1,1.0,6.0,38150,M,4520582.0,583617.0,38
201800014991,18,3,2,955,1,1,1,4.0,1.0,38206,M,4525229.0,596108.0,38
201800014992,18,3,24,1715,1,1,1,1.0,7.0,38422,M,4515352.0,586812.0,38
201800014993,18,4,10,1228,1,2,9,1.0,3.0,38538,M,4521804.0,586498.0,38
201800014994,18,4,13,2315,5,2,1,1.0,6.0,38547,M,4525818.0,590813.0,38
201800014995,18,6,23,1820,1,1,3,1.0,7.0,38334,M,4518247.0,588024.0,38
201800014996,18,7,8,1100,1,2,1,1.0,7.0,38422,M,4515645.0,582354.0,38
201800014997,18,8,6,1730,1,2,1,1.0,7.0,38547,M,4525025.0,589942.0,38
201800014998,18,8,25,1445,1,1,1,8.0,6.0,38422,M,4515856.0,585577.0,38
201800014999,18,9,23,830,1,1,1,1.0,6.0,38547,M,4523349.0,585826.0,38
201800015000,18,10,12,1520,1,2,1,1.0,3.0,38175,M,4527167.0,591552.0,38
201800015001,18,10,12,2250,3,1,9,1.0,7.0,38271,M,4519183.0,581516.0,38
201800015002,18,10,12,2110,4,2,1,1.0,6.0,38422,M,4515391.0,583929.0,38
201800015003,18,10,23,1510,1,2,1,1.0,2.0,38422,M,4514206.0,582915.0,38
201800015004,18,11,21,1645,2,2,1,8.0,6.0,38538,M,4521716.0,586403.0,38
201800015005,18,12,2,1130,1,1,1,2.0,6.0,38422,M,4515838.0,582022.0,38
201800015006,18,1,20,1950,5,2,2,3.0,3.0,38466,M,4538573.0,595524.0,38
201800015007,18,1,24,654,3,1,1,1.0,1.0,38511,M,4534929.0,594622.0,38
201800015008,18,5,19,1000,1,2,1,1.0,6.0,38214,M,4530653.0,591174.0,38
201800015009,18,6,5,700,1,2,1,1.0,7.0,38504,M,4531206.0,601328.0,38
201800015010,18,6,22,830,1,2,4,1.0,3.0,38002,M,4527348.0,597673.0,38
201800015011,18,6,29,1020,1,1,1,1.0,3.0,38511,M,4536234.0,595533.0,38
201800015012,18,9,9,1445,1,1,2,1.0,3.0,38503,M,4532352.0,593346.0,38
201800015013,18,2,1,1750,5,2,1,1.0,3.0,38314,M,4543400.0,601278.0,38
201800015014,18,4,27,1445,1,2,7,1.0,7.0,38314,M,4543230.0,602379.0,38
201800015015,18,4,30,1950,2,1,1,1.0,7.0,38027,M,4543340.0,599095.0,38
201800015016,18,7,9,900,1,2,1,1.0,3.0,38027,M,4543551.0,600222.0,38
201800015017,18,8,3,2000,1,2,1,1.0,6.0,38006,M,4539523.0,606734.0,38
201800015018,18,9,7,1845,1,2,1,1.0,6.0,38078,M,4542332.0,609638.0,38
201800015019,18,10,20,2000,3,1,1,1.0,1.0,38027,M,4544658.0,599956.0,38
201800015020,18,11,15,800,1,2,6,1.0,3.0,38314,M,4543463.0,600841.0,38
201800015021,18,11,24,2123,3,1,1,1.0,6.0,38426,M,4543885.0,605975.0,38
201800015022,18,12,8,1400,1,2,1,2.0,6.0,38075,M,4546724.0,598974.0,38
201800015023,18,12,9,1650,2,2,1,2.0,3.0,38075,M,4547312.0,598232.0,38
201800015024,18,12,21,2130,5,2,2,3.0,1.0,38439,M,,,38
201800015025,18,3,1,1415,1,1,1,1.0,3.0,38410,M,4508485.0,521212.0,38
201800015026,18,6,16,1210,1,1,6,1.0,3.0,38410,M,4507662.0,516246.0,38
201800015027,18,7,7,430,2,1,1,1.0,6.0,38394,M,4510262.0,525022.0,38
201800015028,18,9,28,1540,1,1,1,1.0,1.0,38463,M,4519478.0,534688.0,38
201800015029,18,10,17,1445,1,1,2,1.0,3.0,38036,M,4512476.0,533682.0,38
201800015030,18,10,24,1735,1,2,6,1.0,3.0,38394,M,4506901.0,524368.0,38
201800015031,18,10,28,1130,1,1,1,1.0,1.0,38409,M,4506282.0,526452.0,38
201800015032,18,11,4,1820,3,1,1,1.0,5.0,38394,M,4510915.0,525931.0,38
201800015033,18,3,10,1830,2,1,2,1.0,3.0,38219,M,4532805.0,509316.0,38
201800015034,18,5,16,2030,2,2,1,1.0,6.0,38457,M,4533715.0,525627.0,38
201800015035,18,6,28,1735,1,1,3,1.0,3.0,38561,M,4532296.0,521749.0,38
201800015036,18,6,27,1730,1,1,1,1.0,6.0,38347,M,4527003.0,525612.0,38
201800015037,18,7,14,1210,1,1,1,1.0,1.0,38473,M,4534558.0,523856.0,38
201800015038,18,7,19,925,1,1,1,1.0,6.0,38457,M,4531473.0,526728.0,38
201800015039,18,9,4,1813,1,1,1,1.0,7.0,38387,M,4531049.0,533734.0,38
201800015040,18,9,7,1745,2,1,4,1.0,1.0,38219,M,4532513.0,508522.0,38
201800015041,18,9,9,400,3,1,1,1.0,7.0,38561,M,4530869.0,519931.0,38
201800015042,18,10,14,330,3,1,4,1.0,6.0,38379,M,4526076.0,513819.0,38
201800015043,18,12,14,1230,1,1,1,1.0,1.0,38384,M,4533472.0,534028.0,38
201800015044,18,2,16,2155,5,2,1,1.0,6.0,38517,M,4530030.0,548718.0,38
201800015045,18,2,17,2330,5,2,1,1.0,3.0,38517,M,4530824.0,549635.0,38
201800015046,18,4,25,1400,1,1,1,1.0,6.0,38117,M,4519569.0,542892.0,38
201800015047,18,5,15,650,2,2,1,2.0,6.0,38517,M,4530193.0,549788.0,38
201800015048,18,5,27,1730,1,1,1,2.0,6.0,38500,M,4517849.0,537606.0,38
201800015049,18,6,27,2220,3,1,1,1.0,6.0,38310,M,4527106.0,546898.0,38
201800015050,18,7,6,1630,1,2,3,1.0,7.0,38517,M,4530541.0,549810.0,38
201800015051,18,11,10,1300,1,1,1,1.0,3.0,38517,M,4527488.0,548137.0,38
201800015052,18,11,29,615,3,1,3,1.0,3.0,38450,M,4528355.0,553331.0,38
201800015053,18,1,7,1140,1,1,1,1.0,7.0,38473,M,4534350.0,521683.0,38
201800015054,18,1,30,1930,3,1,1,2.0,3.0,38134,M,4544515.0,499486.0,38
201800015055,18,2,27,1545,1,1,1,1.0,6.0,38016,M,4542166.0,516790.0,38
201800015056,18,3,2,900,1,1,3,2.0,1.0,38130,M,4538017.0,526251.0,38
201800015057,18,3,9,1425,1,1,1,1.0,7.0,38121,M,4541271.0,523284.0,38
201800015058,18,3,10,1900,5,2,1,1.0,6.0,38130,M,4539318.0,527024.0,38
201800015059,18,3,24,1530,1,2,1,1.0,2.0,38130,M,4539317.0,527160.0,38
201800015060,18,4,21,1645,1,2,3,1.0,3.0,38393,M,4539050.0,533113.0,38
201800015061,18,4,26,1315,1,1,2,1.0,3.0,38130,M,4538280.0,527680.0,38
201800015062,18,4,28,1545,1,1,2,1.0,3.0,38291,M,4536365.0,512964.0,38
201800015063,18,4,28,1900,1,2,1,1.0,6.0,38284,M,4539789.0,521901.0,38
201800015064,18,4,29,640,2,2,1,1.0,6.0,38069,M,4544467.0,529137.0,38
201800015065,18,6,1,815,1,1,2,1.0,3.0,38130,M,4537846.0,527516.0,38
201800015066,18,6,4,835,1,1,2,1.0,1.0,38274,M,4543345.0,528127.0,38
201800015067,18,6,15,1250,1,1,2,1.0,1.0,38267,M,4542784.0,531331.0,38
201800015068,18,6,18,1705,1,2,1,7.0,6.0,38130,M,4539326.0,526487.0,38
201800015069,18,6,21,1610,1,2,6,1.0,6.0,38130,M,4539437.0,525707.0,38
201800015070,18,6,23,940,1,1,3,1.0,1.0,38034,M,4533173.0,503357.0,38
201800015071,18,6,30,1940,1,1,2,1.0,3.0,38037,M,4535621.0,495360.0,38
201800015072,18,7,7,430,3,1,1,1.0,3.0,38134,M,4544544.0,499426.0,38
201800015073,18,7,12,2000,1,1,2,1.0,3.0,38311,M,4540297.0,512934.0,38
201800015074,18,7,11,2135,2,1,1,1.0,6.0,38473,M,4536422.0,521618.0,38
201800015075,18,7,15,1230,1,1,4,1.0,7.0,38069,M,4543643.0,529884.0,38
201800015076,18,8,4,2010,1,1,3,1.0,3.0,38049,M,4540582.0,518778.0,38
201800015077,18,8,12,1730,1,2,1,1.0,1.0,38161,M,4539079.0,516318.0,38
201800015078,18,9,30,1030,1,1,1,1.0,1.0,38069,M,4543541.0,531107.0,38
201800015079,18,10,26,250,3,1,1,2.0,7.0,38284,M,4540051.0,535423.0,38
201800015080,18,10,29,1150,1,1,2,3.0,3.0,38037,M,4535632.0,495381.0,38
201800015081,18,11,8,810,1,1,1,1.0,4.0,38274,M,4543429.0,526252.0,38
201800015082,18,11,9,1630,1,2,2,1.0,1.0,38130,M,4534855.0,524640.0,38
201800015083,18,11,12,1420,1,1,1,1.0,3.0,38300,M,4536417.0,519681.0,38
201800015084,18,12,16,1415,1,1,1,1.0,1.0,38130,M,4535048.0,528265.0,38
201800015085,18,1,2,1310,1,1,1,1.0,6.0,38288,M,4557318.0,502660.0,38
201800015086,18,1,20,2020,3,1,1,3.0,6.0,38408,M,4561142.0,501807.0,38
201800015087,18,2,12,1650,1,1,1,1.0,1.0,38351,M,4554862.0,525681.0,38
201800015088,18,2,15,1730,1,1,1,1.0,1.0,38519,M,4560726.0,501592.0,38
201800015089,18,3,11,1345,1,1,1,1.0,1.0,38389,M,4558747.0,506447.0,38
201800015090,18,3,22,1600,1,2,1,1.0,6.0,38389,M,4555376.0,507627.0,38
201800015091,18,4,3,735,1,1,2,1.0,3.0,38346,M,4549989.0,509912.0,38
201800015092,18,4,7,1330,1,1,2,1.0,3.0,38389,M,4555669.0,509762.0,38
201800015093,18,4,5,945,1,1,1,1.0,5.0,38144,M,4559355.0,506959.0,38
201800015094,18,4,16,1510,1,2,1,1.0,6.0,38408,M,4557801.0,500147.0,38
201800015095,18,4,19,950,1,2,1,1.0,7.0,38015,M,4553558.0,516387.0,38
201800015096,18,5,1,1105,1,1,1,1.0,3.0,38389,M,4555977.0,509742.0,38
201800015097,18,5,5,850,1,2,6,1.0,3.0,38399,M,4549674.0,514057.0,38
201800015098,18,5,16,930,1,2,1,1.0,7.0,38399,M,4549955.0,512756.0,38
201800015099,18,5,18,700,1,1,1,1.0,6.0,38476,M,4549682.0,506328.0,38
201800015100,18,5,18,1700,1,2,3,1.0,1.0,38399,M,4550201.0,515042.0,38
201800015101,18,5,20,1015,1,1,3,1.0,1.0,38015,M,4554194.0,519057.0,38
201800015102,18,5,21,45,3,1,1,1.0,7.0,38476,M,4549575.0,505546.0,38
201800015103,18,6,10,1130,1,1,2,1.0,3.0,38389,M,4555246.0,510419.0,38
201800015104,18,6,28,800,1,2,1,7.0,6.0,38035,M,4552263.0,508311.0,38
201800015105,18,7,3,1030,1,2,1,1.0,5.0,38015,M,4554017.0,515512.0,38
201800015106,18,7,4,1400,1,2,2,1.0,3.0,38189,M,4563598.0,506145.0,38
201800015107,18,7,14,1840,2,2,1,3.0,6.0,38231,M,4551343.0,519789.0,38
201800015108,18,7,15,1650,1,1,1,1.0,7.0,38035,M,4551122.0,507086.0,38
201800015109,18,7,25,1936,2,2,1,1.0,3.0,38189,M,4563076.0,507283.0,38
201800015110,18,7,27,1020,1,2,9,1.0,3.0,38189,M,4563793.0,504446.0,38
201800015111,18,8,10,1535,1,2,1,1.0,7.0,38346,M,4550586.0,509931.0,38
201800015112,18,8,19,2000,2,1,1,1.0,1.0,38094,M,4547590.0,522239.0,38
201800015113,18,9,5,645,1,1,3,1.0,3.0,38211,M,4545007.0,519155.0,38
201800015114,18,9,8,240,3,1,1,1.0,6.0,38389,M,4554617.0,507563.0,38
201800015115,18,10,30,945,1,2,1,2.0,6.0,38399,M,4549708.0,514026.0,38
201800015116,18,11,17,1400,1,2,6,1.0,6.0,38399,M,4549679.0,514076.0,38
201800015117,18,11,19,1740,3,1,1,4.0,3.0,38144,M,4560803.0,507900.0,38
201800015118,18,2,2,1900,5,2,6,1.0,3.0,31091,M,4372227.0,141631.0,31
201800015119,18,3,4,1645,1,2,1,1.0,6.0,31182,M,4368746.0,140513.0,31
201800015120,18,4,13,1020,1,2,1,1.0,3.0,31205,M,4370560.0,137644.0,31
201800015121,18,5,6,2240,3,1,1,1.0,3.0,31182,M,4368444.0,140614.0,31
201800015122,18,6,29,1730,1,2,1,7.0,3.0,31252,M,4372971.0,147910.0,31
201800015123,18,7,8,1555,1,1,1,7.0,1.0,31490,M,4375250.0,138333.0,31
201800015124,18,7,30,1425,1,1,1,1.0,1.0,31490,M,4374062.0,135369.0,31
201800015125,18,8,1,1615,1,1,9,1.0,3.0,31182,M,4369699.0,139952.0,31
201800015126,18,8,3,1700,1,1,1,1.0,4.0,31205,M,4370025.0,136578.0,31
201800015127,18,8,26,2330,5,1,1,1.0,2.0,31182,M,4368899.0,140467.0,31
201800015128,18,9,8,1300,1,1,1,1.0,3.0,31490,M,4374981.0,137977.0,31
201800015129,18,9,12,745,1,1,1,1.0,3.0,31293,M,4371996.0,139402.0,31
201800015130,18,10,4,1100,1,2,3,7.0,3.0,31490,M,4374323.0,136301.0,31
201800015131,18,10,22,844,1,2,1,1.0,7.0,31467,M,4368899.0,140458.0,31
201800015132,18,11,17,1540,1,1,1,1.0,3.0,31293,M,4370852.0,138335.0,31
201800015133,18,11,8,1430,1,1,1,1.0,7.0,31490,M,4373641.0,137411.0,31
201800015134,18,11,28,1640,1,2,1,1.0,1.0,31230,M,4371777.0,142401.0,31
201800015135,18,12,25,1420,1,2,6,1.0,3.0,31136,M,4374842.0,143195.0,31
201800015136,18,1,5,1030,1,1,1,1.0,7.0,31311,M,4380472.0,152055.0,31
201800015137,18,1,11,745,4,2,1,1.0,6.0,31202,M,4383468.0,139810.0,31
201800015138,18,2,25,700,2,1,1,1.0,3.0,31515,M,4380597.0,132289.0,31
201800015139,18,4,20,2200,3,1,1,1.0,1.0,31073,M,4384240.0,154320.0,31
201800015140,18,4,21,1819,1,1,9,1.0,1.0,31118,M,4379766.0,137170.0,31
201800015141,18,5,15,1535,1,1,1,2.0,1.0,31584,M,4386216.0,150698.0,31
201800015142,18,9,18,700,3,2,2,1.0,3.0,31079,M,4378022.0,140218.0,31
201800015143,18,10,16,730,3,1,1,2.0,1.0,31079,M,4377188.0,140618.0,31
201800015144,18,10,25,1830,1,1,1,1.0,1.0,31118,M,4380582.0,136645.0,31
201800015145,18,11,8,1740,2,1,1,1.0,6.0,31202,M,4384086.0,134285.0,31
201800015146,18,11,13,640,3,1,1,1.0,1.0,31587,M,4378128.0,144884.0,31
201800015147,18,11,15,900,2,2,1,1.0,6.0,31118,M,4378605.0,135357.0,31
201800015148,18,1,2,1220,1,1,1,2.0,3.0,31117,M,4368860.0,154557.0,31
201800015149,18,1,18,1048,1,1,1,1.0,7.0,31383,M,4377030.0,154686.0,31
201800015150,18,2,16,1215,1,2,3,1.0,3.0,31561,M,4365105.0,147146.0,31
201800015151,18,5,23,710,1,2,6,1.0,3.0,31561,M,4365568.0,147052.0,31
201800015152,18,9,7,245,3,1,1,3.0,6.0,31358,M,4371270.0,158442.0,31
201800015153,18,10,21,642,3,1,1,5.0,6.0,31094,M,4375329.0,161955.0,31
201800015154,18,2,1,1230,1,1,1,9.0,6.0,31592,M,4374385.0,124843.0,31
201800015155,18,3,2,1730,1,1,1,1.0,1.0,31341,M,4371834.0,131079.0,31
201800015156,18,4,24,1200,1,1,2,1.0,3.0,31553,M,4371452.0,116853.0,31
201800015157,18,5,13,240,3,1,1,1.0,6.0,31281,M,4374321.0,117515.0,31
201800015158,18,6,19,1235,1,1,1,1.0,6.0,31160,M,4368940.0,128404.0,31
201800015159,18,7,1,830,1,1,1,1.0,1.0,31093,M,4379108.0,112883.0,31
201800015160,18,8,15,730,1,1,1,7.0,6.0,31281,M,4375326.0,120295.0,31
201800015161,18,9,28,2040,3,1,1,1.0,6.0,31341,M,4372204.0,129563.0,31
201800015162,18,11,25,400,3,1,1,1.0,7.0,31090,M,4375565.0,99132.0,31
201800015163,18,1,30,2200,5,2,2,1.0,3.0,31033,M,4334974.0,147115.0,31
201800015164,18,2,7,1155,1,2,2,1.0,3.0,31033,M,4335446.0,146845.0,31
201800015165,18,2,25,1850,3,1,1,1.0,3.0,31145,M,4329813.0,152813.0,31
201800015166,18,2,27,2020,5,2,1,1.0,3.0,31033,M,4335430.0,147038.0,31
201800015167,18,3,21,2230,3,1,1,1.0,6.0,31033,M,4336540.0,147573.0,31
201800015168,18,4,3,1640,1,1,1,1.0,7.0,31574,M,4343213.0,141683.0,31
201800015169,18,4,7,600,3,1,1,1.0,1.0,31033,M,4335845.0,146560.0,31
201800015170,18,5,6,1250,1,1,1,1.0,5.0,31033,M,4335964.0,149775.0,31
201800015171,18,5,27,845,1,1,1,1.0,6.0,31033,M,4334786.0,144976.0,31
201800015172,18,6,9,630,1,2,2,1.0,3.0,31033,M,4334975.0,147116.0,31
201800015173,18,7,8,815,1,1,1,1.0,6.0,31206,M,4325753.0,147163.0,31
201800015174,18,7,14,2350,3,1,1,1.0,1.0,31033,M,4333718.0,148047.0,31
201800015175,18,7,15,1537,1,1,1,1.0,7.0,31033,M,4338187.0,146137.0,31
201800015176,18,8,15,1130,1,2,1,1.0,7.0,31345,M,4337292.0,141640.0,31
201800015177,18,8,16,1835,1,1,1,1.0,6.0,31033,M,4337026.0,147015.0,31
201800015178,18,8,23,2110,5,2,1,1.0,6.0,31033,M,4336119.0,146278.0,31
201800015179,18,8,26,1930,1,2,1,1.0,6.0,31128,M,4330417.0,147063.0,31
201800015180,18,9,27,1105,1,2,1,1.0,1.0,31033,M,4334678.0,149024.0,31
201800015181,18,10,14,1620,1,1,1,1.0,7.0,31145,M,4327271.0,154998.0,31
201800015182,18,10,21,2210,3,1,1,1.0,7.0,31206,M,4325653.0,145640.0,31
201800015183,18,11,17,1515,1,1,3,1.0,3.0,31033,M,4337996.0,144495.0,31
201800015184,18,1,1,1715,2,1,1,3.0,6.0,31375,M,4315722.0,120153.0,31
201800015185,18,2,3,2050,3,1,1,2.0,3.0,31361,M,4333756.0,129243.0,31
201800015186,18,2,11,1350,1,2,1,8.0,7.0,31052,M,4337882.0,136739.0,31
201800015187,18,2,18,1215,1,2,1,1.0,7.0,31455,M,4326624.0,120627.0,31
201800015188,18,3,7,1420,1,1,1,7.0,1.0,31107,M,4331973.0,121637.0,31
201800015189,18,4,11,1730,1,1,1,1.0,3.0,31280,M,4324325.0,128530.0,31
201800015190,18,4,24,1635,1,2,1,1.0,7.0,31455,M,4325552.0,120075.0,31
201800015191,18,6,5,1030,1,1,1,1.0,6.0,31107,M,4328164.0,119106.0,31
201800015192,18,6,17,1045,1,2,1,1.0,6.0,31416,M,4331942.0,118365.0,31
201800015193,18,6,24,1825,1,1,1,1.0,1.0,31320,M,4330291.0,127118.0,31
201800015194,18,7,22,700,2,1,1,1.0,6.0,31303,M,4336196.0,119786.0,31
201800015195,18,7,13,630,1,1,3,1.0,3.0,31399,M,4336466.0,126497.0,31
201800015196,18,7,27,2350,3,1,1,1.0,2.0,31455,M,4325717.0,119957.0,31
201800015197,18,11,25,615,2,1,1,2.0,6.0,31286,M,4325599.0,111473.0,31
201800015198,18,9,12,1820,1,2,1,1.0,3.0,31107,M,4330079.0,122026.0,31
201800015199,18,10,8,800,1,1,4,8.0,1.0,31107,M,4332576.0,121803.0,31
201800015200,18,10,22,1850,5,2,2,1.0,3.0,31399,M,4334990.0,126928.0,31
201800015201,18,11,21,2245,3,1,1,1.0,7.0,31258,M,4327942.0,127819.0,31
201800015202,18,12,5,1310,1,1,1,1.0,6.0,31399,M,4335671.0,127438.0,31
201800015203,18,1,13,1045,1,1,1,1.0,7.0,31135,M,4321465.0,107282.0,31
201800015204,18,3,3,2300,5,2,1,1.0,6.0,31193,M,4327527.0,106506.0,31
201800015205,18,3,6,1530,1,1,2,2.0,3.0,31135,M,4322109.0,110016.0,31
201800015206,18,4,20,1514,1,1,1,1.0,7.0,31406,M,4319824.0,104768.0,31
201800015207,18,4,26,1205,1,1,1,1.0,1.0,31261,M,4330113.0,117465.0,31
201800015208,18,4,29,1050,1,1,1,3.0,7.0,31196,M,4326138.0,98889.0,31
201800015209,18,6,13,1046,1,1,1,1.0,6.0,31327,M,4318568.0,100943.0,31
201800015210,18,7,26,1950,1,1,1,1.0,7.0,31425,M,4316906.0,111768.0,31
201800015211,18,8,29,2120,4,1,1,8.0,6.0,31530,M,4322248.0,100139.0,31
201800015212,18,12,24,1930,3,1,9,2.0,6.0,31317,M,4330336.0,113338.0,31
201800015213,18,3,1,2240,5,2,6,8.0,7.0,31187,M,4353637.0,123033.0,31
201800015214,18,3,21,1035,1,2,3,1.0,3.0,31499,M,4350903.0,118655.0,31
201800015215,18,5,3,1400,1,1,1,1.0,6.0,31424,M,4354004.0,128356.0,31
201800015216,18,6,12,1600,1,1,1,1.0,6.0,31424,M,4359620.0,129217.0,31
201800015217,18,7,11,1029,1,2,1,1.0,6.0,31424,M,4356486.0,129790.0,31
201800015218,18,7,12,1635,1,2,2,1.0,3.0,31187,M,4352535.0,126692.0,31
201800015219,18,7,19,1015,1,2,1,1.0,3.0,31187,M,4353577.0,122972.0,31
201800015220,18,10,8,730,2,1,1,1.0,3.0,31424,M,4355753.0,128569.0,31
201800015221,18,10,26,1235,1,1,1,5.0,6.0,31075,M,4354863.0,115236.0,31
201800015222,18,11,16,908,1,1,3,1.0,3.0,31499,M,4352702.0,118247.0,31
201800015223,18,12,20,1610,1,1,1,1.0,1.0,31424,M,4355231.0,124700.0,31
201800015224,18,2,13,100,5,2,1,9.0,6.0,31427,M,4308383.0,79487.0,31
201800015225,18,3,3,945,1,1,1,1.0,7.0,31255,M,4303972.0,57039.0,31
201800015226,18,4,16,1345,1,1,1,2.0,1.0,31502,M,4319712.0,74542.0,31
201800015227,18,5,5,745,1,1,1,1.0,6.0,31536,M,4316261.0,74934.0,31
201800015228,18,7,30,1855,1,2,1,7.0,6.0,31390,M,4308196.0,56459.0,31
201800015229,18,8,11,1645,1,2,1,1.0,1.0,65427,M,4296761.0,62269.0,65
201800015230,18,9,10,1525,1,1,1,1.0,3.0,31147,M,4310464.0,62021.0,31
201800015231,18,11,29,1130,1,1,1,1.0,5.0,31308,M,4300995.0,61909.0,31
201800015232,18,1,27,1915,3,2,1,1.0,6.0,31085,M,4292018.0,71888.0,31
201800015233,18,8,13,1530,1,1,1,1.0,3.0,31471,M,4290519.0,68496.0,31
201800015234,18,8,25,1245,1,2,1,1.0,6.0,31042,M,4279235.0,59772.0,31
201800015235,18,9,8,1330,1,1,1,1.0,2.0,31432,M,4280430.0,47687.0,31
201800015236,18,1,10,2345,3,1,1,2.0,6.0,31028,M,4321038.0,87380.0,31
201800015237,18,2,8,1000,1,1,1,4.0,6.0,31028,M,4319554.0,92136.0,31
201800015238,18,5,15,1730,1,1,1,1.0,1.0,31412,M,4332123.0,66914.0,31
201800015239,18,5,20,30,3,1,1,2.0,6.0,31494,M,4331696.0,77622.0,31
201800015240,18,5,26,1550,1,1,1,1.0,1.0,31152,M,4334161.0,89039.0,31
201800015241,18,7,7,1745,1,1,1,1.0,7.0,31482,M,4333094.0,85118.0,31
201800015242,18,8,2,215,3,1,1,1.0,6.0,31477,M,4319850.0,85412.0,31
201800015243,18,10,25,940,1,2,2,1.0,6.0,31070,M,4325877.0,64314.0,31
201800015244,18,11,21,1840,3,1,1,1.0,6.0,31070,M,4325320.0,65151.0,31
201800015245,18,12,5,630,3,1,1,1.0,6.0,31493,M,4322316.0,75417.0,31
201800015246,18,1,12,1527,1,1,1,1.0,6.0,31183,M,4308856.0,90678.0,31
201800015247,18,1,27,1150,1,1,1,1.0,6.0,31550,M,4306556.0,79445.0,31
201800015248,18,7,5,715,1,1,1,1.0,6.0,31183,M,4309027.0,90856.0,31
201800015249,18,9,6,1440,1,2,1,1.0,6.0,31523,M,4310035.0,95296.0,31
201800015250,18,8,18,1015,1,1,2,1.0,1.0,31357,M,4303524.0,89544.0,31
201800015251,18,9,7,1400,1,1,1,1.0,6.0,31544,M,4293679.0,76565.0,31
201800015252,18,9,11,1140,1,1,1,1.0,6.0,31336,M,4313005.0,97016.0,31
201800015253,18,9,15,1615,1,1,1,1.0,6.0,31503,M,4314102.0,92139.0,31
201800015254,18,10,3,1430,1,1,1,1.0,6.0,31237,M,4306889.0,96728.0,31
201800015255,18,10,20,1820,1,1,1,1.0,7.0,31191,M,4297981.0,93850.0,31
201800015256,18,11,28,1735,3,2,1,1.0,3.0,31391,M,4311732.0,93522.0,31