Num_Acc,an,mois,jour,hrmn,lum,agg,int,atm,col,com,gps,lat,long,dep
201800015257,18,1,6,2120,3,1,1,3.0,6.0,31374,M,4342400.0,160201.0,31
201800015258,18,2,3,300,3,1,1,2.0,7.0,31589,M,4343283.0,166831.0,31
201800015259,18,2,7,658,2,1,1,1.0,3.0,31100,M,4330195.0,162514.0,31
201800015260,18,2,17,1225,1,1,1,1.0,1.0,31210,M,4337676.0,167993.0,31
201800015261,18,4,1,1205,1,1,1,1.0,6.0,31396,M,4337997.0,161560.0,31
201800015262,18,5,7,900,1,2,1,1.0,6.0,31582,M,4339946.0,171629.0,31
201800015263,18,5,19,1145,1,1,3,1.0,1.0,31037,M,4335611.0,176377.0,31
201800015264,18,7,5,2130,2,1,1,8.0,1.0,31210,M,4338695.0,169712.0,31
201800015265,18,7,11,1130,1,1,1,1.0,7.0,31374,M,4340669.0,163187.0,31
201800015266,18,7,22,2015,1,1,2,1.0,3.0,31374,M,4341774.0,163936.0,31
201800015267,18,8,23,2230,3,1,1,2.0,6.0,31100,M,4331471.0,162407.0,31
201800015268,18,9,3,1640,1,1,1,1.0,1.0,31589,M,4343137.0,167195.0,31
201800015269,18,10,4,1155,1,1,2,1.0,3.0,31210,M,4339890.0,167956.0,31
201800015270,18,11,7,1000,1,1,1,1.0,1.0,31210,M,4339794.0,167850.0,31
201800015271,18,11,24,22,3,1,1,1.0,6.0,31374,M,4342088.0,163414.0,31
201800015272,18,2,3,440,3,1,1,4.0,6.0,31534,M,4359061.0,172478.0,31
201800015273,18,2,5,230,3,1,1,3.0,6.0,31534,M,4359154.0,171720.0,31
201800015274,18,5,21,1705,1,1,1,1.0,6.0,31325,M,4355846.0,176731.0,31
201800015275,18,8,4,330,4,2,1,1.0,6.0,31371,M,4347756.0,192698.0,31
201800015276,18,8,13,1840,1,1,2,1.0,3.0,31558,M,4347553.0,174500.0,31
201800015277,18,8,19,910,1,2,6,1.0,6.0,31451,M,4346027.0,200502.0,31
201800015278,18,10,5,1015,1,2,6,7.0,6.0,31451,M,4345153.0,200510.0,31
201800015279,18,1,1,530,3,1,1,6.0,6.0,29216,M,4795793.0,-416704.0,29
201800015280,18,2,2,1800,1,1,3,1.0,1.0,29225,M,4796578.0,-436842.0,29
201800015281,18,4,11,1820,1,1,1,1.0,1.0,29108,M,4799885.0,-430691.0,29
201800015282,18,5,4,1650,1,1,2,1.0,3.0,29216,M,4798874.0,-418803.0,29
201800015283,18,5,15,1440,1,1,1,1.0,3.0,29216,M,4795794.0,-416706.0,29
201800015284,18,5,19,1500,1,2,1,1.0,6.0,29225,M,4793878.0,-440014.0,29
201800015285,18,6,2,1810,1,1,4,1.0,5.0,29216,M,4797737.0,-415334.0,29
201800015286,18,6,22,1625,1,2,1,1.0,6.0,29197,M,4801391.0,-448581.0,29
201800015287,18,7,13,1435,1,1,1,1.0,3.0,29298,M,4792477.0,-432667.0,29
201800015288,18,7,22,630,2,1,3,1.0,6.0,29167,M,4796451.0,-429811.0,29
201800015289,18,7,24,1500,1,2,1,9.0,6.0,29003,M,4802941.0,-454134.0,29
201800015290,18,8,13,1830,1,2,1,1.0,3.0,29215,M,4796644.0,-442238.0,29
201800015291,18,8,16,1650,1,2,1,1.0,6.0,29003,M,4802736.0,-453772.0,29
201800015292,18,8,22,1805,1,2,2,1.0,3.0,29003,M,4802846.0,-455648.0,29
201800015293,18,9,21,1745,1,2,1,1.0,6.0,29003,M,4802076.0,-453679.0,29
201800015294,18,10,21,1700,1,1,3,1.0,3.0,29168,M,4803983.0,-469687.0,29
201800015295,18,11,2,1245,1,1,2,1.0,3.0,29143,M,4800731.0,-440043.0,29
201800015296,18,11,24,1130,1,1,3,1.0,3.0,29215,M,4799612.0,-443668.0,29
201800015297,18,2,3,630,3,1,1,3.0,6.0,29174,M,4787395.0,-425655.0,29
201800015298,18,3,23,1645,1,1,1,3.0,2.0,29220,M,4786250.0,-424793.0,29
201800015299,18,3,30,1715,1,1,1,1.0,1.0,29135,M,4783011.0,-420723.0,29
201800015300,18,4,18,1710,1,2,1,1.0,6.0,29220,M,4785587.0,-423800.0,29
201800015301,18,4,19,1530,1,1,1,1.0,6.0,29171,M,4783808.0,-426242.0,29
201800015302,18,5,24,1915,1,1,1,1.0,1.0,29216,M,4794759.0,-420122.0,29
201800015303,18,6,22,1810,1,1,1,1.0,1.0,29170,M,4795836.0,-412824.0,29
201800015304,18,6,21,900,1,2,7,1.0,6.0,29220,M,4786445.0,-422171.0,29
201800015305,18,7,6,1730,1,1,1,1.0,1.0,29220,M,4787801.0,-420506.0,29
201800015306,18,7,15,545,2,1,1,1.0,6.0,29174,M,4793539.0,-422452.0,29
201800015307,18,7,14,1215,1,2,1,1.0,6.0,29220,M,4786344.0,-423217.0,29
201800015308,18,7,8,1300,1,1,3,1.0,7.0,29165,M,4782042.0,-426882.0,29
201800015309,18,7,30,2145,5,2,1,1.0,6.0,29171,M,4782110.0,-428282.0,29
201800015310,18,8,2,850,1,2,1,1.0,6.0,29174,M,4790317.0,-428281.0,29
201800015311,18,8,2,1420,1,1,1,1.0,5.0,29174,M,4790938.0,-430542.0,29
201800015312,18,8,12,1620,1,1,3,8.0,2.0,29171,M,4783067.0,-429002.0,29
201800015313,18,9,13,1525,1,1,1,1.0,1.0,29174,M,4786773.0,-424214.0,29
201800015314,18,9,14,1545,1,1,1,1.0,1.0,29171,M,4782611.0,-433214.0,29
201800015315,18,12,4,830,2,2,1,2.0,6.0,29284,M,4788576.0,-416988.0,29
201800015316,18,12,24,415,3,1,1,1.0,6.0,29284,M,4780506.0,-426015.0,29
201800015317,18,12,25,120,3,1,3,1.0,3.0,29037,M,4788470.0,-417401.0,29
201800015318,18,1,3,1845,5,2,1,3.0,6.0,29235,M,4840797.0,-439842.0,29
201800015319,18,1,15,830,2,1,1,3.0,1.0,29075,M,4842100.0,-441969.0,29
201800015320,18,1,17,855,1,2,1,1.0,2.0,29075,M,4843745.0,-440901.0,29
201800015321,18,1,11,1835,5,2,6,1.0,3.0,29075,M,4843137.0,-440274.0,29
201800015322,18,1,19,720,5,2,1,5.0,6.0,29235,M,4840367.0,-439512.0,29
201800015323,18,3,2,1400,1,2,6,2.0,2.0,29075,M,4844314.0,-441496.0,29
201800015324,18,4,4,1725,1,1,9,8.0,4.0,29235,M,4839825.0,-442073.0,29
201800015325,18,3,28,715,3,2,6,3.0,6.0,29075,M,4839684.0,-443564.0,29
201800015326,18,5,14,815,1,2,6,1.0,3.0,29075,M,4843549.0,-439960.0,29
201800015327,18,6,16,1750,1,1,6,1.0,6.0,29061,M,4844987.0,-447200.0,29
201800015328,18,6,25,1500,1,2,1,1.0,6.0,29235,M,4840401.0,-438715.0,29
201800015329,18,8,2,1900,1,1,1,1.0,6.0,29075,M,4841856.0,-434031.0,29
201800015330,18,9,10,950,1,2,1,1.0,7.0,29235,M,4840771.0,-440233.0,29
201800015331,18,10,18,1815,2,2,2,7.0,3.0,29235,M,4840078.0,-440586.0,29
201800015332,18,10,22,1400,1,1,1,1.0,1.0,29075,M,4842835.0,-438386.0,29
201800015333,18,10,24,1200,1,2,1,1.0,6.0,29235,M,4840507.0,-439386.0,29
201800015334,18,10,30,1730,2,2,9,1.0,3.0,29075,M,4842881.0,-444621.0,29
201800015335,18,10,17,1310,1,2,1,2.0,7.0,29235,M,4840138.0,-442260.0,29
201800015336,18,11,17,1500,1,1,1,1.0,6.0,29075,M,4841896.0,-444076.0,29
201800015337,18,12,13,1230,1,2,1,1.0,7.0,29061,M,4842764.0,-447331.0,29
201800015338,18,12,21,1540,1,1,4,2.0,6.0,29056,M,4844564.0,-429177.0,29
201800015339,18,1,1,240,3,2,1,2.0,6.0,29101,M,4859228.0,-455638.0,29
201800015340,18,3,15,2055,3,1,1,1.0,2.0,29149,M,4846525.0,-451568.0,29
201800015341,18,3,25,1540,1,2,1,1.0,6.0,29290,M,4855113.0,-453731.0,29
201800015342,18,4,27,2200,3,1,1,1.0,6.0,29195,M,4861339.0,-454082.0,29
201800015343,18,5,19,2130,2,1,1,1.0,6.0,29101,M,4858638.0,-457065.0,29
201800015344,18,7,7,430,3,1,1,1.0,6.0,29077,M,4862961.0,-445656.0,29
201800015345,18,7,14,2155,1,1,1,1.0,3.0,29195,M,4860038.0,-449302.0,29
201800015346,18,7,24,1800,1,1,1,1.0,4.0,29015,M,4851789.0,-450068.0,29
201800015347,18,8,18,1945,2,1,2,1.0,1.0,29195,M,4861520.0,-446061.0,29
201800015348,18,9,5,950,1,1,6,1.0,3.0,29117,M,4857092.0,-452304.0,29
201800015349,18,9,21,840,1,1,3,1.0,3.0,29015,M,4848212.0,-449576.0,29
201800015350,18,10,10,800,3,1,2,1.0,3.0,29093,M,4857054.0,-439260.0,29
201800015351,18,2,23,1330,1,2,2,1.0,3.0,29040,M,4835947.0,-476236.0,29
201800015352,18,4,16,1630,1,2,1,1.0,6.0,29155,M,4846730.0,-507390.0,29
201800015353,18,4,18,1200,1,1,2,9.0,3.0,29130,M,4839092.0,-467068.0,29
201800015354,18,4,30,1815,1,1,2,1.0,3.0,29212,M,4838090.0,-457601.0,29
201800015355,18,5,29,1525,1,1,2,1.0,3.0,29011,M,4841025.0,-452154.0,29
201800015356,18,6,12,1715,1,1,1,1.0,3.0,29190,M,4836460.0,-469619.0,29
201800015357,18,6,15,1430,1,1,3,1.0,2.0,29212,M,4836460.0,-459783.0,29
201800015358,18,6,28,345,3,1,1,1.0,6.0,29201,M,4837596.0,-470924.0,29
201800015359,18,7,1,1346,1,1,4,1.0,3.0,29190,M,4836622.0,-469248.0,29
201800015360,18,7,16,815,1,1,1,1.0,1.0,29130,M,4837214.0,-462951.0,29
201800015361,18,7,20,1325,1,2,1,1.0,7.0,29155,M,4846142.0,-508705.0,29
201800015362,18,7,30,1930,1,2,1,1.0,6.0,29190,M,4834833.0,-471986.0,29
201800015363,18,8,15,1905,1,2,2,1.0,3.0,29190,M,4833881.0,-474194.0,29
201800015364,18,8,27,915,1,1,1,1.0,7.0,29190,M,4834642.0,-472344.0,29
201800015365,18,9,5,1730,1,1,1,1.0,3.0,29069,M,4842747.0,-459123.0,29
201800015366,18,9,8,1545,1,1,1,1.0,7.0,29040,M,4833542.0,-477113.0,29
201800015367,18,10,25,750,5,2,6,1.0,6.0,29011,M,4841825.0,-452431.0,29
201800015368,18,11,5,1740,2,1,1,2.0,1.0,29069,M,4841083.0,-455703.0,29
201800015369,18,11,11,1545,1,1,1,1.0,4.0,29201,M,4841744.0,-472974.0,29
201800015370,18,12,4,840,2,2,6,1.0,3.0,29069,M,4842473.0,-456636.0,29
201800015371,18,12,8,830,2,1,6,2.0,6.0,29212,M,4836291.0,-460037.0,29
201800015372,18,12,8,1445,1,2,1,2.0,7.0,29212,M,4837981.0,-461734.0,29
201800015373,18,1,1,1619,1,1,1,1.0,1.0,29177,M,4843331.0,-468833.0,29
201800015374,18,1,28,1325,1,1,1,2.0,3.0,29149,M,4845891.0,-458277.0,29
201800015375,18,2,3,645,3,1,1,3.0,6.0,29149,M,4847448.0,-453571.0,29
201800015376,18,3,29,1650,1,1,1,1.0,6.0,29208,M,4849541.0,-464805.0,29
201800015377,18,4,6,1145,1,1,3,1.0,3.0,29208,M,4849749.0,-469801.0,29
201800015378,18,4,18,1355,1,1,3,1.0,4.0,29119,M,4848498.0,-464459.0,29
201800015379,18,5,8,1150,1,1,3,1.0,2.0,29149,M,4843846.0,-454555.0,29
201800015380,18,5,13,1530,1,1,1,7.0,1.0,29260,M,4841913.0,-463335.0,29
201800015381,18,5,25,2030,2,2,3,1.0,3.0,29098,M,4844633.0,-476696.0,29
201800015382,18,6,14,1200,1,1,6,8.0,3.0,29208,M,4849668.0,-469843.0,29
201800015383,18,7,22,1850,1,1,1,7.0,1.0,29260,M,4843874.0,-463652.0,29
201800015384,18,8,23,1845,1,1,2,1.0,3.0,29177,M,4844041.0,-474082.0,29
201800015385,18,9,2,1520,1,2,1,1.0,6.0,29178,M,4854617.0,-468312.0,29
201800015386,18,9,26,1645,1,1,3,1.0,6.0,29208,M,4850316.0,-465366.0,29
201800015387,18,10,19,1645,1,2,1,1.0,6.0,29260,M,4842731.0,-463082.0,29
201800015388,18,10,30,850,1,2,1,7.0,6.0,29196,M,4852468.0,-460125.0,29
201800015389,18,11,24,1850,5,2,1,8.0,7.0,29260,M,4843539.0,-462191.0,29
201800015390,18,9,16,800,2,1,1,1.0,6.0,29166,M,4815462.0,-418104.0,29
201800015391,18,9,23,1640,1,1,1,1.0,1.0,29025,M,4817761.0,-409732.0,29
201800015392,18,12,23,1930,3,1,1,2.0,1.0,29240,M,4826716.0,-426931.0,29
201800015393,18,12,27,2230,3,1,3,5.0,6.0,29263,M,4822789.0,-407878.0,29
201800015394,18,2,4,215,3,1,1,2.0,6.0,29275,M,4842058.0,-366479.0,29
201800015395,18,4,24,1230,1,2,3,1.0,3.0,29024,M,4827824.0,-355210.0,29
201800015396,18,5,6,650,2,1,1,1.0,6.0,29152,M,4820300.0,-358285.0,29
201800015397,18,5,6,1425,1,1,3,1.0,3.0,29152,M,4823741.0,-355361.0,29
201800015398,18,7,27,2010,1,1,6,7.0,1.0,29024,M,4827085.0,-353377.0,29
201800015399,18,8,17,1640,1,1,1,1.0,7.0,29278,M,4818106.0,-374537.0,29
201800015400,18,9,15,1300,1,1,1,7.0,1.0,29029,M,4825677.0,-361044.0,29
201800015401,18,10,24,1115,1,1,4,5.0,6.0,29089,M,4826740.0,-361650.0,29
201800015402,18,11,7,1800,2,1,1,2.0,6.0,29250,M,4821705.0,-358361.0,29
201800015403,18,12,8,130,3,1,1,8.0,6.0,29081,M,4836448.0,-373022.0,29
201800015404,18,12,7,800,5,2,1,3.0,6.0,29024,M,4827824.0,-355210.0,29
201800015405,18,1,31,907,1,1,2,2.0,3.0,29027,M,4820573.0,-379719.0,29
201800015406,18,2,21,1730,1,1,2,7.0,3.0,29048,M,4811642.0,-401434.0,29
201800015407,18,2,25,1750,1,1,1,7.0,6.0,29107,M,4805107.0,-394809.0,29
201800015408,18,4,17,630,2,1,1,1.0,7.0,29102,M,4821958.0,-370590.0,29
201800015409,18,4,29,715,2,1,1,1.0,6.0,29027,M,4822684.0,-373112.0,29
201800015410,18,6,3,1645,1,1,1,3.0,6.0,29036,M,4829241.0,-381234.0,29
201800015411,18,7,2,720,1,2,1,2.0,3.0,29020,M,4809976.0,-403110.0,29
201800015412,18,7,9,1830,1,1,3,1.0,6.0,29125,M,4808868.0,-376375.0,29
201800015413,18,7,20,1236,1,1,1,1.0,5.0,29027,M,4820947.0,-376854.0,29
201800015414,18,7,19,1000,1,2,1,1.0,6.0,29027,M,4819317.0,-381996.0,29
201800015415,18,8,4,618,2,2,1,1.0,6.0,29162,M,4823231.0,-396479.0,29
201800015416,18,8,10,2255,3,1,2,1.0,3.0,29048,M,4811655.0,-401445.0,29
201800015417,18,8,15,245,3,1,1,1.0,6.0,29123,M,4823002.0,-390492.0,29
201800015418,18,8,16,1115,1,2,3,2.0,3.0,29162,M,4823204.0,-396474.0,29
201800015419,18,9,8,1825,1,2,1,1.0,6.0,29020,M,4810066.0,-402274.0,29
201800015420,18,9,10,750,1,1,3,1.0,3.0,29125,M,4810014.0,-375737.0,29
201800015421,18,10,31,1646,1,1,1,1.0,1.0,29261,M,4835601.0,-394844.0,29
201800015422,18,12,12,1945,5,1,6,2.0,2.0,29048,M,4810107.0,-398562.0,29
201800015423,18,12,21,1745,4,2,1,1.0,6.0,29041,M,4805745.0,-382712.0,29
201800015424,18,12,28,2245,3,1,1,1.0,6.0,29175,M,4821695.0,-381853.0,29
201800015425,18,6,5,2130,3,1,1,1.0,6.0,29186,M,4863228.0,-382551.0,29
201800015426,18,6,15,1015,1,2,1,1.0,3.0,29188,M,4868893.0,-378284.0,29
201800015427,18,7,5,2000,1,2,1,1.0,3.0,29199,M,4857278.0,-371785.0,29
201800015428,18,7,15,2115,1,1,1,1.0,6.0,29073,M,4866408.0,-366892.0,29
201800015429,18,7,21,2200,2,1,1,1.0,1.0,29207,M,4854486.0,-381520.0,29
201800015430,18,10,25,1320,1,1,5,8.0,3.0,29207,M,4852443.0,-383535.0,29
201800015431,18,11,17,1505,1,1,2,8.0,6.0,29183,M,4856740.0,-360970.0,29
201800015432,18,11,25,5,3,1,1,1.0,6.0,29113,M,4864186.0,-369695.0,29
201800015433,18,11,24,1140,1,2,1,7.0,6.0,29113,M,4864663.0,-371652.0,29
201800015434,18,12,8,1115,1,1,1,2.0,6.0,29199,M,4855771.0,-369323.0,29
201800015435,18,12,15,1220,1,2,1,3.0,1.0,29133,M,4867754.0,-366606.0,29
201800015436,18,2,28,1215,1,2,1,1.0,6.0,29105,M,4851041.0,-407552.0,29
201800015437,18,4,12,1320,1,2,3,1.0,3.0,29097,M,4849251.0,-404183.0,29
201800015438,18,4,26,1615,1,2,2,1.0,1.0,29105,M,4850423.0,-408310.0,29
201800015439,18,5,4,1604,1,1,1,1.0,6.0,29163,M,4851829.0,-386754.0,29
201800015440,18,5,31,1003,1,1,6,2.0,3.0,29277,M,4841098.0,-408551.0,29
201800015441,18,6,12,803,1,1,1,1.0,3.0,29131,M,4844837.0,-403861.0,29
201800015442,18,6,24,153,5,2,1,1.0,6.0,29105,M,4849857.0,-407862.0,29
201800015443,18,7,15,1850,1,1,1,1.0,6.0,29097,M,4849573.0,-404969.0,29
201800015444,18,8,5,640,2,1,9,1.0,1.0,29277,M,4840036.0,-408190.0,29
201800015445,18,8,15,1825,1,1,1,9.0,6.0,29038,M,4839567.0,-394415.0,29
201800015446,18,8,24,1800,1,1,3,1.0,2.0,29010,M,4851181.0,-411117.0,29
201800015447,18,8,20,800,1,1,1,2.0,6.0,29010,M,4848997.0,-412657.0,29
201800015448,18,9,27,830,1,1,1,7.0,1.0,29265,M,4857898.0,-388238.0,29
201800015449,18,10,5,720,3,1,2,1.0,6.0,29266,M,4850136.0,-394382.0,29
201800015450,18,10,24,1507,1,1,1,1.0,7.0,29038,M,4839012.0,-394001.0,29
201800015451,18,11,1,1600,1,1,1,2.0,5.0,29131,M,4845193.0,-408108.0,29
201800015452,18,11,12,1800,3,1,1,1.0,7.0,29277,M,4842131.0,-402370.0,29
201800015453,18,11,13,1630,1,2,1,1.0,6.0,29105,M,4851090.0,-406827.0,29
201800015454,18,12,18,800,3,1,1,2.0,6.0,29204,M,4852736.0,-419030.0,29
201800015455,18,1,7,1745,5,1,1,6.0,4.0,29259,M,4868369.0,-400079.0,29
201800015456,18,1,8,1900,3,1,3,1.0,2.0,29210,M,4857877.0,-400826.0,29
201800015457,18,1,31,815,3,2,1,2.0,6.0,29276,M,4868665.0,-408042.0,29
201800015458,18,1,30,1350,1,2,1,1.0,6.0,29082,M,4874074.0,-402770.0,29
201800015459,18,2,4,1125,1,1,2,1.0,3.0,29276,M,4866970.0,-406632.0,29
201800015460,18,2,22,300,3,1,1,9.0,6.0,29259,M,4865957.0,-396810.0,29
201800015461,18,2,25,840,2,1,1,1.0,6.0,29279,M,4862422.0,-390700.0,29
201800015462,18,3,19,1435,1,1,2,4.0,3.0,29271,M,4856761.0,-415630.0,29
201800015463,18,3,22,630,2,1,1,1.0,1.0,29148,M,4861054.0,-405677.0,29
201800015464,18,4,30,1800,1,1,1,1.0,6.0,29192,M,4862205.0,-407222.0,29
201800015465,18,5,1,1145,1,1,1,1.0,2.0,29259,M,4865540.0,-400967.0,29
201800015466,18,5,6,1535,1,1,1,1.0,6.0,29271,M,4857104.0,-415414.0,29
201800015467,18,5,6,1150,1,1,2,1.0,5.0,29271,M,4860357.0,-414043.0,29
201800015468,18,5,8,2330,3,1,1,1.0,6.0,29271,M,4859374.0,-413809.0,29
201800015469,18,5,26,1540,1,2,1,3.0,1.0,29213,M,4860591.0,-411942.0,29
201800015470,18,6,7,1845,1,1,2,1.0,2.0,29287,M,4861143.0,-426532.0,29
201800015471,18,6,21,1515,1,2,2,1.0,4.0,29030,M,4866287.0,-410255.0,29
201800015472,18,7,9,1810,1,1,1,1.0,1.0,29259,M,4867522.0,-397686.0,29
201800015473,18,7,29,1810,1,1,1,2.0,3.0,29192,M,4866077.0,-402295.0,29
201800015474,18,8,4,545,2,1,4,5.0,4.0,29259,M,4865957.0,-396810.0,29
201800015475,18,8,15,1055,1,2,1,1.0,3.0,29239,M,4871913.0,-398528.0,29
201800015476,18,8,17,1830,1,2,2,1.0,3.0,29192,M,4867193.0,-404417.0,29
201800015477,18,9,28,1835,1,2,3,7.0,1.0,29184,M,4863867.0,-396936.0,29
201800015478,18,9,29,1600,1,2,6,1.0,3.0,29259,M,4868778.0,-399964.0,29
201800015479,18,10,13,1030,1,2,1,1.0,6.0,29239,M,4872658.0,-398622.0,29
201800015480,18,11,25,1020,1,2,9,7.0,6.0,29030,M,4866307.0,-410297.0,29
201800015481,18,11,20,730,2,2,2,2.0,3.0,29206,M,4861636.0,-419858.0,29
201800015482,18,12,20,1630,2,2,2,2.0,3.0,29185,M,4865261.0,-417333.0,29
201800015483,18,12,21,855,1,1,3,1.0,3.0,29184,M,4860182.0,-394035.0,29
201800015484,18,12,21,1735,3,1,2,2.0,3.0,29184,M,4862191.0,-398590.0,29
201800015485,18,1,5,2040,5,2,1,3.0,6.0,29233,M,4787217.0,-355495.0,29
201800015486,18,3,22,1550,1,1,1,1.0,6.0,29233,M,4783631.0,-355229.0,29
201800015487,18,5,5,1337,1,2,1,1.0,3.0,29230,M,4795990.0,-353753.0,29
201800015488,18,5,23,1115,1,2,1,1.0,6.0,29233,M,4787217.0,-355495.0,29
201800015489,18,2,5,1445,1,2,1,1.0,6.0,29293,M,4779251.0,-384816.0,29
201800015490,18,4,3,1610,1,1,1,1.0,2.0,29150,M,4780813.0,-365986.0,29
201800015491,18,4,28,2045,1,2,7,1.0,7.0,29031,M,4777244.0,-360826.0,29
201800015492,18,5,7,1850,1,1,1,1.0,1.0,29236,M,4784931.0,-366809.0,29
201800015493,18,5,15,630,1,1,1,1.0,6.0,29293,M,4783769.0,-381945.0,29
201800015494,18,7,10,2220,5,2,3,1.0,3.0,29236,M,4784471.0,-369488.0,29
201800015495,18,8,8,1425,1,2,1,1.0,7.0,29150,M,4780814.0,-370174.0,29
201800015496,18,8,14,1600,1,2,1,1.0,6.0,29217,M,4785743.0,-374532.0,29
201800015497,18,9,2,1135,1,2,3,1.0,3.0,29150,M,4778402.0,-366966.0,29
201800015498,18,9,2,1720,1,1,2,1.0,3.0,29153,M,4780899.0,-379501.0,29
201800015499,18,10,5,1140,1,1,1,1.0,2.0,29293,M,4781283.0,-382338.0,29
201800015500,18,11,1,840,1,1,1,1.0,6.0,29150,M,4781804.0,-361984.0,29
201800015501,18,1,18,1539,1,2,3,1.0,3.0,29241,M,4796098.0,-383169.0,29
201800015502,18,2,25,1503,1,1,1,1.0,3.0,29004,M,4792159.0,-365087.0,29
201800015503,18,3,7,1754,1,1,3,1.0,3.0,29272,M,4797042.0,-397431.0,29
201800015504,18,3,23,17,3,1,1,3.0,6.0,29146,M,4791289.0,-384199.0,29
201800015505,18,3,27,1740,1,2,1,1.0,6.0,29004,M,4794009.0,-369132.0,29
201800015506,18,4,7,1150,1,2,3,1.0,3.0,29300,M,4790144.0,-368388.0,29
201800015507,18,4,11,1220,1,2,3,1.0,6.0,29241,M,4796023.0,-382932.0,29
201800015508,18,4,21,1048,1,1,1,1.0,7.0,29269,M,4795634.0,-362007.0,29
201800015509,18,4,30,1800,1,1,1,1.0,6.0,29146,M,4791289.0,-384199.0,29
201800015510,18,5,18,1435,1,2,9,1.0,3.0,29241,M,4796229.0,-381132.0,29
201800015511,18,7,6,1130,1,2,1,1.0,6.0,29241,M,4795463.0,-382910.0,29
201800015512,18,8,6,1800,1,1,1,1.0,6.0,29146,M,4788888.0,-378793.0,29
201800015513,18,10,4,1430,1,1,3,1.0,3.0,29004,M,4793277.0,-371280.0,29
201800015514,18,10,26,2106,5,2,1,1.0,3.0,29241,M,4796162.0,-384024.0,29
201800015515,18,11,3,750,2,1,1,1.0,6.0,29274,M,4802988.0,-379618.0,29
201800015516,18,11,9,1610,1,1,1,6.0,1.0,29241,M,4798069.0,-383301.0,29
201800015517,18,12,12,1750,3,1,1,2.0,6.0,29241,M,4795400.0,-384287.0,29
201800015518,18,12,20,1800,5,2,1,3.0,6.0,29004,M,4793654.0,-369418.0,29
201800015519,18,12,20,1630,2,2,2,3.0,5.0,29281,M,4802490.0,-382522.0,29
201800015520,18,12,22,1445,1,1,1,1.0,2.0,29004,M,4792270.0,-366985.0,29
201800015521,18,12,22,1830,3,1,1,1.0,2.0,29004,M,4793470.0,-371691.0,29
201800015522,18,1,1,1400,1,1,1,1.0,6.0,34192,M,4354566.0,397080.0,34
201800015523,18,6,8,1545,1,1,1,1.0,6.0,34154,M,4355356.0,400447.0,34
201800015524,18,7,14,1630,1,2,5,7.0,1.0,34154,M,4354887.0,397993.0,34
201800015525,18,8,7,2010,1,2,9,1.0,3.0,34154,M,4354929.0,398045.0,34
201800015526,18,8,10,2030,1,1,1,1.0,6.0,34192,M,4353476.0,391122.0,34
201800015527,18,9,28,1905,1,2,6,1.0,3.0,34192,M,4353486.0,393844.0,34
201800015528,18,12,31,1430,1,2,9,1.0,3.0,34154,M,4354807.0,397444.0,34
201800015529,18,1,18,1905,5,2,3,1.0,6.0,35184,M,4819947.0,-204762.0,35
201800015530,18,4,17,1215,1,1,1,1.0,1.0,35302,M,4818540.0,-216732.0,35
201800015531,18,7,8,1510,1,1,1,1.0,1.0,35320,M,4815855.0,-204135.0,35
201800015532,18,8,15,1820,1,1,1,1.0,3.0,35117,M,4812833.0,-221889.0,35
201800015533,18,9,3,1445,1,1,3,1.0,3.0,35117,M,4812546.0,-221564.0,35
201800015534,18,9,7,2310,5,1,1,1.0,6.0,35184,M,4819391.0,-206162.0,35
201800015535,18,9,18,1910,1,1,1,1.0,6.0,35184,M,4820628.0,-203912.0,35
201800015536,18,10,12,1750,1,1,2,1.0,1.0,35060,M,4820524.0,-197153.0,35
201800015537,18,10,25,1520,1,1,1,1.0,3.0,35184,M,4818988.0,-203141.0,35
201800015538,18,11,17,2230,3,1,3,1.0,6.0,35060,M,4820078.0,-198963.0,35
201800015539,18,12,28,1445,1,1,1,1.0,7.0,35234,M,4822575.0,-217720.0,35
201800015540,18,1,20,1345,1,1,2,1.0,3.0,35133,M,4815418.0,-201380.0,35
201800015541,18,1,30,815,2,2,6,2.0,2.0,35227,M,4817967.0,-192051.0,35
201800015542,18,2,11,1300,1,2,1,8.0,6.0,35319,M,4803004.0,-192965.0,35
201800015543,18,4,7,2255,3,1,1,3.0,1.0,35023,M,4816293.0,-194562.0,35
201800015544,18,5,5,2120,3,1,1,1.0,7.0,35331,M,4808940.0,-196314.0,35
201800015545,18,7,1,1720,1,1,1,1.0,1.0,35133,M,4816931.0,-199533.0,35
201800015546,18,7,11,720,1,2,1,7.0,2.0,35203,M,4816205.0,-197434.0,35
201800015547,18,8,14,15,4,2,1,1.0,6.0,35227,M,4817788.0,-192423.0,35
201800015548,18,8,15,1915,1,1,1,1.0,6.0,35133,M,4814250.0,-204446.0,35
201800015549,18,9,10,1450,1,1,1,1.0,6.0,35351,M,4806585.0,-195377.0,35
201800015550,18,10,6,645,3,1,1,1.0,1.0,35305,M,4804878.0,-206637.0,35
201800015551,18,10,20,2019,3,1,1,1.0,6.0,35351,M,4806581.0,-195243.0,35
201800015552,18,10,27,2310,4,2,1,1.0,6.0,35211,M,4801633.0,-217213.0,35
201800015553,18,5,11,1730,1,1,2,1.0,3.0,35112,M,4835091.0,-111623.0,35
201800015554,18,6,17,1650,1,1,1,1.0,6.0,35062,M,4832461.0,-109756.0,35
201800015555,18,6,21,1510,1,1,1,1.0,6.0,35230,M,4847375.0,-127798.0,35
201800015556,18,7,12,1800,1,1,2,1.0,3.0,35111,M,4847567.0,-127864.0,35