Num_Acc,an,mois,jour,hrmn,lum,agg,int,atm,col,com,gps,lat,long,dep
201800015557,18,9,1,1435,1,1,6,1.0,3.0,35243,M,4834247.0,-129279.0,35
201800015558,18,10,6,2145,3,1,6,3.0,6.0,35243,M,4834286.0,-129184.0,35
201800015559,18,10,1,1150,1,1,3,1.0,1.0,35137,M,4831711.0,-122338.0,35
201800015560,18,11,14,1757,3,1,2,1.0,3.0,35137,M,4831211.0,-121096.0,35
201800015561,18,12,14,1600,1,1,1,7.0,3.0,35157,M,4838549.0,-108030.0,35
201800015562,18,1,10,1415,1,1,3,1.0,1.0,35164,M,4838979.0,-162345.0,35
201800015563,18,1,13,2350,3,1,1,1.0,6.0,35341,M,4841881.0,-139568.0,35
201800015564,18,1,17,2015,3,1,1,2.0,6.0,35303,M,4845606.0,-145917.0,35
201800015565,18,1,26,1050,1,2,6,7.0,6.0,35257,M,4841081.0,-136641.0,35
201800015566,18,3,11,1145,1,1,1,1.0,6.0,35257,M,4840770.0,-139551.0,35
201800015567,18,4,3,1150,1,2,1,1.0,6.0,35004,M,4846061.0,-148626.0,35
201800015568,18,4,20,2020,1,1,1,1.0,6.0,35244,M,4836885.0,-149921.0,35
201800015569,18,5,15,1739,1,1,3,1.0,7.0,35267,M,4837144.0,-131780.0,35
201800015570,18,5,18,720,1,1,2,1.0,3.0,35011,M,4837734.0,-137285.0,35
201800015571,18,5,28,1620,1,1,9,3.0,6.0,35004,M,4847839.0,-147354.0,35
201800015572,18,1,14,1220,1,1,1,2.0,7.0,35343,M,4788170.0,-152668.0,35
201800015573,18,12,24,110,3,1,2,1.0,6.0,35012,M,4783629.0,-163708.0,35
201800015574,18,4,3,1337,1,2,1,1.0,6.0,35012,M,4784746.0,-168108.0,35
201800015575,18,4,11,900,1,1,2,1.0,6.0,35145,M,4771827.0,-187145.0,35
201800015576,18,6,29,1800,1,2,1,1.0,2.0,35012,M,4784959.0,-168977.0,35
201800015577,18,7,8,1910,1,1,1,1.0,2.0,35332,M,4779808.0,-151342.0,35
201800015578,18,7,27,1340,1,1,3,1.0,3.0,35012,M,4785160.0,-166882.0,35
201800015579,18,9,16,1315,1,1,1,1.0,6.0,35343,M,4789227.0,-155054.0,35
201800015580,18,12,27,1933,3,1,1,5.0,6.0,35343,M,4784511.0,-155912.0,35
201800015581,18,1,5,1415,1,1,2,7.0,3.0,35299,M,4863375.0,-189652.0,35
201800015582,18,1,23,530,3,1,1,2.0,1.0,35362,M,4849550.0,-186284.0,35
201800015583,18,1,23,1720,2,1,2,1.0,3.0,35362,M,4849635.0,-186510.0,35
201800015584,18,1,28,1940,3,1,1,2.0,3.0,35299,M,4865397.0,-187282.0,35
201800015585,18,3,26,220,5,1,1,1.0,6.0,35284,M,4861340.0,-197703.0,35
201800015586,18,4,22,1650,1,2,3,1.0,6.0,35049,M,4868039.0,-185868.0,35
201800015587,18,4,22,1450,1,1,1,1.0,5.0,35299,M,4863276.0,-191041.0,35
201800015588,18,5,25,1610,1,1,2,1.0,3.0,35299,M,4865251.0,-191994.0,35
201800015589,18,7,8,715,2,1,1,1.0,6.0,35263,M,4867317.0,-195484.0,35
201800015590,18,7,15,1500,1,1,1,1.0,2.0,35306,M,4857390.0,-193852.0,35
201800015591,18,7,19,1,3,1,1,1.0,2.0,35306,M,4857605.0,-194236.0,35
201800015592,18,7,20,2140,2,1,1,1.0,6.0,35224,M,4854345.0,-188032.0,35
201800015593,18,8,5,1115,1,1,1,1.0,7.0,35179,M,4854473.0,-191656.0,35
201800015594,18,8,14,1755,1,2,1,1.0,7.0,35049,M,4867018.0,-185630.0,35
201800015595,18,8,17,625,1,1,1,1.0,6.0,35255,M,4861730.0,-187028.0,35
201800015596,18,8,19,1920,1,1,4,1.0,3.0,35299,M,4865250.0,-194114.0,35
201800015597,18,8,31,1200,1,2,1,1.0,6.0,35263,M,4867509.0,-191264.0,35
201800015598,18,10,3,1850,1,2,3,1.0,6.0,35049,M,4867645.0,-186250.0,35
201800015599,18,10,9,2120,3,1,1,1.0,1.0,35299,M,4865268.0,-192128.0,35
201800015600,18,11,9,627,3,1,1,1.0,6.0,35362,M,4848624.0,-185279.0,35
201800015601,18,11,9,825,1,1,1,1.0,1.0,35049,M,4867110.0,-186460.0,35
201800015602,18,12,4,1215,1,1,2,1.0,6.0,35179,M,4851366.0,-186072.0,35
201800015603,18,12,12,1650,2,2,2,1.0,3.0,35306,M,4857848.0,-194241.0,35
201800015604,18,12,15,2105,3,1,1,2.0,6.0,35358,M,4855115.0,-193339.0,35
201800015605,18,2,16,1630,1,1,2,1.0,3.0,35248,M,4854965.0,-157980.0,35
201800015606,18,3,20,1950,3,1,3,8.0,6.0,35186,M,4856306.0,-179508.0,35
201800015607,18,4,6,1325,1,1,3,1.0,3.0,35010,M,4855327.0,-171606.0,35
201800015608,18,5,5,1820,1,1,1,1.0,1.0,35291,M,4859025.0,-163739.0,35
201800015609,18,5,19,550,2,1,1,1.0,2.0,35010,M,4853935.0,-170036.0,35
201800015610,18,6,4,1345,1,1,1,1.0,7.0,35186,M,4856453.0,-178903.0,35
201800015611,18,6,29,1330,1,1,4,1.0,3.0,35186,M,4858463.0,-177997.0,35
201800015612,18,7,6,520,3,1,1,1.0,6.0,35222,M,4852052.0,-161314.0,35
201800015613,18,7,22,1730,1,1,1,1.0,7.0,35291,M,4858594.0,-162465.0,35
201800015614,18,8,3,1750,1,2,1,1.0,1.0,35095,M,4854644.0,-175606.0,35
201800015615,18,10,26,2355,3,1,1,4.0,6.0,35259,M,4856365.0,-165466.0,35
201800015616,18,11,1,1000,1,1,1,7.0,2.0,35010,M,4853806.0,-169768.0,35
201800015617,18,1,16,715,2,2,6,1.0,3.0,35360,M,4811321.0,-120101.0,35
201800015618,18,2,14,1720,1,1,1,1.0,5.0,35141,M,4816108.0,-127042.0,35
201800015619,18,2,18,1740,2,1,2,2.0,3.0,35109,M,4808462.0,-125025.0,35
201800015620,18,2,28,1358,1,2,9,1.0,6.0,35360,M,4811540.0,-120636.0,35
201800015621,18,3,7,1842,1,2,6,1.0,6.0,35360,M,4811281.0,-120261.0,35
201800015622,18,3,14,1900,3,1,2,3.0,3.0,35166,M,4814910.0,-134008.0,35
201800015623,18,4,6,2045,2,1,1,1.0,7.0,35350,M,4804910.0,-123648.0,35
201800015624,18,5,18,445,4,2,3,1.0,3.0,35360,M,4811384.0,-119815.0,35
201800015625,18,7,6,1116,1,1,1,7.0,2.0,35109,M,4807216.0,-122060.0,35
201800015626,18,7,16,1830,1,1,1,1.0,2.0,35360,M,4812361.0,-124387.0,35
201800015627,18,8,29,230,3,1,9,1.0,3.0,35360,M,4810192.0,-120736.0,35
201800015628,18,9,6,1600,1,1,1,1.0,5.0,35272,M,4800563.0,-120111.0,35
201800015629,18,10,12,1530,1,1,1,1.0,1.0,35194,M,4815520.0,-124354.0,35
201800015630,18,11,21,1850,5,2,3,1.0,3.0,35360,M,4812312.0,-121388.0,35
201800015631,18,12,18,1920,5,1,8,3.0,1.0,35252,M,4810891.0,-132257.0,35
201800015632,18,12,23,2030,3,2,1,1.0,6.0,35360,M,4813486.0,-121119.0,35
201800015633,18,12,27,2200,3,1,3,5.0,6.0,35038,M,4810504.0,-105568.0,35
201800015634,18,2,12,1650,1,2,1,1.0,6.0,35068,M,4810349.0,-141627.0,35
201800015635,18,4,8,1540,1,1,2,2.0,3.0,35209,M,4805972.0,-145106.0,35
201800015636,18,4,11,1800,1,1,3,1.0,3.0,35069,M,4802813.0,-150546.0,35
201800015637,18,6,20,440,3,1,1,1.0,6.0,35327,M,4812520.0,-147293.0,35
201800015638,18,6,24,1300,1,1,1,1.0,6.0,35327,M,4810354.0,-146350.0,35
201800015639,18,6,29,900,1,1,3,1.0,3.0,35204,M,4804530.0,-156856.0,35
201800015640,18,7,5,1515,1,1,9,1.0,2.0,35069,M,4803755.0,-149295.0,35
201800015641,18,7,13,2045,1,2,6,1.0,6.0,35207,M,4811155.0,-152748.0,35
201800015642,18,9,11,1430,1,2,2,1.0,3.0,35068,M,4810294.0,-140129.0,35
201800015643,18,10,22,2125,3,1,2,1.0,3.0,35204,M,4804443.0,-156273.0,35
201800015644,18,11,19,915,1,1,1,1.0,4.0,35207,M,4810822.0,-152425.0,35
201800015645,18,12,18,1715,5,2,1,3.0,6.0,35068,M,4810750.0,-140445.0,35
201800015646,18,12,22,1830,3,1,1,1.0,4.0,35207,M,4811309.0,-154693.0,35
201800015647,18,1,13,1820,3,1,1,1.0,1.0,44045,M,4729746.0,-183494.0,44
201800015648,18,1,27,130,5,2,1,9.0,7.0,44158,M,4728201.0,-178451.0,44
201800015649,18,1,27,1415,1,1,3,1.0,3.0,44158,M,4729331.0,-176065.0,44
201800015650,18,3,26,1345,1,1,1,1.0,3.0,44158,M,4728272.0,-180222.0,44
201800015651,18,3,27,745,1,1,2,2.0,3.0,44217,M,4732206.0,-175131.0,44
201800015652,18,9,7,720,2,1,1,1.0,6.0,44045,M,4731808.0,-177896.0,44
201800015653,18,11,13,1110,1,2,1,1.0,6.0,44158,M,4727566.0,-178108.0,44
201800015654,18,1,17,1815,3,1,1,1.0,1.0,44017,M,4752320.0,-126536.0,44
201800015655,18,1,24,445,5,1,4,2.0,6.0,44191,M,4757300.0,-119042.0,44
201800015656,18,1,26,720,3,1,1,1.0,6.0,44213,M,4737717.0,-102159.0,44
201800015657,18,3,17,1615,1,1,1,2.0,3.0,44003,M,4738901.0,-119947.0,44
201800015658,18,4,4,1939,1,1,3,1.0,1.0,44004,M,4738398.0,-110635.0,44
201800015659,18,4,22,1425,1,2,9,1.0,6.0,44160,M,4737062.0,-120943.0,44
201800015660,18,4,19,440,3,1,1,1.0,6.0,44191,M,4755347.0,-118554.0,44
201800015661,18,5,18,1730,1,2,1,1.0,6.0,44180,M,4752194.0,-118448.0,44
201800015662,18,9,1,2145,5,2,9,1.0,3.0,44163,M,4740064.0,-109755.0,44
201800015663,18,9,29,1620,1,1,1,1.0,1.0,44096,M,4741801.0,-128772.0,44
201800015664,18,11,4,230,3,1,3,1.0,3.0,44011,M,4747850.0,-103980.0,44
201800015665,18,11,30,1650,1,1,6,2.0,2.0,44003,M,4741021.0,-118958.0,44
201800015666,18,12,21,815,2,1,1,3.0,3.0,44163,M,4739553.0,-107186.0,44
201800015667,18,12,19,1930,3,1,1,2.0,2.0,44096,M,4740555.0,-121642.0,44
201800015668,18,1,10,700,2,1,2,2.0,7.0,44048,M,4737933.0,-125564.0,44
201800015669,18,3,25,1730,1,1,1,1.0,1.0,44028,M,4733457.0,-136277.0,44
201800015670,18,4,6,635,3,1,3,1.0,1.0,44082,M,4741838.0,-136020.0,44
201800015671,18,4,24,1530,1,1,1,1.0,1.0,44082,M,4739184.0,-138760.0,44
201800015672,18,6,23,2255,3,1,1,1.0,3.0,44115,M,4735302.0,-127019.0,44
201800015673,18,8,19,1125,1,2,6,1.0,3.0,44144,M,4752020.0,-129767.0,44
201800015674,18,9,13,1800,1,2,1,1.0,6.0,44082,M,4741177.0,-137802.0,44
201800015675,18,9,27,1945,2,1,1,1.0,6.0,44144,M,4750693.0,-131007.0,44
201800015676,18,9,30,740,2,1,1,1.0,7.0,44077,M,4751878.0,-145718.0,44
201800015677,18,12,6,800,5,1,6,2.0,6.0,44028,M,4734018.0,-134943.0,44
201800015678,18,4,7,1905,2,1,9,3.0,7.0,44170,M,4764552.0,-125188.0,44
201800015679,18,5,19,130,3,1,2,1.0,3.0,44099,M,4766873.0,-132631.0,44
201800015680,18,6,12,445,3,1,1,1.0,1.0,44085,M,4768350.0,-140651.0,44
201800015681,18,7,1,1850,1,2,7,1.0,7.0,44112,M,4777628.0,-134587.0,44
201800015682,18,9,22,615,3,1,1,1.0,6.0,44153,M,4769510.0,-141707.0,44
201800015683,18,9,29,2045,3,1,1,1.0,6.0,44112,M,4776950.0,-135483.0,44
201800015684,18,12,1,45,3,1,1,1.0,6.0,44054,M,4766634.0,-129689.0,44
201800015685,18,11,22,2100,3,1,2,2.0,3.0,44153,M,4769015.0,-150832.0,44
201800015686,18,1,4,750,3,1,1,2.0,2.0,44062,M,4751995.0,-180330.0,44
201800015687,18,3,31,2130,5,2,1,8.0,6.0,44185,M,4764808.0,-208351.0,44
201800015688,18,4,12,815,1,1,1,1.0,7.0,44023,M,4744036.0,-191551.0,44
201800015689,18,5,3,1815,1,1,2,1.0,3.0,44044,M,4766430.0,-179417.0,44
201800015690,18,5,5,2300,3,1,1,1.0,6.0,44056,M,4741573.0,-182575.0,44
201800015691,18,6,5,1550,1,1,1,1.0,6.0,44056,M,4741160.0,-176720.0,44
201800015692,18,7,6,1920,1,1,7,1.0,6.0,44057,M,4760315.0,-206124.0,44
201800015693,18,7,30,845,1,1,9,2.0,6.0,44015,M,4746964.0,-173047.0,44
201800015694,18,8,15,1915,1,1,1,7.0,1.0,44067,M,4761500.0,-182236.0,44
201800015695,18,8,29,1624,1,2,1,1.0,6.0,44128,M,4754157.0,-188720.0,44
201800015696,18,9,12,715,2,1,1,1.0,6.0,44057,M,4757815.0,-207744.0,44
201800015697,18,3,22,2100,3,1,1,1.0,3.0,44131,M,4711176.0,-201776.0,44
201800015698,18,6,5,310,3,1,1,5.0,1.0,44131,M,4711163.0,-200385.0,44
201800015699,18,6,19,1900,1,2,2,1.0,3.0,44131,M,4711091.0,-208899.0,44
201800015700,18,7,8,1130,1,2,1,1.0,6.0,44131,M,4711215.0,-213964.0,44
201800015701,18,9,29,1845,1,2,1,1.0,1.0,44131,M,4713218.0,-204941.0,44
201800015702,18,9,30,1440,1,1,1,1.0,6.0,44021,M,4706900.0,-190481.0,44
201800015703,18,10,31,1845,3,1,1,1.0,1.0,44021,M,4701961.0,-186858.0,44
201800015704,18,11,3,1550,1,2,3,1.0,3.0,44131,M,4710574.0,-207174.0,44
201800015705,18,1,10,855,1,2,6,2.0,3.0,44087,M,4699671.0,-181690.0,44
201800015706,18,3,14,930,1,2,1,1.0,6.0,44119,M,4696251.0,-175340.0,44
201800015707,18,3,23,900,1,2,6,2.0,3.0,44087,M,4699681.0,-181530.0,44
201800015708,18,3,30,1450,1,1,3,1.0,2.0,44220,M,4720021.0,-190018.0,44
201800015709,18,5,11,1215,1,1,1,1.0,3.0,44119,M,4693324.0,-178926.0,44
201800015710,18,5,19,1225,1,1,3,1.0,3.0,44119,M,4699388.0,-175510.0,44
201800015711,18,6,26,830,1,1,3,7.0,1.0,44119,M,4699299.0,-176470.0,44
201800015712,18,6,25,1630,1,1,1,1.0,1.0,44087,M,4699290.0,-176523.0,44
201800015713,18,6,25,1815,1,1,1,1.0,5.0,44220,M,4719955.0,-186255.0,44
201800015714,18,7,10,1030,1,1,1,1.0,1.0,44186,M,4708188.0,-183103.0,44
201800015715,18,7,4,1640,1,1,1,1.0,3.0,44220,M,4720533.0,-191071.0,44
201800015716,18,7,13,1755,1,2,1,1.0,2.0,44186,M,4710352.0,-181052.0,44
201800015717,18,8,1,1820,1,1,1,1.0,1.0,44133,M,4713830.0,-174205.0,44
201800015718,18,9,7,1935,2,2,3,7.0,3.0,44186,M,4710349.0,-180680.0,44
201800015719,18,9,9,1815,1,1,1,1.0,4.0,44145,M,4717801.0,-187150.0,44
201800015720,18,9,21,720,2,1,2,2.0,3.0,44133,M,4713269.0,-179850.0,44
201800015721,18,9,25,1900,1,1,1,1.0,5.0,44087,M,4704230.0,-181449.0,44
201800015722,18,12,23,800,3,1,1,8.0,2.0,44133,M,4711209.0,-177978.0,44
201800015723,18,1,31,1145,1,2,6,2.0,3.0,44154,M,4723872.0,-216881.0,44
201800015724,18,2,23,1630,1,2,6,1.0,3.0,44154,M,4723486.0,-215901.0,44
201800015725,18,3,17,2005,5,2,9,1.0,3.0,44154,M,4722576.0,-215556.0,44
201800015726,18,3,31,1710,1,1,3,1.0,3.0,44046,M,4724585.0,-213518.0,44
201800015727,18,6,5,505,3,1,4,5.0,3.0,44046,M,4726757.0,-211161.0,44
201800015728,18,6,26,1638,1,2,1,1.0,7.0,44116,M,4728685.0,-203327.0,44
201800015729,18,7,23,650,1,1,3,1.0,6.0,44038,M,4718145.0,-205085.0,44
201800015730,18,9,6,900,1,1,1,8.0,1.0,44046,M,4727311.0,-209140.0,44
201800015731,18,9,9,1730,1,2,1,1.0,6.0,44182,M,4716492.0,-216409.0,44
201800015732,18,11,13,752,4,2,1,1.0,6.0,44182,M,4716528.0,-215226.0,44
201800015733,18,11,29,1540,1,2,6,1.0,6.0,44182,M,4716975.0,-214862.0,44
201800015734,18,1,27,1820,2,1,1,1.0,7.0,44165,M,4706546.0,-131425.0,44
201800015735,18,2,2,1600,1,1,2,3.0,3.0,44014,M,4710947.0,-147284.0,44
201800015736,18,4,12,900,1,1,2,1.0,3.0,44127,M,4701626.0,-143553.0,44
201800015737,18,5,1,950,1,1,3,7.0,1.0,44102,M,4706877.0,-143411.0,44
201800015738,18,6,20,1115,1,2,1,1.0,6.0,44216,M,4697393.0,-143193.0,44
201800015739,18,7,1,1910,1,1,1,1.0,2.0,44088,M,4711768.0,-138802.0,44
201800015740,18,7,17,2005,1,1,1,1.0,6.0,44022,M,4704741.0,-114707.0,44
201800015741,18,7,19,2315,5,2,1,2.0,6.0,44223,M,4705119.0,-150922.0,44
201800015742,18,7,20,913,1,2,1,1.0,6.0,44043,M,4709058.0,-129204.0,44
201800015743,18,7,20,1920,1,1,2,1.0,6.0,44223,M,4704724.0,-150835.0,44
201800015744,18,9,9,2025,1,2,6,1.0,3.0,44002,M,4708090.0,-141119.0,44
201800015745,18,9,11,1840,1,1,1,7.0,1.0,44014,M,4709823.0,-153269.0,44
201800015746,18,9,15,2210,5,2,2,1.0,3.0,44223,M,4705568.0,-151247.0,44
201800015747,18,9,22,1850,1,1,1,2.0,1.0,44223,M,4705768.0,-151392.0,44
201800015748,18,9,24,1845,1,2,1,1.0,3.0,44043,M,4709036.0,-128220.0,44
201800015749,18,9,28,1800,1,2,2,1.0,3.0,44043,M,4710864.0,-124399.0,44
201800015750,18,10,1,710,3,1,4,1.0,3.0,44064,M,4710824.0,-128083.0,44
201800015751,18,10,9,1310,1,2,1,1.0,3.0,44043,M,4708475.0,-128200.0,44
201800015752,18,10,17,825,1,1,3,5.0,3.0,44002,M,4706726.0,-139143.0,44
201800015753,18,11,16,1046,1,2,1,1.0,6.0,44043,M,4708497.0,-128220.0,44
201800015754,18,11,23,2230,3,1,1,2.0,2.0,44014,M,4712259.0,-150887.0,44
201800015755,18,11,29,330,3,1,1,2.0,6.0,44064,M,4711762.0,-130714.0,44
201800015756,18,3,22,145,3,1,1,1.0,6.0,44070,M,4716219.0,-136535.0,44
201800015757,18,3,31,1920,1,1,1,1.0,6.0,44117,M,4715162.0,-136426.0,44
201800015758,18,4,1,945,1,1,1,1.0,2.0,44079,M,4720810.0,-131495.0,44
201800015759,18,7,1,2208,2,1,1,1.0,7.0,44169,M,4724683.0,-140585.0,44
201800015760,18,7,15,2000,1,1,6,1.0,7.0,44108,M,4712631.0,-128158.0,44
201800015761,18,12,21,845,2,1,1,3.0,3.0,44108,M,4712582.0,-128158.0,44
201800015762,18,2,3,115,3,1,1,1.0,1.0,44130,M,4715081.0,-156014.0,44
201800015763,18,3,18,1855,1,1,1,1.0,7.0,44166,M,4718997.0,-171857.0,44
201800015764,18,4,9,1400,1,1,1,1.0,1.0,44171,M,4713715.0,-171881.0,44
201800015765,18,4,12,1200,1,1,1,1.0,2.0,44171,M,4713919.0,-171820.0,44
201800015766,18,5,9,112,3,2,1,1.0,6.0,44150,M,4714017.0,-161363.0,44
201800015767,18,7,13,1747,1,1,1,7.0,6.0,44024,M,4715925.0,-173269.0,44
201800015768,18,7,31,830,1,2,3,1.0,3.0,44120,M,4720410.0,-176115.0,44
201800015769,18,9,22,1545,1,1,1,2.0,6.0,44130,M,4710733.0,-154716.0,44
201800015770,18,9,22,1530,1,2,1,2.0,7.0,44130,M,4712079.0,-157007.0,44
201800015771,18,10,21,300,3,2,1,1.0,6.0,44101,M,4717828.0,-167453.0,44
201800015772,18,10,30,945,1,2,1,7.0,6.0,44101,M,4718712.0,-168558.0,44
201800015773,18,11,8,2130,3,1,1,1.0,6.0,44130,M,4712496.0,-160275.0,44
201800015774,18,11,13,1630,1,2,1,1.0,6.0,44018,M,4715611.0,-168372.0,44
201800015775,18,11,30,1640,1,1,1,1.0,3.0,44130,M,4713475.0,-157634.0,44
201800015776,18,1,21,215,3,1,1,1.0,6.0,44069,M,4734187.0,-233495.0,44
201800015777,18,2,21,1000,1,2,1,1.0,6.0,44069,M,4732878.0,-242663.0,44
201800015778,18,3,9,1738,1,1,1,1.0,1.0,44069,M,4735057.0,-239412.0,44
201800015779,18,4,15,2315,3,1,1,1.0,6.0,44072,M,4742272.0,-228435.0,44
201800015780,18,4,10,1000,1,2,6,3.0,3.0,44069,M,4734070.0,-242774.0,44
201800015781,18,5,5,205,5,2,1,1.0,6.0,44069,M,4732391.0,-241098.0,44
201800015782,18,5,8,400,3,1,1,1.0,6.0,44069,M,4731859.0,-242515.0,44
201800015783,18,6,11,2030,1,2,1,3.0,6.0,44125,M,4738099.0,-251755.0,44
201800015784,18,6,9,940,1,2,1,1.0,7.0,44211,M,4735265.0,-251385.0,44
201800015785,18,6,22,1815,1,1,1,1.0,4.0,44183,M,4737551.0,-241290.0,44
201800015786,18,7,7,1835,1,1,1,1.0,1.0,44183,M,4738422.0,-243041.0,44
201800015787,18,7,15,1930,1,1,1,1.0,2.0,44175,M,4738770.0,-232446.0,44
201800015788,18,8,3,1850,1,1,1,1.0,2.0,44069,M,4732507.0,-238697.0,44
201800015789,18,8,5,1435,1,1,1,1.0,1.0,44151,M,4733531.0,-233240.0,44
201800015790,18,8,10,1140,1,2,1,1.0,7.0,44211,M,4735186.0,-248904.0,44
201800015791,18,8,15,1050,1,1,1,1.0,7.0,44006,M,4741926.0,-238061.0,44
201800015792,18,9,3,1020,1,2,1,1.0,3.0,44049,M,4728352.0,-250321.0,44
201800015793,18,9,13,300,3,2,1,1.0,6.0,44049,M,4729780.0,-251478.0,44
201800015794,18,10,10,1515,1,1,1,2.0,3.0,44069,M,4732507.0,-238697.0,44
201800015795,18,10,16,945,1,1,1,1.0,6.0,44069,M,4734605.0,-243019.0,44
201800015796,18,11,3,1035,1,2,6,1.0,3.0,44069,M,4733161.0,-242907.0,44
201800015797,18,11,4,750,1,1,1,1.0,7.0,44072,M,4742305.0,-228386.0,44
201800015798,18,11,6,738,2,1,3,5.0,3.0,44030,M,4743183.0,-224716.0,44
201800015799,18,11,26,1625,1,2,6,7.0,6.0,44069,M,4732744.0,-241613.0,44
201800015800,18,12,12,1605,1,2,1,8.0,7.0,44049,M,4729922.0,-253794.0,44
201800015801,18,5,6,810,1,2,1,1.0,1.0,44013,M,4739309.0,-209849.0,44
201800015802,18,5,25,1510,1,1,1,2.0,6.0,44098,M,4748004.0,-220813.0,44
201800015803,18,6,21,1215,1,1,2,1.0,3.0,44129,M,4743362.0,-209523.0,44
201800015804,18,7,2,1630,1,1,1,1.0,6.0,44196,M,4755117.0,-206802.0,44
201800015805,18,9,12,1600,1,1,1,1.0,7.0,44068,M,4750027.0,-194235.0,44
201800015806,18,10,6,1850,2,1,1,2.0,1.0,44152,M,4744592.0,-203033.0,44
201800015807,18,10,20,1445,1,2,6,1.0,6.0,44013,M,4739916.0,-208638.0,44
201800015808,18,11,5,910,1,1,1,1.0,1.0,44139,M,4744680.0,-192594.0,44
201800015809,18,1,25,1450,1,1,2,1.0,3.0,25245,M,4719681.0,602684.0,25
201800015810,18,2,16,600,4,2,1,1.0,3.0,25058,M,4720398.0,599742.0,25
201800015811,18,5,21,1855,1,1,1,2.0,3.0,25036,M,4718950.0,596623.0,25
201800015812,18,6,16,1450,1,2,1,1.0,7.0,25112,M,4726304.0,605304.0,25
201800015813,18,7,7,1600,1,1,1,1.0,1.0,25328,M,4717228.0,597664.0,25
201800015814,18,7,12,1700,1,2,1,1.0,3.0,25058,M,4720709.0,599922.0,25
201800015815,18,7,12,1000,1,1,9,1.0,3.0,25532,M,4720521.0,610231.0,25
201800015816,18,7,28,1948,1,1,1,1.0,3.0,25278,M,4722385.0,629730.0,25
201800015817,18,7,26,1830,1,1,1,1.0,2.0,25112,M,4726350.0,605477.0,25
201800015818,18,9,21,1800,1,1,5,3.0,3.0,25410,M,4722288.0,607583.0,25
201800015819,18,12,7,2343,3,1,1,2.0,1.0,25410,M,4721662.0,607949.0,25
201800015820,18,12,11,1630,2,1,1,7.0,2.0,25437,M,4726779.0,621463.0,25
201800015821,18,12,20,150,3,1,1,8.0,7.0,25395,M,4723375.0,607046.0,25
201800015822,18,12,21,1645,2,1,1,2.0,5.0,25036,M,4719810.0,597605.0,25
201800015823,18,1,7,700,3,1,1,1.0,6.0,25212,M,4726645.0,598258.0,25
201800015824,18,1,16,815,1,1,1,2.0,5.0,25455,M,4726496.0,585723.0,25
201800015825,18,3,6,245,3,1,1,1.0,6.0,25326,M,4722572.0,575280.0,25
201800015826,18,3,6,1550,1,1,1,2.0,6.0,25225,M,4722360.0,574910.0,25
201800015827,18,3,11,2215,3,1,1,2.0,6.0,25217,M,4730286.0,587278.0,25
201800015828,18,4,6,1630,1,1,1,1.0,4.0,25056,M,4727048.0,599997.0,25
201800015829,18,5,9,1550,1,2,3,1.0,5.0,25186,M,4733599.0,594100.0,25
201800015830,18,6,8,2210,3,1,2,2.0,3.0,25455,M,4726679.0,585058.0,25
201800015831,18,7,29,1750,1,1,2,1.0,3.0,25265,M,4731789.0,595878.0,25
201800015832,18,8,8,1122,1,2,3,1.0,3.0,25482,M,4727266.0,582692.0,25
201800015833,18,8,12,315,3,1,1,1.0,7.0,25136,M,4728760.0,589170.0,25
201800015834,18,8,19,130,3,1,1,1.0,6.0,25186,M,4731344.0,593481.0,25
201800015835,18,8,23,1245,1,1,1,1.0,3.0,25265,M,4733331.0,597028.0,25
201800015836,18,10,4,1455,1,1,1,1.0,6.0,25542,M,4724121.0,593154.0,25
201800015837,18,11,13,1920,5,2,9,1.0,1.0,25212,M,4727950.0,599295.0,25
201800015838,18,12,6,1403,1,1,1,8.0,7.0,25035,M,4728730.0,595780.0,25
201800015839,18,12,19,645,3,1,2,2.0,5.0,25510,M,4728010.0,577693.0,25
201800015840,18,3,25,1630,1,1,2,1.0,3.0,25199,M,4701209.0,607307.0,25
201800015841,18,6,24,1430,1,1,1,1.0,7.0,25434,M,4710678.0,614595.0,25
201800015842,18,7,26,2000,1,2,1,1.0,1.0,25236,M,4705405.0,606077.0,25
201800015843,18,8,11,1935,1,1,1,1.0,3.0,25537,M,4712558.0,612357.0,25
201800015844,18,10,7,1700,1,1,1,1.0,6.0,25537,M,4710048.0,606030.0,25
201800015845,18,10,23,745,2,1,1,8.0,6.0,25537,M,4709102.0,605953.0,25
201800015846,18,11,5,2100,3,1,1,1.0,6.0,25155,M,4708130.0,604566.0,25
201800015847,18,11,6,1115,1,2,1,1.0,7.0,25339,M,4704671.0,623855.0,25
201800015848,18,1,13,1550,1,1,1,1.0,3.0,25560,M,4726923.0,607694.0,25
201800015849,18,2,28,2000,3,1,1,1.0,7.0,25132,M,4733360.0,617603.0,25
201800015850,18,3,25,1824,1,1,1,1.0,5.0,25560,M,4727994.0,606034.0,25
201800015851,18,4,2,800,1,1,1,1.0,2.0,25560,M,4727042.0,607886.0,25
201800015852,18,8,20,530,2,1,1,1.0,6.0,25163,M,4736179.0,618595.0,25
201800015853,18,10,15,1604,1,1,3,1.0,6.0,25137,M,4734208.0,616977.0,25
201800015854,18,10,20,1620,1,2,1,1.0,3.0,25111,M,4726833.0,608642.0,25
201800015855,18,10,31,1935,5,1,1,8.0,6.0,25560,M,4727994.0,606034.0,25
201800015856,18,11,11,1930,3,1,1,1.0,7.0,25598,M,4734118.0,611144.0,25