Num_Acc,an,mois,jour,hrmn,lum,agg,int,atm,col,com,gps,lat,long,dep
201800015857,18,1,24,657,2,1,9,1.0,5.0,25287,M,4720316.0,588329.0,25
201800015858,18,2,5,747,1,1,1,1.0,1.0,25162,M,4722862.0,581675.0,25
201800015859,18,2,24,1815,3,1,1,1.0,6.0,25147,M,4721918.0,589541.0,25
201800015860,18,5,1,535,3,1,1,1.0,6.0,25109,M,4712912.0,593215.0,25
201800015861,18,5,26,1920,1,2,2,1.0,6.0,25527,M,4718834.0,583110.0,25
201800015862,18,6,8,140,3,1,1,1.0,1.0,25195,M,4719836.0,586706.0,25
201800015863,18,6,12,1725,1,1,1,1.0,6.0,25103,M,4716609.0,595653.0,25
201800015864,18,6,28,1210,1,2,3,1.0,2.0,25021,M,4702560.0,578284.0,25
201800015865,18,7,11,1100,1,1,1,1.0,1.0,25336,M,4704709.0,579891.0,25
201800015866,18,7,22,2045,2,1,1,1.0,7.0,25149,M,4714356.0,597482.0,25
201800015867,18,7,24,955,1,1,1,1.0,1.0,25220,M,4711120.0,603746.0,25
201800015868,18,9,5,2055,3,1,1,1.0,6.0,25397,M,4720336.0,592804.0,25
201800015869,18,10,2,1545,1,2,2,1.0,3.0,25147,M,4722616.0,590179.0,25
201800015870,18,4,22,945,1,1,1,1.0,7.0,25022,M,4751870.0,665129.0,25
201800015871,18,4,26,2200,3,1,1,1.0,6.0,25018,M,4738895.0,653011.0,25
201800015872,18,5,6,1930,1,1,1,1.0,7.0,25529,M,4730250.0,656881.0,25
201800015873,18,7,4,2251,3,1,1,1.0,7.0,25595,M,4735153.0,659039.0,25
201800015874,18,9,18,1545,1,1,1,1.0,1.0,25431,M,4749496.0,660596.0,25
201800015875,18,1,31,1635,1,1,1,1.0,1.0,25218,M,4720830.0,638089.0,25
201800015876,18,6,23,1600,1,1,1,1.0,1.0,25453,M,4719987.0,655225.0,25
201800015877,18,8,15,140,5,2,3,1.0,3.0,25453,M,4721458.0,653855.0,25
201800015878,18,10,31,855,1,2,3,1.0,6.0,25222,M,4714808.0,627069.0,25
201800015879,18,1,1,1745,2,2,1,2.0,1.0,25071,M,4744395.0,684797.0,25
201800015880,18,1,3,545,5,2,1,6.0,1.0,25367,M,4744585.0,682682.0,25
201800015881,18,1,12,1040,1,2,1,1.0,1.0,25367,M,4744092.0,680777.0,25
201800015882,18,4,22,1625,1,2,1,1.0,3.0,25367,M,4744716.0,681380.0,25
201800015883,18,10,6,230,5,2,1,1.0,6.0,25367,M,4744581.0,681512.0,25
201800015884,18,10,10,1840,2,2,6,1.0,3.0,25228,M,4751409.0,686732.0,25
201800015885,18,11,21,1930,3,1,1,2.0,6.0,25196,M,4748589.0,689598.0,25
201800015886,18,12,6,1540,1,1,1,2.0,6.0,25196,M,4748359.0,689796.0,25
201800015887,18,6,2,930,1,2,1,1.0,3.0,25193,M,4724792.0,687847.0,25
201800015888,18,6,20,1645,1,1,4,1.0,3.0,25366,M,4725268.0,678015.0,25
201800015889,18,6,23,445,2,2,1,1.0,1.0,25356,M,4724846.0,678971.0,25
201800015890,18,8,22,2045,2,2,1,1.0,6.0,25193,M,4723906.0,687298.0,25
201800015891,18,12,1,1555,1,1,1,1.0,6.0,25519,M,4732975.0,683394.0,25
201800015892,18,4,22,1100,1,1,3,1.0,3.0,25187,M,4737899.0,668904.0,25
201800015893,18,7,15,1900,1,2,1,1.0,7.0,25281,M,4739583.0,667388.0,25
201800015894,18,8,5,2110,5,1,3,1.0,7.0,25063,M,4738501.0,685206.0,25
201800015895,18,10,23,530,3,1,1,1.0,1.0,25519,M,4729601.0,680389.0,25
201800015896,18,11,11,1315,1,1,4,1.0,1.0,25370,M,4745817.0,678437.0,25
201800015897,18,1,8,1415,1,1,1,1.0,3.0,25634,M,4695141.0,633146.0,25
201800015898,18,3,12,1800,1,1,1,3.0,1.0,25024,M,4694958.0,638854.0,25
201800015899,18,4,6,1335,1,1,1,1.0,3.0,25493,M,4687371.0,621862.0,25
201800015900,18,4,7,1756,1,1,1,1.0,1.0,25029,M,4702533.0,630408.0,25
201800015901,18,4,21,2200,3,1,3,1.0,6.0,25110,M,4691554.0,628545.0,25
201800015902,18,4,21,955,1,1,1,1.0,3.0,25110,M,4691198.0,627904.0,25
201800015903,18,4,22,2140,3,1,1,1.0,6.0,25176,M,4688469.0,609982.0,25
201800015904,18,4,24,2130,3,1,1,1.0,7.0,25254,M,4685670.0,637579.0,25
201800015905,18,6,14,640,2,1,1,7.0,6.0,25157,M,4688205.0,641963.0,25
201800015906,18,6,14,1805,1,1,1,1.0,6.0,25122,M,4694389.0,618951.0,25
201800015907,18,6,18,800,1,2,2,1.0,3.0,25627,M,4690276.0,604405.0,25
201800015908,18,7,1,1445,1,1,1,1.0,1.0,25634,M,4695180.0,634203.0,25
201800015909,18,7,12,5,3,1,1,1.0,6.0,25282,M,4697462.0,629498.0,25
201800015910,18,6,22,755,1,2,1,1.0,3.0,25282,M,4697039.0,627632.0,25
201800015911,18,8,17,1500,1,1,1,1.0,1.0,25517,M,4701814.0,632529.0,25
201800015912,18,8,20,1230,1,1,1,1.0,1.0,25075,M,4681821.0,620638.0,25
201800015913,18,8,22,1710,1,1,1,2.0,6.0,25549,M,4693929.0,622959.0,25
201800015914,18,9,24,1340,1,2,1,1.0,7.0,25157,M,4685653.0,637208.0,25
201800015915,18,10,12,1510,1,1,1,1.0,1.0,25517,M,4701919.0,632521.0,25
201800015916,18,10,21,1725,2,1,1,7.0,6.0,25025,M,4705300.0,637969.0,25
201800015917,18,5,1,745,1,1,1,2.0,6.0,25405,M,4683411.0,634233.0,25
201800015918,18,5,5,1615,1,1,1,1.0,7.0,25525,M,4680720.0,629666.0,25
201800015919,18,6,15,1930,2,2,1,1.0,6.0,25348,M,4675365.0,631935.0,25
201800015920,18,7,14,915,1,1,1,1.0,7.0,25320,M,4677932.0,629340.0,25
201800015921,18,8,16,1840,1,1,3,1.0,1.0,25318,M,4674543.0,637342.0,25
201800015922,18,9,19,1100,1,1,1,1.0,1.0,25413,M,4669002.0,618493.0,25
201800015923,18,11,25,830,1,1,1,1.0,6.0,25514,M,4677549.0,632269.0,25
201800015924,18,1,8,1430,1,2,1,1.0,2.0,25512,M,4716632.0,672951.0,25
201800015925,18,1,27,1800,3,1,1,1.0,6.0,25095,M,4721433.0,663100.0,25
201800015926,18,2,3,1225,1,1,1,1.0,4.0,25042,M,4711725.0,671460.0,25
201800015927,18,5,15,2110,5,2,4,8.0,6.0,25411,M,4705771.0,659658.0,25
201800015928,18,6,7,740,1,2,1,1.0,6.0,25403,M,4703993.0,660714.0,25
201800015929,18,6,8,2340,3,1,1,5.0,6.0,25347,M,4701689.0,645662.0,25
201800015930,18,6,15,1735,1,1,4,1.0,3.0,25240,M,4709190.0,663289.0,25
201800015931,18,6,27,1845,1,1,1,1.0,6.0,25620,M,4700904.0,650252.0,25
201800015932,18,7,27,1100,1,1,1,1.0,3.0,25329,M,4717492.0,660970.0,25
201800015933,18,7,29,1945,1,1,1,1.0,6.0,25411,M,4706328.0,658310.0,25
201800015934,18,9,9,1900,1,1,1,1.0,7.0,25403,M,4704594.0,660401.0,25
201800015935,18,9,15,1445,1,1,1,1.0,7.0,25160,M,4702860.0,652512.0,25
201800015936,18,9,16,300,3,1,1,1.0,6.0,25285,M,4701312.0,655641.0,25
201800015937,18,9,20,1615,1,1,1,1.0,2.0,25240,M,4709698.0,662619.0,25
201800015938,18,11,4,1750,2,1,1,1.0,7.0,25321,M,4706784.0,667516.0,25
201800015939,18,1,13,1558,1,2,1,7.0,6.0,39327,M,4666530.0,552113.0,39
201800015940,18,6,6,1950,1,1,1,1.0,1.0,39326,M,4659840.0,566451.0,39
201800015941,18,6,25,1225,1,2,2,1.0,3.0,39169,M,4665468.0,553202.0,39
201800015942,18,12,1,1820,5,2,3,1.0,3.0,39537,M,4664198.0,546857.0,39
201800015943,18,7,6,1040,1,2,2,1.0,3.0,39397,M,4652257.0,561050.0,39
201800015944,18,9,12,525,5,2,4,1.0,6.0,39397,M,4652153.0,561275.0,39
201800015945,18,6,8,1500,1,1,1,1.0,1.0,39244,M,4678719.0,561318.0,39
201800015946,18,6,26,815,1,2,1,1.0,1.0,39582,M,4675460.0,561067.0,39
201800015947,18,7,26,1915,1,1,1,1.0,1.0,39407,M,4680163.0,560873.0,39
201800015948,18,8,2,855,1,1,1,1.0,7.0,39199,M,4676444.0,558571.0,39
201800015949,18,1,17,1700,1,1,1,1.0,2.0,39295,M,4647801.0,546500.0,39
201800015950,18,2,23,1315,1,1,1,1.0,2.0,39474,M,4661772.0,548104.0,39
201800015951,18,9,23,1650,1,1,1,1.0,6.0,39467,M,4658290.0,548223.0,39
201800015952,18,11,29,1920,5,1,1,1.0,6.0,39474,M,4661006.0,547369.0,39
201800015953,18,12,5,1820,2,1,1,1.0,1.0,39027,M,4655943.0,550056.0,39
201800015954,18,5,5,1703,1,1,1,1.0,1.0,39227,M,4662824.0,603119.0,39
201800015955,18,5,6,1025,1,1,1,1.0,1.0,39221,M,4674837.0,603647.0,39
201800015956,18,7,20,1655,1,1,1,1.0,7.0,39381,M,4677350.0,596749.0,39
201800015957,18,9,26,1555,1,1,1,1.0,1.0,39208,M,4663669.0,594406.0,39
201800015958,18,10,11,345,5,2,1,2.0,6.0,39228,M,4665733.0,606913.0,39
201800015959,18,11,19,1710,2,1,3,4.0,1.0,39214,M,4681428.0,604523.0,39
201800015960,18,12,25,1730,3,1,1,1.0,1.0,39129,M,4665747.0,597640.0,39
201800015961,18,4,14,1745,1,1,2,1.0,3.0,39049,M,4685962.0,560837.0,39
201800015962,18,4,15,1120,1,1,1,1.0,2.0,39013,M,4688695.0,572854.0,39
201800015963,18,6,2,1430,1,1,3,1.0,3.0,39013,M,4691608.0,574742.0,39
201800015964,18,6,20,1400,1,1,1,1.0,1.0,39081,M,4686490.0,571488.0,39
201800015965,18,8,31,545,2,1,3,1.0,3.0,39013,M,4689476.0,573377.0,39
201800015966,18,10,22,930,1,2,1,7.0,6.0,39094,M,4683780.0,572965.0,39
201800015967,18,2,16,1042,1,1,1,8.0,7.0,39103,M,4697549.0,584646.0,39
201800015968,18,4,23,1735,1,1,3,1.0,3.0,39439,M,4698698.0,582195.0,39
201800015969,18,6,2,1745,1,1,1,1.0,7.0,39103,M,4698650.0,585393.0,39
201800015970,18,6,10,1715,1,1,1,1.0,2.0,39500,M,4695886.0,589014.0,39
201800015971,18,6,16,1500,1,1,1,1.0,1.0,39072,M,4692338.0,585703.0,39
201800015972,18,7,22,25,3,1,1,1.0,6.0,39565,M,4696714.0,574610.0,39
201800015973,18,12,13,853,1,1,1,9.0,1.0,39500,M,4695142.0,586766.0,39
201800015974,18,1,27,1145,1,2,3,1.0,3.0,39526,M,4704245.0,541273.0,39
201800015975,18,6,26,2020,1,2,1,1.0,1.0,39526,M,4704454.0,541344.0,39
201800015976,18,7,7,1500,1,1,1,7.0,2.0,39462,M,4712483.0,555401.0,39
201800015977,18,8,25,30,3,1,1,1.0,7.0,39405,M,4702657.0,548033.0,39
201800015978,18,2,1,1815,3,1,1,1.0,1.0,39365,M,4697914.0,560975.0,39
201800015979,18,4,17,1850,1,2,1,1.0,6.0,39448,M,4698253.0,546687.0,39
201800015980,18,5,2,1545,1,2,3,1.0,3.0,39525,M,4692177.0,551620.0,39
201800015981,18,5,26,1950,1,1,4,8.0,3.0,39077,M,4691814.0,553350.0,39
201800015982,18,6,8,1310,1,1,3,1.0,1.0,39477,M,4698266.0,544563.0,39
201800015983,18,9,14,1745,1,2,2,1.0,3.0,39365,M,4697933.0,560245.0,39
201800015984,18,3,25,1235,1,1,3,1.0,3.0,39449,M,4715321.0,548699.0,39
201800015985,18,5,19,1730,1,1,1,1.0,1.0,39398,M,4724415.0,564695.0,39
201800015986,18,8,5,1155,1,1,1,1.0,6.0,39527,M,4721622.0,567967.0,39
201800015987,18,11,11,1530,1,2,1,1.0,1.0,39498,M,4716650.0,579598.0,39
201800015988,18,11,15,2100,5,1,1,5.0,6.0,39335,M,4719153.0,551478.0,39
201800015989,18,12,31,1615,1,1,1,1.0,7.0,39341,M,4634085.0,591358.0,39
201800015990,18,1,24,1300,1,2,1,1.0,2.0,39478,M,4639069.0,586341.0,39
201800015991,18,1,28,1455,1,2,4,1.0,1.0,39333,M,4643484.0,572636.0,39
201800015992,18,4,2,1700,1,1,1,1.0,6.0,39118,M,4653510.0,579400.0,39
201800015993,18,4,3,1325,1,1,3,1.0,3.0,39478,M,4640426.0,587843.0,39
201800015994,18,4,13,2205,3,1,1,1.0,6.0,39562,M,4648493.0,590749.0,39
201800015995,18,4,28,1645,1,1,1,1.0,2.0,39068,M,4628301.0,579174.0,39
201800015996,18,5,19,1800,1,2,1,1.0,6.0,39286,M,4638812.0,578711.0,39
201800015997,18,5,30,1746,1,1,1,1.0,2.0,39286,M,4637618.0,579869.0,39
201800015998,18,6,3,730,1,1,1,1.0,6.0,39510,M,4636272.0,595860.0,39
201800015999,18,6,9,2055,3,1,1,1.0,6.0,39478,M,4643527.0,585466.0,39
201800016000,18,6,14,706,1,1,1,5.0,1.0,39561,M,4640175.0,573381.0,39
201800016001,18,6,20,1850,1,2,1,1.0,6.0,39478,M,4638113.0,586814.0,39
201800016002,18,6,21,1400,1,1,3,1.0,3.0,39440,M,4637764.0,575491.0,39
201800016003,18,7,4,1732,1,1,1,1.0,6.0,39341,M,4634705.0,591398.0,39
201800016004,18,7,13,1820,1,1,1,1.0,5.0,39413,M,4630049.0,587257.0,39
201800016005,18,8,4,1520,1,2,1,3.0,6.0,39491,M,4639688.0,579047.0,39
201800016006,18,9,11,520,3,1,1,1.0,1.0,39328,M,4649499.0,572337.0,39
201800016007,18,10,21,700,5,2,1,1.0,6.0,39491,M,4640139.0,579288.0,39
201800016008,18,11,17,100,3,1,1,2.0,6.0,39333,M,4645640.0,576408.0,39
201800016009,18,12,1,1140,1,1,1,2.0,1.0,39413,M,4626777.0,582218.0,39
201800016010,18,12,24,1800,5,2,1,8.0,6.0,39491,M,4640860.0,579277.0,39
201800016011,18,3,14,45,3,1,1,2.0,6.0,39470,M,4648287.0,604453.0,39
201800016012,18,4,22,1750,1,1,1,1.0,6.0,39470,M,4650329.0,602995.0,39
201800016013,18,5,5,1825,1,1,1,2.0,1.0,39047,M,4656347.0,607515.0,39
201800016014,18,6,22,1510,1,1,1,1.0,1.0,39131,M,4660301.0,590250.0,39
201800016015,18,7,5,1500,1,1,1,8.0,1.0,39131,M,4659745.0,590175.0,39
201800016016,18,7,22,1510,1,2,1,1.0,5.0,39368,M,4651789.0,602726.0,39
201800016017,18,7,29,1645,1,1,1,1.0,6.0,39367,M,4654677.0,601762.0,39
201800016018,18,8,17,1930,1,1,1,1.0,1.0,39232,M,4662438.0,595783.0,39
201800016019,18,9,9,1205,1,2,1,7.0,1.0,39367,M,4653537.0,603441.0,39
201800016020,18,9,15,1835,1,2,1,1.0,6.0,39368,M,4651117.0,602881.0,39
201800016021,18,10,23,1635,1,1,3,1.0,3.0,39470,M,4651061.0,602957.0,39
201800016022,18,10,28,915,1,1,1,2.0,1.0,39487,M,4657459.0,597489.0,39
201800016023,18,12,10,750,2,1,1,4.0,1.0,39470,M,4649266.0,609349.0,39
201800016024,18,12,25,1840,3,1,1,1.0,1.0,39470,M,4646903.0,607566.0,39
201800016025,18,1,12,1250,1,1,1,1.0,2.0,22055,M,4863936.0,-283549.0,22
201800016026,18,4,21,1120,1,2,3,1.0,3.0,22232,M,4863032.0,-287030.0,22
201800016027,18,4,25,1455,1,2,1,1.0,6.0,22222,M,4866815.0,-291616.0,22
201800016028,18,5,9,1530,1,1,1,1.0,2.0,22232,M,4864056.0,-289458.0,22
201800016029,18,5,22,1955,2,1,1,1.0,1.0,22007,M,4860396.0,-283770.0,22
201800016030,18,7,5,1440,1,2,1,1.0,1.0,22325,M,4864874.0,-283711.0,22
201800016031,18,7,28,1139,1,2,1,7.0,6.0,22325,M,4865428.0,-283576.0,22
201800016032,18,9,1,1500,1,1,1,1.0,1.0,22055,M,4861968.0,-282620.0,22
201800016033,18,8,28,1745,1,1,1,1.0,1.0,22222,M,4869608.0,-290030.0,22
201800016034,18,9,12,1450,1,1,1,2.0,7.0,22222,M,4868628.0,-298502.0,22
201800016035,18,9,28,2040,3,1,1,1.0,6.0,22117,M,4859345.0,-290619.0,22
201800016036,18,9,30,1035,1,1,1,7.0,6.0,22251,M,4858174.0,-283918.0,22
201800016037,18,10,5,1000,1,1,1,7.0,6.0,22251,M,4858442.0,-284971.0,22
201800016038,18,10,27,430,3,1,1,3.0,6.0,22055,M,4862377.0,-282547.0,22
201800016039,18,11,22,1800,3,2,1,1.0,7.0,22251,M,4857790.0,-281672.0,22
201800016040,18,11,24,1100,1,1,1,1.0,6.0,22251,M,4855897.0,-283065.0,22
201800016041,18,11,15,1929,5,2,2,1.0,1.0,22222,M,4867339.0,-293159.0,22
201800016042,18,1,15,1645,1,1,2,1.0,3.0,22122,M,4818469.0,-253611.0,22
201800016043,18,1,28,930,1,1,1,8.0,2.0,22297,M,4826139.0,-253566.0,22
201800016044,18,5,11,1900,1,2,7,1.0,6.0,22046,M,4830154.0,-251930.0,22
201800016045,18,5,24,1215,1,1,1,1.0,1.0,22147,M,4816639.0,-237048.0,22
201800016046,18,7,24,1105,1,2,1,7.0,6.0,22147,M,4819423.0,-241136.0,22
201800016047,18,9,14,2330,3,1,1,1.0,7.0,22184,M,4832033.0,-262819.0,22
201800016048,18,10,11,1745,1,1,1,1.0,7.0,22027,M,4807152.0,-260357.0,22
201800016049,18,12,3,1200,1,1,9,8.0,1.0,22046,M,4823756.0,-262618.0,22
201800016050,18,12,22,1015,1,1,4,1.0,6.0,22241,M,4812295.0,-259638.0,22
201800016051,18,3,7,1840,2,2,4,2.0,1.0,22100,M,4827990.0,-266235.0,22
201800016052,18,4,22,830,1,1,1,1.0,7.0,22015,M,4841126.0,-258851.0,22
201800016053,18,6,6,1212,1,1,1,2.0,6.0,22258,M,4843022.0,-261755.0,22
201800016054,18,7,17,2115,2,2,1,7.0,6.0,22079,M,4838501.0,-268427.0,22
201800016055,18,7,22,1535,1,1,1,1.0,3.0,22079,M,4839947.0,-267478.0,22
201800016056,18,7,20,1445,1,1,1,1.0,7.0,22015,M,4841153.0,-257414.0,22
201800016057,18,8,4,1905,1,1,1,1.0,7.0,22060,M,4827585.0,-277563.0,22
201800016058,18,10,18,330,3,1,1,2.0,6.0,22203,M,4835769.0,-285501.0,22
201800016059,18,3,23,1745,1,1,1,2.0,6.0,22310,M,4861751.0,-324291.0,22
201800016060,18,6,10,1915,1,1,8,8.0,3.0,22358,M,4861628.0,-317590.0,22
201800016061,18,6,16,1905,1,2,6,1.0,3.0,22004,M,4862602.0,-330140.0,22
201800016062,18,6,21,1345,1,2,4,1.0,1.0,22250,M,4869575.0,-316822.0,22
201800016063,18,7,10,2130,1,1,1,7.0,6.0,22004,M,4864502.0,-327959.0,22
201800016064,18,7,27,1535,1,1,3,1.0,3.0,22164,M,4858545.0,-324934.0,22
201800016065,18,8,8,820,1,2,6,1.0,3.0,22004,M,4862609.0,-330149.0,22
201800016066,18,11,3,1530,1,2,3,1.0,3.0,22004,M,4863284.0,-329738.0,22
201800016067,18,12,20,750,3,1,1,2.0,7.0,22248,M,4862774.0,-312988.0,22
201800016068,18,12,30,1640,1,1,1,1.0,7.0,22018,M,4866064.0,-321254.0,22
201800016069,18,2,27,1700,1,1,3,1.0,3.0,22216,M,4845857.0,-337516.0,22
201800016070,18,3,2,1715,1,1,1,2.0,1.0,22088,M,4839839.0,-321454.0,22
201800016071,18,4,16,2310,3,1,1,1.0,1.0,22031,M,4834659.0,-348716.0,22
201800016072,18,6,19,921,1,1,1,1.0,6.0,22013,M,4844665.0,-320241.0,22
201800016073,18,7,16,830,1,1,1,1.0,2.0,22135,M,4855773.0,-336147.0,22
201800016074,18,12,5,1045,1,2,1,1.0,6.0,22025,M,4840374.0,-343625.0,22
201800016075,18,4,13,840,1,2,3,5.0,6.0,22047,M,4831667.0,-305759.0,22
201800016076,18,4,15,305,3,1,1,1.0,6.0,22158,M,4819931.0,-296838.0,22
201800016077,18,4,27,930,1,1,1,2.0,1.0,22158,M,4821587.0,-300357.0,22
201800016078,18,5,1,1145,1,1,1,1.0,6.0,22290,M,4821506.0,-312934.0,22
201800016079,18,8,19,730,2,2,1,1.0,6.0,22074,M,4831926.0,-306927.0,22
201800016080,18,1,24,810,2,2,1,2.0,6.0,22229,M,4829044.0,-323144.0,22
201800016081,18,4,10,1330,1,2,3,1.0,3.0,22229,M,4828972.0,-323200.0,22
201800016082,18,4,16,2010,1,1,1,1.0,6.0,22220,M,4821143.0,-326820.0,22
201800016083,18,4,26,1725,1,1,1,1.0,3.0,22220,M,4824500.0,-325496.0,22
201800016084,18,5,31,1505,1,1,1,1.0,6.0,22202,M,4824994.0,-352102.0,22
201800016085,18,6,16,1830,1,1,1,1.0,1.0,22163,M,4825961.0,-348178.0,22
201800016086,18,6,18,920,1,1,1,1.0,6.0,22087,M,4830757.0,-336471.0,22
201800016087,18,6,17,1130,1,1,1,1.0,7.0,22220,M,4824027.0,-322552.0,22
201800016088,18,6,21,1455,1,2,1,1.0,6.0,22266,M,4823885.0,-331662.0,22
201800016089,18,7,17,656,1,1,1,1.0,1.0,22229,M,4829391.0,-322437.0,22
201800016090,18,7,25,400,3,1,1,1.0,6.0,22202,M,4819848.0,-349878.0,22
201800016091,18,9,10,1210,1,1,2,1.0,3.0,22266,M,4823866.0,-332594.0,22
201800016092,18,10,7,1000,1,1,1,7.0,2.0,22220,M,4824164.0,-326870.0,22
201800016093,18,11,1,600,3,1,1,8.0,7.0,22229,M,4828783.0,-324100.0,22
201800016094,18,12,17,1805,4,1,1,8.0,6.0,22202,M,4820813.0,-349392.0,22
201800016095,18,1,12,1915,5,1,3,1.0,2.0,22226,M,4869740.0,-353822.0,22
201800016096,18,1,28,1400,1,1,1,8.0,7.0,22211,M,4865334.0,-344555.0,22
201800016097,18,3,31,2200,3,1,1,1.0,1.0,22226,M,4868106.0,-350426.0,22
201800016098,18,3,31,1145,1,1,3,3.0,3.0,22211,M,4868717.0,-344568.0,22
201800016099,18,4,1,845,1,1,1,1.0,7.0,22211,M,4866153.0,-346480.0,22
201800016100,18,5,23,1830,1,2,1,1.0,2.0,22194,M,4866889.0,-360157.0,22
201800016101,18,6,12,1745,1,1,1,1.0,1.0,22131,M,4850528.0,-344610.0,22
201800016102,18,6,14,2300,3,2,6,1.0,7.0,22211,M,4870979.0,-344961.0,22
201800016103,18,8,3,1720,1,1,3,1.0,3.0,22194,M,4867052.0,-358523.0,22
201800016104,18,8,5,550,2,1,1,5.0,3.0,22265,M,4874446.0,-338405.0,22
201800016105,18,8,22,1245,1,1,1,1.0,3.0,22226,M,4870135.0,-351817.0,22
201800016106,18,9,11,1050,1,2,1,1.0,2.0,22194,M,4865358.0,-363477.0,22
201800016107,18,10,7,1355,1,1,4,1.0,3.0,22245,M,4864348.0,-337769.0,22
201800016108,18,11,14,820,1,1,1,1.0,6.0,22119,M,4859319.0,-351599.0,22
201800016109,18,12,20,1530,1,1,1,1.0,1.0,22207,M,4859607.0,-349262.0,22
201800016110,18,1,3,1755,5,2,1,3.0,6.0,22362,M,4878647.0,-322353.0,22
201800016111,18,1,6,1640,1,1,1,3.0,1.0,22218,M,4882008.0,-326618.0,22
201800016112,18,1,27,1000,1,1,2,1.0,3.0,22254,M,4868813.0,-331741.0,22
201800016113,18,2,2,1515,1,1,3,2.0,6.0,22042,M,4876918.0,-331046.0,22
201800016114,18,2,20,1715,1,2,1,9.0,6.0,22221,M,4879447.0,-325030.0,22
201800016115,18,3,5,1400,1,2,3,1.0,7.0,22362,M,4878596.0,-322320.0,22
201800016116,18,4,28,1810,1,1,1,7.0,7.0,22195,M,4883148.0,-315724.0,22
201800016117,18,6,4,1430,1,1,2,3.0,3.0,22141,M,4871542.0,-329346.0,22
201800016118,18,5,9,1131,1,2,1,1.0,3.0,22347,M,4878979.0,-319988.0,22
201800016119,18,6,26,1920,1,1,2,7.0,3.0,22085,M,4882399.0,-318723.0,22
201800016120,18,8,8,1850,1,1,1,1.0,5.0,22199,M,4880498.0,-316132.0,22
201800016121,18,11,4,940,1,2,2,2.0,5.0,22362,M,4878035.0,-323026.0,22
201800016122,18,11,29,1630,1,1,2,8.0,3.0,22381,M,4874985.0,-335123.0,22
201800016123,18,12,1,1230,1,1,1,1.0,3.0,22264,M,4874706.0,-325121.0,22
201800016124,18,1,2,1330,1,1,1,1.0,3.0,68365,M,4805092.0,732767.0,68
201800016125,18,1,13,1600,1,1,4,1.0,3.0,68134,M,4802407.0,731173.0,68
201800016126,18,1,16,1825,5,2,1,3.0,6.0,68155,M,4809402.0,730624.0,68
201800016127,18,1,20,115,3,1,1,2.0,6.0,68385,M,4807447.0,722848.0,68
201800016128,18,2,9,540,3,1,1,1.0,6.0,68374,M,4806611.0,724758.0,68
201800016129,18,3,2,1740,1,1,2,4.0,2.0,68374,M,4806273.0,731015.0,68
201800016130,18,4,7,1650,1,1,1,1.0,7.0,68338,M,4809417.0,722848.0,68
201800016131,18,4,6,1520,1,1,1,1.0,3.0,68155,M,4811225.0,731067.0,68
201800016132,18,5,8,1500,1,2,6,1.0,3.0,68155,M,4809032.0,731784.0,68
201800016133,18,5,11,1700,1,1,1,1.0,7.0,68338,M,4809623.0,723777.0,68
201800016134,18,6,14,225,3,1,6,1.0,6.0,68155,M,4810372.0,730346.0,68
201800016135,18,6,21,1715,1,1,4,1.0,3.0,68338,M,4807620.0,725770.0,68
201800016136,18,6,21,1515,1,1,1,1.0,6.0,68338,M,4809356.0,722984.0,68
201800016137,18,6,20,1350,1,1,1,1.0,6.0,68134,M,4802855.0,731465.0,68
201800016138,18,7,6,1440,1,1,3,1.0,3.0,68134,M,4801478.0,731128.0,68
201800016139,18,7,15,1140,1,1,1,1.0,1.0,68365,M,4804683.0,733605.0,68
201800016140,18,8,5,1235,1,2,2,1.0,3.0,68338,M,4808586.0,728011.0,68
201800016141,18,8,14,910,1,2,2,1.0,3.0,68374,M,4806831.0,730973.0,68
201800016142,18,8,30,2050,3,1,1,1.0,6.0,68374,M,4807532.0,725663.0,68
201800016143,18,9,20,730,1,1,6,1.0,2.0,68155,M,4809903.0,730245.0,68
201800016144,18,9,24,1845,2,2,2,1.0,3.0,68155,M,4809589.0,730229.0,68
201800016145,18,10,9,1335,1,2,4,1.0,3.0,68374,M,4806593.0,730917.0,68
201800016146,18,10,5,1335,1,1,1,1.0,6.0,68134,M,4802084.0,731551.0,68
201800016147,18,10,13,500,3,1,6,1.0,7.0,68365,M,4805420.0,731062.0,68
201800016148,18,11,27,720,2,2,1,2.0,3.0,68374,M,4808810.0,732164.0,68
201800016149,18,12,10,15,3,2,1,2.0,6.0,68365,M,4805094.0,732727.0,68
201800016150,18,12,18,925,1,1,3,9.0,6.0,68237,M,4809694.0,725659.0,68
201800016151,18,1,13,1554,1,1,1,1.0,3.0,68138,M,4759226.0,725502.0,68
201800016152,18,1,16,750,2,2,1,2.0,1.0,68004,M,4761924.0,722569.0,68
201800016153,18,1,24,1045,1,1,2,1.0,6.0,68187,M,4752184.0,741668.0,68
201800016154,18,1,27,420,5,1,4,1.0,2.0,68062,M,4762864.0,722046.0,68
201800016155,18,2,16,624,3,1,1,2.0,4.0,68158,M,4759140.0,740707.0,68
201800016156,18,3,1,544,3,1,1,4.0,1.0,68096,M,4761138.0,734760.0,68
201800016157,18,3,18,1730,1,1,3,8.0,5.0,68096,M,4760738.0,736523.0,68
201800016158,18,3,30,1615,1,1,1,3.0,6.0,68096,M,4757632.0,735784.0,68
201800016159,18,5,19,2215,5,2,1,1.0,6.0,68075,M,4752701.0,733686.0,68