Num_Acc,an,mois,jour,hrmn,lum,agg,int,atm,col,com,gps,lat,long,dep
201800016160,18,6,9,1,3,1,1,8.0,6.0,68333,M,4762198.0,730703.0,68
201800016161,18,6,15,2115,2,1,3,1.0,3.0,68138,M,4759674.0,723862.0,68
201800016162,18,7,25,1135,1,2,1,1.0,2.0,68004,M,4762645.0,723775.0,68
201800016163,18,9,7,1205,1,2,2,1.0,3.0,68062,M,4761261.0,721698.0,68
201800016164,18,9,12,1520,1,2,4,1.0,6.0,68004,M,4762518.0,724003.0,68
201800016165,18,9,26,540,5,2,4,1.0,3.0,68138,M,4758627.0,725552.0,68
201800016166,18,10,13,1734,1,2,6,7.0,7.0,68004,M,4762952.0,726002.0,68
201800016167,18,10,22,1500,1,2,1,1.0,1.0,68355,M,4754924.0,731976.0,68
201800016168,18,11,13,1745,2,2,2,1.0,1.0,68138,M,4758896.0,725337.0,68
201800016169,18,11,17,600,3,1,1,8.0,6.0,68371,M,4757612.0,735728.0,68
201800016170,18,11,30,1405,1,1,1,2.0,6.0,68062,M,4763738.0,718662.0,68
201800016171,18,12,6,1900,5,2,1,1.0,6.0,68355,M,4754787.0,730263.0,68
201800016172,18,1,12,1550,1,2,1,1.0,3.0,68141,M,4770166.0,728186.0,68
201800016173,18,1,15,1605,1,2,1,8.0,6.0,68152,M,4766406.0,726580.0,68
201800016174,18,2,14,1540,1,1,1,1.0,6.0,68215,M,4763080.0,703928.0,68
201800016175,18,2,22,245,3,1,1,1.0,6.0,68152,M,4768142.0,726070.0,68
201800016176,18,4,27,1655,1,2,3,1.0,3.0,68018,M,4767157.0,717600.0,68
201800016177,18,5,8,1600,1,2,1,1.0,3.0,68002,M,4760377.0,711680.0,68
201800016178,18,5,27,1555,1,2,1,1.0,7.0,68337,M,4766541.0,708220.0,68
201800016179,18,6,3,1420,1,1,1,1.0,6.0,68052,M,4771526.0,706219.0,68
201800016180,18,6,4,1410,1,2,3,1.0,3.0,68152,M,4767175.0,726534.0,68
201800016181,18,6,14,2200,3,1,1,1.0,6.0,68052,M,4771187.0,707160.0,68
201800016182,18,7,5,840,1,2,3,8.0,3.0,68152,M,4767402.0,726394.0,68
201800016183,18,7,9,1035,1,1,1,1.0,7.0,68200,M,4761224.0,710781.0,68
201800016184,18,7,18,1120,1,1,2,1.0,3.0,68052,M,4769654.0,707788.0,68
201800016185,18,9,8,2015,3,2,1,1.0,6.0,68337,M,4766453.0,707961.0,68
201800016186,18,9,20,1215,1,2,1,7.0,2.0,68200,M,4761940.0,710452.0,68
201800016187,18,9,29,1255,1,2,3,1.0,3.0,68068,M,4763125.0,711017.0,68
201800016188,18,9,30,2015,5,2,1,1.0,6.0,68152,M,4766781.0,726142.0,68
201800016189,18,10,14,1130,1,2,3,1.0,2.0,68378,M,4763669.0,711291.0,68
201800016190,18,10,21,1630,1,2,1,1.0,7.0,68337,M,4766902.0,709144.0,68
201800016191,18,11,7,900,1,1,1,1.0,6.0,68282,M,4761015.0,707155.0,68
201800016192,18,11,6,1910,3,1,1,1.0,6.0,68282,M,4760461.0,706646.0,68
201800016193,18,11,17,1000,1,1,1,1.0,7.0,68052,M,4771543.0,706076.0,68
201800016194,18,11,29,1750,3,1,9,9.0,1.0,68071,M,4770599.0,709971.0,68
201800016195,18,4,17,1600,1,1,1,1.0,7.0,68194,M,4745387.0,734832.0,68
201800016196,18,4,20,2220,3,1,1,1.0,6.0,68240,M,4754769.0,730193.0,68
201800016197,18,4,30,2045,2,1,1,1.0,6.0,68025,M,4748483.0,729426.0,68
201800016198,18,6,6,1250,1,2,2,1.0,3.0,68090,M,4749883.0,730982.0,68
201800016199,18,9,6,1715,1,1,1,1.0,1.0,68259,M,4747080.0,734868.0,68
201800016200,18,9,10,810,1,2,1,1.0,6.0,68090,M,4749919.0,730774.0,68
201800016201,18,9,14,1615,1,1,1,1.0,6.0,68067,M,4746787.0,720714.0,68
201800016202,18,11,11,1455,1,1,1,1.0,7.0,68373,M,4746677.0,726934.0,68
201800016203,18,1,1,50,3,1,1,3.0,3.0,68195,M,4776780.0,724616.0,68
201800016204,18,2,2,620,3,1,1,4.0,6.0,68195,M,4776619.0,725354.0,68
201800016205,18,2,4,230,5,2,1,8.0,7.0,68093,M,4769510.0,731546.0,68
201800016206,18,5,29,1710,1,2,6,1.0,1.0,68195,M,4775892.0,729024.0,68
201800016207,18,6,10,1810,1,2,3,1.0,3.0,68129,M,4772682.0,721963.0,68
201800016208,18,6,14,1734,1,2,1,1.0,6.0,68195,M,4776290.0,727874.0,68
201800016209,18,6,27,1745,1,2,3,1.0,6.0,68267,M,4775184.0,724305.0,68
201800016210,18,7,23,1100,1,2,1,7.0,1.0,68195,M,4775905.0,729076.0,68
201800016211,18,8,17,2235,3,1,1,1.0,6.0,68101,M,4770503.0,720912.0,68
201800016212,18,9,12,215,5,2,2,1.0,6.0,68195,M,4775932.0,727958.0,68
201800016213,18,9,12,1320,1,2,2,1.0,3.0,68055,M,4769717.0,735965.0,68
201800016214,18,10,2,1330,1,2,1,1.0,1.0,68195,M,4776007.0,727350.0,68
201800016215,18,10,14,1500,1,2,3,1.0,7.0,68384,M,4769088.0,728582.0,68
201800016216,18,11,8,1450,1,2,3,1.0,3.0,68384,M,4769476.0,730281.0,68
201800016217,18,1,10,1355,1,2,1,2.0,6.0,68135,M,4757510.0,752546.0,68
201800016218,18,1,18,1640,2,2,3,6.0,3.0,68182,M,4749552.0,748333.0,68
201800016219,18,1,26,1755,3,1,4,3.0,1.0,68135,M,4758911.0,754725.0,68
201800016220,18,4,9,1500,1,1,2,8.0,6.0,68264,M,4757561.0,741253.0,68
201800016221,18,4,24,1310,1,1,3,1.0,5.0,68135,M,4756708.0,748954.0,68
201800016222,18,5,5,1150,1,1,3,1.0,5.0,68135,M,4758080.0,753019.0,68
201800016223,18,5,11,1545,1,2,2,1.0,6.0,68135,M,4757565.0,752226.0,68
201800016224,18,5,27,2115,2,1,1,1.0,6.0,68183,M,4750128.0,745074.0,68
201800016225,18,5,30,1330,1,2,1,1.0,1.0,68126,M,4756493.0,752838.0,68
201800016226,18,6,5,540,1,1,6,1.0,7.0,68135,M,4757273.0,750102.0,68
201800016227,18,7,18,1550,1,1,1,1.0,6.0,68042,M,4761703.0,749096.0,68
201800016228,18,7,27,1845,1,2,1,1.0,2.0,68120,M,4752166.0,747956.0,68
201800016229,18,9,24,1630,1,2,1,1.0,6.0,68349,M,4759583.0,756785.0,68
201800016230,18,10,10,1305,1,1,9,1.0,3.0,68135,M,4758918.0,754727.0,68
201800016231,18,10,13,1000,1,2,1,1.0,1.0,68042,M,4761069.0,749198.0,68
201800016232,18,10,17,1005,1,2,1,1.0,2.0,68349,M,4760051.0,758769.0,68
201800016233,18,10,17,1450,1,2,4,1.0,3.0,68042,M,4760777.0,750329.0,68
201800016234,18,11,30,1545,1,1,4,2.0,3.0,68264,M,4757125.0,741038.0,68
201800016235,18,12,10,1140,1,2,1,1.0,6.0,68349,M,4760705.0,756786.0,68
201800016236,18,12,28,1015,1,2,1,1.0,6.0,68349,M,4760674.0,757418.0,68
201800016237,18,3,19,1035,1,1,1,4.0,2.0,68091,M,4791696.0,756731.0,68
201800016238,18,3,29,1210,1,1,6,8.0,7.0,68235,M,4799321.0,737723.0,68
201800016239,18,4,20,220,3,1,1,1.0,2.0,68082,M,4784907.0,734654.0,68
201800016240,18,4,20,1541,1,2,1,1.0,6.0,68258,M,4784048.0,730878.0,68
201800016241,18,5,7,1840,1,2,3,1.0,2.0,68082,M,4785873.0,733991.0,68
201800016242,18,5,11,1350,1,1,1,1.0,1.0,68041,M,4787397.0,754907.0,68
201800016243,18,6,10,1540,1,1,1,1.0,2.0,68037,M,4794510.0,742842.0,68
201800016244,18,7,9,1110,1,1,1,1.0,6.0,68234,M,4795230.0,736572.0,68
201800016245,18,7,26,755,1,1,6,1.0,2.0,68235,M,4799202.0,738127.0,68
201800016246,18,8,8,1511,1,1,1,1.0,1.0,68258,M,4783999.0,729730.0,68
201800016247,18,8,30,2055,3,1,1,1.0,6.0,68258,M,4784842.0,730884.0,68
201800016248,18,9,26,1740,1,2,6,7.0,2.0,68205,M,4791126.0,736074.0,68
201800016249,18,10,23,1010,1,1,1,1.0,3.0,68266,M,4787565.0,738415.0,68
201800016250,18,10,24,1920,3,1,1,1.0,2.0,68235,M,4800019.0,735814.0,68
201800016251,18,11,3,900,1,1,2,1.0,1.0,68258,M,4784454.0,728422.0,68
201800016252,18,12,4,1905,3,1,1,2.0,6.0,68234,M,4795127.0,737186.0,68
201800016253,18,12,6,430,5,2,1,1.0,6.0,68082,M,4786754.0,734146.0,68
201800016254,18,12,20,1810,3,1,2,2.0,6.0,68266,M,4787549.0,738362.0,68
201800016255,18,12,23,420,3,1,1,8.0,6.0,68242,M,4796365.0,742041.0,68
201800016256,18,1,1,1650,2,2,1,2.0,1.0,68201,M,4777117.0,700314.0,68
201800016257,18,2,19,1750,2,2,1,1.0,6.0,68239,M,4780813.0,694068.0,68
201800016258,18,4,4,1630,1,1,1,1.0,6.0,68313,M,4771761.0,705680.0,68
201800016259,18,4,21,1230,1,2,1,1.0,6.0,68201,M,4777478.0,698698.0,68
201800016260,18,6,2,1445,1,1,6,1.0,2.0,68060,M,4774039.0,714250.0,68
201800016261,18,6,13,1230,1,2,1,1.0,3.0,68011,M,4776688.0,714957.0,68
201800016262,18,8,5,1530,1,2,3,1.0,3.0,68201,M,4777025.0,700392.0,68
201800016263,18,8,7,1048,1,2,1,7.0,2.0,68201,M,4778526.0,696613.0,68
201800016264,18,10,5,1355,1,1,1,1.0,6.0,68307,M,4781672.0,685383.0,68
201800016265,18,10,16,1600,1,1,1,1.0,1.0,68046,M,4778299.0,703937.0,68
201800016266,18,10,20,830,2,2,3,5.0,6.0,68059,M,4771145.0,715796.0,68
201800016267,18,10,27,2115,3,2,1,2.0,6.0,68313,M,4771662.0,709084.0,68
201800016268,18,1,4,1615,1,1,1,6.0,5.0,34144,M,4371310.0,321179.0,34
201800016269,18,1,17,2225,3,1,1,1.0,6.0,34312,M,4364028.0,316538.0,34
201800016270,18,1,25,1445,1,1,1,2.0,6.0,34096,M,4355188.0,319740.0,34
201800016271,18,4,28,500,3,1,1,1.0,6.0,34119,M,4358049.0,313744.0,34
201800016272,18,4,30,2245,3,1,1,3.0,6.0,34096,M,4355754.0,318146.0,34
201800016273,18,5,31,2100,3,1,1,9.0,6.0,34126,M,4358826.0,309280.0,34
201800016274,18,8,4,730,2,2,1,1.0,1.0,34028,M,4361861.0,319859.0,34
201800016275,18,8,6,1015,1,1,1,1.0,1.0,34144,M,4372524.0,319909.0,34
201800016276,18,8,7,830,1,1,1,1.0,2.0,34096,M,4355161.0,318321.0,34
201800016277,18,8,22,1200,1,1,1,1.0,6.0,34308,M,4363356.0,306800.0,34
201800016278,18,9,8,1800,1,1,3,1.0,3.0,34200,M,4361852.0,324875.0,34
201800016279,18,9,9,330,3,1,1,1.0,6.0,34260,M,4366113.0,306538.0,34
201800016280,18,9,12,1210,1,1,1,1.0,6.0,34144,M,4371361.0,322446.0,34
201800016281,18,9,15,1730,1,2,4,1.0,6.0,34028,M,4363306.0,314657.0,34
201800016282,18,9,27,1410,1,1,1,1.0,3.0,34235,M,4366690.0,301853.0,34
201800016283,18,10,2,610,5,2,2,1.0,3.0,34126,M,4359454.0,308090.0,34
201800016284,18,10,6,1530,1,1,1,1.0,7.0,34019,M,4376803.0,309592.0,34
201800016285,18,12,1,930,1,1,1,2.0,6.0,34312,M,4365423.0,311074.0,34
201800016286,18,12,16,1715,2,1,1,3.0,6.0,34144,M,4371464.0,322812.0,34
201800016287,18,1,19,1450,1,1,1,1.0,3.0,34218,M,4346324.0,297988.0,34
201800016288,18,3,15,820,1,1,1,2.0,7.0,34074,M,4344867.0,302568.0,34
201800016289,18,4,15,715,2,1,9,2.0,6.0,34178,M,4343687.0,310187.0,34
201800016290,18,5,21,1,3,1,1,1.0,7.0,34201,M,4343673.0,298686.0,34
201800016291,18,7,22,20,3,1,1,1.0,7.0,34074,M,4343258.0,305504.0,34
201800016292,18,8,18,340,3,1,1,1.0,6.0,34130,M,4352091.0,318582.0,34
201800016293,18,8,18,1100,1,2,1,1.0,1.0,34070,M,4340680.0,296904.0,34
201800016294,18,9,20,1130,1,1,1,1.0,7.0,34044,M,4352266.0,315342.0,34
201800016295,18,9,25,1740,1,1,1,1.0,1.0,34130,M,4350690.0,318972.0,34
201800016296,18,9,30,840,1,1,1,1.0,1.0,34021,M,4344879.0,291394.0,34
201800016297,18,11,24,1735,3,1,4,1.0,6.0,34074,M,4343720.0,307145.0,34
201800016298,18,2,11,1635,1,1,1,1.0,3.0,34300,M,4341909.0,331929.0,34
201800016299,18,3,4,130,3,1,1,1.0,7.0,34147,M,4347379.0,323285.0,34
201800016300,18,3,13,700,1,1,2,1.0,3.0,34214,M,4348991.0,327695.0,34
201800016301,18,3,15,1345,1,1,1,1.0,2.0,34300,M,4343522.0,329322.0,34
201800016302,18,5,2,1744,1,1,1,1.0,7.0,34214,M,4349021.0,329304.0,34
201800016303,18,5,21,1330,1,1,1,1.0,1.0,34237,M,4350381.0,331220.0,34
201800016304,18,6,1,2050,2,2,1,1.0,6.0,34139,M,4342065.0,324170.0,34
201800016305,18,6,17,1,3,1,1,1.0,6.0,34139,M,4340447.0,323502.0,34
201800016306,18,7,2,1715,1,2,1,1.0,6.0,34300,M,4342093.0,331330.0,34
201800016307,18,9,24,1630,1,1,1,1.0,6.0,34085,M,4345440.0,326947.0,34
201800016308,18,10,9,950,1,1,1,1.0,1.0,34181,M,4355058.0,334549.0,34
201800016309,18,12,3,1635,1,1,3,1.0,3.0,34181,M,4353313.0,332976.0,34
201800016310,18,3,21,1000,1,1,1,1.0,7.0,34250,M,4354904.0,283822.0,34
201800016311,18,9,2,1800,1,2,1,1.0,6.0,34080,M,4357905.0,300868.0,34
201800016312,18,9,15,835,1,2,1,1.0,6.0,34284,M,4348884.0,275850.0,34
201800016313,18,10,25,1805,1,2,1,1.0,7.0,34187,M,4355839.0,291596.0,34
201800016314,18,11,1,1530,1,1,1,1.0,6.0,34293,M,4356585.0,268521.0,34
201800016315,18,12,31,2330,3,1,1,1.0,6.0,34283,M,4378518.0,341531.0,34
201800016316,18,1,7,1420,1,1,1,2.0,6.0,34142,M,4371904.0,332413.0,34
201800016317,18,3,4,1330,1,1,1,3.0,7.0,34036,M,4369885.0,336723.0,34
201800016318,18,4,4,955,1,1,1,2.0,7.0,34306,M,4373597.0,333374.0,34
201800016319,18,5,11,1710,1,1,1,1.0,7.0,34142,M,4372260.0,326534.0,34
201800016320,18,5,17,215,5,2,1,1.0,6.0,34304,M,4376573.0,334207.0,34
201800016321,18,6,19,950,1,1,1,1.0,3.0,34036,M,4369291.0,335058.0,34
201800016322,18,7,1,1145,1,2,9,1.0,7.0,34036,M,4369600.0,338706.0,34
201800016323,18,7,12,1800,1,1,1,1.0,7.0,34142,M,4373374.0,329935.0,34
201800016324,18,12,27,1400,1,2,3,1.0,2.0,34142,M,4372824.0,332439.0,34
201800016325,18,1,15,1740,3,1,1,1.0,1.0,34180,M,4358927.0,342540.0,34
201800016326,18,2,2,2145,3,1,1,1.0,2.0,34013,M,4358190.0,346007.0,34
201800016327,18,3,20,1030,1,2,1,1.0,6.0,34194,M,4353873.0,345906.0,34
201800016328,18,4,1,1745,1,1,3,1.0,3.0,34210,M,4359754.0,350097.0,34
201800016329,18,4,29,1710,1,1,1,3.0,7.0,34323,M,4361150.0,329875.0,34
201800016330,18,5,3,1930,1,1,3,1.0,3.0,34079,M,4361270.0,343681.0,34
201800016331,18,6,2,1415,1,1,1,1.0,1.0,34194,M,4352786.0,343692.0,34
201800016332,18,7,14,1205,1,1,3,1.0,1.0,34079,M,4361281.0,343677.0,34
201800016333,18,9,9,1745,1,2,9,1.0,2.0,34047,M,4353450.0,349987.0,34
201800016334,18,10,19,1450,1,1,1,1.0,6.0,34041,M,4360880.0,347090.0,34
201800016335,18,11,30,2025,3,1,1,1.0,4.0,34079,M,4361302.0,346303.0,34
201800016336,18,12,11,2030,3,1,1,1.0,6.0,34079,M,4362793.0,345798.0,34
201800016337,18,4,17,1705,1,1,1,1.0,1.0,34122,M,4368267.0,347424.0,34
201800016338,18,5,2,1750,1,2,2,1.0,3.0,34239,M,4365386.0,350886.0,34
201800016339,18,6,3,1040,1,1,1,1.0,7.0,34221,M,4372892.0,363539.0,34
201800016340,18,8,14,1930,2,1,1,1.0,7.0,34239,M,4363520.0,350018.0,34
201800016341,18,9,27,1519,1,1,1,1.0,6.0,34239,M,4365175.0,349475.0,34
201800016342,18,11,15,1808,5,2,3,1.0,6.0,34239,M,4364675.0,348896.0,34
201800016343,18,11,16,830,1,2,1,1.0,6.0,34114,M,4363572.0,353267.0,34
201800016344,18,12,15,1330,1,1,1,8.0,7.0,34239,M,4365467.0,348492.0,34
201800016345,18,1,21,1815,5,2,3,2.0,6.0,15014,M,,,15
201800016346,18,1,28,2240,5,2,1,1.0,6.0,15014,M,4491759.0,243781.0,15
201800016347,18,2,12,955,1,1,1,1.0,6.0,15012,M,,,15
201800016348,18,3,3,1320,1,2,1,1.0,6.0,15014,M,4492809.0,244329.0,15
201800016349,18,3,14,745,1,2,3,1.0,1.0,15012,M,,,15
201800016350,18,5,1,1635,1,2,3,1.0,3.0,15012,M,4488625.0,241430.0,15
201800016351,18,5,29,1800,1,2,1,1.0,1.0,15014,M,4492630.0,243600.0,15
201800016352,18,6,5,900,1,2,1,7.0,6.0,15014,M,4492895.0,243337.0,15
201800016353,18,6,16,1750,1,2,1,1.0,5.0,15014,M,4492777.0,245000.0,15
201800016354,18,6,29,1200,1,2,1,1.0,3.0,15014,M,4490055.0,242651.0,15
201800016355,18,9,15,2040,3,1,1,1.0,1.0,15012,M,4489223.0,244565.0,15
201800016356,18,10,25,1605,1,1,1,1.0,6.0,15014,M,4493887.0,245671.0,15
201800016357,18,11,16,835,2,2,1,1.0,6.0,15014,M,4492107.0,243017.0,15
201800016358,18,12,9,340,5,2,1,2.0,6.0,15014,M,4490135.0,243969.0,15
201800016359,18,12,26,820,2,2,1,1.0,6.0,15014,M,4492238.0,244072.0,15
201800016360,18,1,22,1315,1,2,1,1.0,6.0,34031,M,4337140.0,342618.0,34
201800016361,18,1,30,2200,3,1,1,1.0,6.0,34101,M,4337763.0,347163.0,34
201800016362,18,2,9,2000,5,2,1,2.0,6.0,34150,M,4332112.0,355261.0,34
201800016363,18,6,1,2045,1,2,6,1.0,7.0,34332,M,4330209.0,341792.0,34
201800016364,18,7,5,945,1,1,1,1.0,3.0,34203,M,4340777.0,354226.0,34
201800016365,18,7,9,1100,1,1,1,1.0,1.0,34101,M,4337499.0,347448.0,34
201800016366,18,7,10,15,3,1,1,1.0,6.0,34031,M,4336188.0,341776.0,34
201800016367,18,7,28,1150,1,1,1,1.0,5.0,34332,M,4331800.0,342823.0,34
201800016368,18,8,11,1850,1,2,1,1.0,6.0,34207,M,4339177.0,349895.0,34
201800016369,18,8,15,1945,1,2,1,1.0,5.0,34150,M,4332009.0,354011.0,34
201800016370,18,9,6,15,3,1,9,2.0,6.0,34150,M,4337021.0,352180.0,34
201800016371,18,9,23,100,3,1,1,1.0,1.0,34332,M,4331469.0,337482.0,34
201800016372,18,10,4,145,3,2,1,1.0,6.0,34031,M,4335652.0,342832.0,34
201800016373,18,11,2,1930,3,1,4,1.0,2.0,34332,M,4332026.0,342761.0,34
201800016374,18,3,23,1130,1,1,1,1.0,6.0,86284,M,4644696.0,49360.0,86
201800016375,18,7,20,1815,1,1,1,1.0,1.0,86178,M,4651707.0,45760.0,86
201800016376,18,8,12,1025,1,1,1,1.0,6.0,86097,M,4631520.0,40706.0,86
201800016377,18,9,12,725,2,1,3,1.0,3.0,86180,M,4653381.0,39821.0,86
201800016378,18,9,25,830,1,1,1,1.0,3.0,86290,M,4646292.0,36719.0,86
201800016379,18,11,3,600,3,1,3,1.0,6.0,86180,M,4653377.0,39818.0,86
201800016380,18,1,2,1745,3,1,1,2.0,1.0,86213,M,4639724.0,6651.0,86
201800016381,18,1,9,2130,5,2,1,2.0,3.0,86293,M,4642485.0,25671.0,86
201800016382,18,1,19,1930,3,1,1,1.0,1.0,86113,M,4649706.0,32152.0,86
201800016383,18,2,18,1115,1,1,1,2.0,1.0,86139,M,4642088.0,10400.0,86
201800016384,18,2,25,630,3,1,1,1.0,6.0,86068,M,4622059.0,12695.0,86
201800016385,18,7,15,610,2,1,1,1.0,2.0,86039,M,4625905.0,16982.0,86
201800016386,18,9,28,920,1,2,1,1.0,3.0,86139,M,4643744.0,13504.0,86
201800016387,18,10,17,1540,1,1,1,1.0,5.0,86068,M,4619312.0,16295.0,86
201800016388,18,12,5,745,5,2,1,1.0,3.0,86293,M,4640891.0,27108.0,86
201800016389,18,12,19,1210,1,1,1,2.0,6.0,86113,M,4649703.0,30062.0,86
201800016390,18,4,25,900,1,2,1,2.0,7.0,86076,M,4664285.0,23387.0,86
201800016391,18,4,28,1310,1,2,1,1.0,3.0,86053,M,4671057.0,15259.0,86
201800016392,18,5,10,900,1,1,2,1.0,3.0,86053,M,4669261.0,13939.0,86
201800016393,18,5,28,2045,2,1,1,8.0,6.0,86030,M,4672919.0,21101.0,86
201800016394,18,9,8,415,3,1,1,1.0,6.0,86160,M,4680157.0,20458.0,86
201800016395,18,9,1,545,3,1,1,1.0,6.0,86076,M,4663421.0,23168.0,86
201800016396,18,10,30,1700,1,2,1,1.0,3.0,86177,M,4668422.0,25793.0,86
201800016397,18,10,31,1830,5,2,1,3.0,6.0,86160,M,4678759.0,18506.0,86
201800016398,18,11,3,530,3,1,2,1.0,3.0,86002,M,4675507.0,16594.0,86
201800016399,18,11,3,1950,3,1,1,1.0,6.0,86271,M,4678049.0,32111.0,86
201800016400,18,5,13,1945,1,2,1,1.0,7.0,86298,M,4671592.0,54168.0,86
201800016401,18,6,13,1440,1,1,1,1.0,3.0,86014,M,4675935.0,55414.0,86
201800016402,18,12,4,820,2,1,1,1.0,5.0,86014,M,4674665.0,55449.0,86
201800016403,18,3,17,600,2,1,1,1.0,7.0,86225,M,4685489.0,9023.0,86
201800016404,18,5,22,630,2,1,2,1.0,3.0,86154,M,4680077.0,8927.0,86
201800016405,18,6,12,1630,1,1,2,1.0,3.0,86093,M,4693891.0,20267.0,86
201800016406,18,8,21,850,1,1,2,1.0,3.0,86093,M,4695209.0,21076.0,86
201800016407,18,1,4,1035,1,2,1,3.0,6.0,29189,M,4837366.0,-436887.0,29
201800016408,18,1,29,815,5,2,1,2.0,6.0,29043,M,4836513.0,-425856.0,29
201800016409,18,3,7,1730,1,1,1,1.0,6.0,29140,M,4838737.0,-430262.0,29
201800016410,18,5,9,1700,1,1,1,1.0,6.0,29137,M,4832363.0,-429437.0,29
201800016411,18,6,14,1500,1,1,1,1.0,7.0,29043,M,4837052.0,-425910.0,29
201800016412,18,6,13,2150,2,1,1,1.0,6.0,29189,M,4835907.0,-435476.0,29
201800016413,18,9,15,1935,2,1,4,1.0,3.0,29045,M,4837161.0,-427697.0,29
201800016414,18,9,30,1134,1,2,6,1.0,2.0,29189,M,4836777.0,-437190.0,29
201800016415,18,11,5,1830,5,2,6,2.0,6.0,29189,M,4838205.0,-437782.0,29
201800016416,18,11,8,1725,1,1,2,1.0,3.0,29045,M,4842564.0,-426208.0,29
201800016417,18,12,18,730,3,1,1,2.0,1.0,29045,M,4839349.0,-424281.0,29
201800016418,18,12,18,2000,3,1,1,3.0,5.0,29045,M,4838741.0,-425770.0,29
201800016419,18,1,12,1645,1,2,1,1.0,6.0,41280,M,4729255.0,176960.0,41
201800016420,18,1,22,1400,1,1,1,2.0,6.0,41038,M,4723315.0,177450.0,41
201800016421,18,1,30,1430,1,1,2,1.0,3.0,41185,M,4733627.0,166198.0,41
201800016422,18,5,5,1015,1,1,9,1.0,3.0,41242,M,4726560.0,155254.0,41
201800016423,18,7,21,1720,1,2,1,1.0,1.0,41280,M,4730436.0,177262.0,41
201800016424,18,7,24,1830,1,1,1,7.0,7.0,41016,M,4730915.0,158440.0,41
201800016425,18,9,18,955,1,2,1,1.0,6.0,41280,M,4729294.0,176940.0,41
201800016426,18,11,10,530,3,1,1,2.0,7.0,41185,M,4737615.0,168891.0,41
201800016427,18,11,30,720,5,2,1,1.0,6.0,41280,M,4730430.0,176549.0,41
201800016428,18,1,2,1800,3,1,1,2.0,1.0,41051,M,4733620.0,113725.0,41
201800016429,18,1,13,2000,3,1,1,1.0,6.0,41170,M,4747004.0,131053.0,41
201800016430,18,1,27,1145,1,1,1,5.0,4.0,41233,M,4743089.0,128802.0,41
201800016431,18,3,2,130,3,2,1,1.0,6.0,41146,M,4733462.0,128005.0,41
201800016432,18,4,24,1310,1,1,9,1.0,6.0,41059,M,4742733.0,146064.0,41
201800016433,18,7,3,1925,1,1,1,1.0,7.0,41146,M,4734167.0,125626.0,41
201800016434,18,8,9,1500,1,1,1,1.0,1.0,41229,M,4730131.0,139468.0,41
201800016435,18,9,14,1830,1,2,1,1.0,3.0,41211,M,4732407.0,111402.0,41
201800016436,18,9,29,1040,1,1,1,1.0,2.0,41051,M,4735354.0,113686.0,41
201800016437,18,10,1,1615,1,2,1,1.0,2.0,41164,M,4727285.0,137633.0,41
201800016438,18,10,13,1910,2,1,2,1.0,1.0,41059,M,4740802.0,137546.0,41
201800016439,18,10,21,1850,2,1,1,1.0,3.0,41059,M,4743404.0,142749.0,41
201800016440,18,10,21,2200,3,1,1,1.0,6.0,41082,M,4743571.0,135450.0,41
201800016441,18,11,3,1620,1,2,1,1.0,1.0,41151,M,4734188.0,118232.0,41
201800016442,18,11,10,1745,3,1,1,1.0,6.0,41059,M,4742364.0,145667.0,41
201800016443,18,12,2,1936,5,2,1,1.0,6.0,41059,M,4742043.0,143307.0,41
201800016444,18,12,14,1600,1,2,1,1.0,7.0,41126,M,4729754.0,132312.0,41
201800016445,18,12,28,1200,1,1,1,9.0,6.0,41054,M,4737659.0,135363.0,41
201800016446,18,1,23,1930,3,1,1,2.0,6.0,41232,M,4744592.0,199857.0,41
201800016447,18,2,1,740,1,1,1,9.0,6.0,41241,M,4738424.0,190160.0,41
201800016448,18,4,10,1215,1,1,1,1.0,3.0,41251,M,4763813.0,216522.0,41
201800016449,18,5,12,1940,1,2,1,2.0,6.0,41159,M,4753405.0,180587.0,41
201800016450,18,6,15,1500,1,1,1,1.0,6.0,41046,M,4757651.0,194659.0,41
201800016451,18,6,30,2115,2,1,1,1.0,6.0,41232,M,4740542.0,199851.0,41
201800016452,18,6,30,1440,1,1,1,1.0,6.0,41296,M,4764440.0,211370.0,41
201800016453,18,7,9,805,1,1,1,1.0,5.0,41296,M,4763168.0,204999.0,41
201800016454,18,7,15,1915,1,2,1,1.0,7.0,41106,M,4760401.0,202551.0,41
201800016455,18,8,3,1638,1,1,1,7.0,6.0,41176,M,4753363.0,216661.0,41
201800016456,18,8,13,1400,1,1,1,2.0,6.0,41231,M,4756048.0,189922.0,41
201800016457,18,8,19,1900,1,1,1,1.0,6.0,41296,M,4766293.0,208115.0,41
201800016458,18,8,20,1250,1,2,1,1.0,3.0,41232,M,4742503.0,205020.0,41
201800016459,18,9,5,620,3,1,1,5.0,7.0,41296,M,4764557.0,204302.0,41
201800016460,18,9,9,1825,1,2,1,1.0,7.0,41074,M,4758651.0,165590.0,41
201800016461,18,10,8,417,3,2,1,1.0,6.0,41241,M,4738468.0,190858.0,41
201800016462,18,11,26,1720,3,1,1,1.0,5.0,41161,M,4758308.0,198709.0,41
201800016463,18,12,17,650,5,2,1,1.0,6.0,41106,M,4760439.0,202543.0,41
201800016464,18,2,17,1330,1,1,1,1.0,7.0,41186,M,4785904.0,105377.0,41