Num_Acc,an,mois,jour,hrmn,lum,agg,int,atm,col,com,gps,lat,long,dep
201800016465,18,6,27,630,1,1,1,1.0,1.0,41095,M,4790235.0,118778.0,41
201800016466,18,7,16,50,3,1,1,1.0,6.0,41196,M,4801456.0,113586.0,41
201800016467,18,8,11,1245,1,1,1,1.0,7.0,41275,M,4796068.0,113164.0,41
201800016468,18,9,2,1850,1,1,1,1.0,6.0,41028,M,4788609.0,113546.0,41
201800016469,18,11,1,358,3,1,1,1.0,6.0,41248,M,4803326.0,87062.0,41
201800016470,18,11,11,1540,1,1,1,3.0,1.0,41216,M,4796822.0,122561.0,41
201800016471,18,11,30,745,1,1,1,1.0,7.0,41235,M,4792826.0,86414.0,41
201800016472,18,12,14,1430,1,1,1,1.0,7.0,41089,M,4804831.0,104645.0,41
201800016473,18,2,9,2010,4,2,3,2.0,3.0,47004,M,4431750.0,36498.0,47
201800016474,18,3,3,1600,1,2,2,1.0,3.0,47004,M,4430430.0,34237.0,47
201800016475,18,6,12,2310,3,1,1,1.0,6.0,47004,M,4430510.0,35038.0,47
201800016476,18,6,13,1653,1,1,2,1.0,3.0,47210,M,4425010.0,38593.0,47
201800016477,18,6,20,1330,1,1,1,7.0,6.0,47210,M,4425020.0,40466.0,47
201800016478,18,8,15,630,2,1,1,1.0,3.0,47196,M,4433080.0,32636.0,47
201800016479,18,8,31,1100,1,1,1,1.0,6.0,47004,M,4428780.0,33986.0,47
201800016480,18,9,27,1500,1,1,2,1.0,3.0,47125,M,4431250.0,51598.0,47
201800016481,18,9,27,1015,1,1,3,1.0,3.0,47004,M,4428950.0,32456.0,47
201800016482,18,11,14,940,2,1,1,5.0,5.0,47004,M,4427903.0,33535.0,47
201800016483,18,12,14,1310,1,1,1,1.0,5.0,47066,M,4424016.0,42708.0,47
201800016484,18,1,21,2050,3,1,1,2.0,1.0,47274,M,4414450.0,77632.0,47
201800016485,18,2,11,1130,1,1,1,1.0,6.0,47138,M,4426000.0,73390.0,47
201800016486,18,4,16,1600,1,1,1,1.0,6.0,47228,M,4434630.0,70685.0,47
201800016487,18,4,21,1615,1,2,1,1.0,3.0,47051,M,4417440.0,68808.0,47
201800016488,18,6,22,750,1,1,3,1.0,3.0,47128,M,4416320.0,71268.0,47
201800016489,18,6,23,110,3,1,1,1.0,4.0,47274,M,4414520.0,77375.0,47
201800016490,18,7,22,1815,1,1,1,1.0,6.0,47217,M,4418940.0,79663.0,47
201800016491,18,9,9,730,2,1,1,1.0,1.0,47075,M,4429440.0,68526.0,47
201800016492,18,9,9,1540,1,1,1,1.0,6.0,47075,M,4428050.0,68708.0,47
201800016493,18,10,6,18,5,2,1,1.0,1.0,47051,M,4417956.0,67657.0,47
201800016494,18,10,6,730,2,2,1,1.0,6.0,47228,M,4433400.0,71845.0,47
201800016495,18,12,7,600,3,1,1,5.0,1.0,47171,M,4431408.0,72203.0,47
201800016496,18,12,29,800,2,1,6,5.0,6.0,47228,M,4433692.0,70947.0,47
201800016497,18,1,12,1100,1,1,3,1.0,3.0,47086,M,4467740.0,17368.0,47
201800016498,18,3,25,2140,3,1,1,1.0,1.0,47301,M,4454800.0,30580.0,47
201800016499,18,3,10,40,3,1,1,2.0,6.0,47003,M,4463960.0,39396.0,47
201800016500,18,4,8,902,2,1,1,1.0,6.0,47218,M,4458220.0,33226.0,47
201800016501,18,4,7,900,1,1,1,1.0,3.0,47088,M,4454940.0,25377.0,47
201800016502,18,5,22,945,1,1,2,1.0,3.0,47187,M,4463140.0,26444.0,47
201800016503,18,8,3,1745,1,1,1,1.0,6.0,47014,M,4455030.0,39950.0,47
201800016504,18,8,13,1915,1,1,1,1.0,6.0,47147,M,4461120.0,19219.0,47
201800016505,18,10,6,1200,1,1,1,1.0,6.0,47003,M,4465245.0,38458.0,47
201800016506,18,10,10,2030,3,2,1,1.0,6.0,47264,M,4461151.0,35682.0,47
201800016507,18,12,4,1655,1,1,3,1.0,3.0,47216,M,4452785.0,31782.0,47
201800016508,18,12,31,1420,1,1,1,1.0,7.0,47065,M,4443735.0,36502.0,47
201800016509,18,1,25,1820,5,2,1,2.0,6.0,47310,M,4439460.0,30285.0,47
201800016510,18,4,25,1230,1,1,1,1.0,6.0,47110,M,4445900.0,27158.0,47
201800016511,18,5,25,1640,1,1,1,1.0,1.0,47310,M,4436550.0,31926.0,47
201800016512,18,7,5,1545,1,1,3,1.0,1.0,47285,M,4443950.0,9076.0,47
201800016513,18,7,22,1100,1,1,1,7.0,3.0,47110,M,4445620.0,28778.0,47
201800016514,18,9,11,1345,1,1,1,1.0,2.0,47253,M,4444220.0,13252.0,47
201800016515,18,9,15,1800,1,1,1,1.0,7.0,47285,M,4444520.0,8827.0,47
201800016516,18,9,17,1340,1,1,2,1.0,3.0,47127,M,4434710.0,41512.0,47
201800016517,18,10,2,1415,1,1,9,1.0,7.0,47065,M,4436691.0,39567.0,47
201800016518,18,10,20,300,3,1,1,5.0,7.0,47130,M,4439808.0,26594.0,47
201800016519,18,10,20,2300,3,1,1,1.0,7.0,47317,M,4448034.0,42674.0,47
201800016520,18,11,22,1055,1,1,1,1.0,4.0,47285,M,4443431.0,12977.0,47
201800016521,18,12,17,1020,1,2,6,1.0,3.0,47310,M,4438350.0,32508.0,47
201800016522,18,12,26,500,2,1,1,1.0,6.0,47310,M,4433368.0,32365.0,47
201800016523,18,1,7,740,2,1,1,2.0,6.0,47167,M,4407230.0,27486.0,47
201800016524,18,2,17,1745,1,1,1,1.0,6.0,47134,M,4401120.0,30774.0,47
201800016525,18,2,28,1300,1,1,1,4.0,6.0,47180,M,4413870.0,46138.0,47
201800016526,18,4,4,1500,1,1,2,1.0,3.0,47098,M,4410030.0,43999.0,47
201800016527,18,6,3,1928,1,1,1,1.0,1.0,47221,M,4405910.0,24252.0,47
201800016528,18,6,9,25,3,1,1,1.0,6.0,47195,M,4414050.0,36124.0,47
201800016529,18,6,24,1900,1,1,3,1.0,4.0,47186,M,4420580.0,44147.0,47
201800016530,18,7,7,2125,2,1,1,1.0,6.0,47143,M,4416820.0,29934.0,47
201800016531,18,9,18,415,5,2,6,1.0,6.0,47097,M,4422180.0,34671.0,47
201800016532,18,9,21,2045,3,1,1,1.0,6.0,47172,M,4414830.0,50270.0,47
201800016533,18,10,2,820,2,2,1,1.0,6.0,47143,M,4417744.0,30128.0,47
201800016534,18,10,26,1700,1,1,1,1.0,1.0,47097,M,4422057.0,37901.0,47
201800016535,18,6,21,1500,1,1,2,1.0,3.0,47222,M,4427930.0,11411.0,47
201800016536,18,6,29,1000,1,1,2,1.0,3.0,47052,M,4429820.0,10088.0,47
201800016537,18,7,11,1345,1,2,1,1.0,2.0,47052,M,4430430.0,7655.0,47
201800016538,18,9,3,1110,1,1,1,1.0,1.0,47012,M,4427360.0,18390.0,47
201800016539,18,10,3,900,1,2,1,1.0,6.0,47052,M,4431388.0,8588.0,47
201800016540,18,1,12,1825,5,2,1,1.0,3.0,47179,M,4448520.0,94309.0,47
201800016541,18,1,23,1850,5,2,2,1.0,3.0,47283,M,4447890.0,94864.0,47
201800016542,18,2,8,1345,1,1,1,1.0,1.0,47328,M,4444720.0,92223.0,47
201800016543,18,5,9,1900,1,1,1,1.0,6.0,47185,M,4448440.0,97928.0,47
201800016544,18,5,30,1010,1,2,9,2.0,3.0,47106,M,4449710.0,95797.0,47
201800016545,18,7,5,1735,1,1,1,1.0,1.0,47117,M,4433450.0,78191.0,47
201800016546,18,7,8,1528,1,1,1,1.0,6.0,47312,M,4437830.0,100433.0,47
201800016547,18,8,11,2025,1,1,1,1.0,1.0,47307,M,4443650.0,100638.0,47
201800016548,18,8,14,1630,1,2,3,1.0,3.0,47283,M,4447980.0,94781.0,47
201800016549,18,8,14,1620,1,2,2,1.0,3.0,47283,M,4447890.0,94864.0,47
201800016550,18,9,25,950,1,1,1,1.0,3.0,47070,M,4447240.0,91505.0,47
201800016551,18,9,27,1950,5,2,3,1.0,3.0,47106,M,4448520.0,95070.0,47
201800016552,18,9,30,2314,3,1,1,1.0,6.0,47328,M,4444960.0,92258.0,47
201800016553,18,10,19,714,3,1,3,5.0,6.0,47203,M,4439910.0,83068.0,47
201800016554,18,9,15,1510,1,1,3,1.0,3.0,47312,M,4439190.0,99444.0,47
201800016555,18,3,16,1610,1,1,1,3.0,5.0,47006,M,4440080.0,62704.0,47
201800016556,18,3,22,800,1,2,1,1.0,6.0,47252,M,4440190.0,59399.0,47
201800016557,18,5,22,1639,1,2,3,1.0,1.0,47049,M,4444430.0,61779.0,47
201800016558,18,6,6,1750,1,1,1,1.0,6.0,47206,M,4446030.0,55340.0,47
201800016559,18,7,23,1637,1,2,6,1.0,3.0,47252,M,4440020.0,58825.0,47
201800016560,18,11,14,850,1,1,2,1.0,7.0,47252,M,4440592.0,60041.0,47
201800016561,18,12,22,1150,1,1,2,2.0,3.0,47081,M,4434087.0,62186.0,47
201800016562,18,12,30,2350,3,1,1,1.0,6.0,47265,M,4447848.0,62943.0,47
201800016563,18,1,7,2040,3,1,1,2.0,6.0,46322,M,4443156.0,134031.0,46
201800016564,18,3,31,400,3,1,1,2.0,6.0,46033,M,4443717.0,113521.0,46
201800016565,18,4,26,1957,2,1,3,1.0,3.0,46335,M,4440381.0,134669.0,46
201800016566,18,5,7,1820,1,1,1,1.0,1.0,46080,M,4451677.0,133040.0,46
201800016567,18,8,23,1055,1,1,1,1.0,7.0,46061,M,4457086.0,114110.0,46
201800016568,18,11,23,900,1,1,1,1.0,7.0,46231,M,4451050.0,110884.0,46
201800016569,18,5,17,1200,1,1,1,1.0,6.0,46167,M,4456365.0,165751.0,46
201800016570,18,8,22,1015,1,1,1,1.0,2.0,46007,M,4445053.0,152078.0,46
201800016571,18,8,24,1050,1,1,1,2.0,7.0,46082,M,4440936.0,157597.0,46
201800016572,18,1,14,1230,1,1,1,2.0,6.0,46021,M,4456208.0,190668.0,46
201800016573,18,4,5,2000,1,1,1,7.0,6.0,46004,M,4473710.0,189365.0,46
201800016574,18,4,22,50,3,2,1,1.0,6.0,46045,M,4448475.0,184353.0,46
201800016575,18,5,19,1255,1,1,1,1.0,6.0,46235,M,4470164.0,172557.0,46
201800016576,18,5,30,1200,1,2,1,1.0,6.0,46045,M,4448611.0,184180.0,46
201800016577,18,6,19,1745,1,1,1,1.0,1.0,46039,M,4456743.0,182647.0,46
201800016578,18,6,27,835,1,2,1,1.0,6.0,46143,M,4472736.0,191996.0,46
201800016579,18,7,28,1630,1,1,1,1.0,6.0,46034,M,4470439.0,190933.0,46
201800016580,18,10,28,700,2,1,1,2.0,7.0,46075,M,4460582.0,188873.0,46
201800016581,18,1,18,1200,1,1,1,2.0,6.0,46251,M,4485523.0,193467.0,46
201800016582,18,5,6,1600,1,2,1,1.0,7.0,46251,M,4485789.0,189610.0,46
201800016583,18,7,17,1710,1,2,2,1.0,3.0,46029,M,4492730.0,184572.0,46
201800016584,18,7,27,1520,1,1,3,1.0,1.0,46159,M,4485252.0,195687.0,46
201800016585,18,8,13,1330,1,1,2,8.0,3.0,46311,M,4486841.0,204582.0,46
201800016586,18,11,10,900,2,1,1,2.0,6.0,46122,M,4489573.0,177294.0,46
201800016587,18,12,30,1830,3,1,1,5.0,7.0,46160,M,4479599.0,205307.0,46
201800016588,18,10,12,1725,1,1,1,7.0,3.0,46127,M,4474063.0,141139.0,46
201800016589,18,5,5,2314,3,1,1,1.0,6.0,46240,M,4481156.0,160645.0,46
201800016590,18,5,6,1113,1,1,3,1.0,4.0,46128,M,4479420.0,169470.0,46
201800016591,18,7,11,940,1,2,1,1.0,6.0,46128,M,4478205.0,173632.0,46
201800016592,18,7,9,750,1,1,3,7.0,3.0,46181,M,4467348.0,170586.0,46
201800016593,18,8,21,1810,1,2,1,1.0,3.0,46128,M,4477627.0,173338.0,46
201800016594,18,8,7,1800,1,2,2,1.0,3.0,46128,M,4477415.0,172041.0,46
201800016595,18,10,13,1400,1,1,2,1.0,3.0,46317,M,4483557.0,173792.0,46
201800016596,18,5,4,1,3,1,1,1.0,6.0,46193,M,4485813.0,170556.0,46
201800016597,18,5,6,1130,1,1,3,1.0,3.0,46153,M,4485523.0,146197.0,46
201800016598,18,6,8,1100,1,1,1,1.0,7.0,46185,M,4496283.0,161275.0,46
201800016599,18,7,26,1910,1,2,3,1.0,3.0,46185,M,4493881.0,160647.0,46
201800016600,18,8,6,1050,1,1,1,1.0,1.0,46185,M,4494303.0,162460.0,46
201800016601,18,10,24,1945,5,2,9,1.0,6.0,46309,M,4489295.0,147740.0,46
201800016602,18,1,1,1915,3,1,1,2.0,2.0,42023,M,4529950.0,457494.0,42
201800016603,18,3,8,815,1,2,1,7.0,6.0,42023,M,4529654.0,456150.0,42
201800016604,18,6,21,1400,1,2,1,1.0,7.0,42224,M,4534064.0,441038.0,42
201800016605,18,6,21,1638,1,1,1,1.0,6.0,42101,M,4535282.0,457346.0,42
201800016606,18,8,20,1720,1,1,1,1.0,5.0,42023,M,4529698.0,454168.0,42
201800016607,18,9,8,1650,1,1,1,1.0,7.0,42023,M,4530610.0,458147.0,42
201800016608,18,12,15,1015,1,1,1,1.0,5.0,42329,M,4532063.0,449697.0,42
201800016609,18,12,30,730,2,1,1,5.0,6.0,42224,M,4535356.0,446862.0,42
201800016610,18,5,25,1630,1,1,1,1.0,7.0,42208,M,4552327.0,447493.0,42
201800016611,18,6,16,1230,1,2,3,1.0,3.0,42302,M,4549875.0,443467.0,42
201800016612,18,6,29,1230,1,2,9,1.0,1.0,42302,M,4548047.0,445708.0,42
201800016613,18,6,29,1945,1,1,9,1.0,3.0,42097,M,4548405.0,434518.0,42
201800016614,18,7,8,1100,1,2,4,7.0,1.0,42311,M,4547953.0,439699.0,42
201800016615,18,8,16,930,1,2,1,1.0,7.0,42302,M,4548185.0,444264.0,42
201800016616,18,9,2,900,1,2,1,1.0,1.0,42097,M,4549992.0,431916.0,42
201800016617,18,9,28,750,1,1,3,1.0,5.0,42302,M,4548083.0,444927.0,42
201800016618,18,12,4,1800,3,1,1,1.0,2.0,42097,M,4549519.0,432049.0,42
201800016619,18,1,1,745,2,1,1,1.0,6.0,42195,M,4573042.0,394811.0,42
201800016620,18,1,4,1907,3,1,1,2.0,6.0,42134,M,4569737.0,404351.0,42
201800016621,18,2,9,255,3,1,1,1.0,7.0,42134,M,4570543.0,403402.0,42
201800016622,18,2,18,50,3,1,1,2.0,7.0,42291,M,4581057.0,387894.0,42
201800016623,18,3,19,1845,2,1,1,1.0,1.0,42238,M,4578637.0,377794.0,42
201800016624,18,5,20,1205,1,1,1,1.0,7.0,42159,M,4580079.0,371427.0,42
201800016625,18,5,23,2010,2,2,4,1.0,6.0,42019,M,4574586.0,400431.0,42
201800016626,18,7,4,500,2,1,1,1.0,7.0,42313,M,4573108.0,400987.0,42
201800016627,18,7,5,2336,3,1,1,2.0,6.0,42205,M,4566025.0,393733.0,42
201800016628,18,7,21,1850,1,2,3,1.0,1.0,42219,M,4573180.0,409640.0,42
201800016629,18,8,6,1015,1,1,2,1.0,3.0,42313,M,4572634.0,402315.0,42
201800016630,18,8,20,1515,1,1,1,1.0,6.0,42245,M,4582317.0,384804.0,42
201800016631,18,8,21,1200,1,1,1,1.0,6.0,42150,M,4572438.0,404502.0,42
201800016632,18,10,1,1145,1,1,1,2.0,6.0,42252,M,4578859.0,391825.0,42
201800016633,18,10,19,1710,1,2,1,1.0,6.0,42019,M,4575834.0,400167.0,42
201800016634,18,11,8,1100,1,2,1,1.0,6.0,42019,M,4574587.0,400426.0,42
201800016635,18,11,16,1930,5,2,3,5.0,1.0,42159,M,4581505.0,376296.0,42
201800016636,18,11,25,720,2,2,1,1.0,6.0,42219,M,4573378.0,408915.0,42
201800016637,18,12,19,745,1,1,1,2.0,6.0,42039,M,4569090.0,387306.0,42
201800016638,18,3,28,1300,1,2,4,1.0,1.0,42006,M,4538097.0,399639.0,42
201800016639,18,4,11,2315,5,2,3,2.0,6.0,42006,M,4538757.0,400657.0,42
201800016640,18,4,16,1845,1,1,1,1.0,6.0,42192,M,4536649.0,410827.0,42
201800016641,18,4,21,1630,1,1,1,1.0,3.0,42107,M,4553680.0,398936.0,42
201800016642,18,4,27,1200,1,1,1,1.0,6.0,42240,M,4549974.0,402724.0,42
201800016643,18,6,27,1625,1,1,1,7.0,3.0,42091,M,4541659.0,400204.0,42
201800016644,18,6,30,1210,1,2,3,7.0,3.0,42204,M,4542871.0,406916.0,42
201800016645,18,8,22,1615,1,1,2,2.0,7.0,42091,M,4543993.0,401872.0,42
201800016646,18,8,27,1615,1,1,1,1.0,6.0,42318,M,4536375.0,391657.0,42
201800016647,18,10,3,1100,1,1,1,2.0,6.0,42001,M,4541029.0,410156.0,42
201800016648,18,10,7,1200,1,1,1,1.0,6.0,42262,M,4539835.0,416029.0,42
201800016649,18,10,13,1005,1,1,1,1.0,1.0,42235,M,4537570.0,403254.0,42
201800016650,18,10,21,1450,1,1,1,1.0,2.0,42126,M,4545371.0,408835.0,42
201800016651,18,10,21,1600,1,1,1,1.0,6.0,42001,M,4541726.0,413422.0,42
201800016652,18,10,23,910,1,1,1,1.0,6.0,42318,M,4534770.0,391161.0,42
201800016653,18,10,26,1800,2,1,1,1.0,7.0,42192,M,4536584.0,409776.0,42
201800016654,18,11,19,1530,1,1,1,5.0,1.0,42091,M,4542114.0,403707.0,42
201800016655,18,12,25,1800,3,1,1,5.0,6.0,42262,M,4539422.0,417952.0,42
201800016656,18,12,27,1330,1,2,4,1.0,6.0,42318,M,4539123.0,393764.0,42
201800016657,18,1,11,2240,5,1,3,2.0,1.0,42323,M,4556263.0,431139.0,42
201800016658,18,1,13,1845,3,1,1,1.0,3.0,42013,M,4564496.0,432977.0,42
201800016659,18,3,4,410,5,2,3,1.0,1.0,42149,M,4564176.0,423326.0,42
201800016660,18,4,14,1600,1,1,1,1.0,6.0,42138,M,4564569.0,434485.0,42
201800016661,18,5,16,2145,3,2,1,2.0,7.0,42206,M,4554144.0,433094.0,42
201800016662,18,6,16,1310,1,2,4,1.0,3.0,42323,M,4556601.0,429302.0,42
201800016663,18,6,22,1330,1,2,6,1.0,3.0,42149,M,4563845.0,423650.0,42
201800016664,18,7,6,2000,2,2,1,1.0,7.0,42323,M,4557141.0,427395.0,42
201800016665,18,8,2,2015,1,1,1,1.0,1.0,42062,M,4559278.0,441083.0,42
201800016666,18,8,31,100,3,2,1,1.0,7.0,42222,M,4560327.0,431487.0,42
201800016667,18,9,14,850,1,1,3,1.0,3.0,42135,M,4566707.0,424133.0,42
201800016668,18,9,23,120,3,1,1,1.0,6.0,42336,M,4568826.0,436198.0,42
201800016669,18,12,7,1135,1,1,1,1.0,3.0,42138,M,4564848.0,436595.0,42
201800016670,18,2,18,320,5,2,6,1.0,6.0,42334,M,4585152.0,435520.0,42
201800016671,18,3,4,50,3,1,1,1.0,6.0,42063,M,4592468.0,427653.0,42
201800016672,18,3,13,1615,1,2,3,1.0,5.0,42011,M,4582465.0,417697.0,42
201800016673,18,4,15,1915,1,1,1,1.0,6.0,42334,M,4585132.0,436089.0,42
201800016674,18,7,5,1520,1,2,1,1.0,6.0,42011,M,4581875.0,418383.0,42
201800016675,18,8,10,1430,1,1,1,1.0,1.0,42181,M,4598970.0,418487.0,42
201800016676,18,9,6,1300,1,1,1,1.0,7.0,42011,M,4581432.0,420954.0,42
201800016677,18,10,4,1738,1,2,2,1.0,6.0,42011,M,4581590.0,420424.0,42
201800016678,18,10,22,1140,1,1,1,1.0,2.0,42241,M,4588562.0,412425.0,42
201800016679,18,11,7,1330,1,1,1,2.0,6.0,42178,M,4600197.0,417357.0,42
201800016680,18,11,10,2004,3,1,1,1.0,1.0,42249,M,4590699.0,422152.0,42
201800016681,18,11,18,750,1,1,1,1.0,3.0,42153,M,4596600.0,416376.0,42
201800016682,18,12,4,1530,1,1,1,1.0,6.0,42334,M,4584973.0,436463.0,42
201800016683,18,1,17,1000,1,2,1,8.0,7.0,42052,M,4616265.0,417617.0,42
201800016684,18,2,4,1845,5,2,3,1.0,3.0,42052,M,4616224.0,417218.0,42
201800016685,18,2,23,1625,1,2,1,8.0,6.0,42177,M,4614353.0,410827.0,42
201800016686,18,3,21,1800,1,1,3,1.0,3.0,42267,M,4615088.0,415289.0,42
201800016687,18,4,6,1810,1,1,2,1.0,3.0,42215,M,4617956.0,420973.0,42
201800016688,18,4,23,1320,1,1,1,2.0,1.0,42016,M,4615228.0,405032.0,42
201800016689,18,5,20,2310,3,1,1,1.0,2.0,42177,M,4614611.0,412659.0,42
201800016690,18,6,11,1525,1,2,1,8.0,1.0,42026,M,4615183.0,407852.0,42
201800016691,18,7,18,1920,1,1,2,1.0,1.0,42141,M,4614555.0,425567.0,42
201800016692,18,9,29,1150,1,1,1,1.0,6.0,42079,M,4611528.0,428222.0,42
201800016693,18,11,21,1130,1,1,2,1.0,1.0,42086,M,4614800.0,431474.0,42
201800016694,18,12,10,1520,1,1,2,1.0,3.0,42273,M,4618252.0,410416.0,42
201800016695,18,4,8,1010,1,1,1,1.0,1.0,42314,M,4596045.0,384632.0,42
201800016696,18,6,12,1340,1,1,9,1.0,1.0,42331,M,4596869.0,393970.0,42
201800016697,18,7,10,1820,1,2,1,1.0,7.0,42230,M,4583129.0,400426.0,42
201800016698,18,9,29,1640,1,1,3,1.0,3.0,42282,M,4587091.0,383008.0,42
201800016699,18,1,22,1147,1,1,1,2.0,3.0,01012,M,4600682.0,553596.0,01
201800016700,18,7,4,1438,1,1,3,1.0,3.0,01036,M,4590507.0,565159.0,01
201800016701,18,9,6,1627,1,1,1,1.0,3.0,01454,M,4572676.0,570910.0,01
201800016702,18,2,23,1850,3,1,1,1.0,5.0,12001,M,4435148.0,269410.0,12
201800016703,18,4,6,1220,1,1,1,1.0,3.0,12056,M,4427092.0,242162.0,12
201800016704,18,4,5,1900,1,1,1,7.0,7.0,12185,M,4427750.0,276705.0,12
201800016705,18,4,20,1615,1,1,3,1.0,3.0,12090,M,4436937.0,250121.0,12
201800016706,18,6,3,1500,1,1,1,1.0,3.0,12297,M,4432646.0,268428.0,12
201800016707,18,6,15,1700,1,1,1,1.0,5.0,12283,M,4422987.0,266081.0,12
201800016708,18,6,19,750,1,1,3,1.0,3.0,12102,M,4430736.0,258847.0,12
201800016709,18,7,1,1120,1,1,1,1.0,7.0,12185,M,4424779.0,268129.0,12
201800016710,18,7,25,1115,1,2,9,1.0,3.0,12056,M,4427704.0,244549.0,12
201800016711,18,7,25,1620,1,1,1,1.0,7.0,12090,M,4437005.0,247107.0,12
201800016712,18,7,26,1440,1,2,1,1.0,5.0,12056,M,4428563.0,248289.0,12
201800016713,18,8,19,710,1,1,1,1.0,1.0,12090,M,4437916.0,242748.0,12
201800016714,18,8,19,700,2,1,1,1.0,1.0,12185,M,4428234.0,271948.0,12
201800016715,18,8,21,1034,1,2,1,1.0,6.0,12056,M,4427709.0,243269.0,12
201800016716,18,9,3,1830,1,1,2,1.0,3.0,12264,M,4441738.0,257326.0,12
201800016717,18,10,5,1845,1,1,1,1.0,1.0,12185,M,4428288.0,266844.0,12
201800016718,18,10,29,1740,5,2,1,4.0,6.0,12133,M,4429151.0,255761.0,12
201800016719,18,12,17,830,2,1,1,2.0,1.0,12133,M,4428469.0,254487.0,12
201800016720,18,3,19,705,2,1,1,1.0,1.0,12254,M,4442596.0,252936.0,12
201800016721,18,3,23,810,1,1,1,1.0,3.0,12254,M,4445883.0,257492.0,12
201800016722,18,4,17,1340,1,1,1,1.0,5.0,12008,M,4441800.0,227208.0,12
201800016723,18,4,21,1655,1,1,1,1.0,4.0,12215,M,4446204.0,239579.0,12
201800016724,18,4,27,1520,1,1,1,1.0,1.0,12254,M,4442501.0,253086.0,12
201800016725,18,5,6,1335,1,1,1,1.0,1.0,12024,M,4438049.0,230521.0,12
201800016726,18,6,22,858,1,1,1,1.0,3.0,12016,M,4451207.0,235946.0,12
201800016727,18,7,1,1125,1,2,2,1.0,3.0,12171,M,4452106.0,242754.0,12
201800016728,18,7,25,1420,1,1,3,7.0,2.0,12024,M,4440065.0,234605.0,12
201800016729,18,8,1,1400,1,1,2,1.0,3.0,12254,M,4445877.0,257491.0,12
201800016730,18,8,4,700,2,1,4,1.0,6.0,12254,M,4445371.0,248179.0,12
201800016731,18,9,7,1800,1,2,1,1.0,2.0,12288,M,4444664.0,244197.0,12
201800016732,18,11,25,315,3,1,6,1.0,7.0,12199,M,4439843.0,230076.0,12
201800016733,18,11,29,1835,3,1,1,1.0,6.0,12254,M,4442343.0,247012.0,12
201800016734,18,12,9,1745,3,1,1,2.0,6.0,12171,M,4449185.0,244288.0,12
201800016735,18,3,10,1940,3,1,1,1.0,6.0,12088,M,4465103.0,285116.0,12
201800016736,18,6,27,1800,1,1,1,1.0,7.0,12156,M,4465711.0,280956.0,12
201800016737,18,7,12,1000,1,1,1,1.0,1.0,12088,M,4465252.0,289541.0,12
201800016738,18,5,21,1700,1,1,1,1.0,6.0,12094,M,4465612.0,254033.0,12
201800016739,18,6,13,2254,3,1,1,1.0,7.0,12118,M,4479389.0,265695.0,12
201800016740,18,8,2,1745,1,1,1,1.0,3.0,12093,M,4464169.0,247461.0,12
201800016741,18,8,29,1100,1,1,1,1.0,5.0,12164,M,4485732.0,266006.0,12
201800016742,18,12,30,857,2,1,1,5.0,6.0,12093,M,4467958.0,253228.0,12
201800016743,18,2,9,1600,1,1,1,1.0,1.0,12219,M,4445822.0,295523.0,12
201800016744,18,2,15,1445,1,1,1,1.0,6.0,12026,M,4439604.0,276692.0,12
201800016745,18,10,29,2200,3,1,1,8.0,6.0,12120,M,4438570.0,281709.0,12
201800016746,18,3,22,1520,1,1,1,1.0,7.0,12145,M,4406806.0,311460.0,12
201800016747,18,6,15,1900,1,1,1,1.0,6.0,12077,M,4393647.0,319731.0,12
201800016748,18,6,26,715,1,1,1,1.0,6.0,12220,M,4398247.0,315928.0,12
201800016749,18,9,21,1755,1,2,4,1.0,3.0,12063,M,4400828.0,316157.0,12
201800016750,18,11,21,1734,3,1,1,1.0,7.0,12070,M,4418136.0,308068.0,12
201800016751,18,12,22,945,1,1,1,2.0,6.0,12225,M,4404423.0,296981.0,12
201800016752,18,12,22,1745,3,1,1,2.0,7.0,12155,M,4385523.0,312637.0,12
201800016753,18,2,25,1710,1,1,3,1.0,3.0,12294,M,4424111.0,287608.0,12
201800016754,18,3,1,1045,1,1,2,1.0,3.0,12294,M,4424932.0,293016.0,12
201800016755,18,3,4,1800,2,1,1,2.0,7.0,12299,M,4410272.0,268910.0,12
201800016756,18,4,30,1800,1,1,1,1.0,6.0,12294,M,4423847.0,288910.0,12
201800016757,18,5,26,1045,1,2,1,1.0,6.0,12253,M,4418222.0,278597.0,12
201800016758,18,7,18,1500,1,1,1,1.0,7.0,12253,M,4416396.0,277973.0,12
201800016759,18,7,17,1835,1,1,1,1.0,7.0,12266,M,4426424.0,289317.0,12
201800016760,18,7,21,1500,1,1,1,1.0,7.0,12253,M,4414229.0,286540.0,12
201800016761,18,7,22,1055,1,2,1,1.0,7.0,12006,M,4417498.0,265755.0,12
201800016762,18,7,30,1210,1,1,1,1.0,6.0,12299,M,4410462.0,268443.0,12
201800016763,18,10,29,1120,1,1,1,4.0,5.0,12266,M,4424371.0,284603.0,12
201800016764,18,4,17,1855,1,2,1,1.0,7.0,12237,M,4444206.0,310925.0,12
201800016765,18,4,19,1730,1,1,1,1.0,3.0,12196,M,4435014.0,294396.0,12
201800016766,18,8,7,1605,1,1,1,1.0,7.0,12270,M,4434833.0,309310.0,12
201800016767,18,10,10,915,1,1,4,2.0,3.0,12237,M,4443658.0,309555.0,12
201800016768,18,1,29,1120,1,1,1,5.0,2.0,12022,M,4401559.0,308126.0,12
201800016769,18,3,19,1535,1,1,1,1.0,7.0,12222,M,4385264.0,296701.0,12