Num_Acc,an,mois,jour,hrmn,lum,agg,int,atm,col,com,gps,lat,long,dep
201800016770,18,4,15,1646,1,1,1,1.0,7.0,12244,M,4406454.0,290966.0,12
201800016771,18,5,7,2025,2,1,1,2.0,6.0,12244,M,4403528.0,291804.0,12
201800016772,18,5,27,1545,1,1,1,1.0,1.0,12286,M,4392929.0,282375.0,12
201800016773,18,7,4,1400,1,1,1,1.0,7.0,12208,M,4395371.0,292428.0,12
201800016774,18,8,13,1030,1,1,1,1.0,7.0,12037,M,4403693.0,269261.0,12
201800016775,18,8,17,1208,1,1,3,2.0,1.0,12208,M,4398992.0,293536.0,12
201800016776,18,9,2,1750,1,2,1,1.0,6.0,12208,M,4395719.0,287526.0,12
201800016777,18,9,13,1910,1,2,1,1.0,6.0,12208,M,4395525.0,289253.0,12
201800016778,18,9,19,2120,3,2,1,1.0,3.0,12208,M,4395413.0,285286.0,12
201800016779,18,10,24,1606,1,1,1,1.0,3.0,12203,M,4398034.0,296574.0,12
201800016780,18,11,12,1315,1,1,1,1.0,6.0,12208,M,4395508.0,285673.0,12
201800016781,18,11,28,1525,1,1,1,1.0,1.0,12292,M,4390639.0,290611.0,12
201800016782,18,11,30,1640,1,2,1,1.0,6.0,12208,M,4396047.0,289117.0,12
201800016783,18,5,5,15,3,1,1,1.0,7.0,12192,M,4381849.0,283643.0,12
201800016784,18,6,9,1715,1,2,1,1.0,3.0,12183,M,4392631.0,254547.0,12
201800016785,18,7,25,1045,1,2,3,1.0,4.0,12147,M,4381023.0,302467.0,12
201800016786,18,8,2,1630,1,1,1,1.0,7.0,12186,M,4387708.0,260634.0,12
201800016787,18,8,18,820,1,1,1,1.0,7.0,12099,M,4380275.0,296620.0,12
201800016788,18,9,19,1345,1,1,1,1.0,1.0,12023,M,4394390.0,252169.0,12
201800016789,18,9,26,2100,5,2,1,1.0,7.0,12025,M,4381830.0,275564.0,12
201800016790,18,5,19,1730,1,2,1,1.0,6.0,12148,M,4447997.0,222957.0,12
201800016791,18,8,15,1535,1,1,1,1.0,7.0,12240,M,4462827.0,232105.0,12
201800016792,18,10,28,1930,3,1,1,8.0,1.0,12257,M,4454986.0,202023.0,12
201800016793,18,11,23,2030,3,1,1,5.0,6.0,12272,M,4453655.0,209038.0,12
201800016794,18,12,10,821,1,2,1,8.0,7.0,12198,M,4430528.0,222354.0,12
201800016795,18,1,3,1230,1,1,1,6.0,6.0,12021,M,4433333.0,210858.0,12
201800016796,18,1,29,1150,1,1,2,1.0,3.0,49050,M,4735109.0,-43893.0,49
201800016797,18,4,20,2245,3,1,4,1.0,7.0,49133,M,4724518.0,-48634.0,49
201800016798,18,5,1,1525,1,1,1,1.0,7.0,49338,M,4736609.0,-52577.0,49
201800016799,18,5,15,1145,1,1,2,1.0,3.0,49292,M,4730593.0,-67854.0,49
201800016800,18,5,18,835,1,1,1,1.0,1.0,49167,M,4738820.0,-49867.0,49
201800016801,18,6,26,1645,1,1,2,1.0,6.0,49338,M,4737899.0,-52408.0,49
201800016802,18,7,30,1845,1,2,2,1.0,3.0,49345,M,4726643.0,-49742.0,49
201800016803,18,8,3,1215,1,1,1,1.0,3.0,49345,M,4727325.0,-52426.0,49
201800016804,18,9,10,1800,1,1,1,1.0,1.0,49167,M,4740403.0,-49671.0,49
201800016805,18,9,15,1420,1,1,1,1.0,7.0,49256,M,4728495.0,-59302.0,49
201800016806,18,10,9,1230,1,2,1,1.0,3.0,49345,M,4726739.0,-49955.0,49
201800016807,18,10,12,705,3,1,2,1.0,3.0,49292,M,4728544.0,-65209.0,49
201800016808,18,9,29,815,2,1,1,1.0,1.0,49078,M,4733295.0,-42474.0,49
201800016809,18,10,24,820,2,1,1,5.0,6.0,49050,M,4735128.0,-43715.0,49
201800016810,18,12,24,1815,3,1,1,2.0,1.0,49223,M,4738675.0,-54577.0,49
201800016811,18,1,20,1220,1,1,1,2.0,7.0,49117,M,4742388.0,-46408.0,49
201800016812,18,2,3,1135,1,1,9,1.0,6.0,49004,M,4746707.0,-38140.0,49
201800016813,18,4,4,945,1,1,1,1.0,1.0,49307,M,4742492.0,-34331.0,49
201800016814,18,5,6,1810,1,1,1,1.0,6.0,49307,M,4740697.0,-29337.0,49
201800016815,18,5,27,1155,1,1,1,1.0,3.0,49307,M,4749079.0,-33498.0,49
201800016816,18,8,20,1750,1,1,1,1.0,1.0,49307,M,4741387.0,-34415.0,49
201800016817,18,10,10,1330,1,1,6,1.0,3.0,49042,M,4746527.0,-40830.0,49
201800016818,18,11,13,1815,5,1,6,1.0,4.0,49042,M,4746447.0,-40824.0,49
201800016819,18,11,16,730,5,2,1,1.0,1.0,49377,M,4755230.0,-42921.0,49
201800016820,18,12,14,2125,5,2,1,1.0,6.0,49323,M,4751831.0,-47919.0,49
201800016821,18,2,4,1735,1,1,1,2.0,1.0,49183,M,4751600.0,-86051.0,49
201800016822,18,5,2,1600,1,2,2,2.0,6.0,49068,M,4741198.0,-86104.0,49
201800016823,18,7,13,730,1,2,1,1.0,1.0,49026,M,4750081.0,-78765.0,49
201800016824,18,7,29,1015,1,1,1,1.0,1.0,49068,M,4740510.0,-85099.0,49
201800016825,18,8,17,1725,1,1,1,1.0,2.0,49329,M,4737691.0,-65158.0,49
201800016826,18,9,7,1910,1,2,3,7.0,1.0,49247,M,4737117.0,-70277.0,49
201800016827,18,10,4,1230,1,1,1,1.0,1.0,49026,M,4748330.0,-84564.0,49
201800016828,18,11,2,1200,1,2,1,1.0,3.0,49068,M,4742811.0,-89508.0,49
201800016829,18,11,24,1830,3,1,1,1.0,2.0,49283,M,4741348.0,-75182.0,49
201800016830,18,12,3,630,3,1,2,2.0,3.0,49283,M,4737359.0,-75141.0,49
201800016831,18,12,21,1845,5,2,1,2.0,6.0,49283,M,4740743.0,-76022.0,49
201800016832,18,1,5,1445,1,1,1,1.0,6.0,49314,M,4727405.0,-91532.0,49
201800016833,18,2,3,2010,3,1,1,1.0,5.0,49296,M,4729805.0,-116832.0,49
201800016834,18,2,23,950,1,1,1,1.0,6.0,49137,M,4722123.0,-104976.0,49
201800016835,18,5,12,411,3,1,1,1.0,6.0,49218,M,4727018.0,-113178.0,49
201800016836,18,7,12,1535,1,1,3,1.0,3.0,49218,M,4727863.0,-110779.0,49
201800016837,18,9,25,855,1,1,1,7.0,3.0,49069,M,4730203.0,-114440.0,49
201800016838,18,10,10,1145,1,2,1,8.0,6.0,49218,M,4726656.0,-102495.0,49
201800016839,18,10,11,435,3,1,1,1.0,1.0,49296,M,4729373.0,-117634.0,49
201800016840,18,1,9,1530,1,2,2,9.0,3.0,49315,M,4762774.0,-10907.0,49
201800016841,18,3,23,1425,1,1,1,2.0,7.0,49221,M,4746860.0,2088.0,49
201800016842,18,5,26,2100,2,1,1,2.0,6.0,49150,M,4760360.0,3389.0,49
201800016843,18,6,23,2130,1,1,1,1.0,7.0,49368,M,4741268.0,6050.0,49
201800016844,18,7,1,1840,1,1,1,1.0,7.0,49221,M,4745637.0,1607.0,49
201800016845,18,8,23,1145,1,1,1,1.0,1.0,49018,M,4754728.0,-4557.0,49
201800016846,18,8,25,1015,1,2,9,1.0,3.0,49018,M,4753758.0,-10064.0,49
201800016847,18,9,8,1000,1,1,1,1.0,2.0,49122,M,4755118.0,12355.0,49
201800016848,18,9,29,2105,3,1,1,1.0,7.0,49228,M,4751308.0,10883.0,49
201800016849,18,12,27,1420,1,2,1,1.0,6.0,49310,M,4708049.0,-54287.0,49
201800016850,18,1,15,910,1,1,1,1.0,6.0,49227,M,4732243.0,-46034.0,49
201800016851,18,1,27,130,3,1,1,1.0,1.0,49125,M,4718575.0,-29763.0,49
201800016852,18,3,18,1455,1,1,1,1.0,7.0,49191,M,4725054.0,-44136.0,49
201800016853,18,3,31,2020,2,1,1,1.0,7.0,49125,M,4720730.0,-29633.0,49
201800016854,18,4,19,530,5,2,2,1.0,1.0,49373,M,4714070.0,-54305.0,49
201800016855,18,5,25,605,2,1,1,1.0,7.0,49109,M,4712475.0,-66684.0,49
201800016856,18,5,27,1150,1,2,3,1.0,3.0,49125,M,4718450.0,-25799.0,49
201800016857,18,7,6,2300,3,1,1,1.0,7.0,49125,M,4724950.0,-22022.0,49
201800016858,18,7,17,2030,2,1,1,1.0,1.0,49086,M,4726068.0,-40678.0,49
201800016859,18,9,1,920,1,1,1,1.0,6.0,49109,M,4714155.0,-64196.0,49
201800016860,18,10,19,730,2,1,2,1.0,3.0,49121,M,4724233.0,-27759.0,49
201800016861,18,8,23,1445,1,2,6,1.0,3.0,49125,M,4719733.0,-27493.0,49
201800016862,18,11,17,1500,1,2,3,1.0,3.0,49125,M,4720295.0,-27591.0,49
201800016863,18,12,1,900,1,1,1,2.0,6.0,49003,M,4724997.0,-32762.0,49
201800016864,18,1,14,1820,4,1,1,1.0,3.0,49261,M,4736850.0,-25352.0,49
201800016865,18,1,18,755,5,2,1,3.0,1.0,49002,M,4731213.0,-2160.0,49
201800016866,18,1,30,2000,3,2,1,1.0,6.0,49374,M,4725452.0,-3504.0,49
201800016867,18,6,10,2020,1,1,1,1.0,6.0,49030,M,4737850.0,-8201.0,49
201800016868,18,6,24,1155,1,1,1,1.0,1.0,49030,M,4735802.0,-5509.0,49
201800016869,18,7,9,1520,1,1,3,1.0,6.0,49361,M,4722664.0,7390.0,49
201800016870,18,7,9,1750,1,1,1,1.0,6.0,49378,M,4731992.0,-5019.0,49
201800016871,18,7,11,28,3,1,6,1.0,6.0,49002,M,4729107.0,3504.0,49
201800016872,18,7,21,1710,1,2,2,1.0,3.0,49149,M,4734153.0,-23176.0,49
201800016873,18,8,25,1800,1,1,2,1.0,3.0,49311,M,4738612.0,-7141.0,49
201800016874,18,9,8,1635,1,1,1,1.0,6.0,49361,M,4725584.0,6351.0,49
201800016875,18,9,25,1640,1,2,3,1.0,3.0,49180,M,4737923.0,-11415.0,49
201800016876,18,10,11,1735,1,1,1,8.0,7.0,49261,M,4739422.0,-20618.0,49
201800016877,18,10,16,850,1,1,2,5.0,3.0,49041,M,4729210.0,2876.0,49
201800016878,18,10,19,740,2,1,1,1.0,5.0,49374,M,4723989.0,1433.0,49
201800016879,18,10,30,945,1,2,1,1.0,6.0,49149,M,4730589.0,-14920.0,49
201800016880,18,2,22,2300,3,1,1,1.0,1.0,49123,M,4723034.0,-11370.0,49
201800016881,18,2,23,2230,3,1,1,1.0,7.0,49364,M,4714031.0,-24011.0,49
201800016882,18,2,24,836,2,1,1,1.0,6.0,49046,M,4717019.0,-5087.0,49
201800016883,18,3,6,1645,1,2,3,1.0,3.0,49112,M,4719374.0,-12103.0,49
201800016884,18,4,8,1520,1,1,1,1.0,5.0,49364,M,4713174.0,-16864.0,49
201800016885,18,6,24,820,1,1,1,1.0,5.0,49053,M,4716759.0,-21205.0,49
201800016886,18,8,8,942,1,1,1,1.0,6.0,49113,M,4720714.0,-15866.0,49
201800016887,18,8,30,1150,1,1,1,1.0,5.0,49140,M,4717542.0,4600.0,49
201800016888,18,10,19,2030,3,1,1,1.0,6.0,49140,M,4718361.0,880.0,49
201800016889,18,1,26,1930,3,1,1,1.0,4.0,49010,M,4773201.0,-112301.0,49
201800016890,18,1,28,1715,2,1,1,8.0,6.0,49187,M,4763570.0,-84876.0,49
201800016891,18,2,13,1600,1,1,2,1.0,3.0,49305,M,4769805.0,-70912.0,49
201800016892,18,3,20,1620,1,1,6,1.0,6.0,49103,M,4771571.0,-101121.0,49
201800016893,18,4,20,730,1,2,2,1.0,3.0,49331,M,4769147.0,-86243.0,49
201800016894,18,5,12,530,2,2,2,1.0,3.0,49054,M,4756040.0,-103793.0,49
201800016895,18,5,13,1115,1,1,2,1.0,3.0,49305,M,4771748.0,-74281.0,49
201800016896,18,6,10,1900,1,1,1,3.0,6.0,49208,M,4773845.0,-76133.0,49
201800016897,18,6,27,923,1,2,1,7.0,1.0,49331,M,4768530.0,-86886.0,49
201800016898,18,7,21,1630,1,1,1,1.0,7.0,49088,M,4776371.0,-112414.0,49
201800016899,18,7,22,1322,1,1,3,7.0,3.0,49233,M,4772379.0,-89817.0,49
201800016900,18,8,29,1225,1,1,1,1.0,3.0,49277,M,4765972.0,-88562.0,49
201800016901,18,9,9,1720,1,1,1,1.0,7.0,49331,M,4769597.0,-88063.0,49
201800016902,18,9,14,1530,1,1,1,1.0,7.0,49010,M,4772630.0,-111224.0,49
201800016903,18,9,20,1200,1,1,6,1.0,3.0,49233,M,4770186.0,-94264.0,49
201800016904,18,9,22,1559,1,1,1,1.0,6.0,49331,M,4769445.0,-88829.0,49
201800016905,18,9,26,730,2,1,3,1.0,6.0,49331,M,4765072.0,-88720.0,49
201800016906,18,10,6,2,3,1,1,1.0,6.0,49103,M,4770666.0,-99001.0,49
201800016907,18,10,5,1720,1,1,1,1.0,2.0,49331,M,4769982.0,-86875.0,49
201800016908,18,11,19,945,1,2,1,7.0,3.0,49277,M,4768656.0,-88562.0,49
201800016909,18,11,30,1805,3,1,3,1.0,1.0,49061,M,4762629.0,-101631.0,49
201800016910,18,12,30,1435,1,2,1,1.0,2.0,49248,M,4771355.0,-100201.0,49
201800016911,18,3,8,1900,2,1,1,1.0,1.0,49196,M,4751656.0,-67848.0,49
201800016912,18,3,20,1732,1,1,1,1.0,3.0,49155,M,4759588.0,-67705.0,49
201800016913,18,4,21,935,1,2,2,7.0,3.0,49043,M,4757458.0,-73238.0,49
201800016914,18,4,30,1820,1,1,1,1.0,6.0,49055,M,4751481.0,-56941.0,49
201800016915,18,7,7,630,2,1,1,1.0,7.0,49055,M,4752045.0,-57094.0,49
201800016916,18,7,12,1755,1,1,2,7.0,3.0,49055,M,4752441.0,-56868.0,49
201800016917,18,7,26,1055,1,1,1,1.0,6.0,49200,M,4754234.0,-65153.0,49
201800016918,18,8,28,1545,1,1,2,1.0,3.0,49330,M,4761775.0,-62204.0,49
201800016919,18,9,30,1600,1,1,1,1.0,7.0,49055,M,4752880.0,-58332.0,49
201800016920,18,10,5,1005,1,1,2,7.0,1.0,49176,M,4761224.0,-72296.0,49
201800016921,18,10,14,1620,1,1,1,1.0,7.0,49155,M,4761204.0,-70676.0,49
201800016922,18,10,21,1515,1,2,6,1.0,6.0,49214,M,4752872.0,-61174.0,49
201800016923,18,10,21,1725,1,1,1,1.0,6.0,49176,M,4761387.0,-76849.0,49
201800016924,18,11,3,1429,1,1,6,1.0,7.0,49200,M,4756696.0,-67763.0,49
201800016925,18,12,18,720,5,2,9,8.0,6.0,49214,M,4752829.0,-60562.0,49
201800016926,18,12,21,1745,3,1,1,2.0,1.0,49155,M,4756609.0,-72031.0,49
201800016927,18,1,6,2000,3,2,1,1.0,6.0,49065,M,4766000.0,-57392.0,49
201800016928,18,1,9,1825,3,2,9,3.0,5.0,49090,M,4762293.0,-50255.0,49
201800016929,18,1,13,1830,3,1,1,1.0,3.0,49347,M,4761973.0,-49264.0,49
201800016930,18,1,22,825,2,2,1,2.0,6.0,49347,M,4761455.0,-46367.0,49
201800016931,18,3,19,805,1,1,1,8.0,5.0,49065,M,4767952.0,-56019.0,49
201800016932,18,4,24,1730,1,1,3,1.0,3.0,49337,M,4757290.0,-43309.0,49
201800016933,18,6,4,1730,1,2,9,1.0,3.0,49080,M,4768057.0,-49946.0,49
201800016934,18,8,30,1530,1,1,3,1.0,3.0,49347,M,4761805.0,-45048.0,49
201800016935,18,10,14,1115,1,1,6,1.0,6.0,49096,M,4769911.0,-54348.0,49
201800016936,18,10,18,230,3,1,1,1.0,6.0,49216,M,4760267.0,-40955.0,49
201800016937,18,1,6,2330,5,2,6,2.0,6.0,55291,M,4868477.0,533283.0,55
201800016938,18,3,4,1245,1,1,9,9.0,1.0,55373,M,4868332.0,522533.0,55
201800016939,18,4,12,1910,1,2,1,7.0,3.0,55010,M,4863238.0,501768.0,55
201800016940,18,5,30,1150,1,2,1,1.0,6.0,55291,M,4868173.0,532533.0,55
201800016941,18,6,29,1120,1,2,1,1.0,6.0,55291,M,4869396.0,531421.0,55
201800016942,18,7,4,1955,1,1,1,7.0,1.0,55214,M,4864985.0,530424.0,55
201800016943,18,7,5,1800,1,1,1,1.0,6.0,55374,M,4865445.0,522356.0,55
201800016944,18,7,9,905,1,2,6,1.0,6.0,55291,M,4869227.0,531695.0,55
201800016945,18,8,8,620,2,1,1,1.0,6.0,55224,M,4867981.0,507642.0,55
201800016946,18,9,2,1940,1,2,1,1.0,1.0,55010,M,4863457.0,501893.0,55
201800016947,18,9,22,555,3,1,1,1.0,6.0,55452,M,4862155.0,539843.0,55
201800016948,18,2,23,1445,1,1,1,1.0,1.0,55551,M,4898550.0,572411.0,55
201800016949,18,2,20,1700,1,2,1,1.0,6.0,55463,M,4889331.0,553907.0,55
201800016950,18,5,18,1800,1,2,1,1.0,6.0,55463,M,4889126.0,554180.0,55
201800016951,18,6,14,1400,1,1,9,1.0,6.0,55159,M,4892803.0,546814.0,55
201800016952,18,6,23,2245,5,2,1,1.0,3.0,55064,M,4899098.0,545320.0,55
201800016953,18,6,25,1530,1,2,1,1.0,6.0,55386,M,4893117.0,576294.0,55
201800016954,18,7,19,1540,1,2,3,7.0,3.0,55463,M,4888983.0,554246.0,55
201800016955,18,11,22,1700,2,1,1,1.0,6.0,55085,M,4881535.0,571543.0,55
201800016956,18,12,18,725,2,1,1,5.0,7.0,55290,M,4881247.0,540529.0,55
201800016957,18,12,29,1735,5,2,1,8.0,6.0,55463,M,4889631.0,553564.0,55
201800016958,18,3,4,1100,1,1,1,2.0,6.0,55334,M,4871677.0,553288.0,55
201800016959,18,3,29,1645,1,1,1,1.0,6.0,55520,M,4870091.0,569631.0,55
201800016960,18,6,15,2030,1,1,1,1.0,6.0,55573,M,4868991.0,561035.0,55
201800016961,18,7,27,2000,1,1,1,1.0,6.0,55456,M,4864722.0,573495.0,55
201800016962,18,10,8,1900,2,1,1,1.0,2.0,55496,M,4871039.0,562972.0,55
201800016963,18,10,30,1120,1,1,1,2.0,6.0,55248,M,4854544.0,546543.0,55
201800016964,18,12,5,1800,3,1,1,1.0,2.0,55533,M,4861603.0,564168.0,55
201800016965,18,3,25,1615,1,1,1,1.0,7.0,55039,M,4926996.0,540337.0,55
201800016966,18,4,8,610,3,1,1,1.0,6.0,55385,M,4910273.0,529361.0,55
201800016967,18,6,23,1630,1,1,1,1.0,3.0,55276,M,4909977.0,532408.0,55
201800016968,18,7,6,1850,1,1,1,1.0,1.0,55241,M,4899851.0,529321.0,55
201800016969,18,8,5,840,1,1,1,1.0,6.0,55492,M,4909835.0,547963.0,55
201800016970,18,8,6,1830,1,1,1,1.0,7.0,55039,M,4925200.0,539680.0,55
201800016971,18,10,3,1810,1,2,1,1.0,3.0,55498,M,4903806.0,529176.0,55
201800016972,18,11,13,2115,3,1,1,1.0,1.0,55385,M,4911458.0,525981.0,55
201800016973,18,12,23,1145,1,1,1,2.0,6.0,55073,M,4920955.0,539046.0,55
201800016974,18,2,14,1030,1,1,1,1.0,6.0,55103,M,4925070.0,502469.0,55
201800016975,18,10,29,1510,1,1,1,1.0,7.0,55582,M,4946030.0,517085.0,55
201800016976,18,3,11,1045,1,1,1,2.0,6.0,55500,M,4933734.0,565950.0,55
201800016977,18,5,27,500,2,1,1,1.0,6.0,55008,M,4926941.0,564726.0,55
201800016978,18,6,2,2020,2,1,1,1.0,7.0,55008,M,4924662.0,566767.0,55
201800016979,18,6,17,1510,1,2,3,1.0,3.0,55228,M,4903805.0,565833.0,55
201800016980,18,7,18,915,1,1,1,1.0,2.0,55557,M,4913880.0,562817.0,55
201800016981,18,7,20,410,3,2,1,1.0,7.0,55072,M,4915708.0,562874.0,55
201800016982,18,7,22,1830,1,1,1,1.0,1.0,55198,M,4910091.0,563384.0,55
201800016983,18,9,11,1800,1,1,1,1.0,7.0,55191,M,4923879.0,560774.0,55
201800016984,18,9,13,1530,1,1,1,1.0,6.0,55405,M,4936820.0,560834.0,55
201800016985,18,10,13,1735,1,2,1,1.0,6.0,55181,M,4921038.0,564339.0,55
201800016986,18,2,28,620,3,1,1,1.0,6.0,61499,M,4852832.0,27764.0,61
201800016987,18,3,10,910,1,1,1,2.0,6.0,61464,M,4861271.0,20888.0,61
201800016988,18,4,14,1830,1,1,1,1.0,2.0,61082,M,4859898.0,32762.0,61
201800016989,18,4,21,1400,1,1,1,1.0,1.0,61464,M,4862595.0,13635.0,61
201800016990,18,4,21,1640,1,1,2,1.0,3.0,61464,M,4861236.0,16575.0,61
201800016991,18,4,22,1945,1,2,3,1.0,6.0,61464,M,4859038.0,16953.0,61
201800016992,18,5,26,1905,1,1,2,1.0,3.0,61464,M,4861954.0,20950.0,61
201800016993,18,6,7,1315,1,1,1,1.0,6.0,61081,M,4867561.0,18886.0,61
201800016994,18,7,12,1820,1,1,1,1.0,1.0,61015,M,4862353.0,24210.0,61
201800016995,18,7,27,1015,1,1,1,1.0,7.0,61164,M,4857114.0,6549.0,61
201800016996,18,8,7,1800,1,2,2,1.0,3.0,61412,M,4851185.0,35242.0,61
201800016997,18,8,16,1615,1,1,2,1.0,3.0,61253,M,4867236.0,20175.0,61
201800016998,18,8,28,915,1,1,3,1.0,3.0,61068,M,4852990.0,20432.0,61
201800016999,18,11,8,2200,3,1,1,2.0,7.0,61464,M,4857879.0,18966.0,61
201800017000,18,11,18,530,3,1,1,1.0,6.0,61464,M,4861339.0,15865.0,61
201800017001,18,1,30,1700,1,2,1,8.0,2.0,61339,M,4876414.0,-24573.0,61
201800017002,18,2,22,1445,1,2,3,7.0,3.0,61153,M,4871747.0,-12316.0,61
201800017003,18,4,25,1845,1,1,2,7.0,2.0,61283,M,4880158.0,-10080.0,61
201800017004,18,6,7,1630,1,2,1,1.0,6.0,61344,M,4863814.0,-20765.0,61
201800017005,18,7,13,2200,2,1,1,1.0,7.0,61273,M,4854997.0,-32137.0,61
201800017006,18,11,29,1830,3,1,2,1.0,5.0,61084,M,4879013.0,-24526.0,61
201800017007,18,12,6,1600,1,1,1,8.0,6.0,61173,M,4871899.0,-7108.0,61
201800017008,18,5,5,1240,1,1,1,1.0,6.0,61072,M,4895855.0,27905.0,61
201800017009,18,5,22,1830,1,2,1,1.0,1.0,61389,M,4871589.0,43287.0,61
201800017010,18,6,23,400,3,1,1,1.0,6.0,61150,M,4872508.0,41612.0,61
201800017011,18,7,10,1320,1,1,1,1.0,6.0,61268,M,4878854.0,22202.0,61
201800017012,18,8,2,1503,1,1,1,1.0,7.0,61150,M,4872802.0,40897.0,61
201800017013,18,9,7,1735,1,1,2,1.0,3.0,61493,M,4879593.0,35915.0,61
201800017014,18,9,14,1345,1,1,1,1.0,6.0,61108,M,4879479.0,35205.0,61
201800017015,18,10,17,1245,1,1,1,1.0,6.0,61508,M,4892439.0,21841.0,61
201800017016,18,11,20,1230,1,1,1,8.0,1.0,61181,M,4880024.0,31689.0,61
201800017017,18,2,4,1430,1,2,1,1.0,6.0,61145,M,4859063.0,-65811.0,61
201800017018,18,11,3,1520,1,1,4,7.0,2.0,61355,M,4860518.0,-72554.0,61
201800017019,18,2,16,1410,1,2,2,1.0,6.0,61145,M,4858470.0,-63512.0,61
201800017020,18,4,11,1240,1,1,1,1.0,6.0,61201,M,4861692.0,-68644.0,61
201800017021,18,4,16,1815,1,2,1,1.0,7.0,61145,M,4859261.0,-65223.0,61
201800017022,18,4,29,1600,1,1,1,2.0,6.0,61091,M,4861329.0,-57015.0,61
201800017023,18,5,28,1350,1,1,1,1.0,6.0,61091,M,4860013.0,-55010.0,61
201800017024,18,6,2,1855,1,1,1,1.0,1.0,61452,M,4856115.0,-74974.0,61
201800017025,18,6,30,1845,1,2,2,7.0,3.0,61163,M,4866053.0,-51942.0,61
201800017026,18,7,10,1515,1,1,1,1.0,6.0,61487,M,4854084.0,-64774.0,61
201800017027,18,7,24,1450,1,1,1,1.0,1.0,61145,M,4856938.0,-58203.0,61
201800017028,18,7,28,2100,2,1,1,1.0,6.0,61091,M,4858939.0,-53799.0,61
201800017029,18,8,24,1230,1,1,4,1.0,3.0,61369,M,4861942.0,-64353.0,61
201800017030,18,8,23,1330,1,2,3,1.0,1.0,61163,M,4865918.0,-50990.0,61
201800017031,18,9,2,1200,1,1,1,1.0,5.0,61163,M,4865775.0,-50780.0,61
201800017032,18,11,11,640,3,1,1,2.0,6.0,61145,M,4857168.0,-60814.0,61
201800017033,18,11,27,740,3,1,2,2.0,3.0,61421,M,4855102.0,-71991.0,61
201800017034,18,12,14,1920,4,1,1,1.0,2.0,61146,M,4860648.0,-57423.0,61
201800017035,18,4,23,1645,1,1,1,1.0,1.0,61377,M,4871410.0,-71141.0,61
201800017036,18,4,23,600,2,1,1,1.0,6.0,61287,M,4881122.0,-56825.0,61
201800017037,18,4,28,1445,1,2,4,1.0,3.0,61486,M,4861329.0,-57015.0,61
201800017038,18,6,17,1530,1,1,1,1.0,7.0,61377,M,4871364.0,-71080.0,61
201800017039,18,6,23,1020,1,1,1,1.0,7.0,61353,M,4878471.0,-46845.0,61
201800017040,18,6,28,2000,1,1,3,1.0,3.0,61443,M,4873733.0,-62724.0,61
201800017041,18,7,19,2030,1,1,1,1.0,6.0,61222,M,4875031.0,-64740.0,61
201800017042,18,8,20,1030,1,1,1,1.0,6.0,61445,M,4882426.0,-66117.0,61
201800017043,18,8,24,945,1,1,1,1.0,7.0,61443,M,4874910.0,-63206.0,61
201800017044,18,9,2,530,3,1,1,1.0,6.0,61447,M,4884692.0,-54284.0,61
201800017045,18,9,25,1420,1,1,1,1.0,2.0,61030,M,4877422.0,-59992.0,61
201800017046,18,10,16,1415,1,1,2,1.0,3.0,61148,M,4874990.0,-42396.0,61
201800017047,18,10,18,2330,3,1,1,1.0,6.0,61292,M,4878739.0,-65120.0,61
201800017048,18,11,15,1600,1,1,1,1.0,6.0,61218,M,4874814.0,-61209.0,61
201800017049,18,2,6,515,3,1,1,9.0,6.0,61463,M,4862718.0,-42672.0,61
201800017050,18,2,26,1055,1,1,1,1.0,6.0,61463,M,4861681.0,-42081.0,61
201800017051,18,3,25,1445,1,1,1,1.0,6.0,61243,M,4853740.0,-31051.0,61
201800017052,18,4,2,1040,1,1,1,1.0,6.0,61063,M,4873532.0,-37538.0,61
201800017053,18,4,17,800,1,2,1,1.0,6.0,61168,M,4859050.0,-35538.0,61
201800017054,18,6,3,1820,1,2,3,1.0,1.0,61195,M,4863857.0,-32953.0,61
201800017055,18,6,27,2100,2,1,1,7.0,4.0,61211,M,4855105.0,-51328.0,61
201800017056,18,7,15,1850,1,1,1,1.0,7.0,61260,M,4866981.0,-39361.0,61
201800017057,18,8,16,1200,1,2,1,7.0,1.0,61295,M,4856788.0,-28332.0,61
201800017058,18,9,1,1810,1,2,2,1.0,3.0,61063,M,4869786.0,-36673.0,61
201800017059,18,9,10,1630,1,2,3,1.0,6.0,61463,M,4862269.0,-41674.0,61
201800017060,18,9,30,2100,3,1,1,1.0,1.0,61257,M,4849796.0,-37956.0,61
201800017061,18,10,3,1530,1,1,1,1.0,6.0,61186,M,4852500.0,-46098.0,61
201800017062,18,10,12,1845,2,2,1,1.0,7.0,61096,M,4853616.0,-47580.0,61
201800017063,18,10,25,1645,1,2,9,1.0,7.0,61483,M,4857826.0,-41992.0,61
201800017064,18,10,31,1700,1,2,1,2.0,6.0,61257,M,4850371.0,-38615.0,61
201800017065,18,12,2,1720,5,2,1,2.0,6.0,61483,M,4855772.0,-41866.0,61
201800017066,18,12,12,740,2,1,1,1.0,7.0,61211,M,4856225.0,-53632.0,61
201800017067,18,1,30,710,3,1,1,5.0,1.0,61507,M,4855359.0,59212.0,61
201800017068,18,2,16,2245,3,1,1,1.0,6.0,61475,M,4863170.0,50454.0,61
201800017069,18,3,2,625,3,1,1,8.0,6.0,61029,M,4853670.0,48685.0,61
201800017070,18,3,21,1300,1,1,1,1.0,3.0,61048,M,4851741.0,45451.0,61
201800017071,18,3,28,720,2,1,1,2.0,6.0,61066,M,4850831.0,41854.0,61
201800017072,18,5,6,1215,1,2,2,1.0,3.0,61414,M,4851276.0,54022.0,61
201800017073,18,7,17,1515,1,1,1,1.0,6.0,61129,M,4847871.0,60070.0,61