Num_Acc,an,mois,jour,hrmn,lum,agg,int,atm,col,com,gps,lat,long,dep
201800017074,18,8,6,625,2,2,2,1.0,3.0,61411,M,4843968.0,45701.0,61
201800017075,18,8,22,2115,2,1,1,1.0,6.0,61476,M,4838844.0,41602.0,61
201800017076,18,10,28,1747,2,2,2,1.0,3.0,61414,M,4851176.0,54824.0,61
201800017077,18,11,25,1830,3,1,1,1.0,7.0,61322,M,4848078.0,50419.0,61
201800017078,18,12,17,1840,3,1,6,2.0,6.0,61507,M,4854648.0,57423.0,61
201800017079,18,12,21,1850,3,1,1,8.0,5.0,61348,M,4848311.0,54667.0,61
201800017080,18,1,10,2055,3,1,1,5.0,1.0,61140,M,4868729.0,66939.0,61
201800017081,18,1,12,1250,1,1,1,8.0,6.0,61047,M,4881289.0,46258.0,61
201800017082,18,3,2,2200,3,1,3,1.0,6.0,61140,M,4870099.0,66601.0,61
201800017083,18,6,21,1740,1,2,1,1.0,3.0,61214,M,4876238.0,62087.0,61
201800017084,18,7,4,1520,1,1,1,1.0,2.0,61187,M,4866168.0,58438.0,61
201800017085,18,8,15,100,3,1,1,1.0,6.0,61008,M,4872973.0,56007.0,61
201800017086,18,8,19,540,3,2,1,1.0,6.0,61440,M,4873658.0,69128.0,61
201800017087,18,9,10,1750,1,1,1,1.0,6.0,61140,M,4868276.0,66254.0,61
201800017088,18,9,21,1149,1,1,1,1.0,2.0,61092,M,4875478.0,72211.0,61
201800017089,18,10,5,756,2,1,2,7.0,3.0,61432,M,4875841.0,68485.0,61
201800017090,18,10,22,1530,1,2,3,1.0,6.0,61214,M,4876309.0,62670.0,61
201800017091,18,10,29,1710,2,1,1,1.0,6.0,61432,M,4875717.0,69691.0,61
201800017092,18,10,31,730,1,1,1,1.0,6.0,61342,M,4874960.0,55851.0,61
201800017093,18,12,3,1050,1,1,1,2.0,6.0,61386,M,4879654.0,43459.0,61
201800017094,18,12,11,1340,1,2,1,7.0,6.0,61214,M,4875258.0,63277.0,61
201800017095,18,12,19,1433,1,1,1,2.0,6.0,61140,M,4868039.0,67093.0,61
201800017096,18,2,12,2130,3,1,1,9.0,6.0,61196,M,4836663.0,48823.0,61
201800017097,18,2,16,1200,1,1,3,1.0,3.0,61079,M,4824715.0,69377.0,61
201800017098,18,5,8,1710,1,1,1,1.0,1.0,61426,M,4837405.0,54405.0,61
201800017099,18,5,16,1440,1,1,1,1.0,1.0,61319,M,4834271.0,42282.0,61
201800017100,18,5,14,930,1,2,1,1.0,6.0,61394,M,4827961.0,60658.0,61
201800017101,18,7,23,1334,1,1,1,1.0,6.0,61246,M,4826206.0,74053.0,61
201800017102,18,8,1,1530,1,2,1,7.0,6.0,61079,M,4823054.0,74983.0,61
201800017103,18,9,2,1830,1,1,1,1.0,6.0,61437,M,4840087.0,58030.0,61
201800017104,18,12,7,1550,1,2,9,2.0,3.0,61038,M,4837662.0,55466.0,61
201800017105,18,2,2,1135,1,1,1,1.0,1.0,61242,M,4851967.0,80612.0,61
201800017106,18,2,10,1410,1,1,1,4.0,6.0,61250,M,4857798.0,80261.0,61
201800017107,18,3,17,315,3,1,1,1.0,6.0,61429,M,4862843.0,73340.0,61
201800017108,18,5,6,1315,1,2,1,7.0,6.0,61345,M,4841755.0,79974.0,61
201800017109,18,5,20,2230,3,1,1,1.0,6.0,61116,M,4836537.0,89125.0,61
201800017110,18,6,8,1435,1,1,3,1.0,3.0,61125,M,4837864.0,89566.0,61
201800017111,18,7,1,855,1,1,1,1.0,7.0,61395,M,4839679.0,83279.0,61
201800017112,18,7,22,1645,1,1,1,1.0,7.0,61296,M,4855066.0,77595.0,61
201800017113,18,9,2,1550,1,1,1,1.0,7.0,61296,M,4856650.0,76625.0,61
201800017114,18,9,4,1645,1,1,2,8.0,3.0,61429,M,4862369.0,72702.0,61
201800017115,18,9,11,1930,2,1,1,1.0,6.0,61116,M,4839565.0,86635.0,61
201800017116,18,9,13,2040,3,1,1,1.0,5.0,61335,M,4861912.0,72033.0,61
201800017117,18,9,24,1215,1,1,4,1.0,7.0,61242,M,4852472.0,81855.0,61
201800017118,18,11,5,1750,2,1,1,1.0,5.0,61045,M,4856465.0,61690.0,61
201800017119,18,11,8,1110,1,1,1,1.0,1.0,61042,M,4840966.0,69557.0,61
201800017120,18,11,20,1245,1,1,1,2.0,6.0,61116,M,4838655.0,90040.0,61
201800017121,18,11,27,600,5,2,1,5.0,6.0,61345,M,4843421.0,77627.0,61
201800017122,18,11,29,1150,1,2,1,1.0,6.0,61061,M,4843827.0,88961.0,61
201800017123,18,12,8,2100,3,1,1,3.0,7.0,61299,M,4867333.0,79269.0,61
201800017124,18,1,5,1900,2,2,3,1.0,6.0,76255,M,5005225.0,142146.0,76
201800017125,18,1,13,1805,2,1,3,1.0,1.0,76255,M,5006193.0,142440.0,76
201800017126,18,2,7,1745,1,2,1,1.0,5.0,76422,M,4995757.0,147425.0,76
201800017127,18,3,14,1530,1,1,1,1.0,7.0,76255,M,5006718.0,144744.0,76
201800017128,18,4,28,1655,1,1,1,1.0,6.0,76374,M,5000921.0,150631.0,76
201800017129,18,5,8,1410,1,1,3,1.0,3.0,76255,M,5006700.0,144731.0,76
201800017130,18,6,6,1225,1,1,1,1.0,6.0,76618,M,4996564.0,130410.0,76
201800017131,18,6,9,1142,1,2,1,1.0,6.0,76711,M,5006093.0,137208.0,76
201800017132,18,7,4,2100,1,1,1,1.0,7.0,80533,M,5006081.0,141028.0,80
201800017133,18,7,29,945,1,2,6,1.0,2.0,76618,M,4993970.0,118413.0,76
201800017134,18,8,12,1815,1,2,1,8.0,6.0,80533,M,5006496.0,139434.0,80
201800017135,18,9,25,1120,1,2,1,7.0,6.0,76255,M,5004968.0,142440.0,76
201800017136,18,10,5,1700,1,2,1,7.0,3.0,76255,M,5004656.0,141581.0,76
201800017137,18,11,20,730,5,2,1,1.0,6.0,80533,M,5006606.0,138740.0,80
201800017138,18,11,23,1610,2,2,1,5.0,2.0,80533,M,5006541.0,139156.0,80
201800017139,18,12,6,1950,3,2,1,2.0,6.0,76438,M,4996761.0,150124.0,76
201800017140,18,12,14,1715,5,1,2,1.0,3.0,76618,M,4996251.0,123693.0,76
201800017141,18,12,20,1830,5,2,1,1.0,1.0,80533,M,5006375.0,139935.0,80
201800017142,18,1,19,1800,2,2,1,1.0,6.0,63453,M,4578623.0,328141.0,63
201800017143,18,3,8,800,2,1,1,9.0,6.0,63334,M,4566386.0,349334.0,63
201800017144,18,4,23,820,1,1,1,2.0,4.0,63453,M,4576692.0,330209.0,63
201800017145,18,5,3,1015,1,1,1,1.0,6.0,63334,M,4568179.0,346922.0,63
201800017146,18,5,5,1945,1,2,1,1.0,7.0,63296,M,4577501.0,339322.0,63
201800017147,18,6,8,700,1,2,6,1.0,7.0,63040,M,,,63
201800017148,18,6,24,830,1,1,1,1.0,6.0,63239,M,4568346.0,335101.0,63
201800017149,18,9,24,1700,1,1,1,1.0,7.0,63106,M,4572642.0,327902.0,63
201800017150,18,12,8,2200,3,1,1,1.0,3.0,63296,M,4579124.0,339275.0,63
201800017151,18,12,19,1800,3,1,1,1.0,1.0,63040,M,4572452.0,328864.0,63
201800017152,18,12,21,1445,1,2,2,1.0,6.0,63040,M,4572255.0,333622.0,63
201800017153,18,1,8,1715,2,1,6,1.0,3.0,63262,M,4571137.0,317980.0,63
201800017154,18,1,11,1800,2,1,2,2.0,3.0,63350,M,4572482.0,327848.0,63
201800017155,18,1,28,1400,1,1,1,1.0,1.0,63413,M,4562971.0,317535.0,63
201800017156,18,4,6,1635,1,2,1,1.0,6.0,63214,M,4569487.0,319800.0,63
201800017157,18,4,23,1830,1,1,1,1.0,3.0,63413,M,4565088.0,316655.0,63
201800017158,18,6,24,1230,1,1,2,1.0,3.0,63455,M,4565251.0,316743.0,63
201800017159,18,7,2,1525,1,2,6,1.0,3.0,63457,M,4566318.0,320793.0,63
201800017160,18,9,5,2100,3,1,1,2.0,1.0,63227,M,,,63
201800017161,18,9,14,1400,1,2,1,1.0,1.0,63227,M,4569145.0,321457.0,63
201800017162,18,10,15,2005,3,1,1,2.0,1.0,63405,M,4563417.0,330361.0,63
201800017163,18,11,5,2005,3,1,3,1.0,2.0,63306,M,4571376.0,322103.0,63
201800017164,18,1,23,1810,5,2,1,1.0,6.0,63003,M,4554881.0,374383.0,63
201800017165,18,1,29,1930,5,2,9,1.0,6.0,63003,M,4554873.0,374443.0,63
201800017166,18,3,15,1315,1,1,1,2.0,1.0,63341,M,4555320.0,367858.0,63
201800017167,18,3,17,1145,1,1,1,1.0,7.0,63341,M,,,63
201800017168,18,4,2,1250,1,1,1,1.0,7.0,63394,M,4548803.0,390250.0,63
201800017169,18,4,14,1945,2,1,1,2.0,7.0,63179,M,4560978.0,375896.0,63
201800017170,18,4,20,2115,4,2,1,1.0,1.0,63341,M,,,63
201800017171,18,5,5,1115,1,1,1,1.0,3.0,63179,M,,,63
201800017172,18,5,5,945,1,1,6,1.0,7.0,63003,M,4557409.0,374708.0,63
201800017173,18,5,10,1600,1,1,3,1.0,3.0,63221,M,4542065.0,381594.0,63
201800017174,18,6,3,1610,1,1,1,1.0,7.0,63010,M,4540745.0,370291.0,63
201800017175,18,6,8,1255,1,1,1,1.0,7.0,63003,M,4554360.0,370848.0,63
201800017176,18,6,23,1340,1,1,1,7.0,3.0,63374,M,4552380.0,380030.0,63
201800017177,18,7,11,1640,1,2,1,1.0,6.0,63010,M,4541356.0,372446.0,63
201800017178,18,7,14,2330,3,1,1,1.0,6.0,63398,M,4540095.0,365869.0,63
201800017179,18,7,19,800,1,2,3,1.0,2.0,63003,M,4554527.0,374587.0,63
201800017180,18,9,28,1835,1,1,3,1.0,6.0,63211,M,4547463.0,371971.0,63
201800017181,18,10,13,1615,1,1,1,1.0,7.0,63441,M,4558857.0,377759.0,63
201800017182,18,10,21,1745,2,1,1,1.0,7.0,63412,M,,,63
201800017183,18,12,2,1819,3,1,6,3.0,1.0,63341,M,4553234.0,372793.0,63
201800017184,18,12,2,1820,3,1,1,3.0,1.0,63211,M,4550289.0,372708.0,63
201800017185,18,12,7,2025,3,1,1,1.0,3.0,63211,M,4549257.0,372689.0,63
201800017186,18,12,29,1115,1,2,9,1.0,1.0,63465,M,4543530.0,388559.0,63
201800017187,18,7,8,145,3,1,1,1.0,6.0,63086,M,4562423.0,360935.0,63
201800017188,18,6,28,1530,1,1,1,1.0,6.0,63162,M,4550119.0,358631.0,63
201800017189,18,7,12,1400,1,1,1,1.0,3.0,63337,M,4556076.0,357088.0,63
201800017190,18,7,30,1556,1,1,1,1.0,1.0,63162,M,4550352.0,358894.0,63
201800017191,18,1,4,1635,1,2,3,1.0,3.0,63178,M,4554283.0,324900.0,63
201800017192,18,3,2,1,3,1,1,1.0,7.0,63172,M,,,63
201800017193,18,6,13,820,1,2,1,1.0,6.0,63178,M,4554354.0,323773.0,63
201800017194,18,6,27,1900,1,2,1,1.0,2.0,63178,M,4554680.0,324929.0,63
201800017195,18,6,29,2345,5,2,6,1.0,3.0,63178,M,4554426.0,324179.0,63
201800017196,18,7,16,955,1,1,1,1.0,6.0,63080,M,4559154.0,314200.0,63
201800017197,18,8,4,1100,1,1,1,1.0,1.0,63054,M,,,63
201800017198,18,8,21,1755,1,1,3,1.0,6.0,63109,M,4555085.0,316218.0,63
201800017199,18,10,4,755,1,2,1,1.0,3.0,63178,M,4554809.0,324505.0,63
201800017200,18,10,28,1745,3,1,9,3.0,1.0,63178,M,4554356.0,327268.0,63
201800017201,18,12,26,1130,1,2,2,1.0,6.0,63178,M,4554494.0,325104.0,63
201800017202,18,2,10,1700,1,1,1,1.0,6.0,63375,M,4548995.0,332724.0,63
201800017203,18,6,7,1745,1,2,6,1.0,3.0,63050,M,4540871.0,332711.0,63
201800017204,18,6,30,1545,1,1,3,1.0,6.0,63448,M,4546880.0,351544.0,63
201800017205,18,10,27,140,5,2,4,1.0,6.0,63182,M,4542838.0,333377.0,63
201800017206,18,11,3,620,5,1,2,1.0,6.0,63366,M,4551335.0,335222.0,63
201800017207,18,11,24,1015,1,1,1,1.0,6.0,63444,M,,,63
201800017208,18,4,6,1840,1,1,2,1.0,2.0,63114,M,4543966.0,320923.0,63
201800017209,18,7,17,1915,1,1,1,1.0,1.0,63007,M,,,63
201800017210,18,8,5,40,3,1,1,1.0,1.0,63352,M,4546999.0,323373.0,63
201800017211,18,8,20,1400,1,1,1,1.0,7.0,63009,M,,,63
201800017212,18,11,3,1,3,1,1,9.0,7.0,63299,M,4542920.0,314794.0,63
201800017213,18,11,10,1730,2,1,1,2.0,7.0,63352,M,4544896.0,322206.0,63
201800017214,18,6,22,1745,1,1,1,1.0,6.0,63397,M,4560057.0,270959.0,63
201800017215,18,6,23,1855,1,1,1,1.0,6.0,63236,M,,,63
201800017216,18,8,9,930,1,1,1,8.0,1.0,63397,M,4559834.0,271452.0,63
201800017217,18,8,11,1115,1,1,3,1.0,5.0,63426,M,4555248.0,261749.0,63
201800017218,18,9,11,1330,1,2,4,1.0,3.0,63236,M,4556713.0,281335.0,63
201800017219,18,12,29,245,3,2,1,1.0,6.0,63192,M,4553307.0,268959.0,63
201800017220,18,2,11,1730,1,1,1,8.0,1.0,63332,M,,,63
201800017221,18,2,18,1011,1,1,6,1.0,7.0,63148,M,4589429.0,323527.0,63
201800017222,18,4,19,1840,1,2,2,1.0,3.0,63148,M,4589412.0,322462.0,63
201800017223,18,4,27,1505,1,2,2,1.0,3.0,63295,M,4601412.0,335366.0,63
201800017224,18,5,4,2050,3,1,1,1.0,7.0,63372,M,,,63
201800017225,18,5,31,1750,1,2,3,2.0,3.0,63089,M,4587003.0,322100.0,63
201800017226,18,10,27,2245,5,2,1,1.0,6.0,63332,M,4599575.0,329353.0,63
201800017227,18,12,17,1355,1,1,2,1.0,1.0,63362,M,4591692.0,324030.0,63
201800017228,18,12,21,2130,5,2,2,1.0,6.0,63443,M,4594232.0,318471.0,63
201800017229,18,12,31,1815,3,1,1,1.0,6.0,63424,M,4594081.0,326790.0,63
201800017230,18,1,16,1815,5,2,3,3.0,6.0,63055,M,4583824.0,281936.0,63
201800017231,18,2,17,1200,1,1,1,2.0,7.0,63085,M,4588557.0,286828.0,63
201800017232,18,5,15,1000,1,1,1,5.0,6.0,63290,M,4590098.0,292225.0,63
201800017233,18,6,10,1550,1,1,1,3.0,1.0,63170,M,4584366.0,276710.0,63
201800017234,18,7,13,900,1,1,1,7.0,1.0,63237,M,4592735.0,254785.0,63
201800017235,18,7,18,1715,1,1,1,1.0,1.0,63320,M,4590479.0,254645.0,63
201800017236,18,8,4,1520,1,1,1,1.0,1.0,63085,M,,,63
201800017237,18,8,5,1100,1,1,1,1.0,6.0,63283,M,,,63
201800017238,18,8,7,1220,1,1,2,1.0,3.0,63290,M,4590008.0,292329.0,63
201800017239,18,10,7,915,1,1,1,2.0,6.0,63170,M,4583601.0,273541.0,63
201800017240,18,10,12,1730,1,2,1,1.0,7.0,63385,M,4578787.0,284231.0,63
201800017241,18,10,28,1300,1,1,1,2.0,6.0,63228,M,4590836.0,270207.0,63
201800017242,18,11,1,1715,2,2,2,1.0,7.0,63118,M,4585194.0,256289.0,63
201800017243,18,3,1,750,2,1,1,8.0,6.0,63281,M,4612610.0,267817.0,63
201800017244,18,6,30,1210,1,1,1,1.0,7.0,63067,M,,,63
201800017245,18,8,1,1955,1,2,1,1.0,7.0,63391,M,,,63
201800017246,18,8,12,1800,1,1,1,1.0,7.0,63391,M,,,63
201800017247,18,8,24,1415,1,1,1,2.0,6.0,63338,M,4614686.0,282440.0,63
201800017248,18,8,24,1250,1,1,1,2.0,6.0,63391,M,4606887.0,296502.0,63
201800017249,18,9,15,1755,1,1,1,1.0,6.0,63344,M,4610146.0,299218.0,63
201800017250,18,12,17,1400,1,1,1,8.0,6.0,63286,M,4609203.0,295762.0,63
201800017251,18,12,27,2030,3,2,1,1.0,6.0,63338,M,4616233.0,282991.0,63
201800017252,18,1,5,1720,5,2,1,3.0,6.0,63430,M,4584325.0,351674.0,63
201800017253,18,2,11,1045,1,1,1,2.0,1.0,63276,M,4583225.0,348518.0,63
201800017254,18,3,10,615,3,1,1,3.0,6.0,63138,M,4589513.0,349650.0,63
201800017255,18,4,24,740,1,2,1,5.0,6.0,63430,M,4583946.0,351288.0,63
201800017256,18,4,26,700,1,1,2,1.0,3.0,63276,M,4583209.0,346047.0,63
201800017257,18,5,27,1620,1,1,4,3.0,3.0,63430,M,4586490.0,350087.0,63
201800017258,18,6,2,1250,1,1,1,1.0,1.0,63267,M,4589756.0,363448.0,63
201800017259,18,6,17,820,1,1,1,1.0,7.0,63072,M,4587826.0,368589.0,63
201800017260,18,6,29,830,1,1,2,1.0,3.0,63430,M,4587203.0,348712.0,63
201800017261,18,7,30,1800,1,2,1,1.0,7.0,63276,M,4582725.0,348678.0,63
201800017262,18,8,13,1315,1,1,1,1.0,1.0,63276,M,,,63
201800017263,18,8,13,1440,1,1,9,1.0,7.0,63430,M,4650968.0,265871.0,63
201800017264,18,9,1,1000,1,1,1,1.0,6.0,63463,M,4581855.0,369601.0,63
201800017265,18,9,30,1320,1,2,1,1.0,7.0,63430,M,4585553.0,355177.0,63
201800017266,18,11,8,1745,5,2,3,1.0,3.0,63430,M,4584905.0,353525.0,63
201800017267,18,11,26,1730,5,2,1,2.0,6.0,63072,M,4587849.0,368696.0,63
201800017268,18,12,18,859,5,1,1,1.0,1.0,63430,M,4585404.0,350902.0,63
201800017269,18,2,15,1500,1,1,3,8.0,1.0,63265,M,4588450.0,344842.0,63
201800017270,18,5,18,1610,1,2,9,1.0,6.0,63195,M,4582704.0,337718.0,63
201800017271,18,5,19,1530,1,1,1,1.0,6.0,63298,M,4573223.0,370576.0,63
201800017272,18,5,14,1444,1,1,1,3.0,1.0,63194,M,4583250.0,332029.0,63
201800017273,18,7,12,1910,1,1,1,1.0,1.0,63195,M,4582176.0,335783.0,63
201800017274,18,7,10,1300,1,2,1,1.0,6.0,63125,M,4576354.0,354125.0,63
201800017275,18,7,27,1715,1,1,1,8.0,3.0,63058,M,4588160.0,339291.0,63
201800017276,18,9,6,1220,1,1,1,2.0,7.0,63125,M,4576890.0,352190.0,63
201800017277,18,9,30,1145,1,1,4,1.0,3.0,63195,M,4580370.0,337157.0,63
201800017278,18,12,13,2115,3,1,1,5.0,6.0,63015,M,4575592.0,360438.0,63
201800017279,18,1,5,1730,3,2,1,2.0,7.0,63291,M,4596408.0,347046.0,63
201800017280,18,1,27,543,3,1,1,1.0,6.0,63210,M,4591736.0,336102.0,63
201800017281,18,3,12,1730,1,1,1,2.0,6.0,63180,M,,,63
201800017282,18,4,20,1625,1,1,1,1.0,1.0,63180,M,4585074.0,331674.0,63
201800017283,18,8,15,1445,1,2,4,1.0,6.0,63271,M,4590161.0,351665.0,63
201800017284,18,8,29,1514,1,2,3,1.0,3.0,63271,M,4592474.0,350355.0,63
201800017285,18,9,1,1345,1,1,1,1.0,6.0,63271,M,4591055.0,351649.0,63
201800017286,18,10,28,1815,3,1,1,2.0,7.0,63128,M,4590557.0,338785.0,63
201800017287,18,3,1,720,2,1,1,4.0,4.0,89478,M,4769074.0,364895.0,89
201800017288,18,3,9,1900,4,2,1,1.0,1.0,89478,M,4770618.0,363623.0,89
201800017289,18,4,25,2130,3,1,1,9.0,6.0,89256,M,4767046.0,353262.0,89
201800017290,18,5,14,700,2,2,2,3.0,3.0,89237,M,4758577.0,371003.0,89
201800017291,18,5,17,2240,3,1,1,1.0,1.0,89125,M,4760447.0,350096.0,89
201800017292,18,5,31,655,2,1,1,1.0,1.0,89155,M,4771736.0,361556.0,89
201800017293,18,7,5,1500,1,2,1,2.0,2.0,89233,M,4762927.0,374436.0,89
201800017294,18,7,23,45,3,1,1,1.0,6.0,89030,M,4764399.0,360641.0,89
201800017295,18,11,10,130,3,1,1,1.0,6.0,89478,M,4767917.0,365567.0,89
201800017296,18,12,13,1126,1,1,1,9.0,7.0,89283,M,4764470.0,339722.0,89
201800017297,18,2,10,520,4,2,3,1.0,3.0,89382,M,4790710.0,360086.0,89
201800017298,18,2,20,1920,3,1,1,1.0,7.0,89198,M,4788035.0,354081.0,89
201800017299,18,3,14,1345,1,2,2,1.0,3.0,89068,M,4781597.0,378268.0,89
201800017300,18,4,25,1530,1,2,2,1.0,7.0,89068,M,4781315.0,379659.0,89
201800017301,18,5,18,1730,1,2,3,1.0,3.0,89382,M,4789975.0,359807.0,89
201800017302,18,5,19,1530,1,1,5,1.0,3.0,89307,M,4789059.0,371142.0,89
201800017303,18,5,24,2030,1,1,1,1.0,7.0,89031,M,4791288.0,355938.0,89
201800017304,18,6,6,2159,3,1,1,1.0,6.0,89201,M,4792776.0,363448.0,89
201800017305,18,7,2,1715,1,1,1,1.0,1.0,89200,M,4793190.0,358474.0,89
201800017306,18,7,2,1000,1,2,2,1.0,3.0,89382,M,4790857.0,360129.0,89
201800017307,18,7,9,1430,1,1,1,1.0,6.0,89034,M,4781275.0,370478.0,89
201800017308,18,7,13,1300,1,1,1,1.0,1.0,89013,M,4784749.0,354754.0,89
201800017309,18,8,1,1145,1,1,1,1.0,6.0,89263,M,4784799.0,355869.0,89
201800017310,18,8,14,1900,1,1,1,1.0,7.0,89034,M,4782036.0,370786.0,89
201800017311,18,8,18,530,2,1,1,1.0,6.0,89226,M,4788562.0,370896.0,89
201800017312,18,9,1,1350,1,2,1,1.0,6.0,89263,M,4785789.0,361632.0,89
201800017313,18,9,13,1815,2,1,1,1.0,1.0,89198,M,4787272.0,358812.0,89
201800017314,18,9,19,1455,1,1,1,1.0,1.0,89201,M,4792674.0,364089.0,89
201800017315,18,11,1,1900,3,1,1,1.0,6.0,89263,M,4784249.0,355079.0,89
201800017316,18,12,11,2125,5,2,1,1.0,6.0,89263,M,4785082.0,357879.0,89
201800017317,18,1,15,700,3,2,1,1.0,6.0,89345,M,4800025.0,371848.0,89
201800017318,18,3,29,630,3,1,1,1.0,6.0,89101,M,4796092.0,375775.0,89
201800017319,18,5,21,1857,1,2,1,1.0,1.0,89276,M,4805309.0,377284.0,89
201800017320,18,6,4,1450,1,1,1,1.0,6.0,89276,M,4803159.0,377287.0,89
201800017321,18,8,6,1315,1,1,2,1.0,3.0,89425,M,4805882.0,374635.0,89
201800017322,18,9,1,2000,2,2,1,1.0,6.0,89436,M,4801917.0,371799.0,89
201800017323,18,9,18,845,1,2,1,1.0,6.0,89436,M,4803681.0,370841.0,89
201800017324,18,11,7,1745,5,2,3,2.0,3.0,89345,M,4800252.0,372935.0,89
201800017325,18,11,9,2000,3,1,1,1.0,6.0,89345,M,4799491.0,367819.0,89
201800017326,18,12,1,1620,1,1,1,8.0,6.0,89345,M,4799650.0,375486.0,89
201800017327,18,12,11,1125,1,1,1,1.0,7.0,89345,M,4800616.0,374124.0,89
201800017328,18,12,11,1610,1,2,1,1.0,6.0,89398,M,4809052.0,377047.0,89
201800017329,18,12,12,1440,1,1,1,7.0,5.0,89219,M,4806640.0,381109.0,89
201800017330,18,1,12,2300,3,1,1,5.0,7.0,89221,M,4769585.0,338106.0,89
201800017331,18,4,8,1520,1,2,1,1.0,3.0,89368,M,4761599.0,321057.0,89
201800017332,18,5,12,1100,1,1,1,1.0,6.0,89419,M,4772064.0,330977.0,89
201800017333,18,6,17,1530,1,1,1,1.0,1.0,89254,M,4769521.0,316584.0,89
201800017334,18,6,20,1630,1,1,1,1.0,6.0,89221,M,4769596.0,339855.0,89
201800017335,18,7,22,1150,1,1,3,1.0,3.0,89273,M,4760317.0,320076.0,89
201800017336,18,8,31,2015,5,1,1,1.0,1.0,89324,M,4773614.0,289523.0,89
201800017337,18,9,14,1730,1,2,1,1.0,6.0,89419,M,4773367.0,329542.0,89
201800017338,18,10,11,1010,1,1,1,1.0,7.0,89352,M,4767584.0,301639.0,89
201800017339,18,10,12,900,1,1,1,1.0,6.0,89420,M,4758901.0,317247.0,89
201800017340,18,10,27,830,2,1,1,5.0,7.0,89365,M,4769930.0,306674.0,89
201800017341,18,12,1,2130,3,1,1,2.0,6.0,89254,M,4768944.0,317600.0,89
201800017342,18,12,3,15,3,1,1,2.0,6.0,89420,M,4754463.0,317910.0,89
201800017343,18,4,22,1900,1,1,1,1.0,7.0,89025,M,4745928.0,391811.0,89
201800017344,18,5,9,1700,1,1,1,1.0,7.0,89025,M,4746157.0,390230.0,89
201800017345,18,5,9,2100,1,1,1,1.0,7.0,89349,M,4738079.0,402511.0,89
201800017346,18,6,22,1615,1,2,2,1.0,3.0,89306,M,4749063.0,386258.0,89
201800017347,18,7,5,955,1,1,1,2.0,1.0,89203,M,4747453.0,383096.0,89
201800017348,18,7,14,1600,1,1,1,1.0,6.0,89362,M,4757207.0,378237.0,89
201800017349,18,7,21,1800,1,1,1,1.0,1.0,89364,M,4746405.0,375662.0,89
201800017350,18,7,21,1600,1,1,2,1.0,3.0,89159,M,4751740.0,390829.0,89
201800017351,18,7,24,345,3,1,1,1.0,2.0,89159,M,4752025.0,390792.0,89
201800017352,18,7,27,850,1,2,1,1.0,2.0,89025,M,4748498.0,390959.0,89
201800017353,18,7,31,1640,1,1,1,1.0,1.0,89485,M,4755772.0,378358.0,89
201800017354,18,8,23,1800,1,1,1,7.0,1.0,89021,M,4749746.0,372219.0,89
201800017355,18,9,29,1200,1,2,1,1.0,3.0,89025,M,4749075.0,390165.0,89
201800017356,18,2,27,900,1,1,9,1.0,3.0,89277,M,4765912.0,387693.0,89
201800017357,18,7,1,1400,1,1,1,1.0,7.0,89246,M,4764633.0,397043.0,89
201800017358,18,7,19,1115,1,1,3,1.0,3.0,89351,M,4745300.0,408717.0,89
201800017359,18,11,11,1555,1,2,1,1.0,6.0,89379,M,4749511.0,406946.0,89
201800017360,18,11,30,830,2,1,1,2.0,1.0,89339,M,4756003.0,397409.0,89
201800017361,18,1,18,1200,1,2,1,2.0,1.0,89005,M,4777564.0,416405.0,89
201800017362,18,2,2,1335,1,1,2,1.0,3.0,89418,M,4784336.0,395588.0,89
201800017363,18,5,18,820,1,1,1,1.0,6.0,89168,M,4781349.0,388893.0,89
201800017364,18,6,18,2115,2,2,1,1.0,7.0,89321,M,4773627.0,422357.0,89
201800017365,18,7,6,1620,1,1,1,1.0,6.0,89418,M,4786220.0,398648.0,89
201800017366,18,7,24,1455,1,2,6,1.0,3.0,89418,M,4785130.0,399095.0,89
201800017367,18,8,19,1720,1,1,1,1.0,6.0,89418,M,4783439.0,396074.0,89
201800017368,18,10,15,30,3,1,1,1.0,7.0,89418,M,4786535.0,396304.0,89
201800017369,18,11,17,1700,3,1,1,1.0,6.0,89132,M,4770575.0,421603.0,89
201800017370,18,1,30,900,1,1,2,1.0,3.0,89088,M,4785238.0,335959.0,89
201800017371,18,6,7,1230,1,1,1,1.0,1.0,89086,M,4784978.0,316433.0,89
201800017372,18,6,23,1150,1,1,1,1.0,6.0,89086,M,4778823.0,319237.0,89
201800017373,18,6,24,1100,1,1,3,1.0,3.0,89397,M,4783344.0,324857.0,89
201800017374,18,6,25,1500,1,2,1,1.0,6.0,89086,M,4787759.0,309542.0,89
201800017375,18,7,5,1755,1,1,1,1.0,6.0,89086,M,4795975.0,313928.0,89
201800017376,18,7,23,1645,1,1,1,7.0,1.0,89360,M,4781636.0,336189.0,89
201800017377,18,9,12,1740,1,1,1,1.0,1.0,89103,M,4791891.0,318675.0,89
201800017378,18,11,3,2050,4,2,1,5.0,7.0,89281,M,4785041.0,326497.0,89
201800017379,18,12,22,1715,2,1,1,2.0,6.0,89003,M,4788773.0,335318.0,89
201800017380,18,1,14,2226,3,1,1,2.0,6.0,89460,M,4833835.0,306080.0,89
201800017381,18,1,28,1845,3,1,2,2.0,7.0,89255,M,4831342.0,323739.0,89
201800017382,18,4,15,1140,1,1,2,1.0,3.0,89391,M,4834602.0,323155.0,89
201800017383,18,4,15,2000,2,2,1,1.0,1.0,89309,M,4828923.0,320540.0,89