Num_Acc,an,mois,jour,hrmn,lum,agg,int,atm,col,com,gps,lat,long,dep
201800017384,18,4,27,426,4,2,9,1.0,6.0,89309,M,4828189.0,321509.0,89
201800017385,18,4,29,2345,3,2,1,3.0,6.0,89391,M,4834289.0,325950.0,89
201800017386,18,5,1,2025,1,2,2,1.0,3.0,89369,M,4824761.0,315762.0,89
201800017387,18,5,16,1750,1,2,1,1.0,2.0,89309,M,4828434.0,321176.0,89
201800017388,18,6,24,1325,1,2,2,1.0,3.0,89449,M,4833204.0,309806.0,89
201800017389,18,7,7,2300,3,2,1,1.0,6.0,89189,M,4828398.0,324849.0,89
201800017390,18,7,15,500,2,2,1,1.0,6.0,89469,M,4832769.0,343553.0,89
201800017391,18,7,21,1505,1,1,1,1.0,5.0,89255,M,4830938.0,321854.0,89
201800017392,18,7,28,2000,2,1,2,7.0,3.0,89189,M,4828549.0,326122.0,89
201800017393,18,8,22,1348,1,1,1,1.0,1.0,89255,M,4829853.0,324885.0,89
201800017394,18,10,15,645,5,2,1,1.0,7.0,89309,M,4828165.0,321535.0,89
201800017395,18,11,8,645,3,1,1,5.0,6.0,89136,M,4825882.0,323973.0,89
201800017396,18,11,14,1800,3,1,2,1.0,6.0,89391,M,4834589.0,323151.0,89
201800017397,18,12,13,1700,2,2,1,1.0,6.0,89460,M,4834814.0,307646.0,89
201800017398,18,1,25,910,1,1,1,2.0,6.0,89467,M,4828518.0,305822.0,89
201800017399,18,7,24,1600,1,1,3,1.0,3.0,89380,M,4807891.0,308983.0,89
201800017400,18,8,11,630,2,1,1,1.0,6.0,89459,M,4813356.0,312557.0,89
201800017401,18,8,13,1230,1,1,3,1.0,3.0,89180,M,4818974.0,314896.0,89
201800017402,18,2,3,1740,2,2,2,2.0,3.0,89142,M,4808352.0,341532.0,89
201800017403,18,3,12,1000,1,1,1,2.0,7.0,89350,M,4799609.0,314412.0,89
201800017404,18,5,2,1550,1,1,9,1.0,3.0,89388,M,4793794.0,325812.0,89
201800017405,18,5,10,2022,2,1,9,1.0,3.0,89464,M,4809715.0,335327.0,89
201800017406,18,5,11,805,1,1,1,1.0,3.0,89060,M,4805937.0,326095.0,89
201800017407,18,10,28,2120,3,1,1,2.0,7.0,89388,M,4795714.0,323954.0,89
201800017408,18,12,10,1315,1,1,1,1.0,1.0,89063,M,4798441.0,327900.0,89
201800017409,18,2,2,1645,1,2,2,1.0,3.0,71290,M,4639127.0,459915.0,71
201800017410,18,3,24,1050,1,1,1,1.0,1.0,71397,M,4639620.0,464180.0,71
201800017411,18,3,30,1450,1,1,1,1.0,7.0,71289,M,4630293.0,445047.0,71
201800017412,18,4,20,1800,2,2,2,1.0,3.0,71137,M,4644418.0,466189.0,71
201800017413,18,5,13,1650,1,1,1,3.0,6.0,71289,M,4631921.0,451846.0,71
201800017414,18,5,14,40,3,1,1,2.0,6.0,71470,M,4634475.0,462073.0,71
201800017415,18,5,14,1730,1,1,1,2.0,2.0,71397,M,4639213.0,463930.0,71
201800017416,18,8,14,1414,1,1,9,1.0,3.0,71055,M,4636498.0,457269.0,71
201800017417,18,2,2,2100,5,2,1,1.0,6.0,71135,M,4643174.0,482956.0,71
201800017418,18,5,6,1530,1,2,1,1.0,6.0,71416,M,4646169.0,477128.0,71
201800017419,18,5,12,1039,1,1,3,1.0,2.0,71156,M,4650321.0,479516.0,71
201800017420,18,6,23,150,5,2,1,1.0,6.0,71494,M,4640728.0,486768.0,71
201800017421,18,6,25,1655,1,2,3,1.0,3.0,71584,M,4644790.0,485230.0,71
201800017422,18,6,27,1500,1,2,3,1.0,3.0,71543,M,4656354.0,491825.0,71
201800017423,18,6,30,1535,1,1,3,1.0,3.0,71550,M,4649382.0,490580.0,71
201800017424,18,8,9,1730,1,1,2,8.0,1.0,71305,M,4647068.0,487807.0,71
201800017425,18,8,11,1530,1,1,1,1.0,2.0,71305,M,4644774.0,489527.0,71
201800017426,18,9,2,1805,1,2,1,1.0,5.0,71543,M,4656256.0,492158.0,71
201800017427,18,9,5,1845,1,2,1,1.0,1.0,71267,M,4647095.0,481097.0,71
201800017428,18,10,12,2035,5,2,1,1.0,6.0,71267,M,4646848.0,481104.0,71
201800017429,18,10,31,1745,5,2,1,1.0,6.0,71543,M,4654759.0,489708.0,71
201800017430,18,11,21,845,1,2,1,8.0,2.0,71543,M,4655741.0,490308.0,71
201800017431,18,12,19,1620,2,2,2,1.0,6.0,71014,M,4695192.0,429707.0,71
201800017432,18,1,13,1125,1,2,1,1.0,6.0,71014,M,4694611.0,431056.0,71
201800017433,18,1,29,315,3,1,1,1.0,7.0,71313,M,4695397.0,425000.0,71
201800017434,18,2,20,1530,1,1,3,7.0,3.0,71266,M,4706732.0,424997.0,71
201800017435,18,3,4,720,2,1,1,8.0,7.0,71014,M,4689610.0,431233.0,71
201800017436,18,3,24,1915,2,2,1,1.0,7.0,71014,M,4694799.0,432000.0,71
201800017437,18,4,2,1510,1,1,1,1.0,7.0,71493,M,4696218.0,455805.0,71
201800017438,18,4,4,1740,1,2,2,2.0,6.0,71014,M,4695680.0,429802.0,71
201800017439,18,4,29,1815,1,1,1,3.0,6.0,71014,M,4696024.0,432452.0,71
201800017440,18,5,3,1200,1,1,3,1.0,3.0,71376,M,4702194.0,410447.0,71
201800017441,18,5,9,2105,2,2,2,1.0,3.0,71190,M,4698778.0,453073.0,71
201800017442,18,5,25,2130,5,2,1,1.0,7.0,71014,M,4697165.0,430405.0,71
201800017443,18,6,5,920,1,2,2,8.0,6.0,71014,M,4695343.0,429566.0,71
201800017444,18,6,26,910,1,1,1,1.0,2.0,71144,M,4704093.0,433593.0,71
201800017445,18,7,3,1745,1,2,9,1.0,3.0,71014,M,4695893.0,430284.0,71
201800017446,18,7,7,920,1,2,4,1.0,6.0,71014,M,4694950.0,430034.0,71
201800017447,18,7,11,1515,1,1,1,1.0,7.0,71535,M,4699861.0,422589.0,71
201800017448,18,7,12,1335,1,2,1,1.0,7.0,71014,M,,,71
201800017449,18,7,13,1620,1,1,1,1.0,1.0,71014,M,4694611.0,431056.0,71
201800017450,18,7,19,1020,1,2,2,7.0,6.0,71014,M,4695455.0,429416.0,71
201800017451,18,7,26,815,1,2,1,7.0,4.0,71162,M,4697497.0,433674.0,71
201800017452,18,8,15,1525,1,2,7,1.0,1.0,71014,M,4695024.0,429510.0,71
201800017453,18,8,1,830,1,2,1,1.0,7.0,71237,M,4705626.0,437460.0,71
201800017454,18,8,25,1150,1,2,1,8.0,6.0,71266,M,4708815.0,423734.0,71
201800017455,18,9,4,1220,1,1,1,1.0,1.0,71535,M,4698918.0,424644.0,71
201800017456,18,9,19,220,3,1,1,1.0,7.0,71162,M,4698327.0,441960.0,71
201800017457,18,9,24,1725,1,2,1,1.0,7.0,71190,M,4698468.0,452065.0,71
201800017458,18,10,4,1130,1,2,1,1.0,6.0,71014,M,4695021.0,428792.0,71
201800017459,18,10,6,1820,1,2,1,1.0,6.0,71014,M,4695140.0,430564.0,71
201800017460,18,10,9,1500,1,1,1,7.0,6.0,71014,M,4696024.0,432452.0,71
201800017461,18,11,9,1825,5,2,2,1.0,6.0,71014,M,4695159.0,429651.0,71
201800017462,18,11,18,1715,2,2,1,1.0,6.0,71162,M,4698664.0,438504.0,71
201800017463,18,11,23,1735,3,1,1,3.0,1.0,71530,M,4698166.0,446279.0,71
201800017464,18,12,5,1415,1,2,1,1.0,1.0,71014,M,4695974.0,430512.0,71
201800017465,18,1,5,755,3,1,1,2.0,1.0,71149,M,4686320.0,458455.0,71
201800017466,18,3,24,1350,1,2,2,1.0,3.0,71409,M,4689567.0,447419.0,71
201800017467,18,4,7,1630,1,1,1,1.0,7.0,71442,M,4683584.0,464805.0,71
201800017468,18,4,12,610,2,1,1,1.0,6.0,71409,M,4690903.0,446574.0,71
201800017469,18,4,28,700,1,1,1,1.0,3.0,71170,M,4691456.0,484803.0,71
201800017470,18,7,29,1215,1,1,1,1.0,1.0,71369,M,4690626.0,472284.0,71
201800017471,18,8,13,1640,1,1,1,1.0,6.0,71109,M,4689865.0,468917.0,71
201800017472,18,9,8,920,1,2,1,7.0,7.0,71073,M,4690279.0,475371.0,71
201800017473,18,9,10,1220,1,2,1,1.0,7.0,71378,M,4688083.0,476356.0,71
201800017474,18,11,9,620,5,2,1,2.0,6.0,71073,M,4691054.0,475460.0,71
201800017475,18,1,14,1040,1,1,1,1.0,6.0,71070,M,4671200.0,473240.0,71
201800017476,18,3,24,1425,1,1,9,1.0,7.0,71277,M,4673834.0,456219.0,71
201800017477,18,6,9,1700,1,1,2,1.0,3.0,71247,M,4670453.0,471848.0,71
201800017478,18,7,16,650,2,1,1,1.0,7.0,71296,M,4664769.0,474496.0,71
201800017479,18,10,2,830,1,2,3,1.0,3.0,71070,M,4670734.0,469749.0,71
201800017480,18,10,4,1525,1,1,1,1.0,7.0,71221,M,4676010.0,474358.0,71
201800017481,18,10,13,1510,1,2,1,1.0,3.0,71296,M,4673534.0,482883.0,71
201800017482,18,10,21,2030,5,1,1,1.0,6.0,71102,M,4672993.0,479773.0,71
201800017483,18,11,29,1815,3,1,1,1.0,1.0,71221,M,4677056.0,475081.0,71
201800017484,18,12,31,1850,3,1,1,1.0,7.0,71070,M,4671496.0,467359.0,71
201800017485,18,2,12,1940,5,2,1,8.0,1.0,71310,M,4674927.0,446889.0,71
201800017486,18,5,23,1345,1,1,1,1.0,2.0,71187,M,4671437.0,443492.0,71
201800017487,18,6,8,105,5,1,1,1.0,6.0,71413,M,4683026.0,445579.0,71
201800017488,18,6,8,1800,1,1,1,1.0,7.0,71413,M,4684723.0,446721.0,71
201800017489,18,6,29,50,4,1,9,1.0,6.0,71310,M,4673078.0,446816.0,71
201800017490,18,9,17,1715,1,1,1,1.0,1.0,71038,M,4675169.0,438237.0,71
201800017491,18,9,20,1300,1,2,1,1.0,1.0,71282,M,4682565.0,436745.0,71
201800017492,18,10,31,1540,1,1,1,8.0,1.0,71282,M,4685755.0,438143.0,71
201800017493,18,3,2,1945,3,1,2,1.0,3.0,71428,M,4619387.0,429382.0,71
201800017494,18,6,11,1845,1,1,1,1.0,7.0,71133,M,4628389.0,429853.0,71
201800017495,18,6,23,1830,1,1,2,7.0,3.0,71120,M,4619475.0,435040.0,71
201800017496,18,7,1,930,1,2,1,1.0,3.0,71133,M,4629095.0,431419.0,71
201800017497,18,7,28,1245,1,1,1,2.0,7.0,71133,M,4628363.0,429846.0,71
201800017498,18,10,26,1545,1,1,1,1.0,2.0,71133,M,4629574.0,430484.0,71
201800017499,18,3,18,655,2,2,1,1.0,6.0,71230,M,4659453.0,405524.0,71
201800017500,18,4,21,1745,1,1,3,1.0,3.0,71552,M,4665993.0,403076.0,71
201800017501,18,4,24,2230,3,1,9,1.0,3.0,71132,M,4659660.0,429797.0,71
201800017502,18,5,2,2000,1,1,1,1.0,6.0,71565,M,4662470.0,406468.0,71
201800017503,18,5,5,1525,1,2,1,1.0,7.0,71111,M,4660050.0,408667.0,71
201800017504,18,5,14,2230,5,2,1,2.0,6.0,71176,M,4648361.0,398354.0,71
201800017505,18,5,28,1940,1,2,1,2.0,6.0,71230,M,4658532.0,407706.0,71
201800017506,18,7,31,1555,1,1,1,1.0,2.0,71230,M,4657687.0,406058.0,71
201800017507,18,8,14,1120,1,2,3,1.0,3.0,71230,M,4659694.0,406738.0,71
201800017508,18,8,19,1745,1,1,1,1.0,7.0,71132,M,4660199.0,425854.0,71
201800017509,18,9,4,1200,1,1,2,1.0,1.0,71088,M,4661806.0,397921.0,71
201800017510,18,9,9,400,3,1,1,1.0,6.0,71340,M,4656675.0,422222.0,71
201800017511,18,1,6,1100,1,1,1,1.0,1.0,71528,M,4662599.0,516496.0,71
201800017512,18,1,13,2120,5,1,1,1.0,6.0,71379,M,4656365.0,530686.0,71
201800017513,18,1,18,905,1,1,1,2.0,3.0,71263,M,4664948.0,522970.0,71
201800017514,18,2,19,610,5,2,1,5.0,6.0,71379,M,4659379.0,532407.0,71
201800017515,18,2,28,1830,2,2,1,1.0,7.0,71558,M,4651539.0,522675.0,71
201800017516,18,3,2,2035,3,1,1,1.0,6.0,71157,M,4650236.0,531574.0,71
201800017517,18,4,23,1800,1,1,1,1.0,1.0,71092,M,4659458.0,518122.0,71
201800017518,18,5,30,750,1,2,9,1.0,6.0,71558,M,4648119.0,523774.0,71
201800017519,18,6,21,1555,1,2,1,1.0,6.0,71056,M,4664122.0,519923.0,71
201800017520,18,7,5,1820,1,1,1,2.0,1.0,71056,M,4665749.0,517512.0,71
201800017521,18,7,6,1720,1,2,1,1.0,1.0,71157,M,4649583.0,539182.0,71
201800017522,18,9,3,1710,1,2,3,1.0,6.0,71263,M,4662710.0,522199.0,71
201800017523,18,9,18,1502,1,1,2,1.0,3.0,71528,M,4663106.0,517597.0,71
201800017524,18,10,6,1640,1,1,1,1.0,7.0,71528,M,4662639.0,519392.0,71
201800017525,18,10,17,1020,1,1,1,1.0,6.0,71528,M,4662566.0,516720.0,71
201800017526,18,10,20,1825,1,2,1,1.0,2.0,71263,M,4662857.0,521820.0,71
201800017527,18,11,3,1145,1,2,1,1.0,6.0,71484,M,4669021.0,524159.0,71
201800017528,18,11,11,945,1,1,1,2.0,7.0,71196,M,4665634.0,534879.0,71
201800017529,18,11,15,1800,3,1,1,5.0,7.0,71454,M,4661720.0,529598.0,71
201800017530,18,11,16,2215,3,1,1,2.0,7.0,71143,M,4646253.0,525857.0,71
201800017531,18,11,23,1430,1,1,1,3.0,1.0,71300,M,4653590.0,533565.0,71
201800017532,18,11,27,930,1,1,1,8.0,1.0,71484,M,4670846.0,522364.0,71
201800017533,18,12,24,715,3,2,1,2.0,6.0,71027,M,4666691.0,538486.0,71
201800017534,18,4,23,1830,1,2,1,1.0,7.0,71244,M,4657661.0,505260.0,71
201800017535,18,4,27,1000,1,2,1,1.0,7.0,71158,M,4656192.0,500342.0,71
201800017536,18,5,17,1445,1,1,1,1.0,1.0,71158,M,4655773.0,498642.0,71
201800017537,18,5,18,1310,1,2,1,1.0,3.0,71244,M,4657444.0,505508.0,71
201800017538,18,7,21,1600,1,1,1,1.0,7.0,71410,M,4670353.0,506901.0,71
201800017539,18,8,5,1820,1,1,2,1.0,3.0,71092,M,4658597.0,519189.0,71
201800017540,18,8,6,1600,1,1,1,1.0,7.0,71401,M,4655882.0,523817.0,71
201800017541,18,8,12,1800,1,2,2,1.0,1.0,71001,M,4656934.0,496777.0,71
201800017542,18,9,2,830,1,1,1,1.0,6.0,71373,M,4651200.0,505909.0,71
201800017543,18,10,2,205,4,1,1,1.0,6.0,71373,M,4651237.0,504895.0,71
201800017544,18,10,24,410,3,1,1,1.0,2.0,71373,M,4648868.0,507056.0,71
201800017545,18,10,26,1750,1,1,3,1.0,3.0,71244,M,4657130.0,504894.0,71
201800017546,18,12,13,1730,3,1,1,1.0,5.0,71318,M,4652516.0,520318.0,71
201800017547,18,3,29,1200,1,2,1,1.0,7.0,71326,M,4687401.0,540016.0,71
201800017548,18,4,7,2350,3,1,1,8.0,1.0,71093,M,4685983.0,527941.0,71
201800017549,18,4,8,1830,1,2,1,1.0,6.0,71351,M,4688302.0,526246.0,71
201800017550,18,5,10,1525,1,1,1,8.0,6.0,71295,M,4680806.0,514258.0,71
201800017551,18,5,15,1310,1,1,2,1.0,3.0,71121,M,4683107.0,526271.0,71
201800017552,18,6,17,1845,1,2,1,1.0,2.0,71028,M,4684139.0,544042.0,71
201800017553,18,7,12,1305,1,1,1,1.0,1.0,71516,M,4679491.0,525516.0,71
201800017554,18,8,18,1236,1,1,1,1.0,6.0,71519,M,4681085.0,512085.0,71
201800017555,18,11,10,1850,3,1,1,3.0,2.0,71364,M,4682489.0,517038.0,71
201800017556,18,12,14,1000,1,1,2,1.0,1.0,71207,M,4690988.0,530685.0,71
201800017557,18,2,17,720,2,1,1,2.0,1.0,11410,M,4325037.0,240434.0,11
201800017558,18,4,21,1545,1,1,4,1.0,1.0,11115,M,4336912.0,228846.0,11
201800017559,18,7,21,1440,1,1,1,1.0,7.0,11428,M,4336143.0,211207.0,11
201800017560,18,7,25,1120,1,1,1,1.0,6.0,11413,M,4334135.0,228858.0,11
201800017561,18,8,15,540,3,1,1,1.0,7.0,11413,M,4333397.0,231390.0,11
201800017562,18,8,26,1600,1,1,3,7.0,1.0,11221,M,4341804.0,230480.0,11
201800017563,18,9,2,1235,1,1,2,1.0,2.0,11429,M,4325044.0,237205.0,11
201800017564,18,11,27,840,1,1,1,1.0,7.0,11215,M,4325215.0,243604.0,11
201800017565,18,2,18,1135,1,1,1,1.0,7.0,11378,M,4309921.0,252114.0,11
201800017566,18,4,27,2220,3,1,1,1.0,6.0,11392,M,4308049.0,266100.0,11
201800017567,18,7,21,1700,1,1,1,1.0,3.0,11016,M,4312070.0,250280.0,11
201800017568,18,8,31,1900,1,1,1,1.0,6.0,11044,M,4298219.0,244625.0,11
201800017569,18,9,4,1122,1,1,1,1.0,6.0,11363,M,4306114.0,261781.0,11
201800017570,18,1,26,745,2,1,9,2.0,1.0,11261,M,4318742.0,265067.0,11
201800017571,18,1,28,1430,1,1,1,1.0,6.0,11151,M,4317343.0,245607.0,11
201800017572,18,6,9,515,3,1,1,1.0,7.0,11272,M,4316715.0,238738.0,11
201800017573,18,9,2,945,1,1,1,1.0,1.0,11261,M,4318731.0,265159.0,11
201800017574,18,9,20,905,1,2,1,7.0,6.0,11068,M,4318563.0,256026.0,11
201800017575,18,11,20,1820,5,2,1,2.0,6.0,11397,M,4320630.0,243234.0,11
201800017576,18,2,28,1730,2,2,2,6.0,3.0,11437,M,4323999.0,222858.0,11
201800017577,18,3,16,1845,2,2,1,1.0,3.0,11437,M,4323305.0,223001.0,11
201800017578,18,5,24,1750,1,2,1,1.0,3.0,11434,M,4327949.0,209161.0,11
201800017579,18,5,26,600,2,1,1,1.0,7.0,11254,M,4322186.0,211499.0,11
201800017580,18,6,30,1800,1,1,1,1.0,6.0,11357,M,4327911.0,214697.0,11
201800017581,18,7,7,1456,1,1,1,1.0,7.0,11136,M,4318234.0,203877.0,11
201800017582,18,7,7,830,1,1,9,1.0,6.0,11434,M,4327851.0,209496.0,11
201800017583,18,7,16,530,3,1,1,1.0,6.0,11018,M,4321134.0,219706.0,11
201800017584,18,8,4,630,2,1,1,1.0,6.0,11018,M,4321012.0,222744.0,11
201800017585,18,9,22,1315,1,1,1,1.0,7.0,11087,M,4318704.0,194504.0,11
201800017586,18,11,30,1600,1,1,1,3.0,3.0,11072,M,4318547.0,198977.0,11
201800017587,18,12,15,650,2,1,1,5.0,6.0,11236,M,4324986.0,193085.0,11
201800017588,18,3,9,345,3,1,1,1.0,6.0,11085,M,4317600.0,231914.0,11
201800017589,18,8,27,1054,1,2,9,1.0,6.0,11206,M,4307411.0,222181.0,11
201800017590,18,9,17,1426,1,1,1,1.0,1.0,11120,M,4304823.0,217995.0,11
201800017591,18,10,7,2350,3,1,1,2.0,7.0,11119,M,4304009.0,215672.0,11
201800017592,18,10,21,610,3,1,1,1.0,1.0,11299,M,4313668.0,229996.0,11
201800017593,18,12,2,510,3,1,1,2.0,6.0,11102,M,4316969.0,230033.0,11
201800017594,18,12,14,1650,2,1,1,2.0,3.0,11102,M,4317252.0,230219.0,11
201800017595,18,12,29,700,3,1,1,1.0,1.0,11206,M,4305908.0,219798.0,11
201800017596,18,3,9,1045,1,1,1,1.0,2.0,11358,M,4282345.0,222873.0,11
201800017597,18,4,19,1645,1,1,1,1.0,6.0,11063,M,4291340.0,220256.0,11
201800017598,18,4,25,1400,1,1,1,1.0,6.0,11035,M,4284489.0,220303.0,11
201800017599,18,7,5,2330,3,1,9,1.0,6.0,11103,M,4294164.0,226433.0,11
201800017600,18,8,7,1945,1,1,1,3.0,6.0,11101,M,4286315.0,211890.0,11
201800017601,18,8,9,1610,1,1,1,1.0,1.0,11209,M,4295637.0,225948.0,11
201800017602,18,9,24,1210,1,1,1,2.0,7.0,11358,M,4282345.0,222873.0,11
201800017603,18,1,9,1000,1,2,6,1.0,3.0,11106,M,4323047.0,306005.0,11
201800017604,18,3,28,1610,1,1,1,1.0,2.0,11040,M,4316212.0,289727.0,11
201800017605,18,4,27,420,3,1,1,1.0,6.0,11255,M,4318975.0,291171.0,11
201800017606,18,5,8,1325,1,1,1,1.0,2.0,11255,M,4318621.0,291745.0,11
201800017607,18,4,12,800,1,1,1,3.0,3.0,11264,M,4320523.0,288716.0,11
201800017608,18,5,30,1445,1,1,1,8.0,6.0,11145,M,4318869.0,317888.0,11
201800017609,18,5,30,1140,1,1,6,1.0,2.0,11170,M,4311728.0,308846.0,11
201800017610,18,6,2,1030,1,2,1,1.0,2.0,11145,M,4317414.0,318398.0,11
201800017611,18,6,24,1415,1,1,1,1.0,1.0,11217,M,4323394.0,292633.0,11
201800017612,18,7,5,945,1,2,1,1.0,6.0,11262,M,4315943.0,316672.0,11
201800017613,18,7,7,1815,1,2,1,1.0,6.0,11170,M,4311077.0,310018.0,11
201800017614,18,7,25,815,1,2,1,1.0,1.0,11170,M,4311161.0,309395.0,11
201800017615,18,8,12,2045,2,1,2,1.0,3.0,11145,M,4323329.0,318955.0,11
201800017616,18,8,29,1710,1,1,1,1.0,1.0,11258,M,4323535.0,293666.0,11
201800017617,18,9,2,1255,1,1,1,1.0,7.0,11145,M,4319261.0,320060.0,11
201800017618,18,9,4,820,2,1,1,1.0,1.0,11014,M,4318910.0,306543.0,11
201800017619,18,9,10,1700,1,2,1,1.0,1.0,11262,M,4320889.0,302586.0,11
201800017620,18,10,18,1940,3,1,1,1.0,6.0,11145,M,4321843.0,313340.0,11
201800017621,18,10,24,800,1,2,1,1.0,6.0,11106,M,4323624.0,305707.0,11
201800017622,18,10,25,2200,3,1,1,1.0,7.0,11262,M,4314623.0,290661.0,11
201800017623,18,11,4,1750,5,2,1,1.0,6.0,11217,M,4322719.0,292254.0,11
201800017624,18,11,11,1830,3,1,1,1.0,6.0,11040,M,4314418.0,285402.0,11
201800017625,18,11,8,1850,5,2,1,1.0,6.0,11106,M,4322974.0,305199.0,11
201800017626,18,12,20,2010,3,1,1,1.0,1.0,11262,M,4318058.0,295991.0,11
201800017627,18,2,25,1710,1,1,1,1.0,1.0,11326,M,4288015.0,255179.0,11
201800017628,18,3,21,25,3,1,1,1.0,6.0,11256,M,4311783.0,279976.0,11
201800017629,18,4,20,2155,5,2,3,1.0,3.0,11351,M,4308566.0,270155.0,11
201800017630,18,5,6,1215,1,1,1,1.0,6.0,11401,M,4289937.0,274216.0,11
201800017631,18,6,21,1930,1,1,1,7.0,6.0,11390,M,4309143.0,278733.0,11
201800017632,18,7,1,1450,1,1,4,1.0,3.0,11390,M,4311014.0,275745.0,11
201800017633,18,11,18,1115,1,2,1,2.0,6.0,11345,M,4296158.0,284137.0,11
201800017634,18,6,4,249,3,2,1,1.0,6.0,71585,M,4683733.0,486819.0,71
201800017635,18,6,24,1615,1,2,1,1.0,7.0,71154,M,4683060.0,486975.0,71
201800017636,18,7,7,1445,1,1,3,1.0,1.0,71194,M,4684225.0,481379.0,71
201800017637,18,11,9,1830,3,1,1,1.0,6.0,71182,M,4680869.0,476462.0,71
201800017638,18,1,11,30,5,2,1,2.0,3.0,32147,M,4362790.0,87639.0,32
201800017639,18,1,10,1900,3,1,1,1.0,1.0,32249,M,4374940.0,88322.0,32
201800017640,18,3,4,1630,1,1,1,1.0,5.0,32147,M,4361810.0,91576.0,32
201800017641,18,3,14,1345,1,2,1,1.0,6.0,32249,M,4372360.0,87376.0,32
201800017642,18,3,24,1150,1,2,1,2.0,2.0,32249,M,4373060.0,88498.0,32
201800017643,18,4,1,1935,1,1,1,1.0,1.0,32268,M,4360330.0,100350.0,32
201800017644,18,5,3,1645,1,1,1,1.0,1.0,32148,M,4361570.0,93628.0,32
201800017645,18,5,23,1745,1,1,1,8.0,1.0,32148,M,4361440.0,93881.0,32
201800017646,18,7,25,1350,1,1,6,1.0,6.0,32012,M,4363770.0,82190.0,32
201800017647,18,8,16,330,3,1,1,1.0,6.0,32147,M,4363450.0,84749.0,32
201800017648,18,8,29,1430,1,1,1,1.0,5.0,32268,M,4360700.0,98665.0,32
201800017649,18,9,16,1145,1,2,2,1.0,3.0,32147,M,4362940.0,87393.0,32
201800017650,18,10,6,1100,1,1,1,1.0,7.0,32268,M,4360630.0,99135.0,32
201800017651,18,11,19,1345,1,1,1,1.0,1.0,32249,M,4372070.0,87010.0,32
201800017652,18,11,26,120,5,2,1,1.0,6.0,32147,M,4362740.0,87281.0,32
201800017653,18,11,30,1820,3,1,1,2.0,5.0,32406,M,4369230.0,83389.0,32
201800017654,18,1,21,1915,3,1,1,2.0,5.0,32160,M,4359090.0,112633.0,32
201800017655,18,1,28,910,2,1,1,5.0,5.0,32160,M,4360220.0,108322.0,32
201800017656,18,4,26,2030,1,1,1,1.0,1.0,32120,M,4369150.0,103902.0,32
201800017657,18,5,9,330,3,1,1,1.0,6.0,32160,M,4359600.0,111256.0,32
201800017658,18,10,11,1140,1,2,1,1.0,6.0,32160,M,4361160.0,108143.0,32
201800017659,18,11,10,1605,1,1,1,1.0,6.0,32121,M,4354270.0,104255.0,32
201800017660,18,11,12,2115,3,1,1,1.0,1.0,32160,M,4362310.0,110975.0,32
201800017661,18,12,2,840,1,1,1,1.0,1.0,32121,M,4356820.0,103169.0,32
201800017662,18,4,1,545,3,1,1,1.0,6.0,32297,M,4351800.0,96216.0,32
201800017663,18,7,15,1750,1,2,1,1.0,6.0,32387,M,4343690.0,99211.0,32
201800017664,18,7,23,1100,1,1,1,1.0,5.0,32289,M,4337000.0,99005.0,32
201800017665,18,9,29,1700,1,2,1,1.0,1.0,32076,M,4358020.0,71767.0,32
201800017666,18,2,8,2015,3,1,1,8.0,1.0,32301,M,4367070.0,52918.0,32
201800017667,18,2,20,1310,1,1,1,2.0,6.0,32029,M,4364980.0,40451.0,32
201800017668,18,3,12,730,2,1,1,1.0,5.0,32065,M,4366410.0,39551.0,32
201800017669,18,5,2,1105,1,1,1,1.0,6.0,32231,M,4376730.0,31181.0,32
201800017670,18,5,12,105,3,1,1,1.0,6.0,32054,M,4369680.0,38852.0,32
201800017671,18,5,21,1805,1,1,1,1.0,1.0,32054,M,4370640.0,44653.0,32
201800017672,18,6,11,1705,1,2,1,1.0,3.0,32462,M,4376030.0,30197.0,32
201800017673,18,5,30,1240,1,2,1,1.0,1.0,32231,M,4377690.0,30997.0,32
201800017674,18,7,16,1430,1,1,1,1.0,2.0,32462,M,4374770.0,33779.0,32
201800017675,18,8,18,1500,1,1,1,1.0,7.0,32301,M,4368740.0,48392.0,32
201800017676,18,12,4,825,1,1,1,8.0,7.0,32301,M,4366610.0,49223.0,32
201800017677,18,4,28,1745,1,1,1,1.0,6.0,32194,M,4393670.0,32843.0,32
201800017678,18,10,4,300,5,2,1,1.0,7.0,32024,M,4383200.0,42829.0,32
201800017679,18,10,11,1210,1,2,1,1.0,6.0,32404,M,4387690.0,46279.0,32
201800017680,18,1,25,1245,1,1,2,1.0,3.0,32227,M,4381390.0,9503.0,32
201800017681,18,7,7,530,3,1,4,1.0,6.0,32211,M,4386540.0,-6566.0,32
201800017682,18,7,22,1900,1,1,1,1.0,6.0,32073,M,4386290.0,-1037.0,32
201800017683,18,7,20,1800,1,2,1,1.0,1.0,32115,M,4376400.0,17089.0,32
201800017684,18,8,22,2050,2,1,1,1.0,7.0,32119,M,4387100.0,12109.0,32
201800017685,18,11,6,750,1,2,3,1.0,6.0,32119,M,4386010.0,10276.0,32
201800017686,18,12,6,715,5,2,3,1.0,5.0,32096,M,4393440.0,-6616.0,32
201800017687,18,7,23,415,3,1,1,1.0,7.0,32068,M,4382830.0,76851.0,32