Num_Acc,an,mois,jour,hrmn,lum,agg,int,atm,col,com,gps,lat,long,dep
201800017688,18,8,7,1330,1,1,1,1.0,1.0,32314,M,4399270.0,81402.0,32
201800017689,18,8,20,1815,1,1,2,1.0,3.0,32208,M,4396240.0,62917.0,32
201800017690,18,8,28,1625,1,1,3,1.0,7.0,32405,M,4384850.0,58859.0,32
201800017691,18,9,20,930,1,1,1,1.0,3.0,32457,M,4386320.0,73778.0,32
201800017692,18,10,21,1810,1,1,1,1.0,6.0,32452,M,4386740.0,79413.0,32
201800017693,18,11,1,1415,1,1,1,1.0,6.0,32405,M,4384060.0,58888.0,32
201800017694,18,12,10,1120,1,1,1,1.0,7.0,32442,M,4391750.0,55516.0,32
201800017695,18,12,23,1010,1,1,1,2.0,6.0,32457,M,4386210.0,69098.0,32
201800017696,18,12,24,1245,1,1,4,2.0,1.0,32208,M,4398140.0,63270.0,32
201800017697,18,1,28,655,3,1,2,5.0,3.0,32254,M,4354020.0,45458.0,32
201800017698,18,2,16,1715,1,2,1,7.0,6.0,32252,M,4342910.0,30601.0,32
201800017699,18,2,22,1254,1,2,1,1.0,6.0,32256,M,4350620.0,39913.0,32
201800017700,18,3,27,2000,2,1,1,2.0,6.0,32267,M,4347500.0,64669.0,32
201800017701,18,3,27,1615,1,1,1,1.0,6.0,32104,M,4348780.0,52609.0,32
201800017702,18,4,2,1840,1,2,4,1.0,3.0,32397,M,4343130.0,41451.0,32
201800017703,18,5,18,700,2,1,1,5.0,7.0,32355,M,4340060.0,34906.0,32
201800017704,18,6,18,1345,1,2,2,1.0,1.0,32256,M,4351510.0,40737.0,32
201800017705,18,6,18,1435,1,1,1,1.0,5.0,32254,M,4354500.0,46928.0,32
201800017706,18,6,27,830,1,1,3,1.0,4.0,32272,M,4335650.0,54987.0,32
201800017707,18,8,3,1415,1,1,2,1.0,2.0,32242,M,4341780.0,57581.0,32
201800017708,18,8,11,2315,3,1,1,1.0,6.0,32250,M,4342430.0,69380.0,32
201800017709,18,8,24,1550,1,1,1,1.0,3.0,32172,M,4358180.0,54059.0,32
201800017710,18,9,15,1015,1,1,1,1.0,6.0,32397,M,4343170.0,38716.0,32
201800017711,18,9,27,930,1,2,4,1.0,3.0,32256,M,4351150.0,40432.0,32
201800017712,18,10,7,700,3,2,1,2.0,6.0,32242,M,4344310.0,57894.0,32
201800017713,18,10,13,2330,3,2,3,1.0,3.0,32281,M,4338300.0,35883.0,32
201800017714,18,10,21,1815,1,1,1,1.0,1.0,32156,M,4352060.0,45958.0,32
201800017715,18,11,21,1745,2,1,1,1.0,1.0,32169,M,4347620.0,58585.0,32
201800017716,18,12,23,1750,3,1,1,5.0,6.0,32041,M,4341980.0,62621.0,32
201800017717,18,6,21,1630,1,1,2,1.0,5.0,32440,M,4364280.0,2108.0,32
201800017718,18,11,8,1930,3,1,3,1.0,2.0,32036,M,4355710.0,13091.0,32
201800017719,18,12,29,1630,1,1,1,1.0,1.0,32109,M,4361910.0,10405.0,32
201800017720,18,3,16,1805,1,1,1,1.0,6.0,32049,M,4371090.0,2668.0,32
201800017721,18,3,30,1855,1,2,1,1.0,7.0,32296,M,4376170.0,-3826.0,32
201800017722,18,4,6,1400,1,1,1,1.0,1.0,32093,M,4367660.0,-11603.0,32
201800017723,18,6,20,730,1,2,1,1.0,6.0,32296,M,4376480.0,-3331.0,32
201800017724,18,8,13,1205,1,1,1,2.0,1.0,32463,M,4358910.0,-15398.0,32
201800017725,18,9,30,100,3,1,1,1.0,6.0,32170,M,4363770.0,-15114.0,32
201800017726,18,10,31,1530,1,1,1,1.0,1.0,32005,M,4372310.0,-4663.0,32
201800017727,18,12,3,635,5,2,1,2.0,6.0,32378,M,4367980.0,-14695.0,32
201800017728,18,2,6,2055,3,1,1,2.0,6.0,81186,M,4407917.0,225949.0,81
201800017729,18,5,20,1950,1,1,1,1.0,6.0,81259,M,4401353.0,234721.0,81
201800017730,18,10,13,1645,1,1,9,1.0,6.0,81230,M,4404124.0,219754.0,81
201800017731,18,6,2,1245,1,1,1,3.0,7.0,81103,M,4371260.0,263438.0,81
201800017732,18,8,30,1529,1,1,1,1.0,6.0,81193,M,4368067.0,278717.0,81
201800017733,18,4,28,1745,1,1,1,1.0,7.0,81182,M,4371360.0,228732.0,81
201800017734,18,6,9,145,3,1,9,1.0,1.0,81042,M,4362188.0,230627.0,81
201800017735,18,7,29,100,3,1,1,1.0,6.0,81182,M,4371372.0,229042.0,81
201800017736,18,8,11,1100,1,2,3,1.0,3.0,81305,M,4369026.0,242493.0,81
201800017737,18,9,14,1715,1,2,9,1.0,1.0,81128,M,4366262.0,235420.0,81
201800017738,18,12,19,750,3,2,1,2.0,3.0,81128,M,4365993.0,235825.0,81
201800017739,18,1,5,1415,1,2,1,1.0,2.0,81045,M,4406650.0,194170.0,81
201800017740,18,1,18,1840,3,1,1,2.0,7.0,81064,M,4395780.0,183415.0,81
201800017741,18,3,11,1550,1,1,1,1.0,6.0,81206,M,4410355.0,172258.0,81
201800017742,18,7,11,1440,1,1,1,1.0,7.0,81263,M,4412347.0,196927.0,81
201800017743,18,4,4,2000,1,2,7,1.0,1.0,81145,M,4385331.0,181015.0,81
201800017744,18,6,20,740,2,1,1,7.0,2.0,81220,M,4381789.0,169641.0,81
201800017745,18,7,29,830,1,1,1,1.0,6.0,81171,M,4386436.0,186383.0,81
201800017746,18,9,9,1145,1,1,1,1.0,5.0,81171,M,4384781.0,188960.0,81
201800017747,18,10,26,1330,1,1,1,1.0,6.0,81171,M,4386311.0,188790.0,81
201800017748,18,11,20,940,1,1,1,1.0,6.0,81171,M,4386356.0,189598.0,81
201800017749,18,12,6,1355,1,1,9,2.0,6.0,81145,M,4387584.0,184404.0,81
201800017750,18,1,16,1535,1,2,1,2.0,6.0,81289,M,4355968.0,211722.0,81
201800017751,18,2,8,720,3,1,1,4.0,1.0,81204,M,4356004.0,232494.0,81
201800017752,18,2,11,1915,5,2,1,2.0,6.0,81130,M,4358167.0,227592.0,81
201800017753,18,4,12,1715,1,1,1,1.0,6.0,81289,M,4354216.0,211939.0,81
201800017754,18,4,14,2225,3,1,1,1.0,5.0,81288,M,4346673.0,203464.0,81
201800017755,18,6,20,1950,2,2,1,1.0,1.0,81130,M,4358153.0,227601.0,81
201800017756,18,8,1,1830,1,2,3,1.0,3.0,81204,M,4351905.0,235516.0,81
201800017757,18,8,6,1245,1,1,1,1.0,1.0,81289,M,4355687.0,211715.0,81
201800017758,18,8,27,1515,1,1,1,1.0,6.0,81204,M,4354585.0,234562.0,81
201800017759,18,9,15,1050,1,1,3,1.0,2.0,81312,M,4350664.0,215609.0,81
201800017760,18,11,23,2000,3,1,1,1.0,1.0,81120,M,4355407.0,226406.0,81
201800017761,18,1,11,1325,1,2,1,1.0,3.0,69088,M,4583330.0,484561.0,69
201800017762,18,1,20,1250,1,1,1,2.0,3.0,69292,M,4582767.0,487942.0,69
201800017763,18,3,4,1110,1,2,1,1.0,6.0,69292,M,4582534.0,486800.0,69
201800017764,18,4,12,205,3,1,1,1.0,6.0,69063,M,4582903.0,485038.0,69
201800017765,18,5,5,1715,1,2,9,1.0,6.0,69292,M,4582726.0,487369.0,69
201800017766,18,5,27,1630,1,2,1,1.0,6.0,69168,M,4583627.0,483547.0,69
201800017767,18,5,31,740,1,2,1,2.0,6.0,69063,M,4582970.0,484621.0,69
201800017768,18,6,16,730,1,2,1,1.0,6.0,69088,M,4581667.0,486297.0,69
201800017769,18,7,7,1040,1,2,6,1.0,3.0,69168,M,4583591.0,483824.0,69
201800017770,18,9,19,1035,1,1,6,1.0,3.0,69063,M,4581476.0,484638.0,69
201800017771,18,9,27,1900,1,2,9,1.0,1.0,69063,M,4583046.0,484826.0,69
201800017772,18,10,11,1025,1,2,2,7.0,6.0,69292,M,4582507.0,487335.0,69
201800017773,18,12,9,2345,3,1,1,2.0,6.0,69063,M,4583046.0,484826.0,69
201800017774,18,12,12,1735,5,2,6,1.0,6.0,69292,M,4581878.0,487134.0,69
201800017775,18,12,20,1710,2,2,6,1.0,3.0,69063,M,4581498.0,484618.0,69
201800017776,18,2,2,1335,1,2,3,1.0,3.0,69162,M,4611177.0,461468.0,69
201800017777,18,2,18,410,3,1,1,1.0,6.0,69109,M,4614544.0,462533.0,69
201800017778,18,3,4,1630,1,1,6,2.0,1.0,69103,M,4622966.0,472150.0,69
201800017779,18,4,15,1100,1,1,1,1.0,2.0,69058,M,4618774.0,462973.0,69
201800017780,18,4,18,900,1,2,7,1.0,6.0,69018,M,4615458.0,458706.0,69
201800017781,18,5,18,1820,1,2,1,1.0,1.0,69109,M,4615491.0,461865.0,69
201800017782,18,7,18,1615,1,1,1,1.0,7.0,69209,M,4623201.0,441800.0,69
201800017783,18,8,26,1115,1,1,1,1.0,5.0,69012,M,4617908.0,453252.0,69
201800017784,18,9,27,1550,1,2,4,7.0,1.0,69150,M,4622988.0,459740.0,69
201800017785,18,10,16,905,1,2,2,1.0,3.0,69165,M,4613635.0,464302.0,69
201800017786,18,10,19,1540,1,1,3,1.0,1.0,69108,M,4617288.0,474704.0,69
201800017787,18,10,27,1130,1,1,1,2.0,1.0,69084,M,4619821.0,469115.0,69
201800017788,18,12,6,1730,3,1,1,1.0,4.0,69162,M,4613106.0,462107.0,69
201800017789,18,12,28,40,5,1,6,5.0,6.0,69162,M,4611375.0,462835.0,69
201800017790,18,1,23,1500,1,1,1,1.0,3.0,69214,M,4600714.0,436158.0,69
201800017791,18,2,18,1605,1,2,1,1.0,3.0,69066,M,4609974.0,432142.0,69
201800017792,18,3,2,1945,5,2,1,1.0,1.0,69070,M,4601885.0,437792.0,69
201800017793,18,4,9,1740,1,2,1,1.0,6.0,69006,M,4598492.0,434093.0,69
201800017794,18,4,18,1700,1,2,1,1.0,2.0,69070,M,4598204.0,433633.0,69
201800017795,18,4,20,1510,1,2,1,1.0,3.0,69066,M,4610027.0,432209.0,69
201800017796,18,7,26,1840,1,2,9,7.0,3.0,69006,M,4598174.0,433564.0,69
201800017797,18,9,12,1630,1,2,1,1.0,5.0,69214,M,4599824.0,432505.0,69
201800017798,18,10,9,950,1,1,2,5.0,6.0,69248,M,4603568.0,428521.0,69
201800017799,18,10,31,1900,5,2,1,1.0,6.0,69214,M,4600269.0,432548.0,69
201800017800,18,11,12,1700,5,2,1,2.0,6.0,69248,M,4603782.0,429809.0,69
201800017801,18,12,8,300,3,1,1,1.0,6.0,69248,M,4602236.0,428232.0,69
201800017802,18,12,22,1600,1,2,1,1.0,6.0,69248,M,4603079.0,431234.0,69
201800017803,18,1,25,645,3,1,1,1.0,5.0,33363,M,4476737.0,-41680.0,33
201800017804,18,7,25,1835,1,1,1,1.0,1.0,33083,M,4481629.0,-36228.0,33
201800017805,18,12,31,1625,1,1,2,1.0,2.0,33431,M,4477397.0,-27802.0,33
201800017806,18,1,23,1720,1,2,1,8.0,1.0,33011,M,4476126.0,-112806.0,33
201800017807,18,2,2,1500,1,2,2,1.0,2.0,33236,M,4471667.0,-121242.0,33
201800017808,18,4,15,1410,1,1,1,1.0,3.0,33236,M,4470585.0,-124531.0,33
201800017809,18,8,6,2100,2,2,1,1.0,6.0,33236,M,4479029.0,-115795.0,33
201800017810,18,7,30,1125,1,2,1,1.0,6.0,33011,M,4477137.0,-111769.0,33
201800017811,18,8,24,1815,1,2,2,1.0,3.0,33236,M,4465578.0,-124610.0,33
201800017812,18,11,10,1625,1,2,1,2.0,6.0,33236,M,4469626.0,-123245.0,33
201800017813,18,12,11,1125,1,2,1,1.0,6.0,33011,M,4476542.0,-113754.0,33
201800017814,18,1,25,1800,3,1,1,2.0,6.0,33382,M,4511966.0,-52687.0,33
201800017815,18,2,8,1815,2,2,3,1.0,3.0,33473,M,4514122.0,-43781.0,33
201800017816,18,3,22,1700,1,2,1,1.0,6.0,33114,M,4510235.0,-38188.0,33
201800017817,18,5,10,1735,1,2,1,1.0,6.0,33233,M,4510921.0,-34712.0,33
201800017818,18,6,23,1420,1,1,2,1.0,3.0,33233,M,4511268.0,-35540.0,33
201800017819,18,6,30,2330,3,2,1,1.0,1.0,33272,M,4506760.0,-38746.0,33
201800017820,18,9,27,1150,1,1,1,1.0,3.0,33272,M,4506066.0,-39839.0,33
201800017821,18,12,10,2130,3,1,4,5.0,6.0,33142,M,4506335.0,-43489.0,33
201800017822,18,12,29,145,5,2,1,1.0,6.0,33126,M,4511207.0,-44312.0,33
201800017823,18,1,20,1430,1,1,1,3.0,6.0,33195,M,4439735.0,-2595.0,33
201800017824,18,3,11,730,2,1,1,1.0,6.0,33144,M,4440278.0,-22815.0,33
201800017825,18,4,1,1705,1,2,2,1.0,6.0,33036,M,4443203.0,-21640.0,33
201800017826,18,4,15,750,1,1,1,1.0,6.0,33036,M,4441942.0,-21611.0,33
201800017827,18,6,8,2100,2,1,6,1.0,6.0,33036,M,4444410.0,-23665.0,33
201800017828,18,6,24,300,5,2,1,1.0,6.0,33036,M,4443952.0,-20419.0,33
201800017829,18,2,21,2140,3,1,1,1.0,6.0,33516,M,4473291.0,-1502.0,33
201800017830,18,6,14,1130,1,1,9,1.0,6.0,33150,M,4466576.0,9043.0,33
201800017831,18,7,19,2005,1,1,2,1.0,3.0,33404,M,4461866.0,7268.0,33
201800017832,18,8,3,1400,1,1,3,1.0,3.0,33316,M,4475635.0,11777.0,33
201800017833,18,8,25,1900,1,1,1,1.0,6.0,33277,M,4476060.0,8506.0,33
201800017834,18,10,7,400,3,1,1,1.0,6.0,33277,M,4477551.0,6954.0,33
201800017835,18,10,12,1630,1,1,1,1.0,6.0,33520,M,4464197.0,16671.0,33
201800017836,18,12,24,945,1,1,1,2.0,6.0,33289,M,4463441.0,8912.0,33
201800017837,18,12,31,730,2,1,3,5.0,6.0,33523,M,4475505.0,-26151.0,33
201800017838,18,5,31,1048,1,1,1,1.0,1.0,33057,M,4476100.0,-6703.0,33
201800017839,18,10,6,2330,3,1,1,3.0,1.0,33464,M,4467601.0,-23408.0,33
201800017840,18,10,20,1420,1,1,2,1.0,3.0,33361,M,4478223.0,-3688.0,33
201800017841,18,3,4,215,3,1,1,2.0,6.0,33251,M,4453813.0,-57805.0,33
201800017842,18,4,2,1430,1,2,2,1.0,3.0,33484,M,4442620.0,-49080.0,33
201800017843,18,7,26,915,1,2,2,7.0,2.0,33307,M,4447743.0,-34890.0,33
201800017844,18,3,1,945,1,2,1,1.0,3.0,33314,M,4519658.0,-75416.0,33
201800017845,18,3,2,1610,1,2,1,1.0,2.0,33125,M,4522752.0,-83178.0,33
201800017846,18,4,10,1630,1,1,3,3.0,3.0,33412,M,4524397.0,-89125.0,33
201800017847,18,4,13,755,1,1,5,1.0,1.0,33314,M,4521017.0,-78083.0,33
201800017848,18,5,11,500,3,1,1,1.0,6.0,33424,M,4514735.0,-81154.0,33
201800017849,18,6,3,1315,1,1,1,1.0,6.0,33423,M,4515711.0,-75636.0,33
201800017850,18,7,27,30,3,2,1,1.0,6.0,33395,M,4522980.0,-77442.0,33
201800017851,18,8,11,2000,1,2,1,1.0,1.0,33314,M,4521810.0,-76686.0,33
201800017852,18,10,29,1800,3,1,1,1.0,6.0,33545,M,4525323.0,-82119.0,33
201800017853,18,12,26,2025,3,1,6,1.0,6.0,33125,M,4521660.0,-87058.0,33
201800017854,18,1,17,939,1,2,1,8.0,6.0,33514,M,4548012.0,-111911.0,33
201800017855,18,3,4,1410,1,1,1,1.0,6.0,33521,M,4548110.0,-109206.0,33
201800017856,18,6,23,1645,1,1,1,7.0,6.0,33490,M,4543935.0,-101655.0,33
201800017857,18,7,2,1315,1,2,1,1.0,1.0,33514,M,4550802.0,-111222.0,33
201800017858,18,7,6,1134,1,1,2,1.0,1.0,33348,M,4534752.0,-103662.0,33
201800017859,18,7,17,1330,1,2,1,1.0,6.0,33544,M,4554546.0,-106549.0,33
201800017860,18,7,19,1900,1,1,2,1.0,1.0,33348,M,4537886.0,-102596.0,33
201800017861,18,8,29,1840,1,2,1,1.0,1.0,33514,M,4550107.0,-111545.0,33
201800017862,18,10,5,700,3,1,1,1.0,6.0,33348,M,4535935.0,-99592.0,33
201800017863,18,10,25,1715,1,2,6,1.0,6.0,33540,M,4535615.0,-106008.0,33
201800017864,18,10,28,745,2,1,1,1.0,6.0,33193,M,4543819.0,-105720.0,33
201800017865,18,2,25,1700,1,1,1,1.0,6.0,33421,M,4480734.0,-14048.0,33
201800017866,18,3,21,100,3,1,1,1.0,6.0,33296,M,4482608.0,-2647.0,33
201800017867,18,6,8,1940,1,2,2,1.0,3.0,33185,M,4486156.0,-25990.0,33
201800017868,18,8,31,1715,1,1,4,1.0,4.0,33421,M,4480779.0,-13646.0,33
201800017869,18,10,3,1830,1,1,3,1.0,3.0,33127,M,4483340.0,-7474.0,33
201800017870,18,10,11,2000,3,2,1,1.0,1.0,33185,M,4485617.0,-25569.0,33
201800017871,18,11,11,1155,1,1,1,1.0,1.0,33194,M,4482830.0,-19956.0,33
201800017872,18,11,27,1715,2,1,1,1.0,2.0,33185,M,4486722.0,-24738.0,33
201800017873,18,1,20,1445,1,1,3,3.0,1.0,33261,M,4496368.0,-10133.0,33
201800017874,18,2,23,1750,1,1,3,1.0,1.0,33394,M,4489522.0,-14664.0,33
201800017875,18,3,22,1808,1,2,2,1.0,3.0,33108,M,4485457.0,-4223.0,33
201800017876,18,3,24,540,2,2,2,2.0,3.0,33108,M,4485541.0,-4702.0,33
201800017877,18,5,25,830,1,2,1,1.0,1.0,33394,M,4488710.0,-15533.0,33
201800017878,18,5,31,2000,1,1,1,1.0,6.0,33394,M,4491312.0,-15485.0,33
201800017879,18,8,19,10,5,1,1,1.0,1.0,33394,M,4490635.0,-17464.0,33
201800017880,18,9,26,1030,1,1,1,1.0,3.0,33394,M,4490672.0,-17536.0,33
201800017881,18,10,23,1730,1,2,1,1.0,6.0,33459,M,4485551.0,-10902.0,33
201800017882,18,11,15,1615,1,1,1,7.0,6.0,33290,M,4494312.0,-11518.0,33
201800017883,18,1,4,800,1,1,2,1.0,3.0,65010,M,4319702.0,15647.0,65
201800017884,18,1,9,945,1,2,4,1.0,1.0,65366,M,4311403.0,-7442.0,65
201800017885,18,5,3,845,1,1,2,2.0,3.0,65340,M,4328799.0,11294.0,65
201800017886,18,5,5,1530,1,1,1,1.0,7.0,65083,M,4317089.0,10321.0,65
201800017887,18,7,14,510,4,1,1,1.0,1.0,65221,M,4313725.0,9850.0,65
201800017888,18,7,25,1200,1,1,1,7.0,3.0,65223,M,4319727.0,7918.0,65
201800017889,18,8,11,1300,1,2,1,1.0,1.0,65019,M,4314840.0,8260.0,65
201800017890,18,8,22,1650,1,1,2,1.0,3.0,65340,M,4327868.0,10924.0,65
201800017891,18,10,23,1725,1,1,1,1.0,6.0,65281,M,4311813.0,7207.0,65
201800017892,18,12,5,1540,1,2,1,1.0,6.0,65339,M,4312658.0,3980.0,65
201800017893,18,8,18,1200,1,1,2,1.0,3.0,65442,M,4329388.0,62775.0,65
201800017894,18,7,15,1715,1,1,1,1.0,7.0,65472,M,4350695.0,-169.0,65
201800017895,18,9,14,1730,1,2,1,1.0,3.0,65304,M,4346629.0,3497.0,65
201800017896,18,10,4,711,3,1,1,1.0,1.0,65296,M,4353216.0,-4196.0,65
201800017897,18,10,9,745,2,2,6,1.0,3.0,65460,M,4338701.0,6692.0,65
201800017898,18,10,24,1750,1,2,3,1.0,3.0,65304,M,4346878.0,2902.0,65
201800017899,18,12,28,2110,5,2,1,1.0,6.0,65304,M,4346550.0,3489.0,65
201800017900,18,2,23,240,5,2,1,1.0,6.0,65025,M,4300139.0,-8922.0,65
201800017901,18,4,24,1900,1,1,1,2.0,6.0,65360,M,4310401.0,-11488.0,65
201800017902,18,5,10,1550,1,1,1,1.0,7.0,65176,M,4300883.0,-26535.0,65
201800017903,18,5,19,1615,1,1,1,1.0,6.0,65473,M,4293990.0,-5285.0,65
201800017904,18,6,18,1825,1,1,1,1.0,2.0,65004,M,4302910.0,-6954.0,65
201800017905,18,8,16,1510,1,1,1,1.0,6.0,65164,M,4310144.0,2936.0,65
201800017906,18,8,16,1715,1,2,1,1.0,7.0,65055,M,4300375.0,-6703.0,65
201800017907,18,12,9,600,3,2,3,1.0,6.0,65271,M,4310028.0,-1082.0,65
201800017908,18,12,19,1819,3,1,1,1.0,6.0,65029,M,4300079.0,-10837.0,65
201800017909,18,2,28,1945,3,1,1,1.0,1.0,65455,M,4307173.0,44489.0,65
201800017910,18,6,18,1700,1,2,3,1.0,3.0,65258,M,4312214.0,37843.0,65
201800017911,18,7,26,1450,1,2,2,1.0,5.0,65258,M,4311918.0,38185.0,65
201800017912,18,8,9,1445,1,2,1,1.0,6.0,65363,M,4311668.0,43156.0,65
201800017913,18,8,17,1030,1,1,3,1.0,1.0,65363,M,4311098.0,43869.0,65
201800017914,18,8,19,1845,1,1,2,1.0,3.0,65363,M,4310936.0,44427.0,65
201800017915,18,8,29,1725,1,2,1,1.0,1.0,65258,M,4312242.0,37882.0,65
201800017916,18,2,21,1000,1,1,1,4.0,3.0,65031,M,4292071.0,36361.0,65
201800017917,18,3,13,1924,2,2,1,1.0,6.0,65171,M,4282101.0,41558.0,65
201800017918,18,4,16,1000,1,1,9,1.0,6.0,41132,M,4731955.0,144792.0,41
201800017919,18,7,8,1225,1,1,1,1.0,2.0,41185,M,4733851.0,166320.0,41
201800017920,18,1,11,1845,3,2,1,2.0,7.0,82195,M,4407408.0,128841.0,82
201800017921,18,2,23,530,3,1,1,1.0,6.0,82148,M,4425192.0,163562.0,82
201800017922,18,3,12,1100,1,2,9,2.0,6.0,82037,M,4416246.0,153665.0,82
201800017923,18,3,25,5,3,1,1,1.0,6.0,82087,M,4413798.0,124476.0,82
201800017924,18,4,19,1520,1,2,9,1.0,2.0,82113,M,4417769.0,133841.0,82
201800017925,18,4,20,1025,1,1,1,1.0,6.0,82037,M,4415819.0,149528.0,82
201800017926,18,5,11,805,1,1,6,1.0,7.0,82087,M,4413450.0,120639.0,82
201800017927,18,5,21,1700,1,1,1,1.0,7.0,82195,M,4407346.0,129511.0,82
201800017928,18,5,31,930,1,1,2,2.0,4.0,82159,M,4412296.0,158603.0,82
201800017929,18,6,16,2322,3,1,1,1.0,6.0,82113,M,4418532.0,135478.0,82
201800017930,18,6,21,1715,1,1,1,1.0,6.0,82087,M,4414252.0,119663.0,82
201800017931,18,6,22,1715,1,1,1,1.0,7.0,82090,M,4408707.0,139496.0,82
201800017932,18,7,9,1738,1,1,1,1.0,6.0,82162,M,4420121.0,163596.0,82
201800017933,18,7,15,2100,1,1,1,1.0,1.0,82087,M,4414302.0,125356.0,82
201800017934,18,7,21,1812,1,1,1,1.0,2.0,82126,M,4416645.0,156772.0,82
201800017935,18,7,21,1730,1,1,1,1.0,7.0,82131,M,4421273.0,144203.0,82
201800017936,18,7,26,1718,1,1,2,1.0,3.0,82159,M,4412289.0,158588.0,82
201800017937,18,7,29,1755,1,1,1,1.0,7.0,82076,M,4412608.0,136072.0,82
201800017938,18,9,1,1813,1,1,1,1.0,1.0,82087,M,4413453.0,120703.0,82
201800017939,18,9,9,1410,1,1,1,1.0,3.0,82087,M,4412461.0,123242.0,82
201800017940,18,10,2,1500,1,1,1,1.0,3.0,82087,M,4414396.0,123035.0,82
201800017941,18,11,13,1300,1,1,2,1.0,3.0,82159,M,4412303.0,158599.0,82
201800017942,18,11,23,1740,3,1,1,1.0,7.0,82144,M,4414951.0,132257.0,82
201800017943,18,12,10,30,3,1,1,2.0,6.0,82179,M,4417068.0,158979.0,82
201800017944,18,12,29,500,3,1,1,1.0,6.0,82087,M,4409449.0,126186.0,82
201800017945,18,2,3,2100,3,1,1,1.0,6.0,82044,M,4393202.0,138178.0,82
201800017946,18,2,16,1945,5,2,1,1.0,6.0,82142,M,4381941.0,130778.0,82
201800017947,18,3,24,1700,1,1,1,8.0,6.0,82017,M,4388972.0,126265.0,82
201800017948,18,5,10,1720,1,1,1,1.0,1.0,82188,M,4393227.0,149278.0,82
201800017949,18,5,16,2035,1,2,1,1.0,6.0,82079,M,4391208.0,134208.0,82
201800017950,18,7,3,500,3,2,4,1.0,6.0,82075,M,4384019.0,129467.0,82
201800017951,18,7,19,1400,1,1,1,1.0,6.0,82167,M,4395763.0,143866.0,82
201800017952,18,9,1,1600,1,1,1,1.0,6.0,82017,M,4389915.0,127136.0,82
201800017953,18,9,16,230,3,1,1,1.0,6.0,82027,M,4389834.0,131976.0,82
201800017954,18,10,28,2010,3,1,1,1.0,1.0,82079,M,4394132.0,135567.0,82
201800017955,18,12,5,945,1,1,1,1.0,1.0,82079,M,4393571.0,134536.0,82
201800017956,18,2,6,1400,1,1,1,1.0,7.0,82023,M,4396147.0,116013.0,82
201800017957,18,2,19,1826,3,1,1,2.0,3.0,82171,M,4401453.0,117179.0,82
201800017958,18,4,9,40,3,1,1,2.0,6.0,82125,M,4395356.0,119352.0,82
201800017959,18,6,17,225,3,1,1,1.0,7.0,82124,M,4401611.0,122800.0,82
201800017960,18,8,21,1700,1,2,1,1.0,2.0,82125,M,4395633.0,122677.0,82
201800017961,18,10,5,1940,3,1,2,1.0,3.0,82178,M,4383832.0,119409.0,82
201800017962,18,10,27,1530,1,1,1,1.0,2.0,82124,M,4402322.0,126879.0,82
201800017963,18,11,10,1930,3,1,1,2.0,6.0,82190,M,4383627.0,122755.0,82
201800017964,18,2,12,810,1,1,1,1.0,6.0,82018,M,4411490.0,153138.0,82
201800017965,18,2,18,1512,1,1,1,2.0,6.0,82134,M,4406203.0,149238.0,82
201800017966,18,3,18,1950,3,1,1,1.0,3.0,82002,M,4407890.0,143257.0,82
201800017967,18,4,29,540,3,1,1,8.0,6.0,82161,M,4404965.0,148598.0,82
201800017968,18,7,18,2130,3,1,6,1.0,6.0,82039,M,4409482.0,145174.0,82
201800017969,18,8,11,620,2,1,6,1.0,6.0,82026,M,4407239.0,161455.0,82
201800017970,18,8,22,1150,1,1,1,1.0,2.0,82161,M,4403410.0,142659.0,82
201800017971,18,8,26,1645,1,1,1,1.0,7.0,82134,M,4408636.0,150634.0,82
201800017972,18,10,2,1057,1,1,2,1.0,3.0,82134,M,4407872.0,157995.0,82
201800017973,18,10,23,1635,1,1,1,1.0,2.0,82066,M,4400547.0,148828.0,82
201800017974,18,11,17,340,3,1,1,1.0,6.0,82002,M,4408233.0,143694.0,82
201800017975,18,1,14,5,3,1,1,1.0,6.0,82038,M,4424626.0,172350.0,82
201800017976,18,1,19,900,1,1,1,2.0,1.0,82038,M,4424498.0,180954.0,82
201800017977,18,5,11,615,2,1,1,1.0,6.0,82056,M,4419327.0,182356.0,82
201800017978,18,7,1,1520,1,1,1,1.0,6.0,82155,M,4414753.0,176166.0,82
201800017979,18,8,1,1220,1,1,1,1.0,6.0,82155,M,4419754.0,169342.0,82
201800017980,18,9,11,820,1,1,1,1.0,6.0,82155,M,4416513.0,174901.0,82
201800017981,18,10,11,1600,1,1,1,1.0,1.0,82147,M,4429350.0,186937.0,82
201800017982,18,12,22,1250,1,1,1,2.0,1.0,82082,M,4426232.0,182111.0,82
201800017983,18,3,13,730,2,1,1,1.0,7.0,82013,M,4387892.0,101433.0,82
201800017984,18,4,22,1600,1,1,1,1.0,3.0,82013,M,4386621.0,106280.0,82
201800017985,18,4,22,1930,1,1,1,1.0,6.0,82103,M,4384415.0,93127.0,82
201800017986,18,5,6,1520,1,1,1,1.0,6.0,82036,M,4380267.0,97382.0,82
201800017987,18,5,28,1705,1,2,1,1.0,6.0,82013,M,4388345.0,98477.0,82
201800017988,18,8,7,1635,1,2,2,1.0,3.0,82097,M,4395961.0,92290.0,82
201800017989,18,10,2,1704,1,1,1,1.0,7.0,82097,M,4392011.0,94926.0,82
201800017990,18,11,16,1655,1,1,1,1.0,3.0,82097,M,4397349.0,95169.0,82
201800017991,18,12,5,1415,1,2,1,1.0,6.0,82013,M,4388333.0,99186.0,82
201800017992,18,2,15,1130,1,1,1,1.0,1.0,82042,M,4421138.0,124512.0,82