Num_Acc,an,mois,jour,hrmn,lum,agg,int,atm,col,com,gps,lat,long,dep
201800017993,18,3,2,2050,3,1,1,1.0,6.0,82094,M,4426604.0,114283.0,82
201800017994,18,4,1,1555,1,1,1,1.0,6.0,82117,M,4433035.0,102780.0,82
201800017995,18,4,9,1555,1,1,1,1.0,6.0,82022,M,4426381.0,95391.0,82
201800017996,18,5,30,1230,1,1,2,1.0,3.0,82111,M,4420642.0,105133.0,82
201800017997,18,8,10,910,1,1,1,1.0,6.0,82051,M,4418677.0,115490.0,82
201800017998,18,8,21,1130,1,1,1,1.0,6.0,82111,M,4421509.0,105935.0,82
201800017999,18,9,17,1645,1,1,1,1.0,6.0,82127,M,4416873.0,111735.0,82
201800018000,18,10,5,1845,2,1,1,7.0,6.0,82151,M,4432731.0,94920.0,82
201800018001,18,10,18,310,3,1,1,1.0,6.0,82051,M,4415518.0,113809.0,82
201800018002,18,11,18,1450,1,1,1,1.0,6.0,82151,M,4431649.0,94693.0,82
201800018003,18,1,28,1650,1,1,3,1.0,3.0,82112,M,4412208.0,114592.0,82
201800018004,18,3,30,2010,1,1,1,1.0,2.0,82012,M,4407678.0,118096.0,82
201800018005,18,5,25,1843,1,1,1,1.0,1.0,82031,M,4404642.0,103041.0,82
201800018006,18,7,19,1245,1,1,2,1.0,3.0,82112,M,4409091.0,108749.0,82
201800018007,18,7,21,1635,1,1,1,1.0,6.0,82152,M,4401501.0,106703.0,82
201800018008,18,9,10,1625,1,2,1,1.0,2.0,82112,M,4410860.0,110020.0,82
201800018009,18,9,22,1135,1,2,7,1.0,6.0,82112,M,4410359.0,108565.0,82
201800018010,18,9,28,1145,1,1,1,1.0,6.0,82112,M,4411680.0,111574.0,82
201800018011,18,10,26,820,1,2,3,2.0,3.0,82112,M,4410164.0,108901.0,82
201800018012,18,11,27,1745,3,1,2,1.0,1.0,82112,M,4414401.0,105200.0,82
201800018013,18,2,12,915,1,2,1,7.0,6.0,82072,M,4411406.0,85097.0,82
201800018014,18,3,17,1640,1,2,1,1.0,6.0,82089,M,4412286.0,82727.0,82
201800018015,18,6,27,940,1,2,1,1.0,3.0,82072,M,4412084.0,85445.0,82
201800018016,18,2,13,1920,2,1,1,2.0,5.0,80463,M,4987105.0,256081.0,80
201800018017,18,12,16,1930,3,1,3,5.0,5.0,80463,M,4986386.0,258699.0,80
201800018018,18,4,12,1720,1,1,2,5.0,3.0,80456,M,4980724.0,179346.0,80
201800018019,18,4,20,1645,1,1,2,1.0,1.0,80142,M,4990293.0,208626.0,80
201800018020,18,4,22,1630,1,2,1,1.0,3.0,80592,M,4985388.0,175396.0,80
201800018021,18,9,15,1800,1,1,1,1.0,7.0,80655,M,4995136.0,198353.0,80
201800018022,18,9,27,1805,1,1,2,1.0,3.0,80699,M,4987198.0,178062.0,80
201800018023,18,12,24,1930,5,1,2,1.0,1.0,80655,M,4995938.0,199070.0,80
201800018024,18,1,15,820,1,2,1,1.0,1.0,80791,M,4983953.0,222418.0,80
201800018025,18,1,24,1415,1,1,1,6.0,7.0,80761,M,4975888.0,218574.0,80
201800018026,18,2,23,1200,1,1,1,1.0,6.0,80317,M,4973217.0,209071.0,80
201800018027,18,5,4,2140,2,1,1,1.0,7.0,80424,M,4982374.0,226575.0,80
201800018028,18,5,8,130,5,2,4,1.0,1.0,80630,M,4977466.0,198567.0,80
201800018029,18,5,14,905,1,1,1,1.0,3.0,80424,M,4981593.0,226262.0,80
201800018030,18,6,4,2130,2,1,2,1.0,6.0,80352,M,4978870.0,211551.0,80
201800018031,18,6,4,1510,1,1,2,1.0,3.0,80352,M,4978892.0,211535.0,80
201800018032,18,6,9,1815,1,2,1,1.0,3.0,80375,M,4978113.0,175968.0,80
201800018033,18,7,24,800,1,1,1,1.0,1.0,80273,M,4978676.0,194060.0,80
201800018034,18,7,29,1920,1,1,1,1.0,6.0,80227,M,4978356.0,198147.0,80
201800018035,18,8,1,1635,1,1,1,1.0,5.0,80791,M,4983522.0,223950.0,80
201800018036,18,10,12,2115,3,2,1,1.0,7.0,80211,M,4973520.0,215197.0,80
201800018037,18,11,4,2230,3,1,1,2.0,6.0,80582,M,4979181.0,210774.0,80
201800018038,18,11,21,1730,2,1,3,1.0,1.0,80627,M,4980954.0,221460.0,80
201800018039,18,12,10,1245,1,1,2,3.0,3.0,80211,M,4973972.0,218085.0,80
201800018040,18,12,30,2215,3,1,1,2.0,6.0,80455,M,4977280.0,196778.0,80
201800018041,18,12,31,1855,5,2,1,8.0,6.0,80656,M,4982294.0,208541.0,80
201800018042,18,1,8,1920,3,1,1,8.0,7.0,80639,M,4993988.0,229571.0,80
201800018043,18,2,11,2215,3,1,1,4.0,1.0,80650,M,4992927.0,239792.0,80
201800018044,18,2,21,2055,3,1,2,1.0,3.0,80202,M,4995461.0,234086.0,80
201800018045,18,2,24,900,1,1,1,1.0,6.0,80187,M,4996295.0,215960.0,80
201800018046,18,3,16,1620,1,2,1,1.0,1.0,80661,M,4997110.0,235372.0,80
201800018047,18,3,18,1220,1,1,1,1.0,1.0,80622,M,4993358.0,213737.0,80
201800018048,18,4,22,1630,1,1,1,1.0,5.0,80082,M,4997821.0,214086.0,80
201800018049,18,4,21,1300,1,1,1,1.0,4.0,80187,M,4996385.0,217376.0,80
201800018050,18,5,4,2000,2,1,2,1.0,3.0,80704,M,4997073.0,240720.0,80
201800018051,18,5,30,1815,1,1,1,1.0,1.0,80137,M,4993865.0,216236.0,80
201800018052,18,6,14,930,1,2,6,1.0,7.0,80639,M,4994544.0,230958.0,80
201800018053,18,9,1,600,2,1,6,5.0,6.0,80024,M,4993601.0,224375.0,80
201800018054,18,9,7,2130,3,1,1,1.0,2.0,80639,M,4997899.0,231568.0,80
201800018055,18,9,23,1500,1,1,1,2.0,1.0,80718,M,4995250.0,220282.0,80
201800018056,18,9,28,2223,5,2,1,1.0,6.0,80011,M,4992024.0,221580.0,80
201800018057,18,1,26,1930,3,1,2,1.0,6.0,80078,M,5008450.0,192854.0,80
201800018058,18,3,4,600,2,1,1,1.0,1.0,80328,M,5002447.0,195789.0,80
201800018059,18,3,31,1430,1,1,1,1.0,7.0,80830,M,5010896.0,198683.0,80
201800018060,18,4,15,1845,1,1,1,1.0,3.0,80716,M,5013351.0,195596.0,80
201800018061,18,4,17,1857,1,1,2,1.0,3.0,80019,M,4995802.0,189912.0,80
201800018062,18,5,3,2255,3,1,1,1.0,6.0,80779,M,5009039.0,188194.0,80
201800018063,18,5,7,1845,1,2,1,1.0,6.0,80446,M,5002136.0,177011.0,80
201800018064,18,5,20,2325,3,1,1,1.0,6.0,80282,M,5003705.0,183371.0,80
201800018065,18,6,15,300,3,2,1,1.0,7.0,80488,M,5001128.0,199192.0,80
201800018066,18,6,17,1215,1,1,1,1.0,7.0,80779,M,5010624.0,188547.0,80
201800018067,18,7,2,1735,1,1,1,1.0,3.0,80078,M,5007973.0,198483.0,80
201800018068,18,7,12,825,1,1,1,1.0,5.0,80260,M,5013418.0,185956.0,80
201800018069,18,7,20,2315,3,1,2,2.0,3.0,80215,M,5016713.0,201191.0,80
201800018070,18,8,13,1515,1,1,1,1.0,6.0,80262,M,5006104.0,189393.0,80
201800018071,18,8,29,1315,1,1,1,3.0,5.0,80163,M,5010425.0,176289.0,80
201800018072,18,9,15,1745,1,1,2,1.0,3.0,80078,M,5008460.0,192873.0,80
201800018073,18,9,21,1130,1,1,1,1.0,6.0,80163,M,5012395.0,174697.0,80
201800018074,18,9,30,800,1,1,1,1.0,6.0,80446,M,5003546.0,174683.0,80
201800018075,18,10,27,1120,1,2,1,1.0,3.0,80446,M,5002329.0,175899.0,80
201800018076,18,12,13,1230,1,2,1,1.0,6.0,80446,M,5002530.0,176430.0,80
201800018077,18,12,15,1915,3,1,2,3.0,3.0,80078,M,5008433.0,192882.0,80
201800018078,18,1,26,1630,1,2,1,7.0,6.0,80183,M,4998016.0,174939.0,80
201800018079,18,4,14,1800,1,2,1,1.0,3.0,80714,M,5007306.0,145914.0,80
201800018080,18,4,18,1055,1,2,1,1.0,6.0,80063,M,5001672.0,150910.0,80
201800018081,18,5,13,445,3,2,1,1.0,6.0,80008,M,5002958.0,161908.0,80
201800018082,18,6,20,2000,1,2,1,1.0,3.0,80760,M,4999733.0,157112.0,80
201800018083,18,7,6,1550,1,2,1,1.0,3.0,80373,M,4998769.0,155465.0,80
201800018084,18,7,9,2230,2,2,1,1.0,3.0,80827,M,5006453.0,153664.0,80
201800018085,18,7,21,1655,1,1,1,1.0,6.0,80368,M,5007348.0,154298.0,80
201800018086,18,8,22,2140,5,2,1,1.0,6.0,80368,M,5008954.0,155212.0,80
201800018087,18,10,9,1145,1,2,2,1.0,3.0,80770,M,5008581.0,152011.0,80
201800018088,18,10,11,2200,3,1,9,8.0,6.0,80096,M,5007063.0,150785.0,80
201800018089,18,11,23,910,1,1,9,7.0,1.0,80190,M,5006586.0,164895.0,80
201800018090,18,3,4,930,1,1,1,2.0,3.0,80633,M,5020835.0,167915.0,80
201800018091,18,5,20,2230,3,1,1,1.0,6.0,80250,M,5021313.0,191088.0,80
201800018092,18,6,17,1740,1,1,1,1.0,7.0,80167,M,5019561.0,188016.0,80
201800018093,18,7,12,935,1,2,1,1.0,6.0,80248,M,5026653.0,189864.0,80
201800018094,18,8,25,2155,5,1,1,1.0,6.0,80713,M,5027083.0,160098.0,80
201800018095,18,11,1,1510,1,1,1,1.0,1.0,80303,M,5023648.0,164488.0,80
201800018096,18,1,4,1240,1,2,1,1.0,7.0,80122,M,5022235.0,233484.0,80
201800018097,18,2,28,1650,1,1,1,1.0,1.0,80253,M,5014498.0,233780.0,80
201800018098,18,4,15,1115,1,2,1,1.0,3.0,80253,M,5015997.0,234795.0,80
201800018099,18,5,2,725,1,1,1,1.0,6.0,80498,M,5007414.0,259475.0,80
201800018100,18,6,27,1615,1,1,3,1.0,7.0,80733,M,5002798.0,256640.0,80
201800018101,18,7,14,1240,1,1,3,1.0,3.0,80498,M,5007489.0,259512.0,80
201800018102,18,8,19,1250,1,1,2,1.0,3.0,80431,M,5003089.0,239389.0,80
201800018103,18,8,22,5,5,2,1,1.0,6.0,80253,M,5016042.0,233621.0,80
201800018104,18,2,17,1700,1,2,9,1.0,6.0,80086,M,5012380.0,216687.0,80
201800018105,18,2,18,1915,3,1,1,1.0,6.0,80346,M,5008903.0,211329.0,80
201800018106,18,3,24,1735,1,2,1,1.0,5.0,80318,M,5000512.0,207489.0,80
201800018107,18,5,26,1605,1,2,1,1.0,6.0,80466,M,5008810.0,214006.0,80
201800018108,18,6,24,1828,1,2,3,1.0,3.0,80566,M,5008710.0,223301.0,80
201800018109,18,7,13,1122,1,2,3,8.0,3.0,80711,M,5003898.0,212474.0,80
201800018110,18,7,14,2300,5,2,1,1.0,6.0,80296,M,5002253.0,203891.0,80
201800018111,18,7,27,1550,1,1,1,1.0,3.0,80086,M,5013069.0,217220.0,80
201800018112,18,9,14,825,2,1,1,5.0,7.0,80835,M,4998470.0,210269.0,80
201800018113,18,1,16,450,3,1,1,3.0,6.0,80230,M,4977543.0,286577.0,80
201800018114,18,2,20,1640,1,2,1,1.0,6.0,80685,M,4970319.0,278038.0,80
201800018115,18,3,20,1015,1,1,1,1.0,1.0,80224,M,4972784.0,291615.0,80
201800018116,18,4,20,1730,1,1,1,7.0,1.0,80393,M,4972795.0,280407.0,80
201800018117,18,4,21,1120,1,1,9,1.0,1.0,80541,M,4964670.0,253120.0,80
201800018118,18,5,11,400,3,1,1,1.0,6.0,80232,M,4971815.0,274237.0,80
201800018119,18,5,21,1,3,1,1,1.0,7.0,80326,M,4966548.0,252606.0,80
201800018120,18,5,22,2235,5,2,1,1.0,6.0,80561,M,4963428.0,256142.0,80
201800018121,18,5,30,815,1,1,1,1.0,1.0,80292,M,4976956.0,283961.0,80
201800018122,18,5,30,1030,1,1,1,1.0,7.0,80395,M,4969539.0,265172.0,80
201800018123,18,8,3,1218,1,2,3,1.0,3.0,80685,M,4969806.0,279058.0,80
201800018124,18,8,13,150,3,2,1,2.0,6.0,80395,M,4970415.0,266202.0,80
201800018125,18,8,19,1700,1,2,1,1.0,6.0,80279,M,4970517.0,294563.0,80
201800018126,18,8,26,800,2,1,1,1.0,7.0,80383,M,4971224.0,275682.0,80
201800018127,18,9,3,1658,1,1,3,1.0,7.0,80421,M,4976690.0,279834.0,80
201800018128,18,9,27,939,1,2,1,7.0,3.0,80279,M,4970345.0,294687.0,80
201800018129,18,10,2,800,1,2,1,1.0,7.0,80685,M,4968407.0,278015.0,80
201800018130,18,10,16,1230,1,2,1,1.0,1.0,80395,M,4970446.0,266134.0,80
201800018131,18,10,18,1214,1,1,2,1.0,2.0,80685,M,4969656.0,280659.0,80
201800018132,18,10,24,1300,1,2,1,1.0,2.0,80541,M,4964225.0,252099.0,80
201800018133,18,10,25,2030,3,1,1,1.0,5.0,80676,M,4967967.0,283482.0,80
201800018134,18,10,26,2250,3,1,1,1.0,7.0,80386,M,4968192.0,255986.0,80
201800018135,18,10,30,1955,3,1,1,1.0,6.0,80293,M,4965949.0,258751.0,80
201800018136,18,11,9,750,1,1,1,1.0,1.0,80685,M,4967889.0,277260.0,80
201800018137,18,11,16,440,3,1,2,5.0,3.0,80685,M,4968421.0,278928.0,80
201800018138,18,11,30,1720,5,1,6,2.0,3.0,80685,M,4970858.0,277607.0,80
201800018139,18,2,15,1705,1,1,2,1.0,3.0,80752,M,4981659.0,244449.0,80
201800018140,18,3,17,500,3,1,1,1.0,7.0,80010,M,4975843.0,237520.0,80
201800018141,18,4,9,1650,1,1,2,2.0,3.0,80545,M,4978845.0,257462.0,80
201800018142,18,4,11,1425,1,2,1,1.0,6.0,80652,M,4977921.0,262647.0,80
201800018143,18,4,11,2150,5,2,1,1.0,6.0,80570,M,4977259.0,249090.0,80
201800018144,18,5,24,1845,1,1,1,1.0,6.0,80337,M,4982878.0,240620.0,80
201800018145,18,8,10,1855,1,1,1,1.0,7.0,80010,M,4977120.0,236783.0,80
201800018146,18,8,12,1825,1,1,1,8.0,7.0,80213,M,4980639.0,235484.0,80
201800018147,18,9,7,1645,1,1,2,1.0,3.0,80545,M,4979355.0,255735.0,80
201800018148,18,9,24,1115,1,1,1,7.0,2.0,80242,M,4981427.0,248886.0,80
201800018149,18,9,24,2045,3,1,1,1.0,7.0,80452,M,4976010.0,233862.0,80
201800018150,18,9,29,1840,1,1,1,1.0,7.0,80031,M,4975705.0,264759.0,80
201800018151,18,11,10,745,1,1,1,2.0,7.0,80246,M,4980034.0,239510.0,80
201800018152,18,12,20,800,2,2,1,1.0,6.0,80570,M,4977199.0,248291.0,80
201800018153,18,12,20,1830,5,2,1,1.0,6.0,80570,M,4977100.0,247615.0,80
201800018154,18,1,17,2045,5,2,2,2.0,3.0,80204,M,5000838.0,286982.0,80
201800018155,18,1,28,1430,1,1,1,1.0,6.0,80801,M,4986725.0,289878.0,80
201800018156,18,2,10,1745,2,1,1,1.0,3.0,80150,M,4993837.0,300105.0,80
201800018157,18,3,5,530,2,1,1,8.0,3.0,80801,M,4987644.0,291361.0,80
201800018158,18,3,17,935,1,1,1,4.0,3.0,80812,M,4987842.0,306526.0,80
201800018159,18,4,23,1350,1,2,1,1.0,6.0,80434,M,4993691.0,311041.0,80
201800018160,18,5,21,1955,1,1,1,1.0,6.0,80801,M,4986567.0,288785.0,80
201800018161,18,7,8,1800,1,1,1,1.0,7.0,80490,M,5002771.0,278508.0,80
201800018162,18,7,16,1505,1,2,3,1.0,3.0,80271,M,5000666.0,313045.0,80
201800018163,18,8,26,2100,5,2,1,2.0,6.0,80620,M,4992108.0,293330.0,80
201800018164,18,8,28,55,5,2,1,1.0,6.0,80312,M,5003243.0,304128.0,80
201800018165,18,10,18,2230,3,1,1,1.0,1.0,80271,M,5001193.0,312628.0,80
201800018166,18,11,8,1315,1,2,1,1.0,4.0,80557,M,4987768.0,300150.0,80
201800018167,18,12,19,1820,3,1,1,1.0,2.0,80557,M,4988696.0,303670.0,80
201800018168,18,12,22,1835,3,1,2,2.0,3.0,80404,M,4998898.0,307587.0,80
201800018169,18,1,19,1515,1,2,2,1.0,3.0,80823,M,4977590.0,268424.0,80
201800018170,18,3,16,1535,1,2,3,1.0,2.0,80353,M,4985049.0,287644.0,80
201800018171,18,3,17,2100,3,1,1,1.0,7.0,80136,M,4995136.0,271487.0,80
201800018172,18,4,18,200,3,1,1,1.0,6.0,80192,M,4993523.0,263609.0,80
201800018173,18,4,24,1025,1,1,2,1.0,1.0,80644,M,4987361.0,271143.0,80
201800018174,18,5,11,850,1,1,1,1.0,1.0,80781,M,4984509.0,268789.0,80
201800018175,18,5,25,1200,1,1,2,7.0,3.0,80116,M,4974444.0,267070.0,80
201800018176,18,6,5,1112,1,1,2,8.0,3.0,80572,M,4993614.0,262714.0,80
201800018177,18,6,26,2045,2,2,1,1.0,6.0,80680,M,4982052.0,270909.0,80
201800018178,18,8,7,352,5,2,1,1.0,6.0,80186,M,4980775.0,280133.0,80
201800018179,18,9,4,915,1,2,1,2.0,6.0,80680,M,4981520.0,270490.0,80
201800018180,18,11,12,1205,1,2,1,2.0,6.0,80136,M,4994539.0,271664.0,80
201800018181,18,11,23,650,3,1,2,5.0,3.0,80058,M,4987238.0,263613.0,80
201800018182,18,11,28,650,5,2,1,3.0,6.0,80186,M,4981061.0,280307.0,80
201800018183,18,11,28,1900,3,1,1,1.0,6.0,80191,M,4979682.0,276679.0,80
201800018184,18,3,12,1715,1,2,1,2.0,7.0,80410,M,4974966.0,307662.0,80
201800018185,18,3,13,2215,3,1,1,1.0,6.0,80585,M,4975073.0,289148.0,80
201800018186,18,4,19,1150,1,2,1,1.0,4.0,80410,M,4975004.0,307108.0,80
201800018187,18,5,12,1600,1,2,1,1.0,3.0,80579,M,4973745.0,306836.0,80
201800018188,18,6,4,2315,3,1,1,1.0,1.0,80726,M,4978037.0,303499.0,80
201800018189,18,6,8,1030,1,2,3,1.0,3.0,80519,M,4979173.0,301268.0,80
201800018190,18,6,25,2245,3,1,1,1.0,7.0,80252,M,4978406.0,304713.0,80
201800018191,18,6,27,1355,1,2,1,1.0,6.0,80585,M,4976243.0,290353.0,80
201800018192,18,7,1,1,5,2,1,1.0,6.0,80794,M,4979539.0,297138.0,80
201800018193,18,7,22,1805,1,2,3,1.0,6.0,80274,M,4973975.0,306555.0,80
201800018194,18,8,13,200,3,1,1,2.0,7.0,80555,M,4986082.0,304874.0,80
201800018195,18,9,7,1150,1,2,2,1.0,6.0,80410,M,4975302.0,306608.0,80
201800018196,18,9,19,1505,1,2,1,1.0,6.0,80410,M,4974198.0,308757.0,80
201800018197,18,11,2,1915,3,2,1,1.0,3.0,80410,M,4974041.0,309174.0,80
201800018198,18,12,7,715,3,1,1,2.0,7.0,80726,M,4976161.0,305498.0,80
201800018199,18,12,20,1600,1,2,1,1.0,6.0,80410,M,4974476.0,307515.0,80
201800018200,18,12,22,1840,5,2,1,2.0,1.0,80579,M,4973365.0,306795.0,80
201800018201,18,4,4,720,1,1,1,2.0,3.0,60539,M,4929589.0,251535.0,60
201800018202,18,5,1,1445,1,1,1,1.0,3.0,60036,M,4938638.0,257889.0,60
201800018203,18,6,19,1614,1,1,1,1.0,1.0,60036,M,4939138.0,258923.0,60
201800018204,18,7,19,1820,1,2,1,1.0,6.0,60587,M,4933521.0,260402.0,60
201800018205,18,10,1,1825,1,1,1,1.0,7.0,60078,M,4938082.0,262355.0,60
201800018206,18,11,12,725,3,1,1,2.0,6.0,60102,M,4930706.0,256609.0,60
201800018207,18,12,9,335,3,1,1,3.0,7.0,60539,M,4929680.0,251719.0,60
201800018208,18,12,18,1500,1,2,7,1.0,6.0,60587,M,4934165.0,260619.0,60
201800018209,18,12,18,1615,1,1,2,8.0,5.0,60102,M,4930765.0,256539.0,60
201800018210,18,7,23,954,2,1,1,1.0,7.0,24166,M,4515828.0,87773.0,24
201800018211,18,3,28,740,1,2,1,1.0,6.0,20305,M,4271999.0,945451.0,202
201800018212,18,4,7,1000,1,1,1,1.0,6.0,20152,M,4288543.0,947342.0,202
201800018213,18,5,11,1745,1,1,1,1.0,7.0,20281,M,4281714.0,948855.0,202
201800018214,18,5,18,1350,1,1,1,1.0,3.0,20152,M,4289815.0,940137.0,202
201800018215,18,6,25,1150,1,1,1,1.0,7.0,20261,M,4296201.0,942584.0,202
201800018216,18,6,30,1650,1,1,1,1.0,7.0,20170,M,4293775.0,936104.0,202
201800018217,18,7,16,300,3,1,1,1.0,6.0,20327,M,4294351.0,946135.0,202
201800018218,18,7,23,1945,1,1,1,1.0,6.0,20281,M,4279611.0,948999.0,202
201800018219,18,8,5,710,1,1,1,1.0,3.0,20224,M,4283014.0,948602.0,202
201800018220,18,8,26,15,3,1,1,6.0,6.0,20224,M,4284298.0,948298.0,202
201800018221,18,9,6,1415,1,1,1,1.0,6.0,20030,M,4286721.0,934884.0,202
201800018222,18,9,12,1256,1,1,1,1.0,1.0,20309,M,4274090.0,946110.0,202
201800018223,18,1,8,1850,3,1,1,1.0,2.0,20207,M,4245434.0,950367.0,202
201800018224,18,3,14,1300,1,1,1,1.0,1.0,20242,M,4241142.0,953083.0,202
201800018225,18,3,14,815,1,1,1,1.0,1.0,20077,M,4246802.0,947906.0,202
201800018226,18,3,23,2035,3,1,1,1.0,2.0,20077,M,4247451.0,948393.0,202
201800018227,18,4,18,920,1,1,1,1.0,4.0,20318,M,4243935.0,951391.0,202
201800018228,18,4,30,230,5,2,1,1.0,6.0,20319,M,4241656.0,952914.0,202
201800018229,18,5,4,1315,1,1,1,2.0,1.0,20318,M,4244026.0,951279.0,202
201800018230,18,5,22,1015,1,2,1,1.0,6.0,20207,M,4244540.0,950774.0,202
201800018231,18,7,19,1423,1,1,1,1.0,6.0,20207,M,4246264.0,949704.0,202
201800018232,18,7,19,1545,1,1,1,1.0,7.0,20145,M,4247552.0,943008.0,202
201800018233,18,7,23,815,1,1,2,1.0,3.0,20077,M,4247050.0,948729.0,202
201800018234,18,8,7,2130,3,1,1,1.0,6.0,20297,M,4241010.0,939112.0,202
201800018235,18,8,7,300,3,1,1,1.0,3.0,20077,M,4246511.0,949431.0,202
201800018236,18,8,13,1630,1,2,1,1.0,5.0,20346,M,4249866.0,946756.0,202
201800018237,18,8,13,1745,1,1,3,1.0,3.0,20207,M,4246196.0,949767.0,202
201800018238,18,8,15,1540,1,1,1,1.0,3.0,20280,M,4245648.0,942887.0,202
201800018239,18,8,19,2000,2,1,1,1.0,5.0,20077,M,4247444.0,951617.0,202
201800018240,18,9,10,1510,1,2,1,1.0,2.0,20346,M,4250019.0,946625.0,202
201800018241,18,9,25,1210,1,1,1,1.0,6.0,20072,M,4244110.0,940512.0,202
201800018242,18,10,25,1520,1,1,4,1.0,1.0,20077,M,4246399.0,949596.0,202
201800018243,18,11,2,1420,1,1,1,2.0,1.0,20252,M,4244462.0,946520.0,202
201800018244,18,11,7,1140,1,1,1,1.0,2.0,20077,M,4246598.0,949321.0,202
201800018245,18,11,10,920,1,2,1,1.0,6.0,20210,M,4241572.0,946652.0,202
201800018246,18,11,29,2100,3,1,1,1.0,6.0,20207,M,4244770.0,953584.0,202
201800018247,18,12,22,2009,5,2,1,1.0,6.0,20286,M,4248742.0,947953.0,202
201800018248,18,4,11,1746,1,1,1,2.0,3.0,20150,M,4258471.0,883074.0,202
201800018249,18,5,2,1350,1,2,9,2.0,3.0,20050,M,4255016.0,876138.0,202
201800018250,18,5,6,1230,1,2,1,2.0,7.0,20050,M,4256819.0,875585.0,202
201800018251,18,5,10,1700,1,2,1,1.0,6.0,20121,M,4243360.0,877490.0,202
201800018252,18,5,11,1609,1,1,1,1.0,7.0,20049,M,4247981.0,877505.0,202
201800018253,18,6,15,930,1,1,1,1.0,3.0,20165,M,4249055.0,880787.0,202
201800018254,18,6,21,1715,1,2,1,1.0,6.0,20050,M,4256307.0,875474.0,202
201800018255,18,7,6,545,2,1,1,1.0,6.0,20121,M,4241958.0,871541.0,202
201800018256,18,7,9,730,1,2,3,1.0,3.0,20050,M,4256250.0,875314.0,202
201800018257,18,10,13,1440,1,2,3,1.0,3.0,20050,M,4255102.0,876598.0,202
201800018258,18,10,13,100,3,1,1,1.0,7.0,20049,M,4248084.0,877391.0,202
201800018259,18,11,22,1330,1,1,1,1.0,1.0,20361,M,4252458.0,888600.0,202
201800018260,18,12,18,1815,3,1,4,9.0,5.0,20050,M,4254425.0,878771.0,202
201800018261,18,1,9,700,5,2,9,1.0,6.0,20096,M,4230211.0,915666.0,202
201800018262,18,1,12,1850,3,1,1,1.0,6.0,20238,M,4227288.0,922148.0,202
201800018263,18,1,30,1230,1,1,1,1.0,7.0,20341,M,4224227.0,917787.0,202
201800018264,18,4,18,805,1,1,1,1.0,1.0,20354,M,4217048.0,917205.0,202
201800018265,18,5,13,1500,1,1,1,1.0,1.0,20354,M,4217048.0,917203.0,202
201800018266,18,6,7,1000,1,2,1,1.0,6.0,20096,M,4230604.0,914865.0,202
201800018267,18,6,22,730,1,1,1,1.0,7.0,20260,M,4224757.0,917762.0,202
201800018268,18,6,28,1830,1,1,1,2.0,6.0,20126,M,4219150.0,936433.0,202
201800018269,18,7,7,1018,1,1,1,1.0,2.0,20096,M,4231593.0,915810.0,202
201800018270,18,7,24,1308,1,1,1,1.0,1.0,20354,M,4213224.0,913898.0,202
201800018271,18,7,26,1755,1,1,9,9.0,6.0,20096,M,4227018.0,908305.0,202
201800018272,18,7,27,1530,1,2,1,3.0,6.0,20096,M,4230729.0,915050.0,202
201800018273,18,9,11,1515,1,1,9,1.0,7.0,20329,M,4234022.0,921299.0,202
201800018274,18,9,11,2015,3,1,1,1.0,6.0,20260,M,4225111.0,918232.0,202
201800018275,18,9,14,1200,1,1,1,1.0,6.0,20096,M,4227018.0,908305.0,202
201800018276,18,10,30,1001,1,2,1,1.0,6.0,20096,M,4230588.0,915112.0,202
201800018277,18,11,23,1700,2,2,1,1.0,6.0,20226,M,4223729.0,934036.0,202
201800018278,18,11,27,804,1,2,9,2.0,2.0,20096,M,4227018.0,908305.0,202
201800018279,18,12,6,150,5,2,1,1.0,6.0,20096,M,4230638.0,915073.0,202
201800018280,18,12,6,1815,3,1,1,1.0,1.0,20218,M,4221542.0,930650.0,202
201800018281,18,12,16,810,1,1,1,1.0,6.0,20354,M,4213284.0,914014.0,202
201800018282,18,12,20,1630,1,1,1,1.0,6.0,20341,M,4220114.0,917199.0,202
201800018283,18,3,16,1240,1,1,1,1.0,3.0,20123,M,4206939.0,945234.0,202
201800018284,18,4,3,900,1,2,6,1.0,4.0,20251,M,4199911.0,940300.0,202
201800018285,18,5,9,1600,1,2,1,2.0,3.0,20251,M,4200156.0,939447.0,202
201800018286,18,7,14,1440,1,1,1,1.0,6.0,20342,M,4194060.0,933727.0,202
201800018287,18,8,9,500,5,2,1,1.0,1.0,20123,M,4202355.0,941115.0,202
201800018288,18,8,12,1445,1,1,1,1.0,6.0,20342,M,4194483.0,935606.0,202
201800018289,18,8,26,615,3,1,1,1.0,6.0,20123,M,4206201.0,943675.0,202
201800018290,18,8,30,2030,5,1,1,1.0,1.0,20251,M,4200364.0,940313.0,202
201800018291,18,9,27,1230,1,2,3,1.0,3.0,20342,M,4191498.0,938918.0,202
201800018292,18,11,25,1545,1,1,1,1.0,1.0,20283,M,4187976.0,932057.0,202
201800018293,18,12,27,1135,1,2,9,1.0,3.0,20251,M,4200152.0,940193.0,202
201800018294,18,2,2,1430,1,1,1,1.0,1.0,31150,M,4366062.0,132492.0,31
201800018295,18,4,13,1620,1,1,1,1.0,3.0,31056,M,4366716.0,136173.0,31