Num_Acc,an,mois,jour,hrmn,lum,agg,int,atm,col,com,gps,lat,long,dep
201800018296,18,11,1,915,1,1,1,8.0,3.0,31150,M,4366056.0,133051.0,31
201800018297,18,2,17,1340,1,1,1,1.0,3.0,20006,M,4197845.0,877919.0,201
201800018298,18,2,22,1110,1,1,3,1.0,3.0,20209,M,4199490.0,885004.0,201
201800018299,18,4,8,850,1,1,1,1.0,6.0,20271,M,4200641.0,883722.0,201
201800018300,18,4,19,745,1,1,6,1.0,2.0,20271,M,4195652.0,879912.0,201
201800018301,18,4,22,1830,1,1,1,1.0,3.0,20017,M,4200670.0,874968.0,201
201800018302,18,4,29,1115,1,1,1,1.0,5.0,20040,M,4208277.0,903467.0,201
201800018303,18,5,3,1820,1,1,1,1.0,1.0,20006,M,4197313.0,875971.0,201
201800018304,18,5,9,1715,1,1,1,8.0,7.0,20040,M,4209419.0,908059.0,201
201800018305,18,5,30,1115,1,1,6,1.0,6.0,20351,M,4196627.0,866121.0,201
201800018306,18,5,17,1830,1,1,3,1.0,1.0,20323,M,4202337.0,890054.0,201
201800018307,18,6,23,1330,1,1,1,1.0,3.0,20271,M,4196739.0,881640.0,201
201800018308,18,7,19,728,1,1,1,1.0,2.0,20006,M,4196819.0,877923.0,201
201800018309,18,7,22,2115,3,1,1,1.0,3.0,20040,M,4208464.0,903927.0,201
201800018310,18,9,8,1420,1,1,2,1.0,3.0,20271,M,4201019.0,886713.0,201
201800018311,18,9,29,145,3,1,6,1.0,6.0,20006,M,4197057.0,877883.0,201
201800018312,18,10,10,710,2,1,1,1.0,3.0,20006,M,4196408.0,872146.0,201
201800018313,18,10,13,1530,1,1,1,1.0,1.0,20040,M,4208590.0,903958.0,201
201800018314,18,10,17,1600,1,1,3,8.0,3.0,20103,M,4197553.0,884447.0,201
201800018315,18,10,16,1910,2,2,6,1.0,6.0,20271,M,4195274.0,879521.0,201
201800018316,18,11,29,1730,3,1,3,1.0,3.0,20271,M,4194859.0,881188.0,201
201800018317,18,12,26,1245,1,2,1,1.0,1.0,20209,M,4199977.0,885381.0,201
201800018318,18,3,19,725,1,2,1,1.0,1.0,20130,M,4190186.0,881288.0,201
201800018319,18,4,6,2030,3,1,1,1.0,3.0,20181,M,4193236.0,889199.0,201
201800018320,18,5,10,1815,1,2,1,1.0,2.0,20085,M,4191756.0,891681.0,201
201800018321,18,5,16,1245,1,2,1,1.0,7.0,20130,M,4188866.0,887611.0,201
201800018322,18,6,8,1630,1,1,1,1.0,6.0,20130,M,4188559.0,893397.0,201
201800018323,18,7,9,1900,1,2,1,1.0,7.0,20130,M,4189811.0,880926.0,201
201800018324,18,7,10,1845,1,1,1,1.0,6.0,20130,M,4188976.0,881524.0,201
201800018325,18,7,15,1500,1,1,1,1.0,6.0,20098,M,4176889.0,874391.0,201
201800018326,18,7,18,2030,2,2,1,1.0,7.0,20130,M,4188557.0,880777.0,201
201800018327,18,8,6,43,4,1,1,1.0,3.0,20104,M,4191648.0,888653.0,201
201800018328,18,8,18,630,2,1,3,1.0,3.0,20085,M,4191156.0,883807.0,201
201800018329,18,9,10,1155,1,2,1,1.0,1.0,20130,M,4189862.0,880979.0,201
201800018330,18,9,13,1750,1,1,1,1.0,3.0,20085,M,4191323.0,888340.0,201
201800018331,18,9,18,755,1,1,3,7.0,3.0,20104,M,4191382.0,884748.0,201
201800018332,18,10,5,900,1,2,1,1.0,6.0,20008,M,4185855.0,880078.0,201
201800018333,18,10,16,930,1,1,1,3.0,6.0,20130,M,4186494.0,896476.0,201
201800018334,18,1,6,1530,1,2,1,1.0,1.0,20139,M,4167968.0,933393.0,201
201800018335,18,5,13,1700,1,1,1,1.0,7.0,20269,M,4182104.0,940318.0,201
201800018336,18,6,18,1150,1,1,1,1.0,6.0,20269,M,4184975.0,935648.0,201
201800018337,18,7,4,1245,1,1,1,1.0,1.0,20139,M,4165588.0,931678.0,201
201800018338,18,7,8,1410,1,2,1,1.0,7.0,20139,M,4163620.0,933895.0,201
201800018339,18,7,10,435,5,1,1,1.0,6.0,20362,M,4168422.0,937150.0,201
201800018340,18,8,16,1145,1,1,1,1.0,3.0,20362,M,4169363.0,933561.0,201
201800018341,18,9,20,200,3,2,1,1.0,6.0,20092,M,4174966.0,940123.0,201
201800018342,18,1,13,1809,2,2,1,1.0,6.0,79066,M,4648723.0,-40111.0,79
201800018343,18,2,11,1615,1,1,4,1.0,7.0,79101,M,4646787.0,-59914.0,79
201800018344,18,4,7,1200,1,1,3,2.0,3.0,79101,M,4647928.0,-62876.0,79
201800018345,18,4,13,1750,1,1,1,1.0,6.0,79012,M,4645282.0,-53455.0,79
201800018346,18,4,16,1245,1,1,1,1.0,6.0,79284,M,4642626.0,-44551.0,79
201800018347,18,4,21,845,1,1,1,1.0,1.0,79309,M,4659598.0,-54430.0,79
201800018348,18,5,6,1720,1,1,2,1.0,3.0,79012,M,4651709.0,-56136.0,79
201800018349,18,6,15,930,1,1,1,2.0,1.0,79101,M,4647802.0,-60090.0,79
201800018350,18,6,15,2000,1,1,1,1.0,6.0,79066,M,4648522.0,-41473.0,79
201800018351,18,6,28,730,1,1,3,1.0,3.0,79263,M,4651496.0,-57476.0,79
201800018352,18,6,28,2245,3,2,3,1.0,1.0,79200,M,4653547.0,-44065.0,79
201800018353,18,6,29,2300,4,1,1,1.0,6.0,79101,M,4647999.0,-62647.0,79
201800018354,18,7,2,1110,1,1,1,8.0,6.0,79012,M,4646763.0,-57958.0,79
201800018355,18,7,5,900,1,1,2,1.0,3.0,79249,M,4636440.0,-40895.0,79
201800018356,18,6,12,1830,1,1,1,1.0,2.0,79241,M,4646094.0,-37556.0,79
201800018357,18,7,17,1641,1,1,1,1.0,6.0,79012,M,4646731.0,-57920.0,79
201800018358,18,7,26,1900,1,1,1,1.0,6.0,79200,M,4652569.0,-43213.0,79
201800018359,18,8,18,1430,1,1,5,1.0,5.0,79109,M,4637768.0,-44437.0,79
201800018360,18,8,19,1912,1,1,1,1.0,7.0,79086,M,4643093.0,-32961.0,79
201800018361,18,8,21,1830,1,1,1,1.0,6.0,79133,M,4647970.0,-41872.0,79
201800018362,18,9,21,1840,1,1,3,1.0,6.0,79101,M,4649441.0,-58848.0,79
201800018363,18,9,22,1515,1,1,2,1.0,1.0,79066,M,4648647.0,-41898.0,79
201800018364,18,3,31,1635,1,1,1,3.0,3.0,79130,M,4624271.0,-54014.0,79
201800018365,18,5,12,1320,1,1,1,2.0,6.0,79130,M,4628238.0,-56447.0,79
201800018366,18,6,14,130,3,1,6,1.0,6.0,79034,M,4628945.0,-50924.0,79
201800018367,18,7,20,1800,1,2,1,1.0,1.0,79219,M,4614135.0,-60726.0,79
201800018368,18,9,1,430,3,2,1,1.0,6.0,79003,M,4629709.0,-42506.0,79
201800018369,18,9,6,940,1,1,1,2.0,4.0,79100,M,4634717.0,-59328.0,79
201800018370,18,9,12,1450,1,1,1,1.0,7.0,79298,M,4627023.0,-44893.0,79
201800018371,18,9,15,200,5,2,1,1.0,6.0,79216,M,4625912.0,-34510.0,79
201800018372,18,2,3,1105,1,1,1,1.0,1.0,79185,M,4629948.0,-31445.0,79
201800018373,18,3,5,1800,1,2,1,1.0,3.0,79174,M,4622858.0,-13985.0,79
201800018374,18,3,11,230,4,2,3,1.0,2.0,79057,M,4614640.0,-21598.0,79
201800018375,18,4,7,2030,2,1,3,8.0,6.0,79312,M,4614329.0,-28612.0,79
201800018376,18,6,25,1845,1,1,1,1.0,7.0,79217,M,4630604.0,-19514.0,79
201800018377,18,8,28,1800,1,2,3,1.0,3.0,79061,M,4626030.0,-21266.0,79
201800018378,18,8,30,2030,1,2,1,2.0,7.0,79061,M,4625703.0,-20018.0,79
201800018379,18,9,26,1915,2,1,3,1.0,3.0,79004,M,4633188.0,-23121.0,79
201800018380,18,10,18,1345,1,1,1,1.0,6.0,79352,M,4610408.0,-29164.0,79
201800018381,18,2,28,2145,3,1,1,4.0,7.0,79195,M,4692091.0,-57588.0,79
201800018382,18,3,17,2000,3,1,1,4.0,7.0,79195,M,4691391.0,-68496.0,79
201800018383,18,4,8,1,3,2,1,2.0,7.0,79062,M,4682724.0,-65359.0,79
201800018384,18,6,4,1830,1,1,1,1.0,6.0,79123,M,4680143.0,-65128.0,79
201800018385,18,8,4,1455,1,1,2,1.0,3.0,79195,M,4692687.0,-59176.0,79
201800018386,18,8,24,1550,1,1,1,1.0,6.0,79079,M,4698304.0,-65903.0,79
201800018387,18,9,21,745,1,1,3,2.0,3.0,79195,M,4695082.0,-55293.0,79
201800018388,18,9,26,1445,1,1,1,1.0,3.0,79103,M,4676166.0,-56938.0,79
201800018389,18,10,1,1345,1,2,3,1.0,1.0,79195,M,4694647.0,-59482.0,79
201800018390,18,10,7,1615,1,2,3,1.0,3.0,79195,M,4695151.0,-59170.0,79
201800018391,18,10,8,2300,3,1,1,1.0,6.0,79210,M,4685701.0,-65216.0,79
201800018392,18,12,17,750,2,1,1,8.0,3.0,79195,M,4693771.0,-57908.0,79
201800018393,18,1,31,1715,2,2,3,3.0,7.0,79292,M,4698860.0,-23230.0,79
201800018394,18,4,6,1004,1,1,1,1.0,7.0,79265,M,4698956.0,-15484.0,79
201800018395,18,4,12,1650,1,1,2,3.0,3.0,79265,M,4696901.0,-14264.0,79
201800018396,18,5,8,1845,1,1,2,1.0,3.0,79044,M,4705395.0,-31722.0,79
201800018397,18,7,13,1245,1,1,1,1.0,6.0,79265,M,4697798.0,-13682.0,79
201800018398,18,9,12,1900,2,1,1,1.0,7.0,79063,M,4704005.0,-36567.0,79
201800018399,18,9,28,755,2,1,2,1.0,3.0,79196,M,4692799.0,-8507.0,79
201800018400,18,10,21,1752,1,1,1,1.0,5.0,79321,M,4694414.0,-12384.0,79
201800018401,18,1,16,1630,1,2,1,1.0,3.0,79202,M,4664676.0,-24737.0,79
201800018402,18,2,3,1730,2,2,1,2.0,6.0,79339,M,4658060.0,-3056.0,79
201800018403,18,4,22,1207,1,1,1,1.0,1.0,79285,M,4658747.0,-29223.0,79
201800018404,18,4,19,1520,1,2,1,1.0,3.0,79202,M,4664509.0,-25308.0,79
201800018405,18,6,16,2112,1,1,1,1.0,1.0,79145,M,4673548.0,-23486.0,79
201800018406,18,6,18,40,3,1,1,1.0,7.0,79285,M,4657176.0,-33803.0,79
201800018407,18,7,25,2230,2,2,1,1.0,6.0,79339,M,4657498.0,-1387.0,79
201800018408,18,8,10,1215,1,2,6,1.0,3.0,79080,M,4665582.0,-24868.0,79
201800018409,18,8,13,1025,1,2,1,1.0,6.0,79202,M,4664477.0,-25052.0,79
201800018410,18,8,25,2132,3,1,1,1.0,1.0,79213,M,4662581.0,-25023.0,79
201800018411,18,9,14,2320,3,1,1,1.0,1.0,79008,M,4672241.0,-29794.0,79
201800018412,18,10,10,1445,1,1,1,2.0,6.0,79121,M,4648119.0,-10227.0,79
201800018413,18,10,15,1858,2,1,1,1.0,6.0,79322,M,4662376.0,-27944.0,79
201800018414,18,12,1,1130,1,2,1,2.0,6.0,79202,M,4664657.0,-24977.0,79
201800018415,18,9,5,1450,1,2,1,1.0,7.0,79005,M,4681953.0,-14296.0,79
201800018416,18,9,17,1810,1,1,2,7.0,3.0,79005,M,4684202.0,-11184.0,79
201800018417,18,12,22,630,3,1,1,8.0,1.0,79120,M,4665730.0,-5079.0,79
201800018418,18,2,14,1415,1,1,1,2.0,3.0,79311,M,4659930.0,-43040.0,79
201800018419,18,4,5,1130,1,1,1,1.0,6.0,79222,M,4673414.0,-52010.0,79
201800018420,18,4,10,1505,1,1,1,8.0,1.0,79179,M,4675356.0,-54774.0,79
201800018421,18,9,11,1245,1,2,1,1.0,1.0,79179,M,4672274.0,-58900.0,79
201800018422,18,9,29,1905,1,1,1,1.0,3.0,79311,M,4661286.0,-43711.0,79
201800018423,18,10,9,1700,1,1,1,1.0,6.0,79147,M,4667111.0,-50126.0,79
201800018424,18,10,15,1950,3,2,1,1.0,7.0,79147,M,4669169.0,-49965.0,79
201800018425,18,10,28,330,5,2,1,5.0,6.0,79179,M,4672931.0,-58214.0,79
201800018426,18,11,13,700,3,1,1,5.0,1.0,79311,M,4662085.0,-46532.0,79
201800018427,18,3,12,1600,1,1,1,2.0,1.0,76517,M,4950758.0,116283.0,76
201800018428,18,4,2,1840,1,1,1,2.0,1.0,76179,M,4957903.0,109083.0,76
201800018429,18,5,10,1500,1,1,1,1.0,6.0,76517,M,4949985.0,118401.0,76
201800018430,18,7,13,700,2,1,1,1.0,6.0,76443,M,4957155.0,110997.0,76
201800018431,18,9,8,1345,1,1,1,1.0,2.0,76245,M,4955308.0,105217.0,76
201800018432,18,10,12,1630,1,1,1,1.0,7.0,76555,M,4953415.0,121415.0,76
201800018433,18,11,23,1820,3,1,1,5.0,1.0,76367,M,4950417.0,109266.0,76
201800018434,18,1,23,800,4,2,1,2.0,6.0,76100,M,4950482.0,130600.0,76
201800018435,18,2,20,1645,1,2,1,1.0,2.0,76358,M,4947682.0,140550.0,76
201800018436,18,4,10,1245,1,2,7,1.0,6.0,76617,M,4946973.0,116597.0,76
201800018437,18,6,20,2110,1,1,1,1.0,1.0,76248,M,4958588.0,134430.0,76
201800018438,18,7,26,1900,1,1,1,1.0,1.0,76046,M,4943097.0,129338.0,76
201800018439,18,8,11,1826,1,1,1,1.0,6.0,76248,M,4957978.0,127602.0,76
201800018440,18,10,12,1350,1,2,9,1.0,1.0,76591,M,4944643.0,120787.0,76
201800018441,18,11,2,1455,1,1,3,1.0,5.0,76591,M,4944687.0,120322.0,76
201800018442,18,11,30,1030,1,1,1,1.0,6.0,76740,M,4951536.0,123090.0,76
201800018443,18,12,2,1426,1,1,1,2.0,7.0,76111,M,4944029.0,125341.0,76
201800018444,18,1,16,1800,3,1,1,2.0,1.0,76482,M,4988282.0,103863.0,76
201800018445,18,1,17,1330,1,1,3,1.0,3.0,76334,M,4983544.0,92010.0,76
201800018446,18,2,4,1940,3,1,1,1.0,7.0,76482,M,4985223.0,102288.0,76
201800018447,18,3,1,1855,3,1,1,2.0,6.0,76085,M,4982081.0,103347.0,76
201800018448,18,5,4,1530,1,1,1,1.0,3.0,76085,M,4981563.0,103584.0,76
201800018449,18,7,3,1520,1,1,1,1.0,3.0,76356,M,4981870.0,99354.0,76
201800018450,18,7,7,410,3,2,1,1.0,6.0,76720,M,4990361.0,99616.0,76
201800018451,18,7,14,30,3,1,1,1.0,7.0,76036,M,4984220.0,103723.0,76
201800018452,18,10,10,1815,1,1,1,1.0,6.0,76570,M,4978258.0,110948.0,76
201800018453,18,1,14,1645,2,1,1,1.0,7.0,76018,M,4968552.0,98418.0,76
201800018454,18,2,3,1650,1,1,2,2.0,3.0,76138,M,4967009.0,117306.0,76
201800018455,18,3,25,415,3,1,1,1.0,7.0,76126,M,4966416.0,134334.0,76
201800018456,18,5,5,1740,1,1,2,7.0,1.0,76138,M,4965877.0,118182.0,76
201800018457,18,6,25,750,1,2,3,7.0,3.0,76072,M,4969984.0,99457.0,76
201800018458,18,8,14,2350,3,1,1,1.0,7.0,76063,M,4973550.0,100990.0,76
201800018459,18,9,29,1145,1,2,2,1.0,3.0,76125,M,4962901.0,117801.0,76
201800018460,18,12,29,1443,1,1,1,1.0,6.0,76018,M,4969876.0,96862.0,76
201800018461,18,12,30,1250,1,1,1,2.0,1.0,76648,M,4966898.0,128260.0,76
201800018462,18,1,3,1650,1,1,1,1.0,6.0,76281,M,4952678.0,58910.0,76
201800018463,18,1,20,1403,1,1,1,1.0,4.0,76421,M,4955484.0,42695.0,76
201800018464,18,2,24,1515,1,1,1,1.0,1.0,76421,M,4955479.0,42480.0,76
201800018465,18,4,18,1910,1,2,2,1.0,3.0,76090,M,4959334.0,41788.0,76
201800018466,18,4,25,1755,1,1,4,1.0,1.0,76622,M,4947810.0,61239.0,76
201800018467,18,5,11,115,3,2,1,1.0,6.0,76715,M,4956845.0,59320.0,76
201800018468,18,5,17,1550,1,1,1,1.0,1.0,76592,M,4949521.0,48428.0,76
201800018469,18,5,19,830,1,1,2,1.0,3.0,76080,M,4964471.0,63820.0,76
201800018470,18,5,28,1110,1,2,1,1.0,1.0,76593,M,4957846.0,42007.0,76
201800018471,18,6,3,2240,3,1,2,1.0,3.0,76080,M,4964185.0,63590.0,76
201800018472,18,7,1,1500,1,2,2,1.0,3.0,76002,M,4961758.0,63561.0,76
201800018473,18,7,8,200,3,2,1,1.0,7.0,76499,M,4946390.0,58167.0,76
201800018474,18,7,15,520,2,1,1,1.0,3.0,76090,M,4958850.0,43300.0,76
201800018475,18,9,27,1700,1,1,1,1.0,1.0,76518,M,4958992.0,51215.0,76
201800018476,18,10,6,1657,1,2,3,1.0,1.0,76002,M,4960520.0,63505.0,76
201800018477,18,1,8,1755,3,1,2,1.0,3.0,76527,M,4982048.0,162801.0,76
201800018478,18,1,27,2050,3,1,1,2.0,3.0,76233,M,4979913.0,174112.0,76
201800018479,18,2,23,1220,1,2,1,1.0,6.0,76101,M,4992682.0,162837.0,76
201800018480,18,9,16,1,3,2,1,1.0,6.0,76363,M,4988236.0,170953.0,76
201800018481,18,10,26,1729,1,2,6,2.0,6.0,76101,M,4993105.0,163572.0,76
201800018482,18,11,24,1745,5,2,1,8.0,3.0,76520,M,4985389.0,161851.0,76
201800018483,18,12,4,940,1,1,3,1.0,5.0,76441,M,4993726.0,159689.0,76
201800018484,18,2,6,1550,1,2,4,1.0,6.0,76312,M,4948329.0,172208.0,76
201800018485,18,3,27,2130,5,2,6,1.0,1.0,76260,M,4948100.0,173773.0,76
201800018486,18,6,16,1810,1,1,1,1.0,3.0,76209,M,4951691.0,165421.0,76
201800018487,18,8,19,1320,1,1,1,1.0,3.0,76208,M,4950312.0,167357.0,76
201800018488,18,9,22,925,1,1,9,1.0,7.0,76067,M,4948009.0,154419.0,76
201800018489,18,11,9,1600,1,1,1,1.0,6.0,76260,M,4949309.0,176265.0,76
201800018490,18,3,19,1300,1,2,1,1.0,6.0,76709,M,4948080.0,80940.0,76
201800018491,18,3,21,1045,1,1,1,1.0,3.0,76728,M,4947319.0,102553.0,76
201800018492,18,3,22,1600,1,1,1,1.0,6.0,76378,M,4942689.0,81675.0,76
201800018493,18,5,26,1400,1,2,6,1.0,3.0,76634,M,4938480.0,93131.0,76
201800018494,18,5,27,330,3,1,1,1.0,6.0,76354,M,4947464.0,94672.0,76
201800018495,18,5,31,1230,1,1,1,1.0,3.0,76354,M,4946542.0,95355.0,76
201800018496,18,7,1,1815,1,1,1,1.0,1.0,76056,M,4943008.0,92517.0,76
201800018497,18,8,3,1905,1,1,3,1.0,3.0,76541,M,4949906.0,98122.0,76
201800018498,18,8,4,1625,1,1,1,1.0,6.0,76541,M,4949316.0,95200.0,76
201800018499,18,11,20,1210,1,1,1,2.0,4.0,76594,M,4950364.0,100370.0,76
201800018500,18,12,8,550,5,2,1,3.0,1.0,76709,M,4948990.0,80242.0,76
201800018501,18,12,31,1945,3,1,2,1.0,3.0,76219,M,4971003.0,79970.0,76
201800018502,18,1,17,1530,1,2,1,1.0,3.0,76752,M,4966444.0,88768.0,76
201800018503,18,1,22,755,2,1,1,3.0,1.0,76132,M,4967120.0,93919.0,76
201800018504,18,5,11,1900,1,1,2,1.0,3.0,76692,M,4969389.0,62902.0,76
201800018505,18,6,4,1725,1,1,1,1.0,1.0,76161,M,4971158.0,72137.0,76
201800018506,18,7,8,1915,1,1,2,1.0,5.0,76346,M,4976551.0,75541.0,76
201800018507,18,8,26,20,3,1,1,1.0,6.0,76228,M,4964383.0,80930.0,76
201800018508,18,9,4,1550,1,2,1,2.0,2.0,76752,M,4966998.0,90379.0,76
201800018509,18,9,13,100,3,1,1,1.0,7.0,76219,M,4970930.0,80058.0,76
201800018510,18,9,12,1645,1,1,2,1.0,3.0,76346,M,4976181.0,77196.0,76
201800018511,18,10,10,1735,1,1,2,1.0,3.0,76010,M,4965430.0,95910.0,76
201800018512,18,10,17,745,2,2,2,5.0,1.0,76158,M,4977007.0,84089.0,76
201800018513,18,12,20,2115,5,2,5,1.0,3.0,76752,M,4966761.0,89563.0,76
201800018514,18,2,17,1910,3,1,3,1.0,3.0,76068,M,4971543.0,46321.0,76
201800018515,18,4,11,1540,1,1,4,1.0,3.0,76615,M,4960784.0,20793.0,76
201800018516,18,4,11,840,1,2,3,1.0,6.0,76196,M,4964677.0,26981.0,76
201800018517,18,6,23,1246,1,1,1,1.0,7.0,76595,M,4964964.0,15610.0,76
201800018518,18,7,2,1710,1,1,1,1.0,2.0,76033,M,4968200.0,36160.0,76
201800018519,18,7,15,2350,3,1,2,1.0,2.0,76508,M,4967042.0,19553.0,76
201800018520,18,8,14,820,1,2,2,1.0,3.0,76695,M,4966711.0,49844.0,76
201800018521,18,8,20,940,1,2,4,1.0,3.0,76693,M,4968308.0,20213.0,76
201800018522,18,8,27,1115,1,1,1,1.0,7.0,76317,M,4965704.0,40905.0,76
201800018523,18,9,4,1005,1,1,9,8.0,3.0,76734,M,4959550.0,26705.0,76
201800018524,18,10,11,1235,1,1,1,1.0,6.0,76595,M,4965409.0,17485.0,76
201800018525,18,10,26,2130,3,1,1,1.0,1.0,76734,M,4959663.0,28385.0,76
201800018526,18,11,3,1510,1,1,2,7.0,1.0,76508,M,4966680.0,19526.0,76
201800018527,18,11,26,800,2,2,2,1.0,3.0,76307,M,4963640.0,22291.0,76
201800018528,18,12,10,1750,3,1,1,1.0,2.0,76595,M,4964407.0,18896.0,76
201800018529,18,12,10,1730,3,1,1,1.0,2.0,76595,M,4964072.0,18721.0,76
201800018530,18,12,18,930,1,1,1,1.0,3.0,76033,M,4968030.0,36141.0,76
201800018531,18,12,26,1110,1,1,1,1.0,1.0,76143,M,4967070.0,36028.0,76
201800018532,18,1,4,1800,5,2,2,1.0,3.0,76655,M,4986270.0,70576.0,76
201800018533,18,5,6,1630,1,1,4,1.0,5.0,76683,M,4987939.0,82262.0,76
201800018534,18,6,8,750,1,2,2,5.0,3.0,76241,M,4979818.0,78685.0,76
201800018535,18,7,14,25,3,1,2,1.0,3.0,76488,M,4978191.0,58384.0,76
201800018536,18,8,14,1930,1,1,2,1.0,3.0,76504,M,4980826.0,75267.0,76
201800018537,18,8,25,1515,1,1,1,1.0,1.0,76569,M,4979524.0,76164.0,76
201800018538,18,9,1,315,3,2,1,1.0,1.0,76159,M,4977464.0,65009.0,76
201800018539,18,9,16,330,5,2,1,1.0,7.0,76655,M,4986069.0,72348.0,76
201800018540,18,10,14,1700,1,2,1,8.0,6.0,76159,M,4978551.0,62922.0,76
201800018541,18,11,4,230,5,2,2,1.0,1.0,76353,M,4977705.0,80384.0,76
201800018542,18,11,19,1730,2,1,1,1.0,1.0,76655,M,4986340.0,73949.0,76
201800018543,18,5,5,1515,1,1,2,1.0,5.0,76529,M,4972914.0,57248.0,76
201800018544,18,7,15,2040,1,2,1,1.0,7.0,76670,M,4976819.0,42152.0,76
201800018545,18,8,25,1115,1,1,1,1.0,6.0,76240,M,4969734.0,36856.0,76
201800018546,18,10,27,935,2,2,1,2.0,7.0,76708,M,4973987.0,41752.0,76
201800018547,18,2,4,1700,2,1,1,4.0,6.0,67436,M,4840027.0,712053.0,67
201800018548,18,3,2,1608,1,1,1,4.0,1.0,67377,M,4842781.0,718366.0,67
201800018549,18,6,16,1515,1,1,1,1.0,6.0,67026,M,4839932.0,721926.0,67
201800018550,18,6,17,1020,1,1,1,1.0,3.0,67325,M,4853583.0,735040.0,67
201800018551,18,8,15,1600,1,1,1,1.0,7.0,67314,M,4844715.0,728063.0,67
201800018552,18,8,22,925,1,1,1,1.0,6.0,67377,M,4842359.0,715299.0,67
201800018553,18,10,20,1220,1,1,1,1.0,1.0,67384,M,4836743.0,720721.0,67
201800018554,18,4,27,1535,1,1,9,1.0,3.0,67234,M,4895840.0,705340.0,67
201800018555,18,5,5,1235,1,1,3,7.0,1.0,67002,M,4890693.0,718810.0,67
201800018556,18,6,8,1145,1,1,4,7.0,7.0,67105,M,4886308.0,718297.0,67
201800018557,18,6,8,1634,1,2,3,1.0,1.0,67434,M,4893300.0,708918.0,67
201800018558,18,6,8,2151,2,1,1,7.0,6.0,67134,M,4885464.0,712514.0,67
201800018559,18,6,13,2250,5,2,2,1.0,1.0,67434,M,4893912.0,708680.0,67
201800018560,18,6,19,1911,1,2,3,9.0,3.0,67105,M,4887069.0,719361.0,67
201800018561,18,7,3,2100,1,1,1,1.0,1.0,67234,M,4898422.0,704546.0,67
201800018562,18,8,14,1400,1,2,1,1.0,6.0,67095,M,4893995.0,718695.0,67
201800018563,18,9,15,1830,2,2,3,1.0,3.0,67234,M,4897675.0,704611.0,67
201800018564,18,9,26,727,1,1,1,1.0,7.0,67434,M,4894684.0,712232.0,67
201800018565,18,10,16,1835,2,1,1,1.0,3.0,67099,M,4894951.0,714113.0,67
201800018566,18,10,20,1445,1,1,1,7.0,6.0,67355,M,4900303.0,714155.0,67
201800018567,18,11,12,1700,2,1,3,1.0,2.0,67528,M,4885438.0,715733.0,67
201800018568,18,12,2,1800,3,1,1,3.0,6.0,67070,M,4891463.0,709480.0,67
201800018569,18,12,10,1536,1,1,1,2.0,7.0,67274,M,4896051.0,718702.0,67
201800018570,18,2,14,1700,1,2,6,1.0,3.0,67281,M,4815868.0,754337.0,67
201800018571,18,3,6,825,1,1,1,1.0,6.0,67196,M,4828986.0,757159.0,67
201800018572,18,4,9,1645,1,1,1,1.0,6.0,67196,M,4830154.0,758048.0,67
201800018573,18,6,3,1606,1,2,1,1.0,1.0,67547,M,4826494.0,757719.0,67
201800018574,18,7,24,522,2,2,4,1.0,6.0,67019,M,4824124.0,754129.0,67
201800018575,18,8,9,1715,1,1,1,1.0,3.0,67398,M,4822655.0,759628.0,67
201800018576,18,8,21,825,1,2,6,7.0,3.0,67281,M,4816961.0,753762.0,67
201800018577,18,10,6,1345,1,1,1,1.0,2.0,67196,M,4828283.0,757008.0,67
201800018578,18,10,8,1755,1,2,1,1.0,6.0,67486,M,4825166.0,760423.0,67
201800018579,18,11,13,1830,3,1,1,1.0,4.0,67277,M,4818072.0,760998.0,67
201800018580,18,1,2,1045,1,2,1,1.0,1.0,67443,M,4897361.0,815920.0,67
201800018581,18,1,18,1815,3,1,1,2.0,6.0,67315,M,4894332.0,810903.0,67
201800018582,18,4,10,1130,1,2,1,1.0,3.0,67261,M,4897481.0,817989.0,67
201800018583,18,7,14,1630,1,1,1,1.0,7.0,67308,M,4892143.0,816271.0,67
201800018584,18,8,16,1845,1,2,3,1.0,1.0,67432,M,4897899.0,806906.0,67
201800018585,18,10,23,700,2,1,1,1.0,5.0,67305,M,4893998.0,815380.0,67
201800018586,18,11,30,935,1,2,6,2.0,7.0,67409,M,4883923.0,807667.0,67
201800018587,18,1,5,2240,5,1,1,1.0,1.0,78291,M,4895227.0,174056.0,78
201800018588,18,4,18,1650,1,1,1,1.0,7.0,78192,M,4891408.0,161885.0,78
201800018589,18,6,19,1000,1,1,3,1.0,3.0,78281,M,4892474.0,178042.0,78
201800018590,18,6,26,1645,1,1,1,1.0,1.0,78281,M,4892825.0,176916.0,78
201800018591,18,9,26,1810,1,1,1,1.0,7.0,78192,M,4892643.0,161072.0,78
201800018592,18,10,18,35,3,1,1,1.0,7.0,78104,M,4894035.0,172154.0,78
201800018593,18,3,12,1125,1,1,1,1.0,5.0,77066,M,4869095.0,334115.0,77
201800018594,18,3,12,1030,1,1,2,1.0,3.0,77066,M,4869106.0,334492.0,77
201800018595,18,3,24,1420,1,2,2,1.0,3.0,77134,M,4863528.0,329041.0,77
201800018596,18,4,1,945,1,1,1,1.0,6.0,77246,M,4855584.0,339166.0,77
201800018597,18,5,11,1830,1,1,4,1.0,1.0,77032,M,4868804.0,324583.0,77
201800018598,18,8,3,2205,3,1,1,1.0,6.0,77134,M,4863188.0,329093.0,77
201800018599,18,8,5,2245,3,1,1,1.0,1.0,77066,M,4869108.0,334588.0,77