Num_Acc,an,mois,jour,hrmn,lum,agg,int,atm,col,com,gps,lat,long,dep
201800018600,18,9,2,1950,1,1,1,1.0,1.0,77020,M,4869257.0,319075.0,77
201800018601,18,9,15,1215,1,1,2,1.0,3.0,77246,M,4857816.0,336971.0,77
201800018602,18,9,23,1150,1,1,1,2.0,1.0,77032,M,4871362.0,323870.0,77
201800018603,18,9,25,1550,1,1,2,1.0,1.0,77416,M,4859862.0,310410.0,77
201800018604,18,3,2,1530,1,1,1,1.0,6.0,77289,M,4852840.0,340379.0,77
201800018605,18,4,16,805,1,1,1,1.0,2.0,77310,M,4837593.0,323378.0,77
201800018606,18,5,1,1515,1,1,1,1.0,6.0,77159,M,4847366.0,311914.0,77
201800018607,18,6,1,1915,1,2,1,2.0,3.0,77208,M,4849088.0,329153.0,77
201800018608,18,6,24,1700,1,1,1,1.0,3.0,77355,M,4848291.0,319127.0,77
201800018609,18,6,28,1725,1,1,2,1.0,3.0,77524,M,4844975.0,317732.0,77
201800018610,18,8,1,1245,1,1,2,1.0,3.0,77289,M,4849761.0,338929.0,77
201800018611,18,9,1,1119,1,1,2,1.0,3.0,77524,M,4844974.0,317741.0,77
201800018612,18,10,18,1320,1,1,1,1.0,1.0,77467,M,4838653.0,309203.0,77
201800018613,18,10,20,1550,1,1,1,1.0,7.0,77355,M,4848350.0,318991.0,77
201800018614,18,12,1,1630,1,1,2,3.0,1.0,77019,M,4839047.0,314938.0,77
201800018615,18,12,14,1,3,1,1,1.0,6.0,77311,M,4845324.0,307475.0,77
201800018616,18,12,30,808,2,1,6,5.0,6.0,77509,M,4848556.0,305063.0,77
201800018617,18,1,13,1630,1,1,1,1.0,5.0,74245,M,4597575.0,613748.0,74
201800018618,18,1,16,2030,5,2,1,3.0,1.0,74011,M,4592506.0,615477.0,74
201800018619,18,2,15,750,2,1,1,4.0,1.0,74137,M,4600516.0,615924.0,74
201800018620,18,4,2,100,3,2,1,1.0,7.0,74299,M,4589216.0,616922.0,74
201800018621,18,4,14,245,3,1,1,1.0,6.0,74120,M,4602402.0,623478.0,74
201800018622,18,4,18,1945,1,2,2,1.0,3.0,74299,M,4587819.0,618084.0,74
201800018623,18,7,18,620,1,1,1,1.0,7.0,74137,M,4600369.0,615217.0,74
201800018624,18,7,20,1630,1,1,3,1.0,3.0,74120,M,4604878.0,622720.0,74
201800018625,18,7,29,1949,1,2,1,1.0,6.0,74307,M,4599999.0,613356.0,74
201800018626,18,11,14,1500,1,2,1,1.0,6.0,74011,M,4592072.0,614458.0,74
201800018627,18,11,18,1220,1,1,1,1.0,7.0,74303,M,4595525.0,617474.0,74
201800018628,18,11,19,2015,5,2,3,1.0,3.0,74011,M,4590807.0,614313.0,74
201800018629,18,11,30,1630,2,2,1,2.0,6.0,74299,M,4587561.0,618265.0,74
201800018630,18,4,6,1400,1,1,2,7.0,3.0,74270,M,4570577.0,630762.0,74
201800018631,18,4,14,1115,1,2,1,1.0,6.0,74123,M,4575306.0,627864.0,74
201800018632,18,4,19,1630,1,1,1,1.0,3.0,74108,M,4584120.0,615632.0,74
201800018633,18,4,21,1845,1,1,1,1.0,3.0,74104,M,4577656.0,623460.0,74
201800018634,18,5,19,1235,1,1,1,1.0,1.0,74187,M,4579737.0,626033.0,74
201800018635,18,5,25,1225,1,2,1,1.0,2.0,74275,M,4591793.0,638425.0,74
201800018636,18,5,28,1650,1,1,1,1.0,1.0,74123,M,4570400.0,630812.0,74
201800018637,18,6,2,1245,1,1,1,1.0,3.0,74104,M,4579537.0,623182.0,74
201800018638,18,6,22,2010,1,1,1,1.0,6.0,74242,M,4582269.0,614948.0,74
201800018639,18,6,24,1945,2,2,1,1.0,4.0,74242,M,4583354.0,616506.0,74
201800018640,18,7,9,1345,1,1,1,1.0,7.0,74123,M,4575535.0,627809.0,74
201800018641,18,7,24,20,3,2,1,1.0,1.0,74104,M,4579904.0,623050.0,74
201800018642,18,7,26,1030,1,1,1,1.0,3.0,74275,M,4579569.0,626006.0,74
201800018643,18,8,12,840,1,1,1,1.0,6.0,74123,M,4575797.0,626608.0,74
201800018644,18,8,17,1300,1,2,2,3.0,3.0,74123,M,4575259.0,629099.0,74
201800018645,18,9,7,815,1,1,3,1.0,3.0,74275,M,4583545.0,623091.0,74
201800018646,18,9,7,1900,1,2,3,1.0,3.0,74104,M,4577488.0,622427.0,74
201800018647,18,9,8,230,5,2,1,1.0,6.0,74267,M,4584344.0,615087.0,74
201800018648,18,9,26,1230,1,1,3,1.0,1.0,74242,M,4582929.0,614159.0,74
201800018649,18,11,8,815,1,2,2,2.0,3.0,74242,M,4583311.0,616673.0,74
201800018650,18,2,19,1200,1,2,9,1.0,3.0,74233,M,4579608.0,596599.0,74
201800018651,18,5,2,1745,1,2,2,1.0,6.0,74225,M,4586763.0,593859.0,74
201800018652,18,5,5,1308,1,1,1,1.0,2.0,74002,M,4581894.0,600428.0,74
201800018653,18,5,6,2150,3,2,1,1.0,6.0,74274,M,4593107.0,589673.0,74
201800018654,18,5,13,714,2,1,1,2.0,6.0,74142,M,4579105.0,601160.0,74
201800018655,18,6,16,10,3,1,1,7.0,1.0,74002,M,4586984.0,609000.0,74
201800018656,18,7,12,1015,1,2,1,1.0,6.0,74194,M,4580610.0,603947.0,74
201800018657,18,8,7,1820,1,1,1,1.0,6.0,74161,M,4587311.0,600724.0,74
201800018658,18,9,23,100,5,2,1,1.0,1.0,74274,M,4592232.0,590926.0,74
201800018659,18,10,3,1915,5,2,4,1.0,5.0,74225,M,4584768.0,595230.0,74
201800018660,18,10,8,1200,1,2,2,1.0,3.0,74165,M,4583804.0,596338.0,74
201800018661,18,11,10,2125,5,2,6,2.0,6.0,74225,M,4584503.0,596274.0,74
201800018662,18,11,23,1710,5,2,1,3.0,6.0,74225,M,4586677.0,593620.0,74
201800018663,18,12,13,1855,3,1,1,1.0,1.0,74255,M,4587794.0,597581.0,74
201800018664,18,4,12,1910,1,2,1,1.0,1.0,74164,M,4607835.0,651291.0,74
201800018665,18,4,27,915,1,2,1,1.0,3.0,74312,M,4606760.0,648004.0,74
201800018666,18,6,22,2350,3,1,1,1.0,1.0,74311,M,4614154.0,640916.0,74
201800018667,18,6,23,1633,1,1,1,1.0,1.0,74164,M,4611872.0,649758.0,74
201800018668,18,8,6,1800,1,2,1,1.0,6.0,74164,M,4608928.0,650249.0,74
201800018669,18,10,9,600,3,1,1,1.0,6.0,74164,M,4610222.0,650161.0,74
201800018670,18,10,13,545,3,1,1,1.0,1.0,74241,M,4612810.0,648799.0,74
201800018671,18,11,3,2300,3,1,4,1.0,1.0,74240,M,4611680.0,640455.0,74
201800018672,18,11,25,1045,1,2,3,1.0,1.0,74312,M,4606634.0,649146.0,74
201800018673,18,12,20,1125,1,2,3,8.0,3.0,74164,M,4607412.0,649577.0,74
201800018674,18,2,5,1900,5,2,1,1.0,6.0,74276,M,4610836.0,657106.0,74
201800018675,18,2,10,1048,1,2,1,1.0,6.0,74190,M,4608122.0,667295.0,74
201800018676,18,2,25,1300,1,1,1,1.0,1.0,74183,M,4614573.0,651436.0,74
201800018677,18,3,26,1810,1,1,1,1.0,1.0,74183,M,4612041.0,654701.0,74
201800018678,18,4,27,1720,1,2,1,1.0,3.0,74273,M,4605364.0,677391.0,74
201800018679,18,6,14,1820,1,1,1,1.0,1.0,74183,M,4612921.0,651580.0,74
201800018680,18,6,17,1150,1,1,1,1.0,7.0,74223,M,4609587.0,659815.0,74
201800018681,18,6,30,1030,1,1,3,1.0,3.0,74183,M,4612930.0,651149.0,74
201800018682,18,7,21,1550,1,1,3,1.0,2.0,74183,M,4611274.0,655431.0,74
201800018683,18,8,7,1215,1,2,3,1.0,3.0,74183,M,4613453.0,652499.0,74
201800018684,18,8,6,2110,3,1,1,3.0,1.0,74134,M,4614099.0,664018.0,74
201800018685,18,9,28,1820,1,2,1,1.0,7.0,74134,M,4616243.0,667334.0,74
201800018686,18,11,25,540,5,2,1,1.0,6.0,74134,M,4614649.0,665346.0,74
201800018687,18,12,26,1115,1,2,1,1.0,2.0,74134,M,4616197.0,667942.0,74
201800018688,18,3,15,725,1,1,1,2.0,1.0,74052,M,4607844.0,605402.0,74
201800018689,18,4,10,45,3,1,1,1.0,6.0,74309,M,4612520.0,604210.0,74
201800018690,18,6,10,1200,1,1,1,1.0,7.0,74296,M,4608428.0,604507.0,74
201800018691,18,6,9,1045,1,2,3,1.0,3.0,74314,M,4610520.0,595841.0,74
201800018692,18,7,3,1110,1,2,1,1.0,6.0,74096,M,4603231.0,610389.0,74
201800018693,18,7,10,1815,1,1,1,1.0,1.0,74309,M,4613464.0,603561.0,74
201800018694,18,7,22,1545,1,1,1,1.0,3.0,74096,M,4604062.0,612245.0,74
201800018695,18,8,9,45,3,2,1,1.0,6.0,74309,M,4611362.0,604780.0,74
201800018696,18,9,13,1745,1,2,1,1.0,6.0,74314,M,4610180.0,593683.0,74
201800018697,18,9,26,2250,3,1,1,1.0,6.0,74216,M,4607946.0,609790.0,74
201800018698,18,10,2,1755,1,1,2,1.0,3.0,74101,M,4608870.0,594843.0,74
201800018699,18,10,4,1800,1,2,9,1.0,3.0,74096,M,4603602.0,610792.0,74
201800018700,18,10,5,1735,1,2,1,1.0,6.0,74288,M,4610513.0,596052.0,74
201800018701,18,10,11,1115,1,2,2,1.0,3.0,74088,M,4605319.0,608666.0,74
201800018702,18,10,15,1730,1,1,1,1.0,5.0,74296,M,4608940.0,603069.0,74
201800018703,18,11,8,914,1,1,1,8.0,5.0,74306,M,4605252.0,615380.0,74
201800018704,18,11,24,1815,2,2,1,1.0,7.0,74309,M,4611378.0,604656.0,74
201800018705,18,11,30,1830,5,2,1,2.0,6.0,74288,M,4610652.0,596507.0,74
201800018706,18,1,11,1830,3,1,1,1.0,7.0,74168,M,4601632.0,600245.0,74
201800018707,18,3,2,750,2,1,1,4.0,7.0,74130,M,4604110.0,584548.0,74
201800018708,18,3,5,1105,1,1,1,1.0,3.0,74109,M,4606429.0,586219.0,74
201800018709,18,4,4,1310,1,1,1,3.0,1.0,74075,M,4599793.0,592309.0,74
201800018710,18,4,8,1128,1,1,4,1.0,3.0,74168,M,4601322.0,599753.0,74
201800018711,18,4,16,1730,1,1,1,1.0,1.0,74269,M,4597929.0,584222.0,74
201800018712,18,4,18,1136,1,1,1,1.0,3.0,74178,M,4595052.0,592049.0,74
201800018713,18,4,25,1749,1,1,3,1.0,3.0,74109,M,4610240.0,582308.0,74
201800018714,18,4,30,1413,1,2,1,2.0,6.0,74269,M,4595035.0,583933.0,74
201800018715,18,5,7,1549,1,1,1,1.0,3.0,74065,M,4602935.0,596255.0,74
201800018716,18,5,21,1640,1,1,1,1.0,5.0,74291,M,4603136.0,588864.0,74
201800018717,18,5,24,845,1,1,1,1.0,6.0,74100,M,4600419.0,586165.0,74
201800018718,18,6,27,1306,1,1,9,1.0,3.0,74086,M,4600820.0,597235.0,74
201800018719,18,7,13,800,1,1,1,1.0,3.0,74131,M,4601895.0,592042.0,74
201800018720,18,7,29,1410,1,2,1,1.0,1.0,74291,M,4603913.0,588851.0,74
201800018721,18,8,16,1730,1,2,3,1.0,2.0,74131,M,4601873.0,592772.0,74
201800018722,18,10,10,1328,1,2,1,1.0,6.0,74178,M,4595923.0,593898.0,74
201800018723,18,11,2,630,2,1,3,2.0,6.0,74055,M,4602221.0,582674.0,74
201800018724,18,11,13,1705,2,1,1,2.0,1.0,74195,M,4601072.0,595160.0,74
201800018725,18,11,19,2050,5,2,1,2.0,6.0,74131,M,4601821.0,593823.0,74
201800018726,18,12,1,600,2,1,3,1.0,6.0,74109,M,4606429.0,586219.0,74
201800018727,18,12,11,925,1,1,9,1.0,1.0,74131,M,4600596.0,592229.0,74
201800018728,18,12,22,135,3,2,1,5.0,1.0,74195,M,4600547.0,595939.0,74
201800018729,18,4,9,1711,1,2,1,1.0,6.0,74085,M,4583387.0,672556.0,74
201800018730,18,7,19,720,2,2,1,1.0,1.0,74099,M,4587018.0,662926.0,74
201800018731,18,8,28,1843,1,2,1,1.0,2.0,74085,M,4583534.0,672952.0,74
201800018732,18,12,18,1015,1,2,1,1.0,6.0,74236,M,4588781.0,671435.0,74
201800018733,18,1,14,1438,1,1,1,1.0,1.0,74256,M,4590328.0,664635.0,74
201800018734,18,4,5,1640,1,1,6,1.0,3.0,74256,M,4596431.0,663016.0,74
201800018735,18,4,9,700,2,1,1,1.0,6.0,74208,M,4591676.0,669436.0,74
201800018736,18,5,5,1910,1,2,1,1.0,1.0,74256,M,4593097.0,663515.0,74
201800018737,18,6,7,1840,1,2,3,1.0,3.0,74256,M,4593660.0,663709.0,74
201800018738,18,6,21,850,1,2,1,1.0,6.0,74208,M,4592406.0,670458.0,74
201800018739,18,6,28,1420,1,1,1,1.0,6.0,74256,M,4593321.0,662276.0,74
201800018740,18,7,13,1430,1,2,1,1.0,1.0,74208,M,4592896.0,668571.0,74
201800018741,18,8,6,1805,1,2,2,2.0,3.0,74256,M,4594284.0,663291.0,74
201800018742,18,9,5,1815,1,2,1,1.0,6.0,74256,M,4592330.0,662752.0,74
201800018743,18,9,8,1825,1,2,1,1.0,1.0,74256,M,4595111.0,662979.0,74
201800018744,18,9,23,1200,1,2,3,1.0,1.0,74208,M,4591835.0,668265.0,74
201800018745,18,10,9,1740,1,1,3,1.0,3.0,74256,M,4591398.0,663586.0,74
201800018746,18,10,10,1330,1,1,1,1.0,6.0,74256,M,4591400.0,663582.0,74
201800018747,18,11,1,130,3,1,1,1.0,5.0,74089,M,4591819.0,660761.0,74
201800018748,18,12,5,1005,1,1,1,1.0,1.0,74208,M,4591706.0,669222.0,74
201800018749,18,1,25,1720,1,1,1,1.0,1.0,59094,M,5092986.0,219169.0,59
201800018750,18,4,18,1645,1,2,1,1.0,6.0,59094,M,5094515.0,219716.0,59
201800018751,18,9,29,1530,1,1,1,1.0,1.0,59130,M,5088959.0,223421.0,59
201800018752,18,10,4,2100,3,1,1,1.0,6.0,59094,M,5095390.0,225712.0,59
201800018753,18,10,27,340,5,2,1,1.0,7.0,59094,M,5095249.0,220451.0,59
201800018754,18,11,16,1725,2,2,1,8.0,7.0,59539,M,5088913.0,217989.0,59
201800018755,18,11,28,1820,5,2,1,2.0,6.0,59094,M,5095062.0,219235.0,59
201800018756,18,12,29,1200,1,2,9,1.0,6.0,59094,M,5094515.0,219716.0,59
201800018757,18,2,12,930,1,1,1,7.0,6.0,59089,M,5086130.0,234561.0,59
201800018758,18,3,27,1700,1,2,1,8.0,7.0,59663,M,5088327.0,246461.0,59
201800018759,18,4,17,820,1,1,1,1.0,6.0,59663,M,5091130.0,245306.0,59
201800018760,18,7,8,1815,1,1,1,1.0,7.0,59628,M,5083941.0,229488.0,59
201800018761,18,7,28,1025,1,2,1,1.0,2.0,59663,M,5088240.0,247613.0,59
201800018762,18,9,14,810,1,2,1,1.0,2.0,59210,M,5088971.0,241009.0,59
201800018763,18,9,17,400,3,1,1,1.0,1.0,59478,M,5092870.0,244109.0,59
201800018764,18,9,19,830,1,1,3,1.0,3.0,59666,M,5089900.0,239593.0,59
201800018765,18,11,9,1110,1,1,1,6.0,6.0,59663,M,5087794.0,247865.0,59
201800018766,18,2,1,1010,1,1,2,1.0,3.0,59135,M,5080945.0,248765.0,59
201800018767,18,3,16,1300,1,1,1,1.0,7.0,59587,M,5079339.0,258827.0,59
201800018768,18,4,8,1500,1,1,1,1.0,7.0,59135,M,5079624.0,250447.0,59
201800018769,18,4,18,1530,1,1,1,1.0,7.0,59453,M,5082423.0,254958.0,59
201800018770,18,5,31,1100,1,2,9,1.0,3.0,59262,M,5079699.0,264561.0,59
201800018771,18,7,11,1205,1,1,1,1.0,6.0,59282,M,5081153.0,248312.0,59
201800018772,18,7,17,1730,1,2,4,1.0,3.0,59516,M,5083796.0,235632.0,59
201800018773,18,7,20,1945,1,1,1,1.0,7.0,59318,M,5089505.0,257805.0,59
201800018774,18,9,1,1550,1,1,2,1.0,1.0,59587,M,5079214.0,256499.0,59
201800018775,18,9,14,930,1,2,1,1.0,3.0,59546,M,5077175.0,256904.0,59
201800018776,18,9,22,950,1,1,2,2.0,3.0,59516,M,5083355.0,236158.0,59
201800018777,18,10,5,1930,3,1,1,1.0,7.0,59580,M,5082064.0,257851.0,59
201800018778,18,10,9,830,1,2,3,1.0,7.0,59054,M,5078379.0,245529.0,59
201800018779,18,11,6,1115,1,2,1,1.0,6.0,59580,M,5081535.0,257148.0,59
201800018780,18,11,28,2057,3,1,1,1.0,6.0,59587,M,5080284.0,253445.0,59
201800018781,18,12,11,1430,1,1,1,1.0,1.0,59587,M,5079798.0,256767.0,59
201800018782,18,12,25,1245,1,1,1,1.0,2.0,59536,M,5078649.0,252592.0,59
201800018783,18,2,20,800,1,2,1,1.0,3.0,56164,M,4765728.0,-286163.0,56
201800018784,18,3,1,1020,1,1,1,4.0,3.0,56003,M,4763204.0,-284298.0,56
201800018785,18,3,16,1715,1,1,9,1.0,6.0,56157,M,4778794.0,-272719.0,56
201800018786,18,4,13,545,3,1,1,1.0,3.0,56003,M,4764721.0,-284484.0,56
201800018787,18,7,13,1815,1,1,4,1.0,3.0,56003,M,4762719.0,-285651.0,56
201800018788,18,7,15,1015,1,1,3,1.0,6.0,56022,M,4779717.0,-292940.0,56
201800018789,18,7,26,1325,1,2,1,1.0,3.0,56067,M,4776042.0,-285890.0,56
201800018790,18,7,28,1635,1,1,3,1.0,2.0,56158,M,4771338.0,-282443.0,56
201800018791,18,8,30,1050,1,1,2,1.0,3.0,56157,M,4779834.0,-272932.0,56
201800018792,18,9,16,2055,3,1,1,1.0,1.0,56120,M,4775539.0,-274204.0,56
201800018793,18,9,29,1530,1,1,1,1.0,1.0,56042,M,4781436.0,-284774.0,56
201800018794,18,10,12,2045,3,1,2,1.0,3.0,56008,M,4762993.0,-284800.0,56
201800018795,18,11,23,1930,3,1,3,2.0,6.0,56158,M,4768555.0,-280959.0,56
201800018796,18,12,7,715,3,1,1,2.0,3.0,56067,M,4773457.0,-285104.0,56
201800018797,18,12,20,810,3,1,1,2.0,7.0,56022,M,4780818.0,-289750.0,56
201800018798,18,2,16,1300,1,1,1,1.0,6.0,56171,M,4768115.0,-238932.0,56
201800018799,18,2,16,1240,1,1,2,1.0,3.0,56221,M,4765514.0,-223240.0,56
201800018800,18,4,21,1850,1,2,1,1.0,7.0,56001,M,4764077.0,-216021.0,56
201800018801,18,5,4,1630,1,1,1,1.0,3.0,56154,M,4770627.0,-220927.0,56
201800018802,18,6,2,1850,1,1,1,1.0,6.0,56154,M,4772234.0,-221445.0,56
201800018803,18,7,4,1245,1,1,3,1.0,3.0,56194,M,4760993.0,-211707.0,56
201800018804,18,7,7,1030,1,1,3,7.0,6.0,56232,M,4768052.0,-213583.0,56
201800018805,18,9,2,1305,1,1,4,1.0,6.0,56011,M,4759452.0,-228534.0,56
201800018806,18,9,10,200,3,1,1,1.0,6.0,56011,M,4760716.0,-226204.0,56
201800018807,18,9,11,930,1,1,2,1.0,2.0,56171,M,4772919.0,-234675.0,56
201800018808,18,9,23,1200,1,1,4,2.0,1.0,56028,M,4762338.0,-229031.0,56
201800018809,18,10,18,1850,2,1,1,7.0,1.0,56011,M,4761069.0,-219341.0,56
201800018810,18,10,23,1455,1,1,3,1.0,5.0,56184,M,4767613.0,-237510.0,56
201800018811,18,10,19,1800,1,1,3,1.0,2.0,56171,M,4772281.0,-234160.0,56
201800018812,18,11,4,230,3,1,9,1.0,6.0,56123,M,4768739.0,-233821.0,56
201800018813,18,12,22,1205,1,1,4,1.0,2.0,56194,M,4760110.0,-210441.0,56
201800018814,18,1,1,2225,3,1,1,2.0,6.0,56002,M,4757687.0,-252670.0,56
201800018815,18,2,23,1120,1,1,2,1.0,3.0,56126,M,4757265.0,-240476.0,56
201800018816,18,4,7,1715,1,1,1,2.0,6.0,56155,M,4747518.0,-248459.0,56
201800018817,18,4,14,2330,5,2,1,1.0,6.0,56153,M,4758055.0,-235763.0,56
201800018818,18,4,26,1745,1,1,3,1.0,1.0,56126,M,4753574.0,-234271.0,56
201800018819,18,5,6,1730,1,1,1,7.0,3.0,56004,M,4750999.0,-241585.0,56
201800018820,18,6,22,1910,1,1,2,1.0,3.0,56153,M,4757353.0,-231674.0,56
201800018821,18,7,10,1845,1,1,1,1.0,3.0,56149,M,4759577.0,-245123.0,56
201800018822,18,9,9,1153,1,1,2,1.0,1.0,56004,M,4759434.0,-241040.0,56
201800018823,18,11,10,1230,1,1,2,1.0,3.0,56077,M,4757272.0,-240472.0,56
201800018824,18,12,8,1940,3,1,1,1.0,1.0,56126,M,4754847.0,-233486.0,56
201800018825,18,5,6,1030,1,1,3,1.0,1.0,56137,M,4773936.0,-270568.0,56
201800018826,18,7,23,2130,1,1,1,1.0,7.0,56184,M,4768604.0,-247104.0,56
201800018827,18,8,30,1520,1,1,1,1.0,6.0,56045,M,4775815.0,-253345.0,56
201800018828,18,8,28,1930,2,1,1,1.0,1.0,56184,M,4765298.0,-246977.0,56
201800018829,18,10,21,2100,5,2,1,1.0,7.0,56184,M,4766637.0,-244458.0,56
201800018830,18,1,10,1040,1,2,1,2.0,6.0,56243,M,4761870.0,-273484.0,56
201800018831,18,1,13,2300,3,1,1,1.0,7.0,56251,M,4763707.0,-260401.0,56
201800018832,18,1,15,1740,2,2,6,2.0,3.0,56243,M,4764877.0,-273020.0,56
201800018833,18,3,7,1620,1,2,9,1.0,6.0,56248,M,4758133.0,-262527.0,56
201800018834,18,3,14,1445,1,1,1,1.0,2.0,56240,M,4752924.0,-280452.0,56
201800018835,18,3,23,2200,5,2,1,2.0,6.0,56214,M,4750044.0,-284002.0,56
201800018836,18,3,31,2210,3,1,1,1.0,6.0,56251,M,4764716.0,-263423.0,56
201800018837,18,4,6,1510,1,1,1,1.0,6.0,56248,M,4759808.0,-257906.0,56
201800018838,18,4,24,1530,1,2,1,1.0,6.0,56240,M,4749681.0,-278765.0,56
201800018839,18,4,25,1310,1,1,1,1.0,6.0,56251,M,4764417.0,-263785.0,56
201800018840,18,5,6,1920,1,1,3,1.0,3.0,56205,M,4756178.0,-271104.0,56
201800018841,18,5,8,1215,1,1,3,1.0,3.0,56214,M,4750487.0,-282030.0,56
201800018842,18,6,26,1720,1,1,1,1.0,1.0,56251,M,4765690.0,-266021.0,56
201800018843,18,7,3,825,1,1,1,2.0,7.0,56251,M,4764000.0,-268286.0,56
201800018844,18,7,30,1010,1,1,3,1.0,1.0,56240,M,4751710.0,-272699.0,56
201800018845,18,8,2,2000,1,1,1,1.0,1.0,56240,M,4753947.0,-274310.0,56
201800018846,18,8,15,215,5,2,9,1.0,6.0,56240,M,4748959.0,-280070.0,56
201800018847,18,8,27,1745,1,1,1,1.0,2.0,56214,M,4753180.0,-283902.0,56
201800018848,18,9,4,1300,1,1,1,1.0,1.0,56247,M,4763699.0,-260425.0,56
201800018849,18,10,15,2020,3,1,1,1.0,2.0,56251,M,4762173.0,-262970.0,56
201800018850,18,10,18,1645,1,1,6,1.0,3.0,56251,M,4761182.0,-261216.0,56
201800018851,18,10,23,830,2,2,1,1.0,2.0,56243,M,4764869.0,-272345.0,56
201800018852,18,10,29,1105,1,1,1,1.0,3.0,56251,M,4764121.0,-269391.0,56
201800018853,18,12,3,1015,1,1,1,3.0,1.0,56243,M,4764920.0,-271140.0,56
201800018854,18,12,17,1030,1,2,1,1.0,6.0,56243,M,4765291.0,-273251.0,56
201800018855,18,2,23,1455,1,2,1,1.0,6.0,56116,M,4756976.0,-294487.0,56
201800018856,18,5,26,45,3,1,1,1.0,6.0,56034,M,4760666.0,-306987.0,56
201800018857,18,6,30,1050,1,1,1,7.0,2.0,56234,M,4753218.0,-313459.0,56
201800018858,18,6,29,2100,1,1,1,1.0,1.0,56034,M,4761129.0,-304960.0,56
201800018859,18,7,8,1130,1,2,1,1.0,3.0,56034,M,4757400.0,-306873.0,56
201800018860,18,8,1,1453,1,1,1,1.0,1.0,56168,M,4756412.0,-313447.0,56
201800018861,18,8,20,1215,1,1,1,1.0,1.0,56034,M,4763693.0,-307361.0,56
201800018862,18,11,4,830,1,1,1,1.0,6.0,56234,M,4755118.0,-313430.0,56
201800018863,18,1,11,1655,1,1,1,1.0,6.0,56101,M,4782139.0,-313863.0,56
201800018864,18,1,12,1915,3,1,1,5.0,7.0,56101,M,4781610.0,-314625.0,56
201800018865,18,1,19,2130,3,1,1,5.0,6.0,56101,M,4781717.0,-321877.0,56
201800018866,18,1,28,1540,1,1,1,1.0,7.0,56097,M,4775733.0,-311514.0,56
201800018867,18,2,9,1930,5,1,2,1.0,1.0,56094,M,4776351.0,-329805.0,56
201800018868,18,2,17,1815,1,1,1,1.0,6.0,56090,M,4783884.0,-323788.0,56
201800018869,18,3,17,1240,1,2,1,1.0,2.0,56097,M,4776333.0,-311894.0,56
201800018870,18,3,17,2030,3,1,1,1.0,6.0,56175,M,4771986.0,-294274.0,56
201800018871,18,5,11,1730,1,1,1,2.0,6.0,56094,M,4774990.0,-327056.0,56
201800018872,18,5,18,2030,2,1,1,1.0,6.0,56031,M,4781711.0,-301500.0,56
201800018873,18,6,27,2350,5,2,1,1.0,7.0,56101,M,4783384.0,-315761.0,56
201800018874,18,7,6,1745,1,1,6,1.0,7.0,56094,M,4775986.0,-328612.0,56
201800018875,18,7,14,1530,1,1,1,1.0,6.0,56101,M,4785942.0,-310196.0,56
201800018876,18,7,17,1,3,2,1,1.0,6.0,56101,M,4783389.0,-317043.0,56
201800018877,18,7,30,1835,1,1,1,1.0,1.0,56175,M,4771370.0,-295574.0,56
201800018878,18,8,12,440,3,1,1,1.0,6.0,56031,M,4784678.0,-301410.0,56
201800018879,18,8,19,730,1,1,1,1.0,6.0,56101,M,4784633.0,-309493.0,56
201800018880,18,8,27,1150,1,1,2,1.0,1.0,56094,M,4776297.0,-324096.0,56
201800018881,18,9,13,1645,1,1,1,1.0,6.0,56096,M,4774287.0,-310069.0,56
201800018882,18,10,12,1732,1,1,1,1.0,7.0,56094,M,4778200.0,-323860.0,56
201800018883,18,10,30,1350,1,1,1,1.0,7.0,56094,M,4778748.0,-324253.0,56
201800018884,18,11,7,1800,3,1,1,2.0,5.0,56175,M,4773274.0,-291361.0,56
201800018885,18,11,7,740,2,1,1,6.0,5.0,56094,M,4778754.0,-324175.0,56
201800018886,18,12,25,928,1,1,1,8.0,6.0,56094,M,4779570.0,-322023.0,56
201800018887,18,2,2,1400,1,2,1,1.0,3.0,56036,M,4778574.0,-333511.0,56
201800018888,18,2,17,1830,1,2,1,1.0,6.0,56036,M,4779389.0,-335264.0,56
201800018889,18,3,12,1340,1,1,1,3.0,6.0,56036,M,4783514.0,-336911.0,56
201800018890,18,4,1,635,3,1,1,1.0,6.0,56166,M,4792596.0,-332977.0,56
201800018891,18,4,6,1715,1,1,1,1.0,2.0,56036,M,4779111.0,-331828.0,56
201800018892,18,4,18,700,1,1,2,1.0,6.0,56185,M,4777198.0,-341124.0,56
201800018893,18,5,18,2215,5,2,1,1.0,7.0,56078,M,4779227.0,-349091.0,56
201800018894,18,5,29,1245,1,1,1,9.0,6.0,56185,M,4777675.0,-339225.0,56
201800018895,18,6,2,1830,1,1,1,1.0,6.0,56078,M,4774674.0,-348749.0,56
201800018896,18,6,3,2045,1,1,1,1.0,7.0,56166,M,4788450.0,-333905.0,56
201800018897,18,6,8,645,1,1,1,1.0,6.0,56179,M,4784336.0,-340783.0,56
201800018898,18,6,28,825,1,1,1,1.0,7.0,56185,M,4778016.0,-342310.0,56
201800018899,18,6,29,1745,1,1,1,1.0,6.0,56185,M,4777223.0,-338709.0,56
201800018900,18,7,15,2350,5,2,1,1.0,6.0,56185,M,4778816.0,-341606.0,56
201800018901,18,8,1,930,1,2,3,1.0,2.0,56036,M,4778730.0,-332816.0,56