Num_Acc,an,mois,jour,hrmn,lum,agg,int,atm,col,com,gps,lat,long,dep
201800018902,18,8,5,1745,1,1,1,1.0,6.0,56185,M,4777191.0,-337616.0,56
201800018903,18,8,14,1815,1,1,1,1.0,6.0,56089,M,4797687.0,-328559.0,56
201800018904,18,8,22,115,3,1,1,1.0,6.0,56166,M,4791683.0,-339322.0,56
201800018905,18,9,15,1745,1,1,1,1.0,1.0,56040,M,4788698.0,-333939.0,56
201800018906,18,9,22,140,3,1,1,1.0,2.0,56185,M,4777810.0,-340931.0,56
201800018907,18,9,29,1630,1,2,1,1.0,6.0,56036,M,4779873.0,-334794.0,56
201800018908,18,10,6,2140,3,1,1,8.0,6.0,56185,M,4777815.0,-342706.0,56
201800018909,18,10,22,1440,1,2,9,1.0,3.0,56036,M,4778515.0,-333686.0,56
201800018910,18,11,18,1040,1,2,1,1.0,7.0,56063,M,4780400.0,-344541.0,56
201800018911,18,11,23,2040,5,1,1,2.0,7.0,56166,M,4791374.0,-335552.0,56
201800018912,18,12,8,1300,1,1,1,3.0,7.0,56040,M,4784028.0,-337592.0,56
201800018913,18,12,18,1150,1,1,1,3.0,6.0,56179,M,4784401.0,-340904.0,56
201800018914,18,2,26,1730,1,1,1,1.0,4.0,56193,M,4774006.0,-330276.0,56
201800018915,18,3,1,1730,1,1,1,2.0,1.0,56130,M,4774196.0,-321163.0,56
201800018916,18,5,5,1750,1,1,2,1.0,3.0,56054,M,4762853.0,-314312.0,56
201800018917,18,5,8,1610,1,1,1,1.0,3.0,56161,M,4766619.0,-303499.0,56
201800018918,18,6,5,2300,3,2,1,1.0,6.0,56119,M,4771029.0,-310862.0,56
201800018919,18,6,21,1345,1,1,3,1.0,1.0,56161,M,4766686.0,-304922.0,56
201800018920,18,7,4,215,5,2,6,1.0,7.0,56169,M,4769645.0,-325810.0,56
201800018921,18,7,9,1850,1,1,1,1.0,7.0,56161,M,4766540.0,-310401.0,56
201800018922,18,7,11,1250,1,1,1,1.0,6.0,56130,M,4774329.0,-327492.0,56
201800018923,18,8,24,1710,1,1,2,1.0,2.0,56193,M,4773998.0,-330270.0,56
201800018924,18,9,3,1200,1,1,1,1.0,4.0,56161,M,4764459.0,-304011.0,56
201800018925,18,9,15,2150,3,2,1,1.0,6.0,56119,M,4770229.0,-311171.0,56
201800018926,18,9,16,2105,3,1,1,1.0,7.0,56169,M,4768980.0,-326068.0,56
201800018927,18,9,19,1900,1,1,6,1.0,3.0,56130,M,4773921.0,-322602.0,56
201800018928,18,12,12,1915,3,1,1,1.0,1.0,56193,M,4772950.0,-331974.0,56
201800018929,18,12,24,1800,5,2,1,1.0,6.0,56119,M,4771041.0,-310495.0,56
201800018930,18,1,5,2338,3,1,1,1.0,1.0,56145,M,4804175.0,-230387.0,56
201800018931,18,3,11,1940,3,1,1,3.0,1.0,56249,M,4795186.0,-242998.0,56
201800018932,18,4,7,1030,1,2,1,1.0,7.0,56127,M,4804378.0,-233027.0,56
201800018933,18,6,3,130,5,2,1,1.0,2.0,56165,M,4792275.0,-240701.0,56
201800018934,18,6,27,1650,1,1,1,1.0,6.0,56208,M,4808430.0,-232707.0,56
201800018935,18,7,17,1750,1,1,1,1.0,6.0,56032,M,4797403.0,-229122.0,56
201800018936,18,7,26,905,1,1,1,1.0,7.0,56032,M,4796401.0,-234191.0,56
201800018937,18,8,31,1935,1,1,6,1.0,6.0,56122,M,4797602.0,-237987.0,56
201800018938,18,9,16,1155,1,1,2,1.0,3.0,56035,M,4785439.0,-233660.0,56
201800018939,18,12,7,815,2,2,1,3.0,7.0,56165,M,4794094.0,-239821.0,56
201800018940,18,12,8,1940,3,1,1,2.0,1.0,56249,M,4795988.0,-241847.0,56
201800018941,18,1,7,300,3,1,1,1.0,7.0,56244,M,4782089.0,-243153.0,56
201800018942,18,3,7,1840,2,1,1,1.0,7.0,56244,M,4781140.0,-249199.0,56
201800018943,18,3,13,1525,1,1,1,1.0,6.0,56033,M,4782294.0,-211153.0,56
201800018944,18,3,20,2230,3,1,1,1.0,7.0,56159,M,4774861.0,-239814.0,56
201800018945,18,4,25,1150,1,1,3,1.0,1.0,56033,M,4782403.0,-212586.0,56
201800018946,18,5,20,1345,1,1,1,1.0,6.0,56061,M,4778327.0,-209689.0,56
201800018947,18,5,23,2130,1,1,1,1.0,7.0,56244,M,4779733.0,-250737.0,56
201800018948,18,5,29,730,1,2,1,8.0,6.0,56075,M,4794670.0,-213329.0,56
201800018949,18,6,17,20,3,2,1,1.0,6.0,56033,M,4782634.0,-206608.0,56
201800018950,18,6,26,2250,3,2,1,1.0,6.0,56075,M,4793752.0,-213135.0,56
201800018951,18,7,2,1400,1,2,1,8.0,6.0,56124,M,4781090.0,-237781.0,56
201800018952,18,7,12,1640,1,2,3,1.0,3.0,56061,M,4775778.0,-214428.0,56
201800018953,18,7,15,1630,1,1,3,1.0,3.0,56244,M,4781228.0,-251158.0,56
201800018954,18,7,12,1000,1,2,1,1.0,6.0,56124,M,4781096.0,-238401.0,56
201800018955,18,8,1,1200,1,1,1,1.0,6.0,56136,M,4786958.0,-219580.0,56
201800018956,18,8,15,1630,1,2,1,1.0,6.0,56038,M,4778416.0,-210656.0,56
201800018957,18,8,27,745,1,1,1,1.0,1.0,56226,M,4795758.0,-214522.0,56
201800018958,18,9,15,1930,2,1,3,7.0,3.0,56159,M,4776797.0,-241951.0,56
201800018959,18,9,16,1045,1,1,1,1.0,6.0,56006,M,4789793.0,-227042.0,56
201800018960,18,10,18,1315,1,2,6,1.0,1.0,56228,M,4780534.0,-240194.0,56
201800018961,18,3,6,105,4,2,1,1.0,7.0,56024,M,4805642.0,-268929.0,56
201800018962,18,2,11,850,2,1,1,1.0,6.0,56059,M,4803130.0,-253542.0,56
201800018963,18,2,26,30,3,1,1,1.0,6.0,56051,M,4790458.0,-258932.0,56
201800018964,18,2,26,2040,3,1,1,1.0,6.0,56051,M,4788112.0,-261780.0,56
201800018965,18,2,28,1055,1,2,1,1.0,1.0,56091,M,4796131.0,-255018.0,56
201800018966,18,3,11,500,3,1,1,1.0,6.0,56172,M,4782124.0,-265575.0,56
201800018967,18,4,28,310,3,1,1,1.0,6.0,56079,M,4793885.0,-246384.0,56
201800018968,18,7,26,2005,1,1,1,1.0,3.0,56102,M,4799196.0,-253900.0,56
201800018969,18,4,29,2240,3,1,1,3.0,7.0,56079,M,4794022.0,-249818.0,56
201800018970,18,5,22,1710,1,1,1,1.0,6.0,56059,M,4803074.0,-264938.0,56
201800018971,18,6,9,2130,2,1,1,1.0,7.0,56091,M,4795797.0,-255680.0,56
201800018972,18,6,19,1430,1,1,2,1.0,3.0,56024,M,4808968.0,-269110.0,56
201800018973,18,6,25,1430,1,1,1,1.0,7.0,56019,M,4787743.0,-265452.0,56
201800018974,18,7,10,1040,1,1,3,1.0,3.0,56172,M,4783262.0,-259285.0,56
201800018975,18,8,23,1800,1,1,4,1.0,6.0,56172,M,4783008.0,-264935.0,56
201800018976,18,9,29,1456,1,2,3,1.0,1.0,56024,M,4806000.0,-269040.0,56
201800018977,18,9,29,1740,1,1,1,1.0,5.0,56017,M,4788357.0,-279830.0,56
201800018978,18,10,3,630,2,1,1,8.0,6.0,56102,M,4797336.0,-257455.0,56
201800018979,18,12,29,1630,1,1,1,1.0,2.0,56079,M,4794022.0,-249818.0,56
201800018980,18,1,9,1815,5,2,1,2.0,6.0,56178,M,4805748.0,-296344.0,56
201800018981,18,3,6,1200,1,1,4,2.0,6.0,56163,M,4808301.0,-323377.0,56
201800018982,18,3,20,1900,1,1,1,1.0,6.0,56246,M,4805023.0,-297678.0,56
201800018983,18,4,6,2230,5,2,9,1.0,6.0,56178,M,4806298.0,-296683.0,56
201800018984,18,6,22,1540,1,1,2,1.0,3.0,56151,M,4802823.0,-291627.0,56
201800018985,18,9,8,1620,1,2,3,1.0,3.0,56178,M,4807180.0,-296364.0,56
201800018986,18,10,7,300,3,1,3,8.0,6.0,56073,M,4807158.0,-321069.0,56
201800018987,18,10,22,400,3,1,4,1.0,6.0,56076,M,4802884.0,-302764.0,56
201800018988,18,12,7,1120,1,2,1,1.0,6.0,56178,M,4806485.0,-296662.0,56
201800018989,18,12,22,1630,1,1,1,1.0,1.0,56237,M,4801347.0,-297349.0,56
201800018990,18,12,29,2000,3,1,1,1.0,6.0,56242,M,4811425.0,-315185.0,56
201800018991,18,1,14,1900,3,1,1,1.0,1.0,56128,M,4800416.0,-306384.0,56
201800018992,18,3,12,1610,1,1,1,2.0,7.0,56010,M,4789493.0,-300846.0,56
201800018993,18,3,25,515,3,1,1,2.0,6.0,56174,M,4787036.0,-285875.0,56
201800018994,18,4,10,1126,1,1,3,2.0,1.0,56010,M,4788034.0,-302788.0,56
201800018995,18,4,28,1530,1,2,1,1.0,6.0,56117,M,4788753.0,-283088.0,56
201800018996,18,5,14,815,1,1,3,1.0,2.0,56174,M,4789258.0,-287395.0,56
201800018997,18,5,21,1243,1,2,6,1.0,3.0,56010,M,4787578.0,-301670.0,56
201800018998,18,7,2,1510,1,2,1,2.0,1.0,56117,M,4788403.0,-284120.0,56
201800018999,18,7,3,845,1,1,3,2.0,3.0,56174,M,4786974.0,-288944.0,56
201800019000,18,8,14,1655,1,1,1,1.0,1.0,56141,M,4784799.0,-286513.0,56
201800019001,18,10,28,900,1,1,3,2.0,3.0,56074,M,4789655.0,-292123.0,56
201800019002,18,12,26,2220,3,1,3,1.0,2.0,56140,M,4790508.0,-283895.0,56
201800019003,18,1,11,1615,1,1,6,1.0,2.0,56066,M,4815530.0,-359386.0,56
201800019004,18,2,24,1730,1,2,3,1.0,1.0,56057,M,4803136.0,-348696.0,56
201800019005,18,3,25,1532,1,1,1,1.0,1.0,56131,M,4801329.0,-346523.0,56
201800019006,18,5,6,1340,1,1,3,1.0,3.0,56014,M,4795545.0,-339349.0,56
201800019007,18,5,27,1015,1,1,2,1.0,1.0,56170,M,4813534.0,-334899.0,56
201800019008,18,8,15,1015,1,1,1,2.0,6.0,56182,M,4809069.0,-344835.0,56
201800019009,18,8,26,1600,1,1,2,2.0,3.0,56100,M,4814545.0,-350039.0,56
201800019010,18,11,10,1406,1,2,4,2.0,2.0,56066,M,4814148.0,-362057.0,56
201800019011,18,12,8,1415,1,1,9,2.0,6.0,56066,M,4813630.0,-366189.0,56
201800019012,18,3,9,1605,1,1,1,2.0,2.0,95527,M,4901550.0,249320.0,95
201800019013,18,6,20,2210,1,2,1,1.0,6.0,95612,M,4900110.0,248220.0,95
201800019014,18,10,11,1430,1,1,1,1.0,4.0,95527,M,4902190.0,249710.0,95
201800019015,18,10,26,1445,1,2,1,1.0,1.0,95527,M,4898030.0,250270.0,95
201800019016,18,11,7,1900,3,1,6,1.0,3.0,95527,M,4899650.0,251090.0,95
201800019017,18,3,24,1950,3,1,1,1.0,1.0,19192,M,4512555.0,189731.0,19
201800019018,18,3,30,1545,1,1,1,2.0,1.0,19004,M,4512248.0,178774.0,19
201800019019,18,6,25,730,1,1,1,1.0,1.0,19086,M,4503749.0,205975.0,19
201800019020,18,9,1,1440,1,1,1,1.0,6.0,19181,M,4542360.0,186620.0,19
201800019021,18,10,8,1650,1,1,1,1.0,3.0,19145,M,4537329.0,208720.0,19
201800019022,18,6,21,500,2,1,1,1.0,6.0,19225,M,4526796.0,208426.0,19
201800019023,18,3,18,1950,3,1,1,3.0,6.0,19060,M,4547691.0,159067.0,19
201800019024,18,5,20,1100,1,1,1,1.0,1.0,19248,M,4543265.0,151590.0,19
201800019025,18,6,7,1702,1,1,1,1.0,7.0,19118,M,4546711.0,174704.0,19
201800019026,18,8,6,345,3,1,1,1.0,6.0,19255,M,4535455.0,170819.0,19
201800019027,18,10,14,1705,1,1,1,1.0,6.0,19131,M,4554148.0,166459.0,19
201800019028,18,3,25,1715,1,1,1,1.0,1.0,19043,M,4514387.0,162687.0,19
201800019029,18,4,11,1830,1,2,1,1.0,6.0,19066,M,4514062.0,130665.0,19
201800019030,18,5,11,1115,1,1,1,7.0,3.0,19093,M,4509306.0,156953.0,19
201800019031,18,6,20,1525,1,2,6,1.0,3.0,19123,M,4516231.0,158136.0,19
201800019032,18,7,6,1508,1,1,4,1.0,3.0,19124,M,4513442.0,136775.0,19
201800019033,18,7,8,1800,1,1,1,1.0,1.0,19147,M,4504333.0,149854.0,19
201800019034,18,7,10,1830,1,1,4,7.0,3.0,19066,M,4513968.0,131169.0,19
201800019035,18,7,28,2359,3,2,1,1.0,7.0,19147,M,4505152.0,148173.0,19
201800019036,18,8,23,1220,1,1,1,1.0,3.0,19123,M,4517772.0,159213.0,19
201800019037,18,2,3,1615,1,1,1,1.0,6.0,19271,M,4503811.0,177715.0,19
201800019038,18,3,24,1040,1,2,1,2.0,7.0,19019,M,4497877.0,183748.0,19
201800019039,18,4,5,805,1,1,1,8.0,5.0,19013,M,4519545.0,165702.0,19
201800019040,18,9,15,1315,1,2,1,7.0,6.0,19273,M,4505350.0,158064.0,19
201800019041,18,10,8,550,3,1,1,1.0,6.0,19163,M,4509298.0,177693.0,19
201800019042,18,11,1,615,3,1,1,2.0,6.0,19163,M,4506178.0,173752.0,19
201800019043,18,5,17,1500,1,1,1,8.0,6.0,19278,M,4521209.0,143204.0,19
201800019044,18,5,26,1730,1,1,9,1.0,3.0,19005,M,4525216.0,146019.0,19
201800019045,18,10,24,715,2,1,6,1.0,3.0,19274,M,4519539.0,154113.0,19
201800019046,18,11,2,1910,5,1,6,1.0,3.0,19274,M,4519270.0,149742.0,19
201800019047,18,11,10,1215,1,1,1,3.0,7.0,19072,M,4522953.0,150671.0,19
201800019048,18,6,23,1230,1,1,1,7.0,3.0,19154,M,4532968.0,145700.0,19
201800019049,18,8,10,1730,1,1,1,1.0,1.0,19286,M,4534944.0,139455.0,19
201800019050,18,8,19,1700,1,1,1,1.0,1.0,19025,M,4540239.0,133976.0,19
201800019051,18,8,28,725,2,1,3,1.0,1.0,19254,M,4541268.0,129837.0,19
201800019052,18,4,18,1600,1,2,1,1.0,6.0,19153,M,4526250.0,140867.0,19
201800019053,18,9,6,1430,1,1,1,2.0,1.0,19094,M,4533580.0,132135.0,19
201800019054,18,11,3,1930,5,2,1,1.0,6.0,19015,M,4525668.0,132103.0,19
201800019055,18,10,8,1300,1,1,1,1.0,6.0,19180,M,4547806.0,222535.0,19
201800019056,18,11,1,630,5,1,1,1.0,1.0,19114,M,4560702.0,229279.0,19
201800019057,18,8,14,1915,1,1,1,1.0,6.0,19028,M,4540867.0,249882.0,19
201800019058,18,2,12,1030,1,1,1,1.0,3.0,19136,M,4555691.0,214736.0,19
201800019059,18,6,5,900,1,1,1,1.0,7.0,19058,M,4549520.0,215026.0,19
201800019060,18,5,20,815,1,1,1,1.0,1.0,19241,M,4567540.0,215133.0,19
201800019061,18,8,15,1200,1,1,1,1.0,1.0,19074,M,4564800.0,182360.0,19
201800019062,18,10,1,1145,1,2,1,2.0,2.0,19241,M,4569444.0,211846.0,19
201800019063,18,2,1,700,5,2,2,8.0,3.0,59331,M,5011871.0,370589.0,59
201800019064,18,5,7,1840,1,1,1,1.0,5.0,59474,M,5010529.0,376358.0,59
201800019065,18,5,12,355,5,2,4,1.0,6.0,59331,M,5011845.0,370510.0,59
201800019066,18,7,11,1727,1,1,3,1.0,3.0,59503,M,5014507.0,366344.0,59
201800019067,18,9,25,1645,1,1,5,1.0,3.0,59353,M,5021567.0,368976.0,59
201800019068,18,10,6,1625,1,1,1,1.0,1.0,59353,M,5022956.0,374161.0,59
201800019069,18,10,10,1600,1,2,1,1.0,5.0,59331,M,5012233.0,369407.0,59
201800019070,18,10,17,1650,1,1,1,1.0,7.0,59549,M,5020806.0,359631.0,59
201800019071,18,11,24,800,2,1,1,2.0,6.0,59464,M,5017949.0,362517.0,59
201800019072,18,4,4,1535,1,1,1,6.0,1.0,59601,M,5005675.0,412603.0,59
201800019073,18,9,9,725,2,1,1,1.0,6.0,59347,M,5011071.0,408474.0,59
201800019074,18,9,25,1500,1,1,1,1.0,5.0,59229,M,5003509.0,402742.0,59
201800019075,18,1,24,1230,1,2,1,1.0,6.0,59533,M,5017999.0,340835.0,59
201800019076,18,3,17,830,1,1,9,8.0,7.0,59432,M,5014181.0,324526.0,59
201800019077,18,4,8,320,5,2,1,1.0,7.0,59502,M,5020928.0,334541.0,59
201800019078,18,5,4,1615,1,2,1,1.0,1.0,59037,M,5019753.0,337926.0,59
201800019079,18,7,20,1415,1,2,1,2.0,7.0,59039,M,5015348.0,327675.0,59
201800019080,18,11,30,2300,3,1,1,1.0,1.0,59121,M,5018510.0,333695.0,59
201800019081,18,1,18,1859,3,1,1,3.0,1.0,59149,M,5005865.0,338520.0,59
201800019082,18,4,3,1307,1,1,1,1.0,7.0,59413,M,5010327.0,342677.0,59
201800019083,18,5,22,1630,1,2,3,1.0,1.0,59545,M,5005045.0,353791.0,59
201800019084,18,7,10,1820,1,2,1,1.0,1.0,59382,M,5004297.0,341301.0,59
201800019085,18,7,15,1900,1,2,1,1.0,7.0,59118,M,5003705.0,346461.0,59
201800019086,18,7,15,2200,2,2,1,1.0,6.0,59191,M,5004532.0,337189.0,59
201800019087,18,7,18,715,1,1,1,1.0,7.0,59118,M,5004661.0,342097.0,59
201800019088,18,8,4,247,3,2,1,1.0,6.0,59074,M,5009372.0,343737.0,59
201800019089,18,9,3,920,1,2,1,1.0,3.0,59624,M,5002970.0,328787.0,59
201800019090,18,1,28,1820,3,1,1,2.0,7.0,59555,M,5016652.0,403747.0,59
201800019091,18,2,4,1820,5,1,1,1.0,6.0,59187,M,5019552.0,395089.0,59
201800019092,18,2,21,1845,3,1,1,1.0,6.0,59151,M,5026925.0,410799.0,59
201800019093,18,3,2,1845,3,1,1,9.0,1.0,59151,M,5024958.0,407394.0,59
201800019094,18,3,8,1,3,1,1,1.0,6.0,59151,M,5025994.0,410565.0,59
201800019095,18,4,24,1705,1,1,1,1.0,2.0,59058,M,5023524.0,395129.0,59
201800019096,18,5,2,1500,1,1,1,1.0,5.0,59058,M,5021099.0,394934.0,59
201800019097,18,7,6,1355,1,1,1,1.0,6.0,59058,M,5021865.0,396525.0,59
201800019098,18,7,11,1650,1,1,1,1.0,7.0,59148,M,5015841.0,412645.0,59
201800019099,18,7,19,1955,1,2,1,1.0,2.0,59142,M,5026030.0,402446.0,59
201800019100,18,8,2,2120,2,2,4,1.0,3.0,59003,M,5023649.0,409173.0,59
201800019101,18,9,3,1836,1,1,1,1.0,7.0,59572,M,5023937.0,423635.0,59
201800019102,18,9,28,2150,3,1,3,1.0,3.0,59157,M,5025063.0,411312.0,59
201800019103,18,11,13,1745,3,1,1,1.0,6.0,59169,M,5022141.0,401448.0,59
201800019104,18,2,6,1850,5,2,1,4.0,6.0,51193,M,4898693.0,451711.0,51
201800019105,18,4,21,110,5,2,3,1.0,6.0,51146,M,4888535.0,424667.0,51
201800019106,18,5,11,40,3,1,6,1.0,7.0,51482,M,4888937.0,445358.0,51
201800019107,18,5,25,1730,1,1,1,1.0,6.0,51548,M,4899943.0,459534.0,51
201800019108,18,6,1,1700,1,2,3,1.0,1.0,51146,M,4888474.0,424437.0,51
201800019109,18,6,25,1900,1,1,1,1.0,7.0,51617,M,4902812.0,432349.0,51
201800019110,18,6,29,1505,1,1,1,1.0,3.0,51409,M,4887269.0,428235.0,51
201800019111,18,9,14,2125,3,1,1,1.0,5.0,51278,M,4907171.0,429160.0,51
201800019112,18,11,9,321,3,1,1,1.0,6.0,51193,M,4898959.0,407625.0,51
201800019113,18,11,9,545,5,2,1,1.0,6.0,51193,M,4898586.0,451189.0,51
201800019114,18,11,23,1320,1,1,2,1.0,3.0,51538,M,4889636.0,438495.0,51
201800019115,18,12,1,1630,2,1,1,2.0,7.0,51538,M,4889473.0,438803.0,51
201800019116,18,12,16,200,3,1,1,4.0,5.0,51278,M,4907277.0,428964.0,51
201800019117,18,12,28,535,3,1,1,5.0,7.0,51548,M,4898138.0,461720.0,51
201800019118,18,12,28,1410,1,1,1,5.0,7.0,51339,M,4886791.0,439363.0,51
201800019119,18,1,4,1100,1,1,1,2.0,7.0,51281,M,4898912.0,394554.0,51
201800019120,18,4,8,1801,1,1,3,1.0,3.0,51413,M,4901266.0,403477.0,51
201800019121,18,5,15,1450,1,1,1,1.0,3.0,51367,M,4894807.0,398966.0,51
201800019122,18,6,2,1850,1,1,1,1.0,3.0,51158,M,4884322.0,398323.0,51
201800019123,18,6,28,950,1,2,2,1.0,3.0,51154,M,4882853.0,408234.0,51
201800019124,18,7,27,830,1,1,1,1.0,6.0,51049,M,4887164.0,399960.0,51
201800019125,18,8,16,1800,1,1,1,1.0,6.0,51093,M,4899315.0,387977.0,51
201800019126,18,9,13,1526,1,1,1,1.0,7.0,51093,M,4898831.0,388589.0,51
201800019127,18,9,28,213,3,1,1,1.0,1.0,51638,M,4884157.0,414968.0,51
201800019128,18,10,13,1052,1,1,1,7.0,4.0,51411,M,4895727.0,398563.0,51
201800019129,18,3,16,1158,1,1,1,1.0,5.0,51563,M,4882465.0,374284.0,51
201800019130,18,4,14,450,3,1,1,1.0,2.0,51170,M,4883050.0,370354.0,51
201800019131,18,8,16,1015,1,2,1,1.0,6.0,51416,M,4895307.0,369681.0,51
201800019132,18,9,4,1320,1,1,1,1.0,1.0,51380,M,4886015.0,355729.0,51
201800019133,18,1,10,945,1,1,1,2.0,6.0,51185,M,4871814.0,352203.0,51
201800019134,18,2,10,1850,3,1,1,1.0,1.0,51514,M,4872045.0,377203.0,51
201800019135,18,2,25,1105,1,1,1,1.0,6.0,51535,M,4873221.0,372021.0,51
201800019136,18,2,25,1030,1,1,1,1.0,6.0,51360,M,4870725.0,365840.0,51
201800019137,18,3,2,840,1,1,1,2.0,6.0,51254,M,4863085.0,365024.0,51
201800019138,18,4,25,1830,1,2,1,1.0,1.0,51092,M,4875818.0,376102.0,51
201800019139,18,5,2,1515,1,1,2,1.0,1.0,51535,M,4871342.0,374106.0,51
201800019140,18,5,23,1145,1,1,2,1.0,3.0,51514,M,4869868.0,376645.0,51
201800019141,18,6,15,2300,3,1,1,1.0,6.0,51155,M,4852817.0,381013.0,51
201800019142,18,7,9,600,3,1,1,1.0,7.0,51625,M,4875866.0,341188.0,51
201800019143,18,7,21,2015,2,1,2,1.0,3.0,51056,M,4861634.0,360685.0,51
201800019144,18,7,27,2340,5,2,1,2.0,7.0,51237,M,4873235.0,356048.0,51
201800019145,18,9,13,910,1,1,1,1.0,3.0,51343,M,4855052.0,371615.0,51
201800019146,18,9,24,1220,1,2,3,1.0,3.0,51535,M,4872254.0,372487.0,51
201800019147,18,10,1,1010,1,2,1,1.0,6.0,51092,M,4876038.0,376860.0,51
201800019148,18,11,4,1515,1,2,2,1.0,2.0,51185,M,4871352.0,348738.0,51
201800019149,18,1,14,1610,1,1,1,1.0,1.0,51210,M,4906980.0,397481.0,51
201800019150,18,2,10,1330,1,2,1,1.0,7.0,51002,M,4901524.0,387865.0,51
201800019151,18,2,22,1140,1,1,9,7.0,3.0,51119,M,4909166.0,397345.0,51
201800019152,18,4,8,1020,1,1,1,1.0,1.0,51210,M,4907330.0,397346.0,51
201800019153,18,4,22,330,3,1,1,1.0,6.0,51153,M,4902915.0,400833.0,51
201800019154,18,5,12,2200,3,1,1,8.0,6.0,51347,M,4904934.0,402440.0,51
201800019155,18,5,19,2125,2,1,1,1.0,7.0,51576,M,4904992.0,415130.0,51
201800019156,18,5,21,430,4,2,1,1.0,6.0,51028,M,4907125.0,404887.0,51
201800019157,18,7,6,1825,1,1,1,7.0,6.0,51204,M,4906980.0,389603.0,51
201800019158,18,11,1,630,3,1,1,2.0,6.0,51576,M,4905017.0,414071.0,51
201800019159,18,12,14,1815,5,1,2,1.0,6.0,51393,M,4915203.0,392577.0,51
201800019160,18,1,17,1930,3,1,1,2.0,1.0,51109,M,4929204.0,391319.0,51
201800019161,18,3,24,1615,1,1,1,1.0,7.0,51532,M,4915717.0,399633.0,51
201800019162,18,4,27,2145,5,2,2,1.0,3.0,51569,M,4925316.0,395370.0,51
201800019163,18,5,25,1850,1,1,3,1.0,3.0,51183,M,4931164.0,398307.0,51
201800019164,18,6,15,1450,1,1,1,1.0,1.0,51291,M,4932993.0,393155.0,51
201800019165,18,6,27,1400,1,1,1,1.0,7.0,51282,M,4924538.0,389238.0,51
201800019166,18,7,3,1345,1,1,1,1.0,1.0,51069,M,4920117.0,386667.0,51
201800019167,18,7,27,745,1,1,1,1.0,1.0,51362,M,4928908.0,394659.0,51
201800019168,18,8,30,1815,1,2,2,1.0,3.0,51282,M,4925034.0,390683.0,51
201800019169,18,9,2,2010,1,2,9,1.0,3.0,51418,M,4924499.0,398110.0,51
201800019170,18,9,6,700,1,1,1,1.0,1.0,51183,M,4930343.0,399114.0,51
201800019171,18,9,15,1630,1,2,2,1.0,3.0,51291,M,4933567.0,391003.0,51
201800019172,18,12,19,1800,3,1,1,8.0,3.0,51111,M,4918871.0,384109.0,51
201800019173,18,1,19,825,1,1,1,1.0,6.0,51614,M,4912828.0,414556.0,51
201800019174,18,2,19,1955,3,1,1,2.0,1.0,51584,M,4920097.0,405140.0,51
201800019175,18,3,8,730,1,1,1,8.0,3.0,51044,M,4918335.0,416756.0,51
201800019176,18,6,30,530,2,1,1,1.0,6.0,51333,M,4916236.0,409129.0,51
201800019177,18,9,25,2135,3,1,1,1.0,7.0,51536,M,4920308.0,415008.0,51
201800019178,18,10,1,735,2,1,1,1.0,7.0,51629,M,4915325.0,401174.0,51
201800019179,18,12,9,130,3,1,6,2.0,7.0,51493,M,4923185.0,408559.0,51
201800019180,18,12,28,800,2,1,1,5.0,5.0,51613,M,4918550.0,416035.0,51
201800019181,18,2,17,1845,2,1,3,1.0,3.0,51299,M,4935510.0,419658.0,51
201800019182,18,4,5,1450,1,1,6,1.0,3.0,51088,M,4934770.0,403442.0,51
201800019183,18,4,18,1920,1,1,1,1.0,2.0,51662,M,4927485.0,408628.0,51
201800019184,18,7,21,415,3,1,1,1.0,6.0,51054,M,4929649.0,437861.0,51
201800019185,18,9,30,1040,1,1,1,1.0,7.0,51105,M,4925686.0,408525.0,51
201800019186,18,10,1,1510,1,1,1,2.0,6.0,51660,M,4933380.0,424164.0,51
201800019187,18,10,28,1915,3,1,1,1.0,3.0,51046,M,4926825.0,422572.0,51
201800019188,18,2,4,1805,3,1,3,1.0,1.0,51090,M,4878706.0,387103.0,51
201800019189,18,4,11,1415,1,1,2,7.0,4.0,51090,M,4878483.0,385648.0,51
201800019190,18,5,19,1520,1,1,1,1.0,1.0,51545,M,4872244.0,420227.0,51
201800019191,18,7,22,1354,1,1,1,7.0,2.0,51165,M,4872812.0,387964.0,51
201800019192,18,10,2,1345,1,1,1,2.0,1.0,51164,M,4874787.0,405826.0,51
201800019193,18,2,11,530,3,1,1,2.0,6.0,62777,M,5006732.0,277543.0,62
201800019194,18,4,27,1620,1,1,3,1.0,1.0,62387,M,5010985.0,279101.0,62
201800019195,18,7,27,2000,1,1,1,2.0,6.0,62410,M,5009238.0,293842.0,62
201800019196,18,8,4,1410,1,2,1,1.0,3.0,62572,M,5006800.0,306326.0,62
201800019197,18,8,18,1200,1,1,2,1.0,3.0,62591,M,5012407.0,295582.0,62
201800019198,18,10,28,800,1,2,1,1.0,6.0,62410,M,5009016.0,293505.0,62
201800019199,18,1,17,900,1,1,1,6.0,6.0,62653,M,5074587.0,168165.0,62
201800019200,18,4,7,1110,1,2,1,1.0,2.0,62773,M,5064119.0,174379.0,62
201800019201,18,4,15,1535,1,1,3,1.0,2.0,62448,M,5066697.0,167823.0,62
201800019202,18,4,14,1830,2,1,1,3.0,6.0,62255,M,5069840.0,177710.0,62
201800019203,18,5,9,1230,1,1,1,1.0,1.0,62773,M,5063772.0,178819.0,62
201800019204,18,6,24,1930,1,1,1,1.0,6.0,62896,M,5067188.0,178785.0,62