Num_Acc,an,mois,jour,hrmn,lum,agg,int,atm,col,com,gps,lat,long,dep
201800019205,18,9,11,1135,1,1,2,1.0,1.0,62599,M,5074249.0,186773.0,62
201800019206,18,10,19,715,2,1,1,1.0,1.0,62773,M,5063973.0,175612.0,62
201800019207,18,12,9,1900,3,1,1,1.0,6.0,62102,M,5064975.0,190024.0,62
201800019208,18,1,27,600,3,1,1,5.0,6.0,51027,M,4905263.0,470605.0,51
201800019209,18,5,30,2035,1,1,1,3.0,1.0,51397,M,4896330.0,489166.0,51
201800019210,18,6,25,1830,1,1,1,1.0,7.0,51166,M,4892072.0,480738.0,51
201800019211,18,8,10,1548,1,1,1,1.0,6.0,51632,M,4901979.0,494237.0,51
201800019212,18,9,1,2030,5,2,1,1.0,1.0,51610,M,4906775.0,490494.0,51
201800019213,18,12,7,1430,1,2,2,2.0,3.0,51507,M,4908734.0,488215.0,51
201800019214,18,3,23,815,1,2,1,1.0,2.0,91600,M,4865164.0,244454.0,91
201800019215,18,4,8,145,3,1,1,1.0,2.0,91617,M,4865267.0,252734.0,91
201800019216,18,7,11,945,1,2,1,1.0,1.0,91577,M,4859062.0,249618.0,91
201800019217,18,10,2,755,1,2,1,1.0,6.0,91573,M,4862199.0,251253.0,91
201800019218,18,10,13,2200,3,1,1,1.0,7.0,91617,M,4863889.0,253532.0,91
201800019219,18,11,2,1035,1,1,1,1.0,3.0,91573,M,4859184.0,250474.0,91
201800019220,18,12,4,2335,5,2,1,1.0,1.0,91617,M,4864395.0,251905.0,91
201800019221,18,12,11,1045,1,2,1,1.0,6.0,91577,M,4857622.0,250092.0,91
201800019222,18,12,27,1400,1,2,1,8.0,1.0,91573,M,4862199.0,251253.0,91
201800019223,18,4,17,1200,1,2,1,1.0,1.0,91635,M,4873498.0,220987.0,91
201800019224,18,4,24,1130,1,2,1,1.0,6.0,91272,M,4864057.0,245058.0,91
201800019225,18,4,26,920,1,1,1,1.0,5.0,91534,M,4872873.0,217400.0,91
201800019226,18,5,16,1640,1,1,1,1.0,2.0,91679,M,4873069.0,212112.0,91
201800019227,18,6,21,530,2,1,1,1.0,1.0,91534,M,4872873.0,217400.0,91
201800019228,18,7,4,310,3,1,1,1.0,6.0,91679,M,4873173.0,211321.0,91
201800019229,18,7,8,1055,1,2,3,1.0,3.0,91272,M,4870220.0,214704.0,91
201800019230,18,8,2,1824,1,1,1,1.0,2.0,91274,M,4866796.0,211413.0,91
201800019231,18,10,31,1,3,1,1,1.0,6.0,91679,M,4873069.0,212112.0,91
201800019232,18,11,9,1710,2,2,1,8.0,6.0,91534,M,4873293.0,217423.0,91
201800019233,18,2,16,710,3,2,3,1.0,3.0,95026,M,4914160.0,237460.0,95
201800019234,18,2,23,1645,1,2,6,1.0,2.0,95652,M,4913780.0,237350.0,95
201800019235,18,5,9,2235,3,1,1,1.0,6.0,95352,M,4913530.0,243610.0,95
201800019236,18,6,10,1625,1,1,1,1.0,2.0,95352,M,4911580.0,241530.0,95
201800019237,18,7,16,1630,1,1,1,1.0,1.0,95352,M,4912020.0,240360.0,95
201800019238,18,7,28,1745,1,2,1,1.0,7.0,95144,M,4906630.0,245690.0,95
201800019239,18,10,6,1220,1,2,1,1.0,7.0,95026,M,4913210.0,235870.0,95
201800019240,18,12,8,1050,1,2,1,1.0,1.0,95660,M,4907390.0,234580.0,95
201800019241,18,12,25,1920,3,1,1,1.0,2.0,95365,M,4906510.0,240330.0,95
201800019242,18,1,17,1912,5,2,2,1.0,1.0,89195,M,4815917.0,326784.0,89
201800019243,18,2,6,1820,5,2,1,4.0,3.0,89411,M,4816734.0,342660.0,89
201800019244,18,2,10,2030,3,1,1,8.0,6.0,89399,M,4824149.0,331607.0,89
201800019245,18,5,31,1135,1,1,2,1.0,4.0,89239,M,4818055.0,334158.0,89
201800019246,18,6,3,1800,1,2,9,1.0,1.0,89160,M,4814067.0,329136.0,89
201800019247,18,6,21,1920,1,1,1,1.0,3.0,89239,M,4818680.0,332120.0,89
201800019248,18,9,18,1640,1,1,1,1.0,7.0,89111,M,4822151.0,343693.0,89
201800019249,18,10,19,1800,1,2,2,1.0,3.0,89461,M,4823504.0,355691.0,89
201800019250,18,10,23,200,3,1,1,5.0,7.0,89291,M,4811456.0,328842.0,89
201800019251,18,11,2,1235,1,1,9,2.0,6.0,89076,M,4806492.0,363338.0,89
201800019252,18,12,11,1135,1,1,1,1.0,7.0,89471,M,4817600.0,341489.0,89
201800019253,18,12,16,1310,1,2,1,1.0,2.0,89411,M,4816965.0,343508.0,89
201800019254,18,2,12,1225,1,1,1,9.0,7.0,04205,M,4435570.0,633920.0,04
201800019255,18,3,25,1737,1,1,1,1.0,5.0,04033,M,4445570.0,630499.0,04
201800019256,18,4,13,1715,1,1,1,1.0,7.0,04102,M,4443820.0,641685.0,04
201800019257,18,6,24,1030,1,1,1,1.0,2.0,04033,M,4445980.0,625242.0,04
201800019258,18,6,28,2005,1,1,1,1.0,7.0,04198,M,4443330.0,636124.0,04
201800019259,18,7,7,1635,1,1,1,1.0,2.0,04033,M,4446170.0,626014.0,04
201800019260,18,7,13,1610,1,1,1,1.0,7.0,04033,M,4445040.0,624015.0,04
201800019261,18,7,17,1925,1,1,1,1.0,1.0,04198,M,4445360.0,635676.0,04
201800019262,18,7,23,1815,1,1,1,1.0,7.0,04102,M,4444650.0,640729.0,04
201800019263,18,8,11,1535,1,1,1,1.0,7.0,04161,M,4439740.0,647980.0,04
201800019264,18,8,18,2005,2,1,3,1.0,2.0,04033,M,4446000.0,623742.0,04
201800019265,18,8,27,1700,1,1,1,1.0,1.0,04161,M,4440080.0,651847.0,04
201800019266,18,10,6,1230,1,2,1,1.0,6.0,04237,M,4428170.0,638785.0,04
201800019267,18,1,13,1220,1,1,1,1.0,1.0,57116,M,4898406.0,628724.0,57
201800019268,18,1,14,1150,1,1,1,1.0,5.0,57653,M,4899430.0,628206.0,57
201800019269,18,2,18,300,3,1,9,5.0,7.0,57146,M,4902721.0,615262.0,57
201800019270,18,8,5,1930,1,1,1,1.0,7.0,57676,M,4896549.0,636646.0,57
201800019271,18,8,25,509,3,1,1,2.0,7.0,57552,M,4905522.0,619963.0,57
201800019272,18,1,20,221,5,1,1,8.0,1.0,57523,M,4911601.0,630320.0,57
201800019273,18,4,18,1600,1,1,1,1.0,5.0,57432,M,4911648.0,633962.0,57
201800019274,18,5,27,1954,1,1,1,1.0,7.0,57145,M,4910798.0,627673.0,57
201800019275,18,7,19,1400,1,1,2,1.0,3.0,57575,M,4911773.0,631920.0,57
201800019276,18,7,20,740,1,1,2,1.0,1.0,57155,M,4910900.0,639867.0,57
201800019277,18,8,18,1945,1,1,1,1.0,1.0,57145,M,4910610.0,627000.0,57
201800019278,18,9,21,700,2,1,1,1.0,1.0,57482,M,4911570.0,629782.0,57
201800019279,18,10,17,1700,1,2,1,1.0,6.0,57193,M,4922569.0,621553.0,57
201800019280,18,1,10,440,3,1,1,2.0,7.0,57097,M,4918593.0,649260.0,57
201800019281,18,1,23,930,1,1,1,1.0,1.0,57471,M,4917172.0,653830.0,57
201800019282,18,1,23,1830,3,1,1,1.0,1.0,57610,M,4935615.0,645868.0,57
201800019283,18,1,30,1745,3,1,1,1.0,3.0,57097,M,4919678.0,651979.0,57
201800019284,18,5,12,930,1,2,1,2.0,1.0,57186,M,4927461.0,640829.0,57
201800019285,18,5,21,1545,1,2,1,1.0,1.0,57235,M,4928728.0,650508.0,57
201800019286,18,6,11,1205,1,2,1,1.0,6.0,57730,M,4916745.0,644679.0,57
201800019287,18,6,19,815,1,1,1,1.0,3.0,57700,M,4927711.0,652481.0,57
201800019288,18,7,5,650,1,1,1,1.0,1.0,57235,M,4929193.0,647950.0,57
201800019289,18,9,30,815,1,2,1,1.0,6.0,57167,M,4930699.0,640235.0,57
201800019290,18,10,13,816,1,1,3,1.0,1.0,57106,M,4929471.0,654584.0,57
201800019291,18,12,4,1130,1,1,1,1.0,1.0,57235,M,4927764.0,649454.0,57
201800019292,18,2,13,850,1,1,2,1.0,5.0,57754,M,4876122.0,659674.0,57
201800019293,18,3,21,1755,2,1,2,7.0,3.0,57059,M,4890761.0,656121.0,57
201800019294,18,5,4,1400,1,1,1,1.0,6.0,57692,M,4877320.0,659427.0,57
201800019295,18,5,5,1325,1,2,1,1.0,7.0,57126,M,4878862.0,645223.0,57
201800019296,18,7,15,2013,1,2,1,2.0,3.0,57171,M,4888970.0,638778.0,57
201800019297,18,10,7,50,3,1,1,1.0,6.0,57099,M,4872030.0,672941.0,57
201800019298,18,12,15,430,3,1,1,1.0,7.0,57141,M,4891001.0,650049.0,57
201800019299,18,12,22,2125,5,2,1,1.0,1.0,57490,M,4877855.0,656372.0,57
201800019300,18,2,17,1219,1,1,1,2.0,6.0,57560,M,4892912.0,667769.0,57
201800019301,18,5,21,1521,1,2,1,1.0,6.0,57389,M,4903803.0,670557.0,57
201800019302,18,6,8,1500,1,1,1,1.0,1.0,57311,M,4899632.0,681860.0,57
201800019303,18,6,27,1723,1,2,6,1.0,3.0,57483,M,4893226.0,665253.0,57
201800019304,18,7,31,2038,2,1,1,1.0,6.0,57262,M,4897879.0,673666.0,57
201800019305,18,10,1,1755,1,1,1,1.0,6.0,57189,M,4898646.0,660219.0,57
201800019306,18,2,11,120,3,1,1,1.0,6.0,57414,M,4866961.0,700556.0,57
201800019307,18,3,2,915,1,1,1,8.0,7.0,57321,M,4870759.0,704461.0,57
201800019308,18,7,27,1900,1,1,1,1.0,3.0,57321,M,4869431.0,702313.0,57
201800019309,18,10,7,1930,5,2,1,1.0,6.0,57003,M,4863570.0,709861.0,57
201800019310,18,10,13,2020,5,2,1,1.0,7.0,57734,M,4865261.0,707112.0,57
201800019311,18,12,5,1215,1,2,1,8.0,1.0,57113,M,4869764.0,710249.0,57
201800019312,18,12,22,800,1,1,1,2.0,6.0,57544,M,4869007.0,717471.0,57
201800019313,18,2,7,740,2,1,1,9.0,6.0,57300,M,4870084.0,721254.0,57
201800019314,18,3,3,1150,1,2,1,8.0,6.0,57468,M,4876780.0,722598.0,57
201800019315,18,5,1,2112,3,1,1,1.0,6.0,57291,M,4881510.0,722808.0,57
201800019316,18,5,5,1605,1,1,1,1.0,3.0,57244,M,4871905.0,722618.0,57
201800019317,18,5,26,2300,3,1,1,1.0,6.0,57761,M,4878556.0,720618.0,57
201800019318,18,7,10,1430,1,1,8,1.0,1.0,57315,M,4873249.0,721069.0,57
201800019319,18,8,4,1112,1,1,1,1.0,7.0,57298,M,4865869.0,718272.0,57
201800019320,18,8,15,1255,1,2,3,1.0,6.0,57540,M,4877315.0,726267.0,57
201800019321,18,8,19,540,3,2,1,1.0,6.0,57540,M,4876834.0,725902.0,57
201800019322,18,9,29,940,1,2,1,1.0,4.0,57168,M,4876691.0,729724.0,57
201800019323,18,12,15,1315,1,2,1,1.0,3.0,57540,M,4876897.0,724436.0,57
201800019324,18,12,28,1515,1,1,1,1.0,1.0,57407,M,4877964.0,714521.0,57
201800019325,18,1,6,1740,5,2,1,3.0,6.0,57598,M,4913988.0,700885.0,57
201800019326,18,3,12,1549,1,1,1,2.0,5.0,57584,M,4909786.0,727357.0,57
201800019327,18,4,23,1520,1,2,1,8.0,6.0,57748,M,4905610.0,714889.0,57
201800019328,18,7,1,1610,1,1,1,7.0,6.0,57408,M,4915024.0,699271.0,57
201800019329,18,9,16,1810,1,1,1,1.0,1.0,57750,M,4908594.0,718433.0,57
201800019330,18,10,7,330,5,2,1,1.0,7.0,57348,M,4910608.0,700163.0,57
201800019331,18,11,13,1700,3,1,1,8.0,3.0,57535,M,4905475.0,731626.0,57
201800019332,18,11,25,400,3,1,1,2.0,6.0,57006,M,4904957.0,718469.0,57
201800019333,18,12,30,1100,1,1,1,2.0,7.0,57355,M,4903777.0,712782.0,57
201800019334,18,2,24,1920,4,2,1,1.0,6.0,57577,M,4904062.0,739572.0,57
201800019335,18,6,16,2215,3,1,1,1.0,1.0,57489,M,4898282.0,748089.0,57
201800019336,18,6,24,1045,1,2,9,1.0,7.0,57477,M,4899383.0,730917.0,57
201800019337,18,7,14,1515,1,2,1,1.0,6.0,57089,M,4905282.0,742709.0,57
201800019338,18,8,12,1330,1,2,1,1.0,3.0,57089,M,4904969.0,742905.0,57
201800019339,18,8,16,930,1,2,9,1.0,6.0,57089,M,4904874.0,742812.0,57
201800019340,18,9,15,30,3,1,1,1.0,6.0,57195,M,4910628.0,731830.0,57
201800019341,18,10,30,1030,1,1,1,2.0,6.0,57192,M,4902142.0,733316.0,57
201800019342,18,11,8,1705,5,2,1,1.0,6.0,57390,M,4899790.0,737943.0,57
201800019343,18,12,5,1150,1,2,1,8.0,6.0,57089,M,4904020.0,742750.0,57
201800019344,18,12,5,1825,5,2,1,8.0,3.0,57089,M,4905184.0,743262.0,57
201800019345,18,12,12,1440,1,1,3,1.0,3.0,57250,M,4899127.0,738277.0,57
201800019346,18,4,22,1140,1,1,1,1.0,2.0,57556,M,4906386.0,691872.0,57
201800019347,18,5,4,1630,1,1,1,1.0,3.0,57325,M,4900167.0,688931.0,57
201800019348,18,8,31,2250,5,2,1,1.0,6.0,57330,M,4901372.0,695357.0,57
201800019349,18,4,22,545,2,1,6,1.0,6.0,57305,M,4938849.0,600080.0,57
201800019350,18,5,14,955,1,1,1,9.0,1.0,57731,M,4943950.0,606552.0,57
201800019351,18,5,26,1634,1,2,1,1.0,3.0,57022,M,4938852.0,604177.0,57
201800019352,18,6,22,1720,1,2,1,1.0,6.0,57678,M,4940269.0,598033.0,57
201800019353,18,6,23,1445,1,2,2,1.0,6.0,57529,M,4944280.0,601809.0,57
201800019354,18,7,15,30,3,1,1,1.0,6.0,57678,M,4940068.0,596882.0,57
201800019355,18,8,16,1710,1,1,1,1.0,6.0,57226,M,4937288.0,601840.0,57
201800019356,18,8,20,435,5,2,3,1.0,3.0,57041,M,4941667.0,594059.0,57
201800019357,18,10,11,710,2,2,1,1.0,6.0,57529,M,4944150.0,601871.0,57
201800019358,18,10,24,2015,3,1,1,2.0,1.0,57199,M,4941737.0,606522.0,57
201800019359,18,11,16,1950,5,1,9,8.0,1.0,57041,M,4940587.0,592826.0,57
201800019360,18,12,8,2150,3,1,1,3.0,1.0,57678,M,4939716.0,596731.0,57
201800019361,18,4,15,1720,1,1,2,1.0,3.0,57287,M,4938438.0,624782.0,57
201800019362,18,4,17,1800,1,1,3,1.0,3.0,57465,M,4931581.0,630279.0,57
201800019363,18,4,29,1404,1,1,1,1.0,1.0,57269,M,4930161.0,618126.0,57
201800019364,18,5,9,1700,1,2,1,1.0,6.0,57269,M,4930176.0,620786.0,57
201800019365,18,5,18,1840,1,1,1,1.0,7.0,57287,M,4937515.0,625661.0,57
201800019366,18,7,17,2030,1,1,3,1.0,6.0,35024,M,4816238.0,-164735.0,35
201800019367,18,9,21,1650,1,1,2,1.0,3.0,35193,M,4824951.0,-171995.0,35
201800019368,18,10,5,1855,2,1,3,1.0,3.0,35296,M,4827841.0,-166324.0,35
201800019369,18,10,11,1230,1,2,1,1.0,6.0,35173,M,4821583.0,-169722.0,35
201800019370,18,12,6,1945,3,1,1,1.0,1.0,35251,M,4826655.0,-159871.0,35
201800019371,18,3,21,1920,5,2,1,1.0,1.0,31588,M,4351857.0,134501.0,31
201800019372,18,6,14,1800,1,2,6,1.0,3.0,31588,M,4352687.0,133565.0,31
201800019373,18,6,30,1145,1,2,3,1.0,3.0,31203,M,4351206.0,132859.0,31
201800019374,18,10,10,1835,2,2,6,1.0,6.0,31157,M,4354497.0,134809.0,31
201800019375,18,10,31,1720,1,2,1,1.0,3.0,31157,M,4353002.0,135331.0,31
201800019376,18,10,31,1719,1,2,3,1.0,5.0,31203,M,4351439.0,133070.0,31
201800019377,18,1,11,1855,3,1,6,1.0,2.0,44009,M,4722344.0,-147219.0,44
201800019378,18,5,20,15,5,1,6,1.0,7.0,44071,M,4718463.0,-143877.0,44
201800019379,18,5,29,1725,1,1,1,1.0,4.0,44070,M,4716972.0,-137818.0,44
201800019380,18,9,29,2058,3,1,1,1.0,6.0,44071,M,4719718.0,-144561.0,44
201800019381,18,2,13,2030,5,2,1,4.0,1.0,03247,M,4658819.0,314372.0,03
201800019382,18,6,7,1650,1,1,1,1.0,5.0,03207,M,4649448.0,380078.0,03
201800019383,18,3,28,700,5,2,1,2.0,1.0,33387,M,4503065.0,-27439.0,33
201800019384,18,1,24,1230,1,1,1,1.0,6.0,33321,M,4506169.0,-43341.0,33
201800019385,18,2,3,1700,1,1,1,1.0,2.0,30034,M,4375877.0,450199.0,30
201800019386,18,2,17,930,1,1,1,2.0,1.0,30047,M,4380950.0,441941.0,30
201800019387,18,2,18,130,3,1,1,2.0,1.0,30356,M,4380583.0,441064.0,30
201800019388,18,4,26,1020,1,1,1,1.0,6.0,30047,M,4377614.0,446412.0,30
201800019389,18,5,4,2055,3,1,1,1.0,7.0,30034,M,4375695.0,452457.0,30
201800019390,18,5,17,330,3,2,1,1.0,6.0,30117,M,4370085.0,460805.0,30
201800019391,18,6,4,1750,1,2,2,1.0,3.0,30060,M,4379290.0,438336.0,30
201800019392,18,6,22,1410,1,1,1,7.0,1.0,30135,M,4382710.0,453410.0,30
201800019393,18,7,11,805,1,2,1,7.0,6.0,30060,M,4379188.0,438266.0,30
201800019394,18,8,26,2330,3,1,1,1.0,1.0,30135,M,4383125.0,457357.0,30
201800019395,18,10,12,830,1,2,1,8.0,6.0,30034,M,4375395.0,451344.0,30
201800019396,18,10,17,1650,1,1,4,1.0,3.0,30060,M,4378707.0,438981.0,30
201800019397,18,11,19,1215,1,1,1,1.0,3.0,30117,M,4370416.0,456610.0,30
201800019398,18,11,21,1730,3,1,1,1.0,2.0,30060,M,4380200.0,437468.0,30
201800019399,18,11,29,745,2,1,6,1.0,6.0,30034,M,4375695.0,452457.0,30
201800019400,18,11,30,1405,1,2,1,2.0,2.0,30060,M,4379413.0,438416.0,30
201800019401,18,12,3,1750,3,1,1,1.0,2.0,30117,M,4369466.0,459156.0,30
201800019402,18,12,22,140,3,1,1,2.0,6.0,30034,M,4375877.0,450199.0,30
201800019403,18,1,26,1155,1,1,2,1.0,1.0,62772,M,5076657.0,221610.0,62
201800019404,18,2,21,1640,1,1,1,8.0,6.0,62297,M,5082461.0,220389.0,62
201800019405,18,9,25,745,1,1,2,1.0,3.0,62792,M,5078260.0,218890.0,62
201800019406,18,12,21,45,3,1,1,1.0,6.0,62792,M,5078260.0,218890.0,62
201800019407,18,1,27,1630,1,2,1,1.0,3.0,83120,M,4338082.0,570079.0,83
201800019408,18,2,20,1300,1,1,1,1.0,1.0,83116,M,4342957.0,588685.0,83
201800019409,18,3,20,1130,1,2,1,1.0,2.0,83116,M,4343515.0,585424.0,83
201800019410,18,3,22,1931,5,2,1,1.0,3.0,83087,M,4337179.0,578214.0,83
201800019411,18,4,28,500,3,1,6,1.0,7.0,83087,M,4339276.0,579822.0,83
201800019412,18,4,27,2330,3,1,1,1.0,6.0,83125,M,4350210.0,590820.0,83
201800019413,18,5,5,1230,1,2,9,1.0,6.0,83021,M,4346973.0,595908.0,83
201800019414,18,5,12,950,1,1,1,1.0,5.0,83140,M,4340527.0,593245.0,83
201800019415,18,6,7,1405,1,2,9,2.0,6.0,83116,M,4345312.0,586019.0,83
201800019416,18,6,20,1940,1,2,1,1.0,1.0,83097,M,4350304.0,573554.0,83
201800019417,18,7,3,855,1,1,1,1.0,1.0,83087,M,4338541.0,574903.0,83
201800019418,18,7,11,2115,3,1,1,1.0,1.0,83096,M,4346723.0,578897.0,83
201800019419,18,7,16,1400,1,1,1,8.0,1.0,83116,M,4345471.0,585345.0,83
201800019420,18,7,22,703,2,1,1,7.0,1.0,83140,M,4340826.0,597025.0,83
201800019421,18,8,29,1955,2,2,1,1.0,3.0,83116,M,4343995.0,586297.0,83
201800019422,18,10,4,810,1,2,2,7.0,3.0,83116,M,4343990.0,586308.0,83
201800019423,18,10,7,600,3,1,1,2.0,7.0,83140,M,4340838.0,597737.0,83
201800019424,18,10,19,1645,1,2,1,1.0,6.0,83120,M,4338186.0,570728.0,83
201800019425,18,10,26,20,3,1,1,1.0,6.0,83110,M,4339483.0,586549.0,83
201800019426,18,10,31,1900,3,1,1,3.0,4.0,83096,M,4346723.0,578897.0,83
201800019427,18,12,5,1505,1,1,1,1.0,1.0,83140,M,4340938.0,590853.0,83
201800019428,18,12,14,400,3,1,1,1.0,6.0,83140,M,4340841.0,596032.0,83
201800019429,18,1,18,1120,1,2,1,6.0,3.0,83031,M,4339245.0,633791.0,83
201800019430,18,2,1,1245,1,2,1,1.0,4.0,83073,M,4339192.0,631408.0,83
201800019431,18,3,16,745,1,1,1,1.0,4.0,83031,M,4340314.0,635686.0,83
201800019432,18,3,31,1300,1,1,1,1.0,6.0,83067,M,4334991.0,629601.0,83
201800019433,18,5,27,1130,1,1,1,1.0,3.0,83031,M,4338666.0,635767.0,83
201800019434,18,5,27,500,5,2,1,1.0,6.0,83073,M,4338811.0,630869.0,83
201800019435,18,6,11,1820,1,2,1,1.0,3.0,83057,M,4337648.0,622170.0,83
201800019436,18,6,14,1320,1,1,1,1.0,6.0,83073,M,4339517.0,627607.0,83
201800019437,18,7,31,635,1,1,1,1.0,1.0,83018,M,4334257.0,618412.0,83
201800019438,18,8,7,1015,1,2,3,1.0,3.0,83067,M,4332043.0,628899.0,83
201800019439,18,8,23,750,1,1,1,1.0,1.0,83075,M,4331791.0,635818.0,83
201800019440,18,9,2,1845,1,1,6,1.0,6.0,83057,M,4336935.0,621602.0,83
201800019441,18,9,26,730,1,1,1,1.0,5.0,83031,M,4334894.0,642789.0,83
201800019442,18,10,5,1300,1,1,1,1.0,1.0,83057,M,4335869.0,619893.0,83
201800019443,18,10,12,1530,1,1,1,1.0,1.0,83031,M,4340314.0,635686.0,83
201800019444,18,10,18,2100,3,1,1,1.0,3.0,83092,M,4330571.0,624515.0,83
201800019445,18,10,21,1530,1,1,1,1.0,7.0,83026,M,4342839.0,623065.0,83
201800019446,18,10,29,1415,1,1,1,3.0,7.0,83018,M,4334628.0,617986.0,83
201800019447,18,11,14,510,3,1,1,1.0,2.0,83073,M,4336872.0,631561.0,83
201800019448,18,12,17,330,3,1,1,8.0,6.0,83018,M,4332899.0,618005.0,83
201800019449,18,12,21,1750,5,2,1,1.0,6.0,83092,M,4329675.0,625399.0,83
201800019450,18,12,24,945,1,2,9,1.0,6.0,83073,M,4339735.0,630690.0,83
201800019451,18,2,18,1830,5,2,3,1.0,5.0,74157,M,4633389.0,650528.0,74
201800019452,18,2,20,45,3,1,1,1.0,6.0,74020,M,4635322.0,650354.0,74
201800019453,18,3,25,300,5,2,1,1.0,6.0,74180,M,4634541.0,628488.0,74
201800019454,18,4,26,700,1,2,1,1.0,3.0,74293,M,4627567.0,624597.0,74
201800019455,18,4,29,1650,1,2,1,1.0,1.0,74180,M,4634994.0,628787.0,74
201800019456,18,4,17,1730,1,2,1,1.0,3.0,74263,M,4632572.0,639442.0,74
201800019457,18,5,18,1630,1,2,1,1.0,3.0,74105,M,4630383.0,629595.0,74
201800019458,18,5,28,1720,1,1,1,1.0,1.0,74005,M,4634840.0,647865.0,74
201800019459,18,6,25,1830,1,1,1,1.0,3.0,74263,M,4633204.0,637778.0,74
201800019460,18,7,11,1935,1,2,2,1.0,3.0,74315,M,4636767.0,632118.0,74
201800019461,18,7,23,1715,1,1,1,1.0,1.0,74157,M,4634149.0,653511.0,74
201800019462,18,8,12,924,1,2,9,1.0,2.0,74263,M,4633339.0,638751.0,74
201800019463,18,8,25,1840,1,1,1,1.0,7.0,74263,M,4631977.0,639580.0,74
201800019464,18,8,26,900,1,2,6,7.0,3.0,74150,M,4628031.0,631078.0,74
201800019465,18,9,18,1814,1,2,1,1.0,6.0,74105,M,4630593.0,630185.0,74
201800019466,18,9,24,1630,1,2,9,1.0,6.0,74105,M,4630496.0,630791.0,74
201800019467,18,10,7,1712,1,1,1,1.0,1.0,74171,M,4632201.0,634248.0,74
201800019468,18,11,16,1650,1,1,1,2.0,5.0,74043,M,4626085.0,635138.0,74
201800019469,18,11,23,2245,5,2,1,3.0,1.0,74105,M,4631061.0,631542.0,74
201800019470,18,11,28,1835,5,1,2,1.0,3.0,74106,M,4630737.0,647264.0,74
201800019471,18,12,25,50,5,2,4,1.0,7.0,74150,M,4629210.0,630964.0,74
201800019472,18,12,28,400,3,1,1,1.0,6.0,74150,M,4628163.0,630989.0,74
201800019473,18,1,30,1506,1,1,1,1.0,1.0,24234,M,4500083.0,38070.0,24
201800019474,18,3,17,1520,1,1,1,4.0,5.0,24442,M,4512536.0,52905.0,24
201800019475,18,11,30,900,1,1,1,2.0,4.0,24312,M,4514131.0,70107.0,24
201800019476,18,2,20,1157,1,1,6,1.0,7.0,34169,M,4367790.0,385541.0,34
201800019477,18,2,26,1508,1,1,1,1.0,7.0,34014,M,4372530.0,389149.0,34
201800019478,18,4,18,840,1,2,1,1.0,4.0,34309,M,4367573.0,391726.0,34
201800019479,18,4,27,1005,1,1,1,1.0,3.0,34118,M,4370907.0,393586.0,34
201800019480,18,4,26,1705,1,1,1,1.0,3.0,34118,M,4373848.0,390906.0,34
201800019481,18,5,24,1200,1,2,3,1.0,1.0,34014,M,4370020.0,389924.0,34
201800019482,18,6,5,1545,1,1,3,1.0,3.0,34077,M,4364549.0,388999.0,34
201800019483,18,6,26,1500,1,2,1,1.0,6.0,34217,M,4370104.0,386270.0,34
201800019484,18,6,26,1200,1,1,1,1.0,7.0,34077,M,4366027.0,386654.0,34
201800019485,18,7,25,1230,1,2,9,1.0,3.0,34120,M,4366320.0,391184.0,34
201800019486,18,8,7,745,1,1,9,1.0,6.0,34217,M,4371168.0,386695.0,34
201800019487,18,9,13,1335,1,1,6,1.0,2.0,34309,M,4367781.0,390113.0,34
201800019488,18,9,14,1830,1,2,1,1.0,3.0,34120,M,4366011.0,391147.0,34
201800019489,18,10,10,1145,1,2,1,3.0,1.0,34309,M,4369279.0,392935.0,34
201800019490,18,10,16,1600,1,1,1,1.0,7.0,34118,M,4373003.0,391342.0,34
201800019491,18,11,8,1800,5,2,1,1.0,6.0,34120,M,4366320.0,391184.0,34
201800019492,18,12,8,1330,1,2,2,1.0,3.0,34309,M,4368833.0,392750.0,34
201800019493,18,1,24,2100,5,2,3,1.0,1.0,16154,M,4567296.0,17399.0,16
201800019494,18,1,10,1415,1,2,3,1.0,6.0,16015,M,4565808.0,16057.0,16
201800019495,18,1,26,1300,1,2,1,1.0,6.0,16015,M,4564762.0,15322.0,16
201800019496,18,1,21,1845,5,2,3,2.0,1.0,16015,M,4564983.0,17025.0,16
201800019497,18,3,31,2220,5,2,1,1.0,6.0,16154,M,4566355.0,16231.0,16
201800019498,18,4,6,1940,1,2,1,1.0,6.0,16015,M,4565827.0,17208.0,16
201800019499,18,4,20,1710,1,1,9,1.0,6.0,16113,M,4561896.0,10295.0,16
201800019500,18,2,18,2220,5,2,1,1.0,6.0,16015,M,4565173.0,16281.0,16
201800019501,18,4,6,430,3,1,1,1.0,6.0,16015,M,4564226.0,14885.0,16
201800019502,18,6,2,945,1,2,9,1.0,6.0,16015,M,4566081.0,14040.0,16
201800019503,18,6,14,1730,1,1,1,1.0,7.0,16341,M,4563857.0,11832.0,16
201800019504,18,7,22,745,2,1,1,1.0,1.0,16015,M,4565290.0,10773.0,16
201800019505,18,9,3,1400,1,2,1,1.0,6.0,16015,M,4564956.0,16065.0,16
201800019506,18,9,7,1620,1,1,1,1.0,3.0,16015,M,4562936.0,13973.0,16
201800019507,18,9,7,1800,1,2,6,1.0,2.0,16374,M,4563424.0,21200.0,16
201800019508,18,7,29,1930,1,1,1,1.0,1.0,16358,M,4569662.0,9792.0,16