Num_Acc,an,mois,jour,hrmn,lum,agg,int,atm,col,com,gps,lat,long,dep
201800019509,18,9,11,1310,1,2,1,1.0,1.0,16374,M,4563641.0,17553.0,16
201800019510,18,9,14,933,1,2,1,1.0,6.0,16015,M,4564890.0,17487.0,16
201800019511,18,9,27,910,1,2,3,1.0,3.0,16358,M,4566464.0,12716.0,16
201800019512,18,10,4,2105,5,2,1,1.0,1.0,16015,M,4565300.0,10754.0,16
201800019513,18,10,12,1155,1,2,1,1.0,2.0,16374,M,4564115.0,19506.0,16
201800019514,18,10,24,1600,1,2,1,1.0,6.0,16154,M,4566767.0,17201.0,16
201800019515,18,11,5,1215,1,2,3,1.0,2.0,16374,M,4564174.0,19266.0,16
201800019516,18,2,12,825,1,2,6,1.0,7.0,16089,M,4567479.0,-30843.0,16
201800019517,18,3,4,630,5,2,2,2.0,6.0,16102,M,4569589.0,-31769.0,16
201800019518,18,3,9,1415,1,2,2,1.0,3.0,16102,M,4568910.0,-31770.0,16
201800019519,18,3,17,1910,1,2,1,1.0,6.0,16089,M,4568109.0,-31059.0,16
201800019520,18,4,14,140,5,2,2,1.0,3.0,16102,M,4569019.0,-32010.0,16
201800019521,18,4,26,1929,1,2,6,1.0,3.0,16102,M,4569964.0,-33375.0,16
201800019522,18,5,9,2310,5,2,6,1.0,6.0,16089,M,4568286.0,-31435.0,16
201800019523,18,6,25,740,1,2,2,1.0,6.0,16102,M,4568845.0,-31886.0,16
201800019524,18,7,7,1350,1,2,2,1.0,3.0,16102,M,4569668.0,-31789.0,16
201800019525,18,8,5,1500,1,2,1,1.0,3.0,16102,M,4569754.0,-32769.0,16
201800019526,18,8,3,1205,1,1,6,1.0,2.0,16089,M,4568099.0,-29264.0,16
201800019527,18,8,15,1120,1,2,3,1.0,1.0,16102,M,4569956.0,-33273.0,16
201800019528,18,8,30,1355,1,2,1,1.0,6.0,16102,M,4568701.0,-32150.0,16
201800019529,18,8,31,2200,5,2,3,1.0,3.0,16102,M,4569068.0,-32714.0,16
201800019530,18,9,25,700,5,2,1,1.0,7.0,16089,M,4568124.0,-29291.0,16
201800019531,18,10,1,1640,1,2,2,1.0,3.0,16102,M,4569870.0,-32084.0,16
201800019532,18,10,13,2030,5,2,6,1.0,3.0,16089,M,4568297.0,-31408.0,16
201800019533,18,10,14,1830,2,2,3,2.0,3.0,16102,M,4569092.0,-32215.0,16
201800019534,18,10,15,1605,1,2,1,1.0,3.0,16102,M,4568975.0,-34565.0,16
201800019535,18,10,27,1835,2,2,1,1.0,4.0,16102,M,4569901.0,-35385.0,16
201800019536,18,11,6,1710,1,2,1,2.0,6.0,16102,M,4568849.0,-31454.0,16
201800019537,18,11,14,1710,1,2,3,1.0,5.0,16102,M,4568332.0,-34112.0,16
201800019538,18,11,27,1530,1,2,2,1.0,3.0,16089,M,4567278.0,-30681.0,16
201800019539,18,12,3,2050,5,2,1,2.0,6.0,16102,M,4569471.0,-31719.0,16
201800019540,18,12,7,20,5,2,3,2.0,2.0,16102,M,4568946.0,-31780.0,16
201800019541,18,12,26,1615,1,2,3,1.0,3.0,16102,M,4568728.0,-33587.0,16
201800019542,18,12,30,2030,5,2,2,1.0,1.0,16102,M,4569543.0,-32608.0,16
201800019543,18,9,11,1745,1,2,1,1.0,7.0,77185,M,4844684.0,255347.0,77
201800019544,18,10,14,840,2,1,1,1.0,7.0,77185,M,4843319.0,252087.0,77
201800019545,18,11,1,1345,1,1,1,2.0,6.0,77006,M,4841519.0,259193.0,77
201800019546,18,11,6,1115,1,2,1,1.0,1.0,77185,M,4845519.0,255226.0,77
201800019547,18,11,8,740,1,2,2,1.0,3.0,77425,M,4843649.0,256145.0,77
201800019548,18,1,3,1730,5,2,1,2.0,6.0,69100,M,4567527.0,482282.0,69
201800019549,18,3,9,1730,1,2,1,1.0,1.0,69133,M,4563686.0,478016.0,69
201800019550,18,5,3,1030,1,2,7,2.0,6.0,69133,M,4562666.0,478166.0,69
201800019551,18,6,5,1415,1,2,1,1.0,3.0,69260,M,4565103.0,480840.0,69
201800019552,18,6,10,45,5,2,3,1.0,3.0,69046,M,4565188.0,479660.0,69
201800019553,18,8,31,1230,1,2,3,1.0,3.0,69260,M,4564413.0,482344.0,69
201800019554,18,10,2,1710,1,1,1,1.0,1.0,69046,M,4564886.0,478484.0,69
201800019555,18,11,7,750,1,2,1,1.0,1.0,69260,M,4565220.0,479783.0,69
201800019556,18,11,28,715,2,2,3,1.0,3.0,69046,M,4565200.0,479601.0,69
201800019557,18,4,6,2225,5,2,3,1.0,6.0,59335,M,5047427.0,342646.0,59
201800019558,18,5,4,330,5,2,1,1.0,6.0,59434,M,5046428.0,348291.0,59
201800019559,18,5,25,1447,1,2,1,1.0,6.0,59114,M,5045320.0,352167.0,59
201800019560,18,1,23,1825,5,2,1,1.0,6.0,66028,M,4268122.0,293416.0,66
201800019561,18,6,28,750,1,1,2,7.0,3.0,66028,M,4266849.0,293117.0,66
201800019562,18,10,16,700,2,2,1,8.0,3.0,66028,M,4268910.0,293667.0,66
201800019563,18,1,19,1520,1,2,1,1.0,7.0,17299,M,4595369.0,-95911.0,17
201800019564,18,3,28,1345,1,2,6,2.0,3.0,17299,M,4594349.0,-97521.0,17
201800019565,18,5,25,1340,1,2,1,2.0,1.0,17299,M,4592943.0,-96427.0,17
201800019566,18,6,3,1800,1,2,1,1.0,6.0,17299,M,4593346.0,-96384.0,17
201800019567,18,6,7,1435,1,2,1,1.0,1.0,17299,M,4593851.0,-98499.0,17
201800019568,18,7,3,1900,1,2,3,1.0,3.0,17449,M,4595509.0,-88810.0,17
201800019569,18,8,5,2215,5,2,1,1.0,7.0,17299,M,4592929.0,-96421.0,17
201800019570,18,9,12,950,1,1,1,1.0,6.0,17299,M,4592330.0,-96950.0,17
201800019571,18,9,25,1840,1,2,1,1.0,6.0,17299,M,4593816.0,-96470.0,17
201800019572,18,10,2,955,1,2,1,1.0,7.0,17449,M,4595063.0,-93705.0,17
201800019573,18,10,6,2220,5,1,1,2.0,6.0,17299,M,4592910.0,-96424.0,17
201800019574,18,10,31,1910,5,2,1,2.0,7.0,17449,M,4594997.0,-92453.0,17
201800019575,18,11,9,2340,3,2,1,2.0,1.0,17449,M,4595188.0,-88732.0,17
201800019576,18,11,13,715,3,2,1,2.0,7.0,17299,M,4593138.0,-96543.0,17
201800019577,18,11,15,1448,1,1,1,1.0,2.0,17299,M,4594728.0,-98801.0,17
201800019578,18,12,7,815,5,2,6,2.0,3.0,17299,M,4594539.0,-98299.0,17
201800019579,18,12,20,1755,3,1,6,2.0,3.0,17299,M,4595847.0,-97878.0,17
201800019580,18,1,2,1730,3,2,1,2.0,1.0,17300,M,4615316.0,-113074.0,17
201800019581,18,1,3,5,5,2,1,2.0,3.0,17300,M,4616919.0,-112913.0,17
201800019582,18,1,3,1805,5,2,1,3.0,6.0,17300,M,4616131.0,-114008.0,17
201800019583,18,1,9,1505,1,2,6,8.0,3.0,17300,M,4616974.0,-115196.0,17
201800019584,18,1,10,1245,1,2,1,1.0,6.0,17300,M,4614844.0,-115444.0,17
201800019585,18,1,12,730,5,2,1,1.0,6.0,17028,M,4612679.0,-109477.0,17
201800019586,18,1,12,1935,5,2,1,1.0,1.0,17291,M,4618149.0,-112410.0,17
201800019587,18,1,15,1345,1,2,1,2.0,6.0,17291,M,4617458.0,-111532.0,17
201800019588,18,1,16,1830,5,2,1,2.0,6.0,17300,M,4616108.0,-117440.0,17
201800019589,18,1,18,730,2,1,1,1.0,4.0,17300,M,4617367.0,-117832.0,17
201800019590,18,1,19,855,1,2,1,1.0,3.0,17300,M,4614441.0,-114128.0,17
201800019591,18,1,23,820,2,1,1,2.0,4.0,17300,M,4617177.0,-112098.0,17
201800019592,18,1,24,646,3,2,6,1.0,3.0,17200,M,4619018.0,-114696.0,17
201800019593,18,1,26,1220,1,2,1,1.0,2.0,17300,M,4615814.0,-114215.0,17
201800019594,18,1,26,1320,1,2,6,1.0,2.0,17274,M,4615300.0,111200.0,17
201800019595,18,1,27,1510,1,1,1,7.0,2.0,17300,M,4616248.0,-112193.0,17
201800019596,18,1,29,1840,3,1,1,1.0,7.0,17291,M,4618811.0,-111919.0,17
201800019597,18,1,30,1800,2,1,1,1.0,1.0,17274,M,4616768.0,-109527.0,17
201800019598,18,1,31,730,5,2,3,2.0,3.0,17300,M,4616272.0,-116143.0,17
201800019599,18,2,1,1545,1,2,1,1.0,6.0,17300,M,4614086.0,-115338.0,17
201800019600,18,2,2,1520,1,2,1,1.0,3.0,17300,M,4615451.0,-113616.0,17
201800019601,18,2,2,1740,2,2,1,1.0,2.0,17300,M,4617037.0,-112542.0,17
201800019602,18,2,4,1200,1,2,1,1.0,6.0,17300,M,4616144.0,-114864.0,17
201800019603,18,2,13,1905,5,2,1,1.0,2.0,17274,M,4615332.0,-109952.0,17
201800019604,18,2,14,50,5,2,1,8.0,6.0,17300,M,4617902.0,-115340.0,17
201800019605,18,2,14,1910,5,2,1,3.0,3.0,17300,M,4615281.0,-114862.0,17
201800019606,18,2,16,1030,1,2,1,1.0,2.0,17274,M,4616614.0,-110995.0,17
201800019607,18,2,19,1915,5,2,6,2.0,3.0,17300,M,4615310.0,111504.0,17
201800019608,18,2,22,1715,1,1,1,1.0,4.0,17291,M,4617221.0,-112009.0,17
201800019609,18,2,23,1745,1,2,3,1.0,3.0,17300,M,4616530.0,-111974.0,17
201800019610,18,2,24,1110,1,2,1,1.0,2.0,17200,M,4617820.0,-115325.0,17
201800019611,18,2,24,1521,1,1,1,1.0,2.0,17291,M,4617921.0,-109665.0,17
201800019612,18,2,25,1230,1,2,3,1.0,3.0,17300,M,4616540.0,-114263.0,17
201800019613,18,2,25,1745,1,2,1,1.0,2.0,17300,M,4616779.0,-114137.0,17
201800019614,18,3,9,858,1,2,1,1.0,2.0,17300,M,4615859.0,-114937.0,17
201800019615,18,3,9,1430,1,2,3,1.0,3.0,17300,M,4614774.0,-115849.0,17
201800019616,18,3,13,1809,1,2,1,1.0,3.0,17300,M,4615377.0,-118705.0,17
201800019617,18,3,14,2015,5,1,1,2.0,6.0,17300,M,4616736.0,-117910.0,17
201800019618,18,3,15,300,3,1,1,8.0,7.0,17028,M,4612690.0,-113254.0,17
201800019619,18,3,15,1700,1,2,2,3.0,3.0,17300,M,4616314.0,-116517.0,17
201800019620,18,3,17,115,3,1,1,2.0,6.0,17028,M,4613728.0,-110364.0,17
201800019621,18,3,17,1420,1,2,1,1.0,3.0,17300,M,4615385.0,-115347.0,17
201800019622,18,3,24,1747,1,2,1,2.0,2.0,17200,M,4617657.0,-116600.0,17
201800019623,18,3,24,2205,5,2,3,1.0,3.0,17300,M,4616292.0,-116339.0,17
201800019624,18,3,29,1205,1,2,6,1.0,3.0,17291,M,4617608.0,-111344.0,17
201800019625,18,4,4,1803,1,2,1,1.0,6.0,17300,M,4616770.0,-115032.0,17
201800019626,18,4,6,1600,1,2,3,1.0,3.0,17300,M,4616123.0,-115299.0,17
201800019627,18,4,6,2330,5,2,1,1.0,3.0,17300,M,4616346.0,-115470.0,17
201800019628,18,4,7,1050,1,1,9,1.0,2.0,17300,M,4617223.0,-112132.0,17
201800019629,18,4,7,1510,1,2,1,3.0,6.0,17300,M,4614514.0,-115285.0,17
201800019630,18,4,13,1423,1,2,1,1.0,3.0,17028,M,4613181.0,-110656.0,17
201800019631,18,4,13,1720,1,2,1,1.0,4.0,17300,M,4617076.0,-112427.0,17
201800019632,18,4,16,1625,1,2,1,1.0,6.0,17300,M,4615587.0,-116160.0,17
201800019633,18,4,16,1845,1,2,1,1.0,2.0,17028,M,4613152.0,-110295.0,17
201800019634,18,4,18,1310,1,2,1,1.0,1.0,17300,M,4615251.0,-111422.0,17
201800019635,18,4,19,1600,1,2,1,1.0,6.0,17200,M,4618422.0,-115628.0,17
201800019636,18,4,20,1445,1,2,1,1.0,4.0,17300,M,4616249.0,-115887.0,17
201800019637,18,4,20,1635,1,2,3,1.0,2.0,17028,M,4613186.0,-110706.0,17
201800019638,18,4,25,2210,5,2,2,1.0,3.0,17300,M,4616070.0,-115080.0,17
201800019639,18,4,26,757,1,2,1,1.0,3.0,17300,M,4617299.0,-115581.0,17
201800019640,18,4,27,1620,1,2,1,1.0,6.0,17300,M,4616370.0,-115202.0,17
201800019641,18,5,2,1410,1,2,1,8.0,6.0,17300,M,4615905.0,-114768.0,17
201800019642,18,5,2,1745,1,2,1,2.0,2.0,17273,M,4615148.0,-111265.0,17
201800019643,18,5,9,1820,1,2,3,1.0,3.0,17300,M,4617140.0,-117700.0,17
201800019644,18,5,9,2000,1,2,3,1.0,3.0,17300,M,4616889.0,-119995.0,17
201800019645,18,5,14,30,5,2,1,1.0,7.0,17300,M,4616293.0,-117613.0,17
201800019646,18,5,15,1852,1,2,3,7.0,3.0,17300,M,4614113.0,-116073.0,17
201800019647,18,5,16,850,1,2,3,1.0,4.0,17028,M,4613235.0,-111876.0,17
201800019648,18,5,16,1445,1,2,1,1.0,5.0,17200,M,4618053.0,-114910.0,17
201800019649,18,5,16,1535,1,1,1,1.0,6.0,17200,M,4617498.0,-117016.0,17
201800019650,18,5,16,1745,1,2,1,1.0,2.0,17291,M,4617401.0,-112316.0,17
201800019651,18,5,17,1720,1,2,3,1.0,3.0,17300,M,4616268.0,-116142.0,17
201800019652,18,5,19,2335,5,2,1,1.0,3.0,17300,M,4616673.0,-116344.0,17
201800019653,18,5,20,1107,1,1,1,1.0,5.0,17300,M,4617283.0,-119843.0,17
201800019654,18,5,25,803,1,2,6,2.0,3.0,17200,M,4617325.0,-116118.0,17
201800019655,18,5,26,1802,1,2,1,1.0,6.0,17200,M,4617333.0,-116897.0,17
201800019656,18,5,27,2055,1,2,2,1.0,3.0,17028,M,4612966.0,-111655.0,17
201800019657,18,5,28,1605,1,2,1,1.0,2.0,17028,M,4613026.0,-109611.0,17
201800019658,18,5,29,1230,1,2,3,2.0,3.0,17300,M,4615451.0,-119022.0,17
201800019659,18,5,29,1720,1,2,3,2.0,3.0,17300,M,4616324.0,-116659.0,17
201800019660,18,5,31,1520,1,2,1,1.0,6.0,17300,M,4616584.0,-114204.0,17
201800019661,18,6,1,1420,1,2,1,1.0,2.0,17300,M,4616642.0,-117844.0,17
201800019662,18,6,7,2100,1,1,1,1.0,7.0,17274,M,4616188.0,-106947.0,17
201800019663,18,6,17,50,5,2,1,1.0,6.0,17300,M,4614688.0,-115223.0,17
201800019664,18,6,18,1715,1,2,1,1.0,2.0,17300,M,4615657.0,-112645.0,17
201800019665,18,6,18,1815,1,2,1,1.0,6.0,17300,M,4616473.0,-114523.0,17
201800019666,18,6,19,1430,1,2,6,1.0,3.0,17300,M,4614616.0,-115292.0,17
201800019667,18,6,20,2000,1,1,1,1.0,3.0,17291,M,4617236.0,-111906.0,17
201800019668,18,6,21,1220,1,2,3,1.0,3.0,17274,M,4615943.0,-110587.0,17
201800019669,18,6,24,1120,1,2,1,1.0,3.0,17028,M,4614092.0,-113723.0,17
201800019670,18,6,26,1940,1,2,1,1.0,6.0,17028,M,4613165.0,-110451.0,17
201800019671,18,6,28,1352,1,2,3,1.0,3.0,17300,M,4616501.0,-119469.0,17
201800019672,18,6,28,1550,1,2,1,1.0,2.0,17300,M,4615459.0,-111698.0,17
201800019673,18,7,3,1352,1,2,1,1.0,6.0,17274,M,4615250.0,-110197.0,17
201800019674,18,7,7,800,1,1,1,1.0,6.0,17300,M,4615676.0,-111882.0,17
201800019675,18,7,7,1005,1,2,1,1.0,7.0,17300,M,4615995.0,-115167.0,17
201800019676,18,7,9,35,3,2,1,1.0,6.0,17028,M,4612635.0,-111388.0,17
201800019677,18,7,10,1308,1,2,1,1.0,6.0,17300,M,4616037.0,-116213.0,17
201800019678,18,7,10,2230,5,1,1,1.0,6.0,17300,M,4615630.0,-112928.0,17
201800019679,18,7,11,45,5,2,1,1.0,6.0,17300,M,4616734.0,-113458.0,17
201800019680,18,7,11,2023,2,2,2,1.0,3.0,17028,M,4613272.0,-109874.0,17
201800019681,18,7,14,2010,1,2,1,1.0,3.0,17300,M,4613996.0,-115628.0,17
201800019682,18,7,15,2010,1,2,1,1.0,6.0,17300,M,4616539.0,-115504.0,17
201800019683,18,7,17,1730,1,2,1,1.0,3.0,17300,M,4614351.0,-117117.0,17
201800019684,18,7,19,2050,1,2,1,3.0,6.0,17300,M,4617151.0,-118755.0,17
201800019685,18,7,22,1700,1,2,1,1.0,3.0,17300,M,4615364.0,-114559.0,17
201800019686,18,7,26,1020,1,2,1,1.0,6.0,17300,M,4615491.0,-112711.0,17
201800019687,18,7,26,1835,1,2,1,1.0,7.0,17300,M,4616416.0,-115986.0,17
201800019688,18,7,26,1910,1,2,1,1.0,4.0,17291,M,4617285.0,-111783.0,17
201800019689,18,7,27,1935,1,2,3,1.0,3.0,17300,M,4617512.0,-114315.0,17
201800019690,18,8,1,135,5,2,1,1.0,6.0,17300,M,4615585.0,-114634.0,17
201800019691,18,8,3,400,5,2,1,1.0,7.0,17300,M,4615572.0,-116348.0,17
201800019692,18,8,3,1915,1,2,1,1.0,6.0,17291,M,4617365.0,-112699.0,17
201800019693,18,8,3,1845,1,2,1,1.0,6.0,17300,M,4617017.0,-112877.0,17
201800019694,18,8,5,1615,1,1,1,1.0,4.0,17291,M,4617348.0,-111536.0,17
201800019695,18,8,7,1110,1,2,1,1.0,4.0,17291,M,4617632.0,-111048.0,17
201800019696,18,8,7,2350,5,2,1,1.0,7.0,17300,M,4615997.0,-115887.0,17
201800019697,18,8,8,1850,1,2,1,7.0,3.0,17300,M,4616944.0,-114886.0,17
201800019698,18,8,9,1813,1,2,1,1.0,6.0,17300,M,4615815.0,-115119.0,17
201800019699,18,8,10,820,1,2,1,7.0,1.0,17300,M,4616460.0,-118069.0,17
201800019700,18,8,12,1620,1,1,1,1.0,5.0,17291,M,4617377.0,-111479.0,17
201800019701,18,8,9,1052,1,2,1,1.0,7.0,17028,M,4612085.0,-110935.0,17
201800019702,18,8,13,2340,5,2,1,1.0,6.0,17300,M,4615395.0,-117496.0,17
201800019703,18,8,16,1235,1,2,1,1.0,2.0,17300,M,4616546.0,-118679.0,17
201800019704,18,8,16,1810,1,1,1,1.0,2.0,17300,M,4614599.0,-110906.0,17
201800019705,18,8,18,1130,1,1,1,1.0,2.0,17291,M,4617843.0,109927.0,17
201800019706,18,8,18,2125,5,2,1,1.0,3.0,17200,M,4618227.0,-115507.0,17
201800019707,18,8,19,500,5,2,2,1.0,3.0,17300,M,4616111.0,-114691.0,17
201800019708,18,8,19,515,5,2,2,1.0,3.0,17300,M,4616176.0,-114741.0,17
201800019709,18,8,19,1427,1,2,3,1.0,7.0,17300,M,4616242.0,-115853.0,17
201800019710,18,8,19,1954,1,1,1,1.0,3.0,17300,M,4618225.0,-120836.0,17
201800019711,18,8,20,916,1,2,2,1.0,2.0,17300,M,4616311.0,-116516.0,17
201800019712,18,8,20,1200,1,2,2,1.0,3.0,17300,M,4617341.0,-115040.0,17
201800019713,18,8,20,1328,1,2,1,1.0,6.0,17300,M,4614777.0,-114562.0,17
201800019714,18,8,20,1900,1,2,1,1.0,3.0,17300,M,4616105.0,-115552.0,17
201800019715,18,8,23,910,1,2,1,1.0,3.0,17028,M,4613529.0,-112119.0,17
201800019716,18,8,24,1650,1,2,1,1.0,7.0,17300,M,4616262.0,-115517.0,17
201800019717,18,8,28,847,1,1,1,1.0,2.0,17274,M,4616236.0,-108770.0,17
201800019718,18,8,28,1910,1,2,2,1.0,3.0,17300,M,4615871.0,-115953.0,17
201800019719,18,8,31,907,1,2,1,1.0,3.0,17300,M,4616950.0,-114779.0,17
201800019720,18,9,1,410,5,2,1,1.0,4.0,17300,M,4616060.0,-115566.0,17
201800019721,18,9,2,1155,1,2,2,1.0,3.0,17300,M,4616114.0,-114696.0,17
201800019722,18,9,3,1740,1,2,3,1.0,3.0,17300,M,4614115.0,-116055.0,17
201800019723,18,9,4,738,1,2,6,1.0,3.0,17274,M,4615626.0,-110877.0,17
201800019724,18,9,4,1055,1,2,1,1.0,2.0,17028,M,4613637.0,-112425.0,17
201800019725,18,9,5,1525,1,1,1,1.0,4.0,17200,M,4617735.0,-116270.0,17
201800019726,18,9,7,907,1,2,3,1.0,3.0,17300,M,4615680.0,-112375.0,17
201800019727,18,9,7,1455,1,2,1,1.0,2.0,17300,M,4615677.0,-112443.0,17
201800019728,18,9,9,315,5,2,6,1.0,6.0,17300,M,4616054.0,-117101.0,17
201800019729,18,9,10,907,1,2,2,1.0,3.0,17300,M,4615873.0,-115953.0,17
201800019730,18,9,13,955,1,2,3,1.0,3.0,17300,M,4616122.0,-113178.0,17
201800019731,18,9,13,1705,1,2,2,1.0,3.0,17300,M,4616235.0,-116687.0,17
201800019732,18,9,13,1735,1,2,2,1.0,3.0,17300,M,4616965.0,-116243.0,17
201800019733,18,9,14,2215,5,2,1,1.0,3.0,17200,M,4617219.0,-117209.0,17
201800019734,18,9,14,2105,3,1,1,1.0,6.0,17028,M,4613727.0,-110344.0,17
201800019735,18,9,19,1555,1,2,1,1.0,1.0,17300,M,4616627.0,-119054.0,17
201800019736,18,9,22,540,5,2,2,1.0,3.0,17300,M,4615819.0,-115656.0,17
201800019737,18,9,22,1153,1,2,1,1.0,7.0,17300,M,4617568.0,-121446.0,17
201800019738,18,9,24,1738,1,2,1,1.0,1.0,17300,M,4614226.0,-115290.0,17
201800019739,18,9,25,1950,1,2,1,1.0,6.0,17300,M,4616869.0,-116991.0,17
201800019740,18,9,26,1620,1,2,1,1.0,2.0,17300,M,4615289.0,-111557.0,17
201800019741,18,9,28,1845,1,2,6,1.0,1.0,17291,M,4617498.0,-111448.0,17
201800019742,18,9,29,1150,1,2,1,1.0,3.0,17291,M,4617704.0,-111534.0,17
201800019743,18,9,30,230,5,2,3,1.0,7.0,17028,M,4613408.0,-111780.0,17
201800019744,18,9,30,510,5,2,1,1.0,6.0,17300,M,4615858.0,-114965.0,17
201800019745,18,10,1,945,1,2,3,1.0,6.0,17300,M,4615291.0,-114874.0,17
201800019746,18,10,1,930,1,1,1,1.0,3.0,17300,M,4617339.0,-111574.0,17
201800019747,18,10,1,1540,1,2,2,1.0,3.0,17300,M,4616424.0,-116046.0,17
201800019748,18,10,1,1605,1,2,1,1.0,3.0,17300,M,4614591.0,-115579.0,17
201800019749,18,10,1,1700,1,2,2,1.0,3.0,17300,M,4617117.0,-112301.0,17
201800019750,18,10,3,850,1,2,3,1.0,3.0,17200,M,4618212.0,-115879.0,17
201800019751,18,10,5,1555,1,2,1,1.0,7.0,17300,M,4616175.0,-113958.0,17
201800019752,18,10,6,2140,5,2,1,2.0,7.0,17300,M,4615815.0,-115966.0,17
201800019753,18,10,10,1630,1,2,1,1.0,6.0,17300,M,4616110.0,-113497.0,17
201800019754,18,10,11,955,1,2,6,1.0,2.0,17300,M,4615872.0,-117276.0,17
201800019755,18,10,11,1355,1,1,1,1.0,4.0,17274,M,4615624.0,-111645.0,17
201800019756,18,10,11,1555,1,2,1,1.0,2.0,17300,M,4616978.0,-112755.0,17
201800019757,18,10,11,1702,1,2,3,1.0,3.0,17300,M,4616325.0,-116660.0,17
201800019758,18,10,12,1020,1,2,6,1.0,3.0,17300,M,4615400.0,-114692.0,17
201800019759,18,9,24,1748,1,2,1,1.0,6.0,17300,M,4614976.0,-114712.0,17
201800019760,18,10,12,1707,1,1,1,1.0,3.0,17291,M,4617322.0,-111675.0,17
201800019761,18,10,13,1200,1,2,9,1.0,2.0,17300,M,4616223.0,-115568.0,17
201800019762,18,10,13,2305,5,2,1,1.0,3.0,17300,M,4615788.0,-115535.0,17
201800019763,18,10,15,1355,1,2,1,2.0,1.0,17300,M,4616743.0,-115295.0,17
201800019764,18,10,18,1933,2,2,1,1.0,6.0,17291,M,4617724.0,-111569.0,17
201800019765,18,10,19,1540,1,2,6,1.0,7.0,17028,M,4613638.0,-112477.0,17
201800019766,18,10,21,1845,1,2,1,1.0,2.0,17274,M,4617201.0,-110740.0,17
201800019767,18,10,22,814,1,2,1,1.0,6.0,17200,M,4618999.0,-114538.0,17
201800019768,18,10,23,812,1,2,1,1.0,6.0,17200,M,4618384.0,-116647.0,17
201800019769,18,10,23,1920,2,2,2,1.0,3.0,17300,M,4617130.0,-112303.0,17
201800019770,18,10,24,1820,1,2,2,1.0,5.0,17300,M,4616796.0,-113597.0,17
201800019771,18,10,25,1105,1,2,1,1.0,6.0,17291,M,4618488.0,-111827.0,17
201800019772,18,10,25,1720,1,1,6,1.0,2.0,17200,M,4619094.0,-114711.0,17
201800019773,18,10,25,1855,2,2,2,1.0,3.0,17300,M,4616721.0,-117769.0,17
201800019774,18,10,28,1730,2,1,1,2.0,7.0,17291,M,4618603.0,-109387.0,17
201800019775,18,10,30,125,3,2,1,1.0,6.0,17300,M,4617130.0,-117498.0,17
201800019776,18,10,31,1636,1,2,1,2.0,3.0,17300,M,4616995.0,-112122.0,17
201800019777,18,10,31,2240,5,2,3,2.0,6.0,17300,M,4615051.0,-114623.0,17
201800019778,18,11,3,1800,2,2,1,1.0,3.0,17300,M,4616041.0,-119196.0,17
201800019779,18,11,4,1320,1,2,3,1.0,1.0,17300,M,4615419.0,-120324.0,17
201800019780,18,11,5,1640,1,2,3,1.0,6.0,17300,M,4617061.0,-112461.0,17
201800019781,18,11,6,2035,3,1,1,2.0,2.0,17200,M,4617695.0,-116435.0,17
201800019782,18,11,6,2035,3,1,1,2.0,2.0,17200,M,4617701.0,-116410.0,17
201800019783,18,11,8,804,1,2,6,1.0,3.0,17300,M,4614729.0,-115202.0,17
201800019784,18,11,8,1825,5,2,1,1.0,7.0,17300,M,4616194.0,-122012.0,17
201800019785,18,11,10,50,3,2,1,2.0,2.0,17291,M,4617225.0,-111938.0,17
201800019786,18,11,10,1645,1,2,1,1.0,6.0,17300,M,4616940.0,-115173.0,17
201800019787,18,11,10,1735,2,1,1,8.0,2.0,17291,M,4617361.0,-111533.0,17
201800019788,18,11,11,1145,1,2,2,8.0,3.0,17300,M,4615685.0,-118037.0,17
201800019789,18,11,11,2025,5,2,6,2.0,6.0,17300,M,4614334.0,-115367.0,17
201800019790,18,11,15,1525,1,2,1,1.0,3.0,17300,M,4616234.0,-118310.0,17
201800019791,18,11,15,1513,1,2,1,1.0,2.0,17300,M,4617627.0,-113821.0,17
201800019792,18,11,15,1905,3,1,1,1.0,4.0,17028,M,4613498.0,-110214.0,17
201800019793,18,11,16,855,1,1,1,1.0,4.0,17291,M,4617752.0,-110215.0,17
201800019794,18,11,16,1250,1,2,1,1.0,3.0,17300,M,4616226.0,-115622.0,17
201800019795,18,11,16,2215,3,1,1,5.0,6.0,17274,M,4616035.0,-108131.0,17
201800019796,18,11,17,335,3,2,6,5.0,6.0,17291,M,4617752.0,-112457.0,17
201800019797,18,11,18,1545,1,2,1,1.0,2.0,17200,M,4618424.0,-116635.0,17
201800019798,18,11,20,1735,2,2,2,1.0,3.0,17291,M,4617794.0,-111907.0,17
201800019799,18,11,20,1800,2,2,1,1.0,3.0,17300,M,4616393.0,-120779.0,17
201800019800,18,11,20,2115,3,2,1,1.0,2.0,17200,M,4617587.0,-116901.0,17
201800019801,18,11,21,1020,1,2,1,1.0,6.0,17028,M,4612764.0,-112792.0,17
201800019802,18,11,21,1140,1,2,1,1.0,6.0,17300,M,4617107.0,-113333.0,17
201800019803,18,11,21,1840,5,1,1,1.0,2.0,17300,M,4617398.0,-111269.0,17
201800019804,18,11,23,1230,1,1,1,2.0,4.0,17200,M,4618159.0,-114208.0,17
201800019805,18,11,23,1305,1,2,2,3.0,5.0,17300,M,4614738.0,-115310.0,17
201800019806,18,11,27,1800,3,2,1,1.0,4.0,17300,M,4618064.0,-114854.0,17
201800019807,18,11,30,2010,3,1,1,1.0,2.0,17291,M,4617463.0,-110846.0,17
201800019808,18,12,1,1724,2,2,6,3.0,3.0,17274,M,4616761.0,-111097.0,17