Num_Acc,an,mois,jour,hrmn,lum,agg,int,atm,col,com,gps,lat,long,dep
201800019809,18,12,3,1738,2,1,1,2.0,7.0,17200,M,4618150.0,-114415.0,17
201800019810,18,12,4,1715,1,2,1,1.0,7.0,17300,M,4616815.0,-121188.0,17
201800019811,18,12,6,2325,5,2,1,8.0,6.0,17300,M,4616158.0,-114011.0,17
201800019812,18,12,7,740,2,2,2,2.0,3.0,17300,M,4616174.0,-114667.0,17
201800019813,18,12,7,930,1,2,1,2.0,6.0,17300,M,4616293.0,-113996.0,17
201800019814,18,12,7,1850,3,2,9,1.0,3.0,17300,M,4617631.0,-112600.0,17
201800019815,18,12,7,2019,5,2,6,1.0,6.0,17300,M,4616758.0,-114030.0,17
201800019816,18,12,10,825,1,2,1,1.0,6.0,17300,M,4616130.0,-114804.0,17
201800019817,18,12,10,937,1,2,2,1.0,3.0,17300,M,4616111.0,-114694.0,17
201800019818,18,12,11,800,1,2,2,1.0,3.0,17300,M,4616160.0,-114552.0,17
201800019819,18,12,14,1435,1,1,1,1.0,2.0,17300,M,4617315.0,-111629.0,17
201800019820,18,12,16,1105,1,2,1,2.0,6.0,17300,M,4615873.0,-115963.0,17
201800019821,18,12,17,700,5,2,6,2.0,3.0,17300,M,4615304.0,-111479.0,17
201800019822,18,12,12,1020,1,2,1,2.0,6.0,17300,M,4616989.0,-112660.0,17
201800019823,18,12,21,1556,1,2,6,3.0,3.0,17300,M,4616450.0,-118181.0,17
201800019824,18,12,21,1748,5,2,1,2.0,2.0,17300,M,4616109.0,-115312.0,17
201800019825,18,12,22,1515,1,1,1,1.0,6.0,17300,M,4616792.0,-112115.0,17
201800019826,18,12,26,1814,5,2,6,1.0,2.0,17300,M,4613986.0,-114517.0,17
201800019827,18,12,29,1753,2,1,9,1.0,4.0,17300,M,4616692.0,-112122.0,17
201800019828,18,12,31,1815,5,2,3,1.0,6.0,17300,M,4614943.0,-114464.0,17
201800019829,18,12,31,1820,5,2,1,1.0,2.0,17300,M,4615243.0,-111984.0,17
201800019830,18,1,1,1822,4,2,1,2.0,6.0,17306,M,4562731.0,-101391.0,17
201800019831,18,1,8,1130,1,2,1,2.0,6.0,17306,M,4563175.0,-99160.0,17
201800019832,18,1,12,1745,2,2,1,1.0,6.0,17306,M,4562486.0,-102591.0,17
201800019833,18,1,12,1730,2,2,1,1.0,2.0,17306,M,4563906.0,-102452.0,17
201800019834,18,1,23,2130,5,2,1,1.0,3.0,17306,M,4561887.0,-100116.0,17
201800019835,18,1,26,925,1,2,1,1.0,6.0,17333,M,4560471.0,-99834.0,17
201800019836,18,2,8,1546,1,2,1,1.0,4.0,17306,M,4563292.0,-103040.0,17
201800019837,18,2,13,1625,1,2,1,1.0,2.0,17306,M,4563750.0,-102789.0,17
201800019838,18,2,16,1220,1,2,1,1.0,6.0,17306,M,4562363.0,-101885.0,17
201800019839,18,2,19,800,1,1,1,3.0,1.0,17306,M,4561934.0,-99192.0,17
201800019840,18,3,12,1220,1,2,1,1.0,6.0,17306,M,4563384.0,-102011.0,17
201800019841,18,3,15,835,2,2,1,1.0,1.0,17461,M,4565868.0,-105977.0,17
201800019842,18,3,25,1205,1,2,1,1.0,6.0,17306,M,4562483.0,-102240.0,17
201800019843,18,3,29,1516,1,1,1,1.0,1.0,17306,M,4564463.0,-104273.0,17
201800019844,18,4,21,1447,1,2,1,1.0,3.0,17306,M,4562458.0,-102740.0,17
201800019845,18,4,24,1835,1,2,1,1.0,6.0,17306,M,4562351.0,-102833.0,17
201800019846,18,4,24,1820,1,1,1,1.0,1.0,17333,M,4561241.0,-96553.0,17
201800019847,18,5,6,1430,1,2,3,1.0,3.0,17333,M,4561087.0,-100905.0,17
201800019848,18,5,11,1105,1,2,2,1.0,1.0,17306,M,4562941.0,-99364.0,17
201800019849,18,5,15,2335,5,2,6,1.0,6.0,17461,M,4566185.0,-106021.0,17
201800019850,18,5,19,1840,1,2,6,1.0,3.0,17306,M,4564352.0,-102962.0,17
201800019851,18,5,26,1815,1,2,6,1.0,3.0,17380,M,4565159.0,-108471.0,17
201800019852,18,5,28,1545,1,2,1,1.0,6.0,17306,M,4565370.0,-102309.0,17
201800019853,18,6,9,1430,1,2,3,1.0,2.0,17306,M,4562457.0,-101683.0,17
201800019854,18,6,20,2115,2,2,1,1.0,6.0,17306,M,4562332.0,-104288.0,17
201800019855,18,6,25,1914,1,2,1,1.0,6.0,17306,M,4564825.0,-103123.0,17
201800019856,18,6,30,220,5,2,1,1.0,6.0,17306,M,4563669.0,-102919.0,17
201800019857,18,7,13,1018,1,2,9,1.0,3.0,17306,M,4564253.0,-102475.0,17
201800019858,18,7,23,1920,1,2,6,1.0,3.0,17461,M,4563658.0,-107004.0,17
201800019859,18,7,29,1225,1,2,1,1.0,3.0,17306,M,4562430.0,-102840.0,17
201800019860,18,7,30,920,1,2,1,1.0,6.0,17306,M,4563521.0,-102890.0,17
201800019861,18,6,28,1653,1,2,2,1.0,1.0,17306,M,4561927.0,-100685.0,17
201800019862,18,7,25,1100,1,2,1,1.0,5.0,17306,M,4564018.0,-102503.0,17
201800019863,18,8,10,925,1,2,1,1.0,6.0,17306,M,4562621.0,-102722.0,17
201800019864,18,8,14,1100,1,2,3,1.0,3.0,17306,M,4563149.0,-100130.0,17
201800019865,18,8,10,2235,3,1,1,1.0,1.0,17380,M,4565411.0,-110659.0,17
201800019866,18,8,18,1745,1,2,1,1.0,2.0,17306,M,4564508.0,-104346.0,17
201800019867,18,9,11,1350,1,1,9,1.0,3.0,17380,M,4566663.0,-114049.0,17
201800019868,18,9,13,1825,1,2,4,1.0,7.0,17306,M,4562310.0,-101289.0,17
201800019869,18,9,18,1355,1,2,6,1.0,6.0,17306,M,4562525.0,-102268.0,17
201800019870,18,9,29,2140,5,2,3,1.0,3.0,17461,M,4563170.0,-105685.0,17
201800019871,18,10,6,1620,1,2,1,1.0,2.0,17306,M,4564353.0,-102479.0,17
201800019872,18,11,1,505,5,2,1,2.0,6.0,17306,M,4562921.0,-104787.0,17
201800019873,18,11,5,1350,1,2,9,1.0,6.0,17306,M,4561973.0,-103150.0,17
201800019874,18,11,15,1839,5,2,4,1.0,3.0,17306,M,4562176.0,-103116.0,17
201800019875,18,11,8,1205,1,2,1,1.0,3.0,17306,M,4562685.0,-99805.0,17
201800019876,18,11,21,1630,1,2,3,1.0,3.0,17306,M,4563150.0,-100137.0,17
201800019877,18,12,6,1841,3,1,1,2.0,7.0,17461,M,4565308.0,-105202.0,17
201800019878,18,12,10,2035,5,2,1,1.0,6.0,17306,M,4562871.0,-104050.0,17
201800019879,18,12,18,1550,1,2,1,1.0,6.0,17306,M,4562514.0,-102807.0,17
201800019880,18,12,19,1640,1,2,1,8.0,6.0,17306,M,4562619.0,-102015.0,17
201800019881,18,12,21,1245,1,1,9,3.0,6.0,17306,M,4563029.0,-99456.0,17
201800019882,18,12,28,1505,1,2,1,1.0,6.0,17306,M,4562507.0,-102829.0,17
201800019883,18,1,7,820,2,1,1,1.0,7.0,27125,M,4918564.0,76322.0,27
201800019884,18,1,16,2240,3,1,1,4.0,7.0,27680,M,4891351.0,40373.0,27
201800019885,18,1,22,950,1,1,1,3.0,7.0,27637,M,4930998.0,81480.0,27
201800019886,18,2,5,835,1,1,1,8.0,7.0,27637,M,4931070.0,81580.0,27
201800019887,18,4,15,1420,1,1,1,1.0,7.0,27130,M,4905729.0,46331.0,27
201800019888,18,5,23,845,1,1,1,1.0,6.0,27552,M,4900790.0,44440.0,27
201800019889,18,8,6,1430,1,1,1,1.0,3.0,27654,M,4920682.0,89050.0,27
201800019890,18,8,21,1210,1,1,2,1.0,2.0,27524,M,4909901.0,91657.0,27
201800019891,18,9,12,2100,3,1,1,1.0,2.0,27131,M,4915485.0,67892.0,27
201800019892,18,10,4,1620,1,1,1,1.0,6.0,27626,M,4929030.0,78550.0,27
201800019893,18,11,17,800,3,1,2,5.0,6.0,27252,M,4917005.0,42758.0,27
201800019894,18,1,19,1900,3,1,1,2.0,1.0,40319,M,4422983.0,-75741.0,40
201800019895,18,1,20,2045,3,1,1,2.0,6.0,40060,M,4430390.0,-52484.0,40
201800019896,18,5,9,1652,1,1,1,1.0,7.0,40246,M,4414935.0,-84359.0,40
201800019897,18,5,11,1605,1,1,3,1.0,2.0,40200,M,4437299.0,-75198.0,40
201800019898,18,6,28,1730,1,1,1,1.0,6.0,40319,M,4422326.0,-71186.0,40
201800019899,18,7,18,210,3,1,1,1.0,6.0,40227,M,4432021.0,-73890.0,40
201800019900,18,8,7,2240,3,1,1,1.0,6.0,40085,M,4421241.0,-83020.0,40
201800019901,18,12,10,1337,1,1,1,1.0,1.0,40165,M,4409993.0,-72216.0,40
201800019902,18,12,14,1430,1,1,1,1.0,6.0,40167,M,4426893.0,-56813.0,40
201800019903,18,1,2,2020,3,1,1,2.0,2.0,61122,M,4877374.0,30542.0,61
201800019904,18,2,1,1010,1,1,1,2.0,7.0,61103,M,4882880.0,35775.0,61
201800019905,18,4,7,1320,1,1,1,1.0,6.0,61464,M,4862806.0,19478.0,61
201800019906,18,4,7,1515,1,1,1,8.0,6.0,61385,M,4881038.0,34647.0,61
201800019907,18,8,3,1510,1,1,1,7.0,6.0,61282,M,4887642.0,38182.0,61
201800019908,18,9,26,850,1,1,1,1.0,3.0,61301,M,4854106.0,16676.0,61
201800019909,18,12,15,1400,1,1,1,2.0,6.0,61464,M,4860645.0,19668.0,61
201800019910,18,1,10,1240,1,2,1,1.0,6.0,17415,M,4574645.0,-66934.0,17
201800019911,18,2,28,952,1,2,1,1.0,6.0,17415,M,4573756.0,-64771.0,17
201800019912,18,2,21,1630,1,1,1,1.0,1.0,17415,M,4574159.0,-66098.0,17
201800019913,18,4,21,1930,1,1,1,1.0,3.0,17415,M,4573962.0,-60136.0,17
201800019914,18,5,18,1505,1,2,1,1.0,4.0,17415,M,4573175.0,-64559.0,17
201800019915,18,6,1,1535,1,2,1,1.0,6.0,17415,M,4574569.0,-62603.0,17
201800019916,18,6,1,1720,1,2,1,1.0,1.0,17415,M,4575740.0,-61810.0,17
201800019917,18,8,4,2020,1,2,1,1.0,6.0,17415,M,4574215.0,-62445.0,17
201800019918,18,8,14,2230,3,1,1,1.0,5.0,17415,M,4574692.0,-70346.0,17
201800019919,18,9,23,1850,1,1,1,1.0,1.0,17415,M,4572510.0,-63770.0,17
201800019920,18,10,19,1539,1,2,6,1.0,6.0,17415,M,4574583.0,-65896.0,17
201800019921,18,11,4,1345,1,1,1,1.0,1.0,17415,M,4572819.0,-63329.0,17
201800019922,18,12,2,1920,5,1,1,2.0,2.0,17415,M,4575475.0,-65811.0,17
201800019923,18,12,18,810,1,2,2,8.0,3.0,17415,M,4574301.0,-62199.0,17
201800019924,18,2,21,2300,3,1,1,1.0,6.0,37166,M,4751703.0,91224.0,37
201800019925,18,3,8,1605,1,1,1,1.0,2.0,37010,M,4752557.0,93730.0,37
201800019926,18,4,14,1645,1,1,1,1.0,5.0,37229,M,4756904.0,104743.0,37
201800019927,18,5,28,645,1,1,1,1.0,2.0,37194,M,4748638.0,87199.0,37
201800019928,18,6,29,2230,3,1,1,1.0,6.0,37160,M,4755439.0,101103.0,37
201800019929,18,8,24,730,1,1,1,1.0,3.0,37160,M,4755439.0,101103.0,37
201800019930,18,9,4,1735,1,1,1,1.0,2.0,37194,M,4749900.0,85091.0,37
201800019931,18,9,5,625,3,1,1,1.0,6.0,37047,M,4749082.0,66529.0,37
201800019932,18,12,17,1750,3,1,1,1.0,2.0,37010,M,4753376.0,95798.0,37
201800019933,18,12,21,1045,1,1,1,3.0,2.0,37194,M,4750144.0,85850.0,37
201800019934,18,1,25,405,3,1,1,2.0,6.0,34095,M,4355976.0,379781.0,34
201800019935,18,1,25,1905,5,1,1,2.0,3.0,34270,M,4356848.0,384980.0,34
201800019936,18,2,24,1500,1,1,1,2.0,3.0,34270,M,4359697.0,382002.0,34
201800019937,18,4,7,1515,1,1,1,1.0,7.0,34088,M,4356949.0,372077.0,34
201800019938,18,4,22,1030,1,1,1,1.0,1.0,34095,M,4354016.0,376371.0,34
201800019939,18,5,11,1400,1,1,1,1.0,5.0,34095,M,4353112.0,375940.0,34
201800019940,18,6,9,840,1,2,1,1.0,6.0,34095,M,4354374.0,377260.0,34
201800019941,18,6,23,1625,1,1,3,1.0,3.0,34095,M,4353450.0,375765.0,34
201800019942,18,7,19,1534,1,1,1,1.0,5.0,34095,M,4355840.0,379659.0,34
201800019943,18,7,27,910,1,1,1,1.0,3.0,34270,M,4356848.0,384980.0,34
201800019944,18,8,13,1440,1,1,1,1.0,1.0,34095,M,4354016.0,376371.0,34
201800019945,18,8,24,1815,1,1,1,1.0,3.0,34270,M,4358745.0,383414.0,34
201800019946,18,9,12,2015,3,1,1,1.0,1.0,34088,M,4356617.0,374646.0,34
201800019947,18,9,30,1720,1,1,1,1.0,1.0,34095,M,4351783.0,376487.0,34
201800019948,18,9,4,1300,1,1,1,1.0,6.0,34088,M,4357213.0,367965.0,34
201800019949,18,1,22,1840,5,2,3,1.0,3.0,66141,M,4273868.0,291416.0,66
201800019950,18,8,18,2330,3,1,1,1.0,3.0,66021,M,4273740.0,294154.0,66
201800019951,18,10,2,1530,1,2,1,7.0,6.0,66141,M,4274731.0,291417.0,66
201800019952,18,10,22,1135,1,1,6,1.0,3.0,66021,M,4272660.0,294653.0,66
201800019953,18,11,10,1450,1,1,1,1.0,2.0,66141,M,,,66
201800019954,18,3,14,1200,1,1,1,1.0,6.0,30225,M,4416358.0,456497.0,30
201800019955,18,4,6,2145,3,1,6,1.0,6.0,30141,M,4410046.0,465778.0,30
201800019956,18,4,17,1745,1,1,1,1.0,3.0,30141,M,4410282.0,466359.0,30
201800019957,18,5,15,1630,1,2,3,1.0,1.0,30141,M,4410139.0,465414.0,30
201800019958,18,5,25,550,2,1,2,1.0,3.0,30191,M,4414356.0,466030.0,30
201800019959,18,6,13,500,3,1,1,3.0,6.0,30225,M,4415051.0,455137.0,30
201800019960,18,6,29,1710,1,1,1,1.0,6.0,30141,M,4410906.0,461187.0,30
201800019961,18,7,6,645,1,1,1,1.0,6.0,30081,M,4415077.0,469604.0,30
201800019962,18,10,1,1615,1,1,2,1.0,3.0,30127,M,4407776.0,458709.0,30
201800019963,18,10,4,1645,1,1,1,1.0,1.0,30331,M,4411304.0,461498.0,30
201800019964,18,12,21,50,3,1,1,5.0,6.0,30141,M,4411872.0,468753.0,30
201800019965,18,1,12,2025,3,2,1,1.0,2.0,41294,M,4780165.0,99720.0,41
201800019966,18,3,10,1835,2,1,3,1.0,3.0,41287,M,4773928.0,103401.0,41
201800019967,18,4,1,1140,1,2,3,1.0,3.0,41201,M,4770986.0,87340.0,41
201800019968,18,4,20,450,3,1,1,1.0,1.0,41287,M,4775616.0,103994.0,41
201800019969,18,5,5,1245,1,1,1,1.0,1.0,41278,M,4765101.0,95489.0,41
201800019970,18,5,18,1345,1,1,1,1.0,5.0,41287,M,4777268.0,106013.0,41
201800019971,18,5,30,1545,1,1,1,1.0,3.0,41007,M,4762250.0,90871.0,41
201800019972,18,6,28,1940,1,1,3,1.0,3.0,41103,M,4772692.0,102418.0,41
201800019973,18,6,20,1915,1,2,1,7.0,6.0,41294,M,4780431.0,98265.0,41
201800019974,18,7,3,1735,1,2,1,1.0,7.0,41102,M,4775344.0,93808.0,41
201800019975,18,7,29,25,3,1,1,1.0,7.0,41225,M,4776146.0,82243.0,41
201800019976,18,10,26,1420,1,1,1,1.0,1.0,41265,M,4780132.0,78028.0,41
201800019977,18,11,10,1850,5,2,1,3.0,4.0,41149,M,4775886.0,87584.0,41
201800019978,18,11,22,1845,3,1,1,5.0,6.0,41070,M,4775567.0,66511.0,41
201800019979,18,11,26,1645,1,2,1,1.0,3.0,41149,M,4775876.0,87387.0,41
201800019980,18,12,24,1955,5,2,1,1.0,6.0,41184,M,4769377.0,91539.0,41
201800019981,18,2,16,1100,1,1,1,1.0,1.0,77162,M,4886949.0,312527.0,77
201800019982,18,4,10,1000,1,1,1,1.0,7.0,77182,M,4879265.0,332102.0,77
201800019983,18,5,7,1550,1,1,1,7.0,1.0,77240,M,4879200.0,328139.0,77
201800019984,18,5,14,750,2,1,1,3.0,1.0,77421,M,4874237.0,328823.0,77
201800019985,18,7,6,1115,1,2,3,1.0,3.0,77385,M,4884848.0,323189.0,77
201800019986,18,7,26,1530,1,1,1,7.0,1.0,77240,M,4878625.0,325246.0,77
201800019987,18,8,13,1855,1,2,1,1.0,1.0,77423,M,4877772.0,332947.0,77
201800019988,18,9,23,150,3,1,1,2.0,6.0,77405,M,4890578.0,317223.0,77
201800019989,18,9,29,1838,1,1,3,1.0,1.0,77423,M,4877282.0,332748.0,77
201800019990,18,9,29,1313,1,2,4,1.0,3.0,77345,M,4890575.0,322598.0,77
201800019991,18,10,4,720,5,2,1,1.0,6.0,77182,M,4877949.0,330805.0,77
201800019992,18,11,18,1800,5,2,1,1.0,1.0,77423,M,4877951.0,332387.0,77
201800019993,18,3,11,900,1,1,1,1.0,2.0,62424,M,5021308.0,294969.0,62
201800019994,18,4,23,1930,1,1,1,1.0,6.0,62568,M,5023736.0,280005.0,62
201800019995,18,7,5,1145,1,2,2,7.0,3.0,62428,M,5022541.0,283516.0,62
201800019996,18,8,12,1805,1,1,3,1.0,3.0,62582,M,5026206.0,288546.0,62
201800019997,18,8,18,1425,1,1,1,1.0,6.0,62081,M,5022134.0,307488.0,62
201800019998,18,9,19,1544,1,1,2,7.0,3.0,62384,M,5015028.0,308162.0,62
201800019999,18,9,20,1630,1,1,1,1.0,7.0,62864,M,5025176.0,292699.0,62
201800020000,18,10,7,10,3,1,1,2.0,7.0,62839,M,5014913.0,288723.0,62
201800020001,18,10,8,850,1,1,1,1.0,3.0,62873,M,5024975.0,284200.0,62
201800020002,18,10,11,2200,5,1,3,1.0,3.0,62873,M,5025737.0,285957.0,62
201800020003,18,10,27,130,3,1,1,1.0,6.0,62469,M,5020527.0,305094.0,62
201800020004,18,12,27,1710,3,1,1,9.0,5.0,62864,M,5025099.0,292930.0,62
201800020005,18,1,18,1445,1,1,1,6.0,7.0,62378,M,5030662.0,263094.0,62
201800020006,18,4,14,510,3,1,1,5.0,6.0,62279,M,5030233.0,271471.0,62
201800020007,18,4,22,1355,1,2,1,7.0,1.0,62097,M,5024163.0,265945.0,62
201800020008,18,5,5,1645,1,2,1,7.0,6.0,62649,M,5015551.0,248673.0,62
201800020009,18,5,6,955,1,1,1,7.0,2.0,62378,M,5030290.0,264575.0,62
201800020010,18,5,10,1835,1,2,1,1.0,6.0,62869,M,5024509.0,271837.0,62
201800020011,18,7,2,1140,1,1,1,7.0,7.0,62672,M,5009741.0,265264.0,62
201800020012,18,7,4,1725,1,2,3,1.0,1.0,62422,M,5012553.0,263307.0,62
201800020013,18,9,5,1755,1,2,2,2.0,3.0,62689,M,5020753.0,269008.0,62
201800020014,18,10,15,1630,1,2,1,1.0,6.0,62272,M,5017467.0,271243.0,62
201800020015,18,10,26,1430,1,2,6,1.0,3.0,62097,M,5024387.0,265618.0,62
201800020016,18,11,30,900,1,1,2,2.0,1.0,62465,M,5019110.0,256525.0,62
201800020017,18,12,3,1520,1,1,2,2.0,3.0,62332,M,5023514.0,276363.0,62
201800020018,18,12,7,2000,3,1,3,2.0,1.0,62147,M,5021239.0,275723.0,62
201800020019,18,2,3,1830,3,1,1,1.0,6.0,62512,M,5056522.0,234137.0,62
201800020020,18,6,27,1650,1,1,2,1.0,3.0,62713,M,5059483.0,254089.0,62
201800020021,18,7,1,1300,1,2,1,1.0,1.0,62190,M,5059797.0,252295.0,62
201800020022,18,7,3,740,1,2,1,1.0,3.0,62195,M,5062412.0,260878.0,62
201800020023,18,10,30,1915,3,1,1,2.0,1.0,62516,M,5058391.0,244874.0,62
201800020024,18,11,2,815,2,1,1,1.0,1.0,62162,M,5057580.0,245103.0,62
201800020025,18,11,13,1150,1,1,1,1.0,3.0,62162,M,5057352.0,243327.0,62
201800020026,18,11,19,1215,1,1,1,8.0,2.0,62770,M,5061324.0,255084.0,62
201800020027,18,12,14,1645,2,2,1,1.0,6.0,62500,M,5055177.0,242347.0,62
201800020028,18,2,10,1830,5,2,1,3.0,6.0,62670,M,5054982.0,187814.0,62
201800020029,18,2,18,1045,1,2,1,1.0,4.0,62886,M,5057922.0,195417.0,62
201800020030,18,4,14,1800,1,1,1,1.0,7.0,62886,M,5057256.0,195046.0,62
201800020031,18,4,15,245,3,1,1,1.0,7.0,62312,M,5049259.0,183654.0,62
201800020032,18,4,25,1215,1,2,1,1.0,6.0,62554,M,5052962.0,173045.0,62
201800020033,18,5,8,1630,1,1,3,1.0,2.0,62499,M,5038737.0,172777.0,62
201800020034,18,5,12,1945,1,2,1,8.0,7.0,62044,M,5048406.0,174688.0,62
201800020035,18,6,24,1030,1,1,1,1.0,7.0,62670,M,5057519.0,188197.0,62
201800020036,18,7,6,2100,1,2,1,1.0,7.0,62844,M,5055492.0,203948.0,62
201800020037,18,7,12,1715,1,2,1,1.0,1.0,62602,M,5036694.0,173107.0,62
201800020038,18,8,4,1340,1,1,1,1.0,3.0,62134,M,5054911.0,189119.0,62
201800020039,18,8,13,1415,1,1,1,1.0,1.0,62870,M,5040483.0,172520.0,62
201800020040,18,9,9,610,3,2,2,1.0,3.0,62602,M,5035889.0,173247.0,62
201800020041,18,11,5,1605,1,1,3,1.0,3.0,62207,M,5045141.0,174711.0,62
201800020042,18,1,10,1610,1,2,3,1.0,3.0,62767,M,5038773.0,235005.0,62
201800020043,18,2,5,1835,3,1,1,1.0,6.0,62058,M,5050059.0,240144.0,62
201800020044,18,3,25,600,3,2,1,1.0,6.0,62344,M,5052359.0,234058.0,62
201800020045,18,3,24,1820,1,2,1,1.0,1.0,62668,M,5049931.0,225721.0,62
201800020046,18,3,28,1615,1,2,2,1.0,3.0,62749,M,5035702.0,208761.0,62
201800020047,18,5,7,1200,1,1,1,7.0,2.0,62180,M,5041395.0,238803.0,62
201800020048,18,5,10,810,1,1,3,8.0,3.0,62180,M,5041833.0,241332.0,62
201800020049,18,5,27,1305,1,1,1,1.0,6.0,62036,M,5045300.0,225512.0,62
201800020050,18,7,8,500,2,1,1,1.0,6.0,62740,M,5047937.0,236143.0,62
201800020051,18,7,25,1630,1,1,1,1.0,1.0,62468,M,5038488.0,220793.0,62
201800020052,18,10,28,1140,1,1,1,1.0,1.0,62686,M,5036356.0,230586.0,62
201800020053,18,12,13,1330,1,1,3,7.0,3.0,62647,M,5038403.0,207609.0,62
201800020054,18,1,9,1100,1,1,2,1.0,5.0,62198,M,5038871.0,262301.0,62
201800020055,18,1,17,1632,2,1,1,6.0,5.0,62086,M,5021976.0,258466.0,62
201800020056,18,1,29,1845,3,1,2,2.0,1.0,62113,M,5035139.0,251532.0,62
201800020057,18,2,12,1600,1,2,9,1.0,3.0,62063,M,5027824.0,252311.0,62
201800020058,18,3,5,545,3,1,1,9.0,1.0,62477,M,5031633.0,254847.0,62
201800020059,18,3,5,630,3,1,1,9.0,7.0,62630,M,5028706.0,256203.0,62
201800020060,18,3,13,820,1,1,1,1.0,6.0,62198,M,5038769.0,262186.0,62
201800020061,18,3,20,1655,1,1,6,7.0,3.0,62045,M,5034277.0,259209.0,62
201800020062,18,3,30,2155,3,1,1,1.0,2.0,62399,M,5031618.0,261707.0,62
201800020063,18,4,10,800,1,1,1,1.0,1.0,62477,M,5032777.0,252524.0,62
201800020064,18,4,21,1100,1,1,1,1.0,2.0,62113,M,5035061.0,252304.0,62
201800020065,18,6,8,1050,1,2,1,1.0,6.0,62063,M,5027840.0,253334.0,62
201800020066,18,7,5,1745,1,2,2,1.0,5.0,62860,M,5031726.0,249135.0,62
201800020067,18,7,7,20,3,1,1,1.0,6.0,62784,M,5021218.0,252514.0,62
201800020068,18,7,14,1055,1,1,3,1.0,4.0,62820,M,5035681.0,247463.0,62
201800020069,18,7,30,1015,1,1,1,1.0,6.0,62086,M,5022340.0,256462.0,62
201800020070,18,8,9,1430,1,1,2,3.0,3.0,62804,M,5023972.0,245818.0,62
201800020071,18,9,7,1620,1,1,2,1.0,3.0,62778,M,5030679.0,243781.0,62
201800020072,18,9,8,930,1,2,1,1.0,7.0,62063,M,5027619.0,253448.0,62
201800020073,18,9,25,1950,2,1,1,1.0,6.0,62084,M,5024993.0,253846.0,62
201800020074,18,1,26,2345,4,2,1,1.0,3.0,62631,M,5030339.0,229058.0,62
201800020075,18,2,8,2130,3,1,1,1.0,6.0,62182,M,5026833.0,216259.0,62
201800020076,18,4,29,1050,1,1,2,2.0,3.0,62631,M,5029902.0,228023.0,62
201800020077,18,6,9,1939,1,1,1,1.0,7.0,62859,M,5022900.0,220761.0,62
201800020078,18,9,16,1610,1,1,1,1.0,3.0,62337,M,5032977.0,227091.0,62
201800020079,18,11,8,630,3,1,1,9.0,6.0,62345,M,5029437.0,206232.0,62
201800020080,18,12,5,1746,5,2,1,2.0,6.0,62361,M,5027749.0,229144.0,62
201800020081,18,6,1,1610,1,2,2,1.0,3.0,44182,M,4716087.0,-216851.0,44
201800020082,18,11,14,835,1,1,1,1.0,1.0,44192,M,4724910.0,-198629.0,44
201800020083,18,7,6,900,1,1,1,1.0,6.0,63370,M,,,63
201800020084,18,6,15,1320,1,1,1,1.0,3.0,37208,M,4736122.0,71166.0,37
201800020085,18,6,26,1230,1,1,1,1.0,5.0,37216,M,4715483.0,57741.0,37
201800020086,18,7,10,2035,1,1,9,1.0,6.0,37099,M,4730230.0,54752.0,37
201800020087,18,8,11,920,1,1,1,1.0,6.0,37141,M,4728526.0,105955.0,37
201800020088,18,8,12,2130,3,1,1,1.0,7.0,37099,M,4730230.0,54752.0,37
201800020089,18,7,19,1530,1,1,1,1.0,7.0,37100,M,4729369.0,111756.0,37
201800020090,18,11,9,1033,1,1,1,1.0,2.0,37142,M,4704994.0,58721.0,37
201800020091,18,12,21,630,5,1,1,2.0,6.0,37261,M,4738650.0,70891.0,37
201800020092,18,4,2,1630,1,1,1,1.0,7.0,21559,M,4729583.0,481454.0,21
201800020093,18,6,9,55,3,1,1,1.0,7.0,21478,M,4736789.0,484148.0,21
201800020094,18,1,17,2030,3,1,1,6.0,7.0,83130,M,4316853.0,607250.0,83
201800020095,18,2,4,1530,1,1,1,1.0,7.0,83017,M,4324000.0,599627.0,83
201800020096,18,2,7,1845,5,1,1,1.0,3.0,83054,M,4315719.0,604570.0,83
201800020097,18,3,8,1545,1,1,1,1.0,3.0,83054,M,4315719.0,604570.0,83
201800020098,18,3,23,1130,1,2,1,1.0,1.0,83130,M,4319624.0,603972.0,83
201800020099,18,4,19,2055,5,2,9,1.0,6.0,83131,M,4320933.0,602833.0,83
201800020100,18,4,22,1400,1,1,1,1.0,3.0,83054,M,4315980.0,605494.0,83
201800020101,18,6,15,2155,5,1,1,1.0,3.0,83054,M,4315719.0,604570.0,83
201800020102,18,6,27,1845,1,2,6,7.0,6.0,83130,M,4318120.0,607949.0,83
201800020103,18,7,25,1350,1,2,9,1.0,3.0,83054,M,4316161.0,604282.0,83
201800020104,18,8,19,1930,1,1,1,1.0,1.0,83130,M,4317412.0,606989.0,83
201800020105,18,10,3,700,5,2,1,1.0,6.0,83017,M,4324358.0,600110.0,83
201800020106,18,10,6,1149,1,2,9,1.0,7.0,83017,M,4324617.0,599991.0,83
201800020107,18,12,9,610,5,2,1,6.0,2.0,83132,M,4317933.0,604581.0,83
201800020108,18,2,13,1420,1,1,1,4.0,1.0,87107,M,4592280.0,119918.0,87
201800020109,18,4,1,1150,1,2,1,1.0,1.0,87177,M,4581230.0,107441.0,87
201800020110,18,5,16,1645,1,1,1,1.0,7.0,87152,M,4595290.0,121544.0,87
201800020111,18,7,14,1545,1,1,1,1.0,6.0,87185,M,4590210.0,100024.0,87
201800020112,18,9,16,1620,1,1,6,7.0,7.0,87001,M,4580060.0,110868.0,87