Num_Acc,an,mois,jour,hrmn,lum,agg,int,atm,col,com,gps,lat,long,dep
201800020113,18,9,20,2210,3,1,1,1.0,6.0,87202,M,4590310.0,107788.0,87
201800020114,18,11,3,1825,3,1,1,1.0,6.0,87191,M,4573920.0,103670.0,87
201800020115,18,12,24,1000,1,1,1,1.0,5.0,87202,M,4594100.0,108422.0,87
201800020116,18,3,2,2000,3,1,1,1.0,7.0,20009,M,4211291.0,953384.0,202
201800020117,18,5,22,1215,1,1,1,1.0,3.0,20009,M,4213096.0,951001.0,202
201800020118,18,6,11,2000,1,1,1,1.0,6.0,20143,M,4222760.0,954357.0,202
201800020119,18,7,1,1815,1,1,1,1.0,6.0,20320,M,4215732.0,951533.0,202
201800020120,18,7,24,2200,3,1,1,1.0,3.0,20009,M,4209835.0,951497.0,202
201800020121,18,8,3,1250,1,1,1,1.0,6.0,20320,M,4217139.0,947994.0,202
201800020122,18,8,26,1800,1,2,3,1.0,2.0,20143,M,4220320.0,953476.0,202
201800020123,18,8,29,1234,1,2,1,1.0,6.0,20009,M,4211523.0,951343.0,202
201800020124,18,10,7,1830,5,2,1,2.0,6.0,20009,M,4211147.0,951402.0,202
201800020125,18,12,14,20,3,1,1,3.0,6.0,20009,M,4209073.0,950850.0,202
201800020126,18,2,22,550,3,1,1,1.0,2.0,47034,M,4440470.0,12478.0,47
201800020127,18,3,2,2230,3,1,1,1.0,6.0,47165,M,4452480.0,1994.0,47
201800020128,18,4,10,230,3,1,1,2.0,6.0,47165,M,4451380.0,2368.0,47
201800020129,18,4,27,1605,1,1,1,1.0,6.0,47156,M,4449260.0,7222.0,47
201800020130,18,11,25,1135,1,1,2,1.0,3.0,47233,M,4454235.0,9381.0,47
201800020131,18,12,5,1035,1,1,3,1.0,4.0,47233,M,4454086.0,8887.0,47
201800020132,18,12,11,750,2,2,2,5.0,6.0,47165,M,4452181.0,3259.0,47
201800020133,18,12,12,1750,2,1,3,1.0,3.0,47233,M,4452378.0,10865.0,47
201800020134,18,12,17,1125,1,1,1,7.0,1.0,47245,M,4461351.0,16002.0,47
201800020135,18,5,4,1640,1,1,1,1.0,6.0,23090,M,4578597.0,200538.0,23
201800020136,18,5,5,50,3,1,1,1.0,6.0,23079,M,4591186.0,217344.0,23
201800020137,18,6,28,650,1,1,1,1.0,6.0,23232,M,4590777.0,189690.0,23
201800020138,18,6,30,1945,1,1,9,7.0,1.0,23227,M,4589490.0,179059.0,23
201800020139,18,8,6,545,2,1,1,1.0,6.0,23134,M,4587444.0,193194.0,23
201800020140,18,5,26,1100,1,2,1,1.0,1.0,23176,M,4623355.0,148608.0,23
201800020141,18,6,8,1740,1,1,6,1.0,3.0,23075,M,4629888.0,167768.0,23
201800020142,18,8,8,1755,1,1,1,1.0,6.0,23219,M,4621744.0,142701.0,23
201800020143,18,8,26,1815,1,1,9,1.0,7.0,23047,M,4615960.0,155279.0,23
201800020144,18,10,13,2000,3,1,9,1.0,1.0,23176,M,4623672.0,147581.0,23
201800020145,18,10,28,1550,1,2,1,2.0,6.0,23207,M,4628306.0,158734.0,23
201800020146,18,10,31,1815,4,2,1,2.0,6.0,23176,M,4623672.0,147581.0,23
201800020147,18,11,16,1815,5,1,2,1.0,3.0,23075,M,4628803.0,167012.0,23
201800020148,18,12,1,30,3,1,1,2.0,6.0,23065,M,4629651.0,163536.0,23
201800020149,18,2,17,1955,5,2,1,1.0,6.0,50439,M,,,50
201800020150,18,2,17,2355,3,1,1,1.0,6.0,50592,M,4898127.0,-107839.0,50
201800020151,18,3,16,1210,1,2,1,8.0,6.0,50393,M,4891734.0,-119114.0,50
201800020152,18,4,25,1135,1,1,1,1.0,1.0,50465,M,4908019.0,-112058.0,50
201800020153,18,6,4,953,1,1,1,2.0,1.0,50214,M,4892640.0,-107698.0,50
201800020154,18,8,5,1125,1,1,1,1.0,1.0,50393,M,4892147.0,-121332.0,50
201800020155,18,9,4,1615,1,1,1,1.0,1.0,50137,M,4887292.0,-120101.0,50
201800020156,18,9,14,2320,3,1,1,1.0,1.0,50592,M,4897386.0,-106443.0,50
201800020157,18,11,5,2020,3,2,1,1.0,6.0,50592,M,4897340.0,-105905.0,50
201800020158,18,11,9,1850,3,1,3,6.0,1.0,50363,M,4899792.0,-114046.0,50
201800020159,18,11,12,1815,3,1,1,1.0,1.0,50465,M,4907258.0,-114214.0,50
201800020160,18,11,22,730,3,1,1,1.0,6.0,50512,M,4903264.0,-113776.0,50
201800020161,18,1,29,945,1,1,1,1.0,6.0,22305,M,4825808.0,-216588.0,22
201800020162,18,6,1,1600,1,1,3,1.0,3.0,22020,M,4829662.0,-222574.0,22
201800020163,18,7,13,1620,1,1,1,1.0,1.0,22239,M,4836037.0,-210268.0,22
201800020164,18,7,21,15,3,1,4,1.0,3.0,22084,M,4842625.0,-230596.0,22
201800020165,18,8,9,1420,1,1,3,1.0,3.0,22032,M,4830710.0,-213576.0,22
201800020166,18,9,9,1615,1,1,2,1.0,3.0,22341,M,4839930.0,-237879.0,22
201800020167,18,10,20,1545,1,2,2,1.0,3.0,22084,M,4841209.0,-231026.0,22
201800020168,18,11,5,1330,1,1,2,1.0,3.0,22337,M,4835818.0,-233691.0,22
201800020169,18,11,27,1550,1,1,3,3.0,6.0,22185,M,4834576.0,-238811.0,22
201800020170,18,11,28,830,2,1,4,8.0,6.0,22084,M,4841604.0,-229980.0,22
201800020171,18,3,26,1445,1,1,1,1.0,5.0,30067,M,4403772.0,454495.0,30
201800020172,18,4,13,300,3,1,1,2.0,6.0,30262,M,4403090.0,449428.0,30
201800020173,18,4,27,1520,1,2,4,1.0,1.0,30334,M,4402616.0,441665.0,30
201800020174,18,5,29,1755,1,1,1,1.0,1.0,30334,M,4432678.0,437398.0,30
201800020175,18,6,1,2245,3,1,1,1.0,6.0,30299,M,4402160.0,445154.0,30
201800020176,18,6,23,1810,1,1,1,1.0,3.0,30334,M,4401579.0,442525.0,30
201800020177,18,6,29,1800,1,1,1,7.0,7.0,30014,M,4399967.0,436484.0,30
201800020178,18,7,7,1000,1,2,1,7.0,6.0,30338,M,4412957.0,434368.0,30
201800020179,18,7,10,250,3,1,1,1.0,6.0,30151,M,4413301.0,440504.0,30
201800020180,18,7,11,730,1,1,1,1.0,7.0,30030,M,4405598.0,427388.0,30
201800020181,18,7,21,125,3,2,1,2.0,6.0,30014,M,4400037.0,436874.0,30
201800020182,18,7,20,1243,1,2,1,1.0,6.0,30334,M,4400601.0,441681.0,30
201800020183,18,8,13,845,1,1,2,7.0,3.0,30113,M,4416943.0,431964.0,30
201800020184,18,8,23,1740,1,1,1,1.0,3.0,30174,M,4406332.0,439673.0,30
201800020185,18,9,19,1840,1,2,1,1.0,6.0,30334,M,4401169.0,441758.0,30
201800020186,18,9,21,1035,1,1,1,1.0,3.0,30041,M,4397009.0,439138.0,30
201800020187,18,9,28,1230,1,1,1,1.0,5.0,30014,M,4400037.0,436874.0,30
201800020188,18,11,9,700,2,1,1,3.0,6.0,30308,M,4395862.0,441918.0,30
201800020189,18,11,9,1700,2,1,1,2.0,1.0,30282,M,4415064.0,450329.0,30
201800020190,18,11,27,1500,1,1,1,1.0,1.0,30343,M,4418870.0,448159.0,30
201800020191,18,12,16,1520,1,1,1,2.0,6.0,30174,M,4403273.0,436822.0,30
201800020192,18,12,31,1615,1,2,1,1.0,6.0,30295,M,4404418.0,442732.0,30
201800020193,18,2,19,1510,1,2,3,1.0,3.0,30202,M,4425473.0,464576.0,30
201800020194,18,3,17,45,3,1,9,1.0,6.0,30304,M,4425911.0,452485.0,30
201800020195,18,5,18,1740,1,2,1,7.0,6.0,30202,M,4425456.0,464874.0,30
201800020196,18,5,31,1140,1,1,1,2.0,6.0,30202,M,4424635.0,460750.0,30
201800020197,18,6,20,1125,1,2,2,1.0,1.0,30202,M,4425651.0,464754.0,30
201800020198,18,7,14,1812,1,1,1,1.0,1.0,30288,M,4421313.0,463163.0,30
201800020199,18,7,16,1630,1,1,1,7.0,1.0,30226,M,4422678.0,463361.0,30
201800020200,18,7,22,100,3,1,3,1.0,1.0,30290,M,4427450.0,460282.0,30
201800020201,18,9,21,1520,1,1,1,1.0,6.0,30222,M,4420312.0,452771.0,30
201800020202,18,11,16,1800,3,1,1,1.0,4.0,30288,M,4420067.0,462633.0,30
201800020203,18,12,1,615,3,1,1,1.0,6.0,30256,M,4418857.0,455743.0,30
201800020204,18,1,22,1545,1,1,9,1.0,2.0,30221,M,4404042.0,472731.0,30
201800020205,18,1,31,1220,1,2,9,1.0,2.0,30217,M,4398288.0,470132.0,30
201800020206,18,4,1,850,1,1,1,1.0,3.0,30209,M,4399415.0,474088.0,30
201800020207,18,5,22,1620,1,1,1,3.0,1.0,30315,M,4394903.0,469842.0,30
201800020208,18,7,7,1855,1,1,1,7.0,1.0,30315,M,4394482.0,469789.0,30
201800020209,18,7,13,1820,1,1,2,1.0,3.0,30278,M,4405348.0,470846.0,30
201800020210,18,7,13,1955,1,2,3,1.0,3.0,30221,M,4404961.0,477568.0,30
201800020211,18,8,5,1600,1,1,1,1.0,7.0,30278,M,4405348.0,470846.0,30
201800020212,18,9,3,1220,1,2,1,1.0,3.0,30217,M,4396054.0,472091.0,30
201800020213,18,9,24,2100,3,1,1,1.0,3.0,30315,M,4394886.0,469720.0,30
201800020214,18,11,13,1800,3,1,3,1.0,3.0,30221,M,4402830.0,473689.0,30
201800020215,18,3,23,1620,1,1,4,1.0,6.0,38429,M,4486758.0,560574.0,38
201800020216,18,5,5,1230,1,1,1,1.0,7.0,38456,M,4483850.0,579753.0,38
201800020217,18,5,14,1220,1,2,1,1.0,7.0,38208,M,4485352.0,567337.0,38
201800020218,18,5,29,700,1,1,1,1.0,7.0,38438,M,4494310.0,561615.0,38
201800020219,18,6,10,1522,1,1,1,1.0,7.0,38204,M,4473908.0,567773.0,38
201800020220,18,7,29,1420,1,1,1,1.0,6.0,38429,M,4486947.0,557600.0,38
201800020221,18,8,6,1820,1,1,1,1.0,6.0,38090,M,4497602.0,556290.0,38
201800020222,18,8,9,1740,1,1,1,2.0,7.0,38419,M,4484195.0,561809.0,38
201800020223,18,9,8,1850,1,1,1,1.0,3.0,38342,M,4487435.0,564966.0,38
201800020224,18,10,5,2039,3,2,1,1.0,6.0,38127,M,4485019.0,570746.0,38
201800020225,18,10,6,1430,1,1,1,1.0,6.0,38204,M,4473405.0,568093.0,38
201800020226,18,10,9,2050,3,1,6,1.0,6.0,38342,M,4490733.0,562605.0,38
201800020227,18,11,4,1510,1,1,1,8.0,7.0,38204,M,4474642.0,567881.0,38
201800020228,18,12,31,1559,1,2,1,2.0,6.0,18033,M,4708833.0,239662.0,18
201800020229,18,1,15,2353,3,2,1,1.0,6.0,18033,M,4709385.0,242104.0,18
201800020230,18,2,12,1130,1,2,2,1.0,6.0,18033,M,,,18
201800020231,18,2,16,720,3,1,1,1.0,3.0,18267,M,4701027.0,239237.0,18
201800020232,18,4,6,1830,1,2,6,1.0,6.0,18033,M,4707943.0,239847.0,18
201800020233,18,4,16,1355,1,2,1,1.0,6.0,18205,M,4709000.0,239000.0,18
201800020234,18,4,18,1346,1,2,3,1.0,3.0,18033,M,4708947.0,238473.0,18
201800020235,18,4,27,1630,1,2,9,1.0,3.0,18033,M,4707649.0,238988.0,18
201800020236,18,4,26,930,1,2,3,1.0,3.0,18033,M,,,18
201800020237,18,5,2,1420,1,2,1,1.0,1.0,18033,M,4708910.0,239318.0,18
201800020238,18,5,8,1935,1,2,1,1.0,2.0,18033,M,4709931.0,241627.0,18
201800020239,18,5,13,100,5,2,1,2.0,2.0,18033,M,4710433.0,241008.0,18
201800020240,18,5,31,300,5,2,1,1.0,6.0,18033,M,4709967.0,240177.0,18
201800020241,18,6,1,2225,5,2,3,1.0,2.0,18033,M,4707719.0,240023.0,18
201800020242,18,6,1,1655,1,2,3,1.0,3.0,18205,M,4709472.0,235561.0,18
201800020243,18,6,15,223,5,2,1,1.0,4.0,18033,M,4707354.0,235846.0,18
201800020244,18,6,14,1155,1,2,9,1.0,6.0,18033,M,4707923.0,238976.0,18
201800020245,18,6,25,930,1,2,1,1.0,6.0,18033,M,4708117.0,240751.0,18
201800020246,18,7,7,1900,1,2,1,1.0,1.0,18205,M,4709297.0,238141.0,18
201800020247,18,7,14,1525,1,1,1,1.0,6.0,18213,M,4711600.0,251037.0,18
201800020248,18,7,18,1910,1,2,1,1.0,2.0,18205,M,4709669.0,237296.0,18
201800020249,18,7,23,1531,1,2,3,7.0,6.0,18033,M,4886272.0,228759.0,18
201800020250,18,7,22,1410,1,2,1,1.0,6.0,18033,M,4710110.0,241454.0,18
201800020251,18,7,29,150,5,2,1,1.0,6.0,18267,M,4701154.0,235900.0,18
201800020252,18,8,8,440,5,2,1,1.0,6.0,18033,M,4709387.0,239613.0,18
201800020253,18,8,19,2357,3,1,1,1.0,2.0,18033,M,4705204.0,234825.0,18
201800020254,18,8,21,9,5,2,1,1.0,6.0,18205,M,4709984.0,238073.0,18
201800020255,18,8,31,1705,1,2,3,1.0,5.0,18033,M,4707193.0,239384.0,18
201800020256,18,8,31,1806,1,2,3,1.0,3.0,18033,M,4708881.0,239594.0,18
201800020257,18,9,16,105,5,2,2,1.0,3.0,18033,M,4705673.0,239140.0,18
201800020258,18,9,3,1648,1,2,1,1.0,3.0,18033,M,4707245.0,239688.0,18
201800020259,18,9,19,1840,1,2,3,1.0,3.0,18213,M,4709000.0,247000.0,18
201800020260,18,9,25,1800,1,2,1,1.0,1.0,18033,M,4710145.0,239934.0,18
201800020261,18,10,30,1505,1,2,9,1.0,1.0,18033,M,4712044.0,239826.0,18
201800020262,18,11,1,310,5,2,1,8.0,4.0,18033,M,4707122.0,241225.0,18
201800020263,18,11,2,1330,1,2,3,1.0,6.0,18033,M,4709381.0,239238.0,18
201800020264,18,11,2,1640,1,2,1,1.0,6.0,18213,M,4795197.0,244196.0,18
201800020265,18,11,22,1400,1,2,3,8.0,3.0,18033,M,4708095.0,238697.0,18
201800020266,18,10,5,1210,1,2,1,1.0,4.0,18033,M,4708348.0,241802.0,18
201800020267,18,12,5,1828,5,1,1,1.0,3.0,18033,M,4705538.0,231078.0,18
201800020268,18,12,11,155,5,1,1,5.0,4.0,18033,M,4705114.0,243525.0,18
201800020269,18,12,23,2209,5,2,3,1.0,1.0,18033,M,4711762.0,240263.0,18
201800020270,18,4,27,640,3,1,1,1.0,6.0,41270,M,4795365.0,142818.0,41
201800020271,18,5,22,900,1,1,1,1.0,1.0,41105,M,4779145.0,154060.0,41
201800020272,18,5,25,2320,4,2,1,8.0,7.0,41123,M,4782065.0,139485.0,41
201800020273,18,6,18,1510,1,1,1,1.0,7.0,41221,M,4781521.0,137482.0,41
201800020274,18,9,16,2000,3,1,1,1.0,6.0,41273,M,4785934.0,132013.0,41
201800020275,18,9,14,1830,2,1,1,1.0,3.0,41289,M,4788613.0,153131.0,41
201800020276,18,1,17,1850,3,1,1,1.0,2.0,12270,M,4434473.0,308663.0,12
201800020277,18,5,20,1700,1,1,1,3.0,6.0,12291,M,4421611.0,307191.0,12
201800020278,18,8,11,655,1,1,1,1.0,2.0,12077,M,4392717.0,323714.0,12
201800020279,18,8,14,830,1,1,1,1.0,3.0,12047,M,4435854.0,311528.0,12
201800020280,18,8,21,840,1,1,1,1.0,7.0,12291,M,4435697.0,311265.0,12
201800020281,18,8,25,1245,1,1,1,1.0,2.0,12047,M,4438633.0,311944.0,12
201800020282,18,8,26,810,1,1,1,1.0,7.0,12291,M,4423304.0,306260.0,12
201800020283,18,8,28,1725,1,1,1,1.0,7.0,12291,M,4418751.0,305480.0,12
201800020284,18,9,3,1445,1,1,1,1.0,5.0,12238,M,4422625.0,298804.0,12
201800020285,18,9,18,55,3,1,1,1.0,6.0,12270,M,4431732.0,309445.0,12
201800020286,18,11,14,1615,1,1,1,1.0,2.0,12270,M,4434212.0,308481.0,12
201800020287,18,11,19,1705,2,1,1,8.0,7.0,12115,M,4395502.0,321303.0,12
201800020288,18,5,26,400,3,1,1,1.0,2.0,58300,M,4702245.0,318920.0,58
201800020289,18,7,4,1700,1,1,1,1.0,7.0,58238,M,4698919.0,320621.0,58
201800020290,18,8,12,1043,1,1,1,1.0,7.0,58067,M,4710504.0,307137.0,58
201800020291,18,9,1,1150,1,1,1,1.0,2.0,58295,M,4732263.0,293455.0,58
201800020292,18,9,4,1620,1,1,1,1.0,3.0,58295,M,4732077.0,293568.0,58
201800020293,18,9,11,1505,1,1,9,1.0,1.0,58164,M,4723435.0,299337.0,58
201800020294,18,9,18,915,1,1,1,1.0,2.0,58086,M,4735036.0,292458.0,58
201800020295,18,10,31,1915,3,1,1,6.0,4.0,58207,M,4708008.0,312267.0,58
201800020296,18,12,16,1820,3,1,1,2.0,6.0,58051,M,4693845.0,315818.0,58
201800020297,18,1,6,1325,1,2,1,1.0,7.0,71456,M,4681444.0,505831.0,71
201800020298,18,2,25,540,3,2,1,1.0,6.0,71566,M,4688985.0,503280.0,71
201800020299,18,5,16,1400,1,1,1,2.0,1.0,71002,M,4674891.0,504388.0,71
201800020300,18,5,21,1500,1,1,1,1.0,7.0,71189,M,4673405.0,492025.0,71
201800020301,18,6,15,1510,1,2,3,1.0,1.0,71189,M,4674373.0,491072.0,71
201800020302,18,6,30,1725,1,2,2,1.0,3.0,71002,M,4674993.0,502027.0,71
201800020303,18,8,14,1600,1,1,1,1.0,7.0,71578,M,4696224.0,518542.0,71
201800020304,18,8,29,1915,1,2,1,1.0,6.0,71336,M,4672400.0,495158.0,71
201800020305,18,10,6,515,3,1,1,1.0,3.0,71167,M,4683049.0,498518.0,71
201800020306,18,10,15,735,1,2,4,1.0,3.0,71189,M,4675090.0,490081.0,71
201800020307,18,10,30,840,1,1,1,2.0,1.0,71578,M,4695866.0,520067.0,71
201800020308,18,10,31,2100,3,1,1,8.0,7.0,71570,M,4687851.0,497574.0,71
201800020309,18,12,2,1830,3,1,1,2.0,1.0,71333,M,4677468.0,495289.0,71
201800020310,18,12,27,2305,5,2,1,1.0,6.0,71566,M,4689301.0,502331.0,71
201800020311,18,2,23,2250,3,1,1,1.0,2.0,36239,M,4646574.0,149713.0,36
201800020312,18,8,16,1900,1,1,1,1.0,2.0,36101,M,4671325.0,159434.0,36
201800020313,18,9,28,1850,1,1,1,1.0,2.0,36219,M,4664713.0,155653.0,36
201800020314,18,10,18,1430,1,1,1,1.0,4.0,36231,M,4672330.0,160309.0,36
201800020315,18,10,18,1445,1,1,1,1.0,2.0,36231,M,4672661.0,160541.0,36
201800020316,18,10,18,1400,1,1,1,1.0,2.0,36231,M,4672650.0,160585.0,36
201800020317,18,11,11,250,3,1,1,1.0,3.0,36033,M,4652670.0,151482.0,36
201800020318,18,11,27,2230,3,1,1,2.0,1.0,36006,M,4657151.0,150037.0,36
201800020319,18,12,5,1530,1,1,1,1.0,6.0,36101,M,4669580.0,158382.0,36
201800020320,18,12,20,1550,1,1,1,1.0,6.0,36150,M,4645661.0,149801.0,36
201800020321,18,3,24,1200,1,1,1,1.0,2.0,43191,M,4535750.0,327950.0,43
201800020322,18,3,31,405,3,1,9,1.0,6.0,15207,M,4514619.0,314314.0,15
201800020323,18,4,27,1815,1,1,1,1.0,6.0,15108,M,4493925.0,320107.0,15
201800020324,18,5,4,1250,1,1,1,1.0,2.0,43123,M,4532120.0,326186.0,43
201800020325,18,8,19,1524,1,1,1,1.0,6.0,48002,M,4488638.0,325135.0,48
201800020326,18,1,1,332,3,1,1,2.0,6.0,63054,M,4550841.0,326285.0,63
201800020327,18,3,5,1540,1,1,1,1.0,7.0,63352,M,4546929.0,324923.0,63
201800020328,18,3,16,620,2,1,1,1.0,2.0,63121,M,,,63
201800020329,18,4,14,955,1,1,1,8.0,6.0,63352,M,4545867.0,326048.0,63
201800020330,18,4,21,1630,1,1,1,1.0,7.0,63411,M,4559969.0,321718.0,63
201800020331,18,4,25,1730,1,1,1,1.0,6.0,63054,M,4549091.0,324882.0,63
201800020332,18,8,1,1900,1,1,1,1.0,2.0,63121,M,4561090.0,321582.0,63
201800020333,18,8,25,945,1,1,1,1.0,4.0,63054,M,4548646.0,324694.0,63
201800020334,18,8,25,1720,1,1,1,1.0,4.0,63242,M,4540310.0,327376.0,63
201800020335,18,12,21,1635,1,1,1,1.0,6.0,63091,M,4542815.0,327271.0,63
201800020336,18,12,21,1900,3,1,1,2.0,2.0,63052,M,4545485.0,326395.0,63
201800020337,18,10,26,1250,1,1,1,1.0,2.0,87014,M,4606480.0,136105.0,87
201800020338,18,1,1,1555,1,1,1,2.0,6.0,34114,M,4363087.0,358990.0,34
201800020339,18,1,7,1843,3,1,1,2.0,6.0,34064,M,4386962.0,331185.0,34
201800020340,18,1,2,1930,3,1,1,2.0,6.0,34142,M,4375374.0,332905.0,34
201800020341,18,1,20,2035,3,1,1,1.0,7.0,34123,M,4363263.0,376023.0,34
201800020342,18,2,4,1210,1,1,1,1.0,6.0,34114,M,4363033.0,359078.0,34
201800020343,18,2,21,1630,1,1,1,1.0,6.0,34254,M,4365756.0,346613.0,34
201800020344,18,2,15,220,3,1,1,2.0,5.0,34163,M,4363293.0,372802.0,34
201800020345,18,3,24,335,3,1,1,1.0,2.0,34163,M,4363037.0,371631.0,34
201800020346,18,4,9,1805,1,1,1,1.0,2.0,34123,M,4361684.0,379661.0,34
201800020347,18,4,29,1430,1,1,1,3.0,3.0,34282,M,4363287.0,373110.0,34
201800020348,18,7,11,940,1,1,1,1.0,6.0,34180,M,4359987.0,346210.0,34
201800020349,18,7,20,2045,2,1,1,2.0,6.0,34114,M,4363886.0,357881.0,34
201800020350,18,8,5,2145,3,1,9,1.0,6.0,34036,M,4367809.0,340779.0,34
201800020351,18,8,6,1430,1,1,1,1.0,6.0,34199,M,4345677.0,343166.0,34
201800020352,18,8,13,2030,3,1,1,1.0,5.0,34325,M,4341264.0,337587.0,34
201800020353,18,8,17,1530,1,1,1,6.0,7.0,34239,M,4365909.0,348539.0,34
201800020354,18,8,31,1000,1,1,1,1.0,6.0,34076,M,4365709.0,344576.0,34
201800020355,18,9,6,830,1,1,1,1.0,6.0,34253,M,4383846.0,331024.0,34
201800020356,18,9,9,30,3,1,1,1.0,6.0,34282,M,4362697.0,366614.0,34
201800020357,18,10,5,1140,1,1,1,1.0,6.0,34163,M,4363037.0,371631.0,34
201800020358,18,11,6,830,1,1,1,8.0,7.0,34114,M,4365091.0,354010.0,34
201800020359,18,11,8,955,1,1,1,1.0,6.0,34142,M,4370829.0,332762.0,34
201800020360,18,11,9,1450,1,1,1,2.0,6.0,34114,M,4363872.0,357889.0,34
201800020361,18,11,25,400,3,1,1,1.0,6.0,34163,M,4363037.0,371631.0,34
201800020362,18,11,19,2030,3,1,1,3.0,2.0,34035,M,4362491.0,364111.0,34
201800020363,18,11,26,2010,3,1,1,1.0,5.0,34123,M,4362887.0,378091.0,34
201800020364,18,11,29,1745,3,1,1,1.0,5.0,34035,M,4362529.0,364456.0,34
201800020365,18,11,29,1815,3,1,1,1.0,6.0,34036,M,4369400.0,334321.0,34
201800020366,18,12,16,730,3,1,1,2.0,6.0,34035,M,4362385.0,363225.0,34
201800020367,18,3,16,1454,1,1,1,4.0,2.0,48183,M,4465785.0,325587.0,48
201800020368,18,7,3,1155,1,1,1,1.0,2.0,48009,M,4472350.0,328174.0,48
201800020369,18,7,18,625,1,1,1,1.0,7.0,48005,M,4457523.0,324857.0,48
201800020370,18,8,5,1045,1,1,1,1.0,6.0,48009,M,4474566.0,328748.0,48
201800020371,18,1,16,900,1,1,1,4.0,6.0,08395,M,4970370.0,469705.0,08
201800020372,18,5,14,2230,3,1,1,2.0,2.0,08503,M,4967681.0,465858.0,08
201800020373,18,8,7,6,3,1,1,1.0,5.0,08402,M,4959331.0,449830.0,08
201800020374,18,5,5,1445,1,1,1,1.0,7.0,67418,M,4882550.0,800156.0,67
201800020375,18,5,26,200,3,1,1,1.0,1.0,67407,M,4874957.0,790372.0,67
201800020376,18,6,28,1500,1,1,6,1.0,7.0,67472,M,4882188.0,795906.0,67
201800020377,18,6,30,1345,1,2,2,1.0,3.0,67418,M,4882188.0,800637.0,67
201800020378,18,9,18,1220,1,2,3,1.0,1.0,67106,M,4876089.0,795166.0,67
201800020379,18,9,26,1520,1,2,1,1.0,6.0,67106,M,4876172.0,795139.0,67
201800020380,18,10,9,1345,1,1,1,1.0,2.0,67472,M,4883240.0,796295.0,67
201800020381,18,11,7,645,2,2,2,1.0,1.0,67405,M,4882744.0,803571.0,67
201800020382,18,11,27,1000,1,2,2,1.0,7.0,67106,M,4876171.0,795125.0,67
201800020383,18,12,2,1730,5,2,1,2.0,6.0,67472,M,4882984.0,796438.0,67
201800020384,18,12,12,1600,1,2,1,1.0,6.0,67106,M,4876023.0,795446.0,67
201800020385,18,3,15,1405,1,1,1,3.0,3.0,44023,M,4741178.0,-191388.0,44
201800020386,18,4,24,2040,2,1,1,1.0,7.0,44138,M,4751490.0,-163991.0,44
201800020387,18,5,11,1930,1,1,9,1.0,6.0,44113,M,4757787.0,-162936.0,44
201800020388,18,5,27,230,3,1,1,1.0,7.0,44209,M,4733156.0,-165251.0,44
201800020389,18,10,22,225,3,1,1,1.0,7.0,44149,M,4749200.0,-158157.0,44
201800020390,18,10,22,943,1,1,1,1.0,1.0,44015,M,4746135.0,-181294.0,44
201800020391,18,4,22,1020,1,1,1,1.0,7.0,44089,M,4734333.0,-184193.0,44
201800020392,18,5,14,1510,1,1,1,1.0,7.0,44129,M,4744286.0,-208025.0,44
201800020393,18,5,27,325,3,1,1,1.0,2.0,44195,M,4736932.0,-193596.0,44
201800020394,18,6,7,2130,2,1,1,1.0,4.0,44194,M,4726047.0,-169896.0,44
201800020395,18,6,8,1845,1,1,1,8.0,5.0,44152,M,4743694.0,-207294.0,44
201800020396,18,6,17,1415,1,1,1,1.0,2.0,44033,M,4736281.0,-195794.0,44
201800020397,18,6,20,1220,1,1,1,1.0,2.0,44089,M,4734489.0,-185802.0,44
201800020398,18,7,8,2020,1,1,1,1.0,4.0,44089,M,4734898.0,-187225.0,44
201800020399,18,7,23,1110,1,1,1,1.0,1.0,44052,M,4737630.0,-209694.0,44
201800020400,18,8,2,1530,1,1,1,1.0,6.0,44089,M,4734132.0,-187094.0,44
201800020401,18,8,30,1910,1,1,1,1.0,1.0,44196,M,4754562.0,-205966.0,44
201800020402,18,9,14,1520,1,1,1,1.0,3.0,44217,M,4730358.0,-175900.0,44
201800020403,18,10,12,1850,1,2,2,1.0,1.0,44137,M,4736354.0,-201120.0,44
201800020404,18,10,15,445,3,1,1,1.0,6.0,44052,M,4734845.0,-207161.0,44
201800020405,18,10,19,1745,1,1,1,1.0,6.0,44189,M,4745389.0,-213823.0,44
201800020406,18,11,24,250,3,1,1,2.0,6.0,44089,M,4734755.0,-186779.0,44
201800020407,18,11,24,1020,1,1,1,9.0,2.0,44052,M,4734118.0,-209998.0,44
201800020408,18,11,30,1205,1,1,9,1.0,4.0,44217,M,4730045.0,-175407.0,44
201800020409,18,11,30,2006,3,1,1,1.0,2.0,44210,M,4732124.0,-218953.0,44
201800020410,18,3,24,1950,3,1,1,1.0,1.0,85144,M,4686431.0,-112770.0,85
201800020411,18,4,6,1530,1,2,1,1.0,2.0,85215,M,4685546.0,-117538.0,85
201800020412,18,4,17,1830,1,1,2,1.0,3.0,85153,M,4677236.0,-102739.0,85
201800020413,18,6,25,835,1,1,1,1.0,1.0,85153,M,4675257.0,-109602.0,85
201800020414,18,6,25,745,1,1,3,1.0,3.0,85259,M,4681288.0,-98595.0,85
201800020415,18,7,3,755,1,1,1,1.0,1.0,85065,M,4690480.0,-123638.0,85
201800020416,18,7,22,1930,1,1,2,7.0,3.0,85065,M,4690127.0,-123093.0,85