Num_Acc,an,mois,jour,hrmn,lum,agg,int,atm,col,com,gps,lat,long,dep
201800020417,18,8,4,53,3,1,1,1.0,1.0,85153,M,4679500.0,-110354.0,85
201800020418,18,8,10,2015,1,1,1,1.0,5.0,85109,M,4684611.0,-102156.0,85
201800020419,18,8,19,2330,3,1,1,1.0,6.0,85065,M,4691451.0,-124206.0,85
201800020420,18,9,5,445,3,1,1,1.0,6.0,85065,M,4690480.0,-123638.0,85
201800020421,18,9,21,845,1,2,3,8.0,3.0,85109,M,4687389.0,-101936.0,85
201800020422,18,9,30,1045,1,2,1,1.0,6.0,85082,M,4688358.0,-89911.0,85
201800020423,18,11,11,1200,1,1,1,2.0,7.0,85064,M,4683073.0,-121084.0,85
201800020424,18,11,20,1840,5,2,1,1.0,6.0,85109,M,4686734.0,-102543.0,85
201800020425,18,11,22,2035,5,2,1,1.0,6.0,85082,M,4688120.0,-90558.0,85
201800020426,18,2,8,2220,3,1,1,1.0,2.0,14475,M,4911500.0,-58693.0,14
201800020427,18,3,24,1705,1,1,1,1.0,6.0,14188,M,4905040.0,-72129.0,14
201800020428,18,7,17,1610,1,1,1,1.0,4.0,14449,M,4910749.0,-60257.0,14
201800020429,18,9,2,1820,1,1,3,1.0,2.0,14752,M,4906729.0,-65872.0,14
201800020430,18,12,10,1255,1,1,1,1.0,2.0,14738,M,4916132.0,-45432.0,14
201800020431,18,12,15,810,2,1,1,9.0,6.0,14752,M,4907823.0,-64120.0,14
201800020432,18,2,10,620,3,1,1,1.0,6.0,50112,M,4876379.0,-127796.0,50
201800020433,18,4,23,1030,1,1,1,1.0,3.0,50185,M,4884946.0,-124020.0,50
201800020434,18,4,26,1145,1,1,1,1.0,6.0,50543,M,4864015.0,-134159.0,50
201800020435,18,5,6,1500,1,1,1,1.0,6.0,50025,M,4868962.0,-136859.0,50
201800020436,18,6,28,1620,1,1,1,1.0,6.0,50639,M,,,50
201800020437,18,8,29,842,1,1,2,1.0,3.0,50554,M,4868165.0,-132463.0,50
201800020438,18,9,4,1030,1,1,1,1.0,6.0,50448,M,4858426.0,-132843.0,50
201800020439,18,12,21,2350,3,1,1,1.0,2.0,50407,M,4862777.0,-133991.0,50
201800020440,18,1,19,920,1,1,1,1.0,6.0,50615,M,4951350.0,-147560.0,50
201800020441,18,2,8,1110,1,1,1,1.0,6.0,50458,M,4933734.0,-126565.0,50
201800020442,18,2,8,1713,1,1,4,1.0,2.0,50498,M,4953055.0,-152160.0,50
201800020443,18,2,15,930,1,1,1,1.0,2.0,50631,M,4930400.0,-115518.0,50
201800020444,18,3,29,2145,3,1,9,2.0,3.0,50498,M,4953014.0,-152549.0,50
201800020445,18,4,28,1325,1,1,1,2.0,3.0,50615,M,4951462.0,-149560.0,50
201800020446,18,5,9,1905,1,1,1,1.0,2.0,50099,M,4934702.0,-127534.0,50
201800020447,18,5,17,1022,1,2,4,1.0,6.0,50498,M,4953454.0,-153081.0,50
201800020448,18,6,9,150,3,1,1,1.0,7.0,50059,M,4937097.0,-129086.0,50
201800020449,18,7,17,730,1,1,1,1.0,6.0,50341,M,4948459.0,-139431.0,50
201800020450,18,9,3,825,1,1,1,1.0,6.0,50172,M,4946368.0,-135881.0,50
201800020451,18,9,18,2225,3,1,9,1.0,1.0,50373,M,4942401.0,-132925.0,50
201800020452,18,10,10,1640,1,1,9,1.0,6.0,50373,M,4942606.0,-133096.0,50
201800020453,18,11,2,1445,1,1,9,1.0,2.0,50461,M,4949301.0,-141030.0,50
201800020454,18,11,3,1800,3,1,1,1.0,6.0,50059,M,4937204.0,-128518.0,50
201800020455,18,12,1,230,3,1,1,8.0,6.0,50498,M,4952499.0,-150895.0,50
201800020456,18,2,23,1710,1,2,2,8.0,3.0,18279,M,4724393.0,208425.0,18
201800020457,18,3,18,105,5,2,1,1.0,6.0,18279,M,4723168.0,206007.0,18
201800020458,18,3,27,1740,1,2,3,2.0,3.0,18279,M,4724013.0,206082.0,18
201800020459,18,4,27,1400,1,2,3,1.0,3.0,18279,M,4722732.0,207591.0,18
201800020460,18,4,29,1335,1,2,4,2.0,1.0,18279,M,4722220.0,206172.0,18
201800020461,18,5,22,2250,5,2,1,1.0,2.0,18279,M,4722773.0,208467.0,18
201800020462,18,6,7,1340,1,2,2,1.0,3.0,18279,M,4723031.0,208706.0,18
201800020463,18,6,14,1330,1,2,1,1.0,7.0,18279,M,4723188.0,206124.0,18
201800020464,18,6,27,1205,1,2,3,1.0,4.0,18279,M,4721463.0,206449.0,18
201800020465,18,8,3,2035,2,2,6,1.0,2.0,18279,M,4724533.0,207615.0,18
201800020466,18,8,4,2024,1,2,1,1.0,6.0,18279,M,4722156.0,206774.0,18
201800020467,18,8,21,930,1,2,1,1.0,6.0,18279,M,,,18
201800020468,18,8,15,2015,1,2,1,7.0,3.0,18279,M,4721446.0,206949.0,18
201800020469,18,8,28,1710,1,1,1,1.0,7.0,18279,M,,,18
201800020470,18,9,12,1935,1,2,4,1.0,3.0,18279,M,4721876.0,209920.0,18
201800020471,18,10,9,1620,1,2,6,1.0,3.0,18279,M,4722000.0,206000.0,18
201800020472,18,11,9,1145,1,2,3,1.0,1.0,18279,M,4723427.0,204644.0,18
201800020473,18,11,18,1429,1,2,6,1.0,6.0,18279,M,4721429.0,211689.0,18
201800020474,18,11,28,1900,2,2,1,1.0,1.0,18279,M,4721039.0,209626.0,18
201800020475,18,12,13,815,2,2,2,1.0,3.0,18279,M,4722733.0,206416.0,18
201800020476,18,12,19,1810,5,2,1,1.0,6.0,18279,M,4721477.0,206040.0,18
201800020477,18,1,26,1800,3,1,1,1.0,1.0,44113,M,4758719.0,-160234.0,44
201800020478,18,3,17,840,1,1,1,2.0,7.0,44214,M,4751306.0,-173534.0,44
201800020479,18,4,6,1435,1,1,1,1.0,6.0,44138,M,4751658.0,-163732.0,44
201800020480,18,4,25,2140,3,1,1,1.0,6.0,44214,M,4754624.0,-169012.0,44
201800020481,18,8,6,1800,1,1,4,1.0,2.0,44138,M,4752810.0,-158884.0,44
201800020482,18,9,27,300,5,2,1,1.0,1.0,44001,M,4754984.0,-153205.0,44
201800020483,18,10,12,1220,1,1,1,1.0,1.0,44214,M,4755440.0,-170750.0,44
201800020484,18,10,25,20,3,2,1,5.0,1.0,44113,M,4757518.0,-161385.0,44
201800020485,18,12,8,830,2,2,3,2.0,3.0,44113,M,4756557.0,-163055.0,44
201800020486,18,1,8,1820,3,2,1,1.0,3.0,72058,M,4799046.0,24060.0,72
201800020487,18,2,9,1925,3,1,1,1.0,3.0,72058,M,4797166.0,25419.0,72
201800020488,18,3,27,700,2,1,1,9.0,6.0,72058,M,4796678.0,27495.0,72
201800020489,18,4,4,1555,1,1,1,1.0,5.0,72260,M,4795149.0,25669.0,72
201800020490,18,4,7,1420,1,1,9,2.0,1.0,72058,M,4799850.0,31761.0,72
201800020491,18,4,10,1818,1,1,1,1.0,1.0,72200,M,4790779.0,19120.0,72
201800020492,18,4,11,1643,1,2,1,1.0,6.0,72058,M,4796358.0,24415.0,72
201800020493,18,4,24,1945,1,1,1,1.0,3.0,72200,M,4789380.0,21881.0,72
201800020494,18,4,26,900,1,1,9,1.0,1.0,72287,M,4786519.0,19911.0,72
201800020495,18,4,28,1209,1,2,1,1.0,3.0,72124,M,4782440.0,26290.0,72
201800020496,18,5,3,735,1,1,1,1.0,6.0,72260,M,4794665.0,28780.0,72
201800020497,18,5,4,1738,1,1,1,1.0,1.0,72231,M,4789337.0,41106.0,72
201800020498,18,5,7,1504,1,2,1,1.0,6.0,72058,M,4797634.0,27524.0,72
201800020499,18,5,15,1130,1,1,1,1.0,2.0,72058,M,4798517.0,27563.0,72
201800020500,18,5,18,855,1,1,1,1.0,6.0,72200,M,4789280.0,20975.0,72
201800020501,18,5,20,1540,1,1,1,1.0,2.0,72058,M,4798517.0,27563.0,72
201800020502,18,5,20,2320,3,1,1,1.0,6.0,72231,M,4791696.0,37188.0,72
201800020503,18,6,15,1110,1,2,6,1.0,2.0,72058,M,4798105.0,27650.0,72
201800020504,18,7,7,2145,1,1,1,1.0,7.0,72350,M,4788275.0,29171.0,72
201800020505,18,7,22,606,2,1,1,1.0,6.0,72124,M,4780418.0,31265.0,72
201800020506,18,7,23,1430,1,1,1,1.0,1.0,72231,M,4794334.0,35963.0,72
201800020507,18,7,25,1525,1,2,1,7.0,5.0,72213,M,4790664.0,24457.0,72
201800020508,18,8,21,1815,1,2,1,1.0,6.0,72124,M,4782687.0,28197.0,72
201800020509,18,8,24,1020,1,1,1,1.0,2.0,72287,M,4787966.0,19131.0,72
201800020510,18,9,7,1155,1,1,1,1.0,3.0,72047,M,4790296.0,30967.0,72
201800020511,18,9,27,2100,3,1,1,1.0,3.0,72124,M,4785175.0,25535.0,72
201800020512,18,9,29,100,3,1,1,1.0,6.0,72187,M,4783489.0,34843.0,72
201800020513,18,11,8,1330,1,2,1,1.0,1.0,72299,M,4787140.0,32677.0,72
201800020514,18,11,29,2000,5,2,1,2.0,1.0,72008,M,4794432.0,19236.0,72
201800020515,18,11,29,1145,1,1,1,1.0,6.0,72299,M,4789451.0,34568.0,72
201800020516,18,12,4,930,1,1,1,1.0,5.0,72231,M,4795022.0,32990.0,72
201800020517,18,12,6,1600,1,1,1,1.0,1.0,72124,M,4784885.0,29281.0,72
201800020518,18,12,6,1840,5,2,6,2.0,2.0,72213,M,4791332.0,24368.0,72
201800020519,18,12,15,815,1,2,1,2.0,3.0,72124,M,4780943.0,28334.0,72
201800020520,18,12,27,1627,2,1,1,5.0,6.0,72231,M,4794902.0,35561.0,72
201800020521,18,12,28,1930,3,1,1,1.0,6.0,72047,M,4792599.0,32388.0,72
201800020522,18,12,29,1054,1,2,1,1.0,6.0,72008,M,4793196.0,18695.0,72
201800020523,18,3,30,1330,1,1,1,1.0,7.0,65332,M,4327162.0,13336.0,65
201800020524,18,4,18,1430,1,1,2,1.0,3.0,65375,M,4337288.0,15382.0,65
201800020525,18,6,27,1540,1,1,1,1.0,6.0,65409,M,4338553.0,10024.0,65
201800020526,18,7,3,1000,1,1,2,1.0,3.0,65375,M,4337287.0,15384.0,65
201800020527,18,7,4,1215,1,1,2,1.0,3.0,65369,M,4327445.0,17433.0,65
201800020528,18,9,22,1530,1,2,1,1.0,7.0,65324,M,4322915.0,23281.0,65
201800020529,18,12,14,1810,3,1,1,1.0,1.0,65161,M,4334707.0,13541.0,65
201800020530,18,3,29,1810,1,2,6,1.0,3.0,83019,M,4313883.0,635121.0,83
201800020531,18,4,26,1545,1,2,6,1.0,3.0,83019,M,4313883.0,635121.0,83
201800020532,18,6,3,510,2,2,1,1.0,3.0,83070,M,4314177.0,637271.0,83
201800020533,18,6,9,1350,1,2,1,1.0,6.0,83070,M,4313229.0,636494.0,83
201800020534,18,7,7,2240,5,2,1,1.0,6.0,83019,M,4314343.0,635185.0,83
201800020535,18,7,21,1420,1,2,1,1.0,7.0,83019,M,4314876.0,634359.0,83
201800020536,18,7,26,845,1,2,1,1.0,6.0,83070,M,4314479.0,638319.0,83
201800020537,18,7,28,1220,1,2,1,1.0,6.0,83019,M,4312424.0,636088.0,83
201800020538,18,7,24,1600,1,1,1,1.0,7.0,83019,M,4314621.0,631717.0,83
201800020539,18,8,7,1615,1,1,1,1.0,5.0,83019,M,4314961.0,631732.0,83
201800020540,18,8,2,1150,1,1,1,1.0,5.0,83019,M,4314751.0,631988.0,83
201800020541,18,8,12,1630,1,2,1,1.0,6.0,83070,M,4313808.0,637720.0,83
201800020542,18,8,16,2216,5,1,1,1.0,5.0,83070,M,4314964.0,641616.0,83
201800020543,18,8,19,1710,1,2,6,1.0,3.0,83019,M,4313907.0,635099.0,83
201800020544,18,8,20,1300,1,1,1,1.0,1.0,83019,M,4318106.0,634567.0,83
201800020545,18,8,25,1850,1,1,1,1.0,3.0,83019,M,4314621.0,631717.0,83
201800020546,18,9,12,1255,1,1,1,1.0,6.0,83019,M,4317840.0,633595.0,83
201800020547,18,10,6,1010,1,1,1,1.0,3.0,83070,M,4314485.0,638484.0,83
201800020548,18,10,26,1925,5,2,1,1.0,7.0,83019,M,4314880.0,634369.0,83
201800020549,18,12,9,1130,1,1,1,1.0,7.0,83019,M,4316014.0,632020.0,83
201800020550,18,7,26,1755,1,1,1,1.0,6.0,60479,M,4919750.0,284550.0,60
201800020551,18,9,24,1515,1,1,3,1.0,3.0,60203,M,4923526.0,285248.0,60
201800020552,18,10,17,520,3,1,1,1.0,1.0,60176,M,4923387.0,293412.0,60
201800020553,18,11,26,1830,5,2,1,2.0,6.0,60430,M,4929968.0,292089.0,60
201800020554,18,12,21,740,5,2,1,2.0,6.0,60380,M,4913235.0,307607.0,60
201800020555,18,9,8,1333,1,2,1,1.0,1.0,80377,M,5014580.0,232088.0,80
201800020556,18,1,7,235,4,2,3,1.0,7.0,19031,M,4515518.0,155396.0,19
201800020557,18,1,9,930,1,2,6,1.0,2.0,19031,M,4516612.0,154147.0,19
201800020558,18,1,13,1715,1,2,3,1.0,3.0,19031,M,4515164.0,150203.0,19
201800020559,18,1,17,1230,1,2,1,1.0,2.0,19031,M,4515955.0,153393.0,19
201800020560,18,1,17,1835,2,2,1,1.0,6.0,19031,M,4514944.0,148203.0,19
201800020561,18,1,17,1935,3,1,1,1.0,6.0,19031,M,4513516.0,147676.0,19
201800020562,18,1,25,1200,1,2,2,1.0,6.0,19031,M,4515744.0,152380.0,19
201800020563,18,1,30,1750,2,2,3,1.0,3.0,19031,M,4516544.0,153697.0,19
201800020564,18,2,8,1620,1,2,1,1.0,6.0,19031,M,4515241.0,153385.0,19
201800020565,18,2,19,1650,1,2,2,1.0,3.0,19031,M,4516494.0,150243.0,19
201800020566,18,3,2,1400,1,2,1,1.0,2.0,19031,M,4515367.0,153890.0,19
201800020567,18,3,2,1920,3,2,2,1.0,3.0,19031,M,4516148.0,154087.0,19
201800020568,18,3,8,315,5,2,1,1.0,6.0,19031,M,4516172.0,151496.0,19
201800020569,18,3,10,1430,1,2,3,1.0,3.0,19031,M,4514990.0,148156.0,19
201800020570,18,3,10,1510,1,2,1,2.0,6.0,19031,M,4515681.0,153082.0,19
201800020571,18,3,14,230,5,2,6,1.0,6.0,19031,M,4516192.0,148661.0,19
201800020572,18,3,16,1600,1,2,3,1.0,3.0,19031,M,4516131.0,150312.0,19
201800020573,18,3,28,1045,1,2,6,2.0,3.0,19031,M,4515955.0,153393.0,19
201800020574,18,3,31,1745,1,2,1,2.0,6.0,19031,M,4515815.0,155673.0,19
201800020575,18,4,1,2015,2,2,4,1.0,2.0,19031,M,4516244.0,153254.0,19
201800020576,18,4,8,2145,5,2,3,2.0,3.0,19031,M,4516317.0,153753.0,19
201800020577,18,4,9,950,1,2,1,1.0,2.0,19031,M,4515565.0,151713.0,19
201800020578,18,4,12,1430,1,2,1,1.0,2.0,19031,M,4516473.0,152904.0,19
201800020579,18,4,12,1830,1,2,1,1.0,2.0,19031,M,4514622.0,148179.0,19
201800020580,18,4,19,1920,1,2,1,1.0,3.0,19031,M,4515941.0,153090.0,19
201800020581,18,4,22,620,5,2,1,1.0,6.0,19031,M,4516007.0,152324.0,19
201800020582,18,4,21,1205,1,2,6,1.0,3.0,19031,M,4515649.0,150419.0,19
201800020583,18,4,23,1040,1,2,6,1.0,6.0,19031,M,4515235.0,150527.0,19
201800020584,18,4,23,1730,1,2,1,1.0,3.0,19031,M,4515335.0,153639.0,19
201800020585,18,4,24,1835,1,2,3,1.0,2.0,19031,M,4515799.0,155543.0,19
201800020586,18,4,25,1230,1,2,3,1.0,3.0,19031,M,4515990.0,152518.0,19
201800020587,18,5,1,945,1,2,3,1.0,2.0,19031,M,4515304.0,151907.0,19
201800020588,18,5,4,1305,1,2,1,1.0,2.0,19031,M,4514940.0,148206.0,19
201800020589,18,5,5,2110,2,2,2,1.0,3.0,19031,M,4516057.0,150327.0,19
201800020590,18,5,8,1710,1,2,2,1.0,3.0,19031,M,4516073.0,154367.0,19
201800020591,18,5,12,1220,1,2,1,1.0,3.0,19031,M,4515768.0,152996.0,19
201800020592,18,5,14,1800,1,2,1,2.0,5.0,19031,M,4515221.0,150426.0,19
201800020593,18,5,17,1710,1,2,1,1.0,6.0,19031,M,4514712.0,148526.0,19
201800020594,18,5,18,1100,1,2,3,1.0,3.0,19031,M,4515799.0,155451.0,19
201800020595,18,5,19,850,1,2,1,1.0,3.0,19031,M,4516303.0,154815.0,19
201800020596,18,5,20,1120,1,2,2,1.0,3.0,19031,M,4515742.0,152376.0,19
201800020597,18,5,29,1745,1,2,3,1.0,3.0,19031,M,4516130.0,150312.0,19
201800020598,18,6,6,1625,1,2,1,1.0,6.0,19031,M,4515280.0,150649.0,19
201800020599,18,6,8,1625,1,2,3,1.0,3.0,19031,M,4515790.0,155184.0,19
201800020600,18,6,15,1515,1,2,1,1.0,4.0,19031,M,4515275.0,150623.0,19
201800020601,18,6,19,1215,1,2,3,1.0,3.0,19031,M,4514984.0,149531.0,19
201800020602,18,6,20,1425,1,2,2,1.0,6.0,19031,M,4516338.0,155057.0,19
201800020603,18,6,24,315,3,2,1,1.0,7.0,19031,M,4513674.0,148090.0,19
201800020604,18,6,26,1710,1,2,1,1.0,2.0,19031,M,4515710.0,153555.0,19
201800020605,18,6,29,2230,5,2,1,1.0,7.0,19031,M,4516251.0,152322.0,19
201800020606,18,6,30,935,1,2,1,1.0,1.0,19031,M,4515471.0,152867.0,19
201800020607,18,7,3,1930,1,2,3,1.0,3.0,19031,M,4515670.0,151141.0,19
201800020608,18,7,8,2150,2,2,2,1.0,3.0,19031,M,4516065.0,152313.0,19
201800020609,18,7,22,45,5,2,3,1.0,3.0,19031,M,4516550.0,152128.0,19
201800020610,18,7,23,1750,1,2,3,1.0,3.0,19031,M,4513941.0,147361.0,19
201800020611,18,7,31,1140,1,2,1,1.0,6.0,19031,M,4516039.0,153356.0,19
201800020612,18,8,3,855,1,2,3,1.0,3.0,19031,M,4515715.0,152268.0,19
201800020613,18,8,3,1230,1,2,9,1.0,3.0,19031,M,4514735.0,148252.0,19
201800020614,18,8,8,1520,1,2,2,1.0,3.0,19031,M,4515742.0,152379.0,19
201800020615,18,9,15,1255,1,2,1,1.0,1.0,19031,M,4518191.0,154235.0,19
201800020616,18,9,15,1655,1,2,1,1.0,2.0,19031,M,4516495.0,154108.0,19
201800020617,18,9,16,910,1,2,1,1.0,6.0,19031,M,4516992.0,152360.0,19
201800020618,18,9,17,1810,1,2,1,1.0,5.0,19031,M,4515796.0,155356.0,19
201800020619,18,9,20,1235,1,2,2,1.0,2.0,19031,M,4515488.0,155329.0,19
201800020620,18,9,20,1900,1,2,3,1.0,3.0,19031,M,4515794.0,155468.0,19
201800020621,18,9,21,640,2,2,6,1.0,3.0,19031,M,4516501.0,153180.0,19
201800020622,18,9,27,1310,1,2,3,1.0,3.0,19031,M,4516137.0,152301.0,19
201800020623,18,10,2,1530,1,2,1,1.0,6.0,19031,M,4516000.0,154623.0,19
201800020624,18,10,2,1820,1,2,3,1.0,3.0,19031,M,4516532.0,153527.0,19
201800020625,18,10,5,1725,1,2,1,1.0,4.0,19031,M,4514554.0,147915.0,19
201800020626,18,10,5,2005,2,2,1,1.0,6.0,19031,M,4515979.0,154511.0,19
201800020627,18,10,6,1740,1,2,1,1.0,6.0,19031,M,4515282.0,150503.0,19
201800020628,18,10,14,1810,1,2,1,1.0,2.0,19031,M,4516773.0,155231.0,19
201800020629,18,10,18,1205,1,2,2,1.0,3.0,19031,M,4515434.0,151221.0,19
201800020630,18,10,19,1600,1,2,3,1.0,4.0,19031,M,4515602.0,147831.0,19
201800020631,18,10,30,1625,1,2,1,1.0,3.0,19031,M,4516114.0,152306.0,19
201800020632,18,11,14,955,1,2,1,1.0,6.0,19031,M,4516806.0,151669.0,19
201800020633,18,11,17,1420,1,2,2,1.0,3.0,19031,M,4516196.0,153108.0,19
201800020634,18,11,19,1905,5,2,1,1.0,4.0,19031,M,4515325.0,153378.0,19
201800020635,18,11,20,1825,2,2,1,1.0,2.0,19031,M,4514794.0,148811.0,19
201800020636,18,11,21,745,2,2,3,1.0,6.0,19031,M,4516167.0,151828.0,19
201800020637,18,11,22,1610,1,2,1,1.0,1.0,19031,M,4515695.0,150566.0,19
201800020638,18,11,25,1820,1,2,1,1.0,6.0,19031,M,4516352.0,153231.0,19
201800020639,18,12,3,1340,1,2,3,3.0,6.0,19031,M,4515879.0,152352.0,19
201800020640,18,12,3,1900,5,2,2,2.0,2.0,19031,M,4515321.0,153435.0,19
201800020641,18,12,7,1410,1,2,3,1.0,3.0,19031,M,4515951.0,153926.0,19
201800020642,18,12,13,2025,5,2,6,1.0,1.0,19031,M,4516244.0,153792.0,19
201800020643,18,12,20,1405,1,2,3,2.0,3.0,19031,M,4516131.0,150314.0,19
201800020644,18,12,21,850,1,2,2,3.0,1.0,19031,M,4516306.0,154056.0,19
201800020645,18,2,18,1030,1,1,1,7.0,3.0,59641,M,5097616.0,250985.0,59
201800020646,18,4,18,1445,1,1,9,1.0,2.0,59668,M,5105660.0,248726.0,59
201800020647,18,7,26,2020,1,1,2,1.0,1.0,59260,M,5101987.0,256802.0,59
201800020648,18,8,25,1850,1,2,1,1.0,7.0,59668,M,,,59
201800020649,18,9,17,1024,1,1,1,1.0,7.0,59260,M,5100344.0,255177.0,59
201800020650,18,10,10,739,2,1,2,1.0,3.0,59668,M,5105904.0,249475.0,59
201800020651,18,10,10,1207,1,2,2,1.0,3.0,59107,M,5106711.0,251774.0,59
201800020652,18,1,22,1615,1,2,1,2.0,7.0,19272,M,4525383.0,176003.0,19
201800020653,18,1,30,1250,1,1,1,8.0,6.0,19272,M,4528872.0,180365.0,19
201800020654,18,3,5,1400,1,2,1,1.0,2.0,19272,M,4526415.0,176290.0,19
201800020655,18,4,21,155,5,2,1,1.0,6.0,19272,M,4525731.0,175292.0,19
201800020656,18,4,23,740,1,2,1,1.0,6.0,19272,M,4525881.0,175735.0,19
201800020657,18,6,17,642,2,1,1,1.0,7.0,19272,M,4528341.0,179108.0,19
201800020658,18,8,29,1750,1,1,1,1.0,7.0,19272,M,4527364.0,178668.0,19
201800020659,18,9,18,2045,5,2,1,1.0,6.0,19272,M,4527033.0,177573.0,19
201800020660,18,9,29,1435,1,2,1,1.0,1.0,19272,M,4527011.0,177411.0,19
201800020661,18,11,16,1500,1,2,4,1.0,1.0,19272,M,4526336.0,177026.0,19
201800020662,18,12,21,1740,5,2,1,2.0,6.0,19272,M,4525793.0,175290.0,19
201800020663,18,11,7,1215,1,1,1,2.0,6.0,19272,M,4526137.0,178908.0,19
201800020664,18,2,1,1039,1,2,3,3.0,6.0,19275,M,4554507.0,230885.0,19
201800020665,18,1,31,642,1,2,1,2.0,1.0,19275,M,4554508.0,230359.0,19
201800020666,18,3,7,1600,1,1,1,3.0,2.0,19275,M,4551986.0,230536.0,19
201800020667,18,3,8,1715,1,2,1,8.0,6.0,19275,M,4554861.0,230822.0,19
201800020668,18,4,5,740,1,2,3,2.0,6.0,19275,M,4554277.0,230148.0,19
201800020669,18,4,18,940,1,2,1,1.0,7.0,19275,M,4555400.0,231526.0,19
201800020670,18,4,27,1540,1,2,1,1.0,6.0,19275,M,4554388.0,230252.0,19
201800020671,18,5,30,735,1,2,2,8.0,6.0,19275,M,4554664.0,231644.0,19
201800020672,18,6,15,1330,1,2,1,1.0,7.0,19275,M,4555372.0,231315.0,19
201800020673,18,6,16,1135,1,2,9,1.0,6.0,19275,M,4554293.0,230157.0,19
201800020674,18,6,23,1335,1,2,3,1.0,3.0,19275,M,4554695.0,230941.0,19
201800020675,18,6,28,1425,1,2,1,1.0,3.0,19275,M,4554225.0,229788.0,19
201800020676,18,10,16,1017,1,2,1,7.0,6.0,19275,M,4554178.0,230044.0,19
201800020677,18,11,16,1550,1,2,1,1.0,1.0,19275,M,4555634.0,232117.0,19
201800020678,18,12,12,1800,5,2,2,2.0,5.0,19275,M,4555156.0,231514.0,19
201800020679,18,12,22,425,5,1,1,2.0,6.0,19275,M,4556698.0,229864.0,19
201800020680,18,1,4,1755,5,2,2,2.0,3.0,21054,M,4706766.0,490935.0,21
201800020681,18,1,20,1925,5,2,1,3.0,2.0,21054,M,4703074.0,484186.0,21
201800020682,18,1,25,800,2,2,1,1.0,6.0,21054,M,4702249.0,484758.0,21
201800020683,18,3,5,1635,1,2,1,1.0,5.0,21054,M,4703775.0,484168.0,21
201800020684,18,4,8,2110,5,2,9,1.0,7.0,21054,M,4702799.0,481966.0,21
201800020685,18,6,9,830,1,2,3,1.0,3.0,21054,M,4702009.0,483936.0,21
201800020686,18,6,11,1405,1,2,1,1.0,3.0,21054,M,4702242.0,484348.0,21
201800020687,18,6,19,1050,1,2,1,1.0,6.0,21054,M,4701734.0,482419.0,21
201800020688,18,6,26,1140,1,2,1,1.0,4.0,21054,M,4702543.0,483386.0,21
201800020689,18,7,21,1535,1,2,3,1.0,3.0,21054,M,4701835.0,486366.0,21
201800020690,18,9,21,800,1,2,9,1.0,4.0,21054,M,4704037.0,484824.0,21
201800020691,18,10,30,1630,1,2,3,8.0,3.0,21054,M,4701800.0,486300.0,21
201800020692,18,11,9,1500,1,2,1,1.0,6.0,21054,M,4701000.0,484000.0,21
201800020693,18,1,5,1157,1,2,3,2.0,3.0,21231,M,4718588.0,515052.0,21
201800020694,18,1,6,1427,1,2,3,1.0,3.0,21231,M,4720786.0,534927.0,21
201800020695,18,1,9,710,5,2,1,1.0,6.0,21231,M,4718331.0,525405.0,21
201800020696,18,1,10,740,5,2,3,8.0,3.0,21231,M,4719282.0,513817.0,21
201800020697,18,1,11,755,5,2,1,1.0,6.0,21231,M,4718467.0,544870.0,21
201800020698,18,1,12,1825,5,2,3,1.0,6.0,21231,M,4731322.0,508077.0,21
201800020699,18,1,13,1530,1,2,4,1.0,3.0,21231,M,4719593.0,535252.0,21
201800020700,18,1,24,750,5,2,1,1.0,3.0,21231,M,4731543.0,504263.0,21
201800020701,18,1,25,1514,1,2,1,1.0,2.0,21617,M,4720265.0,501633.0,21
201800020702,18,2,19,1320,1,2,2,1.0,3.0,21231,M,4719114.0,522630.0,21
201800020703,18,2,26,840,1,2,2,7.0,3.0,21231,M,4718370.0,533598.0,21
201800020704,18,2,27,1125,1,2,2,7.0,6.0,21231,M,4719436.0,535502.0,21
201800020705,18,2,27,1725,1,2,3,1.0,6.0,21231,M,4720023.0,513802.0,21
201800020706,18,3,1,1144,1,2,2,4.0,3.0,21231,M,4719381.0,535434.0,21
201800020707,18,3,10,1110,1,2,3,2.0,3.0,21231,M,4720265.0,524104.0,21
201800020708,18,3,12,815,1,2,2,1.0,6.0,21231,M,4720314.0,524150.0,21
201800020709,18,3,16,1945,5,2,7,2.0,6.0,21231,M,4718279.0,532328.0,21
201800020710,18,3,22,600,5,2,2,1.0,3.0,21278,M,4734087.0,501796.0,21
201800020711,18,3,24,1445,1,2,2,1.0,6.0,21231,M,4719240.0,515813.0,21
201800020712,18,3,31,1906,1,2,2,1.0,6.0,21231,M,4719188.0,535520.0,21
201800020713,18,4,5,910,1,1,6,8.0,3.0,21355,M,4716235.0,522321.0,21
201800020714,18,4,12,515,3,1,1,1.0,2.0,21231,M,4717477.0,545587.0,21
201800020715,18,4,21,1350,1,2,2,1.0,3.0,21231,M,4731720.0,506256.0,21
201800020716,18,4,24,1450,1,2,1,1.0,2.0,21166,M,4717678.0,501705.0,21
201800020717,18,4,30,1200,1,2,2,1.0,3.0,21166,M,4717465.0,502715.0,21
201800020718,18,5,3,1325,1,2,1,1.0,6.0,21231,M,4732708.0,505022.0,21
201800020719,18,5,14,1010,1,2,1,2.0,2.0,21231,M,4729797.0,505309.0,21
201800020720,18,5,15,1820,1,2,1,1.0,6.0,21231,M,4730133.0,505699.0,21
201800020721,18,5,24,1700,1,2,1,1.0,6.0,21231,M,4735160.0,503904.0,21