Num_Acc,an,mois,jour,hrmn,lum,agg,int,atm,col,com,gps,lat,long,dep
201800020722,18,5,25,740,1,2,3,1.0,3.0,21231,M,4732156.0,505650.0,21
201800020723,18,6,5,1449,1,2,2,1.0,3.0,21231,M,4732787.0,503349.0,21
201800020724,18,6,12,940,1,2,7,1.0,6.0,21231,M,4732322.0,503708.0,21
201800020725,18,6,13,2230,5,2,1,1.0,6.0,21617,M,4733899.0,499564.0,21
201800020726,18,6,18,1515,1,2,2,1.0,3.0,21231,M,4731355.0,506201.0,21
201800020727,18,7,6,1718,1,2,3,1.0,3.0,21166,M,4729474.0,500364.0,21
201800020728,18,7,11,1800,1,2,6,1.0,3.0,21231,M,4719424.0,541338.0,21
201800020729,18,7,16,725,1,2,3,7.0,6.0,21231,M,4731514.0,502359.0,21
201800020730,18,8,17,1600,1,2,1,1.0,6.0,21231,M,4732320.0,503427.0,21
201800020731,18,8,19,1900,1,2,2,1.0,3.0,21617,M,4733678.0,501223.0,21
201800020732,18,8,21,1845,1,2,6,1.0,6.0,21231,M,4736591.0,504979.0,21
201800020733,18,9,7,1950,2,2,5,1.0,6.0,21231,M,4733626.0,505604.0,21
201800020734,18,9,10,730,1,2,1,1.0,6.0,21231,M,4732331.0,502935.0,21
201800020735,18,9,11,1530,1,2,3,1.0,6.0,21231,M,4732252.0,502557.0,21
201800020736,18,9,13,1430,1,2,1,1.0,6.0,21231,M,4731615.0,507200.0,21
201800020737,18,9,17,1850,1,2,1,1.0,6.0,21231,M,4732106.0,505122.0,21
201800020738,18,9,18,800,1,2,6,1.0,3.0,21278,M,4720216.0,515230.0,21
201800020739,18,9,21,125,5,2,2,1.0,3.0,21231,M,4730879.0,503362.0,21
201800020740,18,9,22,210,5,2,9,1.0,6.0,21231,M,4733640.0,505894.0,21
201800020741,18,10,8,1910,5,2,3,1.0,3.0,21231,M,4730323.0,501981.0,21
201800020742,18,10,15,1555,1,2,2,1.0,3.0,21231,M,4731477.0,508232.0,21
201800020743,18,10,19,1430,1,2,2,1.0,3.0,21231,M,4731342.0,507627.0,21
201800020744,18,11,9,1250,1,2,3,1.0,6.0,21231,M,4731531.0,506426.0,21
201800020745,18,11,27,1650,2,1,1,1.0,2.0,21231,M,4730262.0,507588.0,21
201800020746,18,11,30,750,3,2,1,3.0,3.0,21231,M,4734732.0,503509.0,21
201800020747,18,12,5,1150,1,2,3,1.0,6.0,21355,M,4717152.0,534311.0,21
201800020748,18,12,14,1340,1,2,1,1.0,2.0,21278,M,4733873.0,502518.0,21
201800020749,18,12,22,945,1,2,1,1.0,3.0,21231,M,4730717.0,502298.0,21
201800020750,18,12,22,1820,2,2,1,1.0,6.0,21617,M,4734202.0,500172.0,21
201800020751,18,1,6,1615,1,1,1,1.0,7.0,42210,M,4546144.0,463748.0,42
201800020752,18,5,20,1545,1,1,1,1.0,1.0,42308,M,4546313.0,463763.0,42
201800020753,18,7,1,825,1,2,1,1.0,6.0,42032,M,4551820.0,454363.0,42
201800020754,18,7,18,1720,1,1,1,7.0,2.0,42032,M,4550538.0,453868.0,42
201800020755,18,9,23,1215,1,2,1,1.0,1.0,42242,M,4556906.0,461106.0,42
201800020756,18,1,19,845,1,2,1,3.0,6.0,22113,M,4872606.0,-344982.0,22
201800020757,18,1,16,845,2,2,1,8.0,7.0,22113,M,4872662.0,-346416.0,22
201800020758,18,11,14,745,5,2,1,1.0,6.0,22113,M,4873287.0,-344451.0,22
201800020759,18,3,7,1435,1,2,1,1.0,3.0,22113,M,4873407.0,-344430.0,22
201800020760,18,2,16,1545,1,2,9,1.0,3.0,22113,M,4872859.0,-346177.0,22
201800020761,18,3,18,2155,5,2,1,1.0,3.0,22113,M,4872677.0,-346000.0,22
201800020762,18,4,13,920,1,2,1,1.0,7.0,22113,M,4873726.0,-345611.0,22
201800020763,18,4,21,1650,1,2,3,8.0,3.0,22113,M,4876159.0,-347109.0,22
201800020764,18,5,7,1210,1,2,6,1.0,3.0,22113,M,4874643.0,-346667.0,22
201800020765,18,5,14,2000,1,2,1,1.0,6.0,22113,M,4873058.0,-345539.0,22
201800020766,18,5,29,2045,2,1,1,1.0,7.0,22113,M,4872123.0,-342208.0,22
201800020767,18,6,26,1710,1,2,1,1.0,4.0,22113,M,4874479.0,-345336.0,22
201800020768,18,7,16,1649,1,2,6,1.0,3.0,22113,M,4872994.0,-344626.0,22
201800020769,18,7,23,845,1,2,1,1.0,6.0,22113,M,4873172.0,-345362.0,22
201800020770,18,7,26,2050,1,1,1,1.0,1.0,22113,M,4876301.0,-347912.0,22
201800020771,18,8,9,1739,1,1,1,1.0,3.0,22113,M,4875193.0,-349869.0,22
201800020772,18,8,23,2050,1,2,1,1.0,7.0,22113,M,4875136.0,-345282.0,22
201800020773,18,9,13,2145,5,1,1,1.0,7.0,22113,M,4874215.0,-345578.0,22
201800020774,18,9,14,2230,5,2,1,1.0,6.0,22113,M,4874281.0,-346290.0,22
201800020775,18,10,10,105,5,2,6,5.0,6.0,22113,M,4872175.0,-348168.0,22
201800020776,18,10,13,1633,1,2,2,1.0,3.0,22113,M,4874975.0,-345175.0,22
201800020777,18,10,14,2200,3,2,1,2.0,1.0,22113,M,4874642.0,-346127.0,22
201800020778,18,10,15,1430,1,1,3,1.0,3.0,22113,M,4875248.0,-351043.0,22
201800020779,18,11,16,1655,1,2,3,1.0,1.0,22113,M,4875242.0,-345518.0,22
201800020780,18,11,21,1155,1,1,2,2.0,3.0,22113,M,4875095.0,-341868.0,22
201800020781,18,12,4,815,2,2,9,1.0,3.0,22113,M,4872711.0,-345685.0,22
201800020782,18,12,4,810,2,1,1,2.0,6.0,22113,M,4875797.0,-345417.0,22
201800020783,18,12,24,2120,3,2,1,1.0,6.0,22278,M,4850814.0,-276699.0,22
201800020784,18,12,23,1430,1,2,3,1.0,3.0,22360,M,4849140.0,-272579.0,22
201800020785,18,1,7,2330,5,2,1,1.0,6.0,22278,M,4850950.0,-277810.0,22
201800020786,18,1,19,935,1,2,1,2.0,3.0,22360,M,4849142.0,-272586.0,22
201800020787,18,1,20,615,4,2,1,2.0,5.0,22278,M,4850182.0,-275936.0,22
201800020788,18,1,21,240,3,1,1,1.0,7.0,22215,M,4852498.0,-282396.0,22
201800020789,18,1,14,1145,1,2,1,1.0,6.0,22106,M,4849450.0,-271436.0,22
201800020790,18,1,24,1830,3,1,1,3.0,1.0,22215,M,4848955.0,-282005.0,22
201800020791,18,2,1,1930,3,1,1,2.0,5.0,22187,M,4854485.0,-277268.0,22
201800020792,18,1,24,900,1,2,1,1.0,6.0,22278,M,4851064.0,-275934.0,22
201800020793,18,2,5,1530,1,2,1,1.0,2.0,22278,M,4851220.0,-275407.0,22
201800020794,18,1,31,1120,1,2,6,1.0,2.0,22278,M,4851412.0,-274228.0,22
201800020795,18,2,3,1035,1,2,1,1.0,6.0,22187,M,4854183.0,-272728.0,22
201800020796,18,1,12,850,1,2,3,1.0,3.0,22187,M,4852536.0,-274529.0,22
201800020797,18,1,22,1250,1,2,1,1.0,6.0,22215,M,4846164.0,-281150.0,22
201800020798,18,1,13,1735,2,1,1,1.0,7.0,22215,M,4849687.0,-276863.0,22
201800020799,18,2,17,2040,5,1,1,1.0,4.0,22360,M,4849260.0,-276251.0,22
201800020800,18,2,11,1035,1,2,1,1.0,6.0,22278,M,4852046.0,-276143.0,22
201800020801,18,2,17,1210,1,2,1,1.0,2.0,22278,M,4851796.0,-278064.0,22
201800020802,18,2,17,1905,2,2,1,1.0,3.0,22360,M,4849227.0,-272701.0,22
201800020803,18,2,9,2105,4,1,6,9.0,7.0,22278,M,4850572.0,-273315.0,22
201800020804,18,3,11,1830,2,2,1,3.0,2.0,22278,M,4849966.0,-275063.0,22
201800020805,18,3,6,854,1,2,6,1.0,6.0,22278,M,4850881.0,-277141.0,22
201800020806,18,3,9,2115,3,2,1,1.0,1.0,22278,M,4850213.0,-275996.0,22
201800020807,18,2,28,1130,1,2,1,1.0,2.0,22215,M,4849724.0,-277335.0,22
201800020808,18,3,14,900,1,1,1,1.0,6.0,22360,M,4847769.0,-276837.0,22
201800020809,18,3,13,825,1,2,6,9.0,3.0,22215,M,4848798.0,-279468.0,22
201800020810,18,1,26,2225,4,1,1,1.0,6.0,22187,M,4853024.0,-274451.0,22
201800020811,18,2,28,1920,5,2,3,1.0,5.0,22215,M,4848585.0,-278926.0,22
201800020812,18,3,18,1410,1,2,1,1.0,6.0,22278,M,4851386.0,-278012.0,22
201800020813,18,2,13,756,5,2,6,3.0,6.0,22278,M,4849817.0,-275173.0,22
201800020814,18,3,11,1245,1,2,1,2.0,1.0,22278,M,4851764.0,-276623.0,22
201800020815,18,3,25,450,5,2,1,1.0,6.0,22278,M,4851703.0,-276527.0,22
201800020816,18,3,6,1615,1,2,7,3.0,6.0,22187,M,4853544.0,-276997.0,22
201800020817,18,3,22,1620,1,2,1,1.0,2.0,22278,M,4851193.0,-278175.0,22
201800020818,18,3,31,1010,1,2,6,1.0,6.0,22278,M,4851121.0,-276188.0,22
201800020819,18,3,24,2135,4,2,2,2.0,1.0,22278,M,4850327.0,-275382.0,22
201800020820,18,4,6,1810,1,2,1,1.0,4.0,22278,M,4850307.0,-273047.0,22
201800020821,18,3,5,1130,1,2,1,1.0,2.0,22278,M,4849878.0,-277165.0,22
201800020822,18,4,13,1705,1,1,1,2.0,2.0,22215,M,4847040.0,-280320.0,22
201800020823,18,1,22,1148,1,2,1,1.0,2.0,22278,M,4850448.0,-273499.0,22
201800020824,18,4,20,1215,1,1,1,1.0,4.0,22106,M,4848302.0,-269670.0,22
201800020825,18,4,21,1345,1,2,6,1.0,3.0,22278,M,4850385.0,-274069.0,22
201800020826,18,4,24,835,1,1,1,1.0,7.0,22187,M,4852891.0,-277234.0,22
201800020827,18,4,25,745,1,2,2,1.0,3.0,22278,M,4851308.0,-278046.0,22
201800020828,18,5,2,955,1,1,1,2.0,7.0,22278,M,4850984.0,-273933.0,22
201800020829,18,5,4,125,3,2,1,1.0,3.0,22278,M,4851224.0,-276697.0,22
201800020830,18,5,5,1400,1,2,1,1.0,6.0,22278,M,4850793.0,-276426.0,22
201800020831,18,5,4,1855,1,2,2,1.0,3.0,22278,M,4850015.0,-275122.0,22
201800020832,18,5,13,1850,1,1,1,1.0,1.0,22187,M,4855594.0,-273921.0,22
201800020833,18,5,16,1145,1,2,6,1.0,3.0,22278,M,4849323.0,-276160.0,22
201800020834,18,5,17,530,3,2,1,1.0,7.0,22106,M,4829380.0,-242430.0,22
201800020835,18,5,22,1705,1,2,1,1.0,6.0,22278,M,4850697.0,-278354.0,22
201800020836,18,3,16,715,2,2,1,1.0,6.0,22187,M,4853431.0,-276596.0,22
201800020837,18,5,28,1320,1,2,1,1.0,3.0,22278,M,4851405.0,-274271.0,22
201800020838,18,6,2,1400,1,2,2,1.0,3.0,22215,M,4846067.0,-281227.0,22
201800020839,18,6,7,1615,1,2,1,2.0,2.0,22106,M,4849728.0,-268926.0,22
201800020840,18,6,15,900,1,1,1,1.0,2.0,22187,M,4854809.0,-279218.0,22
201800020841,18,6,18,325,3,2,6,1.0,7.0,22360,M,4848498.0,-274033.0,22
201800020842,18,6,15,1950,1,2,3,1.0,3.0,22187,M,4854066.0,-275108.0,22
201800020843,18,6,15,1506,1,2,3,1.0,3.0,22106,M,4850125.0,-273428.0,22
201800020844,18,6,18,740,1,1,1,1.0,7.0,22360,M,4848304.0,-268941.0,22
201800020845,18,6,20,1600,1,1,1,1.0,2.0,22278,M,4850996.0,-273921.0,22
201800020846,18,6,25,1655,1,1,1,1.0,2.0,22187,M,4854580.0,-278809.0,22
201800020847,18,6,26,950,1,1,1,1.0,4.0,22278,M,4849630.0,-275074.0,22
201800020848,18,7,1,640,1,1,1,1.0,7.0,22215,M,4847614.0,-274585.0,22
201800020849,18,7,2,1522,1,2,1,1.0,6.0,22278,M,4851201.0,-275566.0,22
201800020850,18,7,3,110,3,2,1,1.0,6.0,22278,M,4851393.0,-274392.0,22
201800020851,18,7,7,1953,1,2,6,1.0,3.0,22278,M,4849821.0,-275195.0,22
201800020852,18,7,10,1242,1,2,6,1.0,7.0,22278,M,4851209.0,-275567.0,22
201800020853,18,7,11,1020,1,2,1,1.0,2.0,22215,M,4850025.0,-277729.0,22
201800020854,18,7,10,1955,1,2,1,1.0,6.0,22278,M,4830450.0,-245180.0,22
201800020855,18,7,20,2040,1,2,1,1.0,6.0,22215,M,4850788.0,-281347.0,22
201800020856,18,7,20,1630,1,1,1,1.0,6.0,22187,M,4852539.0,-276911.0,22
201800020857,18,7,23,2100,1,2,4,1.0,3.0,22215,M,4849857.0,-278594.0,22
201800020858,18,7,24,815,1,1,1,1.0,6.0,22187,M,4853579.0,-276304.0,22
201800020859,18,7,31,1830,1,2,1,1.0,2.0,22187,M,4852918.0,-273503.0,22
201800020860,18,8,1,1325,1,1,6,1.0,2.0,22106,M,4850063.0,-272999.0,22
201800020861,18,8,5,900,1,2,3,1.0,3.0,22106,M,4849584.0,-270706.0,22
201800020862,18,8,6,1835,1,1,1,1.0,5.0,22215,M,4846721.0,-282582.0,22
201800020863,18,8,8,1200,1,2,6,1.0,3.0,22278,M,4849801.0,-275299.0,22
201800020864,18,8,16,713,1,2,1,1.0,6.0,22187,M,4853985.0,-272608.0,22
201800020865,18,8,18,1647,1,1,1,1.0,7.0,22215,M,4852565.0,-282327.0,22
201800020866,18,8,20,2100,1,2,1,1.0,2.0,22278,M,4851410.0,-274624.0,22
201800020867,18,8,22,2250,3,2,1,1.0,2.0,22278,M,4852283.0,-275229.0,22
201800020868,18,8,27,1815,1,2,3,1.0,3.0,22278,M,4851938.0,-278826.0,22
201800020869,18,8,31,1945,1,1,1,1.0,1.0,22187,M,4853679.0,-275613.0,22
201800020870,18,9,6,1500,1,2,1,1.0,2.0,22278,M,4851730.0,-276733.0,22
201800020871,18,9,7,1710,1,2,1,1.0,3.0,22278,M,4851586.0,-274331.0,22
201800020872,18,9,6,1320,1,1,6,1.0,7.0,22215,M,4847139.0,-280202.0,22
201800020873,18,9,14,950,1,2,3,7.0,6.0,22278,M,4850004.0,-275102.0,22
201800020874,18,9,18,1805,1,2,3,1.0,3.0,22278,M,4850635.0,-277352.0,22
201800020875,18,9,18,1035,1,2,1,1.0,3.0,22278,M,4851690.0,-275095.0,22
201800020876,18,9,20,1530,1,1,6,1.0,3.0,22278,M,4850664.0,-278351.0,22
201800020877,18,9,22,825,1,1,1,1.0,7.0,22215,M,4847692.0,-271207.0,22
201800020878,18,9,19,1747,1,2,6,1.0,3.0,22215,M,4850061.0,-277674.0,22
201800020879,18,9,25,1115,1,2,2,1.0,3.0,22215,M,4849255.0,-279529.0,22
201800020880,18,9,22,1704,1,2,1,1.0,1.0,22187,M,4852430.0,-275511.0,22
201800020881,18,9,25,1845,1,2,1,1.0,6.0,22278,M,4849271.0,-274983.0,22
201800020882,18,9,30,900,1,2,2,1.0,3.0,22278,M,4851874.0,-275859.0,22
201800020883,18,10,3,840,1,1,1,1.0,6.0,22215,M,4848975.0,-284082.0,22
201800020884,18,10,5,830,1,2,1,1.0,6.0,22278,M,4851151.0,-275942.0,22
201800020885,18,10,9,900,1,2,6,1.0,3.0,22360,M,4849246.0,-273919.0,22
201800020886,18,10,9,845,1,1,6,1.0,3.0,22278,M,4849872.0,-277171.0,22
201800020887,18,10,12,1650,1,2,1,1.0,3.0,22215,M,4848996.0,-281227.0,22
201800020888,18,10,13,1840,1,1,9,1.0,1.0,22187,M,4855553.0,-272711.0,22
201800020889,18,10,5,830,1,1,1,1.0,7.0,22215,M,4846871.0,-279035.0,22
201800020890,18,10,17,900,1,2,1,1.0,3.0,22278,M,4850570.0,-276137.0,22
201800020891,18,10,18,2020,5,1,2,1.0,6.0,22360,M,4846730.0,-276910.0,22
201800020892,18,10,20,1745,1,2,3,1.0,2.0,22106,M,4849667.0,-273451.0,22
201800020893,18,10,20,1955,2,2,1,1.0,5.0,22187,M,4852747.0,-277141.0,22
201800020894,18,10,23,1430,1,2,6,1.0,2.0,22278,M,4849751.0,-275219.0,22
201800020895,18,10,27,2125,5,2,1,3.0,6.0,22278,M,4850588.0,-276129.0,22
201800020896,18,10,26,1915,1,2,1,1.0,6.0,22278,M,4850564.0,-276152.0,22
201800020897,18,10,31,1505,1,2,3,1.0,1.0,22215,M,4849120.0,-280672.0,22
201800020898,18,10,23,1853,1,2,1,1.0,3.0,22215,M,4849948.0,-277818.0,22
201800020899,18,11,10,1430,1,2,2,1.0,2.0,22278,M,4849893.0,-274974.0,22
201800020900,18,11,3,1700,1,2,1,1.0,6.0,22187,M,4852899.0,-275550.0,22
201800020901,18,11,10,1830,5,2,1,1.0,3.0,22278,M,4850806.0,-275210.0,22
201800020902,18,11,14,1835,3,2,1,1.0,2.0,22278,M,4849661.0,-274857.0,22
201800020903,18,11,19,1625,1,1,1,1.0,6.0,22278,M,4850958.0,-275119.0,22
201800020904,18,11,21,1745,2,1,1,1.0,1.0,22215,M,4848700.0,-283431.0,22
201800020905,18,11,22,1255,1,2,2,1.0,6.0,22278,M,4851233.0,-275220.0,22
201800020906,18,11,23,1745,4,2,6,2.0,6.0,22278,M,4851329.0,-273818.0,22
201800020907,18,11,26,1830,2,1,6,1.0,2.0,22215,M,4849389.0,-276305.0,22
201800020908,18,11,30,1215,1,2,4,1.0,3.0,22278,M,4852283.0,-276119.0,22
201800020909,18,12,5,1714,2,2,1,1.0,3.0,22278,M,4851074.0,-277411.0,22
201800020910,18,12,10,800,3,2,1,1.0,6.0,22215,M,4829420.0,-247480.0,22
201800020911,18,12,14,2000,5,2,1,1.0,6.0,22278,M,4851743.0,-277887.0,22
201800020912,18,12,13,1830,3,2,3,1.0,3.0,22187,M,4854469.0,-278563.0,22
201800020913,18,12,20,2130,3,2,1,1.0,6.0,22187,M,4853075.0,-276521.0,22
201800020914,18,12,11,1730,2,1,6,1.0,3.0,22278,M,4849870.0,-277172.0,22
201800020915,18,12,21,1845,5,1,2,1.0,3.0,22215,M,4849474.0,-279635.0,22
201800020916,18,12,28,1830,5,2,2,1.0,3.0,22106,M,4849548.0,-271784.0,22
201800020917,18,3,14,1120,1,2,1,7.0,6.0,23096,M,4616908.0,187408.0,23
201800020918,18,6,12,950,1,2,1,1.0,6.0,23096,M,4616861.0,187500.0,23
201800020919,18,8,8,200,5,2,1,1.0,7.0,23096,M,4617609.0,187525.0,23
201800020920,18,9,7,2210,5,2,9,1.0,6.0,23096,M,4616972.0,187583.0,23
201800020921,18,9,26,1750,1,2,3,1.0,6.0,23096,M,4618039.0,188404.0,23
201800020922,18,12,20,1920,3,2,1,2.0,6.0,23096,M,4617583.0,187155.0,23
201800020923,18,1,24,1950,5,2,1,1.0,6.0,24037,M,4485753.0,48081.0,24
201800020924,18,2,2,1903,5,2,1,1.0,3.0,24037,M,4484822.0,50999.0,24
201800020925,18,4,18,2000,1,2,3,1.0,3.0,24037,M,4486643.0,49817.0,24
201800020926,18,6,1,1240,1,2,7,1.0,6.0,24037,M,4485160.0,48452.0,24
201800020927,18,6,7,2330,5,2,2,1.0,3.0,24037,M,4483551.0,47914.0,24
201800020928,18,6,13,1105,1,2,2,1.0,3.0,24037,M,4485695.0,49194.0,24
201800020929,18,1,19,1202,1,2,1,1.0,6.0,24322,M,4518362.0,71879.0,24
201800020930,18,3,3,1109,1,2,1,1.0,6.0,24256,M,4519979.0,66682.0,24
201800020931,18,3,26,715,3,1,1,1.0,3.0,24557,M,4520640.0,81131.0,24
201800020932,18,6,2,10,5,2,3,1.0,3.0,24322,M,4518979.0,71154.0,24
201800020933,18,6,9,1620,1,2,1,1.0,6.0,24322,M,4518324.0,71831.0,24
201800020934,18,6,29,630,2,2,1,1.0,6.0,24322,M,4519847.0,69900.0,24
201800020935,18,7,7,2145,1,2,1,1.0,7.0,24322,M,4520120.0,69257.0,24
201800020936,18,7,27,920,1,2,1,1.0,6.0,24312,M,4517825.0,72665.0,24
201800020937,18,7,31,930,1,2,6,1.0,3.0,24322,M,4518697.0,72153.0,24
201800020938,18,8,16,1220,1,2,2,1.0,4.0,24138,M,4519007.0,69465.0,24
201800020939,18,9,13,1545,1,1,1,1.0,3.0,24256,M,4518954.0,67639.0,24
201800020940,18,9,11,1617,1,2,1,1.0,3.0,24322,M,4517745.0,73041.0,24
201800020941,18,9,17,1005,1,2,1,1.0,6.0,24322,M,4518318.0,71860.0,24
201800020942,18,10,10,753,2,2,1,1.0,6.0,24322,M,4519533.0,73326.0,24
201800020943,18,10,23,1510,1,2,1,1.0,3.0,24053,M,4517884.0,74147.0,24
201800020944,18,11,7,1815,3,2,1,1.0,6.0,24557,M,4519494.0,74623.0,24
201800020945,18,11,15,1815,2,2,3,1.0,3.0,24138,M,4517632.0,68999.0,24
201800020946,18,11,26,1835,5,2,2,2.0,6.0,24322,M,4519377.0,70666.0,24
201800020947,18,1,6,948,1,2,1,2.0,6.0,25056,M,4724805.0,602929.0,25
201800020948,18,1,18,1304,1,2,6,1.0,3.0,25056,M,4721783.0,596486.0,25
201800020949,18,1,20,18,5,2,1,2.0,6.0,25056,M,4726198.0,600551.0,25
201800020950,18,1,20,952,1,2,1,2.0,6.0,25056,M,4722957.0,605914.0,25
201800020951,18,1,25,2125,5,2,2,2.0,6.0,25056,M,4724241.0,600858.0,25
201800020952,18,1,27,2343,5,2,1,1.0,6.0,25056,M,4224977.0,601938.0,25
201800020953,18,1,28,750,2,2,2,1.0,3.0,25056,M,4725606.0,602022.0,25
201800020954,18,2,3,40,5,2,1,2.0,6.0,25056,M,4724282.0,602527.0,25
201800020955,18,2,8,1532,1,2,1,9.0,2.0,25056,M,4723703.0,601406.0,25
201800020956,18,2,13,2048,5,2,2,1.0,3.0,25056,M,4724246.0,602943.0,25
201800020957,18,2,21,1913,3,2,1,1.0,7.0,25056,M,4722326.0,596613.0,25
201800020958,18,2,25,358,5,2,1,1.0,6.0,25056,M,4724670.0,599971.0,25
201800020959,18,2,27,2256,3,2,1,1.0,7.0,25056,M,4724953.0,603204.0,25
201800020960,18,3,12,544,5,2,3,8.0,3.0,25056,M,4723899.0,598765.0,25
201800020961,18,3,13,1953,5,2,3,1.0,6.0,25056,M,4724260.0,602564.0,25
201800020962,18,3,21,1716,1,2,6,1.0,2.0,25056,M,4722132.0,598081.0,25
201800020963,18,3,29,1202,1,2,1,1.0,6.0,25056,M,4724736.0,599249.0,25
201800020964,18,3,30,1144,1,2,5,2.0,2.0,25056,M,4722596.0,597884.0,25
201800020965,18,3,30,1455,1,2,1,1.0,6.0,25056,M,4726368.0,604515.0,25
201800020966,18,3,30,2146,5,2,3,1.0,6.0,25056,M,4721949.0,597559.0,25
201800020967,18,4,4,1932,2,2,2,3.0,3.0,25056,M,4726355.0,604730.0,25
201800020968,18,4,7,1647,1,2,1,1.0,7.0,25056,M,4724072.0,598648.0,25
201800020969,18,4,9,1752,1,2,9,2.0,6.0,25056,M,4725343.0,601527.0,25
201800020970,18,4,9,1210,1,2,9,1.0,6.0,25056,M,4723061.0,598878.0,25
201800020971,18,4,9,1916,1,2,5,2.0,2.0,25056,M,4722648.0,597829.0,25
201800020972,18,4,12,545,2,2,1,1.0,6.0,25056,M,4726059.0,601528.0,25
201800020973,18,4,12,1500,1,2,3,1.0,3.0,25056,M,4725802.0,598515.0,25
201800020974,18,4,12,2030,2,2,2,1.0,3.0,25056,M,4724276.0,602983.0,25
201800020975,18,4,13,1653,1,2,3,1.0,3.0,25056,M,4725293.0,603066.0,25
201800020976,18,4,15,454,5,2,1,1.0,6.0,25056,M,4722817.0,598507.0,25
201800020977,18,4,17,1818,1,2,1,1.0,6.0,25056,M,4723498.0,603376.0,25
201800020978,18,4,18,1430,1,2,1,7.0,3.0,25056,M,4722226.0,596197.0,25
201800020979,18,4,19,740,1,2,6,1.0,3.0,25056,M,4725379.0,599631.0,25
201800020980,18,4,24,1215,1,2,1,1.0,4.0,25056,M,4723463.0,598014.0,25
201800020981,18,4,26,1610,1,2,1,1.0,2.0,25056,M,4723182.0,602339.0,25
201800020982,18,4,26,2314,5,2,3,1.0,2.0,25056,M,4724008.0,601515.0,25
201800020983,18,4,30,1330,1,2,1,1.0,6.0,25056,M,4726095.0,603476.0,25
201800020984,18,5,6,1530,1,2,1,1.0,1.0,25056,M,4721823.0,597035.0,25
201800020985,18,5,6,510,5,2,4,1.0,3.0,25056,M,4724540.0,600164.0,25
201800020986,18,5,11,1350,1,2,1,1.0,2.0,25056,M,4722319.0,597516.0,25
201800020987,18,5,14,1725,1,2,7,1.0,3.0,25056,M,4722281.0,597424.0,25
201800020988,18,5,14,2325,5,2,6,3.0,3.0,25056,M,4723295.0,603527.0,25
201800020989,18,5,16,1823,1,2,9,1.0,3.0,25056,M,4722630.0,597839.0,25
201800020990,18,5,17,1150,1,2,1,1.0,3.0,25056,M,4724849.0,601489.0,25
201800020991,18,5,19,2325,5,2,2,1.0,3.0,25056,M,4724398.0,601296.0,25
201800020992,18,5,21,915,1,2,3,1.0,3.0,25056,M,4724086.0,602518.0,25
201800020993,18,5,22,1215,1,2,9,1.0,3.0,25056,M,4722150.0,595880.0,25
201800020994,18,5,21,1345,1,2,1,1.0,3.0,25056,M,4721778.0,601982.0,25
201800020995,18,5,24,1057,1,2,1,1.0,2.0,25056,M,4723664.0,601519.0,25
201800020996,18,5,25,839,1,2,1,1.0,2.0,25056,M,4725238.0,601683.0,25
201800020997,18,6,8,1655,1,2,1,1.0,3.0,25056,M,4721727.0,597746.0,25
201800020998,18,6,8,1605,1,2,6,1.0,3.0,25056,M,4725583.0,599453.0,25
201800020999,18,6,10,1523,1,2,1,1.0,7.0,25056,M,4722352.0,596825.0,25
201800021000,18,6,12,735,1,2,1,1.0,2.0,25056,M,4722716.0,603252.0,25
201800021001,18,6,11,2040,1,2,1,2.0,2.0,25056,M,4723287.0,598264.0,25
201800021002,18,6,15,810,1,1,1,1.0,3.0,25056,M,4723463.0,601916.0,25
201800021003,18,6,16,1550,1,2,1,1.0,6.0,25056,M,4727333.0,603224.0,25
201800021004,18,6,16,1102,1,2,9,1.0,4.0,25056,M,4721905.0,597115.0,25
201800021005,18,6,16,2010,1,2,1,1.0,6.0,25056,M,4722396.0,597152.0,25
201800021006,18,6,18,1045,1,2,1,1.0,3.0,25056,M,4723466.0,601926.0,25
201800021007,18,6,19,830,1,2,3,1.0,3.0,25056,M,4724964.0,601961.0,25
201800021008,18,6,20,745,1,2,1,1.0,3.0,25056,M,4723579.0,601418.0,25
201800021009,18,6,21,1605,1,2,1,1.0,6.0,25056,M,4725300.0,601640.0,25
201800021010,18,6,22,1130,1,2,9,1.0,6.0,25056,M,4721830.0,595170.0,25
201800021011,18,6,26,1013,1,2,1,1.0,3.0,25056,M,4723089.0,599543.0,25
201800021012,18,6,29,1945,1,2,4,1.0,6.0,25056,M,4722375.0,596920.0,25
201800021013,18,6,30,845,1,2,1,1.0,6.0,25056,M,4725779.0,604364.0,25
201800021014,18,7,2,1350,1,2,1,1.0,3.0,25056,M,4723464.0,601925.0,25
201800021015,18,7,3,1555,1,2,1,8.0,2.0,25056,M,4724515.0,601050.0,25
201800021016,18,7,10,955,1,2,1,1.0,3.0,25056,M,4722684.0,596549.0,25
201800021017,18,7,10,1630,1,2,6,1.0,2.0,25056,M,4724236.0,600910.0,25
201800021018,18,7,13,2205,5,2,1,1.0,1.0,25056,M,4725086.0,603761.0,25
201800021019,18,7,17,1600,1,2,1,1.0,6.0,25056,M,4722558.0,597410.0,25
201800021020,18,7,18,1050,1,2,1,1.0,6.0,25056,M,4722007.0,597340.0,25
201800021021,18,7,18,1710,1,2,1,1.0,3.0,25056,M,4724190.0,599336.0,25
201800021022,18,7,19,1420,1,2,1,1.0,2.0,25056,M,4724445.0,598329.0,25
201800021023,18,7,26,2220,4,2,1,1.0,2.0,25056,M,4726111.0,603436.0,25