Num_Acc,an,mois,jour,hrmn,lum,agg,int,atm,col,com,gps,lat,long,dep
201800021024,18,7,30,850,1,2,9,1.0,3.0,25056,M,4724831.0,603197.0,25
201800021025,18,8,1,1135,1,2,1,7.0,2.0,25056,M,4725009.0,603689.0,25
201800021026,18,7,30,2155,2,1,1,1.0,3.0,25056,M,4728470.0,606348.0,25
201800021027,18,8,4,2038,1,2,1,1.0,3.0,25056,M,4724569.0,602738.0,25
201800021028,18,8,16,345,5,2,1,1.0,6.0,25056,M,4721812.0,598389.0,25
201800021029,18,8,17,1215,1,2,1,1.0,6.0,25056,M,4726925.0,601015.0,25
201800021030,18,8,17,355,3,2,1,1.0,7.0,25056,M,4725595.0,599567.0,25
201800021031,18,8,25,1641,1,2,6,2.0,3.0,25056,M,4725565.0,602173.0,25
201800021032,18,8,25,1727,1,2,1,2.0,3.0,25056,M,4726141.0,604864.0,25
201800021033,18,8,28,715,1,2,3,1.0,6.0,25056,M,4724669.0,601718.0,25
201800021034,18,8,30,1755,1,2,9,1.0,4.0,25056,M,4723766.0,597898.0,25
201800021035,18,8,31,1450,1,1,1,1.0,6.0,25056,M,4725262.0,598693.0,25
201800021036,18,9,2,2245,5,2,3,1.0,3.0,25056,M,4721811.0,595769.0,25
201800021037,18,9,5,1210,1,2,1,1.0,3.0,25056,M,4725790.0,602040.0,25
201800021038,18,9,7,724,1,2,1,8.0,6.0,25056,M,4723216.0,600026.0,25
201800021039,18,9,19,1925,1,2,3,1.0,3.0,25056,M,4724304.0,600772.0,25
201800021040,18,9,25,1645,1,2,1,1.0,6.0,25056,M,4722032.0,597003.0,25
201800021041,18,9,25,1830,1,2,3,1.0,5.0,25056,M,4723404.0,603428.0,25
201800021042,18,10,4,1800,1,2,9,1.0,3.0,25056,M,4724596.0,602126.0,25
201800021043,18,10,10,1204,1,1,9,1.0,6.0,25056,M,4723166.0,598222.0,25
201800021044,18,10,8,1744,1,2,2,1.0,5.0,25056,M,4724450.0,599300.0,25
201800021045,18,10,13,910,1,2,2,1.0,3.0,25056,M,4724269.0,602579.0,25
201800021046,18,10,14,1725,1,2,1,1.0,2.0,25056,M,4723088.0,603625.0,25
201800021047,18,10,18,905,1,2,1,1.0,3.0,25056,M,4722255.0,597949.0,25
201800021048,18,10,18,1415,1,2,2,1.0,3.0,25056,M,4723270.0,602002.0,25
201800021049,18,10,29,2233,5,2,1,2.0,2.0,25056,M,4722833.0,604166.0,25
201800021050,18,10,30,1845,2,1,1,1.0,2.0,25056,M,4726548.0,600477.0,25
201800021051,18,10,31,1825,3,2,1,1.0,4.0,25056,M,4726207.0,600489.0,25
201800021052,18,11,8,1415,1,2,9,1.0,3.0,25056,M,4724566.0,602044.0,25
201800021053,18,11,16,2000,5,2,2,1.0,1.0,25056,M,4724313.0,599492.0,25
201800021054,18,11,17,910,1,1,1,1.0,4.0,25056,M,4727110.0,599913.0,25
201800021055,18,11,23,1225,1,2,1,1.0,6.0,25056,M,4725431.0,602825.0,25
201800021056,18,11,27,1830,5,2,1,1.0,1.0,25056,M,4725185.0,598780.0,25
201800021057,18,11,30,755,1,2,1,2.0,3.0,25056,M,4721733.0,594269.0,25
201800021058,18,12,5,625,5,2,6,2.0,1.0,25056,M,4721790.0,596480.0,25
201800021059,18,12,6,1141,1,1,1,2.0,3.0,25056,M,4721586.0,594080.0,25
201800021060,18,12,10,1721,5,2,3,2.0,3.0,25056,M,4722283.0,597639.0,25
201800021061,18,12,18,1558,1,2,6,1.0,6.0,25056,M,4725576.0,604098.0,25
201800021062,18,12,19,1217,1,1,1,8.0,6.0,25056,M,4725166.0,598555.0,25
201800021063,18,12,21,720,5,2,1,3.0,6.0,25056,M,4725744.0,600580.0,25
201800021064,18,12,21,2130,5,2,1,2.0,2.0,25056,M,4724683.0,601964.0,25
201800021065,18,12,28,1935,5,2,1,1.0,2.0,25056,M,4724094.0,598635.0,25
201800021066,18,12,29,140,3,1,1,1.0,6.0,25056,M,4726207.0,600535.0,25
201800021067,18,1,31,1345,1,2,2,8.0,3.0,25388,M,4751587.0,681568.0,25
201800021068,18,2,6,1,3,1,1,1.0,3.0,70285,M,4756196.0,676956.0,70
201800021069,18,2,23,1445,1,2,2,8.0,3.0,25580,M,4746311.0,683235.0,25
201800021070,18,3,11,1630,1,2,4,1.0,6.0,25388,M,4752188.0,679205.0,25
201800021071,18,3,15,530,5,2,1,1.0,6.0,25580,M,4746260.0,684199.0,25
201800021072,18,3,10,1420,1,2,1,1.0,6.0,70285,M,4758173.0,676393.0,70
201800021073,18,3,24,1206,1,2,2,1.0,3.0,25388,M,4751587.0,681589.0,25
201800021074,18,3,22,1335,1,2,7,4.0,6.0,25388,M,4750688.0,679289.0,25
201800021075,18,3,30,2100,4,2,1,2.0,6.0,25031,M,4747895.0,684269.0,25
201800021076,18,4,12,1915,1,2,9,1.0,6.0,25388,M,4751060.0,677780.0,25
201800021077,18,4,14,1215,1,2,1,1.0,6.0,25031,M,4749148.0,681124.0,25
201800021078,18,4,26,840,1,2,1,1.0,6.0,25230,M,4750235.0,683678.0,25
201800021079,18,4,23,1356,1,2,9,1.0,6.0,25388,M,4751685.0,681473.0,25
201800021080,18,5,22,1205,1,2,1,1.0,6.0,25547,M,4751505.0,683339.0,25
201800021081,18,6,15,1655,1,2,2,1.0,1.0,25388,M,,,25
201800021082,18,6,28,2130,1,2,3,1.0,3.0,25539,M,4746701.0,685438.0,25
201800021083,18,7,22,1655,1,2,3,1.0,3.0,25388,M,4750079.0,679438.0,25
201800021084,18,8,24,2118,5,2,2,1.0,6.0,25388,M,4751152.0,679789.0,25
201800021085,18,9,22,1900,1,2,1,1.0,6.0,25539,M,4751209.0,679419.0,25
201800021086,18,10,11,740,1,1,1,1.0,1.0,70285,M,4757979.0,673605.0,70
201800021087,18,10,15,1638,1,2,9,1.0,6.0,25388,M,4749842.0,679520.0,25
201800021088,18,12,20,1325,1,2,1,2.0,6.0,25539,M,4745924.0,686647.0,25
201800021089,18,1,12,1110,1,2,2,8.0,3.0,25462,M,4691401.0,633729.0,25
201800021090,18,1,20,2350,5,2,3,3.0,3.0,25462,M,4691380.0,634630.0,25
201800021091,18,2,3,735,1,2,1,2.0,1.0,25204,M,4690047.0,634102.0,25
201800021092,18,3,2,1245,1,2,1,4.0,6.0,25462,M,4690233.0,635808.0,25
201800021093,18,3,16,2340,5,2,1,2.0,6.0,25462,M,4689960.0,635141.0,25
201800021094,18,4,5,2030,5,2,3,1.0,6.0,25462,M,4691698.0,634429.0,25
201800021095,18,4,6,1955,2,2,6,1.0,3.0,25462,M,4690581.0,635772.0,25
201800021096,18,4,8,1215,1,2,2,1.0,6.0,25462,M,4690232.0,635457.0,25
201800021097,18,4,20,1440,1,2,3,1.0,3.0,25462,M,4690364.0,635281.0,25
201800021098,18,4,21,1535,1,2,3,1.0,3.0,25462,M,4690578.0,634933.0,25
201800021099,18,5,3,2050,5,2,1,1.0,3.0,25462,M,4690341.0,635541.0,25
201800021100,18,5,29,1805,1,2,2,1.0,6.0,25462,M,4690120.0,635503.0,25
201800021101,18,5,30,1425,1,1,6,1.0,2.0,25204,M,4692400.0,633746.0,25
201800021102,18,6,2,1635,1,2,1,1.0,6.0,25462,M,4691277.0,634676.0,25
201800021103,18,6,25,1415,1,1,1,1.0,6.0,25204,M,4693765.0,637314.0,25
201800021104,18,6,29,1130,1,2,2,7.0,3.0,25462,M,4690868.0,634780.0,25
201800021105,18,7,1,40,5,2,3,1.0,3.0,25462,M,4691599.0,634484.0,25
201800021106,18,7,1,1122,1,1,6,1.0,3.0,25204,M,4692454.0,633748.0,25
201800021107,18,7,12,1845,1,2,6,1.0,3.0,25462,M,4690553.0,635794.0,25
201800021108,18,7,16,1845,1,2,6,1.0,2.0,25462,M,4690994.0,633515.0,25
201800021109,18,7,20,1510,1,1,6,3.0,3.0,25462,M,4689997.0,633486.0,25
201800021110,18,8,6,1015,1,2,1,1.0,6.0,25204,M,4692786.0,634871.0,25
201800021111,18,8,19,1845,1,2,1,1.0,2.0,25462,M,4689260.0,636488.0,25
201800021112,18,9,16,1435,1,1,1,1.0,1.0,25204,M,4693783.0,637373.0,25
201800021113,18,9,30,915,1,1,1,1.0,7.0,25462,M,4690007.0,633324.0,25
201800021114,18,10,3,1040,1,2,9,1.0,6.0,25204,M,4692484.0,634984.0,25
201800021115,18,10,6,1735,1,2,7,1.0,6.0,25462,M,4689455.0,636648.0,25
201800021116,18,10,11,1217,1,2,3,1.0,3.0,25462,M,4690692.0,635368.0,25
201800021117,18,10,12,1555,1,2,6,7.0,3.0,25462,M,4690589.0,635755.0,25
201800021118,18,10,14,1020,1,2,6,1.0,3.0,25204,M,4692289.0,634295.0,25
201800021119,18,10,19,1400,1,1,1,1.0,2.0,25462,M,4691094.0,633025.0,25
201800021120,18,10,25,1327,1,2,9,1.0,2.0,25462,M,4690872.0,633886.0,25
201800021121,18,10,27,1140,1,2,1,2.0,2.0,25462,M,4691035.0,635750.0,25
201800021122,18,11,12,840,1,2,1,1.0,6.0,25462,M,4691244.0,635254.0,25
201800021123,18,11,23,700,5,2,2,1.0,3.0,25462,M,4690033.0,635668.0,25
201800021124,18,11,26,1815,5,2,1,2.0,6.0,25462,M,4691050.0,634820.0,25
201800021125,18,11,28,1800,5,2,2,1.0,3.0,25462,M,4691016.0,635054.0,25
201800021126,18,11,30,1455,1,2,1,2.0,6.0,25462,M,4691447.0,634582.0,25
201800021127,18,12,3,1740,5,2,1,3.0,6.0,25462,M,4690285.0,635137.0,25
201800021128,18,1,6,2320,3,2,1,1.0,3.0,26010,M,4527363.0,488912.0,26
201800021129,18,1,23,1315,1,1,3,1.0,3.0,26010,M,,,26
201800021130,18,4,6,1145,1,1,3,1.0,1.0,26002,M,4524460.0,484720.0,26
201800021131,18,4,8,2200,3,1,2,1.0,3.0,26010,M,,,26
201800021132,18,5,24,2000,1,2,1,1.0,7.0,26325,M,4529392.0,482097.0,26
201800021133,18,6,1,545,2,1,1,1.0,1.0,26010,M,4528495.0,487287.0,26
201800021134,18,6,28,1725,1,2,1,1.0,1.0,26380,M,,,26
201800021135,18,8,19,1450,1,2,1,1.0,6.0,26010,M,4527691.0,487672.0,26
201800021136,18,9,2,1730,1,2,1,1.0,3.0,26009,M,4526025.0,482339.0,26
201800021137,18,11,30,850,1,2,1,2.0,6.0,26332,M,4518443.0,486116.0,26
201800021138,18,12,18,1745,3,1,1,1.0,1.0,26094,M,4519489.0,494909.0,26
201800021139,18,12,22,1815,2,2,1,1.0,6.0,26333,M,4517644.0,481557.0,26
201800021140,18,3,13,1330,1,1,2,1.0,3.0,84099,M,4386887.0,511066.0,84
201800021141,18,3,28,1255,1,1,2,1.0,3.0,84099,M,4385771.0,509536.0,84
201800021142,18,4,14,2215,3,1,1,1.0,1.0,84099,M,4385185.0,511008.0,84
201800021143,18,9,12,2105,3,1,1,2.0,6.0,84086,M,4385880.0,516078.0,84
201800021144,18,9,30,30,3,1,1,1.0,1.0,84025,M,4387813.0,515293.0,84
201800021145,18,12,20,2315,3,1,1,2.0,7.0,84062,M,4388837.0,509775.0,84
201800021146,18,6,7,1425,1,1,1,1.0,5.0,59162,M,5091560.0,239256.0,59
201800021147,18,7,20,1715,1,1,1,2.0,7.0,59478,M,5094490.0,243222.0,59
201800021148,18,8,29,1815,2,1,1,2.0,6.0,59082,M,5099506.0,239429.0,59
201800021149,18,9,28,1210,1,2,1,2.0,2.0,59067,M,5096750.0,243240.0,59
201800021150,18,10,12,1600,1,2,9,1.0,6.0,59478,M,5095785.0,243378.0,59
201800021151,18,10,20,2040,5,2,3,1.0,3.0,59478,M,5096327.0,243261.0,59
201800021152,18,12,16,2030,3,1,1,1.0,6.0,59083,M,5092493.0,241523.0,59
201800021153,18,1,21,1530,1,2,1,2.0,6.0,79163,M,4615565.0,7861.0,79
201800021154,18,2,17,1530,1,1,1,1.0,6.0,79136,M,4614245.0,-6733.0,79
201800021155,18,3,9,1420,1,1,1,1.0,5.0,79307,M,4613600.0,10970.0,79
201800021156,18,4,16,920,1,1,1,1.0,3.0,79083,M,4611078.0,-10896.0,79
201800021157,18,5,16,1820,1,1,3,1.0,3.0,79140,M,4606940.0,100.0,79
201800021158,18,6,5,1315,1,1,9,1.0,1.0,79307,M,4613520.0,13653.0,79
201800021159,18,6,24,1530,1,1,2,1.0,3.0,79140,M,4611753.0,3714.0,79
201800021160,18,8,31,1250,1,1,1,1.0,6.0,79150,M,4613545.0,17585.0,79
201800021161,18,9,11,1940,1,2,1,1.0,6.0,79136,M,4616309.0,-1032.0,79
201800021162,18,9,12,130,3,1,1,1.0,6.0,79083,M,4613603.0,-7008.0,79
201800021163,18,12,16,1530,1,2,6,1.0,6.0,79083,M,4610560.0,-7137.0,79
201800021164,18,12,21,1730,5,2,1,3.0,6.0,79307,M,4613387.0,11360.0,79
201800021165,18,3,3,530,3,1,1,9.0,7.0,62016,M,5042802.0,165576.0,62
201800021166,18,3,5,545,3,2,1,9.0,6.0,62752,M,5046259.0,164110.0,62
201800021167,18,4,14,1525,1,1,1,1.0,2.0,62752,M,5048145.0,166861.0,62
201800021168,18,4,15,1645,1,2,2,7.0,3.0,62390,M,5039217.0,160610.0,62
201800021169,18,5,28,2100,1,1,2,1.0,3.0,62015,M,5042282.0,168274.0,62
201800021170,18,6,26,1905,1,1,2,1.0,3.0,62016,M,5042802.0,165576.0,62
201800021171,18,7,8,1443,1,1,1,1.0,6.0,62016,M,5042321.0,168184.0,62
201800021172,18,7,27,600,2,2,1,1.0,6.0,62571,M,5046094.0,161350.0,62
201800021173,18,8,12,1,3,2,1,1.0,7.0,62752,M,5047303.0,166568.0,62
201800021174,18,9,22,2030,3,2,1,2.0,1.0,62015,M,5043586.0,165175.0,62
201800021175,18,9,30,430,3,1,1,1.0,7.0,62752,M,5049296.0,164647.0,62
201800021176,18,10,13,1830,1,2,6,1.0,3.0,62849,M,5040793.0,164827.0,62
201800021177,18,11,1,1120,1,2,1,1.0,6.0,62261,M,5050912.0,163123.0,62
201800021178,18,12,3,2020,5,2,1,2.0,3.0,62261,M,5050840.0,163008.0,62
201800021179,18,12,11,757,3,1,1,1.0,6.0,62752,M,5047789.0,164884.0,62
201800021180,18,12,11,1615,1,2,3,1.0,1.0,62233,M,5037302.0,166026.0,62
201800021181,18,12,28,1445,1,1,2,1.0,6.0,62849,M,5039521.0,168922.0,62
201800021182,18,2,7,1635,1,2,9,1.0,7.0,59487,M,5062501.0,291602.0,59
201800021183,18,3,8,2200,3,1,1,9.0,3.0,59653,M,5056622.0,292894.0,59
201800021184,18,4,6,1010,1,2,9,1.0,6.0,59278,M,5061749.0,296585.0,59
201800021185,18,4,13,2320,5,1,6,1.0,6.0,59278,M,5061133.0,295192.0,59
201800021186,18,6,22,800,1,1,1,1.0,3.0,59278,M,5061259.0,295534.0,59
201800021187,18,7,11,1830,1,1,2,1.0,3.0,59487,M,5063171.0,289538.0,59
201800021188,18,10,4,1353,1,2,8,1.0,4.0,59653,M,5057496.0,293753.0,59
201800021189,18,10,27,1250,1,2,1,3.0,1.0,59278,M,5060826.0,296006.0,59
201800021190,18,12,3,1730,5,2,1,3.0,1.0,59653,M,5057156.0,293658.0,59
201800021191,18,12,4,1740,3,1,1,1.0,6.0,59553,M,5060007.0,297590.0,59
201800021192,18,1,12,1330,1,2,2,1.0,6.0,01033,M,4611304.0,581872.0,01
201800021193,18,6,15,1845,2,2,1,1.0,7.0,01033,M,4610811.0,582955.0,01
201800021194,18,6,20,1815,1,2,1,1.0,6.0,01033,M,4612204.0,581393.0,01
201800021195,18,6,21,2215,5,2,7,1.0,6.0,01033,M,4610828.0,582604.0,01
201800021196,18,9,20,1630,1,2,9,1.0,6.0,01033,M,4610901.0,582862.0,01
201800021197,18,10,17,1200,1,2,1,1.0,6.0,01033,M,4611455.0,581791.0,01
201800021198,18,10,29,1525,1,1,1,2.0,1.0,01091,M,4611777.0,582285.0,01
201800021199,18,11,8,815,2,1,1,2.0,1.0,01033,M,4609981.0,584479.0,01
201800021200,18,1,16,1024,1,2,3,2.0,4.0,01281,M,4627311.0,609513.0,01
201800021201,18,9,6,515,3,1,1,3.0,3.0,01091,M,4614975.0,579256.0,01
201800021202,18,1,6,1730,1,2,1,1.0,1.0,83049,M,4324658.0,606148.0,83
201800021203,18,1,22,1100,1,2,1,1.0,6.0,83130,M,4319000.0,603727.0,83
201800021204,18,3,9,730,1,1,1,1.0,5.0,83033,M,4330031.0,618589.0,83
201800021205,18,3,15,1730,1,1,1,1.0,7.0,83091,M,4321157.0,618030.0,83
201800021206,18,3,23,1600,1,1,1,1.0,1.0,83049,M,4323225.0,610758.0,83
201800021207,18,4,7,1015,1,1,1,1.0,1.0,83033,M,4330039.0,621317.0,83
201800021208,18,5,19,932,1,1,1,1.0,6.0,83049,M,4324157.0,607809.0,83
201800021209,18,6,13,1050,1,2,1,1.0,6.0,83049,M,4323587.0,607114.0,83
201800021210,18,6,21,730,1,1,1,1.0,2.0,83033,M,4330031.0,618589.0,83
201800021211,18,6,21,1850,1,2,1,1.0,6.0,83091,M,4321986.0,614684.0,83
201800021212,18,6,29,1315,1,1,1,1.0,7.0,83091,M,4322687.0,612211.0,83
201800021213,18,7,31,2320,3,1,1,1.0,6.0,83049,M,4325042.0,610031.0,83
201800021214,18,8,23,820,1,1,1,1.0,3.0,83091,M,4323308.0,617938.0,83
201800021215,18,9,7,2055,3,1,1,1.0,1.0,83049,M,4323574.0,608772.0,83
201800021216,18,12,3,1145,1,1,1,1.0,7.0,83049,M,4324570.0,608972.0,83
201800021217,18,12,6,820,1,1,3,1.0,3.0,83033,M,4330031.0,618589.0,83
201800021218,18,3,25,1745,1,1,3,1.0,7.0,54198,M,4925155.0,582976.0,54
201800021219,18,9,2,1930,1,1,1,1.0,6.0,54410,M,4899907.0,597639.0,54
201800021220,18,9,6,1505,1,1,1,1.0,6.0,54353,M,4909931.0,589081.0,54
201800021221,18,9,10,1055,1,1,1,1.0,7.0,54283,M,4915827.0,596141.0,54
201800021222,18,1,17,2025,5,2,1,1.0,1.0,26198,M,4455681.0,475528.0,26
201800021223,18,10,5,1215,1,2,1,1.0,6.0,26198,M,4454243.0,474459.0,26
201800021224,18,1,26,1610,1,2,1,2.0,4.0,26198,M,4455538.0,472031.0,26
201800021225,18,10,24,900,1,2,3,1.0,6.0,26198,M,4455330.0,474823.0,26
201800021226,18,2,2,1025,1,1,1,1.0,1.0,26198,M,4455227.0,470292.0,26
201800021227,18,2,3,1625,1,2,1,1.0,3.0,26198,M,4455677.0,472928.0,26
201800021228,18,2,12,2115,5,2,1,1.0,6.0,26198,M,4455532.0,475004.0,26
201800021229,18,2,7,930,1,2,3,1.0,3.0,26198,M,4455728.0,472884.0,26
201800021230,18,2,19,1513,1,2,1,1.0,7.0,26198,M,4455412.0,475835.0,26
201800021231,18,3,6,640,5,2,1,1.0,6.0,26198,M,4455682.0,472690.0,26
201800021232,18,3,9,2050,5,2,1,1.0,6.0,26198,M,4455728.0,475406.0,26
201800021233,18,3,9,2330,3,2,1,1.0,7.0,26198,M,4454609.0,476072.0,26
201800021234,18,3,29,1335,1,2,2,1.0,3.0,26198,M,4455866.0,472956.0,26
201800021235,18,3,30,1540,1,2,1,2.0,6.0,26198,M,4455803.0,473168.0,26
201800021236,18,4,14,1025,1,1,2,2.0,1.0,26008,M,,,26
201800021237,18,5,16,1145,1,1,1,1.0,7.0,26198,M,4458134.0,474563.0,26
201800021238,18,6,10,530,2,2,1,1.0,6.0,26198,M,4458697.0,475179.0,26
201800021239,18,7,18,1515,1,2,3,1.0,3.0,26198,M,4455554.0,475722.0,26
201800021240,18,7,26,1604,1,2,1,1.0,6.0,26198,M,4455551.0,475073.0,26
201800021241,18,9,12,510,5,2,3,1.0,3.0,26198,M,,,26
201800021242,18,10,6,420,3,1,1,1.0,7.0,26198,M,4454546.0,471679.0,26
201800021243,18,11,11,1108,1,2,1,1.0,3.0,26198,M,4455673.0,472639.0,26
201800021244,18,11,19,1803,5,2,1,2.0,6.0,26198,M,4454308.0,474246.0,26
201800021245,18,1,11,1519,1,2,2,1.0,3.0,26281,M,4505638.0,501238.0,26
201800021246,18,1,12,815,1,2,6,1.0,3.0,26281,M,4505760.0,506473.0,26
201800021247,18,1,17,750,2,2,1,8.0,6.0,26057,M,4504042.0,505624.0,26
201800021248,18,3,25,1345,1,2,2,2.0,3.0,26281,M,4504601.0,505185.0,26
201800021249,18,4,27,815,1,2,1,1.0,6.0,26281,M,4504620.0,507580.0,26
201800021250,18,4,27,1225,1,1,1,1.0,3.0,26057,M,4503181.0,506592.0,26
201800021251,18,5,10,2010,2,2,1,1.0,1.0,26281,M,4504394.0,505856.0,26
201800021252,18,6,1,830,1,2,3,1.0,3.0,26281,M,4504415.0,530491.0,26
201800021253,18,6,25,2020,2,2,6,1.0,3.0,26281,M,4504531.0,504636.0,26
201800021254,18,6,26,1745,1,2,1,1.0,1.0,26281,M,4505422.0,502413.0,26
201800021255,18,6,29,1825,1,1,2,7.0,3.0,26281,M,,,26
201800021256,18,7,3,1000,1,2,9,7.0,6.0,26281,M,4504540.0,505697.0,26
201800021257,18,7,5,1123,1,2,3,1.0,2.0,26057,M,4504020.0,505650.0,26
201800021258,18,7,10,750,1,2,2,1.0,3.0,26281,M,4504769.0,505166.0,26
201800021259,18,7,11,1600,1,2,3,1.0,3.0,26057,M,4504006.0,505576.0,26
201800021260,18,7,11,1905,1,1,3,1.0,3.0,26281,M,4505325.0,499401.0,26
201800021261,18,7,16,1455,1,2,1,1.0,2.0,26281,M,4504565.0,505116.0,26
201800021262,18,7,10,1735,1,2,3,1.0,3.0,26281,M,4504669.0,505389.0,26
201800021263,18,7,18,1255,1,2,1,1.0,3.0,26281,M,4505029.0,505779.0,26
201800021264,18,7,20,2230,2,2,1,1.0,1.0,26281,M,4504379.0,505844.0,26
201800021265,18,10,3,1430,1,2,1,1.0,6.0,26281,M,4504289.0,504575.0,26
201800021266,18,10,31,1755,5,2,9,2.0,6.0,26281,M,4504550.0,508227.0,26
201800021267,18,12,9,1800,5,2,1,1.0,6.0,26281,M,4504442.0,504296.0,26
201800021268,18,12,13,735,2,2,1,1.0,3.0,26281,M,4504508.0,501299.0,26
201800021269,18,1,11,1440,1,2,1,1.0,6.0,26362,M,4492755.0,489178.0,26
201800021270,18,1,24,750,1,1,1,1.0,3.0,26058,M,,,26
201800021271,18,1,30,1320,1,2,2,1.0,3.0,26362,M,,,26
201800021272,18,2,2,2050,5,2,2,1.0,3.0,26362,M,4492645.0,490155.0,26
201800021273,18,2,9,1950,3,1,1,1.0,3.0,26362,M,,,26
201800021274,18,2,9,1935,3,2,1,1.0,6.0,26362,M,4495028.0,492756.0,26
201800021275,18,2,25,1450,1,2,1,1.0,7.0,26362,M,4492892.0,492567.0,26
201800021276,18,12,24,1030,1,2,3,1.0,3.0,26362,M,4493274.0,491859.0,26
201800021277,18,2,27,1330,1,2,1,1.0,3.0,26362,M,4492247.0,488982.0,26
201800021278,18,3,16,1840,1,2,1,1.0,1.0,26362,M,,,26
201800021279,18,3,30,100,5,2,3,1.0,6.0,26362,M,4492961.0,489813.0,26
201800021280,18,4,6,830,1,1,1,1.0,3.0,26362,M,4490748.0,491965.0,26
201800021281,18,4,8,125,3,1,1,1.0,7.0,26252,M,4488210.0,489380.0,26
201800021282,18,4,13,1450,1,2,1,8.0,6.0,26362,M,4493124.0,488617.0,26
201800021283,18,4,19,850,1,1,3,1.0,6.0,26058,M,4497415.0,488181.0,26
201800021284,18,4,18,1700,1,1,1,1.0,3.0,26362,M,4494000.0,494285.0,26
201800021285,18,4,21,1636,1,1,1,1.0,3.0,26362,M,4489700.0,487450.0,26
201800021286,18,4,18,1900,1,2,1,1.0,6.0,26362,M,4490929.0,492024.0,26
201800021287,18,4,24,1750,1,1,1,1.0,1.0,26058,M,,,26
201800021288,18,4,26,915,1,2,1,1.0,6.0,26362,M,4493044.0,489275.0,26
201800021289,18,5,13,2200,5,2,1,2.0,3.0,26058,M,4495489.0,489056.0,26
201800021290,18,5,19,1510,1,2,3,1.0,3.0,26058,M,4496443.0,488713.0,26
201800021291,18,5,21,1335,1,2,1,1.0,1.0,26362,M,4491290.0,489860.0,26
201800021292,18,5,19,915,1,1,1,1.0,7.0,26362,M,,,26
201800021293,18,3,4,606,5,2,1,1.0,1.0,26362,M,4493046.0,488932.0,26
201800021294,18,6,19,830,1,2,3,1.0,6.0,26362,M,4400000.0,491000.0,26
201800021295,18,6,22,1705,1,1,3,1.0,3.0,26362,M,4495570.0,493310.0,26
201800021296,18,7,12,2105,1,1,3,1.0,3.0,26252,M,4487881.0,486655.0,26
201800021297,18,7,14,835,1,1,1,1.0,7.0,26362,M,4497699.0,496609.0,26
201800021298,18,7,19,1945,1,1,3,1.0,2.0,26362,M,4491300.0,487785.0,26
201800021299,18,8,11,2015,1,2,1,1.0,1.0,26362,M,4490564.0,487630.0,26
201800021300,18,8,17,125,3,1,1,1.0,6.0,26362,M,,,26
201800021301,18,9,1,2245,5,2,2,1.0,3.0,26362,M,4493144.0,490128.0,26
201800021302,18,8,23,1510,1,1,6,1.0,3.0,26362,M,4489589.0,491596.0,26
201800021303,18,9,11,1503,1,1,1,1.0,3.0,26362,M,,,26
201800021304,18,9,24,800,1,2,1,1.0,1.0,26362,M,4494447.0,492107.0,26
201800021305,18,10,17,1620,1,2,1,1.0,1.0,26362,M,4493343.0,492825.0,26
201800021306,18,10,24,1830,1,2,6,1.0,3.0,26362,M,4493677.0,489020.0,26
201800021307,18,10,25,700,3,1,1,1.0,6.0,26058,M,4495867.0,487880.0,26
201800021308,18,11,8,2030,5,2,1,2.0,6.0,26362,M,4493563.0,489308.0,26
201800021309,18,11,19,725,2,1,1,1.0,6.0,26252,M,4485000.0,486000.0,26
201800021310,18,12,4,1940,5,2,2,1.0,3.0,26252,M,4486518.0,487373.0,26
201800021311,18,12,1,1630,1,1,1,1.0,2.0,26362,M,4494985.0,493814.0,26
201800021312,18,12,1,915,1,2,3,2.0,1.0,26362,M,4492131.0,490823.0,26
201800021313,18,4,23,830,1,2,2,1.0,6.0,84056,M,4411511.0,490006.0,84
201800021314,18,6,2,2130,3,1,2,1.0,3.0,84039,M,4408485.0,485876.0,84
201800021315,18,8,17,1025,1,1,1,1.0,7.0,84039,M,4408191.0,490189.0,84
201800021316,18,10,20,830,1,1,1,1.0,7.0,84037,M,4407758.0,483267.0,84
201800021317,18,1,5,1515,1,1,2,7.0,3.0,06033,M,4377880.0,720671.0,06
201800021318,18,2,7,1415,1,2,1,1.0,6.0,06033,M,4377569.0,719124.0,06
201800021319,18,4,15,1330,1,1,1,8.0,3.0,06033,M,4378531.0,719627.0,06
201800021320,18,5,31,755,1,1,3,1.0,3.0,06046,M,4376162.0,721788.0,06
201800021321,18,6,5,1220,1,1,1,1.0,6.0,06006,M,4379022.0,724337.0,06
201800021322,18,6,9,1000,1,2,1,1.0,1.0,06109,M,4383605.0,720945.0,06
201800021323,18,6,25,715,1,1,3,7.0,1.0,06033,M,4377218.0,720488.0,06
201800021324,18,7,5,1800,1,1,1,1.0,1.0,06033,M,4379933.0,718244.0,06
201800021325,18,7,11,1440,1,2,1,1.0,1.0,06034,M,4379074.0,721657.0,06
201800021326,18,7,21,415,5,1,1,1.0,6.0,06006,M,4375170.0,724728.0,06
201800021327,18,7,28,1900,1,1,1,1.0,7.0,06022,M,4381629.0,712185.0,06
201800021328,18,8,29,900,1,2,4,1.0,3.0,06033,M,4379209.0,718503.0,06
201800021329,18,9,8,1200,1,1,9,1.0,3.0,06046,M,4375857.0,720790.0,06
201800021330,18,9,8,1830,1,2,1,1.0,6.0,06046,M,4375528.0,721866.0,06