Num_Acc,an,mois,jour,hrmn,lum,agg,int,atm,col,com,gps,lat,long,dep
201800021331,18,9,29,1020,1,2,3,1.0,3.0,06066,M,4384170.0,717774.0,06
201800021332,18,10,5,1310,1,2,1,1.0,1.0,06064,M,4375395.0,717054.0,06
201800021333,18,11,16,1835,5,1,1,1.0,1.0,06064,M,4375868.0,718895.0,06
201800021334,18,11,27,630,2,1,3,1.0,3.0,06126,M,4382229.0,718869.0,06
201800021335,18,12,10,805,1,2,9,1.0,7.0,06034,M,4380550.0,722748.0,06
201800021336,18,12,10,815,2,1,1,1.0,7.0,06025,M,4382423.0,715800.0,06
201800021337,18,2,12,750,1,2,1,1.0,6.0,38030,M,4535102.0,547952.0,38
201800021338,18,2,16,800,1,2,1,2.0,1.0,38373,M,4535198.0,556053.0,38
201800021339,18,2,16,1147,1,1,1,2.0,6.0,38337,M,4534534.0,550363.0,38
201800021340,18,3,22,1900,3,1,1,1.0,7.0,38383,M,4539078.0,562193.0,38
201800021341,18,4,14,1600,1,1,1,1.0,6.0,38383,M,4537588.0,565775.0,38
201800021342,18,5,20,400,3,1,1,1.0,6.0,38105,M,4542605.0,556122.0,38
201800021343,18,6,4,1900,1,2,3,1.0,3.0,38270,M,4538112.0,554208.0,38
201800021344,18,6,9,1430,1,2,1,1.0,2.0,38030,M,4534766.0,547004.0,38
201800021345,18,6,30,1020,1,1,1,1.0,2.0,38383,M,4536930.0,563788.0,38
201800021346,18,8,6,2100,2,1,1,1.0,4.0,38337,M,4534576.0,549774.0,38
201800021347,18,10,5,1745,1,2,1,1.0,7.0,38239,M,4532576.0,556008.0,38
201800021348,18,10,7,150,3,1,1,1.0,6.0,38105,M,4543888.0,559643.0,38
201800021349,18,11,7,635,3,1,1,2.0,7.0,38383,M,4538590.0,564511.0,38
201800021350,18,11,12,825,1,2,1,1.0,2.0,38239,M,4532736.0,557255.0,38
201800021351,18,2,4,750,2,1,1,4.0,6.0,62487,M,5086028.0,179584.0,62
201800021352,18,4,18,1645,1,1,2,7.0,1.0,62455,M,5076793.0,193873.0,62
201800021353,18,5,2,200,3,2,7,1.0,6.0,62397,M,5088776.0,189102.0,62
201800021354,18,5,26,1655,1,1,1,7.0,6.0,62307,M,5091975.0,171626.0,62
201800021355,18,5,28,940,1,2,3,1.0,3.0,62397,M,5086491.0,187774.0,62
201800021356,18,7,16,1430,1,2,1,1.0,3.0,62334,M,5082562.0,183007.0,62
201800021357,18,7,24,1445,1,2,1,1.0,3.0,62397,M,5086957.0,187410.0,62
201800021358,18,1,11,753,5,2,1,9.0,1.0,58086,M,4740753.0,294214.0,58
201800021359,18,1,22,1850,3,1,1,2.0,7.0,58227,M,4754987.0,306458.0,58
201800021360,18,3,12,1500,1,1,1,3.0,7.0,58064,M,4728064.0,324116.0,58
201800021361,18,4,30,1110,1,2,1,2.0,6.0,58086,M,4738968.0,292326.0,58
201800021362,18,6,1,1250,1,1,1,1.0,3.0,58044,M,4748392.0,292379.0,58
201800021363,18,6,16,1425,1,1,1,1.0,7.0,58261,M,4740854.0,296674.0,58
201800021364,18,7,9,1150,1,2,1,1.0,6.0,58193,M,4752203.0,288142.0,58
201800021365,18,7,30,1830,1,1,1,1.0,6.0,58033,M,4750471.0,305639.0,58
201800021366,18,8,3,1345,1,1,1,1.0,3.0,58044,M,4747926.0,292590.0,58
201800021367,18,8,24,1620,1,1,1,1.0,6.0,58270,M,4748602.0,299334.0,58
201800021368,18,8,24,1705,1,1,1,1.0,1.0,58193,M,4753211.0,289019.0,58
201800021369,18,9,14,1330,1,2,1,1.0,2.0,58086,M,4739647.0,293003.0,58
201800021370,18,10,19,1905,5,2,1,1.0,3.0,58086,M,4742443.0,294186.0,58
201800021371,18,11,30,1630,2,1,1,1.0,1.0,58187,M,4745332.0,294963.0,58
201800021372,18,4,14,1238,1,1,1,1.0,2.0,41206,M,4764216.0,136320.0,41
201800021373,18,4,20,930,1,1,1,1.0,7.0,41245,M,4774868.0,154044.0,41
201800021374,18,4,30,200,3,1,1,3.0,6.0,41223,M,4761794.0,121934.0,41
201800021375,18,5,21,315,3,1,1,1.0,6.0,41114,M,4775140.0,154395.0,41
201800021376,18,5,29,1030,1,1,9,1.0,7.0,41234,M,4758958.0,108578.0,41
201800021377,18,6,19,1520,1,1,1,1.0,6.0,41136,M,4772367.0,149420.0,41
201800021378,18,6,24,1730,1,1,1,1.0,6.0,41252,M,4770836.0,145903.0,41
201800021379,18,7,7,850,1,1,1,1.0,6.0,41093,M,4760624.0,112085.0,41
201800021380,18,9,3,1225,1,1,1,1.0,6.0,41288,M,4765330.0,137685.0,41
201800021381,18,10,1,2130,3,1,1,1.0,4.0,41093,M,4760387.0,111555.0,41
201800021382,18,10,29,525,3,1,1,2.0,6.0,41252,M,4770376.0,145095.0,41
201800021383,18,12,27,1030,1,1,1,5.0,2.0,41101,M,4761470.0,115669.0,41
201800021384,18,1,6,505,5,2,3,1.0,1.0,27229,M,4903184.0,115863.0,27
201800021385,18,1,8,745,5,2,1,1.0,2.0,27229,M,4901844.0,114257.0,27
201800021386,18,1,29,1350,1,2,1,2.0,3.0,27229,M,4901750.0,118530.0,27
201800021387,18,1,31,1840,3,2,1,2.0,6.0,27229,M,4902664.0,115875.0,27
201800021388,18,2,4,1225,1,2,1,1.0,6.0,27229,M,4901294.0,116410.0,27
201800021389,18,2,5,1645,1,2,3,4.0,3.0,27229,M,4901885.0,115488.0,27
201800021390,18,2,13,805,1,2,3,1.0,3.0,27229,M,4900190.0,113518.0,27
201800021391,18,2,9,1835,5,2,1,2.0,6.0,27229,M,4902908.0,116071.0,27
201800021392,18,2,15,1956,5,2,1,1.0,3.0,27229,M,4900040.0,114922.0,27
201800021393,18,2,18,625,5,2,1,1.0,3.0,27229,M,4902388.0,112544.0,27
201800021394,18,2,19,1025,1,2,1,2.0,2.0,27229,M,4901934.0,115251.0,27
201800021395,18,2,22,1900,5,2,1,1.0,6.0,27229,M,4901796.0,115826.0,27
201800021396,18,3,4,1210,1,1,1,3.0,2.0,27299,M,4905282.0,117766.0,27
201800021397,18,3,12,1840,2,2,1,2.0,3.0,27229,M,4902807.0,118001.0,27
201800021398,18,3,13,1500,1,2,1,1.0,2.0,27229,M,4900677.0,116309.0,27
201800021399,18,3,22,1200,1,2,1,1.0,2.0,27229,M,4901740.0,111444.0,27
201800021400,18,3,26,740,1,2,3,1.0,3.0,27020,M,4900447.0,111313.0,27
201800021401,18,3,26,1715,1,2,3,1.0,3.0,27229,M,4902420.0,112220.0,27
201800021402,18,4,7,2200,5,2,1,8.0,1.0,27229,M,4901186.0,116560.0,27
201800021403,18,4,11,750,1,2,1,7.0,3.0,27229,M,4904129.0,113724.0,27
201800021404,18,4,17,1420,1,2,1,1.0,6.0,27229,M,4903039.0,115611.0,27
201800021405,18,4,19,1530,1,2,9,1.0,3.0,27229,M,4902783.0,115973.0,27
201800021406,18,4,19,1645,1,2,9,1.0,3.0,27229,M,4900947.0,116723.0,27
201800021407,18,4,22,1210,1,2,1,7.0,3.0,27229,M,4902857.0,113982.0,27
201800021408,18,4,27,1515,1,2,9,1.0,3.0,27299,M,4904717.0,116277.0,27
201800021409,18,5,2,830,1,2,1,1.0,3.0,27229,M,4901151.0,116972.0,27
201800021410,18,5,2,1930,1,2,1,2.0,6.0,27229,M,4902408.0,112598.0,27
201800021411,18,5,3,1315,1,2,6,1.0,3.0,27229,M,4902326.0,116947.0,27
201800021412,18,5,3,1720,1,2,1,1.0,6.0,27229,M,4900690.0,114754.0,27
201800021413,18,5,13,1040,1,2,2,1.0,2.0,27229,M,4900529.0,114054.0,27
201800021414,18,5,25,2010,1,2,3,1.0,3.0,27229,M,4902981.0,115571.0,27
201800021415,18,5,26,1540,1,2,1,1.0,4.0,27229,M,4900478.0,115826.0,27
201800021416,18,5,29,1210,1,2,1,1.0,4.0,27229,M,4903196.0,115831.0,27
201800021417,18,6,3,1800,1,2,1,1.0,6.0,27229,M,4902901.0,116066.0,27
201800021418,18,6,7,1810,1,2,1,1.0,6.0,27229,M,4902217.0,113901.0,27
201800021419,18,6,7,1650,1,2,1,1.0,3.0,27229,M,4902281.0,118562.0,27
201800021420,18,6,11,935,1,2,1,2.0,5.0,27229,M,4902179.0,117856.0,27
201800021421,18,6,12,1340,1,2,1,2.0,4.0,27229,M,4901932.0,113038.0,27
201800021422,18,6,13,1555,1,2,9,1.0,4.0,27229,M,4901701.0,117100.0,27
201800021423,18,6,15,1435,1,2,1,7.0,2.0,27229,M,4902422.0,114923.0,27
201800021424,18,6,15,1650,1,2,1,1.0,6.0,27229,M,4900839.0,115880.0,27
201800021425,18,6,23,1630,1,2,9,1.0,3.0,27229,M,4902641.0,115056.0,27
201800021426,18,7,4,1650,1,2,9,1.0,2.0,27229,M,4902016.0,115645.0,27
201800021427,18,7,4,1940,1,2,9,1.0,3.0,27229,M,4901555.0,116182.0,27
201800021428,18,7,12,2230,5,2,2,1.0,3.0,27229,M,4902169.0,113753.0,27
201800021429,18,7,18,2230,5,2,2,1.0,3.0,27229,M,4902835.0,115336.0,27
201800021430,18,7,28,1855,1,2,1,1.0,1.0,27299,M,4904437.0,116074.0,27
201800021431,18,8,13,935,1,2,3,8.0,6.0,27229,M,4902129.0,114130.0,27
201800021432,18,8,17,1810,1,2,6,1.0,3.0,27229,M,4900358.0,115233.0,27
201800021433,18,8,23,2015,2,2,1,1.0,6.0,27229,M,4900848.0,115793.0,27
201800021434,18,8,24,1425,1,2,1,1.0,2.0,27229,M,4901564.0,114420.0,27
201800021435,18,9,3,1015,1,2,1,1.0,2.0,27229,M,4903490.0,115618.0,27
201800021436,18,9,11,1500,1,2,6,1.0,3.0,27229,M,4903468.0,113357.0,27
201800021437,18,9,25,1655,1,2,1,1.0,6.0,27229,M,4902821.0,115355.0,27
201800021438,18,9,24,1710,1,2,1,1.0,2.0,27229,M,4901826.0,115648.0,27
201800021439,18,10,1,1000,1,2,6,1.0,3.0,27229,M,4903281.0,115551.0,27
201800021440,18,10,3,825,1,2,1,8.0,3.0,27229,M,4901602.0,116568.0,27
201800021441,18,10,4,1535,1,2,9,1.0,3.0,27299,M,4905731.0,116858.0,27
201800021442,18,10,5,1015,1,2,1,1.0,2.0,27229,M,4901744.0,111458.0,27
201800021443,18,10,6,2210,5,2,1,3.0,2.0,27229,M,4901666.0,118625.0,27
201800021444,18,10,8,1055,1,2,1,1.0,3.0,27229,M,4902224.0,115218.0,27
201800021445,18,10,9,2020,5,2,1,1.0,2.0,27299,M,4903944.0,115815.0,27
201800021446,18,10,16,1305,1,2,1,1.0,6.0,27229,M,4902857.0,116034.0,27
201800021447,18,10,24,1500,1,2,1,8.0,4.0,27229,M,4900008.0,115382.0,27
201800021448,18,10,26,1300,1,2,1,1.0,4.0,27299,M,4904570.0,116142.0,27
201800021449,18,10,27,1750,1,2,1,1.0,3.0,27229,M,4900789.0,116856.0,27
201800021450,18,10,29,1535,1,2,1,1.0,3.0,27229,M,4902212.0,113883.0,27
201800021451,18,10,31,900,1,2,1,1.0,2.0,27229,M,4902672.0,118014.0,27
201800021452,18,11,1,605,5,2,1,1.0,6.0,27229,M,4900325.0,114973.0,27
201800021453,18,11,1,1255,1,2,2,2.0,3.0,27229,M,4902354.0,115535.0,27
201800021454,18,11,5,935,1,2,1,1.0,6.0,27229,M,4900450.0,115749.0,27
201800021455,18,11,7,1630,1,2,1,1.0,4.0,27229,M,4902138.0,113764.0,27
201800021456,18,11,8,510,3,1,1,1.0,2.0,27306,M,4900030.0,118323.0,27
201800021457,18,11,9,930,1,2,1,1.0,3.0,27229,M,4902508.0,114323.0,27
201800021458,18,11,10,1830,5,2,1,2.0,2.0,27229,M,4901746.0,111447.0,27
201800021459,18,11,18,1115,1,2,1,1.0,1.0,27299,M,4903779.0,117384.0,27
201800021460,18,11,17,1515,1,2,1,1.0,6.0,27229,M,4900936.0,116681.0,27
201800021461,18,11,21,1800,5,2,3,1.0,3.0,27229,M,4903756.0,115713.0,27
201800021462,18,12,2,1910,5,2,1,1.0,6.0,27229,M,4901909.0,114855.0,27
201800021463,18,12,4,1630,1,2,1,1.0,3.0,27299,M,4904148.0,115915.0,27
201800021464,18,12,6,1350,1,2,1,8.0,2.0,27306,M,4900467.0,117469.0,27
201800021465,18,12,12,745,4,1,1,1.0,1.0,27306,M,4900763.0,116885.0,27
201800021466,18,12,14,1755,5,2,1,9.0,6.0,27229,M,4901909.0,115100.0,27
201800021467,18,12,31,1820,5,2,9,9.0,3.0,27229,M,4902915.0,117980.0,27
201800021468,18,3,31,2215,3,1,1,1.0,6.0,51486,M,4917751.0,445164.0,51
201800021469,18,4,21,1800,1,1,1,1.0,6.0,51486,M,4918543.0,443011.0,51
201800021470,18,5,6,2142,3,1,1,1.0,6.0,51388,M,4913776.0,434986.0,51
201800021471,18,5,25,2030,1,1,3,1.0,3.0,51389,M,4913300.0,433699.0,51
201800021472,18,8,13,2315,3,1,1,1.0,6.0,51097,M,4906192.0,453313.0,51
201800021473,18,9,9,1630,1,1,9,1.0,7.0,51078,M,4907986.0,435157.0,51
201800021474,18,9,22,1930,2,2,4,2.0,6.0,51031,M,4916101.0,433618.0,51
201800021475,18,10,1,1700,1,2,1,1.0,6.0,51388,M,4914005.0,436552.0,51
201800021476,18,10,11,1130,1,1,2,1.0,5.0,51388,M,4913286.0,433677.0,51
201800021477,18,1,5,1120,1,1,2,1.0,3.0,27701,M,4928046.0,122624.0,27
201800021478,18,1,2,600,3,1,1,6.0,6.0,27375,M,4920877.0,113137.0,27
201800021479,18,1,28,130,5,2,1,2.0,6.0,27528,M,4925764.0,122635.0,27
201800021480,18,1,30,1825,5,2,2,2.0,3.0,27701,M,4926748.0,120738.0,27
201800021481,18,2,3,1655,1,2,1,1.0,6.0,27375,M,4920451.0,118709.0,27
201800021482,18,2,13,2010,5,2,1,2.0,6.0,27375,M,4921120.0,117318.0,27
201800021483,18,2,20,2135,5,2,1,2.0,6.0,27375,M,4920959.0,117869.0,27
201800021484,18,2,23,1405,1,2,6,1.0,3.0,27456,M,4919234.0,118348.0,27
201800021485,18,3,27,735,2,1,1,3.0,6.0,27701,M,4924418.0,123703.0,27
201800021486,18,3,30,1950,1,2,9,1.0,3.0,27375,M,4920797.0,116273.0,27
201800021487,18,4,2,125,5,2,2,2.0,6.0,27375,M,4921398.0,116454.0,27
201800021488,18,4,5,950,1,2,1,8.0,3.0,27375,M,4921262.0,116479.0,27
201800021489,18,3,31,1700,1,2,1,1.0,6.0,27701,M,4927000.0,121000.0,27
201800021490,18,4,21,430,5,2,1,1.0,6.0,27375,M,4920631.0,116889.0,27
201800021491,18,5,10,2325,5,2,2,1.0,3.0,27375,M,4922284.0,116448.0,27
201800021492,18,5,12,2145,5,2,2,1.0,3.0,27375,M,4922116.0,116349.0,27
201800021493,18,5,27,2310,5,2,2,1.0,3.0,27375,M,4921186.0,116636.0,27
201800021494,18,5,30,1520,1,2,1,1.0,6.0,27375,M,4920922.0,118061.0,27
201800021495,18,6,5,1530,1,2,9,8.0,4.0,27375,M,4921111.0,117038.0,27
201800021496,18,6,7,1455,1,2,2,1.0,3.0,27375,M,4921120.0,115941.0,27
201800021497,18,6,9,530,2,2,1,1.0,6.0,27701,M,4927226.0,120905.0,27
201800021498,18,6,11,1625,1,2,9,2.0,6.0,27375,M,4921991.0,116644.0,27
201800021499,18,6,12,1935,1,2,2,1.0,3.0,27375,M,4921000.0,116600.0,27
201800021500,18,6,23,2110,1,2,1,1.0,4.0,27701,M,4927378.0,120520.0,27
201800021501,18,6,24,1320,1,2,1,1.0,1.0,27351,M,4923602.0,117925.0,27
201800021502,18,6,26,900,1,1,2,1.0,2.0,27701,M,4925641.0,117945.0,27
201800021503,18,6,28,2105,1,2,9,1.0,5.0,27375,M,4921595.0,117158.0,27
201800021504,18,7,12,1615,1,2,3,1.0,3.0,27701,M,4926766.0,120447.0,27
201800021505,18,7,13,2025,1,2,2,1.0,3.0,27375,M,4922281.0,116447.0,27
201800021506,18,7,29,1225,1,1,1,1.0,6.0,27375,M,4923310.0,114290.0,27
201800021507,18,8,1,1952,1,2,2,1.0,3.0,27375,M,4921115.0,115944.0,27
201800021508,18,8,2,2300,5,2,2,1.0,3.0,27375,M,4921488.0,116702.0,27
201800021509,18,8,3,2150,5,2,1,1.0,7.0,27375,M,4921402.0,117287.0,27
201800021510,18,8,2,1525,1,2,9,1.0,3.0,27701,M,4226000.0,119000.0,27
201800021511,18,8,7,1120,1,2,6,1.0,6.0,27375,M,4921020.0,116540.0,27
201800021512,18,8,14,1720,1,2,2,1.0,2.0,27375,M,4922446.0,116526.0,27
201800021513,18,9,26,1755,1,2,3,1.0,5.0,27375,M,4923000.0,116000.0,27
201800021514,18,10,9,735,2,2,1,1.0,4.0,27375,M,4922250.0,116722.0,27
201800021515,18,10,17,1300,1,2,6,1.0,3.0,27528,M,4925900.0,120850.0,27
201800021516,18,11,6,1955,5,2,1,8.0,6.0,27701,M,4927390.0,121020.0,27
201800021517,18,11,9,1225,1,2,1,1.0,2.0,27701,M,4924013.0,119870.0,27
201800021518,18,11,30,1950,3,1,1,8.0,6.0,27701,M,4927390.0,123280.0,27
201800021519,18,12,17,1800,5,2,1,2.0,2.0,27375,M,4921020.0,116470.0,27
201800021520,18,12,20,1655,1,2,1,1.0,3.0,27375,M,4921582.0,116513.0,27
201800021521,18,1,31,715,3,1,6,5.0,7.0,38304,M,4495998.0,577994.0,38
201800021522,18,11,30,1358,1,2,6,3.0,6.0,38158,M,4514718.0,575522.0,38
201800021523,18,1,20,940,1,1,1,2.0,6.0,14132,M,4934130.0,-97771.0,14
201800021524,18,2,4,2030,3,1,1,4.0,4.0,14214,M,4928630.0,-75387.0,14
201800021525,18,3,1,2120,3,1,1,1.0,2.0,14342,M,4930810.0,-111291.0,14
201800021526,18,3,11,745,1,1,1,7.0,6.0,14681,M,4932570.0,-87700.0,14
201800021527,18,8,5,640,2,1,1,1.0,6.0,14681,M,4932175.0,-86311.0,14
201800021528,18,2,13,1820,5,2,6,1.0,6.0,06140,M,4363604.0,685874.0,06
201800021529,18,4,22,520,3,1,1,1.0,6.0,06118,M,4365973.0,678347.0,06
201800021530,18,5,17,705,1,2,1,1.0,6.0,06140,M,4362768.0,683623.0,06
201800021531,18,6,30,1500,1,1,1,1.0,3.0,06130,M,4370664.0,682099.0,06
201800021532,18,7,9,2055,2,1,1,1.0,1.0,06026,M,4364852.0,687580.0,06
201800021533,18,8,19,1455,1,1,1,1.0,7.0,06130,M,4369496.0,685482.0,06
201800021534,18,8,24,1900,1,2,1,1.0,2.0,06095,M,4364487.0,688538.0,06
201800021535,18,9,11,923,1,2,3,1.0,3.0,06095,M,4364052.0,687751.0,06
201800021536,18,9,15,1222,1,1,1,1.0,1.0,06037,M,4374128.0,687350.0,06
201800021537,18,12,11,1725,2,2,2,1.0,3.0,06095,M,4363902.0,687579.0,06
201800021538,18,1,20,2245,5,2,1,1.0,3.0,27681,M,4908629.0,147454.0,27
201800021539,18,1,10,1030,1,2,3,1.0,6.0,27681,M,4908688.0,147389.0,27
201800021540,18,1,18,1955,5,2,1,1.0,1.0,27681,M,4907911.0,150514.0,27
201800021541,18,2,8,1005,1,2,1,1.0,6.0,27681,M,4909998.0,147007.0,27
201800021542,18,2,19,1015,1,2,4,2.0,6.0,27681,M,4908800.0,148900.0,27
201800021543,18,3,12,1400,1,2,6,2.0,3.0,27681,M,4909691.0,148959.0,27
201800021544,18,4,5,255,5,2,6,1.0,6.0,27681,M,4907940.0,150530.0,27
201800021545,18,4,16,1800,1,1,1,1.0,2.0,27588,M,4913004.0,142969.0,27
201800021546,18,4,17,1320,1,2,9,1.0,3.0,27681,M,4908120.0,147640.0,27
201800021547,18,4,21,1440,1,1,1,1.0,7.0,27681,M,4907676.0,146410.0,27
201800021548,18,5,6,1050,1,2,6,1.0,7.0,27554,M,4911227.0,145019.0,27
201800021549,18,5,6,1105,1,1,4,1.0,3.0,27681,M,4907676.0,146408.0,27
201800021550,18,5,31,2105,1,1,1,8.0,6.0,27681,M,4906200.0,146448.0,27
201800021551,18,6,7,1625,1,1,1,1.0,6.0,27681,M,4907757.0,144257.0,27
201800021552,18,6,16,240,4,2,9,1.0,6.0,27554,M,4910623.0,144152.0,27
201800021553,18,6,22,1,5,2,2,1.0,3.0,27681,M,4908320.0,148090.0,27
201800021554,18,7,4,1655,1,2,1,1.0,2.0,27681,M,4908219.0,146387.0,27
201800021555,18,7,7,1310,1,2,4,1.0,2.0,27681,M,4909769.0,147609.0,27
201800021556,18,7,15,2100,1,2,7,7.0,6.0,27681,M,4909201.0,148241.0,27
201800021557,18,7,18,2005,1,1,1,1.0,6.0,27681,M,4911713.0,149584.0,27
201800021558,18,7,19,2135,2,2,1,1.0,6.0,27681,M,4909032.0,149183.0,27
201800021559,18,8,4,940,1,2,4,1.0,3.0,27681,M,4907687.0,146418.0,27
201800021560,18,8,25,1210,1,2,1,1.0,6.0,27681,M,4909952.0,148833.0,27
201800021561,18,9,9,1105,1,2,9,1.0,6.0,27681,M,4909785.0,149086.0,27
201800021562,18,9,12,1240,1,2,9,1.0,5.0,27681,M,4908128.0,147749.0,27
201800021563,18,9,30,1440,1,1,1,1.0,3.0,27681,M,4907177.0,147280.0,27
201800021564,18,10,5,1455,1,2,3,1.0,3.0,27562,M,4910144.0,145029.0,27
201800021565,18,10,9,835,1,2,3,1.0,3.0,27681,M,4908158.0,146406.0,27
201800021566,18,10,13,1140,1,2,1,1.0,6.0,27681,M,4909529.0,146449.0,27
201800021567,18,10,26,805,2,2,3,1.0,3.0,27681,M,4908520.0,146260.0,27
201800021568,18,10,27,430,5,2,2,1.0,3.0,27681,M,4908222.0,148001.0,27
201800021569,18,11,14,1750,5,2,9,1.0,1.0,27681,M,4909366.0,146904.0,27
201800021570,18,11,21,1535,1,2,9,1.0,6.0,27681,M,4909210.0,148240.0,27
201800021571,18,11,30,1550,1,2,9,1.0,6.0,27681,M,4909117.0,147089.0,27
201800021572,18,12,16,2145,3,1,1,3.0,6.0,27562,M,4909350.0,139860.0,27
201800021573,18,12,18,630,5,2,6,1.0,3.0,27681,M,4909388.0,146872.0,27
201800021574,18,12,23,1755,5,2,1,8.0,6.0,27681,M,4909547.0,147438.0,27
201800021575,18,2,24,1815,1,2,2,1.0,3.0,17264,M,4620241.0,-117474.0,17
201800021576,18,3,18,1135,1,2,2,1.0,5.0,17407,M,4617475.0,-103723.0,17
201800021577,18,7,17,2140,1,1,1,1.0,7.0,17472,M,4623647.0,-107737.0,17
201800021578,18,8,10,1615,1,1,2,1.0,3.0,17153,M,4623952.0,-110865.0,17
201800021579,18,10,5,2050,5,2,1,1.0,1.0,17190,M,4618871.0,-118956.0,17
201800021580,18,10,30,1855,3,1,2,8.0,3.0,17153,M,4623945.0,-110869.0,17
201800021581,18,11,2,2035,3,1,1,1.0,1.0,17142,M,4618331.0,-108245.0,17
201800021582,18,12,9,905,1,2,1,8.0,6.0,17407,M,4619287.0,-102227.0,17
201800021583,18,12,12,1810,5,2,6,1.0,6.0,17142,M,4618571.0,-106015.0,17
201800021584,18,3,27,340,4,1,1,1.0,6.0,25230,M,4750657.0,683263.0,25
201800021585,18,5,30,1633,1,1,1,1.0,5.0,25388,M,4749364.0,681521.0,25
201800021586,18,6,4,940,1,1,1,1.0,1.0,25632,M,4746921.0,677363.0,25
201800021587,18,6,10,136,3,1,1,1.0,1.0,25127,M,4721395.0,684043.0,25
201800021588,18,6,18,1345,1,1,1,1.0,3.0,25370,M,4742499.0,678129.0,25
201800021589,18,6,26,1445,1,1,1,1.0,6.0,25388,M,4750070.0,681936.0,25
201800021590,18,6,29,1005,1,1,1,1.0,7.0,25097,M,4751383.0,684794.0,25
201800021591,18,7,13,1500,1,1,9,1.0,5.0,25629,M,4738238.0,640894.0,25
201800021592,18,10,4,2235,3,1,1,1.0,6.0,25067,M,4741771.0,661144.0,25
201800021593,18,10,27,850,1,1,1,2.0,7.0,25629,M,4738323.0,641915.0,25
201800021594,18,1,27,1830,5,1,1,1.0,6.0,91666,M,4868426.0,223146.0,91
201800021595,18,3,16,955,1,2,1,1.0,6.0,91458,M,4866187.0,224157.0,91
201800021596,18,5,2,1230,1,2,1,1.0,6.0,91458,M,4866116.0,224441.0,91
201800021597,18,5,18,1840,1,1,3,1.0,7.0,91363,M,4864672.0,219527.0,91
201800021598,18,5,22,1811,1,2,1,3.0,3.0,91363,M,4866783.0,219676.0,91
201800021599,18,6,30,2155,2,1,1,1.0,1.0,91363,M,4864496.0,219502.0,91
201800021600,18,7,28,2035,2,2,1,1.0,7.0,91665,M,4865921.0,226362.0,91
201800021601,18,9,28,1200,1,1,4,1.0,6.0,91363,M,4864575.0,219534.0,91
201800021602,18,9,29,1040,1,1,1,1.0,2.0,91363,M,4866319.0,221672.0,91
201800021603,18,10,16,1700,1,2,1,1.0,3.0,91665,M,4865053.0,227016.0,91
201800021604,18,11,1,715,2,2,1,1.0,4.0,91665,M,4866002.0,227594.0,91
201800021605,18,11,2,1245,1,2,1,1.0,3.0,91363,M,4864290.0,222854.0,91
201800021606,18,11,17,1730,3,1,1,1.0,1.0,91363,M,4865498.0,218866.0,91
201800021607,18,3,9,2030,3,1,1,1.0,6.0,76122,M,4981891.0,151549.0,76
201800021608,18,3,27,1000,1,1,1,3.0,6.0,76126,M,4966839.0,134840.0,76
201800021609,18,6,28,630,2,1,1,1.0,6.0,76257,M,4986258.0,155465.0,76
201800021610,18,9,19,230,3,1,9,1.0,6.0,76648,M,4965852.0,128494.0,76
201800021611,18,11,10,1314,1,1,1,2.0,7.0,76516,M,4971913.0,142218.0,76
201800021612,18,1,7,1854,3,1,1,1.0,4.0,87119,M,4568910.0,136673.0,87
201800021613,18,4,29,45,3,1,1,3.0,7.0,87019,M,4576200.0,133004.0,87
201800021614,18,6,18,1507,1,1,1,1.0,1.0,87203,M,4563040.0,143426.0,87
201800021615,18,6,26,301,3,1,1,1.0,6.0,87119,M,4569050.0,136639.0,87
201800021616,18,8,27,1117,1,1,1,9.0,1.0,87088,M,4561090.0,144890.0,87
201800021617,18,10,16,910,1,1,1,1.0,2.0,87019,M,4574200.0,134049.0,87
201800021618,18,10,24,1640,1,1,1,1.0,1.0,87105,M,4574770.0,160057.0,87
201800021619,18,12,10,1513,1,1,1,1.0,7.0,87203,M,4565960.0,139782.0,87
201800021620,18,2,8,830,1,1,1,1.0,1.0,19072,M,4523917.0,149556.0,19
201800021621,18,3,1,2230,3,1,1,1.0,6.0,19250,M,4547139.0,152028.0,19
201800021622,18,3,7,1620,1,1,1,1.0,2.0,19178,M,4527992.0,156363.0,19
201800021623,18,3,18,135,3,1,1,2.0,6.0,19072,M,4521333.0,151499.0,19
201800021624,18,4,28,1448,1,1,9,1.0,2.0,19072,M,4523316.0,151358.0,19
201800021625,18,5,25,1615,1,1,1,1.0,5.0,19151,M,4510744.0,151172.0,19
201800021626,18,6,17,1700,1,1,9,1.0,1.0,19072,M,4522635.0,151130.0,19
201800021627,18,7,11,1128,1,1,1,1.0,5.0,19248,M,4545378.0,150894.0,19
201800021628,18,12,12,1100,1,1,1,1.0,2.0,19072,M,4523111.0,151289.0,19
201800021629,18,4,3,130,3,2,1,1.0,6.0,59145,M,5053010.0,298594.0,59
201800021630,18,6,25,1520,1,2,2,1.0,3.0,59022,M,5051772.0,306066.0,59
201800021631,18,2,2,1000,1,2,3,1.0,6.0,28085,M,4843571.0,149302.0,28
201800021632,18,12,26,1755,3,2,9,1.0,6.0,28209,M,4848733.0,147408.0,28
201800021633,18,2,16,920,1,2,1,1.0,6.0,28218,M,4843963.0,146217.0,28
201800021634,18,2,14,1540,1,2,1,2.0,3.0,28229,M,4845176.0,145235.0,28