Num_Acc,an,mois,jour,hrmn,lum,agg,int,atm,col,com,gps,lat,long,dep
201800021635,18,2,23,1815,5,2,1,1.0,6.0,28085,M,4844739.0,148010.0,28
201800021636,18,3,21,1940,5,2,1,1.0,3.0,28220,M,4843444.0,147819.0,28
201800021637,18,4,9,1650,1,2,3,2.0,3.0,28070,M,4846885.0,150248.0,28
201800021638,18,5,8,2100,1,2,3,1.0,2.0,28229,M,4844673.0,147212.0,28
201800021639,18,5,15,1340,1,2,9,1.0,6.0,28218,M,4844016.0,146659.0,28
201800021640,18,5,18,1700,1,2,1,1.0,2.0,28220,M,4842539.0,147808.0,28
201800021641,18,4,20,1635,1,2,2,1.0,1.0,28218,M,4844027.0,146694.0,28
201800021642,18,6,4,1330,1,2,1,1.0,1.0,28085,M,4843346.0,147912.0,28
201800021643,18,7,3,1400,1,2,7,1.0,3.0,28085,M,4843831.0,151634.0,28
201800021644,18,7,6,740,1,2,9,1.0,3.0,28229,M,4844726.0,144950.0,28
201800021645,18,7,26,1030,1,1,1,1.0,7.0,28229,M,4845670.0,145894.0,28
201800021646,18,8,30,715,5,2,1,1.0,3.0,28085,M,4845133.0,149503.0,28
201800021647,18,9,2,1800,1,2,1,1.0,3.0,28070,M,4846577.0,150656.0,28
201800021648,18,9,8,2130,5,2,2,1.0,1.0,28085,M,4844007.0,148795.0,28
201800021649,18,9,21,740,2,1,1,2.0,1.0,28070,M,4846890.0,151774.0,28
201800021650,18,9,26,910,2,2,2,1.0,3.0,28218,M,4843117.0,146387.0,28
201800021651,18,10,3,1303,1,2,1,1.0,6.0,28218,M,4843160.0,143980.0,28
201800021652,18,10,17,1255,1,1,1,1.0,6.0,28085,M,4844712.0,154455.0,28
201800021653,18,10,4,1845,1,2,1,7.0,2.0,28209,M,4846658.0,146278.0,28
201800021654,18,10,15,1720,1,2,1,1.0,6.0,28085,M,4844313.0,148331.0,28
201800021655,18,11,13,2115,5,2,1,1.0,6.0,28085,M,4843936.0,148538.0,28
201800021656,18,11,14,2110,5,2,7,8.0,6.0,28085,M,4843981.0,148293.0,28
201800021657,18,11,30,830,2,2,2,1.0,6.0,28085,M,4845555.0,147973.0,28
201800021658,18,12,26,640,5,2,2,5.0,3.0,28220,M,4842847.0,146727.0,28
201800021659,18,3,9,1945,3,1,1,1.0,6.0,42231,M,4610344.0,397286.0,42
201800021660,18,6,3,1110,1,2,2,1.0,3.0,42231,M,4610293.0,396873.0,42
201800021661,18,7,13,1438,1,1,1,1.0,6.0,42317,M,4625784.0,389321.0,42
201800021662,18,9,25,1135,1,1,9,7.0,3.0,42182,M,4605133.0,395319.0,42
201800021663,18,10,29,730,2,1,1,2.0,6.0,42232,M,4606500.0,392297.0,42
201800021664,18,11,18,530,5,2,1,5.0,6.0,42049,M,4614106.0,389194.0,42
201800021665,18,11,30,1405,1,1,4,2.0,1.0,42198,M,4600766.0,393843.0,42
201800021666,18,12,11,1820,5,2,3,1.0,1.0,42163,M,4618388.0,386263.0,42
201800021667,18,1,10,1910,3,1,1,2.0,6.0,28404,M,4870786.0,137035.0,28
201800021668,18,12,27,345,3,1,1,2.0,1.0,28404,M,4870551.0,137774.0,28
201800021669,18,2,12,755,2,2,9,4.0,6.0,28134,M,4872922.0,136751.0,28
201800021670,18,4,18,1030,1,2,9,1.0,6.0,28134,M,4873161.0,135927.0,28
201800021671,18,5,16,1915,1,2,1,1.0,1.0,28134,M,4874022.0,134990.0,28
201800021672,18,5,23,1510,1,2,1,1.0,6.0,28134,M,4873238.0,137155.0,28
201800021673,18,9,16,2045,3,1,1,1.0,5.0,28134,M,4874656.0,138359.0,28
201800021674,18,10,21,725,3,1,9,1.0,3.0,28223,M,4871619.0,137376.0,28
201800021675,18,11,2,1620,1,2,1,1.0,2.0,28404,M,4871208.0,136164.0,28
201800021676,18,12,22,1440,1,2,4,8.0,6.0,28134,M,4873554.0,136470.0,28
201800021677,18,12,27,1805,5,2,9,5.0,6.0,28134,M,4872810.0,138800.0,28
201800021678,18,3,30,615,3,1,1,1.0,7.0,71265,M,4684035.0,483157.0,71
201800021679,18,5,5,1050,1,1,1,1.0,2.0,71265,M,4685369.0,482641.0,71
201800021680,18,5,5,620,2,1,1,1.0,7.0,71026,M,4666791.0,485025.0,71
201800021681,18,5,12,345,3,1,1,1.0,7.0,71118,M,4678950.0,482053.0,71
201800021682,18,5,14,1248,1,1,1,8.0,6.0,71269,M,4674940.0,486017.0,71
201800021683,18,6,6,1555,1,1,1,1.0,2.0,71475,M,4677545.0,481950.0,71
201800021684,18,8,1,150,3,1,1,1.0,6.0,71170,M,4691426.0,481938.0,71
201800021685,18,8,7,600,2,1,1,1.0,6.0,71170,M,4691426.0,481938.0,71
201800021686,18,9,19,710,1,1,1,1.0,6.0,71384,M,4669083.0,484395.0,71
201800021687,18,9,21,1730,1,1,1,8.0,1.0,71149,M,4686234.0,457119.0,71
201800021688,18,9,23,925,1,1,1,8.0,3.0,71520,M,4673409.0,483558.0,71
201800021689,18,11,20,1355,1,2,2,1.0,3.0,71445,M,4677291.0,489299.0,71
201800021690,18,12,14,2330,3,1,1,1.0,2.0,71520,M,4673409.0,483558.0,71
201800021691,18,5,4,1805,1,2,6,1.0,3.0,74213,M,4591912.0,606947.0,74
201800021692,18,5,7,820,1,1,1,1.0,1.0,74272,M,4594619.0,604924.0,74
201800021693,18,5,11,1300,1,2,6,1.0,3.0,74272,M,4595025.0,601603.0,74
201800021694,18,7,10,1205,1,1,9,1.0,2.0,74272,M,4594752.0,604764.0,74
201800021695,18,7,11,445,3,1,1,1.0,1.0,74217,M,4595805.0,612569.0,74
201800021696,18,9,4,2000,1,2,1,1.0,2.0,74217,M,4594373.0,612296.0,74
201800021697,18,9,8,1659,1,1,1,1.0,5.0,74026,M,4597107.0,603296.0,74
201800021698,18,9,23,606,2,1,1,1.0,7.0,74019,M,4595516.0,615599.0,74
201800021699,18,10,25,115,3,1,1,1.0,7.0,74019,M,4593603.0,613445.0,74
201800021700,18,10,27,2250,3,1,1,2.0,6.0,74026,M,4597453.0,603250.0,74
201800021701,18,11,17,1230,1,1,1,1.0,1.0,74112,M,4593148.0,611449.0,74
201800021702,18,11,18,1100,1,2,1,1.0,6.0,74182,M,4591983.0,609259.0,74
201800021703,18,12,5,820,1,2,6,1.0,1.0,74182,M,4592303.0,609861.0,74
201800021704,18,12,13,715,3,1,1,1.0,6.0,74283,M,4595430.0,598748.0,74
201800021705,18,12,16,110,4,1,1,3.0,1.0,74213,M,4590855.0,608608.0,74
201800021706,18,12,21,1435,1,2,6,2.0,6.0,74182,M,4591719.0,609019.0,74
201800021707,18,12,21,1930,5,2,1,3.0,5.0,74272,M,4594315.0,605980.0,74
201800021708,18,2,15,1715,1,2,2,1.0,5.0,95641,M,4907130.0,256610.0,95
201800021709,18,2,9,2315,5,2,1,1.0,6.0,14052,M,4891580.0,-82291.0,14
201800021710,18,3,15,1405,1,1,1,1.0,6.0,14255,M,4888420.0,-90647.0,14
201800021711,18,4,23,945,1,1,2,1.0,3.0,14061,M,4892972.0,-81006.0,14
201800021712,18,5,11,830,1,1,1,1.0,7.0,14061,M,4898696.0,-88385.0,14
201800021713,18,7,31,1830,1,1,1,1.0,1.0,14061,M,4888772.0,-88371.0,14
201800021714,18,8,23,1300,1,1,1,1.0,6.0,14379,M,4904530.0,-65271.0,14
201800021715,18,8,31,1715,1,1,1,1.0,6.0,14037,M,4902902.0,-60178.0,14
201800021716,18,9,8,1900,1,1,1,1.0,7.0,14139,M,4894149.0,-85855.0,14
201800021717,18,10,6,1315,1,1,1,1.0,6.0,14061,M,4894078.0,-95631.0,14
201800021718,18,10,10,1130,1,2,9,1.0,6.0,14027,M,4902125.0,-63190.0,14
201800021719,18,10,25,730,2,1,1,5.0,1.0,14508,M,4895459.0,-59842.0,14
201800021720,18,1,3,940,1,1,1,2.0,6.0,22004,M,4864452.0,-332684.0,22
201800021721,18,1,6,1630,1,1,1,8.0,2.0,22354,M,4856545.0,-321467.0,22
201800021722,18,2,3,1940,3,1,1,4.0,7.0,22227,M,4856379.0,-353816.0,22
201800021723,18,2,11,1830,3,1,1,4.0,6.0,22225,M,4854652.0,-309570.0,22
201800021724,18,2,12,1315,1,1,1,1.0,6.0,22004,M,4863065.0,-332187.0,22
201800021725,18,3,13,750,1,1,1,1.0,6.0,22223,M,4856379.0,-319232.0,22
201800021726,18,7,29,550,3,1,1,1.0,6.0,22004,M,4860813.0,-327477.0,22
201800021727,18,8,22,1205,1,1,1,1.0,2.0,22372,M,4853288.0,-285330.0,22
201800021728,18,9,2,515,3,1,1,1.0,6.0,22372,M,4852885.0,-286020.0,22
201800021729,18,9,4,1430,1,1,1,1.0,3.0,22206,M,4852949.0,-297449.0,22
201800021730,18,10,5,1045,1,1,1,1.0,7.0,22004,M,4862025.0,-331118.0,22
201800021731,18,10,18,1100,1,1,4,1.0,2.0,22182,M,4853151.0,-293358.0,22
201800021732,18,10,29,1950,3,1,1,2.0,7.0,22304,M,4853604.0,-305200.0,22
201800021733,18,11,19,1330,1,1,1,1.0,2.0,22225,M,4854561.0,-309144.0,22
201800021734,18,1,7,1445,1,1,1,1.0,6.0,22081,M,4848087.0,-264474.0,22
201800021735,18,2,10,2130,3,1,1,1.0,6.0,22093,M,4845645.0,-250837.0,22
201800021736,18,2,19,845,1,1,1,2.0,4.0,22246,M,4847699.0,-260334.0,22
201800021737,18,2,27,700,2,1,1,1.0,6.0,22339,M,4850273.0,-203952.0,22
201800021738,18,6,15,1845,1,1,1,1.0,4.0,22213,M,4853708.0,-199296.0,22
201800021739,18,6,27,850,1,1,1,1.0,2.0,22389,M,4846265.0,-270632.0,22
201800021740,18,7,8,315,3,1,1,1.0,7.0,22193,M,4843869.0,-247425.0,22
201800021741,18,7,16,1710,1,1,1,1.0,6.0,22369,M,4833892.0,-227982.0,22
201800021742,18,7,29,1700,1,1,9,1.0,7.0,22084,M,4840865.0,-234498.0,22
201800021743,18,8,18,920,1,1,1,1.0,3.0,22081,M,4847969.0,-262780.0,22
201800021744,18,8,24,1120,1,1,1,1.0,2.0,22213,M,4853667.0,-199886.0,22
201800021745,18,8,31,2350,3,1,1,1.0,2.0,22093,M,4845689.0,-251259.0,22
201800021746,18,9,22,1610,1,1,1,1.0,4.0,22389,M,4847991.0,-265621.0,22
201800021747,18,9,27,35,3,1,9,1.0,2.0,22020,M,4831827.0,-224899.0,22
201800021748,18,9,30,1830,1,1,1,1.0,5.0,22369,M,4835462.0,-230854.0,22
201800021749,18,10,12,700,2,1,1,1.0,2.0,22185,M,4836245.0,-232105.0,22
201800021750,18,10,11,1800,1,1,1,1.0,6.0,22389,M,4847926.0,-266260.0,22
201800021751,18,10,17,1029,1,1,1,1.0,2.0,22160,M,4844805.0,-248185.0,22
201800021752,18,10,18,830,1,1,1,1.0,5.0,22093,M,4845821.0,-252298.0,22
201800021753,18,10,21,1642,1,1,1,1.0,6.0,22193,M,4841267.0,-237080.0,22
201800021754,18,10,12,1800,1,1,1,1.0,4.0,22389,M,4848147.0,-268234.0,22
201800021755,18,11,25,1930,3,1,1,1.0,4.0,22389,M,4848117.0,-267954.0,22
201800021756,18,11,30,1506,1,1,1,8.0,3.0,22259,M,4845443.0,-208266.0,22
201800021757,18,12,3,1940,3,1,1,1.0,6.0,22185,M,4838255.0,-237548.0,22
201800021758,18,2,24,2230,3,1,1,1.0,6.0,29075,M,4844182.0,-440802.0,29
201800021759,18,3,31,945,1,1,1,2.0,3.0,29265,M,4856007.0,-388946.0,29
201800021760,18,6,21,800,1,1,1,1.0,4.0,29095,M,4845681.0,-436674.0,29
201800021761,18,8,17,1020,1,1,1,1.0,6.0,29181,M,4849178.0,-421927.0,29
201800021762,18,8,19,2305,3,1,1,5.0,6.0,29179,M,4852296.0,-431369.0,29
201800021763,18,9,28,250,3,1,1,1.0,6.0,29181,M,4848930.0,-422990.0,29
201800021764,18,12,19,2050,3,1,1,3.0,3.0,29181,M,4848866.0,-425190.0,29
201800021765,18,3,8,640,3,1,1,2.0,6.0,29020,M,4808590.0,-400160.0,29
201800021766,18,7,1,230,3,1,1,2.0,7.0,29080,M,4832797.0,-422641.0,29
201800021767,18,8,7,1430,1,1,1,1.0,2.0,29026,M,4820308.0,-404408.0,29
201800021768,18,5,23,1210,1,1,1,1.0,2.0,35363,M,4800777.0,-169216.0,35
201800021769,18,6,10,1030,1,1,1,1.0,6.0,35089,M,4790387.0,-149889.0,35
201800021770,18,6,25,1910,1,1,1,1.0,2.0,35221,M,4786243.0,-169080.0,35
201800021771,18,7,15,928,1,1,1,1.0,6.0,35012,M,4783889.0,-169556.0,35
201800021772,18,8,15,1900,1,1,1,1.0,2.0,35124,M,4775868.0,-171318.0,35
201800021773,18,9,11,610,3,1,1,5.0,6.0,35090,M,4793058.0,-167278.0,35
201800021774,18,9,17,800,1,1,1,1.0,3.0,35206,M,4804165.0,-168542.0,35
201800021775,18,10,19,1730,1,1,1,1.0,6.0,35231,M,4789473.0,-168688.0,35
201800021776,18,11,10,1945,3,1,1,2.0,6.0,35090,M,4792916.0,-167355.0,35
201800021777,18,12,2,1950,3,1,1,2.0,3.0,35012,M,4779923.0,-168902.0,35
201800021778,18,12,28,1945,3,1,9,5.0,2.0,35066,M,4804413.0,-168456.0,35
201800021779,18,12,21,2030,3,1,1,1.0,3.0,35139,M,4797131.0,-169295.0,35
201800021780,18,12,30,1445,1,1,1,8.0,2.0,35363,M,4801043.0,-169185.0,35
201800021781,18,2,16,632,3,1,1,8.0,6.0,35152,M,4818931.0,-154591.0,35
201800021782,18,4,26,1730,1,1,1,1.0,2.0,35152,M,4819302.0,-154058.0,35
201800021783,18,7,30,715,1,1,1,2.0,6.0,35152,M,4817889.0,-156047.0,35
201800021784,18,8,5,1935,1,1,1,1.0,7.0,35152,M,4820750.0,-152404.0,35
201800021785,18,10,4,1150,1,1,1,1.0,6.0,35152,M,4820499.0,-152574.0,35
201800021786,18,1,10,1720,3,1,1,2.0,3.0,01209,M,4610623.0,587713.0,01
201800021787,18,1,23,1300,1,2,1,7.0,1.0,01419,M,4624061.0,597400.0,01
201800021788,18,2,11,1942,3,1,1,2.0,1.0,01209,M,4610623.0,587713.0,01
201800021789,18,2,27,1400,1,1,4,1.0,7.0,01109,M,4614240.0,590407.0,01
201800021790,18,3,27,1600,1,1,1,1.0,2.0,01354,M,4625044.0,604358.0,01
201800021791,18,4,18,1515,1,2,6,1.0,3.0,01354,M,4624547.0,602344.0,01
201800021792,18,4,26,1645,1,2,1,1.0,7.0,01354,M,4624503.0,602621.0,01
201800021793,18,5,7,1715,1,2,4,2.0,7.0,01308,M,4614001.0,595873.0,01
201800021794,18,5,11,1119,1,1,1,1.0,6.0,01419,M,4624103.0,599027.0,01
201800021795,18,7,31,1740,1,1,1,1.0,6.0,01209,M,4611315.0,588003.0,01
201800021796,18,8,14,1935,1,1,1,1.0,6.0,01360,M,4621045.0,596696.0,01
201800021797,18,9,6,2115,3,1,1,2.0,3.0,01401,M,4625938.0,599681.0,01
201800021798,18,8,30,1800,1,1,1,1.0,6.0,01158,M,4616524.0,590817.0,01
201800021799,18,9,16,240,5,2,6,1.0,6.0,01354,M,4624152.0,602691.0,01
201800021800,18,11,3,2005,3,1,6,1.0,2.0,01354,M,4625202.0,604481.0,01
201800021801,18,11,18,1835,5,2,1,1.0,6.0,01078,M,4617916.0,596724.0,01
201800021802,18,12,23,1120,1,1,1,2.0,5.0,01209,M,4610403.0,587593.0,01
201800021803,18,8,5,1305,1,1,1,7.0,7.0,54385,M,4944618.0,580472.0,54
201800021804,18,8,3,1455,1,1,1,1.0,7.0,54476,M,4945707.0,548183.0,54
201800021805,18,8,13,1345,1,2,1,1.0,3.0,54322,M,4943406.0,561344.0,54
201800021806,18,10,22,215,5,1,6,1.0,7.0,54138,M,4952868.0,573503.0,54
201800021807,18,10,29,1730,2,1,9,1.0,6.0,54314,M,4950310.0,572997.0,54
201800021808,18,11,1,230,3,1,1,1.0,6.0,54322,M,4945220.0,560145.0,54
201800021809,18,11,5,600,3,1,1,1.0,2.0,54574,M,4950559.0,568944.0,54
201800021810,18,11,6,1350,1,1,1,8.0,7.0,54322,M,4944832.0,559294.0,54
201800021811,18,12,15,130,3,2,1,1.0,6.0,54234,M,4953362.0,568794.0,54
201800021812,18,12,21,705,4,1,1,3.0,1.0,54151,M,4948081.0,574129.0,54
201800021813,18,12,4,1700,3,1,1,2.0,2.0,54314,M,4950329.0,573385.0,54
201800021814,18,12,26,1520,1,1,1,1.0,1.0,54138,M,4952735.0,572966.0,54
201800021815,18,12,27,1400,1,2,1,1.0,6.0,54314,M,4951327.0,573550.0,54
201800021816,18,2,8,740,1,2,2,1.0,3.0,67437,M,4874068.0,736982.0,67
201800021817,18,3,14,1930,3,1,1,1.0,1.0,67229,M,4866239.0,740037.0,67
201800021818,18,3,19,1530,1,2,1,1.0,6.0,67437,M,4873977.0,736257.0,67
201800021819,18,4,8,1210,1,1,1,1.0,7.0,67478,M,4877459.0,740765.0,67
201800021820,18,6,9,1940,1,2,1,1.0,6.0,67459,M,4871238.0,741020.0,67
201800021821,18,9,22,1935,5,2,1,2.0,4.0,67367,M,4872469.0,737338.0,67
201800021822,18,10,24,850,1,1,1,1.0,1.0,67302,M,4874297.0,740487.0,67
201800021823,18,10,29,720,2,1,1,8.0,6.0,67478,M,4874549.0,742563.0,67
201800021824,18,1,30,1205,1,2,1,8.0,3.0,83048,M,4318527.0,6545675.0,83
201800021825,18,6,13,855,1,1,1,1.0,3.0,83048,M,4319092.0,655411.0,83
201800021826,18,6,19,1540,1,2,6,1.0,7.0,83048,M,4319162.0,655641.0,83
201800021827,18,8,10,30,5,1,1,1.0,6.0,83036,M,4318336.0,654110.0,83
201800021828,18,8,16,1430,1,2,1,1.0,3.0,83048,M,4318916.0,657726.0,83
201800021829,18,8,18,2120,5,1,1,1.0,1.0,83048,M,4320036.0,656394.0,83
201800021830,18,8,19,900,1,2,1,1.0,6.0,83036,M,4317579.0,653442.0,83
201800021831,18,9,25,1730,1,2,1,1.0,6.0,83036,M,4317677.0,653493.0,83
201800021832,18,4,18,1450,1,2,1,1.0,7.0,67532,M,4867372.0,751565.0,67
201800021833,18,4,18,2325,3,1,1,1.0,6.0,67485,M,4862062.0,764675.0,67
201800021834,18,5,14,855,1,1,1,1.0,3.0,67485,M,4862661.0,762730.0,67
201800021835,18,5,24,1830,1,1,1,1.0,3.0,67530,M,4877596.0,754694.0,67
201800021836,18,6,1,1245,1,1,1,1.0,6.0,67287,M,4875062.0,752620.0,67
201800021837,18,6,9,2030,1,1,3,1.0,3.0,67138,M,4863412.0,754820.0,67
201800021838,18,8,12,100,3,1,1,1.0,1.0,67363,M,4859382.0,755915.0,67
201800021839,18,1,8,1355,1,1,2,1.0,3.0,35045,M,4779546.0,-200918.0,35
201800021840,18,1,30,2018,3,1,1,8.0,6.0,35168,M,4790016.0,-200317.0,35
201800021841,18,2,12,1120,1,1,3,1.0,3.0,35219,M,4778916.0,-193267.0,35
201800021842,18,3,13,1700,1,1,2,1.0,3.0,35057,M,4793992.0,-192556.0,35
201800021843,18,3,26,547,3,1,1,1.0,6.0,35176,M,4786270.0,-186489.0,35
201800021844,18,4,5,2215,3,1,1,1.0,6.0,35219,M,4782134.0,-190499.0,35
201800021845,18,4,3,1530,1,1,3,1.0,3.0,35219,M,4780388.0,-196886.0,35
201800021846,18,4,13,1115,1,1,2,1.0,3.0,35328,M,4775823.0,-202839.0,35
201800021847,18,5,22,825,1,2,1,1.0,6.0,35168,M,4789271.0,-199374.0,35
201800021848,18,7,2,850,1,1,1,8.0,7.0,35219,M,4782963.0,-195027.0,35
201800021849,18,7,8,2230,2,1,1,1.0,6.0,35176,M,4784969.0,-180929.0,35
201800021850,18,8,15,1810,1,1,2,1.0,3.0,35168,M,4787458.0,-191838.0,35
201800021851,18,8,23,2140,3,1,1,1.0,2.0,35219,M,4777276.0,-192104.0,35
201800021852,18,11,13,940,1,1,1,1.0,6.0,35219,M,4782632.0,-197250.0,35
201800021853,18,1,15,300,3,1,1,1.0,6.0,35359,M,4795389.0,-130846.0,35
201800021854,18,4,28,1930,1,1,1,1.0,7.0,35239,M,4792716.0,-131893.0,35
201800021855,18,5,13,1740,1,1,1,1.0,4.0,35077,M,4786827.0,-127459.0,35
201800021856,18,7,26,1415,1,1,1,1.0,1.0,35114,M,4786585.0,-127722.0,35
201800021857,18,8,10,1645,1,2,4,1.0,6.0,35239,M,4791390.0,-137969.0,35
201800021858,18,9,7,1930,1,1,2,1.0,1.0,35167,M,4785465.0,-133472.0,35
201800021859,18,9,20,1210,1,1,3,1.0,2.0,35077,M,4783977.0,-121782.0,35
201800021860,18,9,28,940,1,1,2,7.0,3.0,35235,M,4791578.0,-120509.0,35
201800021861,18,10,28,1600,1,1,1,1.0,6.0,35167,M,4784194.0,-132927.0,35
201800021862,18,12,13,1810,5,2,1,1.0,6.0,35125,M,4794300.0,-123385.0,35
201800021863,18,1,7,730,3,1,1,8.0,2.0,86083,M,4650816.0,17729.0,86
201800021864,18,3,23,1940,3,1,1,1.0,6.0,86027,M,4658734.0,29764.0,86
201800021865,18,7,11,2120,1,1,1,1.0,1.0,86007,M,4685908.0,49106.0,86
201800021866,18,9,24,815,1,1,1,1.0,1.0,86068,M,4622010.0,13005.0,86
201800021867,18,1,16,1055,1,2,1,1.0,3.0,62491,M,5062729.0,277184.0,62
201800021868,18,1,17,1145,1,1,2,1.0,3.0,62491,M,5060032.0,278648.0,62
201800021869,18,1,30,920,1,2,2,7.0,3.0,62491,M,5061209.0,278241.0,62
201800021870,18,5,8,935,1,2,1,1.0,5.0,62252,M,5056131.0,271564.0,62
201800021871,18,5,22,1625,1,2,1,1.0,1.0,62606,M,5057628.0,277456.0,62
201800021872,18,7,4,1615,1,2,2,1.0,3.0,62338,M,5063856.0,282922.0,62
201800021873,18,8,10,200,3,2,3,1.0,6.0,62706,M,5057531.0,275448.0,62
201800021874,18,10,20,1315,1,2,3,1.0,3.0,62252,M,5057406.0,272643.0,62
201800021875,18,12,31,1915,3,1,1,9.0,1.0,62491,M,5061537.0,278765.0,62
201800021876,18,2,1,2105,3,1,1,9.0,7.0,21002,M,4730269.0,476606.0,21
201800021877,18,2,27,810,1,1,1,1.0,2.0,21681,M,4748862.0,414330.0,21
201800021878,18,4,1,1645,1,1,1,1.0,6.0,21642,M,4748977.0,413755.0,21
201800021879,18,4,11,1415,1,1,9,1.0,6.0,21273,M,4730622.0,485927.0,21
201800021880,18,4,27,2015,1,1,1,1.0,2.0,21282,M,4747655.0,419924.0,21
201800021881,18,5,28,955,1,1,1,8.0,6.0,21634,M,4714822.0,469975.0,21
201800021882,18,5,29,1745,1,1,1,1.0,2.0,21559,M,4729796.0,480428.0,21
201800021883,18,6,1,1812,1,1,1,1.0,3.0,21559,M,4729872.0,479660.0,21
201800021884,18,6,11,1558,1,1,1,1.0,2.0,21634,M,4714822.0,469975.0,21
201800021885,18,7,2,825,1,1,1,1.0,2.0,21449,M,4739171.0,436284.0,21
201800021886,18,7,7,714,1,1,1,1.0,6.0,21214,M,4717625.0,468669.0,21
201800021887,18,7,15,1700,1,1,1,1.0,7.0,21485,M,4733449.0,495054.0,21
201800021888,18,8,3,720,1,1,1,1.0,2.0,21282,M,4747161.0,421899.0,21
201800021889,18,8,11,830,1,1,1,1.0,2.0,21406,M,4730743.0,474180.0,21
201800021890,18,8,19,1805,1,1,1,1.0,7.0,21501,M,4725281.0,455141.0,21
201800021891,18,8,20,2140,3,1,1,1.0,2.0,21247,M,4748428.0,416709.0,21
201800021892,18,9,5,1110,1,1,1,1.0,7.0,21298,M,4731998.0,449216.0,21
201800021893,18,1,5,1915,3,1,1,2.0,1.0,86031,M,4663431.0,59282.0,86
201800021894,18,8,19,1045,1,1,1,1.0,1.0,86070,M,4658872.0,64615.0,86
201800021895,18,8,24,2030,1,1,1,1.0,7.0,86202,M,4663772.0,75823.0,86
201800021896,18,9,11,1100,1,1,1,1.0,6.0,86226,M,4655475.0,50337.0,86
201800021897,18,11,16,500,3,1,1,1.0,6.0,86256,M,4652059.0,48407.0,86
201800021898,18,12,13,1025,1,1,1,1.0,6.0,86233,M,4653322.0,64565.0,86
201800021899,18,2,2,1650,1,1,1,1.0,6.0,86025,M,4655947.0,94047.0,86
201800021900,18,2,14,615,3,1,1,9.0,6.0,86191,M,4644829.0,81938.0,86
201800021901,18,2,28,1839,2,1,1,4.0,3.0,86170,M,4632574.0,81714.0,86
201800021902,18,8,4,545,2,1,1,1.0,7.0,86273,M,4646975.0,105482.0,86
201800021903,18,8,5,1840,1,1,1,1.0,3.0,86236,M,4668178.0,86084.0,86
201800021904,18,10,4,800,2,1,1,5.0,6.0,86170,M,4634044.0,80061.0,86
201800021905,18,11,22,1740,3,1,1,1.0,7.0,86120,M,4636977.0,97616.0,86
201800021906,18,12,2,1525,1,1,3,2.0,3.0,86037,M,4637912.0,108571.0,86
201800021907,18,12,2,1800,3,1,1,2.0,3.0,86117,M,4651465.0,85891.0,86
201800021908,18,1,7,700,5,2,3,1.0,6.0,01173,M,4634821.0,605896.0,01
201800021909,18,1,18,1900,5,2,1,2.0,6.0,01173,M,4632559.0,605501.0,01
201800021910,18,5,7,1145,1,2,9,1.0,6.0,01173,M,4633828.0,606751.0,01
201800021911,18,5,31,1245,1,1,1,1.0,6.0,01143,M,4641407.0,605981.0,01
201800021912,18,10,13,920,1,1,3,1.0,3.0,01071,M,4630837.0,606700.0,01
201800021913,18,10,25,2345,5,2,6,1.0,6.0,01173,M,4633830.0,607374.0,01
201800021914,18,11,23,1650,5,2,9,3.0,6.0,01173,M,4633181.0,605740.0,01
201800021915,18,1,29,900,1,1,1,5.0,1.0,12131,M,4438527.0,266872.0,12
201800021916,18,2,10,1700,1,1,1,1.0,1.0,12157,M,4438874.0,270203.0,12
201800021917,18,5,16,1510,1,1,1,1.0,5.0,12131,M,4439143.0,267670.0,12
201800021918,18,6,15,1745,1,1,1,1.0,6.0,12096,M,4452919.0,276215.0,12
201800021919,18,7,14,1615,1,1,1,1.0,1.0,12064,M,4455755.0,278179.0,12
201800021920,18,8,5,620,3,1,1,1.0,5.0,12096,M,4451468.0,275173.0,12
201800021921,18,8,4,2230,3,1,1,1.0,1.0,12131,M,4440279.0,262803.0,12
201800021922,18,8,12,1630,1,1,1,1.0,1.0,12157,M,4440203.0,273189.0,12
201800021923,18,8,23,2230,3,1,1,1.0,7.0,12096,M,4450829.0,276373.0,12
201800021924,18,10,5,805,1,1,1,1.0,1.0,12264,M,4444568.0,266496.0,12
201800021925,18,10,14,1740,1,1,1,6.0,3.0,12216,M,4451586.0,280380.0,12
201800021926,18,10,13,1625,1,2,1,7.0,6.0,12096,M,4452430.0,276459.0,12
201800021927,18,10,16,745,2,2,1,1.0,6.0,12157,M,4439386.0,270652.0,12
201800021928,18,11,11,50,3,1,1,2.0,7.0,12033,M,4445013.0,272242.0,12
201800021929,18,1,17,1940,3,1,1,8.0,5.0,12194,M,4424163.0,241079.0,12
201800021930,18,6,13,1215,1,1,3,1.0,3.0,12207,M,4413947.0,247516.0,12
201800021931,18,10,5,1915,2,1,1,1.0,1.0,12197,M,4398771.0,256358.0,12
201800021932,18,1,19,1815,3,1,1,3.0,6.0,64396,M,4343830.0,-63123.0,64
201800021933,18,3,11,1525,1,1,4,1.0,1.0,64556,M,4335120.0,-68640.0,64
201800021934,18,5,18,2000,1,2,3,1.0,3.0,64410,M,4337930.0,-60665.0,64
201800021935,18,7,25,1245,1,1,1,1.0,6.0,64396,M,4343530.0,-66219.0,64
201800021936,18,8,1,930,1,2,6,1.0,6.0,64061,M,4339900.0,-57027.0,64
201800021937,18,8,17,750,1,1,1,3.0,7.0,64144,M,4344590.0,-51237.0,64