Num_Acc,an,mois,jour,hrmn,lum,agg,int,atm,col,com,gps,lat,long,dep
201800021938,18,10,10,1115,1,1,8,1.0,7.0,64410,M,4338130.0,-59580.0,64
201800021939,18,10,12,1415,1,1,9,2.0,6.0,64396,M,4343910.0,-64173.0,64
201800021940,18,10,30,1645,1,2,4,1.0,3.0,64061,M,4339980.0,-56650.0,64
201800021941,18,4,12,1650,1,2,6,1.0,6.0,68253,M,4779005.0,751099.0,68
201800021942,18,4,15,1440,1,2,1,1.0,1.0,68300,M,4778645.0,736812.0,68
201800021943,18,5,19,1755,1,1,3,1.0,2.0,68064,M,4784836.0,755356.0,68
201800021944,18,5,21,1100,1,2,1,1.0,3.0,68020,M,4781071.0,750605.0,68
201800021945,18,5,23,1344,1,1,3,1.0,2.0,68064,M,4784915.0,755344.0,68
201800021946,18,6,11,1535,1,1,1,2.0,1.0,68015,M,4779303.0,743440.0,68
201800021947,18,7,27,1938,1,2,1,7.0,6.0,68289,M,4783190.0,734025.0,68
201800021948,18,7,29,1208,1,2,1,1.0,6.0,68300,M,4778163.0,736569.0,68
201800021949,18,9,9,928,1,2,6,1.0,6.0,68300,M,4777954.0,736500.0,68
201800021950,18,10,19,2350,3,1,1,1.0,2.0,68300,M,4779272.0,745078.0,68
201800021951,18,10,20,1300,1,1,1,1.0,3.0,68022,M,4781305.0,743850.0,68
201800021952,18,10,31,1850,5,2,2,1.0,1.0,68254,M,4773063.0,751430.0,68
201800021953,18,11,25,145,3,1,9,5.0,7.0,68300,M,4777307.0,739486.0,68
201800021954,18,11,19,1150,1,1,4,1.0,2.0,68300,M,4779250.0,739888.0,68
201800021955,18,1,7,220,5,2,1,5.0,6.0,01166,M,4559090.0,445570.0,01
201800021956,18,1,25,2100,3,1,1,1.0,1.0,01166,M,4598591.0,476615.0,01
201800021957,18,3,5,1200,1,2,1,1.0,1.0,01194,M,4597880.0,476121.0,01
201800021958,18,3,16,1350,1,1,1,3.0,1.0,01075,M,4603742.0,477820.0,01
201800021959,18,3,21,1600,1,1,2,1.0,3.0,01446,M,4602601.0,489791.0,01
201800021960,18,5,14,850,1,2,3,2.0,3.0,01398,M,4600068.0,485004.0,01
201800021961,18,5,23,1430,1,2,1,1.0,1.0,01322,M,4593038.0,482157.0,01
201800021962,18,6,16,1720,1,1,3,7.0,6.0,01157,M,4601610.0,475332.0,01
201800021963,18,6,17,1210,1,2,4,1.0,5.0,01427,M,4594081.0,477449.0,01
201800021964,18,6,25,1900,1,2,1,1.0,1.0,01075,M,4603131.0,480260.0,01
201800021965,18,8,11,1638,1,1,1,1.0,7.0,01194,M,4596819.0,475922.0,01
201800021966,18,10,20,1200,1,2,1,1.0,7.0,01194,M,4599477.0,475665.0,01
201800021967,18,10,19,2130,5,2,1,1.0,1.0,01166,M,4598584.0,476614.0,01
201800021968,18,10,30,1353,1,2,1,1.0,2.0,01194,M,4598533.0,475454.0,01
201800021969,18,11,12,1400,1,2,3,1.0,3.0,01194,M,4598381.0,475804.0,01
201800021970,18,12,8,1740,3,2,1,2.0,1.0,01322,M,4592508.0,482585.0,01
201800021971,18,1,11,1715,2,2,1,1.0,7.0,28337,M,4842465.0,136459.0,28
201800021972,18,2,22,2105,3,1,1,1.0,7.0,28035,M,4835657.0,154665.0,28
201800021973,18,5,13,1700,1,1,3,1.0,2.0,28358,M,4850720.0,151351.0,28
201800021974,18,6,15,1530,1,2,1,1.0,6.0,28022,M,4849210.0,139702.0,28
201800021975,18,6,28,1700,1,1,2,1.0,3.0,28177,M,4839946.0,151564.0,28
201800021976,18,7,15,1615,1,1,2,1.0,3.0,28358,M,4850669.0,150988.0,28
201800021977,18,8,27,955,1,1,1,2.0,2.0,28337,M,4843134.0,137761.0,28
201800021978,18,8,25,1100,1,1,1,1.0,1.0,28158,M,4840984.0,142167.0,28
201800021979,18,9,5,1158,1,1,1,1.0,5.0,28278,M,4846136.0,157791.0,28
201800021980,18,10,24,1930,3,1,2,1.0,3.0,28309,M,4836159.0,161568.0,28
201800021981,18,10,24,1615,1,1,1,1.0,5.0,28281,M,4838247.0,136053.0,28
201800021982,18,10,30,1645,1,1,1,1.0,6.0,28022,M,4848381.0,139682.0,28
201800021983,18,10,31,1550,1,1,1,2.0,1.0,28388,M,4838072.0,144754.0,28
201800021984,18,11,19,1845,3,2,3,1.0,3.0,28024,M,4840874.0,146522.0,28
201800021985,18,11,30,745,3,1,1,1.0,5.0,28100,M,4843760.0,137663.0,28
201800021986,18,1,3,1507,1,2,6,1.0,2.0,29019,M,4841250.0,-447561.0,29
201800021987,18,1,10,1211,1,2,1,1.0,6.0,29019,M,4840761.0,-451458.0,29
201800021988,18,1,11,816,5,2,1,2.0,2.0,29019,M,4838722.0,-448611.0,29
201800021989,18,1,11,715,5,2,2,1.0,6.0,29019,M,4838227.0,-450351.0,29
201800021990,18,1,3,1920,3,2,6,3.0,6.0,29019,M,4840532.0,-447822.0,29
201800021991,18,1,11,1700,1,2,1,1.0,6.0,29019,M,4840630.0,-446824.0,29
201800021992,18,1,14,1615,1,2,1,1.0,1.0,29019,M,4842290.0,-449490.0,29
201800021993,18,1,17,1150,1,2,1,1.0,6.0,29019,M,4839988.0,-449680.0,29
201800021994,18,1,9,2015,5,2,1,2.0,6.0,29019,M,4837640.0,-455330.0,29
201800021995,18,1,15,750,5,2,1,3.0,6.0,29019,M,4840118.0,-445008.0,29
201800021996,18,1,19,1707,1,2,3,1.0,3.0,29019,M,4841206.0,-448424.0,29
201800021997,18,1,12,1940,5,2,3,1.0,3.0,29019,M,4838016.0,-453340.0,29
201800021998,18,1,12,830,2,2,1,1.0,6.0,29019,M,4839773.0,-448253.0,29
201800021999,18,1,27,1920,5,2,2,1.0,3.0,29019,M,4841623.0,-446803.0,29
201800022000,18,1,31,759,5,2,1,3.0,6.0,29019,M,4840745.0,-451027.0,29
201800022001,18,1,25,752,5,2,6,1.0,6.0,29019,M,4838139.0,-452715.0,29
201800022002,18,2,12,1340,1,2,3,1.0,3.0,29019,M,4841959.0,-449598.0,29
201800022003,18,1,18,1630,1,2,1,1.0,7.0,29019,M,4838316.0,-450920.0,29
201800022004,18,1,18,1355,1,2,2,1.0,6.0,29019,M,4839170.0,-447396.0,29
201800022005,18,2,12,1009,1,2,6,1.0,3.0,29019,M,4839805.0,-446523.0,29
201800022006,18,2,13,1402,1,2,1,1.0,2.0,29019,M,4839299.0,-448781.0,29
201800022007,18,1,6,1120,1,2,3,1.0,3.0,29019,M,4841763.0,-447652.0,29
201800022008,18,2,19,639,5,2,3,1.0,3.0,29019,M,4838089.0,-448902.0,29
201800022009,18,2,17,1255,1,2,3,1.0,2.0,29019,M,4840147.0,445674.0,29
201800022010,18,2,22,1501,1,2,3,1.0,3.0,29019,M,4840722.0,-447237.0,29
201800022011,18,2,12,627,5,2,1,4.0,6.0,29019,M,4841049.0,-451861.0,29
201800022012,18,2,16,842,1,2,3,1.0,6.0,29019,M,4839815.0,-448197.0,29
201800022013,18,2,24,1755,1,2,1,1.0,6.0,29019,M,4840368.0,-446550.0,29
201800022014,18,2,11,1920,5,2,2,1.0,6.0,29019,M,4840992.0,-451446.0,29
201800022015,18,3,7,2030,5,2,2,1.0,3.0,29019,M,4839338.0,-448114.0,29
201800022016,18,3,5,1745,1,2,6,1.0,6.0,29019,M,4840531.0,-447796.0,29
201800022017,18,2,28,1205,1,2,1,1.0,2.0,29019,M,4842123.0,-447716.0,29
201800022018,18,2,14,525,5,2,1,2.0,2.0,29019,M,4839530.0,-453810.0,29
201800022019,18,3,13,900,1,2,3,1.0,6.0,29019,M,4842590.0,-447045.0,29
201800022020,18,3,15,1348,1,2,1,1.0,6.0,29019,M,4840121.0,-450629.0,29
201800022021,18,3,19,2034,5,2,1,2.0,3.0,29019,M,4841048.0,-451855.0,29
201800022022,18,3,28,2045,5,2,1,1.0,2.0,29019,M,4839926.0,-453154.0,29
201800022023,18,3,21,1200,1,2,2,1.0,3.0,29019,M,4840753.0,-448496.0,29
201800022024,18,3,9,25,5,2,1,8.0,6.0,29019,M,4838178.0,-452592.0,29
201800022025,18,3,11,450,5,2,1,1.0,6.0,29019,M,4840620.0,-447910.0,29
201800022026,18,3,21,2330,5,2,3,1.0,6.0,29019,M,4840510.0,-449471.0,29
201800022027,18,3,1,1400,1,2,3,4.0,2.0,29019,M,4841869.0,-449544.0,29
201800022028,18,3,13,1015,1,2,2,1.0,3.0,29019,M,4841410.0,-447387.0,29
201800022029,18,2,6,2000,5,2,1,1.0,6.0,29019,M,4840470.0,-449798.0,29
201800022030,18,2,11,1300,1,2,3,1.0,3.0,29019,M,4838814.0,-448302.0,29
201800022031,18,5,15,1617,1,2,1,1.0,6.0,29019,M,4839563.0,-448417.0,29
201800022032,18,4,4,750,5,2,2,2.0,2.0,29019,M,4839404.0,-449617.0,29
201800022033,18,4,6,747,1,2,2,1.0,3.0,29019,M,4838600.0,-450120.0,29
201800022034,18,4,7,1045,1,2,2,1.0,3.0,29019,M,4840431.0,-447004.0,29
201800022035,18,3,30,425,4,2,6,2.0,6.0,29019,M,4839515.0,-453907.0,29
201800022036,18,4,12,1400,1,2,1,1.0,2.0,29019,M,4842717.0,-447352.0,29
201800022037,18,4,13,1755,1,2,1,1.0,3.0,29019,M,4840417.0,-450944.0,29
201800022038,18,4,16,1040,1,2,6,1.0,3.0,29019,M,4841404.0,-447943.0,29
201800022039,18,4,18,740,1,2,2,1.0,3.0,29019,M,4837734.0,-454364.0,29
201800022040,18,4,17,2135,5,2,1,1.0,3.0,29019,M,4839172.0,-450477.0,29
201800022041,18,4,22,1750,1,2,1,1.0,6.0,29019,M,4838243.0,-448526.0,29
201800022042,18,4,16,1326,1,2,6,1.0,7.0,29019,M,4838965.0,-443850.0,29
201800022043,18,4,22,415,5,2,1,1.0,6.0,29019,M,4842612.0,-448740.0,29
201800022044,18,4,27,910,1,2,2,8.0,3.0,29019,M,4839339.0,-448115.0,29
201800022045,18,4,26,1612,1,2,6,1.0,3.0,29019,M,4839757.0,-448907.0,29
201800022046,18,4,28,1218,1,2,2,1.0,3.0,29019,M,4840639.0,-446780.0,29
201800022047,18,4,30,1535,1,2,1,1.0,6.0,29019,M,4838834.0,-448204.0,29
201800022048,18,4,7,2040,1,2,1,1.0,6.0,29019,M,4841620.0,-449121.0,29
201800022049,18,5,3,1425,1,2,3,1.0,3.0,29019,M,4841364.0,-447539.0,29
201800022050,18,5,12,930,1,2,6,1.0,3.0,29019,M,4841839.0,-446312.0,29
201800022051,18,5,9,2314,5,2,2,2.0,3.0,29019,M,4839979.0,-448612.0,29
201800022052,18,5,22,825,1,2,6,1.0,3.0,29019,M,4838539.0,-452817.0,29
201800022053,18,5,22,2328,5,2,1,1.0,6.0,29019,M,4841050.0,-449978.0,29
201800022054,18,5,24,550,5,2,1,1.0,6.0,29019,M,4838299.0,-451002.0,29
201800022055,18,5,24,1830,1,2,1,1.0,6.0,29019,M,4841560.0,-448833.0,29
201800022056,18,5,25,910,1,2,3,1.0,3.0,29019,M,4841379.0,-449146.0,29
201800022057,18,5,25,1745,1,2,1,1.0,2.0,29019,M,4837742.0,454642.0,29
201800022058,18,5,25,1750,1,2,1,1.0,4.0,29019,M,4840120.0,-448377.0,29
201800022059,18,5,26,510,3,2,2,1.0,3.0,29019,M,4840712.0,-450160.0,29
201800022060,18,5,30,910,1,1,6,1.0,2.0,29019,M,4841639.0,-447926.0,29
201800022061,18,5,30,921,1,2,6,1.0,3.0,29019,M,4841426.0,-447883.0,29
201800022062,18,5,29,1045,1,2,3,1.0,3.0,29019,M,4840294.0,-448870.0,29
201800022063,18,6,3,2028,1,2,6,2.0,3.0,29019,M,4838536.0,-452830.0,29
201800022064,18,6,4,1100,1,2,1,2.0,2.0,29019,M,4842225.0,-449971.0,29
201800022065,18,6,7,1630,1,2,1,1.0,6.0,29019,M,4840315.0,-446251.0,29
201800022066,18,6,10,1800,1,2,1,1.0,6.0,29019,M,4838727.0,450797.0,29
201800022067,18,6,9,1418,1,2,1,1.0,2.0,29019,M,4841338.0,-448008.0,29
201800022068,18,6,13,1635,1,2,1,1.0,3.0,29019,M,4839556.0,-452363.0,29
201800022069,18,6,16,829,1,2,2,2.0,3.0,29019,M,4838608.0,450125.0,29
201800022070,18,6,18,1759,1,2,1,1.0,4.0,29019,M,4840221.0,-448248.0,29
201800022071,18,6,20,1940,1,2,1,1.0,2.0,29019,M,4839708.0,-448686.0,29
201800022072,18,6,23,1222,1,2,6,1.0,3.0,29019,M,4838671.0,-447082.0,29
201800022073,18,6,1,2030,1,2,1,1.0,2.0,29019,M,4840050.0,-466998.0,29
201800022074,18,6,21,342,5,2,1,1.0,6.0,29019,M,4839093.0,-453321.0,29
201800022075,18,6,27,1530,1,2,1,1.0,6.0,29019,M,4837483.0,-455739.0,29
201800022076,18,6,21,1639,1,2,4,1.0,4.0,29019,M,4841011.0,-451473.0,29
201800022077,18,6,29,1411,1,2,1,1.0,6.0,29019,M,4839510.0,-447950.0,29
201800022078,18,7,3,1027,1,2,6,1.0,3.0,29019,M,4840390.0,-447488.0,29
201800022079,18,7,9,921,1,2,2,1.0,6.0,29019,M,4841144.0,-445736.0,29
201800022080,18,7,4,1625,1,2,1,1.0,2.0,29019,M,4837961.0,-453534.0,29
201800022081,18,7,10,1850,1,2,1,1.0,2.0,29019,M,4838343.0,-449177.0,29
201800022082,18,7,10,2239,5,2,1,1.0,6.0,29019,M,4838266.0,-448495.0,29
201800022083,18,7,13,1240,1,1,3,1.0,1.0,29019,M,4843300.0,-449069.0,29
201800022084,18,7,12,1935,1,2,2,1.0,3.0,29019,M,4838140.0,-451536.0,29
201800022085,18,6,29,2113,1,2,1,1.0,1.0,29019,M,4840390.0,-452371.0,29
201800022086,18,7,20,1640,1,2,3,1.0,6.0,29019,M,4842570.0,-448009.0,29
201800022087,18,7,21,1015,1,2,1,1.0,6.0,29019,M,4838291.0,-452024.0,29
201800022088,18,7,13,1446,1,2,1,1.0,4.0,29019,M,4841290.0,-450434.0,29
201800022089,18,7,10,2210,5,2,1,1.0,3.0,29019,M,4838586.0,-452774.0,29
201800022090,18,8,3,1118,1,2,1,1.0,6.0,29019,M,4840406.0,-450481.0,29
201800022091,18,8,5,2051,2,1,1,1.0,2.0,29019,M,4841523.0,-447972.0,29
201800022092,18,8,7,2016,2,2,6,1.0,3.0,29019,M,4838537.0,-452804.0,29
201800022093,18,8,8,1152,1,2,1,1.0,3.0,29019,M,4841010.0,-447050.0,29
201800022094,18,8,10,1120,1,2,1,1.0,2.0,29019,M,4841440.0,-448680.0,29
201800022095,18,8,11,2000,1,2,6,1.0,2.0,29019,M,4841515.0,-447972.0,29
201800022096,18,8,13,2020,1,2,1,1.0,3.0,29019,M,4840462.0,-450664.0,29
201800022097,18,8,13,1421,1,2,3,1.0,3.0,29019,M,4836799.0,-454870.0,29
201800022098,18,8,14,950,1,2,2,2.0,3.0,29019,M,4842236.0,-449821.0,29
201800022099,18,8,18,210,5,2,1,1.0,6.0,29019,M,4839725.0,-449131.0,29
201800022100,18,8,21,1813,1,2,1,1.0,2.0,29019,M,4840635.0,-447647.0,29
201800022101,18,8,29,1745,1,2,1,1.0,5.0,29019,M,4838292.0,-451756.0,29
201800022102,18,8,30,1345,1,2,6,1.0,3.0,29019,M,4839796.0,-448921.0,29
201800022103,18,9,8,1440,1,2,1,1.0,4.0,29019,M,4840200.0,-446100.0,29
201800022104,18,9,10,1310,1,2,1,1.0,2.0,29019,M,4838503.0,-452798.0,29
201800022105,18,9,13,1619,1,2,6,1.0,2.0,29019,M,4839520.0,-453864.0,29
201800022106,18,9,24,830,1,2,1,1.0,3.0,29019,M,4837980.0,-453379.0,29
201800022107,18,9,24,1746,1,2,6,1.0,6.0,29019,M,4838530.0,-452804.0,29
201800022108,18,10,18,1209,1,2,1,1.0,6.0,29019,M,4838143.0,-452856.0,29
201800022109,18,10,16,800,2,2,1,1.0,2.0,29019,M,4839360.0,-444540.0,29
201800022110,18,9,29,1735,1,2,1,1.0,3.0,29019,M,4839040.0,-447012.0,29
201800022111,18,9,30,1300,1,2,1,2.0,6.0,29019,M,4838443.0,-448369.0,29
201800022112,18,9,27,1553,1,2,3,1.0,2.0,29019,M,4839959.0,-446596.0,29
201800022113,18,10,2,735,2,2,1,1.0,6.0,29019,M,4840910.0,-448042.0,29
201800022114,18,10,4,735,1,2,1,1.0,3.0,29019,M,4838899.0,-445832.0,29
201800022115,18,10,5,1333,1,2,3,1.0,3.0,29019,M,4839940.0,-448534.0,29
201800022116,18,10,18,1323,1,2,1,1.0,3.0,29019,M,4841270.0,-446835.0,29
201800022117,18,10,7,20,5,2,1,1.0,2.0,29019,M,4838730.0,-448480.0,29
201800022118,18,10,8,1400,1,2,9,1.0,2.0,29019,M,4842350.0,-447723.0,29
201800022119,18,10,5,851,2,2,1,1.0,6.0,29019,M,4839091.0,-447032.0,29
201800022120,18,10,9,845,1,2,1,1.0,3.0,29019,M,4839958.0,-448618.0,29
201800022121,18,10,9,1220,1,2,1,1.0,1.0,29019,M,4839090.0,-450639.0,29
201800022122,18,10,8,2158,4,2,1,1.0,6.0,29019,M,4839567.0,-447752.0,29
201800022123,18,10,9,1800,1,2,2,1.0,6.0,29019,M,4840557.0,-451122.0,29
201800022124,18,10,9,1910,1,2,6,1.0,3.0,29019,M,4842333.0,-450518.0,29
201800022125,18,10,11,1015,1,2,1,1.0,7.0,29019,M,4842130.0,-450800.0,29
201800022126,18,10,12,1130,1,2,1,1.0,1.0,29019,M,4840729.0,-449189.0,29
201800022127,18,10,14,645,2,2,1,2.0,6.0,29019,M,4838432.0,-448404.0,29
201800022128,18,10,14,1800,1,2,1,2.0,6.0,29019,M,4838773.0,-451223.0,29
201800022129,18,10,15,945,1,2,1,1.0,3.0,29019,M,4842640.0,-447780.0,29
201800022130,18,10,20,1640,1,2,2,1.0,3.0,29019,M,4839020.0,-447110.0,29
201800022131,18,10,17,840,1,2,2,2.0,3.0,29019,M,4837340.0,-453745.0,29
201800022132,18,10,18,1815,1,2,2,1.0,3.0,29019,M,4842468.0,-446720.0,29
201800022133,18,10,22,650,2,2,6,2.0,3.0,29019,M,4839144.0,-448842.0,29
201800022134,18,10,24,823,1,2,6,1.0,3.0,29019,M,4838339.0,-448550.0,29
201800022135,18,10,20,1640,1,2,3,1.0,3.0,29019,M,4838965.0,-451280.0,29
201800022136,18,10,23,1745,1,2,9,1.0,4.0,29019,M,4838852.0,-451543.0,29
201800022137,18,10,29,1841,2,2,2,1.0,2.0,29019,M,4841316.0,-449612.0,29
201800022138,18,10,31,1255,1,2,2,1.0,3.0,29019,M,4838484.0,-448915.0,29
201800022139,18,11,1,130,5,2,3,1.0,6.0,29019,M,4838453.0,-449360.0,29
201800022140,18,11,4,1806,2,1,6,2.0,4.0,29019,M,4841497.0,-447854.0,29
201800022141,18,11,6,855,1,2,1,1.0,5.0,29019,M,4839741.0,-453108.0,29
201800022142,18,11,3,1518,1,2,2,6.0,1.0,29019,M,4841228.0,-447137.0,29
201800022143,18,11,9,1640,2,2,1,3.0,6.0,29019,M,4840287.0,-448134.0,29
201800022144,18,11,13,725,5,2,1,1.0,6.0,29019,M,4840734.0,-451035.0,29
201800022145,18,11,20,1850,5,2,6,2.0,3.0,29019,M,4839206.0,-448760.0,29
201800022146,18,11,23,610,5,2,5,1.0,3.0,29019,M,4838695.0,-452779.0,29
201800022147,18,11,24,1230,1,2,1,1.0,7.0,29019,M,4837820.0,-454504.0,29
201800022148,18,11,25,1350,1,2,1,1.0,2.0,29019,M,4839284.0,-445262.0,29
201800022149,18,11,25,1750,5,2,2,1.0,3.0,29019,M,4839976.0,-448617.0,29
201800022150,18,11,22,830,1,2,9,1.0,3.0,29019,M,4843556.0,-448936.0,29
201800022151,18,11,27,1700,1,1,1,2.0,4.0,29019,M,4842828.0,-447485.0,29
201800022152,18,11,29,1640,1,2,1,2.0,2.0,29019,M,4841331.0,-448534.0,29
201800022153,18,11,29,1820,5,2,1,1.0,6.0,29019,M,4841028.0,-447628.0,29
201800022154,18,12,2,1820,4,2,1,2.0,2.0,29019,M,4838090.0,-452710.0,29
201800022155,18,12,5,2015,5,2,1,2.0,6.0,29019,M,4839126.0,-446196.0,29
201800022156,18,12,8,1803,2,2,6,1.0,3.0,29019,M,4839291.0,-448454.0,29
201800022157,18,12,9,20,5,2,1,8.0,6.0,29019,M,4839898.0,-445788.0,29
201800022158,18,12,6,1731,2,2,1,2.0,6.0,29019,M,4840745.0,-445975.0,29
201800022159,18,12,10,1700,1,2,6,1.0,3.0,29019,M,4840924.0,-448255.0,29
201800022160,18,12,11,1800,4,2,1,1.0,6.0,29019,M,4839555.0,-452683.0,29
201800022161,18,11,27,1629,2,2,1,3.0,6.0,29019,M,4840112.0,-448400.0,29
201800022162,18,12,7,900,2,2,1,3.0,6.0,29019,M,4839818.0,-447206.0,29
201800022163,18,12,13,1832,5,2,1,2.0,6.0,29019,M,4841403.0,-448207.0,29
201800022164,18,12,16,504,5,2,1,2.0,6.0,29019,M,4838530.0,-448280.0,29
201800022165,18,12,14,2106,5,2,1,1.0,6.0,29019,M,4839745.0,-447396.0,29
201800022166,18,11,26,1758,5,2,1,1.0,6.0,29019,M,4840472.0,-449899.0,29
201800022167,18,12,19,1815,5,2,3,1.0,3.0,29019,M,4840400.0,-448000.0,29
201800022168,18,11,13,2107,5,2,3,2.0,3.0,29019,M,4841005.0,-449085.0,29
201800022169,18,12,6,1925,5,2,3,2.0,3.0,29019,M,4839587.0,-444183.0,29
201800022170,18,12,20,1730,5,2,3,2.0,5.0,29019,M,4841580.0,-449213.0,29
201800022171,18,12,27,1108,1,2,2,1.0,3.0,29019,M,4841615.0,-446842.0,29
201800022172,18,12,28,855,1,2,2,1.0,3.0,29019,M,4841620.0,-446819.0,29
201800022173,18,12,28,1245,1,2,1,1.0,3.0,29019,M,4840050.0,-446885.0,29
201800022174,18,1,1,900,1,1,1,8.0,6.0,40164,M,4412194.0,-27607.0,40
201800022175,18,6,5,1000,1,1,1,3.0,7.0,40164,M,4413406.0,-27575.0,40
201800022176,18,8,16,1840,1,1,1,1.0,6.0,40245,M,4403856.0,-32879.0,40
201800022177,18,9,4,1428,1,1,1,1.0,1.0,40158,M,4407788.0,-3719.0,40
201800022178,18,11,23,510,3,1,1,2.0,3.0,40320,M,4393358.0,-56897.0,40
201800022179,18,12,21,2245,3,1,1,2.0,6.0,40164,M,4412982.0,-27590.0,40
201800022180,18,1,8,1835,2,2,1,1.0,1.0,29039,M,4787565.0,-391912.0,29
201800022181,18,1,15,2015,3,1,1,2.0,6.0,29039,M,4792700.0,-389833.0,29
201800022182,18,1,28,1940,5,1,6,2.0,6.0,29039,M,4787991.0,-390670.0,29
201800022183,18,1,29,1307,1,2,1,1.0,7.0,29039,M,4788569.0,-391419.0,29
201800022184,18,2,6,2027,3,1,1,4.0,1.0,29039,M,4791173.0,-390372.0,29
201800022185,18,2,21,345,5,2,3,1.0,7.0,29039,M,4787589.0,-390853.0,29
201800022186,18,3,4,1905,5,2,4,1.0,7.0,29039,M,4787474.0,-391890.0,29
201800022187,18,3,9,1745,1,1,1,8.0,6.0,29039,M,4791872.0,-390330.0,29
201800022188,18,3,23,1545,1,1,1,8.0,7.0,29039,M,4792100.0,-390673.0,29
201800022189,18,3,24,1905,2,2,1,8.0,3.0,29039,M,4788415.0,-390613.0,29
201800022190,18,4,24,805,1,1,2,1.0,3.0,29039,M,4792073.0,-392859.0,29
201800022191,18,4,27,1330,1,2,2,2.0,2.0,29039,M,4788127.0,-390969.0,29
201800022192,18,5,13,810,1,2,1,1.0,6.0,29039,M,4788150.0,-392226.0,29
201800022193,18,5,15,1705,1,2,1,1.0,6.0,29039,M,4788915.0,-391774.0,29
201800022194,18,5,22,400,3,2,1,1.0,6.0,29039,M,4790445.0,-390712.0,29
201800022195,18,5,29,1425,1,1,1,2.0,7.0,29039,M,4787660.0,-388577.0,29
201800022196,18,6,12,1720,1,2,6,1.0,2.0,29039,M,4789473.0,-391396.0,29
201800022197,18,6,14,1215,1,2,1,2.0,7.0,29039,M,4789579.0,-391331.0,29
201800022198,18,6,16,1420,1,1,1,2.0,2.0,29039,M,4789635.0,-391295.0,29
201800022199,18,6,19,1730,1,2,1,1.0,3.0,29039,M,4786128.0,-388523.0,29
201800022200,18,6,25,1530,1,2,9,1.0,3.0,29039,M,4789166.0,-391653.0,29
201800022201,18,6,26,1545,1,1,1,1.0,6.0,29039,M,4793622.0,-391110.0,29
201800022202,18,7,7,145,3,1,1,1.0,7.0,29039,M,4789844.0,-393557.0,29
201800022203,18,7,9,2048,1,1,2,1.0,3.0,29039,M,4787417.0,-389823.0,29
201800022204,18,7,19,1220,1,1,1,1.0,7.0,29039,M,4789480.0,-394138.0,29
201800022205,18,7,27,1520,1,2,9,2.0,3.0,29039,M,4788800.0,-390823.0,29
201800022206,18,7,31,1110,1,1,1,1.0,5.0,29039,M,4786958.0,-389549.0,29
201800022207,18,8,10,1135,1,2,1,1.0,1.0,29039,M,4786877.0,-390014.0,29
201800022208,18,8,11,140,5,2,3,1.0,1.0,29039,M,4787593.0,-390648.0,29
201800022209,18,8,22,1710,1,1,1,1.0,7.0,29039,M,4788111.0,-390956.0,29
201800022210,18,8,25,1740,1,2,6,1.0,3.0,29039,M,4788839.0,-391888.0,29
201800022211,18,9,7,1200,1,2,1,1.0,2.0,29039,M,4787800.0,-390127.0,29
201800022212,18,9,14,800,1,1,1,1.0,7.0,29039,M,4793675.0,-392071.0,29
201800022213,18,9,19,554,5,2,1,1.0,6.0,29039,M,4789978.0,-391309.0,29
201800022214,18,10,22,1400,1,2,1,1.0,5.0,29039,M,4789159.0,-392302.0,29
201800022215,18,10,25,1040,1,2,6,1.0,3.0,29039,M,4788263.0,-391921.0,29
201800022216,18,11,7,1150,1,2,1,2.0,3.0,29039,M,4788348.0,-391793.0,29
201800022217,18,11,15,815,2,2,1,2.0,7.0,29039,M,4789183.0,-392417.0,29
201800022218,18,11,20,740,3,1,1,1.0,2.0,29039,M,4793927.0,-391754.0,29
201800022219,18,11,29,1705,1,2,1,8.0,7.0,29039,M,4787472.0,-391721.0,29
201800022220,18,11,30,1645,1,2,1,1.0,7.0,29039,M,4787461.0,-391715.0,29
201800022221,18,12,13,1910,3,1,1,8.0,6.0,29039,M,4787802.0,-387902.0,29
201800022222,18,12,27,1520,1,2,1,1.0,6.0,29039,M,4786293.0,-388701.0,29
201800022223,18,12,31,1925,3,1,1,1.0,6.0,29039,M,4788459.0,-391263.0,29
201800022224,18,2,3,2319,3,1,1,2.0,2.0,29151,M,4859533.0,-382514.0,29
201800022225,18,2,16,1725,1,2,1,1.0,6.0,29151,M,4858208.0,-383323.0,29
201800022226,18,5,15,1635,1,1,9,1.0,6.0,29151,M,4859569.0,-383129.0,29
201800022227,18,6,27,1715,1,1,1,1.0,7.0,29151,M,4862571.0,-384760.0,29
201800022228,18,7,20,1500,1,1,9,1.0,7.0,29151,M,4857512.0,-371962.0,29
201800022229,18,8,23,1015,1,2,1,1.0,6.0,29151,M,4858946.0,-381472.0,29
201800022230,18,8,23,1215,1,2,1,2.0,6.0,29151,M,4858264.0,-381992.0,29
201800022231,18,8,25,1612,1,2,1,1.0,7.0,29151,M,4857510.0,-384275.0,29
201800022232,18,10,8,1230,1,1,1,1.0,2.0,29151,M,4860510.0,-382993.0,29
201800022233,18,10,19,1125,1,2,6,1.0,3.0,29254,M,4857400.0,-385655.0,29
201800022234,18,11,3,1720,2,1,3,1.0,3.0,29151,M,4859730.0,-381152.0,29
201800022235,18,11,18,1330,1,2,6,1.0,2.0,29151,M,4858747.0,-381427.0,29
201800022236,18,11,29,1815,2,2,1,1.0,2.0,29254,M,4857501.0,-384627.0,29