Num_Acc,an,mois,jour,hrmn,lum,agg,int,atm,col,com,gps,lat,long,dep
201800022237,18,2,3,940,1,1,1,1.0,2.0,52332,M,4801944.0,552931.0,52
201800022238,18,3,15,740,1,1,1,3.0,7.0,52014,M,4777190.0,520293.0,52
201800022239,18,4,5,1505,1,2,1,1.0,4.0,52014,M,4775483.0,519037.0,52
201800022240,18,4,23,245,3,1,1,1.0,6.0,52205,M,4800093.0,511614.0,52
201800022241,18,5,3,531,2,1,1,1.0,2.0,52258,M,4810634.0,479493.0,52
201800022242,18,5,9,2020,2,1,1,3.0,6.0,52519,M,4769916.0,518630.0,52
201800022243,18,6,20,1930,1,1,1,1.0,2.0,52384,M,4780824.0,522418.0,52
201800022244,18,7,8,1020,1,1,6,1.0,6.0,52114,M,4805531.0,495845.0,52
201800022245,18,7,30,540,2,1,1,1.0,2.0,52189,M,4768116.0,517869.0,52
201800022246,18,9,4,1500,1,1,1,1.0,2.0,52312,M,4788477.0,522241.0,52
201800022247,18,1,14,745,1,1,1,1.0,7.0,57373,M,4907938.0,673937.0,57
201800022248,18,1,17,1500,1,2,2,8.0,3.0,57224,M,4906926.0,668441.0,57
201800022249,18,1,22,1355,1,1,1,3.0,6.0,57224,M,4906306.0,667728.0,57
201800022250,18,4,6,1000,1,2,1,1.0,7.0,57690,M,4908714.0,670144.0,57
201800022251,18,4,16,740,1,2,1,7.0,6.0,57224,M,4907819.0,668395.0,57
201800022252,18,7,2,1545,1,1,1,1.0,1.0,57015,M,4906412.0,674958.0,57
201800022253,18,9,20,1540,1,1,1,1.0,1.0,57690,M,4907257.0,670058.0,57
201800022254,18,10,7,1300,1,2,1,1.0,6.0,57690,M,4909356.0,671544.0,57
201800022255,18,3,2,810,1,2,1,2.0,7.0,76238,M,4956369.0,22710.0,76
201800022256,18,11,2,1520,1,1,1,1.0,1.0,76534,M,4957385.0,21777.0,76
201800022257,18,1,29,1230,1,1,1,1.0,5.0,41046,M,4763939.0,194834.0,41
201800022258,18,2,20,1745,2,1,1,2.0,5.0,41106,M,4759439.0,198438.0,41
201800022259,18,2,28,2310,3,1,1,4.0,7.0,41256,M,4731913.0,203949.0,41
201800022260,18,5,12,700,2,1,1,1.0,7.0,41161,M,4760121.0,197636.0,41
201800022261,18,7,9,1150,1,1,1,1.0,7.0,41232,M,4740051.0,203443.0,41
201800022262,18,7,17,1301,1,1,1,1.0,2.0,41161,M,4753002.0,200370.0,41
201800022263,18,7,25,1150,1,1,1,7.0,7.0,41046,M,4766050.0,193111.0,41
201800022264,18,9,2,1510,1,1,1,1.0,7.0,41046,M,4762682.0,195844.0,41
201800022265,18,1,3,1936,5,2,6,2.0,3.0,29232,M,4798997.0,-413195.0,29
201800022266,18,1,4,1620,1,1,1,2.0,2.0,29232,M,4797905.0,-407621.0,29
201800022267,18,1,6,2030,5,2,1,1.0,3.0,29232,M,4799298.0,-408581.0,29
201800022268,18,1,9,1630,1,2,1,3.0,1.0,29232,M,4797381.0,-406568.0,29
201800022269,18,1,11,930,1,2,1,1.0,6.0,29232,M,4799452.0,-410443.0,29
201800022270,18,1,17,2000,3,1,1,1.0,6.0,29232,M,4798875.0,-407470.0,29
201800022271,18,1,18,820,3,2,1,2.0,6.0,29232,M,4798948.0,-413094.0,29
201800022272,18,1,15,1247,1,2,1,2.0,4.0,29232,M,4799026.0,-411038.0,29
201800022273,18,1,19,915,1,2,1,1.0,6.0,29232,M,4798396.0,-406924.0,29
201800022274,18,1,23,720,4,2,1,1.0,6.0,29232,M,4799612.0,-409559.0,29
201800022275,18,1,22,1425,1,1,1,2.0,6.0,29232,M,4800692.0,-415918.0,29
201800022276,18,1,24,1750,2,2,1,2.0,2.0,29232,M,4799205.0,-407355.0,29
201800022277,18,1,25,810,2,1,1,2.0,2.0,29232,M,4797822.0,-412971.0,29
201800022278,18,1,6,1915,5,2,1,1.0,7.0,29232,M,4798405.0,-412582.0,29
201800022279,18,1,20,1720,1,2,1,2.0,7.0,29232,M,4798427.0,-411308.0,29
201800022280,18,2,1,1200,1,2,1,1.0,2.0,29232,M,4800548.0,-409762.0,29
201800022281,18,2,1,1220,1,2,1,1.0,7.0,29232,M,4798876.0,-411114.0,29
201800022282,18,2,1,1530,1,2,6,1.0,2.0,29232,M,4799139.0,-407352.0,29
201800022283,18,2,3,1740,2,2,1,2.0,6.0,29232,M,4800207.0,-411186.0,29
201800022284,18,1,21,1611,1,2,1,3.0,3.0,29232,M,4797931.0,-409564.0,29
201800022285,18,2,4,1520,1,2,1,2.0,7.0,29232,M,4799948.0,-409339.0,29
201800022286,18,2,8,2050,5,1,1,1.0,3.0,29051,M,4800066.0,-404878.0,29
201800022287,18,2,7,1135,1,2,3,1.0,3.0,29232,M,4800383.0,-411238.0,29
201800022288,18,2,8,1515,1,1,4,1.0,7.0,29051,M,4803013.0,-398120.0,29
201800022289,18,2,9,1350,1,2,9,1.0,2.0,29232,M,4797971.0,-410481.0,29
201800022290,18,2,16,915,1,2,3,1.0,3.0,29232,M,4798636.0,-408036.0,29
201800022291,18,2,24,1945,2,1,1,1.0,6.0,29051,M,4800041.0,-405173.0,29
201800022292,18,3,1,1445,1,2,1,4.0,7.0,29232,M,4798529.0,-412718.0,29
201800022293,18,1,1,815,5,2,1,3.0,3.0,29232,M,4798307.0,-410536.0,29
201800022294,18,3,5,1810,1,2,1,1.0,1.0,29232,M,4798886.0,-408910.0,29
201800022295,18,3,6,1115,1,2,1,2.0,3.0,29232,M,4798857.0,-408758.0,29
201800022296,18,3,8,1453,1,2,1,2.0,6.0,29232,M,4801533.0,-408065.0,29
201800022297,18,3,8,1716,1,1,1,1.0,7.0,29232,M,4803471.0,-408223.0,29
201800022298,18,3,9,1522,1,2,6,8.0,2.0,29232,M,4799518.0,-407315.0,29
201800022299,18,3,11,845,1,1,1,2.0,6.0,29232,M,4797308.0,-406499.0,29
201800022300,18,3,9,1625,1,2,1,2.0,7.0,29232,M,4798530.0,-410623.0,29
201800022301,18,3,19,2125,4,2,1,2.0,7.0,29232,M,4799509.0,-409661.0,29
201800022302,18,2,10,2100,5,2,1,1.0,7.0,29232,M,4799084.0,-407441.0,29
201800022303,18,3,21,2318,5,2,1,1.0,6.0,29232,M,4797855.0,-410378.0,29
201800022304,18,3,23,745,2,2,6,1.0,7.0,29232,M,4799736.0,-410032.0,29
201800022305,18,3,23,800,1,1,1,1.0,2.0,29232,M,4797992.0,-408082.0,29
201800022306,18,3,22,1542,1,2,9,8.0,6.0,29232,M,4799897.0,-410315.0,29
201800022307,18,3,23,1820,2,1,1,3.0,2.0,29232,M,4801005.0,-408132.0,29
201800022308,18,3,29,1330,1,2,1,1.0,4.0,29232,M,4799968.0,-410960.0,29
201800022309,18,3,29,1205,1,2,1,1.0,6.0,29232,M,4759424.0,-463670.0,29
201800022310,18,3,30,1550,1,2,1,1.0,3.0,29232,M,4798435.0,-410714.0,29
201800022311,18,3,31,1510,1,2,1,1.0,2.0,29232,M,4799525.0,-409977.0,29
201800022312,18,3,17,1105,1,1,1,1.0,7.0,29232,M,4803740.0,-408819.0,29
201800022313,18,3,16,2214,5,2,1,2.0,6.0,29232,M,4799238.0,-408624.0,29
201800022314,18,4,6,900,1,1,1,1.0,3.0,29232,M,4798125.0,-403259.0,29
201800022315,18,3,4,1235,1,2,1,1.0,6.0,29232,M,4800680.0,-410964.0,29
201800022316,18,4,3,1152,1,2,6,1.0,2.0,29232,M,4799097.0,-407397.0,29
201800022317,18,4,11,1225,1,2,1,1.0,2.0,29232,M,4799349.0,-407319.0,29
201800022318,18,4,12,800,1,2,3,1.0,6.0,29232,M,4800373.0,-409827.0,29
201800022319,18,4,12,1205,1,2,1,1.0,2.0,29232,M,4800117.0,-411322.0,29
201800022320,18,4,15,155,3,1,1,1.0,3.0,29232,M,4804867.0,-406602.0,29
201800022321,18,3,2,1310,1,2,6,1.0,7.0,29232,M,4801280.0,-408846.0,29
201800022322,18,4,19,1725,1,2,9,1.0,3.0,29232,M,4798399.0,-411170.0,29
201800022323,18,4,23,1200,1,2,1,1.0,6.0,29232,M,4799939.0,-410243.0,29
201800022324,18,4,26,1410,1,2,1,1.0,3.0,29232,M,4758578.0,443104.0,29
201800022325,18,4,28,1635,1,2,2,1.0,1.0,29232,M,4800400.0,-410948.0,29
201800022326,18,4,28,2100,2,1,1,1.0,7.0,29051,M,4801048.0,-402500.0,29
201800022327,18,5,3,930,1,2,1,1.0,3.0,29232,M,4801610.0,-408236.0,29
201800022328,18,5,7,1445,1,1,1,7.0,6.0,29232,M,4797851.0,-405751.0,29
201800022329,18,5,8,2120,1,2,1,1.0,3.0,29232,M,4798043.0,-407899.0,29
201800022330,18,5,10,2231,3,1,1,1.0,6.0,29232,M,4801591.0,-407938.0,29
201800022331,18,5,13,855,1,2,6,1.0,3.0,29232,M,4799018.0,-407363.0,29
201800022332,18,5,11,1115,1,2,1,1.0,2.0,29232,M,4798687.0,-405956.0,29
201800022333,18,5,15,1517,1,2,1,1.0,3.0,29232,M,4798261.0,-412054.0,29
201800022334,18,5,15,1345,1,2,6,1.0,4.0,29232,M,4801048.0,-409570.0,29
201800022335,18,5,16,1440,1,1,1,1.0,6.0,29232,M,4795116.0,-406074.0,29
201800022336,18,5,18,730,1,2,2,1.0,3.0,29051,M,4799917.0,-405429.0,29
201800022337,18,5,23,745,1,2,6,1.0,6.0,29232,M,4800329.0,-408385.0,29
201800022338,18,5,22,1220,1,2,3,1.0,3.0,29051,M,4799576.0,-406379.0,29
201800022339,18,5,25,1953,1,2,1,3.0,6.0,29232,M,4797990.0,-412106.0,29
201800022340,18,5,27,1930,1,2,3,1.0,2.0,29232,M,4799814.0,-413190.0,29
201800022341,18,5,29,1105,1,2,1,2.0,6.0,29232,M,4799920.0,-409653.0,29
201800022342,18,5,29,1521,1,1,1,3.0,3.0,29232,M,4797996.0,-408697.0,29
201800022343,18,5,31,1025,1,2,1,2.0,6.0,29232,M,4759200.0,-464600.0,29
201800022344,18,6,4,1830,1,2,6,2.0,7.0,29232,M,4799117.0,-407373.0,29
201800022345,18,6,6,307,3,1,1,1.0,6.0,29232,M,4756585.0,443096.0,29
201800022346,18,6,6,859,1,2,2,1.0,3.0,29232,M,4801081.0,-410742.0,29
201800022347,18,6,10,1725,1,1,1,8.0,6.0,29232,M,4797948.0,-412141.0,29
201800022348,18,6,13,1805,1,2,1,1.0,3.0,29232,M,4797957.0,-412266.0,29
201800022349,18,6,15,1741,1,2,1,1.0,2.0,29232,M,4799252.0,-408270.0,29
201800022350,18,6,17,846,1,2,9,1.0,3.0,29232,M,4799483.0,-409649.0,29
201800022351,18,6,17,2350,5,1,6,2.0,6.0,29232,M,4796332.0,-408382.0,29
201800022352,18,6,18,430,3,1,1,2.0,7.0,29232,M,4800917.0,-406686.0,29
201800022353,18,6,8,1810,1,2,1,1.0,6.0,29232,M,4799454.0,-409352.0,29
201800022354,18,6,19,1900,1,2,3,1.0,3.0,29232,M,4799335.0,-410567.0,29
201800022355,18,6,20,1655,1,2,1,1.0,4.0,29232,M,4798622.0,-408006.0,29
201800022356,18,6,24,1040,1,1,2,1.0,2.0,29232,M,4803830.0,-411986.0,29
201800022357,18,6,19,2007,1,2,2,1.0,3.0,29051,M,4799760.0,-405212.0,29
201800022358,18,6,25,1210,1,2,9,1.0,3.0,29232,M,4797629.0,-407841.0,29
201800022359,18,6,27,1000,1,2,1,1.0,6.0,29232,M,4800384.0,-408852.0,29
201800022360,18,6,28,733,1,2,1,1.0,6.0,29232,M,4797903.0,-412481.0,29
201800022361,18,6,13,1900,1,1,1,7.0,2.0,29232,M,4805911.0,-415108.0,29
201800022362,18,6,28,1900,1,2,1,1.0,2.0,29232,M,4798560.0,-412037.0,29
201800022363,18,7,1,1915,1,2,1,1.0,7.0,29232,M,4798578.0,-408431.0,29
201800022364,18,7,10,1115,1,2,2,1.0,6.0,29232,M,4799531.0,-410822.0,29
201800022365,18,7,6,600,2,1,1,1.0,6.0,29232,M,4793777.0,-407059.0,29
201800022366,18,7,11,736,1,2,1,1.0,7.0,29232,M,4798571.0,-411243.0,29
201800022367,18,7,12,1450,1,2,1,1.0,2.0,29232,M,4799499.0,-410934.0,29
201800022368,18,7,3,2120,1,1,1,2.0,6.0,29051,M,4802850.0,-395588.0,29
201800022369,18,7,15,205,5,2,6,1.0,7.0,29232,M,4799408.0,-406704.0,29
201800022370,18,7,18,1530,1,2,1,1.0,2.0,29232,M,4798578.0,-409854.0,29
201800022371,18,7,20,1145,1,2,1,1.0,6.0,29232,M,4799449.0,-409459.0,29
201800022372,18,7,21,1540,1,2,6,1.0,7.0,29232,M,4799014.0,-407397.0,29
201800022373,18,7,24,1939,1,2,1,1.0,3.0,29232,M,4799319.0,-409438.0,29
201800022374,18,7,25,1340,1,2,1,1.0,6.0,29232,M,4798326.0,-412962.0,29
201800022375,18,7,27,1200,1,1,3,1.0,7.0,29051,M,4802842.0,-395880.0,29
201800022376,18,7,29,1240,1,2,1,3.0,6.0,29232,M,4799003.0,-407392.0,29
201800022377,18,7,29,2030,1,2,6,2.0,7.0,29232,M,4799699.0,-410046.0,29
201800022378,18,7,31,840,1,2,3,8.0,2.0,29232,M,4798240.0,-404060.0,29
201800022379,18,7,31,1935,1,2,1,1.0,6.0,29232,M,4799982.0,-409754.0,29
201800022380,18,8,2,1615,1,2,9,1.0,6.0,29232,M,4798117.0,-412118.0,29
201800022381,18,8,2,1819,1,2,1,1.0,3.0,29232,M,4797940.0,-409525.0,29
201800022382,18,8,3,43,4,2,6,1.0,6.0,29232,M,4797973.0,-412159.0,29
201800022383,18,8,12,1410,1,2,6,1.0,3.0,29232,M,4797952.0,-409499.0,29
201800022384,18,8,20,1604,1,1,1,7.0,6.0,29232,M,4800520.0,-413109.0,29
201800022385,18,8,21,1934,1,2,3,1.0,6.0,29232,M,4799452.0,-410432.0,29
201800022386,18,9,1,1555,1,2,2,1.0,3.0,29232,M,4800525.0,-410062.0,29
201800022387,18,9,2,635,3,2,1,1.0,6.0,29232,M,4797996.0,-408748.0,29
201800022388,18,9,5,235,3,1,1,1.0,7.0,29232,M,4793580.0,-406985.0,29
201800022389,18,9,7,2155,5,2,1,1.0,7.0,29232,M,4798368.0,-405599.0,29
201800022390,18,9,5,2010,1,2,1,1.0,5.0,29232,M,4798825.0,411967.0,29
201800022391,18,9,11,1025,1,2,1,1.0,7.0,29232,M,4799031.0,-412602.0,29
201800022392,18,9,12,1500,1,1,1,2.0,7.0,29051,M,4800400.0,-403412.0,29
201800022393,18,9,14,745,2,2,1,1.0,7.0,29232,M,4797474.0,-409145.0,29
201800022394,18,9,14,900,1,2,6,7.0,6.0,29232,M,4799110.0,-412650.0,29
201800022395,18,9,14,1758,1,2,1,1.0,3.0,29232,M,4798186.0,-409525.0,29
201800022396,18,9,15,1050,1,2,7,1.0,6.0,29232,M,4799881.0,-410264.0,29
201800022397,18,9,18,2126,5,2,1,1.0,2.0,29232,M,4800507.0,-409785.0,29
201800022398,18,9,18,1622,1,2,1,1.0,6.0,29232,M,4799662.0,-410006.0,29
201800022399,18,9,20,1750,1,2,1,1.0,2.0,29232,M,4798292.0,-407430.0,29
201800022400,18,9,21,1250,1,1,1,1.0,2.0,29232,M,4799909.0,-414111.0,29
201800022401,18,9,22,632,5,2,1,1.0,6.0,29232,M,4800374.0,-409709.0,29
201800022402,18,9,23,530,5,2,9,2.0,6.0,29232,M,4797902.0,-409515.0,29
201800022403,18,9,23,1205,1,2,1,2.0,7.0,29232,M,4797861.0,-401670.0,29
201800022404,18,9,29,1845,1,2,2,1.0,3.0,29232,M,4799937.0,-409626.0,29
201800022405,18,9,30,625,3,1,1,1.0,6.0,29232,M,4795191.0,-407690.0,29
201800022406,18,10,3,1645,1,2,1,1.0,6.0,29232,M,4798350.0,-410832.0,29
201800022407,18,10,5,1415,1,2,1,1.0,6.0,29232,M,4799545.0,-410823.0,29
201800022408,18,10,20,945,1,2,6,7.0,6.0,29232,M,4801497.0,-408185.0,29
201800022409,18,10,22,1730,1,2,1,1.0,3.0,29232,M,4800170.0,-408509.0,29
201800022410,18,10,24,1105,1,2,1,1.0,2.0,29232,M,4801723.0,-408300.0,29
201800022411,18,10,24,1626,1,1,1,1.0,5.0,29051,M,4800949.0,-402682.0,29
201800022412,18,10,26,1600,1,2,1,1.0,6.0,29232,M,4797997.0,-408798.0,29
201800022413,18,10,29,1430,1,2,1,1.0,7.0,29232,M,4797958.0,-409147.0,29
201800022414,18,10,30,1125,1,2,1,7.0,2.0,29232,M,4797958.0,-409510.0,29
201800022415,18,11,2,451,5,2,1,8.0,6.0,29232,M,4798394.0,-411627.0,29
201800022416,18,11,2,1610,1,2,1,1.0,3.0,29232,M,4800351.0,-408384.0,29
201800022417,18,11,9,823,1,1,6,1.0,7.0,29232,M,4800342.0,-408367.0,29
201800022418,18,11,13,1325,1,2,3,1.0,6.0,29232,M,4800012.0,-409942.0,29
201800022419,18,11,12,1410,1,2,1,1.0,6.0,29232,M,4799703.0,-410907.0,29
201800022420,18,11,17,1455,1,1,1,7.0,6.0,29232,M,4798311.0,-411932.0,29
201800022421,18,11,20,2110,3,1,6,1.0,4.0,29232,M,4797830.0,-401848.0,29
201800022422,18,12,1,2145,5,2,7,2.0,7.0,29232,M,4799920.0,-410316.0,29
201800022423,18,12,3,1335,1,2,1,2.0,6.0,29232,M,4798062.0,-412087.0,29
201800022424,18,12,4,1952,5,2,3,2.0,6.0,29232,M,4799352.0,-409894.0,29
201800022425,18,12,6,1835,5,2,6,2.0,3.0,29232,M,4800236.0,-410779.0,29
201800022426,18,12,11,745,3,1,9,8.0,5.0,29051,M,4798848.0,-400207.0,29
201800022427,18,12,11,1828,5,2,1,1.0,6.0,29232,M,4798653.0,-408147.0,29
201800022428,18,12,12,119,5,2,1,2.0,7.0,29232,M,4798850.0,-411080.0,29
201800022429,18,12,17,855,5,2,1,8.0,4.0,29232,M,4799905.0,-413302.0,29
201800022430,18,12,19,1620,1,2,1,1.0,6.0,29232,M,4799468.0,-410256.0,29
201800022431,18,12,19,2040,5,2,1,1.0,6.0,29232,M,4798015.0,409015.0,29
201800022432,18,12,20,2100,5,2,1,2.0,6.0,29232,M,4797518.0,-409404.0,29
201800022433,18,12,22,1415,1,2,1,1.0,6.0,29232,M,4800626.0,-409724.0,29
201800022434,18,12,21,2349,3,1,6,1.0,7.0,29232,M,4802990.0,-408720.0,29
201800022435,18,12,28,950,1,2,9,1.0,6.0,29232,M,4759000.0,-410074.0,29
201800022436,18,12,19,1140,1,2,9,2.0,6.0,29232,M,4797960.0,-410339.0,29
201800022437,18,1,8,430,3,1,1,2.0,6.0,46201,M,4432359.0,117925.0,46
201800022438,18,3,12,659,2,1,1,8.0,6.0,46197,M,4436111.0,145213.0,46
201800022439,18,4,14,1600,1,2,3,1.0,1.0,46023,M,4426834.0,154341.0,46
201800022440,18,8,3,1030,1,1,3,1.0,3.0,46148,M,4432604.0,157353.0,46
201800022441,18,8,4,1200,1,1,2,1.0,3.0,46063,M,4428196.0,132892.0,46
201800022442,18,9,4,2215,3,1,1,1.0,6.0,46109,M,4432476.0,149089.0,46
201800022443,18,9,14,1650,1,1,1,1.0,7.0,46140,M,4438098.0,152368.0,46
201800022444,18,10,4,2005,4,1,1,8.0,1.0,46109,M,4432319.0,151560.0,46
201800022445,18,11,6,2200,3,1,1,1.0,6.0,46197,M,4436051.0,145241.0,46
201800022446,18,1,4,1750,5,2,1,3.0,6.0,88218,M,4814288.0,679234.0,88
201800022447,18,4,19,1815,1,2,1,1.0,3.0,88181,M,4818107.0,700526.0,88
201800022448,18,5,9,1700,1,1,1,1.0,7.0,88218,M,4817610.0,676525.0,88
201800022449,18,6,3,1745,1,1,1,1.0,6.0,88218,M,4816742.0,676670.0,88
201800022450,18,8,12,1745,1,1,1,1.0,7.0,88014,M,4813202.0,687496.0,88
201800022451,18,10,27,1330,1,1,1,2.0,6.0,88218,M,4817218.0,677246.0,88
201800022452,18,5,5,1415,1,1,1,1.0,2.0,57645,M,4920010.0,614227.0,57
201800022453,18,7,29,1240,1,1,1,1.0,5.0,55400,M,4914903.0,571985.0,55
201800022454,18,10,5,2230,3,1,9,1.0,6.0,54408,M,4917397.0,576297.0,54
201800022455,18,11,1,945,1,1,1,1.0,6.0,54253,M,4919821.0,589657.0,54
201800022456,18,1,11,1310,1,1,1,1.0,3.0,60570,M,4925001.0,204819.0,60
201800022457,18,5,29,2015,1,1,1,1.0,7.0,60162,M,4927334.0,210664.0,60
201800022458,18,6,4,1155,1,1,1,1.0,3.0,60395,M,4925069.0,212641.0,60
201800022459,18,6,17,1340,1,2,1,1.0,6.0,60678,M,4923620.0,207498.0,60
201800022460,18,7,5,1800,1,1,2,1.0,1.0,60395,M,4925551.0,212364.0,60
201800022461,18,7,31,1500,1,2,9,1.0,3.0,60256,M,4928250.0,200724.0,60
201800022462,18,10,25,1920,5,2,6,1.0,6.0,60678,M,4923609.0,207554.0,60
201800022463,18,10,29,1555,1,1,6,8.0,7.0,60010,M,4922423.0,210617.0,60
201800022464,18,11,12,1525,1,2,1,1.0,6.0,60395,M,4923417.0,213017.0,60
201800022465,18,11,28,1130,1,1,2,2.0,3.0,60162,M,4927838.0,209894.0,60
201800022466,18,12,30,605,5,2,1,2.0,6.0,60088,M,4919708.0,221462.0,60
201800022467,18,1,2,1720,2,2,4,1.0,5.0,30007,M,4411047.0,408063.0,30
201800022468,18,2,3,2000,3,2,6,1.0,6.0,30243,M,4408406.0,407693.0,30
201800022469,18,1,3,1525,1,2,6,1.0,3.0,30007,M,4412125.0,409208.0,30
201800022470,18,1,3,1815,3,2,1,1.0,6.0,30243,M,4408204.0,407254.0,30
201800022471,18,1,4,1710,2,2,3,1.0,1.0,30007,M,4412527.0,406981.0,30
201800022472,18,1,12,1925,5,2,1,1.0,1.0,30007,M,4411436.0,410275.0,30
201800022473,18,1,11,1750,2,2,2,1.0,3.0,30243,M,4408126.0,407088.0,30
201800022474,18,1,14,1235,1,1,1,2.0,3.0,30007,M,4411444.0,410278.0,30
201800022475,18,2,28,50,5,2,1,1.0,6.0,30007,M,4413047.0,410804.0,30
201800022476,18,3,14,1900,5,2,6,1.0,3.0,30007,M,4414586.0,410107.0,30
201800022477,18,1,20,1640,1,2,1,2.0,2.0,30007,M,4412418.0,408030.0,30
201800022478,18,1,25,1345,1,2,6,2.0,6.0,30007,M,4414586.0,410106.0,30
201800022479,18,1,28,1520,1,2,1,1.0,3.0,30007,M,4412699.0,407571.0,30
201800022480,18,1,28,850,1,2,3,1.0,1.0,30007,M,4414492.0,407620.0,30
201800022481,18,2,19,1520,1,2,1,1.0,2.0,30007,M,4412645.0,407988.0,30
201800022482,18,2,4,2045,5,2,3,1.0,6.0,30007,M,4412789.0,407869.0,30
201800022483,18,3,4,2150,5,2,3,2.0,3.0,30007,M,4410910.0,408093.0,30
201800022484,18,3,22,750,1,2,1,1.0,1.0,30007,M,4413717.0,407998.0,30
201800022485,18,4,7,855,1,1,1,1.0,2.0,30007,M,4413225.0,410564.0,30
201800022486,18,4,13,2200,5,1,1,1.0,6.0,30007,M,4414563.0,410125.0,30
201800022487,18,4,29,555,2,2,2,1.0,3.0,30007,M,4414175.0,410480.0,30
201800022488,18,5,2,1925,2,2,9,1.0,6.0,30007,M,4412803.0,407767.0,30
201800022489,18,5,4,2115,5,2,1,1.0,6.0,30007,M,4413730.0,408394.0,30
201800022490,18,4,15,545,5,2,9,1.0,6.0,30007,M,4414210.0,410451.0,30
201800022491,18,5,20,1445,1,2,1,1.0,2.0,30007,M,4412310.0,407310.0,30
201800022492,18,5,16,1620,1,2,1,1.0,7.0,30007,M,4412280.0,408460.0,30
201800022493,18,5,29,1645,1,2,1,1.0,7.0,30007,M,4413847.0,408279.0,30
201800022494,18,6,8,1625,1,1,1,1.0,2.0,30007,M,4412022.0,410905.0,30
201800022495,18,6,27,2140,5,1,9,1.0,1.0,30007,M,4410890.0,410299.0,30
201800022496,18,7,10,900,1,2,3,1.0,1.0,30243,M,4409980.0,406977.0,30
201800022497,18,7,22,100,5,1,1,1.0,7.0,30007,M,4410030.0,408100.0,30
201800022498,18,7,28,2220,5,2,1,1.0,3.0,30007,M,4412471.0,408586.0,30
201800022499,18,8,19,1410,1,2,1,1.0,3.0,30007,M,4411303.0,407993.0,30
201800022500,18,8,19,1230,1,2,6,1.0,3.0,30007,M,4412703.0,408222.0,30
201800022501,18,8,21,1300,1,1,6,1.0,3.0,30007,M,4413553.0,410471.0,30
201800022502,18,9,7,1905,1,2,3,1.0,6.0,30007,M,4412760.0,408350.0,30
201800022503,18,9,15,510,3,1,1,1.0,7.0,30243,M,4405571.0,409328.0,30
201800022504,18,9,23,845,2,2,1,1.0,6.0,30007,M,4413419.0,409189.0,30
201800022505,18,9,23,2000,5,1,6,1.0,3.0,30007,M,4412990.0,410620.0,30
201800022506,18,9,30,410,5,2,2,1.0,1.0,30007,M,4412103.0,407857.0,30
201800022507,18,10,2,1415,1,2,6,1.0,6.0,30007,M,4411698.0,411486.0,30
201800022508,18,10,18,1905,1,2,1,1.0,6.0,30007,M,4412463.0,408068.0,30
201800022509,18,11,1,1900,5,2,1,1.0,2.0,30007,M,4411993.0,408134.0,30
201800022510,18,11,6,1150,1,1,6,1.0,3.0,30007,M,4412993.0,410647.0,30
201800022511,18,11,8,1630,1,2,3,1.0,3.0,30007,M,4412920.0,408710.0,30
201800022512,18,11,10,1150,1,2,1,1.0,6.0,30007,M,4413470.0,409119.0,30
201800022513,18,11,17,515,3,1,1,1.0,6.0,30243,M,4409770.0,408030.0,30
201800022514,18,11,19,620,5,2,1,1.0,6.0,30007,M,4413930.0,408818.0,30
201800022515,18,11,24,2330,5,2,6,1.0,3.0,30007,M,4413330.0,408330.0,30
201800022516,18,11,25,1550,1,1,1,1.0,6.0,30007,M,4410776.0,409820.0,30
201800022517,18,11,28,30,5,2,1,1.0,6.0,30007,M,4412168.0,407951.0,30
201800022518,18,11,30,2015,5,2,1,1.0,3.0,30007,M,4410660.0,409469.0,30
201800022519,18,12,5,2130,5,2,1,1.0,1.0,30007,M,4413851.0,408774.0,30
201800022520,18,11,23,840,1,2,1,1.0,6.0,30007,M,4412444.0,407362.0,30
201800022521,18,12,21,1130,1,1,1,1.0,6.0,30007,M,4412930.0,410602.0,30
201800022522,18,12,26,1600,1,2,1,1.0,6.0,30007,M,4411985.0,408448.0,30
201800022523,18,3,12,1640,1,2,1,1.0,2.0,30028,M,4415781.0,462344.0,30
201800022524,18,5,26,2130,5,2,2,1.0,3.0,30028,M,4415979.0,461391.0,30
201800022525,18,5,22,1045,1,2,9,1.0,6.0,30028,M,4416479.0,461194.0,30
201800022526,18,7,26,1140,1,2,1,1.0,6.0,30028,M,4416516.0,461997.0,30
201800022527,18,9,7,920,1,2,1,1.0,7.0,30028,M,4496174.0,438546.0,30
201800022528,18,12,20,850,1,2,1,1.0,6.0,30028,M,4416392.0,462257.0,30
201800022529,18,1,12,1940,5,2,3,1.0,1.0,30189,M,4382034.0,434027.0,30
201800022530,18,1,13,1050,1,2,2,1.0,3.0,30189,M,4381515.0,436852.0,30
201800022531,18,1,26,2015,5,2,3,3.0,6.0,30189,M,4382105.0,436216.0,30
201800022532,18,1,27,1939,5,2,1,1.0,6.0,30189,M,4383570.0,438786.0,30
201800022533,18,1,28,450,5,2,3,1.0,3.0,30189,M,4383833.0,435549.0,30
201800022534,18,12,4,1930,2,2,3,1.0,3.0,30189,M,4383542.0,436949.0,30
201800022535,18,1,26,1710,2,1,1,3.0,1.0,30189,M,4388466.0,430184.0,30
201800022536,18,1,27,1705,1,2,6,1.0,6.0,30189,M,4383687.0,438821.0,30
201800022537,18,1,14,1855,5,2,1,1.0,6.0,30189,M,4384780.0,437315.0,30
201800022538,18,1,23,2005,5,2,3,1.0,3.0,30189,M,4382553.0,436183.0,30