Num_Acc,an,mois,jour,hrmn,lum,agg,int,atm,col,com,gps,lat,long,dep
201800022539,18,2,15,1345,1,2,3,8.0,3.0,30189,M,4384567.0,437169.0,30
201800022540,18,2,17,545,5,2,3,2.0,3.0,30189,M,4383387.0,436722.0,30
201800022541,18,2,18,2120,5,2,3,1.0,3.0,30189,M,4383587.0,436247.0,30
201800022542,18,2,24,110,5,2,1,1.0,6.0,30189,M,4383258.0,438472.0,30
201800022543,18,2,24,2120,3,2,1,8.0,4.0,30189,M,4381666.0,436000.0,30
201800022544,18,2,22,2025,3,1,1,1.0,1.0,30189,M,4384664.0,429453.0,30
201800022545,18,9,11,1042,1,2,9,1.0,6.0,30189,M,4384022.0,434060.0,30
201800022546,18,2,23,855,1,1,1,1.0,7.0,30189,M,4376672.0,437909.0,30
201800022547,18,1,23,1800,5,2,3,1.0,6.0,30189,M,4383514.0,436892.0,30
201800022548,18,1,13,2000,5,2,1,1.0,6.0,30189,M,4381140.0,436583.0,30
201800022549,18,3,9,1920,5,2,1,8.0,6.0,30189,M,4385667.0,440252.0,30
201800022550,18,3,11,1600,1,2,6,1.0,3.0,30189,M,4382004.0,435812.0,30
201800022551,18,3,20,1645,1,2,3,1.0,3.0,30189,M,4383882.0,435258.0,30
201800022552,18,3,28,1745,1,2,1,1.0,3.0,30189,M,4382805.0,432467.0,30
201800022553,18,3,28,39,5,2,2,1.0,3.0,30189,M,4386695.0,430130.0,30
201800022554,18,3,31,1035,1,2,1,1.0,6.0,30189,M,4383320.0,434889.0,30
201800022555,18,3,31,1247,1,2,6,1.0,3.0,30189,M,4382428.0,436959.0,30
201800022556,18,4,3,1825,1,2,2,8.0,3.0,30189,M,4383233.0,436164.0,30
201800022557,18,4,4,745,1,2,2,1.0,5.0,30189,M,4383840.0,437272.0,30
201800022558,18,4,19,1000,1,2,1,1.0,6.0,30189,M,4382516.0,436026.0,30
201800022559,18,4,23,2000,2,2,1,1.0,3.0,30189,M,4381756.0,435919.0,30
201800022560,18,5,1,1145,1,2,1,2.0,1.0,30189,M,4384251.0,431200.0,30
201800022561,18,5,6,455,5,2,3,1.0,3.0,30189,M,4382964.0,435330.0,30
201800022562,18,5,11,2120,5,2,1,1.0,6.0,30189,M,4384333.0,439194.0,30
201800022563,18,5,12,1200,1,2,6,1.0,2.0,30189,M,4383665.0,439394.0,30
201800022564,18,5,16,1525,1,1,9,1.0,3.0,30189,M,4379436.0,434571.0,30
201800022565,18,5,18,720,1,2,1,1.0,4.0,30189,M,4383920.0,431980.0,30
201800022566,18,5,25,10,5,2,6,1.0,7.0,30189,M,4381748.0,436092.0,30
201800022567,18,5,31,2331,5,2,1,1.0,1.0,30189,M,4383160.0,432770.0,30
201800022568,18,6,2,1800,1,2,6,1.0,3.0,30189,M,4386040.0,440290.0,30
201800022569,18,6,5,900,1,2,2,1.0,3.0,30189,M,4382970.0,435580.0,30
201800022570,18,6,6,2216,3,1,1,1.0,6.0,30060,M,4378493.0,439148.0,30
201800022571,18,6,9,2115,2,2,1,1.0,3.0,30189,M,4386986.0,437702.0,30
201800022572,18,6,12,1925,1,2,1,1.0,6.0,30189,M,4383290.0,438530.0,30
201800022573,18,6,14,1655,1,2,2,1.0,3.0,30189,M,4384165.0,435958.0,30
201800022574,18,6,15,615,1,2,2,8.0,3.0,30189,M,4382950.0,435870.0,30
201800022575,18,6,16,350,5,2,1,1.0,6.0,30189,M,4383610.0,435742.0,30
201800022576,18,6,18,2155,5,2,1,1.0,2.0,30189,M,4382820.0,435970.0,30
201800022577,18,6,20,2030,1,1,1,1.0,1.0,30189,M,4384808.0,429042.0,30
201800022578,18,6,22,840,1,2,9,1.0,3.0,30189,M,4384190.0,434039.0,30
201800022579,18,6,22,248,5,2,3,1.0,6.0,30189,M,4384088.0,437343.0,30
201800022580,18,6,27,1605,1,1,1,1.0,2.0,30189,M,4383700.0,443040.0,30
201800022581,18,6,26,1125,1,2,1,1.0,6.0,30189,M,4382416.0,436944.0,30
201800022582,18,4,22,2010,1,2,3,1.0,3.0,30189,M,4381604.0,434819.0,30
201800022583,18,6,15,1520,1,2,1,1.0,3.0,30189,M,4383573.0,438825.0,30
201800022584,18,7,11,1045,1,2,1,1.0,6.0,30189,M,4383740.0,434330.0,30
201800022585,18,7,12,1200,1,2,2,1.0,5.0,30189,M,4381110.0,433020.0,30
201800022586,18,7,13,1245,1,2,2,1.0,3.0,30189,M,4382929.0,436696.0,30
201800022587,18,7,17,2135,5,2,9,1.0,6.0,30189,M,4383105.0,435580.0,30
201800022588,18,7,18,2300,5,2,3,1.0,1.0,30189,M,4381518.0,433091.0,30
201800022589,18,7,19,2340,5,2,2,1.0,6.0,30189,M,4383606.0,436200.0,30
201800022590,18,7,20,1505,1,2,6,1.0,3.0,30189,M,4381785.0,434789.0,30
201800022591,18,7,21,1445,1,2,3,1.0,1.0,30189,M,4384779.0,436578.0,30
201800022592,18,7,18,1210,1,2,1,1.0,3.0,30189,M,4381180.0,432950.0,30
201800022593,18,8,3,1845,1,2,1,1.0,6.0,30189,M,,,30
201800022594,18,8,6,2300,5,2,2,1.0,1.0,30189,M,,,30
201800022595,18,8,10,1500,1,2,1,1.0,1.0,30189,M,4384122.0,431910.0,30
201800022596,18,8,14,1801,1,1,1,1.0,4.0,30189,M,4377630.0,433714.0,30
201800022597,18,8,14,2330,5,2,1,1.0,1.0,30189,M,4383858.0,436283.0,30
201800022598,18,8,17,1250,1,2,2,1.0,3.0,30189,M,4385250.0,434327.0,30
201800022599,18,8,28,735,1,2,3,1.0,3.0,30189,M,4382609.0,435085.0,30
201800022600,18,9,1,130,5,2,1,1.0,1.0,30189,M,4386126.0,433489.0,30
201800022601,18,9,3,2205,5,2,1,1.0,6.0,30189,M,4382450.0,435170.0,30
201800022602,18,9,6,20,5,2,2,1.0,3.0,30189,M,4382661.0,436617.0,30
201800022603,18,9,6,751,1,2,1,1.0,2.0,30189,M,4384070.0,436120.0,30
201800022604,18,9,3,1045,1,2,3,1.0,6.0,30189,M,4385500.0,439888.0,30
201800022605,18,9,10,1645,1,2,1,1.0,6.0,30189,M,4382350.0,436800.0,30
201800022606,18,9,10,2020,5,2,3,1.0,1.0,30189,M,4382700.0,437550.0,30
201800022607,18,9,15,1650,1,2,3,1.0,3.0,30189,M,4384774.0,439794.0,30
201800022608,18,9,13,1240,1,2,1,1.0,1.0,30189,M,4381083.0,432972.0,30
201800022609,18,9,18,1215,1,2,2,1.0,6.0,30189,M,4380760.0,432490.0,30
201800022610,18,9,20,1920,1,2,1,1.0,6.0,30189,M,4383316.0,437913.0,30
201800022611,18,9,21,1414,1,2,2,8.0,2.0,30189,M,4382840.0,435480.0,30
201800022612,18,9,21,2055,5,2,2,1.0,3.0,30189,M,4383670.0,437160.0,30
201800022613,18,9,21,2220,5,2,2,1.0,2.0,30189,M,4381105.0,433027.0,30
201800022614,18,9,24,655,3,1,1,1.0,6.0,30189,M,4384364.0,431796.0,30
201800022615,18,9,29,1650,1,2,3,1.0,6.0,30189,M,4382649.0,437634.0,30
201800022616,18,10,1,700,2,2,1,1.0,3.0,30189,M,4381209.0,432045.0,30
201800022617,18,10,1,1016,1,2,1,1.0,6.0,30189,M,4384163.0,437136.0,30
201800022618,18,10,1,2300,5,2,1,1.0,7.0,30189,M,4381790.0,434055.0,30
201800022619,18,10,3,751,1,2,1,1.0,6.0,30189,M,4383270.0,436825.0,30
201800022620,18,10,9,1000,1,2,1,1.0,6.0,30189,M,4384030.0,435920.0,30
201800022621,18,10,10,1710,1,2,1,2.0,6.0,30189,M,4383680.0,437120.0,30
201800022622,18,10,13,1040,1,2,2,1.0,3.0,30189,M,4382610.0,433200.0,30
201800022623,18,10,16,905,1,2,2,8.0,6.0,30189,M,4382000.0,433000.0,30
201800022624,18,10,15,1700,1,1,1,2.0,1.0,30189,M,4384570.0,431700.0,30
201800022625,18,11,2,1455,1,2,9,1.0,1.0,30189,M,4384275.0,438241.0,30
201800022626,18,11,7,1745,5,2,1,2.0,6.0,30189,M,4549000.0,417800.0,30
201800022627,18,11,8,1302,1,2,2,1.0,3.0,30189,M,4382840.0,435480.0,30
201800022628,18,11,13,1145,1,2,1,1.0,2.0,30189,M,4382302.0,436747.0,30
201800022629,18,11,15,735,1,2,2,1.0,6.0,30189,M,4385488.0,439968.0,30
201800022630,18,11,16,1505,1,2,1,1.0,7.0,30189,M,4383190.0,434540.0,30
201800022631,18,11,17,1320,1,2,1,1.0,7.0,30189,M,4382268.0,434804.0,30
201800022632,18,11,18,30,5,1,1,1.0,6.0,30189,M,4386388.0,437755.0,30
201800022633,18,11,18,1715,2,2,6,1.0,6.0,30189,M,4381409.0,435143.0,30
201800022634,18,11,28,1249,1,1,1,1.0,3.0,30189,M,4389081.0,429118.0,30
201800022635,18,12,2,300,5,2,1,1.0,6.0,30189,M,4382721.0,437444.0,30
201800022636,18,12,3,1650,3,1,1,1.0,6.0,30189,M,4389384.0,428965.0,30
201800022637,18,12,5,1845,3,1,1,1.0,3.0,30189,M,4379722.0,434333.0,30
201800022638,18,12,12,1846,5,2,1,8.0,2.0,30189,M,4382450.0,436960.0,30
201800022639,18,12,19,2155,5,2,3,1.0,3.0,30189,M,4383452.0,435276.0,30
201800022640,18,12,21,730,5,2,3,1.0,3.0,30189,M,4382206.0,433646.0,30
201800022641,18,12,26,525,5,2,6,1.0,6.0,30189,M,4381420.0,439250.0,30
201800022642,18,12,27,1040,1,2,1,1.0,6.0,30189,M,4384289.0,436968.0,30
201800022643,18,12,21,1650,2,1,9,1.0,5.0,30189,M,4385861.0,432410.0,30
201800022644,18,2,13,1319,1,1,1,1.0,6.0,63358,M,4604463.0,306569.0,63
201800022645,18,2,22,855,1,1,2,1.0,3.0,63473,M,4593845.0,310228.0,63
201800022646,18,5,13,700,2,1,1,2.0,1.0,63001,M,4602274.0,322313.0,63
201800022647,18,5,24,1730,1,2,1,1.0,2.0,63135,M,4594767.0,310905.0,63
201800022648,18,6,1,2200,3,1,1,1.0,7.0,63347,M,4606129.0,322619.0,63
201800022649,18,6,7,825,1,1,1,1.0,1.0,63116,M,4598589.0,310846.0,63
201800022650,18,6,24,400,3,1,4,1.0,6.0,63406,M,4596469.0,321624.0,63
201800022651,18,7,20,1315,1,2,1,3.0,7.0,63012,M,4599967.0,313917.0,63
201800022652,18,8,10,1830,1,2,1,1.0,2.0,63001,M,4602920.0,320767.0,63
201800022653,18,10,15,1810,1,1,1,2.0,1.0,63108,M,,,63
201800022654,18,10,17,730,2,1,3,5.0,3.0,63143,M,4602839.0,324840.0,63
201800022655,18,10,27,510,3,1,1,2.0,7.0,63379,M,,,63
201800022656,18,11,3,755,1,1,1,1.0,6.0,63446,M,4605052.0,319954.0,63
201800022657,18,11,18,345,3,1,4,1.0,6.0,63035,M,4596475.0,310500.0,63
201800022658,18,11,28,1225,1,1,1,1.0,1.0,63327,M,4592406.0,311922.0,63
201800022659,18,1,21,1830,5,2,3,2.0,6.0,63085,M,4590427.0,289655.0,63
201800022660,18,2,19,1630,1,1,1,1.0,1.0,63388,M,4599939.0,276355.0,63
201800022661,18,2,19,1200,1,1,1,1.0,6.0,63354,M,,,63
201800022662,18,3,11,1345,1,2,1,4.0,1.0,63349,M,,,63
201800022663,18,3,23,1440,1,1,3,1.0,3.0,63206,M,4595208.0,296676.0,63
201800022664,18,4,16,2245,3,1,1,1.0,6.0,63349,M,4596352.0,291587.0,63
201800022665,18,5,3,1220,1,1,4,1.0,1.0,63206,M,4596164.0,295681.0,63
201800022666,18,5,6,1120,1,2,1,1.0,6.0,63354,M,4603352.0,281188.0,63
201800022667,18,8,24,1115,1,2,2,1.0,3.0,63349,M,4594080.0,283928.0,63
201800022668,18,9,7,1200,1,1,1,1.0,3.0,63094,M,,,63
201800022669,18,12,5,900,1,1,1,1.0,2.0,63093,M,4595946.0,302323.0,63
201800022670,18,2,8,1625,1,1,1,4.0,7.0,63071,M,4575710.0,290502.0,63
201800022671,18,6,10,1300,1,1,1,8.0,7.0,63264,M,4564156.0,284420.0,63
201800022672,18,6,27,1710,1,1,2,1.0,3.0,63189,M,4565648.0,274621.0,63
201800022673,18,7,13,1630,1,1,3,1.0,5.0,63189,M,4564167.0,272439.0,63
201800022674,18,9,15,2235,3,1,2,1.0,1.0,63257,M,4573076.0,287717.0,63
201800022675,18,10,28,1520,1,1,1,8.0,1.0,63020,M,4568601.0,293756.0,63
201800022676,18,11,17,630,2,1,1,8.0,7.0,63248,M,4569940.0,291424.0,63
201800022677,18,12,21,1838,3,1,1,3.0,5.0,63189,M,4564671.0,272802.0,63
201800022678,18,1,14,1405,1,1,1,1.0,1.0,23169,M,4613303.0,193424.0,23
201800022679,18,1,17,1200,1,1,1,1.0,3.0,23154,M,4617038.0,202650.0,23
201800022680,18,2,8,1030,1,1,1,4.0,6.0,23101,M,4628861.0,192700.0,23
201800022681,18,2,27,1300,1,1,1,1.0,1.0,23193,M,4614979.0,190123.0,23
201800022682,18,4,4,1838,1,1,1,2.0,1.0,23001,M,4608833.0,205372.0,23
201800022683,18,5,30,2000,1,1,1,1.0,6.0,23138,M,4609697.0,206089.0,23
201800022684,18,8,1,1100,1,1,1,1.0,7.0,23132,M,4610325.0,176473.0,23
201800022685,18,8,5,53,3,1,1,1.0,7.0,23004,M,4624389.0,186256.0,23
201800022686,18,8,12,920,1,2,1,7.0,6.0,23193,M,4613893.0,191563.0,23
201800022687,18,8,17,1143,1,1,1,1.0,7.0,23247,M,4619894.0,176192.0,23
201800022688,18,8,27,1945,1,2,3,1.0,1.0,23245,M,4621499.0,185474.0,23
201800022689,18,9,9,1730,1,2,3,1.0,1.0,23068,M,4613881.0,211128.0,23
201800022690,18,9,19,1730,1,1,3,1.0,1.0,23247,M,4620764.0,174883.0,23
201800022691,18,10,3,1645,1,1,1,1.0,1.0,23033,M,4616445.0,179925.0,23
201800022692,18,12,3,750,1,1,1,1.0,2.0,23154,M,4620675.0,202701.0,23
201800022693,18,12,20,1720,3,1,1,2.0,6.0,23245,M,4618041.0,184723.0,23
201800022694,18,1,21,1305,1,1,1,1.0,6.0,26166,M,,,26
201800022695,18,1,25,1000,1,1,1,1.0,2.0,26166,M,4474833.0,478951.0,26
201800022696,18,2,2,1245,1,1,1,1.0,1.0,26085,M,,,26
201800022697,18,4,22,1640,1,1,1,1.0,6.0,26339,M,,,26
201800022698,18,4,22,1750,1,1,1,1.0,3.0,26312,M,,,26
201800022699,18,5,17,1030,1,1,1,1.0,4.0,26338,M,,,26
201800022700,18,5,20,1545,1,1,1,1.0,2.0,26085,M,,,26
201800022701,18,7,8,300,3,1,1,1.0,6.0,26138,M,,,26
201800022702,18,7,11,1820,1,1,1,1.0,2.0,26339,M,,,26
201800022703,18,9,2,705,1,1,1,1.0,7.0,26169,M,4446818.0,476422.0,26
201800022704,18,9,21,1400,1,1,1,1.0,6.0,26085,M,4450471.0,475455.0,26
201800022705,18,11,10,1901,3,1,1,2.0,6.0,26106,M,4464933.0,479335.0,26
201800022706,18,1,1,440,3,1,1,1.0,6.0,84028,M,4422627.0,494713.0,84
201800022707,18,1,19,2245,3,1,1,8.0,7.0,84134,M,4419683.0,490374.0,84
201800022708,18,5,4,100,5,2,1,1.0,6.0,84106,M,4424704.0,488269.0,84
201800022709,18,6,4,845,1,1,1,1.0,3.0,84029,M,4416283.0,487533.0,84
201800022710,18,6,8,2000,1,2,2,1.0,7.0,84135,M,4421075.0,480137.0,84
201800022711,18,11,17,1230,1,1,2,2.0,3.0,84029,M,4417152.0,485631.0,84
201800022712,18,11,21,1205,1,1,1,8.0,5.0,84135,M,4420958.0,480120.0,84
201800022713,18,1,9,1515,1,1,3,1.0,3.0,11067,M,4321254.0,284376.0,11
201800022714,18,2,8,730,3,2,1,1.0,2.0,11203,M,4319308.0,275564.0,11
201800022715,18,2,27,1,5,2,1,1.0,6.0,11132,M,4313551.0,269531.0,11
201800022716,18,4,11,1220,1,1,3,3.0,3.0,11041,M,4330644.0,286174.0,11
201800022717,18,4,11,1250,1,2,1,3.0,6.0,11369,M,4325787.0,294966.0,11
201800022718,18,5,5,1739,1,2,1,1.0,6.0,11203,M,4319939.0,274937.0,11
201800022719,18,6,2,1600,1,1,1,1.0,1.0,11360,M,4329585.0,286937.0,11
201800022720,18,6,15,1820,1,1,1,1.0,3.0,11064,M,4312697.0,265843.0,11
201800022721,18,6,19,1130,1,1,4,1.0,1.0,11041,M,4334870.0,288363.0,11
201800022722,18,7,9,900,1,1,1,1.0,6.0,11164,M,4326956.0,289466.0,11
201800022723,18,7,18,830,1,1,1,1.0,1.0,11296,M,4328114.0,281529.0,11
201800022724,18,7,21,1645,1,1,3,1.0,3.0,11148,M,4318064.0,267968.0,11
201800022725,18,8,31,1702,1,2,1,1.0,2.0,11353,M,4325333.0,291306.0,11
201800022726,18,10,5,700,3,1,1,1.0,6.0,11267,M,4318950.0,285051.0,11
201800022727,18,10,6,340,3,2,3,1.0,6.0,11203,M,4319090.0,274460.0,11
201800022728,18,10,19,1345,1,1,3,1.0,6.0,11172,M,4326652.0,272571.0,11
201800022729,18,10,27,1200,1,2,1,2.0,6.0,11164,M,4327585.0,287209.0,11
201800022730,18,11,3,1400,1,1,1,1.0,6.0,11132,M,4311712.0,273570.0,11
201800022731,18,11,18,1659,1,2,9,1.0,7.0,11369,M,4325255.0,295249.0,11
201800022732,18,1,3,1825,3,1,1,2.0,1.0,35225,M,4843247.0,-192810.0,35
201800022733,18,4,30,1530,1,1,2,1.0,3.0,35172,M,4843522.0,-180559.0,35
201800022734,18,5,22,830,1,2,1,1.0,6.0,35337,M,4832953.0,-183600.0,35
201800022735,18,5,23,1000,1,1,1,1.0,6.0,35085,M,4841676.0,-176581.0,35
201800022736,18,6,2,925,1,1,1,1.0,1.0,35265,M,4834881.0,-185952.0,35
201800022737,18,6,6,1458,1,1,1,2.0,2.0,35337,M,4829744.0,-181790.0,35
201800022738,18,7,8,2015,1,1,1,1.0,6.0,35085,M,4845511.0,-179333.0,35
201800022739,18,8,26,1030,1,1,1,7.0,2.0,35029,M,4846420.0,-174112.0,35
201800022740,18,9,4,902,1,1,2,1.0,6.0,35029,M,4846146.0,-172097.0,35
201800022741,18,11,10,245,3,1,3,2.0,6.0,35029,M,4848751.0,-173652.0,35
201800022742,18,12,18,1851,3,1,1,2.0,5.0,35104,M,4852332.0,-171619.0,35
201800022743,18,4,9,1130,1,1,3,1.0,3.0,27421,M,4890926.0,136291.0,27
201800022744,18,4,24,1810,1,1,3,1.0,2.0,27193,M,4885391.0,138677.0,27
201800022745,18,5,24,750,1,1,2,5.0,3.0,27278,M,4891807.0,140425.0,27
201800022746,18,5,25,2000,1,1,2,2.0,3.0,27278,M,4890931.0,140764.0,27
201800022747,18,6,17,2000,1,2,1,1.0,7.0,27478,M,4896091.0,121556.0,27
201800022748,18,7,5,1235,1,2,9,1.0,7.0,27355,M,4888819.0,144368.0,27
201800022749,18,8,2,1430,1,1,1,1.0,6.0,27301,M,4894950.0,120300.0,27
201800022750,18,8,20,1940,1,2,1,1.0,5.0,27360,M,4891331.0,122273.0,27
201800022751,18,8,26,1310,1,1,2,1.0,3.0,27154,M,4889177.0,119805.0,27
201800022752,18,9,7,1835,1,2,1,1.0,1.0,27278,M,4891095.0,144341.0,27
201800022753,18,9,26,1925,2,2,3,1.0,3.0,27355,M,4888185.0,145873.0,27
201800022754,18,11,3,1730,2,2,2,1.0,3.0,27507,M,4891152.0,127746.0,27
201800022755,18,12,8,1230,1,1,3,6.0,1.0,27183,M,4889402.0,142252.0,27
201800022756,18,4,11,815,1,1,1,1.0,1.0,62057,M,5088539.0,207581.0,62
201800022757,18,5,5,740,1,2,1,1.0,2.0,62621,M,5087653.0,202921.0,62
201800022758,18,7,7,1440,1,2,1,1.0,2.0,62748,M,5097977.0,211638.0,62
201800022759,18,8,12,1530,1,1,3,8.0,3.0,62645,M,5098596.0,210803.0,62
201800022760,18,8,19,1420,1,2,2,1.0,3.0,62730,M,5085666.0,216137.0,62
201800022761,18,9,14,1810,1,2,1,1.0,6.0,62634,M,5094381.0,201881.0,62
201800022762,18,10,28,600,3,2,1,1.0,7.0,62038,M,5089137.0,197275.0,62
201800022763,18,1,10,1130,1,2,1,1.0,5.0,83086,M,4347083.0,657351.0,83
201800022764,18,2,7,1930,5,2,1,1.0,1.0,83004,M,4345443.0,647947.0,83
201800022765,18,2,9,540,3,1,1,1.0,3.0,83086,M,4347265.0,653930.0,83
201800022766,18,2,15,1800,2,1,1,1.0,3.0,83004,M,4345812.0,641941.0,83
201800022767,18,5,12,2345,3,1,1,1.0,6.0,83085,M,4352550.0,654078.0,83
201800022768,18,5,26,2115,2,2,1,1.0,6.0,83086,M,4347285.0,656114.0,83
201800022769,18,7,25,1140,1,1,1,7.0,1.0,83148,M,4337858.0,644235.0,83
201800022770,18,8,14,1607,1,2,9,1.0,6.0,83004,M,4345014.0,649203.0,83
201800022771,18,8,24,850,1,1,1,1.0,2.0,83085,M,4348136.0,651097.0,83
201800022772,18,8,30,1930,1,1,1,1.0,3.0,83086,M,4346313.0,653236.0,83
201800022773,18,9,3,1745,1,2,1,1.0,3.0,83004,M,4345570.0,647999.0,83
201800022774,18,9,12,1930,2,1,1,1.0,1.0,83115,M,4340599.0,657741.0,83
201800022775,18,9,18,550,3,1,1,1.0,1.0,83004,M,4344144.0,645945.0,83
201800022776,18,9,29,10,3,1,1,1.0,7.0,83148,M,4345025.0,633795.0,83
201800022777,18,10,4,2045,3,1,1,1.0,2.0,83086,M,4347265.0,653930.0,83
201800022778,18,10,31,750,1,1,1,3.0,7.0,83086,M,4340505.0,657801.0,83
201800022779,18,11,12,1830,3,1,1,1.0,6.0,83085,M,4351885.0,652303.0,83
201800022780,18,11,12,330,5,2,1,3.0,6.0,83086,M,4347074.0,656160.0,83
201800022781,18,12,3,945,1,2,1,1.0,6.0,83085,M,4349161.0,653582.0,83
201800022782,18,12,22,250,3,1,1,1.0,1.0,83004,M,4344209.0,645944.0,83
201800022783,18,12,27,2145,3,1,1,1.0,5.0,83004,M,4346679.0,648384.0,83
201800022784,18,1,19,1815,3,1,3,2.0,3.0,51410,M,4907369.0,381197.0,51
201800022785,18,2,2,1340,1,1,1,1.0,1.0,51410,M,4905882.0,378672.0,51
201800022786,18,5,15,2215,3,1,1,1.0,2.0,51410,M,4907604.0,379703.0,51
201800022787,18,11,4,2100,5,2,1,1.0,7.0,51592,M,4910485.0,373517.0,51
201800022788,18,6,4,1445,1,2,7,2.0,2.0,05161,M,4493891.0,657493.0,05
201800022789,18,6,7,1915,1,2,2,8.0,3.0,05133,M,4493651.0,658342.0,05
201800022790,18,6,8,1030,1,1,1,1.0,7.0,05085,M,4492680.0,670735.0,05
201800022791,18,7,4,1715,1,1,4,1.0,3.0,05079,M,4496628.0,653282.0,05
201800022792,18,8,2,1615,1,1,1,1.0,6.0,05079,M,4501390.0,646354.0,05
201800022793,18,9,7,1510,1,1,1,1.0,3.0,05161,M,4493802.0,657830.0,05
201800022794,18,10,24,1515,1,1,1,1.0,3.0,05161,M,4493772.0,657918.0,05
201800022795,18,2,10,1335,1,1,1,1.0,6.0,67445,M,4830114.0,736121.0,67
201800022796,18,4,28,850,1,2,1,1.0,6.0,67426,M,4835289.0,728850.0,67
201800022797,18,6,15,1530,1,2,3,1.0,1.0,67115,M,4830536.0,750300.0,67
201800022798,18,6,21,1750,1,1,1,1.0,7.0,67362,M,4822647.0,741137.0,67
201800022799,18,7,3,1325,1,1,1,1.0,7.0,67073,M,4828187.0,740221.0,67
201800022800,18,7,26,1745,1,1,4,1.0,3.0,67063,M,4836237.0,729226.0,67
201800022801,18,7,27,830,1,2,6,1.0,3.0,67115,M,4830503.0,749906.0,67
201800022802,18,7,31,1500,1,1,3,1.0,1.0,67115,M,4830269.0,749835.0,67
201800022803,18,8,15,715,1,2,1,1.0,6.0,67116,M,4831010.0,752488.0,67
201800022804,18,9,30,2150,3,1,1,1.0,1.0,67477,M,4836409.0,722644.0,67
201800022805,18,10,16,1340,1,2,1,1.0,1.0,67317,M,4830636.0,733763.0,67
201800022806,18,1,9,840,1,2,6,5.0,4.0,31483,M,4309488.0,73564.0,31
201800022807,18,1,22,745,5,1,6,8.0,6.0,31483,M,4309492.0,71723.0,31
201800022808,18,1,25,800,1,2,6,5.0,3.0,31483,M,4310912.0,70906.0,31
201800022809,18,1,31,1710,2,1,4,1.0,3.0,31483,M,4314809.0,74513.0,31
201800022810,18,3,6,1120,1,2,3,1.0,3.0,31483,M,4311410.0,74283.0,31
201800022811,18,3,14,1225,1,2,1,1.0,2.0,31483,M,4310511.0,72625.0,31
201800022812,18,3,26,1650,1,1,1,3.0,7.0,31344,M,4309744.0,76533.0,31
201800022813,18,3,30,1418,1,2,3,1.0,3.0,31483,M,4310460.0,72742.0,31
201800022814,18,4,18,1620,1,2,9,1.0,3.0,31483,M,4311146.0,74092.0,31
201800022815,18,4,20,1845,1,1,1,1.0,7.0,31344,M,4309722.0,77179.0,31
201800022816,18,4,16,2000,1,2,2,1.0,3.0,31483,M,4311286.0,72091.0,31
201800022817,18,4,28,700,1,2,1,1.0,6.0,31483,M,4310852.0,74147.0,31
201800022818,18,4,28,2115,5,2,1,2.0,3.0,31483,M,4310713.0,72194.0,31
201800022819,18,5,9,1650,1,2,6,1.0,3.0,31483,M,4311329.0,72680.0,31
201800022820,18,5,14,1330,1,2,1,1.0,2.0,31483,M,,,31
201800022821,18,6,2,1220,1,2,2,1.0,3.0,31483,M,4309346.0,73000.0,31
201800022822,18,6,3,1928,1,1,3,1.0,3.0,31483,M,4313053.0,72392.0,31
201800022823,18,6,9,1210,1,1,1,1.0,2.0,31483,M,4313249.0,72464.0,31
201800022824,18,6,19,800,1,2,9,1.0,4.0,31483,M,4312177.0,72599.0,31
201800022825,18,8,3,1540,1,2,1,1.0,3.0,31483,M,4311012.0,73629.0,31
201800022826,18,8,17,1955,2,1,1,2.0,1.0,31483,M,4313544.0,72714.0,31
201800022827,18,8,23,1930,1,1,9,1.0,5.0,31344,M,4309188.0,73962.0,31
201800022828,18,8,9,1330,1,2,3,2.0,6.0,31565,M,4309000.0,70500.0,31
201800022829,18,9,14,1603,1,1,1,1.0,7.0,31344,M,4309725.0,76100.0,31
201800022830,18,9,20,55,3,1,1,1.0,7.0,31483,M,4314949.0,76131.0,31
201800022831,18,10,12,945,1,1,3,1.0,3.0,31483,M,4309419.0,68451.0,31
201800022832,18,10,13,1135,1,2,1,1.0,1.0,31483,M,4310270.0,71019.0,31
201800022833,18,10,13,1420,1,2,1,1.0,2.0,31483,M,4310889.0,72205.0,31
201800022834,18,10,23,1000,1,2,2,1.0,6.0,31483,M,4310854.0,72189.0,31
201800022835,18,10,19,915,1,2,1,1.0,7.0,31483,M,4311233.0,71464.0,31
201800022836,18,11,27,855,1,2,1,7.0,1.0,31483,M,4310553.0,69849.0,31
201800022837,18,12,9,700,3,2,1,2.0,7.0,31483,M,4309632.0,71188.0,31
201800022838,18,12,20,1850,5,2,1,1.0,6.0,31483,M,4310033.0,72340.0,31
201800022839,18,2,13,930,1,2,9,1.0,3.0,69277,M,4572111.0,500279.0,69
201800022840,18,4,8,1620,1,2,1,1.0,1.0,69285,M,4575395.0,506763.0,69
201800022841,18,4,21,830,1,2,1,7.0,1.0,69279,M,4579640.0,504756.0,69
201800022842,18,4,21,1630,1,2,1,1.0,7.0,69285,M,4574709.0,507266.0,69
201800022843,18,4,29,1015,1,2,2,1.0,3.0,69277,M,4572502.0,500185.0,69
201800022844,18,5,16,830,1,2,1,1.0,6.0,69285,M,4575353.0,506798.0,69
201800022845,18,6,14,1615,1,2,1,1.0,2.0,69279,M,4580112.0,502503.0,69
201800022846,18,7,11,1700,1,2,6,1.0,3.0,69277,M,4573405.0,499025.0,69