Num_Acc,an,mois,jour,hrmn,lum,agg,int,atm,col,com,gps,lat,long,dep
201800022847,18,8,11,930,1,1,1,1.0,2.0,69277,M,4574002.0,502393.0,69
201800022848,18,9,20,245,3,1,1,1.0,2.0,69277,M,4572837.0,502934.0,69
201800022849,18,9,19,815,1,2,6,1.0,3.0,69277,M,4572869.0,498808.0,69
201800022850,18,10,29,2134,5,2,1,3.0,6.0,69279,M,4577443.0,503704.0,69
201800022851,18,3,6,1215,1,2,7,3.0,6.0,85159,M,4647081.0,-102841.0,85
201800022852,18,6,25,730,1,1,1,7.0,5.0,85223,M,4657209.0,-109202.0,85
201800022853,18,9,1,1820,1,2,6,1.0,3.0,85223,M,4656233.0,-105935.0,85
201800022854,18,9,15,100,3,2,1,1.0,6.0,85158,M,4646527.0,-97583.0,85
201800022855,18,10,16,853,1,1,1,5.0,4.0,85174,M,4649042.0,-90650.0,85
201800022856,18,1,1,1855,3,2,1,6.0,6.0,31555,M,4360743.0,140965.0,31
201800022857,18,12,30,645,5,1,1,1.0,7.0,31555,M,4354973.0,141721.0,31
201800022858,18,1,2,930,1,2,1,2.0,3.0,31555,M,4361603.0,145320.0,31
201800022859,18,12,31,1200,1,2,1,1.0,3.0,31555,M,4360795.0,144642.0,31
201800022860,18,1,5,1830,5,2,1,1.0,3.0,31555,M,4357672.0,142424.0,31
201800022861,18,12,31,1740,5,2,1,1.0,3.0,31555,M,4354873.0,138338.0,31
201800022862,18,1,6,1155,1,2,2,2.0,3.0,31555,M,4364276.0,141585.0,31
201800022863,18,12,29,1700,2,1,1,1.0,3.0,31555,M,4357228.0,141062.0,31
201800022864,18,1,6,1255,1,1,1,1.0,5.0,31555,M,4360264.0,148689.0,31
201800022865,18,1,7,1910,3,1,1,3.0,2.0,31555,M,4355277.0,149703.0,31
201800022866,18,1,8,930,1,1,1,1.0,6.0,31555,M,4357326.0,146546.0,31
201800022867,18,1,8,740,2,1,1,8.0,4.0,31555,M,4360598.0,136825.0,31
201800022868,18,1,8,1700,5,2,1,1.0,6.0,31555,M,4360701.0,148200.0,31
201800022869,18,1,9,955,1,2,1,1.0,2.0,31555,M,4365021.0,142876.0,31
201800022870,18,1,9,1930,5,2,1,1.0,3.0,31555,M,4359534.0,141723.0,31
201800022871,18,1,10,850,1,2,2,2.0,5.0,31555,M,4360581.0,140166.0,31
201800022872,18,1,10,1005,1,2,1,2.0,7.0,31555,M,4362853.0,142824.0,31
201800022873,18,1,10,1137,1,2,1,1.0,2.0,31555,M,4364890.0,143332.0,31
201800022874,18,1,10,1230,1,2,1,1.0,6.0,31555,M,4360943.0,145439.0,31
201800022875,18,1,10,1305,1,2,1,1.0,6.0,31555,M,4359612.0,145673.0,31
201800022876,18,1,11,1750,2,2,3,1.0,7.0,31555,M,4362633.0,145907.0,31
201800022877,18,1,10,1734,2,1,1,1.0,5.0,31069,M,4362217.0,139191.0,31
201800022878,18,1,12,350,5,2,1,1.0,2.0,31555,M,4360940.0,145431.0,31
201800022879,18,1,12,725,5,2,1,1.0,6.0,31555,M,4360735.0,136658.0,31
201800022880,18,1,11,1610,1,2,1,1.0,6.0,31149,M,4361261.0,132664.0,31
201800022881,18,1,13,1115,1,2,1,1.0,6.0,31555,M,4361596.0,144085.0,31
201800022882,18,1,13,130,5,2,1,8.0,1.0,31557,M,4358854.0,135922.0,31
201800022883,18,1,15,1550,1,2,1,1.0,3.0,31555,M,4355192.0,139544.0,31
201800022884,18,1,16,935,1,2,1,1.0,6.0,31555,M,4361392.0,143788.0,31
201800022885,18,1,16,2055,5,2,1,2.0,3.0,31555,M,4363465.0,143320.0,31
201800022886,18,1,17,1850,5,2,1,2.0,6.0,31555,M,4360914.0,138028.0,31
201800022887,18,1,18,1430,1,2,1,1.0,6.0,31555,M,4359881.0,144275.0,31
201800022888,18,1,18,2240,4,1,1,1.0,2.0,31555,M,4358341.0,140402.0,31
201800022889,18,1,19,1830,5,1,1,2.0,4.0,31069,M,4362300.0,139007.0,31
201800022890,18,1,19,1715,1,2,3,1.0,1.0,31069,M,4364308.0,136490.0,31
201800022891,18,1,20,5,5,1,1,1.0,2.0,31555,M,4356343.0,141858.0,31
201800022892,18,1,20,15,5,2,1,2.0,1.0,31555,M,,,31
201800022893,18,1,20,1235,1,1,1,1.0,2.0,31555,M,4353912.0,139458.0,31
201800022894,18,1,22,1130,1,2,1,1.0,2.0,31555,M,4362318.0,142158.0,31
201800022895,18,1,22,2000,5,2,1,2.0,3.0,31149,M,4361543.0,134297.0,31
201800022896,18,1,22,2100,5,2,1,2.0,3.0,31149,M,4361790.0,132681.0,31
201800022897,18,1,24,150,5,1,1,1.0,7.0,31555,M,4355971.0,148960.0,31
201800022898,18,1,24,925,1,2,1,1.0,6.0,31555,M,4359722.0,142157.0,31
201800022899,18,1,24,1845,5,1,1,1.0,4.0,31555,M,4360921.0,135796.0,31
201800022900,18,1,24,1945,5,1,1,1.0,2.0,31555,M,4360910.0,141234.0,31
201800022901,18,1,24,1945,5,1,1,1.0,2.0,31555,M,4360910.0,141234.0,31
201800022902,18,1,25,840,1,1,1,1.0,2.0,31555,M,4364707.0,144302.0,31
201800022903,18,1,26,815,1,2,2,2.0,3.0,31149,M,4361670.0,131218.0,31
201800022904,18,1,26,935,1,1,1,2.0,4.0,31555,M,4355776.0,141280.0,31
201800022905,18,1,26,1410,1,2,1,1.0,2.0,31149,M,4362417.0,134669.0,31
201800022906,18,1,27,2110,3,2,1,1.0,3.0,31555,M,4356493.0,141011.0,31
201800022907,18,1,28,1730,2,2,1,1.0,3.0,31555,M,4357391.0,142429.0,31
201800022908,18,1,29,745,2,2,1,1.0,6.0,31557,M,4357571.0,132211.0,31
201800022909,18,1,30,740,5,2,1,2.0,6.0,31555,M,4355393.0,143139.0,31
201800022910,18,1,30,1130,1,2,1,1.0,2.0,31555,M,4361417.0,145085.0,31
201800022911,18,1,30,1555,1,2,1,1.0,6.0,31555,M,4361425.0,143782.0,31
201800022912,18,2,1,2240,4,1,1,1.0,6.0,31555,M,4356816.0,137608.0,31
201800022913,18,2,2,315,5,2,1,1.0,7.0,31555,M,4361018.0,145297.0,31
201800022914,18,2,1,929,1,2,1,1.0,6.0,31555,M,4362131.0,145796.0,31
201800022915,18,2,2,1725,1,2,1,1.0,3.0,31555,M,4361538.0,146502.0,31
201800022916,18,2,3,320,3,2,1,3.0,6.0,31555,M,4355644.0,148544.0,31
201800022917,18,2,4,730,3,1,1,1.0,4.0,31149,M,4360521.0,134324.0,31
201800022918,18,2,5,1740,5,2,1,1.0,2.0,31555,M,4361130.0,147796.0,31
201800022919,18,2,5,1110,1,2,1,2.0,6.0,31555,M,4358010.0,139545.0,31
201800022920,18,2,8,20,5,1,1,1.0,2.0,31555,M,4361737.0,141863.0,31
201800022921,18,2,9,435,4,1,1,1.0,2.0,31555,M,4360542.0,139615.0,31
201800022922,18,2,9,1527,1,2,1,8.0,6.0,31555,M,4357819.0,145012.0,31
201800022923,18,2,9,1140,1,2,1,1.0,3.0,31555,M,4362604.0,147622.0,31
201800022924,18,2,10,715,2,1,1,1.0,2.0,31555,M,4355767.0,141280.0,31
201800022925,18,2,10,2200,5,2,1,1.0,3.0,31555,M,4358066.0,148190.0,31
201800022926,18,2,11,1330,1,2,1,2.0,7.0,31555,M,4359522.0,140965.0,31
201800022927,18,2,11,2145,3,1,1,3.0,7.0,31555,M,4355743.0,140433.0,31
201800022928,18,2,12,748,1,2,1,1.0,4.0,31555,M,4364728.0,145829.0,31
201800022929,18,2,12,1125,1,2,1,1.0,6.0,31555,M,4360028.0,144525.0,31
201800022930,18,2,12,1940,3,2,1,1.0,3.0,31555,M,4359300.0,141295.0,31
201800022931,18,2,13,1320,1,2,3,1.0,3.0,31555,M,4361741.0,143323.0,31
201800022932,18,2,13,1525,1,2,1,3.0,6.0,31557,M,4358250.0,139507.0,31
201800022933,18,2,13,1940,5,2,1,2.0,6.0,31555,M,4362342.0,145895.0,31
201800022934,18,2,14,745,2,1,1,1.0,2.0,31555,M,4360055.0,139803.0,31
201800022935,18,2,15,900,1,2,1,2.0,3.0,31555,M,4352274.0,145866.0,31
201800022936,18,2,15,1130,1,2,1,1.0,1.0,31555,M,4360715.0,144714.0,31
201800022937,18,2,16,1745,1,2,3,1.0,3.0,31555,M,4363810.0,147627.0,31
201800022938,18,2,19,1422,1,2,1,1.0,6.0,31555,M,4360650.0,148317.0,31
201800022939,18,2,22,840,1,2,1,1.0,3.0,31555,M,4358676.0,142591.0,31
201800022940,18,2,25,30,5,2,3,1.0,3.0,31555,M,4359974.0,144704.0,31
201800022941,18,2,26,1545,1,2,6,1.0,5.0,31069,M,4362493.0,139901.0,31
201800022942,18,2,27,1,3,1,1,9.0,6.0,31555,M,4357428.0,146709.0,31
201800022943,18,2,27,1630,1,2,1,1.0,6.0,31555,M,4362964.0,148233.0,31
201800022944,18,3,1,750,1,2,3,1.0,3.0,31557,M,4358994.0,136633.0,31
201800022945,18,3,1,1735,1,2,1,6.0,1.0,31555,M,4361948.0,144104.0,31
201800022946,18,3,2,1,4,2,1,1.0,3.0,31555,M,4358190.0,148024.0,31
201800022947,18,3,2,1510,1,1,1,1.0,2.0,31555,M,4357400.0,143902.0,31
201800022948,18,3,2,2330,5,2,1,1.0,7.0,31555,M,4355537.0,142360.0,31
201800022949,18,3,3,1800,1,2,1,1.0,6.0,31555,M,4357632.0,147443.0,31
201800022950,18,3,1,310,3,1,1,6.0,7.0,31069,M,4365267.0,136499.0,31
201800022951,18,3,5,855,1,2,1,1.0,3.0,31555,M,4358018.0,136208.0,31
201800022952,18,3,5,1240,1,2,1,1.0,3.0,31555,M,4361374.0,141172.0,31
201800022953,18,3,5,2112,3,1,1,1.0,5.0,31555,M,4363116.0,147830.0,31
201800022954,18,3,6,1250,1,2,6,7.0,5.0,31555,M,4363678.0,143939.0,31
201800022955,18,3,6,1600,1,2,1,1.0,6.0,31555,M,4359767.0,145663.0,31
201800022956,18,3,7,1320,1,2,1,1.0,6.0,31555,M,4359882.0,144564.0,31
201800022957,18,3,7,2100,3,2,1,1.0,3.0,31555,M,4365452.0,142283.0,31
201800022958,18,3,8,2345,4,2,6,2.0,7.0,31555,M,4362375.0,141965.0,31
201800022959,18,3,7,1415,1,2,1,1.0,3.0,31555,M,4354776.0,139615.0,31
201800022960,18,3,8,2145,5,2,1,1.0,3.0,31555,M,4364190.0,145423.0,31
201800022961,18,3,9,120,5,2,1,1.0,3.0,31555,M,4357414.0,139588.0,31
201800022962,18,3,10,1845,2,2,6,1.0,3.0,31149,M,4361783.0,132739.0,31
201800022963,18,3,11,555,4,1,1,1.0,6.0,31555,M,4357257.0,147284.0,31
201800022964,18,3,11,1530,1,2,2,1.0,3.0,31555,M,4362672.0,144432.0,31
201800022965,18,3,11,255,4,1,1,1.0,1.0,31555,M,4355471.0,149368.0,31
201800022966,18,3,12,425,4,1,1,1.0,1.0,31555,M,4365337.0,142530.0,31
201800022967,18,3,8,1830,2,2,6,1.0,7.0,31555,M,4355879.0,149597.0,31
201800022968,18,3,12,1036,1,2,1,1.0,6.0,31555,M,4361874.0,139675.0,31
201800022969,18,3,13,735,2,1,1,1.0,6.0,31557,M,4357020.0,137343.0,31
201800022970,18,3,13,1235,1,2,1,1.0,2.0,31555,M,4362183.0,142774.0,31
201800022971,18,3,13,820,1,2,1,1.0,6.0,31069,M,4365430.0,137381.0,31
201800022972,18,3,13,1715,1,1,1,1.0,4.0,31069,M,4363009.0,138240.0,31
201800022973,18,3,13,2230,5,2,1,1.0,3.0,31555,M,4361652.0,145370.0,31
201800022974,18,3,13,1640,1,2,3,1.0,3.0,31555,M,4356228.0,145624.0,31
201800022975,18,3,14,1130,1,2,1,1.0,3.0,31555,M,4359340.0,144418.0,31
201800022976,18,3,14,1305,1,2,1,1.0,6.0,31555,M,4360054.0,144700.0,31
201800022977,18,3,15,820,1,2,1,1.0,6.0,31555,M,4359779.0,144213.0,31
201800022978,18,3,15,1730,1,1,1,1.0,2.0,31555,M,4357248.0,145977.0,31
201800022979,18,3,15,2000,5,2,1,1.0,1.0,31555,M,4959730.0,142110.0,31
201800022980,18,3,15,1715,1,1,1,1.0,4.0,31555,M,4360900.0,136420.0,31
201800022981,18,3,15,1957,4,1,1,1.0,5.0,31555,M,4361513.0,141823.0,31
201800022982,18,3,16,1620,1,2,2,1.0,3.0,31555,M,4360639.0,148252.0,31
201800022983,18,3,17,1515,1,2,1,1.0,1.0,31555,M,4361932.0,146856.0,31
201800022984,18,3,18,703,2,2,1,2.0,6.0,31557,M,4558840.0,135856.0,31
201800022985,18,3,19,635,2,2,1,1.0,3.0,31555,M,4362550.0,143086.0,31
201800022986,18,3,19,1945,5,2,1,2.0,4.0,31555,M,4362395.0,144466.0,31
201800022987,18,3,20,805,1,1,1,8.0,2.0,31555,M,4356973.0,141322.0,31
201800022988,18,3,19,1900,5,2,1,2.0,3.0,31557,M,4558141.0,135045.0,31
201800022989,18,3,20,1817,1,2,3,1.0,5.0,31555,M,4355792.0,142424.0,31
201800022990,18,3,21,200,5,2,1,1.0,6.0,31555,M,4361052.0,146920.0,31
201800022991,18,3,21,1245,1,2,1,1.0,6.0,31149,M,4360901.0,134293.0,31
201800022992,18,3,22,815,1,1,1,1.0,4.0,31555,M,4358371.0,140356.0,31
201800022993,18,3,23,745,1,2,1,7.0,6.0,31555,M,4364802.0,144115.0,31
201800022994,18,3,23,1310,1,2,1,1.0,1.0,31555,M,4366153.0,141185.0,31
201800022995,18,3,23,1630,1,2,1,7.0,6.0,31555,M,4360676.0,136928.0,31
201800022996,18,3,24,1133,1,2,1,2.0,2.0,31557,M,4358414.0,134290.0,31
201800022997,18,3,18,820,1,2,1,1.0,6.0,31555,M,4358753.0,146080.0,31
201800022998,18,3,27,1600,1,2,1,2.0,3.0,31555,M,4362336.0,143438.0,31
201800022999,18,3,28,1525,1,2,1,1.0,6.0,31555,M,4360863.0,144565.0,31
201800023000,18,3,27,1750,1,2,1,1.0,2.0,31149,M,4360698.0,133528.0,31
201800023001,18,3,29,1815,1,1,1,1.0,6.0,31555,M,4360769.0,138990.0,31
201800023002,18,3,29,1047,1,2,1,1.0,3.0,31555,M,4361097.0,143691.0,31
201800023003,18,3,29,1427,1,2,3,1.0,3.0,31555,M,4364683.0,143310.0,31
201800023004,18,3,30,449,5,2,1,1.0,6.0,31555,M,4360600.0,139392.0,31
201800023005,18,3,30,1600,1,2,3,1.0,6.0,31557,M,4359023.0,131678.0,31
201800023006,18,3,30,1140,1,2,1,1.0,3.0,31555,M,4358831.0,144621.0,31
201800023007,18,3,31,705,5,2,1,1.0,2.0,31555,M,4360941.0,144861.0,31
201800023008,18,4,1,1350,1,2,1,1.0,6.0,31555,M,4356427.0,138584.0,31
201800023009,18,4,1,1530,1,1,1,1.0,2.0,31555,M,4362058.0,141829.0,31
201800023010,18,4,2,615,5,1,1,1.0,4.0,31555,M,4357072.0,143297.0,31
201800023011,18,4,2,1155,1,2,1,1.0,6.0,31555,M,4360893.0,142436.0,31
201800023012,18,4,1,1800,1,1,1,1.0,2.0,31555,M,4359447.0,139750.0,31
201800023013,18,4,2,1925,1,2,1,1.0,3.0,31555,M,4360605.0,140161.0,31
201800023014,18,4,3,1415,1,1,1,1.0,2.0,31555,M,4356465.0,141847.0,31
201800023015,18,4,4,801,1,2,1,1.0,6.0,31555,M,4355995.0,149620.0,31
201800023016,18,4,4,900,1,2,1,1.0,6.0,31555,M,4358633.0,140573.0,31
201800023017,18,4,4,1110,1,2,1,1.0,3.0,31555,M,4361679.0,147758.0,31
201800023018,18,4,5,835,1,2,1,1.0,6.0,31557,M,4359098.0,136488.0,31
201800023019,18,4,5,825,1,1,1,1.0,4.0,31555,M,4358296.0,140409.0,31
201800023020,18,4,6,1815,1,1,1,1.0,3.0,31555,M,4360430.0,148572.0,31
201800023021,18,4,6,1630,1,2,1,1.0,5.0,31149,M,4361504.0,129792.0,31
201800023022,18,4,8,2110,5,2,1,2.0,6.0,31555,M,4359411.0,145249.0,31
201800023023,18,4,9,800,1,2,1,1.0,2.0,31555,M,4356744.0,140573.0,31
201800023024,18,4,1,615,5,1,1,1.0,6.0,31555,M,4357343.0,141017.0,31
201800023025,18,4,10,1215,1,2,1,1.0,4.0,31555,M,4356335.0,138746.0,31
201800023026,18,4,11,1530,1,2,3,1.0,3.0,31555,M,4356990.0,145557.0,31
201800023027,18,4,11,2250,5,1,1,1.0,3.0,31555,M,4358682.0,140130.0,31
201800023028,18,4,13,1400,1,1,1,1.0,2.0,31555,M,4360299.0,140008.0,31
201800023029,18,4,13,615,3,1,1,1.0,5.0,31555,M,4357570.0,144124.0,31
201800023030,18,4,13,1750,1,2,1,1.0,3.0,31555,M,4361233.0,147036.0,31
201800023031,18,4,16,850,1,1,1,1.0,5.0,31149,M,4360562.0,129821.0,31
201800023032,18,4,17,1740,1,1,1,1.0,5.0,31555,M,4358341.0,140382.0,31
201800023033,18,4,17,1916,1,1,1,1.0,5.0,31555,M,4360469.0,139856.0,31
201800023034,18,4,18,1810,1,2,1,1.0,5.0,31555,M,4359604.0,145391.0,31
201800023035,18,4,19,1810,1,2,1,1.0,2.0,31555,M,4357947.0,139500.0,31
201800023036,18,4,20,1120,1,2,1,1.0,3.0,31555,M,4361006.0,144406.0,31
201800023037,18,4,21,645,1,2,1,1.0,6.0,31555,M,4360937.0,142149.0,31
201800023038,18,4,23,1920,1,2,1,1.0,3.0,31555,M,4358624.0,145703.0,31
201800023039,18,4,26,615,2,2,6,1.0,3.0,31555,M,4363674.0,143909.0,31
201800023040,18,4,26,800,1,2,2,1.0,3.0,31555,M,4360930.0,145115.0,31
201800023041,18,4,26,1010,1,2,1,1.0,5.0,31555,M,4364603.0,143325.0,31
201800023042,18,4,26,1541,1,2,1,1.0,6.0,31069,M,4364493.0,137624.0,31
201800023043,18,4,26,1710,1,2,1,1.0,4.0,31555,M,4356258.0,139508.0,31
201800023044,18,4,26,1840,1,2,1,1.0,3.0,31149,M,4362136.0,131041.0,31
201800023045,18,4,27,450,5,2,1,1.0,3.0,31555,M,4360071.0,146799.0,31
201800023046,18,4,17,710,1,2,1,1.0,3.0,31555,M,4356384.0,140302.0,31
201800023047,18,4,27,945,1,2,9,1.0,6.0,31555,M,4360835.0,144582.0,31
201800023048,18,4,27,1200,1,2,1,1.0,6.0,31555,M,4360749.0,136692.0,31
201800023049,18,4,28,1625,1,2,1,1.0,3.0,31555,M,4362383.0,141944.0,31
201800023050,18,4,29,1630,1,1,1,3.0,3.0,31555,M,4356863.0,141606.0,31
201800023051,18,4,30,1040,1,2,1,1.0,6.0,31069,M,4363160.0,139733.0,31
201800023052,18,5,1,1630,1,2,1,1.0,6.0,31555,M,4359438.0,144817.0,31
201800023053,18,5,2,910,1,1,1,1.0,3.0,31555,M,4365041.0,143190.0,31
201800023054,18,5,4,1205,1,1,1,1.0,2.0,31555,M,4358132.0,140480.0,31
201800023055,18,5,4,1220,1,2,1,1.0,1.0,31555,M,4354741.0,145146.0,31
201800023056,18,5,5,2015,1,2,1,1.0,5.0,31555,M,4362099.0,143577.0,31
201800023057,18,5,7,1620,1,2,1,1.0,6.0,31555,M,4362815.0,143379.0,31
201800023058,18,5,8,30,5,2,1,2.0,2.0,31555,M,4363624.0,143033.0,31
201800023059,18,5,8,725,1,2,1,1.0,6.0,31149,M,4361223.0,131839.0,31
201800023060,18,5,8,1420,1,2,1,1.0,6.0,31555,M,4360482.0,144231.0,31
201800023061,18,5,8,1720,1,2,1,1.0,6.0,31555,M,4357298.0,149313.0,31
201800023062,18,5,9,1500,1,2,1,1.0,6.0,31555,M,4354716.0,141940.0,31
201800023063,18,5,11,1210,1,2,1,1.0,3.0,31555,M,4363650.0,143332.0,31
201800023064,18,5,12,1110,1,2,1,1.0,6.0,31555,M,4360545.0,144860.0,31
201800023065,18,5,12,1330,1,2,1,1.0,6.0,31555,M,4360481.0,144932.0,31
201800023066,18,5,13,2235,5,2,3,3.0,3.0,31555,M,4361242.0,142517.0,31
201800023067,18,5,13,1540,1,2,1,1.0,6.0,31555,M,4363470.0,144214.0,31
201800023068,18,5,14,1730,1,1,1,2.0,2.0,31555,M,4359190.0,139881.0,31
201800023069,18,5,14,1610,1,2,6,2.0,3.0,31149,M,4360930.0,132717.0,31
201800023070,18,5,15,1015,1,2,1,1.0,6.0,31555,M,4360953.0,144499.0,31
201800023071,18,5,15,1735,1,2,3,2.0,3.0,31149,M,4361825.0,133889.0,31
201800023072,18,5,15,1730,1,2,1,2.0,4.0,31555,M,4360064.0,147657.0,31
201800023073,18,5,17,1030,1,2,3,1.0,3.0,31555,M,4360334.0,142310.0,31
201800023074,18,5,17,1535,1,2,1,1.0,4.0,31555,M,4358840.0,141108.0,31
201800023075,18,5,17,1945,3,2,2,1.0,3.0,31555,M,4359321.0,146449.0,31
201800023076,18,5,18,720,1,2,1,1.0,3.0,31555,M,4358482.0,146179.0,31
201800023077,18,5,18,600,5,2,1,1.0,6.0,31555,M,4359128.0,145997.0,31
201800023078,18,5,18,1730,1,1,1,1.0,4.0,31555,M,4359939.0,136453.0,31
201800023079,18,5,18,1740,1,2,1,1.0,3.0,31555,M,4357546.0,141141.0,31
201800023080,18,5,18,1850,1,2,1,1.0,3.0,31069,M,4362267.0,139352.0,31
201800023081,18,5,20,240,5,2,1,1.0,7.0,31555,M,4357387.0,149138.0,31
201800023082,18,5,20,1530,1,1,1,1.0,5.0,31555,M,4359178.0,149406.0,31
201800023083,18,5,22,910,1,2,1,1.0,6.0,31555,M,4360056.0,146418.0,31
201800023084,18,5,22,1445,1,2,1,1.0,2.0,31557,M,4359007.0,134694.0,31
201800023085,18,5,23,855,1,2,3,1.0,3.0,31555,M,4355710.0,146516.0,31
201800023086,18,5,23,1635,1,2,1,1.0,2.0,31555,M,4361448.0,143764.0,31
201800023087,18,5,24,815,1,2,1,1.0,6.0,31555,M,4359321.0,144077.0,31
201800023088,18,5,24,1000,1,2,6,1.0,3.0,31555,M,4355882.0,149607.0,31
201800023089,18,5,24,1535,1,2,1,1.0,2.0,31555,M,4360858.0,148034.0,31
201800023090,18,5,25,1449,1,2,1,1.0,2.0,31555,M,4356834.0,141348.0,31
201800023091,18,5,26,1200,1,1,1,1.0,2.0,31557,M,4358902.0,136043.0,31
201800023092,18,5,27,1640,1,2,1,1.0,6.0,31149,M,4361401.0,133139.0,31
201800023093,18,5,28,1900,1,2,1,1.0,6.0,31555,M,4361458.0,143345.0,31
201800023094,18,5,28,1840,1,2,1,1.0,3.0,31149,M,4361817.0,133898.0,31
201800023095,18,5,29,1630,1,2,1,1.0,6.0,31555,M,4358890.0,147173.0,31
201800023096,18,5,30,230,4,2,1,1.0,6.0,31555,M,4358557.0,141284.0,31
201800023097,18,6,2,10,4,1,1,1.0,5.0,31555,M,4361282.0,148420.0,31
201800023098,18,6,2,822,1,2,1,1.0,1.0,31557,M,4359040.0,132394.0,31
201800023099,18,6,3,600,2,2,1,1.0,1.0,31555,M,4361109.0,141507.0,31
201800023100,18,6,3,1752,1,2,1,1.0,3.0,31555,M,4360058.0,144786.0,31
201800023101,18,6,4,1128,1,2,1,1.0,3.0,31555,M,4357071.0,145434.0,31
201800023102,18,6,4,1630,1,2,1,1.0,6.0,31555,M,4359954.0,142967.0,31
201800023103,18,6,5,1330,1,2,9,1.0,3.0,31555,M,4355785.0,149274.0,31
201800023104,18,6,5,1700,1,2,1,3.0,6.0,31555,M,4362949.0,148298.0,31
201800023105,18,6,6,1815,1,1,1,1.0,4.0,31555,M,4356166.0,148885.0,31
201800023106,18,6,6,2000,1,2,1,1.0,3.0,31555,M,4356675.0,141173.0,31
201800023107,18,6,6,1325,1,2,1,1.0,3.0,31149,M,4360409.0,131379.0,31
201800023108,18,6,7,805,1,2,1,1.0,2.0,31555,M,4361014.0,147922.0,31
201800023109,18,6,8,1708,1,2,1,1.0,6.0,31555,M,4358382.0,140654.0,31
201800023110,18,6,8,1915,1,2,1,1.0,3.0,31555,M,4357278.0,141183.0,31
201800023111,18,6,8,1945,1,1,1,1.0,3.0,31555,M,4360884.0,136467.0,31
201800023112,18,6,12,842,1,1,1,1.0,6.0,31149,M,4360746.0,135179.0,31
201800023113,18,6,13,1320,1,2,1,1.0,3.0,31555,M,4361603.0,145325.0,31
201800023114,18,6,14,1100,1,2,1,1.0,6.0,31149,M,4360777.0,133689.0,31
201800023115,18,6,15,210,3,1,1,1.0,6.0,31069,M,4365294.0,136505.0,31
201800023116,18,6,15,410,5,2,1,1.0,7.0,31555,M,4359797.0,143005.0,31
201800023117,18,6,13,110,5,2,1,1.0,6.0,31555,M,4362340.0,142060.0,31
201800023118,18,6,15,1025,1,2,1,1.0,6.0,31555,M,4358694.0,146263.0,31
201800023119,18,6,15,1650,1,2,1,1.0,6.0,31555,M,4365918.0,140980.0,31
201800023120,18,6,15,2030,2,1,1,1.0,2.0,31555,M,4354539.0,149995.0,31
201800023121,18,6,17,2115,2,2,2,1.0,3.0,31555,M,4362381.0,142777.0,31
201800023122,18,6,15,1120,1,2,1,1.0,2.0,31555,M,4354938.0,138294.0,31
201800023123,18,6,18,815,1,2,1,1.0,5.0,31555,M,4359849.0,144040.0,31
201800023124,18,6,19,1900,1,2,1,1.0,6.0,31555,M,4360575.0,148127.0,31
201800023125,18,6,20,1730,1,2,6,1.0,3.0,31149,M,4360858.0,132676.0,31
201800023126,18,6,20,1900,1,2,1,1.0,3.0,31555,M,4360791.0,144632.0,31
201800023127,18,6,22,755,1,2,1,1.0,6.0,31555,M,4355548.0,145700.0,31
201800023128,18,6,22,1600,1,1,1,1.0,4.0,31149,M,4360642.0,130946.0,31
201800023129,18,6,23,1820,1,2,1,1.0,6.0,31149,M,4361051.0,133270.0,31
201800023130,18,6,24,1940,1,2,1,1.0,3.0,31555,M,4358228.0,137046.0,31
201800023131,18,6,25,1505,1,2,1,1.0,6.0,31555,M,4358935.0,137852.0,31
201800023132,18,6,25,1600,1,2,1,1.0,6.0,31555,M,4361980.0,143488.0,31
201800023133,18,6,26,1720,1,2,1,1.0,3.0,31555,M,4358412.0,144585.0,31
201800023134,18,6,27,1010,1,2,1,1.0,2.0,31555,M,4357084.0,140667.0,31
201800023135,18,6,27,1120,1,2,1,1.0,6.0,31555,M,4360212.0,145341.0,31
201800023136,18,6,28,905,1,2,1,1.0,3.0,31149,M,4359904.0,135594.0,31
201800023137,18,6,28,1030,1,2,1,1.0,3.0,31555,M,4361110.0,144194.0,31
201800023138,18,6,29,115,5,1,1,1.0,7.0,31555,M,4364575.0,146698.0,31
201800023139,18,7,1,345,3,2,1,1.0,6.0,31555,M,4360718.0,144771.0,31
201800023140,18,7,2,930,1,2,1,1.0,1.0,31555,M,4355340.0,144084.0,31
201800023141,18,7,2,1845,1,2,2,1.0,3.0,31555,M,4362774.0,146999.0,31
201800023142,18,7,4,800,1,1,3,1.0,1.0,31555,M,4356734.0,138352.0,31
201800023143,18,7,4,2010,5,2,1,3.0,6.0,31555,M,4358965.0,141484.0,31
201800023144,18,7,4,2015,1,2,1,3.0,6.0,31555,M,4359826.0,143357.0,31
201800023145,18,7,5,750,1,1,1,1.0,3.0,31555,M,4356035.0,141571.0,31
201800023146,18,7,5,1225,1,2,1,1.0,6.0,31555,M,4357782.0,148554.0,31
201800023147,18,7,6,1610,1,2,1,1.0,6.0,31555,M,4360048.0,145529.0,31
201800023148,18,7,6,1555,1,2,1,1.0,6.0,31557,M,4357815.0,132826.0,31
201800023149,18,7,7,1720,1,2,1,1.0,6.0,31555,M,4365969.0,144031.0,31
201800023150,18,7,9,2300,5,2,1,1.0,3.0,31555,M,4362181.0,142500.0,31
201800023151,18,7,12,1721,1,2,3,1.0,3.0,31555,M,4365363.0,141203.0,31
201800023152,18,7,15,1630,1,2,1,1.0,6.0,31555,M,4361741.0,143064.0,31