Num_Acc,an,mois,jour,hrmn,lum,agg,int,atm,col,com,gps,lat,long,dep
201800023153,18,7,15,2110,5,2,1,1.0,6.0,31555,M,4359895.0,143710.0,31
201800023154,18,7,16,5,4,2,1,1.0,6.0,31555,M,4357712.0,143624.0,31
201800023155,18,7,17,1445,1,1,1,1.0,2.0,31149,M,4360713.0,132608.0,31
201800023156,18,7,18,1715,1,1,1,2.0,3.0,31555,M,4360926.0,141270.0,31
201800023157,18,7,16,1610,1,1,1,2.0,3.0,31555,M,4361679.0,139337.0,31
201800023158,18,7,20,1545,1,2,1,1.0,5.0,31557,M,4357698.0,134961.0,31
201800023159,18,7,21,945,1,2,1,1.0,3.0,31555,M,4360480.0,144932.0,31
201800023160,18,7,22,1320,1,2,5,1.0,3.0,31555,M,4360935.0,145123.0,31
201800023161,18,7,20,1400,1,1,1,1.0,3.0,31149,M,4360442.0,128420.0,31
201800023162,18,7,23,2310,3,2,1,1.0,3.0,31555,M,4360059.0,145016.0,31
201800023163,18,7,24,850,1,2,1,1.0,3.0,31555,M,4359326.0,144473.0,31
201800023164,18,7,24,910,1,2,1,1.0,6.0,31555,M,4359326.0,144473.0,31
201800023165,18,7,24,1755,1,2,3,1.0,3.0,31555,M,4362191.0,142490.0,31
201800023166,18,7,25,1700,1,2,1,1.0,2.0,31555,M,4356351.0,149628.0,31
201800023167,18,7,26,805,1,2,1,1.0,3.0,31069,M,4362784.0,138621.0,31
201800023168,18,7,26,1215,1,2,2,1.0,3.0,31555,M,4361296.0,147056.0,31
201800023169,18,7,26,1020,1,2,6,1.0,3.0,31069,M,4362187.0,139691.0,31
201800023170,18,7,27,1815,1,2,1,1.0,3.0,31555,M,4361566.0,144409.0,31
201800023171,18,7,28,2245,5,2,1,1.0,3.0,31555,M,4361084.0,144273.0,31
201800023172,18,7,30,400,5,2,6,1.0,3.0,31555,M,4358383.0,139976.0,31
201800023173,18,7,29,1035,1,2,1,1.0,2.0,31555,M,4361513.0,144172.0,31
201800023174,18,7,31,1220,1,2,2,1.0,3.0,31555,M,4361928.0,147520.0,31
201800023175,18,8,1,1515,1,2,1,1.0,6.0,31555,M,4353775.0,138784.0,31
201800023176,18,8,2,40,5,2,1,1.0,2.0,31555,M,4357225.0,141827.0,31
201800023177,18,8,3,1,4,1,1,1.0,2.0,31555,M,4359227.0,139867.0,31
201800023178,18,8,4,1900,1,1,1,1.0,3.0,31555,M,4357490.0,140892.0,31
201800023179,18,8,5,1735,1,2,1,1.0,6.0,31555,M,4361325.0,143088.0,31
201800023180,18,8,5,1210,1,2,3,1.0,3.0,31555,M,4362766.0,147843.0,31
201800023181,18,8,6,1910,1,2,1,1.0,6.0,31555,M,4356579.0,139958.0,31
201800023182,18,8,7,1920,1,2,1,1.0,6.0,31555,M,4362306.0,142628.0,31
201800023183,18,8,8,1545,1,2,1,1.0,2.0,31555,M,4355927.0,136735.0,31
201800023184,18,8,10,2210,5,1,1,1.0,3.0,31555,M,4358579.0,140513.0,31
201800023185,18,8,11,125,5,1,1,1.0,3.0,31555,M,4362449.0,148029.0,31
201800023186,18,8,16,618,2,2,6,1.0,3.0,31149,M,4360920.0,135245.0,31
201800023187,18,8,16,1330,1,1,1,1.0,6.0,31149,M,4363031.0,133190.0,31
201800023188,18,8,16,1550,1,2,2,1.0,3.0,31555,M,4357117.0,149836.0,31
201800023189,18,8,12,1705,1,2,1,1.0,3.0,31555,M,4360672.0,144735.0,31
201800023190,18,8,17,2330,5,2,1,1.0,2.0,31555,M,4364466.0,145343.0,31
201800023191,18,8,18,1450,1,2,1,1.0,6.0,31557,M,4358499.0,136347.0,31
201800023192,18,8,18,1525,1,2,1,1.0,3.0,31555,M,4359229.0,145922.0,31
201800023193,18,8,18,2100,5,1,1,1.0,3.0,31555,M,4364592.0,145488.0,31
201800023194,18,8,20,1924,1,2,1,1.0,3.0,31555,M,4359311.0,140549.0,31
201800023195,18,8,21,1630,1,2,1,1.0,2.0,31555,M,4356559.0,139404.0,31
201800023196,18,8,21,1943,1,2,1,1.0,3.0,31555,M,4358442.0,146188.0,31
201800023197,18,8,23,715,1,2,2,1.0,3.0,31555,M,4360367.0,143585.0,31
201800023198,18,8,23,1415,1,2,1,1.0,3.0,31555,M,4361121.0,144057.0,31
201800023199,18,8,24,915,1,2,2,1.0,3.0,31555,M,4359300.0,144447.0,31
201800023200,18,8,24,1235,1,2,1,1.0,6.0,31555,M,4360550.0,144733.0,31
201800023201,18,8,24,1755,1,1,1,1.0,2.0,31555,M,4362186.0,140162.0,31
201800023202,18,8,25,1130,1,1,1,1.0,2.0,31557,M,4357764.0,136760.0,31
201800023203,18,8,27,900,1,1,1,1.0,3.0,31555,M,4360963.0,138638.0,31
201800023204,18,8,27,1125,1,2,1,1.0,3.0,31555,M,4360671.0,144735.0,31
201800023205,18,8,28,1300,1,1,1,1.0,3.0,31555,M,4362367.0,141929.0,31
201800023206,18,8,30,1130,1,2,2,1.0,3.0,31555,M,4359778.0,143105.0,31
201800023207,18,8,31,605,3,1,1,1.0,4.0,31555,M,4364741.0,142142.0,31
201800023208,18,8,31,1500,1,2,3,1.0,3.0,31555,M,4362286.0,144432.0,31
201800023209,18,8,31,1500,1,2,3,1.0,3.0,31555,M,4360066.0,146662.0,31
201800023210,18,9,1,855,1,2,1,1.0,6.0,31555,M,4361860.0,146713.0,31
201800023211,18,9,1,1620,1,2,1,1.0,4.0,31555,M,4364719.0,143857.0,31
201800023212,18,9,1,2145,5,1,1,1.0,3.0,31555,M,4364087.0,147484.0,31
201800023213,18,9,2,915,1,2,3,1.0,3.0,31555,M,4360731.0,148523.0,31
201800023214,18,9,3,1335,1,2,3,1.0,3.0,31555,M,4356553.0,141054.0,31
201800023215,18,9,4,1145,1,2,1,1.0,2.0,31555,M,4363171.0,141567.0,31
201800023216,18,9,4,1230,1,2,1,1.0,3.0,31555,M,4356914.0,145642.0,31
201800023217,18,9,4,2345,5,1,3,1.0,1.0,31555,M,4359725.0,140355.0,31
201800023218,18,9,5,1545,1,2,1,1.0,6.0,31555,M,4358996.0,141291.0,31
201800023219,18,9,7,805,1,1,1,2.0,2.0,31555,M,4354122.0,139708.0,31
201800023220,18,9,7,1900,1,1,1,1.0,3.0,31555,M,4359261.0,139849.0,31
201800023221,18,9,7,1720,1,1,1,1.0,5.0,31555,M,4355085.0,140690.0,31
201800023222,18,9,8,145,4,2,1,1.0,7.0,31555,M,4357944.0,144341.0,31
201800023223,18,9,10,1335,1,2,1,1.0,3.0,31555,M,4361029.0,143473.0,31
201800023224,18,9,10,1830,1,1,1,1.0,5.0,31555,M,4360968.0,141358.0,31
201800023225,18,9,11,855,1,2,6,1.0,1.0,31555,M,4364260.0,142834.0,31
201800023226,18,9,11,900,1,2,2,1.0,1.0,31555,M,4360746.0,140959.0,31
201800023227,18,9,12,1715,1,2,2,1.0,1.0,31069,M,4365433.0,137383.0,31
201800023228,18,9,13,1550,1,2,2,1.0,3.0,31555,M,4360054.0,144698.0,31
201800023229,18,9,13,1600,1,2,1,1.0,2.0,31555,M,4359906.0,141721.0,31
201800023230,18,9,14,750,1,2,1,1.0,3.0,31557,M,4357048.0,133594.0,31
201800023231,18,9,14,1005,1,2,1,1.0,3.0,31555,M,4361489.0,145176.0,31
201800023232,18,9,14,1130,1,2,1,1.0,1.0,31555,M,4364345.0,146805.0,31
201800023233,18,9,14,800,2,2,1,1.0,6.0,31555,M,4356575.0,145919.0,31
201800023234,18,9,14,1202,1,2,1,1.0,4.0,31557,M,4358616.0,134711.0,31
201800023235,18,9,16,2230,4,1,1,1.0,6.0,31555,M,4357743.0,143634.0,31
201800023236,18,9,17,755,1,2,1,1.0,3.0,31555,M,4361117.0,135517.0,31
201800023237,18,9,17,835,1,1,1,1.0,5.0,31555,M,4356463.0,141813.0,31
201800023238,18,9,17,1800,1,1,1,1.0,2.0,31555,M,4564663.0,145218.0,31
201800023239,18,9,18,2125,5,2,2,1.0,3.0,31555,M,4362129.0,145787.0,31
201800023240,18,9,19,1700,1,1,1,1.0,4.0,31555,M,4362463.0,140859.0,31
201800023241,18,9,19,2005,5,2,1,1.0,6.0,31555,M,4361138.0,142279.0,31
201800023242,18,9,20,410,5,2,3,1.0,1.0,31555,M,4359309.0,142400.0,31
201800023243,18,9,20,910,1,1,1,1.0,3.0,31555,M,4356525.0,148435.0,31
201800023244,18,9,20,1715,1,2,1,1.0,3.0,31555,M,4358426.0,141539.0,31
201800023245,18,9,21,1125,1,2,1,1.0,6.0,31555,M,4360784.0,144618.0,31
201800023246,18,9,21,1508,1,2,1,1.0,3.0,31555,M,4363365.0,143119.0,31
201800023247,18,9,21,1830,1,1,1,1.0,1.0,31555,M,4354133.0,139029.0,31
201800023248,18,9,23,420,5,2,1,1.0,6.0,31555,M,4360811.0,144654.0,31
201800023249,18,9,23,650,5,2,1,1.0,6.0,31555,M,4361404.0,144992.0,31
201800023250,18,9,23,1214,1,2,1,1.0,3.0,31149,M,4361265.0,133171.0,31
201800023251,18,9,23,1340,1,2,1,1.0,2.0,31555,M,4358070.0,140984.0,31
201800023252,18,9,22,2030,3,2,1,1.0,6.0,31555,M,4355991.0,141110.0,31
201800023253,18,9,24,745,1,1,1,2.0,2.0,31555,M,4363080.0,147858.0,31
201800023254,18,9,24,1615,1,2,1,1.0,6.0,31149,M,4360240.0,135070.0,31
201800023255,18,9,24,2015,2,2,1,1.0,3.0,31149,M,4362117.0,134502.0,31
201800023256,18,9,25,1500,1,1,1,1.0,3.0,31555,M,4364556.0,142148.0,31
201800023257,18,9,25,1550,1,2,1,1.0,6.0,31149,M,4361401.0,132919.0,31
201800023258,18,9,25,945,1,1,1,1.0,4.0,31555,M,4360603.0,130508.0,31
201800023259,18,9,25,930,1,1,1,1.0,6.0,31555,M,4361106.0,143743.0,31
201800023260,18,9,26,1400,1,2,1,1.0,3.0,31555,M,4357725.0,143887.0,31
201800023261,18,9,26,2000,5,1,1,1.0,3.0,31555,M,4364738.0,142151.0,31
201800023262,18,9,26,2212,5,2,1,1.0,6.0,31555,M,4360449.0,144992.0,31
201800023263,18,9,26,515,3,2,1,1.0,3.0,31555,M,4364394.0,146832.0,31
201800023264,18,9,26,1225,1,2,1,1.0,4.0,31555,M,4353985.0,138938.0,31
201800023265,18,9,27,810,1,2,3,1.0,3.0,31149,M,4359853.0,132923.0,31
201800023266,18,9,27,1535,1,1,1,1.0,1.0,31555,M,4357207.0,147532.0,31
201800023267,18,9,28,1820,1,2,3,1.0,3.0,31555,M,4362392.0,144464.0,31
201800023268,18,10,1,825,1,1,1,1.0,6.0,31149,M,4360508.0,134326.0,31
201800023269,18,10,1,1250,1,2,1,1.0,2.0,31555,M,4361504.0,145192.0,31
201800023270,18,10,2,1815,1,2,1,1.0,3.0,31149,M,4361218.0,135228.0,31
201800023271,18,10,2,1820,1,2,2,1.0,6.0,31555,M,4357511.0,148926.0,31
201800023272,18,10,3,1100,1,1,1,1.0,4.0,31555,M,4357314.0,147239.0,31
201800023273,18,10,3,1905,1,2,9,1.0,6.0,31555,M,4357542.0,140616.0,31
201800023274,18,10,3,1535,1,2,1,1.0,2.0,31069,M,4362536.0,138275.0,31
201800023275,18,10,4,710,1,2,1,1.0,6.0,31069,M,4362111.0,139076.0,31
201800023276,18,10,4,1735,1,2,1,1.0,3.0,31555,M,4356353.0,146126.0,31
201800023277,18,10,4,2055,5,2,1,1.0,2.0,31555,M,4358094.0,144943.0,31
201800023278,18,10,5,750,2,2,1,1.0,3.0,31555,M,4360434.0,145002.0,31
201800023279,18,10,5,750,1,2,3,1.0,3.0,31557,M,4358116.0,133896.0,31
201800023280,18,10,5,520,5,2,1,1.0,6.0,31555,M,4358578.0,140418.0,31
201800023281,18,10,5,1110,1,2,1,1.0,3.0,31555,M,4358393.0,144954.0,31
201800023282,18,10,7,1645,1,2,1,1.0,6.0,31555,M,4359864.0,143552.0,31
201800023283,18,10,7,1705,1,2,1,1.0,2.0,31555,M,4358899.0,141270.0,31
201800023284,18,10,8,1335,1,2,1,1.0,3.0,31555,M,4358574.0,140522.0,31
201800023285,18,10,9,705,5,2,6,1.0,3.0,31149,M,4360862.0,132677.0,31
201800023286,18,10,9,1755,1,2,1,1.0,1.0,31555,M,4366405.0,141420.0,31
201800023287,18,10,10,825,2,2,1,1.0,6.0,31555,M,4360792.0,144634.0,31
201800023288,18,10,12,645,5,2,1,1.0,3.0,31149,M,4361221.0,135220.0,31
201800023289,18,10,12,1250,1,1,1,1.0,2.0,31555,M,4357036.0,143031.0,31
201800023290,18,10,12,1730,1,1,1,1.0,4.0,31069,M,4362459.0,138665.0,31
201800023291,18,10,13,520,4,1,1,1.0,7.0,31555,M,4361525.0,138822.0,31
201800023292,18,10,14,845,1,2,1,1.0,3.0,31555,M,4362954.0,143275.0,31
201800023293,18,10,16,843,1,1,1,1.0,2.0,31555,M,4360914.0,137171.0,31
201800023294,18,10,16,2120,3,2,1,1.0,6.0,31555,M,4357098.0,149919.0,31
201800023295,18,10,17,1655,1,2,1,1.0,2.0,31555,M,4360596.0,140186.0,31
201800023296,18,10,16,1835,1,2,3,1.0,3.0,31555,M,4360428.0,145009.0,31
201800023297,18,10,18,715,2,2,1,2.0,3.0,31555,M,4359699.0,142559.0,31
201800023298,18,10,17,2312,5,2,1,1.0,6.0,31555,M,4363516.0,142654.0,31
201800023299,18,10,19,755,1,2,3,5.0,3.0,31149,M,4361232.0,132244.0,31
201800023300,18,10,19,1700,1,2,1,1.0,3.0,31149,M,4360005.0,129686.0,31
201800023301,18,10,20,1952,3,2,1,1.0,3.0,31555,M,4358229.0,137036.0,31
201800023302,18,10,21,729,1,2,1,2.0,2.0,31555,M,4362811.0,147942.0,31
201800023303,18,10,21,1324,1,2,1,1.0,3.0,31555,M,4361458.0,145159.0,31
201800023304,18,10,22,755,1,2,3,1.0,6.0,31555,M,4358991.0,141512.0,31
201800023305,18,10,22,1650,1,2,1,1.0,3.0,31557,M,4358334.0,134104.0,31
201800023306,18,10,22,2118,5,2,1,1.0,3.0,31555,M,4365681.0,142078.0,31
201800023307,18,10,23,1215,1,2,1,1.0,6.0,31555,M,4358132.0,144925.0,31
201800023308,18,10,24,1800,1,1,1,1.0,2.0,31555,M,4357816.0,140734.0,31
201800023309,18,10,24,1800,1,2,1,1.0,6.0,31555,M,4364795.0,144333.0,31
201800023310,18,10,25,930,1,2,1,1.0,3.0,31555,M,4354961.0,140079.0,31
201800023311,18,10,25,1215,1,2,1,1.0,6.0,31555,M,4359802.0,145077.0,31
201800023312,18,10,26,820,1,2,1,1.0,6.0,31555,M,4359448.0,145924.0,31
201800023313,18,10,26,1445,1,2,3,1.0,3.0,31555,M,4360377.0,143431.0,31
201800023314,18,10,26,1859,2,2,1,1.0,2.0,31555,M,4359208.0,145330.0,31
201800023315,18,10,27,445,5,2,1,2.0,6.0,31555,M,4360461.0,144974.0,31
201800023316,18,10,27,1145,1,2,1,1.0,6.0,31555,M,4361929.0,146947.0,31
201800023317,18,10,27,2300,5,2,1,1.0,7.0,31555,M,4363123.0,145455.0,31
201800023318,18,10,25,1125,1,2,1,1.0,2.0,31555,M,4364765.0,145475.0,31
201800023319,18,10,30,1432,1,1,1,1.0,2.0,31555,M,4364486.0,146862.0,31
201800023320,18,10,30,1835,3,1,1,1.0,4.0,31069,M,4364944.0,136566.0,31
201800023321,18,10,30,1907,5,2,1,1.0,2.0,31555,M,4360739.0,139832.0,31
201800023322,18,10,30,2145,3,2,2,1.0,3.0,31557,M,4358849.0,135880.0,31
201800023323,18,10,25,1830,4,2,1,1.0,6.0,31555,M,4361802.0,145556.0,31
201800023324,18,11,1,300,5,2,1,1.0,3.0,31555,M,4360649.0,142801.0,31
201800023325,18,11,2,1635,1,1,1,1.0,4.0,31555,M,4358731.0,140137.0,31
201800023326,18,11,2,1930,3,2,1,1.0,3.0,31555,M,4358285.0,141681.0,31
201800023327,18,11,4,1709,1,2,8,1.0,3.0,31555,M,4359264.0,142297.0,31
201800023328,18,11,4,1852,5,2,1,1.0,3.0,31555,M,4359739.0,142117.0,31
201800023329,18,11,5,808,1,2,9,1.0,3.0,31555,M,4359923.0,141123.0,31
201800023330,18,11,6,1150,1,2,1,1.0,6.0,31555,M,4360290.0,143735.0,31
201800023331,18,11,7,1720,2,2,1,2.0,1.0,31149,M,4361761.0,131541.0,31
201800023332,18,11,8,905,1,2,3,1.0,3.0,31555,M,4363867.0,146540.0,31
201800023333,18,11,8,1245,1,2,1,1.0,6.0,31555,M,4362583.0,143416.0,31
201800023334,18,11,8,1620,1,2,1,1.0,6.0,31555,M,4361239.0,144207.0,31
201800023335,18,11,9,20,5,2,1,1.0,3.0,31555,M,4357614.0,145097.0,31
201800023336,18,11,9,730,4,2,1,3.0,3.0,31555,M,4360960.0,137024.0,31
201800023337,18,11,9,1330,1,2,1,2.0,6.0,31555,M,4361506.0,145187.0,31
201800023338,18,11,9,2030,5,2,1,1.0,2.0,31555,M,4359357.0,139129.0,31
201800023339,18,11,10,925,1,1,1,1.0,5.0,31555,M,4364718.0,143901.0,31
201800023340,18,11,10,2300,5,2,1,1.0,3.0,31555,M,4362192.0,142493.0,31
201800023341,18,11,11,1700,1,2,3,1.0,6.0,31555,M,4358981.0,141512.0,31
201800023342,18,11,9,1115,1,2,1,1.0,4.0,31555,M,4358523.0,145475.0,31
201800023343,18,11,12,1515,1,2,1,1.0,4.0,31149,M,4361646.0,131132.0,31
201800023344,18,11,12,1405,1,2,1,1.0,6.0,31555,M,4356376.0,149590.0,31
201800023345,18,11,13,840,1,2,1,1.0,3.0,31555,M,4356838.0,141333.0,31
201800023346,18,11,13,1405,1,2,2,1.0,3.0,31555,M,4359301.0,144447.0,31
201800023347,18,11,13,1744,2,2,1,1.0,2.0,31557,M,4358798.0,135536.0,31
201800023348,18,11,14,1335,1,2,1,1.0,3.0,31069,M,4362949.0,139746.0,31
201800023349,18,11,14,2000,5,2,3,1.0,3.0,31555,M,4360685.0,137488.0,31
201800023350,18,11,15,1245,1,2,6,1.0,3.0,31555,M,4358983.0,137696.0,31
201800023351,18,11,15,1605,1,2,1,1.0,3.0,31555,M,4360919.0,136722.0,31
201800023352,18,11,16,1045,1,2,1,1.0,7.0,31555,M,4362231.0,144968.0,31
201800023353,18,11,16,1245,1,2,1,1.0,2.0,31555,M,4360668.0,139567.0,31
201800023354,18,11,17,900,1,2,1,1.0,4.0,31555,M,4362187.0,145822.0,31
201800023355,18,11,17,930,1,1,1,1.0,5.0,31555,M,4356334.0,149387.0,31
201800023356,18,11,18,2140,4,1,1,1.0,7.0,31555,M,4357057.0,143054.0,31
201800023357,18,11,6,950,1,2,1,1.0,4.0,31555,M,4360300.0,141463.0,31
201800023358,18,11,19,1910,3,1,1,1.0,3.0,31149,M,4360682.0,133057.0,31
201800023359,18,11,19,1740,5,1,1,1.0,5.0,31555,M,4364626.0,146487.0,31
201800023360,18,11,20,845,1,2,1,1.0,3.0,31555,M,4357838.0,137879.0,31
201800023361,18,11,20,940,1,2,1,1.0,2.0,31555,M,4358674.0,142952.0,31
201800023362,18,11,22,2130,5,2,3,1.0,3.0,31555,M,4364428.0,146837.0,31
201800023363,18,11,20,840,1,2,3,1.0,3.0,31555,M,4359423.0,142724.0,31
201800023364,18,11,23,805,2,2,3,1.0,3.0,31555,M,4356823.0,150502.0,31
201800023365,18,11,26,1700,2,2,1,1.0,3.0,31555,M,4356535.0,147903.0,31
201800023366,18,11,27,915,1,2,1,1.0,2.0,31555,M,4360441.0,140545.0,31
201800023367,18,11,27,1320,1,2,3,1.0,3.0,31555,M,4356857.0,141378.0,31
201800023368,18,11,27,1515,1,2,3,1.0,3.0,31555,M,4358297.0,144837.0,31
201800023369,18,11,27,1830,5,2,3,1.0,6.0,31555,M,4360679.0,147332.0,31
201800023370,18,11,28,850,1,2,1,1.0,6.0,31555,M,4361779.0,143659.0,31
201800023371,18,11,28,1729,2,2,1,1.0,1.0,31555,M,4358614.0,142905.0,31
201800023372,18,11,29,1745,2,1,1,1.0,4.0,31555,M,4356075.0,149402.0,31
201800023373,18,11,29,1800,3,1,1,1.0,4.0,31555,M,4361086.0,138404.0,31
201800023374,18,11,29,2130,5,2,1,1.0,6.0,31555,M,4364728.0,141432.0,31
201800023375,18,11,30,230,5,2,1,1.0,2.0,31555,M,4361743.0,143668.0,31
201800023376,18,11,29,2230,4,1,1,1.0,6.0,31555,M,4357522.0,149679.0,31
201800023377,18,11,30,730,3,2,3,2.0,3.0,31555,M,4360322.0,140999.0,31
201800023378,18,11,30,835,2,2,1,2.0,3.0,31555,M,4359723.0,142773.0,31
201800023379,18,11,30,1755,5,2,1,3.0,3.0,31555,M,4355227.0,139602.0,31
201800023380,18,11,30,1940,5,1,1,1.0,2.0,31555,M,4362318.0,148081.0,31
201800023381,18,12,5,850,1,2,1,1.0,2.0,31555,M,4359985.0,142926.0,31
201800023382,18,12,6,1135,1,2,1,1.0,6.0,31555,M,4359106.0,143335.0,31
201800023383,18,12,6,1215,1,1,1,1.0,5.0,31555,M,4360922.0,141262.0,31
201800023384,18,12,6,1640,2,2,6,2.0,3.0,31069,M,4365120.0,138521.0,31
201800023385,18,12,6,1745,5,2,1,2.0,1.0,31149,M,4362004.0,134375.0,31
201800023386,18,12,6,2035,5,2,1,1.0,6.0,31555,M,4361061.0,144252.0,31
201800023387,18,12,6,1215,1,2,1,1.0,6.0,31555,M,4358460.0,139914.0,31
201800023388,18,12,7,755,2,1,1,1.0,3.0,31555,M,4358334.0,140407.0,31
201800023389,18,12,7,1345,1,2,1,1.0,6.0,31557,M,4357961.0,134253.0,31
201800023390,18,12,7,1340,1,1,1,1.0,5.0,31555,M,4355465.0,149749.0,31
201800023391,18,12,7,635,5,1,1,1.0,3.0,31555,M,4365896.0,141893.0,31
201800023392,18,12,8,1430,1,1,1,1.0,6.0,31555,M,4362651.0,141931.0,31
201800023393,18,12,10,1555,1,2,6,1.0,3.0,31069,M,4362198.0,139759.0,31
201800023394,18,12,10,1745,5,2,1,1.0,3.0,31555,M,4362577.0,143383.0,31
201800023395,18,12,11,707,1,2,1,5.0,6.0,31555,M,4362065.0,143571.0,31
201800023396,18,12,11,800,1,2,3,1.0,3.0,31557,M,4357910.0,135886.0,31
201800023397,18,12,11,1800,5,2,1,1.0,6.0,31555,M,4357725.0,143818.0,31
201800023398,18,12,12,830,1,1,1,2.0,3.0,31555,M,4361220.0,138668.0,31
201800023399,18,12,12,1830,5,2,6,2.0,3.0,31555,M,4359003.0,137700.0,31
201800023400,18,12,12,1330,1,1,1,2.0,3.0,31069,M,4364828.0,136728.0,31
201800023401,18,12,11,1830,3,1,1,1.0,4.0,31555,M,4361095.0,137666.0,31
201800023402,18,12,13,1803,3,2,1,2.0,6.0,31149,M,4360178.0,135121.0,31
201800023403,18,12,14,1725,3,2,1,1.0,3.0,31555,M,4361026.0,143477.0,31
201800023404,18,12,17,739,5,1,1,2.0,4.0,31555,M,4360932.0,137289.0,31
201800023405,18,12,17,850,1,2,1,1.0,6.0,31555,M,4360798.0,139349.0,31
201800023406,18,12,18,1937,3,2,1,1.0,1.0,31555,M,4364284.0,145828.0,31
201800023407,18,12,19,735,5,2,1,2.0,6.0,31555,M,4356782.0,145218.0,31
201800023408,18,12,19,1332,1,2,3,1.0,3.0,31555,M,4361055.0,144330.0,31
201800023409,18,12,19,1835,5,2,1,1.0,6.0,31555,M,4359670.0,145283.0,31
201800023410,18,12,19,2020,5,2,1,1.0,7.0,31555,M,4360886.0,137248.0,31
201800023411,18,12,21,735,2,2,1,1.0,6.0,31555,M,4357721.0,143631.0,31
201800023412,18,12,21,1545,1,2,1,1.0,6.0,31555,M,4359328.0,147407.0,31
201800023413,18,12,22,130,3,1,1,1.0,3.0,31069,M,4362179.0,139294.0,31
201800023414,18,12,25,1433,1,2,3,1.0,3.0,31555,M,4360975.0,144426.0,31
201800023415,18,12,27,900,2,2,1,1.0,6.0,31555,M,4358670.0,148194.0,31
201800023416,18,12,29,1535,1,2,1,1.0,3.0,31069,M,4364686.0,136799.0,31
201800023417,18,12,28,1800,5,2,1,1.0,6.0,31555,M,4363822.0,144425.0,31
201800023418,18,1,3,545,5,2,1,6.0,6.0,28088,M,4806936.0,131778.0,28
201800023419,18,1,3,1205,1,2,1,1.0,6.0,28088,M,4807286.0,133172.0,28
201800023420,18,1,24,1825,3,1,1,1.0,4.0,28204,M,4804883.0,118093.0,28
201800023421,18,3,1,500,5,2,1,4.0,6.0,28103,M,4799433.0,122227.0,28
201800023422,18,3,9,2145,3,1,2,1.0,3.0,28224,M,4808485.0,142936.0,28
201800023423,18,4,10,1440,1,2,1,1.0,6.0,28334,M,4806635.0,130309.0,28
201800023424,18,5,10,1400,1,1,1,1.0,7.0,28012,M,4815264.0,108839.0,28
201800023425,18,5,15,1400,1,2,3,1.0,6.0,28106,M,4811099.0,143707.0,28
201800023426,18,5,17,1255,1,1,1,1.0,1.0,28075,M,4804343.0,131393.0,28
201800023427,18,5,25,1345,1,1,3,1.0,3.0,28088,M,4809466.0,130259.0,28
201800023428,18,5,28,1000,1,2,1,1.0,6.0,28088,M,4807021.0,132886.0,28
201800023429,18,5,30,1755,1,1,1,1.0,7.0,28334,M,4805173.0,128960.0,28
201800023430,18,7,6,1800,1,2,1,1.0,7.0,28088,M,4805875.0,133509.0,28
201800023431,18,7,15,100,5,2,4,1.0,6.0,28088,M,4806730.0,132253.0,28
201800023432,18,8,19,1830,1,1,1,1.0,7.0,28088,M,4808697.0,133741.0,28
201800023433,18,8,31,1900,1,2,3,1.0,3.0,28103,M,4799074.0,125400.0,28
201800023434,18,9,2,930,1,1,1,1.0,7.0,28132,M,4809763.0,139129.0,28
201800023435,18,9,9,1330,1,1,3,1.0,3.0,28205,M,4806975.0,121773.0,28
201800023436,18,11,7,1730,2,1,2,1.0,5.0,28334,M,4806658.0,126717.0,28
201800023437,18,11,27,1735,5,2,2,3.0,1.0,28088,M,4807120.0,133750.0,28
201800023438,18,12,12,1750,3,1,1,8.0,1.0,28198,M,4806290.0,138255.0,28
201800023439,18,2,14,1845,3,1,9,3.0,2.0,28061,M,4821728.0,113244.0,28
201800023440,18,2,16,745,2,2,1,9.0,6.0,28409,M,4825553.0,121497.0,28
201800023441,18,4,15,500,5,2,1,1.0,6.0,28061,M,4821108.0,117010.0,28
201800023442,18,6,28,1230,1,1,2,1.0,3.0,28196,M,4829375.0,124824.0,28
201800023443,18,6,29,1730,1,1,1,1.0,1.0,28061,M,4821639.0,118187.0,28
201800023444,18,7,11,1415,1,1,2,1.0,3.0,28182,M,4815949.0,118788.0,28
201800023445,18,8,21,1817,1,1,1,1.0,7.0,28127,M,4819663.0,128096.0,28
201800023446,18,10,21,1020,1,1,1,1.0,6.0,28242,M,4829096.0,118971.0,28
201800023447,18,1,10,45,5,1,1,2.0,6.0,10030,M,4832610.0,402955.0,10
201800023448,18,2,5,1920,4,1,1,8.0,1.0,10067,M,4822705.0,413105.0,10
201800023449,18,2,5,753,2,2,1,2.0,3.0,10100,M,4820601.0,418896.0,10
201800023450,18,2,15,900,1,1,1,1.0,1.0,10363,M,4818155.0,415922.0,10
201800023451,18,2,20,930,1,2,1,1.0,6.0,10030,M,4833315.0,402141.0,10
201800023452,18,3,26,1500,1,1,1,1.0,6.0,10115,M,4832915.0,411358.0,10
201800023453,18,4,9,30,5,1,1,1.0,6.0,10115,M,4832949.0,412453.0,10
201800023454,18,4,19,1150,1,1,1,1.0,7.0,10211,M,4832211.0,392477.0,10
201800023455,18,5,6,1730,1,1,1,1.0,7.0,10344,M,4824605.0,408913.0,10