Num_Acc,an,mois,jour,hrmn,lum,agg,int,atm,col,com,gps,lat,long,dep
201800023456,18,6,18,1215,1,2,2,1.0,1.0,10067,M,4824712.0,410175.0,10
201800023457,18,8,12,2335,3,1,1,1.0,6.0,10067,M,4823210.0,413494.0,10
201800023458,18,8,26,1830,1,1,1,1.0,7.0,10340,M,4826024.0,401755.0,10
201800023459,18,9,10,1800,1,2,7,1.0,6.0,10329,M,4825529.0,415182.0,10
201800023460,18,9,16,1630,1,1,1,1.0,6.0,10067,M,4823456.0,412795.0,10
201800023461,18,9,24,1330,1,2,6,1.0,7.0,10340,M,4826179.0,403516.0,10
201800023462,18,10,2,1630,1,1,1,1.0,2.0,10081,M,4832209.0,405271.0,10
201800023463,18,10,3,1205,1,1,1,1.0,7.0,10191,M,4833208.0,409110.0,10
201800023464,18,12,14,1748,5,2,2,1.0,1.0,10340,M,4826172.0,403504.0,10
201800023465,18,12,19,1915,4,2,1,1.0,6.0,10030,M,4833247.0,403639.0,10
201800023466,18,2,24,1700,1,2,1,1.0,6.0,10350,M,4817199.0,380140.0,10
201800023467,18,4,11,645,2,2,9,1.0,6.0,10142,M,4827358.0,380467.0,10
201800023468,18,8,24,2230,3,1,1,1.0,7.0,10003,M,4829203.0,369471.0,10
201800023469,18,1,4,1705,5,2,3,2.0,6.0,68145,M,4808003.0,739804.0,68
201800023470,18,2,11,115,3,1,1,1.0,7.0,68295,M,4802298.0,737953.0,68
201800023471,18,2,24,1530,1,2,1,1.0,7.0,68146,M,4812697.0,736198.0,68
201800023472,18,3,7,745,1,1,4,1.0,3.0,68295,M,4799559.0,738094.0,68
201800023473,18,4,22,1840,1,2,3,1.0,3.0,68110,M,4814263.0,748710.0,68
201800023474,18,6,3,1720,1,2,6,1.0,6.0,68066,M,4808042.0,738240.0,68
201800023475,18,8,12,1640,1,1,1,1.0,5.0,68295,M,4801584.0,735571.0,68
201800023476,18,8,20,1625,1,2,1,1.0,4.0,68145,M,4808137.0,739234.0,68
201800023477,18,11,9,757,1,2,1,1.0,4.0,68145,M,4808134.0,739040.0,68
201800023478,18,12,17,2015,5,2,3,2.0,3.0,68145,M,4807516.0,740312.0,68
201800023479,18,4,14,1020,1,1,4,1.0,7.0,68249,M,4811556.0,711327.0,68
201800023480,18,4,15,1540,1,1,1,1.0,1.0,68044,M,4816555.0,709863.0,68
201800023481,18,4,20,740,1,1,1,1.0,3.0,68175,M,4814348.0,718232.0,68
201800023482,18,4,27,1530,1,1,4,1.0,6.0,68044,M,4813396.0,707449.0,68
201800023483,18,5,6,1508,1,2,4,1.0,6.0,68249,M,4812622.0,716472.0,68
201800023484,18,6,1,1130,1,1,1,1.0,6.0,68298,M,4819675.0,710937.0,68
201800023485,18,6,18,2045,1,2,1,1.0,1.0,68044,M,4817011.0,712445.0,68
201800023486,18,6,28,935,1,2,1,1.0,7.0,68249,M,4812629.0,715916.0,68
201800023487,18,6,28,2027,1,2,1,1.0,1.0,68175,M,4814095.0,715525.0,68
201800023488,18,7,15,1640,1,1,1,2.0,7.0,68005,M,4811727.0,722033.0,68
201800023489,18,7,18,1115,1,1,1,1.0,6.0,68162,M,4813645.0,732183.0,68
201800023490,18,7,27,2325,5,2,4,1.0,6.0,68175,M,4816091.0,716575.0,68
201800023491,18,8,2,520,3,1,1,1.0,6.0,68162,M,4815189.0,723520.0,68
201800023492,18,8,15,1650,1,1,1,1.0,7.0,68173,M,4809419.0,720431.0,68
201800023493,18,9,2,1520,1,2,1,1.0,6.0,68162,M,4814907.0,724915.0,68
201800023494,18,9,16,5,3,1,1,1.0,6.0,68173,M,4808046.0,717008.0,68
201800023495,18,9,21,1520,1,2,2,1.0,3.0,68162,M,4813739.0,726584.0,68
201800023496,18,9,28,1844,2,1,1,8.0,2.0,68175,M,4816736.0,714202.0,68
201800023497,18,9,29,1450,1,2,1,1.0,6.0,68175,M,4815256.0,716655.0,68
201800023498,18,10,13,1515,1,1,4,7.0,3.0,68173,M,4809535.0,720402.0,68
201800023499,18,10,13,1545,1,2,1,1.0,2.0,68249,M,4810594.0,717238.0,68
201800023500,18,10,22,1110,1,1,3,1.0,4.0,68162,M,4812486.0,731206.0,68
201800023501,18,10,28,1130,1,2,2,2.0,3.0,68374,M,4806827.0,730969.0,68
201800023502,18,10,30,1300,1,1,1,2.0,7.0,68005,M,4810625.0,723383.0,68
201800023503,18,12,1,912,1,1,1,1.0,3.0,68173,M,4809424.0,719412.0,68
201800023504,18,12,4,1450,1,1,1,2.0,6.0,68249,M,4811070.0,711793.0,68
201800023505,18,12,8,1400,1,1,1,3.0,6.0,68249,M,4810584.0,712176.0,68
201800023506,18,12,16,1700,2,1,1,1.0,6.0,68162,M,4813616.0,726001.0,68
201800023507,18,1,29,2232,3,1,1,2.0,7.0,71090,M,4621777.0,477812.0,71
201800023508,18,2,1,1300,1,1,1,1.0,3.0,71305,M,4647531.0,488618.0,71
201800023509,18,2,17,1500,1,1,1,1.0,6.0,71150,M,4624093.0,478751.0,71
201800023510,18,3,15,1000,1,1,1,3.0,2.0,71543,M,4658471.0,490057.0,71
201800023511,18,3,18,20,3,1,1,1.0,1.0,71150,M,4623489.0,479539.0,71
201800023512,18,5,22,1610,1,1,1,1.0,7.0,71543,M,4654999.0,490965.0,71
201800023513,18,6,1,1355,1,1,1,1.0,3.0,71543,M,4655414.0,490355.0,71
201800023514,18,6,19,745,1,1,1,1.0,2.0,71090,M,4621777.0,477812.0,71
201800023515,18,6,24,2357,3,1,1,1.0,2.0,71105,M,4630500.0,479387.0,71
201800023516,18,7,1,702,1,1,9,1.0,6.0,71105,M,4628721.0,478971.0,71
201800023517,18,7,4,829,1,1,1,7.0,4.0,71543,M,4656279.0,489665.0,71
201800023518,18,7,18,1500,1,1,1,1.0,2.0,71270,M,4628827.0,480417.0,71
201800023519,18,7,22,629,2,1,1,1.0,2.0,71090,M,4620843.0,478331.0,71
201800023520,18,7,25,1802,1,1,1,1.0,6.0,71150,M,4623190.0,479392.0,71
201800023521,18,8,8,230,3,1,1,3.0,6.0,71494,M,4641024.0,485909.0,71
201800023522,18,9,11,1715,1,1,1,1.0,4.0,71105,M,4630500.0,479387.0,71
201800023523,18,10,6,1734,1,1,1,1.0,2.0,71543,M,4656279.0,489665.0,71
201800023524,18,10,14,100,3,1,1,1.0,1.0,71550,M,4649584.0,489906.0,71
201800023525,18,12,6,2156,3,1,1,1.0,7.0,71105,M,4630500.0,479387.0,71
201800023526,18,1,11,1550,1,1,1,1.0,2.0,83067,M,4332621.0,630333.0,83
201800023527,18,1,23,800,1,1,1,1.0,3.0,83062,M,4314585.0,603092.0,83
201800023528,18,1,28,930,1,1,1,1.0,6.0,83130,M,4319747.0,604286.0,83
201800023529,18,2,12,715,1,1,1,1.0,7.0,83100,M,4326708.0,615172.0,83
201800023530,18,5,1,1420,1,1,1,1.0,2.0,83031,M,4339799.0,635543.0,83
201800023531,18,5,31,1741,1,1,1,2.0,7.0,83026,M,4340224.0,621573.0,83
201800023532,18,6,15,1830,1,1,1,1.0,4.0,83054,M,4316022.0,604796.0,83
201800023533,18,6,21,2,3,1,1,1.0,1.0,83049,M,4323292.0,608230.0,83
201800023534,18,6,17,1215,1,1,1,1.0,7.0,83049,M,4323292.0,608230.0,83
201800023535,18,6,22,1940,1,1,1,1.0,7.0,83073,M,4340460.0,629767.0,83
201800023536,18,7,23,45,3,1,1,1.0,7.0,83107,M,4346420.0,662636.0,83
201800023537,18,7,25,420,3,1,1,1.0,2.0,83073,M,4340460.0,629767.0,83
201800023538,18,7,28,1500,1,1,1,1.0,2.0,83023,M,4341997.0,607953.0,83
201800023539,18,8,2,710,1,1,1,1.0,3.0,83023,M,4341997.0,607953.0,83
201800023540,18,9,13,700,2,1,1,2.0,6.0,83067,M,4332621.0,630333.0,83
201800023541,18,9,18,1618,1,1,1,1.0,2.0,83107,M,4346420.0,662636.0,83
201800023542,18,10,10,700,2,1,1,1.0,5.0,83107,M,4346420.0,662636.0,83
201800023543,18,10,13,715,2,1,1,1.0,6.0,83023,M,4341997.0,607953.0,83
201800023544,18,10,24,725,2,1,1,1.0,2.0,83023,M,4341997.0,607953.0,83
201800023545,18,11,1,620,3,1,1,3.0,6.0,83107,M,4346420.0,662636.0,83
201800023546,18,11,12,700,2,1,1,2.0,4.0,83130,M,4319747.0,604286.0,83
201800023547,18,11,14,1715,2,1,1,1.0,6.0,83140,M,4342910.0,594324.0,83
201800023548,18,1,4,1215,1,1,1,1.0,2.0,28425,M,4850783.0,172827.0,28
201800023549,18,1,25,344,3,1,1,3.0,2.0,28161,M,4826681.0,115175.0,28
201800023550,18,2,4,847,1,1,1,2.0,7.0,28141,M,4833943.0,140391.0,28
201800023551,18,2,11,830,1,1,1,1.0,6.0,28273,M,4821643.0,95097.0,28
201800023552,18,3,5,759,1,1,1,1.0,3.0,28269,M,4840370.0,149992.0,28
201800023553,18,3,16,1550,1,1,1,1.0,3.0,28273,M,4821725.0,95411.0,28
201800023554,18,4,21,620,2,1,1,1.0,6.0,28273,M,4821746.0,95460.0,28
201800023555,18,4,28,1600,1,1,1,1.0,6.0,28104,M,4847254.0,160050.0,28
201800023556,18,5,30,1425,1,1,1,1.0,6.0,28388,M,4836436.0,144707.0,28
201800023557,18,6,11,1810,1,1,1,3.0,6.0,28110,M,4841315.0,150459.0,28
201800023558,18,6,26,910,1,1,1,1.0,7.0,28253,M,4835278.0,142590.0,28
201800023559,18,7,9,1435,1,1,1,1.0,7.0,28252,M,4822674.0,98395.0,28
201800023560,18,8,4,1520,1,1,1,1.0,6.0,28327,M,4819248.0,82659.0,28
201800023561,18,8,14,250,3,1,4,1.0,1.0,28278,M,4845769.0,154185.0,28
201800023562,18,8,20,740,1,1,1,1.0,6.0,28219,M,4823166.0,103099.0,28
201800023563,18,8,25,1723,1,1,1,1.0,2.0,28080,M,4820482.0,92171.0,28
201800023564,18,9,16,1730,1,1,1,1.0,7.0,28018,M,4820509.0,90202.0,28
201800023565,18,10,3,300,3,1,1,1.0,2.0,28219,M,4822861.0,100679.0,28
201800023566,18,10,3,1530,1,1,1,1.0,7.0,28327,M,4819278.0,84720.0,28
201800023567,18,11,16,1434,1,1,1,5.0,6.0,28219,M,4823218.0,103274.0,28
201800023568,18,7,13,1038,1,1,1,1.0,6.0,45176,M,4808353.0,248487.0,45
201800023569,18,10,21,2145,3,1,1,1.0,6.0,45095,M,4809398.0,210205.0,45
201800023570,18,4,18,225,3,1,3,5.0,3.0,44155,M,4705107.0,-156648.0,44
201800023571,18,5,18,830,1,2,1,1.0,3.0,44120,M,4719879.0,-175670.0,44
201800023572,18,5,31,813,1,1,3,2.0,3.0,44041,M,4707774.0,-157356.0,44
201800023573,18,6,5,751,1,1,1,1.0,1.0,44081,M,4691156.0,-155210.0,44
201800023574,18,8,24,1025,1,1,1,1.0,1.0,44212,M,4714588.0,-131410.0,44
201800023575,18,11,11,615,3,1,1,3.0,7.0,44142,M,4701771.0,-139434.0,44
201800023576,18,2,12,1555,1,1,1,1.0,3.0,13078,M,4344508.0,483805.0,13
201800023577,18,5,18,1915,1,2,2,1.0,6.0,13078,M,4338951.0,480185.0,13
201800023578,18,6,2,2345,3,1,1,1.0,6.0,13078,M,4342613.0,481827.0,13
201800023579,18,2,23,1400,1,1,1,1.0,2.0,77505,M,4892267.0,300228.0,77
201800023580,18,5,11,1300,1,1,1,1.0,5.0,77049,M,4891101.0,295954.0,77
201800023581,18,5,14,1200,1,1,1,2.0,2.0,77049,M,4890003.0,292271.0,77
201800023582,18,6,19,730,1,1,1,1.0,7.0,77141,M,4887161.0,286246.0,77
201800023583,18,8,2,1415,1,1,1,1.0,7.0,77478,M,4897643.0,307108.0,77
201800023584,18,9,4,2130,3,1,1,1.0,6.0,77141,M,4886187.0,284586.0,77
201800023585,18,9,9,210,3,1,1,1.0,6.0,77382,M,4888498.0,289457.0,77
201800023586,18,10,18,1515,1,1,9,1.0,3.0,77382,M,4888356.0,289128.0,77
201800023587,18,10,19,830,1,1,1,1.0,7.0,77235,M,4898924.0,309691.0,77
201800023588,18,4,28,2030,1,1,1,1.0,6.0,81088,M,4384857.0,226692.0,81
201800023589,18,6,4,2315,3,1,1,1.0,6.0,81088,M,4384512.0,226516.0,81
201800023590,18,8,31,1510,1,1,1,1.0,2.0,81147,M,4380329.0,218287.0,81
201800023591,18,9,4,1420,1,1,2,1.0,3.0,81088,M,4382792.0,225752.0,81
201800023592,18,9,5,1815,1,2,3,1.0,1.0,81156,M,4391691.0,203263.0,81
201800023593,18,9,15,1805,1,1,1,1.0,7.0,81088,M,4382249.0,226125.0,81
201800023594,18,9,26,2120,3,1,1,1.0,6.0,81260,M,4378335.0,223868.0,81
201800023595,18,10,15,810,2,1,1,3.0,4.0,81284,M,4391809.0,211620.0,81
201800023596,18,1,19,1645,2,1,1,2.0,6.0,81010,M,4394294.0,239711.0,81
201800023597,18,2,4,1900,3,1,1,8.0,6.0,81295,M,4382207.0,235134.0,81
201800023598,18,2,18,2050,3,1,1,1.0,7.0,81010,M,4393642.0,235318.0,81
201800023599,18,4,2,1520,1,1,1,1.0,6.0,81010,M,4395013.0,241283.0,81
201800023600,18,8,4,20,3,1,1,1.0,7.0,81190,M,4386784.0,228005.0,81
201800023601,18,10,6,1100,1,2,1,1.0,3.0,81097,M,4388311.0,222682.0,81
201800023602,18,9,29,845,1,1,1,1.0,6.0,81003,M,4389896.0,247112.0,81
201800023603,18,3,1,1530,1,1,1,6.0,6.0,81078,M,4367407.0,199292.0,81
201800023604,18,6,26,855,1,1,1,7.0,1.0,81281,M,4360568.0,210423.0,81
201800023605,18,6,27,2145,2,1,1,1.0,7.0,81258,M,4374236.0,207062.0,81
201800023606,18,8,15,2155,3,1,1,1.0,3.0,81311,M,4374058.0,218528.0,81
201800023607,18,8,22,1848,1,1,1,1.0,6.0,81078,M,4367783.0,199692.0,81
201800023608,18,8,30,715,2,1,1,1.0,6.0,81311,M,4373731.0,218579.0,81
201800023609,18,9,25,830,2,1,2,1.0,6.0,81078,M,4366233.0,198786.0,81
201800023610,18,11,10,700,1,1,1,9.0,7.0,81258,M,4375400.0,208874.0,81
201800023611,18,11,14,1820,3,1,3,1.0,6.0,81109,M,4366763.0,216961.0,81
201800023612,18,11,24,1300,1,2,1,1.0,1.0,81040,M,4371811.0,207279.0,81
201800023613,18,2,18,2040,3,1,1,2.0,6.0,81239,M,4348946.0,245693.0,81
201800023614,18,8,15,1230,1,2,1,1.0,1.0,81238,M,4347789.0,248943.0,81
201800023615,18,12,29,20,3,1,1,1.0,2.0,81036,M,4349450.0,243962.0,81
201800023616,18,1,11,1450,1,2,1,1.0,7.0,32013,M,4364880.0,59035.0,32
201800023617,18,1,22,1219,1,2,1,8.0,2.0,32013,M,4365090.0,57684.0,32
201800023618,18,2,2,1405,1,2,1,1.0,3.0,32013,M,4364720.0,59224.0,32
201800023619,18,2,2,1812,2,2,1,1.0,7.0,32013,M,4366430.0,59209.0,32
201800023620,18,2,4,605,3,1,1,9.0,2.0,32013,M,4366470.0,60255.0,32
201800023621,18,2,4,1850,5,2,5,1.0,5.0,32013,M,4363110.0,58131.0,32
201800023622,18,2,13,120,5,2,1,1.0,7.0,32013,M,4364590.0,58798.0,32
201800023623,18,2,14,1640,1,2,3,2.0,3.0,32013,M,4363620.0,59338.0,32
201800023624,18,3,19,1015,1,2,7,1.0,6.0,32013,M,4364630.0,58473.0,32
201800023625,18,4,12,840,1,2,1,1.0,6.0,32013,M,4365090.0,57690.0,32
201800023626,18,4,17,2020,1,2,1,1.0,6.0,32013,M,4364090.0,59606.0,32
201800023627,18,4,28,1425,1,2,1,1.0,1.0,32013,M,4366570.0,59412.0,32
201800023628,18,5,2,2230,5,2,1,2.0,1.0,32013,M,4363890.0,58786.0,32
201800023629,18,5,3,1640,1,2,7,2.0,3.0,32013,M,4364690.0,58339.0,32
201800023630,18,5,13,1815,1,2,1,8.0,4.0,32013,M,4364490.0,58753.0,32
201800023631,18,5,17,1205,1,1,1,1.0,7.0,32013,M,4366140.0,64469.0,32
201800023632,18,6,11,1813,1,2,1,8.0,1.0,32013,M,4363460.0,59601.0,32
201800023633,18,6,18,1526,1,1,1,1.0,6.0,32013,M,4368860.0,60456.0,32
201800023634,18,6,20,1810,1,2,1,1.0,1.0,32013,M,4364670.0,58612.0,32
201800023635,18,6,24,2032,1,1,1,1.0,7.0,32013,M,4364520.0,54523.0,32
201800023636,18,6,29,1618,1,2,1,1.0,7.0,32013,M,4363810.0,58398.0,32
201800023637,18,7,2,1150,1,2,1,8.0,3.0,32013,M,4364360.0,58710.0,32
201800023638,18,7,3,845,1,1,1,1.0,2.0,32013,M,4369700.0,60725.0,32
201800023639,18,7,8,1939,1,2,3,1.0,3.0,32013,M,4364390.0,58633.0,32
201800023640,18,7,11,805,1,2,1,1.0,3.0,32013,M,4367120.0,59833.0,32
201800023641,18,7,26,1900,1,2,1,1.0,3.0,32013,M,4363110.0,58129.0,32
201800023642,18,8,10,1115,1,2,1,1.0,7.0,32013,M,4363650.0,58945.0,32
201800023643,18,8,12,1640,1,1,1,1.0,7.0,32013,M,4365780.0,55921.0,32
201800023644,18,8,15,1850,1,1,1,1.0,7.0,32013,M,4365180.0,61659.0,32
201800023645,18,8,19,1219,1,1,1,1.0,7.0,32013,M,4363970.0,59870.0,32
201800023646,18,9,1,1810,1,2,1,1.0,6.0,32013,M,4366450.0,59539.0,32
201800023647,18,9,12,1925,1,2,1,1.0,3.0,32013,M,4364800.0,59210.0,32
201800023648,18,9,24,1530,1,2,1,1.0,1.0,32013,M,4365190.0,59303.0,32
201800023649,18,10,1,1700,1,2,1,1.0,6.0,32013,M,4364850.0,58494.0,32
201800023650,18,10,4,845,2,2,1,1.0,6.0,32013,M,4362840.0,58591.0,32
201800023651,18,10,10,1005,1,2,1,1.0,3.0,32013,M,4364590.0,59135.0,32
201800023652,18,11,6,2010,5,2,3,2.0,3.0,32013,M,4364950.0,59756.0,32
201800023653,18,11,16,1432,1,2,1,1.0,2.0,32013,M,4366270.0,59947.0,32
201800023654,18,11,24,1720,2,2,3,1.0,6.0,32013,M,4364930.0,58750.0,32
201800023655,18,11,25,1512,1,2,3,8.0,3.0,32013,M,4364540.0,58232.0,32
201800023656,18,11,28,600,3,1,1,1.0,6.0,32013,M,4362590.0,57771.0,32
201800023657,18,11,28,1030,1,2,2,1.0,6.0,32013,M,4365030.0,58801.0,32
201800023658,18,11,30,1011,1,2,1,1.0,2.0,32013,M,4365080.0,58149.0,32
201800023659,18,12,1,2144,5,2,1,2.0,7.0,32013,M,4364190.0,59292.0,32
201800023660,18,12,2,30,5,2,1,2.0,2.0,32013,M,4364790.0,58456.0,32
201800023661,18,12,3,1708,2,2,3,1.0,3.0,32013,M,4364110.0,59523.0,32
201800023662,18,12,7,1045,1,2,1,1.0,6.0,32013,M,4365030.0,59391.0,32
201800023663,18,12,13,1749,5,2,2,2.0,6.0,32013,M,4363620.0,58936.0,32
201800023664,18,12,28,1635,1,2,3,1.0,3.0,32013,M,4364630.0,58622.0,32
201800023665,18,12,30,555,3,1,1,1.0,7.0,32013,M,4362260.0,55433.0,32
201800023666,18,1,6,1730,5,2,1,2.0,6.0,57177,M,4881215.0,671995.0,57
201800023667,18,1,16,1330,1,2,1,8.0,6.0,57177,M,4881435.0,672072.0,57
201800023668,18,1,29,1809,3,1,1,2.0,6.0,57011,M,4894475.0,686695.0,57
201800023669,18,2,13,617,2,1,1,1.0,6.0,57255,M,4878678.0,701460.0,57
201800023670,18,2,15,1141,1,1,1,2.0,1.0,57232,M,4896245.0,679565.0,57
201800023671,18,2,17,2030,3,1,1,9.0,1.0,57394,M,4895793.0,681886.0,57
201800023672,18,2,24,440,3,1,1,1.0,6.0,57496,M,4891051.0,681389.0,57
201800023673,18,3,2,1620,1,2,1,4.0,1.0,57246,M,4876471.0,672816.0,57
201800023674,18,4,12,2030,2,1,1,1.0,6.0,57060,M,4890725.0,674329.0,57
201800023675,18,5,26,1030,1,2,1,1.0,3.0,57177,M,4881408.0,672096.0,57
201800023676,18,6,7,2336,3,1,1,1.0,6.0,57011,M,4892874.0,686925.0,57
201800023677,18,6,9,1800,1,1,1,1.0,7.0,57469,M,4885648.0,696336.0,57
201800023678,18,6,30,437,2,2,1,1.0,6.0,57711,M,4893411.0,693078.0,57
201800023679,18,7,17,1727,1,1,2,7.0,3.0,57161,M,4884108.0,683601.0,57
201800023680,18,8,11,1130,1,2,1,1.0,7.0,57270,M,4882333.0,670431.0,57
201800023681,18,8,12,2132,3,1,1,1.0,5.0,57434,M,4870765.0,678812.0,57
201800023682,18,8,21,1348,1,1,1,1.0,2.0,57177,M,4883238.0,679974.0,57
201800023683,18,12,18,2030,3,1,1,1.0,7.0,57418,M,4887046.0,689391.0,57
201800023684,18,1,4,306,3,1,1,2.0,2.0,21638,M,4751589.0,517732.0,21
201800023685,18,5,2,749,1,1,9,1.0,2.0,21609,M,4721031.0,529732.0,21
201800023686,18,6,24,500,2,1,1,1.0,3.0,21021,M,4733588.0,516678.0,21
201800023687,18,9,12,1920,1,1,1,1.0,7.0,21605,M,4728621.0,509807.0,21
201800023688,18,11,10,1715,3,1,1,2.0,6.0,21057,M,4723903.0,525999.0,21
201800023689,18,11,30,1730,3,1,1,1.0,5.0,21105,M,4731001.0,517300.0,21
201800023690,18,12,14,2333,3,1,1,1.0,4.0,21599,M,4760602.0,519572.0,21
201800023691,18,5,18,1320,1,1,1,1.0,6.0,76541,M,4951961.0,97494.0,76
201800023692,18,1,4,800,2,2,1,1.0,1.0,31044,M,4362845.0,149066.0,31
201800023693,18,3,19,2345,5,2,1,2.0,6.0,31044,M,4360825.0,151306.0,31
201800023694,18,3,22,1100,1,2,6,1.0,3.0,31044,M,4359296.0,150535.0,31
201800023695,18,4,2,2225,3,2,1,1.0,6.0,31445,M,4357373.0,155832.0,31
201800023696,18,4,3,915,1,2,3,1.0,3.0,31044,M,4362845.0,149067.0,31
201800023697,18,4,6,1805,1,2,6,1.0,7.0,31044,M,4360340.0,150456.0,31
201800023698,18,4,6,1155,1,2,9,7.0,3.0,31044,M,4360445.0,149841.0,31
201800023699,18,6,22,2115,1,2,6,1.0,6.0,31044,M,4360910.0,149027.0,31
201800023700,18,7,19,2155,3,1,1,1.0,6.0,31445,M,4358486.0,153707.0,31
201800023701,18,7,23,845,1,2,6,7.0,7.0,31044,M,4360798.0,148700.0,31
201800023702,18,7,25,1345,1,1,1,1.0,6.0,31573,M,4366369.0,169446.0,31
201800023703,18,9,27,355,5,2,1,1.0,6.0,31512,M,4357033.0,162344.0,31
201800023704,18,10,11,700,4,2,1,1.0,1.0,31445,M,4358266.0,151744.0,31
201800023705,18,11,22,800,2,1,1,7.0,1.0,31184,M,4361052.0,153441.0,31
201800023706,18,3,16,25,3,1,1,1.0,7.0,31547,M,4350010.0,124702.0,31
201800023707,18,1,12,1826,2,2,2,1.0,4.0,31454,M,4341613.0,112126.0,31
201800023708,18,3,6,620,4,1,1,1.0,7.0,31454,M,4338649.0,106540.0,31
201800023709,18,4,18,1645,1,1,1,1.0,3.0,31547,M,4350164.0,127214.0,31
201800023710,18,8,9,1530,1,1,2,1.0,3.0,31454,M,4342813.0,113150.0,31
201800023711,18,9,30,1725,1,1,1,1.0,1.0,31423,M,4340409.0,106099.0,31
201800023712,18,10,25,1725,1,1,1,1.0,3.0,31435,M,4343225.0,115954.0,31
201800023713,18,11,10,830,1,2,6,1.0,3.0,31547,M,4349014.0,131608.0,31
201800023714,18,11,19,1020,1,2,1,1.0,3.0,31454,M,4341161.0,113765.0,31
201800023715,18,2,19,1955,3,1,1,2.0,6.0,31025,M,4347237.0,145155.0,31
201800023716,18,6,23,1600,1,2,1,1.0,3.0,31446,M,4353212.0,146702.0,31
201800023717,18,8,20,1900,2,2,1,1.0,3.0,31446,M,4354558.0,148047.0,31
201800023718,18,10,7,1310,1,2,1,2.0,6.0,31446,M,4353669.0,147289.0,31
201800023719,18,1,13,1215,1,2,1,1.0,1.0,42069,M,4600372.0,404856.0,42
201800023720,18,1,26,1730,3,1,1,2.0,3.0,42331,M,4596199.0,393478.0,42
201800023721,18,2,15,1715,1,1,1,2.0,7.0,42074,M,4608119.0,417371.0,42
201800023722,18,3,15,845,1,2,1,3.0,7.0,42120,M,4598468.0,396557.0,42
201800023723,18,3,21,1800,1,1,2,1.0,5.0,42120,M,4599220.0,399699.0,42
201800023724,18,4,24,1350,1,2,1,1.0,5.0,42162,M,4601400.0,398618.0,42
201800023725,18,5,11,1530,1,2,1,1.0,1.0,42332,M,4599342.0,403350.0,42
201800023726,18,5,20,830,1,1,1,1.0,6.0,42239,M,4595466.0,396387.0,42
201800023727,18,5,20,1600,1,1,1,1.0,7.0,42166,M,4600201.0,410256.0,42
201800023728,18,7,10,1750,1,1,1,1.0,1.0,42331,M,4596540.0,393592.0,42
201800023729,18,8,21,2000,2,1,2,1.0,1.0,42068,M,4603184.0,426299.0,42
201800023730,18,9,10,1715,1,1,1,7.0,3.0,42332,M,4600905.0,402187.0,42
201800023731,18,9,29,1045,1,1,1,1.0,1.0,42145,M,4604399.0,424105.0,42
201800023732,18,10,17,1650,1,1,2,1.0,1.0,42338,M,4607296.0,411888.0,42
201800023733,18,11,15,2330,3,1,1,5.0,6.0,42338,M,4609302.0,411964.0,42
201800023734,18,12,6,1945,3,1,1,1.0,2.0,42166,M,4599768.0,410362.0,42
201800023735,18,2,14,1700,1,2,2,1.0,7.0,84137,M,4424331.0,506585.0,84
201800023736,18,2,24,55,3,1,1,1.0,6.0,84069,M,4418616.0,512255.0,84
201800023737,18,4,19,1845,1,2,4,1.0,6.0,84069,M,4418671.0,511165.0,84
201800023738,18,4,30,1751,1,1,1,1.0,2.0,84008,M,4417850.0,508746.0,84
201800023739,18,4,18,1600,1,1,1,1.0,3.0,84137,M,4424777.0,506017.0,84
201800023740,18,5,31,1600,1,1,1,1.0,7.0,84008,M,4414665.0,513066.0,84
201800023741,18,6,2,1130,1,1,1,1.0,1.0,84015,M,4418033.0,518815.0,84
201800023742,18,6,14,1410,1,1,1,1.0,1.0,84015,M,4417271.0,522444.0,84
201800023743,18,7,26,1030,1,1,9,1.0,3.0,84116,M,4425823.0,509720.0,84
201800023744,18,7,31,1950,1,2,6,1.0,3.0,84137,M,4424431.0,507545.0,84
201800023745,18,12,31,1500,1,2,1,1.0,6.0,31282,M,4368427.0,144736.0,31
201800023746,18,1,20,1840,5,2,1,2.0,3.0,31467,M,4369083.0,142572.0,31
201800023747,18,1,25,1,5,2,3,1.0,3.0,31022,M,4367638.0,141874.0,31
201800023748,18,3,8,1804,2,2,6,7.0,3.0,31467,M,4371660.0,140632.0,31
201800023749,18,4,24,1700,1,2,4,1.0,3.0,31467,M,4369311.0,141696.0,31
201800023750,18,5,11,700,1,2,6,7.0,2.0,31116,M,4369525.0,145053.0,31
201800023751,18,5,12,1010,1,2,6,1.0,6.0,31116,M,4369456.0,143216.0,31
201800023752,18,6,25,1300,1,2,1,1.0,2.0,31116,M,4369645.0,143016.0,31
201800023753,18,7,2,1145,1,2,1,1.0,6.0,31116,M,4368785.0,144099.0,31
201800023754,18,7,13,715,1,2,6,1.0,7.0,31186,M,,,31
201800023755,18,7,29,1730,1,2,1,1.0,5.0,31022,M,4366900.0,142867.0,31
201800023756,18,9,27,1245,1,2,1,1.0,6.0,31467,M,4368879.0,142452.0,31
201800023757,18,10,5,800,2,2,1,1.0,1.0,31282,M,4366526.0,145810.0,31
201800023758,18,10,4,2052,4,1,1,1.0,1.0,31484,M,4368261.0,148518.0,31
201800023759,18,10,19,2115,5,2,1,1.0,1.0,31022,M,4367031.0,143070.0,31
201800023760,18,11,6,1000,1,2,6,1.0,3.0,31116,M,4369366.0,143267.0,31