Num_Acc,an,mois,jour,hrmn,lum,agg,int,atm,col,com,gps,lat,long,dep
201800023761,18,11,13,710,3,2,1,1.0,2.0,31467,M,4370018.0,140094.0,31
201800023762,18,11,29,1000,1,2,6,2.0,2.0,31282,M,4366639.0,144040.0,31
201800023763,18,1,27,140,3,1,1,1.0,7.0,76054,M,4991134.0,132777.0,76
201800023764,18,3,13,1220,1,2,4,1.0,6.0,76392,M,4982772.0,139518.0,76
201800023765,18,6,6,1515,1,2,3,1.0,3.0,76624,M,4988056.0,120935.0,76
201800023766,18,6,29,1730,1,2,1,1.0,6.0,76392,M,4983288.0,140241.0,76
201800023767,18,9,21,1730,1,1,1,1.0,7.0,76054,M,4990917.0,138220.0,76
201800023768,18,11,23,745,5,2,3,5.0,6.0,76235,M,4989725.0,125916.0,76
201800023769,18,12,8,1700,3,1,1,3.0,1.0,76677,M,4983524.0,149286.0,76
201800023770,18,1,8,1845,3,1,1,1.0,6.0,41276,M,4763192.0,132522.0,41
201800023771,18,4,20,1740,1,2,1,1.0,3.0,41276,M,4762309.0,132679.0,41
201800023772,18,6,28,2030,1,1,1,1.0,3.0,41040,M,4766705.0,124064.0,41
201800023773,18,7,8,1740,1,1,1,1.0,2.0,41033,M,4755955.0,120977.0,41
201800023774,18,7,13,1730,1,1,1,1.0,5.0,41128,M,4765964.0,132809.0,41
201800023775,18,7,20,20,3,1,1,3.0,6.0,41128,M,4763280.0,129955.0,41
201800023776,18,7,28,1625,1,2,1,1.0,6.0,41045,M,4747293.0,119382.0,41
201800023777,18,8,9,1715,1,2,1,1.0,7.0,41055,M,4752394.0,123880.0,41
201800023778,18,8,28,1805,1,1,1,7.0,3.0,41055,M,4755303.0,125141.0,41
201800023779,18,9,10,1650,1,1,1,1.0,7.0,41189,M,4746766.0,113649.0,41
201800023780,18,9,7,1545,1,2,1,1.0,1.0,41167,M,4746311.0,119693.0,41
201800023781,18,10,6,1045,1,2,6,1.0,3.0,41101,M,4760701.0,114927.0,41
201800023782,18,10,6,2000,3,1,1,2.0,2.0,41009,M,4768698.0,130383.0,41
201800023783,18,10,10,745,2,1,1,1.0,6.0,41234,M,4756468.0,113454.0,41
201800023784,18,12,13,1230,1,1,1,1.0,7.0,41167,M,4748569.0,118533.0,41
201800023785,18,1,12,1815,5,2,6,1.0,6.0,36244,M,4719470.0,146357.0,36
201800023786,18,2,26,740,2,1,1,1.0,6.0,36228,M,4717760.0,154977.0,36
201800023787,18,3,12,1315,1,2,1,1.0,1.0,36228,M,4714420.0,157226.0,36
201800023788,18,4,15,1000,1,1,1,1.0,1.0,36191,M,4709740.0,177433.0,36
201800023789,18,10,25,750,3,1,2,1.0,3.0,36079,M,4695088.0,154987.0,36
201800023790,18,11,2,1515,1,2,1,1.0,2.0,36230,M,4706833.0,181819.0,36
201800023791,18,12,9,1000,1,2,1,1.0,6.0,36034,M,4725535.0,165286.0,36
201800023792,18,1,3,2100,5,2,1,2.0,1.0,33529,M,4460382.0,-113036.0,33
201800023793,18,1,10,1815,5,2,3,1.0,3.0,33529,M,4461663.0,-111337.0,33
201800023794,18,1,9,1725,2,2,2,1.0,6.0,33529,M,4463169.0,-114796.0,33
201800023795,18,4,22,1530,1,2,1,1.0,1.0,33529,M,4464233.0,-115700.0,33
201800023796,18,5,11,1515,1,1,9,1.0,3.0,33529,M,4463429.0,-115549.0,33
201800023797,18,6,13,1520,1,2,9,1.0,6.0,33529,M,4463789.0,-115269.0,33
201800023798,18,6,26,1905,1,2,3,1.0,3.0,33529,M,4462069.0,-120182.0,33
201800023799,18,6,26,1655,1,1,3,1.0,3.0,33529,M,4454802.0,-123994.0,33
201800023800,18,7,21,1400,1,2,2,1.0,3.0,33009,M,4465205.0,-115536.0,33
201800023801,18,8,2,2250,3,1,1,1.0,6.0,33529,M,4457202.0,-122166.0,33
201800023802,18,8,3,2010,1,1,1,1.0,3.0,33529,M,4463333.0,-118786.0,33
201800023803,18,8,5,1145,1,2,4,1.0,3.0,33009,M,4464531.0,-119462.0,33
201800023804,18,8,25,635,5,2,1,1.0,6.0,33529,M,4463351.0,-116537.0,33
201800023805,18,9,2,2005,1,2,3,1.0,3.0,33529,M,4463729.0,-114930.0,33
201800023806,18,9,12,2005,2,2,2,1.0,6.0,33529,M,4462898.0,-115163.0,33
201800023807,18,9,24,940,1,2,3,7.0,6.0,33009,M,4465968.0,-117278.0,33
201800023808,18,11,9,1150,1,1,3,1.0,2.0,33529,M,4458831.0,-113374.0,33
201800023809,18,11,30,650,3,1,1,1.0,1.0,33529,M,4464439.0,-115799.0,33
201800023810,18,1,8,750,2,2,1,1.0,7.0,74191,M,4619298.0,668586.0,74
201800023811,18,1,17,1400,1,2,1,4.0,6.0,74191,M,4618031.0,670205.0,74
201800023812,18,1,23,1800,5,2,9,1.0,6.0,74191,M,4618046.0,670221.0,74
201800023813,18,1,28,215,5,2,1,1.0,6.0,74034,M,4627380.0,663273.0,74
201800023814,18,2,21,2000,5,2,1,1.0,6.0,74191,M,4618827.0,669571.0,74
201800023815,18,3,10,1045,1,1,1,3.0,4.0,74191,M,4618974.0,668494.0,74
201800023816,18,4,3,1645,1,1,1,1.0,5.0,74034,M,4626147.0,662368.0,74
201800023817,18,4,20,1755,1,1,1,7.0,6.0,74188,M,4621030.0,672813.0,74
201800023818,18,4,30,2310,3,2,1,3.0,7.0,74191,M,4618493.0,671078.0,74
201800023819,18,6,2,1245,1,1,3,1.0,6.0,74295,M,4631516.0,660540.0,74
201800023820,18,6,10,1130,1,1,1,1.0,7.0,74034,M,4625619.0,662727.0,74
201800023821,18,7,26,1845,1,1,1,1.0,1.0,74191,M,4616188.0,670274.0,74
201800023822,18,8,16,1120,1,1,1,1.0,7.0,74188,M,4621115.0,673769.0,74
201800023823,18,9,9,430,5,2,1,1.0,6.0,74191,M,4617568.0,670998.0,74
201800023824,18,10,20,1350,1,1,1,1.0,7.0,74238,M,4622733.0,665929.0,74
201800023825,18,10,25,1930,3,1,1,1.0,6.0,74191,M,4618969.0,671051.0,74
201800023826,18,12,7,320,3,1,1,1.0,7.0,74238,M,4622366.0,666295.0,74
201800023827,18,1,5,1700,3,2,2,1.0,6.0,33063,M,4483781.0,-57563.0,33
201800023828,18,12,27,1550,1,2,1,1.0,1.0,33318,M,4478767.0,-64585.0,33
201800023829,18,1,5,1345,1,2,2,2.0,3.0,33063,M,4485274.0,-59051.0,33
201800023830,18,1,8,1635,1,2,3,1.0,6.0,33063,M,4486134.0,-56782.0,33
201800023831,18,1,1,345,4,2,1,1.0,6.0,33200,M,4486960.0,-67322.0,33
201800023832,18,1,9,1130,1,2,2,1.0,3.0,33063,M,4483170.0,-56971.0,33
201800023833,18,1,10,1320,1,2,1,1.0,1.0,33281,M,4483567.0,-68516.0,33
201800023834,18,12,22,120,5,2,2,2.0,2.0,33013,M,4486854.0,-50293.0,33
201800023835,18,1,14,255,5,2,6,2.0,6.0,33063,M,4482884.0,-60021.0,33
201800023836,18,1,15,1650,1,2,2,2.0,1.0,33063,M,4482028.0,-54973.0,33
201800023837,18,1,18,1830,5,2,2,2.0,3.0,33522,M,4479610.0,-60298.0,33
201800023838,18,1,12,1700,1,2,3,1.0,6.0,33039,M,4480755.0,-55029.0,33
201800023839,18,1,20,515,5,2,1,2.0,6.0,33063,M,4484778.0,-57059.0,33
201800023840,18,9,13,315,5,2,3,1.0,3.0,33063,M,4482607.0,-57712.0,33
201800023841,18,1,19,1635,1,2,6,2.0,3.0,33063,M,4481870.0,-60233.0,33
201800023842,18,1,22,750,5,2,1,1.0,2.0,33063,M,4485506.0,-61355.0,33
201800023843,18,1,23,745,5,2,3,2.0,6.0,33063,M,4485733.0,-57964.0,33
201800023844,18,1,23,930,1,2,2,1.0,3.0,33162,M,4488251.0,-63066.0,33
201800023845,18,1,26,1400,1,2,2,1.0,6.0,33063,M,4483713.0,-57866.0,33
201800023846,18,2,1,1255,1,2,1,1.0,1.0,33318,M,4479033.0,-67341.0,33
201800023847,18,2,6,737,2,2,2,1.0,3.0,33039,M,4481410.0,-55036.0,33
201800023848,18,2,3,1945,5,2,2,2.0,6.0,33063,M,4482690.0,-56922.0,33
201800023849,18,2,6,1040,1,2,1,1.0,3.0,33063,M,4483359.0,-58008.0,33
201800023850,18,2,4,725,4,2,1,1.0,2.0,33063,M,4485700.0,-53911.0,33
201800023851,18,2,1,845,1,2,6,1.0,6.0,33063,M,4487297.0,-55907.0,33
201800023852,18,2,3,615,4,2,1,1.0,1.0,33192,M,4477608.0,-64414.0,33
201800023853,18,2,1,1730,2,2,6,2.0,3.0,33192,M,4477007.0,-62900.0,33
201800023854,18,2,4,1240,1,2,6,1.0,2.0,33281,M,4484135.0,-65416.0,33
201800023855,18,2,7,725,5,2,1,1.0,6.0,33281,M,4482520.0,-63146.0,33
201800023856,18,2,9,1645,1,2,3,1.0,6.0,33192,M,4477861.0,-61900.0,33
201800023857,18,2,12,1710,1,2,3,1.0,6.0,33167,M,4483085.0,-52648.0,33
201800023858,18,2,13,1140,1,2,1,2.0,2.0,33063,M,4485051.0,-55999.0,33
201800023859,18,2,14,1245,1,2,1,3.0,3.0,33063,M,4484240.0,-57963.0,33
201800023860,18,2,18,1420,1,2,3,2.0,6.0,33063,M,4485246.0,-54023.0,33
201800023861,18,2,12,1150,1,2,1,1.0,6.0,33249,M,4487125.0,-51593.0,33
201800023862,18,2,20,1200,1,2,1,1.0,3.0,33063,M,4485431.0,-56558.0,33
201800023863,18,2,22,625,5,2,2,1.0,1.0,33063,M,4483145.0,-55857.0,33
201800023864,18,2,21,1500,1,2,2,1.0,3.0,33063,M,4483330.0,-59857.0,33
201800023865,18,2,23,156,5,2,2,1.0,2.0,33119,M,4486758.0,-50683.0,33
201800023866,18,2,13,2350,5,2,3,8.0,6.0,33063,M,4483076.0,-54469.0,33
201800023867,18,2,25,1800,2,2,3,1.0,6.0,33192,M,4478497.0,-61092.0,33
201800023868,18,2,26,840,1,2,4,7.0,6.0,33063,M,4483130.0,-57457.0,33
201800023869,18,2,13,700,2,2,2,1.0,3.0,33063,M,4486165.0,-56222.0,33
201800023870,18,3,4,830,1,2,1,2.0,1.0,33063,M,4487746.0,-56364.0,33
201800023871,18,3,3,2340,5,2,1,2.0,6.0,33063,M,4482820.0,-54995.0,33
201800023872,18,2,26,1210,1,2,3,1.0,1.0,33075,M,4488095.0,-60700.0,33
201800023873,18,2,23,130,5,2,1,1.0,6.0,33192,M,4478180.0,-59411.0,33
201800023874,18,3,27,2209,5,2,3,3.0,6.0,33192,M,4477370.0,-63661.0,33
201800023875,18,3,4,2135,5,2,3,1.0,6.0,33063,M,4481961.0,-55063.0,33
201800023876,18,3,4,1630,1,2,3,1.0,6.0,33063,M,4483840.0,-58204.0,33
201800023877,18,3,8,832,1,2,3,7.0,6.0,33522,M,4480592.0,-59838.0,33
201800023878,18,3,15,1720,1,2,2,1.0,3.0,33063,M,4484342.0,-54351.0,33
201800023879,18,3,16,1045,1,2,1,1.0,6.0,33167,M,4483746.0,-53648.0,33
201800023880,18,3,20,1915,5,2,3,1.0,3.0,33063,M,4487777.0,-54403.0,33
201800023881,18,3,14,740,1,2,1,1.0,1.0,33550,M,4476535.0,-57648.0,33
201800023882,18,3,22,1400,1,2,1,1.0,6.0,33063,M,4483730.0,-57675.0,33
201800023883,18,3,24,1215,1,2,2,1.0,3.0,33063,M,4483480.0,-57834.0,33
201800023884,18,3,25,1722,1,2,2,2.0,3.0,33063,M,4482824.0,-55721.0,33
201800023885,18,3,25,703,5,2,6,2.0,6.0,33249,M,4486772.0,-52369.0,33
201800023886,18,3,25,630,5,2,1,2.0,1.0,33063,M,4486480.0,-55242.0,33
201800023887,18,3,30,550,2,2,1,2.0,1.0,33063,M,4485953.0,-53935.0,33
201800023888,18,3,30,1950,2,2,1,1.0,6.0,33063,M,4485410.0,-58174.0,33
201800023889,18,4,4,1945,4,2,1,1.0,6.0,33063,M,4482925.0,-56007.0,33
201800023890,18,4,6,1730,1,2,3,1.0,3.0,33063,M,4487559.0,-57669.0,33
201800023891,18,3,30,1400,1,2,3,1.0,3.0,33069,M,4485755.0,-59138.0,33
201800023892,18,4,15,200,5,2,1,1.0,2.0,33063,M,4483834.0,-56289.0,33
201800023893,18,4,14,1849,1,2,3,1.0,3.0,33063,M,4487640.0,-55997.0,33
201800023894,18,1,7,1835,1,2,3,1.0,1.0,33063,M,4485887.0,-55658.0,33
201800023895,18,4,12,2050,2,2,3,1.0,6.0,33550,M,4477496.0,-57286.0,33
201800023896,18,4,19,1830,1,2,2,1.0,6.0,33063,M,4483442.0,-58880.0,33
201800023897,18,4,14,1815,1,2,1,1.0,3.0,33192,M,4478570.0,-60352.0,33
201800023898,18,4,21,1720,1,2,1,1.0,6.0,33063,M,4486628.0,-57477.0,33
201800023899,18,4,17,1909,1,2,4,1.0,6.0,33063,M,4487744.0,-56593.0,33
201800023900,18,4,24,1352,1,1,1,1.0,6.0,33281,M,4484442.0,-73312.0,33
201800023901,18,4,20,1200,1,2,1,1.0,6.0,33063,M,4484092.0,-58337.0,33
201800023902,18,4,17,1740,1,2,6,1.0,6.0,33249,M,4486795.0,-52331.0,33
201800023903,18,4,26,1935,1,2,2,1.0,6.0,33063,M,4482819.0,-56088.0,33
201800023904,18,4,27,650,2,2,3,9.0,2.0,33063,M,4485648.0,-55001.0,33
201800023905,18,4,26,905,1,2,2,1.0,6.0,33192,M,4477449.0,-59731.0,33
201800023906,18,5,1,2045,2,2,1,1.0,2.0,33281,M,4483570.0,-69341.0,33
201800023907,18,5,9,1350,1,2,1,1.0,6.0,33063,M,4483873.0,-62454.0,33
201800023908,18,5,13,1305,1,2,1,1.0,6.0,33063,M,4486439.0,-57957.0,33
201800023909,18,5,9,900,1,2,2,1.0,6.0,33039,M,4481183.0,-55093.0,33
201800023910,18,5,11,1800,1,2,3,1.0,3.0,33063,M,4484957.0,-60150.0,33
201800023911,18,5,12,1950,1,2,6,1.0,3.0,33318,M,4478994.0,-63462.0,33
201800023912,18,5,19,437,5,2,2,1.0,3.0,33063,M,4483529.0,-58895.0,33
201800023913,18,5,22,1915,1,2,3,1.0,2.0,33281,M,4484197.0,-66258.0,33
201800023914,18,5,4,2015,2,2,1,1.0,3.0,33063,M,4486620.0,-57496.0,33
201800023915,18,5,5,650,1,2,2,1.0,4.0,33063,M,4486051.0,-55418.0,33
201800023916,18,5,24,1750,1,2,1,1.0,6.0,33063,M,4485376.0,-56651.0,33
201800023917,18,5,24,1830,1,2,1,1.0,3.0,33550,M,4477780.0,-55442.0,33
201800023918,18,5,29,1145,1,2,2,1.0,3.0,33063,M,4484274.0,-59466.0,33
201800023919,18,5,23,800,1,2,3,1.0,3.0,33162,M,4487378.0,-63011.0,33
201800023920,18,5,31,1527,1,2,2,1.0,3.0,33063,M,4487382.0,-57614.0,33
201800023921,18,6,3,350,5,2,3,1.0,6.0,33063,M,4482154.0,-60405.0,33
201800023922,18,6,2,2045,1,2,4,1.0,2.0,33063,M,4483763.0,-59311.0,33
201800023923,18,5,30,1040,1,2,1,1.0,6.0,33063,M,4485660.0,-56187.0,33
201800023924,18,5,28,1345,1,2,1,1.0,6.0,33522,M,4479850.0,-59947.0,33
201800023925,18,5,31,1400,1,2,1,1.0,6.0,33522,M,4478746.0,-59067.0,33
201800023926,18,6,6,1930,1,2,1,1.0,6.0,33318,M,4480051.0,-67058.0,33
201800023927,18,6,5,810,1,2,3,1.0,6.0,33065,M,4481399.0,-50348.0,33
201800023928,18,6,9,400,5,2,2,1.0,6.0,33063,M,4483304.0,-59093.0,33
201800023929,18,6,10,1755,1,2,1,1.0,7.0,33063,M,4483787.0,-56677.0,33
201800023930,18,6,8,2330,5,2,3,1.0,6.0,33063,M,4485145.0,-59687.0,33
201800023931,18,6,13,1400,1,2,2,1.0,3.0,33550,M,4478065.0,-57123.0,33
201800023932,18,6,18,1919,1,2,3,1.0,6.0,33249,M,4487421.0,-51979.0,33
201800023933,18,6,16,1910,1,2,1,1.0,6.0,33281,M,4483396.0,-63692.0,33
201800023934,18,6,19,1510,1,2,3,1.0,3.0,33063,M,4485883.0,-62754.0,33
201800023935,18,6,21,1435,1,2,2,1.0,3.0,33063,M,4486032.0,-55387.0,33
201800023936,18,6,17,700,1,2,2,1.0,3.0,33522,M,4480250.0,-58713.0,33
201800023937,18,6,27,922,1,2,2,1.0,3.0,33063,M,4484026.0,-59914.0,33
201800023938,18,6,24,1900,1,2,1,1.0,5.0,33063,M,4482198.0,-54147.0,33
201800023939,18,7,2,1537,1,2,2,1.0,6.0,33063,M,4484566.0,-61768.0,33
201800023940,18,7,4,1,4,2,2,1.0,3.0,33550,M,4475984.0,-58259.0,33
201800023941,18,7,2,740,1,2,6,1.0,3.0,33281,M,4483121.0,-67970.0,33
201800023942,18,7,16,510,5,2,2,1.0,3.0,33063,M,4482709.0,-57246.0,33
201800023943,18,7,13,1200,1,2,1,1.0,3.0,33063,M,4486151.0,-56472.0,33
201800023944,18,6,23,10,5,2,1,1.0,6.0,33063,M,4482856.0,-55351.0,33
201800023945,18,6,23,2015,1,2,1,1.0,1.0,33075,M,4487785.0,-58475.0,33
201800023946,18,6,25,1550,1,2,3,1.0,3.0,33063,M,4485380.0,-55386.0,33
201800023947,18,6,27,2210,1,2,2,1.0,2.0,33063,M,4484200.0,-56017.0,33
201800023948,18,7,9,1130,1,2,2,1.0,4.0,33281,M,4482382.0,-65015.0,33
201800023949,18,7,2,1540,1,2,6,1.0,3.0,33119,M,4485448.0,-51608.0,33
201800023950,18,6,22,1720,1,2,3,1.0,3.0,33281,M,4483399.0,-64785.0,33
201800023951,18,7,18,1435,1,2,2,1.0,6.0,33063,M,4483478.0,-57842.0,33
201800023952,18,7,20,2315,5,2,3,1.0,6.0,33032,M,4490808.0,-51653.0,33
201800023953,18,7,24,2035,1,2,3,1.0,3.0,33318,M,4480008.0,-66008.0,33
201800023954,18,7,24,950,1,2,3,1.0,6.0,33318,M,4480556.0,-63483.0,33
201800023955,18,7,29,2050,1,2,2,1.0,2.0,33063,M,4482855.0,-56854.0,33
201800023956,18,7,26,1715,1,2,2,1.0,3.0,33063,M,4487751.0,-57625.0,33
201800023957,18,7,23,1700,1,2,3,1.0,3.0,33162,M,4487649.0,-64114.0,33
201800023958,18,7,26,1905,1,2,1,1.0,6.0,33522,M,4479900.0,-59852.0,33
201800023959,18,7,26,935,1,2,4,1.0,6.0,33318,M,4479743.0,-66540.0,33
201800023960,18,7,6,1530,1,2,4,1.0,3.0,33063,M,4487695.0,-56072.0,33
201800023961,18,7,23,1510,1,2,1,1.0,3.0,33192,M,4477566.0,-60408.0,33
201800023962,18,7,17,2000,1,2,3,1.0,6.0,33063,M,4485029.0,-60543.0,33
201800023963,18,7,30,1750,1,2,1,1.0,1.0,33063,M,4488799.0,-55631.0,33
201800023964,18,8,9,1102,1,2,3,1.0,6.0,33318,M,4480345.0,-63175.0,33
201800023965,18,8,7,800,1,2,2,1.0,3.0,33063,M,4486025.0,-57065.0,33
201800023966,18,8,2,2310,5,1,2,1.0,3.0,33167,M,4482163.0,-51403.0,33
201800023967,18,8,9,2020,4,2,2,1.0,3.0,33281,M,4483769.0,-64084.0,33
201800023968,18,8,11,720,1,2,1,1.0,1.0,33063,M,4482780.0,-55545.0,33
201800023969,18,8,12,2215,5,2,1,1.0,3.0,33039,M,4480108.0,-57058.0,33
201800023970,18,8,10,830,1,2,2,1.0,3.0,33200,M,4486478.0,-66926.0,33
201800023971,18,8,12,320,5,2,1,1.0,6.0,33063,M,4486113.0,-55267.0,33
201800023972,18,8,17,1435,1,2,1,1.0,6.0,33063,M,4482657.0,-55757.0,33
201800023973,18,8,21,1757,1,2,3,1.0,2.0,33281,M,4483932.0,-63192.0,33
201800023974,18,8,26,1900,1,2,2,1.0,3.0,33063,M,4482014.0,-56964.0,33
201800023975,18,8,23,2015,1,2,3,1.0,3.0,33069,M,4486690.0,-60210.0,33
201800023976,18,8,31,320,5,2,3,1.0,2.0,33063,M,4483344.0,-56177.0,33
201800023977,18,8,27,2135,5,2,3,1.0,3.0,33318,M,4479253.0,-65752.0,33
201800023978,18,8,24,2340,5,2,3,1.0,5.0,33281,M,4483549.0,-62609.0,33
201800023979,18,9,2,705,2,2,9,1.0,5.0,33063,M,4481929.0,-57970.0,33
201800023980,18,8,28,542,5,2,2,1.0,3.0,33063,M,4483044.0,-57508.0,33
201800023981,18,9,3,1530,1,2,9,1.0,6.0,33550,M,4478506.0,-58637.0,33
201800023982,18,8,31,1040,1,2,2,1.0,3.0,33063,M,4484244.0,-55625.0,33
201800023983,18,7,16,40,5,2,3,1.0,7.0,33063,M,4483497.0,-56334.0,33
201800023984,18,9,4,1125,1,2,6,1.0,3.0,33522,M,4480613.0,-59994.0,33
201800023985,18,9,8,1210,1,2,2,1.0,3.0,33063,M,4482904.0,-59479.0,33
201800023986,18,9,7,850,1,2,2,1.0,5.0,33063,M,4485092.0,-57782.0,33
201800023987,18,9,6,1906,1,2,2,1.0,5.0,33063,M,4482802.0,-59348.0,33
201800023988,18,9,4,830,1,2,2,1.0,3.0,33075,M,4487599.0,-58602.0,33
201800023989,18,9,11,800,1,2,1,1.0,2.0,33063,M,4484909.0,-58375.0,33
201800023990,18,9,9,1800,1,2,1,1.0,1.0,33281,M,4482556.0,-68217.0,33
201800023991,18,9,12,1145,1,2,2,1.0,3.0,33522,M,4481475.0,-60063.0,33
201800023992,18,9,10,1415,1,2,2,1.0,3.0,33063,M,4486960.0,-56703.0,33
201800023993,18,9,6,1700,1,1,1,1.0,1.0,33281,M,4481300.0,-72054.0,33
201800023994,18,9,13,1650,1,2,2,1.0,6.0,33063,M,4485430.0,-59844.0,33
201800023995,18,9,15,615,5,2,4,1.0,6.0,33063,M,4483200.0,-57289.0,33
201800023996,18,9,19,650,5,2,2,1.0,3.0,33063,M,4483036.0,-55933.0,33
201800023997,18,9,16,1430,1,2,1,1.0,6.0,33039,M,4481202.0,-55103.0,33
201800023998,18,9,14,745,1,2,3,1.0,3.0,33063,M,4484319.0,-57035.0,33
201800023999,18,9,11,1840,1,2,4,1.0,1.0,33281,M,4481494.0,-66580.0,33
201800024000,18,9,7,840,1,2,3,1.0,3.0,33550,M,4478080.0,-53617.0,33
201800024001,18,9,21,200,4,2,1,1.0,2.0,33162,M,4486467.0,-66362.0,33
201800024002,18,9,29,1800,1,2,3,1.0,2.0,33063,M,4483570.0,-55071.0,33
201800024003,18,9,14,200,5,2,1,1.0,6.0,33063,M,4484203.0,-57506.0,33
201800024004,18,9,14,2000,1,2,1,1.0,6.0,33550,M,4478588.0,-56936.0,33
201800024005,18,9,17,1900,1,2,1,1.0,6.0,33167,M,4483800.0,-54503.0,33
201800024006,18,9,22,1930,1,2,6,1.0,3.0,33063,M,4487559.0,-55311.0,33
201800024007,18,9,23,1620,1,2,2,1.0,2.0,33063,M,4484143.0,-59933.0,33
201800024008,18,9,23,230,5,2,1,1.0,6.0,33063,M,4483847.0,-56736.0,33
201800024009,18,9,27,750,1,2,1,1.0,3.0,33063,M,4485380.0,-58718.0,33
201800024010,18,9,27,2200,5,2,2,1.0,3.0,33063,M,4483657.0,-59879.0,33
201800024011,18,10,2,1700,1,2,3,1.0,3.0,33063,M,4485250.0,-62933.0,33
201800024012,18,9,30,310,5,2,2,1.0,6.0,33063,M,4481463.0,-57246.0,33
201800024013,18,10,7,2110,5,2,2,1.0,6.0,33063,M,4486050.0,-55381.0,33
201800024014,18,10,2,1630,1,2,2,1.0,1.0,33063,M,4485659.0,-57081.0,33
201800024015,18,10,10,1900,1,2,6,1.0,6.0,33063,M,4488760.0,-54935.0,33
201800024016,18,10,1,850,1,2,3,7.0,6.0,33162,M,4488463.0,-65274.0,33
201800024017,18,10,7,255,5,2,3,1.0,6.0,33063,M,4487290.0,-54661.0,33
201800024018,18,10,9,1555,1,2,1,1.0,2.0,33063,M,4485760.0,-62147.0,33
201800024019,18,10,13,2240,5,2,3,8.0,3.0,33063,M,4483020.0,-59658.0,33
201800024020,18,10,9,700,3,1,1,5.0,4.0,33013,M,4486725.0,-47553.0,33
201800024021,18,10,21,800,1,2,1,1.0,1.0,33063,M,4482265.0,-54189.0,33
201800024022,18,10,17,1030,1,2,2,1.0,6.0,33063,M,4483204.0,-57797.0,33
201800024023,18,10,20,1900,2,2,3,1.0,3.0,33063,M,4486916.0,-55667.0,33
201800024024,18,10,24,1915,1,2,3,1.0,6.0,33063,M,4482869.0,-57231.0,33
201800024025,18,10,24,1600,1,2,2,1.0,3.0,33063,M,4484864.0,-62307.0,33
201800024026,18,10,23,1030,1,2,2,1.0,3.0,33063,M,4485100.0,-57975.0,33
201800024027,18,10,20,2350,5,2,1,1.0,3.0,33063,M,4483746.0,-58123.0,33
201800024028,18,10,26,1940,5,2,3,1.0,3.0,33318,M,4481708.0,-60589.0,33
201800024029,18,10,21,2000,5,2,2,1.0,5.0,33318,M,4479074.0,-65722.0,33
201800024030,18,10,23,1835,1,2,2,1.0,3.0,33063,M,4485010.0,-58184.0,33
201800024031,18,10,28,2050,5,2,3,2.0,6.0,33167,M,4484420.0,-51256.0,33
201800024032,18,11,1,2005,5,2,2,2.0,3.0,33063,M,4484664.0,-59824.0,33
201800024033,18,10,24,1815,1,1,6,7.0,2.0,33281,M,4481766.0,-67196.0,33
201800024034,18,11,9,25,5,2,3,1.0,1.0,33063,M,4483334.0,-56173.0,33
201800024035,18,11,9,2230,5,2,2,2.0,2.0,33063,M,4486030.0,-55367.0,33
201800024036,18,10,16,1550,1,2,2,1.0,7.0,33039,M,4480420.0,-55842.0,33
201800024037,18,11,9,110,5,2,3,1.0,6.0,33063,M,4482795.0,-55990.0,33
201800024038,18,11,8,815,1,2,1,1.0,6.0,33063,M,4484561.0,-55110.0,33
201800024039,18,11,11,1830,5,2,1,2.0,1.0,33119,M,4486177.0,-52988.0,33
201800024040,18,11,12,1820,5,2,3,2.0,6.0,33063,M,4484726.0,-53921.0,33
201800024041,18,11,13,1612,1,2,1,1.0,6.0,33281,M,4484620.0,-63291.0,33
201800024042,18,10,17,1450,1,2,2,1.0,3.0,33063,M,4486216.0,-56297.0,33
201800024043,18,11,21,1500,1,2,3,1.0,6.0,33063,M,4485657.0,-56948.0,33
201800024044,18,11,12,1750,5,2,4,3.0,3.0,33318,M,4479448.0,-61187.0,33
201800024045,18,11,19,1811,5,2,3,1.0,6.0,33318,M,4479904.0,-61924.0,33
201800024046,18,11,19,1605,1,2,6,1.0,3.0,33249,M,4488000.0,-51719.0,33
201800024047,18,11,20,1545,1,2,3,1.0,2.0,33063,M,4482707.0,-55042.0,33
201800024048,18,11,23,1740,2,2,3,2.0,5.0,33063,M,4486062.0,-56965.0,33
201800024049,18,11,19,1700,1,2,1,1.0,6.0,33318,M,4480200.0,-64541.0,33
201800024050,18,11,21,842,2,2,3,1.0,6.0,33522,M,4480339.0,-58054.0,33
201800024051,18,11,22,1855,4,2,4,1.0,6.0,33069,M,4486327.0,-59747.0,33
201800024052,18,11,24,400,4,2,1,2.0,1.0,33281,M,4483310.0,-63901.0,33
201800024053,18,12,5,1400,1,2,5,1.0,6.0,33063,M,4483300.0,-58184.0,33
201800024054,18,12,3,1815,5,2,3,2.0,3.0,33090,M,4477788.0,-64585.0,33
201800024055,18,12,3,1900,5,2,4,2.0,2.0,33063,M,4485160.0,-59508.0,33
201800024056,18,12,3,1125,1,2,2,2.0,6.0,33318,M,4478245.0,-68906.0,33
201800024057,18,12,3,1330,1,2,6,1.0,3.0,33192,M,4477952.0,-59456.0,33
201800024058,18,12,9,1500,1,2,3,1.0,3.0,33281,M,4483933.0,-63354.0,33
201800024059,18,12,6,1950,4,2,1,1.0,6.0,33281,M,4483436.0,-64347.0,33
201800024060,18,12,10,955,1,2,4,1.0,6.0,33063,M,4482043.0,-57234.0,33
201800024061,18,12,21,110,5,2,2,1.0,2.0,33063,M,4482690.0,-56922.0,33
201800024062,18,12,23,900,1,2,3,1.0,6.0,33063,M,4482669.0,-54743.0,33
201800024063,18,12,21,1940,5,2,2,2.0,3.0,33063,M,4483190.0,-57727.0,33
201800024064,18,12,15,2140,5,2,1,2.0,6.0,33063,M,4482995.0,-56876.0,33