Num_Acc,an,mois,jour,hrmn,lum,agg,int,atm,col,com,gps,lat,long,dep
201800024065,18,12,14,2230,5,2,1,1.0,2.0,33065,M,4481397.0,-50781.0,33
201800024066,18,12,11,1845,2,2,1,2.0,3.0,33281,M,4482613.0,-61929.0,33
201800024067,18,12,19,1750,5,1,3,3.0,1.0,33075,M,4489163.0,-61334.0,33
201800024068,18,12,18,1440,1,2,3,1.0,6.0,33063,M,4484724.0,-57676.0,33
201800024069,18,12,19,1230,1,2,2,2.0,2.0,33192,M,4477190.0,-61461.0,33
201800024070,18,12,21,1235,1,1,2,1.0,3.0,33550,M,4479687.0,-56845.0,33
201800024071,18,12,22,400,5,2,1,3.0,3.0,33063,M,4483340.0,-59284.0,33
201800024072,18,12,23,530,5,2,2,2.0,6.0,33063,M,4483024.0,-56993.0,33
201800024073,18,12,25,305,5,2,3,1.0,6.0,33063,M,4484224.0,-54239.0,33
201800024074,18,12,13,1200,1,2,2,2.0,5.0,33318,M,4481371.0,-62205.0,33
201800024075,18,12,22,2030,5,2,2,2.0,1.0,33318,M,4480649.0,-62940.0,33
201800024076,18,1,1,500,5,2,3,1.0,1.0,33522,M,4479890.0,-58499.0,33
201800024077,18,1,12,1605,1,2,1,1.0,5.0,33063,M,4486250.0,-55662.0,33
201800024078,18,1,19,1630,1,2,3,1.0,6.0,33063,M,4484289.0,-57787.0,33
201800024079,18,1,23,1250,1,2,3,1.0,5.0,33063,M,4481819.0,-57793.0,33
201800024080,18,1,24,745,2,2,1,1.0,6.0,33063,M,4483470.0,-56308.0,33
201800024081,18,2,1,1245,1,2,3,1.0,6.0,33063,M,4483940.0,-55962.0,33
201800024082,18,2,5,1855,2,2,2,1.0,2.0,33063,M,4483970.0,-60668.0,33
201800024083,18,2,11,700,5,2,2,1.0,1.0,33063,M,4482920.0,-55440.0,33
201800024084,18,2,12,1210,1,2,2,1.0,6.0,33063,M,4488310.0,-56982.0,33
201800024085,18,2,16,1450,1,2,2,1.0,2.0,33063,M,4481470.0,-57241.0,33
201800024086,18,2,23,1215,1,2,1,1.0,3.0,33063,M,4483060.0,-55659.0,33
201800024087,18,3,3,2215,4,2,2,1.0,3.0,33063,M,4484620.0,-57720.0,33
201800024088,18,2,28,1410,1,2,1,1.0,3.0,33063,M,4485280.0,-59433.0,33
201800024089,18,3,4,1715,1,2,3,1.0,3.0,33063,M,4482920.0,-56013.0,33
201800024090,18,2,13,750,2,2,3,1.0,6.0,33039,M,4479760.0,-55481.0,33
201800024091,18,2,14,750,5,2,4,2.0,6.0,33063,M,4485000.0,-60460.0,33
201800024092,18,3,12,1147,1,1,1,2.0,6.0,33281,M,4483100.0,-70041.0,33
201800024093,18,3,8,1300,1,2,1,1.0,6.0,33063,M,4484440.0,-63111.0,33
201800024094,18,3,12,1400,1,2,1,1.0,3.0,33063,M,4484500.0,-59152.0,33
201800024095,18,3,15,2000,5,2,2,1.0,3.0,33063,M,4484600.0,-58501.0,33
201800024096,18,2,9,1115,1,2,6,1.0,3.0,33318,M,4480050.0,-61727.0,33
201800024097,18,3,20,1020,1,2,1,1.0,3.0,33063,M,4482470.0,-58808.0,33
201800024098,18,2,9,2250,5,2,3,1.0,2.0,33063,M,4483000.0,-60334.0,33
201800024099,18,3,31,440,5,2,1,2.0,6.0,33063,M,4486364.0,-55797.0,33
201800024100,18,4,3,2130,5,2,2,1.0,6.0,33063,M,4484010.0,-57419.0,33
201800024101,18,4,9,610,5,2,3,1.0,2.0,33119,M,4485310.0,-53840.0,33
201800024102,18,4,13,1000,1,2,1,1.0,2.0,33069,M,4485692.0,-59122.0,33
201800024103,18,4,20,1100,1,2,1,1.0,3.0,33063,M,4482726.0,-58329.0,33
201800024104,18,4,26,1615,1,2,3,1.0,3.0,33063,M,4482920.0,-56013.0,33
201800024105,18,4,11,2340,5,2,2,1.0,3.0,33063,M,4483330.0,-59877.0,33
201800024106,18,5,14,850,1,2,1,1.0,1.0,33063,M,4485351.0,-58783.0,33
201800024107,18,5,26,1800,1,2,1,1.0,6.0,33063,M,4483421.0,-57023.0,33
201800024108,18,3,31,825,1,2,2,3.0,3.0,33063,M,4486100.0,-57012.0,33
201800024109,18,6,5,2030,1,2,2,1.0,2.0,33063,M,4481473.0,-57237.0,33
201800024110,18,6,27,1120,1,2,5,1.0,3.0,33063,M,4487016.0,-56635.0,33
201800024111,18,7,14,630,2,2,2,1.0,2.0,33063,M,4484102.0,-58906.0,33
201800024112,18,7,15,2300,5,2,5,1.0,3.0,33063,M,4483055.0,-57292.0,33
201800024113,18,7,15,2125,5,2,1,1.0,6.0,33063,M,4483064.0,-57184.0,33
201800024114,18,7,19,1750,1,2,3,1.0,3.0,33522,M,4478900.0,-58706.0,33
201800024115,18,9,3,730,2,2,2,1.0,3.0,33063,M,4484150.0,-60011.0,33
201800024116,18,9,3,1640,1,2,2,1.0,3.0,33063,M,4482980.0,-56801.0,33
201800024117,18,8,10,2130,5,2,1,1.0,3.0,33529,M,4464790.0,-115813.0,33
201800024118,18,9,12,1950,1,2,2,1.0,3.0,33063,M,4483740.0,-57062.0,33
201800024119,18,8,24,745,1,2,1,1.0,6.0,33063,M,4484340.0,-56943.0,33
201800024120,18,9,19,1825,1,2,6,1.0,2.0,33013,M,4484929.0,-49677.0,33
201800024121,18,9,19,705,2,2,3,1.0,6.0,33063,M,4483071.0,-57190.0,33
201800024122,18,9,26,1340,1,2,1,1.0,6.0,33063,M,4484857.0,-59724.0,33
201800024123,18,10,6,2030,5,2,1,2.0,2.0,33063,M,4484575.0,-57851.0,33
201800024124,18,10,15,2045,5,2,2,1.0,3.0,33075,M,4488533.0,-59228.0,33
201800024125,18,10,22,1230,1,2,3,1.0,6.0,33281,M,4481529.0,-63425.0,33
201800024126,18,10,27,1930,5,2,1,8.0,7.0,33063,M,4481592.0,-57437.0,33
201800024127,18,1,17,1613,1,1,2,1.0,1.0,49192,M,4703747.0,-73339.0,49
201800024128,18,2,1,1815,3,1,1,4.0,3.0,49371,M,4710587.0,-75215.0,49
201800024129,18,4,20,2115,2,1,1,1.0,6.0,49111,M,4718271.0,-65900.0,49
201800024130,18,4,21,339,3,1,1,1.0,7.0,49192,M,4703722.0,-80865.0,49
201800024131,18,4,26,2020,2,1,1,1.0,7.0,49352,M,4706079.0,-76747.0,49
201800024132,18,5,6,1110,1,2,1,1.0,6.0,49192,M,4700762.0,-74606.0,49
201800024133,18,6,8,1145,1,1,2,1.0,3.0,49343,M,4701156.0,-84540.0,49
201800024134,18,7,26,1845,1,1,1,1.0,3.0,49381,M,4700087.0,-70169.0,49
201800024135,18,8,10,1715,1,1,1,1.0,7.0,49092,M,4714961.0,-66339.0,49
201800024136,18,8,10,845,1,1,2,1.0,3.0,49092,M,4731179.0,-74446.0,49
201800024137,18,8,14,1600,1,1,3,1.0,3.0,49092,M,4722265.0,-73559.0,49
201800024138,18,8,31,1910,1,2,3,1.0,3.0,49371,M,4712017.0,-71236.0,49
201800024139,18,10,21,1455,1,1,2,1.0,3.0,49343,M,4699693.0,-84252.0,49
201800024140,18,11,21,1830,5,2,1,1.0,6.0,49092,M,4721259.0,-72009.0,49
201800024141,18,12,6,1215,1,1,2,2.0,6.0,49195,M,4704178.0,-82115.0,49
201800024142,18,1,2,1955,5,1,1,2.0,6.0,18241,M,4732319.0,282152.0,18
201800024143,18,3,18,510,3,2,1,1.0,6.0,18020,M,4739191.0,288832.0,18
201800024144,18,6,10,1500,1,1,2,1.0,3.0,18272,M,4726317.0,274632.0,18
201800024145,18,7,21,1300,1,1,1,1.0,7.0,18264,M,4741673.0,266706.0,18
201800024146,18,7,21,1744,1,1,1,1.0,3.0,18256,M,4740061.0,278161.0,18
201800024147,18,7,31,2030,2,1,4,7.0,3.0,18272,M,4726317.0,274632.0,18
201800024148,18,8,2,1319,1,1,1,1.0,1.0,18022,M,4748871.0,260964.0,18
201800024149,18,7,25,615,2,1,6,1.0,3.0,18032,M,4741090.0,289525.0,18
201800024150,18,12,16,1830,3,1,1,2.0,1.0,18259,M,4747620.0,270770.0,18
201800024151,18,1,22,1820,5,2,1,1.0,6.0,06044,M,4367864.0,711708.0,06
201800024152,18,2,10,1047,1,2,2,1.0,3.0,06161,M,4363631.0,713233.0,06
201800024153,18,3,31,1515,1,2,9,1.0,3.0,06161,M,4364272.0,713307.0,06
201800024154,18,4,18,1640,1,2,3,1.0,3.0,06044,M,4368259.0,711254.0,06
201800024155,18,5,6,1645,1,2,1,1.0,2.0,06161,M,4362379.0,713216.0,06
201800024156,18,5,30,1723,1,2,1,1.0,1.0,06161,M,4362582.0,713197.0,06
201800024157,18,6,16,1445,1,1,1,1.0,4.0,06161,M,4365736.0,710566.0,06
201800024158,18,6,24,950,1,1,1,1.0,2.0,06161,M,4365942.0,709584.0,06
201800024159,18,7,11,1445,1,2,9,1.0,3.0,06161,M,4362881.0,713417.0,06
201800024160,18,7,30,915,1,2,1,1.0,6.0,06161,M,4363720.0,713020.0,06
201800024161,18,8,10,2140,5,2,1,1.0,1.0,06161,M,4364429.0,713370.0,06
201800024162,18,10,1,815,1,2,1,1.0,7.0,06044,M,4368294.0,708908.0,06
201800024163,18,10,12,1630,1,2,1,1.0,3.0,06161,M,4363033.0,713409.0,06
201800024164,18,10,14,1220,1,2,1,1.0,5.0,06161,M,4364316.0,712187.0,06
201800024165,18,10,14,1645,1,1,6,1.0,3.0,06161,M,4364802.0,713663.0,06
201800024166,18,10,25,1115,1,2,1,1.0,2.0,06161,M,4364316.0,712187.0,06
201800024167,18,12,5,1120,1,2,2,7.0,3.0,06161,M,4364272.0,713307.0,06
201800024168,18,12,13,1255,1,1,1,1.0,7.0,06161,M,4366009.0,709833.0,06
201800024169,18,4,26,1015,1,2,3,1.0,3.0,34003,M,4331193.0,347612.0,34
201800024170,18,5,2,1215,1,2,1,1.0,6.0,34003,M,4330067.0,348202.0,34
201800024171,18,7,24,740,2,2,1,7.0,6.0,34003,M,4330292.0,348594.0,34
201800024172,18,7,24,2100,1,1,1,1.0,3.0,34003,M,4330497.0,345128.0,34
201800024173,18,7,30,920,1,1,1,1.0,6.0,34003,M,4330059.0,344669.0,34
201800024174,18,7,30,1435,1,1,1,1.0,5.0,34003,M,4329384.0,349384.0,34
201800024175,18,8,9,1250,1,2,3,1.0,3.0,34003,M,4328579.0,345379.0,34
201800024176,18,8,15,1535,1,2,1,1.0,1.0,34003,M,4330762.0,349935.0,34
201800024177,18,8,22,1355,1,2,1,1.0,6.0,34003,M,4330905.0,348858.0,34
201800024178,18,8,22,1220,1,2,1,1.0,3.0,34003,M,4329898.0,346039.0,34
201800024179,18,9,16,1935,2,1,1,1.0,3.0,34003,M,4329729.0,348694.0,34
201800024180,18,10,5,840,1,2,1,7.0,6.0,34003,M,4329910.0,347831.0,34
201800024181,18,10,20,55,5,2,1,1.0,3.0,34003,M,4329668.0,352114.0,34
201800024182,18,11,15,705,2,2,1,8.0,6.0,34003,M,4330290.0,349282.0,34
201800024183,18,11,23,1855,5,2,1,1.0,6.0,34003,M,4329918.0,347831.0,34
201800024184,18,12,3,1035,1,2,1,1.0,6.0,34003,M,4330564.0,348959.0,34
201800024185,18,11,30,1600,1,2,2,1.0,3.0,34003,M,4330841.0,347622.0,34
201800024186,18,1,1,1750,2,2,1,3.0,3.0,34032,M,4333662.0,321986.0,34
201800024187,18,1,4,1545,1,2,1,1.0,7.0,34032,M,4335143.0,323081.0,34
201800024188,18,1,8,2220,5,2,3,9.0,3.0,34032,M,4334301.0,323804.0,34
201800024189,18,1,8,1720,2,2,1,2.0,6.0,34032,M,4334985.0,322179.0,34
201800024190,18,1,9,1520,1,2,1,9.0,7.0,34032,M,4335148.0,321782.0,34
201800024191,18,1,13,1330,1,2,1,1.0,1.0,34032,M,4336239.0,322986.0,34
201800024192,18,1,17,1720,1,2,1,1.0,7.0,34032,M,4335986.0,323638.0,34
201800024193,18,1,26,1750,2,2,1,2.0,7.0,34032,M,4334375.0,322661.0,34
201800024194,18,2,7,1610,1,2,1,1.0,7.0,34032,M,4333816.0,322539.0,34
201800024195,18,3,10,2300,3,1,1,1.0,1.0,34032,M,4333890.0,327377.0,34
201800024196,18,2,13,1625,1,2,9,1.0,7.0,34032,M,4335250.0,320733.0,34
201800024197,18,2,14,1505,1,2,1,1.0,2.0,34032,M,4333480.0,322833.0,34
201800024198,18,3,10,1610,1,1,9,1.0,3.0,34032,M,4333297.0,314888.0,34
201800024199,18,3,28,1645,1,2,7,1.0,7.0,34032,M,4333790.0,320715.0,34
201800024200,18,4,22,2200,3,1,1,1.0,5.0,34032,M,4334146.0,326503.0,34
201800024201,18,5,11,1620,1,2,1,1.0,6.0,34032,M,4334054.0,325340.0,34
201800024202,18,5,18,1815,1,2,9,9.0,3.0,34032,M,4335596.0,324007.0,34
201800024203,18,6,21,2050,1,2,9,1.0,6.0,34032,M,4333487.0,322836.0,34
201800024204,18,6,28,805,1,2,1,1.0,2.0,34032,M,4333484.0,322819.0,34
201800024205,18,7,12,1810,1,2,9,1.0,1.0,34032,M,4334719.0,321855.0,34
201800024206,18,7,14,1350,1,1,1,1.0,6.0,34032,M,4336533.0,318900.0,34
201800024207,18,7,28,2000,1,2,2,1.0,6.0,34032,M,4333588.0,327326.0,34
201800024208,18,7,30,820,1,2,1,1.0,6.0,34032,M,4334287.0,322298.0,34
201800024209,18,8,11,905,1,1,1,1.0,3.0,34032,M,4333430.0,316459.0,34
201800024210,18,8,14,1700,1,2,1,1.0,6.0,34032,M,4334289.0,322837.0,34
201800024211,18,8,14,1700,1,2,1,1.0,3.0,34032,M,4333525.0,321835.0,34
201800024212,18,8,20,1900,1,2,1,1.0,3.0,34032,M,4333848.0,320894.0,34
201800024213,18,8,23,2245,5,2,1,1.0,6.0,34032,M,4335429.0,320781.0,34
201800024214,18,8,25,1130,1,2,9,1.0,3.0,34032,M,4334681.0,321961.0,34
201800024215,18,9,21,2200,3,1,1,1.0,7.0,34032,M,4335693.0,319922.0,34
201800024216,18,9,21,915,1,2,2,1.0,6.0,34032,M,4335252.0,323242.0,34
201800024217,18,9,25,1530,1,2,1,1.0,6.0,34032,M,4334606.0,321593.0,34
201800024218,18,10,1,745,1,2,3,1.0,3.0,34032,M,4334004.0,322332.0,34
201800024219,18,10,3,1640,1,2,9,9.0,2.0,34032,M,4333738.0,320381.0,34
201800024220,18,10,26,1240,1,2,2,1.0,3.0,34032,M,4335269.0,321699.0,34
201800024221,18,11,7,2000,3,1,1,2.0,3.0,34336,M,4330123.0,327616.0,34
201800024222,18,11,16,1615,1,2,1,1.0,6.0,34032,M,4334440.0,323853.0,34
201800024223,18,11,28,1715,1,2,3,1.0,3.0,34336,M,4332652.0,327286.0,34
201800024224,18,11,30,2200,5,2,1,1.0,6.0,34032,M,4334335.0,322502.0,34
201800024225,18,12,5,1710,1,2,1,1.0,2.0,34032,M,4334278.0,326192.0,34
201800024226,18,12,6,120,3,2,6,9.0,7.0,34336,M,4333686.0,328107.0,34
201800024227,18,12,8,1335,1,1,1,1.0,1.0,34032,M,4332450.0,324682.0,34
201800024228,18,1,3,1130,1,2,1,1.0,2.0,34172,M,4362921.0,388785.0,34
201800024229,18,1,3,2105,5,2,1,1.0,6.0,34172,M,4362627.0,387027.0,34
201800024230,18,1,5,910,1,2,3,1.0,2.0,34198,M,4357699.0,393298.0,34
201800024231,18,1,5,1230,1,2,1,1.0,3.0,34172,M,4362712.0,386951.0,34
201800024232,18,1,5,1610,1,2,1,1.0,2.0,34172,M,4358174.0,386426.0,34
201800024233,18,1,6,1240,1,2,1,1.0,3.0,34172,M,4363010.0,388580.0,34
201800024234,18,1,3,1800,5,2,3,1.0,3.0,34172,M,4360143.0,389885.0,34
201800024235,18,1,8,1810,5,2,1,3.0,2.0,34172,M,4361454.0,383549.0,34
201800024236,18,1,11,1750,2,2,3,1.0,3.0,34172,M,4361499.0,391153.0,34
201800024237,18,1,11,1930,5,2,1,1.0,3.0,34172,M,4361498.0,386423.0,34
201800024238,18,1,12,1600,1,2,1,1.0,6.0,34172,M,4359422.0,387232.0,34
201800024239,18,1,17,1430,1,2,1,1.0,3.0,34172,M,4360283.0,385514.0,34
201800024240,18,1,18,1505,1,2,1,1.0,6.0,34172,M,4360655.0,386502.0,34
201800024241,18,1,18,1830,3,2,1,1.0,6.0,34172,M,4360705.0,389247.0,34
201800024242,18,1,21,153,5,2,1,8.0,6.0,34172,M,4360392.0,383196.0,34
201800024243,18,1,22,1235,1,2,3,1.0,6.0,34172,M,4362054.0,386921.0,34
201800024244,18,1,24,1755,1,2,1,1.0,7.0,34172,M,4360531.0,386759.0,34
201800024245,18,1,24,2112,5,2,1,1.0,5.0,34172,M,4362388.0,387174.0,34
201800024246,18,1,13,755,2,2,1,1.0,7.0,34172,M,4362550.0,383682.0,34
201800024247,18,1,26,1705,1,2,1,2.0,6.0,34129,M,4356854.0,390416.0,34
201800024248,18,1,27,125,5,2,7,2.0,6.0,34172,M,4360341.0,387552.0,34
201800024249,18,1,27,1015,1,2,1,1.0,2.0,34172,M,4361059.0,387626.0,34
201800024250,18,1,28,2330,5,2,1,1.0,7.0,34172,M,4360947.0,389926.0,34
201800024251,18,1,29,1647,1,2,1,1.0,7.0,34172,M,4362318.0,386323.0,34
201800024252,18,1,29,1730,2,2,1,1.0,2.0,34172,M,4362370.0,389247.0,34
201800024253,18,1,30,1310,1,2,3,1.0,3.0,34172,M,4361788.0,389231.0,34
201800024254,18,1,30,1425,1,2,1,1.0,4.0,34172,M,4358141.0,386498.0,34
201800024255,18,1,27,2050,4,2,3,1.0,6.0,34172,M,4358672.0,385288.0,34
201800024256,18,2,1,455,5,2,1,2.0,7.0,34172,M,4363478.0,384897.0,34
201800024257,18,2,4,1805,5,2,1,1.0,6.0,34172,M,4361441.0,388381.0,34
201800024258,18,2,8,525,3,2,1,1.0,6.0,34129,M,4356055.0,386635.0,34
201800024259,18,2,8,1825,5,2,3,1.0,3.0,34172,M,4359114.0,386248.0,34
201800024260,18,2,10,1945,1,2,2,1.0,3.0,34172,M,4362477.0,388921.0,34
201800024261,18,2,15,830,1,2,1,1.0,6.0,34172,M,4361758.0,388726.0,34
201800024262,18,2,15,1105,1,2,3,8.0,3.0,34172,M,4360561.0,389189.0,34
201800024263,18,2,16,1300,1,2,1,1.0,6.0,34172,M,4360652.0,386487.0,34
201800024264,18,2,17,1750,1,2,1,1.0,6.0,34172,M,4360397.0,389519.0,34
201800024265,18,2,15,1925,5,2,1,1.0,6.0,34172,M,4360674.0,383751.0,34
201800024266,18,3,4,1310,1,2,3,8.0,1.0,34172,M,4358722.0,385862.0,34
201800024267,18,3,5,920,1,2,1,2.0,6.0,34172,M,4359066.0,388455.0,34
201800024268,18,3,6,100,5,2,2,2.0,3.0,34172,M,4362690.0,388198.0,34
201800024269,18,3,6,900,1,2,1,1.0,6.0,34172,M,4363590.0,384691.0,34
201800024270,18,3,5,1020,1,2,2,1.0,2.0,34129,M,4357144.0,391369.0,34
201800024271,18,2,25,1910,5,2,1,1.0,6.0,34172,M,4361191.0,383890.0,34
201800024272,18,3,8,1430,1,2,2,1.0,3.0,34172,M,4362612.0,387726.0,34
201800024273,18,3,10,625,5,2,1,2.0,3.0,34172,M,4359519.0,386167.0,34
201800024274,18,3,13,1730,1,2,1,1.0,2.0,34129,M,4356994.0,389880.0,34
201800024275,18,3,14,2332,5,2,2,1.0,3.0,34172,M,4361136.0,382851.0,34
201800024276,18,3,17,8,5,2,6,2.0,3.0,34172,M,4358934.0,389064.0,34
201800024277,18,3,18,615,5,1,9,1.0,2.0,34129,M,4358095.0,389839.0,34
201800024278,18,3,18,845,1,2,2,1.0,3.0,34198,M,4357768.0,393573.0,34
201800024279,18,3,18,1535,1,2,3,1.0,3.0,34172,M,4360667.0,391337.0,34
201800024280,18,3,18,1415,1,2,1,1.0,6.0,34172,M,4361593.0,383753.0,34
201800024281,18,3,20,732,1,2,2,1.0,3.0,34129,M,4358280.0,392514.0,34
201800024282,18,3,20,1945,5,2,2,1.0,5.0,34172,M,4361701.0,386115.0,34
201800024283,18,3,22,900,1,2,1,1.0,3.0,34129,M,4357156.0,388600.0,34
201800024284,18,3,21,2310,5,2,6,1.0,7.0,34172,M,4359543.0,383658.0,34
201800024285,18,3,24,640,2,2,1,8.0,1.0,34172,M,4361020.0,388299.0,34
201800024286,18,3,24,1307,1,2,3,1.0,3.0,34172,M,4362391.0,386212.0,34
201800024287,18,3,24,1935,5,2,1,1.0,7.0,34172,M,4362328.0,381181.0,34
201800024288,18,3,29,2325,5,2,1,1.0,6.0,34172,M,4363690.0,384500.0,34
201800024289,18,3,31,445,5,2,1,1.0,6.0,34172,M,4361091.0,386816.0,34
201800024290,18,3,31,1405,1,2,1,1.0,3.0,34172,M,4362327.0,383421.0,34
201800024291,18,4,1,505,5,2,2,1.0,2.0,34172,M,4360555.0,388841.0,34
201800024292,18,4,3,2100,3,2,1,1.0,6.0,34198,M,4355910.0,396289.0,34
201800024293,18,3,27,1215,1,2,1,1.0,3.0,34172,M,4362518.0,383638.0,34
201800024294,18,4,3,1655,1,2,1,1.0,6.0,34172,M,4360829.0,387184.0,34
201800024295,18,4,6,845,1,2,1,1.0,6.0,34172,M,4360166.0,390027.0,34
201800024296,18,4,6,1830,1,2,1,1.0,6.0,34172,M,4360517.0,385980.0,34
201800024297,18,4,7,1555,1,2,4,1.0,6.0,34172,M,4359191.0,388110.0,34
201800024298,18,4,11,1445,1,2,1,3.0,4.0,34172,M,4361951.0,384912.0,34
201800024299,18,4,12,915,1,2,1,2.0,6.0,34172,M,4359129.0,387363.0,34
201800024300,18,4,12,1705,1,2,1,2.0,2.0,34172,M,4361623.0,384104.0,34
201800024301,18,4,14,2230,5,2,1,1.0,6.0,34172,M,4360280.0,391387.0,34
201800024302,18,4,14,2135,5,2,9,8.0,3.0,34172,M,4362280.0,381955.0,34
201800024303,18,4,15,1625,1,2,1,1.0,6.0,34172,M,4358810.0,385429.0,34
201800024304,18,4,17,1520,1,2,1,1.0,6.0,34172,M,4359075.0,389063.0,34
201800024305,18,4,17,2257,5,2,2,1.0,3.0,34172,M,4361625.0,384107.0,34
201800024306,18,4,18,844,1,2,7,1.0,6.0,34172,M,4360528.0,387530.0,34
201800024307,18,4,18,1120,1,2,3,1.0,6.0,34129,M,4357832.0,390546.0,34
201800024308,18,4,18,857,1,2,1,1.0,3.0,34172,M,4361099.0,391241.0,34
201800024309,18,4,18,1200,1,2,1,1.0,6.0,34172,M,4361401.0,388922.0,34
201800024310,18,4,24,1753,1,2,1,1.0,3.0,34172,M,4362880.0,384530.0,34
201800024311,18,4,24,1700,1,2,1,1.0,3.0,34172,M,4360292.0,390904.0,34
201800024312,18,4,24,2015,2,2,1,1.0,3.0,34172,M,4359516.0,390148.0,34
201800024313,18,4,25,420,5,2,1,1.0,6.0,34172,M,4362637.0,382300.0,34
201800024314,18,4,21,2055,2,2,3,1.0,3.0,34172,M,4361345.0,390490.0,34
201800024315,18,5,4,1240,1,2,1,1.0,3.0,34172,M,4361766.0,391220.0,34
201800024316,18,5,2,1055,1,2,1,1.0,6.0,34129,M,4356907.0,390450.0,34
201800024317,18,5,4,1555,1,2,1,1.0,6.0,34172,M,4360130.0,389899.0,34
201800024318,18,5,4,2140,5,2,1,1.0,2.0,34172,M,4359687.0,388096.0,34
201800024319,18,5,5,510,5,2,1,1.0,6.0,34172,M,4360666.0,387797.0,34
201800024320,18,5,5,1715,1,2,1,1.0,5.0,34129,M,4358441.0,392691.0,34
201800024321,18,5,5,1720,1,2,1,1.0,1.0,34172,M,4363265.0,386024.0,34
201800024322,18,5,8,1115,1,2,1,1.0,6.0,34172,M,4363057.0,382020.0,34
201800024323,18,5,17,1620,1,2,1,1.0,3.0,34172,M,4358012.0,387992.0,34
201800024324,18,5,19,38,5,2,2,1.0,3.0,34172,M,4360411.0,385828.0,34
201800024325,18,5,23,840,1,2,9,1.0,6.0,34172,M,4359205.0,388080.0,34
201800024326,18,5,23,1905,1,2,2,1.0,3.0,34172,M,4360022.0,300000.0,34
201800024327,18,5,24,2035,1,2,1,1.0,6.0,34172,M,4361220.0,382427.0,34
201800024328,18,5,26,2330,5,2,1,1.0,7.0,34172,M,4361079.0,383743.0,34
201800024329,18,5,9,1950,1,2,4,1.0,6.0,34172,M,4360434.0,386456.0,34
201800024330,18,5,25,855,1,2,1,1.0,6.0,34172,M,4364195.0,384567.0,34
201800024331,18,5,29,1400,1,2,1,1.0,3.0,34172,M,4361508.0,387615.0,34
201800024332,18,5,29,1730,1,2,1,1.0,3.0,34172,M,4361051.0,391238.0,34
201800024333,18,5,30,1945,1,2,1,1.0,6.0,34172,M,4361724.0,383726.0,34
201800024334,18,6,4,1140,1,2,3,1.0,1.0,34129,M,4357221.0,390186.0,34
201800024335,18,6,4,1805,1,2,1,1.0,2.0,34172,M,4359663.0,384489.0,34
201800024336,18,6,4,2315,5,2,1,1.0,6.0,34172,M,4358719.0,385483.0,34
201800024337,18,6,5,1814,1,2,1,1.0,1.0,34172,M,4359600.0,387770.0,34
201800024338,18,6,6,655,1,2,1,1.0,1.0,34172,M,4362137.0,385631.0,34
201800024339,18,6,10,2302,5,2,1,1.0,3.0,34172,M,4359720.0,384563.0,34
201800024340,18,6,8,1535,1,2,2,1.0,1.0,34172,M,4360872.0,384143.0,34
201800024341,18,6,14,2320,5,2,2,1.0,3.0,34172,M,4361111.0,385440.0,34
201800024342,18,6,16,1650,1,2,3,1.0,2.0,34172,M,4359919.0,384696.0,34
201800024343,18,6,17,310,5,2,1,1.0,6.0,34172,M,4360582.0,385270.0,34
201800024344,18,6,17,710,1,2,9,1.0,6.0,34129,M,4356813.0,389554.0,34
201800024345,18,6,17,830,1,2,3,1.0,3.0,34172,M,4361755.0,382820.0,34
201800024346,18,6,22,420,5,2,9,1.0,3.0,34172,M,4361198.0,386307.0,34
201800024347,18,6,22,410,5,2,1,1.0,2.0,34129,M,4358806.0,389222.0,34
201800024348,18,6,22,1715,1,2,1,1.0,3.0,34172,M,4362371.0,388871.0,34
201800024349,18,6,22,1700,1,2,1,1.0,6.0,34172,M,4364270.0,381535.0,34
201800024350,18,6,26,755,1,2,2,1.0,3.0,34172,M,4359977.0,387568.0,34
201800024351,18,6,26,837,1,2,1,1.0,7.0,34172,M,4364084.0,382002.0,34
201800024352,18,6,24,1045,1,2,2,1.0,7.0,34172,M,4360351.0,388825.0,34
201800024353,18,6,27,850,1,2,3,1.0,5.0,34172,M,4361189.0,391230.0,34
201800024354,18,6,27,1635,1,2,2,1.0,3.0,34172,M,4362387.0,386214.0,34
201800024355,18,6,28,1030,1,2,1,1.0,3.0,34172,M,4360733.0,386692.0,34
201800024356,18,6,28,1640,1,2,1,1.0,3.0,34172,M,4358050.0,388134.0,34
201800024357,18,6,29,245,5,2,2,1.0,3.0,34172,M,4360025.0,389458.0,34
201800024358,18,7,1,115,5,2,2,1.0,1.0,34172,M,4359801.0,387228.0,34
201800024359,18,7,1,1950,1,2,2,1.0,5.0,34129,M,4357521.0,392380.0,34
201800024360,18,6,24,2052,2,1,9,7.0,6.0,34129,M,4355411.0,389357.0,34
201800024361,18,7,5,2155,5,2,1,1.0,6.0,34172,M,4360750.0,386721.0,34
201800024362,18,7,7,350,5,2,2,1.0,3.0,34172,M,4360325.0,388455.0,34
201800024363,18,7,8,1045,1,1,1,1.0,3.0,34198,M,4357065.0,395562.0,34
201800024364,18,7,9,740,1,2,1,1.0,5.0,34172,M,4360471.0,386496.0,34
201800024365,18,7,9,845,1,2,1,1.0,6.0,34172,M,4360258.0,388666.0,34
201800024366,18,7,10,1430,1,2,1,1.0,5.0,34172,M,4361047.0,383308.0,34
201800024367,18,7,10,1720,1,2,1,1.0,5.0,34172,M,4360934.0,384849.0,34
201800024368,18,7,10,1815,1,2,1,1.0,3.0,34172,M,4361224.0,388964.0,34