Num_Acc,an,mois,jour,hrmn,lum,agg,int,atm,col,com,gps,lat,long,dep
201800024369,18,7,12,1820,1,1,1,1.0,6.0,34129,M,4356153.0,386705.0,34
201800024370,18,7,19,625,1,2,1,1.0,4.0,34172,M,4360234.0,385386.0,34
201800024371,18,7,19,1400,1,2,1,1.0,6.0,34172,M,4361678.0,382007.0,34
201800024372,18,5,25,1650,1,2,1,1.0,3.0,34172,M,4361757.0,383976.0,34
201800024373,18,7,26,1500,1,2,1,1.0,6.0,34172,M,4361069.0,388089.0,34
201800024374,18,7,26,1230,1,2,1,1.0,5.0,34172,M,4362291.0,383392.0,34
201800024375,18,7,26,1120,1,2,1,1.0,2.0,34172,M,4358885.0,388919.0,34
201800024376,18,7,26,1220,1,2,1,1.0,6.0,34172,M,4360228.0,390171.0,34
201800024377,18,7,27,1900,1,2,1,1.0,4.0,34172,M,4360946.0,389925.0,34
201800024378,18,8,2,905,1,2,1,1.0,6.0,34172,M,4359136.0,388993.0,34
201800024379,18,8,5,840,1,2,2,1.0,2.0,34172,M,4358531.0,385991.0,34
201800024380,18,8,8,735,1,2,1,1.0,1.0,34172,M,4361219.0,382385.0,34
201800024381,18,8,8,1109,1,2,1,1.0,6.0,34172,M,4359710.0,388578.0,34
201800024382,18,8,9,1600,1,2,2,2.0,3.0,34172,M,4362396.0,386206.0,34
201800024383,18,8,11,249,5,2,3,1.0,6.0,34172,M,4360749.0,388469.0,34
201800024384,18,8,7,1751,1,2,2,1.0,3.0,34129,M,4358277.0,392534.0,34
201800024385,18,8,13,1620,1,2,2,1.0,6.0,34172,M,4363461.0,383382.0,34
201800024386,18,8,14,305,5,2,1,1.0,3.0,34172,M,4359544.0,386220.0,34
201800024387,18,8,14,2210,5,1,1,1.0,2.0,34172,M,4360999.0,389215.0,34
201800024388,18,8,16,2220,5,2,1,1.0,6.0,34172,M,4362597.0,388186.0,34
201800024389,18,8,21,1400,1,2,1,1.0,2.0,34172,M,4359135.0,385772.0,34
201800024390,18,8,22,1444,1,2,2,1.0,5.0,34198,M,4357798.0,393607.0,34
201800024391,18,8,19,2010,1,2,3,1.0,1.0,34172,M,4359918.0,386609.0,34
201800024392,18,8,24,1735,1,2,3,1.0,3.0,34172,M,4360705.0,386621.0,34
201800024393,18,8,24,1700,1,2,3,1.0,3.0,34172,M,4360461.0,388301.0,34
201800024394,18,8,27,1655,1,2,1,1.0,2.0,34172,M,4360891.0,384369.0,34
201800024395,18,8,29,1225,1,2,1,1.0,2.0,34172,M,4361035.0,383396.0,34
201800024396,18,8,31,1645,1,2,3,1.0,3.0,34172,M,4359469.0,387155.0,34
201800024397,18,9,1,940,1,2,1,1.0,6.0,34172,M,4361991.0,385025.0,34
201800024398,18,9,2,450,5,2,1,1.0,6.0,34172,M,4360865.0,384797.0,34
201800024399,18,9,4,1740,1,2,1,1.0,6.0,34172,M,4360737.0,389216.0,34
201800024400,18,9,5,2000,1,2,2,1.0,3.0,34172,M,4362683.0,386969.0,34
201800024401,18,9,7,30,5,2,2,1.0,3.0,34172,M,4360092.0,386312.0,34
201800024402,18,9,10,840,1,2,1,1.0,2.0,34172,M,4359687.0,388700.0,34
201800024403,18,9,12,1505,1,2,2,1.0,3.0,34172,M,4361457.0,383566.0,34
201800024404,18,9,12,2110,5,2,2,1.0,3.0,34172,M,4361676.0,388325.0,34
201800024405,18,9,13,850,1,2,1,1.0,3.0,34172,M,4359443.0,387578.0,34
201800024406,18,9,13,1615,1,2,1,1.0,2.0,34172,M,4361010.0,388290.0,34
201800024407,18,9,14,330,5,2,1,1.0,3.0,34172,M,4359698.0,388070.0,34
201800024408,18,9,14,725,2,2,1,1.0,5.0,34172,M,4360787.0,386300.0,34
201800024409,18,9,14,1445,1,2,3,1.0,3.0,34172,M,4361773.0,384322.0,34
201800024410,18,9,14,1850,1,2,2,1.0,3.0,34172,M,4358245.0,386375.0,34
201800024411,18,9,17,1130,1,2,1,1.0,6.0,34172,M,4362269.0,384505.0,34
201800024412,18,9,17,1620,1,2,1,1.0,4.0,34172,M,4362323.0,385431.0,34
201800024413,18,9,17,1640,1,2,1,1.0,2.0,34172,M,4358696.0,385501.0,34
201800024414,18,9,17,1920,2,2,9,1.0,2.0,34172,M,4360217.0,390048.0,34
201800024415,18,9,18,1305,1,2,1,1.0,6.0,34172,M,4362703.0,387199.0,34
201800024416,18,9,19,1850,1,2,1,1.0,2.0,34172,M,4360348.0,391039.0,34
201800024417,18,9,20,2215,5,2,9,1.0,7.0,34172,M,4359109.0,389062.0,34
201800024418,18,9,21,220,5,2,2,1.0,6.0,34172,M,4361158.0,386663.0,34
201800024419,18,9,21,1200,1,2,1,1.0,6.0,34172,M,4361677.0,387389.0,34
201800024420,18,9,22,1025,1,2,1,1.0,6.0,34172,M,4359624.0,386348.0,34
201800024421,18,9,22,1433,1,2,1,1.0,6.0,34172,M,4359180.0,385811.0,34
201800024422,18,9,23,1520,1,2,1,1.0,3.0,34172,M,4360872.0,385164.0,34
201800024423,18,9,24,1655,1,2,1,1.0,6.0,34172,M,4360037.0,389445.0,34
201800024424,18,9,24,2150,5,2,2,1.0,3.0,34172,M,4363387.0,384317.0,34
201800024425,18,9,24,1230,1,2,1,1.0,6.0,34172,M,4360902.0,389122.0,34
201800024426,18,9,25,1110,1,2,1,1.0,2.0,34172,M,4359340.0,382059.0,34
201800024427,18,9,26,940,1,2,9,1.0,3.0,34172,M,4358507.0,386012.0,34
201800024428,18,9,26,1235,1,2,1,1.0,6.0,34172,M,4360001.0,391921.0,34
201800024429,18,9,27,909,1,2,1,1.0,3.0,34172,M,4359950.0,387452.0,34
201800024430,18,9,27,1340,1,2,1,1.0,3.0,34172,M,4361440.0,388370.0,34
201800024431,18,9,27,1625,1,2,1,1.0,3.0,34172,M,4361620.0,386687.0,34
201800024432,18,9,28,2345,5,2,1,1.0,1.0,34198,M,4355405.0,396698.0,34
201800024433,18,10,1,830,1,2,9,1.0,3.0,34172,M,4359598.0,383605.0,34
201800024434,18,9,30,507,5,2,1,1.0,7.0,34129,M,4357323.0,392020.0,34
201800024435,18,10,1,1820,1,2,1,1.0,6.0,34172,M,4363694.0,384724.0,34
201800024436,18,10,2,1200,1,2,1,1.0,6.0,34172,M,4360512.0,387457.0,34
201800024437,18,10,3,855,1,2,1,1.0,3.0,34172,M,4361808.0,382403.0,34
201800024438,18,10,2,2000,5,2,1,1.0,3.0,34172,M,4363504.0,384885.0,34
201800024439,18,10,1,1815,1,2,1,1.0,6.0,34172,M,4360564.0,389312.0,34
201800024440,18,10,1,1850,1,2,2,1.0,3.0,34172,M,4360921.0,389441.0,34
201800024441,18,10,4,1135,1,2,1,1.0,2.0,34172,M,4363141.0,384280.0,34
201800024442,18,10,4,1530,1,2,1,1.0,6.0,34172,M,4362024.0,385555.0,34
201800024443,18,10,4,1720,1,2,1,1.0,6.0,34172,M,4361392.0,390604.0,34
201800024444,18,10,4,1830,1,2,1,1.0,3.0,34172,M,4360520.0,387350.0,34
201800024445,18,10,5,830,1,2,1,1.0,6.0,34172,M,4361227.0,383888.0,34
201800024446,18,10,5,1900,1,2,1,1.0,3.0,34172,M,4360469.0,389941.0,34
201800024447,18,10,5,1745,1,2,1,1.0,3.0,34172,M,4361789.0,383926.0,34
201800024448,18,10,5,1720,1,2,1,1.0,6.0,34172,M,4360199.0,385350.0,34
201800024449,18,10,5,1150,1,2,1,1.0,2.0,34172,M,4361456.0,383526.0,34
201800024450,18,10,7,2110,3,2,1,1.0,7.0,34172,M,4360457.0,381981.0,34
201800024451,18,10,8,1000,1,2,1,1.0,6.0,34172,M,4361830.0,384442.0,34
201800024452,18,10,8,1040,1,2,1,8.0,3.0,34172,M,4362820.0,385797.0,34
201800024453,18,10,9,933,1,2,1,1.0,6.0,34172,M,4363712.0,382285.0,34
201800024454,18,10,2,1730,1,2,3,1.0,3.0,34129,M,4356664.0,386993.0,34
201800024455,18,10,10,1710,1,2,1,3.0,2.0,34198,M,4355285.0,396841.0,34
201800024456,18,10,10,1815,2,2,1,3.0,6.0,34172,M,4359631.0,386559.0,34
201800024457,18,10,10,1900,4,2,3,2.0,2.0,34172,M,4358359.0,386638.0,34
201800024458,18,10,10,1240,1,2,1,1.0,3.0,34172,M,4359047.0,385586.0,34
201800024459,18,10,11,1630,1,2,1,8.0,3.0,34172,M,4361176.0,382596.0,34
201800024460,18,10,11,2010,5,2,1,8.0,3.0,34172,M,4362709.0,389009.0,34
201800024461,18,10,13,1330,1,2,1,1.0,2.0,34172,M,4361360.0,382226.0,34
201800024462,18,10,13,2005,5,2,1,1.0,3.0,34172,M,4361195.0,386238.0,34
201800024463,18,10,16,1730,1,2,1,8.0,6.0,34172,M,4360203.0,387313.0,34
201800024464,18,10,17,2,5,2,1,1.0,2.0,34172,M,4360990.0,386250.0,34
201800024465,18,10,17,720,1,2,3,1.0,3.0,34172,M,4361156.0,384634.0,34
201800024466,18,10,17,745,1,2,1,1.0,2.0,34172,M,4361177.0,382585.0,34
201800024467,18,10,17,1215,1,2,1,1.0,3.0,34172,M,4360310.0,385486.0,34
201800024468,18,10,18,1555,1,2,1,1.0,5.0,34129,M,4358378.0,393401.0,34
201800024469,18,10,18,2030,5,2,1,1.0,7.0,34172,M,4359597.0,386584.0,34
201800024470,18,10,19,1800,1,2,1,1.0,3.0,34172,M,4361999.0,386530.0,34
201800024471,18,10,20,2127,5,2,1,1.0,3.0,34172,M,4360007.0,386713.0,34
201800024472,18,10,22,1630,1,2,1,1.0,6.0,34172,M,4360286.0,386779.0,34
201800024473,18,10,22,1720,1,2,9,7.0,6.0,34172,M,4358457.0,388404.0,34
201800024474,18,10,23,1155,1,2,1,1.0,6.0,34172,M,4363113.0,382102.0,34
201800024475,18,10,26,2040,1,2,1,1.0,6.0,34172,M,4360913.0,388872.0,34
201800024476,18,10,23,1555,1,2,3,1.0,3.0,34172,M,4360593.0,389424.0,34
201800024477,18,10,23,1800,1,2,2,1.0,6.0,34129,M,4359094.0,390852.0,34
201800024478,18,10,23,1905,2,2,1,1.0,2.0,34172,M,4360962.0,383774.0,34
201800024479,18,10,24,930,1,2,1,1.0,6.0,34172,M,4359221.0,388463.0,34
201800024480,18,10,26,1010,1,2,3,7.0,5.0,34172,M,4361238.0,384519.0,34
201800024481,18,10,26,1840,5,2,1,1.0,6.0,34129,M,4358227.0,392646.0,34
201800024482,18,10,25,2015,5,2,1,1.0,6.0,34172,M,4360174.0,390041.0,34
201800024483,18,10,29,1445,1,2,1,2.0,6.0,34172,M,4360475.0,387891.0,34
201800024484,18,10,29,1700,5,2,1,2.0,6.0,34172,M,4359744.0,386433.0,34
201800024485,18,10,29,640,2,2,1,2.0,3.0,34172,M,4362805.0,384609.0,34
201800024486,18,10,30,1350,1,2,1,1.0,7.0,34172,M,4361560.0,387617.0,34
201800024487,18,10,30,1825,3,1,1,1.0,3.0,34172,M,4359265.0,382821.0,34
201800024488,18,11,2,910,1,2,6,1.0,3.0,34172,M,4363086.0,384174.0,34
201800024489,18,11,3,630,5,2,1,1.0,7.0,34172,M,4359520.0,384818.0,34
201800024490,18,11,3,650,2,2,2,1.0,3.0,34172,M,4360475.0,387679.0,34
201800024491,18,11,4,630,5,2,1,1.0,7.0,34172,M,4359702.0,388568.0,34
201800024492,18,11,5,1400,1,2,1,8.0,2.0,34172,M,4363063.0,382227.0,34
201800024493,18,11,5,1705,2,2,1,2.0,4.0,34172,M,4360161.0,385773.0,34
201800024494,18,11,6,930,1,2,3,1.0,3.0,34172,M,4361806.0,384395.0,34
201800024495,18,11,6,2340,5,2,1,1.0,7.0,34172,M,4359550.0,390521.0,34
201800024496,18,11,7,1200,1,2,1,8.0,3.0,34172,M,4359941.0,388517.0,34
201800024497,18,11,7,2240,5,2,2,2.0,3.0,34172,M,4359692.0,387777.0,34
201800024498,18,11,9,1630,1,2,1,2.0,1.0,34172,M,4361180.0,386583.0,34
201800024499,18,11,9,2035,5,2,1,1.0,2.0,34172,M,4360729.0,386375.0,34
201800024500,18,11,10,715,1,2,1,1.0,3.0,34172,M,4361513.0,386626.0,34
201800024501,18,11,10,1745,5,2,2,2.0,3.0,34172,M,4359734.0,386424.0,34
201800024502,18,11,13,1508,1,1,2,1.0,3.0,34129,M,4358647.0,392930.0,34
201800024503,18,11,14,1215,1,2,6,8.0,3.0,34172,M,4361831.0,391272.0,34
201800024504,18,11,15,1750,3,2,1,1.0,2.0,34129,M,4357148.0,389610.0,34
201800024505,18,11,15,945,1,2,9,1.0,3.0,34172,M,4363920.0,385403.0,34
201800024506,18,11,15,1130,1,2,3,1.0,3.0,34172,M,4362370.0,386180.0,34
201800024507,18,11,16,935,1,2,1,1.0,7.0,34172,M,4360727.0,388625.0,34
201800024508,18,11,18,308,3,1,1,1.0,6.0,34129,M,4357740.0,389749.0,34
201800024509,18,11,17,2030,5,2,1,1.0,2.0,34172,M,4360891.0,384184.0,34
201800024510,18,11,21,605,3,2,1,8.0,7.0,34172,M,4358329.0,384838.0,34
201800024511,18,11,21,935,1,2,1,1.0,3.0,34172,M,4361219.0,382395.0,34
201800024512,18,11,22,1820,5,2,1,1.0,6.0,34172,M,4361887.0,387928.0,34
201800024513,18,11,23,1655,2,2,1,2.0,3.0,34172,M,4359422.0,388535.0,34
201800024514,18,11,24,1525,1,2,3,1.0,6.0,34172,M,4362620.0,388522.0,34
201800024515,18,11,24,2240,5,2,2,1.0,6.0,34172,M,4361618.0,384086.0,34
201800024516,18,11,25,1800,5,2,1,2.0,6.0,34172,M,4363871.0,382248.0,34
201800024517,18,11,26,830,1,2,1,1.0,6.0,34172,M,4360084.0,386816.0,34
201800024518,18,11,26,1205,1,2,1,1.0,3.0,34172,M,4362052.0,385703.0,34
201800024519,18,11,28,1020,1,2,1,1.0,6.0,34172,M,4361214.0,383889.0,34
201800024520,18,11,30,313,5,2,1,2.0,6.0,34172,M,4362292.0,388012.0,34
201800024521,18,11,28,1010,1,2,1,1.0,6.0,34129,M,4357560.0,387272.0,34
201800024522,18,12,2,2050,5,2,1,1.0,6.0,34172,M,4362447.0,386267.0,34
201800024523,18,12,3,400,5,2,1,1.0,6.0,34172,M,4360894.0,386423.0,34
201800024524,18,12,4,2200,5,2,3,1.0,3.0,34172,M,4362438.0,386271.0,34
201800024525,18,11,30,2010,5,2,2,1.0,3.0,34172,M,4361451.0,383562.0,34
201800024526,18,12,5,1845,2,2,2,1.0,6.0,34172,M,4362088.0,388389.0,34
201800024527,18,12,6,1810,5,2,2,1.0,3.0,34172,M,4362612.0,387729.0,34
201800024528,18,12,7,1650,2,2,1,1.0,6.0,34172,M,4359807.0,388718.0,34
201800024529,18,12,8,1920,5,2,1,1.0,4.0,34172,M,4359942.0,389314.0,34
201800024530,18,12,9,255,5,2,2,1.0,6.0,34172,M,4361607.0,382595.0,34
201800024531,18,12,6,1610,1,2,1,7.0,6.0,34172,M,4360261.0,387060.0,34
201800024532,18,12,9,1320,1,2,2,8.0,3.0,34172,M,4360837.0,390660.0,34
201800024533,18,12,9,1705,2,2,1,1.0,6.0,34172,M,4360884.0,384350.0,34
201800024534,18,12,10,1520,1,2,1,1.0,6.0,34172,M,4359635.0,388741.0,34
201800024535,18,12,11,900,1,2,2,1.0,1.0,34172,M,4358170.0,386451.0,34
201800024536,18,12,12,1520,1,2,2,8.0,6.0,34172,M,4360508.0,385934.0,34
201800024537,18,12,16,552,5,2,3,9.0,6.0,34172,M,4361116.0,387186.0,34
201800024538,18,12,16,600,5,2,2,2.0,3.0,34172,M,4359743.0,386421.0,34
201800024539,18,12,18,500,5,2,1,1.0,1.0,34172,M,4360073.0,386876.0,34
201800024540,18,12,17,1430,1,2,1,1.0,2.0,34172,M,4362621.0,388322.0,34
201800024541,18,12,16,1850,5,2,1,2.0,1.0,34129,M,4357264.0,391868.0,34
201800024542,18,12,17,1740,5,2,1,1.0,6.0,34172,M,4359546.0,387461.0,34
201800024543,18,12,22,1710,2,2,1,1.0,6.0,34172,M,4360252.0,385446.0,34
201800024544,18,12,23,1600,1,2,1,1.0,6.0,34172,M,4361763.0,381900.0,34
201800024545,18,12,24,2340,5,2,3,1.0,3.0,34172,M,4360098.0,385032.0,34
201800024546,18,12,26,1320,1,2,1,1.0,2.0,34172,M,4361790.0,388640.0,34
201800024547,18,12,26,1350,1,2,1,1.0,3.0,34172,M,4359950.0,386650.0,34
201800024548,18,12,26,1657,2,2,9,1.0,3.0,34172,M,4360202.0,385340.0,34
201800024549,18,12,27,1720,5,2,1,1.0,2.0,34172,M,4358220.0,386814.0,34
201800024550,18,12,31,1550,1,2,1,1.0,3.0,34172,M,4360471.0,384922.0,34
201800024551,18,10,7,2120,3,1,1,1.0,1.0,34108,M,4344427.0,371415.0,34
201800024552,18,1,24,1400,1,2,3,1.0,3.0,34108,M,4344478.0,376145.0,34
201800024553,18,2,5,1830,4,2,1,3.0,7.0,34301,M,4340919.0,369424.0,34
201800024554,18,2,6,2125,3,1,1,2.0,1.0,34108,M,4342774.0,375208.0,34
201800024555,18,3,23,1620,1,1,1,7.0,6.0,34108,M,4342311.0,374331.0,34
201800024556,18,3,26,1935,1,1,1,7.0,6.0,34301,M,4337766.0,363202.0,34
201800024557,18,4,1,1818,1,2,4,1.0,5.0,34301,M,4342009.0,367324.0,34
201800024558,18,4,13,800,1,2,9,1.0,1.0,34301,M,4340043.0,366833.0,34
201800024559,18,4,20,850,1,2,1,1.0,6.0,34301,M,4341252.0,368329.0,34
201800024560,18,5,7,2025,2,2,3,1.0,3.0,34301,M,4340759.0,366598.0,34
201800024561,18,4,1,1810,1,1,1,1.0,7.0,34108,M,4344036.0,375926.0,34
201800024562,18,6,6,1945,1,2,4,1.0,1.0,34108,M,4344172.0,371433.0,34
201800024563,18,6,21,1100,1,2,1,1.0,3.0,34301,M,4341452.0,369908.0,34
201800024564,18,7,4,921,1,1,1,1.0,5.0,34108,M,4343041.0,372136.0,34
201800024565,18,7,29,1405,1,2,2,1.0,1.0,34301,M,4339764.0,366511.0,34
201800024566,18,6,6,10,5,2,3,1.0,3.0,34301,M,4340681.0,369605.0,34
201800024567,18,8,24,1105,1,1,1,1.0,5.0,34301,M,4341373.0,369573.0,34
201800024568,18,9,14,2015,1,2,3,1.0,3.0,34301,M,4339385.0,366512.0,34
201800024569,18,10,5,2105,3,1,1,1.0,2.0,34108,M,4343180.0,372094.0,34
201800024570,18,11,1,1215,1,1,1,1.0,5.0,34301,M,4334266.0,357781.0,34
201800024571,18,11,13,1940,3,1,3,1.0,3.0,34108,M,4343330.0,370248.0,34
201800024572,18,10,5,1240,1,2,6,1.0,3.0,34301,M,4339384.0,367999.0,34
201800024573,18,1,5,1355,1,2,2,1.0,1.0,35115,M,4820380.0,-119970.0,35
201800024574,18,1,9,1710,2,2,2,2.0,6.0,35115,M,4834555.0,-119608.0,35
201800024575,18,2,2,1215,1,2,1,3.0,6.0,35115,M,4835383.0,-119916.0,35
201800024576,18,2,11,1845,5,2,1,8.0,6.0,35115,M,4835456.0,-119610.0,35
201800024577,18,5,5,1045,1,2,1,1.0,2.0,35115,M,4836560.0,-118354.0,35
201800024578,18,6,1,1640,1,2,2,1.0,3.0,35115,M,4834508.0,-119268.0,35
201800024579,18,6,21,920,1,2,1,1.0,1.0,35115,M,4833917.0,-120826.0,35
201800024580,18,7,20,1710,1,2,9,1.0,6.0,35115,M,4834679.0,-118090.0,35
201800024581,18,8,26,1740,1,2,1,1.0,6.0,35115,M,4835758.0,-119472.0,35
201800024582,18,8,30,750,1,2,6,1.0,3.0,35115,M,4835113.0,-118504.0,35
201800024583,18,10,4,1928,2,2,1,1.0,6.0,35115,M,4835699.0,-119727.0,35
201800024584,18,10,24,740,3,1,1,1.0,6.0,35150,M,4836887.0,-119807.0,35
201800024585,18,1,1,2000,5,2,2,1.0,6.0,35238,M,4812481.0,-166706.0,35
201800024586,18,1,2,1848,5,2,1,2.0,6.0,35238,M,4810640.0,-167311.0,35
201800024587,18,1,2,2110,5,2,1,8.0,3.0,35238,M,4810713.0,-172283.0,35
201800024588,18,1,3,1532,1,2,1,1.0,6.0,35238,M,4811016.0,-167855.0,35
201800024589,18,1,4,1915,5,1,1,1.0,2.0,35238,M,4811737.0,-171945.0,35
201800024590,18,1,3,718,5,2,6,6.0,7.0,35051,M,4812290.0,-162082.0,35
201800024591,18,1,10,1219,1,2,1,1.0,3.0,35281,M,4808693.0,-170847.0,35
201800024592,18,1,5,1705,1,2,1,1.0,6.0,35238,M,4808956.0,-165180.0,35
201800024593,18,1,6,1645,1,2,2,1.0,3.0,35238,M,4812544.0,-166426.0,35
201800024594,18,1,7,900,4,2,2,2.0,3.0,35238,M,4810984.0,-168020.0,35
201800024595,18,1,7,1955,3,1,1,1.0,4.0,35278,M,4817376.0,-171624.0,35
201800024596,18,1,8,1030,1,2,1,8.0,6.0,35238,M,4808895.0,-168235.0,35
201800024597,18,1,9,926,1,2,1,1.0,6.0,35238,M,4813025.0,-165797.0,35
201800024598,18,1,10,1330,1,2,2,7.0,7.0,35238,M,4809873.0,-169452.0,35
201800024599,18,1,7,1955,3,1,1,1.0,7.0,35278,M,4817376.0,-171625.0,35
201800024600,18,1,11,1224,1,2,2,1.0,3.0,35238,M,4809135.0,-166602.0,35
201800024601,18,1,12,830,5,2,2,1.0,3.0,35238,M,4812787.0,-168341.0,35
201800024602,18,1,12,1820,3,1,1,1.0,4.0,35051,M,4811383.0,-155425.0,35
201800024603,18,1,12,1830,5,2,2,1.0,4.0,35238,M,4811019.0,-168521.0,35
201800024604,18,1,12,2045,3,1,1,1.0,2.0,35278,M,4813992.0,-169545.0,35
201800024605,18,1,14,1820,5,2,6,1.0,7.0,35238,M,4808392.0,-167765.0,35
201800024606,18,1,15,750,5,2,2,2.0,3.0,35238,M,4810992.0,-165638.0,35
201800024607,18,1,16,1200,1,1,1,1.0,2.0,35238,M,4813006.0,-171076.0,35
201800024608,18,1,17,1535,1,2,1,1.0,2.0,35238,M,4809297.0,-163094.0,35
201800024609,18,1,17,1930,5,2,2,1.0,3.0,35238,M,4811784.0,-168553.0,35
201800024610,18,1,18,1255,1,1,6,2.0,2.0,35051,M,4810238.0,-161012.0,35
201800024611,18,1,18,2000,5,2,2,1.0,6.0,35238,M,4812532.0,-165290.0,35
201800024612,18,1,18,1040,1,2,3,2.0,6.0,35238,M,4810232.0,-168080.0,35
201800024613,18,1,20,1600,1,2,1,2.0,2.0,35206,M,4807991.0,-168312.0,35
201800024614,18,1,20,2100,5,2,2,2.0,3.0,35238,M,4813851.0,-165857.0,35
201800024615,18,1,22,810,5,1,2,2.0,3.0,35281,M,4808119.0,-172729.0,35
201800024616,18,1,23,1930,5,2,1,1.0,2.0,35238,M,4810136.0,-167621.0,35
201800024617,18,1,24,1842,5,2,1,2.0,6.0,35238,M,4809666.0,-167493.0,35
201800024618,18,1,24,1700,3,2,2,2.0,3.0,35278,M,4816520.0,-168196.0,35
201800024619,18,1,23,1840,3,2,3,1.0,3.0,35238,M,4811133.0,-167479.0,35
201800024620,18,1,25,650,5,2,6,1.0,3.0,35051,M,4811382.0,-162063.0,35
201800024621,18,1,25,820,5,2,1,2.0,3.0,35238,M,4812637.0,-168603.0,35
201800024622,18,1,26,915,1,2,1,1.0,6.0,35238,M,4808851.0,-166343.0,35
201800024623,18,1,26,2115,5,2,2,1.0,3.0,35238,M,4810901.0,-169092.0,35
201800024624,18,1,28,1400,1,2,1,1.0,6.0,35238,M,4809980.0,-162760.0,35
201800024625,18,1,29,1635,1,2,1,1.0,3.0,35051,M,4810614.0,-162562.0,35
201800024626,18,1,30,730,3,1,1,2.0,6.0,35051,M,4811717.0,-156860.0,35
201800024627,18,1,31,1405,1,2,2,2.0,3.0,35238,M,4812861.0,-165218.0,35
201800024628,18,1,31,1645,1,1,1,8.0,4.0,35238,M,4811014.0,-171787.0,35
201800024629,18,1,31,1905,5,2,2,2.0,6.0,35238,M,4809472.0,-169030.0,35
201800024630,18,1,31,2210,3,1,1,2.0,2.0,35238,M,4811465.0,-171897.0,35
201800024631,18,2,1,840,2,2,3,2.0,6.0,35238,M,4808918.0,-168064.0,35
201800024632,18,2,2,1120,1,1,1,1.0,2.0,35278,M,4815728.0,-170380.0,35
201800024633,18,2,2,1405,1,2,6,1.0,6.0,35238,M,4808342.0,-169695.0,35
201800024634,18,2,2,2108,5,2,3,2.0,3.0,35238,M,4810385.0,-168083.0,35
201800024635,18,2,4,1830,3,1,1,1.0,1.0,35278,M,4815962.0,-169566.0,35
201800024636,18,2,5,1145,1,1,1,1.0,4.0,35051,M,4811406.0,-155619.0,35
201800024637,18,2,5,1705,1,2,1,1.0,6.0,35238,M,4809224.0,-165485.0,35
201800024638,18,2,5,1800,2,2,1,1.0,6.0,35238,M,4810732.0,-167187.0,35
201800024639,18,2,6,1455,1,2,1,1.0,2.0,35238,M,4813619.0,-166083.0,35
201800024640,18,2,7,2030,5,2,1,1.0,3.0,35238,M,4809352.0,-163253.0,35
201800024641,18,2,8,1124,1,2,1,7.0,7.0,35238,M,4808881.0,-164478.0,35
201800024642,18,2,9,1914,5,2,1,2.0,6.0,35238,M,4808661.0,-167209.0,35
201800024643,18,2,10,1104,1,2,1,1.0,1.0,35238,M,4812911.0,-165672.0,35
201800024644,18,2,10,2038,5,2,2,8.0,3.0,35238,M,4811799.0,-168614.0,35
201800024645,18,2,11,1238,1,1,1,1.0,2.0,35278,M,4813819.0,-169394.0,35
201800024646,18,2,12,1201,1,2,1,1.0,2.0,35238,M,4811266.0,-169371.0,35
201800024647,18,2,13,1410,1,1,1,2.0,2.0,35238,M,4808048.0,-167937.0,35
201800024648,18,2,13,1932,5,2,1,1.0,6.0,35281,M,4808075.0,-171229.0,35
201800024649,18,2,14,1916,3,1,1,1.0,2.0,35238,M,4811909.0,-172014.0,35
201800024650,18,2,14,2055,5,2,1,2.0,1.0,35238,M,4808219.0,-167555.0,35
201800024651,18,2,15,130,5,2,2,2.0,7.0,35238,M,4811148.0,-169077.0,35
201800024652,18,2,15,1850,5,2,2,1.0,3.0,35238,M,4808561.0,-167507.0,35
201800024653,18,2,17,941,1,2,1,1.0,1.0,35055,M,4809237.0,-160792.0,35
201800024654,18,2,17,1556,1,2,3,1.0,3.0,35238,M,4811755.0,-170798.0,35
201800024655,18,2,18,1619,1,2,2,8.0,3.0,35238,M,4809998.0,-168670.0,35
201800024656,18,2,19,745,2,2,1,1.0,3.0,35238,M,4812389.0,-166569.0,35
201800024657,18,2,19,1928,5,2,1,2.0,7.0,35238,M,4811484.0,-165688.0,35
201800024658,18,2,19,2240,5,2,1,8.0,7.0,35238,M,4810887.0,-167381.0,35
201800024659,18,2,20,325,5,2,2,1.0,3.0,35238,M,4811020.0,-167421.0,35
201800024660,18,2,20,1415,1,2,3,8.0,3.0,35238,M,4810700.0,-172805.0,35
201800024661,18,2,21,1406,1,1,1,1.0,4.0,35238,M,4810746.0,-171728.0,35
201800024662,18,2,25,1313,1,2,6,1.0,7.0,35051,M,4811372.0,-162092.0,35
201800024663,18,2,21,1430,1,2,2,1.0,3.0,35238,M,4808375.0,-167453.0,35
201800024664,18,2,21,1310,1,2,3,1.0,6.0,35238,M,4810652.0,-173106.0,35
201800024665,18,2,22,1228,1,2,3,1.0,3.0,35238,M,4812128.0,-167117.0,35
201800024666,18,2,22,1008,1,2,4,1.0,2.0,35206,M,4808042.0,-167960.0,35
201800024667,18,2,23,1047,1,1,1,1.0,2.0,35238,M,4810043.0,-171504.0,35
201800024668,18,2,23,1408,1,2,1,1.0,4.0,35238,M,4811284.0,-163929.0,35
201800024669,18,2,25,1720,1,2,7,1.0,6.0,35278,M,4815173.0,-168475.0,35
201800024670,18,2,26,1343,1,2,3,1.0,1.0,35238,M,4810805.0,-170064.0,35