Num_Acc,an,mois,jour,hrmn,lum,agg,int,atm,col,com,gps,lat,long,dep
201800024671,18,2,27,1122,1,2,1,1.0,6.0,35278,M,4815388.0,-168338.0,35
201800024672,18,2,22,1430,1,1,1,1.0,2.0,35278,M,4815812.0,-170468.0,35
201800024673,18,2,28,730,1,2,6,1.0,6.0,35238,M,4809284.0,-163985.0,35
201800024674,18,2,28,850,1,2,1,7.0,6.0,35238,M,4810643.0,-166821.0,35
201800024675,18,2,28,1247,1,1,1,1.0,6.0,35238,M,4808711.0,-173583.0,35
201800024676,18,2,28,1919,3,2,1,1.0,6.0,35051,M,4811434.0,-160279.0,35
201800024677,18,3,1,1334,1,1,1,2.0,7.0,35278,M,4816394.0,-168240.0,35
201800024678,18,3,4,1749,1,2,1,1.0,2.0,35238,M,4811020.0,-166252.0,35
201800024679,18,3,5,1712,1,2,1,2.0,6.0,35238,M,4812384.0,-166028.0,35
201800024680,18,3,6,2059,3,2,4,2.0,2.0,35238,M,4810161.0,-165971.0,35
201800024681,18,3,7,1748,1,1,1,2.0,4.0,35051,M,4811276.0,-158248.0,35
201800024682,18,3,9,1815,1,2,3,1.0,4.0,35238,M,4810397.0,-163622.0,35
201800024683,18,3,10,1600,1,1,9,1.0,7.0,35051,M,4814847.0,-159540.0,35
201800024684,18,3,18,200,5,2,3,8.0,2.0,35238,M,4811289.0,-163966.0,35
201800024685,18,3,11,2211,5,2,6,8.0,7.0,35238,M,4812131.0,-170427.0,35
201800024686,18,11,15,1500,1,2,1,1.0,6.0,35238,M,4808979.0,-165066.0,35
201800024687,18,3,12,949,1,2,1,1.0,2.0,35238,M,4812141.0,-170599.0,35
201800024688,18,7,25,1500,1,2,1,2.0,6.0,35238,M,4811460.0,-165066.0,35
201800024689,18,3,12,1953,5,2,2,2.0,3.0,35238,M,4810893.0,-171015.0,35
201800024690,18,3,13,934,1,1,1,1.0,2.0,35051,M,4810559.0,-160184.0,35
201800024691,18,3,13,1259,1,2,1,1.0,6.0,35238,M,4810716.0,-172347.0,35
201800024692,18,3,14,835,1,1,1,1.0,2.0,35278,M,4814020.0,-169076.0,35
201800024693,18,3,15,2109,5,2,3,8.0,3.0,35238,M,4810075.0,-165889.0,35
201800024694,18,3,14,931,1,1,1,1.0,5.0,35051,M,4811402.0,-155486.0,35
201800024695,18,3,16,1217,1,1,1,2.0,2.0,35206,M,4808082.0,-167876.0,35
201800024696,18,3,16,1420,1,2,1,3.0,7.0,35238,M,4810623.0,-166745.0,35
201800024697,18,3,16,1506,1,2,3,1.0,3.0,35238,M,4812498.0,-170014.0,35
201800024698,18,3,16,1544,1,2,1,1.0,2.0,35238,M,4809878.0,-165395.0,35
201800024699,18,3,16,1630,1,2,1,1.0,6.0,35238,M,4812572.0,-166042.0,35
201800024700,18,3,18,1320,1,1,1,1.0,7.0,35278,M,4813991.0,-169674.0,35
201800024701,18,3,19,2058,5,2,2,1.0,3.0,35238,M,4809374.0,-167425.0,35
201800024702,18,3,20,841,1,2,2,7.0,3.0,35238,M,4811628.0,-166617.0,35
201800024703,18,3,23,615,5,2,6,2.0,7.0,35278,M,4816135.0,-168988.0,35
201800024704,18,3,23,850,1,2,2,1.0,3.0,35238,M,4811020.0,-168460.0,35
201800024705,18,3,24,1704,1,1,1,1.0,7.0,35278,M,4816581.0,-168178.0,35
201800024706,18,3,25,1303,1,1,1,1.0,7.0,35238,M,4812525.0,-171801.0,35
201800024707,18,3,28,801,1,2,3,2.0,6.0,35281,M,4807464.0,-171432.0,35
201800024708,18,3,28,1830,1,2,1,1.0,6.0,35238,M,4808758.0,-165439.0,35
201800024709,18,3,28,1845,1,2,6,1.0,2.0,35051,M,4812709.0,-161381.0,35
201800024710,18,3,29,857,1,1,2,2.0,3.0,35238,M,4809807.0,-172705.0,35
201800024711,18,3,29,1200,1,2,3,3.0,6.0,35238,M,4810144.0,-165968.0,35
201800024712,18,3,31,10,5,2,1,1.0,6.0,35238,M,4810564.0,-167289.0,35
201800024713,18,4,2,1610,1,2,1,2.0,6.0,35238,M,4810338.0,-167912.0,35
201800024714,18,4,10,2056,5,2,2,1.0,3.0,35238,M,4809525.0,-163774.0,35
201800024715,18,4,12,1640,1,1,1,1.0,2.0,35238,M,4812333.0,-171828.0,35
201800024716,18,4,14,1324,1,2,1,1.0,6.0,35238,M,4809206.0,-168196.0,35
201800024717,18,4,19,900,1,1,1,1.0,2.0,35051,M,4814858.0,-161233.0,35
201800024718,18,4,19,1740,1,2,1,1.0,6.0,35238,M,4811009.0,-166332.0,35
201800024719,18,4,19,2220,3,1,9,1.0,7.0,35278,M,4814547.0,-169835.0,35
201800024720,18,4,23,1930,1,2,6,1.0,2.0,35238,M,4808195.0,-167507.0,35
201800024721,18,4,24,830,1,1,1,1.0,4.0,35051,M,4813518.0,-159235.0,35
201800024722,18,3,25,739,5,2,3,2.0,3.0,35238,M,4809736.0,-168884.0,35
201800024723,18,4,24,1255,1,2,1,1.0,6.0,35238,M,4811583.0,-167420.0,35
201800024724,18,4,4,1151,1,2,2,2.0,3.0,35238,M,4810354.0,-169395.0,35
201800024725,18,4,6,1505,1,2,1,1.0,2.0,35238,M,4811883.0,-166724.0,35
201800024726,18,4,24,2230,3,1,1,1.0,7.0,35051,M,4811920.0,-157255.0,35
201800024727,18,4,7,2013,2,2,2,3.0,7.0,35238,M,4811029.0,-165549.0,35
201800024728,18,4,7,1805,1,1,1,2.0,4.0,35238,M,4808138.0,-166059.0,35
201800024729,18,4,7,2105,5,2,2,2.0,3.0,35238,M,4810568.0,-167399.0,35
201800024730,18,4,8,1814,2,2,2,2.0,3.0,35238,M,4810859.0,-169297.0,35
201800024731,18,4,10,819,1,1,1,2.0,3.0,35055,M,4809978.0,-160345.0,35
201800024732,18,4,10,1357,1,2,1,1.0,6.0,35055,M,4808819.0,-161538.0,35
201800024733,18,4,10,2038,2,2,2,1.0,3.0,35238,M,4812489.0,-166713.0,35
201800024734,18,4,12,1812,1,1,1,1.0,2.0,35238,M,4808115.0,-167061.0,35
201800024735,18,4,29,2200,5,2,1,2.0,6.0,35238,M,4811112.0,-170085.0,35
201800024736,18,4,12,1840,1,2,1,1.0,3.0,35238,M,4812430.0,-171303.0,35
201800024737,18,4,16,1233,1,2,1,1.0,6.0,35238,M,4809715.0,-168705.0,35
201800024738,18,4,30,1345,1,2,3,8.0,3.0,35238,M,4811165.0,-165622.0,35
201800024739,18,4,17,1343,1,2,1,1.0,6.0,35238,M,4810375.0,-167464.0,35
201800024740,18,4,17,1631,1,2,1,1.0,6.0,35238,M,4811733.0,-168091.0,35
201800024741,18,4,17,1855,1,1,1,1.0,4.0,35238,M,4809007.0,-170480.0,35
201800024742,18,4,19,2325,3,1,1,1.0,7.0,35051,M,4812687.0,-157431.0,35
201800024743,18,4,19,1737,1,1,1,1.0,4.0,35206,M,4807132.0,-167625.0,35
201800024744,18,4,20,1812,2,2,1,1.0,6.0,35281,M,4808502.0,-170219.0,35
201800024745,18,4,23,1430,1,2,1,1.0,7.0,35238,M,4810521.0,-170137.0,35
201800024746,18,4,23,1748,1,1,1,1.0,4.0,35206,M,4807953.0,-169365.0,35
201800024747,18,4,25,1005,1,1,1,1.0,3.0,35055,M,4808929.0,-162572.0,35
201800024748,18,4,25,1800,1,2,1,1.0,6.0,35238,M,4810525.0,-167385.0,35
201800024749,18,5,2,1420,1,2,1,2.0,2.0,35238,M,4810307.0,-171619.0,35
201800024750,18,5,4,1139,1,2,1,1.0,6.0,35238,M,4809902.0,-165329.0,35
201800024751,18,5,4,1232,1,1,1,1.0,2.0,35238,M,4808531.0,-169951.0,35
201800024752,18,5,5,525,5,2,1,1.0,7.0,35238,M,4808661.0,-167544.0,35
201800024753,18,5,5,1953,2,1,1,1.0,2.0,35278,M,4814065.0,-168963.0,35
201800024754,18,5,6,1853,1,2,1,1.0,2.0,35238,M,4810922.0,-169012.0,35
201800024755,18,5,6,1659,1,2,1,1.0,3.0,35238,M,4810573.0,-169337.0,35
201800024756,18,5,6,1225,1,2,1,1.0,3.0,35238,M,4811312.0,-167402.0,35
201800024757,18,5,7,1305,1,2,1,1.0,6.0,35051,M,4811431.0,-160072.0,35
201800024758,18,5,10,2340,5,2,2,1.0,3.0,35238,M,4810978.0,-168917.0,35
201800024759,18,5,11,1341,1,2,3,1.0,3.0,35238,M,4810353.0,-169378.0,35
201800024760,18,5,11,2305,5,2,1,1.0,6.0,35238,M,4811633.0,-166852.0,35
201800024761,18,5,13,2020,1,2,1,1.0,6.0,35238,M,4811101.0,-170061.0,35
201800024762,18,5,14,1120,1,2,9,1.0,2.0,35238,M,4812679.0,-168771.0,35
201800024763,18,5,9,928,1,2,2,1.0,3.0,35238,M,4808376.0,-167447.0,35
201800024764,18,5,9,1245,1,2,1,1.0,4.0,35206,M,4808016.0,-168116.0,35
201800024765,18,5,10,1630,1,2,1,1.0,2.0,35238,M,4812519.0,-166206.0,35
201800024766,18,5,14,1640,1,2,1,1.0,3.0,35238,M,4813072.0,-165683.0,35
201800024767,18,5,14,1712,1,2,3,1.0,2.0,35238,M,4810767.0,-171576.0,35
201800024768,18,5,15,1915,1,1,1,1.0,7.0,35055,M,4807842.0,-163289.0,35
201800024769,18,5,16,1755,1,1,9,1.0,2.0,35055,M,4807711.0,-158979.0,35
201800024770,18,5,16,2302,5,2,1,1.0,6.0,35238,M,4810203.0,-168432.0,35
201800024771,18,5,17,1600,1,2,1,1.0,3.0,35238,M,4811305.0,-168703.0,35
201800024772,18,5,18,850,1,1,6,1.0,3.0,35238,M,4808132.0,-167531.0,35
201800024773,18,5,23,720,1,2,9,1.0,6.0,35281,M,4808702.0,-170757.0,35
201800024774,18,5,23,1225,1,2,1,1.0,6.0,35238,M,4808891.0,-164463.0,35
201800024775,18,5,24,320,3,1,1,1.0,2.0,35051,M,4810217.0,-160887.0,35
201800024776,18,5,25,1840,1,2,1,1.0,2.0,35051,M,4810570.0,-161758.0,35
201800024777,18,5,28,2340,5,2,6,1.0,7.0,35281,M,4808233.0,-171155.0,35
201800024778,18,5,29,904,1,2,6,1.0,3.0,35238,M,4811745.0,-170460.0,35
201800024779,18,5,29,1709,1,2,6,3.0,3.0,35238,M,4809683.0,-163532.0,35
201800024780,18,5,27,812,1,2,9,1.0,3.0,35238,M,4809411.0,-167945.0,35
201800024781,18,5,30,1650,1,2,6,1.0,3.0,35238,M,4812781.0,-165191.0,35
201800024782,18,5,31,740,1,2,6,1.0,3.0,35278,M,4816127.0,-168971.0,35
201800024783,18,5,31,1405,1,2,3,2.0,3.0,35051,M,4813497.0,-162715.0,35
201800024784,18,6,4,1933,1,1,1,2.0,3.0,35281,M,4809286.0,-170802.0,35
201800024785,18,6,4,1930,1,2,1,2.0,3.0,35238,M,4810998.0,-168677.0,35
201800024786,18,6,5,1110,1,2,6,2.0,2.0,35238,M,4808194.0,-167509.0,35
201800024787,18,6,5,1520,1,2,9,1.0,2.0,35238,M,4808655.0,-166670.0,35
201800024788,18,6,5,1830,1,2,6,1.0,3.0,35238,M,4808462.0,-164055.0,35
201800024789,18,6,5,2155,2,2,3,1.0,3.0,35238,M,4808529.0,-166103.0,35
201800024790,18,6,6,1845,1,2,2,2.0,3.0,35238,M,4809652.0,-165264.0,35
201800024791,18,6,6,2230,5,2,6,2.0,7.0,35281,M,4808220.0,-171164.0,35
201800024792,18,6,7,933,1,2,3,1.0,3.0,35238,M,4812781.0,-168686.0,35
201800024793,18,6,7,1235,1,2,1,1.0,3.0,35238,M,4811073.0,-169295.0,35
201800024794,18,6,7,2210,5,2,1,1.0,6.0,35238,M,4810797.0,-168221.0,35
201800024795,18,6,8,830,1,2,2,1.0,3.0,35238,M,4808836.0,-167217.0,35
201800024796,18,6,10,515,5,2,3,5.0,2.0,35238,M,4810270.0,-166138.0,35
201800024797,18,6,10,2000,1,2,3,1.0,3.0,35238,M,4808468.0,-165394.0,35
201800024798,18,6,13,1210,1,2,1,1.0,6.0,35238,M,4810984.0,-167933.0,35
201800024799,18,6,13,2055,1,1,1,1.0,6.0,35238,M,4812394.0,-164134.0,35
201800024800,18,6,13,2215,1,2,6,1.0,3.0,35238,M,4808768.0,-165100.0,35
201800024801,18,6,15,1407,1,2,3,1.0,3.0,35238,M,4810274.0,-166140.0,35
201800024802,18,5,23,1915,1,2,1,1.0,2.0,35238,M,4811674.0,-168622.0,35
201800024803,18,6,19,25,5,2,1,1.0,1.0,35051,M,4811204.0,-162005.0,35
201800024804,18,6,19,1430,1,1,1,1.0,2.0,35238,M,4810545.0,-171689.0,35
201800024805,18,6,20,1540,1,2,1,7.0,6.0,35238,M,4810876.0,-168444.0,35
201800024806,18,6,21,1355,1,1,1,1.0,2.0,35238,M,4811507.0,-171901.0,35
201800024807,18,6,21,1600,1,2,1,1.0,6.0,35238,M,4811277.0,-169426.0,35
201800024808,18,6,23,2150,1,2,1,1.0,6.0,35238,M,4808540.0,-166115.0,35
201800024809,18,6,26,2345,3,1,1,1.0,2.0,35206,M,4807980.0,-168426.0,35
201800024810,18,6,27,1610,1,2,1,1.0,4.0,35238,M,4810575.0,-168465.0,35
201800024811,18,6,28,2025,1,2,1,7.0,6.0,35281,M,4808700.0,-170794.0,35
201800024812,18,6,28,2239,1,2,1,1.0,6.0,35238,M,4811500.0,-167444.0,35
201800024813,18,6,29,1900,1,2,2,1.0,6.0,35238,M,4810673.0,-168457.0,35
201800024814,18,7,2,750,1,2,2,2.0,3.0,35281,M,4809635.0,-169268.0,35
201800024815,18,7,2,1245,1,2,1,2.0,6.0,35238,M,4811570.0,-164944.0,35
201800024816,18,7,2,2200,2,2,2,2.0,1.0,35238,M,4809773.0,-166861.0,35
201800024817,18,7,3,1000,1,2,1,1.0,6.0,35051,M,4813125.0,-163226.0,35
201800024818,18,6,3,1850,1,2,3,1.0,2.0,35238,M,4812316.0,-171136.0,35
201800024819,18,7,3,1505,1,2,1,1.0,6.0,35238,M,4810952.0,-168433.0,35
201800024820,18,7,6,2245,5,2,2,2.0,6.0,35238,M,4810886.0,-170591.0,35
201800024821,18,7,7,1100,1,1,1,1.0,4.0,35206,M,4807964.0,-168503.0,35
201800024822,18,7,9,745,1,2,2,1.0,2.0,35238,M,4810349.0,-166268.0,35
201800024823,18,7,9,1310,1,1,6,1.0,6.0,35051,M,4809370.0,-160699.0,35
201800024824,18,7,9,2350,5,2,1,1.0,3.0,35278,M,4814809.0,-165671.0,35
201800024825,18,1,31,1810,5,2,3,1.0,3.0,35238,M,4812793.0,-164930.0,35
201800024826,18,7,10,1340,1,2,2,1.0,2.0,35238,M,4813525.0,-165959.0,35
201800024827,18,7,11,1050,1,2,1,1.0,1.0,35051,M,4812000.0,-162200.0,35
201800024828,18,7,11,1325,1,2,2,1.0,3.0,35055,M,4807893.0,-163181.0,35
201800024829,18,5,31,1840,1,1,1,2.0,2.0,35051,M,4811630.0,-157377.0,35
201800024830,18,7,14,10,5,2,4,1.0,2.0,35238,M,4810436.0,-167723.0,35
201800024831,18,7,14,955,1,2,1,7.0,6.0,35238,M,4811616.0,-166223.0,35
201800024832,18,5,18,930,1,2,3,1.0,7.0,35238,M,4812620.0,-170308.0,35
201800024833,18,7,18,923,1,2,5,1.0,6.0,35238,M,4810978.0,-168470.0,35
201800024834,18,6,17,720,1,2,2,1.0,3.0,35238,M,4809814.0,-165575.0,35
201800024835,18,5,23,1723,1,2,3,1.0,4.0,35238,M,4808850.0,-167056.0,35
201800024836,18,7,19,1730,1,1,2,1.0,2.0,35281,M,4806984.0,-169747.0,35
201800024837,18,5,20,1151,1,1,1,1.0,2.0,35278,M,4818418.0,-172039.0,35
201800024838,18,7,19,2015,2,2,2,1.0,3.0,35238,M,4809865.0,-169462.0,35
201800024839,18,5,28,1208,1,2,2,1.0,3.0,35238,M,4812489.0,-166715.0,35
201800024840,18,7,20,1700,1,2,3,1.0,3.0,35238,M,4810661.0,-173063.0,35
201800024841,18,7,21,1655,1,2,2,1.0,3.0,35238,M,4808375.0,-167457.0,35
201800024842,18,7,21,1855,1,2,6,1.0,3.0,35238,M,4810338.0,-171269.0,35
201800024843,18,7,22,1640,1,2,2,1.0,3.0,35238,M,4810039.0,-164988.0,35
201800024844,18,7,23,1130,1,2,1,1.0,6.0,35238,M,4811997.0,-169129.0,35
201800024845,18,7,24,1330,1,2,1,1.0,3.0,35238,M,4811950.0,-168818.0,35
201800024846,18,7,24,1920,1,1,6,1.0,3.0,35278,M,4815494.0,-162418.0,35
201800024847,18,7,24,2245,5,2,2,1.0,3.0,35238,M,4810780.0,-167350.0,35
201800024848,18,7,23,1445,1,1,1,1.0,5.0,35238,M,4808082.0,-167204.0,35
201800024849,18,6,21,1745,1,2,2,1.0,3.0,35051,M,4811805.0,-161409.0,35
201800024850,18,7,25,2130,1,2,6,1.0,3.0,35238,M,4810496.0,-170876.0,35
201800024851,18,7,27,1700,1,2,1,1.0,2.0,35238,M,4810795.0,-171415.0,35
201800024852,18,7,30,1050,1,2,1,1.0,2.0,35238,M,4811679.0,-171084.0,35
201800024853,18,7,30,1905,1,1,1,1.0,3.0,35055,M,4808350.0,162223.0,35
201800024854,18,7,31,1810,1,2,2,1.0,3.0,35238,M,4810541.0,-168463.0,35
201800024855,18,8,2,1810,1,1,1,1.0,4.0,35238,M,4814230.0,-165836.0,35
201800024856,18,5,19,1200,1,2,3,7.0,2.0,35281,M,4806748.0,-171530.0,35
201800024857,18,8,3,1100,1,1,1,1.0,2.0,35238,M,4808181.0,-169669.0,35
201800024858,18,8,3,1130,1,2,2,1.0,3.0,35238,M,4808366.0,-167512.0,35
201800024859,18,8,4,745,1,2,6,1.0,3.0,35238,M,4808814.0,-166082.0,35
201800024860,18,8,4,1450,1,2,3,1.0,3.0,35238,M,4808452.0,-166098.0,35
201800024861,18,8,5,124,5,2,3,1.0,3.0,35238,M,4810448.0,-168435.0,35
201800024862,18,8,8,936,1,2,2,1.0,3.0,35238,M,4811634.0,-170983.0,35
201800024863,18,8,8,1855,1,2,6,1.0,3.0,35238,M,4809710.0,-163036.0,35
201800024864,18,8,10,120,3,2,1,1.0,7.0,35238,M,4808331.0,-164342.0,35
201800024865,18,8,11,1555,1,2,1,1.0,3.0,35238,M,4809706.0,-167188.0,35
201800024866,18,8,11,2335,3,1,1,1.0,7.0,35278,M,4814251.0,-167152.0,35
201800024867,18,8,13,1730,1,2,2,1.0,3.0,35238,M,4809414.0,-163428.0,35
201800024868,18,8,13,2120,2,2,1,1.0,6.0,35238,M,4809870.0,-164460.0,35
201800024869,18,8,14,1821,1,2,2,1.0,3.0,35238,M,4812827.0,-168350.0,35
201800024870,18,8,16,1820,1,1,9,2.0,4.0,35206,M,4807900.0,-169085.0,35
201800024871,18,8,16,1810,1,2,1,2.0,3.0,35238,M,4809161.0,-167483.0,35
201800024872,18,8,17,1615,1,2,2,1.0,1.0,35238,M,4808384.0,-167518.0,35
201800024873,18,8,18,1954,1,2,6,1.0,3.0,35238,M,4809233.0,-166764.0,35
201800024874,18,5,25,1900,1,1,1,3.0,7.0,35353,M,4812323.0,-173314.0,35
201800024875,18,5,19,1230,1,2,2,1.0,3.0,35238,M,4810903.0,-169291.0,35
201800024876,18,8,25,1040,1,1,1,1.0,4.0,35206,M,4807911.0,-168987.0,35
201800024877,18,8,25,1820,1,2,3,1.0,3.0,35238,M,4812106.0,-168271.0,35
201800024878,18,8,27,1725,1,2,1,1.0,2.0,35238,M,4810398.0,-172001.0,35
201800024879,18,8,28,1835,1,2,1,1.0,6.0,35238,M,4812953.0,-166668.0,35
201800024880,18,8,30,1600,1,1,1,1.0,1.0,35238,M,4809855.0,-172570.0,35
201800024881,18,8,31,750,1,2,1,1.0,3.0,35051,M,4814758.0,-160479.0,35
201800024882,18,8,31,1725,1,2,2,1.0,1.0,35238,M,4811766.0,-167779.0,35
201800024883,18,8,31,2110,5,2,7,1.0,6.0,35238,M,4811473.0,-168085.0,35
201800024884,18,9,3,1520,1,1,1,7.0,4.0,35281,M,4807179.0,-171263.0,35
201800024885,18,9,5,1749,1,2,1,1.0,2.0,35238,M,4811019.0,-167621.0,35
201800024886,18,9,5,1930,1,2,1,1.0,7.0,35238,M,4809751.0,-170618.0,35
201800024887,18,9,6,2045,5,2,1,1.0,2.0,35238,M,4810345.0,-172554.0,35
201800024888,18,9,7,120,5,2,1,1.0,6.0,35238,M,4811247.0,-168545.0,35
201800024889,18,9,7,1905,1,2,1,1.0,6.0,35238,M,4810986.0,-168029.0,35
201800024890,18,9,8,1509,1,2,1,1.0,2.0,35278,M,4813884.0,-169486.0,35
201800024891,18,9,3,904,1,2,6,1.0,7.0,35238,M,4808756.0,-165099.0,35
201800024892,18,9,10,1010,1,2,1,1.0,3.0,35238,M,4809705.0,-165807.0,35
201800024893,18,9,12,925,1,2,3,1.0,3.0,35238,M,4810616.0,-169212.0,35
201800024894,18,9,12,915,1,2,1,1.0,6.0,35238,M,4809619.0,-165203.0,35
201800024895,18,9,12,1050,1,1,1,1.0,2.0,35281,M,4809058.0,-170469.0,35
201800024896,18,9,13,815,1,2,2,8.0,3.0,35238,M,4811616.0,-165827.0,35
201800024897,18,9,13,938,1,1,1,1.0,3.0,35281,M,4806817.0,-174981.0,35
201800024898,18,9,13,1734,1,2,9,7.0,6.0,35238,M,4812626.0,-163123.0,35
201800024899,18,9,14,921,2,1,9,1.0,3.0,35281,M,4807836.0,-173192.0,35
201800024900,18,9,14,1555,1,2,1,1.0,2.0,35238,M,4812428.0,-171357.0,35
201800024901,18,9,15,1030,1,2,6,1.0,3.0,35051,M,4812106.0,-160257.0,35
201800024902,18,9,15,1225,1,2,1,1.0,2.0,35238,M,4811139.0,-171816.0,35
201800024903,18,9,15,2135,5,2,2,1.0,3.0,35238,M,4808370.0,-167516.0,35
201800024904,18,9,16,1840,1,1,1,1.0,4.0,35238,M,4812003.0,-172185.0,35
201800024905,18,9,17,1410,1,2,1,1.0,7.0,35051,M,4810774.0,-161788.0,35
201800024906,18,9,17,1425,1,2,1,1.0,4.0,35238,M,4813020.0,-164076.0,35
201800024907,18,9,17,1440,1,1,6,1.0,3.0,35055,M,4807777.0,-163210.0,35
201800024908,18,9,17,1807,1,2,1,1.0,6.0,35278,M,4816025.0,-167718.0,35
201800024909,18,9,17,1715,1,2,1,1.0,6.0,35238,M,4810269.0,-169462.0,35
201800024910,18,9,18,823,1,2,1,1.0,2.0,35238,M,4811988.0,-165030.0,35
201800024911,18,9,18,1057,1,2,1,1.0,6.0,35238,M,4810627.0,-169376.0,35
201800024912,18,9,19,1230,1,2,9,1.0,6.0,35238,M,4808679.0,-168045.0,35
201800024913,18,9,19,1500,1,2,1,1.0,6.0,35238,M,4812141.0,-170866.0,35
201800024914,18,9,20,1252,1,2,9,1.0,3.0,35238,M,4810620.0,-166726.0,35
201800024915,18,9,21,300,5,2,2,3.0,3.0,35238,M,4810856.0,-169298.0,35
201800024916,18,9,21,715,5,2,2,8.0,6.0,35238,M,4810532.0,-166892.0,35
201800024917,18,9,21,755,1,2,1,1.0,3.0,35238,M,4810001.0,-171136.0,35
201800024918,18,9,21,840,1,1,1,1.0,2.0,35238,M,4808462.0,-164106.0,35
201800024919,18,9,22,1230,1,2,1,1.0,2.0,35238,M,4811019.0,-166279.0,35
201800024920,18,9,23,1223,1,2,1,1.0,2.0,35238,M,4808346.0,-166520.0,35
201800024921,18,9,23,1815,1,2,1,1.0,6.0,35238,M,4808863.0,-168249.0,35
201800024922,18,9,23,2050,5,2,3,8.0,2.0,35238,M,4812357.0,-170866.0,35
201800024923,18,9,24,800,1,2,1,1.0,6.0,35238,M,4812281.0,-165819.0,35
201800024924,18,9,24,1845,1,1,1,1.0,4.0,35238,M,4808104.0,-169659.0,35
201800024925,18,9,24,1937,1,2,9,1.0,3.0,35278,M,4813673.0,-169394.0,35
201800024926,18,9,25,1022,1,2,3,1.0,3.0,35281,M,4808798.0,-169573.0,35
201800024927,18,9,25,1430,1,2,6,1.0,3.0,35238,M,4808766.0,-164461.0,35
201800024928,18,9,25,1530,1,2,1,1.0,3.0,35281,M,4808804.0,-169415.0,35
201800024929,18,9,26,1400,1,2,1,1.0,6.0,35238,M,4810606.0,-168066.0,35
201800024930,18,9,27,910,1,1,1,1.0,4.0,35278,M,4814130.0,-167543.0,35
201800024931,18,10,1,805,1,1,1,1.0,2.0,35238,M,4808442.0,-164142.0,35
201800024932,18,10,1,1440,1,2,2,1.0,2.0,35238,M,4809397.0,-167747.0,35
201800024933,18,10,1,1640,1,2,1,1.0,3.0,35238,M,4812008.0,-167325.0,35
201800024934,18,10,1,2048,5,2,3,1.0,7.0,35238,M,4810508.0,-169343.0,35
201800024935,18,10,2,1140,1,2,1,1.0,6.0,35238,M,4812526.0,-166648.0,35
201800024936,18,10,3,1738,1,2,1,1.0,6.0,35238,M,4812509.0,-166338.0,35
201800024937,18,10,3,1800,1,2,9,1.0,6.0,35238,M,4812090.0,-164344.0,35
201800024938,18,10,4,810,1,2,6,1.0,3.0,35238,M,4808982.0,-169118.0,35
201800024939,18,10,4,1520,1,2,3,1.0,3.0,35238,M,4812607.0,-166566.0,35
201800024940,18,10,5,810,1,2,9,1.0,2.0,35238,M,4809676.0,-163600.0,35
201800024941,18,10,5,1805,1,1,1,1.0,5.0,35238,M,4808518.0,-169946.0,35
201800024942,18,10,6,415,5,2,1,1.0,6.0,35238,M,4811076.0,-166576.0,35
201800024943,18,10,6,1245,1,2,3,1.0,2.0,35238,M,4808452.0,-165103.0,35
201800024944,18,10,6,1730,1,2,1,3.0,6.0,35238,M,4813121.0,-167160.0,35
201800024945,18,10,6,1800,1,2,9,2.0,6.0,35281,M,4809207.0,-169284.0,35
201800024946,18,10,7,506,3,1,1,3.0,2.0,35278,M,4816568.0,-171032.0,35
201800024947,18,10,7,2210,3,1,1,1.0,7.0,35281,M,4809136.0,-170700.0,35
201800024948,18,9,28,1144,1,2,2,1.0,6.0,35238,M,4811183.0,-168026.0,35
201800024949,18,10,8,700,5,2,2,1.0,3.0,35238,M,4810178.0,-165611.0,35
201800024950,18,10,8,915,1,2,6,1.0,3.0,35238,M,4809161.0,-165846.0,35
201800024951,18,10,8,1145,1,2,4,7.0,6.0,35278,M,4815266.0,-168293.0,35
201800024952,18,10,9,750,2,2,2,1.0,6.0,35238,M,4809484.0,-168993.0,35
201800024953,18,10,3,1815,1,2,3,1.0,3.0,35238,M,4812063.0,-167204.0,35
201800024954,18,10,10,1250,1,2,6,1.0,3.0,35278,M,4813485.0,-169346.0,35
201800024955,18,10,11,1650,1,2,3,2.0,3.0,35281,M,4809204.0,-169172.0,35
201800024956,18,10,11,1930,3,2,1,2.0,2.0,35238,M,4808153.0,-167248.0,35
201800024957,18,10,11,1940,3,1,9,8.0,7.0,35051,M,4815448.0,-162445.0,35
201800024958,18,10,12,913,1,2,1,1.0,2.0,35238,M,4811298.0,-168518.0,35
201800024959,18,10,12,1400,1,2,2,1.0,3.0,35238,M,4810856.0,-169292.0,35
201800024960,18,10,13,30,5,2,2,1.0,3.0,35238,M,4812487.0,-166706.0,35
201800024961,18,10,13,730,5,2,1,1.0,3.0,35238,M,4810770.0,-171739.0,35
201800024962,18,10,13,2130,5,2,2,1.0,3.0,35238,M,4810987.0,-166568.0,35
201800024963,18,10,14,1124,1,2,2,2.0,3.0,35238,M,4811628.0,-170820.0,35
201800024964,18,10,15,740,2,1,3,2.0,7.0,35238,M,4813857.0,-171659.0,35
201800024965,18,10,15,1505,1,2,6,1.0,6.0,35278,M,4813619.0,-169217.0,35
201800024966,18,10,13,800,2,1,1,1.0,6.0,35238,M,4808114.0,-167036.0,35
201800024967,18,10,16,830,1,2,1,1.0,3.0,35055,M,4808452.0,-162326.0,35
201800024968,18,10,15,1358,1,2,1,1.0,7.0,35238,M,4810158.0,-164971.0,35
201800024969,18,10,16,2020,5,2,1,1.0,2.0,35238,M,4810742.0,-167527.0,35
201800024970,18,10,17,940,1,2,1,1.0,6.0,35238,M,4810729.0,-165115.0,35