Num_Acc,an,mois,jour,hrmn,lum,agg,int,atm,col,com,gps,lat,long,dep
201800024971,18,10,17,1005,1,1,1,5.0,7.0,35238,M,4809084.0,-173896.0,35
201800024972,18,10,17,1700,1,2,1,1.0,3.0,35051,M,4810658.0,-162297.0,35
201800024973,18,10,17,1850,2,2,1,1.0,3.0,35238,M,4811542.0,-171382.0,35
201800024974,18,10,18,800,1,1,1,1.0,2.0,35238,M,4808047.0,-167638.0,35
201800024975,18,10,19,820,1,2,2,1.0,6.0,35238,M,4811473.0,-165711.0,35
201800024976,18,10,19,1520,1,2,2,1.0,6.0,35238,M,4810942.0,-167781.0,35
201800024977,18,10,19,1730,1,1,1,1.0,2.0,35238,M,4809868.0,-171399.0,35
201800024978,18,10,20,1300,1,2,6,1.0,2.0,35278,M,4813986.0,-168648.0,35
201800024979,18,10,22,1850,1,2,1,1.0,2.0,35238,M,4810156.0,-168447.0,35
201800024980,18,10,23,2045,5,2,2,1.0,3.0,35238,M,4811353.0,-167526.0,35
201800024981,18,10,25,1125,1,2,1,1.0,6.0,35238,M,4811973.0,-169118.0,35
201800024982,18,10,25,1710,1,1,1,1.0,6.0,35238,M,4809238.0,-173345.0,35
201800024983,18,6,4,1130,1,2,3,3.0,4.0,35238,M,4810449.0,-168438.0,35
201800024984,18,10,26,825,2,1,1,1.0,2.0,35278,M,4815973.0,-170568.0,35
201800024985,18,10,27,1015,1,2,3,8.0,3.0,35238,M,4809127.0,-166908.0,35
201800024986,18,10,27,950,1,1,1,1.0,6.0,35206,M,4807853.0,-169263.0,35
201800024987,18,10,27,1800,1,2,9,1.0,6.0,35238,M,4809462.0,-169022.0,35
201800024988,18,10,30,1035,1,1,1,1.0,6.0,35278,M,4814957.0,-169926.0,35
201800024989,18,10,30,1745,2,2,1,1.0,4.0,35278,M,4813675.0,-169298.0,35
201800024990,18,10,31,1240,1,2,1,1.0,6.0,35238,M,4812796.0,-165899.0,35
201800024991,18,10,31,1425,1,1,1,1.0,4.0,35238,M,4810151.0,-171580.0,35
201800024992,18,10,31,1750,5,2,2,1.0,3.0,35238,M,4811173.0,-168026.0,35
201800024993,18,11,1,120,5,2,2,1.0,3.0,35238,M,4809810.0,-165570.0,35
201800024994,18,11,2,1820,5,2,9,1.0,6.0,35238,M,4811288.0,-169494.0,35
201800024995,18,11,2,1830,3,1,1,1.0,4.0,35238,M,4808079.0,-167184.0,35
201800024996,18,11,4,640,4,2,2,1.0,3.0,35238,M,4811442.0,-169996.0,35
201800024997,18,8,30,1758,1,1,3,8.0,3.0,35278,M,4817599.0,-169428.0,35
201800024998,18,11,5,1940,5,2,1,1.0,2.0,35238,M,4811635.0,-171025.0,35
201800024999,18,11,6,2010,5,2,2,2.0,3.0,35238,M,4812314.0,-170902.0,35
201800025000,18,11,7,805,1,2,1,8.0,1.0,35238,M,4809089.0,-166120.0,35
201800025001,18,11,7,1525,1,2,3,1.0,3.0,35238,M,4812043.0,-168332.0,35
201800025002,18,11,7,2100,5,2,3,1.0,2.0,35051,M,4811308.0,-162095.0,35
201800025003,18,11,8,923,1,2,2,1.0,5.0,35238,M,4810361.0,-166250.0,35
201800025004,18,11,8,1400,1,1,1,1.0,2.0,35238,M,4810597.0,-171679.0,35
201800025005,18,11,8,1835,5,2,2,1.0,2.0,35238,M,4810729.0,-167765.0,35
201800025006,18,11,9,607,3,1,1,1.0,3.0,35238,M,4808145.0,-165780.0,35
201800025007,18,11,8,1958,5,2,1,1.0,6.0,35238,M,4812363.0,-165937.0,35
201800025008,18,11,9,1825,5,2,4,2.0,2.0,35238,M,4812304.0,-166455.0,35
201800025009,18,11,10,1730,1,1,1,2.0,6.0,35051,M,4814653.0,-161729.0,35
201800025010,18,11,11,320,5,2,9,2.0,6.0,35238,M,4810971.0,-168780.0,35
201800025011,18,11,12,800,2,1,1,1.0,7.0,35051,M,4815426.0,-162443.0,35
201800025012,18,11,15,852,1,2,1,1.0,6.0,35238,M,4810936.0,-165518.0,35
201800025013,18,11,12,1118,1,2,9,1.0,3.0,35238,M,4811066.0,-167387.0,35
201800025014,18,11,15,1848,5,2,6,1.0,2.0,35238,M,4812712.0,-162873.0,35
201800025015,18,11,15,2220,5,2,3,2.0,3.0,35238,M,4810701.0,-166588.0,35
201800025016,18,11,16,2200,5,2,3,2.0,3.0,35238,M,4812594.0,-166573.0,35
201800025017,18,11,17,1310,1,2,9,1.0,2.0,35238,M,4809925.0,-164597.0,35
201800025018,18,11,18,1245,1,2,2,1.0,3.0,35238,M,4811028.0,-165559.0,35
201800025019,18,11,18,1940,5,2,1,1.0,6.0,35238,M,4812184.0,-168342.0,35
201800025020,18,11,19,800,1,2,2,1.0,6.0,35238,M,4812074.0,-168180.0,35
201800025021,18,11,19,800,1,1,1,1.0,2.0,35281,M,4806789.0,-171372.0,35
201800025022,18,11,20,1936,5,2,2,1.0,6.0,35238,M,4811616.0,-166614.0,35
201800025023,18,11,20,2124,5,2,3,1.0,1.0,35238,M,4810785.0,-167349.0,35
201800025024,18,11,21,1328,1,2,3,7.0,6.0,35051,M,4813207.0,-162431.0,35
201800025025,18,11,12,1850,3,1,1,1.0,4.0,35206,M,4807993.0,-168316.0,35
201800025026,18,11,21,1805,5,2,3,1.0,1.0,35051,M,4813092.0,-162122.0,35
201800025027,18,11,22,1335,1,2,1,5.0,2.0,35238,M,4810768.0,-171509.0,35
201800025028,18,11,22,1435,1,1,1,2.0,6.0,35238,M,4808058.0,-167293.0,35
201800025029,18,11,23,1445,1,2,6,3.0,4.0,35238,M,4811788.0,-171342.0,35
201800025030,18,11,23,1940,5,2,6,2.0,7.0,35238,M,4808325.0,-169715.0,35
201800025031,18,11,25,230,5,2,2,2.0,3.0,35238,M,4811248.0,-166626.0,35
201800025032,18,11,25,840,1,2,9,3.0,3.0,35238,M,4810758.0,-171628.0,35
201800025033,18,11,26,1035,1,2,3,1.0,3.0,35051,M,4813092.0,-162119.0,35
201800025034,18,11,26,1300,1,2,2,1.0,3.0,35238,M,4811825.0,-167630.0,35
201800025035,18,11,27,730,5,2,6,1.0,3.0,35051,M,4811403.0,-162118.0,35
201800025036,18,11,27,1615,1,2,1,2.0,7.0,35238,M,4808118.0,-166450.0,35
201800025037,18,11,27,1750,5,2,2,3.0,6.0,35238,M,4811195.0,-170215.0,35
201800025038,18,11,27,1245,1,2,6,2.0,7.0,35238,M,4808648.0,-166077.0,35
201800025039,18,11,28,850,1,2,9,2.0,6.0,35278,M,4815214.0,-168318.0,35
201800025040,18,11,20,759,1,2,6,1.0,4.0,35238,M,4809641.0,-163679.0,35
201800025041,18,11,29,150,5,2,2,2.0,3.0,35238,M,4810940.0,-167280.0,35
201800025042,18,11,28,1100,1,1,1,2.0,7.0,35238,M,4809223.0,-174386.0,35
201800025043,18,11,29,1350,1,2,9,1.0,3.0,35238,M,4810725.0,-171866.0,35
201800025044,18,11,29,1442,1,2,1,8.0,6.0,35238,M,4810291.0,-170711.0,35
201800025045,18,11,30,820,2,2,1,1.0,6.0,35238,M,4811317.0,-168363.0,35
201800025046,18,11,30,830,1,2,1,1.0,6.0,35238,M,4810612.0,-166724.0,35
201800025047,18,11,30,1450,1,2,3,1.0,2.0,35238,M,4810269.0,-166117.0,35
201800025048,18,11,30,1515,1,2,1,1.0,3.0,35238,M,4811801.0,-168621.0,35
201800025049,18,11,30,1825,5,2,1,1.0,2.0,35238,M,4808291.0,-164165.0,35
201800025050,18,11,30,1940,5,2,9,1.0,3.0,35238,M,4808238.0,-168206.0,35
201800025051,18,12,1,1140,1,1,1,2.0,7.0,35238,M,4808479.0,-164198.0,35
201800025052,18,12,2,630,5,2,1,1.0,6.0,35238,M,4812676.0,-168996.0,35
201800025053,18,12,3,715,2,2,1,2.0,6.0,35238,M,4810985.0,-165970.0,35
201800025054,18,12,3,800,5,2,6,3.0,3.0,35238,M,4812810.0,-169321.0,35
201800025055,18,12,3,1930,5,2,3,8.0,6.0,35281,M,4809498.0,-169693.0,35
201800025056,18,12,5,1552,1,2,1,2.0,2.0,35281,M,4809550.0,-168980.0,35
201800025057,18,12,5,1825,2,1,6,3.0,6.0,35278,M,4813673.0,-169230.0,35
201800025058,18,12,7,1325,1,2,6,8.0,3.0,35051,M,4811431.0,-163376.0,35
201800025059,18,12,7,1604,1,2,3,8.0,3.0,35051,M,4813093.0,-162117.0,35
201800025060,18,12,7,1745,3,2,1,8.0,6.0,35278,M,4814622.0,-168640.0,35
201800025061,18,12,8,2100,5,2,2,8.0,3.0,35238,M,4812487.0,-166710.0,35
201800025062,18,12,9,1325,1,2,2,1.0,3.0,35238,M,4808379.0,-167506.0,35
201800025063,18,12,10,1158,1,2,3,1.0,3.0,35281,M,4808110.0,-172710.0,35
201800025064,18,12,10,2005,5,2,2,1.0,3.0,35238,M,4813190.0,-163547.0,35
201800025065,18,12,11,800,5,2,2,5.0,3.0,35051,M,4813279.0,-163270.0,35
201800025066,18,12,11,825,5,1,9,5.0,3.0,35206,M,4807890.0,-169106.0,35
201800025067,18,12,12,1745,5,2,1,1.0,6.0,35238,M,4810695.0,-167326.0,35
201800025068,18,12,12,1830,5,2,9,1.0,6.0,35238,M,4812030.0,-170462.0,35
201800025069,18,12,12,1823,3,1,1,1.0,7.0,35278,M,4818201.0,-171289.0,35
201800025070,18,12,13,726,5,2,6,1.0,6.0,35238,M,4812240.0,-165115.0,35
201800025071,18,12,14,420,5,2,9,1.0,6.0,35238,M,4812870.0,-165210.0,35
201800025072,18,12,14,810,1,2,9,1.0,6.0,35051,M,4811816.0,-160526.0,35
201800025073,18,12,14,1950,5,2,9,1.0,7.0,35238,M,4810587.0,-168833.0,35
201800025074,18,12,14,1950,5,2,2,1.0,3.0,35238,M,4809427.0,-168179.0,35
201800025075,18,12,15,830,5,2,1,2.0,6.0,35278,M,4815204.0,-168606.0,35
201800025076,18,12,15,1950,5,2,2,2.0,3.0,35238,M,4808974.0,-168461.0,35
201800025077,18,12,17,850,1,2,1,9.0,1.0,35278,M,4815285.0,-167998.0,35
201800025078,18,12,17,1350,1,1,1,8.0,4.0,35238,M,4811213.0,-171848.0,35
201800025079,18,12,17,1615,1,2,9,1.0,3.0,35238,M,4813748.0,-163522.0,35
201800025080,18,12,18,800,2,2,6,1.0,6.0,35281,M,4808675.0,-170691.0,35
201800025081,18,12,18,1500,1,2,1,2.0,2.0,35238,M,4809763.0,-164248.0,35
201800025082,18,12,19,900,1,2,6,1.0,3.0,35278,M,4813419.0,-169422.0,35
201800025083,18,12,19,1630,1,1,1,1.0,2.0,35055,M,4809373.0,-162400.0,35
201800025084,18,12,20,740,2,1,1,1.0,5.0,35238,M,4812126.0,-171974.0,35
201800025085,18,12,20,1941,5,2,2,2.0,6.0,35238,M,4808680.0,-167437.0,35
201800025086,18,12,20,2330,5,2,2,1.0,3.0,35238,M,4810354.0,-169397.0,35
201800025087,18,12,21,810,2,1,1,2.0,3.0,35238,M,4811314.0,-171881.0,35
201800025088,18,12,21,1630,2,1,1,2.0,2.0,35238,M,4808158.0,-167365.0,35
201800025089,18,12,21,1750,5,2,6,2.0,2.0,35238,M,4810533.0,-170792.0,35
201800025090,18,12,22,445,5,2,1,8.0,7.0,35238,M,4811381.0,-166048.0,35
201800025091,18,12,23,40,5,2,1,1.0,3.0,35238,M,4810985.0,-167911.0,35
201800025092,18,12,21,1341,1,2,2,1.0,3.0,35238,M,4811030.0,-165559.0,35
201800025093,18,12,25,1645,2,2,1,1.0,3.0,35238,M,4810861.0,-170513.0,35
201800025094,18,12,26,900,1,2,2,1.0,3.0,35238,M,4813192.0,-163540.0,35
201800025095,18,12,30,1925,5,2,2,1.0,3.0,35238,M,4810511.0,-165041.0,35
201800025096,18,12,31,1900,3,2,1,1.0,4.0,35238,M,4813045.0,-170982.0,35
201800025097,18,1,24,1840,3,2,2,3.0,6.0,35238,M,4809194.0,-167822.0,35
201800025098,18,3,10,1600,1,2,3,1.0,3.0,35288,M,4864868.0,-198842.0,35
201800025099,18,2,9,1700,1,2,1,8.0,1.0,35241,M,4861247.0,-204906.0,35
201800025100,18,12,31,2300,5,2,1,1.0,6.0,35288,M,4863596.0,-202296.0,35
201800025101,18,4,15,2250,5,2,1,1.0,6.0,35093,M,4862642.0,-205491.0,35
201800025102,18,3,30,830,1,2,1,3.0,6.0,35288,M,4863562.0,-202277.0,35
201800025103,18,6,5,1815,1,2,3,1.0,6.0,35288,M,4864859.0,-200238.0,35
201800025104,18,6,25,25,5,2,1,1.0,6.0,35288,M,4865095.0,-197124.0,35
201800025105,18,8,2,1039,1,2,6,1.0,6.0,35288,M,4864015.0,-200873.0,35
201800025106,18,9,13,1654,1,2,2,1.0,3.0,35288,M,4864631.0,-198873.0,35
201800025107,18,9,28,1127,1,2,2,1.0,3.0,35288,M,4865769.0,-199446.0,35
201800025108,18,10,23,1220,1,2,1,1.0,6.0,35288,M,4862347.0,-198307.0,35
201800025109,18,10,29,1810,2,2,3,1.0,3.0,35288,M,4862571.0,-200434.0,35
201800025110,18,10,29,1600,1,2,2,1.0,3.0,35288,M,4863090.0,-200315.0,35
201800025111,18,8,2,2115,2,2,9,1.0,1.0,35093,M,4863279.0,-205497.0,35
201800025112,18,11,2,1630,1,2,4,1.0,2.0,35288,M,4864057.0,-201039.0,35
201800025113,18,10,23,2030,3,1,1,1.0,1.0,35241,M,4861359.0,-206223.0,35
201800025114,18,12,27,839,5,2,6,5.0,6.0,35288,M,4864637.0,-198895.0,35
201800025115,18,12,6,1545,1,2,1,1.0,6.0,35288,M,4865030.0,-200458.0,35
201800025116,18,9,18,1810,1,2,2,1.0,3.0,35093,M,4863335.0,-205830.0,35
201800025117,18,10,24,1150,1,2,2,1.0,6.0,35288,M,4865577.0,-200437.0,35
201800025118,18,11,2,1825,5,2,3,1.0,1.0,35093,M,4863021.0,-207061.0,35
201800025119,18,1,20,2010,5,2,6,1.0,3.0,36044,M,4681670.0,168450.0,36
201800025120,18,12,6,450,5,2,2,1.0,3.0,36044,M,4680233.0,171848.0,36
201800025121,18,1,17,1821,5,1,6,1.0,2.0,36063,M,4685170.0,170172.0,36
201800025122,18,2,3,1218,1,2,1,1.0,7.0,36159,M,4679440.0,173339.0,36
201800025123,18,2,5,1837,5,2,1,1.0,7.0,36044,M,4682030.0,169700.0,36
201800025124,18,12,6,456,5,2,2,1.0,3.0,36044,M,4680230.0,171848.0,36
201800025125,18,3,28,1214,1,2,1,1.0,6.0,36044,M,4679690.0,169209.0,36
201800025126,18,2,18,1027,1,2,2,1.0,3.0,36044,M,4680431.0,169191.0,36
201800025127,18,2,24,1010,1,2,1,1.0,6.0,36063,M,4682610.0,170092.0,36
201800025128,18,3,8,2100,3,2,1,2.0,6.0,36202,M,4682050.0,166756.0,36
201800025129,18,3,12,904,1,2,2,1.0,3.0,36044,M,4680720.0,168360.0,36
201800025130,18,3,14,1054,1,2,1,1.0,6.0,36202,M,4680200.0,163121.0,36
201800025131,18,1,31,1955,5,2,1,3.0,6.0,36044,M,4681230.0,169769.0,36
201800025132,18,3,28,1257,1,2,2,1.0,3.0,36044,M,4680070.0,171624.0,36
201800025133,18,3,18,1930,1,1,1,1.0,2.0,36063,M,4686940.0,166161.0,36
201800025134,18,3,28,1714,1,2,1,1.0,2.0,36044,M,4681010.0,170222.0,36
201800025135,18,3,30,751,5,2,1,1.0,7.0,36044,M,4679720.0,170974.0,36
201800025136,18,4,2,1653,1,2,2,1.0,3.0,36044,M,4680427.0,169176.0,36
201800025137,18,4,10,1227,1,1,1,1.0,4.0,36159,M,4676290.0,167663.0,36
201800025138,18,4,3,1857,2,2,1,1.0,1.0,36044,M,4680880.0,169520.0,36
201800025139,18,4,27,540,5,2,1,1.0,2.0,36044,M,4682050.0,169735.0,36
201800025140,18,4,10,1405,1,2,1,1.0,2.0,36044,M,4681120.0,168220.0,36
201800025141,18,4,12,2123,5,2,1,1.0,3.0,36044,M,4680400.0,167361.0,36
201800025142,18,5,5,1834,1,2,9,1.0,3.0,36202,M,4677630.0,164871.0,36
201800025143,18,5,25,1501,1,1,6,1.0,3.0,36202,M,4677570.0,164841.0,36
201800025144,18,5,25,1921,1,2,1,1.0,6.0,36044,M,4681980.0,170365.0,36
201800025145,18,6,3,1731,1,2,1,1.0,6.0,36044,M,4682210.0,169762.0,36
201800025146,18,6,17,1917,1,1,1,1.0,7.0,36063,M,4681980.0,172780.0,36
201800025147,18,6,16,2050,1,1,6,1.0,6.0,36159,M,4676220.0,167846.0,36
201800025148,18,6,27,1013,1,2,1,7.0,4.0,36202,M,4677410.0,165147.0,36
201800025149,18,7,4,1845,1,1,6,2.0,6.0,36063,M,4684550.0,170895.0,36
201800025150,18,7,5,2120,1,2,1,1.0,6.0,36044,M,4680620.0,169593.0,36
201800025151,18,8,12,758,1,2,1,1.0,7.0,36044,M,4680325.0,166507.0,36
201800025152,18,8,20,930,1,2,1,1.0,6.0,36044,M,4680407.0,171080.0,36
201800025153,18,3,26,1725,1,2,3,1.0,3.0,36044,M,4681268.0,168492.0,36
201800025154,18,9,2,905,1,2,1,1.0,3.0,36044,M,4678931.0,169116.0,36
201800025155,18,9,1,630,2,2,1,1.0,6.0,36044,M,4678860.0,169023.0,36
201800025156,18,9,18,1536,1,1,1,1.0,6.0,36159,M,4674769.0,167369.0,36
201800025157,18,3,9,615,3,1,1,1.0,7.0,36159,M,4671640.0,176962.0,36
201800025158,18,3,20,1600,1,2,6,1.0,3.0,36044,M,4681681.0,168453.0,36
201800025159,18,9,11,850,1,2,1,1.0,6.0,36044,M,4681226.0,169855.0,36
201800025160,18,9,14,1350,1,2,2,1.0,3.0,36044,M,4681074.0,171323.0,36
201800025161,18,9,15,1042,1,1,6,1.0,2.0,36063,M,4682040.0,173601.0,36
201800025162,18,9,28,726,5,2,3,1.0,3.0,36044,M,4680440.0,168303.0,36
201800025163,18,10,17,1145,1,2,6,7.0,3.0,36159,M,4675870.0,172120.0,36
201800025164,18,10,5,2144,3,2,1,1.0,3.0,36044,M,4681960.0,167203.0,36
201800025165,18,11,2,507,5,2,6,1.0,6.0,36159,M,4678740.0,175000.0,36
201800025166,18,11,2,1928,5,2,1,1.0,6.0,36044,M,4680170.0,168705.0,36
201800025167,18,11,9,741,2,2,1,1.0,6.0,36044,M,4680300.0,171944.0,36
201800025168,18,11,29,604,5,2,1,1.0,6.0,36044,M,4679670.0,171571.0,36
201800025169,18,11,29,1743,5,2,2,1.0,3.0,36044,M,4679940.0,171449.0,36
201800025170,18,12,5,119,4,2,1,1.0,6.0,36044,M,4680130.0,169687.0,36
201800025171,18,12,10,947,1,2,3,1.0,2.0,36044,M,4679909.0,170442.0,36
201800025172,18,12,15,1247,1,2,1,1.0,6.0,36044,M,4680570.0,168332.0,36
201800025173,18,12,15,2050,5,2,1,9.0,6.0,36044,M,4681790.0,169721.0,36
201800025174,18,12,26,1458,1,2,1,1.0,6.0,36044,M,4681356.0,169109.0,36
201800025175,18,11,17,915,1,1,6,1.0,6.0,36063,M,4684550.0,170874.0,36
201800025176,18,1,2,1935,3,2,1,2.0,2.0,37122,M,4736700.0,65300.0,37
201800025177,18,1,2,1935,3,1,1,2.0,4.0,37122,M,4736700.0,65300.0,37
201800025178,18,1,4,1605,1,2,9,3.0,6.0,37122,M,4734816.0,64882.0,37
201800025179,18,1,5,750,1,2,2,1.0,3.0,37122,M,4733046.0,63704.0,37
201800025180,18,1,5,1635,1,2,6,1.0,3.0,37261,M,4742678.0,70804.0,37
201800025181,18,1,5,1830,5,2,1,1.0,6.0,37261,M,4739560.0,69309.0,37
201800025182,18,1,6,5,5,2,6,1.0,7.0,37214,M,4741710.0,66634.0,37
201800025183,18,1,9,750,5,2,1,5.0,6.0,37261,M,4741691.0,70203.0,37
201800025184,18,1,9,1835,5,2,1,2.0,2.0,37261,M,4736800.0,71100.0,37
201800025185,18,1,10,1630,1,2,2,1.0,3.0,37261,M,4739218.0,70052.0,37
201800025186,18,1,11,1,3,2,1,1.0,6.0,37261,M,4736982.0,65476.0,37
201800025187,18,1,11,830,1,2,3,1.0,3.0,37261,M,4738498.0,70693.0,37
201800025188,18,1,12,600,5,2,6,1.0,3.0,37233,M,4739200.0,72500.0,37
201800025189,18,1,12,1455,1,2,1,1.0,6.0,37261,M,4739520.0,69972.0,37
201800025190,18,1,13,1327,1,2,1,1.0,3.0,37261,M,4740791.0,68147.0,37
201800025191,18,1,13,1510,1,2,3,1.0,4.0,37122,M,4734114.0,66388.0,37
201800025192,18,1,15,745,5,2,1,1.0,7.0,37261,M,4741845.0,68156.0,37
201800025193,18,1,17,2255,5,2,2,2.0,3.0,37214,M,4741301.0,66719.0,37
201800025194,18,1,18,2105,5,2,1,2.0,3.0,37195,M,4738608.0,66598.0,37
201800025195,18,1,8,1600,1,2,1,1.0,7.0,37261,M,4740443.0,70270.0,37
201800025196,18,1,19,1155,1,2,1,1.0,3.0,37214,M,4742000.0,67100.0,37
201800025197,18,1,19,2245,5,2,1,1.0,1.0,37261,M,4741444.0,68751.0,37
201800025198,18,1,20,535,5,2,2,2.0,2.0,37214,M,4741137.0,67597.0,37
201800025199,18,1,20,1350,1,2,1,2.0,7.0,37233,M,4738100.0,71900.0,37
201800025200,18,1,20,2000,3,2,1,2.0,4.0,37122,M,4734400.0,63000.0,37
201800025201,18,1,21,1515,1,1,1,8.0,1.0,37208,M,4733834.0,73920.0,37
201800025202,18,1,21,1700,1,2,1,2.0,7.0,37261,M,4740424.0,72386.0,37
201800025203,18,1,21,2055,5,2,1,1.0,6.0,37261,M,4737881.0,66914.0,37
201800025204,18,1,22,900,1,2,1,2.0,6.0,37261,M,4739023.0,69420.0,37
201800025205,18,1,22,905,1,2,1,3.0,3.0,37261,M,4742962.0,67286.0,37
201800025206,18,1,20,1055,1,2,1,2.0,7.0,37233,M,4738121.0,71257.0,37
201800025207,18,1,22,1745,5,2,1,1.0,6.0,37261,M,4742442.0,69742.0,37
201800025208,18,1,22,2000,5,2,2,1.0,3.0,37261,M,4739706.0,69941.0,37
201800025209,18,1,24,1215,1,2,1,1.0,6.0,37261,M,4741000.0,68400.0,37
201800025210,18,1,24,1450,1,2,1,1.0,7.0,37261,M,4738223.0,69212.0,37
201800025211,18,1,24,1905,5,2,1,1.0,2.0,37261,M,4738114.0,70221.0,37
201800025212,18,1,25,1800,5,2,1,2.0,7.0,37261,M,4743195.0,69761.0,37
201800025213,18,1,26,830,1,2,1,1.0,3.0,37261,M,4741130.0,69116.0,37
201800025214,18,1,26,800,1,2,2,1.0,3.0,37261,M,4742287.0,68573.0,37
201800025215,18,1,26,2040,3,2,1,1.0,7.0,37122,M,4735400.0,64600.0,37
201800025216,18,1,27,555,5,2,1,1.0,6.0,37261,M,4736562.0,71217.0,37
201800025217,18,1,26,1225,1,2,1,1.0,7.0,37261,M,4738865.0,69062.0,37
201800025218,18,1,27,1255,1,2,1,8.0,3.0,37233,M,4738900.0,71300.0,37
201800025219,18,1,29,830,1,2,1,1.0,6.0,37122,M,,,37
201800025220,18,1,30,1015,1,2,1,1.0,2.0,37122,M,4732800.0,66300.0,37
201800025221,18,1,31,1400,1,2,1,2.0,3.0,37261,M,4738124.0,70222.0,37
201800025222,18,2,1,640,4,2,3,1.0,1.0,37261,M,4740828.0,70853.0,37
201800025223,18,1,29,1530,1,2,1,2.0,7.0,37233,M,4739164.0,72241.0,37
201800025224,18,2,1,1830,5,2,1,1.0,6.0,37261,M,4737900.0,67700.0,37
201800025225,18,2,5,1150,1,2,3,1.0,2.0,37261,M,4734141.0,70056.0,37
201800025226,18,2,8,815,1,2,9,1.0,2.0,37261,M,4736716.0,65482.0,37
201800025227,18,2,6,1655,1,2,2,1.0,3.0,37261,M,4738533.0,67246.0,37
201800025228,18,2,9,1300,1,2,1,4.0,6.0,37122,M,4733826.0,63443.0,37
201800025229,18,2,10,1130,1,2,1,1.0,2.0,37261,M,4739000.0,70733.0,37
201800025230,18,2,10,1555,1,2,1,1.0,3.0,37233,M,4737841.0,71928.0,37
201800025231,18,2,12,800,1,2,1,1.0,6.0,37261,M,4737800.0,68700.0,37
201800025232,18,2,13,845,1,2,1,1.0,4.0,37195,M,4738051.0,66133.0,37
201800025233,18,2,13,1345,1,1,1,4.0,7.0,37122,M,4737100.0,67100.0,37
201800025234,18,2,14,810,1,2,2,9.0,7.0,37261,M,4738586.0,68396.0,37
201800025235,18,2,15,820,1,2,1,2.0,7.0,37261,M,4740453.0,72370.0,37
201800025236,18,2,16,950,1,2,1,1.0,3.0,37261,M,4738879.0,67980.0,37
201800025237,18,2,13,1436,1,2,7,4.0,6.0,37122,M,4735195.0,66223.0,37
201800025238,18,2,18,2025,5,2,1,1.0,1.0,37261,M,4741189.0,68460.0,37
201800025239,18,2,20,1600,1,1,1,2.0,3.0,37122,M,4734427.0,64619.0,37
201800025240,18,2,22,1545,1,2,1,1.0,2.0,37214,M,4741121.0,67628.0,37
201800025241,18,2,22,2040,5,2,2,1.0,3.0,37261,M,4738533.0,67237.0,37
201800025242,18,2,24,2310,5,2,1,1.0,7.0,37261,M,4739750.0,69911.0,37
201800025243,18,2,28,1500,1,2,2,1.0,3.0,37261,M,4742807.0,67259.0,37
201800025244,18,2,21,1235,1,2,1,1.0,7.0,37261,M,,,37
201800025245,18,3,3,1420,1,2,2,2.0,2.0,37233,M,4738544.0,71198.0,37
201800025246,18,3,3,1800,1,2,2,2.0,3.0,37208,M,4736527.0,71476.0,37
201800025247,18,3,4,400,5,2,1,1.0,6.0,37261,M,4739884.0,68533.0,37
201800025248,18,3,5,1550,1,2,1,1.0,6.0,37261,M,4738973.0,68934.0,37
201800025249,18,3,7,800,1,2,1,1.0,7.0,37195,M,4737702.0,65440.0,37
201800025250,18,3,8,840,1,2,1,1.0,6.0,37214,M,4743099.0,66746.0,37
201800025251,18,3,9,520,5,2,9,1.0,7.0,37122,M,4736737.0,65476.0,37
201800025252,18,3,10,1100,1,1,1,1.0,3.0,37122,M,4733336.0,67250.0,37
201800025253,18,3,10,1420,1,2,1,1.0,2.0,37261,M,4737410.0,69554.0,37
201800025254,18,3,12,1325,1,2,6,1.0,4.0,37261,M,,,37
201800025255,18,3,6,1825,1,2,1,1.0,6.0,37261,M,4738765.0,69332.0,37
201800025256,18,3,13,1200,1,2,1,1.0,6.0,37261,M,4739400.0,67800.0,37
201800025257,18,3,14,1000,1,2,6,1.0,3.0,37122,M,4736700.0,65200.0,37
201800025258,18,3,15,2100,5,2,6,2.0,6.0,37261,M,4737380.0,67830.0,37
201800025259,18,3,16,745,1,2,6,1.0,3.0,37233,M,4738780.0,72687.0,37
201800025260,18,3,4,2045,3,2,1,1.0,6.0,37261,M,4736529.0,67686.0,37
201800025261,18,3,17,1355,1,2,1,1.0,3.0,37214,M,4739631.0,65625.0,37
201800025262,18,3,17,1705,1,2,1,1.0,3.0,37261,M,4739757.0,900000.0,37
201800025263,18,3,18,800,1,2,1,1.0,3.0,37122,M,4735511.0,69760.0,37
201800025264,18,3,18,2245,5,2,1,1.0,7.0,37261,M,4739061.0,68156.0,37
201800025265,18,3,19,830,1,2,1,1.0,7.0,37195,M,4738400.0,64600.0,37
201800025266,18,3,18,1125,1,2,1,1.0,7.0,37214,M,4742839.0,66033.0,37
201800025267,18,3,20,1450,1,2,1,1.0,7.0,37195,M,4737882.0,62694.0,37
201800025268,18,3,20,1820,1,2,1,7.0,2.0,37122,M,4734969.0,66968.0,37
201800025269,18,3,20,1947,2,2,1,1.0,6.0,37261,M,4739370.0,67265.0,37
201800025270,18,3,21,1435,1,2,1,1.0,3.0,37261,M,4737422.0,70368.0,37
201800025271,18,3,23,2010,5,2,1,2.0,2.0,37122,M,4734867.0,66283.0,37
201800025272,18,3,27,830,1,1,1,3.0,6.0,37122,M,4733792.0,66883.0,37