Num_Acc,an,mois,jour,hrmn,lum,agg,int,atm,col,com,gps,lat,long,dep
201800025273,18,3,28,725,2,2,1,2.0,7.0,37122,M,4731196.0,64814.0,37
201800025274,18,3,28,1205,1,2,3,2.0,3.0,37122,M,4734356.0,66383.0,37
201800025275,18,3,28,1345,1,2,2,1.0,3.0,37261,M,4737400.0,68700.0,37
201800025276,18,3,29,1230,1,2,1,1.0,2.0,37214,M,4739614.0,65868.0,37
201800025277,18,3,29,1215,1,2,1,1.0,6.0,37261,M,4785500.0,69481.0,37
201800025278,18,3,31,1225,1,2,7,1.0,6.0,37233,M,4739200.0,72300.0,37
201800025279,18,3,31,1845,1,2,1,1.0,6.0,37233,M,4739483.0,71871.0,37
201800025280,18,3,31,400,3,2,1,2.0,6.0,37122,M,4734955.0,67182.0,37
201800025281,18,4,1,1745,1,2,1,1.0,6.0,37261,M,4738053.0,67293.0,37
201800025282,18,4,3,240,5,2,2,1.0,6.0,37261,M,4738539.0,67239.0,37
201800025283,18,4,3,810,1,2,1,1.0,4.0,37208,M,4736388.0,71916.0,37
201800025284,18,4,3,1735,1,2,1,8.0,7.0,37208,M,4735914.0,75750.0,37
201800025285,18,4,4,1255,1,2,3,1.0,5.0,37261,M,4736517.0,68370.0,37
201800025286,18,4,6,1055,1,2,1,1.0,6.0,37261,M,4739200.0,68300.0,37
201800025287,18,4,6,1600,1,2,3,1.0,3.0,37122,M,4735571.0,69898.0,37
201800025288,18,4,7,1700,1,2,1,1.0,6.0,37261,M,4736674.0,67833.0,37
201800025289,18,4,8,1045,1,2,1,1.0,6.0,37261,M,4741492.0,69529.0,37
201800025290,18,4,11,1750,1,2,1,1.0,1.0,37261,M,4736308.0,67424.0,37
201800025291,18,4,12,1000,1,2,6,1.0,2.0,37261,M,4738121.0,70664.0,37
201800025292,18,4,13,1700,1,2,1,1.0,6.0,37208,M,4735949.0,74386.0,37
201800025293,18,4,13,1835,1,2,1,1.0,6.0,37261,M,4738430.0,68490.0,37
201800025294,18,4,13,2005,1,1,1,1.0,7.0,37261,M,4737310.0,65300.0,37
201800025295,18,4,16,1430,1,2,1,1.0,6.0,37261,M,4738056.0,66824.0,37
201800025296,18,4,16,1545,1,2,1,1.0,6.0,37261,M,4740692.0,68124.0,37
201800025297,18,3,18,1220,1,2,1,2.0,7.0,37261,M,4737372.0,67920.0,37
201800025298,18,4,17,1110,1,2,1,1.0,6.0,37261,M,4738943.0,68917.0,37
201800025299,18,4,16,1845,1,2,3,1.0,2.0,37261,M,4736420.0,70330.0,37
201800025300,18,4,18,745,1,2,9,1.0,7.0,37195,M,4738492.0,64218.0,37
201800025301,18,4,18,2345,5,2,1,1.0,7.0,37261,M,4739508.0,67301.0,37
201800025302,18,4,19,823,1,2,1,1.0,1.0,37122,M,4734300.0,66200.0,37
201800025303,18,4,19,900,1,1,1,1.0,4.0,37122,M,4734000.0,66300.0,37
201800025304,18,4,19,1830,1,2,1,1.0,6.0,37122,M,4735639.0,66066.0,37
201800025305,18,4,20,805,1,2,1,1.0,6.0,37214,M,4739610.0,65821.0,37
201800025306,18,4,20,845,1,2,1,1.0,6.0,37261,M,4741246.0,70103.0,37
201800025307,18,4,20,1400,1,2,1,7.0,6.0,37261,M,4742996.0,70471.0,37
201800025308,18,4,20,1500,1,2,9,1.0,6.0,37261,M,4738400.0,69500.0,37
201800025309,18,4,22,2000,1,2,3,1.0,3.0,37261,M,4738029.0,69872.0,37
201800025310,18,4,23,800,1,2,1,1.0,6.0,37261,M,4740178.0,71705.0,37
201800025311,18,4,24,1625,1,2,2,1.0,1.0,37208,M,4735642.0,73181.0,37
201800025312,18,4,25,1225,1,2,1,2.0,1.0,37261,M,4739400.0,69200.0,37
201800025313,18,3,30,1910,1,2,1,1.0,3.0,37261,M,4742053.0,68627.0,37
201800025314,18,4,28,1350,1,2,1,1.0,6.0,37261,M,4737428.0,72075.0,37
201800025315,18,4,29,1400,1,2,1,1.0,7.0,37261,M,4742394.0,68162.0,37
201800025316,18,5,1,35,3,2,4,1.0,7.0,37195,M,4737889.0,62317.0,37
201800025317,18,5,1,1925,1,2,1,1.0,6.0,37261,M,4737534.0,69497.0,37
201800025318,18,5,2,1039,1,2,6,1.0,6.0,37122,M,4734587.0,64445.0,37
201800025319,18,5,4,1415,1,2,3,1.0,2.0,37122,M,4735935.0,69768.0,37
201800025320,18,5,4,1735,1,2,3,1.0,6.0,37261,M,4742479.0,69732.0,37
201800025321,18,5,5,2325,5,2,2,1.0,3.0,37261,M,4743545.0,69317.0,37
201800025322,18,5,6,1755,1,2,2,1.0,3.0,37233,M,4739681.0,73849.0,37
201800025323,18,5,6,2105,2,2,1,1.0,3.0,37233,M,4737948.0,72313.0,37
201800025324,18,5,7,1740,1,2,1,1.0,3.0,37122,M,4736735.0,65410.0,37
201800025325,18,5,8,125,5,2,1,1.0,1.0,37122,M,4734680.0,66212.0,37
201800025326,18,5,8,1315,1,2,2,1.0,3.0,37261,M,4739100.0,67300.0,37
201800025327,18,5,9,1225,1,2,1,1.0,2.0,37261,M,4738998.0,69436.0,37
201800025328,18,5,10,2040,1,2,1,1.0,7.0,37233,M,4738076.0,73213.0,37
201800025329,18,5,12,515,3,2,1,1.0,7.0,37195,M,4737400.0,64700.0,37
201800025330,18,5,12,750,1,2,6,8.0,3.0,37261,M,4739471.0,70430.0,37
201800025331,18,5,13,1145,1,2,6,1.0,6.0,37261,M,4737363.0,67906.0,37
201800025332,18,5,13,1430,1,2,1,1.0,2.0,37261,M,4737688.0,71397.0,37
201800025333,18,5,14,1945,1,2,2,1.0,3.0,37261,M,,,37
201800025334,18,5,14,2310,5,2,4,1.0,6.0,37122,M,4734611.0,64541.0,37
201800025335,18,5,14,1820,1,2,1,1.0,2.0,37261,M,4739468.0,70444.0,37
201800025336,18,5,17,855,1,2,1,1.0,6.0,37233,M,4739671.0,73015.0,37
201800025337,18,5,17,2040,1,2,3,1.0,6.0,37122,M,4735500.0,65907.0,37
201800025338,18,5,18,830,1,2,1,7.0,2.0,37214,M,4743091.0,66739.0,37
201800025339,18,5,18,1615,1,2,1,1.0,6.0,37261,M,4738128.0,69709.0,37
201800025340,18,5,18,1740,1,2,1,1.0,7.0,37208,M,4735743.0,73537.0,37
201800025341,18,5,19,1718,1,2,1,1.0,4.0,37122,M,4734867.0,66552.0,37
201800025342,18,5,19,1955,1,2,1,1.0,7.0,37122,M,4736197.0,67354.0,37
201800025343,18,5,20,450,5,2,1,1.0,6.0,37261,M,4738087.0,67950.0,37
201800025344,18,5,22,1500,1,2,1,2.0,1.0,37122,M,4733139.0,66424.0,37
201800025345,18,5,22,1750,1,2,1,1.0,7.0,37261,M,4740071.0,68220.0,37
201800025346,18,5,22,1546,1,2,1,2.0,2.0,37122,M,4735327.0,69134.0,37
201800025347,18,5,23,1610,1,2,6,1.0,2.0,37261,M,4737810.0,71521.0,37
201800025348,18,5,25,1246,1,2,1,1.0,7.0,37214,M,4741880.0,66530.0,37
201800025349,18,5,25,1555,1,2,1,2.0,6.0,37233,M,4740026.0,72274.0,37
201800025350,18,5,26,1040,1,2,1,1.0,6.0,37261,M,4738991.0,68758.0,37
201800025351,18,5,26,1300,1,2,1,1.0,2.0,37261,M,4738944.0,69504.0,37
201800025352,18,5,27,348,5,2,3,1.0,5.0,37261,M,4738456.0,67682.0,37
201800025353,18,5,28,1820,1,2,1,2.0,6.0,37122,M,4735526.0,66472.0,37
201800025354,18,5,28,1700,1,2,1,1.0,6.0,37261,M,4735953.0,69675.0,37
201800025355,18,5,29,1645,1,2,1,1.0,6.0,37261,M,4741127.0,69174.0,37
201800025356,18,5,29,1750,1,2,3,1.0,6.0,37261,M,4737428.0,72101.0,37
201800025357,18,5,29,2036,1,2,4,1.0,3.0,37233,M,4738631.0,72818.0,37
201800025358,18,5,31,759,1,2,1,1.0,1.0,37261,M,4739700.0,69200.0,37
201800025359,18,5,31,954,1,2,3,1.0,3.0,37261,M,4741200.0,69200.0,37
201800025360,18,5,31,1745,1,2,1,1.0,7.0,37122,M,4736001.0,69054.0,37
201800025361,18,6,1,1630,1,2,1,1.0,4.0,37261,M,4739900.0,67400.0,37
201800025362,18,6,4,1220,1,2,1,1.0,2.0,37261,M,4743729.0,69870.0,37
201800025363,18,6,4,1420,1,2,3,1.0,6.0,37261,M,4738946.0,68440.0,37
201800025364,18,6,4,1750,1,2,3,1.0,7.0,37261,M,4737415.0,67559.0,37
201800025365,18,6,5,1820,1,2,1,1.0,6.0,37261,M,4739118.0,66846.0,37
201800025366,18,6,5,425,5,2,1,1.0,7.0,37261,M,4740436.0,68326.0,37
201800025367,18,6,6,635,1,2,1,1.0,6.0,37261,M,4738264.0,66842.0,37
201800025368,18,6,6,1200,1,2,3,2.0,2.0,37261,M,4737685.0,71340.0,37
201800025369,18,6,6,1520,1,2,1,2.0,7.0,37233,M,4737784.0,71741.0,37
201800025370,18,6,6,2035,1,2,1,1.0,7.0,37261,M,4741345.0,68617.0,37
201800025371,18,6,8,1500,1,2,1,1.0,7.0,37233,M,4739103.0,73037.0,37
201800025372,18,6,9,1915,1,2,1,8.0,6.0,37214,M,4741698.0,67746.0,37
201800025373,18,6,10,1100,1,2,1,1.0,6.0,37261,M,4737549.0,70881.0,37
201800025374,18,6,9,1945,1,2,1,2.0,7.0,37261,M,4739001.0,68665.0,37
201800025375,18,6,10,2010,1,2,1,8.0,7.0,37261,M,4739236.0,70107.0,37
201800025376,18,6,11,700,1,2,3,3.0,6.0,37261,M,4737942.0,69139.0,37
201800025377,18,6,11,1925,1,2,1,1.0,1.0,37122,M,4735324.0,66562.0,37
201800025378,18,6,12,1545,1,1,9,2.0,2.0,37122,M,4737763.0,65089.0,37
201800025379,18,6,12,1630,1,2,1,1.0,3.0,37261,M,4739480.0,70457.0,37
201800025380,18,6,13,840,1,2,1,1.0,2.0,37261,M,4737955.0,68242.0,37
201800025381,18,6,14,750,1,2,3,1.0,3.0,37261,M,4742001.0,68411.0,37
201800025382,18,6,14,850,1,2,4,1.0,3.0,37261,M,4743547.0,69316.0,37
201800025383,18,6,12,1840,1,2,1,1.0,2.0,37122,M,4734810.0,65834.0,37
201800025384,18,6,15,822,1,2,3,2.0,3.0,37261,M,4737676.0,67536.0,37
201800025385,18,6,15,1200,1,2,1,1.0,7.0,37208,M,4733871.0,73932.0,37
201800025386,18,6,15,1600,1,2,2,1.0,3.0,37214,M,4741035.0,67994.0,37
201800025387,18,6,16,1025,1,2,3,1.0,3.0,37261,M,4739646.0,70387.0,37
201800025388,18,6,16,2345,5,2,3,1.0,3.0,37261,M,4737414.0,70067.0,37
201800025389,18,6,17,1815,1,2,3,1.0,3.0,37122,M,4734501.0,66517.0,37
201800025390,18,6,18,2105,1,2,2,1.0,3.0,37261,M,4738633.0,68401.0,37
201800025391,18,6,19,1150,1,2,1,1.0,6.0,37261,M,4739618.0,69230.0,37
201800025392,18,6,20,905,1,2,1,1.0,3.0,37233,M,4738718.0,72576.0,37
201800025393,18,6,20,2230,5,2,3,1.0,3.0,37233,M,4739672.0,72661.0,37
201800025394,18,6,21,808,1,2,1,1.0,2.0,37261,M,4741885.0,70504.0,37
201800025395,18,6,21,910,1,2,1,1.0,1.0,37122,M,4735697.0,65598.0,37
201800025396,18,6,21,1639,1,2,3,1.0,6.0,37261,M,4743365.0,70062.0,37
201800025397,18,6,21,1805,1,2,3,1.0,3.0,37261,M,4740727.0,68504.0,37
201800025398,18,6,21,2145,2,2,2,1.0,3.0,37122,M,4734876.0,66326.0,37
201800025399,18,6,22,540,1,2,1,1.0,4.0,37261,M,4738721.0,64840.0,37
201800025400,18,6,23,625,2,2,1,1.0,7.0,37122,M,4235153.0,64535.0,37
201800025401,18,6,23,115,3,2,1,1.0,7.0,37208,M,4733877.0,73960.0,37
201800025402,18,6,25,730,1,2,1,1.0,1.0,37122,M,4735947.0,66310.0,37
201800025403,18,6,26,1525,1,2,1,1.0,6.0,37261,M,4738320.0,668120.0,37
201800025404,18,6,27,810,1,2,1,1.0,3.0,37233,M,4738000.0,75000.0,37
201800025405,18,6,27,840,1,2,1,1.0,3.0,37261,M,4738000.0,68000.0,37
201800025406,18,6,27,2040,1,2,1,1.0,6.0,37261,M,4737949.0,69267.0,37
201800025407,18,6,29,1800,1,2,1,1.0,2.0,37261,M,4740000.0,68100.0,37
201800025408,18,6,29,1830,1,2,1,1.0,2.0,37261,M,4740000.0,70700.0,37
201800025409,18,6,29,1220,1,2,1,1.0,3.0,37214,M,4741300.0,67000.0,37
201800025410,18,7,4,1520,1,2,1,1.0,6.0,37122,M,4735327.0,66576.0,37
201800025411,18,7,4,1700,1,2,1,1.0,1.0,37261,M,4740180.0,68932.0,37
201800025412,18,7,5,1645,1,2,1,1.0,6.0,37261,M,4737644.0,68136.0,37
201800025413,18,7,5,1725,1,2,1,1.0,6.0,37261,M,4738166.0,67049.0,37
201800025414,18,7,6,1445,1,2,1,1.0,4.0,37261,M,4737416.0,69610.0,37
201800025415,18,7,7,1901,1,2,1,1.0,3.0,37261,M,4738300.0,69600.0,37
201800025416,18,7,8,1115,1,2,1,1.0,3.0,37214,M,4742940.0,66356.0,37
201800025417,18,7,8,50,5,2,6,1.0,2.0,37233,M,4739208.0,72552.0,37
201800025418,18,7,8,439,5,2,1,1.0,7.0,37122,M,4735494.0,66647.0,37
201800025419,18,7,9,810,1,2,1,1.0,6.0,37122,M,4734809.0,65793.0,37
201800025420,18,7,9,1910,1,2,1,1.0,4.0,37122,M,4735338.0,69151.0,37
201800025421,18,7,10,930,1,2,1,1.0,2.0,37261,M,4739322.0,67211.0,37
201800025422,18,7,10,1145,1,2,1,1.0,3.0,37261,M,4736309.0,69733.0,37
201800025423,18,7,10,1340,1,2,1,1.0,6.0,37233,M,4737764.0,71435.0,37
201800025424,18,7,11,1500,1,2,1,1.0,2.0,37261,M,4739045.0,68626.0,37
201800025425,18,7,12,925,1,1,1,1.0,4.0,37122,M,4733100.0,67400.0,37
201800025426,18,7,12,1830,1,2,1,1.0,2.0,37261,M,4737425.0,70171.0,37
201800025427,18,7,13,1150,1,2,1,1.0,4.0,37261,M,4740285.0,69687.0,37
201800025428,18,7,14,1734,1,2,1,1.0,3.0,37214,M,4741600.0,66600.0,37
201800025429,18,7,15,1130,1,2,1,1.0,3.0,37122,M,4735187.0,66313.0,37
201800025430,18,7,15,1940,1,2,1,1.0,2.0,37261,M,4737488.0,67897.0,37
201800025431,18,7,16,1800,1,2,3,1.0,3.0,37261,M,4741181.0,68470.0,37
201800025432,18,7,15,2315,5,2,3,1.0,3.0,37261,M,4739710.0,68862.0,37
201800025433,18,7,17,640,1,2,1,1.0,7.0,37233,M,4739400.0,73800.0,37
201800025434,18,7,17,1003,1,2,1,1.0,2.0,37233,M,4739600.0,70000.0,37
201800025435,18,7,18,932,1,2,6,1.0,3.0,37261,M,4740900.0,70700.0,37
201800025436,18,7,19,1543,1,2,1,1.0,3.0,37214,M,4741300.0,67000.0,37
201800025437,18,7,19,1220,1,2,2,1.0,3.0,37261,M,4738762.0,70207.0,37
201800025438,18,7,20,625,1,2,1,1.0,7.0,37122,M,4735084.0,67825.0,37
201800025439,18,7,20,1805,1,2,1,1.0,6.0,37261,M,4737900.0,69300.0,37
201800025440,18,7,20,1748,1,2,3,1.0,3.0,37261,M,4738500.0,70200.0,37
201800025441,18,7,20,2030,1,2,1,1.0,3.0,37261,M,4741800.0,68100.0,37
201800025442,18,7,21,1700,1,2,1,1.0,4.0,37261,M,4739565.0,67885.0,37
201800025443,18,7,28,915,1,1,1,2.0,3.0,37122,M,4730575.0,64997.0,37
201800025444,18,7,29,1335,1,2,2,1.0,3.0,37122,M,4734752.0,68287.0,37
201800025445,18,8,2,555,1,2,1,1.0,3.0,37261,M,4737694.0,71378.0,37
201800025446,18,8,3,2150,2,2,1,1.0,3.0,37195,M,4737575.0,65187.0,37
201800025447,18,8,4,120,3,2,3,1.0,3.0,37195,M,4737619.0,65242.0,37
201800025448,18,8,5,756,1,2,1,1.0,3.0,37261,M,4738300.0,68750.0,37
201800025449,18,8,6,845,1,2,1,1.0,2.0,37214,M,4743105.0,66790.0,37
201800025450,18,8,6,1410,1,2,1,1.0,7.0,37208,M,4735200.0,72300.0,37
201800025451,18,8,6,1515,1,2,2,1.0,3.0,37261,M,4738404.0,69131.0,37
201800025452,18,8,7,825,1,2,1,1.0,6.0,37214,M,4740627.0,67202.0,37
201800025453,18,8,7,1938,1,2,2,1.0,3.0,37261,M,4741200.0,70500.0,37
201800025454,18,8,8,830,1,2,1,3.0,7.0,37261,M,4739721.0,70410.0,37
201800025455,18,8,10,1700,1,2,1,1.0,4.0,37261,M,4737702.0,71309.0,37
201800025456,18,8,13,1859,1,2,1,1.0,7.0,37122,M,4735800.0,69700.0,37
201800025457,18,8,15,1920,1,2,3,1.0,3.0,37261,M,4739489.0,68416.0,37
201800025458,18,8,16,845,1,2,1,1.0,7.0,37122,M,4734721.0,64011.0,37
201800025459,18,8,16,2125,5,2,3,8.0,2.0,37261,M,4740225.0,69427.0,37
201800025460,18,8,17,1213,1,2,1,1.0,2.0,37208,M,4736692.0,71726.0,37
201800025461,18,8,17,1710,1,2,1,1.0,6.0,37261,M,4736501.0,67511.0,37
201800025462,18,8,18,1035,1,2,3,1.0,3.0,37261,M,4741862.0,69341.0,37
201800025463,18,8,18,1135,1,2,1,1.0,6.0,37261,M,4739915.0,67550.0,37
201800025464,18,8,20,1550,1,2,9,1.0,3.0,37261,M,4736476.0,67862.0,37
201800025465,18,8,22,1400,1,2,1,1.0,1.0,37233,M,4738800.0,71648.0,37
201800025466,18,8,22,2100,5,2,6,1.0,3.0,37261,M,4736603.0,69815.0,37
201800025467,18,8,21,1225,1,2,1,1.0,3.0,37261,M,4741070.0,68340.0,37
201800025468,18,8,24,1717,1,2,1,1.0,7.0,37261,M,4738000.0,70800.0,37
201800025469,18,8,24,1850,1,2,3,1.0,3.0,37122,M,4736100.0,67200.0,37
201800025470,18,8,24,1035,1,2,1,1.0,3.0,37195,M,4737876.0,62585.0,37
201800025471,18,8,29,1425,1,2,1,1.0,6.0,37261,M,4739060.0,68210.0,37
201800025472,18,8,30,1030,1,2,1,1.0,6.0,37122,M,4734968.0,64034.0,37
201800025473,18,8,31,1736,1,2,9,1.0,3.0,37261,M,4741700.0,69700.0,37
201800025474,18,8,31,2220,5,2,1,1.0,1.0,37261,M,4741583.0,68422.0,37
201800025475,18,9,3,747,1,2,1,1.0,3.0,37261,M,4735700.0,70300.0,37
201800025476,18,9,3,1235,1,2,2,1.0,3.0,37261,M,4738900.0,68400.0,37
201800025477,18,9,5,1443,1,2,1,1.0,6.0,37233,M,4738200.0,72700.0,37
201800025478,18,9,5,1804,1,2,3,1.0,3.0,37261,M,4742500.0,70200.0,37
201800025479,18,9,5,2024,2,2,1,1.0,6.0,37214,M,4741400.0,66900.0,37
201800025480,18,9,7,1650,1,2,1,1.0,2.0,37261,M,4739035.0,69415.0,37
201800025481,18,9,8,159,3,2,1,1.0,2.0,37195,M,4738723.0,64807.0,37
201800025482,18,9,8,1340,1,2,1,1.0,2.0,37122,M,4735513.0,66697.0,37
201800025483,18,9,8,1615,1,2,1,1.0,3.0,37261,M,4739384.0,69300.0,37
201800025484,18,9,8,2030,5,2,3,1.0,2.0,37261,M,4742745.0,69067.0,37
201800025485,18,9,8,255,5,2,1,1.0,3.0,37122,M,4735290.0,68999.0,37
201800025486,18,9,9,155,5,2,1,1.0,2.0,37261,M,4739661.0,68586.0,37
201800025487,18,9,9,1130,1,2,1,1.0,7.0,37122,M,4734500.0,64800.0,37
201800025488,18,9,9,1640,1,2,1,1.0,6.0,37261,M,4737609.0,71121.0,37
201800025489,18,9,10,1010,1,2,1,1.0,6.0,37261,M,4742000.0,68300.0,37
201800025490,18,9,10,1600,1,2,1,1.0,7.0,37233,M,4738114.0,73522.0,37
201800025491,18,9,11,1323,1,2,2,1.0,3.0,37261,M,4739000.0,67100.0,37
201800025492,18,9,11,1950,1,2,1,1.0,3.0,37233,M,4739500.0,70600.0,37
201800025493,18,9,12,1716,1,2,1,1.0,6.0,37122,M,4734216.0,64403.0,37
201800025494,18,9,15,1730,1,2,2,1.0,3.0,37261,M,4738973.0,68419.0,37
201800025495,18,9,17,830,2,2,1,1.0,6.0,37233,M,4739495.0,72393.0,37
201800025496,18,9,17,1734,1,2,9,1.0,2.0,37261,M,4740700.0,68400.0,37
201800025497,18,9,18,1220,1,2,2,1.0,3.0,37261,M,4738228.0,69204.0,37
201800025498,18,9,19,1355,1,2,1,1.0,3.0,37122,M,4734624.0,63935.0,37
201800025499,18,9,19,1205,1,2,1,1.0,6.0,37122,M,4735110.0,66690.0,37
201800025500,18,9,21,734,5,2,3,2.0,3.0,37122,M,4734800.0,66100.0,37
201800025501,18,9,21,1020,1,2,9,8.0,7.0,37208,M,4736500.0,71400.0,37
201800025502,18,9,21,2215,5,2,3,1.0,3.0,37261,M,4738229.0,69226.0,37
201800025503,18,9,22,1315,1,2,3,1.0,3.0,37214,M,4741111.0,67669.0,37
201800025504,18,9,23,1556,1,2,1,2.0,6.0,37261,M,4736400.0,70300.0,37
201800025505,18,9,24,1437,1,2,1,1.0,2.0,37122,M,4734953.0,64598.0,37
201800025506,18,9,24,2134,5,2,2,1.0,3.0,37261,M,4737766.0,70815.0,37
201800025507,18,9,25,540,2,2,1,1.0,1.0,37261,M,4738185.0,71118.0,37
201800025508,18,9,25,1400,1,2,9,1.0,3.0,37261,M,4740573.0,68239.0,37
201800025509,18,9,26,1535,1,2,3,1.0,6.0,37261,M,4739478.0,69265.0,37
201800025510,18,9,26,1415,1,2,3,1.0,6.0,37261,M,4739636.0,68630.0,37
201800025511,18,9,26,1700,1,2,1,1.0,3.0,37214,M,4742736.0,65670.0,37
201800025512,18,9,27,840,1,2,3,1.0,3.0,37208,M,4735400.0,73200.0,37
201800025513,18,9,27,1645,1,2,1,1.0,7.0,37261,M,4737597.0,72290.0,37
201800025514,18,9,28,750,1,2,6,1.0,7.0,37261,M,4741000.0,72200.0,37
201800025515,18,9,28,945,1,2,1,1.0,6.0,37122,M,4735500.0,69700.0,37
201800025516,18,9,28,1200,1,2,1,1.0,6.0,37261,M,4737300.0,70000.0,37
201800025517,18,9,29,315,5,2,1,1.0,7.0,37261,M,4738605.0,68755.0,37
201800025518,18,9,30,1720,1,2,9,1.0,3.0,37261,M,4739700.0,69923.0,37
201800025519,18,9,30,1457,1,2,3,1.0,3.0,37261,M,4739400.0,67400.0,37
201800025520,18,10,1,1855,1,2,8,1.0,6.0,37261,M,4737884.0,71013.0,37
201800025521,18,10,2,1405,1,2,3,1.0,2.0,37214,M,4741317.0,67210.0,37
201800025522,18,10,2,2045,5,2,2,1.0,3.0,37261,M,4739753.0,69941.0,37
201800025523,18,10,4,506,5,2,2,1.0,3.0,37261,M,4739200.0,70000.0,37
201800025524,18,10,5,825,1,2,1,1.0,2.0,37261,M,4737618.0,65267.0,37
201800025525,18,10,5,909,1,2,3,1.0,6.0,37233,M,4739650.0,72831.0,37
201800025526,18,10,6,1100,1,2,1,1.0,7.0,37195,M,4738530.0,65392.0,37
201800025527,18,10,6,2100,5,2,3,1.0,3.0,37261,M,4739218.0,66891.0,37
201800025528,18,10,6,1225,1,2,1,1.0,3.0,37208,M,4736896.0,73014.0,37
201800025529,18,10,8,1600,1,2,3,1.0,3.0,37208,M,4736246.0,71456.0,37
201800025530,18,10,9,839,1,2,3,1.0,3.0,37261,M,4743300.0,67400.0,37
201800025531,18,10,9,1810,1,2,1,1.0,4.0,37214,M,4742739.0,65818.0,37
201800025532,18,10,10,800,1,2,3,1.0,3.0,37208,M,4734500.0,73500.0,37
201800025533,18,10,10,1255,1,2,3,1.0,3.0,37261,M,4736759.0,70059.0,37
201800025534,18,10,10,1630,1,2,1,1.0,4.0,37261,M,4737071.0,69702.0,37
201800025535,18,10,11,915,1,2,6,2.0,7.0,37261,M,4740014.0,67739.0,37
201800025536,18,10,11,840,1,2,3,1.0,3.0,37214,M,4741033.0,66842.0,37
201800025537,18,10,11,930,1,2,1,1.0,7.0,37261,M,4736268.0,68938.0,37
201800025538,18,10,11,1710,1,2,1,1.0,2.0,37122,M,4734000.0,65400.0,37
201800025539,18,10,11,1554,1,1,1,1.0,7.0,37122,M,4733600.0,67000.0,37
201800025540,18,10,11,2030,5,2,6,2.0,3.0,37214,M,4742900.0,64300.0,37
201800025541,18,10,12,1002,1,2,2,1.0,3.0,37261,M,4739119.0,67357.0,37
201800025542,18,10,12,2119,5,2,1,1.0,3.0,37261,M,4739482.0,67762.0,37
201800025543,18,10,13,1840,1,2,1,1.0,6.0,37261,M,4738180.0,70426.0,37
201800025544,18,10,14,505,2,2,1,1.0,6.0,37261,M,4737733.0,69089.0,37
201800025545,18,10,13,1930,3,1,1,1.0,2.0,37122,M,4734063.0,66274.0,37
201800025546,18,10,15,721,5,2,1,1.0,6.0,37261,M,4741200.0,68500.0,37
201800025547,18,10,15,744,5,2,1,8.0,7.0,37261,M,4739900.0,69900.0,37
201800025548,18,10,15,805,1,2,1,1.0,6.0,37261,M,4741800.0,70200.0,37
201800025549,18,10,16,1355,1,2,9,1.0,7.0,37261,M,4738300.0,69632.0,37
201800025550,18,10,16,1330,1,1,1,1.0,2.0,37122,M,4731002.0,65329.0,37
201800025551,18,10,16,1445,1,2,1,1.0,7.0,37261,M,4743769.0,71123.0,37
201800025552,18,10,16,1840,1,2,1,1.0,6.0,37261,M,4741878.0,68328.0,37
201800025553,18,10,17,850,1,2,1,1.0,3.0,37208,M,4736583.0,71630.0,37
201800025554,18,10,17,1542,1,2,1,1.0,4.0,37122,M,4735200.0,66500.0,37
201800025555,18,10,17,1841,1,2,1,1.0,3.0,37261,M,4737400.0,70000.0,37
201800025556,18,10,18,730,5,2,3,1.0,2.0,37233,M,4739467.0,72699.0,37
201800025557,18,10,18,825,1,2,2,1.0,6.0,37214,M,4741299.0,66741.0,37
201800025558,18,10,18,840,1,2,3,1.0,3.0,37261,M,4740743.0,70568.0,37
201800025559,18,10,18,1832,1,2,1,1.0,3.0,37261,M,4737400.0,70100.0,37
201800025560,18,10,19,2215,5,2,3,1.0,3.0,37261,M,4739003.0,68640.0,37
201800025561,18,10,19,2350,5,2,1,1.0,6.0,37261,M,4739559.0,67894.0,37
201800025562,18,10,20,1910,2,2,9,1.0,3.0,37261,M,4738603.0,68781.0,37
201800025563,18,10,20,1145,1,2,2,1.0,3.0,37261,M,4739316.0,70415.0,37
201800025564,18,10,20,1205,1,2,1,1.0,4.0,37261,M,4739733.0,68956.0,37
201800025565,18,10,21,1755,1,2,1,7.0,6.0,37261,M,4736732.0,69822.0,37
201800025566,18,10,22,1425,1,2,1,1.0,6.0,37261,M,4738805.0,69697.0,37
201800025567,18,10,22,1340,1,2,1,1.0,2.0,37261,M,4736828.0,70675.0,37
201800025568,18,10,22,2100,5,2,1,1.0,1.0,37261,M,4739346.0,68288.0,37
201800025569,18,10,23,1145,1,1,1,1.0,3.0,37122,M,4733879.0,66795.0,37
201800025570,18,10,23,1400,1,2,1,1.0,6.0,37261,M,4739200.0,68700.0,37
201800025571,18,10,24,1405,1,2,1,1.0,7.0,37261,M,4739400.0,70800.0,37
201800025572,18,10,25,1540,1,2,3,1.0,6.0,37261,M,4739238.0,68551.0,37
201800025573,18,10,25,1725,1,2,2,1.0,3.0,37261,M,4741421.0,69667.0,37
201800025574,18,10,26,1645,1,2,3,1.0,3.0,37122,M,4735921.0,66842.0,37
201800025575,18,10,28,633,5,2,1,1.0,6.0,37261,M,4738700.0,67600.0,37
201800025576,18,10,28,1035,1,2,1,1.0,6.0,37261,M,4737300.0,69500.0,37
201800025577,18,10,28,1705,1,2,1,2.0,3.0,37195,M,4738669.0,65972.0,37
201800025578,18,10,28,220,5,2,1,1.0,1.0,37233,M,4738516.0,72891.0,37
201800025579,18,10,29,600,5,2,1,2.0,7.0,37261,M,4739722.0,70351.0,37
201800025580,18,11,1,1250,1,2,1,1.0,7.0,37261,M,4738802.0,64921.0,37
201800025581,18,11,1,1500,1,2,3,1.0,3.0,37261,M,4737355.0,68301.0,37