Num_Acc,an,mois,jour,hrmn,lum,agg,int,atm,col,com,gps,lat,long,dep
201800025582,18,11,6,1820,5,2,2,3.0,6.0,37122,M,4735578.0,69889.0,37
201800025583,18,11,7,1230,1,2,1,1.0,4.0,37233,M,4737762.0,71457.0,37
201800025584,18,11,8,950,1,2,2,1.0,3.0,37261,M,4738600.0,67600.0,37
201800025585,18,11,8,1820,5,2,1,1.0,6.0,37261,M,4739374.0,67273.0,37
201800025586,18,11,7,1230,1,1,1,2.0,7.0,37122,M,4732090.0,66760.0,37
201800025587,18,11,9,2100,5,2,1,2.0,2.0,37261,M,4742314.0,69767.0,37
201800025588,18,11,10,130,5,2,1,3.0,7.0,37261,M,4739198.0,66986.0,37
201800025589,18,11,10,1110,1,2,6,3.0,7.0,37261,M,4737392.0,67862.0,37
201800025590,18,11,10,1015,1,2,4,2.0,7.0,37261,M,4737147.0,71597.0,37
201800025591,18,11,7,1750,3,2,3,3.0,3.0,37122,M,4733758.0,64582.0,37
201800025592,18,11,13,1745,5,2,1,1.0,6.0,37208,M,4735468.0,72168.0,37
201800025593,18,11,13,1810,5,2,1,1.0,6.0,37261,M,4736826.0,70862.0,37
201800025594,18,11,14,1445,1,2,2,1.0,6.0,37261,M,4738582.0,68240.0,37
201800025595,18,11,12,725,5,2,1,3.0,3.0,37261,M,4741870.0,69212.0,37
201800025596,18,11,13,820,1,2,1,1.0,7.0,37214,M,4743084.0,67311.0,37
201800025597,18,11,12,845,1,1,1,2.0,2.0,37122,M,4733327.0,67296.0,37
201800025598,18,11,15,1640,1,2,1,1.0,7.0,37261,M,4739790.0,67610.0,37
201800025599,18,11,15,1630,1,2,1,1.0,3.0,37261,M,4739741.0,69297.0,37
201800025600,18,11,16,446,5,2,1,5.0,6.0,37261,M,4738337.0,69166.0,37
201800025601,18,11,16,1025,1,2,1,8.0,4.0,37233,M,4738587.0,70962.0,37
201800025602,18,11,16,1225,1,2,2,1.0,3.0,37261,M,4739586.0,68027.0,37
201800025603,18,11,16,1744,5,2,2,1.0,3.0,37122,M,4735700.0,66100.0,37
201800025604,18,11,17,1757,5,1,1,1.0,3.0,37214,M,4742900.0,64400.0,37
201800025605,18,11,20,845,2,2,9,8.0,7.0,37122,M,4732289.0,66190.0,37
201800025606,18,11,20,1400,1,2,1,1.0,6.0,37208,M,4734746.0,71236.0,37
201800025607,18,11,21,845,1,2,1,1.0,1.0,37261,M,4737237.0,71592.0,37
201800025608,18,11,20,1710,2,2,1,1.0,3.0,37261,M,4739528.0,69380.0,37
201800025609,18,11,21,1816,5,2,1,1.0,6.0,37214,M,4743091.0,66799.0,37
201800025610,18,11,21,2010,5,2,1,1.0,2.0,37261,M,4742259.0,68341.0,37
201800025611,18,11,21,205,5,2,1,1.0,6.0,37261,M,4739155.0,69949.0,37
201800025612,18,11,21,1055,1,2,1,1.0,6.0,37122,M,4734635.0,65677.0,37
201800025613,18,11,22,1730,5,2,1,1.0,6.0,37261,M,4738300.0,69700.0,37
201800025614,18,11,24,1255,1,2,1,8.0,1.0,37261,M,4736385.0,68593.0,37
201800025615,18,11,27,847,1,1,1,5.0,4.0,37122,M,4736400.0,65000.0,37
201800025616,18,11,27,1830,5,2,1,2.0,2.0,37261,M,4741218.0,70311.0,37
201800025617,18,11,28,1000,1,2,1,2.0,7.0,37261,M,4736298.0,69719.0,37
201800025618,18,11,28,1210,1,2,1,8.0,7.0,37261,M,4738425.0,69103.0,37
201800025619,18,11,28,1650,2,2,2,1.0,6.0,37261,M,4738400.0,70900.0,37
201800025620,18,11,30,1000,1,2,1,1.0,3.0,37261,M,4737714.0,70135.0,37
201800025621,18,11,30,1035,1,2,1,1.0,3.0,37261,M,4739633.0,68321.0,37
201800025622,18,11,30,1155,1,2,2,8.0,3.0,37122,M,4735382.0,66388.0,37
201800025623,18,11,30,1725,2,2,1,8.0,6.0,37261,M,4738182.0,70612.0,37
201800025624,18,12,3,816,1,1,1,2.0,7.0,37261,M,4740300.0,72300.0,37
201800025625,18,12,3,908,1,2,1,8.0,5.0,37122,M,4733900.0,66500.0,37
201800025626,18,11,30,1815,5,2,1,8.0,6.0,37122,M,4733780.0,65970.0,37
201800025627,18,12,4,1735,5,2,3,8.0,3.0,37122,M,4734798.0,65806.0,37
201800025628,18,12,1,1755,5,2,1,2.0,6.0,37261,M,4739000.0,68200.0,37
201800025629,18,12,6,1800,4,2,6,1.0,2.0,37261,M,4742670.0,70189.0,37
201800025630,18,12,7,1700,3,2,3,2.0,6.0,37261,M,4741695.0,69330.0,37
201800025631,18,12,8,609,3,2,1,1.0,3.0,37122,M,4731600.0,64300.0,37
201800025632,18,12,9,1440,1,2,1,1.0,2.0,37261,M,4738722.0,69041.0,37
201800025633,18,12,9,1930,5,2,1,1.0,3.0,37261,M,4738888.0,67804.0,37
201800025634,18,12,10,745,1,2,1,1.0,2.0,37214,M,4740250.0,67669.0,37
201800025635,18,12,10,1527,1,2,1,1.0,2.0,37261,M,4739600.0,68300.0,37
201800025636,18,12,11,740,3,2,1,1.0,1.0,37214,M,4740170.0,67149.0,37
201800025637,18,12,11,1738,5,2,9,1.0,3.0,37261,M,4737900.0,69500.0,37
201800025638,18,12,9,2025,5,2,1,1.0,6.0,37261,M,4738343.0,70237.0,37
201800025639,18,12,13,820,1,2,1,1.0,6.0,37261,M,4738366.0,69025.0,37
201800025640,18,12,13,1945,5,2,2,1.0,3.0,37122,M,4735218.0,65840.0,37
201800025641,18,12,14,200,5,2,1,1.0,6.0,37261,M,4741634.0,68980.0,37
201800025642,18,12,14,838,1,2,2,1.0,3.0,37261,M,4738200.0,68300.0,37
201800025643,18,12,14,1735,2,2,1,1.0,2.0,37122,M,4734604.0,66558.0,37
201800025644,18,12,14,2100,5,2,2,1.0,3.0,37261,M,4738523.0,70699.0,37
201800025645,18,12,15,530,3,1,1,8.0,7.0,37122,M,4733200.0,67300.0,37
201800025646,18,12,16,25,5,2,2,8.0,3.0,37261,M,4742096.0,70390.0,37
201800025647,18,12,16,924,1,2,6,1.0,7.0,37261,M,4739461.0,70436.0,37
201800025648,18,12,16,920,2,1,1,5.0,6.0,37261,M,4737750.0,64996.0,37
201800025649,18,12,16,1445,1,2,1,1.0,6.0,37261,M,4737500.0,70300.0,37
201800025650,18,12,16,2145,5,2,1,2.0,3.0,37122,M,4734927.0,66518.0,37
201800025651,18,12,17,2101,5,2,1,2.0,7.0,37261,M,4739292.0,68762.0,37
201800025652,18,12,18,1435,1,2,1,2.0,3.0,37233,M,4737930.0,72245.0,37
201800025653,18,12,19,735,1,1,1,2.0,4.0,37122,M,4737126.0,65408.0,37
201800025654,18,12,19,1545,1,2,1,1.0,7.0,37261,M,4737834.0,64973.0,37
201800025655,18,12,20,841,1,2,1,1.0,6.0,37233,M,4737800.0,71900.0,37
201800025656,18,12,20,1005,1,1,1,1.0,4.0,37122,M,4739100.0,64700.0,37
201800025657,18,12,20,1615,1,2,1,3.0,2.0,37261,M,4740271.0,71021.0,37
201800025658,18,12,21,745,2,2,3,2.0,1.0,37122,M,4735686.0,66774.0,37
201800025659,18,12,21,817,2,2,1,2.0,7.0,37233,M,4738400.0,75000.0,37
201800025660,18,12,21,750,3,2,1,2.0,7.0,37122,M,4730900.0,65200.0,37
201800025661,18,12,21,1915,5,2,2,1.0,6.0,37261,M,4739153.0,66833.0,37
201800025662,18,12,21,2135,3,2,1,2.0,3.0,37122,M,4735361.0,64580.0,37
201800025663,18,12,22,1330,1,1,1,1.0,7.0,37122,M,4737700.0,64900.0,37
201800025664,18,12,22,1940,5,2,1,1.0,1.0,37122,M,4736100.0,67300.0,37
201800025665,18,12,23,850,1,2,3,1.0,7.0,37261,M,4737614.0,71146.0,37
201800025666,18,12,23,1932,5,2,3,1.0,5.0,37214,M,4742300.0,65700.0,37
201800025667,18,12,24,755,3,2,1,1.0,6.0,37261,M,4736276.0,69622.0,37
201800025668,18,12,24,1400,1,2,6,8.0,7.0,37208,M,4736813.0,73140.0,37
201800025669,18,12,30,1200,1,2,1,1.0,3.0,37233,M,4739228.0,72565.0,37
201800025670,18,12,31,845,2,2,1,2.0,6.0,37261,M,4739036.0,69114.0,37
201800025671,18,2,25,925,1,2,3,1.0,6.0,38053,M,4558833.0,529694.0,38
201800025672,18,4,10,1814,1,2,3,1.0,1.0,38053,M,4559049.0,527726.0,38
201800025673,18,4,14,1658,1,1,1,1.0,1.0,38053,M,4559709.0,524023.0,38
201800025674,18,4,21,45,5,2,1,1.0,4.0,38053,M,4558994.0,528182.0,38
201800025675,18,4,13,1517,1,2,1,1.0,6.0,38053,M,4558682.0,527536.0,38
201800025676,18,8,28,1250,1,2,9,1.0,3.0,38053,M,4559637.0,526866.0,38
201800025677,18,9,2,1730,1,2,1,1.0,3.0,38053,M,4558385.0,529266.0,38
201800025678,18,10,3,1840,1,2,9,1.0,6.0,38053,M,4559433.0,527029.0,38
201800025679,18,11,15,2040,5,2,3,1.0,3.0,38053,M,4558402.0,529675.0,38
201800025680,18,12,15,2015,5,2,6,2.0,6.0,38053,M,4558544.0,526901.0,38
201800025681,18,12,28,1350,1,2,9,1.0,1.0,38053,M,4559253.0,524983.0,38
201800025682,18,1,3,1042,1,2,1,8.0,6.0,38185,M,4517751.0,575602.0,38
201800025683,18,12,31,2230,5,2,2,1.0,3.0,38185,M,4518042.0,571659.0,38
201800025684,18,1,10,850,1,1,2,1.0,3.0,38151,M,4515797.0,571028.0,38
201800025685,18,1,11,1000,1,2,2,1.0,6.0,38169,M,4519790.0,568075.0,38
201800025686,18,1,16,740,5,2,1,2.0,6.0,38179,M,4518908.0,581031.0,38
201800025687,18,1,17,1315,1,2,1,2.0,6.0,38151,M,4514951.0,571969.0,38
201800025688,18,1,19,1400,1,2,2,2.0,6.0,38185,M,4518949.0,573439.0,38
201800025689,18,1,24,1420,1,2,1,1.0,6.0,38185,M,4518542.0,573108.0,38
201800025690,18,1,25,730,5,2,2,1.0,6.0,38169,M,4519202.0,568540.0,38
201800025691,18,2,1,1030,1,1,1,3.0,5.0,38383,M,4523515.0,566291.0,38
201800025692,18,2,6,1730,1,2,1,1.0,6.0,38169,M,4519739.0,567211.0,38
201800025693,18,2,13,1050,1,2,1,1.0,2.0,38169,M,4519426.0,569830.0,38
201800025694,18,3,1,800,1,2,1,2.0,6.0,38151,M,4514603.0,570502.0,38
201800025695,18,3,6,110,5,2,1,2.0,6.0,38185,M,4516879.0,570483.0,38
201800025696,18,3,9,1700,1,2,3,1.0,3.0,38185,M,4516687.0,570627.0,38
201800025697,18,3,15,1645,1,2,1,1.0,6.0,38185,M,4518032.0,571132.0,38
201800025698,18,3,22,1322,1,2,1,1.0,6.0,38185,M,4516877.0,570479.0,38
201800025699,18,3,22,1750,1,2,1,1.0,3.0,38151,M,4514330.0,569087.0,38
201800025700,18,3,23,1540,1,2,1,1.0,2.0,38185,M,4517103.0,573966.0,38
201800025701,18,3,24,2208,5,2,1,1.0,5.0,38185,M,4516447.0,571076.0,38
201800025702,18,4,6,630,5,2,2,1.0,3.0,38185,M,4518593.0,571707.0,38
201800025703,18,4,6,1440,1,2,2,1.0,3.0,38516,M,4520116.0,574177.0,38
201800025704,18,4,6,1705,1,2,1,1.0,6.0,38185,M,4519822.0,573794.0,38
201800025705,18,3,30,1629,1,2,1,2.0,6.0,38185,M,4519024.0,572786.0,38
201800025706,18,4,8,1540,1,2,1,1.0,6.0,38423,M,4521339.0,569970.0,38
201800025707,18,4,10,1745,1,2,2,1.0,3.0,38185,M,4518929.0,571279.0,38
201800025708,18,4,18,1805,1,2,2,7.0,3.0,38516,M,4520615.0,575257.0,38
201800025709,18,4,21,1820,1,1,1,1.0,2.0,38185,M,4516472.0,570158.0,38
201800025710,18,4,30,2000,5,2,3,1.0,3.0,38185,M,4518033.0,571218.0,38
201800025711,18,5,2,1155,1,2,1,1.0,6.0,38516,M,4520062.0,574336.0,38
201800025712,18,5,5,150,3,2,1,1.0,1.0,38421,M,4519189.0,575814.0,38
201800025713,18,5,5,930,1,2,2,1.0,6.0,38185,M,4518022.0,571604.0,38
201800025714,18,5,9,1530,1,2,1,1.0,6.0,38185,M,4517996.0,570670.0,38
201800025715,18,5,12,1822,1,2,1,1.0,6.0,38169,M,4519242.0,569468.0,38
201800025716,18,6,5,1430,1,2,1,1.0,6.0,38185,M,4519349.0,572056.0,38
201800025717,18,6,7,1730,1,2,3,3.0,3.0,38169,M,4519400.0,569096.0,38
201800025718,18,6,12,1400,1,2,1,1.0,6.0,38185,M,4516870.0,572194.0,38
201800025719,18,6,15,1415,1,2,1,1.0,3.0,38185,M,4519269.0,573691.0,38
201800025720,18,6,16,1912,1,2,2,1.0,3.0,38185,M,4516656.0,572858.0,38
201800025721,18,6,29,2100,1,2,2,1.0,6.0,38185,M,4518095.0,572836.0,38
201800025722,18,7,1,1010,1,2,1,1.0,2.0,38185,M,4515569.0,573384.0,38
201800025723,18,7,1,2225,4,2,1,1.0,1.0,38185,M,4518040.0,571975.0,38
201800025724,18,7,2,1120,1,2,1,1.0,6.0,38185,M,4517197.0,570494.0,38
201800025725,18,6,30,2200,2,1,1,1.0,2.0,38229,M,4519807.0,578078.0,38
201800025726,18,7,3,1650,1,2,6,1.0,3.0,38185,M,4515981.0,571982.0,38
201800025727,18,7,7,1530,1,1,1,1.0,2.0,38516,M,4520022.0,575843.0,38
201800025728,18,7,13,920,1,2,2,1.0,3.0,38185,M,4518876.0,573470.0,38
201800025729,18,7,21,240,5,1,1,2.0,3.0,38382,M,4532348.0,566458.0,38
201800025730,18,7,20,1630,1,2,3,1.0,1.0,38185,M,4517369.0,574833.0,38
201800025731,18,7,22,734,1,2,3,1.0,3.0,38185,M,4518023.0,571014.0,38
201800025732,18,7,25,930,1,2,2,1.0,6.0,38169,M,4519432.0,569462.0,38
201800025733,18,7,29,1325,1,2,2,1.0,3.0,38185,M,4519266.0,572420.0,38
201800025734,18,7,30,600,1,2,1,1.0,6.0,38151,M,4514559.0,571077.0,38
201800025735,18,8,8,820,1,2,2,1.0,3.0,38185,M,4518938.0,574180.0,38
201800025736,18,8,14,1139,1,1,9,1.0,6.0,38423,M,4521104.0,571772.0,38
201800025737,18,8,24,815,1,2,1,1.0,6.0,38185,M,4515941.0,573296.0,38
201800025738,18,8,26,915,1,2,1,1.0,6.0,38185,M,4518817.0,571552.0,38
201800025739,18,8,28,2329,3,2,2,1.0,1.0,38169,M,4519344.0,568157.0,38
201800025740,18,8,29,1000,1,2,1,1.0,3.0,38185,M,4517126.0,572561.0,38
201800025741,18,8,31,1410,1,2,4,1.0,3.0,38169,M,4519079.0,568898.0,38
201800025742,18,9,5,1050,1,2,9,1.0,1.0,38185,M,4516669.0,570601.0,38
201800025743,18,9,6,1445,1,2,7,1.0,6.0,38185,M,4518395.0,573139.0,38
201800025744,18,9,6,1635,1,2,1,1.0,6.0,38185,M,4518926.0,572255.0,38
201800025745,18,9,14,1335,1,2,1,1.0,6.0,38185,M,4517193.0,574383.0,38
201800025746,18,9,14,2045,5,1,1,1.0,2.0,38382,M,4520552.0,568986.0,38
201800025747,18,9,15,630,5,2,2,1.0,3.0,38185,M,4518589.0,571696.0,38
201800025748,18,9,15,1440,1,2,1,1.0,6.0,38151,M,4515616.0,571943.0,38
201800025749,18,9,18,2315,5,2,3,1.0,3.0,38185,M,4518592.0,571648.0,38
201800025750,18,9,18,1100,1,2,1,1.0,6.0,38169,M,4519250.0,568686.0,38
201800025751,18,9,22,2350,5,2,1,1.0,6.0,38185,M,4518222.0,572761.0,38
201800025752,18,9,22,2100,3,2,1,1.0,6.0,38185,M,4519337.0,572725.0,38
201800025753,18,9,27,2300,5,2,2,1.0,3.0,38185,M,4518897.0,572941.0,38
201800025754,18,10,1,1311,1,2,1,2.0,6.0,38185,M,4517955.0,571597.0,38
201800025755,18,10,5,1645,1,2,1,1.0,6.0,38185,M,4516172.0,572068.0,38
201800025756,18,10,5,1815,1,2,1,1.0,6.0,38185,M,4518300.0,572946.0,38
201800025757,18,10,13,1405,1,2,2,1.0,3.0,38185,M,4519080.0,573580.0,38
201800025758,18,10,13,1935,1,2,6,1.0,1.0,38185,M,4517567.0,574922.0,38
201800025759,18,10,15,1440,1,2,1,1.0,6.0,38185,M,4517745.0,574287.0,38
201800025760,18,10,16,930,1,2,1,1.0,6.0,38421,M,4517899.0,575546.0,38
201800025761,18,10,18,750,1,1,1,1.0,1.0,38423,M,4520861.0,570265.0,38
201800025762,18,10,21,445,4,2,1,1.0,6.0,38185,M,4517232.0,572313.0,38
201800025763,18,10,27,220,5,2,1,2.0,7.0,38185,M,4520528.0,570059.0,38
201800025764,18,11,2,1810,5,2,2,2.0,6.0,38185,M,4518090.0,572840.0,38
201800025765,18,11,15,1845,5,2,1,1.0,3.0,38185,M,4516349.0,572406.0,38
201800025766,18,11,19,10,3,1,9,1.0,3.0,38185,M,4520812.0,568711.0,38
201800025767,18,11,22,230,4,2,1,1.0,6.0,38185,M,4517315.0,571942.0,38
201800025768,18,11,25,2145,5,2,1,2.0,3.0,38185,M,4517705.0,572619.0,38
201800025769,18,11,30,1915,5,2,1,3.0,6.0,38185,M,4517717.0,572613.0,38
201800025770,18,12,2,450,4,2,2,2.0,6.0,38185,M,4519339.0,571977.0,38
201800025771,18,12,6,145,5,2,2,1.0,3.0,38185,M,4518897.0,572938.0,38
201800025772,18,12,7,1300,1,2,1,1.0,6.0,38185,M,4516001.0,572170.0,38
201800025773,18,12,10,2220,5,2,1,2.0,6.0,38185,M,4516892.0,573197.0,38
201800025774,18,12,10,1920,5,2,1,2.0,3.0,38185,M,4518586.0,571837.0,38
201800025775,18,12,16,645,2,2,1,1.0,1.0,38185,M,4516644.0,571992.0,38
201800025776,18,12,17,2338,4,2,1,1.0,6.0,38421,M,4517921.0,576251.0,38
201800025777,18,12,19,1530,1,2,3,3.0,6.0,38421,M,4518608.0,576934.0,38
201800025778,18,12,20,1840,2,2,1,3.0,5.0,38185,M,4518013.0,570048.0,38
201800025779,18,12,21,1145,1,2,1,2.0,3.0,38185,M,4515700.0,573663.0,38
201800025780,18,12,24,1750,5,2,1,2.0,6.0,38185,M,4518138.0,572509.0,38
201800025781,18,12,28,1700,1,2,1,1.0,1.0,38151,M,4515200.0,572975.0,38
201800025782,18,1,23,630,3,2,1,2.0,3.0,38544,M,4551347.0,486627.0,38
201800025783,18,2,25,820,1,1,4,1.0,7.0,38544,M,4552298.0,491013.0,38
201800025784,18,2,10,1940,2,1,3,1.0,5.0,38318,M,4554716.0,492903.0,38
201800025785,18,2,6,1400,1,2,1,1.0,6.0,38544,M,4554057.0,486448.0,38
201800025786,18,3,7,730,1,2,1,1.0,6.0,38544,M,4550308.0,485332.0,38
201800025787,18,3,29,1350,1,1,1,1.0,1.0,38544,M,4551988.0,491553.0,38
201800025788,18,4,1,1700,1,2,1,1.0,6.0,38318,M,4552268.0,492089.0,38
201800025789,18,1,4,1700,2,2,1,2.0,2.0,38544,M,4551888.0,491717.0,38
201800025790,18,4,8,1725,1,2,7,1.0,3.0,38544,M,4552695.0,487307.0,38
201800025791,18,4,24,1715,1,2,2,7.0,3.0,38318,M,4553277.0,491277.0,38
201800025792,18,4,22,2040,2,2,1,1.0,6.0,38544,M,4554402.0,484307.0,38
201800025793,18,2,2,1845,1,2,1,1.0,3.0,38544,M,4552798.0,487407.0,38
201800025794,18,1,28,1700,1,2,1,1.0,2.0,38544,M,4552817.0,487857.0,38
201800025795,18,3,6,1459,1,1,1,1.0,1.0,38318,M,4553472.0,492834.0,38
201800025796,18,5,1,1615,1,2,3,1.0,1.0,38544,M,4553956.0,487066.0,38
201800025797,18,5,21,1700,1,2,1,1.0,6.0,38544,M,4552909.0,487789.0,38
201800025798,18,5,28,1108,1,2,1,2.0,6.0,38544,M,4552480.0,487120.0,38
201800025799,18,4,13,1730,1,2,9,1.0,6.0,38544,M,4552404.0,487444.0,38
201800025800,18,7,4,1910,1,2,1,1.0,6.0,38544,M,4552794.0,487938.0,38
201800025801,18,7,7,1050,1,2,4,1.0,3.0,38544,M,4553598.0,488784.0,38
201800025802,18,6,6,1710,1,2,1,1.0,3.0,38544,M,4551972.0,487040.0,38
201800025803,18,5,31,1610,1,2,1,1.0,6.0,38544,M,4552127.0,487176.0,38
201800025804,18,6,19,1512,1,2,1,1.0,3.0,38544,M,4552098.0,487258.0,38
201800025805,18,8,11,2256,5,2,1,1.0,6.0,38318,M,4553000.0,491100.0,38
201800025806,18,9,15,1240,1,2,1,1.0,6.0,38544,M,4552149.0,487323.0,38
201800025807,18,9,21,1630,1,1,6,1.0,2.0,38544,M,,,38
201800025808,18,10,7,1505,1,1,1,1.0,3.0,38544,M,4551570.0,492230.0,38
201800025809,18,10,16,1050,1,2,1,1.0,4.0,38544,M,4552033.0,489797.0,38
201800025810,18,11,17,940,1,2,1,9.0,6.0,38544,M,4553751.0,487280.0,38
201800025811,18,11,17,815,1,2,1,1.0,6.0,38544,M,4550114.0,485088.0,38
201800025812,18,12,5,1210,1,2,1,1.0,6.0,38318,M,4552780.0,491623.0,38
201800025813,18,12,11,1826,5,2,1,1.0,3.0,38544,M,4550460.0,485539.0,38
201800025814,18,12,14,1340,1,2,9,1.0,6.0,38544,M,4554259.0,485115.0,38
201800025815,18,2,8,1638,1,2,4,1.0,6.0,38563,M,4536749.0,559598.0,38
201800025816,18,6,8,1950,1,2,1,3.0,4.0,38563,M,4537603.0,558097.0,38
201800025817,18,6,23,550,2,1,6,1.0,3.0,38563,M,4537904.0,557226.0,38
201800025818,18,12,17,1051,1,2,6,1.0,6.0,38563,M,4536129.0,559868.0,38
201800025819,18,2,21,1825,5,1,4,1.0,1.0,39150,M,4705936.0,544724.0,39
201800025820,18,12,31,1025,1,1,4,1.0,3.0,39198,M,4708206.0,546575.0,39
201800025821,18,5,4,1135,1,2,6,7.0,6.0,39198,M,4709499.0,549653.0,39
201800025822,18,5,25,1045,1,1,1,1.0,6.0,39150,M,4706892.0,545328.0,39
201800025823,18,8,6,2035,1,2,1,1.0,6.0,39198,M,4708402.0,551078.0,39
201800025824,18,11,21,1805,2,2,1,1.0,3.0,39198,M,4709791.0,549673.0,39
201800025825,18,9,27,1700,1,2,1,1.0,6.0,39198,M,4700000.0,540000.0,39
201800025826,18,9,1,1220,1,2,6,1.0,3.0,39198,M,4708695.0,549483.0,39
201800025827,18,1,8,1420,1,2,1,1.0,1.0,39567,M,4669403.0,555114.0,39
201800025828,18,3,13,1915,5,2,4,3.0,6.0,39300,M,4667288.0,555871.0,39
201800025829,18,9,14,1430,1,2,3,1.0,1.0,39300,M,4668722.0,556284.0,39
201800025830,18,11,1,1839,5,2,3,3.0,3.0,39300,M,4668189.0,556544.0,39
201800025831,18,12,7,1925,5,2,1,2.0,6.0,39300,M,4667661.0,555977.0,39
201800025832,18,2,5,915,1,2,6,2.0,6.0,40279,M,4372568.0,-106901.0,40
201800025833,18,1,5,1855,5,2,3,2.0,3.0,40088,M,4369794.0,-105575.0,40
201800025834,18,3,25,1915,2,2,2,2.0,3.0,40088,M,4370733.0,-105273.0,40
201800025835,18,4,2,1735,1,2,1,1.0,6.0,40088,M,4371383.0,-105388.0,40
201800025836,18,4,23,1840,1,2,2,1.0,3.0,40279,M,4373620.0,-105226.0,40
201800025837,18,4,26,440,4,2,2,1.0,2.0,40088,M,4369438.0,-104010.0,40
201800025838,18,7,7,1335,1,1,6,1.0,3.0,40279,M,4373858.0,-101660.0,40
201800025839,18,9,13,1550,1,2,3,1.0,3.0,40088,M,4370300.0,-105141.0,40
201800025840,18,12,5,1325,1,2,1,1.0,1.0,40279,M,4371462.0,-107096.0,40
201800025841,18,12,19,730,5,2,1,1.0,2.0,40088,M,4371305.0,-104512.0,40
201800025842,18,12,27,1608,1,2,3,1.0,3.0,40088,M,4370232.0,-103983.0,40
201800025843,18,1,26,1022,1,2,1,1.0,6.0,40192,M,4389374.0,-51963.0,40
201800025844,18,2,10,1810,1,2,1,1.0,3.0,40192,M,4390125.0,-48316.0,40
201800025845,18,2,21,1925,2,2,1,1.0,6.0,40192,M,4388735.0,-50403.0,40
201800025846,18,2,13,830,1,2,3,1.0,3.0,40281,M,4387893.0,-49521.0,40
201800025847,18,2,23,500,5,2,1,1.0,6.0,40192,M,4389346.0,-49707.0,40
201800025848,18,3,4,1015,1,2,1,1.0,6.0,40192,M,4390020.0,-51043.0,40
201800025849,18,3,9,1405,1,2,1,1.0,3.0,40192,M,4389658.0,-50862.0,40
201800025850,18,3,14,1110,1,2,3,1.0,3.0,40281,M,4387305.0,-49169.0,40
201800025851,18,4,17,1725,1,2,9,1.0,3.0,40192,M,4389930.0,-51219.0,40
201800025852,18,4,26,2125,2,2,3,1.0,3.0,40192,M,4391027.0,-46559.0,40
201800025853,18,4,30,1725,1,2,1,1.0,3.0,40281,M,4387717.0,-50578.0,40
201800025854,18,5,19,1750,1,2,3,1.0,3.0,40192,M,4991030.0,-46555.0,40
201800025855,18,6,17,105,5,2,1,1.0,7.0,40192,M,4389092.0,-50154.0,40
201800025856,18,7,3,940,1,2,1,1.0,6.0,40192,M,4389544.0,-48433.0,40
201800025857,18,7,6,1420,1,1,1,1.0,1.0,40281,M,4390495.0,-53520.0,40
201800025858,18,6,25,2305,5,2,3,1.0,1.0,40192,M,4389213.0,-51437.0,40
201800025859,18,7,25,2305,5,2,1,1.0,7.0,40192,M,4389866.0,-48695.0,40
201800025860,18,8,17,1420,1,2,6,1.0,6.0,40192,M,4388697.0,-49945.0,40
201800025861,18,9,11,920,1,2,1,1.0,6.0,40192,M,4388950.0,-49895.0,40
201800025862,18,9,9,1608,1,2,1,1.0,2.0,40192,M,4388820.0,-50651.0,40
201800025863,18,9,25,1030,1,2,3,1.0,1.0,40192,M,4387764.0,-46143.0,40
201800025864,18,9,27,730,2,1,6,1.0,7.0,40192,M,4387454.0,-46877.0,40
201800025865,18,10,1,1625,1,2,1,1.0,6.0,40192,M,4389018.0,-50190.0,40
201800025866,18,11,14,1815,5,2,2,1.0,1.0,40192,M,4388832.0,-47728.0,40
201800025867,18,11,19,340,5,2,3,1.0,3.0,40192,M,4388546.0,-49898.0,40
201800025868,18,11,17,1120,1,2,3,1.0,3.0,40192,M,4388059.0,-46171.0,40
201800025869,18,1,1,630,5,2,1,1.0,6.0,41018,M,4759145.0,134186.0,41
201800025870,18,1,9,1656,1,1,1,2.0,1.0,41018,M,4755462.0,129191.0,41
201800025871,18,1,14,2000,5,2,1,1.0,6.0,41018,M,4759436.0,133334.0,41
201800025872,18,1,20,1710,5,2,1,2.0,7.0,41018,M,4756661.0,132647.0,41
201800025873,18,1,18,1930,5,2,1,2.0,7.0,41018,M,4759746.0,134301.0,41
201800025874,18,1,20,1730,5,2,1,2.0,3.0,41018,M,4758715.0,129364.0,41
201800025875,18,1,22,930,1,2,1,2.0,3.0,41295,M,4757162.0,137319.0,41
201800025876,18,2,5,1615,1,1,1,8.0,7.0,41295,M,4759249.0,135896.0,41
201800025877,18,2,5,830,1,2,1,1.0,6.0,41018,M,4759817.0,134399.0,41
201800025878,18,1,23,1855,5,2,1,2.0,1.0,41018,M,4759510.0,130890.0,41
201800025879,18,2,14,735,2,2,1,1.0,3.0,41018,M,4759992.0,129631.0,41
201800025880,18,3,3,1940,5,2,1,1.0,3.0,41018,M,4759015.0,131185.0,41
201800025881,18,3,17,1520,1,2,1,1.0,3.0,41018,M,4757469.0,132419.0,41
201800025882,18,3,13,1006,1,2,1,1.0,2.0,41018,M,4759706.0,134270.0,41
201800025883,18,3,29,1440,1,2,1,1.0,3.0,41018,M,4757920.0,132000.0,41
201800025884,18,4,1,1020,1,2,1,1.0,7.0,41018,M,4758485.0,131839.0,41
201800025885,18,4,3,1540,1,2,1,1.0,6.0,41018,M,4758529.0,133418.0,41