Num_Acc,an,mois,jour,hrmn,lum,agg,int,atm,col,com,gps,lat,long,dep
201800025886,18,4,16,1755,1,2,1,1.0,2.0,41018,M,4760164.0,132151.0,41
201800025887,18,4,17,1315,1,2,1,1.0,3.0,41018,M,4760773.0,131969.0,41
201800025888,18,4,19,1450,1,2,6,1.0,3.0,41018,M,4757796.0,134840.0,41
201800025889,18,4,22,2130,3,2,1,1.0,6.0,41018,M,4758834.0,131322.0,41
201800025890,18,4,30,1730,1,2,1,1.0,1.0,41018,M,4757666.0,131854.0,41
201800025891,18,5,3,1710,1,2,3,1.0,3.0,41018,M,4758998.0,134206.0,41
201800025892,18,5,4,1340,1,2,1,1.0,4.0,41047,M,4761557.0,134915.0,41
201800025893,18,5,12,1920,1,1,3,3.0,2.0,41018,M,4757277.0,132023.0,41
201800025894,18,5,17,550,2,2,1,1.0,7.0,41018,M,4759899.0,134485.0,41
201800025895,18,5,16,1620,1,2,1,1.0,6.0,41018,M,4759343.0,131090.0,41
201800025896,18,5,22,820,1,2,1,1.0,6.0,41018,M,4758450.0,131750.0,41
201800025897,18,5,25,1728,1,2,1,3.0,6.0,41047,M,4760864.0,135578.0,41
201800025898,18,5,31,5,3,1,1,1.0,6.0,41212,M,4756170.0,138148.0,41
201800025899,18,6,1,955,1,2,6,1.0,3.0,41047,M,4760923.0,135652.0,41
201800025900,18,6,6,1745,1,2,1,1.0,2.0,41018,M,4760507.0,132808.0,41
201800025901,18,6,9,1310,1,2,1,1.0,3.0,41295,M,4758406.0,137093.0,41
201800025902,18,6,21,1505,1,2,1,1.0,5.0,41295,M,4750684.0,138348.0,41
201800025903,18,6,29,1500,1,2,6,1.0,7.0,41212,M,4756182.0,137288.0,41
201800025904,18,7,3,1805,1,1,1,1.0,2.0,41212,M,4756737.0,137099.0,41
201800025905,18,7,5,1405,1,2,1,1.0,2.0,41018,M,4759147.0,135694.0,41
201800025906,18,7,6,1,3,2,1,2.0,7.0,41212,M,4755909.0,137140.0,41
201800025907,18,7,10,1447,1,2,1,1.0,6.0,41018,M,4758663.0,133530.0,41
201800025908,18,7,17,1420,1,2,1,1.0,6.0,41212,M,4756629.0,137024.0,41
201800025909,18,8,9,1010,1,2,1,2.0,7.0,41018,M,4758531.0,133317.0,41
201800025910,18,8,20,1855,1,2,1,1.0,2.0,41018,M,4759660.0,132614.0,41
201800025911,18,8,23,1820,1,2,1,1.0,2.0,41018,M,4758471.0,131863.0,41
201800025912,18,8,25,620,2,2,2,1.0,3.0,41018,M,4760017.0,131975.0,41
201800025913,18,9,10,635,5,2,1,1.0,3.0,41018,M,4759834.0,134407.0,41
201800025914,18,9,10,1940,1,2,1,1.0,2.0,41018,M,4759087.0,130689.0,41
201800025915,18,9,20,1900,1,2,1,1.0,7.0,41018,M,4759443.0,135324.0,41
201800025916,18,9,22,1930,2,2,1,1.0,6.0,41047,M,4761343.0,136488.0,41
201800025917,18,9,27,1730,1,2,9,1.0,6.0,41018,M,4759932.0,132123.0,41
201800025918,18,9,28,2130,3,2,1,1.0,7.0,41018,M,4757883.0,134989.0,41
201800025919,18,10,8,1325,1,2,1,1.0,6.0,41018,M,4759086.0,134339.0,41
201800025920,18,10,12,1725,1,2,1,1.0,1.0,41295,M,4758466.0,137527.0,41
201800025921,18,10,17,2230,5,2,1,1.0,6.0,41018,M,4758599.0,133624.0,41
201800025922,18,10,23,1810,1,2,3,1.0,2.0,41212,M,4757181.0,135744.0,41
201800025923,18,10,30,725,2,1,1,2.0,7.0,41018,M,4760168.0,129251.0,41
201800025924,18,11,7,1255,1,2,1,2.0,2.0,41018,M,4758788.0,133011.0,41
201800025925,18,11,12,1425,1,2,3,2.0,1.0,41018,M,4758960.0,133642.0,41
201800025926,18,11,10,1440,1,2,1,2.0,1.0,41295,M,4758165.0,137186.0,41
201800025927,18,11,18,1700,1,2,1,1.0,6.0,41047,M,4760559.0,135246.0,41
201800025928,18,11,20,1908,5,2,1,1.0,3.0,41018,M,4759432.0,132939.0,41
201800025929,18,11,29,1210,1,2,1,1.0,6.0,41018,M,4759905.0,130519.0,41
201800025930,18,12,6,1450,1,2,1,2.0,2.0,41018,M,4758652.0,132681.0,41
201800025931,18,12,19,800,2,2,1,2.0,7.0,41018,M,4760782.0,131750.0,41
201800025932,18,12,22,1900,3,2,1,1.0,4.0,41018,M,4757674.0,132828.0,41
201800025933,18,1,12,2025,3,2,1,1.0,6.0,41269,M,4778192.0,106395.0,41
201800025934,18,4,26,835,1,1,1,1.0,2.0,41269,M,4776116.0,110097.0,41
201800025935,18,6,2,1420,1,2,3,1.0,3.0,41269,M,4781053.0,106552.0,41
201800025936,18,7,24,1120,1,2,1,1.0,3.0,41269,M,4780677.0,106939.0,41
201800025937,18,7,15,735,1,2,1,1.0,6.0,41158,M,4778154.0,104221.0,41
201800025938,18,3,9,1230,1,2,1,1.0,6.0,42095,M,4539125.0,428982.0,42
201800025939,18,7,28,1400,1,2,1,9.0,6.0,42099,M,4539373.0,425674.0,42
201800025940,18,8,8,915,1,2,3,1.0,3.0,42044,M,4539599.0,432115.0,42
201800025941,18,8,20,1810,1,2,9,1.0,3.0,42183,M,4540512.0,437553.0,42
201800025942,18,9,1,2114,5,2,9,1.0,3.0,42095,M,4539291.0,429303.0,42
201800025943,18,8,4,1600,1,2,1,1.0,2.0,42316,M,4540601.0,424143.0,42
201800025944,18,10,11,1458,1,2,1,1.0,6.0,42095,M,4538991.0,428396.0,42
201800025945,18,10,16,640,3,2,4,1.0,6.0,42044,M,4539452.0,430640.0,42
201800025946,18,10,16,1515,1,1,9,1.0,3.0,42183,M,4540800.0,437858.0,42
201800025947,18,10,18,1600,1,2,1,1.0,6.0,42270,M,4539320.0,423620.0,42
201800025948,18,10,3,1920,2,2,6,1.0,6.0,42095,M,4538595.0,428276.0,42
201800025949,18,10,30,1640,1,2,1,1.0,3.0,42095,M,4539555.0,429279.0,42
201800025950,18,11,5,2230,5,2,1,1.0,6.0,42095,M,4539557.0,429290.0,42
201800025951,18,11,8,1920,5,2,1,1.0,6.0,42044,M,4540039.0,435398.0,42
201800025952,18,11,23,1630,1,2,1,1.0,7.0,42031,M,4540503.0,423791.0,42
201800025953,18,11,30,1000,1,1,1,2.0,7.0,42316,M,4541210.0,428581.0,42
201800025954,18,12,7,1530,1,2,1,1.0,6.0,42095,M,4539110.0,428946.0,42
201800025955,18,12,10,1255,1,2,1,8.0,2.0,42095,M,4539041.0,428677.0,42
201800025956,18,12,17,725,2,2,3,2.0,3.0,42183,M,4540025.0,435354.0,42
201800025957,18,12,20,1500,1,2,1,2.0,3.0,42316,M,4539724.0,425961.0,42
201800025958,18,12,21,1930,5,2,3,1.0,3.0,42316,M,4540133.0,426046.0,42
201800025959,18,1,18,830,2,1,1,8.0,7.0,42170,M,4604071.0,415156.0,42
201800025960,18,1,22,1813,5,2,3,1.0,6.0,42071,M,4601352.0,409661.0,42
201800025961,18,1,24,935,1,1,1,1.0,5.0,42127,M,4608031.0,406659.0,42
201800025962,18,1,25,1315,1,2,7,1.0,6.0,42187,M,4603859.0,407320.0,42
201800025963,18,1,26,1030,1,2,1,2.0,3.0,42071,M,4600903.0,409944.0,42
201800025964,18,1,26,1645,1,2,1,2.0,4.0,42127,M,4608183.0,406815.0,42
201800025965,18,1,29,1100,1,2,1,2.0,6.0,42187,M,4603895.0,405666.0,42
201800025966,18,1,30,755,2,1,1,8.0,4.0,42127,M,4607329.0,404261.0,42
201800025967,18,2,1,1700,1,2,1,2.0,3.0,42187,M,4606686.0,409072.0,42
201800025968,18,2,3,1950,5,2,2,8.0,3.0,42187,M,4603844.0,406169.0,42
201800025969,18,2,5,805,1,2,2,4.0,3.0,42071,M,4602549.0,409344.0,42
201800025970,18,2,6,1634,1,1,1,4.0,6.0,42187,M,4603875.0,407317.0,42
201800025971,18,2,7,1225,1,2,1,4.0,2.0,42071,M,4603155.0,408270.0,42
201800025972,18,1,1,147,5,2,1,2.0,6.0,42184,M,4605316.0,405963.0,42
201800025973,18,1,3,1720,5,2,3,3.0,3.0,42187,M,4603049.0,406259.0,42
201800025974,18,1,4,810,2,2,3,2.0,6.0,42071,M,4603138.0,408357.0,42
201800025975,18,1,6,1747,5,2,3,1.0,6.0,42187,M,4604873.0,408303.0,42
201800025976,18,1,15,1835,5,1,1,2.0,4.0,42127,M,4606400.0,405970.0,42
201800025977,18,2,22,1600,1,2,2,8.0,3.0,42187,M,4605056.0,406668.0,42
201800025978,18,2,22,1640,1,2,1,8.0,6.0,42187,M,4603953.0,406362.0,42
201800025979,18,2,28,835,1,2,1,1.0,6.0,42071,M,4603000.0,408000.0,42
201800025980,18,3,1,835,1,2,1,4.0,2.0,42187,M,4604914.0,407451.0,42
201800025981,18,3,1,1005,1,2,6,1.0,2.0,42184,M,4606132.0,404762.0,42
201800025982,18,1,18,800,2,2,3,1.0,3.0,42187,M,4603614.0,406372.0,42
201800025983,18,1,19,1312,1,2,1,1.0,6.0,42071,M,4600573.0,410246.0,42
201800025984,18,3,5,732,1,2,1,1.0,2.0,42187,M,4604726.0,407418.0,42
201800025985,18,3,12,1630,1,2,1,2.0,6.0,42127,M,4606600.0,405758.0,42
201800025986,18,3,14,1445,1,2,1,1.0,6.0,42187,M,4602850.0,408240.0,42
201800025987,18,3,16,1748,1,2,3,8.0,1.0,42187,M,4602851.0,406792.0,42
201800025988,18,3,16,800,1,2,6,1.0,2.0,42127,M,4606635.0,406301.0,42
201800025989,18,3,22,548,3,1,1,1.0,6.0,42170,M,4604094.0,415277.0,42
201800025990,18,3,22,2015,5,2,3,2.0,3.0,42187,M,4603117.0,406733.0,42
201800025991,18,3,29,1428,1,2,1,1.0,2.0,42184,M,4605361.0,406423.0,42
201800025992,18,4,5,1540,1,2,2,1.0,2.0,42187,M,4605066.0,406667.0,42
201800025993,18,4,6,1750,1,2,9,1.0,3.0,42187,M,4603714.0,407538.0,42
201800025994,18,4,12,1728,1,2,9,1.0,5.0,42127,M,4606340.0,406140.0,42
201800025995,18,4,12,1500,1,2,1,1.0,2.0,42071,M,4602512.0,408652.0,42
201800025996,18,4,23,1350,1,2,1,1.0,2.0,42187,M,4604687.0,406937.0,42
201800025997,18,4,29,1800,1,2,1,2.0,5.0,42187,M,4603338.0,404945.0,42
201800025998,18,5,1,1130,1,2,2,1.0,3.0,42184,M,4605051.0,406677.0,42
201800025999,18,5,7,1540,1,2,1,1.0,6.0,42187,M,4604870.0,406290.0,42
201800026000,18,5,18,945,1,2,1,1.0,6.0,42187,M,4604044.0,405365.0,42
201800026001,18,5,24,1035,1,1,2,1.0,3.0,42184,M,4602719.0,402539.0,42
201800026002,18,5,24,1439,1,2,6,1.0,3.0,42071,M,4602601.0,409593.0,42
201800026003,18,5,25,803,1,2,1,1.0,6.0,42071,M,4602405.0,409091.0,42
201800026004,18,5,23,1140,1,1,9,1.0,7.0,42127,M,4607825.0,406689.0,42
201800026005,18,5,30,730,1,2,3,1.0,3.0,42071,M,4602431.0,408704.0,42
201800026006,18,6,1,1615,1,2,9,1.0,6.0,42187,M,4603516.0,407273.0,42
201800026007,18,6,1,1830,1,2,1,1.0,3.0,42187,M,4603823.0,407739.0,42
201800026008,18,6,3,845,1,2,9,1.0,6.0,42184,M,4605448.0,404082.0,42
201800026009,18,6,18,1711,1,2,1,1.0,6.0,42187,M,4603380.0,405090.0,42
201800026010,18,6,22,1525,1,2,3,1.0,3.0,42187,M,4605763.0,408355.0,42
201800026011,18,6,23,2140,2,2,1,1.0,1.0,42071,M,4603135.0,408284.0,42
201800026012,18,6,28,2052,2,2,1,1.0,3.0,42187,M,4603850.0,406250.0,42
201800026013,18,7,1,445,5,2,1,1.0,6.0,42127,M,4607138.0,404594.0,42
201800026014,18,7,4,1455,1,2,2,1.0,3.0,42184,M,4604931.0,403477.0,42
201800026015,18,7,7,1835,1,2,1,1.0,1.0,42127,M,4605854.0,407233.0,42
201800026016,18,7,10,1022,1,2,6,1.0,6.0,42187,M,4603996.0,405252.0,42
201800026017,18,7,11,830,1,2,2,1.0,6.0,42187,M,4603575.0,405212.0,42
201800026018,18,7,13,650,1,2,1,1.0,6.0,42187,M,4605263.0,407674.0,42
201800026019,18,7,14,945,1,2,1,1.0,3.0,42187,M,4604659.0,406956.0,42
201800026020,18,7,16,120,5,2,1,1.0,6.0,42187,M,4603520.0,407286.0,42
201800026021,18,7,11,1440,1,2,1,1.0,4.0,42071,M,4602498.0,409656.0,42
201800026022,18,7,19,2000,1,2,2,1.0,3.0,42187,M,4604048.0,406771.0,42
201800026023,18,7,23,1415,1,2,1,1.0,6.0,42187,M,4603315.0,407843.0,42
201800026024,18,8,3,2035,1,2,9,1.0,6.0,42184,M,4605636.0,406252.0,42
201800026025,18,8,5,24,4,1,1,1.0,6.0,42187,M,4605686.0,407409.0,42
201800026026,18,8,2,1150,1,1,1,1.0,1.0,42127,M,4609566.0,403178.0,42
201800026027,18,8,8,1630,1,2,1,1.0,6.0,42187,M,4603525.0,406600.0,42
201800026028,18,8,11,2120,5,2,2,1.0,1.0,42187,M,4602299.0,405367.0,42
201800026029,18,8,16,1100,1,2,3,7.0,1.0,42184,M,4604076.0,405124.0,42
201800026030,18,8,18,1445,1,2,1,1.0,3.0,42187,M,4603523.0,407289.0,42
201800026031,18,8,18,2119,5,2,3,1.0,3.0,42187,M,4602735.0,406371.0,42
201800026032,18,9,9,511,5,2,2,1.0,3.0,42187,M,4603572.0,405223.0,42
201800026033,18,9,11,750,1,2,2,7.0,3.0,42187,M,4604077.0,405728.0,42
201800026034,18,9,11,1105,1,2,1,1.0,6.0,42187,M,4603429.0,406672.0,42
201800026035,18,9,16,1725,1,2,1,1.0,5.0,42187,M,4608701.0,407498.0,42
201800026036,18,9,17,1930,2,1,1,1.0,6.0,42170,M,4602431.0,410717.0,42
201800026037,18,9,18,1632,1,2,1,1.0,6.0,42071,M,4601802.0,409094.0,42
201800026038,18,9,21,1840,1,1,1,2.0,1.0,42170,M,4604659.0,413009.0,42
201800026039,18,9,22,1927,1,2,1,1.0,6.0,42187,M,4602963.0,406723.0,42
201800026040,18,9,24,1805,1,2,2,1.0,6.0,42187,M,4606704.0,406963.0,42
201800026041,18,9,25,1820,1,2,2,7.0,3.0,42127,M,4606704.0,406963.0,42
201800026042,18,9,27,1700,1,2,9,1.0,6.0,42187,M,4605590.0,408647.0,42
201800026043,18,9,28,1020,1,2,1,1.0,6.0,42187,M,4603930.0,405545.0,42
201800026044,18,9,30,1835,1,2,1,1.0,2.0,42187,M,4603795.0,406446.0,42
201800026045,18,10,8,2032,3,1,1,1.0,3.0,42170,M,4604462.0,412577.0,42
201800026046,18,10,9,1725,1,2,9,1.0,6.0,42187,M,4603856.0,405825.0,42
201800026047,18,10,12,740,1,2,2,1.0,3.0,42187,M,4603189.0,407637.0,42
201800026048,18,10,12,1220,1,1,1,1.0,3.0,42187,M,4605108.0,408303.0,42
201800026049,18,10,16,1150,1,2,1,1.0,3.0,42187,M,4603965.0,405382.0,42
201800026050,18,10,16,2100,5,2,6,1.0,3.0,42187,M,4602905.0,406575.0,42
201800026051,18,10,19,1852,2,2,3,1.0,7.0,42184,M,4604164.0,404990.0,42
201800026052,18,10,23,1650,1,2,3,7.0,3.0,42187,M,4605003.0,409008.0,42
201800026053,18,10,23,1625,1,1,1,1.0,1.0,42170,M,4606145.0,412431.0,42
201800026054,18,10,29,1800,5,2,1,3.0,4.0,42071,M,4603215.0,408093.0,42
201800026055,18,11,7,2100,5,2,2,2.0,3.0,42071,M,4603169.0,408233.0,42
201800026056,18,11,17,1743,5,2,1,1.0,2.0,42187,M,4604085.0,407517.0,42
201800026057,18,11,19,2105,5,2,6,1.0,3.0,42184,M,4605718.0,404617.0,42
201800026058,18,11,21,940,1,2,3,8.0,3.0,42187,M,4603215.0,406468.0,42
201800026059,18,11,23,1645,2,2,3,2.0,3.0,42187,M,4602148.0,406449.0,42
201800026060,18,11,27,745,2,2,1,2.0,3.0,42071,M,4603156.0,408258.0,42
201800026061,18,11,28,1521,1,2,1,1.0,6.0,42127,M,4606931.0,407380.0,42
201800026062,18,11,29,900,1,1,1,1.0,1.0,42170,M,4603598.0,413192.0,42
201800026063,18,12,3,605,4,2,5,2.0,6.0,42187,M,4604353.0,406761.0,42
201800026064,18,12,4,1215,1,2,9,1.0,3.0,42187,M,4604077.0,405637.0,42
201800026065,18,12,7,1720,3,2,1,1.0,7.0,42187,M,4604852.0,409544.0,42
201800026066,18,12,10,645,5,2,2,2.0,3.0,42187,M,4603570.0,405459.0,42
201800026067,18,1,7,233,5,2,1,1.0,7.0,42218,M,4546571.0,440168.0,42
201800026068,18,1,6,1710,2,1,1,1.0,5.0,42223,M,4546055.0,432896.0,42
201800026069,18,12,24,1123,1,2,1,1.0,6.0,42218,M,4544793.0,440877.0,42
201800026070,18,1,16,1635,1,2,3,1.0,3.0,42218,M,4543884.0,440022.0,42
201800026071,18,12,24,1601,1,2,2,2.0,3.0,42218,M,4542513.0,442049.0,42
201800026072,18,1,18,1650,1,2,1,1.0,1.0,42218,M,4544791.0,440980.0,42
201800026073,18,1,13,1434,1,2,1,1.0,6.0,42218,M,4542978.0,438989.0,42
201800026074,18,1,19,1405,1,2,2,1.0,6.0,42218,M,4546311.0,438054.0,42
201800026075,18,1,22,2200,5,2,3,1.0,3.0,42218,M,4543768.0,439551.0,42
201800026076,18,1,24,7,5,2,6,1.0,3.0,42218,M,4542120.0,441165.0,42
201800026077,18,10,9,1202,1,1,1,1.0,7.0,42218,M,4538920.0,447886.0,42
201800026078,18,1,11,1710,2,2,1,1.0,6.0,42218,M,4544123.0,438450.0,42
201800026079,18,1,19,1115,1,2,1,2.0,6.0,42218,M,4545542.0,438241.0,42
201800026080,18,1,11,1600,1,2,1,1.0,6.0,42305,M,4548365.0,442311.0,42
201800026081,18,1,17,925,1,2,1,1.0,6.0,42218,M,4542190.0,441286.0,42
201800026082,18,7,31,1830,2,2,3,2.0,7.0,42218,M,4543969.0,438716.0,42
201800026083,18,1,25,2235,5,2,3,1.0,3.0,42218,M,4542254.0,439187.0,42
201800026084,18,1,27,1400,1,2,1,1.0,3.0,42218,M,4545987.0,441368.0,42
201800026085,18,2,4,330,4,2,3,1.0,3.0,42218,M,4545875.0,439534.0,42
201800026086,18,2,4,1854,5,2,2,1.0,3.0,42218,M,4544346.0,437944.0,42
201800026087,18,1,28,1900,5,2,1,2.0,6.0,42218,M,4546603.0,440164.0,42
201800026088,18,1,31,830,1,2,1,1.0,6.0,42218,M,4544256.0,441062.0,42
201800026089,18,2,7,1015,1,2,3,8.0,6.0,42218,M,4543658.0,439399.0,42
201800026090,18,2,10,2100,5,2,1,2.0,1.0,42218,M,4543938.0,437865.0,42
201800026091,18,2,10,925,1,2,1,1.0,6.0,42305,M,4548195.0,443412.0,42
201800026092,18,2,16,1215,1,2,1,8.0,2.0,42218,M,4545400.0,438371.0,42
201800026093,18,2,17,1855,5,2,3,1.0,3.0,42218,M,4541084.0,438551.0,42
201800026094,18,3,21,1100,1,2,3,1.0,2.0,42330,M,4547061.0,435910.0,42
201800026095,18,3,25,830,2,2,2,1.0,3.0,42305,M,4548116.0,443478.0,42
201800026096,18,3,30,1750,1,2,3,1.0,2.0,42218,M,4544305.0,439735.0,42
201800026097,18,3,30,1830,1,2,3,1.0,3.0,42218,M,4542151.0,437735.0,42
201800026098,18,4,6,446,5,2,2,1.0,6.0,42218,M,4544327.0,438674.0,42
201800026099,18,4,7,1007,1,2,1,1.0,6.0,42218,M,4542375.0,439520.0,42
201800026100,18,4,17,2130,5,2,3,1.0,6.0,42218,M,4543237.0,438117.0,42
201800026101,18,4,16,1345,1,2,3,1.0,3.0,42218,M,4544479.0,438433.0,42
201800026102,18,4,19,645,5,2,3,1.0,3.0,42218,M,4543450.0,442082.0,42
201800026103,18,4,20,1055,1,2,3,1.0,3.0,42218,M,4543284.0,439506.0,42
201800026104,18,4,25,1823,1,2,1,1.0,4.0,42218,M,4540664.0,438285.0,42
201800026105,18,5,1,730,1,2,1,2.0,6.0,42218,M,4544197.0,440781.0,42
201800026106,18,4,25,1844,1,2,3,8.0,2.0,42218,M,4542842.0,438591.0,42
201800026107,18,5,5,1415,1,2,1,1.0,3.0,42218,M,4544091.0,436547.0,42
201800026108,18,5,13,725,1,2,2,2.0,3.0,42218,M,4544559.0,438298.0,42
201800026109,18,5,15,1310,1,2,3,8.0,3.0,42218,M,4542768.0,438318.0,42
201800026110,18,5,22,1806,1,2,3,1.0,2.0,42218,M,4546275.0,439766.0,42
201800026111,18,5,23,1927,1,2,1,1.0,6.0,42218,M,4543554.0,438295.0,42
201800026112,18,5,23,1524,1,2,1,1.0,6.0,42218,M,4544903.0,438086.0,42
201800026113,18,5,26,1010,1,2,1,1.0,6.0,42218,M,4541826.0,439672.0,42
201800026114,18,5,31,1938,1,2,2,8.0,7.0,42218,M,4544209.0,440826.0,42
201800026115,18,5,24,1428,1,2,6,1.0,5.0,42218,M,4545812.0,440534.0,42
201800026116,18,5,25,1802,1,2,1,1.0,4.0,42218,M,4544085.0,440313.0,42
201800026117,18,5,29,1715,1,2,1,8.0,6.0,42218,M,4542243.0,439552.0,42
201800026118,18,5,24,1652,1,2,1,1.0,6.0,42218,M,4543656.0,438827.0,42
201800026119,18,5,28,1147,1,2,1,1.0,6.0,42218,M,4541754.0,440032.0,42
201800026120,18,6,1,142,5,2,1,1.0,7.0,42218,M,4544110.0,440426.0,42
201800026121,18,6,8,1000,1,2,3,8.0,2.0,42218,M,4543987.0,442725.0,42
201800026122,18,6,7,1809,1,2,6,2.0,7.0,42218,M,4545901.0,440778.0,42
201800026123,18,6,13,1400,1,2,3,8.0,3.0,42305,M,4546600.0,442193.0,42
201800026124,18,5,26,1603,1,2,1,1.0,6.0,42218,M,4543334.0,437939.0,42
201800026125,18,5,27,1421,1,2,2,1.0,3.0,42218,M,4542392.0,439615.0,42
201800026126,18,6,10,1153,1,2,2,1.0,3.0,42218,M,4542577.0,439539.0,42
201800026127,18,6,23,2339,5,2,1,1.0,6.0,42218,M,4542201.0,437515.0,42
201800026128,18,6,26,921,1,2,1,1.0,6.0,42218,M,4545210.0,438236.0,42
201800026129,18,7,1,1932,1,2,2,1.0,3.0,42218,M,4541578.0,439495.0,42
201800026130,18,7,1,1100,1,2,1,1.0,2.0,42218,M,4544649.0,439411.0,42
201800026131,18,5,6,1325,1,2,1,1.0,2.0,42218,M,4542820.0,438327.0,42
201800026132,18,6,23,1430,1,1,6,1.0,2.0,42189,M,4543305.0,434658.0,42
201800026133,18,6,29,950,1,2,3,1.0,3.0,42218,M,4541242.0,438483.0,42
201800026134,18,7,23,905,1,2,3,1.0,6.0,42218,M,4543130.0,438783.0,42
201800026135,18,7,7,1645,1,1,1,1.0,1.0,42218,M,4540835.0,444290.0,42
201800026136,18,7,11,1707,1,2,1,1.0,6.0,42218,M,4542505.0,440817.0,42
201800026137,18,7,25,1135,1,2,1,1.0,3.0,42218,M,4546248.0,438255.0,42
201800026138,18,7,12,547,2,2,2,1.0,3.0,42218,M,4546363.0,438232.0,42
201800026139,18,7,19,702,1,2,1,1.0,6.0,42218,M,4543584.0,439351.0,42
201800026140,18,7,28,1740,1,2,3,1.0,3.0,42218,M,4543911.0,439142.0,42
201800026141,18,8,2,1000,1,2,3,1.0,3.0,42275,M,4547106.0,437358.0,42
201800026142,18,8,7,1630,1,2,1,1.0,2.0,42189,M,4544110.0,432023.0,42
201800026143,18,8,14,2120,4,2,1,1.0,3.0,42218,M,4544207.0,442127.0,42
201800026144,18,8,18,1944,1,2,1,1.0,7.0,42218,M,4543190.0,440911.0,42
201800026145,18,9,6,2057,5,2,2,2.0,6.0,42218,M,4544717.0,436887.0,42
201800026146,18,9,11,1620,1,2,1,1.0,6.0,42218,M,4540968.0,438349.0,42
201800026147,18,9,13,1603,1,2,2,1.0,3.0,42218,M,4546248.0,438255.0,42
201800026148,18,9,22,1428,1,2,1,1.0,6.0,42218,M,4543728.0,439064.0,42
201800026149,18,9,30,1700,1,2,1,1.0,6.0,42218,M,4544804.0,438877.0,42
201800026150,18,10,2,800,2,2,3,1.0,6.0,42218,M,4541840.0,439987.0,42
201800026151,18,10,14,1122,1,2,2,1.0,6.0,42275,M,4547413.0,437805.0,42
201800026152,18,10,11,1125,1,2,2,1.0,6.0,42218,M,4542292.0,440930.0,42
201800026153,18,10,15,726,2,2,6,1.0,3.0,42189,M,4543226.0,432089.0,42
201800026154,18,10,27,1415,1,2,9,9.0,3.0,42218,M,4544861.0,438851.0,42
201800026155,18,11,11,2256,5,2,2,1.0,3.0,42218,M,4544262.0,437920.0,42
201800026156,18,11,13,846,1,2,1,1.0,6.0,42218,M,4544904.0,437972.0,42
201800026157,18,11,15,420,5,2,1,5.0,6.0,42218,M,4543521.0,442115.0,42
201800026158,18,11,15,711,2,2,3,5.0,3.0,42305,M,4545787.0,442285.0,42
201800026159,18,11,22,545,5,1,1,5.0,7.0,42218,M,4545991.0,440899.0,42
201800026160,18,11,24,1755,5,2,1,1.0,6.0,42218,M,4541261.0,439140.0,42
201800026161,18,11,25,652,2,2,3,1.0,6.0,42218,M,4545682.0,438217.0,42
201800026162,18,11,23,1900,5,2,9,3.0,6.0,42218,M,4545677.0,438223.0,42
201800026163,18,11,30,657,5,2,1,1.0,6.0,42218,M,4542703.0,440366.0,42
201800026164,18,8,15,1818,1,2,4,1.0,3.0,42218,M,4545531.0,438767.0,42
201800026165,18,12,15,1915,5,2,1,2.0,6.0,42218,M,4547139.0,439581.0,42
201800026166,18,12,8,1858,5,2,2,1.0,3.0,42218,M,4544279.0,441142.0,42
201800026167,18,12,14,927,1,1,1,1.0,1.0,42218,M,4538555.0,445848.0,42
201800026168,18,1,4,1750,5,2,3,9.0,7.0,42123,M,4551727.0,459185.0,42
201800026169,18,11,17,1755,2,2,1,1.0,4.0,42186,M,4552992.0,462155.0,42
201800026170,18,1,13,1420,1,1,1,7.0,1.0,42053,M,4552864.0,463926.0,42
201800026171,18,1,17,1425,1,1,1,1.0,6.0,42259,M,4554804.0,458355.0,42
201800026172,18,1,13,1305,1,2,3,1.0,3.0,42110,M,4548284.0,453000.0,42
201800026173,18,1,6,1140,1,2,8,1.0,6.0,42186,M,4552869.0,461652.0,42
201800026174,18,2,26,1550,1,2,7,1.0,6.0,42186,M,4552882.0,461658.0,42
201800026175,18,3,10,1233,1,2,3,1.0,3.0,42207,M,4547454.0,450837.0,42
201800026176,18,3,18,1845,5,2,1,1.0,3.0,42186,M,4552416.0,460666.0,42
201800026177,18,4,6,1400,1,2,1,1.0,2.0,42207,M,4547331.0,451064.0,42
201800026178,18,3,22,855,1,2,1,1.0,6.0,42207,M,4547645.0,450862.0,42
201800026179,18,4,13,1645,1,2,3,1.0,6.0,42207,M,4547401.0,451534.0,42
201800026180,18,4,13,1854,1,2,1,1.0,2.0,42207,M,4545776.0,450309.0,42
201800026181,18,4,20,1625,1,2,1,1.0,3.0,42207,M,4547491.0,450502.0,42
201800026182,18,4,20,1710,1,2,9,1.0,6.0,42207,M,4547619.0,450664.0,42
201800026183,18,4,26,823,1,2,1,1.0,6.0,42207,M,4547677.0,451433.0,42
201800026184,18,5,7,1729,1,2,9,1.0,2.0,42186,M,4552569.0,461152.0,42
201800026185,18,5,8,1620,1,2,9,1.0,6.0,42186,M,4552012.0,459580.0,42
201800026186,18,5,9,1015,1,1,1,1.0,3.0,42259,M,4553670.0,459490.0,42
201800026187,18,5,19,855,1,2,1,1.0,3.0,42186,M,4553541.0,463293.0,42
201800026188,18,6,6,1655,1,2,1,1.0,3.0,42123,M,4551288.0,458147.0,42
201800026189,18,6,11,1740,1,2,1,3.0,4.0,42207,M,4547900.0,452600.0,42