Num_Acc,an,mois,jour,hrmn,lum,agg,int,atm,col,com,gps,lat,long,dep
201800026190,18,6,12,1920,1,2,2,2.0,6.0,42207,M,4547784.0,451574.0,42
201800026191,18,6,25,1756,1,2,3,1.0,3.0,42123,M,4551138.0,457800.0,42
201800026192,18,6,25,1630,1,2,3,1.0,3.0,42110,M,4548812.0,454687.0,42
201800026193,18,7,1,2200,2,2,1,1.0,6.0,42207,M,4547664.0,450959.0,42
201800026194,18,7,3,1210,1,1,4,1.0,3.0,42259,M,4554109.0,461694.0,42
201800026195,18,7,10,918,1,1,1,1.0,6.0,42225,M,4553585.0,459263.0,42
201800026196,18,7,24,1700,1,1,1,1.0,3.0,42103,M,4550676.0,456690.0,42
201800026197,18,7,24,1940,1,2,1,1.0,2.0,42103,M,4550035.0,456657.0,42
201800026198,18,8,1,1055,1,2,1,1.0,6.0,42207,M,4547185.0,449386.0,42
201800026199,18,7,26,1220,1,2,1,1.0,3.0,42186,M,4552390.0,460638.0,42
201800026200,18,8,21,1815,1,2,1,1.0,2.0,42186,M,4551831.0,459913.0,42
201800026201,18,9,16,1920,1,2,3,1.0,5.0,42207,M,4546250.0,450055.0,42
201800026202,18,9,28,1150,1,2,1,1.0,2.0,42225,M,4553159.0,459501.0,42
201800026203,18,9,29,2130,5,2,1,1.0,3.0,42186,M,4552456.0,460811.0,42
201800026204,18,10,23,2100,5,2,1,1.0,4.0,42123,M,4551385.0,458374.0,42
201800026205,18,10,24,1150,1,2,1,1.0,6.0,42207,M,4547651.0,453439.0,42
201800026206,18,11,2,1000,1,2,1,1.0,1.0,42225,M,4552211.0,459307.0,42
201800026207,18,11,24,1025,1,1,1,1.0,1.0,42225,M,4554211.0,456163.0,42
201800026208,18,12,7,2020,5,2,9,1.0,3.0,42186,M,4553309.0,462995.0,42
201800026209,18,11,16,1915,5,2,1,1.0,6.0,42207,M,4548072.0,451505.0,42
201800026210,18,3,3,2025,5,2,1,1.0,6.0,43157,M,,,43
201800026211,18,4,7,1400,1,2,1,1.0,6.0,43157,M,,,43
201800026212,18,4,9,1235,1,2,1,1.0,6.0,43157,M,4504700.0,389401.0,43
201800026213,18,3,8,810,1,2,1,1.0,6.0,43089,M,,,43
201800026214,18,3,22,1750,1,2,1,1.0,6.0,43157,M,4503940.0,388198.0,43
201800026215,18,5,1,1725,1,2,9,1.0,3.0,43157,M,4503300.0,388613.0,43
201800026216,18,5,3,750,1,2,1,1.0,6.0,43157,M,,,43
201800026217,18,5,7,1540,1,2,2,1.0,3.0,43157,M,4504361.0,388997.0,43
201800026218,18,6,1,1715,1,2,1,8.0,2.0,43157,M,4504630.0,389162.0,43
201800026219,18,6,9,955,1,2,1,1.0,6.0,43046,M,4506093.0,390206.0,43
201800026220,18,6,16,150,5,2,2,1.0,3.0,43157,M,4504079.0,388523.0,43
201800026221,18,6,19,1510,1,2,1,1.0,6.0,43041,M,4504979.0,391445.0,43
201800026222,18,6,21,1400,1,2,1,1.0,3.0,43089,M,4504922.0,386899.0,43
201800026223,18,6,29,825,1,2,1,1.0,6.0,43157,M,4504280.0,388042.0,43
201800026224,18,7,13,740,1,2,2,1.0,3.0,43157,M,,,43
201800026225,18,7,27,1710,1,2,2,1.0,6.0,43002,M,4505177.0,388755.0,43
201800026226,18,9,4,1540,1,2,1,1.0,3.0,43157,M,,,43
201800026227,18,9,16,920,1,2,1,1.0,6.0,43041,M,4504186.0,393614.0,43
201800026228,18,9,20,2015,1,1,3,1.0,1.0,43089,M,4504963.0,384797.0,43
201800026229,18,9,13,1322,1,2,3,1.0,2.0,43089,M,4504310.0,386826.0,43
201800026230,18,9,28,1150,1,2,6,1.0,6.0,43251,M,4502750.0,388097.0,43
201800026231,18,10,11,1715,1,2,1,1.0,6.0,43157,M,,,43
201800026232,18,10,25,1630,1,2,1,1.0,6.0,43251,M,,,43
201800026233,18,11,1,1810,3,1,1,5.0,1.0,43041,M,4503790.0,393362.0,43
201800026234,18,11,6,1725,2,2,1,8.0,2.0,43157,M,4503720.0,388174.0,43
201800026235,18,11,11,1735,5,2,1,1.0,6.0,43157,M,,,43
201800026236,18,12,18,1825,5,2,2,1.0,3.0,43157,M,4501650.0,389579.0,43
201800026237,18,12,21,2300,5,2,7,8.0,6.0,43157,M,4504181.0,388227.0,43
201800026238,18,12,26,945,1,2,1,1.0,6.0,43157,M,4504305.0,388045.0,43
201800026239,18,1,6,1030,1,2,1,8.0,3.0,44132,M,4725782.0,-232417.0,44
201800026240,18,1,29,1030,1,1,2,2.0,3.0,44132,M,4727975.0,-230251.0,44
201800026241,18,2,20,1120,1,2,3,7.0,3.0,44132,M,4725822.0,-233556.0,44
201800026242,18,3,23,1120,1,2,3,1.0,3.0,44132,M,4728651.0,-239163.0,44
201800026243,18,4,13,1921,1,2,2,1.0,3.0,44055,M,4727779.0,-236995.0,44
201800026244,18,4,22,130,3,2,1,9.0,6.0,44132,M,4726141.0,-231853.0,44
201800026245,18,4,23,1635,1,2,1,1.0,7.0,44132,M,4725955.0,-228967.0,44
201800026246,18,5,4,800,1,2,6,1.0,2.0,44132,M,4725955.0,-233892.0,44
201800026247,18,5,19,1740,1,2,1,1.0,6.0,44132,M,4725974.0,-233086.0,44
201800026248,18,6,23,1627,1,2,3,1.0,3.0,44055,M,4727331.0,-234486.0,44
201800026249,18,7,13,1505,1,2,9,1.0,6.0,44055,M,4728560.0,-239704.0,44
201800026250,18,7,20,1915,1,2,4,1.0,6.0,44055,M,4727996.0,-236811.0,44
201800026251,18,7,28,940,1,2,1,1.0,6.0,44132,M,4725756.0,-233831.0,44
201800026252,18,8,7,1230,1,2,1,1.0,6.0,44132,M,4726224.0,-233629.0,44
201800026253,18,8,11,1125,1,2,1,1.0,6.0,44132,M,4726572.0,-233646.0,44
201800026254,18,9,11,1756,1,2,1,1.0,6.0,44132,M,4725807.0,-233578.0,44
201800026255,18,9,14,1705,1,2,6,1.0,3.0,44135,M,4727670.0,-242793.0,44
201800026256,18,10,1,915,1,1,1,1.0,3.0,44055,M,4729109.0,-233581.0,44
201800026257,18,10,24,1724,1,1,1,1.0,2.0,44132,M,4727702.0,-230955.0,44
201800026258,18,1,7,250,5,2,1,1.0,1.0,44109,M,4722587.0,-158545.0,44
201800026259,18,9,26,1440,1,2,1,1.0,6.0,44109,M,4720966.0,-152568.0,44
201800026260,18,1,4,200,5,2,1,2.0,6.0,44109,M,4719603.0,-161115.0,44
201800026261,18,1,15,1945,5,2,1,9.0,3.0,44109,M,4722048.0,-154599.0,44
201800026262,18,1,5,1845,5,2,1,2.0,6.0,44109,M,4723289.0,-150612.0,44
201800026263,18,1,5,2105,4,2,1,2.0,2.0,44109,M,4719302.0,-161372.0,44
201800026264,18,1,15,745,5,2,1,2.0,6.0,44109,M,4726342.0,-157946.0,44
201800026265,18,1,9,920,1,2,1,1.0,6.0,44190,M,4719900.0,149300.0,44
201800026266,18,1,29,730,5,2,1,2.0,6.0,44109,M,4721155.0,-154295.0,44
201800026267,18,1,13,1615,1,2,1,8.0,6.0,44109,M,4720500.0,-156300.0,44
201800026268,18,1,28,45,5,1,1,3.0,1.0,44162,M,4721200.0,-163300.0,44
201800026269,18,1,4,920,1,2,3,2.0,3.0,44109,M,4720863.0,-156937.0,44
201800026270,18,1,29,1744,1,2,1,1.0,6.0,44190,M,4719900.0,-152000.0,44
201800026271,18,1,27,30,5,2,1,1.0,1.0,44162,M,4723405.0,-161761.0,44
201800026272,18,1,26,1540,1,2,2,1.0,6.0,44109,M,4723836.0,-153881.0,44
201800026273,18,1,28,2030,2,2,2,1.0,1.0,44190,M,4719899.0,-150807.0,44
201800026274,18,1,20,1530,1,2,2,1.0,6.0,44109,M,4723800.0,-157000.0,44
201800026275,18,1,10,1635,1,1,1,1.0,1.0,44162,M,4725552.0,-164325.0,44
201800026276,18,1,10,1715,1,2,1,1.0,3.0,44109,M,4722600.0,-154200.0,44
201800026277,18,1,28,45,3,1,1,2.0,4.0,44162,M,4720600.0,-162500.0,44
201800026278,18,2,8,1935,5,2,1,1.0,5.0,44109,M,4722000.0,-160300.0,44
201800026279,18,2,10,1815,5,2,1,1.0,6.0,44109,M,4724894.0,-152183.0,44
201800026280,18,2,3,1115,1,2,1,1.0,1.0,44109,M,4720100.0,-158938.0,44
201800026281,18,2,6,1815,3,1,3,2.0,5.0,44114,M,4728900.0,-165600.0,44
201800026282,18,2,8,850,1,2,1,1.0,6.0,44109,M,4723061.0,-152910.0,44
201800026283,18,2,5,1545,1,2,7,1.0,6.0,44114,M,4725092.0,-161822.0,44
201800026284,18,2,13,755,2,2,6,3.0,6.0,44109,M,4724256.0,-153400.0,44
201800026285,18,2,20,225,5,2,1,1.0,6.0,44143,M,4716277.0,-153717.0,44
201800026286,18,2,7,1730,1,2,1,1.0,3.0,44109,M,4723182.0,-156835.0,44
201800026287,18,2,13,1635,1,2,1,1.0,2.0,44109,M,4719830.0,-160754.0,44
201800026288,18,2,20,1714,1,2,1,1.0,3.0,44143,M,4717400.0,154449.0,44
201800026289,18,2,16,910,1,2,1,2.0,3.0,44109,M,4721717.0,-155225.0,44
201800026290,18,1,15,5,5,2,3,1.0,5.0,44109,M,4724600.0,-150000.0,44
201800026291,18,1,19,1000,1,2,1,1.0,1.0,44162,M,4723600.0,-164200.0,44
201800026292,18,1,24,1800,1,2,1,1.0,6.0,44162,M,4721135.0,-165330.0,44
201800026293,18,1,26,825,1,2,1,1.0,1.0,44109,M,4724029.0,-153065.0,44
201800026294,18,2,24,1910,1,2,1,1.0,2.0,44109,M,4726528.0,-157865.0,44
201800026295,18,2,28,730,1,2,2,1.0,6.0,44109,M,4723108.0,-158896.0,44
201800026296,18,3,3,1545,1,2,2,1.0,1.0,44190,M,4720709.0,-150435.0,44
201800026297,18,2,21,857,1,2,4,1.0,1.0,44109,M,4721229.0,-155439.0,44
201800026298,18,2,16,1100,1,2,1,1.0,6.0,44143,M,4719349.0,154923.0,44
201800026299,18,2,25,1330,1,2,3,1.0,3.0,44114,M,4725546.0,-157739.0,44
201800026300,18,3,2,1915,5,2,1,1.0,1.0,44109,M,4720996.0,-158706.0,44
201800026301,18,3,4,2250,3,1,1,1.0,6.0,44114,M,4726327.0,-160712.0,44
201800026302,18,3,5,1050,1,2,1,1.0,6.0,44162,M,4723824.0,-159593.0,44
201800026303,18,2,17,49,3,1,1,2.0,2.0,44114,M,4726137.0,-161349.0,44
201800026304,18,3,13,2120,3,1,1,1.0,6.0,44162,M,4720900.0,-162700.0,44
201800026305,18,3,13,2220,5,2,1,9.0,6.0,44109,M,4721129.0,-155274.0,44
201800026306,18,3,14,815,1,2,1,1.0,6.0,44109,M,4721100.0,-155800.0,44
201800026307,18,3,22,1145,1,2,1,1.0,2.0,44109,M,4723331.0,-156591.0,44
201800026308,18,3,24,300,5,2,1,1.0,1.0,44109,M,4722600.0,-155500.0,44
201800026309,18,3,22,1040,1,2,1,1.0,6.0,44109,M,4724796.0,-155497.0,44
201800026310,18,3,20,815,1,1,1,1.0,4.0,44143,M,4715900.0,154600.0,44
201800026311,18,3,20,1630,1,2,2,1.0,5.0,44162,M,4723300.0,-159000.0,44
201800026312,18,4,1,415,5,2,1,1.0,6.0,44190,M,4719400.0,-148100.0,44
201800026313,18,3,12,1444,1,2,1,1.0,6.0,44109,M,4723839.0,-158591.0,44
201800026314,18,3,28,1515,1,2,1,1.0,3.0,44162,M,4720174.0,-162103.0,44
201800026315,18,3,28,1410,1,2,1,1.0,6.0,44109,M,4721546.0,-157477.0,44
201800026316,18,3,30,915,1,2,1,2.0,6.0,44109,M,4723600.0,-154600.0,44
201800026317,18,4,4,2010,1,2,1,1.0,6.0,44109,M,4725187.0,-152729.0,44
201800026318,18,4,8,2150,5,2,1,2.0,1.0,44109,M,4725902.0,-157493.0,44
201800026319,18,3,27,2130,5,2,1,1.0,1.0,44109,M,4724099.0,-153557.0,44
201800026320,18,4,7,910,1,2,2,1.0,3.0,44109,M,4721294.0,157724.0,44
201800026321,18,4,11,1405,1,2,1,1.0,6.0,44162,M,4724810.0,-161961.0,44
201800026322,18,4,17,1110,1,2,1,7.0,6.0,44109,M,4722171.0,-158626.0,44
201800026323,18,4,3,2353,5,2,2,2.0,6.0,44109,M,4720968.0,-156700.0,44
201800026324,18,4,14,2300,5,2,1,1.0,6.0,44109,M,4720183.0,-155511.0,44
201800026325,18,4,20,1400,1,2,1,1.0,1.0,44109,M,4722619.0,-158321.0,44
201800026326,18,4,22,35,3,1,1,1.0,6.0,44162,M,4720000.0,-161800.0,44
201800026327,18,4,19,915,1,1,1,1.0,4.0,44020,M,4718684.0,-159655.0,44
201800026328,18,4,16,1720,1,2,1,1.0,2.0,44162,M,4721992.0,-162482.0,44
201800026329,18,4,26,2255,5,2,1,1.0,6.0,44162,M,4722394.0,-162556.0,44
201800026330,18,5,1,600,3,1,1,1.0,2.0,44162,M,4719900.0,-165200.0,44
201800026331,18,5,4,720,1,2,1,1.0,3.0,44109,M,4722800.0,-158072.0,44
201800026332,18,3,16,830,1,2,2,1.0,3.0,44109,M,4721606.0,-156586.0,44
201800026333,18,5,4,1740,1,2,1,1.0,6.0,44109,M,4720965.0,-157700.0,44
201800026334,18,4,22,310,5,2,9,2.0,7.0,44109,M,4719570.0,-154430.0,44
201800026335,18,5,3,815,1,1,1,1.0,4.0,44109,M,4718963.0,-161355.0,44
201800026336,18,5,9,1800,1,2,9,1.0,3.0,44143,M,4716651.0,-155369.0,44
201800026337,18,3,31,2020,2,2,1,1.0,6.0,44109,M,4721822.0,-155660.0,44
201800026338,18,5,5,1250,1,2,1,1.0,3.0,44190,M,4718800.0,-150300.0,44
201800026339,18,5,16,655,1,2,1,1.0,1.0,44109,M,4723695.0,-157623.0,44
201800026340,18,5,13,200,5,2,1,1.0,2.0,44109,M,4720669.0,-153382.0,44
201800026341,18,4,13,30,5,2,1,1.0,2.0,44109,M,4721877.0,-155374.0,44
201800026342,18,4,20,100,5,2,1,1.0,7.0,44109,M,4721541.0,-155124.0,44
201800026343,18,4,23,1205,1,2,1,1.0,6.0,44109,M,4721543.0,-154672.0,44
201800026344,18,5,7,1845,1,2,1,1.0,6.0,44109,M,4720742.0,-159097.0,44
201800026345,18,5,8,1430,1,2,1,1.0,6.0,44109,M,4721190.0,-154380.0,44
201800026346,18,4,9,750,1,2,1,1.0,6.0,44109,M,4721362.0,-157318.0,44
201800026347,18,5,22,820,1,2,1,1.0,2.0,44109,M,4723500.0,-154600.0,44
201800026348,18,3,30,2005,5,2,1,3.0,6.0,44109,M,4726280.0,-158148.0,44
201800026349,18,3,21,1600,1,2,1,1.0,6.0,44109,M,4721400.0,-154600.0,44
201800026350,18,3,31,630,5,2,1,1.0,6.0,44109,M,4723800.0,-157000.0,44
201800026351,18,3,25,940,1,2,1,1.0,2.0,44190,M,4719500.0,-152900.0,44
201800026352,18,3,31,2130,2,2,1,1.0,3.0,44109,M,4723315.0,-156572.0,44
201800026353,18,4,27,1410,1,2,1,1.0,3.0,44114,M,4725200.0,-159400.0,44
201800026354,18,5,17,1405,1,2,1,1.0,3.0,44190,M,4719924.0,-150485.0,44
201800026355,18,5,26,1035,1,2,1,1.0,3.0,44143,M,4718512.0,-154628.0,44
201800026356,18,5,21,2335,5,2,1,1.0,6.0,44109,M,4726280.0,-158066.0,44
201800026357,18,6,19,1745,1,2,1,1.0,3.0,44162,M,4722486.0,-162844.0,44
201800026358,18,6,19,2337,5,2,1,1.0,6.0,44109,M,4721005.0,-156277.0,44
201800026359,18,6,24,2105,1,2,1,1.0,3.0,44162,M,4721033.0,-161003.0,44
201800026360,18,6,26,1350,1,2,1,1.0,2.0,44109,M,4723382.0,-153539.0,44
201800026361,18,6,26,815,1,2,1,1.0,3.0,44162,M,4720280.0,-162796.0,44
201800026362,18,6,27,720,1,2,9,1.0,6.0,44162,M,4723162.0,-159257.0,44
201800026363,18,6,28,840,1,1,1,1.0,5.0,44114,M,4726260.0,-160918.0,44
201800026364,18,6,4,1504,1,2,1,1.0,3.0,44190,M,4718860.0,-150096.0,44
201800026365,18,7,13,1335,1,2,9,1.0,3.0,44109,M,4721598.0,-155785.0,44
201800026366,18,4,28,810,1,2,1,1.0,3.0,44162,M,4724869.0,-163425.0,44
201800026367,18,7,10,1715,1,2,1,1.0,6.0,44109,M,4720702.0,-158885.0,44
201800026368,18,6,16,2027,2,2,1,1.0,6.0,44109,M,4721759.0,-155267.0,44
201800026369,18,7,9,1645,1,2,1,1.0,6.0,44162,M,4722196.0,-164224.0,44
201800026370,18,7,18,1900,1,2,1,1.0,3.0,44109,M,4723520.0,-154552.0,44
201800026371,18,6,18,1600,1,1,1,1.0,4.0,44114,M,4725274.0,-163521.0,44
201800026372,18,7,20,1800,1,2,1,1.0,3.0,44109,M,4722500.0,-149755.0,44
201800026373,18,7,22,1800,1,2,1,1.0,1.0,44109,M,4722409.0,-158446.0,44
201800026374,18,6,6,1130,1,2,6,1.0,6.0,44109,M,4724263.0,-152824.0,44
201800026375,18,6,22,100,5,2,1,1.0,6.0,44109,M,4722151.0,-160216.0,44
201800026376,18,6,10,235,5,1,1,1.0,4.0,44162,M,4720966.0,-162680.0,44
201800026377,18,7,23,1850,1,2,1,1.0,1.0,44109,M,4726605.0,-152524.0,44
201800026378,18,5,18,1650,1,2,1,1.0,6.0,44109,M,4727855.0,-151827.0,44
201800026379,18,5,28,800,1,2,1,1.0,6.0,44109,M,4721831.0,-151564.0,44
201800026380,18,6,12,755,1,2,1,1.0,6.0,44109,M,4722876.0,-155337.0,44
201800026381,18,7,2,1855,1,2,1,1.0,6.0,44143,M,4718562.0,-154644.0,44
201800026382,18,6,7,1700,1,2,1,1.0,2.0,44109,M,4720891.0,-154847.0,44
201800026383,18,5,11,2330,5,2,2,1.0,6.0,44109,M,4722423.0,-152034.0,44
201800026384,18,7,27,1355,1,2,1,1.0,3.0,44162,M,4724470.0,-161831.0,44
201800026385,18,5,27,1900,1,2,1,1.0,6.0,44109,M,4722685.0,-160102.0,44
201800026386,18,8,3,945,1,2,4,1.0,2.0,44109,M,4722798.0,-152562.0,44
201800026387,18,7,25,1900,1,2,1,1.0,6.0,44109,M,4723947.0,-158974.0,44
201800026388,18,8,4,1135,1,2,1,1.0,3.0,44114,M,4726093.0,-158812.0,44
201800026389,18,8,6,805,1,1,1,1.0,2.0,44114,M,4725670.0,-163828.0,44
201800026390,18,7,27,6,5,2,1,1.0,7.0,44109,M,4724659.0,-150230.0,44
201800026391,18,7,21,1110,1,2,1,1.0,6.0,44109,M,4723968.0,-148655.0,44
201800026392,18,7,23,1355,1,2,1,1.0,6.0,44109,M,4722147.0,-160276.0,44
201800026393,18,7,19,1050,1,2,1,1.0,6.0,44109,M,4721169.0,-155698.0,44
201800026394,18,7,27,1615,1,2,1,1.0,6.0,44109,M,4720630.0,-153630.0,44
201800026395,18,8,6,1520,1,2,1,1.0,3.0,44109,M,4723990.0,-150800.0,44
201800026396,18,7,25,1745,1,2,1,1.0,4.0,44114,M,4725674.0,-163837.0,44
201800026397,18,8,1,1810,1,2,1,1.0,6.0,44109,M,4719410.0,-161352.0,44
201800026398,18,8,10,445,5,2,1,1.0,6.0,44109,M,4720508.0,-155656.0,44
201800026399,18,8,4,1215,1,2,1,1.0,4.0,44114,M,4726381.0,-158480.0,44
201800026400,18,8,16,1720,1,2,1,1.0,4.0,44162,M,4725257.0,-163127.0,44
201800026401,18,8,17,802,1,2,9,1.0,2.0,44109,M,4724513.0,-151834.0,44
201800026402,18,6,28,925,1,2,1,1.0,3.0,44109,M,4720218.0,-155389.0,44
201800026403,18,6,20,1840,1,2,1,1.0,2.0,44109,M,4719233.0,-161366.0,44
201800026404,18,8,19,1130,1,1,1,1.0,2.0,44215,M,4717743.0,-150647.0,44
201800026405,18,8,25,1635,1,1,1,1.0,2.0,44162,M,4721504.0,-162558.0,44
201800026406,18,8,5,2220,5,2,2,1.0,6.0,44109,M,4722845.0,-152630.0,44
201800026407,18,8,28,1740,1,2,1,1.0,6.0,44109,M,4722974.0,-155167.0,44
201800026408,18,5,27,1835,1,2,1,1.0,4.0,44114,M,4725925.0,-162382.0,44
201800026409,18,5,25,2000,1,1,1,1.0,3.0,44109,M,4720660.0,-153890.0,44
201800026410,18,9,9,1500,1,2,1,1.0,6.0,44109,M,4720693.0,-157367.0,44
201800026411,18,9,11,1105,1,2,1,1.0,6.0,44162,M,4721980.0,-160848.0,44
201800026412,18,9,13,900,1,2,1,2.0,3.0,44109,M,4724367.0,-153383.0,44
201800026413,18,8,18,1010,1,2,1,1.0,4.0,44215,M,4718166.0,-150194.0,44
201800026414,18,8,8,1400,1,2,1,1.0,6.0,44109,M,4720790.0,-156555.0,44
201800026415,18,9,19,2209,5,2,1,1.0,3.0,44109,M,4724130.0,-152959.0,44
201800026416,18,9,22,1410,1,2,1,1.0,3.0,44109,M,4722983.0,-159631.0,44
201800026417,18,9,25,1800,1,2,1,1.0,1.0,44162,M,4720511.0,-165668.0,44
201800026418,18,5,24,2140,2,2,1,1.0,6.0,44109,M,4722199.0,-154867.0,44
201800026419,18,9,25,1730,1,1,9,1.0,2.0,44162,M,4722552.0,-162245.0,44
201800026420,18,6,16,1430,2,2,1,1.0,6.0,44109,M,4725002.0,-155000.0,44
201800026421,18,9,28,920,1,2,1,1.0,6.0,44162,M,4723960.0,-160179.0,44
201800026422,18,9,22,1415,1,2,1,1.0,6.0,44190,M,4719251.0,-148027.0,44
201800026423,18,9,30,2114,3,1,1,1.0,1.0,44162,M,4723476.0,-165232.0,44
201800026424,18,10,1,900,1,2,1,1.0,2.0,44109,M,4721461.0,-154565.0,44
201800026425,18,10,2,920,1,2,1,1.0,6.0,44109,M,4724737.0,-150372.0,44
201800026426,18,10,4,1830,1,2,1,1.0,6.0,44109,M,4721880.0,-156846.0,44
201800026427,18,9,24,1220,1,2,1,1.0,3.0,44109,M,4722470.0,-152108.0,44
201800026428,18,9,6,1825,1,1,1,1.0,5.0,44109,M,4724970.0,-150750.0,44
201800026429,18,9,11,2110,5,2,1,1.0,6.0,44109,M,4724680.0,-153560.0,44
201800026430,18,8,31,1700,1,2,4,1.0,1.0,44143,M,4719107.0,-158501.0,44
201800026431,18,9,4,1558,1,2,1,1.0,6.0,44109,M,4723520.0,-154940.0,44
201800026432,18,10,6,1440,1,2,1,3.0,2.0,44114,M,4726267.0,-158398.0,44
201800026433,18,10,7,230,5,2,1,2.0,6.0,44109,M,4725290.0,-150101.0,44
201800026434,18,10,7,500,5,2,1,2.0,6.0,44109,M,4721520.0,-152290.0,44
201800026435,18,7,5,250,5,2,2,1.0,6.0,44109,M,4720991.0,-155567.0,44
201800026436,18,9,8,1745,1,2,1,1.0,5.0,44162,M,4722663.0,-163433.0,44
201800026437,18,10,5,1810,1,2,1,1.0,6.0,44190,M,4719738.0,-151317.0,44
201800026438,18,10,9,1720,1,1,1,1.0,5.0,44114,M,4725769.0,-163190.0,44
201800026439,18,10,9,1909,1,2,1,1.0,3.0,44109,M,4720531.0,-155422.0,44
201800026440,18,10,12,1005,1,2,1,1.0,3.0,44109,M,4720665.0,-154078.0,44
201800026441,18,10,11,1210,1,2,1,1.0,2.0,44109,M,4723467.0,-154119.0,44
201800026442,18,10,17,1350,1,2,1,1.0,,44109,M,4723304.0,-156637.0,44
201800026443,18,5,14,840,1,2,1,1.0,6.0,44109,M,4725357.0,-156174.0,44
201800026444,18,10,19,2130,5,2,1,1.0,1.0,44162,M,4722151.0,-160399.0,44
201800026445,18,6,25,1845,1,2,1,1.0,2.0,44114,M,4726245.0,-161056.0,44
201800026446,18,10,21,1050,1,1,1,1.0,2.0,44109,M,4725474.0,-151306.0,44
201800026447,18,10,22,1555,1,2,1,1.0,4.0,44114,M,4726533.0,-158895.0,44
201800026448,18,10,23,1650,1,2,1,7.0,1.0,44109,M,4722543.0,-150481.0,44
201800026449,18,10,26,1305,1,2,1,1.0,3.0,44162,M,4721983.0,-160352.0,44
201800026450,18,9,19,1650,1,2,1,1.0,2.0,44109,M,4719095.0,-152247.0,44
201800026451,18,10,28,205,5,2,1,1.0,4.0,44109,M,4723121.0,-153848.0,44
201800026452,18,10,29,1710,1,2,1,1.0,6.0,44109,M,4720528.0,-160625.0,44
201800026453,18,10,31,800,1,2,1,1.0,3.0,44190,M,4719921.0,-150021.0,44
201800026454,18,10,7,1045,1,2,1,1.0,6.0,44109,M,4720840.0,-156595.0,44
201800026455,18,10,31,1500,1,2,1,1.0,3.0,44143,M,4716200.0,-154883.0,44
201800026456,18,11,1,1915,5,2,1,1.0,4.0,44162,M,4721149.0,-161660.0,44
201800026457,18,5,26,1540,1,2,1,1.0,6.0,44109,M,4725217.0,-154460.0,44
201800026458,18,11,6,2050,5,2,1,1.0,7.0,44109,M,4722405.0,-156509.0,44
201800026459,18,11,7,745,5,2,6,1.0,3.0,44162,M,4723830.0,-159584.0,44
201800026460,18,10,25,1930,2,2,1,1.0,6.0,44109,M,4720903.0,-153101.0,44
201800026461,18,10,23,1930,2,2,1,1.0,6.0,44109,M,4720601.0,-154803.0,44
201800026462,18,10,12,850,1,2,1,1.0,6.0,44109,M,4720422.0,-158176.0,44
201800026463,18,11,11,10,5,1,1,1.0,6.0,44172,M,4724084.0,-148873.0,44
201800026464,18,9,28,820,2,2,1,1.0,6.0,44190,M,4719040.0,-151874.0,44
201800026465,18,9,10,1900,1,2,1,1.0,6.0,44109,M,4721947.0,-154099.0,44
201800026466,18,11,3,1725,1,2,1,1.0,6.0,44109,M,4720362.0,-154626.0,44
201800026467,18,11,6,830,1,1,1,1.0,6.0,44162,M,4720615.0,-166692.0,44
201800026468,18,9,6,725,1,2,3,1.0,6.0,44109,M,4722661.0,-155571.0,44
201800026469,18,9,19,1743,1,2,1,1.0,6.0,44109,M,4724661.0,-151223.0,44
201800026470,18,9,25,1035,1,2,1,1.0,6.0,44109,M,4722084.0,-155562.0,44
201800026471,18,9,2,2100,5,2,1,1.0,6.0,44109,M,4720991.0,-156413.0,44
201800026472,18,11,6,1335,1,2,1,1.0,6.0,44143,M,4718306.0,-154568.0,44
201800026473,18,11,7,1710,2,2,1,1.0,6.0,44109,M,4721472.0,-156568.0,44
201800026474,18,11,7,1445,1,1,9,1.0,6.0,44162,M,4722455.0,-162916.0,44
201800026475,18,11,15,1600,1,2,1,1.0,6.0,44109,M,4722060.0,-154873.0,44
201800026476,18,11,16,2050,3,2,1,5.0,1.0,44162,M,4721144.0,-163075.0,44
201800026477,18,11,18,1230,1,2,6,1.0,1.0,44109,M,4724508.0,-153322.0,44
201800026478,18,11,21,800,1,2,1,1.0,2.0,44114,M,4726948.0,-159297.0,44
201800026479,18,11,16,1549,1,2,1,1.0,7.0,44143,M,4719057.0,-156874.0,44
201800026480,18,7,20,1202,1,2,1,1.0,3.0,44109,M,4721925.0,-153571.0,44
201800026481,18,11,15,900,1,2,1,1.0,6.0,44143,M,4716601.0,-153295.0,44
201800026482,18,11,22,1945,3,1,1,1.0,2.0,44162,M,4722217.0,-162231.0,44
201800026483,18,11,12,615,2,2,1,1.0,6.0,44109,M,4721096.0,-157659.0,44
201800026484,18,11,28,145,5,1,1,2.0,6.0,44114,M,4727744.0,-159814.0,44
201800026485,18,9,25,937,1,2,1,1.0,6.0,44109,M,4723348.0,-156009.0,44
201800026486,18,11,29,1119,1,2,1,1.0,6.0,44162,M,4721848.0,-161804.0,44
201800026487,18,11,30,910,1,1,6,1.0,6.0,44162,M,4725089.0,-162118.0,44
201800026488,18,11,30,1640,1,2,1,1.0,6.0,44109,M,4721219.0,-155482.0,44
201800026489,18,11,28,1210,1,2,1,1.0,6.0,44109,M,4723894.0,-154344.0,44
201800026490,18,11,27,1915,2,2,9,1.0,6.0,44109,M,4721597.0,-155764.0,44
201800026491,18,11,15,1400,1,2,1,1.0,6.0,44109,M,4721528.0,-154622.0,44
201800026492,18,12,5,1710,2,2,1,2.0,1.0,44114,M,4727128.0,-162843.0,44