Num_Acc,an,mois,jour,hrmn,lum,agg,int,atm,col,com,gps,lat,long,dep
201800026493,18,12,12,2210,5,1,6,1.0,3.0,44114,M,4725840.0,-162380.0,44
201800026494,18,12,13,330,3,2,1,1.0,6.0,44143,M,4719289.0,-157809.0,44
201800026495,18,12,15,2340,5,2,1,1.0,3.0,44109,M,4722302.0,-159033.0,44
201800026496,18,12,16,107,5,2,9,2.0,6.0,44109,M,4720993.0,-156414.0,44
201800026497,18,8,8,1120,1,2,1,1.0,2.0,44162,M,4722199.0,-162198.0,44
201800026498,18,12,17,1815,3,1,1,1.0,3.0,44162,M,4722805.0,-162163.0,44
201800026499,18,10,2,1855,5,2,1,1.0,5.0,44162,M,4722513.0,-162798.0,44
201800026500,18,12,18,1855,5,2,1,1.0,7.0,44162,M,4721913.0,-160364.0,44
201800026501,18,9,6,1749,1,2,1,1.0,7.0,44114,M,4725294.0,-160514.0,44
201800026502,18,9,3,1250,1,2,1,1.0,6.0,44109,M,4723804.0,-153237.0,44
201800026503,18,11,28,1000,1,2,1,1.0,2.0,44143,M,4717864.0,-154209.0,44
201800026504,18,12,20,1015,1,1,1,2.0,5.0,44109,M,4718827.0,-161374.0,44
201800026505,18,12,21,831,1,2,1,3.0,4.0,44109,M,4720820.0,-158503.0,44
201800026506,18,12,21,1710,2,2,1,2.0,6.0,44109,M,4720560.0,-155162.0,44
201800026507,18,12,23,150,5,2,1,1.0,6.0,44109,M,4721574.0,-155931.0,44
201800026508,18,12,20,715,5,2,1,1.0,6.0,44109,M,4720682.0,-157323.0,44
201800026509,18,12,5,1700,5,2,1,3.0,6.0,44109,M,4720251.0,-155330.0,44
201800026510,18,12,21,1125,1,2,3,2.0,6.0,44143,M,4718874.0,-154536.0,44
201800026511,18,12,28,2020,5,2,1,1.0,6.0,44162,M,4721843.0,-161430.0,44
201800026512,18,12,30,1645,1,2,1,2.0,1.0,44109,M,4726229.0,-152846.0,44
201800026513,18,1,2,1820,5,2,1,2.0,3.0,44184,M,4725600.0,-226400.0,44
201800026514,18,1,5,1100,1,2,1,1.0,6.0,44184,M,4727546.0,-221950.0,44
201800026515,18,1,9,1250,1,2,6,1.0,3.0,44184,M,4725841.0,226570.0,44
201800026516,18,1,25,815,1,2,2,2.0,3.0,44184,M,4726610.0,-222981.0,44
201800026517,18,1,26,805,2,1,3,1.0,1.0,44184,M,4730890.0,-226910.0,44
201800026518,18,2,2,750,2,1,1,1.0,4.0,44184,M,4728980.0,-223900.0,44
201800026519,18,2,5,1045,1,2,2,1.0,3.0,44184,M,4725740.0,-225910.0,44
201800026520,18,2,13,1425,1,1,1,1.0,7.0,44184,M,4725861.0,-226630.0,44
201800026521,18,2,21,1100,1,1,1,1.0,6.0,44184,M,4726594.0,-225600.0,44
201800026522,18,2,21,1225,1,2,1,1.0,2.0,44184,M,4725277.0,-228532.0,44
201800026523,18,2,25,726,1,1,1,1.0,7.0,44184,M,4728394.0,-229299.0,44
201800026524,18,3,6,622,2,2,6,2.0,3.0,44184,M,4725730.0,-226920.0,44
201800026525,18,3,8,715,2,2,2,1.0,3.0,44184,M,4727726.0,-223373.0,44
201800026526,18,3,12,1550,1,2,1,1.0,7.0,44184,M,4727033.0,-223686.0,44
201800026527,18,3,13,1025,1,2,1,1.0,7.0,44184,M,4726355.0,-223727.0,44
201800026528,18,3,23,1350,1,2,2,1.0,3.0,44184,M,4729164.0,-219536.0,44
201800026529,18,3,27,1530,1,2,1,1.0,7.0,44184,M,4726687.0,-225533.0,44
201800026530,18,3,31,945,1,2,1,1.0,6.0,44184,M,4726072.0,-223592.0,44
201800026531,18,4,6,1150,1,2,6,1.0,2.0,44184,M,4725640.0,-226742.0,44
201800026532,18,4,6,1550,1,2,1,1.0,4.0,44184,M,4727980.0,-224873.0,44
201800026533,18,4,7,1330,1,2,6,1.0,2.0,44184,M,4728674.0,-224988.0,44
201800026534,18,4,12,1215,1,2,2,1.0,6.0,44184,M,4724210.0,-228700.0,44
201800026535,18,4,18,650,5,2,2,1.0,3.0,44184,M,4730325.0,-218416.0,44
201800026536,18,5,2,1000,1,1,1,3.0,4.0,44184,M,4728401.0,-229656.0,44
201800026537,18,5,6,1105,1,2,6,1.0,4.0,44184,M,4727962.0,-222538.0,44
201800026538,18,5,10,1045,1,2,6,1.0,3.0,44184,M,4727096.0,-224429.0,44
201800026539,18,5,13,2025,2,2,2,1.0,6.0,44184,M,4726410.0,-225420.0,44
201800026540,18,5,14,2110,1,2,2,1.0,3.0,44184,M,4729615.0,-219216.0,44
201800026541,18,5,15,540,5,2,3,1.0,1.0,44184,M,4728427.0,-220143.0,44
201800026542,18,5,15,1540,1,2,1,1.0,2.0,44184,M,4724429.0,-227850.0,44
201800026543,18,5,16,800,2,2,3,1.0,3.0,44184,M,4727660.0,-222370.0,44
201800026544,18,5,22,1755,1,2,1,1.0,3.0,44184,M,4727344.0,-222806.0,44
201800026545,18,5,24,810,1,2,1,1.0,3.0,44184,M,4726731.0,-224063.0,44
201800026546,18,6,5,1400,1,2,1,8.0,4.0,44184,M,4728630.0,-221190.0,44
201800026547,18,6,7,1015,1,2,6,8.0,3.0,44184,M,4726440.0,-225810.0,44
201800026548,18,6,12,1921,1,2,1,1.0,3.0,44184,M,4726789.0,-222783.0,44
201800026549,18,6,15,1845,1,2,2,1.0,3.0,44184,M,4728130.0,-222267.0,44
201800026550,18,6,21,1140,1,2,3,1.0,3.0,44184,M,4726950.0,-223820.0,44
201800026551,18,6,21,1145,1,2,2,1.0,3.0,44184,M,4728224.0,-220549.0,44
201800026552,18,6,22,755,1,2,1,1.0,3.0,44184,M,4729812.0,-218344.0,44
201800026553,18,6,22,1645,1,2,1,1.0,6.0,44184,M,4727020.0,-223340.0,44
201800026554,18,6,22,1945,1,2,2,1.0,3.0,44184,M,4728184.0,-225663.0,44
201800026555,18,6,23,35,5,2,2,1.0,3.0,44184,M,4725735.0,-225926.0,44
201800026556,18,6,27,2000,1,2,1,1.0,3.0,44184,M,4724835.0,-227710.0,44
201800026557,18,6,29,856,1,2,1,1.0,3.0,44184,M,4727550.0,-223493.0,44
201800026558,18,6,29,1515,1,2,1,1.0,6.0,44184,M,4727037.0,-224205.0,44
201800026559,18,6,30,1835,1,2,1,1.0,7.0,44184,M,4729931.0,-219199.0,44
201800026560,18,7,6,1610,1,2,2,1.0,5.0,44184,M,4725243.0,-226325.0,44
201800026561,18,7,8,1205,1,2,1,1.0,6.0,44184,M,4723880.0,-227920.0,44
201800026562,18,7,16,1220,1,2,2,1.0,3.0,44184,M,4726491.0,-223660.0,44
201800026563,18,7,16,1645,1,2,3,1.0,6.0,44184,M,4727978.0,-221214.0,44
201800026564,18,7,17,1935,1,2,2,1.0,3.0,44184,M,4726010.0,-226080.0,44
201800026565,18,7,18,745,1,1,1,1.0,4.0,44184,M,4728569.0,-225000.0,44
201800026566,18,7,24,1810,1,2,6,1.0,3.0,44184,M,4727880.0,-224351.0,44
201800026567,18,7,25,1425,1,1,1,1.0,2.0,44184,M,4728609.0,-225533.0,44
201800026568,18,7,27,1100,1,2,1,1.0,1.0,44184,M,4727559.0,-220452.0,44
201800026569,18,7,27,1450,1,2,1,1.0,2.0,44184,M,4727690.0,-224840.0,44
201800026570,18,7,29,1240,1,2,1,2.0,6.0,44184,M,4727240.0,-220450.0,44
201800026571,18,8,3,1520,1,2,1,1.0,3.0,44184,M,4727420.0,-220960.0,44
201800026572,18,8,6,1625,1,2,1,1.0,3.0,44184,M,4727405.0,-222799.0,44
201800026573,18,8,12,1745,1,2,1,2.0,4.0,44184,M,4728544.0,-230082.0,44
201800026574,18,8,18,1915,1,2,3,1.0,5.0,44184,M,4729058.0,-219953.0,44
201800026575,18,8,23,1700,1,2,1,1.0,6.0,44184,M,4729854.0,-218536.0,44
201800026576,18,8,24,1555,1,2,2,1.0,6.0,44184,M,4728072.0,-222984.0,44
201800026577,18,8,30,845,1,2,2,1.0,3.0,44184,M,4728074.0,-222988.0,44
201800026578,18,8,31,1805,1,1,1,1.0,2.0,44184,M,4724625.0,-229312.0,44
201800026579,18,9,5,1235,1,2,1,1.0,6.0,44184,M,4727097.0,-224426.0,44
201800026580,18,9,13,445,3,2,1,1.0,3.0,44184,M,4726090.0,-223532.0,44
201800026581,18,9,14,1700,1,2,1,1.0,3.0,44184,M,4727273.0,-223845.0,44
201800026582,18,9,14,1920,1,2,2,1.0,3.0,44184,M,4727390.0,-220953.0,44
201800026583,18,9,17,2050,5,2,6,1.0,3.0,44184,M,4727413.0,-221300.0,44
201800026584,18,9,25,855,1,1,1,1.0,4.0,44184,M,4728872.0,-224320.0,44
201800026585,18,9,26,1755,1,2,2,1.0,3.0,44184,M,4727824.0,-220851.0,44
201800026586,18,9,28,1130,1,2,1,1.0,6.0,44184,M,4727770.0,-223761.0,44
201800026587,18,10,1,1000,1,1,1,1.0,4.0,44184,M,4728579.0,-230984.0,44
201800026588,18,10,2,1355,1,2,1,1.0,6.0,44184,M,4727473.0,-221344.0,44
201800026589,18,10,5,2130,3,1,1,1.0,2.0,44184,M,4726914.0,-229671.0,44
201800026590,18,10,9,1810,1,2,2,1.0,2.0,44184,M,4726271.0,-223884.0,44
201800026591,18,10,10,800,2,2,1,1.0,7.0,44184,M,4726879.0,-223352.0,44
201800026592,18,10,10,2015,5,2,2,1.0,3.0,44184,M,4726264.0,-223892.0,44
201800026593,18,10,15,1700,1,2,2,1.0,6.0,44184,M,4727478.0,-220755.0,44
201800026594,18,10,19,1555,1,2,2,1.0,3.0,44184,M,4728656.0,-221847.0,44
201800026595,18,10,20,1435,1,2,1,1.0,7.0,44184,M,4728367.0,-227707.0,44
201800026596,18,10,23,750,2,2,1,1.0,6.0,44184,M,4728910.0,-219220.0,44
201800026597,18,10,27,1131,1,2,4,1.0,6.0,44184,M,4726370.0,-224200.0,44
201800026598,18,10,25,751,5,2,3,5.0,3.0,44184,M,4729060.0,-219940.0,44
201800026599,18,10,31,430,3,2,1,1.0,4.0,44184,M,4728584.0,-225737.0,44
201800026600,18,11,2,1436,1,2,2,1.0,1.0,44184,M,4728281.0,-221871.0,44
201800026601,18,11,13,737,3,2,1,1.0,6.0,44184,M,4728696.0,-221904.0,44
201800026602,18,11,6,1450,1,2,6,1.0,3.0,44184,M,4728777.0,-230016.0,44
201800026603,18,11,13,1920,1,2,1,1.0,6.0,44184,M,4726122.0,-223739.0,44
201800026604,18,11,15,1205,1,2,1,1.0,3.0,44184,M,4727180.0,-222846.0,44
201800026605,18,11,24,1755,5,2,2,1.0,1.0,44184,M,4728125.0,-222259.0,44
201800026606,18,11,26,1040,1,1,1,1.0,2.0,44184,M,4728346.0,-227768.0,44
201800026607,18,11,27,1750,2,2,2,3.0,6.0,44184,M,4728580.0,-222040.0,44
201800026608,18,11,30,1200,1,2,1,1.0,2.0,44184,M,4725070.0,-226380.0,44
201800026609,18,12,7,1400,1,2,6,1.0,2.0,44184,M,4728991.0,-225725.0,44
201800026610,18,12,16,1450,1,2,6,3.0,3.0,44184,M,4726647.0,-224028.0,44
201800026611,18,12,28,1745,5,2,1,1.0,6.0,44184,M,4728050.0,-221177.0,44
201800026612,18,1,5,815,1,1,1,2.0,1.0,45208,M,4799144.0,274117.0,45
201800026613,18,1,10,1215,1,2,2,8.0,3.0,45068,M,4800442.0,270841.0,45
201800026614,18,1,13,605,5,2,1,1.0,6.0,45004,M,4797292.0,273339.0,45
201800026615,18,1,17,1757,2,2,1,2.0,2.0,45004,M,4799990.0,275274.0,45
201800026616,18,1,22,240,3,1,1,2.0,5.0,45004,M,4796975.0,272494.0,45
201800026617,18,1,22,1630,1,2,1,8.0,3.0,45068,M,4801312.0,272771.0,45
201800026618,18,1,29,900,1,1,1,2.0,6.0,45208,M,4798062.0,274270.0,45
201800026619,18,2,1,1428,1,2,1,1.0,3.0,45004,M,4798554.0,277008.0,45
201800026620,18,2,11,1230,1,2,2,1.0,3.0,45068,M,4801135.0,273463.0,45
201800026621,18,2,16,1110,1,2,1,1.0,6.0,45208,M,4799074.0,273224.0,45
201800026622,18,2,17,1920,5,2,6,1.0,6.0,45004,M,4798026.0,272892.0,45
201800026623,18,2,21,1105,1,2,2,7.0,3.0,45208,M,4800383.0,273888.0,45
201800026624,18,2,24,2240,5,2,2,1.0,1.0,45208,M,4999415.0,272397.0,45
201800026625,18,3,2,1250,1,2,3,1.0,3.0,45004,M,4798045.0,277023.0,45
201800026626,18,3,6,1650,1,2,9,1.0,6.0,45208,M,4800094.0,273417.0,45
201800026627,18,3,6,1948,5,2,2,2.0,6.0,45208,M,4800670.0,274105.0,45
201800026628,18,3,10,2150,3,1,1,2.0,7.0,45068,M,4902528.0,274034.0,45
201800026629,18,3,14,1250,1,2,1,1.0,2.0,45004,M,4797674.0,273328.0,45
201800026630,18,3,17,1707,1,1,1,2.0,3.0,45004,M,4797749.0,272960.0,45
201800026631,18,3,22,2205,3,1,1,1.0,6.0,45068,M,4801308.0,277369.0,45
201800026632,18,4,5,1440,1,2,1,1.0,3.0,45208,M,4799292.0,273223.0,45
201800026633,18,4,6,1140,1,2,1,1.0,2.0,45004,M,4799032.0,276538.0,45
201800026634,18,4,7,1025,1,2,1,1.0,3.0,45338,M,4798089.0,271915.0,45
201800026635,18,4,16,1920,1,2,3,1.0,3.0,45068,M,4800523.0,271316.0,45
201800026636,18,4,17,1745,1,2,1,1.0,2.0,45004,M,4797708.0,273746.0,45
201800026637,18,4,19,1755,1,2,1,1.0,6.0,45068,M,4801937.0,271619.0,45
201800026638,18,4,20,1250,1,2,3,7.0,1.0,45208,M,4799953.0,272507.0,45
201800026639,18,4,21,2139,5,2,1,1.0,6.0,45068,M,4802119.0,272375.0,45
201800026640,18,4,24,1647,1,2,6,1.0,2.0,45068,M,4800242.0,271671.0,45
201800026641,18,4,29,1140,1,2,1,3.0,1.0,45004,M,4795976.0,276766.0,45
201800026642,18,5,1,510,5,2,2,1.0,6.0,45004,M,4797976.0,273315.0,45
201800026643,18,5,6,445,5,2,1,1.0,6.0,45338,M,4799678.0,270870.0,45
201800026644,18,5,6,1930,1,2,3,1.0,6.0,45208,M,4799843.0,273189.0,45
201800026645,18,5,7,1331,1,1,1,1.0,3.0,45004,M,4798410.0,274755.0,45
201800026646,18,5,8,349,5,2,1,1.0,6.0,45338,M,4798734.0,270754.0,45
201800026647,18,5,4,2350,3,1,1,1.0,6.0,45208,M,4802804.0,278076.0,45
201800026648,18,5,24,1345,1,2,1,1.0,2.0,45338,M,5027000.0,167000.0,45
201800026649,18,5,11,1850,1,2,1,1.0,6.0,45208,M,4799684.0,273286.0,45
201800026650,18,5,23,2000,5,2,1,2.0,7.0,45338,M,4798000.0,270000.0,45
201800026651,18,5,30,1600,1,2,1,1.0,2.0,45208,M,4798951.0,273197.0,45
201800026652,18,6,4,2030,1,2,1,1.0,7.0,45004,M,4800000.0,277000.0,45
201800026653,18,3,15,1535,1,2,3,1.0,7.0,45004,M,4797716.0,276174.0,45
201800026654,18,6,14,2115,1,2,2,1.0,3.0,45208,M,4799798.0,273991.0,45
201800026655,18,6,13,1225,1,2,9,1.0,3.0,45208,M,4799825.0,274642.0,45
201800026656,18,6,20,2206,2,1,1,1.0,1.0,45004,M,4798769.0,276905.0,45
201800026657,18,6,21,2048,1,2,1,1.0,6.0,45208,M,4800054.0,273139.0,45
201800026658,18,3,31,1150,1,2,2,1.0,7.0,45068,M,4801556.0,273859.0,45
201800026659,18,6,22,2315,3,1,1,1.0,6.0,45338,M,4798357.0,270457.0,45
201800026660,18,6,17,1900,1,2,3,1.0,2.0,45208,M,4800542.0,273854.0,45
201800026661,18,6,21,1628,1,2,1,1.0,2.0,45068,M,4800390.0,272480.0,45
201800026662,18,6,21,2000,1,2,1,1.0,3.0,45208,M,4800212.0,272277.0,45
201800026663,18,6,27,740,1,2,2,1.0,4.0,45208,M,4800662.0,274114.0,45
201800026664,18,6,26,930,1,2,1,1.0,2.0,45068,M,,,45
201800026665,18,7,2,710,1,2,1,1.0,1.0,45208,M,4799311.0,272118.0,45
201800026666,18,7,3,2054,1,2,1,1.0,6.0,45004,M,4796395.0,278145.0,45
201800026667,18,7,11,2115,1,1,1,1.0,2.0,45004,M,4797484.0,273873.0,45
201800026668,18,7,16,815,1,2,2,1.0,3.0,45338,M,4797908.0,271561.0,45
201800026669,18,7,16,1550,1,2,3,1.0,1.0,45004,M,4797388.0,274697.0,45
201800026670,18,7,17,905,1,2,1,1.0,6.0,45208,M,,,45
201800026671,18,7,31,1925,1,2,1,1.0,3.0,45208,M,4799857.0,274792.0,45
201800026672,18,8,8,1520,1,2,1,1.0,6.0,45004,M,4798823.0,274731.0,45
201800026673,18,8,13,1325,1,2,1,8.0,2.0,45208,M,4800337.0,274520.0,45
201800026674,18,8,13,1404,1,2,1,1.0,3.0,45338,M,4799342.0,271152.0,45
201800026675,18,8,22,2223,5,2,2,1.0,3.0,45208,M,4799827.0,274635.0,45
201800026676,18,8,18,1300,1,1,1,1.0,7.0,45004,M,4799492.0,276516.0,45
201800026677,18,8,27,145,5,2,6,1.0,7.0,45068,M,4800885.0,272170.0,45
201800026678,18,8,29,1645,1,1,1,2.0,5.0,45208,M,4799293.0,274072.0,45
201800026679,18,8,30,2000,2,2,3,1.0,3.0,45068,M,4803132.0,274331.0,45
201800026680,18,9,8,1203,1,2,1,1.0,4.0,45208,M,4800309.0,274214.0,45
201800026681,18,9,13,1106,1,2,1,8.0,6.0,45208,M,4799746.0,274348.0,45
201800026682,18,9,15,930,1,2,1,7.0,6.0,45208,M,4799478.0,273239.0,45
201800026683,18,9,21,1120,1,2,1,2.0,6.0,45338,M,4799082.0,271040.0,45
201800026684,18,9,28,1840,1,2,1,1.0,4.0,45208,M,4800129.0,273248.0,45
201800026685,18,9,28,2245,5,2,1,1.0,2.0,45004,M,4797932.0,275755.0,45
201800026686,18,9,10,1950,1,2,6,1.0,6.0,45068,M,4800703.0,271914.0,45
201800026687,18,10,5,1335,1,2,7,1.0,6.0,45068,M,4800764.0,271334.0,45
201800026688,18,10,5,1135,1,2,2,1.0,2.0,45208,M,4799410.0,273219.0,45
201800026689,18,10,6,1445,1,2,3,1.0,3.0,45208,M,4799777.0,527366.0,45
201800026690,18,10,11,420,3,1,1,2.0,7.0,45004,M,4797330.0,273755.0,45
201800026691,18,10,11,1850,1,2,1,1.0,2.0,45004,M,4797997.0,273303.0,45
201800026692,18,10,15,942,1,2,1,1.0,3.0,45208,M,4799808.0,274421.0,45
201800026693,18,10,17,1910,2,2,3,1.0,5.0,45004,M,4797497.0,274399.0,45
201800026694,18,10,21,1405,1,2,6,1.0,7.0,45338,M,4797585.0,271447.0,45
201800026695,18,10,26,800,2,2,2,1.0,1.0,45208,M,4799433.0,273034.0,45
201800026696,18,10,26,2300,5,2,9,2.0,1.0,45338,M,4800103.0,271641.0,45
201800026697,18,10,31,1410,1,2,6,2.0,7.0,45004,M,4797804.0,272922.0,45
201800026698,18,11,8,1810,5,2,1,1.0,7.0,45208,M,4799929.0,273488.0,45
201800026699,18,11,10,1855,5,2,1,2.0,6.0,45208,M,4799995.0,273119.0,45
201800026700,18,11,14,1310,1,2,2,1.0,3.0,45338,M,4798645.0,271212.0,45
201800026701,18,11,17,1600,1,2,1,1.0,7.0,45004,M,,,45
201800026702,18,11,22,1300,1,1,1,2.0,6.0,45004,M,4886272.0,228759.0,45
201800026703,18,11,23,1310,1,2,3,1.0,1.0,45208,M,4800044.0,274570.0,45
201800026704,18,11,25,1438,1,2,6,2.0,7.0,45004,M,4797825.0,273368.0,45
201800026705,18,11,28,1220,1,2,1,1.0,3.0,45208,M,4800044.0,275000.0,45
201800026706,18,11,30,1905,5,2,9,1.0,3.0,45208,M,4799322.0,273220.0,45
201800026707,18,12,1,1715,2,1,1,2.0,2.0,45068,M,4801295.0,273939.0,45
201800026708,18,12,2,1136,1,2,9,2.0,7.0,45068,M,4802689.0,273771.0,45
201800026709,18,11,30,1105,1,2,1,1.0,6.0,45208,M,,,45
201800026710,18,12,6,640,3,2,1,8.0,7.0,45004,M,4800200.0,275770.0,45
201800026711,18,12,7,1830,5,2,1,2.0,6.0,45338,M,4799977.0,271566.0,45
201800026712,18,12,10,1600,1,2,1,1.0,3.0,45004,M,4799055.0,277141.0,45
201800026713,18,12,12,1655,1,2,1,1.0,4.0,45068,M,5026666.0,166666.0,45
201800026714,18,12,20,1035,1,2,1,8.0,1.0,45004,M,4797429.0,272963.0,45
201800026715,18,12,21,1320,1,2,4,2.0,1.0,45004,M,4798169.0,276980.0,45
201800026716,18,12,15,1935,3,1,1,3.0,6.0,45338,M,4798240.0,270610.0,45
201800026717,18,12,26,230,3,1,9,1.0,6.0,45004,M,4795994.0,275908.0,45
201800026718,18,1,9,420,3,2,1,1.0,7.0,45302,M,4795349.0,191490.0,45
201800026719,18,1,11,1105,1,1,1,2.0,6.0,45285,M,4791662.0,187374.0,45
201800026720,18,1,11,2044,5,2,1,2.0,6.0,45232,M,4787139.0,190406.0,45
201800026721,18,1,13,640,5,2,1,8.0,6.0,45285,M,4790646.0,186927.0,45
201800026722,18,1,15,2120,5,2,2,2.0,6.0,45234,M,4791173.0,192311.0,45
201800026723,18,1,24,900,1,1,2,1.0,3.0,45232,M,4784027.0,187703.0,45
201800026724,18,1,25,1740,5,2,2,2.0,6.0,45234,M,4792375.0,193760.0,45
201800026725,18,1,27,1840,5,2,7,5.0,6.0,45234,M,4790692.0,190432.0,45
201800026726,18,1,29,850,1,2,1,1.0,6.0,45234,M,4788805.0,190858.0,45
201800026727,18,1,29,1240,1,2,1,1.0,1.0,45169,M,4790358.0,185280.0,45
201800026728,18,1,29,1533,1,2,1,1.0,6.0,45169,M,4790073.0,185564.0,45
201800026729,18,2,1,1610,1,2,1,1.0,6.0,45234,M,4790929.0,191117.0,45
201800026730,18,2,1,2200,5,2,1,1.0,6.0,45235,M,4794212.0,181854.0,45
201800026731,18,2,1,2015,5,2,3,1.0,3.0,45284,M,4791069.0,197237.0,45
201800026732,18,2,6,1216,1,2,1,4.0,6.0,45234,M,4791050.0,190818.0,45
201800026733,18,2,6,1430,1,2,1,4.0,2.0,45285,M,4789713.0,186637.0,45
201800026734,18,2,8,1625,1,2,2,1.0,3.0,45147,M,4793616.0,190933.0,45
201800026735,18,2,13,2010,5,2,1,8.0,3.0,45232,M,4587579.0,190309.0,45
201800026736,18,2,15,745,1,2,1,1.0,6.0,45147,M,4792000.0,190000.0,45
201800026737,18,2,15,1325,1,2,1,2.0,6.0,45284,M,4791528.0,199261.0,45
201800026738,18,2,16,805,1,1,1,1.0,2.0,45147,M,4795674.0,192409.0,45
201800026739,18,2,18,1300,1,2,1,1.0,3.0,45234,M,4790917.0,192264.0,45
201800026740,18,2,21,715,2,2,6,1.0,3.0,45285,M,4790637.0,187814.0,45
201800026741,18,2,22,1515,1,2,2,1.0,3.0,45147,M,4793413.0,189635.0,45
201800026742,18,2,23,1700,1,2,1,1.0,7.0,45075,M,4789785.0,185401.0,45
201800026743,18,2,28,2120,5,1,9,4.0,5.0,45302,M,4794274.0,190723.0,45
201800026744,18,3,4,50,5,2,2,1.0,3.0,45234,M,4788405.0,189814.0,45
201800026745,18,3,2,1850,5,2,3,1.0,1.0,45298,M,4788166.0,186881.0,45
201800026746,18,3,5,1640,1,2,1,1.0,3.0,45234,M,4782387.0,194062.0,45
201800026747,18,3,7,2030,5,2,1,1.0,6.0,45308,M,4703181.0,194295.0,45
201800026748,18,3,10,1110,1,2,1,1.0,2.0,45234,M,4789131.0,190479.0,45
201800026749,18,3,7,1635,1,2,6,1.0,3.0,45234,M,4790123.0,191996.0,45
201800026750,18,3,15,1730,1,2,1,1.0,6.0,45232,M,4784602.0,190287.0,45
201800026751,18,3,17,525,5,2,1,1.0,6.0,45234,M,4789890.0,192070.0,45
201800026752,18,3,19,1710,1,2,2,8.0,3.0,45284,M,4791898.0,197154.0,45
201800026753,18,3,20,1200,1,2,2,1.0,3.0,45234,M,4790583.0,190974.0,45
201800026754,18,3,23,820,1,2,1,1.0,3.0,45232,M,4786930.0,191185.0,45
201800026755,18,3,23,909,1,2,9,1.0,6.0,45232,M,4785730.0,191289.0,45
201800026756,18,3,24,1010,1,2,2,1.0,6.0,45234,M,4789901.0,191360.0,45
201800026757,18,3,22,1155,1,2,1,1.0,6.0,45234,M,4790385.0,190978.0,45
201800026758,18,3,27,740,1,2,1,2.0,6.0,45232,M,4785686.0,191712.0,45
201800026759,18,3,27,1315,1,1,1,2.0,2.0,45302,M,4795256.0,184454.0,45
201800026760,18,3,29,730,2,2,1,1.0,7.0,45234,M,4791566.0,192988.0,45
201800026761,18,3,30,700,1,2,1,1.0,6.0,45284,M,4791533.0,196947.0,45
201800026762,18,3,30,1245,1,2,3,1.0,3.0,45284,M,4791715.0,197814.0,45
201800026763,18,3,30,1450,1,2,1,2.0,1.0,45169,M,4790207.0,849648.0,45
201800026764,18,4,2,2108,5,2,9,2.0,3.0,45234,M,4789961.0,190643.0,45
201800026765,18,4,3,1810,1,2,3,1.0,3.0,45234,M,4788807.0,190856.0,45
201800026766,18,4,8,1825,1,2,2,1.0,3.0,45234,M,4790052.0,189929.0,45
201800026767,18,4,9,1850,1,2,1,1.0,3.0,45284,M,4791719.0,195098.0,45
201800026768,18,4,12,1615,1,2,1,2.0,3.0,45285,M,4791472.0,188333.0,45
201800026769,18,4,12,1835,1,2,1,1.0,2.0,45234,M,4791222.0,192305.0,45
201800026770,18,4,14,745,1,2,2,8.0,3.0,45234,M,4792210.0,189150.0,45
201800026771,18,4,14,1055,1,2,1,1.0,6.0,45234,M,4784192.0,194426.0,45
201800026772,18,4,15,730,1,2,1,1.0,6.0,45075,M,4788131.0,182440.0,45
201800026773,18,4,15,1405,1,2,3,1.0,1.0,45285,M,4791613.0,186479.0,45
201800026774,18,4,13,2033,1,2,1,1.0,1.0,45302,M,4794779.0,190412.0,45
201800026775,18,4,17,830,1,2,1,1.0,6.0,45234,M,4791027.0,192083.0,45
201800026776,18,4,17,1515,1,1,1,1.0,3.0,45232,M,4784121.0,189014.0,45
201800026777,18,4,17,1640,1,2,3,1.0,3.0,45147,M,4793433.0,190327.0,45
201800026778,18,3,28,2345,5,2,1,1.0,6.0,45234,M,4792424.0,193479.0,45
201800026779,18,4,18,1715,1,2,3,1.0,3.0,45234,M,4788759.0,189245.0,45
201800026780,18,4,20,1320,1,2,3,1.0,6.0,45234,M,4791429.0,190518.0,45
201800026781,18,4,21,1936,1,2,3,1.0,3.0,45234,M,4788122.0,190340.0,45
201800026782,18,4,23,730,2,2,1,1.0,6.0,45285,M,4791000.0,188000.0,45
201800026783,18,4,23,1645,1,2,1,1.0,2.0,45285,M,4790743.0,186937.0,45
201800026784,18,4,23,1915,1,2,2,1.0,3.0,45234,M,4792378.0,193760.0,45
201800026785,18,4,23,815,1,2,1,1.0,3.0,45075,M,4790050.0,185350.0,45
201800026786,18,2,21,1400,1,2,2,1.0,3.0,45234,M,4789470.0,190453.0,45
201800026787,18,4,26,1720,1,2,2,1.0,3.0,45234,M,4789479.0,190472.0,45
201800026788,18,4,26,1955,1,2,2,1.0,3.0,45147,M,4292155.0,191437.0,45
201800026789,18,4,28,340,5,2,1,1.0,6.0,45284,M,4790774.0,196149.0,45
201800026790,18,4,29,1120,1,2,8,2.0,2.0,45234,M,4791636.0,190158.0,45
201800026791,18,4,29,1425,1,2,2,8.0,2.0,45234,M,4778946.0,190900.0,45
201800026792,18,4,29,1605,1,2,1,8.0,6.0,45298,M,4788353.0,187495.0,45
201800026793,18,5,1,925,1,2,1,1.0,3.0,45232,M,4785888.0,191178.0,45
201800026794,18,5,2,1343,1,2,1,1.0,1.0,45284,M,4790965.0,194785.0,45
201800026795,18,5,4,1030,1,1,1,1.0,6.0,45147,M,4792574.0,191533.0,45