Num_Acc,an,mois,jour,hrmn,lum,agg,int,atm,col,com,gps,lat,long,dep
201800026796,18,5,4,2140,5,2,1,1.0,6.0,45234,M,4789796.0,189372.0,45
201800026797,18,5,5,855,1,2,2,1.0,3.0,45234,M,4790192.0,188108.0,45
201800026798,18,5,5,915,1,2,6,1.0,3.0,45075,M,4789151.0,184278.0,45
201800026799,18,5,9,1630,1,2,6,1.0,3.0,45235,M,4795257.0,184303.0,45
201800026800,18,5,11,1810,1,2,1,1.0,6.0,45298,M,4789095.0,186948.0,45
201800026801,18,5,12,937,1,2,1,1.0,6.0,45234,M,4790864.0,190410.0,45
201800026802,18,5,13,1430,1,2,1,1.0,6.0,45234,M,4783653.0,193342.0,45
201800026803,18,5,13,1756,1,2,4,1.0,6.0,45232,M,4784674.0,191020.0,45
201800026804,18,5,14,1240,1,2,1,3.0,5.0,45302,M,4794132.0,188840.0,45
201800026805,18,5,14,1800,1,2,9,8.0,2.0,45234,M,4789795.0,189530.0,45
201800026806,18,5,15,1240,1,2,3,1.0,3.0,45234,M,4789820.0,190128.0,45
201800026807,18,5,17,1402,1,2,6,1.0,3.0,45232,M,4784641.0,192255.0,45
201800026808,18,5,18,500,5,2,1,1.0,2.0,45234,M,4788284.0,190384.0,45
201800026809,18,5,20,1645,1,2,9,1.0,3.0,45286,M,4787908.0,193337.0,45
201800026810,18,5,20,1715,1,2,3,7.0,1.0,45235,M,4794236.0,181828.0,45
201800026811,18,5,22,830,1,2,2,1.0,3.0,45234,M,4790359.0,189974.0,45
201800026812,18,5,22,1310,1,2,2,1.0,3.0,45234,M,4791637.0,189460.0,45
201800026813,18,5,22,2250,5,2,1,1.0,7.0,45298,M,4788843.0,186273.0,45
201800026814,18,5,24,1535,1,2,2,1.0,3.0,45234,M,4784626.0,194097.0,45
201800026815,18,5,24,1520,1,2,6,1.0,3.0,45284,M,4791719.0,194632.0,45
201800026816,18,5,24,1845,1,2,3,1.0,3.0,45234,M,4790911.0,188332.0,45
201800026817,18,5,25,1048,1,1,1,1.0,3.0,45302,M,4794055.0,188849.0,45
201800026818,18,5,28,1200,1,2,1,1.0,2.0,45234,M,4790594.0,190983.0,45
201800026819,18,5,29,940,1,2,1,1.0,6.0,45285,M,4790714.0,187229.0,45
201800026820,18,5,29,1415,1,2,1,1.0,3.0,45274,M,4789585.0,194955.0,45
201800026821,18,6,1,1620,1,2,3,8.0,6.0,45234,M,4792509.0,189674.0,45
201800026822,18,6,2,1305,1,2,1,1.0,7.0,45232,M,4785869.0,188904.0,45
201800026823,18,6,2,1515,1,2,1,1.0,6.0,45234,M,4790292.0,193022.0,45
201800026824,18,6,5,830,1,2,1,2.0,3.0,45169,M,4790889.0,184482.0,45
201800026825,18,6,6,850,1,1,2,8.0,2.0,45232,M,4784019.0,187643.0,45
201800026826,18,6,4,1750,1,2,6,2.0,7.0,45298,M,4788728.0,187663.0,45
201800026827,18,6,7,1455,1,2,9,7.0,3.0,45232,M,4787259.0,190103.0,45
201800026828,18,6,7,1800,1,2,1,1.0,4.0,45234,M,4789156.0,189551.0,45
201800026829,18,6,7,2330,5,2,9,1.0,3.0,45234,M,4789329.0,189565.0,45
201800026830,18,6,8,750,1,2,2,1.0,3.0,45234,M,4790962.0,192394.0,45
201800026831,18,6,8,1950,1,1,1,1.0,2.0,45169,M,4792194.0,184575.0,45
201800026832,18,6,9,1015,1,2,2,1.0,3.0,45234,M,4790362.0,189977.0,45
201800026833,18,6,9,1145,1,2,1,1.0,2.0,45234,M,4790270.0,193138.0,45
201800026834,18,6,10,1410,1,2,1,1.0,3.0,45234,M,4787040.0,191210.0,45
201800026835,18,6,11,1245,1,2,2,1.0,2.0,45285,M,4791108.0,186713.0,45
201800026836,18,6,12,850,1,2,1,1.0,2.0,45075,M,4789419.0,185212.0,45
201800026837,18,6,12,1415,1,1,1,1.0,6.0,45232,M,4783735.0,187424.0,45
201800026838,18,6,14,1730,1,2,9,8.0,3.0,45075,M,4789823.0,185423.0,45
201800026839,18,6,14,1205,1,2,2,1.0,6.0,45234,M,4789990.0,190409.0,45
201800026840,18,6,14,2040,1,2,1,1.0,6.0,45234,M,4784014.0,192956.0,45
201800026841,18,6,18,643,1,2,5,1.0,7.0,45234,M,4792394.0,193759.0,45
201800026842,18,6,16,1700,1,2,2,1.0,6.0,45232,M,4786842.0,191174.0,45
201800026843,18,6,20,1713,1,2,3,1.0,4.0,45234,M,4789803.0,191083.0,45
201800026844,18,6,21,1755,1,2,1,1.0,2.0,45285,M,4792124.0,188533.0,45
201800026845,18,6,21,2015,1,2,1,1.0,6.0,45075,M,4789905.0,184787.0,45
201800026846,18,6,22,1630,1,2,1,1.0,6.0,45232,M,4786794.0,191138.0,45
201800026847,18,6,22,2315,5,2,1,1.0,2.0,45234,M,4789572.0,190439.0,45
201800026848,18,6,25,745,1,2,6,1.0,2.0,45284,M,4792456.0,199303.0,45
201800026849,18,6,25,1230,1,2,1,1.0,6.0,45302,M,4795495.0,187852.0,45
201800026850,18,6,26,1710,1,2,1,1.0,6.0,45234,M,4793251.0,189511.0,45
201800026851,18,6,27,630,2,2,1,1.0,1.0,45302,M,4795727.0,184771.0,45
201800026852,18,6,27,1150,1,2,1,1.0,6.0,45298,M,4788822.0,188300.0,45
201800026853,18,6,28,1800,1,2,1,1.0,6.0,45234,M,4788735.0,189151.0,45
201800026854,18,6,30,1320,1,2,1,1.0,4.0,45234,M,4788533.0,189745.0,45
201800026855,18,7,1,1120,1,2,6,1.0,1.0,45285,M,4790677.0,187812.0,45
201800026856,18,7,1,2250,4,2,2,1.0,1.0,45284,M,4791693.0,197748.0,45
201800026857,18,7,2,1555,1,2,1,1.0,7.0,45169,M,4793529.0,183740.0,45
201800026858,18,7,2,1938,1,2,1,1.0,3.0,45284,M,4790840.0,197277.0,45
201800026859,18,7,3,905,1,2,6,1.0,6.0,45147,M,4794329.0,192038.0,45
201800026860,18,7,3,1822,1,2,9,1.0,2.0,45234,M,4789011.0,189519.0,45
201800026861,18,7,3,2019,1,2,2,1.0,3.0,45234,M,4793226.0,193582.0,45
201800026862,18,7,4,1135,1,2,2,1.0,1.0,45234,M,4791019.0,189854.0,45
201800026863,18,7,6,1358,1,1,1,1.0,6.0,45169,M,4791451.0,184871.0,45
201800026864,18,7,6,1720,1,2,1,1.0,4.0,45147,M,4793412.0,189894.0,45
201800026865,18,7,8,635,1,2,1,1.0,6.0,45286,M,4788837.0,192546.0,45
201800026866,18,7,9,1040,1,2,1,1.0,2.0,45234,M,4788004.0,190762.0,45
201800026867,18,7,9,2110,1,2,2,1.0,5.0,45234,M,4788559.0,189704.0,45
201800026868,18,7,10,840,1,2,1,1.0,6.0,45234,M,4789193.0,191049.0,45
201800026869,18,7,11,1520,1,2,3,1.0,2.0,45075,M,4789505.0,183820.0,45
201800026870,18,7,11,1810,1,2,2,1.0,3.0,45274,M,4787742.0,194364.0,45
201800026871,18,7,12,2100,1,1,1,1.0,7.0,45274,M,4786132.0,197831.0,45
201800026872,18,7,14,1630,1,2,5,1.0,3.0,45234,M,4791347.0,190980.0,45
201800026873,18,7,15,315,5,2,1,1.0,7.0,45234,M,4785503.0,191267.0,45
201800026874,18,7,16,2050,1,2,1,1.0,3.0,45234,M,4790000.0,190000.0,45
201800026875,18,7,17,2100,1,2,1,1.0,6.0,45232,M,4784582.0,191802.0,45
201800026876,18,7,18,2140,2,2,9,1.0,7.0,45302,M,4792583.0,187478.0,45
201800026877,18,7,19,935,1,2,9,1.0,2.0,45286,M,4788401.0,192446.0,45
201800026878,18,7,19,1630,1,1,1,1.0,3.0,45075,M,4787969.0,181021.0,45
201800026879,18,7,20,1605,1,2,6,1.0,3.0,45234,M,4790089.0,192020.0,45
201800026880,18,7,25,1852,1,2,9,1.0,3.0,45298,M,4789333.0,187626.0,45
201800026881,18,7,26,1500,1,2,2,1.0,2.0,45234,M,4790919.0,190919.0,45
201800026882,18,7,29,10,5,2,1,1.0,6.0,45286,M,4789341.0,192160.0,45
201800026883,18,7,31,715,1,2,1,1.0,6.0,45234,M,4787586.0,191251.0,45
201800026884,18,7,31,2115,1,2,9,1.0,3.0,45302,M,4794335.0,189258.0,45
201800026885,18,8,1,710,1,2,1,1.0,3.0,45075,M,4788653.0,182818.0,45
201800026886,18,8,4,915,1,2,2,1.0,3.0,45234,M,4792261.0,192966.0,45
201800026887,18,8,5,1325,1,2,2,1.0,3.0,45075,M,4789277.0,184694.0,45
201800026888,18,8,6,1550,1,2,6,1.0,6.0,45234,M,4781424.0,192829.0,45
201800026889,18,8,7,1325,1,2,1,1.0,4.0,45232,M,4786894.0,191178.0,45
201800026890,18,8,9,540,3,2,1,1.0,7.0,45286,M,4787080.0,193020.0,45
201800026891,18,8,10,1630,1,2,3,1.0,3.0,45285,M,4791381.0,188202.0,45
201800026892,18,8,11,700,2,2,1,1.0,2.0,45234,M,4789040.0,190478.0,45
201800026893,18,8,11,1640,1,2,1,1.0,6.0,45234,M,4790553.0,190946.0,45
201800026894,18,8,11,455,5,2,7,1.0,6.0,45234,M,4790169.0,190908.0,45
201800026895,18,8,12,1250,1,2,1,1.0,2.0,45234,M,4787967.0,190852.0,45
201800026896,18,8,14,2342,5,2,2,1.0,3.0,45147,M,4792874.0,190890.0,45
201800026897,18,8,15,1943,1,2,1,1.0,3.0,45232,M,4787678.0,190229.0,45
201800026898,18,8,20,1645,1,2,1,1.0,4.0,45302,M,4794084.0,189324.0,45
201800026899,18,8,20,1640,1,2,2,1.0,3.0,45147,M,4792872.0,190603.0,45
201800026900,18,8,23,2215,5,2,2,1.0,6.0,45284,M,4791099.0,195930.0,45
201800026901,18,8,25,1350,1,2,1,1.0,7.0,45234,M,4791940.0,190232.0,45
201800026902,18,8,27,1255,1,1,1,2.0,5.0,45147,M,4794062.0,191093.0,45
201800026903,18,8,27,1545,1,2,1,1.0,3.0,45147,M,4792279.0,191946.0,45
201800026904,18,8,28,1320,1,2,1,1.0,6.0,45308,M,4792494.0,195763.0,45
201800026905,18,8,28,1730,1,1,9,1.0,4.0,45302,M,4794791.0,187122.0,45
201800026906,18,8,30,643,2,2,1,1.0,7.0,45234,M,4790161.0,190596.0,45
201800026907,18,8,31,1715,1,1,1,1.0,1.0,45298,M,4787382.0,184285.0,45
201800026908,18,9,3,752,1,1,9,1.0,7.0,45284,M,4792505.0,198911.0,45
201800026909,18,9,3,910,1,2,3,1.0,3.0,45232,M,4787800.0,190261.0,45
201800026910,18,9,3,1830,1,2,2,1.0,3.0,45234,M,4790660.0,188240.0,45
201800026911,18,9,5,1500,1,2,3,1.0,7.0,45232,M,4786675.0,190182.0,45
201800026912,18,9,6,840,1,2,1,1.0,4.0,45075,M,4789558.0,185835.0,45
201800026913,18,9,8,1623,1,2,3,1.0,1.0,45286,M,4788005.0,193459.0,45
201800026914,18,9,10,900,1,2,4,7.0,2.0,45234,M,4789822.0,190368.0,45
201800026915,18,9,10,1340,1,2,2,1.0,2.0,45285,M,4792338.0,187827.0,45
201800026916,18,9,11,825,1,2,3,7.0,3.0,45302,M,4795398.0,188647.0,45
201800026917,18,9,11,1540,1,2,3,1.0,2.0,45274,M,4787177.0,194966.0,45
201800026918,18,9,12,1311,1,2,1,1.0,7.0,45169,M,4792726.0,183176.0,45
201800026919,18,9,12,1725,1,2,1,1.0,4.0,45234,M,4783360.0,192153.0,45
201800026920,18,9,14,900,1,2,2,1.0,3.0,45234,M,4784625.0,194093.0,45
201800026921,18,9,15,1830,1,2,1,1.0,3.0,45234,M,4790527.0,192027.0,45
201800026922,18,9,15,1721,1,2,3,1.0,2.0,45286,M,4787058.0,193578.0,45
201800026923,18,9,17,1350,1,2,1,1.0,4.0,45234,M,4789798.0,189174.0,45
201800026924,18,9,20,1458,1,2,3,1.0,3.0,45234,M,4783815.0,193815.0,45
201800026925,18,9,21,905,1,1,1,2.0,6.0,45302,M,4794176.0,188840.0,45
201800026926,18,9,21,2230,5,2,2,1.0,3.0,45234,M,4791186.0,192324.0,45
201800026927,18,9,22,30,5,2,2,1.0,1.0,45302,M,4795181.0,189148.0,45
201800026928,18,9,23,845,2,2,1,2.0,6.0,45285,M,4791379.0,187224.0,45
201800026929,18,9,23,1650,1,2,1,2.0,7.0,45234,M,4789159.0,188663.0,45
201800026930,18,9,24,650,5,2,9,1.0,3.0,45147,M,4792100.0,191200.0,45
201800026931,18,9,24,1615,1,2,1,7.0,6.0,45234,M,4788895.0,190542.0,45
201800026932,18,9,25,1350,1,2,1,1.0,3.0,45232,M,4787451.0,190452.0,45
201800026933,18,9,25,1859,1,2,1,1.0,6.0,45234,M,4791082.0,192934.0,45
201800026934,18,9,26,1250,1,2,3,1.0,6.0,45232,M,4785004.0,192949.0,45
201800026935,18,9,28,745,1,2,7,1.0,3.0,45285,M,4789874.0,187375.0,45
201800026936,18,9,30,900,1,2,1,1.0,6.0,45234,M,4790186.0,190879.0,45
201800026937,18,9,30,620,3,1,1,1.0,7.0,45302,M,4794179.0,188808.0,45
201800026938,18,9,30,1520,1,2,6,1.0,3.0,45302,M,4796145.0,188274.0,45
201800026939,18,10,1,1350,1,2,1,1.0,1.0,45274,M,4786880.0,196632.0,45
201800026940,18,10,1,2005,5,2,3,1.0,3.0,45234,M,4790249.0,188080.0,45
201800026941,18,10,2,1645,1,2,1,1.0,3.0,45234,M,4790048.0,188552.0,45
201800026942,18,10,2,1750,1,2,1,1.0,6.0,45298,M,4789333.0,187761.0,45
201800026943,18,10,4,1210,1,2,1,1.0,2.0,45302,M,4795433.0,189113.0,45
201800026944,18,9,29,1130,1,2,1,1.0,2.0,45234,M,4787970.0,189399.0,45
201800026945,18,10,5,1605,1,2,1,1.0,3.0,45234,M,4789450.0,189952.0,45
201800026946,18,10,5,1830,1,2,1,1.0,2.0,45234,M,4788664.0,189635.0,45
201800026947,18,10,5,2320,5,2,9,1.0,3.0,45234,M,4790605.0,188385.0,45
201800026948,18,10,8,1800,1,2,3,1.0,3.0,45298,M,4788469.0,187796.0,45
201800026949,18,10,10,1015,1,2,1,1.0,6.0,45234,M,4790798.0,188611.0,45
201800026950,18,10,10,1540,1,2,1,1.0,2.0,45302,M,4794397.0,189258.0,45
201800026951,18,10,11,955,1,2,9,1.0,2.0,45302,M,4795104.0,189163.0,45
201800026952,18,10,11,1820,1,2,9,2.0,3.0,45234,M,4791170.0,192310.0,45
201800026953,18,10,11,1910,3,2,6,2.0,7.0,45298,M,4789305.0,187599.0,45
201800026954,18,10,13,920,1,2,1,1.0,3.0,45284,M,4790110.0,192120.0,45
201800026955,18,10,13,1925,2,1,1,1.0,3.0,45234,M,4781516.0,192764.0,45
201800026956,18,10,15,1215,1,2,6,1.0,7.0,45234,M,4791796.0,190120.0,45
201800026957,18,10,16,750,2,2,6,1.0,6.0,45232,M,4787070.0,190383.0,45
201800026958,18,10,16,940,1,2,6,1.0,3.0,45234,M,4783961.0,194289.0,45
201800026959,18,10,17,1115,1,2,1,1.0,5.0,45298,M,4788758.0,187874.0,45
201800026960,18,10,18,1105,1,2,2,1.0,4.0,45285,M,4791126.0,186703.0,45
201800026961,18,10,19,800,2,2,3,1.0,3.0,45234,M,4784556.0,194065.0,45
201800026962,18,10,19,730,5,2,6,1.0,3.0,45302,M,4794570.0,190840.0,45
201800026963,18,10,19,1554,1,2,2,1.0,3.0,45234,M,4789047.0,188944.0,45
201800026964,18,10,21,920,1,2,4,1.0,1.0,45286,M,4788003.0,193453.0,45
201800026965,18,10,22,1815,1,2,1,1.0,4.0,45234,M,4792394.0,189725.0,45
201800026966,18,10,24,1515,1,2,1,1.0,6.0,45232,M,4784487.0,191353.0,45
201800026967,18,10,25,1215,1,2,9,1.0,2.0,45234,M,4783738.0,192413.0,45
201800026968,18,10,20,1900,2,2,1,1.0,6.0,45234,M,4791258.0,190607.0,45
201800026969,18,10,26,1634,1,2,3,1.0,3.0,45234,M,4783154.0,191967.0,45
201800026970,18,10,26,1850,5,2,1,8.0,4.0,45302,M,4793537.0,187320.0,45
201800026971,18,10,26,2150,5,2,1,2.0,6.0,45298,M,4789278.0,187994.0,45
201800026972,18,10,27,835,1,2,3,1.0,6.0,45232,M,4785091.0,192722.0,45
201800026973,18,10,27,935,1,2,3,1.0,6.0,45234,M,4790001.0,188154.0,45
201800026974,18,10,28,1425,1,2,1,2.0,6.0,45232,M,4784040.0,187633.0,45
201800026975,18,10,28,1430,1,2,3,2.0,6.0,45234,M,4790438.0,191314.0,45
201800026976,18,10,28,2050,5,2,1,2.0,3.0,45147,M,4793450.0,189470.0,45
201800026977,18,10,28,200,5,2,6,1.0,7.0,45234,M,4783041.0,192788.0,45
201800026978,18,10,29,1835,5,2,2,2.0,3.0,45234,M,4791473.0,192371.0,45
201800026979,18,11,2,1720,2,2,1,1.0,3.0,45274,M,4787661.0,195997.0,45
201800026980,18,11,3,1300,1,2,1,1.0,6.0,45169,M,4792111.0,182916.0,45
201800026981,18,11,3,1500,1,2,1,1.0,2.0,45234,M,4787188.0,191256.0,45
201800026982,18,11,4,1813,5,2,2,1.0,6.0,45234,M,4783964.0,193126.0,45
201800026983,18,11,5,750,1,2,2,1.0,3.0,45232,M,4786396.0,189506.0,45
201800026984,18,11,6,1400,1,2,2,1.0,6.0,45234,M,4792215.0,189146.0,45
201800026985,18,11,6,1750,5,1,1,1.0,3.0,45232,M,4785849.0,191271.0,45
201800026986,18,11,7,1714,1,1,9,1.0,6.0,45308,M,4792363.0,195300.0,45
201800026987,18,11,10,700,5,2,2,2.0,5.0,45234,M,4790542.0,191105.0,45
201800026988,18,11,10,715,5,1,9,2.0,7.0,45234,M,4792506.0,193988.0,45
201800026989,18,11,10,955,1,2,1,2.0,1.0,45234,M,4789636.0,189553.0,45
201800026990,18,10,11,1450,1,1,1,2.0,6.0,45232,M,4784447.0,191218.0,45
201800026991,18,11,13,1650,1,2,9,1.0,3.0,45302,M,4793973.0,188860.0,45
201800026992,18,11,15,745,2,2,3,5.0,3.0,45234,M,4788713.0,189031.0,45
201800026993,18,11,16,1700,2,2,3,5.0,6.0,45285,M,4792152.0,187953.0,45
201800026994,18,11,17,550,5,2,1,8.0,1.0,45302,M,4793501.0,187737.0,45
201800026995,18,11,17,1736,3,1,1,1.0,5.0,45284,M,4792476.0,197079.0,45
201800026996,18,11,18,30,5,2,2,1.0,3.0,45234,M,4787952.0,190879.0,45
201800026997,18,11,18,1735,5,2,2,1.0,3.0,45234,M,4792250.0,189380.0,45
201800026998,18,11,19,1400,1,2,1,1.0,2.0,45302,M,4793979.0,188860.0,45
201800026999,18,11,20,730,3,2,1,1.0,5.0,45284,M,4792483.0,197029.0,45
201800027000,18,11,20,735,1,2,1,8.0,7.0,45234,M,4788047.0,190656.0,45
201800027001,18,11,21,820,1,2,2,1.0,3.0,45234,M,4791414.0,189582.0,45
201800027002,18,11,21,1335,1,2,2,1.0,3.0,45234,M,4790580.0,190970.0,45
201800027003,18,11,28,727,5,2,1,2.0,2.0,45298,M,4787866.0,185883.0,45
201800027004,18,11,28,1940,5,2,9,2.0,3.0,45234,M,4783154.0,191967.0,45
201800027005,18,11,16,1845,5,2,6,1.0,3.0,45234,M,4792244.0,192691.0,45
201800027006,18,11,29,1542,1,2,6,2.0,7.0,45298,M,4789300.0,187637.0,45
201800027007,18,11,29,1803,5,2,2,1.0,7.0,45234,M,4790671.0,189291.0,45
201800027008,18,12,1,100,3,2,6,1.0,6.0,45284,M,4790509.0,194552.0,45
201800027009,18,12,1,1250,1,2,1,2.0,5.0,45147,M,4791979.0,191783.0,45
201800027010,18,12,2,1525,1,1,1,3.0,7.0,45284,M,4792072.0,199812.0,45
201800027011,18,12,2,1535,1,1,1,3.0,7.0,45302,M,4794167.0,188696.0,45
201800027012,18,12,3,1545,1,2,1,2.0,3.0,45284,M,4791492.0,196774.0,45
201800027013,18,12,4,1125,1,2,6,1.0,3.0,45232,M,4786852.0,191149.0,45
201800027014,18,12,5,1725,2,2,3,1.0,3.0,45234,M,4790979.0,190767.0,45
201800027015,18,12,6,1309,1,2,9,2.0,3.0,45147,M,4794332.0,192444.0,45
201800027016,18,12,9,55,5,2,4,2.0,3.0,45286,M,4788914.0,192416.0,45
201800027017,18,12,9,1600,1,1,1,2.0,6.0,45169,M,4791550.0,178773.0,45
201800027018,18,12,11,1505,1,2,3,5.0,2.0,45274,M,4788016.0,194587.0,45
201800027019,18,12,12,1020,1,2,1,1.0,6.0,45234,M,4788700.0,190500.0,45
201800027020,18,12,15,2200,5,2,1,3.0,6.0,45234,M,4790007.0,190815.0,45
201800027021,18,12,16,1734,5,1,1,2.0,3.0,45302,M,4794444.0,188888.0,45
201800027022,18,12,17,435,3,1,1,2.0,5.0,45284,M,4791934.0,200317.0,45
201800027023,18,12,17,1410,1,2,1,1.0,4.0,45234,M,4789795.0,188561.0,45
201800027024,18,12,17,1900,5,2,2,1.0,3.0,45285,M,4791286.0,187479.0,45
201800027025,18,12,18,845,1,2,3,1.0,3.0,45285,M,4789691.0,186489.0,45
201800027026,18,12,18,1125,1,2,9,8.0,6.0,45234,M,4790576.0,190954.0,45
201800027027,18,12,20,1955,5,2,1,2.0,3.0,45234,M,4788997.0,189518.0,45
201800027028,18,12,21,910,1,1,9,3.0,4.0,45285,M,4790669.0,187063.0,45
201800027029,18,12,22,1740,5,2,6,1.0,3.0,45234,M,4787496.0,191113.0,45
201800027030,18,12,24,840,1,2,2,2.0,3.0,45232,M,4786800.0,191200.0,45
201800027031,18,12,27,250,5,2,6,5.0,6.0,45169,M,4793097.0,185756.0,45
201800027032,18,12,27,1730,5,2,4,2.0,3.0,45302,M,4793800.0,188800.0,45
201800027033,18,12,29,237,5,2,6,5.0,6.0,45147,M,4792358.0,190128.0,45
201800027034,18,12,31,1330,1,1,9,8.0,3.0,45302,M,4794837.0,186507.0,45
201800027035,18,1,9,1723,1,2,2,1.0,3.0,46042,M,4442727.0,144193.0,46
201800027036,18,4,5,2145,5,2,7,1.0,3.0,46042,M,4444081.0,144290.0,46
201800027037,18,4,7,1750,1,2,1,1.0,6.0,46095,M,4451304.0,136899.0,46
201800027038,18,4,14,1535,1,2,1,1.0,6.0,46042,M,4444990.0,144287.0,46
201800027039,18,4,15,510,3,1,1,1.0,7.0,46042,M,4442828.0,143288.0,46
201800027040,18,4,17,2005,1,2,1,1.0,1.0,46042,M,4446289.0,142189.0,46
201800027041,18,5,26,2125,2,2,1,1.0,6.0,46042,M,4445285.0,144582.0,46
201800027042,18,6,2,1640,1,1,1,1.0,7.0,46042,M,4446337.0,148009.0,46
201800027043,18,8,16,1740,1,1,1,1.0,6.0,46042,M,4445249.0,141260.0,46
201800027044,18,10,10,1030,1,2,1,1.0,6.0,46042,M,4445661.0,142645.0,46
201800027045,18,10,24,1340,1,2,1,1.0,6.0,46042,M,4445488.0,143801.0,46
201800027046,18,1,17,1610,1,2,1,1.0,6.0,47001,M,4419530.0,61599.0,47
201800027047,18,1,29,1740,2,2,1,1.0,6.0,47001,M,4420340.0,61189.0,47
201800027048,18,3,8,1200,1,1,1,1.0,2.0,47031,M,4417270.0,65334.0,47
201800027049,18,3,10,1825,1,1,1,8.0,1.0,47031,M,4417670.0,67396.0,47
201800027050,18,3,30,650,3,1,1,2.0,1.0,47031,M,4417560.0,62233.0,47
201800027051,18,4,19,2120,5,2,1,1.0,1.0,47201,M,4419360.0,59397.0,47
201800027052,18,5,22,1423,1,2,1,1.0,3.0,47032,M,4418620.0,66221.0,47
201800027053,18,5,25,928,1,1,1,1.0,5.0,47031,M,4416210.0,64793.0,47
201800027054,18,5,27,1750,1,2,1,1.0,3.0,47032,M,4418600.0,67265.0,47
201800027055,18,6,9,310,3,2,1,1.0,6.0,47001,M,4420930.0,62361.0,47
201800027056,18,6,10,1922,1,2,2,1.0,3.0,47001,M,4419400.0,63817.0,47
201800027057,18,7,7,905,1,2,1,1.0,6.0,47001,M,4420430.0,62728.0,47
201800027058,18,7,12,1922,1,2,1,1.0,2.0,47001,M,4420390.0,62793.0,47
201800027059,18,8,7,2050,1,2,1,1.0,1.0,47001,M,4418250.0,61756.0,47
201800027060,18,8,7,2300,5,2,2,1.0,3.0,47201,M,4419360.0,60415.0,47
201800027061,18,8,28,1926,1,1,1,1.0,1.0,47001,M,4417900.0,61577.0,47
201800027062,18,8,30,1640,1,2,1,1.0,6.0,47001,M,4420800.0,61820.0,47
201800027063,18,9,8,1845,1,2,3,1.0,3.0,47001,M,4420720.0,62359.0,47
201800027064,18,9,20,825,1,2,1,1.0,6.0,47201,M,4419430.0,60335.0,47
201800027065,18,9,23,2040,5,2,3,1.0,3.0,47001,M,4420900.0,62162.0,47
201800027066,18,10,15,936,1,2,3,2.0,3.0,47032,M,4418760.0,66302.0,47
201800027067,18,11,7,700,5,1,1,1.0,2.0,47201,M,4416964.0,60876.0,47
201800027068,18,11,14,1812,2,2,3,1.0,2.0,47001,M,4419776.0,62705.0,47
201800027069,18,11,16,1255,1,1,3,1.0,3.0,47032,M,4417546.0,68547.0,47
201800027070,18,12,4,1008,1,2,3,1.0,3.0,47001,M,4420026.0,61209.0,47
201800027071,18,12,20,1025,1,1,1,1.0,6.0,47201,M,4416753.0,60965.0,47
201800027072,18,12,28,1410,1,1,3,1.0,3.0,47001,M,4420240.0,62690.0,47
201800027073,18,12,30,1920,5,2,2,1.0,3.0,47001,M,4420640.0,61320.0,47
201800027074,18,1,23,406,3,1,9,1.0,1.0,47215,M,4438620.0,71216.0,47
201800027075,18,2,11,1515,1,2,1,1.0,6.0,47323,M,4440920.0,70826.0,47
201800027076,18,2,15,145,5,2,1,2.0,6.0,47323,M,4441620.0,70086.0,47
201800027077,18,2,26,1915,5,2,3,1.0,3.0,47323,M,4440560.0,70662.0,47
201800027078,18,3,2,2120,5,2,3,1.0,5.0,47323,M,4440000.0,70629.0,47
201800027079,18,4,10,1915,1,1,6,1.0,3.0,47027,M,4440300.0,67004.0,47
201800027080,18,5,18,102,3,2,1,5.0,6.0,47323,M,4441390.0,72370.0,47
201800027081,18,5,20,2020,1,1,1,1.0,6.0,47323,M,4443390.0,76167.0,47
201800027082,18,5,31,1210,1,2,1,1.0,6.0,47323,M,4441710.0,73084.0,47
201800027083,18,8,16,920,1,2,1,1.0,1.0,47027,M,4440390.0,68738.0,47
201800027084,18,9,7,1550,1,1,6,1.0,2.0,47215,M,4438860.0,71353.0,47
201800027085,18,9,15,1420,1,1,1,1.0,4.0,47027,M,4440310.0,67260.0,47
201800027086,18,9,20,2243,3,1,1,1.0,2.0,47006,M,4440180.0,64709.0,47
201800027087,18,9,23,15,3,1,1,1.0,6.0,47323,M,4442880.0,72895.0,47
201800027088,18,9,25,1205,1,2,9,1.0,6.0,47323,M,4440210.0,70017.0,47
201800027089,18,9,28,920,1,1,2,1.0,3.0,47027,M,4441570.0,66163.0,47
201800027090,18,10,6,933,1,2,1,1.0,6.0,47323,M,4440000.0,70781.0,47
201800027091,18,10,14,1315,1,2,1,1.0,7.0,47323,M,4442228.0,72247.0,47
201800027092,18,10,27,1555,1,2,1,1.0,2.0,47323,M,4440431.0,69328.0,47
201800027093,18,10,30,1615,1,2,6,1.0,3.0,47323,M,4440780.0,69940.0,47
201800027094,18,12,21,2320,3,2,3,9.0,6.0,47323,M,4441866.0,72396.0,47
201800027095,18,1,28,624,5,2,1,1.0,6.0,48095,M,4452285.0,349662.0,48
201800027096,18,8,18,1215,1,1,1,1.0,6.0,48095,M,4452719.0,342903.0,48
201800027097,18,11,15,1400,1,2,1,1.0,6.0,48095,M,4452562.0,347903.0,48
201800027098,18,12,4,1730,5,2,7,8.0,6.0,48095,M,4452092.0,350236.0,48
201800027099,18,12,22,30,3,1,1,2.0,7.0,48095,M,4453538.0,349652.0,48