Num_Acc,an,mois,jour,hrmn,lum,agg,int,atm,col,com,gps,lat,long,dep
201800027100,18,12,28,1000,1,2,1,1.0,7.0,49007,M,4747077.0,-55117.0,49
201800027101,18,1,2,824,2,2,6,1.0,6.0,49007,M,4746417.0,-53131.0,49
201800027102,18,1,3,917,1,2,6,1.0,3.0,49007,M,4747208.0,-56704.0,49
201800027103,18,1,3,1403,1,2,1,1.0,2.0,49007,M,4746267.0,-55406.0,49
201800027104,18,1,3,1756,5,2,1,1.0,7.0,49007,M,4746580.0,-55163.0,49
201800027105,18,1,4,1301,1,2,1,1.0,2.0,49007,M,4747115.0,-56839.0,49
201800027106,18,1,4,1325,1,2,1,1.0,6.0,49007,M,4747101.0,-56092.0,49
201800027107,18,1,5,1331,1,2,6,2.0,6.0,49267,M,4747673.0,-50727.0,49
201800027108,18,1,5,936,1,2,1,1.0,7.0,49015,M,4750600.0,-58868.0,49
201800027109,18,1,7,1549,1,2,1,3.0,6.0,49267,M,4746725.0,-51470.0,49
201800027110,18,1,6,2034,5,2,2,1.0,3.0,49007,M,4746542.0,-55035.0,49
201800027111,18,1,8,1845,5,2,2,1.0,6.0,49007,M,4745102.0,-54976.0,49
201800027112,18,1,9,1718,2,2,2,3.0,5.0,49246,M,4744269.0,-53505.0,49
201800027113,18,1,10,1215,1,1,1,8.0,6.0,49267,M,4746681.0,-51600.0,49
201800027114,18,1,11,915,1,2,1,1.0,6.0,49007,M,4744986.0,-56603.0,49
201800027115,18,1,11,946,1,2,1,1.0,3.0,49007,M,4748519.0,-54828.0,49
201800027116,18,1,11,1940,5,2,1,1.0,6.0,49007,M,4747112.0,-53111.0,49
201800027117,18,1,13,1750,2,2,1,2.0,6.0,49007,M,4746449.0,-52042.0,49
201800027118,18,1,15,1802,2,2,1,8.0,6.0,49007,M,4744819.0,-53845.0,49
201800027119,18,1,15,645,5,2,2,1.0,3.0,49007,M,4748742.0,-57354.0,49
201800027120,18,1,15,1534,1,2,9,2.0,6.0,49267,M,4746568.0,-51687.0,49
201800027121,18,1,15,1820,5,2,6,8.0,3.0,49007,M,4747432.0,-51588.0,49
201800027122,18,1,15,2230,5,2,1,1.0,6.0,49007,M,4745277.0,-56494.0,49
201800027123,18,1,16,1810,5,2,1,2.0,2.0,49007,M,4748891.0,-54495.0,49
201800027124,18,1,18,842,2,2,2,2.0,6.0,49007,M,4746859.0,-53256.0,49
201800027125,18,1,18,2050,5,2,2,2.0,3.0,49246,M,4744277.0,-53508.0,49
201800027126,18,1,19,725,2,2,1,1.0,6.0,49007,M,4749156.0,-54855.0,49
201800027127,18,1,19,855,2,2,1,1.0,6.0,49007,M,4746765.0,-53599.0,49
201800027128,18,1,19,1842,2,2,2,1.0,6.0,49007,M,4746026.0,-55463.0,49
201800027129,18,1,20,1639,1,2,1,1.0,6.0,49007,M,4747300.0,-60456.0,49
201800027130,18,1,24,759,2,2,1,1.0,5.0,49007,M,4746580.0,-58048.0,49
201800027131,18,1,22,841,2,2,1,2.0,6.0,49007,M,4745907.0,-53544.0,49
201800027132,18,1,23,1730,1,2,2,1.0,3.0,49007,M,4748633.0,-51410.0,49
201800027133,18,1,22,1159,1,2,1,1.0,2.0,49007,M,4748238.0,-54232.0,49
201800027134,18,1,23,1700,1,2,6,1.0,3.0,49007,M,4747189.0,-56724.0,49
201800027135,18,1,25,840,1,2,1,1.0,6.0,49007,M,4745256.0,-52554.0,49
201800027136,18,1,25,640,5,2,2,1.0,7.0,49007,M,4746946.0,-54920.0,49
201800027137,18,1,24,1813,5,2,6,1.0,6.0,49007,M,4747682.0,-59916.0,49
201800027138,18,1,22,1930,5,2,1,1.0,6.0,49246,M,4742874.0,-52776.0,49
201800027139,18,1,26,1701,1,2,2,1.0,6.0,49015,M,4749393.0,-58624.0,49
201800027140,18,1,26,1036,1,2,1,1.0,6.0,49007,M,4747077.0,-51909.0,49
201800027141,18,1,29,1103,1,2,1,1.0,6.0,49007,M,4746011.0,-60495.0,49
201800027142,18,1,27,1057,1,2,1,1.0,6.0,49007,M,4745159.0,-55759.0,49
201800027143,18,2,1,1744,1,2,2,1.0,3.0,49007,M,4744829.0,-55029.0,49
201800027144,18,2,2,1910,3,2,1,1.0,7.0,49267,M,4748482.0,-47652.0,49
201800027145,18,2,7,323,5,2,1,4.0,6.0,49007,M,4746936.0,-54928.0,49
201800027146,18,2,5,1907,5,2,3,1.0,6.0,49007,M,4745977.0,-53672.0,49
201800027147,18,2,9,1402,1,2,1,1.0,6.0,49007,M,4746601.0,-55946.0,49
201800027148,18,2,10,1850,5,2,1,1.0,6.0,49007,M,4745476.0,-52773.0,49
201800027149,18,2,11,2220,4,1,1,1.0,6.0,49007,M,4747006.0,-53495.0,49
201800027150,18,2,8,1922,2,2,1,1.0,6.0,49007,M,4745985.0,-53291.0,49
201800027151,18,2,12,759,2,2,1,1.0,6.0,49007,M,4744709.0,-54333.0,49
201800027152,18,2,12,720,2,2,1,1.0,6.0,49007,M,4747778.0,-52076.0,49
201800027153,18,2,7,818,2,2,1,4.0,7.0,49007,M,4747029.0,-56307.0,49
201800027154,18,2,8,1657,1,2,1,1.0,6.0,49007,M,4745357.0,-52669.0,49
201800027155,18,2,7,1648,1,2,1,1.0,6.0,49007,M,4746391.0,-54656.0,49
201800027156,18,2,14,1343,1,2,1,1.0,6.0,49007,M,4746871.0,-52745.0,49
201800027157,18,2,16,849,1,2,3,1.0,3.0,49007,M,4748770.0,-56330.0,49
201800027158,18,2,17,1856,5,2,1,1.0,6.0,49007,M,4746222.0,-55506.0,49
201800027159,18,2,17,1951,5,2,6,1.0,2.0,49353,M,4744779.0,-50951.0,49
201800027160,18,2,18,210,5,2,1,1.0,6.0,49007,M,4748794.0,-57405.0,49
201800027161,18,2,19,1020,1,2,2,2.0,6.0,49007,M,4747114.0,-53114.0,49
201800027162,18,2,19,1920,5,2,2,1.0,3.0,49007,M,4747311.0,-59973.0,49
201800027163,18,2,21,1548,1,2,6,1.0,3.0,49353,M,4744081.0,-49862.0,49
201800027164,18,2,23,1530,1,2,1,1.0,6.0,49015,M,4749648.0,-61042.0,49
201800027165,18,2,24,1721,1,2,1,1.0,7.0,49007,M,4744884.0,-52968.0,49
201800027166,18,2,24,2045,5,2,2,1.0,3.0,49007,M,4748283.0,-52246.0,49
201800027167,18,2,23,2230,5,2,1,1.0,5.0,49007,M,4748619.0,-54735.0,49
201800027168,18,2,26,2030,5,2,3,1.0,3.0,49007,M,4747405.0,-53741.0,49
201800027169,18,2,28,1025,1,2,2,1.0,6.0,49007,M,4747321.0,-59960.0,49
201800027170,18,2,28,1413,1,2,1,1.0,2.0,49007,M,4748481.0,-51727.0,49
201800027171,18,3,1,1615,1,2,1,2.0,6.0,49007,M,4747315.0,-55995.0,49
201800027172,18,3,1,810,1,1,1,4.0,7.0,49015,M,4749444.0,-60071.0,49
201800027173,18,3,1,1550,1,2,1,2.0,4.0,49007,M,4745276.0,-56475.0,49
201800027174,18,3,3,1008,1,2,1,1.0,6.0,49246,M,4743905.0,-48678.0,49
201800027175,18,3,3,1520,1,2,1,1.0,6.0,49007,M,4747263.0,-54609.0,49
201800027176,18,3,5,1515,1,2,1,1.0,6.0,49007,M,4745853.0,-54727.0,49
201800027177,18,3,5,1435,1,2,1,1.0,2.0,49007,M,4744858.0,-55252.0,49
201800027178,18,3,6,809,1,2,1,1.0,2.0,49007,M,4749077.0,-52718.0,49
201800027179,18,3,8,715,5,2,1,1.0,7.0,49007,M,4747251.0,-54181.0,49
201800027180,18,3,8,2320,5,2,1,1.0,3.0,49007,M,4747590.0,-54922.0,49
201800027181,18,3,9,2219,5,2,1,1.0,2.0,49007,M,4749133.0,-57674.0,49
201800027182,18,3,10,615,5,2,1,2.0,6.0,49007,M,4746323.0,-54794.0,49
201800027183,18,3,10,1741,1,2,1,2.0,7.0,49007,M,4748096.0,-56199.0,49
201800027184,18,3,12,1503,1,1,1,2.0,6.0,49007,M,4746874.0,-58807.0,49
201800027185,18,3,12,845,1,2,1,1.0,3.0,49007,M,4748630.0,-51422.0,49
201800027186,18,3,13,2125,5,2,1,1.0,3.0,49007,M,4747736.0,-55326.0,49
201800027187,18,3,13,1045,1,2,1,1.0,3.0,49007,M,4746357.0,-56385.0,49
201800027188,18,3,14,1852,2,2,1,1.0,3.0,49007,M,4747876.0,-56503.0,49
201800027189,18,3,15,1335,1,1,1,1.0,3.0,49267,M,4746947.0,-44706.0,49
201800027190,18,3,15,735,5,2,1,1.0,7.0,49007,M,4746962.0,-56102.0,49
201800027191,18,3,17,1120,1,2,1,1.0,6.0,49007,M,4746561.0,-60187.0,49
201800027192,18,3,17,1351,1,2,1,1.0,2.0,49007,M,4746802.0,-53705.0,49
201800027193,18,3,18,1400,1,2,1,1.0,7.0,49007,M,4745485.0,-55355.0,49
201800027194,18,3,20,930,1,2,1,1.0,6.0,49007,M,4744905.0,-54428.0,49
201800027195,18,1,21,630,5,1,1,1.0,6.0,49267,M,4741710.0,-50598.0,49
201800027196,18,3,21,1117,1,2,1,1.0,6.0,49246,M,4743787.0,-52712.0,49
201800027197,18,3,20,1128,1,2,1,1.0,2.0,49007,M,4746985.0,-54264.0,49
201800027198,18,2,9,2022,5,2,1,1.0,6.0,49007,M,4746194.0,-54170.0,49
201800027199,18,3,20,911,1,2,1,1.0,3.0,49007,M,4747454.0,-59972.0,49
201800027200,18,3,8,957,1,1,1,1.0,6.0,49007,M,4746838.0,-58603.0,49
201800027201,18,3,22,1344,1,2,2,1.0,2.0,49353,M,4744270.0,-49542.0,49
201800027202,18,3,23,1310,1,2,1,1.0,7.0,49015,M,4750829.0,-59109.0,49
201800027203,18,3,25,2100,5,2,2,1.0,3.0,49267,M,4746382.0,-49098.0,49
201800027204,18,3,24,1828,1,2,1,1.0,6.0,49007,M,4746741.0,-52665.0,49
201800027205,18,3,26,1000,1,2,1,8.0,2.0,49007,M,4748763.0,-53754.0,49
201800027206,18,3,26,745,2,2,2,8.0,6.0,49007,M,4748252.0,-52147.0,49
201800027207,18,3,27,1400,1,2,1,1.0,7.0,49007,M,4746870.0,-52743.0,49
201800027208,18,3,27,911,1,1,1,2.0,3.0,49007,M,4747154.0,-55976.0,49
201800027209,18,3,28,1000,1,1,1,1.0,3.0,49007,M,4746956.0,-59570.0,49
201800027210,18,3,28,2250,4,2,1,1.0,7.0,49007,M,4746221.0,-56264.0,49
201800027211,18,3,28,1613,1,2,1,1.0,1.0,49007,M,4747992.0,-59534.0,49
201800027212,18,3,28,1748,1,2,1,1.0,1.0,49007,M,4747571.0,-54909.0,49
201800027213,18,3,24,930,1,2,6,1.0,7.0,49007,M,4746335.0,-60189.0,49
201800027214,18,3,29,835,1,2,1,2.0,6.0,49007,M,4748636.0,-51422.0,49
201800027215,18,3,29,1646,1,1,1,2.0,3.0,49007,M,4749225.0,-55141.0,49
201800027216,18,3,29,1508,1,2,6,2.0,6.0,49353,M,4745352.0,-46963.0,49
201800027217,18,3,24,1055,1,2,1,1.0,7.0,49007,M,4747156.0,-55202.0,49
201800027218,18,3,31,1330,1,2,2,1.0,3.0,49007,M,4748193.0,-54326.0,49
201800027219,18,3,31,1545,1,2,1,8.0,2.0,49267,M,4747293.0,-51366.0,49
201800027220,18,4,3,530,5,2,1,1.0,6.0,49007,M,4746451.0,-57335.0,49
201800027221,18,4,2,1618,1,2,3,1.0,2.0,49007,M,4747619.0,-55096.0,49
201800027222,18,4,3,1755,1,2,9,1.0,2.0,49007,M,4748889.0,-54527.0,49
201800027223,18,4,4,1630,1,2,1,8.0,2.0,49007,M,4746825.0,-53068.0,49
201800027224,18,4,4,1658,1,2,1,8.0,6.0,49007,M,4747851.0,-55887.0,49
201800027225,18,3,29,809,1,2,1,2.0,7.0,49007,M,4745744.0,-57032.0,49
201800027226,18,4,5,1529,1,2,2,1.0,3.0,49007,M,4744889.0,-53382.0,49
201800027227,18,4,6,959,1,2,1,8.0,6.0,49007,M,4747696.0,-54717.0,49
201800027228,18,4,7,1326,1,2,2,2.0,1.0,49007,M,4747891.0,-57007.0,49
201800027229,18,4,9,1800,1,1,2,2.0,6.0,49015,M,4750021.0,-62267.0,49
201800027230,18,4,9,1645,1,2,9,2.0,2.0,49353,M,4744319.0,-48347.0,49
201800027231,18,4,10,1530,1,2,9,1.0,3.0,49007,M,4747569.0,-54948.0,49
201800027232,18,4,10,1623,1,2,1,1.0,1.0,49267,M,4747616.0,-49643.0,49
201800027233,18,4,6,1510,1,1,1,8.0,6.0,49007,M,4747097.0,-60222.0,49
201800027234,18,4,10,1330,1,2,9,1.0,5.0,49007,M,4747204.0,-59254.0,49
201800027235,18,4,10,1713,1,2,1,1.0,3.0,49007,M,4746783.0,-59405.0,49
201800027236,18,4,10,2140,5,2,1,1.0,6.0,49007,M,4747280.0,-55620.0,49
201800027237,18,4,10,1750,1,2,1,8.0,6.0,49007,M,4744644.0,-53365.0,49
201800027238,18,4,12,925,1,2,1,1.0,6.0,49007,M,4746460.0,-54852.0,49
201800027239,18,4,14,2109,5,2,2,2.0,7.0,49007,M,4747363.0,-55905.0,49
201800027240,18,4,13,1655,1,1,9,1.0,2.0,49007,M,4746568.0,-58065.0,49
201800027241,18,4,13,1658,1,1,1,2.0,2.0,49267,M,4747945.0,-50012.0,49
201800027242,18,4,13,1216,1,2,1,1.0,6.0,49007,M,4747372.0,-58318.0,49
201800027243,18,4,16,1830,1,2,1,1.0,6.0,49007,M,4747891.0,-52846.0,49
201800027244,18,4,16,1549,1,2,1,1.0,3.0,49007,M,4747932.0,-54594.0,49
201800027245,18,4,16,1323,1,2,1,1.0,6.0,49015,M,4749834.0,-58226.0,49
201800027246,18,4,18,1524,1,2,1,1.0,7.0,49246,M,4743192.0,-53097.0,49
201800027247,18,4,20,145,5,2,1,1.0,6.0,49007,M,4749161.0,-55745.0,49
201800027248,18,4,19,1511,1,2,3,1.0,1.0,49007,M,4748050.0,-56634.0,49
201800027249,18,4,20,1800,1,2,1,1.0,2.0,49007,M,4749067.0,-52569.0,49
201800027250,18,4,20,1703,1,2,1,1.0,6.0,49353,M,4744346.0,-48877.0,49
201800027251,18,4,20,1810,1,2,1,1.0,6.0,49007,M,4747993.0,-52966.0,49
201800027252,18,4,21,1030,1,2,1,1.0,3.0,49007,M,4747859.0,-54446.0,49
201800027253,18,4,21,1115,1,2,1,1.0,6.0,49007,M,4747663.0,-52821.0,49
201800027254,18,4,21,1748,1,2,2,1.0,3.0,49007,M,4747149.0,-53412.0,49
201800027255,18,4,22,1815,1,2,1,1.0,6.0,49007,M,4747053.0,-54757.0,49
201800027256,18,4,23,1351,1,2,1,1.0,6.0,49007,M,4747812.0,-52816.0,49
201800027257,18,4,24,820,1,2,6,1.0,6.0,49007,M,4748573.0,-51120.0,49
201800027258,18,4,21,1013,1,1,1,1.0,6.0,49246,M,4742764.0,-52708.0,49
201800027259,18,4,26,1712,1,2,1,1.0,2.0,49007,M,4746499.0,-54914.0,49
201800027260,18,4,26,1006,1,2,1,1.0,7.0,49246,M,4743782.0,-53173.0,49
201800027261,18,4,27,734,1,2,6,1.0,7.0,49267,M,4747037.0,-51600.0,49
201800027262,18,4,15,640,2,2,9,1.0,6.0,49007,M,4748082.0,-55050.0,49
201800027263,18,4,27,1733,1,2,1,8.0,6.0,49353,M,4744414.0,-49030.0,49
201800027264,18,4,29,1922,1,2,1,1.0,7.0,49007,M,4747757.0,-56794.0,49
201800027265,18,4,28,1820,1,2,1,1.0,6.0,49007,M,4747340.0,-54489.0,49
201800027266,18,4,27,1929,1,2,6,8.0,3.0,49007,M,4749838.0,-56511.0,49
201800027267,18,4,27,810,1,1,1,1.0,2.0,49353,M,4745094.0,-47280.0,49
201800027268,18,4,30,1140,1,1,1,1.0,6.0,49267,M,4746652.0,-51615.0,49
201800027269,18,4,27,1415,1,2,1,1.0,7.0,49007,M,4746706.0,-55288.0,49
201800027270,18,5,2,1400,1,1,2,1.0,3.0,49267,M,4746665.0,-46866.0,49
201800027271,18,5,2,2132,1,2,2,1.0,3.0,49007,M,4745700.0,-55387.0,49
201800027272,18,5,2,845,1,2,1,1.0,3.0,49007,M,4745933.0,-53538.0,49
201800027273,18,5,3,1845,1,2,1,1.0,7.0,49246,M,4743564.0,-53066.0,49
201800027274,18,5,5,1812,1,2,1,1.0,6.0,49007,M,4747910.0,-56463.0,49
201800027275,18,5,6,1430,1,2,1,1.0,6.0,49007,M,4746928.0,-54953.0,49
201800027276,18,5,5,215,3,1,1,1.0,2.0,49007,M,4746947.0,-59359.0,49
201800027277,18,5,8,1335,1,2,1,1.0,3.0,49007,M,4748563.0,-53330.0,49
201800027278,18,5,7,1110,1,1,6,1.0,3.0,49353,M,4744953.0,-48592.0,49
201800027279,18,5,8,1911,1,2,1,1.0,6.0,49007,M,4745566.0,-53000.0,49
201800027280,18,5,8,445,3,1,1,1.0,3.0,49267,M,4747676.0,-50477.0,49
201800027281,18,5,9,1355,1,2,1,1.0,6.0,49007,M,4748597.0,-51186.0,49
201800027282,18,5,9,1635,1,2,1,1.0,6.0,49007,M,4746925.0,-55715.0,49
201800027283,18,5,12,1710,1,2,1,2.0,7.0,49246,M,4743573.0,-50207.0,49
201800027284,18,5,12,1730,1,2,1,1.0,2.0,49007,M,4747344.0,-52994.0,49
201800027285,18,5,11,1414,1,2,6,1.0,6.0,49007,M,4746769.0,-59291.0,49
201800027286,18,5,11,1405,1,2,1,1.0,7.0,49007,M,4746909.0,-55988.0,49
201800027287,18,5,12,1027,1,2,1,1.0,7.0,49246,M,4743354.0,-52973.0,49
201800027288,18,5,15,1710,1,2,6,1.0,2.0,49267,M,4747435.0,-51552.0,49
201800027289,18,5,16,945,1,2,1,1.0,3.0,49007,M,4748376.0,-57048.0,49
201800027290,18,5,16,1822,1,2,1,1.0,3.0,49007,M,4747508.0,-54997.0,49
201800027291,18,5,17,1840,1,1,1,1.0,2.0,49267,M,4748706.0,-48558.0,49
201800027292,18,5,20,1555,1,2,1,1.0,7.0,49007,M,4747173.0,-53702.0,49
201800027293,18,5,18,1130,1,2,1,1.0,3.0,49007,M,4748653.0,-53778.0,49
201800027294,18,5,19,1430,1,2,2,1.0,3.0,49007,M,4747443.0,-51969.0,49
201800027295,18,5,20,1138,1,2,1,1.0,3.0,49353,M,4745045.0,-49117.0,49
201800027296,18,5,18,850,1,2,1,1.0,6.0,49007,M,4746992.0,-56174.0,49
201800027297,18,5,19,250,3,2,1,1.0,7.0,49015,M,4750979.0,-57707.0,49
201800027298,18,5,21,1200,1,2,2,1.0,1.0,49007,M,4746424.0,-56483.0,49
201800027299,18,5,22,135,5,2,7,1.0,6.0,49007,M,4748067.0,-56392.0,49
201800027300,18,5,22,832,1,2,1,1.0,3.0,49007,M,4747207.0,-58680.0,49
201800027301,18,5,22,2250,3,2,1,1.0,6.0,49007,M,4744868.0,-53560.0,49
201800027302,18,5,22,1402,1,2,1,1.0,3.0,49007,M,4746978.0,-53398.0,49
201800027303,18,5,23,1808,1,2,1,1.0,3.0,49007,M,4747185.0,-59982.0,49
201800027304,18,5,24,120,5,2,1,1.0,7.0,49007,M,4745117.0,-55735.0,49
201800027305,18,5,24,1732,1,2,1,1.0,3.0,49007,M,4747518.0,-54286.0,49
201800027306,18,5,24,2110,5,2,1,1.0,7.0,49007,M,4747187.0,-55242.0,49
201800027307,18,5,26,1945,1,2,1,2.0,7.0,49007,M,4749628.0,-56020.0,49
201800027308,18,5,25,1556,1,2,1,1.0,3.0,49267,M,4746357.0,-48937.0,49
201800027309,18,5,25,1502,1,2,1,1.0,6.0,49007,M,4747316.0,-59807.0,49
201800027310,18,5,26,308,3,1,1,1.0,6.0,49353,M,4745596.0,-50709.0,49
201800027311,18,5,28,1159,1,2,2,1.0,3.0,49246,M,4743912.0,-50555.0,49
201800027312,18,5,29,1755,1,1,1,2.0,2.0,49267,M,4747155.0,-50941.0,49
201800027313,18,5,30,2250,5,2,1,2.0,3.0,49007,M,4747263.0,-55474.0,49
201800027314,18,5,30,1405,1,2,1,1.0,7.0,49007,M,4747302.0,-56004.0,49
201800027315,18,5,30,1252,1,1,1,1.0,6.0,49267,M,4743342.0,-50800.0,49
201800027316,18,5,30,2013,2,1,1,2.0,6.0,49015,M,4751704.0,-59193.0,49
201800027317,18,6,2,1900,1,2,9,1.0,6.0,49007,M,4744590.0,-56625.0,49
201800027318,18,6,5,2015,1,2,1,1.0,3.0,49007,M,4744591.0,-55887.0,49
201800027319,18,6,5,1714,1,2,1,1.0,3.0,49007,M,4746253.0,-54031.0,49
201800027320,18,6,5,2003,2,2,2,1.0,3.0,49007,M,4748967.0,-56286.0,49
201800027321,18,6,6,735,1,2,1,2.0,6.0,49267,M,4748259.0,-50963.0,49
201800027322,18,6,6,1139,1,2,2,2.0,3.0,49007,M,4746779.0,-55899.0,49
201800027323,18,6,6,903,1,2,1,1.0,7.0,49015,M,4749761.0,-59158.0,49
201800027324,18,6,7,745,1,2,1,2.0,7.0,49007,M,4747333.0,-54400.0,49
201800027325,18,6,8,1730,1,2,1,1.0,4.0,49007,M,4745492.0,-56891.0,49
201800027326,18,6,9,2221,2,2,1,1.0,6.0,49007,M,4747591.0,-59435.0,49
201800027327,18,6,8,1940,1,1,1,1.0,6.0,49246,M,4743110.0,-51666.0,49
201800027328,18,6,9,245,5,1,1,1.0,6.0,49267,M,4746157.0,-51736.0,49
201800027329,18,6,8,2041,1,2,1,1.0,6.0,49007,M,4747883.0,-55661.0,49
201800027330,18,6,10,124,5,2,2,1.0,3.0,49007,M,4745902.0,-56134.0,49
201800027331,18,6,10,1122,1,2,1,9.0,1.0,49007,M,4748627.0,-53612.0,49
201800027332,18,6,11,1415,1,2,1,3.0,6.0,49007,M,4746308.0,-51665.0,49
201800027333,18,6,12,1909,1,2,1,2.0,3.0,49353,M,4744306.0,-48352.0,49
201800027334,18,6,13,1735,1,2,1,1.0,6.0,49007,M,4746708.0,-54713.0,49
201800027335,18,6,13,1240,1,2,3,1.0,5.0,49007,M,4747348.0,-51920.0,49
201800027336,18,6,15,1018,1,2,1,2.0,7.0,49007,M,4746283.0,-54505.0,49
201800027337,18,6,15,1518,1,2,1,1.0,6.0,49007,M,4746756.0,-55578.0,49
201800027338,18,6,15,1626,1,2,1,1.0,7.0,49007,M,4746228.0,-54734.0,49
201800027339,18,6,17,145,5,2,2,1.0,3.0,49007,M,4747892.0,-57007.0,49
201800027340,18,6,18,750,1,1,1,2.0,6.0,49007,M,4746301.0,-51681.0,49
201800027341,18,6,16,115,5,2,1,1.0,3.0,49007,M,4745824.0,-54469.0,49
201800027342,18,6,15,1748,1,2,2,1.0,3.0,49007,M,4748178.0,-57572.0,49
201800027343,18,6,18,1411,1,2,3,1.0,6.0,49007,M,4746788.0,-55095.0,49
201800027344,18,6,19,1802,1,2,1,1.0,3.0,49267,M,4748268.0,-50105.0,49
201800027345,18,6,20,1115,1,2,1,1.0,3.0,49007,M,4746010.0,-53732.0,49
201800027346,18,6,20,1612,1,2,1,1.0,7.0,49007,M,4746386.0,-55335.0,49
201800027347,18,6,22,202,5,2,1,1.0,6.0,49007,M,4746122.0,-54672.0,49
201800027348,18,6,23,2124,1,2,1,1.0,3.0,49007,M,4744981.0,-56667.0,49
201800027349,18,6,22,840,1,2,2,1.0,3.0,49007,M,4747344.0,-54219.0,49
201800027350,18,6,24,153,3,2,1,1.0,7.0,49007,M,4747085.0,-58751.0,49
201800027351,18,6,25,815,1,2,1,1.0,7.0,49007,M,4747209.0,-59081.0,49
201800027352,18,6,25,1430,1,2,1,1.0,4.0,49007,M,4747460.0,-51971.0,49
201800027353,18,6,25,659,1,2,1,1.0,7.0,49007,M,4748312.0,-52893.0,49
201800027354,18,6,26,846,1,2,1,1.0,7.0,49007,M,4746512.0,-54889.0,49
201800027355,18,6,26,1812,1,2,1,1.0,1.0,49007,M,4748251.0,-54955.0,49
201800027356,18,6,26,1640,1,2,1,1.0,3.0,49007,M,4746474.0,-57435.0,49
201800027357,18,6,27,1532,1,2,1,1.0,3.0,49007,M,4747008.0,-56259.0,49
201800027358,18,6,25,746,1,2,1,1.0,6.0,49007,M,4745305.0,-53857.0,49
201800027359,18,6,28,1427,1,2,1,1.0,2.0,49007,M,4749233.0,-55203.0,49
201800027360,18,6,30,1615,1,2,1,1.0,2.0,49007,M,4747338.0,-59507.0,49
201800027361,18,6,28,2320,5,2,1,1.0,3.0,49007,M,4746888.0,-53203.0,49
201800027362,18,7,2,1717,1,2,3,3.0,3.0,49007,M,4747307.0,-58133.0,49
201800027363,18,7,4,1406,1,2,2,1.0,3.0,49007,M,4745708.0,-55405.0,49
201800027364,18,7,6,450,5,2,1,1.0,7.0,49007,M,4747048.0,-51931.0,49
201800027365,18,7,5,1449,1,2,1,1.0,6.0,49007,M,4748759.0,-52764.0,49
201800027366,18,7,4,1706,1,1,1,1.0,7.0,49246,M,4743029.0,-52893.0,49
201800027367,18,7,9,1727,1,2,1,1.0,3.0,49007,M,4747760.0,-59860.0,49
201800027368,18,7,10,1025,1,1,6,1.0,3.0,49007,M,4748885.0,-54588.0,49
201800027369,18,7,10,1146,1,2,2,1.0,3.0,49007,M,4745713.0,-55412.0,49
201800027370,18,7,11,1700,1,2,2,1.0,3.0,49007,M,4744848.0,-53882.0,49
201800027371,18,7,13,1558,1,2,1,1.0,6.0,49246,M,4744106.0,-53464.0,49
201800027372,18,7,15,555,2,1,1,1.0,7.0,49267,M,4741282.0,-50709.0,49
201800027373,18,7,20,1629,1,2,1,1.0,3.0,49015,M,4750232.0,-58284.0,49
201800027374,18,7,21,2020,1,2,2,1.0,3.0,49007,M,4746171.0,-53256.0,49
201800027375,18,7,21,1900,1,2,2,1.0,3.0,49007,M,4747395.0,-53774.0,49
201800027376,18,7,25,1838,1,2,1,1.0,1.0,49007,M,4749090.0,-52705.0,49
201800027377,18,7,29,1618,1,2,1,1.0,6.0,49007,M,4748041.0,-55235.0,49
201800027378,18,7,28,1203,1,2,1,1.0,4.0,49246,M,4741341.0,-50248.0,49
201800027379,18,7,27,931,1,2,1,1.0,7.0,49007,M,4745708.0,-52336.0,49
201800027380,18,7,27,1610,1,2,1,1.0,3.0,49267,M,4746356.0,-50988.0,49
201800027381,18,7,30,1727,1,2,1,1.0,7.0,49007,M,4747805.0,-58914.0,49
201800027382,18,7,31,1930,1,2,1,1.0,2.0,49007,M,4749002.0,-52225.0,49
201800027383,18,8,1,1545,1,2,1,1.0,7.0,49007,M,4747330.0,-55530.0,49
201800027384,18,8,1,1641,1,2,2,1.0,3.0,49007,M,4747861.0,-54449.0,49
201800027385,18,8,4,2135,4,2,1,1.0,6.0,49007,M,4746916.0,-54928.0,49
201800027386,18,8,5,1620,1,2,1,1.0,6.0,49007,M,4746657.0,-52041.0,49
201800027387,18,8,9,2134,5,2,3,8.0,6.0,49007,M,4745945.0,-59699.0,49
201800027388,18,8,10,1805,1,2,1,1.0,7.0,49007,M,4746622.0,-59219.0,49
201800027389,18,8,13,732,1,2,1,2.0,7.0,49007,M,4745646.0,-51566.0,49
201800027390,18,8,13,1330,1,2,1,2.0,3.0,49007,M,4745288.0,-54083.0,49
201800027391,18,8,14,1910,1,2,1,1.0,2.0,49007,M,4747536.0,-54941.0,49
201800027392,18,8,16,1140,1,2,1,1.0,6.0,49007,M,4746714.0,-55242.0,49
201800027393,18,8,16,1430,1,2,1,1.0,2.0,49007,M,4745377.0,-52678.0,49
201800027394,18,8,16,1201,1,2,1,1.0,3.0,49015,M,4751448.0,-61715.0,49
201800027395,18,8,16,2247,5,2,1,1.0,7.0,49007,M,4746729.0,-52775.0,49
201800027396,18,8,18,2005,1,2,1,1.0,3.0,49007,M,4744823.0,-53844.0,49
201800027397,18,8,21,2000,1,2,1,1.0,6.0,49007,M,4745129.0,-52027.0,49
201800027398,18,8,21,911,1,1,1,1.0,2.0,49015,M,4751460.0,-61753.0,49
201800027399,18,8,22,945,1,2,1,1.0,2.0,49007,M,4748630.0,-53287.0,49
201800027400,18,8,22,1140,1,2,1,1.0,6.0,49007,M,4745026.0,-55544.0,49
201800027401,18,8,25,1915,1,2,1,1.0,6.0,49007,M,4746569.0,-59261.0,49
201800027402,18,8,26,1915,1,2,2,1.0,6.0,49007,M,4749244.0,-56533.0,49
201800027403,18,8,27,1124,1,2,1,1.0,7.0,49267,M,4747230.0,-48507.0,49
201800027404,18,8,27,1700,1,1,1,1.0,6.0,49267,M,4747879.0,-46343.0,49