Num_Acc,an,mois,jour,hrmn,lum,agg,int,atm,col,com,gps,lat,long,dep
201800027405,18,9,4,2125,5,2,1,1.0,3.0,49007,M,4745436.0,-56764.0,49
201800027406,18,9,5,1753,1,2,1,1.0,7.0,49007,M,4745134.0,-54742.0,49
201800027407,18,9,5,1528,1,2,1,1.0,7.0,49353,M,4744235.0,-48263.0,49
201800027408,18,9,5,830,1,2,2,1.0,3.0,49007,M,4745706.0,-55405.0,49
201800027409,18,9,5,1850,1,2,2,1.0,2.0,49007,M,4746756.0,-53550.0,49
201800027410,18,9,6,1430,1,2,1,1.0,7.0,49015,M,4750728.0,-59116.0,49
201800027411,18,9,6,820,1,2,1,1.0,6.0,49007,M,4745821.0,-53873.0,49
201800027412,18,9,8,1230,1,2,1,1.0,3.0,49007,M,4748630.0,-52626.0,49
201800027413,18,9,8,1230,1,2,1,1.0,6.0,49007,M,4746637.0,-59809.0,49
201800027414,18,9,9,1230,1,2,1,1.0,7.0,49007,M,4747261.0,-55403.0,49
201800027415,18,9,9,2155,5,2,1,1.0,7.0,49007,M,4747425.0,-52939.0,49
201800027416,18,9,10,1537,1,2,1,1.0,7.0,49007,M,4747499.0,-53590.0,49
201800027417,18,9,11,1645,1,2,1,1.0,2.0,49007,M,4746981.0,-54127.0,49
201800027418,18,9,11,1320,1,2,2,1.0,6.0,49007,M,4746754.0,-55577.0,49
201800027419,18,9,11,905,1,2,1,1.0,6.0,49007,M,4745657.0,-53133.0,49
201800027420,18,9,11,1921,1,2,1,1.0,6.0,49007,M,4745574.0,-55061.0,49
201800027421,18,9,12,1139,1,2,1,1.0,7.0,49007,M,4746362.0,-55531.0,49
201800027422,18,9,12,1720,1,2,1,1.0,3.0,49007,M,4747113.0,-52630.0,49
201800027423,18,9,13,1749,1,2,1,1.0,2.0,49246,M,4744290.0,-53517.0,49
201800027424,18,9,14,1440,1,2,1,1.0,6.0,49007,M,4746117.0,-54940.0,49
201800027425,18,9,16,715,4,1,1,1.0,7.0,49267,M,4747236.0,-50011.0,49
201800027426,18,9,14,1243,1,2,1,1.0,2.0,49353,M,4744248.0,-48240.0,49
201800027427,18,9,15,2048,2,2,2,1.0,3.0,49007,M,4747867.0,-55620.0,49
201800027428,18,9,15,1827,1,2,1,1.0,3.0,49007,M,4747277.0,-58266.0,49
201800027429,18,9,17,858,1,2,1,1.0,2.0,49007,M,4747338.0,-55667.0,49
201800027430,18,9,17,1712,1,2,6,1.0,6.0,49007,M,4746638.0,-55733.0,49
201800027431,18,9,18,1846,1,2,1,1.0,6.0,49007,M,4744457.0,-55174.0,49
201800027432,18,9,18,2245,5,2,1,1.0,7.0,49007,M,4746434.0,-53141.0,49
201800027433,18,9,19,1435,1,2,1,1.0,6.0,49007,M,4747306.0,-55102.0,49
201800027434,18,9,19,1144,1,2,2,1.0,2.0,49015,M,4750695.0,-58987.0,49
201800027435,18,9,19,1729,1,2,1,1.0,6.0,49007,M,4747235.0,-55699.0,49
201800027436,18,9,19,918,1,2,1,1.0,6.0,49007,M,4747925.0,-57058.0,49
201800027437,18,9,20,2046,3,2,1,1.0,2.0,49353,M,4744907.0,-50343.0,49
201800027438,18,9,20,1550,1,2,1,2.0,7.0,49007,M,4747031.0,-56961.0,49
201800027439,18,9,22,2059,5,2,1,2.0,6.0,49007,M,4746815.0,-55993.0,49
201800027440,18,9,21,820,1,2,1,1.0,7.0,49267,M,4746213.0,-48151.0,49
201800027441,18,9,21,1240,1,1,1,1.0,7.0,49007,M,4747516.0,-60769.0,49
201800027442,18,9,24,1815,1,2,1,1.0,6.0,49007,M,4747459.0,-59973.0,49
201800027443,18,9,24,819,1,1,2,1.0,3.0,49007,M,4748336.0,-52674.0,49
201800027444,18,9,24,1314,1,2,1,1.0,6.0,49007,M,4747383.0,-56960.0,49
201800027445,18,9,25,1000,1,2,1,1.0,3.0,49007,M,4745167.0,-54565.0,49
201800027446,18,9,25,1615,1,2,1,1.0,2.0,49007,M,4747990.0,-58797.0,49
201800027447,18,9,25,1315,1,2,1,1.0,4.0,49007,M,4745313.0,-53843.0,49
201800027448,18,9,27,1830,1,2,1,1.0,6.0,49007,M,4746757.0,-55895.0,49
201800027449,18,9,27,1335,1,2,1,1.0,7.0,49007,M,4747321.0,-55821.0,49
201800027450,18,9,27,1916,1,2,1,1.0,6.0,49007,M,4746671.0,-52583.0,49
201800027451,18,9,27,1730,1,2,1,1.0,6.0,49007,M,4746636.0,-54773.0,49
201800027452,18,9,27,2005,1,2,2,1.0,2.0,49267,M,4746672.0,-49047.0,49
201800027453,18,9,28,1248,1,1,1,1.0,7.0,49007,M,4747112.0,-54935.0,49
201800027454,18,9,28,1536,1,2,1,1.0,2.0,49007,M,4745595.0,-52951.0,49
201800027455,18,9,30,1535,1,2,1,1.0,7.0,49267,M,4747763.0,-49113.0,49
201800027456,18,10,1,1616,1,2,1,1.0,7.0,49007,M,4746361.0,-55530.0,49
201800027457,18,10,1,1150,1,1,2,1.0,2.0,49267,M,4747339.0,-46578.0,49
201800027458,18,10,1,750,1,2,1,1.0,2.0,49007,M,4747040.0,-56860.0,49
201800027459,18,10,2,842,1,2,2,1.0,3.0,49007,M,4747196.0,-59927.0,49
201800027460,18,10,2,945,1,2,2,1.0,3.0,49007,M,4747315.0,-59975.0,49
201800027461,18,10,2,1435,1,2,1,1.0,7.0,49007,M,4748222.0,-52181.0,49
201800027462,18,10,2,2025,2,2,1,1.0,6.0,49007,M,4746509.0,-57672.0,49
201800027463,18,10,3,1740,1,2,1,1.0,3.0,49007,M,4749240.0,-56508.0,49
201800027464,18,10,3,1727,1,2,2,1.0,3.0,49267,M,4746803.0,-46596.0,49
201800027465,18,10,4,1840,1,2,1,1.0,3.0,49007,M,4747831.0,-54864.0,49
201800027466,18,10,6,1,5,2,2,1.0,2.0,49007,M,4747220.0,-54147.0,49
201800027467,18,10,5,1716,1,2,1,1.0,6.0,49007,M,4747234.0,-59504.0,49
201800027468,18,10,7,100,5,2,1,2.0,7.0,49267,M,4746685.0,-51681.0,49
201800027469,18,10,5,1640,1,2,1,1.0,6.0,49007,M,4746815.0,-54515.0,49
201800027470,18,10,8,1245,1,2,6,1.0,7.0,49007,M,4746464.0,-54851.0,49
201800027471,18,10,8,904,1,2,1,1.0,2.0,49007,M,4746745.0,-52459.0,49
201800027472,18,10,9,1006,1,2,2,1.0,3.0,49246,M,4743345.0,-52961.0,49
201800027473,18,10,9,900,1,2,1,1.0,2.0,49007,M,4746103.0,-56173.0,49
201800027474,18,10,8,1250,1,2,2,1.0,1.0,49007,M,4748633.0,-51417.0,49
201800027475,18,10,10,900,1,1,2,1.0,3.0,49007,M,4747860.0,-55628.0,49
201800027476,18,10,10,2040,3,1,1,1.0,7.0,49015,M,4751116.0,-51280.0,49
201800027477,18,10,10,1715,1,2,2,8.0,3.0,49246,M,4744269.0,-53516.0,49
201800027478,18,10,11,1729,1,2,2,2.0,7.0,49007,M,4747379.0,-54758.0,49
201800027479,18,10,11,758,5,2,2,1.0,3.0,49007,M,4747112.0,-53143.0,49
201800027480,18,10,11,1900,2,2,1,2.0,3.0,49007,M,4746600.0,-55176.0,49
201800027481,18,10,12,2045,5,2,1,1.0,6.0,49007,M,4749817.0,-56524.0,49
201800027482,18,10,13,1850,1,2,1,1.0,7.0,49246,M,4743204.0,-53381.0,49
201800027483,18,10,13,1615,1,2,1,1.0,7.0,49007,M,4746934.0,-56101.0,49
201800027484,18,10,13,1019,1,2,1,1.0,6.0,49007,M,4746525.0,-53282.0,49
201800027485,18,10,15,816,1,2,1,1.0,3.0,49007,M,4747448.0,-51571.0,49
201800027486,18,10,16,1940,1,2,1,1.0,1.0,49015,M,4751728.0,-60916.0,49
201800027487,18,10,16,1345,1,2,1,1.0,6.0,49007,M,4746569.0,-59260.0,49
201800027488,18,10,17,1410,1,2,1,1.0,7.0,49007,M,4747706.0,-54121.0,49
201800027489,18,10,17,1810,1,2,1,1.0,7.0,49007,M,4747516.0,-58275.0,49
201800027490,18,10,21,1054,1,2,1,1.0,6.0,49007,M,4748549.0,-53180.0,49
201800027491,18,10,21,1225,1,2,1,1.0,2.0,49007,M,4747955.0,-52683.0,49
201800027492,18,10,20,1411,1,2,1,1.0,6.0,49007,M,4745040.0,-55831.0,49
201800027493,18,10,22,1520,1,2,1,1.0,6.0,49007,M,4745099.0,-55532.0,49
201800027494,18,10,22,1940,2,2,1,1.0,3.0,49007,M,4745250.0,-54506.0,49
201800027495,18,10,23,1134,1,2,1,1.0,6.0,49007,M,4749437.0,-57409.0,49
201800027496,18,10,24,1012,1,2,1,1.0,6.0,49007,M,4746508.0,-54885.0,49
201800027497,18,10,23,1515,1,2,2,1.0,3.0,49007,M,4747892.0,-54500.0,49
201800027498,18,10,17,1612,1,2,1,1.0,6.0,49007,M,4747116.0,-53129.0,49
201800027499,18,10,24,1550,1,2,1,1.0,7.0,49007,M,4745564.0,-53134.0,49
201800027500,18,10,26,600,4,1,1,1.0,6.0,49015,M,4750086.0,-62123.0,49
201800027501,18,10,25,555,3,1,1,1.0,7.0,49015,M,4751838.0,-61374.0,49
201800027502,18,10,26,856,1,2,1,1.0,2.0,49246,M,4742942.0,-52788.0,49
201800027503,18,10,28,1930,5,2,1,1.0,7.0,49007,M,4747790.0,-57123.0,49
201800027504,18,10,29,1000,1,2,1,1.0,2.0,49007,M,4749073.0,-56437.0,49
201800027505,18,10,29,1318,1,2,1,1.0,3.0,49015,M,4749198.0,-57910.0,49
201800027506,18,10,30,1017,1,2,6,1.0,7.0,49007,M,4746285.0,-55370.0,49
201800027507,18,10,31,1836,5,2,1,2.0,2.0,49007,M,4747061.0,-56851.0,49
201800027508,18,10,31,2009,5,2,1,2.0,3.0,49007,M,4746954.0,-56090.0,49
201800027509,18,11,1,1402,1,2,6,1.0,3.0,49007,M,4748696.0,-51493.0,49
201800027510,18,11,1,1310,1,2,1,1.0,2.0,49007,M,4746523.0,-54998.0,49
201800027511,18,11,2,1803,2,2,1,1.0,3.0,49007,M,4745845.0,-54504.0,49
201800027512,18,11,5,730,2,2,1,8.0,6.0,49007,M,4747329.0,-57887.0,49
201800027513,18,11,6,1534,1,2,1,1.0,3.0,49007,M,4746252.0,-55245.0,49
201800027514,18,11,6,1845,5,1,1,8.0,6.0,49007,M,4746875.0,-58755.0,49
201800027515,18,11,7,1855,5,2,1,2.0,6.0,49007,M,4747612.0,-55022.0,49
201800027516,18,11,8,853,1,2,1,8.0,6.0,49007,M,4746524.0,-54997.0,49
201800027517,18,11,8,2035,5,2,1,1.0,3.0,49007,M,4746512.0,-55671.0,49
201800027518,18,11,8,1120,1,2,3,1.0,1.0,49015,M,4748488.0,-58589.0,49
201800027519,18,11,12,1110,1,2,1,1.0,7.0,49007,M,4749379.0,-55195.0,49
201800027520,18,11,12,2033,5,2,1,1.0,1.0,49007,M,4745336.0,-52594.0,49
201800027521,18,11,13,2340,4,1,1,8.0,6.0,49246,M,4743496.0,-50025.0,49
201800027522,18,11,9,851,1,2,6,1.0,3.0,49007,M,4747224.0,-61090.0,49
201800027523,18,11,9,1113,1,2,2,1.0,1.0,49007,M,4747443.0,-51958.0,49
201800027524,18,11,13,858,1,2,3,7.0,4.0,49007,M,4746839.0,-53095.0,49
201800027525,18,11,13,1003,1,2,1,1.0,4.0,49007,M,4747137.0,-53795.0,49
201800027526,18,11,13,752,5,2,1,1.0,3.0,49007,M,4747753.0,-53227.0,49
201800027527,18,11,13,930,1,2,1,1.0,2.0,49007,M,4746915.0,-58776.0,49
201800027528,18,11,14,810,4,2,1,1.0,7.0,49007,M,4745449.0,-56762.0,49
201800027529,18,11,14,1920,5,2,1,1.0,2.0,49007,M,4747260.0,-55402.0,49
201800027530,18,11,14,1552,1,2,2,1.0,2.0,49007,M,4746368.0,-51954.0,49
201800027531,18,11,16,1750,1,1,1,1.0,4.0,49267,M,4746586.0,-51653.0,49
201800027532,18,11,16,832,2,2,1,5.0,6.0,49007,M,4747293.0,-60748.0,49
201800027533,18,11,19,912,1,2,2,1.0,3.0,49007,M,4748698.0,-51520.0,49
201800027534,18,11,20,1211,1,2,1,1.0,3.0,49007,M,4747545.0,-54915.0,49
201800027535,18,11,21,1425,1,2,1,1.0,6.0,49007,M,4746744.0,-55569.0,49
201800027536,18,11,21,1247,1,2,1,1.0,6.0,49007,M,4748340.0,-52672.0,49
201800027537,18,11,24,1037,1,2,1,1.0,2.0,49353,M,4744971.0,-48595.0,49
201800027538,18,11,23,815,5,2,1,1.0,4.0,49007,M,4747727.0,-60005.0,49
201800027539,18,11,26,1930,5,2,1,1.0,2.0,49007,M,4747869.0,-52860.0,49
201800027540,18,11,28,1920,5,2,1,8.0,6.0,49353,M,4745092.0,-50768.0,49
201800027541,18,11,29,933,1,2,1,1.0,1.0,49015,M,4749050.0,-58218.0,49
201800027542,18,11,30,1855,4,1,2,2.0,6.0,49267,M,4746329.0,-47834.0,49
201800027543,18,11,30,1130,1,2,1,8.0,6.0,49007,M,4747682.0,-59271.0,49
201800027544,18,12,2,1224,1,2,1,2.0,2.0,49267,M,4747175.0,-50927.0,49
201800027545,18,12,2,1515,1,2,1,2.0,3.0,49007,M,4747874.0,-55613.0,49
201800027546,18,12,4,1905,1,2,1,1.0,7.0,49353,M,4745885.0,-51344.0,49
201800027547,18,12,3,2028,3,1,1,2.0,7.0,49015,M,4751708.0,-61997.0,49
201800027548,18,12,4,758,3,2,1,2.0,7.0,49007,M,4745771.0,-54431.0,49
201800027549,18,12,4,1816,5,2,1,2.0,4.0,49007,M,4744528.0,-54677.0,49
201800027550,18,12,5,1803,1,2,1,3.0,7.0,49007,M,4747216.0,-55302.0,49
201800027551,18,12,6,1745,2,1,1,1.0,6.0,49007,M,4746474.0,-57439.0,49
201800027552,18,12,5,711,5,2,9,1.0,3.0,49007,M,4745061.0,-55281.0,49
201800027553,18,12,7,943,1,2,1,8.0,6.0,49007,M,4747116.0,-52013.0,49
201800027554,18,12,7,1723,3,1,1,8.0,2.0,49267,M,4748393.0,-49865.0,49
201800027555,18,12,8,1916,5,2,1,2.0,6.0,49007,M,4749250.0,-55105.0,49
201800027556,18,12,1,1940,5,2,1,3.0,6.0,49007,M,4744758.0,-54656.0,49
201800027557,18,12,12,1718,2,2,1,1.0,6.0,49267,M,4746473.0,-49951.0,49
201800027558,18,12,12,815,4,2,1,1.0,3.0,49007,M,4746437.0,-55408.0,49
201800027559,18,12,15,1130,1,2,2,1.0,3.0,49007,M,4745060.0,-55200.0,49
201800027560,18,12,16,2150,5,2,1,8.0,6.0,49007,M,4747436.0,-55230.0,49
201800027561,18,12,16,1815,1,2,1,2.0,6.0,49007,M,4748997.0,-52700.0,49
201800027562,18,12,17,1411,1,2,1,1.0,3.0,49007,M,4744377.0,-54922.0,49
201800027563,18,12,17,1811,3,2,1,1.0,4.0,49007,M,4746506.0,-57687.0,49
201800027564,18,12,15,753,2,2,1,8.0,6.0,49007,M,4746816.0,-55705.0,49
201800027565,18,12,18,1944,3,2,1,2.0,3.0,49007,M,4747512.0,-54288.0,49
201800027566,18,12,17,1603,1,2,1,8.0,6.0,49007,M,4747357.0,-58613.0,49
201800027567,18,12,18,1808,2,2,1,2.0,2.0,49015,M,4752074.0,-61092.0,49
201800027568,18,12,18,804,2,2,1,2.0,7.0,49246,M,4744028.0,-51969.0,49
201800027569,18,12,20,1059,1,1,1,1.0,2.0,49007,M,4746874.0,-58686.0,49
201800027570,18,12,20,1517,1,2,2,1.0,3.0,49007,M,4747035.0,-56926.0,49
201800027571,18,12,20,2100,5,2,1,2.0,3.0,49007,M,4746121.0,-54675.0,49
201800027572,18,12,19,1657,2,2,1,8.0,2.0,49007,M,4746967.0,-56358.0,49
201800027573,18,12,21,2000,5,2,1,1.0,3.0,49007,M,4747399.0,-51956.0,49
201800027574,18,12,20,1027,1,2,1,1.0,3.0,49246,M,4743703.0,-51487.0,49
201800027575,18,12,24,2310,3,1,1,2.0,7.0,49267,M,4746649.0,-51720.0,49
201800027576,18,12,26,1935,5,2,1,1.0,6.0,49353,M,4744743.0,-50915.0,49
201800027577,18,12,27,1945,2,2,1,5.0,3.0,49007,M,4747443.0,-56031.0,49
201800027578,18,12,28,1203,1,2,1,1.0,3.0,49267,M,4747223.0,-49326.0,49
201800027579,18,1,2,1530,1,2,1,8.0,6.0,49099,M,4705161.0,-88613.0,49
201800027580,18,1,14,1215,1,2,3,1.0,3.0,49099,M,4705446.0,-89912.0,49
201800027581,18,2,14,1145,1,2,1,3.0,6.0,49099,M,4704364.0,-90013.0,49
201800027582,18,2,22,1355,1,2,6,1.0,3.0,49099,M,4704857.0,-89733.0,49
201800027583,18,2,23,1640,1,2,6,1.0,3.0,49099,M,4704430.0,-87108.0,49
201800027584,18,3,19,1000,1,2,1,1.0,2.0,49099,M,4705682.0,-86132.0,49
201800027585,18,3,29,2000,1,1,1,3.0,1.0,49099,M,4699047.0,-89026.0,49
201800027586,18,4,14,1635,1,2,1,1.0,6.0,49099,M,4705727.0,-89238.0,49
201800027587,18,4,19,1055,1,2,1,1.0,2.0,49099,M,4704423.0,-88475.0,49
201800027588,18,4,28,1430,1,2,1,1.0,3.0,49099,M,4705253.0,-89071.0,49
201800027589,18,4,29,2020,1,2,6,3.0,3.0,49099,M,4705630.0,-86386.0,49
201800027590,18,4,30,1315,1,1,2,2.0,1.0,49099,M,4704411.0,-88557.0,49
201800027591,18,5,1,1740,1,2,1,1.0,1.0,49099,M,4706206.0,-89588.0,49
201800027592,18,5,18,1805,1,2,1,1.0,3.0,49099,M,4705143.0,-87843.0,49
201800027593,18,5,21,1845,1,1,1,1.0,6.0,49099,M,4701971.0,-88320.0,49
201800027594,18,5,24,1735,1,2,3,1.0,6.0,49099,M,4706660.0,-89177.0,49
201800027595,18,5,27,1745,1,2,2,1.0,2.0,49099,M,4706688.0,-86635.0,49
201800027596,18,6,13,1740,1,2,1,1.0,7.0,49099,M,4707271.0,-85817.0,49
201800027597,18,6,23,1938,1,2,1,1.0,2.0,49099,M,4706864.0,-85129.0,49
201800027598,18,6,25,1130,1,2,2,1.0,3.0,49099,M,4705800.0,-90069.0,49
201800027599,18,6,29,1900,1,2,3,1.0,3.0,49099,M,4706110.0,-89201.0,49
201800027600,18,7,15,1750,1,2,1,1.0,7.0,49099,M,4706693.0,-89046.0,49
201800027601,18,7,12,1328,1,2,1,1.0,3.0,49099,M,4706630.0,-83974.0,49
201800027602,18,7,21,1950,1,1,1,1.0,7.0,49099,M,4699757.0,-88466.0,49
201800027603,18,7,23,1330,1,2,3,1.0,3.0,49099,M,4706746.0,-88306.0,49
201800027604,18,7,26,1930,1,2,1,1.0,7.0,49099,M,4706222.0,-87684.0,49
201800027605,18,8,4,1000,1,2,6,1.0,3.0,49099,M,4704648.0,-87618.0,49
201800027606,18,8,8,800,1,1,1,1.0,6.0,49099,M,4702016.0,-88327.0,49
201800027607,18,8,8,1700,1,2,2,1.0,4.0,49099,M,4707232.0,-85552.0,49
201800027608,18,8,11,1530,1,2,1,1.0,6.0,49099,M,4706668.0,-87347.0,49
201800027609,18,8,19,2220,5,2,1,1.0,7.0,49099,M,4706110.0,-88268.0,49
201800027610,18,8,27,1625,1,2,1,1.0,7.0,49099,M,4707523.0,-87438.0,49
201800027611,18,9,7,1325,1,1,1,1.0,7.0,49099,M,4700602.0,-90352.0,49
201800027612,18,9,25,2250,3,1,6,1.0,6.0,49099,M,4701713.0,-88261.0,49
201800027613,18,10,21,720,3,1,3,1.0,7.0,49099,M,4702516.0,-91688.0,49
201800027614,18,10,28,200,5,2,2,8.0,7.0,49099,M,4705950.0,-87394.0,49
201800027615,18,11,20,1830,5,2,3,1.0,3.0,49099,M,4705172.0,-85288.0,49
201800027616,18,11,21,1915,5,2,1,1.0,6.0,49099,M,4705614.0,-87503.0,49
201800027617,18,12,2,1840,5,2,2,3.0,6.0,49099,M,4705796.0,-87932.0,49
201800027618,18,12,10,1945,5,2,3,1.0,6.0,49099,M,4704694.0,-89663.0,49
201800027619,18,12,30,1440,1,2,2,5.0,3.0,49099,M,4704409.0,-88546.0,49
201800027620,18,1,19,805,2,2,1,1.0,3.0,49328,M,4726286.0,-7963.0,49
201800027621,18,2,1,1430,1,1,1,1.0,2.0,49328,M,4727675.0,-7514.0,49
201800027622,18,2,19,1925,4,2,6,2.0,6.0,49328,M,4725380.0,-8561.0,49
201800027623,18,2,15,1650,1,2,6,1.0,6.0,49328,M,4725377.0,-8570.0,49
201800027624,18,2,27,725,3,1,3,1.0,3.0,49328,M,4727478.0,-8160.0,49
201800027625,18,3,7,1815,1,1,1,1.0,7.0,49328,M,4729610.0,-7093.0,49
201800027626,18,3,8,1145,1,2,2,1.0,3.0,49328,M,4726137.0,-7837.0,49
201800027627,18,3,20,1220,1,2,6,1.0,3.0,49328,M,4726266.0,-9028.0,49
201800027628,18,3,28,750,2,2,6,1.0,3.0,49328,M,4726713.0,-6994.0,49
201800027629,18,3,28,1730,1,2,2,1.0,3.0,49328,M,4725160.0,-7745.0,49
201800027630,18,4,6,1555,1,2,1,1.0,2.0,49328,M,4726684.0,-9149.0,49
201800027631,18,4,12,1645,1,2,2,2.0,6.0,49328,M,4725310.0,-7922.0,49
201800027632,18,4,17,1840,1,2,1,1.0,6.0,49328,M,4725120.0,-8828.0,49
201800027633,18,4,23,1200,1,2,6,1.0,3.0,49328,M,4725206.0,-8741.0,49
201800027634,18,4,23,1330,1,2,2,1.0,3.0,49328,M,4727085.0,-7033.0,49
201800027635,18,5,17,1800,1,2,2,1.0,6.0,49328,M,4726865.0,-6813.0,49
201800027636,18,5,29,830,1,2,2,1.0,3.0,49328,M,4723614.0,-9893.0,49
201800027637,18,5,29,1755,1,2,1,6.0,7.0,49328,M,4724921.0,-7723.0,49
201800027638,18,5,30,1540,1,2,1,1.0,2.0,49328,M,4725958.0,-8876.0,49
201800027639,18,6,27,855,1,1,6,1.0,6.0,49328,M,4728106.0,-6904.0,49
201800027640,18,6,28,800,1,2,2,1.0,6.0,49328,M,4724609.0,-7041.0,49
201800027641,18,7,17,1435,1,2,1,1.0,6.0,49328,M,4726875.0,-6827.0,49
201800027642,18,8,4,2030,1,2,1,1.0,1.0,49328,M,4727443.0,-7924.0,49
201800027643,18,8,9,1730,1,2,1,1.0,4.0,49328,M,4726039.0,-8163.0,49
201800027644,18,8,11,1335,1,1,1,1.0,3.0,49328,M,4728316.0,-12343.0,49
201800027645,18,8,11,2225,5,2,1,1.0,6.0,49328,M,4726021.0,-7504.0,49
201800027646,18,8,14,1450,1,2,7,1.0,3.0,49328,M,4726290.0,-7965.0,49
201800027647,18,8,17,1725,1,1,1,1.0,1.0,49328,M,4727367.0,-13758.0,49
201800027648,18,8,17,1750,1,2,1,1.0,7.0,49328,M,4725014.0,-10241.0,49
201800027649,18,8,31,2300,5,2,1,1.0,1.0,49328,M,4725440.0,-9413.0,49
201800027650,18,9,5,30,5,2,2,1.0,3.0,49328,M,4726038.0,-8164.0,49
201800027651,18,9,11,1430,1,2,1,1.0,2.0,49328,M,4727997.0,-5527.0,49
201800027652,18,9,19,1845,1,2,2,1.0,3.0,49328,M,4727002.0,-7062.0,49
201800027653,18,9,21,740,2,2,2,2.0,6.0,49328,M,4725604.0,-8720.0,49
201800027654,18,9,20,2100,4,2,3,1.0,3.0,49328,M,4726487.0,-9898.0,49
201800027655,18,9,25,750,2,2,2,1.0,3.0,49328,M,4726730.0,-7000.0,49
201800027656,18,10,12,1200,1,1,1,1.0,5.0,49328,M,4727083.0,-7645.0,49
201800027657,18,11,5,1840,5,2,1,8.0,2.0,49328,M,4726697.0,-7010.0,49
201800027658,18,11,6,1410,1,2,1,1.0,1.0,49328,M,4725499.0,-7180.0,49
201800027659,18,11,22,735,5,2,1,5.0,3.0,49328,M,4726496.0,-7250.0,49
201800027660,18,11,21,1000,1,2,6,1.0,3.0,49328,M,4724920.0,-9058.0,49
201800027661,18,12,3,1815,3,1,1,1.0,4.0,49328,M,4725586.0,-9891.0,49
201800027662,18,12,3,915,1,2,2,1.0,3.0,49328,M,4726040.0,-8165.0,49
201800027663,18,12,5,815,5,2,6,1.0,3.0,49328,M,4726726.0,-7002.0,49
201800027664,18,1,4,1815,5,2,3,1.0,3.0,50129,M,4964015.0,-162145.0,50
201800027665,18,1,7,1400,1,1,3,2.0,7.0,50602,M,4963402.0,-156146.0,50
201800027666,18,1,6,1915,5,2,1,3.0,2.0,50416,M,4965026.0,-169900.0,50
201800027667,18,1,8,1920,5,2,2,1.0,1.0,50129,M,4963832.0,-162529.0,50
201800027668,18,1,9,1800,5,2,3,1.0,7.0,50129,M,4963835.0,-162156.0,50
201800027669,18,1,10,1230,1,2,2,1.0,7.0,50129,M,4964390.0,-162603.0,50
201800027670,18,1,15,1045,1,2,2,3.0,3.0,50129,M,4964226.0,-163700.0,50
201800027671,18,1,16,815,1,1,1,8.0,7.0,50203,M,4959638.0,-159501.0,50
201800027672,18,1,15,830,5,2,3,2.0,7.0,50129,M,4963549.0,-163182.0,50
201800027673,18,1,17,1240,1,2,4,1.0,2.0,50416,M,4965600.0,-169923.0,50
201800027674,18,1,19,2020,5,2,2,1.0,1.0,50129,M,4963879.0,-161648.0,50
201800027675,18,1,23,1225,1,2,3,3.0,3.0,50129,M,4964209.0,-162230.0,50
201800027676,18,1,25,1035,1,1,4,1.0,7.0,50602,M,4962703.0,-154908.0,50
201800027677,18,1,28,850,1,2,6,1.0,3.0,50173,M,4966130.0,-168142.0,50
201800027678,18,1,26,1820,5,2,2,1.0,3.0,50602,M,4964951.0,-157000.0,50
201800027679,18,2,1,915,1,2,1,1.0,7.0,50129,M,4963492.0,-162747.0,50
201800027680,18,2,2,1915,5,2,4,1.0,3.0,50173,M,4964765.0,-164810.0,50
201800027681,18,2,7,230,5,2,1,1.0,6.0,50129,M,4963573.0,-163428.0,50
201800027682,18,1,28,1500,1,2,3,8.0,6.0,50129,M,4964171.0,-163269.0,50
201800027683,18,2,7,1215,1,2,1,1.0,7.0,50173,M,4964834.0,-165362.0,50
201800027684,18,2,9,1150,1,2,1,1.0,2.0,50203,M,4961061.0,-160050.0,50
201800027685,18,2,10,1805,5,2,1,2.0,7.0,50129,M,4962651.0,-163198.0,50
201800027686,18,2,10,1915,5,2,1,3.0,1.0,50129,M,4963472.0,-166302.0,50
201800027687,18,2,9,955,1,2,3,1.0,2.0,50129,M,4964079.0,-162380.0,50
201800027688,18,2,13,1045,1,2,2,2.0,5.0,50602,M,4963898.0,-157354.0,50
201800027689,18,2,10,1815,5,2,2,3.0,3.0,50129,M,4963622.0,-160472.0,50
201800027690,18,2,17,1220,1,2,1,1.0,6.0,50173,M,4965059.0,-165333.0,50
201800027691,18,2,18,420,5,2,6,2.0,7.0,50416,M,4966135.0,-168164.0,50
201800027692,18,2,20,1235,1,2,1,1.0,3.0,50602,M,4963484.0,-158335.0,50
201800027693,18,2,22,115,5,2,1,1.0,7.0,50602,M,4963709.0,-157448.0,50
201800027694,18,2,22,1450,1,1,1,1.0,1.0,50602,M,4962941.0,-155761.0,50
201800027695,18,2,22,1525,1,2,3,1.0,7.0,50129,M,4963599.0,-161343.0,50
201800027696,18,2,27,1500,1,2,6,1.0,2.0,50602,M,4963642.0,-159631.0,50
201800027697,18,3,4,915,1,2,2,1.0,3.0,50129,M,4962085.0,-164238.0,50
201800027698,18,3,9,710,2,2,6,2.0,3.0,50602,M,4963531.0,-159142.0,50
201800027699,18,3,9,2215,5,2,4,1.0,3.0,50203,M,4960893.0,-159995.0,50
201800027700,18,3,10,115,5,2,1,1.0,6.0,50203,M,4960326.0,-159821.0,50
201800027701,18,3,14,1720,1,2,2,1.0,3.0,50129,M,4964218.0,-163703.0,50
201800027702,18,3,15,1430,1,2,1,1.0,7.0,50173,M,4964918.0,-165247.0,50
201800027703,18,3,17,110,5,2,1,1.0,6.0,50602,M,4964043.0,-159837.0,50
201800027704,18,3,16,750,2,2,4,1.0,3.0,50129,M,4964208.0,-161747.0,50
201800027705,18,3,21,1125,1,2,1,1.0,7.0,50129,M,4964753.0,-162580.0,50
201800027706,18,3,26,1810,1,2,3,1.0,2.0,50129,M,4962122.0,-165524.0,50