Num_Acc,an,mois,jour,hrmn,lum,agg,int,atm,col,com,gps,lat,long,dep
201800027707,18,3,25,25,5,2,3,1.0,7.0,50129,M,4963978.0,-161855.0,50
201800027708,18,3,27,825,1,1,1,2.0,2.0,50203,M,4958444.0,-159279.0,50
201800027709,18,3,28,1030,1,2,2,2.0,3.0,50129,M,4964654.0,-164304.0,50
201800027710,18,3,28,1730,1,2,3,1.0,6.0,50602,M,4964113.0,-159425.0,50
201800027711,18,3,30,1740,1,2,3,1.0,7.0,50129,M,4963350.0,-161756.0,50
201800027712,18,4,2,1915,1,2,1,1.0,7.0,50129,M,4962973.0,-163252.0,50
201800027713,18,4,5,1055,1,2,7,1.0,6.0,50129,M,4963382.0,-162196.0,50
201800027714,18,4,10,745,1,2,1,1.0,2.0,50129,M,4964676.0,-164260.0,50
201800027715,18,4,14,1700,1,2,3,1.0,6.0,50129,M,4963811.0,-162396.0,50
201800027716,18,4,16,1600,1,2,1,1.0,6.0,50129,M,4962773.0,-162922.0,50
201800027717,18,4,17,1625,1,2,1,1.0,1.0,50203,M,4962368.0,-161776.0,50
201800027718,18,4,25,2250,5,2,2,1.0,3.0,50129,M,4964135.0,-163191.0,50
201800027719,18,4,26,1325,1,2,1,1.0,3.0,50129,M,4964132.0,-162128.0,50
201800027720,18,4,27,740,1,2,1,1.0,2.0,50129,M,4963355.0,-161715.0,50
201800027721,18,4,28,230,3,2,6,1.0,6.0,50602,M,4965335.0,-157928.0,50
201800027722,18,5,1,20,5,2,2,1.0,3.0,50129,M,4963753.0,-160562.0,50
201800027723,18,5,6,1215,1,2,1,1.0,2.0,50602,M,4965307.0,-155266.0,50
201800027724,18,5,5,1820,1,2,1,1.0,3.0,50602,M,4962820.0,-158560.0,50
201800027725,18,5,11,1720,1,2,4,1.0,6.0,50129,M,4964000.0,-162612.0,50
201800027726,18,5,14,1745,1,2,1,1.0,6.0,50129,M,4963594.0,-160715.0,50
201800027727,18,5,14,1010,1,2,1,1.0,6.0,50173,M,4965973.0,-167548.0,50
201800027728,18,5,16,1715,1,2,3,1.0,6.0,50173,M,4963539.0,-165681.0,50
201800027729,18,5,16,1310,1,2,3,1.0,1.0,50129,M,4962734.0,-164267.0,50
201800027730,18,5,17,1620,1,2,1,1.0,6.0,50602,M,4964363.0,-158433.0,50
201800027731,18,5,21,1930,1,2,1,1.0,7.0,50602,M,4964693.0,-159930.0,50
201800027732,18,5,18,1210,1,2,1,1.0,6.0,50602,M,4964157.0,-159172.0,50
201800027733,18,5,19,1125,1,1,1,1.0,6.0,50602,M,4964457.0,-156315.0,50
201800027734,18,5,23,1700,1,2,1,1.0,6.0,50129,M,4962750.0,-163440.0,50
201800027735,18,5,23,1435,1,2,1,1.0,2.0,50129,M,4963001.0,-161794.0,50
201800027736,18,5,27,1310,1,2,1,1.0,6.0,50129,M,4962760.0,-163839.0,50
201800027737,18,5,26,1140,1,2,2,8.0,6.0,50129,M,4963808.0,-162526.0,50
201800027738,18,5,28,1000,1,2,3,1.0,6.0,50129,M,4964004.0,-162040.0,50
201800027739,18,5,29,735,1,2,2,1.0,3.0,50602,M,4963101.0,-158944.0,50
201800027740,18,6,6,120,5,2,2,1.0,6.0,50129,M,4963229.0,-162354.0,50
201800027741,18,6,13,1520,1,1,1,1.0,1.0,50203,M,4960514.0,-159400.0,50
201800027742,18,6,19,1810,1,2,1,8.0,2.0,50129,M,4963079.0,161778.0,50
201800027743,18,6,20,740,1,2,1,1.0,3.0,50129,M,4964236.0,-162259.0,50
201800027744,18,6,23,1710,1,2,1,1.0,2.0,50173,M,4965780.0,-166463.0,50
201800027745,18,7,5,940,1,2,1,1.0,3.0,50129,M,4964155.0,-161800.0,50
201800027746,18,7,6,2325,5,2,1,1.0,3.0,50129,M,4964624.0,-164311.0,50
201800027747,18,7,9,910,1,2,3,1.0,6.0,50129,M,4963899.0,-160633.0,50
201800027748,18,7,10,1950,1,2,6,1.0,7.0,50602,M,4963551.0,-157600.0,50
201800027749,18,7,16,730,1,1,3,1.0,3.0,50173,M,4964574.0,-169227.0,50
201800027750,18,7,23,1410,1,2,3,1.0,6.0,50129,M,4963606.0,-161359.0,50
201800027751,18,7,23,1625,1,2,2,1.0,3.0,50129,M,4964218.0,-163701.0,50
201800027752,18,7,24,1935,1,2,3,1.0,1.0,50129,M,4963577.0,-162435.0,50
201800027753,18,7,25,1500,1,2,1,1.0,3.0,50129,M,4963402.0,-162314.0,50
201800027754,18,7,25,1825,1,2,2,1.0,2.0,50203,M,4961224.0,-160111.0,50
201800027755,18,7,29,1600,1,2,2,2.0,3.0,50173,M,4965467.0,-165825.0,50
201800027756,18,8,16,1750,1,2,1,2.0,6.0,50173,M,4966197.0,-168040.0,50
201800027757,18,8,20,740,1,2,6,1.0,6.0,50416,M,4966167.0,-168152.0,50
201800027758,18,8,20,1630,1,2,1,1.0,7.0,50173,M,4965558.0,-169484.0,50
201800027759,18,8,26,2255,5,2,2,2.0,3.0,50602,M,4964760.0,-157824.0,50
201800027760,18,8,28,1450,1,2,1,1.0,2.0,50129,M,4964114.0,-162564.0,50
201800027761,18,8,30,1745,1,2,3,1.0,3.0,50129,M,4962844.0,-163964.0,50
201800027762,18,9,2,2145,5,2,2,1.0,3.0,50129,M,4964534.0,-163779.0,50
201800027763,18,9,3,830,1,1,1,1.0,1.0,50203,M,4961034.0,-161235.0,50
201800027764,18,9,7,120,5,2,3,1.0,6.0,50129,M,4964163.0,-163305.0,50
201800027765,18,9,12,1615,1,1,1,1.0,2.0,50203,M,4960304.0,-160373.0,50
201800027766,18,9,14,930,1,1,2,1.0,1.0,50173,M,4962760.0,-167295.0,50
201800027767,18,9,16,1125,1,2,1,1.0,6.0,50602,M,4963933.0,-159563.0,50
201800027768,18,9,20,1845,1,2,2,1.0,3.0,50416,M,4965744.0,-169472.0,50
201800027769,18,9,21,825,1,2,3,1.0,7.0,50129,M,4962693.0,-163537.0,50
201800027770,18,9,24,1830,1,2,1,1.0,6.0,50173,M,4965953.0,-167526.0,50
201800027771,18,9,26,740,2,2,3,1.0,3.0,50173,M,4964897.0,-164370.0,50
201800027772,18,9,26,1615,1,2,3,1.0,4.0,50129,M,4964552.0,-163865.0,50
201800027773,18,10,1,845,1,2,1,1.0,6.0,50602,M,4964126.0,-158060.0,50
201800027774,18,10,2,745,2,2,4,2.0,6.0,50129,M,4963919.0,-162107.0,50
201800027775,18,10,4,610,5,2,1,1.0,6.0,50203,M,4962417.0,-161612.0,50
201800027776,18,10,8,50,5,2,3,1.0,3.0,50129,M,4964012.0,-162152.0,50
201800027777,18,10,8,805,1,2,3,1.0,3.0,50129,M,4963012.0,-164346.0,50
201800027778,18,10,11,1600,1,1,1,1.0,2.0,50203,M,4959763.0,-159677.0,50
201800027779,18,10,13,1605,1,1,1,1.0,6.0,50416,M,4964932.0,-171600.0,50
201800027780,18,10,13,1250,1,2,1,1.0,3.0,50129,M,4963029.0,-164656.0,50
201800027781,18,10,12,1220,1,2,1,1.0,1.0,50173,M,4966135.0,-167866.0,50
201800027782,18,10,14,45,5,2,1,1.0,7.0,50602,M,4963636.0,-157259.0,50
201800027783,18,10,15,1910,1,2,1,1.0,3.0,50129,M,4963771.0,-164949.0,50
201800027784,18,10,17,1725,1,2,3,1.0,2.0,50129,M,4962841.0,-163959.0,50
201800027785,18,10,17,750,2,2,1,1.0,2.0,50129,M,4964436.0,-163215.0,50
201800027786,18,10,19,1055,1,2,1,1.0,6.0,50602,M,4963457.0,-159116.0,50
201800027787,18,10,19,2040,5,2,1,1.0,3.0,50129,M,4963161.0,-161763.0,50
201800027788,18,10,20,2105,5,2,3,1.0,1.0,50203,M,4962060.0,-161869.0,50
201800027789,18,10,20,315,5,2,1,1.0,6.0,50129,M,4964279.0,-162138.0,50
201800027790,18,10,23,1405,1,2,2,1.0,2.0,50173,M,4965857.0,-169098.0,50
201800027791,18,10,24,1805,1,2,6,7.0,6.0,50173,M,4966176.0,-168096.0,50
201800027792,18,10,25,2115,5,2,6,1.0,6.0,50129,M,4963418.0,-161447.0,50
201800027793,18,10,30,1850,3,2,3,1.0,2.0,50129,M,4962623.0,-162920.0,50
201800027794,18,11,1,2050,5,2,3,8.0,3.0,50173,M,4965391.0,-164924.0,50
201800027795,18,11,6,1705,1,2,3,1.0,6.0,50129,M,4964531.0,-163812.0,50
201800027796,18,11,7,1730,2,2,1,2.0,6.0,50416,M,4966130.0,-169848.0,50
201800027797,18,11,8,1315,1,2,1,1.0,6.0,50129,M,4963616.0,-163210.0,50
201800027798,18,11,10,30,5,2,1,2.0,6.0,50129,M,4964190.0,-162536.0,50
201800027799,18,11,10,2325,5,2,1,1.0,6.0,50129,M,4964489.0,-162962.0,50
201800027800,18,11,14,745,2,2,6,1.0,3.0,50129,M,4963562.0,-165335.0,50
201800027801,18,11,14,930,1,2,3,1.0,6.0,50129,M,4964312.0,-160474.0,50
201800027802,18,11,17,1645,1,2,1,1.0,6.0,50129,M,4963463.0,-163554.0,50
201800027803,18,11,17,1750,5,2,6,1.0,6.0,50129,M,4963417.0,-161396.0,50
201800027804,18,11,17,2220,5,2,1,1.0,6.0,50129,M,4963734.0,-163340.0,50
201800027805,18,11,17,1055,1,2,4,1.0,6.0,50129,M,4963426.0,-162219.0,50
201800027806,18,11,19,1025,1,2,1,6.0,3.0,50173,M,4966019.0,-167660.0,50
201800027807,18,11,21,730,5,2,2,1.0,3.0,50129,M,4964044.0,-164067.0,50
201800027808,18,11,21,1425,1,2,3,1.0,3.0,50129,M,4963977.0,-162138.0,50
201800027809,18,11,22,1640,1,2,1,1.0,1.0,50129,M,4962908.0,-162005.0,50
201800027810,18,11,24,210,5,2,1,2.0,6.0,50129,M,4964486.0,-162963.0,50
201800027811,18,11,25,145,5,2,1,1.0,6.0,50129,M,4964108.0,-162132.0,50
201800027812,18,11,26,800,2,2,3,8.0,3.0,50129,M,4963083.0,-160456.0,50
201800027813,18,11,29,1330,1,2,1,1.0,7.0,50129,M,4964602.0,-161822.0,50
201800027814,18,11,29,1240,1,2,2,2.0,3.0,50173,M,4965739.0,-169481.0,50
201800027815,18,11,30,1700,1,2,1,1.0,2.0,50602,M,4963295.0,-158606.0,50
201800027816,18,11,30,1700,1,2,1,1.0,3.0,50129,M,4963390.0,-160780.0,50
201800027817,18,11,30,1800,5,2,1,1.0,4.0,50203,M,4961887.0,-161131.0,50
201800027818,18,12,1,1725,2,2,6,2.0,7.0,50129,M,4964255.0,-161514.0,50
201800027819,18,12,5,1545,1,2,6,3.0,2.0,50203,M,4959976.0,-159674.0,50
201800027820,18,12,9,1000,1,2,6,6.0,6.0,50602,M,4965326.0,-157871.0,50
201800027821,18,12,8,1930,5,2,6,1.0,6.0,50602,M,4963590.0,-157663.0,50
201800027822,18,12,10,750,5,2,3,1.0,6.0,50173,M,4964882.0,-165882.0,50
201800027823,18,12,10,1745,3,2,1,1.0,6.0,50203,M,4961595.0,-161332.0,50
201800027824,18,12,12,1010,1,1,3,1.0,3.0,50602,M,4965165.0,-155880.0,50
201800027825,18,12,12,1120,1,2,1,1.0,4.0,50129,M,4963418.0,-162443.0,50
201800027826,18,12,14,615,3,1,1,1.0,6.0,50203,M,4961315.0,-155216.0,50
201800027827,18,12,14,800,2,2,2,1.0,6.0,50129,M,4963868.0,-161441.0,50
201800027828,18,12,16,1935,5,2,3,2.0,3.0,50129,M,4962963.0,-161810.0,50
201800027829,18,12,19,1600,1,2,1,1.0,3.0,50129,M,4964235.0,-163908.0,50
201800027830,18,12,21,1115,1,2,2,1.0,3.0,50129,M,4964397.0,-162571.0,50
201800027831,18,12,21,1820,5,2,4,1.0,6.0,50129,M,4962620.0,-162819.0,50
201800027832,18,12,28,1750,5,2,3,8.0,6.0,50129,M,4962788.0,-161808.0,50
201800027833,18,12,24,1145,1,1,1,8.0,7.0,50416,M,4965495.0,-170295.0,50
201800027834,18,12,30,1800,5,2,3,2.0,7.0,50602,M,4964038.0,-158041.0,50
201800027835,18,2,10,1850,5,2,6,2.0,3.0,50147,M,4904598.0,-144163.0,50
201800027836,18,4,8,730,3,1,1,5.0,6.0,50147,M,4906774.0,-141655.0,50
201800027837,18,6,27,1620,1,2,1,1.0,2.0,50147,M,4906325.0,-143347.0,50
201800027838,18,8,17,1730,1,1,1,1.0,3.0,50147,M,4906811.0,-141996.0,50
201800027839,18,10,25,1745,1,2,1,1.0,7.0,50147,M,4903283.0,-144633.0,50
201800027840,18,11,5,750,2,2,9,1.0,3.0,50147,M,4904093.0,-144841.0,50
201800027841,18,12,20,835,1,2,6,1.0,3.0,50147,M,4904594.0,-144163.0,50
201800027842,18,12,21,1845,4,2,2,2.0,6.0,50147,M,4905156.0,-144239.0,50
201800027843,18,1,4,2015,3,1,1,2.0,6.0,50218,M,4882500.0,-154640.0,50
201800027844,18,1,9,1515,1,1,1,1.0,7.0,50218,M,4883137.0,153942.0,50
201800027845,18,1,17,920,1,2,3,2.0,3.0,50165,M,4884734.0,-157929.0,50
201800027846,18,1,17,1850,5,2,1,2.0,6.0,50218,M,4883790.0,-156782.0,50
201800027847,18,1,23,2240,5,2,1,1.0,6.0,50218,M,4884217.0,-157209.0,50
201800027848,18,1,23,1340,1,1,1,2.0,2.0,50218,M,,,50
201800027849,18,1,29,1910,5,2,1,8.0,2.0,50218,M,4883783.0,-158770.0,50
201800027850,18,2,22,2110,5,2,1,1.0,6.0,50647,M,4884973.0,-155705.0,50
201800027851,18,3,10,110,3,1,1,1.0,7.0,50218,M,4882845.0,-154315.0,50
201800027852,18,4,11,2330,3,1,1,1.0,6.0,50647,M,4884834.0,-154223.0,50
201800027853,18,4,24,815,1,1,2,1.0,3.0,50218,M,4882472.0,-155826.0,50
201800027854,18,5,10,1145,1,2,1,1.0,6.0,50647,M,4883778.0,-155729.0,50
201800027855,18,5,10,1922,1,2,1,1.0,7.0,50165,M,4884930.0,-157518.0,50
201800027856,18,5,12,1125,1,2,1,1.0,6.0,50218,M,4884007.0,-158630.0,50
201800027857,18,5,23,1635,1,2,1,1.0,6.0,50218,M,4883433.0,-161040.0,50
201800027858,18,6,22,1700,1,1,1,1.0,1.0,50532,M,4878468.0,-153329.0,50
201800027859,18,7,2,1535,1,2,6,1.0,3.0,50532,M,4881290.0,156605.0,50
201800027860,18,8,1,245,4,2,1,1.0,6.0,50532,M,4879066.0,-156439.0,50
201800027861,18,9,28,1700,1,2,1,1.0,5.0,50218,M,4883789.0,-157239.0,50
201800027862,18,10,27,1355,1,2,2,2.0,3.0,50165,M,4885030.0,-157917.0,50
201800027863,18,11,23,1734,5,2,1,3.0,7.0,50218,M,4884188.0,-157831.0,50
201800027864,18,11,28,1800,5,2,1,1.0,6.0,50218,M,4883728.0,-158313.0,50
201800027865,18,12,3,1440,1,1,6,8.0,3.0,50532,M,4880956.0,-153702.0,50
201800027866,18,12,6,1730,5,2,1,2.0,2.0,50218,M,4883693.0,-155177.0,50
201800027867,18,12,10,1610,1,2,6,1.0,6.0,50218,M,4883698.0,-160160.0,50
201800027868,18,12,18,1758,5,2,1,2.0,6.0,50218,M,4883804.0,-158561.0,50
201800027869,18,1,3,2045,5,2,6,3.0,2.0,50502,M,4910724.0,-106010.0,50
201800027870,18,1,10,945,1,2,1,1.0,6.0,50502,M,4911604.0,-110098.0,50
201800027871,18,1,19,2120,5,2,6,8.0,7.0,50502,M,4911680.0,-109421.0,50
201800027872,18,1,23,1340,1,2,1,1.0,6.0,50502,M,4810810.0,-108980.0,50
201800027873,18,2,8,755,1,2,1,9.0,6.0,50502,M,4911081.0,-108903.0,50
201800027874,18,2,12,1235,1,2,3,1.0,3.0,50502,M,4911141.0,-106339.0,50
201800027875,18,3,15,1545,1,2,1,1.0,6.0,50002,M,4911682.0,111128.0,50
201800027876,18,3,23,1215,1,2,3,1.0,3.0,50502,M,4911570.0,-108574.0,50
201800027877,18,4,4,1625,1,2,1,1.0,6.0,50502,M,4910491.0,-108606.0,50
201800027878,18,5,24,1235,1,1,6,1.0,3.0,50502,M,4909777.0,-107662.0,50
201800027879,18,6,8,820,1,2,2,1.0,3.0,50502,M,4964011.0,152430.0,50
201800027880,18,6,11,1530,1,2,1,3.0,6.0,50502,M,4911625.0,-108768.0,50
201800027881,18,9,16,2235,3,1,1,1.0,6.0,50502,M,4909543.0,-105632.0,50
201800027882,18,11,8,1900,5,2,1,1.0,6.0,50502,M,4910892.0,107296.0,50
201800027883,18,11,25,1200,1,2,6,1.0,3.0,50502,M,4911488.0,-109182.0,50
201800027884,18,11,30,1315,1,2,1,1.0,3.0,50502,M,4911036.0,-107520.0,50
201800027885,18,1,18,1819,2,2,1,2.0,6.0,51242,M,4896031.0,431772.0,51
201800027886,18,2,2,1935,5,2,1,2.0,5.0,51108,M,4893787.0,438368.0,51
201800027887,18,2,12,2010,5,2,3,1.0,3.0,51108,M,4896520.0,436560.0,51
201800027888,18,2,15,1705,1,1,1,2.0,1.0,51108,M,4899115.0,438932.0,51
201800027889,18,3,16,1310,1,2,6,1.0,6.0,51108,M,4897886.0,435784.0,51
201800027890,18,4,21,2050,1,2,7,1.0,3.0,51108,M,4895575.0,437375.0,51
201800027891,18,5,6,15,5,2,2,1.0,7.0,51108,M,4896343.0,436679.0,51
201800027892,18,5,14,1420,1,1,1,8.0,5.0,51160,M,4892316.0,432003.0,51
201800027893,18,5,26,1830,1,2,1,1.0,5.0,51108,M,4895511.0,437691.0,51
201800027894,18,6,16,1530,1,2,9,1.0,3.0,51506,M,4894440.0,439567.0,51
201800027895,18,7,24,1748,1,1,1,1.0,7.0,51168,M,4891704.0,435608.0,51
201800027896,18,7,29,2140,1,2,1,1.0,6.0,51108,M,4895515.0,432879.0,51
201800027897,18,8,9,2041,1,2,2,1.0,3.0,51108,M,4894655.0,437159.0,51
201800027898,18,9,5,1320,1,2,1,1.0,6.0,51108,M,4895406.0,436958.0,51
201800027899,18,9,20,1110,1,2,6,1.0,1.0,51108,M,4895510.0,433967.0,51
201800027900,18,10,8,1555,1,2,1,1.0,6.0,51108,M,4894742.0,434096.0,51
201800027901,18,10,9,1930,2,2,2,1.0,3.0,51108,M,4893943.0,439081.0,51
201800027902,18,10,18,1625,1,2,1,1.0,6.0,51108,M,4893868.0,440501.0,51
201800027903,18,11,26,1850,5,2,1,1.0,6.0,51108,M,4894032.0,438628.0,51
201800027904,18,11,29,345,5,2,1,1.0,6.0,51504,M,4897700.0,434931.0,51
201800027905,18,11,29,1128,1,2,1,9.0,3.0,51108,M,4894336.0,438611.0,51
201800027906,18,12,8,1019,1,2,1,1.0,6.0,51108,M,4894326.0,438573.0,51
201800027907,18,1,4,1745,5,2,6,1.0,7.0,51230,M,4904117.0,395349.0,51
201800027908,18,1,24,750,5,2,1,2.0,6.0,51230,M,4903233.0,394812.0,51
201800027909,18,1,27,1520,1,2,1,1.0,6.0,51230,M,4904605.0,395525.0,51
201800027910,18,2,11,1415,1,2,1,1.0,6.0,51230,M,4903185.0,394151.0,51
201800027911,18,2,19,1731,1,2,1,1.0,6.0,51230,M,4903792.0,394914.0,51
201800027912,18,2,27,1655,1,2,1,1.0,6.0,51230,M,4903569.0,396486.0,51
201800027913,18,3,5,825,1,2,1,1.0,2.0,51230,M,4903507.0,395396.0,51
201800027914,18,4,6,2255,5,2,2,1.0,3.0,51230,M,4903967.0,394980.0,51
201800027915,18,4,13,1415,1,2,1,1.0,6.0,51230,M,4904204.0,396559.0,51
201800027916,18,5,5,1607,1,2,1,1.0,6.0,51230,M,4904601.0,395366.0,51
201800027917,18,5,16,1615,1,2,2,1.0,6.0,51230,M,4904549.0,396184.0,51
201800027918,18,5,11,1340,1,2,6,1.0,6.0,51230,M,4904117.0,395340.0,51
201800027919,18,8,23,1715,1,2,1,1.0,3.0,51230,M,4904810.0,397177.0,51
201800027920,18,9,8,2055,5,2,3,1.0,1.0,51230,M,4904818.0,395482.0,51
201800027921,18,10,13,1220,1,2,3,1.0,3.0,51230,M,4903245.0,395675.0,51
201800027922,18,10,27,1045,1,2,1,1.0,6.0,51230,M,4905317.0,395056.0,51
201800027923,18,11,9,1427,1,2,1,1.0,2.0,51230,M,4904287.0,395761.0,51
201800027924,18,11,25,1,5,2,1,2.0,6.0,51230,M,4904293.0,396834.0,51
201800027925,18,1,1,1750,5,2,3,3.0,3.0,51454,M,4922592.0,402121.0,51
201800027926,18,1,3,1740,5,2,2,1.0,6.0,51172,M,4922331.0,405124.0,51
201800027927,18,1,8,1530,1,2,1,1.0,2.0,51055,M,4927250.0,405156.0,51
201800027928,18,1,8,1730,2,2,3,1.0,3.0,51454,M,4924449.0,403299.0,51
201800027929,18,1,9,750,2,2,1,1.0,4.0,51573,M,4924753.0,400394.0,51
201800027930,18,1,10,1300,1,2,1,2.0,6.0,51454,M,4922876.0,400939.0,51
201800027931,18,1,11,1745,5,2,9,8.0,6.0,51454,M,4925032.0,403908.0,51
201800027932,18,1,13,1530,1,2,1,1.0,2.0,51454,M,4928406.0,401029.0,51
201800027933,18,1,16,1810,5,2,1,8.0,2.0,51454,M,4923985.0,403190.0,51
201800027934,18,1,17,1215,1,2,1,8.0,6.0,51454,M,4923694.0,400469.0,51
201800027935,18,1,19,1730,1,2,2,1.0,6.0,51454,M,4923997.0,402080.0,51
201800027936,18,1,20,1950,5,2,3,2.0,1.0,51474,M,4926594.0,399345.0,51
201800027937,18,1,23,1330,1,2,3,1.0,3.0,51454,M,4926779.0,406744.0,51
201800027938,18,1,25,640,5,2,4,2.0,2.0,51454,M,4924535.0,402975.0,51
201800027939,18,1,25,1215,1,2,2,2.0,6.0,51454,M,4926048.0,404802.0,51
201800027940,18,1,25,1945,5,2,1,1.0,6.0,51454,M,4922923.0,401423.0,51
201800027941,18,1,30,800,2,2,3,1.0,5.0,51454,M,4927243.0,401602.0,51
201800027942,18,1,30,1325,1,2,1,1.0,2.0,51454,M,4923998.0,402081.0,51
201800027943,18,1,30,2345,5,2,1,2.0,6.0,51454,M,4923800.0,401383.0,51
201800027944,18,2,2,1330,1,2,4,8.0,4.0,51454,M,4923511.0,404143.0,51
201800027945,18,2,2,1940,5,2,2,1.0,6.0,51454,M,4923494.0,402829.0,51
201800027946,18,2,5,1015,1,2,1,4.0,2.0,51454,M,4924611.0,405911.0,51
201800027947,18,2,7,2000,5,2,1,9.0,7.0,51454,M,4923980.0,401370.0,51
201800027948,18,2,10,1420,1,2,7,4.0,2.0,51454,M,4922723.0,403538.0,51
201800027949,18,2,12,1030,1,2,1,1.0,6.0,51454,M,4925652.0,403282.0,51
201800027950,18,2,12,1920,5,2,1,1.0,2.0,51454,M,4925304.0,403442.0,51
201800027951,18,2,13,840,1,2,1,1.0,7.0,51474,M,4928184.0,402092.0,51
201800027952,18,2,13,1135,1,2,1,7.0,6.0,51454,M,4926141.0,403102.0,51
201800027953,18,2,16,1220,1,2,1,1.0,6.0,51454,M,4927710.0,401111.0,51
201800027954,18,2,17,1600,1,2,3,1.0,3.0,51454,M,4927580.0,402299.0,51
201800027955,18,2,17,1845,5,2,1,1.0,3.0,51573,M,4924875.0,399390.0,51
201800027956,18,2,23,2330,5,2,1,1.0,6.0,51454,M,4928809.0,402169.0,51
201800027957,18,3,7,1220,1,2,2,2.0,1.0,51454,M,4925790.0,405607.0,51
201800027958,18,3,9,1145,1,2,1,2.0,2.0,51454,M,4925214.0,404164.0,51
201800027959,18,3,9,2010,5,2,2,2.0,6.0,51454,M,4925155.0,404195.0,51
201800027960,18,3,10,955,1,2,3,2.0,6.0,51454,M,4926452.0,402955.0,51
201800027961,18,3,12,1930,5,2,2,2.0,3.0,51454,M,4922256.0,401413.0,51
201800027962,18,3,14,1440,1,2,2,1.0,3.0,51454,M,4928002.0,402710.0,51
201800027963,18,3,14,1745,1,2,3,1.0,6.0,51454,M,4924297.0,405833.0,51
201800027964,18,3,15,2050,5,2,3,8.0,3.0,51454,M,4923403.0,403980.0,51
201800027965,18,3,16,325,5,2,2,2.0,3.0,51454,M,4923628.0,402637.0,51
201800027966,18,3,17,1840,5,2,1,2.0,3.0,51454,M,4925839.0,402179.0,51
201800027967,18,3,19,920,1,2,1,4.0,2.0,51454,M,4926182.0,405145.0,51
201800027968,18,3,19,1800,1,2,1,1.0,3.0,51454,M,4923074.0,407249.0,51
201800027969,18,3,19,1945,5,2,2,1.0,3.0,51454,M,4927999.0,401893.0,51
201800027970,18,3,21,1750,1,2,1,1.0,6.0,51454,M,4927283.0,406130.0,51
201800027971,18,3,22,2042,5,2,1,2.0,6.0,51474,M,4925735.0,399223.0,51
201800027972,18,3,24,2315,5,2,1,1.0,3.0,51454,M,4925519.0,402248.0,51
201800027973,18,3,21,1120,1,2,2,1.0,6.0,51454,M,4926600.0,405294.0,51
201800027974,18,3,25,1102,1,2,6,1.0,7.0,51454,M,4929619.0,399851.0,51
201800027975,18,3,27,1130,1,2,2,3.0,6.0,51454,M,4926087.0,403291.0,51
201800027976,18,3,28,1315,1,2,1,2.0,2.0,51454,M,4923608.0,402606.0,51
201800027977,18,3,28,1505,1,2,3,2.0,3.0,51454,M,4926536.0,404485.0,51
201800027978,18,3,28,2235,5,2,3,1.0,3.0,51454,M,4924914.0,401661.0,51
201800027979,18,3,29,745,1,2,7,1.0,2.0,51454,M,4922732.0,401470.0,51
201800027980,18,4,3,820,1,2,1,1.0,4.0,51454,M,4924031.0,404476.0,51
201800027981,18,4,3,1135,1,2,1,1.0,6.0,51172,M,4922400.0,405300.0,51
201800027982,18,4,4,1745,1,2,3,8.0,3.0,51454,M,4925693.0,406259.0,51
201800027983,18,4,6,1630,1,2,2,1.0,6.0,51454,M,4925253.0,405792.0,51
201800027984,18,4,7,1210,1,2,1,1.0,6.0,51454,M,4925591.0,402399.0,51
201800027985,18,4,13,839,1,2,3,1.0,3.0,51172,M,4922276.0,405264.0,51
201800027986,18,4,15,1655,1,2,1,1.0,3.0,51454,M,4926209.0,405198.0,51
201800027987,18,4,17,1020,1,2,1,1.0,4.0,51454,M,4925048.0,405269.0,51
201800027988,18,4,18,745,1,2,3,1.0,6.0,51454,M,4923917.0,402970.0,51
201800027989,18,4,18,1300,1,2,1,1.0,6.0,51454,M,4926664.0,406156.0,51
201800027990,18,4,19,1850,1,2,3,1.0,3.0,51454,M,4926820.0,402650.0,51
201800027991,18,4,20,800,1,2,2,1.0,3.0,51454,M,4926286.0,401366.0,51
201800027992,18,4,20,1340,1,2,1,1.0,2.0,51055,M,4927753.0,404074.0,51
201800027993,18,4,20,2200,5,2,9,1.0,6.0,51454,M,4926998.0,400024.0,51
201800027994,18,4,23,1710,1,2,1,1.0,3.0,51454,M,4926401.0,404347.0,51
201800027995,18,4,24,1325,1,2,2,1.0,3.0,51454,M,4926527.0,405999.0,51
201800027996,18,4,24,1915,1,2,1,1.0,2.0,51454,M,4925837.0,405607.0,51
201800027997,18,4,26,1715,1,2,6,7.0,3.0,51454,M,4924472.0,402702.0,51
201800027998,18,4,27,2254,5,2,1,1.0,6.0,51454,M,4924024.0,403245.0,51
201800027999,18,4,28,2015,1,2,2,1.0,3.0,51454,M,4925025.0,401992.0,51
201800028000,18,4,29,1820,1,2,2,3.0,3.0,51454,M,4925937.0,402049.0,51
201800028001,18,4,30,1140,1,2,4,1.0,1.0,51454,M,4924913.0,401661.0,51
201800028002,18,5,6,110,5,2,2,1.0,3.0,51454,M,4925256.0,402237.0,51
201800028003,18,5,9,2040,1,2,1,1.0,2.0,51454,M,4926569.0,402676.0,51
201800028004,18,5,11,915,1,2,3,1.0,6.0,51454,M,4926391.0,405750.0,51
201800028005,18,5,11,2035,1,2,1,1.0,1.0,51454,M,4927492.0,400232.0,51
201800028006,18,5,14,909,1,2,2,3.0,6.0,51454,M,4925202.0,404410.0,51
201800028007,18,5,14,920,1,2,6,3.0,6.0,51172,M,4921187.0,405084.0,51