Num_Acc,an,mois,jour,hrmn,lum,agg,int,atm,col,com,gps,lat,long,dep
201800028008,18,5,16,1250,1,2,2,1.0,1.0,51454,M,4925722.0,402564.0,51
201800028009,18,5,17,1330,1,2,1,1.0,2.0,51454,M,4925591.0,402170.0,51
201800028010,18,5,18,1730,1,2,2,1.0,3.0,51454,M,4928445.0,402747.0,51
201800028011,18,5,18,1935,1,2,1,1.0,6.0,51454,M,4925361.0,404476.0,51
201800028012,18,5,19,1048,1,2,1,1.0,6.0,51454,M,4926511.0,402604.0,51
201800028013,18,5,23,1115,1,2,1,1.0,6.0,51454,M,4928251.0,400666.0,51
201800028014,18,5,25,1250,1,2,1,1.0,5.0,51454,M,4924570.0,405785.0,51
201800028015,18,5,25,1710,1,2,1,1.0,4.0,51454,M,4928490.0,400950.0,51
201800028016,18,5,25,1900,1,2,2,1.0,1.0,51454,M,4922249.0,401417.0,51
201800028017,18,5,26,1405,1,2,6,1.0,2.0,51474,M,4928120.0,400460.0,51
201800028018,18,5,27,1850,1,2,9,1.0,3.0,51454,M,4924527.0,402952.0,51
201800028019,18,5,28,1830,1,2,3,2.0,3.0,51454,M,4926160.0,402480.0,51
201800028020,18,5,29,755,1,2,6,1.0,1.0,51454,M,4923293.0,400695.0,51
201800028021,18,5,30,1030,1,2,1,1.0,6.0,51454,M,4925203.0,405330.0,51
201800028022,18,5,31,900,1,2,6,1.0,3.0,51573,M,4924836.0,399103.0,51
201800028023,18,5,31,1145,1,2,1,1.0,3.0,51454,M,4926472.0,400999.0,51
201800028024,18,5,31,1545,1,2,2,1.0,6.0,51454,M,4924841.0,402172.0,51
201800028025,18,6,5,1630,1,2,2,1.0,3.0,51454,M,4925120.0,404900.0,51
201800028026,18,6,8,1015,1,2,1,1.0,6.0,51454,M,4927818.0,401029.0,51
201800028027,18,6,9,1215,1,2,1,1.0,2.0,51474,M,4928069.0,400488.0,51
201800028028,18,6,10,1940,1,2,9,1.0,3.0,51454,M,4925027.0,402681.0,51
201800028029,18,6,11,1920,1,2,3,8.0,2.0,51454,M,4925956.0,405632.0,51
201800028030,18,6,11,1900,1,2,3,2.0,3.0,51454,M,4926161.0,405097.0,51
201800028031,18,6,14,850,1,2,3,1.0,6.0,51454,M,4926300.0,404499.0,51
201800028032,18,6,15,1828,1,2,2,1.0,6.0,51454,M,4925321.0,402811.0,51
201800028033,18,6,17,1330,1,2,1,1.0,3.0,51454,M,4925693.0,402524.0,51
201800028034,18,6,17,2340,4,2,3,1.0,3.0,51454,M,4923490.0,405097.0,51
201800028035,18,6,18,730,1,2,1,1.0,3.0,51055,M,4927323.0,404521.0,51
201800028036,18,6,18,1559,1,2,9,1.0,2.0,51454,M,4923375.0,403336.0,51
201800028037,18,6,19,2100,2,2,1,7.0,6.0,51454,M,4923376.0,403025.0,51
201800028038,18,6,20,1040,1,2,2,1.0,3.0,51454,M,4927146.0,401366.0,51
201800028039,18,6,20,1800,1,2,3,1.0,3.0,51454,M,4924917.0,401659.0,51
201800028040,18,6,21,1635,1,2,4,1.0,3.0,51454,M,4926414.0,403929.0,51
201800028041,18,6,22,815,1,2,6,7.0,3.0,51454,M,4923020.0,407214.0,51
201800028042,18,6,25,945,1,2,6,1.0,3.0,51454,M,4921290.0,401621.0,51
201800028043,18,6,27,1740,1,2,1,1.0,6.0,51454,M,4922683.0,403640.0,51
201800028044,18,6,27,1655,1,2,1,1.0,3.0,51454,M,4928332.0,401091.0,51
201800028045,18,6,27,1755,1,2,1,1.0,2.0,51573,M,4924843.0,399057.0,51
201800028046,18,6,27,1935,1,2,3,1.0,3.0,51454,M,4926201.0,402597.0,51
201800028047,18,6,28,1015,1,2,2,1.0,3.0,51454,M,4923986.0,402097.0,51
201800028048,18,6,29,1530,1,2,1,1.0,6.0,51454,M,4925760.0,403815.0,51
201800028049,18,6,30,1025,1,2,9,1.0,6.0,51474,M,4928174.0,400415.0,51
201800028050,18,6,29,1730,1,2,1,1.0,6.0,51454,M,4924900.0,401539.0,51
201800028051,18,7,1,1450,1,2,7,1.0,1.0,51454,M,4925060.0,402015.0,51
201800028052,18,7,2,1230,1,2,2,1.0,3.0,51454,M,4925507.0,404030.0,51
201800028053,18,7,2,1700,1,2,2,1.0,1.0,51454,M,4925813.0,403821.0,51
201800028054,18,7,4,1120,1,2,1,1.0,6.0,51454,M,4924520.0,403910.0,51
201800028055,18,7,5,1545,1,1,1,3.0,5.0,51474,M,4928232.0,399675.0,51
201800028056,18,7,5,1740,1,2,1,2.0,1.0,51454,M,4922744.0,402672.0,51
201800028057,18,7,5,1830,1,2,1,1.0,2.0,51172,M,4921483.0,404901.0,51
201800028058,18,7,7,155,5,2,1,1.0,6.0,51454,M,4925413.0,402226.0,51
201800028059,18,7,8,210,5,2,3,1.0,3.0,51454,M,4925374.0,401818.0,51
201800028060,18,7,8,1555,1,2,3,1.0,3.0,51454,M,4922121.0,401828.0,51
201800028061,18,7,9,730,1,2,1,1.0,2.0,51454,M,4925966.0,400920.0,51
201800028062,18,7,10,2310,5,2,2,1.0,3.0,51454,M,4925373.0,402681.0,51
201800028063,18,7,13,1645,1,2,1,1.0,4.0,51454,M,4922923.0,403219.0,51
201800028064,18,7,15,1115,1,2,1,1.0,3.0,51454,M,4925440.0,406158.0,51
201800028065,18,7,15,1950,1,2,1,1.0,6.0,51454,M,4924471.0,404873.0,51
201800028066,18,7,17,1135,1,2,1,1.0,6.0,51454,M,4925620.0,403052.0,51
201800028067,18,7,18,850,1,2,7,1.0,3.0,51454,M,4923232.0,403324.0,51
201800028068,18,7,20,840,1,2,1,1.0,2.0,51454,M,4926132.0,403132.0,51
201800028069,18,7,23,1730,1,2,2,1.0,1.0,51454,M,4923624.0,402627.0,51
201800028070,18,7,24,1450,1,2,1,1.0,6.0,51454,M,4925766.0,404490.0,51
201800028071,18,7,24,1645,1,2,1,7.0,6.0,51172,M,4921420.0,404831.0,51
201800028072,18,7,26,1430,1,2,2,1.0,3.0,51454,M,4922255.0,401422.0,51
201800028073,18,8,2,1315,1,2,1,1.0,6.0,51454,M,4925022.0,404131.0,51
201800028074,18,8,3,1210,1,2,9,1.0,3.0,51055,M,4928675.0,405966.0,51
201800028075,18,8,3,1645,1,2,3,1.0,3.0,51454,M,4926708.0,406555.0,51
201800028076,18,8,3,1210,1,2,4,1.0,3.0,51454,M,4924520.0,403174.0,51
201800028077,18,8,5,835,1,2,2,1.0,3.0,51454,M,4925460.0,404821.0,51
201800028078,18,8,5,2150,5,2,1,1.0,2.0,51454,M,4923987.0,400858.0,51
201800028079,18,8,7,730,1,2,1,1.0,3.0,51454,M,4924540.0,404518.0,51
201800028080,18,8,8,40,5,2,1,1.0,6.0,51454,M,4924936.0,403723.0,51
201800028081,18,8,8,1735,1,2,3,1.0,3.0,51454,M,4925016.0,405658.0,51
201800028082,18,8,11,255,5,2,2,1.0,3.0,51454,M,4926582.0,401729.0,51
201800028083,18,8,15,1730,1,2,1,1.0,6.0,51573,M,4924144.0,399148.0,51
201800028084,18,8,22,1740,1,1,1,1.0,2.0,51454,M,4923703.0,406848.0,51
201800028085,18,8,23,1400,1,2,1,1.0,2.0,51454,M,4922767.0,402962.0,51
201800028086,18,8,24,1010,1,2,3,1.0,2.0,51454,M,4922951.0,406386.0,51
201800028087,18,8,24,1720,1,2,9,1.0,2.0,51573,M,4925470.0,397810.0,51
201800028088,18,8,26,340,5,2,1,1.0,6.0,51454,M,4925609.0,403660.0,51
201800028089,18,8,26,1135,1,2,1,7.0,2.0,51454,M,4928062.0,401301.0,51
201800028090,18,8,27,1835,1,2,1,1.0,2.0,51454,M,4926202.0,401283.0,51
201800028091,18,8,29,825,1,2,1,3.0,4.0,51454,M,4924545.0,405708.0,51
201800028092,18,8,30,1705,1,2,1,1.0,2.0,51454,M,4926187.0,403629.0,51
201800028093,18,8,31,1730,1,2,1,1.0,6.0,51454,M,4927481.0,401096.0,51
201800028094,18,9,2,605,5,2,1,1.0,6.0,51454,M,4922660.0,402399.0,51
201800028095,18,9,2,1200,1,2,1,1.0,5.0,51454,M,4926959.0,404397.0,51
201800028096,18,9,4,1812,1,2,3,1.0,3.0,51454,M,4923299.0,406712.0,51
201800028097,18,9,5,815,1,2,6,1.0,2.0,51454,M,4924132.0,404559.0,51
201800028098,18,9,6,1715,1,2,2,8.0,3.0,51172,M,4922430.0,405178.0,51
201800028099,18,9,6,1720,1,2,1,8.0,6.0,51454,M,4925437.0,406161.0,51
201800028100,18,9,7,945,1,2,6,1.0,3.0,51454,M,4922018.0,402057.0,51
201800028101,18,9,7,1535,1,2,1,1.0,6.0,51454,M,4923603.0,401159.0,51
201800028102,18,9,9,1055,1,2,2,1.0,6.0,51454,M,4926331.0,402833.0,51
201800028103,18,9,10,1420,1,2,1,1.0,6.0,51454,M,4924307.0,403601.0,51
201800028104,18,9,12,940,1,2,3,7.0,6.0,51454,M,4924381.0,403505.0,51
201800028105,18,9,14,800,1,2,1,8.0,6.0,51454,M,4924208.0,401435.0,51
201800028106,18,9,14,1925,1,2,1,1.0,2.0,51573,M,4925397.0,397455.0,51
201800028107,18,9,18,1515,1,2,9,1.0,3.0,51172,M,4922613.0,406637.0,51
201800028108,18,9,19,805,1,2,1,1.0,2.0,51454,M,4924796.0,404370.0,51
201800028109,18,9,19,1410,1,2,3,1.0,6.0,51454,M,4923333.0,404722.0,51
201800028110,18,9,21,1755,1,2,1,1.0,3.0,51454,M,4926112.0,403052.0,51
201800028111,18,9,22,905,1,2,1,1.0,3.0,51454,M,4925544.0,405511.0,51
201800028112,18,9,22,2345,5,2,2,3.0,3.0,51573,M,4924942.0,399169.0,51
201800028113,18,9,24,855,1,2,1,1.0,4.0,51454,M,4924923.0,402407.0,51
201800028114,18,9,24,1555,1,2,2,1.0,3.0,51454,M,4926185.0,401992.0,51
201800028115,18,9,24,1750,1,1,1,1.0,2.0,51454,M,4927380.0,405820.0,51
201800028116,18,9,26,800,1,2,1,1.0,2.0,51454,M,4925340.0,404619.0,51
201800028117,18,9,27,1330,1,2,2,1.0,3.0,51454,M,4925387.0,404082.0,51
201800028118,18,10,2,1735,1,2,6,2.0,5.0,51454,M,4923934.0,399640.0,51
201800028119,18,10,3,720,2,2,9,2.0,3.0,51454,M,4923860.0,403934.0,51
201800028120,18,10,4,840,2,2,2,1.0,3.0,51454,M,4929292.0,401412.0,51
201800028121,18,10,6,1015,1,2,1,1.0,6.0,51172,M,4922360.0,404821.0,51
201800028122,18,10,6,1845,1,2,3,1.0,3.0,51454,M,4925633.0,403633.0,51
201800028123,18,10,8,1430,1,2,2,1.0,3.0,51454,M,4925747.0,401924.0,51
201800028124,18,10,9,1620,1,2,1,1.0,3.0,51454,M,4922646.0,402320.0,51
201800028125,18,10,9,1945,5,2,1,1.0,3.0,51454,M,4925488.0,405487.0,51
201800028126,18,10,10,1820,1,2,1,1.0,6.0,51454,M,4923932.0,402008.0,51
201800028127,18,10,10,1640,1,2,1,1.0,5.0,51454,M,4925785.0,401159.0,51
201800028128,18,10,11,1810,1,2,2,1.0,2.0,51454,M,4927208.0,401268.0,51
201800028129,18,10,12,805,2,2,4,1.0,3.0,51454,M,4925529.0,404631.0,51
201800028130,18,10,12,1635,1,2,1,1.0,6.0,51454,M,4925671.0,406229.0,51
201800028131,18,10,12,1725,1,2,1,7.0,6.0,51454,M,4924680.0,401053.0,51
201800028132,18,10,13,1430,1,2,9,1.0,3.0,51454,M,4924412.0,404934.0,51
201800028133,18,10,18,735,2,2,2,1.0,6.0,51454,M,4924597.0,404666.0,51
201800028134,18,10,18,1330,1,1,1,1.0,5.0,51454,M,4922516.0,406587.0,51
201800028135,18,10,18,1730,1,2,1,1.0,6.0,51454,M,4921254.0,402684.0,51
201800028136,18,10,22,1725,1,2,3,1.0,6.0,51454,M,4925833.0,402728.0,51
201800028137,18,10,25,1910,5,2,1,1.0,6.0,51454,M,4926013.0,404727.0,51
201800028138,18,10,26,1725,1,2,2,1.0,3.0,51454,M,4925253.0,402233.0,51
201800028139,18,10,27,2210,5,2,1,1.0,3.0,51454,M,4922752.0,401266.0,51
201800028140,18,10,29,739,2,2,3,1.0,6.0,51454,M,4925844.0,405630.0,51
201800028141,18,10,31,1950,5,2,2,2.0,6.0,51454,M,4927090.0,402613.0,51
201800028142,18,11,1,410,3,1,9,9.0,6.0,51454,M,4923400.0,407876.0,51
201800028143,18,11,2,1555,1,2,3,1.0,3.0,51454,M,4924695.0,403265.0,51
201800028144,18,11,7,1720,5,2,6,2.0,6.0,51573,M,4924736.0,397893.0,51
201800028145,18,11,7,1745,5,2,2,8.0,3.0,51454,M,4925472.0,402278.0,51
201800028146,18,11,8,1220,1,2,2,1.0,6.0,51454,M,4924369.0,404112.0,51
201800028147,18,11,9,755,2,2,2,1.0,6.0,51454,M,4925057.0,405269.0,51
201800028148,18,11,10,1530,1,2,6,2.0,6.0,51454,M,4926868.0,406979.0,51
201800028149,18,11,11,1105,1,2,2,1.0,3.0,51454,M,4922806.0,403376.0,51
201800028150,18,11,12,1335,1,2,1,1.0,2.0,51454,M,4927671.0,400586.0,51
201800028151,18,11,13,1700,1,2,2,1.0,6.0,51454,M,4926708.0,402454.0,51
201800028152,18,11,12,1750,5,2,6,1.0,2.0,51454,M,4928703.0,402759.0,51
201800028153,18,11,14,1330,1,2,1,1.0,3.0,51454,M,4925199.0,402303.0,51
201800028154,18,11,12,1430,1,2,1,1.0,3.0,51454,M,4924698.0,406379.0,51
201800028155,18,11,14,1435,1,2,1,1.0,6.0,51454,M,4925671.0,406229.0,51
201800028156,18,11,16,1800,5,2,4,1.0,7.0,51454,M,4925779.0,403091.0,51
201800028157,18,11,17,1800,5,2,1,1.0,5.0,51454,M,4928161.0,403810.0,51
201800028158,18,11,19,1340,1,2,1,1.0,1.0,51454,M,4924821.0,405884.0,51
201800028159,18,11,19,1855,5,2,1,2.0,6.0,51454,M,4922529.0,403348.0,51
201800028160,18,11,16,1600,1,2,1,1.0,6.0,51454,M,4923678.0,402557.0,51
201800028161,18,11,20,1755,5,2,2,2.0,6.0,51454,M,4924296.0,405837.0,51
201800028162,18,11,20,1815,5,2,3,8.0,3.0,51454,M,4924660.0,401644.0,51
201800028163,18,11,20,2210,5,2,7,1.0,3.0,51454,M,4925730.0,403899.0,51
201800028164,18,11,22,755,1,2,1,8.0,6.0,51454,M,4922470.0,401787.0,51
201800028165,18,11,22,1640,1,2,2,1.0,6.0,51454,M,4925741.0,402592.0,51
201800028166,18,11,23,1725,5,2,1,1.0,2.0,51454,M,4929213.0,400241.0,51
201800028167,18,11,25,1240,1,2,2,2.0,3.0,51454,M,4922255.0,401414.0,51
201800028168,18,11,25,1725,5,2,1,2.0,6.0,51454,M,4927520.0,401789.0,51
201800028169,18,11,25,1825,5,2,2,2.0,3.0,51454,M,4923243.0,401833.0,51
201800028170,18,11,27,1025,1,2,2,1.0,3.0,51454,M,4922660.0,401963.0,51
201800028171,18,11,28,1405,1,2,2,2.0,3.0,51454,M,4924872.0,401290.0,51
201800028172,18,11,28,1820,5,2,3,2.0,3.0,51454,M,4923481.0,404128.0,51
201800028173,18,11,28,1930,5,2,3,2.0,3.0,51454,M,4925125.0,403439.0,51
201800028174,18,11,29,735,5,2,9,1.0,3.0,51454,M,4923597.0,406609.0,51
201800028175,18,11,29,1858,5,2,1,2.0,3.0,51454,M,4922396.0,402468.0,51
201800028176,18,12,2,958,1,2,4,2.0,3.0,51454,M,4923397.0,402776.0,51
201800028177,18,12,9,1750,5,2,3,2.0,2.0,51454,M,4925949.0,405630.0,51
201800028178,18,12,11,845,2,2,1,1.0,4.0,51454,M,4928991.0,400459.0,51
201800028179,18,12,11,1620,1,2,1,1.0,4.0,51454,M,4925427.0,401726.0,51
201800028180,18,12,13,1400,1,2,1,1.0,2.0,51474,M,4927939.0,400465.0,51
201800028181,18,12,13,1630,1,2,6,1.0,3.0,51573,M,4925034.0,397773.0,51
201800028182,18,12,17,915,1,2,9,8.0,3.0,51454,M,4922989.0,403552.0,51
201800028183,18,12,17,1220,1,2,1,1.0,3.0,51454,M,4924953.0,404284.0,51
201800028184,18,12,20,825,1,2,4,2.0,3.0,51454,M,4923170.0,401100.0,51
201800028185,18,12,21,15,5,2,1,1.0,6.0,51454,M,4925268.0,406246.0,51
201800028186,18,12,21,1215,1,2,2,2.0,3.0,51454,M,4925100.0,404082.0,51
201800028187,18,12,21,1210,1,2,2,2.0,3.0,51454,M,4926503.0,406016.0,51
201800028188,18,12,21,1605,1,2,1,1.0,6.0,51454,M,4924348.0,404362.0,51
201800028189,18,12,21,1755,5,2,1,1.0,6.0,51454,M,4926119.0,402407.0,51
201800028190,18,12,26,1300,1,2,2,1.0,3.0,51454,M,4923323.0,402962.0,51
201800028191,18,12,26,1400,1,2,1,1.0,6.0,51454,M,4924739.0,406463.0,51
201800028192,18,12,26,1815,5,2,6,1.0,3.0,51454,M,4923652.0,407139.0,51
201800028193,18,12,29,2045,5,2,3,1.0,1.0,51454,M,4923908.0,403104.0,51
201800028194,18,1,9,1750,2,2,1,1.0,6.0,52121,M,4811974.0,513906.0,52
201800028195,18,1,25,1435,1,1,1,2.0,6.0,52121,M,4812926.0,515745.0,52
201800028196,18,3,6,1846,1,1,1,1.0,5.0,52121,M,4806044.0,514605.0,52
201800028197,18,4,10,1730,1,1,1,1.0,2.0,52121,M,4808674.0,510200.0,52
201800028198,18,4,20,2225,5,2,2,1.0,3.0,52121,M,4810330.0,514426.0,52
201800028199,18,4,29,2250,5,2,1,1.0,6.0,52121,M,4808874.0,514605.0,52
201800028200,18,5,1,455,5,2,1,1.0,6.0,52121,M,4808872.0,513945.0,52
201800028201,18,5,11,1430,1,2,6,1.0,3.0,52121,M,4811081.0,513294.0,52
201800028202,18,5,22,1700,1,2,3,1.0,5.0,52121,M,4810481.0,514266.0,52
201800028203,18,6,2,1205,1,2,1,1.0,3.0,52121,M,4810100.0,514474.0,52
201800028204,18,6,7,705,1,2,1,1.0,1.0,52121,M,4811656.0,514537.0,52
201800028205,18,8,14,230,5,2,3,1.0,3.0,52121,M,4810101.0,514471.0,52
201800028206,18,11,6,1802,2,2,1,1.0,4.0,52121,M,4811005.0,513470.0,52
201800028207,18,11,22,2040,5,2,1,1.0,1.0,52121,M,4809882.0,514079.0,52
201800028208,18,11,23,1212,1,2,1,1.0,6.0,52121,M,4808972.0,513422.0,52
201800028209,18,12,11,1700,2,2,1,1.0,6.0,52121,M,4810668.0,513072.0,52
201800028210,18,1,22,1220,1,2,1,3.0,6.0,52448,M,4863690.0,495010.0,52
201800028211,18,5,14,1035,1,2,1,2.0,7.0,52448,M,4864661.0,493338.0,52
201800028212,18,7,9,1735,1,2,1,1.0,6.0,52448,M,4863776.0,493848.0,52
201800028213,18,7,10,2345,5,2,9,1.0,3.0,52448,M,4863645.0,495427.0,52
201800028214,18,9,12,1730,1,2,1,1.0,6.0,52448,M,4864276.0,497082.0,52
201800028215,18,11,10,1440,1,2,1,2.0,2.0,52448,M,4862758.0,495961.0,52
201800028216,18,11,13,1713,2,2,1,1.0,3.0,52448,M,4863591.0,496675.0,52
201800028217,18,11,14,1505,1,2,6,1.0,6.0,52448,M,4863026.0,493390.0,52
201800028218,18,11,19,300,5,2,6,2.0,6.0,52448,M,4862267.0,499323.0,52
201800028219,18,12,13,1250,1,2,1,1.0,6.0,52448,M,4864038.0,497995.0,52
201800028220,18,12,18,1010,1,2,3,1.0,7.0,52448,M,4864756.0,496311.0,52
201800028221,18,12,23,1915,5,2,9,8.0,3.0,52448,M,4863191.0,495369.0,52
201800028222,18,1,15,1730,2,2,6,8.0,3.0,53130,M,4807956.0,-80464.0,53
201800028223,18,1,26,1912,5,2,2,1.0,3.0,53130,M,4805623.0,-79717.0,53
201800028224,18,1,20,1736,2,2,2,2.0,3.0,53130,M,4805984.0,-77592.0,53
201800028225,18,1,31,737,5,2,1,2.0,6.0,53130,M,4806123.0,-75953.0,53
201800028226,18,2,12,1125,1,2,1,1.0,3.0,53130,M,4806328.0,-74995.0,53
201800028227,18,2,17,1700,1,2,1,1.0,6.0,53130,M,4806306.0,-75272.0,53
201800028228,18,3,23,1835,1,2,9,1.0,3.0,53130,M,4808073.0,-75261.0,53
201800028229,18,3,28,820,1,2,9,1.0,3.0,53130,M,4805386.0,-79633.0,53
201800028230,18,2,27,1945,5,2,1,1.0,2.0,53201,M,4806863.0,-80356.0,53
201800028231,18,4,7,1245,1,2,1,1.0,6.0,53130,M,4807558.0,-78492.0,53
201800028232,18,4,22,1200,1,2,2,1.0,3.0,53130,M,4806993.0,-74964.0,53
201800028233,18,5,10,1720,1,2,1,1.0,3.0,53201,M,4806868.0,-80578.0,53
201800028234,18,5,14,1615,1,2,3,1.0,6.0,53130,M,4806872.0,-76208.0,53
201800028235,18,5,22,1827,1,1,1,8.0,5.0,53130,M,4804238.0,-77767.0,53
201800028236,18,6,20,1215,1,2,1,1.0,6.0,53130,M,4807070.0,-77657.0,53
201800028237,18,6,26,1354,1,2,2,1.0,2.0,53130,M,4807099.0,-74581.0,53
201800028238,18,7,13,950,1,1,1,1.0,1.0,53054,M,4809443.0,-78680.0,53
201800028239,18,8,2,715,1,1,6,1.0,3.0,53034,M,4807286.0,-72984.0,53
201800028240,18,9,17,929,1,2,1,1.0,6.0,53201,M,4806870.0,-82140.0,53
201800028241,18,9,22,1835,2,2,1,2.0,7.0,53130,M,4808803.0,80888.0,53
201800028242,18,10,2,2025,5,1,1,1.0,2.0,53034,M,4807545.0,-72518.0,53
201800028243,18,10,5,1520,1,2,9,1.0,3.0,53130,M,4807108.0,-74584.0,53
201800028244,18,10,22,754,2,2,9,1.0,3.0,53130,M,4805945.0,-78806.0,53
201800028245,18,10,29,1050,1,2,4,1.0,6.0,53130,M,4805287.0,-74609.0,53
201800028246,18,11,17,2155,5,2,6,1.0,6.0,53130,M,4805292.0,-74016.0,53
201800028247,18,12,20,1105,1,2,1,1.0,1.0,53054,M,4809930.0,-78996.0,53
201800028248,18,2,1,416,3,1,1,1.0,2.0,54099,M,4926145.0,595035.0,54
201800028249,18,5,13,848,1,1,1,2.0,3.0,54341,M,4926177.0,591319.0,54
201800028250,18,1,9,730,2,2,1,1.0,6.0,54136,M,4916671.0,585765.0,54
201800028251,18,2,2,1755,5,2,1,3.0,6.0,54136,M,4916603.0,584856.0,54
201800028252,18,4,26,1521,1,2,1,1.0,1.0,54273,M,4914999.0,588452.0,54
201800028253,18,6,23,1530,1,1,1,1.0,7.0,54542,M,4921768.0,592765.0,54
201800028254,18,7,18,1500,1,1,1,1.0,1.0,54371,M,4919932.0,593414.0,54
201800028255,18,7,17,1940,1,1,1,1.0,2.0,54469,M,4915526.0,600151.0,54
201800028256,18,12,21,1620,1,1,1,1.0,7.0,54273,M,4913557.0,589285.0,54
201800028257,18,1,30,1310,1,2,4,1.0,3.0,54159,M,4861000.0,635000.0,54
201800028258,18,3,6,1430,1,2,4,8.0,1.0,54549,M,4863469.0,631121.0,54
201800028259,18,9,10,825,1,2,1,1.0,1.0,54159,M,4861152.0,635302.0,54
201800028260,18,12,25,1750,2,2,1,1.0,6.0,54493,M,4952766.0,581498.0,54
201800028261,18,2,3,1305,1,2,1,1.0,6.0,54321,M,4953429.0,579262.0,54
201800028262,18,1,31,1630,1,2,1,3.0,6.0,54323,M,4951832.0,575501.0,54
201800028263,18,1,16,1715,2,1,1,8.0,6.0,54323,M,4951702.0,576282.0,54
201800028264,18,4,7,1650,1,2,1,1.0,3.0,54261,M,4952270.0,579285.0,54
201800028265,18,4,2,1450,1,1,9,1.0,1.0,54367,M,4950540.0,578781.0,54
201800028266,18,3,27,1452,1,2,1,1.0,3.0,54382,M,4954494.0,580587.0,54
201800028267,18,4,3,1450,1,2,1,1.0,6.0,54323,M,4952353.0,576456.0,54
201800028268,18,4,7,1755,1,2,1,1.0,3.0,54323,M,4951961.0,576321.0,54
201800028269,18,4,13,1415,1,2,3,1.0,3.0,54261,M,4952340.0,579649.0,54
201800028270,18,5,15,1040,1,1,1,1.0,4.0,54254,M,4949780.0,580505.0,54
201800028271,18,5,19,2050,2,2,1,1.0,3.0,54382,M,4954375.0,578026.0,54
201800028272,18,5,18,2020,1,2,1,1.0,6.0,54367,M,4950073.0,578026.0,54
201800028273,18,4,15,1745,1,2,1,1.0,5.0,54382,M,4954582.0,578234.0,54
201800028274,18,7,15,125,3,1,1,1.0,2.0,54382,M,4954250.0,576169.0,54
201800028275,18,7,14,1845,1,1,1,1.0,3.0,54254,M,4949263.0,581064.0,54
201800028276,18,8,31,1415,1,2,2,1.0,6.0,54323,M,4952545.0,576176.0,54
201800028277,18,10,1,925,1,2,1,1.0,6.0,54321,M,4953389.0,579784.0,54
201800028278,18,10,1,1303,1,1,1,1.0,1.0,54382,M,4954893.0,581047.0,54
201800028279,18,11,28,1755,3,1,1,2.0,5.0,54254,M,4947843.0,582311.0,54
201800028280,18,12,8,1910,5,2,1,1.0,3.0,54382,M,4953646.0,578365.0,54
201800028281,18,1,2,1810,4,2,1,1.0,6.0,54329,M,4858164.0,651772.0,54
201800028282,18,5,22,1148,1,2,2,1.0,3.0,54329,M,4858439.0,650806.0,54
201800028283,18,6,20,1905,1,2,1,1.0,6.0,54329,M,4859329.0,648658.0,54
201800028284,18,12,31,1400,1,2,1,1.0,6.0,54395,M,4870391.0,617163.0,54
201800028285,18,12,28,2235,5,2,1,1.0,6.0,54395,M,4866840.0,616557.0,54
201800028286,18,1,5,1755,5,1,2,3.0,6.0,54395,M,4883550.0,230037.0,54
201800028287,18,1,4,1820,5,2,1,2.0,6.0,54395,M,4869985.0,614077.0,54
201800028288,18,1,8,1810,5,2,3,1.0,6.0,54395,M,4868033.0,617742.0,54
201800028289,18,1,9,1430,1,2,1,1.0,6.0,54547,M,5063471.0,308788.0,54
201800028290,18,1,8,1940,5,2,1,1.0,4.0,54395,M,4868365.0,617484.0,54
201800028291,18,1,11,1850,5,2,1,1.0,3.0,54395,M,4869948.0,617019.0,54
201800028292,18,1,14,800,1,2,2,1.0,1.0,54578,M,4867862.0,616076.0,54
201800028293,18,1,11,1725,5,2,2,1.0,3.0,54300,M,4865971.0,622629.0,54
201800028294,18,1,11,1715,2,2,1,1.0,4.0,54025,M,4866483.0,623602.0,54
201800028295,18,1,5,1221,1,2,1,1.0,6.0,54547,M,4866586.0,617570.0,54
201800028296,18,1,15,1950,5,2,1,2.0,6.0,54395,M,4868700.0,617717.0,54
201800028297,18,1,12,1620,1,2,3,1.0,2.0,54184,M,4870721.0,621797.0,54
201800028298,18,1,13,1715,2,2,1,1.0,4.0,54395,M,4870284.0,617623.0,54
201800028299,18,1,16,1320,1,2,1,3.0,6.0,54395,M,4867220.0,617567.0,54
201800028300,18,1,18,1050,1,2,3,1.0,6.0,54184,M,4870797.0,624294.0,54
201800028301,18,1,17,1845,5,2,1,1.0,5.0,54304,M,4868744.0,613155.0,54
201800028302,18,1,19,1925,3,2,3,2.0,6.0,54547,M,4867099.0,615701.0,54
201800028303,18,1,21,1340,1,2,2,1.0,4.0,54304,M,4869453.0,613703.0,54
201800028304,18,1,22,715,2,2,1,2.0,6.0,54547,M,4865817.0,617754.0,54
201800028305,18,1,22,1210,1,2,1,3.0,3.0,54547,M,4867217.0,618132.0,54
201800028306,18,1,24,1350,1,2,1,1.0,4.0,54395,M,4869572.0,618996.0,54
201800028307,18,1,24,1400,1,2,1,1.0,6.0,54578,M,4865671.0,612936.0,54
201800028308,18,1,25,750,2,2,1,1.0,6.0,54395,M,4868653.0,619054.0,54
201800028309,18,1,16,1635,1,2,1,1.0,6.0,54526,M,4869712.0,621563.0,54
201800028310,18,1,13,600,5,2,2,1.0,4.0,54578,M,4867234.0,615446.0,54