Num_Acc,an,mois,jour,hrmn,lum,agg,int,atm,col,com,gps,lat,long,dep
201800028311,18,1,13,1655,1,2,1,1.0,6.0,54395,M,4868408.0,619639.0,54
201800028312,18,1,25,1500,1,2,2,1.0,6.0,54395,M,4868750.0,617077.0,54
201800028313,18,1,26,1830,5,2,1,1.0,2.0,54526,M,4869151.0,620705.0,54
201800028314,18,1,27,1700,2,2,1,1.0,3.0,54300,M,4865509.0,622741.0,54
201800028315,18,1,29,846,1,2,2,1.0,3.0,54328,M,4861941.0,620359.0,54
201800028316,18,1,29,1750,5,2,1,2.0,6.0,54578,M,4867222.0,615333.0,54
201800028317,18,1,28,33,5,2,3,1.0,1.0,54395,M,4869124.0,619096.0,54
201800028318,18,1,22,745,1,2,1,1.0,6.0,54578,M,4866559.0,614050.0,54
201800028319,18,1,29,1913,5,2,6,2.0,2.0,54547,M,4872145.0,627019.0,54
201800028320,18,1,30,1755,5,2,1,1.0,2.0,54357,M,4870595.0,613983.0,54
201800028321,18,1,26,1120,1,2,1,1.0,6.0,54395,M,4868187.0,619268.0,54
201800028322,18,1,31,915,1,2,2,1.0,3.0,54395,M,4869001.0,620279.0,54
201800028323,18,2,2,1425,1,2,1,1.0,2.0,54395,M,4868671.0,619466.0,54
201800028324,18,2,3,1515,1,2,2,1.0,3.0,54395,M,4868685.0,618397.0,54
201800028325,18,2,8,1535,1,2,1,1.0,5.0,54578,M,4867207.0,616100.0,54
201800028326,18,2,9,1850,5,2,3,2.0,3.0,54395,M,4869927.0,618053.0,54
201800028327,18,2,10,2000,5,2,2,1.0,3.0,54304,M,4867797.0,614503.0,54
201800028328,18,2,12,1705,1,2,1,3.0,2.0,54578,M,4865665.0,612678.0,54
201800028329,18,2,12,1820,5,2,1,1.0,6.0,54395,M,4870663.0,617694.0,54
201800028330,18,2,13,823,1,2,1,1.0,6.0,54304,M,4868158.0,616128.0,54
201800028331,18,2,13,1130,1,2,1,1.0,4.0,54526,M,4869366.0,621103.0,54
201800028332,18,2,15,1925,5,2,1,2.0,6.0,54395,M,4868744.0,617990.0,54
201800028333,18,2,17,1020,1,2,2,2.0,3.0,54395,M,4868558.0,619543.0,54
201800028334,18,2,17,1950,5,2,1,2.0,2.0,54304,M,4867774.0,614551.0,54
201800028335,18,1,18,700,5,2,1,1.0,6.0,54395,M,4869133.0,615428.0,54
201800028336,18,2,19,1850,5,2,1,1.0,6.0,54395,M,4868949.0,618200.0,54
201800028337,18,2,21,1415,1,2,1,1.0,4.0,54395,M,4869025.0,617572.0,54
201800028338,18,2,23,905,1,2,1,1.0,3.0,54526,M,4867227.0,622559.0,54
201800028339,18,2,23,1954,5,2,2,1.0,6.0,54395,M,4866715.0,616473.0,54
201800028340,18,2,24,1805,2,2,1,1.0,6.0,54547,M,4866112.0,617540.0,54
201800028341,18,2,26,930,1,2,1,1.0,6.0,54395,M,4868908.0,618384.0,54
201800028342,18,2,27,1415,1,2,1,1.0,6.0,54395,M,4869919.0,618741.0,54
201800028343,18,2,28,1113,1,2,1,1.0,3.0,54547,M,4868407.0,618645.0,54
201800028344,18,3,2,1929,5,2,2,4.0,2.0,54526,M,4868169.0,621614.0,54
201800028345,18,2,28,655,1,1,1,1.0,6.0,54395,M,4867764.0,620128.0,54
201800028346,18,3,6,1305,1,2,1,1.0,2.0,54395,M,4868591.0,620129.0,54
201800028347,18,3,7,1450,1,2,1,1.0,4.0,54274,M,4866663.0,619835.0,54
201800028348,18,3,2,2310,5,2,1,1.0,6.0,54578,M,4867562.0,614941.0,54
201800028349,18,3,8,915,1,2,2,1.0,3.0,54395,M,4868671.0,618110.0,54
201800028350,18,3,9,1715,1,2,1,1.0,6.0,54547,M,4866180.0,617386.0,54
201800028351,18,3,9,2227,5,2,1,1.0,6.0,54395,M,4869132.0,618389.0,54
201800028352,18,3,12,1100,1,2,1,1.0,6.0,54357,M,4870762.0,616658.0,54
201800028353,18,3,12,1345,1,2,2,1.0,6.0,54395,M,4870346.0,618201.0,54
201800028354,18,3,12,2000,5,2,2,1.0,3.0,54184,M,4870793.0,624291.0,54
201800028355,18,3,13,40,5,2,2,1.0,1.0,54395,M,4868297.0,619702.0,54
201800028356,18,3,12,2030,5,2,4,1.0,3.0,54304,M,4869330.0,612802.0,54
201800028357,18,3,13,1310,1,2,1,1.0,3.0,54395,M,4869411.0,617797.0,54
201800028358,18,3,14,1045,1,2,1,1.0,6.0,54395,M,4868792.0,617973.0,54
201800028359,18,3,14,1955,5,2,1,1.0,6.0,54357,M,4871315.0,616582.0,54
201800028360,18,3,15,1309,1,2,1,1.0,2.0,54395,M,4869043.0,615607.0,54
201800028361,18,3,15,2330,5,2,1,1.0,1.0,54395,M,4869279.0,619000.0,54
201800028362,18,3,16,1853,5,2,4,1.0,6.0,54578,M,4865691.0,613256.0,54
201800028363,18,3,17,1100,1,1,1,1.0,6.0,54328,M,4860950.0,617386.0,54
201800028364,18,3,17,1225,1,2,1,1.0,2.0,54526,M,4868528.0,621947.0,54
201800028365,18,3,20,2010,5,2,1,1.0,2.0,54395,M,4868644.0,616416.0,54
201800028366,18,3,21,723,2,2,1,1.0,6.0,54578,M,4866925.0,616011.0,54
201800028367,18,3,22,2000,5,2,1,1.0,6.0,54395,M,4869587.0,617164.0,54
201800028368,18,3,23,640,1,2,2,2.0,4.0,54395,M,4868668.0,616419.0,54
201800028369,18,3,23,822,1,2,2,1.0,3.0,54526,M,4868692.0,621124.0,54
201800028370,18,3,14,10,5,2,2,1.0,6.0,54395,M,4869076.0,617421.0,54
201800028371,18,3,24,1515,1,2,1,1.0,4.0,54547,M,4865462.0,618586.0,54
201800028372,18,3,22,750,1,2,2,1.0,6.0,54395,M,4867492.0,618042.0,54
201800028373,18,3,28,1810,1,2,3,1.0,6.0,54395,M,4869267.0,618174.0,54
201800028374,18,3,30,1515,1,2,4,2.0,3.0,54395,M,4868597.0,616841.0,54
201800028375,18,3,30,1610,1,2,1,1.0,2.0,54547,M,4865816.0,617702.0,54
201800028376,18,3,30,1616,1,2,1,1.0,3.0,54300,M,4866548.0,621639.0,54
201800028377,18,3,30,1750,1,2,1,1.0,2.0,54395,M,4868234.0,619727.0,54
201800028378,18,3,31,1455,1,1,1,1.0,3.0,54184,M,4876368.0,624642.0,54
201800028379,18,3,31,1530,1,2,1,1.0,2.0,54395,M,4868323.0,617366.0,54
201800028380,18,4,3,1049,1,2,3,1.0,6.0,54395,M,4868771.0,616109.0,54
201800028381,18,4,4,915,1,2,1,3.0,3.0,54357,M,4870610.0,616223.0,54
201800028382,18,4,5,830,1,2,1,1.0,6.0,54547,M,4866554.0,616167.0,54
201800028383,18,4,6,1215,1,2,3,1.0,6.0,54395,M,4868857.0,617357.0,54
201800028384,18,4,6,920,1,2,7,1.0,3.0,54395,M,4867697.0,620494.0,54
201800028385,18,4,10,1100,1,2,1,1.0,6.0,54395,M,4869412.0,619659.0,54
201800028386,18,4,10,1635,1,2,1,1.0,6.0,54395,M,4868735.0,618016.0,54
201800028387,18,4,6,1445,1,2,1,1.0,4.0,54328,M,4861882.0,617645.0,54
201800028388,18,4,12,1035,1,2,1,1.0,6.0,54395,M,4868898.0,618553.0,54
201800028389,18,4,13,1710,1,2,1,1.0,6.0,54274,M,4866742.0,619862.0,54
201800028390,18,4,16,2030,1,2,3,1.0,3.0,54395,M,4868470.0,616214.0,54
201800028391,18,4,18,1900,1,2,1,1.0,6.0,54395,M,4868125.0,616414.0,54
201800028392,18,4,18,655,1,2,3,1.0,3.0,54274,M,4866838.0,621438.0,54
201800028393,18,4,21,810,1,2,3,1.0,3.0,54395,M,4868573.0,620596.0,54
201800028394,18,4,26,2210,5,2,3,1.0,3.0,54395,M,4870080.0,617813.0,54
201800028395,18,4,28,2240,5,2,3,1.0,6.0,54304,M,4867771.0,614543.0,54
201800028396,18,4,29,1137,1,2,2,1.0,6.0,54395,M,4868463.0,617671.0,54
201800028397,18,4,29,1426,1,2,1,1.0,6.0,54274,M,4867066.0,620898.0,54
201800028398,18,4,27,1503,1,2,1,1.0,6.0,54304,M,4868462.0,615375.0,54
201800028399,18,5,1,2155,5,2,1,1.0,3.0,54395,M,4868462.0,615375.0,54
201800028400,18,4,15,8,5,2,1,1.0,2.0,54395,M,4868463.0,615378.0,54
201800028401,18,4,30,1635,1,2,2,1.0,3.0,54395,M,4867753.0,616715.0,54
201800028402,18,5,2,1224,1,2,1,1.0,4.0,54526,M,4868340.0,622137.0,54
201800028403,18,5,5,1720,1,2,1,1.0,6.0,54025,M,4867003.0,623073.0,54
201800028404,18,5,5,1930,3,2,2,1.0,6.0,54395,M,4688726.0,618826.0,54
201800028405,18,5,9,1050,1,2,1,1.0,1.0,54395,M,4867816.0,619835.0,54
201800028406,18,5,5,420,5,2,2,1.0,6.0,54395,M,4868415.0,617212.0,54
201800028407,18,5,10,1435,1,2,1,1.0,2.0,54547,M,4866187.0,617421.0,54
201800028408,18,5,7,1740,1,2,6,1.0,3.0,54547,M,4866527.0,617305.0,54
201800028409,18,5,10,1610,1,2,1,1.0,6.0,54395,M,4869357.0,613980.0,54
201800028410,18,5,12,1300,1,2,1,1.0,3.0,54578,M,4867206.0,616103.0,54
201800028411,18,5,15,739,1,2,2,1.0,3.0,54257,M,4865025.0,620613.0,54
201800028412,18,5,14,1909,1,2,2,1.0,3.0,54482,M,4869850.0,620603.0,54
201800028413,18,5,17,835,1,2,1,1.0,3.0,54357,M,4870722.0,617241.0,54
201800028414,18,5,17,1400,1,2,2,1.0,6.0,54395,M,4868167.0,616335.0,54
201800028415,18,5,21,1935,1,2,1,1.0,3.0,54395,M,4868921.0,618363.0,54
201800028416,18,4,28,535,5,2,3,1.0,6.0,54482,M,4870468.0,621287.0,54
201800028417,18,5,22,1940,1,2,1,1.0,3.0,54395,M,4869653.0,615026.0,54
201800028418,18,5,14,1655,1,2,1,1.0,2.0,54395,M,4870101.0,617786.0,54
201800028419,18,5,21,814,2,2,1,1.0,2.0,54304,M,4869449.0,613698.0,54
201800028420,18,5,15,819,1,2,1,1.0,6.0,54547,M,4866355.0,617290.0,54
201800028421,18,5,25,1210,1,2,1,1.0,4.0,54526,M,4868344.0,622105.0,54
201800028422,18,5,25,1325,1,2,1,1.0,3.0,54482,M,4668601.0,618110.0,54
201800028423,18,5,25,1645,1,2,1,1.0,4.0,54357,M,4871290.0,616179.0,54
201800028424,18,5,25,2030,1,2,1,1.0,6.0,54357,M,4870062.0,613090.0,54
201800028425,18,5,26,1110,1,2,2,1.0,6.0,54395,M,4869256.0,618491.0,54
201800028426,18,5,26,15,5,2,2,1.0,3.0,54395,M,4869047.0,618028.0,54
201800028427,18,5,28,1105,1,2,1,1.0,6.0,54395,M,4868304.0,619099.0,54
201800028428,18,5,23,1000,1,2,1,1.0,2.0,54395,M,4868247.0,617425.0,54
201800028429,18,5,25,500,5,2,6,1.0,3.0,54547,M,4867153.0,618602.0,54
201800028430,18,5,28,1726,1,2,3,1.0,3.0,54257,M,4865300.0,620311.0,54
201800028431,18,5,28,715,1,2,1,1.0,1.0,54395,M,4870324.0,613456.0,54
201800028432,18,5,29,1455,1,2,1,1.0,6.0,54395,M,4868837.0,618660.0,54
201800028433,18,5,29,1225,1,2,1,3.0,6.0,54395,M,4868277.0,618472.0,54
201800028434,18,5,31,901,1,2,1,1.0,6.0,54184,M,4870843.0,624474.0,54
201800028435,18,5,31,915,1,2,1,1.0,6.0,54578,M,4867202.0,615539.0,54
201800028436,18,5,31,1000,1,2,1,1.0,6.0,54395,M,4869899.0,616976.0,54
201800028437,18,5,31,1238,1,2,2,1.0,3.0,54395,M,4869623.0,619183.0,54
201800028438,18,6,3,640,1,2,1,1.0,5.0,54395,M,4869263.0,618414.0,54
201800028439,18,6,6,1702,1,2,2,1.0,6.0,54395,M,4869888.0,616858.0,54
201800028440,18,6,6,2000,1,2,1,1.0,3.0,54547,M,4865431.0,615278.0,54
201800028441,18,6,7,240,5,2,1,1.0,2.0,54395,M,4869092.0,615334.0,54
201800028442,18,6,9,1350,1,2,1,1.0,4.0,54357,M,4870823.0,616146.0,54
201800028443,18,6,3,1215,1,2,1,1.0,6.0,54357,M,4870617.0,614866.0,54
201800028444,18,6,13,1525,1,2,1,1.0,6.0,54395,M,4868802.0,617807.0,54
201800028445,18,6,12,1328,1,2,1,1.0,6.0,54274,M,4867448.0,620135.0,54
201800028446,18,6,12,1800,1,2,1,1.0,2.0,54265,M,4862515.0,618509.0,54
201800028447,18,6,14,1810,1,2,1,1.0,3.0,54304,M,4869445.0,613697.0,54
201800028448,18,6,21,1025,1,2,1,1.0,6.0,54547,M,4864748.0,618374.0,54
201800028449,18,6,22,542,1,2,2,1.0,3.0,54395,M,4867779.0,616884.0,54
201800028450,18,6,22,1715,1,2,2,1.0,6.0,54578,M,4867029.0,614170.0,54
201800028451,18,6,23,1735,1,2,2,1.0,3.0,54395,M,4869085.0,620165.0,54
201800028452,18,6,24,1710,1,2,1,1.0,6.0,54339,M,4871112.0,618685.0,54
201800028453,18,6,26,830,1,2,2,1.0,3.0,54300,M,4865686.0,621808.0,54
201800028454,18,6,26,1355,1,2,1,1.0,3.0,54578,M,4867099.0,615700.0,54
201800028455,18,6,26,1215,1,2,2,1.0,3.0,54395,M,4867984.0,619868.0,54
201800028456,18,6,27,1900,1,2,1,1.0,1.0,54578,M,4864171.0,606797.0,54
201800028457,18,6,25,1237,1,2,1,1.0,6.0,54395,M,4868676.0,618304.0,54
201800028458,18,6,28,1450,1,2,1,1.0,2.0,54274,M,4866677.0,619830.0,54
201800028459,18,6,28,1540,1,2,1,1.0,3.0,54328,M,4861740.0,618026.0,54
201800028460,18,6,28,1515,1,2,2,1.0,2.0,54395,M,4868072.0,617921.0,54
201800028461,18,6,28,1910,1,2,1,1.0,4.0,54395,M,4868398.0,617673.0,54
201800028462,18,6,27,2000,1,2,1,1.0,6.0,54395,M,4868818.0,618333.0,54
201800028463,18,6,30,1817,1,2,2,1.0,3.0,54395,M,4868527.0,617575.0,54
201800028464,18,6,29,820,1,2,4,1.0,4.0,54578,M,4866964.0,615553.0,54
201800028465,18,6,29,1610,1,2,1,1.0,6.0,54304,M,4868837.0,613286.0,54
201800028466,18,6,20,900,1,2,1,1.0,6.0,54547,M,4864883.0,615298.0,54
201800028467,18,7,1,330,5,2,1,1.0,3.0,54395,M,4868700.0,618512.0,54
201800028468,18,7,3,1655,1,2,1,1.0,2.0,54395,M,4868651.0,618415.0,54
201800028469,18,7,4,1440,1,2,1,1.0,6.0,54304,M,4868513.0,613284.0,54
201800028470,18,7,5,1243,1,2,1,1.0,2.0,54395,M,4868125.0,616420.0,54
201800028471,18,7,5,1350,1,2,1,1.0,2.0,54395,M,4868734.0,618367.0,54
201800028472,18,7,4,1800,1,2,1,1.0,2.0,54547,M,4867281.0,617987.0,54
201800028473,18,7,6,817,1,2,1,1.0,3.0,54578,M,4865663.0,612925.0,54
201800028474,18,7,3,1134,1,2,1,1.0,2.0,54357,M,4871342.0,615356.0,54
201800028475,18,7,6,2225,4,2,2,1.0,1.0,54395,M,4868721.0,620339.0,54
201800028476,18,7,5,2040,1,2,1,1.0,6.0,54395,M,4870050.0,617830.0,54
201800028477,18,7,6,2123,2,2,1,1.0,2.0,54395,M,4868738.0,619674.0,54
201800028478,18,7,9,1440,1,2,1,1.0,6.0,54547,M,4866525.0,617289.0,54
201800028479,18,7,9,1820,1,2,1,1.0,6.0,54304,M,4867931.0,614473.0,54
201800028480,18,7,6,900,1,2,1,1.0,6.0,54395,M,4869429.0,617780.0,54
201800028481,18,7,12,815,1,2,2,1.0,3.0,54395,M,4866719.0,616466.0,54
201800028482,18,7,13,1645,1,2,3,1.0,3.0,54395,M,4869761.0,619837.0,54
201800028483,18,7,14,1050,1,2,1,1.0,3.0,54547,M,4865989.0,618028.0,54
201800028484,18,7,15,5,5,1,1,1.0,2.0,54395,M,4867615.0,620593.0,54
201800028485,18,7,16,123,5,2,1,9.0,6.0,54300,M,4866137.0,622587.0,54
201800028486,18,7,17,2015,1,2,1,1.0,2.0,54395,M,4870073.0,617408.0,54
201800028487,18,7,22,2250,5,2,1,1.0,2.0,54395,M,4869739.0,615607.0,54
201800028488,18,7,15,1815,1,2,1,1.0,6.0,54395,M,4869352.0,618325.0,54
201800028489,18,7,11,1119,1,2,1,1.0,6.0,54395,M,4869432.0,618286.0,54
201800028490,18,7,23,2000,1,2,1,1.0,2.0,54357,M,4871251.0,616385.0,54
201800028491,18,7,24,1745,1,2,1,1.0,6.0,54526,M,4869740.0,620673.0,54
201800028492,18,7,25,917,1,2,1,1.0,3.0,54304,M,4867769.0,614891.0,54
201800028493,18,7,25,1745,1,2,2,1.0,6.0,54395,M,4868950.0,617830.0,54
201800028494,18,7,26,1420,1,2,3,1.0,3.0,54395,M,4870183.0,617139.0,54
201800028495,18,7,27,2000,1,2,4,1.0,3.0,54395,M,4869976.0,616568.0,54
201800028496,18,7,31,820,1,2,1,1.0,6.0,54482,M,4870193.0,621271.0,54
201800028497,18,7,26,1605,1,2,1,1.0,3.0,54274,M,4866901.0,620269.0,54
201800028498,18,7,26,1210,1,2,1,1.0,6.0,54547,M,4865668.0,613167.0,54
201800028499,18,7,27,2353,5,2,1,1.0,3.0,54304,M,4869452.0,613695.0,54
201800028500,18,7,31,1856,1,2,1,1.0,7.0,54395,M,4867660.0,620385.0,54
201800028501,18,8,1,1135,1,2,1,3.0,6.0,54328,M,4861611.0,617377.0,54
201800028502,18,8,1,1820,1,2,1,1.0,4.0,54395,M,4867660.0,620385.0,54
201800028503,18,8,1,1936,1,2,1,1.0,3.0,54395,M,4870169.0,617128.0,54
201800028504,18,8,2,10,5,2,1,1.0,5.0,54395,M,4869322.0,614093.0,54
201800028505,18,8,2,1425,1,2,1,1.0,4.0,54274,M,4866839.0,621429.0,54
201800028506,18,8,9,730,1,2,1,1.0,3.0,54304,M,4868749.0,613169.0,54
201800028507,18,8,9,1005,1,2,1,1.0,3.0,54304,M,4869452.0,613700.0,54
201800028508,18,8,14,1350,1,2,1,1.0,6.0,54184,M,4870341.0,622069.0,54
201800028509,18,8,14,1407,1,2,1,1.0,6.0,54395,M,4869107.0,617485.0,54
201800028510,18,8,15,1802,1,2,2,1.0,3.0,54395,M,4868643.0,619522.0,54
201800028511,18,8,15,1930,2,2,2,1.0,3.0,54395,M,4870331.0,618174.0,54
201800028512,18,8,17,625,2,2,4,1.0,3.0,54395,M,4868921.0,619385.0,54
201800028513,18,8,17,1330,1,2,3,1.0,1.0,54184,M,4870305.0,621648.0,54
201800028514,18,8,19,650,1,2,1,1.0,6.0,54526,M,4869832.0,620494.0,54
201800028515,18,8,20,1205,1,2,2,1.0,6.0,54547,M,4866143.0,617463.0,54
201800028516,18,8,21,1610,1,2,9,1.0,2.0,54578,M,4865657.0,612923.0,54
201800028517,18,8,20,1140,1,2,2,1.0,3.0,54395,M,4868272.0,618539.0,54
201800028518,18,8,28,1730,1,2,1,1.0,6.0,54578,M,4865662.0,612997.0,54
201800028519,18,8,28,2128,4,2,1,1.0,2.0,54395,M,4869736.0,616707.0,54
201800028520,18,8,29,1625,1,2,1,2.0,3.0,54578,M,4867174.0,615050.0,54
201800028521,18,8,29,1815,1,2,1,1.0,4.0,54395,M,4867098.0,616885.0,54
201800028522,18,8,29,1750,1,2,1,1.0,2.0,54395,M,4868593.0,620135.0,54
201800028523,18,8,30,1140,1,2,1,1.0,3.0,54395,M,4867454.0,616363.0,54
201800028524,18,9,3,1355,1,2,1,1.0,2.0,54395,M,4867178.0,616134.0,54
201800028525,18,9,4,2050,5,2,2,1.0,3.0,54547,M,4866664.0,616577.0,54
201800028526,18,9,5,1126,1,2,1,1.0,6.0,54395,M,4869923.0,619353.0,54
201800028527,18,9,5,1430,1,2,1,1.0,2.0,54482,M,4870380.0,620158.0,54
201800028528,18,9,6,1515,1,2,1,2.0,6.0,54547,M,4865111.0,614492.0,54
201800028529,18,9,7,800,1,2,1,1.0,6.0,54526,M,4868913.0,621025.0,54
201800028530,18,8,7,708,1,2,1,1.0,6.0,54547,M,4864910.0,615105.0,54
201800028531,18,9,8,1300,1,2,1,1.0,3.0,54395,M,4869711.0,618904.0,54
201800028532,18,9,9,1008,1,2,1,1.0,2.0,54184,M,4871247.0,623973.0,54
201800028533,18,9,9,2030,5,2,1,1.0,6.0,54395,M,4868418.0,617206.0,54
201800028534,18,9,10,820,1,2,1,1.0,2.0,54257,M,4865261.0,619351.0,54
201800028535,18,9,10,1155,1,2,2,1.0,3.0,54395,M,4869237.0,617912.0,54
201800028536,18,9,12,1930,1,2,1,1.0,6.0,54274,M,4867314.0,620631.0,54
201800028537,18,9,14,835,1,2,1,1.0,6.0,54357,M,4870405.0,613847.0,54
201800028538,18,9,14,1720,1,2,2,1.0,3.0,54257,M,4865263.0,618460.0,54
201800028539,18,9,17,1625,1,2,1,1.0,6.0,54578,M,4867505.0,615198.0,54
201800028540,18,9,17,1725,1,2,1,1.0,3.0,54184,M,4870329.0,621720.0,54
201800028541,18,9,18,1155,1,2,1,1.0,2.0,54547,M,4865538.0,618139.0,54
201800028542,18,9,18,1340,1,2,1,1.0,5.0,54439,M,4870342.0,626010.0,54
201800028543,18,9,19,1210,1,2,1,1.0,3.0,54395,M,4869920.0,618748.0,54
201800028544,18,9,19,1720,1,2,1,1.0,3.0,54526,M,4868427.0,622113.0,54
201800028545,18,9,20,1404,1,2,2,1.0,3.0,54395,M,4869889.0,616782.0,54
201800028546,18,9,20,1035,1,2,2,1.0,3.0,54395,M,4869236.0,617907.0,54
201800028547,18,9,20,1428,1,2,1,1.0,6.0,54395,M,4869051.0,617141.0,54
201800028548,18,9,21,2040,5,2,1,1.0,6.0,54547,M,4866360.0,617058.0,54
201800028549,18,9,22,1530,1,2,1,1.0,2.0,54357,M,4871305.0,614051.0,54
201800028550,18,9,23,2000,5,2,1,2.0,3.0,54304,M,4867911.0,614291.0,54
201800028551,18,9,24,1532,1,2,1,1.0,6.0,54395,M,4867785.0,619845.0,54
201800028552,18,9,24,950,1,2,1,1.0,6.0,54395,M,4870031.0,618123.0,54
201800028553,18,9,24,1525,1,2,1,1.0,6.0,54395,M,4867557.0,619983.0,54
201800028554,18,9,26,1320,1,2,1,1.0,2.0,54395,M,4868108.0,617503.0,54
201800028555,18,9,20,1800,2,2,2,1.0,6.0,54395,M,4869020.0,618008.0,54
201800028556,18,9,27,1051,1,2,1,1.0,6.0,54339,M,4813667.0,618130.0,54
201800028557,18,9,28,645,1,2,1,1.0,2.0,54395,M,4868160.0,617474.0,54
201800028558,18,10,4,1710,1,2,1,1.0,1.0,54184,M,4870821.0,624352.0,54
201800028559,18,10,4,1820,1,2,1,7.0,6.0,54395,M,4869215.0,619454.0,54
201800028560,18,10,5,1600,1,2,1,1.0,6.0,54395,M,4868909.0,616981.0,54
201800028561,18,10,7,1801,1,2,1,1.0,3.0,54395,M,4869939.0,616748.0,54
201800028562,18,10,7,1925,5,2,1,1.0,3.0,54526,M,4868010.0,622432.0,54
201800028563,18,10,9,1213,1,2,1,1.0,6.0,54547,M,4865630.0,617866.0,54
201800028564,18,10,17,852,1,2,1,1.0,3.0,54578,M,4866447.0,614330.0,54
201800028565,18,10,20,245,3,2,1,1.0,6.0,54357,M,4866447.0,614330.0,54
201800028566,18,10,18,1400,1,2,1,1.0,3.0,54395,M,4867558.0,619981.0,54
201800028567,18,10,12,955,1,2,3,1.0,6.0,54578,M,4867502.0,615911.0,54
201800028568,18,10,3,2038,3,2,1,1.0,3.0,54274,M,4867450.0,620143.0,54
201800028569,18,10,22,1735,1,2,1,1.0,3.0,54357,M,4870029.0,615415.0,54
201800028570,18,10,25,810,2,2,1,2.0,6.0,54395,M,4868834.0,618524.0,54
201800028571,18,10,27,1750,1,2,1,1.0,6.0,54265,M,4864579.0,618266.0,54
201800028572,18,10,25,1830,2,2,1,1.0,6.0,54300,M,4864091.0,625364.0,54
201800028573,18,11,7,912,1,2,1,1.0,3.0,54274,M,4866837.0,621434.0,54
201800028574,18,11,13,1730,2,2,1,2.0,6.0,54395,M,4868354.0,616861.0,54
201800028575,18,11,14,1505,1,2,1,1.0,3.0,54395,M,4868204.0,616507.0,54
201800028576,18,10,19,1,5,2,1,1.0,1.0,54304,M,4869456.0,613172.0,54
201800028577,18,11,9,1205,1,2,1,1.0,3.0,54395,M,4868764.0,620560.0,54
201800028578,18,11,21,1351,1,2,2,1.0,3.0,54328,M,4861797.0,617849.0,54
201800028579,18,11,22,1655,2,2,1,1.0,6.0,54395,M,4868888.0,618384.0,54
201800028580,18,11,23,1521,1,2,1,1.0,6.0,54395,M,4869062.0,618428.0,54
201800028581,18,12,3,947,1,2,1,1.0,3.0,54395,M,4868672.0,618545.0,54
201800028582,18,12,3,2305,5,2,2,2.0,2.0,54395,M,4870167.0,617153.0,54
201800028583,18,12,7,1930,5,2,3,2.0,3.0,54395,M,4868561.0,618487.0,54
201800028584,18,12,9,2210,5,2,1,1.0,6.0,54197,M,4862305.0,619412.0,54
201800028585,18,12,13,926,1,2,1,7.0,6.0,54495,M,4870023.0,624786.0,54
201800028586,18,12,17,957,1,2,2,2.0,6.0,54395,M,4868340.0,617298.0,54
201800028587,18,12,4,739,1,1,1,2.0,1.0,54578,M,4865662.0,612922.0,54
201800028588,18,12,26,1200,1,2,1,1.0,6.0,54547,M,4866064.0,617721.0,54
201800028589,18,12,28,40,5,2,1,1.0,6.0,54328,M,4862118.0,616036.0,54
201800028590,18,12,6,910,1,2,1,1.0,6.0,54526,M,4868662.0,621031.0,54
201800028591,18,2,20,925,1,2,1,1.0,6.0,54431,M,4890049.0,604962.0,54
201800028592,18,3,14,1409,1,1,3,1.0,3.0,54431,M,4892360.0,603804.0,54
201800028593,18,3,31,825,1,1,2,5.0,3.0,54431,M,4891959.0,606334.0,54
201800028594,18,4,11,240,3,1,1,1.0,6.0,54431,M,4891927.0,607805.0,54
201800028595,18,4,17,1735,1,2,1,1.0,6.0,54431,M,4890392.0,605984.0,54
201800028596,18,5,12,1715,1,2,1,1.0,3.0,54431,M,4889453.0,605210.0,54
201800028597,18,5,14,1025,1,2,1,2.0,2.0,54332,M,4890000.0,604000.0,54
201800028598,18,6,8,1223,1,2,3,1.0,3.0,54431,M,4890512.0,604123.0,54
201800028599,18,6,19,1242,1,2,1,1.0,3.0,54431,M,4892375.0,606256.0,54
201800028600,18,6,23,2355,5,2,2,1.0,6.0,54431,M,4890762.0,604544.0,54
201800028601,18,7,5,1048,1,2,1,1.0,6.0,54431,M,4890516.0,605890.0,54
201800028602,18,7,5,1215,1,1,1,2.0,3.0,54375,M,4889961.0,599411.0,54
201800028603,18,7,22,1830,1,2,3,1.0,6.0,54431,M,4890200.0,605300.0,54
201800028604,18,9,7,900,1,2,1,1.0,4.0,54431,M,4890263.0,603859.0,54
201800028605,18,9,21,1650,1,2,1,1.0,3.0,54431,M,4891136.0,604319.0,54
201800028606,18,10,1,1325,1,2,1,8.0,2.0,54431,M,4890261.0,603844.0,54
201800028607,18,10,9,1210,1,2,3,2.0,3.0,54431,M,4891736.0,605634.0,54
201800028608,18,11,10,2005,5,2,6,2.0,5.0,54431,M,4890105.0,606470.0,54
201800028609,18,11,17,1727,3,1,1,8.0,7.0,54375,M,4890034.0,601070.0,54
201800028610,18,11,19,953,1,2,3,2.0,2.0,54431,M,4890899.0,604012.0,54
201800028611,18,11,16,1030,1,2,9,8.0,6.0,54431,M,4890145.0,605125.0,54
201800028612,18,12,3,1455,1,2,1,2.0,6.0,54079,M,4888524.0,605329.0,54
201800028613,18,12,13,707,5,2,1,9.0,5.0,54431,M,4800000.0,605132.0,54
201800028614,18,12,14,1640,2,2,3,1.0,3.0,54431,M,4890996.0,603879.0,54
201800028615,18,12,18,1530,1,2,2,1.0,3.0,54431,M,4891962.0,606334.0,54