Num_Acc,an,mois,jour,hrmn,lum,agg,int,atm,col,com,gps,lat,long,dep
201800028616,18,11,27,1710,3,2,1,1.0,6.0,54528,M,4869050.0,590120.0,54
201800028617,18,1,19,1553,1,1,1,1.0,6.0,54167,M,4867320.0,592000.0,54
201800028618,18,9,4,1725,1,2,3,1.0,3.0,54528,M,4870230.0,592910.0,54
201800028619,18,4,29,150,5,2,4,2.0,6.0,54528,M,4866840.0,588231.0,54
201800028620,18,5,9,1719,1,2,3,1.0,1.0,54580,M,4946686.0,593266.0,54
201800028621,18,6,14,950,1,2,1,1.0,1.0,54580,M,4946246.0,593383.0,54
201800028622,18,6,14,1915,1,2,3,2.0,1.0,54181,M,4941847.0,590624.0,54
201800028623,18,6,20,2000,1,1,1,1.0,3.0,54575,M,4946000.0,585000.0,54
201800028624,18,11,3,1400,1,2,3,1.0,2.0,54580,M,4947088.0,592768.0,54
201800028625,18,1,19,1505,1,2,1,2.0,3.0,55029,M,4876291.0,518258.0,55
201800028626,18,3,22,1640,1,2,1,1.0,6.0,55029,M,4875000.0,519000.0,55
201800028627,18,4,5,1215,1,2,1,1.0,6.0,55029,M,4877408.0,516517.0,55
201800028628,18,4,24,1310,1,2,1,1.0,6.0,55029,M,4877296.0,517745.0,55
201800028629,18,6,7,850,1,2,2,1.0,7.0,55029,M,4877476.0,515990.0,55
201800028630,18,6,8,916,1,1,1,1.0,7.0,55029,M,4876279.0,519315.0,55
201800028631,18,8,3,2315,5,2,1,1.0,6.0,55186,M,4879348.0,512659.0,55
201800028632,18,10,5,830,2,2,1,7.0,6.0,55029,M,4876906.0,517229.0,55
201800028633,18,1,26,1300,1,2,6,1.0,3.0,55545,M,4915800.0,539500.0,55
201800028634,18,5,16,1945,1,1,1,1.0,6.0,55545,M,4914255.0,536115.0,55
201800028635,18,6,21,2025,1,2,6,1.0,6.0,55545,M,4916100.0,539000.0,55
201800028636,18,7,21,1700,1,2,1,1.0,6.0,55545,M,4915536.0,539197.0,55
201800028637,18,8,11,2300,5,2,6,1.0,3.0,55545,M,4916392.0,538850.0,55
201800028638,18,10,15,1815,1,2,1,1.0,7.0,55545,M,4915257.0,539626.0,55
201800028639,18,12,3,1825,5,2,1,1.0,7.0,55545,M,4916499.0,538091.0,55
201800028640,18,12,6,2005,3,1,1,1.0,2.0,55505,M,4918000.0,534000.0,55
201800028641,18,12,21,1545,1,2,1,2.0,2.0,55545,M,4957618.0,539490.0,55
201800028642,18,1,1,2035,5,2,1,1.0,3.0,56121,M,4773849.0,-338139.0,56
201800028643,18,1,2,1745,5,2,3,1.0,3.0,56121,M,4776708.0,-338656.0,56
201800028644,18,1,5,1500,1,2,1,1.0,3.0,56083,M,4780033.0,-326150.0,56
201800028645,18,1,6,1825,5,2,6,1.0,6.0,56121,M,4775012.0,-336662.0,56
201800028646,18,1,7,200,5,2,1,2.0,6.0,56121,M,4775422.0,-337125.0,56
201800028647,18,1,7,1230,1,2,6,3.0,3.0,56162,M,4773653.0,343251.0,56
201800028648,18,1,8,1215,1,2,1,1.0,3.0,56121,M,4776120.0,-338984.0,56
201800028649,18,1,8,1547,1,2,1,1.0,2.0,56121,M,4775933.0,-336810.0,56
201800028650,18,1,8,1630,1,2,4,8.0,3.0,56083,M,4779643.0,-328408.0,56
201800028651,18,1,9,1955,5,2,1,2.0,6.0,56121,M,4774976.0,-336071.0,56
201800028652,18,1,10,1600,1,2,1,1.0,6.0,56121,M,4773309.0,-338390.0,56
201800028653,18,1,11,2222,5,2,4,1.0,3.0,56098,M,4776858.0,-334486.0,56
201800028654,18,1,13,1240,1,2,2,1.0,3.0,56121,M,4775225.0,-336295.0,56
201800028655,18,1,16,840,1,2,1,1.0,6.0,56121,M,4773269.0,-337094.0,56
201800028656,18,1,16,1710,1,2,1,1.0,7.0,56098,M,4777597.0,-334695.0,56
201800028657,18,1,17,1822,5,2,1,1.0,6.0,56121,M,4775793.0,-339289.0,56
201800028658,18,1,17,1855,5,2,1,2.0,1.0,56098,M,4777096.0,-333186.0,56
201800028659,18,1,18,1202,1,2,4,6.0,1.0,56098,M,4777949.0,-334610.0,56
201800028660,18,1,21,615,5,2,6,2.0,6.0,56107,M,4771779.0,-338369.0,56
201800028661,18,1,22,755,5,2,1,2.0,6.0,56121,M,4775311.0,-337517.0,56
201800028662,18,1,22,1830,5,2,1,1.0,6.0,56121,M,4775947.0,-339208.0,56
201800028663,18,1,23,749,5,2,1,2.0,2.0,56121,M,4776017.0,-339312.0,56
201800028664,18,1,24,1720,2,2,4,8.0,3.0,56121,M,4775868.0,-337769.0,56
201800028665,18,1,24,2045,5,2,1,8.0,7.0,56107,M,4773062.0,-338621.0,56
201800028666,18,1,24,2225,5,2,4,8.0,3.0,56121,M,4775868.0,-337769.0,56
201800028667,18,1,25,815,2,2,1,1.0,6.0,56121,M,4776710.0,-340253.0,56
201800028668,18,1,25,1005,1,2,6,1.0,7.0,56098,M,4775944.0,-332649.0,56
201800028669,18,1,25,1808,5,2,2,1.0,3.0,56121,M,4774024.0,-336873.0,56
201800028670,18,1,26,930,1,1,1,1.0,4.0,56098,M,4777587.0,-336443.0,56
201800028671,18,1,29,750,5,2,2,1.0,3.0,56121,M,4773553.0,-336617.0,56
201800028672,18,2,1,1245,1,1,1,1.0,5.0,56162,M,4774744.0,-341978.0,56
201800028673,18,2,2,1230,1,2,6,1.0,2.0,56121,M,4776381.0,-339510.0,56
201800028674,18,2,3,1414,1,2,1,2.0,2.0,56121,M,4776033.0,-338368.0,56
201800028675,18,2,13,833,2,2,3,1.0,2.0,56121,M,4774614.0,-337949.0,56
201800028676,18,2,13,955,1,2,1,1.0,6.0,56121,M,4775867.0,-338452.0,56
201800028677,18,2,14,1115,1,2,6,2.0,6.0,56121,M,4774986.0,-336647.0,56
201800028678,18,2,17,2322,5,2,1,2.0,2.0,56121,M,4773315.0,-338384.0,56
201800028679,18,2,18,615,5,2,1,2.0,6.0,56162,M,4773314.0,-340371.0,56
201800028680,18,2,27,1230,1,2,1,1.0,7.0,56098,M,4777847.0,-334433.0,56
201800028681,18,2,27,1725,1,2,1,1.0,6.0,56121,M,4774694.0,-338843.0,56
201800028682,18,3,2,1000,1,1,1,1.0,5.0,56098,M,4777835.0,-335378.0,56
201800028683,18,3,3,1710,1,2,6,1.0,2.0,56083,M,4781545.0,-324397.0,56
201800028684,18,3,6,445,5,2,1,1.0,7.0,56121,M,4774471.0,-338131.0,56
201800028685,18,3,6,1640,1,2,3,1.0,6.0,56121,M,4775428.0,-336615.0,56
201800028686,18,3,8,1405,1,2,1,1.0,6.0,56121,M,4775843.0,-338500.0,56
201800028687,18,3,9,1225,1,2,6,1.0,3.0,56121,M,4773945.0,-337959.0,56
201800028688,18,3,11,1230,1,2,1,1.0,7.0,56121,M,4775711.0,-338723.0,56
201800028689,18,3,13,1700,1,2,1,1.0,6.0,56098,M,4775562.0,-333538.0,56
201800028690,18,3,18,1450,1,2,1,1.0,3.0,56083,M,4782214.0,-324707.0,56
201800028691,18,3,16,932,1,2,1,1.0,7.0,56098,M,4777021.0,-335001.0,56
201800028692,18,3,21,1140,1,1,6,1.0,3.0,56098,M,4776785.0,-331456.0,56
201800028693,18,3,24,1438,1,2,6,1.0,6.0,56098,M,4776725.0,-333983.0,56
201800028694,18,3,25,1303,1,2,6,1.0,3.0,56121,M,4774675.0,-336631.0,56
201800028695,18,3,29,924,1,2,3,3.0,3.0,56121,M,4775951.0,-336746.0,56
201800028696,18,3,29,1656,1,1,1,1.0,3.0,56083,M,4778860.0,-328628.0,56
201800028697,18,3,31,1710,1,2,1,1.0,6.0,56083,M,4780666.0,-327619.0,56
201800028698,18,4,1,1800,1,2,3,1.0,3.0,56083,M,4780414.0,-327829.0,56
201800028699,18,4,3,1515,1,2,6,1.0,6.0,56121,M,4776198.0,-338994.0,56
201800028700,18,4,4,1640,1,2,1,1.0,6.0,56121,M,4775293.0,-336124.0,56
201800028701,18,4,4,2250,5,2,6,1.0,1.0,56121,M,4774680.0,-337743.0,56
201800028702,18,4,5,525,5,2,1,1.0,6.0,56121,M,4774702.0,-338212.0,56
201800028703,18,4,5,835,1,2,6,1.0,3.0,56121,M,4775255.0,-339119.0,56
201800028704,18,4,5,1340,1,2,1,1.0,3.0,56121,M,4774490.0,-337451.0,56
201800028705,18,4,5,1735,1,2,1,1.0,6.0,56121,M,4776220.0,-339041.0,56
201800028706,18,4,6,1705,1,1,1,1.0,4.0,56121,M,4776382.0,-338009.0,56
201800028707,18,4,8,1410,1,2,1,1.0,3.0,56083,M,4780194.0,-327693.0,56
201800028708,18,4,10,1030,1,2,1,1.0,6.0,56162,M,4773567.0,-342855.0,56
201800028709,18,4,14,1635,1,2,1,1.0,6.0,56107,M,4772017.0,-338417.0,56
201800028710,18,4,16,1400,1,2,1,1.0,3.0,56121,M,4773240.0,-337977.0,56
201800028711,18,4,18,130,5,2,1,1.0,6.0,56162,M,4773787.0,-343743.0,56
201800028712,18,4,18,1255,1,2,1,1.0,7.0,56083,M,4780038.0,-325719.0,56
201800028713,18,4,18,1415,1,2,1,1.0,2.0,56121,M,4776042.0,-338393.0,56
201800028714,18,4,18,1455,1,2,3,1.0,6.0,56098,M,4777524.0,-334030.0,56
201800028715,18,4,18,1820,1,2,6,1.0,3.0,56098,M,4777451.0,-334247.0,56
201800028716,18,4,20,1735,1,2,6,1.0,6.0,56162,M,4773239.0,-343151.0,56
201800028717,18,4,21,1753,1,2,2,1.0,6.0,56121,M,4774641.0,-335974.0,56
201800028718,18,4,25,1955,1,2,1,1.0,6.0,56121,M,4773891.0,-336892.0,56
201800028719,18,4,25,2025,1,2,2,1.0,3.0,56098,M,4775616.0,-334061.0,56
201800028720,18,4,27,910,1,2,1,3.0,6.0,56083,M,4781395.0,-325982.0,56
201800028721,18,4,28,1840,1,2,6,7.0,6.0,56121,M,4776187.0,-338026.0,56
201800028722,18,5,2,1520,1,2,1,1.0,7.0,56121,M,4776476.0,-339190.0,56
201800028723,18,5,7,1440,1,2,3,1.0,3.0,56162,M,4771722.0,-342325.0,56
201800028724,18,5,7,2330,3,1,1,1.0,6.0,56162,M,4770549.0,-346090.0,56
201800028725,18,5,8,639,2,1,1,1.0,6.0,56098,M,4779152.0,-330323.0,56
201800028726,18,5,8,1545,1,1,4,1.0,6.0,56162,M,4772327.0,-348447.0,56
201800028727,18,5,8,1800,1,2,1,1.0,2.0,56162,M,4770333.0,-343208.0,56
201800028728,18,5,9,1110,1,2,6,1.0,3.0,56121,M,4774436.0,-339527.0,56
201800028729,18,5,10,2020,1,2,1,1.0,6.0,56083,M,4780986.0,-326716.0,56
201800028730,18,5,10,2025,1,2,3,1.0,3.0,56121,M,4776035.0,-338389.0,56
201800028731,18,5,15,1112,1,2,6,1.0,6.0,56098,M,4775978.0,-333097.0,56
201800028732,18,5,17,1810,1,2,2,1.0,3.0,56083,M,4779878.0,-329365.0,56
201800028733,18,5,20,1542,1,2,3,1.0,3.0,56083,M,4779994.0,-328859.0,56
201800028734,18,5,20,1615,1,1,1,1.0,1.0,56098,M,4778350.0,-333903.0,56
201800028735,18,5,24,1305,1,1,3,1.0,5.0,56083,M,4781617.0,-323471.0,56
201800028736,18,5,25,1700,1,2,1,1.0,4.0,56121,M,4776270.0,-338109.0,56
201800028737,18,5,25,1830,1,2,3,1.0,7.0,56121,M,4773443.0,-336534.0,56
201800028738,18,5,26,1405,1,2,2,1.0,4.0,56121,M,4775288.0,-336187.0,56
201800028739,18,6,3,1108,1,2,2,1.0,6.0,56121,M,4774624.0,-335618.0,56
201800028740,18,6,14,840,1,2,1,8.0,6.0,56121,M,4775732.0,-336927.0,56
201800028741,18,6,15,2205,5,2,2,1.0,3.0,56098,M,4777004.0,-335027.0,56
201800028742,18,6,16,1850,1,2,2,1.0,3.0,56121,M,4774341.0,-337458.0,56
201800028743,18,6,18,2005,1,2,6,1.0,6.0,56098,M,4776607.0,-332943.0,56
201800028744,18,6,20,1945,1,2,3,1.0,2.0,56162,M,4773516.0,-342947.0,56
201800028745,18,6,21,1810,1,2,1,1.0,6.0,56098,M,4776422.0,-336030.0,56
201800028746,18,6,23,2110,1,2,1,1.0,7.0,56121,M,4774636.0,-336490.0,56
201800028747,18,6,23,1725,1,2,6,1.0,7.0,56162,M,4773820.0,-343125.0,56
201800028748,18,6,23,1225,1,2,4,1.0,4.0,56121,M,4776258.0,-338104.0,56
201800028749,18,6,24,317,3,1,1,1.0,6.0,56162,M,4774481.0,-342060.0,56
201800028750,18,6,27,1243,1,2,1,1.0,3.0,56121,M,4776535.0,-339935.0,56
201800028751,18,6,28,940,1,2,1,1.0,6.0,56121,M,4774247.0,-336920.0,56
201800028752,18,6,29,2215,2,2,1,1.0,7.0,56121,M,4775556.0,-335811.0,56
201800028753,18,7,5,1223,1,2,2,1.0,3.0,56121,M,4774375.0,-338114.0,56
201800028754,18,7,6,1425,1,2,4,1.0,3.0,56162,M,4775321.0,-339476.0,56
201800028755,18,7,7,952,1,2,1,1.0,3.0,56162,M,4771765.0,-343616.0,56
201800028756,18,7,7,1810,1,2,2,1.0,3.0,56121,M,4777094.0,-334599.0,56
201800028757,18,7,7,1330,1,2,1,1.0,6.0,56107,M,4771546.0,-338464.0,56
201800028758,18,7,10,1755,1,2,1,1.0,2.0,56098,M,4777454.0,-334658.0,56
201800028759,18,7,11,1305,1,2,6,1.0,3.0,56098,M,4776711.0,-333946.0,56
201800028760,18,7,16,1600,1,2,1,1.0,6.0,56121,M,4774317.0,-338449.0,56
201800028761,18,7,17,1020,1,1,4,1.0,3.0,56162,M,4773372.0,-347689.0,56
201800028762,18,7,19,1230,1,2,6,1.0,3.0,56121,M,4774683.0,-336618.0,56
201800028763,18,7,19,1442,1,1,1,1.0,7.0,56162,M,4773469.0,-347417.0,56
201800028764,18,7,21,1850,1,1,1,1.0,1.0,56083,M,4782176.0,-328295.0,56
201800028765,18,7,22,1400,1,2,1,1.0,2.0,56098,M,4776768.0,-334140.0,56
201800028766,18,7,23,1500,1,1,4,1.0,5.0,56083,M,4781250.0,-329412.0,56
201800028767,18,7,24,1025,1,2,1,1.0,6.0,56121,M,4775544.0,-336359.0,56
201800028768,18,7,27,2020,1,1,1,1.0,6.0,56083,M,4779590.0,-330145.0,56
201800028769,18,7,29,1105,1,1,1,1.0,6.0,56107,M,4771043.0,-343126.0,56
201800028770,18,8,4,130,5,2,6,1.0,7.0,56121,M,4773344.0,-338500.0,56
201800028771,18,8,4,550,5,2,1,1.0,6.0,56121,M,4775980.0,-338342.0,56
201800028772,18,8,6,2005,1,1,1,1.0,4.0,56162,M,4772800.0,-349400.0,56
201800028773,18,8,7,1217,1,2,6,1.0,6.0,56083,M,4779935.0,-326044.0,56
201800028774,18,8,9,1500,1,2,1,1.0,4.0,56121,M,4775365.0,-336981.0,56
201800028775,18,8,15,1810,1,2,1,1.0,4.0,56098,M,4776713.0,-335556.0,56
201800028776,18,8,21,1022,1,1,1,1.0,7.0,56083,M,4778811.0,-327886.0,56
201800028777,18,8,23,855,1,2,3,1.0,2.0,56121,M,4775293.0,-336191.0,56
201800028778,18,8,23,1428,1,2,1,1.0,4.0,56121,M,4774935.0,-336591.0,56
201800028779,18,8,24,1240,1,2,1,1.0,7.0,56083,M,4782214.0,-324705.0,56
201800028780,18,8,25,1245,1,2,3,1.0,3.0,56098,M,4776800.0,-334264.0,56
201800028781,18,8,26,1255,1,2,1,2.0,3.0,56121,M,4774796.0,-335848.0,56
201800028782,18,8,28,1640,1,2,4,1.0,3.0,56121,M,4774402.0,-336157.0,56
201800028783,18,9,1,1825,1,2,2,1.0,6.0,56121,M,4775283.0,-336197.0,56
201800028784,18,9,2,1900,1,1,2,1.0,3.0,56162,M,4770912.0,-344395.0,56
201800028785,18,9,2,140,5,2,6,1.0,7.0,56121,M,4775705.0,-336459.0,56
201800028786,18,9,3,1242,1,2,6,1.0,3.0,56098,M,4775949.0,-332657.0,56
201800028787,18,9,3,1830,1,2,1,1.0,6.0,56121,M,4776563.0,-337394.0,56
201800028788,18,9,4,830,1,2,1,1.0,6.0,56162,M,4773357.0,-341664.0,56
201800028789,18,9,4,1935,1,2,2,1.0,1.0,56121,M,4774280.0,-336832.0,56
201800028790,18,9,4,1610,1,2,6,1.0,6.0,56107,M,4770965.0,-338453.0,56
201800028791,18,9,6,845,1,2,1,7.0,6.0,56121,M,4774530.0,-336983.0,56
201800028792,18,9,6,1405,1,2,1,1.0,6.0,56098,M,4775928.0,-332617.0,56
201800028793,18,9,7,2200,2,2,1,1.0,1.0,56107,M,4771816.0,-339214.0,56
201800028794,18,9,8,810,1,2,6,1.0,3.0,56121,M,4774422.0,-339538.0,56
201800028795,18,9,9,1945,1,1,1,1.0,6.0,56083,M,4779097.0,-330117.0,56
201800028796,18,9,12,1540,1,2,6,1.0,3.0,56121,M,4776366.0,-339563.0,56
201800028797,18,9,13,1359,1,2,1,1.0,3.0,56121,M,4774790.0,-337519.0,56
201800028798,18,9,14,1230,1,2,3,1.0,2.0,56121,M,4773660.0,-339034.0,56
201800028799,18,9,14,1335,1,2,1,1.0,3.0,56121,M,4774767.0,-337558.0,56
201800028800,18,9,16,1710,1,1,1,1.0,6.0,56121,M,4776378.0,-338026.0,56
201800028801,18,9,17,205,5,2,1,1.0,6.0,56107,M,4771009.0,-338471.0,56
201800028802,18,9,18,2250,5,2,2,1.0,3.0,56098,M,4776217.0,-333747.0,56
201800028803,18,9,20,830,1,2,1,1.0,6.0,56121,M,4774866.0,-337413.0,56
201800028804,18,9,21,2245,3,1,1,1.0,6.0,56162,M,4773832.0,-344207.0,56
201800028805,18,9,22,1345,1,2,3,2.0,7.0,56121,M,4774594.0,-336005.0,56
201800028806,18,9,22,1340,1,2,6,2.0,3.0,56121,M,4773644.0,-338297.0,56
201800028807,18,9,23,1225,1,1,1,2.0,6.0,56083,M,4779208.0,-331019.0,56
201800028808,18,9,24,1810,1,2,6,1.0,6.0,56121,M,4774546.0,-336828.0,56
201800028809,18,9,25,1755,1,1,1,1.0,6.0,56162,M,4776264.0,-342453.0,56
201800028810,18,9,27,2105,5,2,1,1.0,6.0,56121,M,4775859.0,-337745.0,56
201800028811,18,9,28,905,1,2,6,1.0,3.0,56098,M,4776077.0,-335395.0,56
201800028812,18,9,28,2135,2,2,1,1.0,2.0,56083,M,4780408.0,-327844.0,56
201800028813,18,9,30,448,5,2,6,1.0,7.0,56121,M,4775991.0,-336628.0,56
201800028814,18,9,30,2220,5,2,1,1.0,6.0,56083,M,4781347.0,-324787.0,56
201800028815,18,10,1,1715,1,2,3,1.0,3.0,56121,M,4774793.0,-337928.0,56
201800028816,18,10,2,845,1,2,1,7.0,6.0,56098,M,4776687.0,-333783.0,56
201800028817,18,10,2,1340,1,2,3,1.0,7.0,56083,M,4781135.0,-326078.0,56
201800028818,18,10,2,2110,5,2,1,1.0,1.0,56083,M,4780533.0,-328707.0,56
201800028819,18,10,3,1800,1,2,1,1.0,6.0,56121,M,4774533.0,-336180.0,56
201800028820,18,10,5,1853,1,2,2,1.0,3.0,56083,M,4780241.0,-329045.0,56
201800028821,18,10,6,1108,1,1,6,1.0,7.0,56107,M,4770763.0,-341451.0,56
201800028822,18,10,6,1330,1,2,6,2.0,3.0,56121,M,4775178.0,-336515.0,56
201800028823,18,10,7,15,5,2,2,1.0,6.0,56083,M,4782362.0,-324947.0,56
201800028824,18,10,7,635,5,2,2,1.0,6.0,56098,M,4776916.0,-333885.0,56
201800028825,18,10,9,735,5,2,1,1.0,6.0,56083,M,4780511.0,-327855.0,56
201800028826,18,10,9,1535,1,2,6,1.0,3.0,56121,M,4776381.0,-337965.0,56
201800028827,18,10,11,1017,1,2,6,8.0,7.0,56121,M,4775416.0,-338379.0,56
201800028828,18,10,15,2245,5,2,6,1.0,7.0,56083,M,4780325.0,-327860.0,56
201800028829,18,10,11,1955,5,2,2,1.0,3.0,56121,M,4774881.0,-336297.0,56
201800028830,18,10,11,2111,5,2,1,1.0,6.0,56083,M,4780169.0,-328276.0,56
201800028831,18,10,21,1220,1,1,2,7.0,3.0,56083,M,4781063.0,-325234.0,56
201800028832,18,10,21,1638,1,1,1,1.0,1.0,56098,M,4777933.0,-330966.0,56
201800028833,18,10,21,1700,1,2,1,1.0,6.0,56121,M,4776475.0,-339188.0,56
201800028834,18,10,22,105,5,2,1,1.0,6.0,56083,M,4780035.0,-328671.0,56
201800028835,18,10,23,1608,1,1,1,1.0,6.0,56162,M,4770803.0,-341927.0,56
201800028836,18,10,25,1425,1,2,6,1.0,4.0,56083,M,4780623.0,-325964.0,56
201800028837,18,10,30,840,1,2,6,1.0,4.0,56083,M,4779656.0,-330092.0,56
201800028838,18,10,30,1520,1,2,6,1.0,6.0,56121,M,4775174.0,-336525.0,56
201800028839,18,10,31,1225,1,2,1,1.0,7.0,56121,M,4774955.0,-338530.0,56
201800028840,18,10,31,1645,1,2,1,1.0,7.0,56098,M,4775943.0,-332594.0,56
201800028841,18,11,3,2335,5,2,1,1.0,7.0,56162,M,4773977.0,-342910.0,56
201800028842,18,11,5,2040,5,2,6,1.0,3.0,56121,M,4774304.0,-336591.0,56
201800028843,18,11,6,940,1,1,1,2.0,7.0,56121,M,4774958.0,-338726.0,56
201800028844,18,11,6,1430,1,2,3,2.0,3.0,56121,M,4775536.0,-335834.0,56
201800028845,18,11,8,1210,1,2,6,1.0,3.0,56121,M,4776308.0,-338378.0,56
201800028846,18,11,10,1730,2,2,3,1.0,5.0,56083,M,4780849.0,-325582.0,56
201800028847,18,11,11,928,1,2,2,1.0,3.0,56121,M,4775572.0,-335478.0,56
201800028848,18,11,12,1840,5,2,1,1.0,1.0,56121,M,4776258.0,-338388.0,56
201800028849,18,11,13,900,2,2,6,1.0,3.0,56098,M,4776719.0,-333968.0,56
201800028850,18,11,15,1050,1,2,1,1.0,2.0,56098,M,4777146.0,-334872.0,56
201800028851,18,11,16,1015,1,2,3,1.0,2.0,56121,M,4775368.0,-339175.0,56
201800028852,18,11,18,1510,1,2,2,1.0,3.0,56121,M,4775371.0,-336380.0,56
201800028853,18,11,19,2140,3,1,9,1.0,3.0,56121,M,4775876.0,-338413.0,56
201800028854,18,11,20,1135,1,2,3,1.0,6.0,56121,M,4773962.0,-336085.0,56
201800028855,18,11,20,1500,1,2,2,8.0,6.0,56083,M,4780241.0,-329061.0,56
201800028856,18,11,20,1730,2,1,1,1.0,4.0,56098,M,4777846.0,-335205.0,56
201800028857,18,11,22,1240,1,2,6,1.0,7.0,56121,M,4773536.0,-337401.0,56
201800028858,18,11,23,1855,5,2,1,2.0,2.0,56098,M,4776845.0,-335321.0,56
201800028859,18,11,24,800,2,1,1,2.0,6.0,56121,M,4777099.0,-337814.0,56
201800028860,18,11,25,1745,2,2,6,2.0,7.0,56121,M,4773236.0,-337866.0,56
201800028861,18,11,26,830,2,2,1,1.0,2.0,56083,M,4780027.0,-328683.0,56
201800028862,18,11,27,1735,5,1,1,3.0,4.0,56121,M,4774623.0,-338650.0,56
201800028863,18,11,28,1545,1,2,1,2.0,6.0,56098,M,4777584.0,-334567.0,56
201800028864,18,12,1,5,3,1,1,8.0,6.0,56098,M,4778112.0,-334268.0,56
201800028865,18,12,1,1735,5,2,1,2.0,6.0,56121,M,4773376.0,-338510.0,56
201800028866,18,12,3,1315,1,2,6,8.0,3.0,56121,M,4774920.0,-337356.0,56
201800028867,18,12,3,1805,5,2,2,2.0,3.0,56121,M,4775370.0,-336230.0,56
201800028868,18,12,4,840,5,2,2,8.0,6.0,56162,M,4773667.0,-343518.0,56
201800028869,18,12,4,1655,1,2,2,2.0,3.0,56121,M,4775976.0,-338144.0,56
201800028870,18,12,4,2225,5,2,1,2.0,6.0,56083,M,4780449.0,-327760.0,56
201800028871,18,12,6,1925,5,2,3,2.0,3.0,56098,M,4776549.0,-334532.0,56
201800028872,18,12,10,750,5,2,6,1.0,6.0,56121,M,4773929.0,-338032.0,56
201800028873,18,12,11,1058,1,2,1,1.0,1.0,56121,M,4774083.0,-336786.0,56
201800028874,18,12,13,2155,5,2,1,8.0,6.0,56121,M,4774781.0,-336962.0,56
201800028875,18,12,16,1225,1,2,2,2.0,1.0,56162,M,4773785.0,-345787.0,56
201800028876,18,12,18,1210,1,2,1,2.0,3.0,56121,M,4774445.0,-336237.0,56
201800028877,18,12,19,1515,1,2,1,1.0,2.0,56121,M,4775866.0,-337753.0,56
201800028878,18,12,19,1715,2,2,6,8.0,3.0,56083,M,4780374.0,-326803.0,56
201800028879,18,12,20,1235,1,2,4,2.0,5.0,56098,M,4775650.0,-332439.0,56
201800028880,18,12,21,815,5,2,2,2.0,2.0,56121,M,4775227.0,-336298.0,56
201800028881,18,12,21,1145,1,2,1,2.0,6.0,56098,M,4776635.0,-335681.0,56
201800028882,18,12,23,215,5,2,2,2.0,3.0,56121,M,4774845.0,-336197.0,56
201800028883,18,12,20,735,5,2,6,2.0,3.0,56121,M,4773924.0,-337959.0,56
201800028884,18,12,28,2150,5,2,6,1.0,6.0,56121,M,4775791.0,-337523.0,56
201800028885,18,5,13,1200,1,1,1,3.0,2.0,34111,M,4393665.0,369627.0,34
201800028886,18,5,19,1645,1,1,1,1.0,6.0,34060,M,4380248.0,366497.0,34
201800028887,18,7,21,1320,1,1,1,1.0,6.0,34152,M,4378817.0,380396.0,34
201800028888,18,8,6,1700,1,1,1,1.0,6.0,34152,M,4378421.0,375019.0,34
201800028889,18,8,15,1305,1,1,1,1.0,5.0,34274,M,4381449.0,370129.0,34
201800028890,18,9,1,345,3,1,1,1.0,6.0,34060,M,4381169.0,365768.0,34
201800028891,18,1,9,1745,5,2,1,1.0,3.0,17131,M,4558297.0,-82903.0,17
201800028892,18,5,10,1645,1,1,1,1.0,7.0,17034,M,4553624.0,-85960.0,17
201800028893,18,7,6,30,3,1,1,1.0,6.0,17172,M,4555777.0,-68586.0,17
201800028894,18,7,6,2000,1,2,1,1.0,1.0,17441,M,4563247.0,-65456.0,17
201800028895,18,11,28,1130,1,1,1,1.0,6.0,17296,M,4568582.0,-76673.0,17
201800028896,18,12,7,1822,3,1,1,1.0,6.0,17183,M,4558561.0,-84800.0,17
201800028897,18,12,11,1130,1,1,1,1.0,3.0,17230,M,4556085.0,-93391.0,17
201800028898,18,2,6,1250,1,1,9,1.0,5.0,56260,M,4766841.0,-277412.0,56
201800028899,18,2,8,1505,1,2,1,1.0,6.0,56260,M,4765870.0,-278103.0,56
201800028900,18,2,12,850,1,1,9,1.0,5.0,56260,M,4766859.0,-272437.0,56
201800028901,18,2,21,1012,1,2,2,1.0,6.0,56260,M,4765392.0,-275304.0,56
201800028902,18,3,5,2257,5,2,2,1.0,7.0,56260,M,4766083.0,-275439.0,56
201800028903,18,3,6,1035,1,2,1,1.0,1.0,56260,M,4766442.0,-275647.0,56
201800028904,18,3,25,1535,1,2,6,1.0,1.0,56260,M,4765961.0,-279004.0,56
201800028905,18,3,26,1135,1,2,1,1.0,6.0,56260,M,4766205.0,-275525.0,56
201800028906,18,3,28,1805,2,2,1,2.0,2.0,56260,M,4764770.0,-278164.0,56
201800028907,18,4,4,1130,1,2,1,1.0,6.0,56260,M,4765492.0,-273572.0,56
201800028908,18,4,12,1745,1,2,1,3.0,6.0,56260,M,4767347.0,-275684.0,56
201800028909,18,4,11,1500,1,2,2,1.0,3.0,56260,M,4764622.0,-278001.0,56
201800028910,18,4,16,800,1,2,2,1.0,6.0,56260,M,4765778.0,-276151.0,56
201800028911,18,4,13,1650,1,2,1,1.0,4.0,56260,M,4765735.0,-278169.0,56
201800028912,18,4,17,1330,1,2,2,1.0,6.0,56260,M,4765624.0,-275969.0,56
201800028913,18,4,19,840,1,2,1,7.0,6.0,56260,M,4764118.0,-277076.0,56
201800028914,18,4,18,1705,1,2,7,1.0,6.0,56260,M,4765901.0,-277186.0,56
201800028915,18,4,20,1900,1,1,1,1.0,4.0,56260,M,4766840.0,-273507.0,56