Num_Acc,an,mois,jour,hrmn,lum,agg,int,atm,col,com,gps,lat,long,dep
201800028916,18,4,29,2315,3,1,1,2.0,2.0,56260,M,4766912.0,-276450.0,56
201800028917,18,4,30,1715,1,2,1,1.0,6.0,56260,M,4766134.0,-275836.0,56
201800028918,18,4,30,2010,1,2,1,1.0,3.0,56260,M,4764887.0,-277274.0,56
201800028919,18,5,11,535,2,2,2,1.0,1.0,56260,M,4765066.0,-277659.0,56
201800028920,18,5,18,1510,1,2,3,1.0,3.0,56260,M,4766207.0,-279645.0,56
201800028921,18,5,24,834,1,2,1,1.0,3.0,56260,M,4766016.0,-276158.0,56
201800028922,18,5,26,940,1,2,1,1.0,7.0,56260,M,4767069.0,-278314.0,56
201800028923,18,5,29,1115,1,2,1,1.0,6.0,56260,M,4765934.0,-275825.0,56
201800028924,18,5,25,1440,1,2,6,8.0,3.0,56260,M,4766052.0,-279234.0,56
201800028925,18,6,2,1215,1,2,7,1.0,2.0,56260,M,4765438.0,-275732.0,56
201800028926,18,6,5,1530,1,2,1,1.0,6.0,56260,M,4763627.0,-277238.0,56
201800028927,18,6,4,805,1,2,1,2.0,6.0,56260,M,4765883.0,-274895.0,56
201800028928,18,6,16,1515,1,2,1,1.0,6.0,56260,M,4766624.0,-275263.0,56
201800028929,18,6,26,845,1,1,3,9.0,3.0,56260,M,4767230.0,-274655.0,56
201800028930,18,6,26,1830,1,2,9,1.0,6.0,56260,M,4765590.0,-275824.0,56
201800028931,18,7,9,1625,1,2,1,1.0,4.0,56260,M,4766310.0,-278132.0,56
201800028932,18,7,11,1530,1,2,3,1.0,3.0,56260,M,4765303.0,-276960.0,56
201800028933,18,7,12,1833,1,2,2,7.0,3.0,56260,M,4766135.0,-275707.0,56
201800028934,18,7,13,20,3,1,4,1.0,1.0,56260,M,4766969.0,-272509.0,56
201800028935,18,7,14,1120,1,2,1,1.0,4.0,56260,M,4765659.0,-274447.0,56
201800028936,18,7,13,1750,1,2,6,1.0,6.0,56260,M,4763986.0,-277639.0,56
201800028937,18,7,12,1745,1,2,1,1.0,6.0,56260,M,4765239.0,-278719.0,56
201800028938,18,7,17,1702,1,2,7,1.0,6.0,56260,M,4766073.0,-275611.0,56
201800028939,18,8,2,1535,1,2,1,1.0,6.0,56260,M,4763071.0,-278059.0,56
201800028940,18,9,6,830,1,2,8,1.0,6.0,56260,M,4765480.0,-275970.0,56
201800028941,18,9,6,1745,1,1,1,1.0,2.0,56260,M,4766900.0,-273867.0,56
201800028942,18,9,9,1700,1,2,2,1.0,1.0,56260,M,4766129.0,-275699.0,56
201800028943,18,9,14,1520,1,2,1,1.0,6.0,56260,M,4766340.0,-278920.0,56
201800028944,18,9,25,1540,1,2,4,1.0,3.0,56260,M,4765551.0,-277084.0,56
201800028945,18,9,24,1815,1,2,1,1.0,6.0,56260,M,4767328.0,-276333.0,56
201800028946,18,9,28,915,1,2,6,1.0,6.0,56260,M,4765961.0,-278139.0,56
201800028947,18,10,7,1735,1,2,6,1.0,3.0,56260,M,4766100.0,-276080.0,56
201800028948,18,10,13,1500,1,2,3,1.0,2.0,56260,M,4766694.0,-274527.0,56
201800028949,18,4,28,410,5,1,1,1.0,7.0,56260,M,4768332.0,-276720.0,56
201800028950,18,10,18,1555,1,2,6,1.0,2.0,56260,M,4765344.0,-274122.0,56
201800028951,18,11,3,2325,3,2,6,1.0,6.0,56260,M,4765280.0,-274167.0,56
201800028952,18,11,30,1755,5,2,1,2.0,6.0,56260,M,4765089.0,-274407.0,56
201800028953,18,12,12,1930,5,2,1,1.0,3.0,56260,M,4765070.0,-278310.0,56
201800028954,18,12,13,1005,1,2,2,2.0,6.0,56260,M,4765624.0,-275956.0,56
201800028955,18,2,12,545,3,1,1,9.0,6.0,49119,M,4766672.0,-39378.0,49
201800028956,18,3,3,1440,1,1,1,1.0,6.0,49174,M,4764648.0,-27092.0,49
201800028957,18,4,20,1550,1,1,1,1.0,7.0,49216,M,4759409.0,-37806.0,49
201800028958,18,4,24,1210,1,1,1,1.0,6.0,49110,M,4755530.0,-38077.0,49
201800028959,18,5,14,1100,1,1,9,1.0,3.0,49163,M,4755460.0,-24605.0,49
201800028960,18,7,9,2030,1,2,1,1.0,5.0,49110,M,4755954.0,-39276.0,49
201800028961,18,7,14,1250,1,1,1,1.0,6.0,49333,M,4757988.0,-33500.0,49
201800028962,18,8,20,1820,1,1,1,1.0,1.0,49333,M,4757899.0,-34041.0,49
201800028963,18,8,20,1620,1,1,1,1.0,1.0,49163,M,4756104.0,-21398.0,49
201800028964,18,9,11,2243,4,2,6,1.0,6.0,49119,M,4769691.0,-35395.0,49
201800028965,18,9,27,2145,3,1,2,1.0,1.0,49107,M,4747410.0,-31953.0,49
201800028966,18,10,14,850,1,1,2,1.0,2.0,49110,M,4754665.0,-39402.0,49
201800028967,18,12,5,1730,3,1,2,2.0,6.0,49333,M,4759058.0,-34336.0,49
201800028968,18,10,1,1305,1,1,1,1.0,1.0,07157,M,4462464.0,474132.0,07
201800028969,18,12,13,730,2,1,1,1.0,1.0,07240,M,4485582.0,483313.0,07
201800028970,18,1,6,1040,1,2,1,2.0,6.0,33352,M,4458144.0,-3248.0,33
201800028971,18,1,12,1730,2,1,1,1.0,1.0,33031,M,4455005.0,-9618.0,33
201800028972,18,2,10,1300,1,1,1,1.0,1.0,33294,M,4461615.0,-10363.0,33
201800028973,18,2,15,2300,3,1,2,1.0,6.0,33050,M,4453841.0,-15293.0,33
201800028974,18,4,18,2330,5,2,1,1.0,6.0,33187,M,4458402.0,-8967.0,33
201800028975,18,6,12,2008,1,1,1,1.0,6.0,33254,M,4453971.0,-3676.0,33
201800028976,18,7,6,1900,1,1,2,1.0,5.0,33170,M,4456763.0,-3170.0,33
201800028977,18,8,20,1900,1,1,3,1.0,6.0,33204,M,4453829.0,205.0,33
201800028978,18,8,21,1630,1,1,3,1.0,3.0,33418,M,4459466.0,-1918.0,33
201800028979,18,10,23,1930,3,1,1,1.0,3.0,33352,M,4457751.0,-1400.0,33
201800028980,18,12,15,1920,2,1,1,2.0,1.0,33102,M,4458369.0,-12933.0,33
201800028981,18,1,14,1230,1,1,1,8.0,6.0,33076,M,4452055.0,-43573.0,33
201800028982,18,1,20,1920,3,1,1,2.0,6.0,33030,M,4460067.0,-30831.0,33
201800028983,18,2,10,1920,5,1,1,1.0,1.0,33120,M,4463486.0,-32492.0,33
201800028984,18,4,17,1930,2,1,1,1.0,5.0,33392,M,4458920.0,-28180.0,33
201800028985,18,5,13,1300,1,1,6,1.0,3.0,33327,M,4464430.0,-34593.0,33
201800028986,18,7,11,1610,1,2,1,1.0,1.0,33337,M,4457484.0,-28974.0,33
201800028987,18,7,25,1500,1,1,2,1.0,5.0,33327,M,4464574.0,-34211.0,33
201800028988,18,8,18,1815,1,1,1,1.0,6.0,33026,M,4448450.0,-45165.0,33
201800028989,18,9,9,710,2,2,1,1.0,3.0,33225,M,4456147.0,-38995.0,33
201800028990,18,9,21,1200,1,1,2,1.0,3.0,33231,M,4465291.0,-30436.0,33
201800028991,18,10,11,1915,3,1,1,8.0,6.0,33552,M,4463672.0,-40638.0,33
201800028992,18,12,11,1110,1,2,3,1.0,6.0,33081,M,4463856.0,-32204.0,33
201800028993,18,2,8,1510,1,2,6,1.0,3.0,40004,M,4365778.0,-135048.0,40
201800028994,18,4,1,2139,3,1,1,1.0,1.0,40004,M,4365778.0,-135048.0,40
201800028995,18,4,14,555,2,1,1,1.0,6.0,40296,M,4369781.0,-142499.0,40
201800028996,18,5,22,1725,1,2,1,7.0,2.0,40304,M,4366428.0,-140111.0,40
201800028997,18,6,8,1120,1,2,2,1.0,3.0,40304,M,4366360.0,-141559.0,40
201800028998,18,6,20,1245,1,1,1,1.0,1.0,40065,M,4362429.0,-143282.0,40
201800028999,18,7,11,1130,1,2,1,1.0,3.0,40036,M,4362794.0,-137180.0,40
201800029000,18,7,15,232,3,1,1,1.0,6.0,40065,M,4364773.0,-140271.0,40
201800029001,18,8,26,30,3,1,3,1.0,3.0,40036,M,4361885.0,-139081.0,40
201800029002,18,8,31,300,3,1,1,1.0,7.0,40296,M,4368758.0,-137874.0,40
201800029003,18,10,17,1930,2,2,3,1.0,3.0,40133,M,4358583.0,-143032.0,40
201800029004,18,4,8,947,1,2,1,1.0,6.0,57227,M,4918374.0,689388.0,57
201800029005,18,5,29,1850,1,1,1,1.0,6.0,57227,M,4918389.0,691136.0,57
201800029006,18,7,17,1404,1,2,8,1.0,6.0,57227,M,4918522.0,689702.0,57
201800029007,18,8,7,1644,1,2,9,1.0,3.0,57227,M,4918981.0,692090.0,57
201800029008,18,2,20,725,1,1,1,9.0,5.0,57606,M,4911041.0,672047.0,57
201800029009,18,4,17,1517,1,2,1,1.0,6.0,57240,M,4914865.0,682147.0,57
201800029010,18,6,11,1209,1,2,1,1.0,6.0,57606,M,4909979.0,671902.0,57
201800029011,18,6,16,1802,1,1,9,1.0,3.0,57606,M,4911190.0,670900.0,57
201800029012,18,9,27,1045,1,2,6,1.0,3.0,57240,M,4914577.0,681112.0,57
201800029013,18,10,20,1823,2,2,1,1.0,3.0,57606,M,4910584.0,671317.0,57
201800029014,18,10,30,1130,1,2,9,2.0,6.0,57606,M,4910354.0,670563.0,57
201800029015,18,2,6,855,1,1,1,4.0,1.0,57019,M,4922934.0,606830.0,57
201800029016,18,12,29,805,2,2,1,2.0,6.0,57491,M,4925268.0,604451.0,57
201800029017,18,2,8,1815,3,1,9,1.0,4.0,57143,M,4925882.0,609962.0,57
201800029018,18,2,18,245,3,1,1,9.0,3.0,57491,M,4915245.0,603853.0,57
201800029019,18,3,12,1632,1,1,6,8.0,3.0,57143,M,4925877.0,608333.0,57
201800029020,18,4,14,2130,5,2,3,1.0,6.0,57143,M,4926074.0,609439.0,57
201800029021,18,4,13,1213,1,2,1,1.0,1.0,57591,M,4925334.0,609589.0,57
201800029022,18,4,18,1230,1,1,1,1.0,1.0,57591,M,4924325.0,607245.0,57
201800029023,18,5,17,1625,1,1,2,7.0,3.0,57019,M,4923022.0,606173.0,57
201800029024,18,7,4,2050,2,2,1,1.0,3.0,57491,M,4924974.0,604853.0,57
201800029025,18,7,29,852,1,2,6,1.0,6.0,57591,M,4925685.0,609760.0,57
201800029026,18,7,31,911,1,2,1,1.0,6.0,57491,M,4924916.0,604347.0,57
201800029027,18,8,8,1658,1,1,1,1.0,6.0,57019,M,4924889.0,614503.0,57
201800029028,18,8,13,1940,1,1,3,1.0,1.0,57019,M,4922009.0,605507.0,57
201800029029,18,8,30,18,3,1,1,3.0,1.0,57019,M,4924675.0,614558.0,57
201800029030,18,9,7,2102,5,2,1,1.0,7.0,57491,M,4925396.0,604144.0,57
201800029031,18,10,7,1652,1,2,6,1.0,3.0,57019,M,4924993.0,614402.0,57
201800029032,18,10,18,1722,1,2,1,1.0,6.0,57019,M,4925554.0,612948.0,57
201800029033,18,10,22,500,3,1,1,1.0,6.0,57143,M,4925807.0,607905.0,57
201800029034,18,10,30,1433,1,1,1,3.0,5.0,57019,M,4926120.0,612780.0,57
201800029035,18,12,20,1720,2,1,1,2.0,2.0,57591,M,4923624.0,610912.0,57
201800029036,18,12,23,1933,3,1,1,2.0,1.0,57591,M,4924168.0,606878.0,57
201800029037,18,12,27,1155,1,2,1,5.0,6.0,57591,M,4924779.0,610430.0,57
201800029038,18,1,3,1925,5,2,1,6.0,6.0,57463,M,4911677.0,618216.0,57
201800029039,18,1,5,900,1,2,1,2.0,6.0,57463,M,4911533.0,617898.0,57
201800029040,18,1,5,1700,5,2,1,2.0,3.0,57463,M,4909930.0,617441.0,57
201800029041,18,1,5,1913,3,2,1,2.0,2.0,57463,M,4913598.0,621321.0,57
201800029042,18,1,16,1845,4,2,1,2.0,3.0,57463,M,4911489.0,618416.0,57
201800029043,18,1,26,1500,1,2,1,2.0,3.0,57463,M,4912630.0,615593.0,57
201800029044,18,1,26,1730,2,1,1,1.0,4.0,57463,M,4911582.0,620218.0,57
201800029045,18,1,28,1850,5,2,1,2.0,6.0,57463,M,4910162.0,620218.0,57
201800029046,18,2,13,945,1,2,1,1.0,3.0,57463,M,4913833.0,613741.0,57
201800029047,18,2,16,1545,1,2,6,1.0,3.0,57751,M,4915758.0,615869.0,57
201800029048,18,2,19,1155,1,2,1,1.0,6.0,57447,M,4906757.0,614496.0,57
201800029049,18,2,21,1610,1,2,1,7.0,6.0,57463,M,4912867.0,614874.0,57
201800029050,18,3,3,1455,1,2,2,4.0,3.0,57463,M,4910731.0,617193.0,57
201800029051,18,3,3,1900,2,2,1,1.0,3.0,57463,M,4913464.0,617668.0,57
201800029052,18,3,5,1750,1,2,3,1.0,3.0,57463,M,4907977.0,618706.0,57
201800029053,18,3,9,1948,1,2,1,2.0,3.0,57463,M,4911346.0,618600.0,57
201800029054,18,3,12,2025,5,2,1,3.0,6.0,57463,M,4910736.0,616661.0,57
201800029055,18,3,27,1140,1,2,1,1.0,6.0,57463,M,4910068.0,618881.0,57
201800029056,18,3,28,1610,1,2,1,2.0,6.0,57751,M,4914968.0,615957.0,57
201800029057,18,3,28,1740,1,2,1,2.0,6.0,57487,M,4909349.0,613232.0,57
201800029058,18,3,29,1815,1,2,1,1.0,3.0,57463,M,4910052.0,620033.0,57
201800029059,18,4,17,1725,1,2,1,1.0,6.0,57463,M,4911056.0,617065.0,57
201800029060,18,5,22,2050,2,2,3,1.0,6.0,57463,M,4911313.0,617767.0,57
201800029061,18,6,8,2030,2,2,7,1.0,6.0,57463,M,4910991.0,622274.0,57
201800029062,18,6,12,1920,1,2,1,1.0,6.0,57463,M,4909863.0,617956.0,57
201800029063,18,6,13,1535,1,2,2,1.0,3.0,57463,M,4909641.0,617568.0,57
201800029064,18,6,20,1305,1,2,3,1.0,6.0,57463,M,4910443.0,617806.0,57
201800029065,18,6,23,1735,1,2,3,1.0,3.0,57447,M,4905906.0,615616.0,57
201800029066,18,7,14,30,3,2,1,1.0,2.0,57463,M,4911816.0,621759.0,57
201800029067,18,7,22,2209,5,2,2,1.0,1.0,57463,M,4910726.0,617180.0,57
201800029068,18,8,5,525,1,2,1,7.0,2.0,57463,M,4913187.0,618030.0,57
201800029069,18,9,17,650,1,2,9,1.0,6.0,57463,M,4909891.0,615878.0,57
201800029070,18,10,24,720,2,2,6,2.0,2.0,57463,M,4910545.0,617433.0,57
201800029071,18,10,25,1910,3,2,1,1.0,3.0,57463,M,4911110.0,618412.0,57
201800029072,18,11,24,1655,1,2,1,1.0,3.0,57480,M,4909030.0,615421.0,57
201800029073,18,12,17,1720,5,2,1,2.0,3.0,57412,M,4911229.0,616257.0,57
201800029074,18,12,22,1945,5,2,1,1.0,5.0,57463,M,4911970.0,617504.0,57
201800029075,18,10,22,800,2,2,1,1.0,6.0,57487,M,4909723.0,613551.0,57
201800029076,18,10,18,636,5,2,1,1.0,6.0,57463,M,4910883.0,616649.0,57
201800029077,18,4,30,1345,1,2,3,1.0,1.0,57630,M,4872729.0,704857.0,57
201800029078,18,5,5,1450,1,2,6,1.0,3.0,57630,M,4873520.0,706047.0,57
201800029079,18,6,25,1604,1,1,1,1.0,6.0,57630,M,4874507.0,707961.0,57
201800029080,18,9,1,1841,1,2,1,1.0,7.0,57630,M,4874621.0,703571.0,57
201800029081,18,9,25,1213,1,2,3,7.0,3.0,57630,M,4872908.0,704969.0,57
201800029082,18,9,27,1945,5,2,9,1.0,1.0,57630,M,4873919.0,706790.0,57
201800029083,18,10,1,1145,1,1,1,8.0,6.0,57119,M,4873571.0,708120.0,57
201800029084,18,12,14,2330,5,2,1,1.0,6.0,57631,M,4911358.0,709840.0,57
201800029085,18,6,9,100,3,2,1,1.0,7.0,57631,M,4911424.0,704783.0,57
201800029086,18,11,3,1345,1,2,1,1.0,6.0,57631,M,4911708.0,711930.0,57
201800029087,18,8,17,1410,1,2,1,1.0,7.0,57631,M,4911403.0,704799.0,57
201800029088,18,1,2,1725,5,2,1,2.0,6.0,57306,M,4933063.0,605981.0,57
201800029089,18,1,10,1130,1,2,1,1.0,6.0,57672,M,4935703.0,614868.0,57
201800029090,18,1,18,740,5,2,1,2.0,6.0,57672,M,4936126.0,617025.0,57
201800029091,18,1,23,1930,5,2,1,2.0,6.0,57672,M,4937013.0,616171.0,57
201800029092,18,2,6,1950,3,1,1,1.0,6.0,57441,M,4938541.0,618020.0,57
201800029093,18,2,13,1150,1,2,1,1.0,6.0,57221,M,4932248.0,611410.0,57
201800029094,18,2,16,1015,1,2,1,1.0,3.0,57757,M,4936513.0,620412.0,57
201800029095,18,2,16,1720,1,2,7,1.0,6.0,57672,M,4936002.0,616245.0,57
201800029096,18,3,15,1942,5,2,1,1.0,6.0,57672,M,4935483.0,617005.0,57
201800029097,18,3,17,1527,1,2,1,1.0,6.0,57757,M,4936962.0,620809.0,57
201800029098,18,3,28,1815,1,2,1,2.0,6.0,57672,M,4935623.0,614352.0,57
201800029099,18,4,4,2340,5,2,3,1.0,6.0,57508,M,4933780.0,604586.0,57
201800029100,18,4,19,1708,1,2,1,1.0,6.0,57672,M,4935675.0,616062.0,57
201800029101,18,4,22,1320,1,2,3,1.0,6.0,57757,M,4936522.0,620394.0,57
201800029102,18,4,22,1510,1,2,1,1.0,1.0,57221,M,4932000.0,612519.0,57
201800029103,18,4,27,2235,5,2,1,1.0,6.0,57368,M,4934206.0,602071.0,57
201800029104,18,4,28,647,2,2,1,1.0,7.0,57221,M,4934400.0,611481.0,57
201800029105,18,5,5,1830,1,2,1,1.0,6.0,57672,M,4936844.0,615675.0,57
201800029106,18,5,25,1938,1,1,1,1.0,6.0,57757,M,4933876.0,618115.0,57
201800029107,18,5,26,1725,1,2,1,1.0,2.0,57672,M,4935736.0,613690.0,57
201800029108,18,5,27,935,1,2,1,1.0,6.0,57672,M,4935491.0,616323.0,57
201800029109,18,5,27,1810,1,2,2,1.0,7.0,57672,M,4936071.0,616716.0,57
201800029110,18,5,29,925,1,2,1,1.0,2.0,57508,M,4933370.0,605028.0,57
201800029111,18,5,31,1532,1,2,1,1.0,6.0,57672,M,4900000.0,600000.0,57
201800029112,18,6,4,920,1,2,1,1.0,6.0,57672,M,4935493.0,615995.0,57
201800029113,18,6,15,1750,1,1,1,1.0,1.0,57672,M,4933905.0,615938.0,57
201800029114,18,6,23,1640,1,2,1,1.0,3.0,57672,M,4934262.0,616083.0,57
201800029115,18,6,26,1610,1,2,1,1.0,1.0,57672,M,4939556.0,619593.0,57
201800029116,18,6,27,1220,1,2,1,1.0,6.0,57757,M,4936019.0,620005.0,57
201800029117,18,6,30,1117,1,2,1,1.0,1.0,57666,M,4935390.0,613256.0,57
201800029118,18,7,3,1307,1,2,1,1.0,6.0,57757,M,4935247.0,617517.0,57
201800029119,18,7,5,2017,1,2,1,2.0,7.0,57306,M,4932532.0,604886.0,57
201800029120,18,7,8,14,5,2,3,1.0,3.0,57672,M,4934940.0,615800.0,57
201800029121,18,7,11,1934,1,2,3,1.0,3.0,57647,M,4931696.0,608254.0,57
201800029122,18,7,12,1850,1,2,2,7.0,3.0,57221,M,4932672.0,612779.0,57
201800029123,18,7,15,1945,2,2,1,2.0,6.0,57221,M,4932715.0,615215.0,57
201800029124,18,7,18,1830,1,2,1,1.0,6.0,57306,M,4935254.0,606713.0,57
201800029125,18,7,27,1225,1,2,1,1.0,6.0,57672,M,4934505.0,616126.0,57
201800029126,18,8,17,1800,1,1,6,1.0,3.0,57221,M,4934267.0,610928.0,57
201800029127,18,8,18,1730,1,1,6,1.0,3.0,57666,M,4934432.0,611532.0,57
201800029128,18,8,23,1539,1,2,1,1.0,6.0,57306,M,4933301.0,607531.0,57
201800029129,18,8,26,1604,1,1,1,1.0,6.0,57672,M,4937674.0,609607.0,57
201800029130,18,9,3,917,1,1,1,1.0,6.0,57672,M,4935736.0,613747.0,57
201800029131,18,9,3,926,1,2,9,1.0,6.0,57672,M,4936644.0,615310.0,57
201800029132,18,9,12,800,1,2,1,1.0,6.0,57221,M,4932203.0,611292.0,57
201800029133,18,9,12,2055,1,2,2,1.0,3.0,57757,M,4934807.0,619357.0,57
201800029134,18,9,15,1125,1,2,1,1.0,6.0,57672,M,4935841.0,614441.0,57
201800029135,18,10,2,1216,1,2,1,8.0,6.0,57306,M,4931436.0,607804.0,57
201800029136,18,10,5,835,1,2,1,1.0,6.0,57672,M,4935510.0,617131.0,57
201800029137,18,10,17,1410,1,2,3,1.0,3.0,57672,M,4935414.0,616116.0,57
201800029138,18,10,17,1615,1,2,1,1.0,2.0,57672,M,4935331.0,671568.0,57
201800029139,18,11,2,1650,2,1,1,2.0,1.0,57221,M,4933868.0,611282.0,57
201800029140,18,11,9,2116,5,2,1,2.0,6.0,57672,M,4935928.0,616986.0,57
201800029141,18,11,18,2030,5,2,1,1.0,6.0,57672,M,4937612.0,614581.0,57
201800029142,18,11,24,1821,5,2,2,2.0,3.0,57221,M,4931770.0,611305.0,57
201800029143,18,11,30,1345,1,2,1,1.0,3.0,57672,M,4935598.0,616393.0,57
201800029144,18,12,8,1150,1,2,1,1.0,2.0,57508,M,4934009.0,604922.0,57
201800029145,18,12,11,605,5,1,1,8.0,1.0,57306,M,4935073.0,606523.0,57
201800029146,18,12,12,2250,5,2,1,1.0,6.0,57672,M,4936095.0,610720.0,57
201800029147,18,12,17,2030,5,2,1,1.0,6.0,57012,M,4936121.0,605027.0,57
201800029148,18,12,19,1725,5,2,3,2.0,3.0,57672,M,4936527.0,616858.0,57
201800029149,18,2,5,2000,3,1,1,4.0,1.0,45187,M,4787728.0,247427.0,45
201800029150,18,2,27,1915,3,1,1,1.0,6.0,45187,M,4787791.0,248196.0,45
201800029151,18,3,17,1430,1,1,1,1.0,6.0,45187,M,4787455.0,249238.0,45
201800029152,18,4,19,815,1,2,1,1.0,6.0,45247,M,4800276.0,270418.0,45
201800029153,18,5,19,1405,1,1,2,1.0,3.0,45293,M,4798821.0,263777.0,45
201800029154,18,6,2,1700,1,2,1,1.0,7.0,45031,M,4798858.0,244652.0,45
201800029155,18,6,29,910,1,1,1,1.0,3.0,45066,M,4793786.0,255168.0,45
201800029156,18,7,23,1900,1,1,1,1.0,6.0,45293,M,4797579.0,262143.0,45
201800029157,18,9,23,1925,1,1,1,2.0,6.0,45187,M,4787851.0,249131.0,45
201800029158,18,10,15,1945,3,1,1,1.0,6.0,45107,M,4791510.0,247026.0,45
201800029159,18,11,22,830,1,2,3,5.0,1.0,45213,M,4786621.0,255570.0,45
201800029160,18,11,24,1125,1,1,2,1.0,3.0,45066,M,4794226.0,255460.0,45
201800029161,18,5,30,2010,2,2,1,1.0,2.0,20349,M,4166863.0,892117.0,201
201800029162,18,8,25,1515,1,1,1,1.0,1.0,20191,M,4166249.0,900912.0,201
201800029163,18,9,11,945,1,1,1,1.0,3.0,20362,M,4174942.0,919522.0,201
201800029164,18,9,22,515,3,1,1,1.0,6.0,20362,M,4170136.0,918839.0,201
201800029165,18,10,1,1236,1,1,1,1.0,1.0,20357,M,4174834.0,906780.0,201
201800029166,18,1,28,130,3,2,1,5.0,6.0,33447,M,4501523.0,-6873.0,33
201800029167,18,3,14,715,2,2,8,1.0,6.0,33478,M,4501136.0,-161.0,33
201800029168,18,4,13,1645,1,2,1,1.0,5.0,33243,M,4492260.0,-24143.0,33
201800029169,18,7,2,445,3,1,1,3.0,1.0,33332,M,4503438.0,-1071.0,33
201800029170,18,9,1,1900,1,1,2,1.0,3.0,33154,M,4507890.0,-4026.0,33
201800029171,18,10,15,1900,2,1,1,8.0,1.0,33315,M,4507769.0,-6976.0,33
201800029172,18,11,8,1230,1,1,1,1.0,6.0,33385,M,4506262.0,2158.0,33
201800029173,18,11,15,730,2,1,1,9.0,1.0,33138,M,4503450.0,-2828.0,33
201800029174,18,1,19,920,1,1,1,2.0,3.0,11254,M,4322664.0,215215.0,11
201800029175,18,3,20,2222,3,1,1,6.0,1.0,11261,M,4318969.0,264466.0,11
201800029176,18,3,22,10,3,1,1,1.0,2.0,11069,M,4319566.0,242234.0,11
201800029177,18,8,12,1410,1,1,1,1.0,6.0,11069,M,4319443.0,241914.0,11
201800029178,18,8,27,220,3,1,1,1.0,6.0,11069,M,4319324.0,234239.0,11
201800029179,18,9,10,1100,1,1,1,1.0,2.0,11098,M,4316771.0,272707.0,11
201800029180,18,9,17,1350,1,1,1,1.0,6.0,11261,M,4317432.0,264654.0,11
201800029181,18,8,18,1930,1,1,2,1.0,2.0,57365,M,4940208.0,641588.0,57
201800029182,18,9,19,720,2,2,3,1.0,6.0,57604,M,4944825.0,636984.0,57
201800029183,18,1,26,935,1,2,6,1.0,3.0,86297,M,4654583.0,25841.0,86
201800029184,18,3,25,715,3,1,1,1.0,6.0,86297,M,4655232.0,23765.0,86
201800029185,18,4,17,1220,1,1,2,1.0,7.0,86121,M,4661891.0,8672.0,86
201800029186,18,4,19,1800,1,2,1,1.0,1.0,86100,M,4653594.0,27750.0,86
201800029187,18,5,10,1115,1,1,2,1.0,3.0,86076,M,4663444.0,22900.0,86
201800029188,18,7,6,2000,3,1,2,1.0,3.0,86074,M,4665469.0,11118.0,86
201800029189,18,9,7,930,1,1,2,1.0,3.0,86123,M,4658512.0,11033.0,86
201800029190,18,10,20,2040,5,1,1,1.0,3.0,86294,M,4664755.0,16236.0,86
201800029191,18,1,9,750,1,2,3,2.0,3.0,58194,M,4699354.0,312671.0,58
201800029192,18,1,12,1420,1,2,1,1.0,2.0,58194,M,4698396.0,315491.0,58
201800029193,18,1,30,1955,5,2,3,2.0,3.0,58194,M,4699000.0,315000.0,58
201800029194,18,2,7,905,1,2,1,4.0,3.0,58194,M,4698911.0,317118.0,58
201800029195,18,2,6,800,1,2,1,4.0,2.0,58194,M,4699000.0,315000.0,58
201800029196,18,2,16,1920,3,2,1,1.0,2.0,58194,M,4698828.0,314457.0,58
201800029197,18,2,22,1450,1,2,1,1.0,2.0,58194,M,4698888.0,315101.0,58
201800029198,18,3,5,1255,1,2,3,1.0,3.0,58194,M,4699000.0,315000.0,58
201800029199,18,3,12,1505,1,2,1,1.0,3.0,58194,M,4699985.0,315773.0,58
201800029200,18,3,12,1430,1,2,3,2.0,6.0,58194,M,4698000.0,315000.0,58
201800029201,18,4,4,1610,1,2,3,1.0,3.0,58194,M,4699319.0,312821.0,58
201800029202,18,2,22,2015,4,2,3,1.0,5.0,58194,M,4699992.0,314769.0,58
201800029203,18,4,6,1345,1,2,1,1.0,2.0,58194,M,4700051.0,315823.0,58
201800029204,18,4,15,230,5,2,1,1.0,3.0,58194,M,4698000.0,315000.0,58
201800029205,18,4,23,900,1,2,3,2.0,3.0,58194,M,4699840.0,317248.0,58
201800029206,18,4,21,1556,1,2,1,1.0,2.0,58194,M,4698600.0,315980.0,58
201800029207,18,4,21,431,5,2,4,1.0,1.0,58194,M,4699000.0,317000.0,58
201800029208,18,4,25,1730,1,2,6,1.0,3.0,58194,M,4698709.0,316163.0,58
201800029209,18,5,5,1720,1,2,1,1.0,6.0,58194,M,4699000.0,316000.0,58
201800029210,18,5,22,1925,1,2,1,1.0,2.0,58194,M,4698000.0,315000.0,58
201800029211,18,5,25,2205,5,2,3,1.0,3.0,58194,M,4698861.0,312717.0,58
201800029212,18,5,29,710,1,2,9,1.0,7.0,58194,M,4699505.0,316873.0,58
201800029213,18,5,25,1005,1,2,1,1.0,6.0,58194,M,4698923.0,316291.0,58
201800029214,18,5,31,1215,1,2,2,1.0,3.0,58194,M,4698736.0,313270.0,58
201800029215,18,5,31,2235,5,2,1,3.0,3.0,58194,M,4699000.0,315000.0,58
201800029216,18,6,4,1945,1,2,3,1.0,3.0,58194,M,4699378.0,313599.0,58
201800029217,18,6,8,800,1,2,1,1.0,2.0,58194,M,4699644.0,317007.0,58
201800029218,18,6,17,1126,1,2,6,1.0,7.0,58194,M,4698000.0,312000.0,58