Num_Acc,an,mois,jour,hrmn,lum,agg,int,atm,col,com,gps,lat,long,dep
201800029219,18,6,21,955,1,2,1,1.0,3.0,58194,M,4699313.0,317186.0,58
201800029220,18,6,22,1830,1,2,6,1.0,3.0,58194,M,4699998.0,315558.0,58
201800029221,18,7,3,830,1,2,1,1.0,6.0,58194,M,4698000.0,316000.0,58
201800029222,18,7,4,1850,1,2,3,1.0,3.0,58194,M,4698935.0,315691.0,58
201800029223,18,7,10,1900,1,2,1,1.0,2.0,58194,M,4699000.0,312000.0,58
201800029224,18,7,5,2225,4,2,3,1.0,3.0,58194,M,4698000.0,312000.0,58
201800029225,18,7,12,2235,5,2,3,1.0,3.0,58194,M,4699436.0,318927.0,58
201800029226,18,7,17,840,1,2,6,1.0,3.0,58194,M,4698819.0,312439.0,58
201800029227,18,7,21,910,1,2,9,1.0,6.0,58194,M,4698932.0,315470.0,58
201800029228,18,7,31,1750,1,2,3,1.0,3.0,58194,M,4698309.0,313777.0,58
201800029229,18,8,6,1520,1,2,1,1.0,2.0,58194,M,4699095.0,312368.0,58
201800029230,18,8,21,1525,1,2,1,1.0,6.0,58194,M,4699916.0,316351.0,58
201800029231,18,8,27,1250,1,2,1,1.0,6.0,58194,M,4700023.0,315801.0,58
201800029232,18,8,31,1830,1,2,1,1.0,6.0,58194,M,4698000.0,317000.0,58
201800029233,18,9,2,1740,1,2,1,1.0,3.0,58194,M,4699219.0,314906.0,58
201800029234,18,9,5,1910,1,2,1,1.0,6.0,58194,M,4698759.0,315104.0,58
201800029235,18,9,8,1220,1,2,1,1.0,2.0,58194,M,4699000.0,315000.0,58
201800029236,18,9,14,820,1,2,3,1.0,3.0,58194,M,4700186.0,315593.0,58
201800029237,18,9,15,2000,1,2,1,1.0,6.0,58194,M,4698859.0,315580.0,58
201800029238,18,9,20,1210,1,2,6,1.0,4.0,58194,M,4699086.0,312380.0,58
201800029239,18,9,21,1450,1,2,1,1.0,6.0,58194,M,4699000.0,314000.0,58
201800029240,18,9,25,935,1,2,1,1.0,6.0,58194,M,4697924.0,313744.0,58
201800029241,18,9,25,1020,1,2,1,1.0,6.0,58194,M,4699889.0,316519.0,58
201800029242,18,10,4,1219,1,2,1,1.0,2.0,58194,M,4698500.0,315330.0,58
201800029243,18,10,10,1840,1,2,1,2.0,3.0,58194,M,4700094.0,315581.0,58
201800029244,18,10,10,1210,1,2,3,1.0,3.0,58194,M,4697944.0,313157.0,58
201800029245,18,11,9,1650,2,1,1,1.0,2.0,58194,M,4698950.0,316940.0,58
201800029246,18,11,9,1758,5,2,1,1.0,1.0,58194,M,4698264.0,312914.0,58
201800029247,18,11,14,1130,1,2,1,1.0,2.0,58194,M,4699610.0,312430.0,58
201800029248,18,11,18,2050,5,2,3,1.0,3.0,58194,M,4699417.0,317470.0,58
201800029249,18,12,6,815,1,2,3,1.0,3.0,58194,M,4699390.0,316530.0,58
201800029250,18,12,11,1730,1,2,1,1.0,2.0,58194,M,4698740.0,313280.0,58
201800029251,18,12,17,2105,5,2,6,1.0,2.0,58194,M,4699995.0,315579.0,58
201800029252,18,12,24,1615,2,2,1,1.0,6.0,58194,M,4700446.0,315385.0,58
201800029253,18,3,30,1515,1,1,1,1.0,3.0,69277,M,4573032.0,502856.0,69
201800029254,18,5,3,821,1,2,1,2.0,1.0,69287,M,4570269.0,501727.0,69
201800029255,18,5,27,930,1,1,1,2.0,1.0,69110,M,4562425.0,449669.0,69
201800029256,18,11,30,700,1,1,9,2.0,3.0,69228,M,4557365.0,463200.0,69
201800029257,18,1,16,1515,1,2,6,8.0,2.0,95487,M,4915740.0,226350.0,95
201800029258,18,1,21,2155,3,1,1,2.0,6.0,95452,M,4912870.0,230160.0,95
201800029259,18,6,11,845,2,2,1,2.0,3.0,95052,M,4914340.0,228230.0,95
201800029260,18,6,20,1420,1,1,1,1.0,5.0,95436,M,4913270.0,226360.0,95
201800029261,18,6,26,830,1,1,1,1.0,4.0,95134,M,4914330.0,225120.0,95
201800029262,18,7,4,1820,1,2,1,1.0,1.0,95487,M,4915660.0,228090.0,95
201800029263,18,7,17,1239,1,1,1,1.0,3.0,95116,M,4914320.0,233190.0,95
201800029264,18,12,8,1050,1,1,1,2.0,6.0,95058,M,4915210.0,229540.0,95
201800029265,18,12,14,2340,5,2,1,8.0,6.0,95487,M,4915010.0,227490.0,95
201800029266,18,12,9,1020,1,2,1,3.0,6.0,95445,M,4909120.0,227440.0,95
201800029267,18,12,29,2300,5,2,1,1.0,3.0,95313,M,4911210.0,221720.0,95
201800029268,18,1,14,1300,1,2,1,1.0,6.0,95504,M,4911440.0,228830.0,95
201800029269,18,2,15,2100,5,2,1,1.0,2.0,95313,M,4910990.0,222350.0,95
201800029270,18,5,24,1350,1,2,1,1.0,7.0,95313,M,4912470.0,222300.0,95
201800029271,18,6,8,1230,1,1,1,1.0,1.0,95313,M,4909560.0,221310.0,95
201800029272,18,6,16,120,3,2,1,1.0,6.0,95480,M,4909840.0,220490.0,95
201800029273,18,6,17,1630,1,2,1,1.0,2.0,95313,M,4911030.0,222580.0,95
201800029274,18,7,9,1718,1,2,1,1.0,1.0,95480,M,4912440.0,221240.0,95
201800029275,18,7,16,1645,1,2,1,1.0,1.0,95313,M,4910410.0,222990.0,95
201800029276,18,7,27,2235,3,1,1,1.0,6.0,95313,M,4909370.0,221110.0,95
201800029277,18,9,4,2030,5,2,1,1.0,3.0,95480,M,4911120.0,220660.0,95
201800029278,18,9,18,1515,1,1,1,1.0,3.0,95313,M,4912250.0,223330.0,95
201800029279,18,12,23,555,5,2,6,2.0,6.0,95313,M,4911910.0,223120.0,95
201800029280,18,1,27,740,2,2,3,1.0,3.0,71047,M,4662455.0,375654.0,71
201800029281,18,2,19,1400,1,1,1,1.0,6.0,71166,M,4674555.0,405861.0,71
201800029282,18,3,30,945,1,2,1,2.0,3.0,71047,M,4662383.0,375816.0,71
201800029283,18,5,19,337,3,1,1,8.0,6.0,71220,M,4653955.0,375297.0,71
201800029284,18,5,29,1325,1,1,1,1.0,1.0,71220,M,4653891.0,377455.0,71
201800029285,18,5,30,930,1,1,1,1.0,7.0,71239,M,4670073.0,396504.0,71
201800029286,18,5,30,2101,2,1,1,1.0,6.0,71155,M,4672282.0,368671.0,71
201800029287,18,10,5,1015,1,2,1,7.0,6.0,71047,M,4662045.0,377196.0,71
201800029288,18,1,11,1730,5,2,1,5.0,1.0,59143,M,5067065.0,290274.0,59
201800029289,18,1,21,610,4,1,1,1.0,6.0,59143,M,5066526.0,291747.0,59
201800029290,18,2,7,820,1,2,1,1.0,6.0,59017,M,5069259.0,287584.0,59
201800029291,18,2,12,1145,1,1,1,1.0,1.0,59431,M,5069107.0,282781.0,59
201800029292,18,2,24,1630,1,1,1,1.0,6.0,59043,M,5071700.0,270816.0,59
201800029293,18,2,24,1940,5,2,3,1.0,3.0,59043,M,5073617.0,273021.0,59
201800029294,18,3,14,1200,1,2,1,1.0,2.0,59017,M,5069121.0,287267.0,59
201800029295,18,3,21,2255,3,1,1,1.0,6.0,59043,M,5073567.0,270521.0,59
201800029296,18,4,14,2010,1,1,1,3.0,6.0,59317,M,5069922.0,292992.0,59
201800029297,18,4,19,950,1,2,1,1.0,6.0,59017,M,5068873.0,288026.0,59
201800029298,18,5,5,2030,1,2,1,1.0,2.0,59017,M,5069066.0,288599.0,59
201800029299,18,5,22,1900,1,1,1,7.0,3.0,59143,M,5065855.0,289311.0,59
201800029300,18,5,27,40,5,2,1,1.0,7.0,59043,M,5074627.0,273947.0,59
201800029301,18,5,27,1850,1,2,1,1.0,6.0,59017,M,5068098.0,287883.0,59
201800029302,18,5,31,1830,1,1,1,1.0,6.0,59431,M,5070410.0,285673.0,59
201800029303,18,6,21,2220,2,1,3,1.0,3.0,59043,M,5072250.0,279050.0,59
201800029304,18,6,25,925,1,2,2,1.0,3.0,59017,M,5068774.0,287793.0,59
201800029305,18,7,1,1720,1,2,2,1.0,1.0,59431,M,5069784.0,285625.0,59
201800029306,18,7,14,1740,1,2,3,1.0,3.0,59017,M,5068186.0,287732.0,59
201800029307,18,7,12,1920,1,1,3,1.0,2.0,59043,M,5071720.0,269408.0,59
201800029308,18,10,13,1100,1,2,1,1.0,6.0,59043,M,5073820.0,273230.0,59
201800029309,18,10,22,1730,1,2,1,1.0,6.0,59043,M,5073870.0,272494.0,59
201800029310,18,10,26,1030,1,2,1,1.0,6.0,59017,M,5068853.0,289019.0,59
201800029311,18,12,16,1750,5,2,3,1.0,3.0,59143,M,5067295.0,289517.0,59
201800029312,18,1,12,1230,1,2,2,8.0,3.0,59122,M,5016000.0,326000.0,59
201800029313,18,4,10,1730,1,2,1,1.0,6.0,59122,M,5017061.0,323064.0,59
201800029314,18,5,17,830,1,2,2,1.0,3.0,59244,M,5016550.0,315394.0,59
201800029315,18,6,8,2140,2,2,1,1.0,7.0,59122,M,5017702.0,323321.0,59
201800029316,18,7,14,1130,1,1,1,1.0,2.0,59206,M,5018803.0,327138.0,59
201800029317,18,8,20,440,5,2,8,1.0,6.0,59476,M,5015156.0,322014.0,59
201800029318,18,8,26,315,5,2,1,1.0,3.0,59122,M,5015051.0,322079.0,59
201800029319,18,9,19,1440,1,1,1,1.0,3.0,59122,M,5018134.0,327695.0,59
201800029320,18,11,7,1930,5,2,1,2.0,6.0,59122,M,5016426.0,323978.0,59
201800029321,18,12,22,1855,3,1,1,2.0,6.0,59476,M,4886272.0,228759.0,59
201800029322,18,12,28,1750,5,2,3,1.0,6.0,59122,M,5017656.0,321715.0,59
201800029323,18,3,14,1530,1,2,1,1.0,1.0,59153,M,5046560.0,359197.0,59
201800029324,18,9,2,1440,1,1,1,1.0,3.0,59153,M,5046637.0,359540.0,59
201800029325,18,11,29,745,4,2,3,2.0,6.0,59153,M,5046150.0,358538.0,59
201800029326,18,12,7,1850,5,2,1,1.0,6.0,59253,M,5043265.0,357753.0,59
201800029327,18,1,8,745,3,2,1,1.0,3.0,59172,M,,,59
201800029328,18,1,31,825,5,2,1,1.0,6.0,59632,M,5037419.0,340040.0,59
201800029329,18,1,24,400,5,2,1,1.0,6.0,59205,M,5031808.0,336479.0,59
201800029330,18,2,25,150,5,2,9,1.0,6.0,59172,M,5031646.0,341051.0,59
201800029331,18,3,31,1315,1,2,1,1.0,6.0,59179,M,5030920.0,340445.0,59
201800029332,18,4,11,1115,1,2,1,1.0,6.0,59504,M,5030056.0,351909.0,59
201800029333,18,4,25,1845,1,2,1,1.0,3.0,59172,M,5031851.0,336695.0,59
201800029334,18,5,11,720,1,2,9,1.0,6.0,59179,M,5030125.0,339608.0,59
201800029335,18,6,10,1940,1,2,1,1.0,1.0,59292,M,5035061.0,341121.0,59
201800029336,18,7,3,2010,1,2,9,1.0,6.0,59179,M,5030453.0,340300.0,59
201800029337,18,7,18,1850,1,2,9,1.0,6.0,59288,M,5031789.0,342198.0,59
201800029338,18,7,29,1240,1,2,1,1.0,6.0,59205,M,5032909.0,333057.0,59
201800029339,18,9,21,1730,1,2,1,1.0,6.0,59632,M,5037367.0,340163.0,59
201800029340,18,11,5,1645,1,2,1,1.0,6.0,59172,M,5032218.0,337619.0,59
201800029341,18,11,23,2140,3,2,9,1.0,6.0,59429,M,5028685.0,335326.0,59
201800029342,18,12,10,745,5,2,1,1.0,6.0,59179,M,5030384.0,339137.0,59
201800029343,18,1,4,2030,5,2,1,1.0,1.0,59569,M,5036254.0,311994.0,59
201800029344,18,1,4,1420,1,2,1,1.0,6.0,59178,M,5036336.0,308051.0,59
201800029345,18,1,10,745,5,2,1,3.0,6.0,59574,M,5035694.0,328138.0,59
201800029346,18,1,13,1820,3,2,1,1.0,2.0,59329,M,5034370.0,309017.0,59
201800029347,18,1,13,1230,1,2,1,1.0,6.0,59414,M,5036664.0,319176.0,59
201800029348,18,1,17,1630,1,2,1,1.0,4.0,59329,M,5034509.0,309200.0,59
201800029349,18,1,15,1910,5,2,1,1.0,3.0,59574,M,5035585.0,328073.0,59
201800029350,18,2,5,845,1,2,1,1.0,6.0,59574,M,5036635.0,327329.0,59
201800029351,18,1,23,1900,5,2,1,1.0,3.0,59489,M,5043629.0,309446.0,59
201800029352,18,2,22,1540,1,2,2,7.0,1.0,59327,M,5038598.0,315950.0,59
201800029353,18,2,23,1930,5,2,1,1.0,6.0,59165,M,5038334.0,305381.0,59
201800029354,18,2,17,613,5,2,1,1.0,6.0,59008,M,5033702.0,324642.0,59
201800029355,18,2,20,1040,1,2,1,1.0,6.0,59165,M,5038428.0,305981.0,59
201800029356,18,3,6,1345,1,1,1,1.0,1.0,59486,M,5042591.0,314384.0,59
201800029357,18,3,7,1935,5,2,1,1.0,1.0,59375,M,5043531.0,326181.0,59
201800029358,18,3,18,1645,1,2,1,1.0,3.0,59574,M,5036436.0,328794.0,59
201800029359,18,3,27,1725,1,2,6,1.0,3.0,59178,M,5036497.0,306903.0,59
201800029360,18,3,22,1110,1,2,4,1.0,3.0,59178,M,5039476.0,308673.0,59
201800029361,18,4,7,1320,1,1,1,1.0,1.0,59569,M,5036054.0,312344.0,59
201800029362,18,4,11,2150,3,2,1,1.0,6.0,59165,M,5038317.0,302951.0,59
201800029363,18,4,13,1900,1,2,1,1.0,6.0,59178,M,5039306.0,306353.0,59
201800029364,18,4,23,1930,1,2,2,1.0,1.0,59345,M,5034085.0,316998.0,59
201800029365,18,4,26,1140,1,1,1,1.0,5.0,59239,M,5042760.0,315570.0,59
201800029366,18,5,7,1150,1,2,1,1.0,6.0,59178,M,5036730.0,308409.0,59
201800029367,18,5,14,915,1,2,1,1.0,6.0,59329,M,5034122.0,309198.0,59
201800029368,18,6,5,40,3,1,1,1.0,7.0,59239,M,5035684.0,316767.0,59
201800029369,18,6,5,850,1,1,1,1.0,3.0,59234,M,5040100.0,304170.0,59
201800029370,18,6,4,2100,1,2,6,1.0,3.0,59028,M,5041310.0,305214.0,59
201800029371,18,7,15,1900,1,2,1,1.0,7.0,59489,M,5043625.0,309426.0,59
201800029372,18,7,19,850,1,1,1,1.0,1.0,59569,M,5037660.0,312700.0,59
201800029373,18,7,22,130,5,2,1,1.0,6.0,59178,M,5039673.0,311165.0,59
201800029374,18,7,30,1730,1,2,1,1.0,6.0,59178,M,5039253.0,308508.0,59
201800029375,18,8,9,1740,2,2,1,2.0,1.0,59486,M,5041515.0,314984.0,59
201800029376,18,9,1,1055,1,2,2,1.0,5.0,59203,M,5036039.0,331834.0,59
201800029377,18,8,31,900,1,1,3,1.0,3.0,59574,M,5033399.0,328084.0,59
201800029378,18,9,6,1515,1,2,1,1.0,6.0,59414,M,5036772.0,318831.0,59
201800029379,18,9,7,2000,1,2,1,1.0,3.0,59234,M,5039794.0,307885.0,59
201800029380,18,9,17,915,1,2,6,1.0,3.0,59569,M,5036573.0,311769.0,59
201800029381,18,9,18,1825,1,2,2,1.0,5.0,59008,M,5023702.0,324776.0,59
201800029382,18,9,28,1620,1,2,3,1.0,3.0,59178,M,5036353.0,307508.0,59
201800029383,18,10,14,1555,1,1,1,1.0,6.0,59329,M,5034272.0,308296.0,59
201800029384,18,10,11,730,2,2,2,2.0,3.0,59008,M,5032705.0,324772.0,59
201800029385,18,10,22,740,3,1,1,2.0,1.0,59165,M,5036025.0,304254.0,59
201800029386,18,10,26,1815,2,1,1,8.0,1.0,59024,M,5032703.0,322319.0,59
201800029387,18,11,3,1645,1,2,1,1.0,2.0,59178,M,5039291.0,312465.0,59
201800029388,18,11,5,1050,1,2,6,1.0,6.0,59654,M,5039337.0,310959.0,59
201800029389,18,11,5,1625,1,2,3,1.0,6.0,59178,M,5037586.0,308294.0,59
201800029390,18,11,10,1315,1,1,1,2.0,1.0,59165,M,5037475.0,303052.0,59
201800029391,18,11,8,1130,1,2,1,1.0,5.0,59008,M,5033523.0,325007.0,59
201800029392,18,11,9,1510,1,2,2,1.0,3.0,59574,M,5036990.0,326728.0,59
201800029393,18,11,16,10,3,2,1,1.0,6.0,59654,M,5038597.0,310889.0,59
201800029394,18,11,16,1915,4,2,1,1.0,6.0,59028,M,5042106.0,306404.0,59
201800029395,18,11,29,740,4,2,6,2.0,3.0,59178,M,5038086.0,309407.0,59
201800029396,18,12,22,1900,5,2,1,1.0,6.0,59028,M,5041694.0,306590.0,59
201800029397,18,1,3,1440,1,1,1,6.0,6.0,59155,M,5101534.0,239670.0,59
201800029398,18,1,5,2330,3,1,1,1.0,5.0,59183,M,5104163.0,234083.0,59
201800029399,18,1,11,1920,3,1,1,5.0,7.0,59183,M,5103693.0,225529.0,59
201800029400,18,1,10,750,2,2,1,2.0,6.0,59183,M,5103534.0,236724.0,59
201800029401,18,2,6,1850,3,2,7,1.0,6.0,59183,M,5103244.0,237084.0,59
201800029402,18,2,9,1,5,1,2,1.0,6.0,59273,M,5097380.0,212320.0,59
201800029403,18,2,10,2000,3,2,9,3.0,6.0,59183,M,5103260.0,237162.0,59
201800029404,18,4,1,545,3,2,1,1.0,6.0,59183,M,5105136.0,241164.0,59
201800029405,18,4,22,1845,1,2,1,1.0,6.0,59359,M,5099000.0,221000.0,59
201800029406,18,4,22,1530,1,2,9,1.0,3.0,59271,M,5101712.0,230257.0,59
201800029407,18,4,27,1425,1,2,2,1.0,3.0,59271,M,5101522.0,229391.0,59
201800029408,18,5,1,2250,5,2,6,1.0,3.0,59271,M,5101442.0,230777.0,59
201800029409,18,5,2,1635,1,1,1,3.0,1.0,59273,M,5099595.0,216715.0,59
201800029410,18,4,30,1845,1,2,5,2.0,3.0,59540,M,5102349.0,232772.0,59
201800029411,18,5,24,830,1,2,1,1.0,4.0,59155,M,5102968.0,240060.0,59
201800029412,18,5,9,1550,1,2,1,1.0,6.0,59183,M,5103010.0,235322.0,59
201800029413,18,6,1,1630,1,2,1,1.0,6.0,59155,M,5102242.0,238595.0,59
201800029414,18,6,12,1815,1,2,1,1.0,3.0,59359,M,5099420.0,221674.0,59
201800029415,18,6,21,750,1,2,2,1.0,1.0,59183,M,5100610.0,234410.0,59
201800029416,18,7,11,840,1,1,1,8.0,1.0,59588,M,5102625.0,243609.0,59
201800029417,18,7,12,1500,1,2,3,1.0,3.0,59271,M,5101278.0,230110.0,59
201800029418,18,7,16,750,1,1,1,1.0,1.0,59588,M,5104300.0,243900.0,59
201800029419,18,7,17,2200,2,2,2,1.0,3.0,59183,M,5102665.0,235975.0,59
201800029420,18,7,23,2210,2,2,1,1.0,6.0,59273,M,5099680.0,211708.0,59
201800029421,18,5,10,1005,1,2,1,1.0,6.0,59271,M,5101314.0,230286.0,59
201800029422,18,8,8,1545,1,2,2,1.0,6.0,59155,M,5101503.0,237820.0,59
201800029423,18,8,4,1640,1,2,2,1.0,3.0,59540,M,5103100.0,234800.0,59
201800029424,18,8,18,310,5,2,4,1.0,6.0,59183,M,5121553.0,222366.0,59
201800029425,18,8,22,1730,1,2,2,1.0,3.0,59183,M,5104120.0,238895.0,59
201800029426,18,9,4,1805,1,2,2,2.0,3.0,59271,M,5101806.0,230591.0,59
201800029427,18,9,27,1905,2,2,2,7.0,1.0,59273,M,5099110.0,212347.0,59
201800029428,18,10,1,816,1,2,3,8.0,3.0,59183,M,5103678.0,237882.0,59
201800029429,18,10,2,1650,1,2,6,1.0,3.0,59271,M,5101733.0,232086.0,59
201800029430,18,10,16,1240,1,2,3,1.0,1.0,59540,M,5102809.0,234704.0,59
201800029431,18,10,21,1245,1,1,2,1.0,3.0,59248,M,5102862.0,231755.0,59
201800029432,18,10,29,525,3,1,1,2.0,6.0,59271,M,5100367.0,225995.0,59
201800029433,18,10,13,1330,1,2,3,1.0,3.0,59540,M,5103073.0,235433.0,59
201800029434,18,11,17,720,5,2,1,1.0,2.0,59540,M,5102690.0,233651.0,59
201800029435,18,11,23,2055,5,2,9,9.0,6.0,59183,M,5104360.0,238900.0,59
201800029436,18,12,8,1230,1,2,1,1.0,6.0,59155,M,5102185.0,237905.0,59
201800029437,18,12,15,50,5,2,1,1.0,6.0,59183,M,5104672.0,239161.0,59
201800029438,18,12,17,750,2,1,2,1.0,1.0,59588,M,5103000.0,243000.0,59
201800029439,18,12,12,1900,3,1,6,1.0,6.0,59183,M,5103882.0,236232.0,59
201800029440,18,1,12,1305,1,2,4,8.0,6.0,59295,M,5073051.0,254343.0,59
201800029441,18,6,19,1645,1,2,3,1.0,3.0,59295,M,5072505.0,253413.0,59
201800029442,18,7,12,220,3,1,1,1.0,1.0,59295,M,,,59
201800029443,18,7,12,1640,1,2,1,1.0,6.0,59295,M,5072270.0,253549.0,59
201800029444,18,7,16,140,3,1,9,1.0,1.0,59295,M,5071200.0,255880.0,59
201800029445,18,7,18,1500,1,2,3,1.0,2.0,59295,M,5072898.0,253682.0,59
201800029446,18,11,16,1555,1,1,1,5.0,1.0,59295,M,5074885.0,255207.0,59
201800029447,18,1,1,25,5,2,1,2.0,5.0,59378,M,5066246.0,309777.0,59
201800029448,18,1,6,840,2,2,2,8.0,3.0,59350,M,5062625.0,304013.0,59
201800029449,18,1,18,820,2,2,1,6.0,6.0,59328,M,5064296.0,301613.0,59
201800029450,18,1,11,440,3,1,1,5.0,6.0,59328,M,5065576.0,302821.0,59
201800029451,18,1,5,1730,5,2,1,2.0,2.0,59343,M,5058129.0,311236.0,59
201800029452,18,1,25,1810,2,2,1,1.0,6.0,59328,M,5064476.0,303366.0,59
201800029453,18,1,20,1745,2,2,1,2.0,6.0,59350,M,5062439.0,306810.0,59
201800029454,18,1,12,1640,1,1,1,1.0,6.0,59386,M,5066588.0,306303.0,59
201800029455,18,1,12,1730,3,2,4,2.0,7.0,59009,M,5064017.0,315254.0,59
201800029456,18,1,31,1305,1,2,1,2.0,6.0,59350,M,5060462.0,305542.0,59
201800029457,18,2,4,1330,1,2,2,1.0,3.0,59009,M,5063802.0,314226.0,59
201800029458,18,1,10,1710,5,2,1,1.0,6.0,59527,M,5065530.0,305063.0,59
201800029459,18,1,29,2000,5,2,1,3.0,6.0,59350,M,5060871.0,304017.0,59
201800029460,18,2,14,945,1,2,1,1.0,6.0,59350,M,5061723.0,307391.0,59
201800029461,18,2,1,2003,5,2,2,2.0,3.0,59350,M,5063981.0,301460.0,59
201800029462,18,1,9,1400,1,1,1,1.0,3.0,59560,M,5056266.0,302766.0,59
201800029463,18,2,10,1925,5,2,1,2.0,6.0,59350,M,5064400.0,306100.0,59
201800029464,18,1,24,1100,1,2,1,1.0,2.0,59360,M,5061527.0,301868.0,59
201800029465,18,2,14,930,1,2,1,1.0,6.0,59350,M,5062975.0,307797.0,59
201800029466,18,2,22,620,4,1,2,1.0,6.0,59193,M,5059656.0,300573.0,59
201800029467,18,2,23,1510,1,2,1,1.0,6.0,59378,M,5067250.0,309157.0,59
201800029468,18,2,23,1710,1,1,1,1.0,6.0,59648,M,5058429.0,305978.0,59
201800029469,18,1,16,1800,5,2,1,3.0,6.0,59350,M,5060600.0,304600.0,59
201800029470,18,2,25,545,5,2,1,2.0,6.0,59378,M,5066138.0,309538.0,59
201800029471,18,3,7,30,5,2,1,1.0,6.0,59009,M,5063285.0,316621.0,59
201800029472,18,3,24,2035,5,2,3,1.0,3.0,59350,M,5063115.0,307727.0,59
201800029473,18,2,15,1540,1,2,1,1.0,6.0,59350,M,5063898.0,307636.0,59
201800029474,18,3,25,2100,5,2,2,1.0,3.0,59350,M,5062957.0,304883.0,59
201800029475,18,3,26,1550,1,2,2,1.0,1.0,59350,M,5064671.0,300795.0,59
201800029476,18,3,7,1800,1,2,1,1.0,6.0,59350,M,5063456.0,303025.0,59
201800029477,18,4,13,610,2,2,2,8.0,3.0,59350,M,5062709.0,303911.0,59
201800029478,18,4,13,1615,1,1,9,1.0,7.0,59009,M,5065049.0,317067.0,59
201800029479,18,4,7,1100,1,2,9,1.0,3.0,59009,M,5064372.0,314335.0,59
201800029480,18,4,3,825,2,2,1,1.0,6.0,59566,M,5062404.0,298789.0,59
201800029481,18,4,12,845,1,2,1,1.0,6.0,59350,M,5061770.0,304530.0,59
201800029482,18,4,11,2105,5,2,9,1.0,3.0,59350,M,5062187.0,304576.0,59
201800029483,18,4,18,1050,1,2,9,1.0,3.0,59009,M,5061559.0,312819.0,59
201800029484,18,4,22,725,2,2,1,1.0,7.0,59470,M,5065194.0,295055.0,59
201800029485,18,4,26,2245,5,2,2,1.0,3.0,59316,M,5056191.0,300323.0,59
201800029486,18,4,26,2140,2,2,2,1.0,3.0,59009,M,5061624.0,313531.0,59
201800029487,18,4,13,1715,1,2,1,1.0,6.0,59378,M,5066397.0,310338.0,59
201800029488,18,4,25,1135,1,2,1,1.0,6.0,59368,M,,,59
201800029489,18,3,31,1845,1,2,3,1.0,6.0,59350,M,5060346.0,305091.0,59
201800029490,18,4,8,2130,5,2,3,1.0,3.0,59350,M,5064527.0,305083.0,59
201800029491,18,5,1,1830,1,2,3,1.0,6.0,59328,M,5064138.0,301805.0,59
201800029492,18,5,3,1455,1,2,1,1.0,6.0,59350,M,5060536.0,305573.0,59
201800029493,18,5,4,1840,1,2,3,1.0,6.0,59410,M,5064779.0,311437.0,59
201800029494,18,5,5,330,5,2,9,1.0,3.0,59350,M,5063000.0,305000.0,59
201800029495,18,5,9,1740,1,2,2,1.0,3.0,59378,M,5066667.0,308330.0,59
201800029496,18,5,5,1500,1,2,1,1.0,2.0,59350,M,5060469.0,307171.0,59
201800029497,18,5,2,800,1,2,1,1.0,7.0,59470,M,5065720.0,295810.0,59
201800029498,18,5,7,1735,1,1,1,1.0,6.0,59009,M,5064877.0,314967.0,59
201800029499,18,5,15,2000,1,2,1,1.0,7.0,59350,M,5063225.0,303715.0,59
201800029500,18,5,17,315,5,2,9,1.0,6.0,59350,M,5063933.0,305391.0,59
201800029501,18,5,14,750,1,2,2,1.0,6.0,59328,M,5064592.0,301782.0,59
201800029502,18,5,18,820,1,2,1,1.0,3.0,59128,M,5064252.0,297157.0,59
201800029503,18,5,17,2044,1,2,3,1.0,3.0,59386,M,5067680.0,308090.0,59
201800029504,18,5,18,1050,1,2,9,1.0,6.0,59009,M,5061586.0,312927.0,59
201800029505,18,4,22,1809,1,2,1,1.0,1.0,59636,M,5069544.0,304221.0,59
201800029506,18,5,20,2030,1,2,2,1.0,3.0,59350,M,5063164.0,306211.0,59
201800029507,18,5,21,1700,1,2,1,1.0,6.0,59350,M,5063674.0,306205.0,59
201800029508,18,5,18,1135,1,2,1,1.0,6.0,59386,M,5066591.0,304398.0,59
201800029509,18,4,24,1800,1,2,1,1.0,6.0,59507,M,5060965.0,307552.0,59
201800029510,18,5,25,2110,1,2,9,1.0,1.0,59636,M,5068840.0,305430.0,59
201800029511,18,5,26,2130,1,2,1,1.0,5.0,59350,M,5060692.0,305890.0,59
201800029512,18,5,27,1430,1,2,1,1.0,6.0,59378,M,5066564.0,308469.0,59
201800029513,18,5,30,50,5,2,2,1.0,3.0,59350,M,5063000.0,309000.0,59
201800029514,18,5,30,2215,5,2,7,1.0,6.0,59350,M,,,59
201800029515,18,5,31,1435,1,2,1,1.0,6.0,59360,M,5061228.0,301470.0,59
201800029516,18,5,31,2035,1,2,2,1.0,3.0,59009,M,5062621.0,313657.0,59
201800029517,18,6,2,1555,1,2,2,1.0,3.0,59193,M,5058312.0,301265.0,59
201800029518,18,6,5,720,1,2,1,8.0,6.0,59328,M,5065379.0,303751.0,59
201800029519,18,6,4,1320,1,2,2,1.0,6.0,59378,M,5065766.0,308374.0,59
201800029520,18,6,6,400,5,2,3,1.0,3.0,59360,M,5061429.0,301097.0,59
201800029521,18,6,6,2215,5,2,9,1.0,1.0,59350,M,5063900.0,300840.0,59
201800029522,18,6,8,1620,1,2,3,1.0,3.0,59286,M,5060000.0,298000.0,59
201800029523,18,6,8,1930,1,2,3,1.0,3.0,59457,M,5066223.0,297967.0,59