Num_Acc,an,mois,jour,hrmn,lum,agg,int,atm,col,com,gps,lat,long,dep
201800029524,18,6,10,2130,1,2,3,1.0,3.0,59350,M,5063374.0,303884.0,59
201800029525,18,6,3,325,5,2,3,1.0,3.0,59350,M,5063736.0,308515.0,59
201800029526,18,6,18,1800,1,2,3,1.0,1.0,59350,M,5034693.0,326843.0,59
201800029527,18,6,20,1840,1,2,3,1.0,3.0,59360,M,5061861.0,301972.0,59
201800029528,18,6,20,2025,1,2,2,7.0,3.0,59009,M,5064077.0,314607.0,59
201800029529,18,6,13,1720,1,2,1,1.0,1.0,59648,M,5057883.0,303377.0,59
201800029530,18,6,22,820,1,2,1,1.0,6.0,59350,M,5062774.0,310752.0,59
201800029531,18,6,22,850,1,1,1,1.0,3.0,59193,M,5060109.0,301035.0,59
201800029532,18,6,22,2310,5,2,4,1.0,3.0,59328,M,5064980.0,304478.0,59
201800029533,18,6,25,1948,1,2,1,1.0,2.0,59350,M,5064512.0,297450.0,59
201800029534,18,6,26,1225,1,2,1,1.0,3.0,59009,M,5060711.0,315015.0,59
201800029535,18,6,26,1930,1,2,2,1.0,3.0,59386,M,5066571.0,304423.0,59
201800029536,18,6,30,1800,1,2,2,1.0,1.0,59350,M,5063450.0,305674.0,59
201800029537,18,6,29,718,1,2,1,1.0,4.0,59350,M,5063933.0,307523.0,59
201800029538,18,7,5,643,1,2,1,1.0,6.0,59350,M,5061762.0,306951.0,59
201800029539,18,6,26,1015,1,2,2,1.0,3.0,59360,M,5061596.0,301019.0,59
201800029540,18,7,6,1315,1,2,3,1.0,6.0,59328,M,5064163.0,301799.0,59
201800029541,18,6,14,1845,1,2,1,1.0,3.0,59220,M,5061087.0,306443.0,59
201800029542,18,7,6,1110,1,2,1,1.0,1.0,59350,M,5063442.0,308164.0,59
201800029543,18,7,7,1525,1,2,2,1.0,3.0,59350,M,5063100.0,305602.0,59
201800029544,18,7,16,2110,1,2,3,1.0,3.0,59350,M,5060410.0,305682.0,59
201800029545,18,6,25,1815,1,2,1,1.0,6.0,59350,M,5062086.0,306804.0,59
201800029546,18,7,18,1500,1,2,6,1.0,6.0,59560,M,5054910.0,305098.0,59
201800029547,18,7,18,1550,1,2,1,1.0,3.0,59368,M,5064831.0,307013.0,59
201800029548,18,7,20,1030,1,2,9,1.0,6.0,59350,M,5061879.0,303351.0,59
201800029549,18,7,21,5,5,2,1,1.0,1.0,59350,M,5063000.0,301000.0,59
201800029550,18,7,20,2310,3,1,6,1.0,2.0,59343,M,5058152.0,309584.0,59
201800029551,18,7,21,2105,1,1,6,1.0,3.0,59009,M,5065000.0,316000.0,59
201800029552,18,6,22,1730,1,2,1,1.0,6.0,59507,M,5059852.0,310231.0,59
201800029553,18,7,24,940,1,2,1,1.0,6.0,59350,M,5062280.0,306252.0,59
201800029554,18,7,25,1800,1,2,1,1.0,5.0,59378,M,5065276.0,308345.0,59
201800029555,18,7,26,745,1,2,1,1.0,1.0,59410,M,5063533.0,310225.0,59
201800029556,18,7,26,832,1,1,1,1.0,7.0,59648,M,5058494.0,306351.0,59
201800029557,18,7,27,1655,1,2,4,1.0,6.0,59286,M,5060536.0,298956.0,59
201800029558,18,7,13,1500,1,2,1,1.0,6.0,59507,M,5060390.0,309457.0,59
201800029559,18,8,2,1720,1,2,1,1.0,6.0,59350,M,5061947.0,306643.0,59
201800029560,18,8,2,1650,1,2,2,1.0,3.0,59350,M,5062270.0,304060.0,59
201800029561,18,8,4,2250,5,2,1,1.0,4.0,59350,M,5062690.0,310962.0,59
201800029562,18,8,6,920,1,2,1,1.0,6.0,59378,M,5067495.0,308748.0,59
201800029563,18,8,6,1015,1,2,3,1.0,3.0,59350,M,5064560.0,307890.0,59
201800029564,18,8,7,2300,5,2,1,2.0,3.0,59350,M,5062735.0,310864.0,59
201800029565,18,8,7,2058,5,2,2,8.0,3.0,59350,M,5063222.0,306833.0,59
201800029566,18,8,19,1535,1,2,1,1.0,2.0,59350,M,5063435.0,304851.0,59
201800029567,18,8,22,2300,5,2,2,1.0,1.0,59410,M,5063333.0,310000.0,59
201800029568,18,7,26,1400,1,2,1,1.0,6.0,59350,M,5060703.0,303447.0,59
201800029569,18,8,25,2118,5,2,1,1.0,3.0,59350,M,5062440.0,309178.0,59
201800029570,18,8,28,2140,5,2,1,1.0,3.0,59648,M,5088727.0,304221.0,59
201800029571,18,8,30,1000,1,2,2,1.0,6.0,59350,M,5063050.0,308531.0,59
201800029572,18,9,1,240,5,2,1,1.0,6.0,59648,M,5058647.0,305186.0,59
201800029573,18,9,1,1755,1,2,3,1.0,1.0,59128,M,5063986.0,297054.0,59
201800029574,18,9,1,2020,5,2,2,1.0,3.0,59009,M,5061538.0,312178.0,59
201800029575,18,8,17,2200,5,2,1,1.0,3.0,59350,M,5063232.0,308725.0,59
201800029576,18,9,4,1555,1,2,1,1.0,6.0,59009,M,5063620.0,313071.0,59
201800029577,18,9,4,230,5,2,1,1.0,6.0,59350,M,5061040.0,303850.0,59
201800029578,18,9,5,1540,1,2,1,1.0,6.0,59009,M,5065103.0,312525.0,59
201800029579,18,9,5,1718,1,2,1,1.0,3.0,59648,M,5059355.0,305096.0,59
201800029580,18,9,7,1810,1,2,1,1.0,6.0,59328,M,5064470.0,303393.0,59
201800029581,18,9,8,1305,1,2,9,1.0,5.0,59350,M,5062616.0,307963.0,59
201800029582,18,9,11,1405,1,2,1,1.0,6.0,59009,M,5060511.0,314920.0,59
201800029583,18,9,15,27,5,2,1,1.0,3.0,59350,M,5061773.0,302760.0,59
201800029584,18,9,16,535,5,2,2,1.0,3.0,59350,M,5062432.0,303515.0,59
201800029585,18,9,16,730,1,2,1,1.0,4.0,59560,M,5052943.0,305356.0,59
201800029586,18,9,20,2025,3,1,1,1.0,5.0,59585,M,5056443.0,305463.0,59
201800029587,18,9,21,1545,1,2,3,1.0,6.0,59507,M,5059147.0,308488.0,59
201800029588,18,9,22,745,1,2,2,1.0,3.0,59350,M,5062676.0,304325.0,59
201800029589,18,9,18,1940,2,2,1,1.0,6.0,59360,M,5061083.0,301302.0,59
201800029590,18,9,24,1710,1,2,9,1.0,3.0,59350,M,5063676.0,306870.0,59
201800029591,18,9,24,1635,1,2,1,1.0,3.0,59350,M,5062595.0,306473.0,59
201800029592,18,9,22,2015,5,2,9,2.0,3.0,59350,M,5063021.0,306469.0,59
201800029593,18,9,27,655,2,2,2,1.0,1.0,59350,M,5063410.0,309559.0,59
201800029594,18,9,16,2235,5,2,1,1.0,2.0,59350,M,5062132.0,305247.0,59
201800029595,18,9,8,1850,1,2,6,1.0,2.0,59566,M,5063748.0,296729.0,59
201800029596,18,9,2,1900,1,2,6,1.0,3.0,59648,M,5058912.0,304857.0,59
201800029597,18,10,3,810,1,2,3,1.0,3.0,59350,M,,,59
201800029598,18,9,21,1325,1,2,6,1.0,1.0,59350,M,5061868.0,304959.0,59
201800029599,18,10,4,1635,1,2,1,1.0,3.0,59410,M,5063436.0,310774.0,59
201800029600,18,7,21,1130,1,2,9,1.0,6.0,59350,M,5063684.0,308698.0,59
201800029601,18,9,14,1700,1,2,3,1.0,3.0,59457,M,5066970.0,297159.0,59
201800029602,18,10,10,1150,1,2,1,1.0,6.0,59378,M,5066779.0,308031.0,59
201800029603,18,10,10,1805,1,2,9,1.0,6.0,59286,M,5061066.0,298344.0,59
201800029604,18,10,13,1720,1,2,9,1.0,5.0,59350,M,5061667.0,306314.0,59
201800029605,18,10,14,1615,1,2,1,1.0,3.0,59560,M,5055508.0,305844.0,59
201800029606,18,10,8,1820,1,2,3,1.0,3.0,59507,M,5059421.0,309677.0,59
201800029607,18,7,20,1240,1,2,1,1.0,2.0,59507,M,5058719.0,308814.0,59
201800029608,18,10,1,1750,1,2,2,1.0,3.0,59350,M,5063054.0,308529.0,59
201800029609,18,10,19,2310,5,2,1,1.0,6.0,59343,M,5034000.0,307000.0,59
201800029610,18,9,24,1700,1,2,1,1.0,3.0,59350,M,,,59
201800029611,18,10,21,425,5,2,1,1.0,6.0,59350,M,5000000.0,300000.0,59
201800029612,18,10,10,1200,1,2,3,1.0,2.0,59410,M,5064256.0,309365.0,59
201800029613,18,9,7,1705,1,2,1,1.0,6.0,59560,M,5054908.0,302929.0,59
201800029614,18,10,23,1630,1,2,1,1.0,6.0,59220,M,5061214.0,306250.0,59
201800029615,18,10,24,1740,1,2,1,1.0,3.0,59350,M,5062389.0,308035.0,59
201800029616,18,9,28,1800,1,2,1,1.0,3.0,59350,M,5065044.0,298399.0,59
201800029617,18,10,28,900,1,2,2,1.0,1.0,59386,M,5067356.0,305534.0,59
201800029618,18,10,31,1840,5,2,1,2.0,6.0,59009,M,5060958.0,315281.0,59
201800029619,18,11,2,2100,5,2,2,1.0,3.0,59378,M,5067658.0,311112.0,59
201800029620,18,11,4,116,5,2,2,1.0,3.0,59350,M,5062459.0,309826.0,59
201800029621,18,11,3,2020,5,2,1,1.0,3.0,59350,M,5062150.0,308741.0,59
201800029622,18,10,30,2017,5,2,1,8.0,1.0,59410,M,5064539.0,310183.0,59
201800029623,18,10,11,1000,1,2,1,1.0,6.0,59350,M,5063680.0,306740.0,59
201800029624,18,8,3,1850,1,2,9,1.0,6.0,59350,M,5063469.0,308860.0,59
201800029625,18,11,10,415,5,2,2,2.0,3.0,59350,M,5063700.0,309742.0,59
201800029626,18,11,11,1225,1,2,2,1.0,6.0,59328,M,5063929.0,303313.0,59
201800029627,18,11,15,825,1,2,3,1.0,3.0,59378,M,5065168.0,309031.0,59
201800029628,18,11,15,1820,2,2,1,1.0,6.0,59360,M,5061597.0,302127.0,59
201800029629,18,10,31,330,3,1,9,2.0,3.0,59356,M,,,59
201800029630,18,11,18,1625,1,1,1,1.0,6.0,59350,M,5062307.0,311969.0,59
201800029631,18,11,9,2230,5,2,1,1.0,3.0,59507,M,5060694.0,307666.0,59
201800029632,18,11,22,200,5,2,3,1.0,6.0,59378,M,5067025.0,310415.0,59
201800029633,18,11,25,1725,5,2,1,1.0,2.0,59220,M,5058028.0,308207.0,59
201800029634,18,11,24,1815,5,2,6,2.0,6.0,59350,M,5064537.0,300094.0,59
201800029635,18,11,6,1420,1,2,1,1.0,6.0,59350,M,5062400.0,306700.0,59
201800029636,18,11,8,1730,2,2,1,1.0,6.0,59220,M,5058921.0,307687.0,59
201800029637,18,11,23,1910,5,2,9,1.0,7.0,59350,M,5062266.0,304482.0,59
201800029638,18,12,9,1200,1,2,2,2.0,6.0,59350,M,5064571.0,298778.0,59
201800029639,18,12,11,1550,1,2,7,8.0,6.0,59350,M,5063480.0,307230.0,59
201800029640,18,11,2,1106,1,2,1,1.0,6.0,59009,M,5061600.0,313190.0,59
201800029641,18,12,15,2010,5,2,1,3.0,3.0,59636,M,5069310.0,305205.0,59
201800029642,18,12,12,1035,1,2,1,1.0,1.0,59360,M,5061087.0,301316.0,59
201800029643,18,11,20,1855,4,2,3,1.0,6.0,59350,M,5061918.0,303240.0,59
201800029644,18,12,17,1750,5,2,9,1.0,3.0,59356,M,5065514.0,299950.0,59
201800029645,18,12,17,2250,5,2,1,1.0,6.0,59378,M,5066488.0,308007.0,59
201800029646,18,12,5,1130,1,2,2,2.0,6.0,59350,M,5064007.0,301555.0,59
201800029647,18,12,11,1300,1,2,1,1.0,6.0,59350,M,5061984.0,306501.0,59
201800029648,18,12,20,1540,1,2,2,2.0,3.0,59350,M,5063051.0,303461.0,59
201800029649,18,12,22,915,2,2,1,8.0,3.0,59350,M,5063588.0,305982.0,59
201800029650,18,12,26,900,1,2,9,1.0,3.0,59009,M,5063705.0,314266.0,59
201800029651,18,12,28,835,1,2,2,8.0,3.0,59350,M,5060790.0,304100.0,59
201800029652,18,3,11,2310,5,2,6,1.0,6.0,59033,M,5020293.0,382278.0,59
201800029653,18,4,27,1950,1,2,1,1.0,3.0,59230,M,5026008.0,400874.0,59
201800029654,18,2,27,1250,1,2,1,1.0,7.0,59392,M,5027111.0,392311.0,59
201800029655,18,5,13,1510,1,2,1,8.0,6.0,59104,M,5028912.0,404316.0,59
201800029656,18,9,8,1350,1,2,1,1.0,3.0,59230,M,5025504.0,398188.0,59
201800029657,18,10,16,2110,5,2,1,1.0,5.0,59225,M,5029573.0,394687.0,59
201800029658,18,12,12,935,1,2,1,7.0,7.0,59392,M,5026820.0,394880.0,59
201800029659,18,12,23,1900,5,2,1,2.0,6.0,59392,M,5028080.0,393246.0,59
201800029660,18,1,9,800,2,1,1,8.0,6.0,59650,M,5069956.0,323095.0,59
201800029661,18,1,12,1930,5,2,3,1.0,3.0,59646,M,5067726.0,313645.0,59
201800029662,18,1,21,1817,4,2,3,2.0,6.0,59512,M,5069234.0,318491.0,59
201800029663,18,1,24,1700,2,2,1,1.0,6.0,59512,M,5069539.0,316598.0,59
201800029664,18,1,25,535,2,2,1,1.0,2.0,59512,M,5070336.0,317166.0,59
201800029665,18,1,27,1900,4,2,3,2.0,3.0,59512,M,5069106.0,319144.0,59
201800029666,18,1,28,2038,5,2,1,1.0,6.0,59339,M,5068100.0,324300.0,59
201800029667,18,2,3,10,5,2,1,1.0,5.0,59650,M,5070978.0,319151.0,59
201800029668,18,2,3,445,5,2,2,2.0,3.0,59646,M,5066383.0,313019.0,59
201800029669,18,2,14,1245,1,2,1,1.0,6.0,59512,M,5069924.0,317360.0,59
201800029670,18,2,16,1330,1,2,1,1.0,6.0,59646,M,5067340.0,312900.0,59
201800029671,18,2,18,300,5,2,2,1.0,3.0,59163,M,5067601.0,314425.0,59
201800029672,18,2,23,1755,1,2,2,1.0,1.0,59512,M,5068315.0,319385.0,59
201800029673,18,3,2,1220,1,2,3,9.0,3.0,59650,M,5071730.0,318140.0,59
201800029674,18,3,14,2105,5,2,3,1.0,3.0,59650,M,5071600.0,317997.0,59
201800029675,18,4,3,1030,1,2,2,2.0,6.0,59512,M,5068790.0,319340.0,59
201800029676,18,4,2,1210,1,2,3,1.0,2.0,59299,M,5066647.0,317995.0,59
201800029677,18,4,6,1820,1,2,3,1.0,3.0,59299,M,5066692.0,318419.0,59
201800029678,18,4,8,650,2,2,2,1.0,3.0,59512,M,5070562.0,317025.0,59
201800029679,18,4,2,1100,1,2,5,1.0,6.0,59339,M,5068363.0,323021.0,59
201800029680,18,4,22,2235,2,2,1,1.0,6.0,59650,M,5070787.0,318646.0,59
201800029681,18,4,23,300,5,2,2,1.0,3.0,59512,M,5068097.0,320490.0,59
201800029682,18,4,23,2245,5,2,6,1.0,1.0,59512,M,5067405.0,318475.0,59
201800029683,18,4,27,1955,1,2,2,1.0,6.0,59512,M,5069821.0,316758.0,59
201800029684,18,5,1,1025,1,2,1,1.0,6.0,59650,M,5070941.0,320666.0,59
201800029685,18,5,11,1200,1,2,1,1.0,6.0,59512,M,5068589.0,317590.0,59
201800029686,18,5,11,1300,1,2,1,1.0,3.0,59512,M,5069277.0,317803.0,59
201800029687,18,5,12,105,5,2,1,1.0,6.0,59299,M,5065511.0,317293.0,59
201800029688,18,5,16,1905,1,1,3,1.0,3.0,59299,M,5066639.0,317987.0,59
201800029689,18,5,27,1500,1,2,2,1.0,3.0,59512,M,5070782.0,318638.0,59
201800029690,18,5,27,1655,1,2,2,1.0,1.0,59512,M,5069361.0,315939.0,59
201800029691,18,5,27,2025,1,2,9,1.0,3.0,59299,M,5066800.0,318520.0,59
201800029692,18,5,28,1900,1,2,2,1.0,6.0,59512,M,5069433.0,318983.0,59
201800029693,18,6,8,1010,1,2,2,1.0,3.0,59163,M,5067370.0,314540.0,59
201800029694,18,6,8,1735,1,2,2,1.0,3.0,59650,M,,,59
201800029695,18,6,11,1550,1,2,1,1.0,6.0,59512,M,5068770.0,317598.0,59
201800029696,18,6,16,835,1,2,2,1.0,3.0,59512,M,5070313.0,317178.0,59
201800029697,18,6,22,1845,1,2,1,1.0,6.0,59512,M,5069423.0,317679.0,59
201800029698,18,6,24,30,3,2,2,1.0,3.0,59512,M,5067900.0,312320.0,59
201800029699,18,6,30,1315,1,2,1,1.0,6.0,59512,M,5069645.0,319658.0,59
201800029700,18,7,1,1700,1,2,2,1.0,3.0,59512,M,5068689.0,319682.0,59
201800029701,18,7,1,1630,1,2,1,1.0,4.0,59650,M,5069697.0,320412.0,59
201800029702,18,7,1,2140,1,2,1,1.0,3.0,59512,M,5067610.0,320148.0,59
201800029703,18,7,1,1745,1,2,1,1.0,6.0,59512,M,5069139.0,315508.0,59
201800029704,18,6,27,1230,1,2,1,1.0,6.0,59512,M,5068703.0,318520.0,59
201800029705,18,7,5,2150,1,2,2,1.0,3.0,59512,M,5069722.0,317785.0,59
201800029706,18,7,6,2200,2,2,1,1.0,1.0,59650,M,5069510.0,321257.0,59
201800029707,18,7,8,2130,1,2,9,1.0,7.0,59646,M,5068286.0,312518.0,59
201800029708,18,7,10,2115,2,2,1,1.0,5.0,59512,M,5069093.0,320175.0,59
201800029709,18,7,12,1740,1,2,2,7.0,5.0,59163,M,5069125.0,315001.0,59
201800029710,18,7,15,735,1,2,1,1.0,6.0,59646,M,,,59
201800029711,18,7,29,1745,1,2,2,1.0,6.0,59512,M,5068688.0,319680.0,59
201800029712,18,7,30,1335,1,2,1,1.0,6.0,59512,M,5067355.0,319296.0,59
201800029713,18,8,2,515,2,1,2,1.0,3.0,59650,M,5071451.0,320254.0,59
201800029714,18,8,10,1120,1,2,1,1.0,6.0,59512,M,5068305.0,319427.0,59
201800029715,18,8,10,2255,5,2,2,2.0,3.0,59512,M,5070089.0,318411.0,59
201800029716,18,8,13,1350,1,2,1,1.0,6.0,59650,M,5071868.0,318903.0,59
201800029717,18,8,21,530,5,2,3,1.0,3.0,59512,M,5070461.0,316666.0,59
201800029718,18,8,23,1955,1,2,1,1.0,6.0,59512,M,5068484.0,318797.0,59
201800029719,18,9,8,2030,5,2,1,1.0,2.0,59512,M,5069445.0,318773.0,59
201800029720,18,9,17,1705,1,2,1,1.0,6.0,59163,M,5067700.0,314861.0,59
201800029721,18,9,19,835,1,2,1,7.0,6.0,59512,M,5069095.0,319498.0,59
201800029722,18,9,20,1750,1,2,1,1.0,6.0,59512,M,5069619.0,373602.0,59
201800029723,18,9,21,1545,1,2,1,1.0,6.0,59512,M,5069290.0,317170.0,59
201800029724,18,9,29,2015,5,2,1,1.0,6.0,59512,M,5067556.0,319471.0,59
201800029725,18,9,30,1430,1,2,2,1.0,1.0,59512,M,5068685.0,319675.0,59
201800029726,18,10,11,1025,1,2,1,6.0,6.0,59512,M,5067893.0,317151.0,59
201800029727,18,10,14,406,5,2,1,1.0,6.0,59650,M,5071927.0,319100.0,59
201800029728,18,10,22,1600,1,2,2,1.0,3.0,59299,M,5066315.0,320138.0,59
201800029729,18,11,6,200,5,2,2,1.0,3.0,59650,M,5071278.0,317774.0,59
201800029730,18,11,8,1625,1,2,1,1.0,2.0,59512,M,5068427.0,317667.0,59
201800029731,18,11,9,1655,2,2,1,1.0,6.0,59512,M,5068273.0,316934.0,59
201800029732,18,11,13,1300,1,2,1,1.0,6.0,59512,M,,,59
201800029733,18,11,13,1400,1,2,9,1.0,3.0,59512,M,,,59
201800029734,18,11,20,1815,5,2,1,2.0,6.0,59650,M,5071447.0,317452.0,59
201800029735,18,11,28,2040,5,2,2,1.0,3.0,59598,M,5065855.0,323999.0,59
201800029736,18,12,9,648,2,2,2,1.0,3.0,59512,M,5069444.0,317245.0,59
201800029737,18,12,10,815,2,2,1,1.0,6.0,59339,M,5068302.0,325094.0,59
201800029738,18,12,21,1050,1,2,2,9.0,3.0,59650,M,5071111.0,319083.0,59
201800029739,18,12,22,1900,5,2,1,1.0,6.0,59512,M,5067440.0,318380.0,59
201800029740,18,12,23,1720,5,2,2,2.0,3.0,59512,M,5067384.0,319306.0,59
201800029741,18,12,23,2100,5,2,2,2.0,6.0,59512,M,5070557.0,317005.0,59
201800029742,18,12,27,945,1,2,5,1.0,6.0,59512,M,5068750.0,317500.0,59
201800029743,18,1,5,1915,3,1,1,1.0,1.0,59526,M,5042055.0,326460.0,59
201800029744,18,4,5,1105,1,2,9,1.0,1.0,59526,M,5027160.0,5000000.0,59
201800029745,18,4,18,1645,1,1,3,7.0,5.0,59284,M,5024000.0,324220.0,59
201800029746,18,5,22,1050,1,1,1,1.0,1.0,59284,M,5041390.0,336358.0,59
201800029747,18,1,15,825,1,2,1,1.0,6.0,59599,M,5072613.0,314161.0,59
201800029748,18,1,27,220,5,2,1,1.0,6.0,59152,M,5076494.0,300817.0,59
201800029749,18,2,2,1440,1,2,1,3.0,6.0,59599,M,5071755.0,316861.0,59
201800029750,18,3,11,1820,1,2,1,1.0,2.0,59599,M,5072281.0,312891.0,59
201800029751,18,2,7,1500,1,2,1,1.0,6.0,59599,M,5072696.0,315560.0,59
201800029752,18,2,19,1640,1,2,2,1.0,3.0,59599,M,5072965.0,314284.0,59
201800029753,18,3,10,1040,1,2,1,1.0,6.0,59599,M,5071445.0,315878.0,59
201800029754,18,3,13,1730,1,2,1,1.0,2.0,59508,M,5075280.0,312882.0,59
201800029755,18,3,18,750,2,2,1,1.0,6.0,59599,M,5073356.0,318094.0,59
201800029756,18,3,30,2230,5,2,2,1.0,3.0,59352,M,5074128.0,308416.0,59
201800029757,18,3,14,630,2,2,1,1.0,3.0,59098,M,5077210.0,307724.0,59
201800029758,18,4,17,1900,1,2,3,1.0,3.0,59599,M,5072693.0,318261.0,59
201800029759,18,4,21,2115,2,2,2,1.0,3.0,59279,M,5078281.0,312608.0,59
201800029760,18,3,31,2045,5,2,3,1.0,3.0,59599,M,5071848.0,315659.0,59
201800029761,18,3,12,1600,1,2,1,2.0,6.0,59599,M,5071450.0,315824.0,59
201800029762,18,4,17,2000,1,2,1,1.0,6.0,59599,M,5069598.0,315258.0,59
201800029763,18,4,26,145,5,2,1,1.0,6.0,59426,M,5075367.0,314353.0,59
201800029764,18,4,10,1315,1,2,1,1.0,6.0,59599,M,5071334.0,315893.0,59
201800029765,18,4,28,1700,1,2,4,1.0,5.0,59279,M,5077978.0,312508.0,59
201800029766,18,5,5,1355,1,2,1,1.0,6.0,59279,M,4984034.0,-196278.0,59
201800029767,18,5,10,1905,1,2,1,1.0,1.0,59599,M,5074097.0,317854.0,59
201800029768,18,5,17,620,1,2,3,1.0,1.0,59599,M,5072778.0,318923.0,59
201800029769,18,5,17,2125,2,2,1,1.0,6.0,59098,M,5077119.0,307832.0,59
201800029770,18,5,24,1750,1,1,9,3.0,3.0,59656,M,5075282.0,305235.0,59
201800029771,18,6,6,245,5,2,1,1.0,2.0,59599,M,5073793.0,316129.0,59
201800029772,18,6,15,1915,1,2,1,1.0,6.0,59599,M,5072368.0,317216.0,59
201800029773,18,6,18,1650,1,2,1,1.0,6.0,59090,M,5070285.0,309059.0,59
201800029774,18,6,16,1130,1,2,2,1.0,6.0,59279,M,5078295.0,312623.0,59
201800029775,18,6,15,1830,1,2,1,1.0,6.0,59599,M,5072821.0,316951.0,59
201800029776,18,7,4,1710,1,2,3,1.0,3.0,59599,M,5074628.0,317685.0,59
201800029777,18,7,6,1510,1,2,1,1.0,1.0,59090,M,5071635.0,313012.0,59
201800029778,18,7,21,1500,1,2,1,1.0,3.0,59599,M,5073659.0,315277.0,59
201800029779,18,7,20,2245,5,2,1,1.0,6.0,59599,M,5074397.0,317276.0,59
201800029780,18,8,8,1100,1,2,1,1.0,6.0,59279,M,5078471.0,312081.0,59
201800029781,18,8,11,2344,5,2,3,1.0,3.0,59599,M,5073449.0,316141.0,59
201800029782,18,8,17,1300,1,2,2,1.0,3.0,59599,M,5072094.0,315811.0,59
201800029783,18,9,15,2225,5,2,2,1.0,6.0,59279,M,5077683.0,313309.0,59
201800029784,18,9,11,1800,1,2,4,1.0,3.0,59508,M,5075087.0,312019.0,59
201800029785,18,9,28,1759,1,2,3,1.0,3.0,59599,M,5073575.0,319350.0,59
201800029786,18,10,1,830,1,2,1,1.0,6.0,59599,M,5073206.0,315544.0,59
201800029787,18,9,27,1810,1,2,1,1.0,2.0,59599,M,5071197.0,315937.0,59
201800029788,18,10,7,2000,5,2,1,1.0,1.0,59599,M,5074199.0,318248.0,59
201800029789,18,11,2,1630,1,2,1,1.0,6.0,59599,M,5072680.0,313509.0,59
201800029790,18,11,16,1945,4,2,3,5.0,6.0,59352,M,5073784.0,308821.0,59
201800029791,18,12,4,1100,1,2,6,1.0,3.0,59090,M,5071972.0,310972.0,59
201800029792,18,12,4,1120,1,2,3,1.0,6.0,59279,M,5078176.0,312202.0,59
201800029793,18,12,8,1110,1,2,2,7.0,6.0,59426,M,5074828.0,315188.0,59
201800029794,18,12,10,1330,1,2,2,1.0,3.0,59599,M,5071110.0,314910.0,59
201800029795,18,12,12,1830,5,2,1,1.0,7.0,59421,M,5071707.0,313973.0,59
201800029796,18,12,12,145,5,1,1,1.0,6.0,59090,M,5071740.0,311230.0,59
201800029797,18,12,15,1200,1,2,1,1.0,2.0,59599,M,5073706.0,317260.0,59
201800029798,18,12,15,1830,5,2,3,4.0,3.0,59599,M,,,59
201800029799,18,12,18,1415,1,2,1,1.0,2.0,59421,M,,,59
201800029800,18,12,18,1420,1,2,1,1.0,6.0,59599,M,5071795.0,317500.0,59
201800029801,18,12,19,820,1,2,1,1.0,6.0,59599,M,5070811.0,315970.0,59
201800029802,18,12,22,1730,5,2,1,8.0,6.0,59508,M,5072812.0,311253.0,59
201800029803,18,12,23,2115,5,2,3,2.0,6.0,59599,M,5072400.0,315000.0,59
201800029804,18,12,26,1420,1,2,1,1.0,1.0,59599,M,5073009.0,318251.0,59
201800029805,18,12,23,1703,5,2,1,1.0,6.0,59599,M,5073203.0,316786.0,59
201800029806,18,12,28,1430,1,2,1,1.0,6.0,59599,M,5073333.0,318333.0,59
201800029807,18,12,29,1945,5,2,9,1.0,5.0,59421,M,5070088.0,313434.0,59
201800029808,18,1,2,2130,3,1,1,9.0,1.0,59613,M,5040707.0,360972.0,59
201800029809,18,12,28,1705,2,2,3,8.0,6.0,59447,M,5038473.0,359364.0,59
201800029810,18,1,3,1805,5,2,3,1.0,3.0,59491,M,5038802.0,348828.0,59
201800029811,18,1,19,1405,1,2,1,1.0,6.0,59484,M,5040023.0,365721.0,59
201800029812,18,1,27,1300,1,2,7,1.0,7.0,59564,M,5035051.0,348370.0,59
201800029813,18,2,2,1945,5,2,1,1.0,6.0,59606,M,5036106.0,351723.0,59
201800029814,18,1,3,1830,5,2,1,1.0,6.0,59544,M,5036918.0,355086.0,59
201800029815,18,1,12,1630,1,2,1,1.0,6.0,59459,M,5036808.0,347238.0,59
201800029816,18,1,11,1245,1,2,6,1.0,1.0,59383,M,5034275.0,355186.0,59
201800029817,18,2,22,1600,1,2,1,1.0,1.0,59479,M,5039083.0,361750.0,59
201800029818,18,3,28,1500,1,2,1,1.0,6.0,59606,M,5036346.0,351828.0,59
201800029819,18,3,20,1635,1,2,1,7.0,6.0,59606,M,5036250.0,353277.0,59
201800029820,18,3,22,1750,1,2,1,1.0,1.0,59207,M,5042027.0,355861.0,59
201800029821,18,2,4,2200,5,2,1,1.0,6.0,59032,M,5032913.0,351134.0,59
201800029822,18,3,11,155,5,2,6,3.0,6.0,59606,M,5036158.0,351765.0,59
201800029823,18,3,12,815,1,2,1,1.0,6.0,59606,M,5036074.0,351381.0,59
201800029824,18,3,12,1345,1,2,9,1.0,6.0,59459,M,5037528.0,347489.0,59
201800029825,18,3,15,2000,2,2,2,1.0,3.0,59606,M,5036869.0,351480.0,59
201800029826,18,3,16,1340,1,2,3,1.0,3.0,59112,M,5040546.0,355015.0,59
201800029827,18,4,9,1740,1,2,1,1.0,6.0,59491,M,5039227.0,347410.0,59
201800029828,18,4,22,1810,1,1,1,1.0,1.0,59160,M,5043731.0,363723.0,59
201800029829,18,4,24,1550,1,2,8,1.0,6.0,59606,M,5035740.0,350712.0,59