Num_Acc,an,mois,jour,hrmn,lum,agg,int,atm,col,com,gps,lat,long,dep
201800029830,18,4,11,1405,1,1,1,1.0,7.0,59603,M,5031859.0,348126.0,59
201800029831,18,3,6,1900,2,2,1,1.0,6.0,59606,M,5034873.0,351878.0,59
201800029832,18,3,5,500,5,2,1,1.0,3.0,59515,M,5033566.0,343965.0,59
201800029833,18,3,27,1725,1,2,1,1.0,6.0,59606,M,5035960.0,351309.0,59
201800029834,18,7,9,220,5,2,1,1.0,6.0,59606,M,5036047.0,353708.0,59
201800029835,18,7,9,2000,1,2,2,1.0,6.0,59479,M,5039154.0,362018.0,59
201800029836,18,3,6,1140,1,2,1,1.0,6.0,59014,M,5036885.0,350033.0,59
201800029837,18,6,2,1400,1,2,1,1.0,3.0,59160,M,5040363.0,366616.0,59
201800029838,18,6,3,1150,1,2,3,1.0,3.0,59606,M,5034264.0,352591.0,59
201800029839,18,7,1,1520,1,2,1,1.0,6.0,59112,M,5039902.0,353804.0,59
201800029840,18,8,12,1630,1,2,1,1.0,3.0,59160,M,5041161.0,366307.0,59
201800029841,18,8,14,2230,5,2,3,1.0,1.0,59515,M,5032806.0,344359.0,59
201800029842,18,8,7,1630,1,2,2,1.0,6.0,59564,M,5035235.0,348244.0,59
201800029843,18,8,6,1715,1,2,6,1.0,3.0,59515,M,5033084.0,344882.0,59
201800029844,18,9,17,1325,1,2,1,1.0,6.0,59603,M,5033075.0,348236.0,59
201800029845,18,9,19,1117,1,2,2,1.0,6.0,59606,M,5035235.0,353619.0,59
201800029846,18,9,22,2200,5,2,1,3.0,6.0,59515,M,5033111.0,343694.0,59
201800029847,18,9,11,1500,1,2,1,1.0,6.0,59383,M,5035111.0,354081.0,59
201800029848,18,8,14,1100,1,2,6,1.0,3.0,59606,M,5035925.0,352780.0,59
201800029849,18,9,24,1750,1,2,2,1.0,3.0,59459,M,5037111.0,347888.0,59
201800029850,18,9,1,1250,1,2,1,1.0,2.0,59014,M,5036928.0,349614.0,59
201800029851,18,9,10,1630,1,2,1,1.0,6.0,59606,M,5036796.0,351637.0,59
201800029852,18,8,28,1400,1,1,1,1.0,3.0,59383,M,5035058.0,356973.0,59
201800029853,18,9,13,1805,1,2,1,1.0,6.0,59484,M,5039216.0,366465.0,59
201800029854,18,9,17,2030,4,2,1,1.0,6.0,59606,M,5035905.0,347989.0,59
201800029855,18,9,21,1800,1,2,6,1.0,2.0,59606,M,5035392.0,350457.0,59
201800029856,18,9,21,1235,1,2,6,1.0,3.0,59606,M,5035925.0,351296.0,59
201800029857,18,10,11,1330,1,2,2,1.0,2.0,59014,M,5036690.0,351055.0,59
201800029858,18,10,12,1055,1,2,2,1.0,3.0,59606,M,5036690.0,351079.0,59
201800029859,18,10,11,1245,1,2,1,1.0,3.0,59383,M,,,59
201800029860,18,10,12,1300,1,2,1,1.0,6.0,59544,M,5037096.0,355641.0,59
201800029861,18,10,6,1130,1,2,7,1.0,6.0,59606,M,5036000.0,252308.0,59
201800029862,18,10,19,1515,1,2,1,1.0,6.0,59606,M,5036798.0,353081.0,59
201800029863,18,10,17,1605,1,2,1,1.0,6.0,59160,M,5040556.0,366535.0,59
201800029864,18,4,13,1855,2,2,1,1.0,6.0,59606,M,5036295.0,351930.0,59
201800029865,18,11,20,1450,1,2,1,1.0,3.0,59606,M,5035666.0,350473.0,59
201800029866,18,10,17,745,2,2,1,1.0,6.0,59606,M,5035955.0,351310.0,59
201800029867,18,12,1,555,5,2,7,1.0,6.0,59606,M,5035782.0,351671.0,59
201800029868,18,12,3,1745,5,1,2,8.0,3.0,59369,M,5031580.0,348418.0,59
201800029869,18,9,30,1430,1,2,9,1.0,3.0,59606,M,5036675.0,353232.0,59
201800029870,18,12,3,1225,1,2,6,1.0,3.0,59603,M,5033519.0,348106.0,59
201800029871,18,12,5,1730,1,2,6,8.0,2.0,59606,M,5035658.0,349305.0,59
201800029872,18,11,17,545,5,2,1,1.0,6.0,59606,M,5036204.0,351435.0,59
201800029873,18,11,9,1500,1,2,2,1.0,3.0,59603,M,5033309.0,350796.0,59
201800029874,18,11,3,1500,1,2,1,1.0,6.0,59207,M,5042428.0,356146.0,59
201800029875,18,3,2,1630,1,1,1,4.0,1.0,68188,M,4793461.0,708646.0,68
201800029876,18,3,4,42,3,2,1,4.0,6.0,68274,M,4790342.0,715389.0,68
201800029877,18,3,27,705,2,2,2,1.0,3.0,68112,M,4790213.0,722300.0,68
201800029878,18,4,17,2125,5,2,1,1.0,1.0,68029,M,4791723.0,724838.0,68
201800029879,18,4,27,1900,1,2,3,1.0,6.0,68112,M,4790614.0,722942.0,68
201800029880,18,7,1,1656,1,2,3,1.0,6.0,68112,M,4791483.0,720871.0,68
201800029881,18,7,15,1132,1,1,3,1.0,1.0,68177,M,4795139.0,719035.0,68
201800029882,18,10,11,1020,1,2,2,2.0,2.0,68112,M,4790436.0,722195.0,68
201800029883,18,10,12,1115,1,2,2,1.0,3.0,68112,M,4790313.0,721597.0,68
201800029884,18,10,13,1920,3,1,1,1.0,6.0,68188,M,4793652.0,704766.0,68
201800029885,18,10,22,955,1,2,1,1.0,6.0,68112,M,4791698.0,720488.0,68
201800029886,18,10,23,955,1,2,3,1.0,3.0,68112,M,4790258.0,721649.0,68
201800029887,18,11,15,1600,1,2,3,1.0,3.0,68112,M,4790262.0,722851.0,68
201800029888,18,12,22,1600,1,2,3,2.0,6.0,68276,M,4789855.0,717455.0,68
201800029889,18,12,30,755,2,1,1,1.0,6.0,68177,M,4793959.0,716008.0,68
201800029890,18,2,6,1810,5,2,2,1.0,3.0,68043,M,4786341.0,725685.0,68
201800029891,18,4,7,1235,1,1,4,1.0,3.0,68156,M,4791036.0,726422.0,68
201800029892,18,5,27,1400,1,1,4,1.0,3.0,68106,M,4788652.0,712282.0,68
201800029893,18,5,27,1145,1,1,3,1.0,3.0,68043,M,4785569.0,723726.0,68
201800029894,18,6,16,1830,1,1,1,1.0,7.0,68381,M,4787306.0,716862.0,68
201800029895,18,6,23,2355,5,2,1,1.0,7.0,68156,M,4790559.0,723869.0,68
201800029896,18,6,27,810,1,1,1,1.0,4.0,68260,M,4788109.0,726949.0,68
201800029897,18,6,29,2200,5,2,4,1.0,7.0,68043,M,4785247.0,726006.0,68
201800029898,18,7,16,1640,1,2,3,1.0,3.0,68156,M,4790217.0,723889.0,68
201800029899,18,8,13,2230,5,1,1,1.0,6.0,68315,M,4787922.0,714840.0,68
201800029900,18,9,16,1115,1,2,2,7.0,2.0,68343,M,4787696.0,731098.0,68
201800029901,18,9,24,1445,1,1,1,1.0,7.0,68156,M,4790412.0,726016.0,68
201800029902,18,10,16,1205,1,1,1,1.0,1.0,68315,M,4788793.0,725567.0,68
201800029903,18,10,18,1210,1,2,9,1.0,5.0,68315,M,4789242.0,722624.0,68
201800029904,18,10,26,1630,1,1,1,1.0,3.0,68260,M,4788310.0,726069.0,68
201800029905,18,10,27,1655,1,2,3,8.0,2.0,68156,M,4790578.0,723868.0,68
201800029906,18,11,12,1822,3,1,3,1.0,1.0,68260,M,4788694.0,727884.0,68
201800029907,18,11,29,145,3,1,1,1.0,6.0,68156,M,4789547.0,723998.0,68
201800029908,18,12,27,1230,1,1,1,4.0,7.0,68315,M,4787698.0,712983.0,68
201800029909,18,3,14,1520,1,1,1,1.0,1.0,43188,M,4514520.0,355296.0,43
201800029910,18,4,24,1710,1,1,2,1.0,3.0,43188,M,4517840.0,351843.0,43
201800029911,18,7,17,1220,1,1,1,1.0,1.0,43262,M,,,43
201800029912,18,8,14,10,5,2,1,3.0,6.0,43072,M,4522880.0,347530.0,43
201800029913,18,11,6,822,1,1,1,3.0,1.0,43188,M,4516780.0,352884.0,43
201800029914,18,11,23,1400,1,1,3,2.0,3.0,43079,M,4519490.0,350724.0,43
201800029915,18,11,30,2145,3,1,1,2.0,6.0,43147,M,4530000.0,335749.0,43
201800029916,18,2,4,1130,1,1,1,1.0,6.0,43073,M,4533720.0,364676.0,43
201800029917,18,4,28,1430,1,1,1,1.0,6.0,43128,M,4535050.0,373932.0,43
201800029918,18,6,9,1105,1,2,3,1.0,2.0,43080,M,4533370.0,385108.0,43
201800029919,18,6,9,1140,1,2,1,1.0,3.0,43003,M,,,43
201800029920,18,8,3,1700,1,1,1,1.0,6.0,43048,M,4531300.0,369809.0,43
201800029921,18,9,25,1535,1,2,1,1.0,3.0,43003,M,4519999.0,371277.0,43
201800029922,18,1,12,1835,5,2,1,1.0,1.0,41194,M,4735479.0,174207.0,41
201800029923,18,1,22,705,5,2,1,2.0,3.0,41194,M,4736553.0,172572.0,41
201800029924,18,3,9,730,1,2,2,1.0,3.0,41194,M,4735279.0,174975.0,41
201800029925,18,4,3,1400,1,2,1,1.0,2.0,41194,M,4735313.0,174430.0,41
201800029926,18,4,5,2320,5,2,9,1.0,1.0,41194,M,4736416.0,172470.0,41
201800029927,18,4,14,1000,1,2,1,8.0,7.0,41194,M,4734939.0,175605.0,41
201800029928,18,6,4,1800,1,2,1,8.0,2.0,41194,M,4735078.0,173935.0,41
201800029929,18,6,28,1900,1,2,2,1.0,5.0,41194,M,4734701.0,175110.0,41
201800029930,18,7,27,1830,1,2,3,8.0,3.0,41194,M,4737284.0,174949.0,41
201800029931,18,8,5,1645,1,2,2,1.0,3.0,41242,M,4727575.0,155176.0,41
201800029932,18,8,10,1630,1,2,1,1.0,2.0,41194,M,4735360.0,174184.0,41
201800029933,18,9,26,850,1,1,1,1.0,1.0,41282,M,4736881.0,183021.0,41
201800029934,18,10,17,1740,1,2,1,1.0,7.0,41194,M,4737506.0,176004.0,41
201800029935,18,10,29,1235,1,1,1,2.0,5.0,41194,M,4735652.0,171854.0,41
201800029936,18,11,4,1045,1,2,1,1.0,6.0,41194,M,4735973.0,174712.0,41
201800029937,18,11,9,1600,1,2,1,1.0,3.0,41194,M,4735068.0,174588.0,41
201800029938,18,1,5,2020,3,1,1,1.0,1.0,41148,M,4765125.0,145360.0,41
201800029939,18,1,23,1345,1,1,1,1.0,1.0,41067,M,4748716.0,148576.0,41
201800029940,18,2,14,635,3,1,1,4.0,7.0,41067,M,4751599.0,146701.0,41
201800029941,18,7,5,1715,1,2,9,1.0,6.0,41204,M,4761562.0,141496.0,41
201800029942,18,11,4,1445,1,2,9,1.0,6.0,41104,M,4759395.0,146209.0,41
201800029943,18,12,23,2150,3,1,1,1.0,6.0,41086,M,4752466.0,154161.0,41
201800029944,18,1,22,2150,5,2,3,1.0,3.0,60057,M,4941960.0,211460.0,60
201800029945,18,2,3,1715,1,2,1,1.0,6.0,60057,M,4941247.0,211460.0,60
201800029946,18,2,6,1915,2,2,1,2.0,6.0,60057,M,4944339.0,209219.0,60
201800029947,18,2,10,2230,5,2,2,2.0,3.0,60057,M,4943829.0,207672.0,60
201800029948,18,2,10,2120,3,2,1,2.0,1.0,60057,M,4943607.0,211573.0,60
201800029949,18,3,5,2015,5,2,1,1.0,6.0,60057,M,4942749.0,208341.0,60
201800029950,18,3,16,645,3,1,1,2.0,6.0,60646,M,4945952.0,206510.0,60
201800029951,18,3,17,1,3,1,2,2.0,3.0,60057,M,4943390.0,205197.0,60
201800029952,18,4,6,830,1,2,2,1.0,3.0,60057,M,4941619.0,209934.0,60
201800029953,18,4,6,1300,1,2,2,1.0,6.0,60057,M,4941382.0,209335.0,60
201800029954,18,4,17,1745,1,2,1,1.0,1.0,60057,M,4941145.0,211584.0,60
201800029955,18,4,18,815,1,2,1,1.0,6.0,60057,M,4943210.0,208703.0,60
201800029956,18,4,20,1345,1,2,6,1.0,2.0,60057,M,4944344.0,210117.0,60
201800029957,18,5,14,1150,1,2,1,1.0,6.0,60057,M,4941676.0,207796.0,60
201800029958,18,5,26,1750,2,2,2,1.0,3.0,60057,M,4942848.0,205649.0,60
201800029959,18,6,18,745,1,1,1,1.0,3.0,60057,M,4945461.0,209528.0,60
201800029960,18,6,23,2305,5,2,3,1.0,1.0,60057,M,4943116.0,207762.0,60
201800029961,18,6,29,1740,1,2,3,1.0,6.0,60057,M,4941076.0,211370.0,60
201800029962,18,7,10,1445,1,2,1,1.0,2.0,60057,M,4943668.0,209939.0,60
201800029963,18,7,17,1550,1,2,1,1.0,3.0,60057,M,4943325.0,208164.0,60
201800029964,18,7,25,1250,1,2,1,1.0,6.0,60057,M,4943434.0,207070.0,60
201800029965,18,7,27,1125,1,2,1,1.0,4.0,60057,M,4942403.0,211517.0,60
201800029966,18,7,28,2115,2,2,2,1.0,1.0,60057,M,4943795.0,209910.0,60
201800029967,18,9,1,1933,2,2,1,1.0,2.0,60057,M,4942883.0,208953.0,60
201800029968,18,9,5,1745,1,2,1,8.0,6.0,60057,M,4941294.0,210593.0,60
201800029969,18,9,8,2030,5,2,2,1.0,3.0,60057,M,4945306.0,207450.0,60
201800029970,18,9,28,1725,1,2,1,1.0,3.0,60057,M,4941155.0,211781.0,60
201800029971,18,9,28,1610,2,2,1,1.0,6.0,60057,M,4943548.0,207809.0,60
201800029972,18,10,1,1610,2,2,1,1.0,6.0,60057,M,4943397.0,210148.0,60
201800029973,18,10,4,1840,1,2,1,1.0,6.0,60057,M,4942616.0,208514.0,60
201800029974,18,10,9,1225,1,2,2,1.0,3.0,60057,M,4944699.0,208503.0,60
201800029975,18,10,17,1200,1,2,3,1.0,6.0,60057,M,4946864.0,207684.0,60
201800029976,18,10,16,1652,1,2,1,1.0,3.0,60057,M,4941427.0,206687.0,60
201800029977,18,10,18,1630,1,2,1,1.0,6.0,60057,M,4943706.0,208425.0,60
201800029978,18,10,26,2000,3,2,3,2.0,3.0,60057,M,4944026.0,210350.0,60
201800029979,18,12,1,230,3,1,1,1.0,6.0,60057,M,4943600.0,205793.0,60
201800029980,18,12,6,1245,1,2,1,1.0,3.0,60057,M,4943425.0,206321.0,60
201800029981,18,12,10,720,2,1,1,2.0,3.0,60057,M,4943782.0,206950.0,60
201800029982,18,12,17,1745,1,2,3,1.0,4.0,60057,M,4942453.0,210433.0,60
201800029983,18,12,19,820,1,2,1,2.0,2.0,60057,M,4942129.0,211494.0,60
201800029984,18,12,21,905,1,1,1,2.0,6.0,60057,M,4945398.0,209626.0,60
201800029985,18,2,15,1240,1,2,6,2.0,3.0,22190,M,4852781.0,-209237.0,22
201800029986,18,2,23,1900,5,1,2,1.0,3.0,22097,M,4843008.0,-217848.0,22
201800029987,18,3,30,1855,1,2,3,1.0,5.0,22190,M,4853295.0,-205731.0,22
201800029988,18,4,22,1600,1,1,2,1.0,3.0,22180,M,4844234.0,-223107.0,22
201800029989,18,5,6,1125,1,2,6,1.0,3.0,22172,M,4852255.0,-223214.0,22
201800029990,18,6,1,2204,2,1,1,1.0,7.0,22357,M,4857651.0,-217023.0,22
201800029991,18,6,9,1545,1,1,1,1.0,6.0,22190,M,4853319.0,-209622.0,22
201800029992,18,6,27,1820,1,2,2,7.0,3.0,22094,M,4859939.0,-213604.0,22
201800029993,18,6,30,2025,2,1,2,1.0,3.0,22209,M,4857650.0,-216006.0,22
201800029994,18,7,21,1326,1,1,3,1.0,2.0,22357,M,4856568.0,-219493.0,22
201800029995,18,7,29,1930,1,1,1,2.0,1.0,22190,M,4852862.0,-209256.0,22
201800029996,18,8,6,1815,1,2,9,1.0,6.0,22302,M,4859331.0,-218480.0,22
201800029997,18,8,23,1910,1,1,2,1.0,7.0,22049,M,4854023.0,-218753.0,22
201800029998,18,8,28,2010,1,2,2,1.0,1.0,22190,M,4852845.0,-205033.0,22
201800029999,18,8,31,1610,1,1,6,1.0,6.0,22190,M,4852178.0,-204137.0,22
201800030000,18,9,8,1530,1,2,1,1.0,1.0,22209,M,4857621.0,-215734.0,22
201800030001,18,9,16,1512,1,1,1,1.0,7.0,22172,M,4850923.0,-221271.0,22
201800030002,18,9,17,2010,1,1,1,1.0,2.0,22048,M,4846860.0,-212916.0,22
201800030003,18,11,11,1230,1,1,1,1.0,6.0,22049,M,4854866.0,-219484.0,22
201800030004,18,11,16,2040,3,2,1,5.0,6.0,22237,M,4852609.0,-224933.0,22
201800030005,18,1,14,710,3,1,1,1.0,6.0,22356,M,4858082.0,-287369.0,22
201800030006,18,4,11,735,1,1,1,1.0,1.0,22356,M,4855427.0,-286908.0,22
201800030007,18,4,21,1615,1,1,6,1.0,2.0,22121,M,4863316.0,-297680.0,22
201800030008,18,4,29,130,3,1,1,1.0,1.0,22182,M,4854403.0,-293443.0,22
201800030009,18,5,23,1700,1,1,3,1.0,3.0,22372,M,4853368.0,-285264.0,22
201800030010,18,7,5,1340,1,1,2,1.0,3.0,22356,M,4855856.0,-288820.0,22
201800030011,18,7,20,1750,1,1,1,7.0,5.0,22356,M,4855774.0,-288186.0,22
201800030012,18,7,28,1712,1,1,1,1.0,5.0,22112,M,4865042.0,-303426.0,22
201800030013,18,7,28,1740,1,1,1,,1.0,22121,M,4862061.0,-300007.0,22
201800030014,18,7,29,1200,1,2,1,2.0,6.0,22370,M,4867815.0,-304036.0,22
201800030015,18,8,25,1500,1,1,1,1.0,7.0,22234,M,4850975.0,-289434.0,22
201800030016,18,8,28,1715,1,1,1,1.0,1.0,22065,M,4861978.0,-299782.0,22
201800030017,18,12,20,1230,1,1,3,1.0,3.0,22116,M,4853636.0,-304489.0,22
201800030018,18,1,10,825,5,2,1,1.0,6.0,60159,M,4942268.0,282087.0,60
201800030019,18,1,14,555,5,2,1,1.0,7.0,60159,M,4939604.0,279322.0,60
201800030020,18,1,18,1855,5,2,1,1.0,6.0,60665,M,4940828.0,278275.0,60
201800030021,18,1,24,950,1,2,1,8.0,7.0,60159,M,4941416.0,289929.0,60
201800030022,18,2,16,2150,3,1,1,1.0,6.0,60159,M,4939992.0,278604.0,60
201800030023,18,2,23,1635,1,2,3,1.0,3.0,60382,M,4942726.0,283088.0,60
201800030024,18,3,13,1740,1,2,1,1.0,6.0,60159,M,4942024.0,282515.0,60
201800030025,18,4,7,1540,1,1,1,1.0,3.0,60382,M,4942539.0,280106.0,60
201800030026,18,4,21,1550,1,2,3,1.0,3.0,60159,M,4942179.0,284535.0,60
201800030027,18,4,26,1205,1,2,2,1.0,3.0,60159,M,4939470.0,280345.0,60
201800030028,18,5,24,2005,1,2,1,1.0,6.0,60159,M,4941844.0,282499.0,60
201800030029,18,5,26,1100,1,2,6,1.0,7.0,60159,M,4939434.0,279228.0,60
201800030030,18,6,7,915,1,2,1,1.0,6.0,60159,M,4940721.0,280994.0,60
201800030031,18,6,21,1110,1,2,1,1.0,6.0,60159,M,4942251.0,283009.0,60
201800030032,18,6,27,1735,1,2,1,1.0,2.0,60159,M,4942213.0,284610.0,60
201800030033,18,6,29,250,5,2,6,1.0,7.0,60159,M,4940161.0,279715.0,60
201800030034,18,7,6,1420,1,2,1,1.0,6.0,60159,M,4940692.0,281005.0,60
201800030035,18,7,7,1905,1,2,2,1.0,3.0,60159,M,4940719.0,280566.0,60
201800030036,18,8,1,1515,1,1,3,1.0,1.0,60665,M,4942259.0,279957.0,60
201800030037,18,8,20,2225,5,2,2,1.0,3.0,60159,M,4941601.0,282734.0,60
201800030038,18,9,7,1655,1,2,1,1.0,6.0,60382,M,4942408.0,282556.0,60
201800030039,18,9,20,2010,1,1,6,1.0,3.0,60159,M,4939433.0,279199.0,60
201800030040,18,9,30,230,5,1,1,1.0,1.0,60159,M,4941402.0,292049.0,60
201800030041,18,9,29,1655,1,2,1,7.0,6.0,60159,M,4942255.0,283005.0,60
201800030042,18,10,2,1550,1,2,1,8.0,6.0,60159,M,4940749.0,281341.0,60
201800030043,18,10,5,1620,1,2,1,1.0,6.0,60159,M,4940970.0,280125.0,60
201800030044,18,10,8,710,2,1,1,1.0,2.0,60382,M,4943268.0,281299.0,60
201800030045,18,10,11,640,5,2,4,1.0,6.0,60159,M,4942129.0,282234.0,60
201800030046,18,10,29,1815,2,2,1,1.0,6.0,60159,M,4941945.0,282398.0,60
201800030047,18,11,13,1325,1,2,1,8.0,1.0,60665,M,4941028.0,279532.0,60
201800030048,18,11,16,1610,1,1,1,1.0,3.0,60159,M,4939199.0,279634.0,60
201800030049,18,11,23,945,1,2,1,7.0,6.0,60159,M,4941688.0,283185.0,60
201800030050,18,12,1,730,5,2,1,1.0,6.0,60159,M,4941683.0,282257.0,60
201800030051,18,12,4,1710,1,2,1,1.0,6.0,60382,M,4942274.0,282315.0,60
201800030052,18,12,15,1800,5,2,1,2.0,6.0,60159,M,4939711.0,279543.0,60
201800030053,18,12,17,1855,5,1,1,1.0,4.0,60159,M,4942195.0,279687.0,60
201800030054,18,12,21,1945,5,1,2,1.0,1.0,60665,M,4942262.0,279951.0,60
201800030055,18,1,31,2350,5,2,2,9.0,1.0,60175,M,4925641.0,248731.0,60
201800030056,18,2,4,2240,3,1,1,1.0,1.0,60414,M,4924129.0,250498.0,60
201800030057,18,3,4,440,3,1,1,9.0,2.0,60175,M,4925034.0,249655.0,60
201800030058,18,3,22,1950,2,2,2,1.0,3.0,60463,M,4928370.0,246489.0,60
201800030059,18,4,13,40,3,1,9,2.0,6.0,60175,M,4924416.0,250684.0,60
201800030060,18,4,19,805,1,2,3,1.0,3.0,60684,M,4928693.0,248056.0,60
201800030061,18,4,23,2145,5,2,1,1.0,7.0,60463,M,4927045.0,248670.0,60
201800030062,18,6,16,1150,1,2,1,1.0,6.0,60463,M,4926964.0,247667.0,60
201800030063,18,7,17,1950,1,2,3,1.0,3.0,60175,M,4924892.0,246519.0,60
201800030064,18,7,18,845,1,1,1,1.0,2.0,60463,M,4927709.0,248461.0,60
201800030065,18,8,20,2310,5,2,9,1.0,6.0,60175,M,4926120.0,247664.0,60
201800030066,18,9,8,640,3,2,9,1.0,3.0,60175,M,4924639.0,247086.0,60
201800030067,18,9,9,1645,1,1,1,1.0,2.0,60175,M,4925585.0,249217.0,60
201800030068,18,9,28,1725,1,2,3,1.0,3.0,60463,M,4927757.0,246264.0,60
201800030069,18,11,7,1320,1,2,1,1.0,6.0,60463,M,4926605.0,246233.0,60
201800030070,18,11,12,820,1,1,1,3.0,3.0,60414,M,4925075.0,245773.0,60
201800030071,18,11,13,1600,1,2,1,1.0,6.0,60175,M,4926123.0,246828.0,60
201800030072,18,11,17,1630,1,2,1,1.0,6.0,60175,M,4925456.0,248330.0,60
201800030073,18,11,22,1200,1,2,3,1.0,6.0,60175,M,4925900.0,247700.0,60
201800030074,18,11,28,740,5,2,9,2.0,6.0,60463,M,4927396.0,246460.0,60
201800030075,18,12,3,1705,2,2,1,2.0,6.0,60463,M,4927169.0,246942.0,60
201800030076,18,12,19,1830,2,2,9,2.0,6.0,60463,M,4927135.0,248420.0,60
201800030077,18,12,21,1430,1,2,1,1.0,6.0,60414,M,4926240.0,243628.0,60
201800030078,18,4,15,1140,1,2,2,1.0,3.0,84088,M,4401973.0,506869.0,84
201800030079,18,5,15,1400,1,2,3,1.0,3.0,84043,M,4400539.0,492325.0,84
201800030080,18,5,16,1440,1,1,1,1.0,1.0,84088,M,4400149.0,506028.0,84
201800030081,18,6,30,200,3,2,1,1.0,6.0,84142,M,4396794.0,497942.0,84
201800030082,18,7,8,5,3,1,1,1.0,7.0,84088,M,4400771.0,502312.0,84
201800030083,18,7,28,1300,1,1,2,1.0,5.0,84088,M,4398534.0,504452.0,84
201800030084,18,8,11,130,3,1,1,1.0,7.0,84043,M,4399451.0,493082.0,84
201800030085,18,10,18,1340,1,2,6,1.0,3.0,84088,M,4399731.0,506208.0,84
201800030086,18,12,7,1010,1,1,2,7.0,3.0,84142,M,4394726.0,502774.0,84
201800030087,18,3,10,1915,3,1,1,1.0,1.0,71087,M,4655267.0,471577.0,71
201800030088,18,8,26,1830,1,1,1,1.0,7.0,71498,M,4661856.0,468178.0,71
201800030089,18,4,11,1030,1,1,1,1.0,6.0,91414,M,4834753.0,203734.0,91
201800030090,18,4,11,755,1,1,1,1.0,1.0,91390,M,4832822.0,211342.0,91
201800030091,18,6,3,1625,1,1,1,1.0,7.0,91016,M,4832433.0,199455.0,91
201800030092,18,7,10,1515,1,1,1,1.0,6.0,91016,M,4830094.0,199164.0,91
201800030093,18,7,14,2335,3,1,1,3.0,6.0,91016,M,4831084.0,199270.0,91
201800030094,18,11,4,200,3,2,1,5.0,6.0,91248,M,4838294.0,222965.0,91
201800030095,18,1,15,1615,1,1,1,1.0,6.0,83137,M,4313647.0,593264.0,83
201800030096,18,2,24,1910,3,2,1,2.0,6.0,83137,M,4313647.0,593264.0,83
201800030097,18,8,28,1550,1,1,1,1.0,3.0,83137,M,4311600.0,590475.0,83
201800030098,18,2,16,1630,1,1,1,8.0,5.0,74217,M,4595449.0,612220.0,74
201800030099,18,4,13,2230,3,2,1,1.0,1.0,74093,M,4589838.0,609463.0,74
201800030100,18,8,22,545,3,1,1,1.0,6.0,74067,M,4587135.0,606489.0,74
201800030101,18,9,5,1739,1,1,1,1.0,6.0,74282,M,4941181.0,584232.0,74
201800030102,18,9,5,1730,1,2,6,1.0,7.0,74268,M,4588670.0,610865.0,74
201800030103,18,10,10,800,1,1,6,1.0,7.0,74245,M,4599155.0,612895.0,74
201800030104,18,1,22,1220,1,1,1,2.0,3.0,61497,M,4846872.0,10314.0,61
201800030105,18,2,14,1910,5,2,1,2.0,3.0,61001,M,4842758.0,7713.0,61
201800030106,18,3,14,1230,1,2,1,1.0,6.0,61001,M,4843856.0,10497.0,61
201800030107,18,3,25,1605,1,2,1,1.0,6.0,61001,M,4842809.0,7486.0,61
201800030108,18,4,2,1525,1,2,1,2.0,7.0,61001,M,4842248.0,8202.0,61
201800030109,18,4,5,955,1,2,1,1.0,1.0,61497,M,4847108.0,10414.0,61
201800030110,18,4,18,1555,1,2,2,1.0,3.0,61001,M,4844816.0,8666.0,61
201800030111,18,4,21,1440,1,2,7,1.0,6.0,61001,M,4842771.0,7709.0,61
201800030112,18,5,16,800,1,2,6,7.0,3.0,61001,M,4841826.0,9768.0,61
201800030113,18,5,25,1620,1,2,3,3.0,6.0,61001,M,4841979.0,8955.0,61
201800030114,18,6,12,1630,1,2,3,1.0,6.0,61001,M,4843218.0,8479.0,61
201800030115,18,8,1,1110,1,2,1,1.0,3.0,61001,M,4841997.0,9489.0,61
201800030116,18,8,25,1830,1,2,2,1.0,3.0,61001,M,4843570.0,10549.0,61
201800030117,18,8,30,835,1,2,6,1.0,3.0,61397,M,4842168.0,7960.0,61
201800030118,18,9,26,1200,1,2,6,1.0,3.0,61001,M,4842324.0,8987.0,61
201800030119,18,9,30,1725,1,2,6,1.0,3.0,61001,M,4843650.0,10493.0,61
201800030120,18,10,23,1650,1,2,1,1.0,2.0,61001,M,4842082.0,8959.0,61
201800030121,18,10,27,1455,1,2,6,1.0,3.0,61001,M,4843888.0,8325.0,61
201800030122,18,12,14,1915,3,1,1,2.0,7.0,61111,M,4846983.0,7845.0,61
201800030123,18,5,4,1930,1,2,6,1.0,3.0,61006,M,4874132.0,-2528.0,61
201800030124,18,6,20,2040,1,2,6,1.0,3.0,61006,M,4874142.0,-2143.0,61
201800030125,18,9,4,1820,1,2,1,1.0,2.0,61006,M,4873444.0,-3341.0,61
201800030126,18,10,17,1215,1,2,1,1.0,6.0,61006,M,4874657.0,-1049.0,61
201800030127,18,10,26,1210,1,2,1,1.0,6.0,61006,M,4875229.0,-2697.0,61
201800030128,18,10,10,1245,1,2,6,1.0,3.0,61006,M,4874909.0,-1479.0,61
201800030129,18,10,30,1550,1,2,1,7.0,6.0,61006,M,4874922.0,-2414.0,61
201800030130,18,10,23,1940,5,2,6,1.0,6.0,61006,M,4873866.0,-2383.0,61
201800030131,18,1,17,1110,1,2,2,1.0,3.0,61169,M,4874676.0,-56503.0,61
201800030132,18,2,16,1710,1,2,9,1.0,6.0,61169,M,4874260.0,-56212.0,61
201800030133,18,5,3,1855,1,2,1,1.0,3.0,61169,M,4874592.0,57193.0,61