Num_Acc,an,mois,jour,hrmn,lum,agg,int,atm,col,com,gps,lat,long,dep
201800030134,18,11,21,1815,3,1,1,1.0,3.0,61391,M,4877965.0,-56858.0,61
201800030135,18,12,4,1655,1,2,2,1.0,3.0,61169,M,4874791.0,-55610.0,61
201800030136,18,2,18,1800,3,1,1,8.0,1.0,16386,M,4553835.0,-15493.0,16
201800030137,18,3,14,740,2,1,2,1.0,3.0,16386,M,4551930.0,-15817.0,16
201800030138,18,5,3,1400,1,1,9,1.0,6.0,16150,M,4567711.0,-27676.0,16
201800030139,18,5,5,800,1,1,1,1.0,1.0,16386,M,4551934.0,-16109.0,16
201800030140,18,5,13,1010,1,1,2,1.0,3.0,16202,M,4565552.0,-19122.0,16
201800030141,18,6,22,1645,1,1,1,1.0,6.0,16090,M,4561247.0,-3485.0,16
201800030142,18,7,13,1215,1,2,3,1.0,6.0,16351,M,4562533.0,-2678.0,16
201800030143,18,7,21,1220,1,1,1,1.0,6.0,16366,M,4563430.0,-17566.0,16
201800030144,18,8,1,400,3,1,1,1.0,6.0,16247,M,4554352.0,-6218.0,16
201800030145,18,1,19,2345,3,2,1,2.0,7.0,16409,M,4600979.0,7350.0,16
201800030146,18,2,17,2200,3,1,1,1.0,6.0,16144,M,4590450.0,6775.0,16
201800030147,18,9,17,1340,1,1,1,1.0,6.0,16253,M,4603819.0,4244.0,16
201800030148,18,10,27,1040,1,2,1,1.0,6.0,16110,M,4599238.0,13980.0,16
201800030149,18,11,11,1820,3,1,3,2.0,7.0,16411,M,4588910.0,4893.0,16
201800030150,18,11,30,2230,5,2,1,1.0,6.0,16039,M,4604472.0,16617.0,16
201800030151,18,5,1,725,1,1,9,1.0,6.0,02063,M,4992091.0,323124.0,02
201800030152,18,8,12,700,2,1,1,1.0,6.0,02355,M,4989041.0,325512.0,02
201800030153,18,1,12,740,3,1,9,1.0,6.0,17010,M,4609989.0,-109233.0,17
201800030154,18,1,26,1030,1,2,1,7.0,1.0,17109,M,4614112.0,-102811.0,17
201800030155,18,3,16,1830,1,2,2,1.0,4.0,17373,M,4617153.0,-100385.0,17
201800030156,18,3,18,1500,1,2,1,1.0,1.0,17194,M,4611488.0,-101668.0,17
201800030157,18,5,18,2050,2,1,1,1.0,6.0,17413,M,4607802.0,-104268.0,17
201800030158,18,6,5,1620,1,1,3,1.0,2.0,17193,M,4612165.0,-107772.0,17
201800030159,18,6,18,735,1,1,1,8.0,3.0,17193,M,4612444.0,-105064.0,17
201800030160,18,8,3,2345,3,1,1,1.0,6.0,17420,M,4609087.0,-106045.0,17
201800030161,18,8,11,1125,1,1,1,1.0,7.0,17420,M,4609904.0,-104827.0,17
201800030162,18,8,18,1000,1,2,1,7.0,3.0,17413,M,4608215.0,-107056.0,17
201800030163,18,10,3,1030,1,2,1,1.0,2.0,17193,M,4612727.0,-106169.0,17
201800030164,18,11,4,1530,1,1,1,1.0,1.0,17010,M,4611088.0,-110151.0,17
201800030165,18,1,6,1200,1,2,3,1.0,2.0,60157,M,4937450.0,241438.0,60
201800030166,18,1,13,1824,3,1,1,8.0,7.0,60568,M,4941277.0,248585.0,60
201800030167,18,1,23,1535,1,1,1,8.0,2.0,60007,M,4939629.0,237744.0,60
201800030168,18,1,28,1630,1,1,1,1.0,6.0,60115,M,4945799.0,232649.0,60
201800030169,18,3,7,1150,1,1,9,2.0,7.0,60106,M,4938058.0,243631.0,60
201800030170,18,4,8,2230,3,1,1,1.0,6.0,60007,M,4939669.0,237619.0,60
201800030171,18,6,13,1545,1,2,3,1.0,3.0,60034,M,4945311.0,244308.0,60
201800030172,18,6,22,1725,1,2,2,1.0,3.0,60157,M,4937066.0,241669.0,60
201800030173,18,7,17,2250,3,1,1,1.0,6.0,60107,M,4936330.0,242490.0,60
201800030174,18,8,10,940,1,2,7,1.0,6.0,60234,M,4938981.0,243000.0,60
201800030175,18,8,25,155,3,1,1,3.0,7.0,60451,M,4935568.0,239480.0,60
201800030176,18,9,1,800,1,1,1,1.0,7.0,60130,M,4937917.0,252285.0,60
201800030177,18,12,8,1715,3,1,1,2.0,7.0,60568,M,4942782.0,250811.0,60
201800030178,18,1,9,1030,1,2,9,1.0,5.0,62041,M,5028126.0,278068.0,62
201800030179,18,2,16,700,2,2,1,1.0,2.0,62099,M,5026517.0,279628.0,62
201800030180,18,2,15,730,5,2,1,1.0,6.0,62041,M,5029709.0,276474.0,62
201800030181,18,3,16,2225,5,2,1,1.0,3.0,62037,M,5030805.0,274583.0,62
201800030182,18,2,23,1650,1,1,1,1.0,1.0,62037,M,5031741.0,272385.0,62
201800030183,18,3,21,845,1,2,2,1.0,6.0,62041,M,5028776.0,277893.0,62
201800030184,18,3,24,2140,5,2,3,1.0,6.0,62041,M,5029755.0,274430.0,62
201800030185,18,1,17,1600,1,1,4,1.0,6.0,62753,M,5030769.0,278717.0,62
201800030186,18,4,7,1635,1,2,9,1.0,6.0,62263,M,5028129.0,273498.0,62
201800030187,18,4,21,1100,1,2,2,1.0,3.0,62041,M,5028882.0,276518.0,62
201800030188,18,5,26,405,3,2,7,9.0,6.0,62764,M,5030226.0,277669.0,62
201800030189,18,6,21,2145,4,2,1,1.0,2.0,62764,M,5030073.0,279004.0,62
201800030190,18,6,21,1715,1,1,9,1.0,6.0,62764,M,5030572.0,278405.0,62
201800030191,18,7,1,1345,1,2,9,1.0,6.0,62753,M,5029999.0,280174.0,62
201800030192,18,7,8,1540,1,2,9,1.0,3.0,62041,M,5028117.0,278083.0,62
201800030193,18,7,20,2155,5,2,1,8.0,6.0,62041,M,5028556.0,275781.0,62
201800030194,18,7,31,1040,1,2,6,1.0,6.0,62041,M,5029715.0,276986.0,62
201800030195,18,9,16,2155,5,2,1,1.0,1.0,62041,M,5028627.0,277758.0,62
201800030196,18,10,5,820,1,2,1,1.0,6.0,62041,M,5029701.0,276482.0,62
201800030197,18,10,17,1225,1,2,1,1.0,6.0,62263,M,5028132.0,273408.0,62
201800030198,18,11,5,1935,3,1,1,1.0,6.0,62037,M,5032308.0,273481.0,62
201800030199,18,11,14,1345,1,2,1,1.0,2.0,62263,M,5027869.0,271956.0,62
201800030200,18,12,19,1735,2,2,2,1.0,1.0,62041,M,5028830.0,278573.0,62
201800030201,18,12,17,850,2,2,3,1.0,6.0,62004,M,5026972.0,276685.0,62
201800030202,18,2,2,2345,3,1,1,2.0,3.0,62516,M,5056658.0,249514.0,62
201800030203,18,6,2,1845,1,2,1,1.0,2.0,62217,M,5051056.0,244324.0,62
201800030204,18,6,17,2310,5,2,1,1.0,6.0,62516,M,5054753.0,245456.0,62
201800030205,18,6,14,815,1,2,1,1.0,2.0,62048,M,5051792.0,245404.0,62
201800030206,18,6,28,1335,1,2,1,1.0,6.0,62048,M,5050321.0,246347.0,62
201800030207,18,9,22,1750,1,2,2,3.0,3.0,62328,M,5053280.0,243336.0,62
201800030208,18,11,16,1245,1,2,3,1.0,3.0,62048,M,5050051.0,247255.0,62
201800030209,18,11,17,1800,5,2,1,1.0,3.0,62516,M,5056902.0,245764.0,62
201800030210,18,12,11,1950,5,2,1,1.0,4.0,62516,M,5056574.0,246276.0,62
201800030211,18,4,10,1735,1,2,6,1.0,6.0,62108,M,5040393.0,159585.0,62
201800030212,18,4,28,630,5,2,1,8.0,6.0,62108,M,5024280.0,135222.0,62
201800030213,18,5,15,1738,1,2,1,1.0,6.0,62108,M,5040716.0,156699.0,62
201800030214,18,6,14,1540,1,2,9,1.0,6.0,62108,M,5040316.0,159644.0,62
201800030215,18,6,15,1730,1,2,1,1.0,3.0,62108,M,5040218.0,159651.0,62
201800030216,18,7,15,25,5,2,2,1.0,3.0,62108,M,5040861.0,159233.0,62
201800030217,18,7,21,1950,1,2,1,1.0,6.0,62108,M,5041111.0,158697.0,62
201800030218,18,8,4,2320,5,2,2,1.0,3.0,62108,M,5040469.0,156316.0,62
201800030219,18,8,24,1655,1,2,2,1.0,3.0,62108,M,5041026.0,158444.0,62
201800030220,18,9,4,1820,1,2,1,1.0,6.0,62108,M,5041435.0,157152.0,62
201800030221,18,7,3,800,1,2,1,1.0,6.0,62108,M,5041451.0,158454.0,62
201800030222,18,2,13,1420,1,2,2,1.0,6.0,62119,M,5053219.0,263687.0,62
201800030223,18,1,30,1730,2,2,1,1.0,3.0,62276,M,5050868.0,283780.0,62
201800030224,18,1,24,1715,2,2,6,1.0,6.0,62119,M,5052643.0,263056.0,62
201800030225,18,1,29,1715,3,1,1,1.0,2.0,62846,M,5048933.0,276176.0,62
201800030226,18,2,15,1710,1,2,6,1.0,3.0,62119,M,5051649.0,262492.0,62
201800030227,18,4,7,1350,1,1,1,1.0,3.0,62735,M,5051281.0,270104.0,62
201800030228,18,5,10,10,5,2,1,1.0,5.0,62119,M,5053897.0,262503.0,62
201800030229,18,5,25,1050,1,2,4,1.0,3.0,62119,M,5052084.0,262460.0,62
201800030230,18,5,25,1730,1,2,6,1.0,6.0,62119,M,5052822.0,264269.0,62
201800030231,18,6,7,2010,1,2,1,1.0,3.0,62119,M,5051683.0,263214.0,62
201800030232,18,6,9,1355,1,2,2,1.0,3.0,62119,M,5051551.0,263713.0,62
201800030233,18,7,6,1305,1,2,6,1.0,6.0,62119,M,5052378.0,262791.0,62
201800030234,18,7,14,20,5,2,6,1.0,6.0,62262,M,5051272.0,274733.0,62
201800030235,18,7,12,1250,1,2,6,1.0,3.0,62119,M,5052688.0,263025.0,62
201800030236,18,7,15,2005,1,2,3,1.0,6.0,62126,M,5052189.0,266506.0,62
201800030237,18,7,20,430,4,2,2,1.0,3.0,62126,M,5052103.0,267076.0,62
201800030238,18,7,20,1530,1,1,6,3.0,3.0,62126,M,5051303.0,267406.0,62
201800030239,18,8,4,1220,1,2,1,7.0,3.0,62863,M,5054347.0,278954.0,62
201800030240,18,8,6,1920,1,1,1,7.0,7.0,62846,M,5048607.0,277130.0,62
201800030241,18,8,12,1730,1,2,1,1.0,7.0,62350,M,5051569.0,260766.0,62
201800030242,18,9,4,1100,1,2,1,1.0,6.0,62119,M,5052274.0,262830.0,62
201800030243,18,9,8,100,3,2,1,1.0,3.0,62349,M,5052254.0,259322.0,62
201800030244,18,9,20,850,1,2,2,1.0,6.0,62034,M,5050964.0,272823.0,62
201800030245,18,9,24,1510,1,1,1,1.0,6.0,62350,M,5051126.0,260775.0,62
201800030246,18,9,26,1625,1,2,1,7.0,6.0,62051,M,5051817.0,278224.0,62
201800030247,18,9,29,2225,3,1,1,1.0,6.0,62132,M,5052615.0,287813.0,62
201800030248,18,10,2,2320,5,2,1,1.0,6.0,62119,M,5052481.0,263898.0,62
201800030249,18,9,25,1100,1,2,9,1.0,6.0,62119,M,5052201.0,262918.0,62
201800030250,18,10,23,1610,1,2,1,1.0,6.0,62119,M,5053276.0,264269.0,62
201800030251,18,11,11,1630,1,2,1,1.0,6.0,62841,M,5054992.0,261401.0,62
201800030252,18,12,18,1615,1,1,6,8.0,3.0,62126,M,5051165.0,266101.0,62
201800030253,18,1,30,1915,5,2,1,8.0,6.0,62160,M,5042531.0,136007.0,62
201800030254,18,2,23,1750,1,2,1,1.0,3.0,62755,M,5070310.0,161266.0,62
201800030255,18,3,5,1242,1,2,1,1.0,6.0,62160,M,5071401.0,161737.0,62
201800030256,18,3,8,1000,1,2,1,3.0,2.0,62160,M,5072413.0,161681.0,62
201800030257,18,3,21,1400,1,1,1,1.0,2.0,62893,M,5045240.0,136170.0,62
201800030258,18,4,22,250,5,2,2,1.0,3.0,62893,M,5076985.0,160942.0,62
201800030259,18,5,9,1105,1,2,6,1.0,6.0,62160,M,5072769.0,161806.0,62
201800030260,18,5,25,1550,1,2,4,1.0,6.0,62160,M,5072333.0,160141.0,62
201800030261,18,5,26,1030,1,2,1,1.0,2.0,62755,M,5069900.0,161120.0,62
201800030262,18,4,30,2100,1,2,9,1.0,6.0,62758,M,5073704.0,163491.0,62
201800030263,18,7,7,1410,1,2,9,1.0,3.0,62160,M,5073409.0,160445.0,62
201800030264,18,9,17,915,1,2,3,1.0,3.0,62758,M,5072233.0,163309.0,62
201800030265,18,10,6,455,5,2,1,1.0,7.0,62667,M,5071790.0,157905.0,62
201800030266,18,10,18,930,1,2,1,8.0,2.0,62758,M,5072657.0,164190.0,62
201800030267,18,10,18,645,5,2,2,2.0,1.0,62758,M,5072379.0,163882.0,62
201800030268,18,10,20,1530,1,2,1,1.0,6.0,62667,M,5071290.0,158698.0,62
201800030269,18,11,4,640,5,2,6,1.0,6.0,62893,M,5076166.0,160644.0,62
201800030270,18,11,14,1010,1,2,1,9.0,6.0,62893,M,5077669.0,160832.0,62
201800030271,18,12,10,1735,5,2,1,1.0,6.0,62667,M,5070844.0,158526.0,62
201800030272,18,12,14,1800,2,2,1,1.0,6.0,62160,M,5071450.0,161465.0,62
201800030273,18,1,19,1840,5,2,1,1.0,6.0,62178,M,5047410.0,254394.0,62
201800030274,18,1,25,1200,1,2,1,1.0,2.0,62178,M,5049345.0,255016.0,62
201800030275,18,3,4,2325,5,2,1,1.0,7.0,62178,M,5048771.0,253043.0,62
201800030276,18,4,11,2100,5,2,2,1.0,3.0,62178,M,5048106.0,254728.0,62
201800030277,18,4,17,1440,1,2,4,1.0,6.0,62457,M,5046212.0,255687.0,62
201800030278,18,5,20,2035,1,2,1,1.0,7.0,62270,M,5046750.0,250728.0,62
201800030279,18,6,13,1400,1,2,1,1.0,3.0,62178,M,5049785.0,258300.0,62
201800030280,18,6,14,2240,3,2,1,1.0,6.0,62178,M,5049204.0,253229.0,62
201800030281,18,6,24,1825,1,2,1,1.0,6.0,62457,M,5046685.0,255326.0,62
201800030282,18,12,21,805,5,2,1,3.0,6.0,62178,M,5049088.0,256535.0,62
201800030283,18,12,16,2230,4,1,9,2.0,6.0,62457,M,5045957.0,253792.0,62
201800030284,18,12,23,245,3,1,9,8.0,6.0,62445,M,5049076.0,260303.0,62
201800030285,18,1,3,1110,1,2,1,6.0,3.0,62193,M,5094588.0,183667.0,62
201800030286,18,1,8,950,1,2,2,8.0,3.0,62193,M,5095977.0,185001.0,62
201800030287,18,1,20,1830,5,2,1,2.0,6.0,62193,M,5094630.0,189557.0,62
201800030288,18,1,30,900,1,2,1,1.0,6.0,62193,M,5094650.0,190062.0,62
201800030289,18,2,11,1500,1,2,3,1.0,6.0,62193,M,5095324.0,88880.0,62
201800030290,18,2,3,1545,1,2,6,1.0,2.0,62193,M,5094587.0,183755.0,62
201800030291,18,1,26,1850,3,2,1,1.0,6.0,62193,M,5095382.0,185106.0,62
201800030292,18,3,1,1930,2,2,2,1.0,1.0,62193,M,5095037.0,186712.0,62
201800030293,18,3,21,2130,5,2,3,1.0,3.0,62193,M,5095374.0,185576.0,62
201800030294,18,3,23,1630,1,1,1,1.0,7.0,62193,M,,,62
201800030295,18,4,3,1600,1,2,8,8.0,3.0,62244,M,5091794.0,188768.0,62
201800030296,18,4,7,1734,1,2,1,1.0,6.0,62239,M,5092988.0,180691.0,62
201800030297,18,4,14,2130,5,2,9,2.0,6.0,62193,M,5095013.0,186542.0,62
201800030298,18,4,28,25,5,2,1,2.0,6.0,62244,M,5092306.0,188805.0,62
201800030299,18,5,6,1530,1,1,1,1.0,3.0,62774,M,5093516.0,172623.0,62
201800030300,18,5,28,1220,1,2,1,1.0,5.0,62548,M,5094769.0,194368.0,62
201800030301,18,5,30,905,1,2,1,1.0,6.0,62193,M,5095125.0,185373.0,62
201800030302,18,6,2,1420,1,2,1,1.0,6.0,62193,M,5094694.0,185647.0,62
201800030303,18,6,8,1615,1,2,1,1.0,3.0,62193,M,5094414.0,185085.0,62
201800030304,18,6,13,1550,1,2,3,1.0,7.0,62193,M,5094386.0,186795.0,62
201800030305,18,6,23,1210,1,2,1,1.0,2.0,62193,M,5095875.0,184934.0,62
201800030306,18,7,30,1100,1,2,9,1.0,1.0,62193,M,5095336.0,188969.0,62
201800030307,18,7,28,915,1,1,1,8.0,7.0,62548,M,5092613.0,191867.0,62
201800030308,18,8,11,255,5,2,9,8.0,2.0,62193,M,5095641.0,186729.0,62
201800030309,18,8,11,1915,1,2,5,1.0,3.0,62193,M,5094623.0,188903.0,62
201800030310,18,8,16,950,1,2,3,1.0,3.0,62193,M,5094207.0,187426.0,62
201800030311,18,8,30,1645,1,2,1,1.0,3.0,62193,M,5093212.0,189401.0,62
201800030312,18,9,5,950,1,2,1,2.0,1.0,62244,M,5092444.0,187165.0,62
201800030313,18,9,9,1100,1,2,1,1.0,6.0,62193,M,5095407.0,185086.0,62
201800030314,18,9,21,1700,1,2,9,1.0,5.0,62193,M,5093970.0,186920.0,62
201800030315,18,9,25,1230,1,2,3,1.0,6.0,62548,M,5094257.0,195309.0,62
201800030316,18,9,26,1640,1,2,1,1.0,6.0,62193,M,5093966.0,186044.0,62
201800030317,18,9,30,1325,1,2,3,1.0,3.0,62193,M,5094126.0,184396.0,62
201800030318,18,9,30,1450,1,2,2,1.0,3.0,62193,M,5094664.0,184423.0,62
201800030319,18,10,6,1900,2,2,1,7.0,4.0,62193,M,5095394.0,185634.0,62
201800030320,18,10,7,1320,1,2,2,1.0,3.0,62193,M,5094276.0,185993.0,62
201800030321,18,10,15,2140,3,2,2,1.0,2.0,62244,M,5092213.0,190859.0,62
201800030322,18,10,17,1655,1,2,2,1.0,3.0,62193,M,5095811.0,184716.0,62
201800030323,18,10,15,1145,1,2,3,7.0,6.0,62193,M,5094838.0,187051.0,62
201800030324,18,10,22,450,5,2,1,2.0,3.0,62193,M,5094714.0,184904.0,62
201800030325,18,10,27,350,5,2,1,1.0,6.0,62193,M,5094765.0,185342.0,62
201800030326,18,10,29,1500,1,2,3,1.0,3.0,62193,M,5094506.0,182940.0,62
201800030327,18,11,9,1045,1,2,9,1.0,3.0,62193,M,5094244.0,187311.0,62
201800030328,18,11,10,1545,1,2,2,1.0,3.0,62193,M,5094830.0,184345.0,62
201800030329,18,11,13,1620,1,2,2,1.0,6.0,62193,M,5095615.0,184877.0,62
201800030330,18,11,19,1605,1,2,1,3.0,6.0,62193,M,5093685.0,186036.0,62
201800030331,18,12,11,715,2,2,9,1.0,3.0,62193,M,5095372.0,185578.0,62
201800030332,18,12,16,1820,3,1,1,1.0,1.0,62548,M,5092265.0,191209.0,62
201800030333,18,12,17,1815,5,2,7,1.0,6.0,62193,M,5095279.0,190878.0,62
201800030334,18,12,20,820,2,2,9,3.0,6.0,62244,M,5092330.0,188797.0,62
201800030335,18,12,31,1520,1,2,1,1.0,6.0,62193,M,5093610.0,187200.0,62
201800030336,18,12,1,1826,4,2,1,1.0,6.0,62563,M,5046748.0,275707.0,62
201800030337,18,10,13,2030,5,1,3,1.0,7.0,62563,M,5046396.0,274428.0,62
201800030338,18,10,10,1830,1,2,2,1.0,5.0,62186,M,5044025.0,273085.0,62
201800030339,18,12,24,1330,1,2,2,1.0,3.0,62065,M,5039900.0,283531.0,62
201800030340,18,12,17,915,1,2,1,1.0,6.0,62427,M,5039116.0,296326.0,62
201800030341,18,12,22,555,5,2,1,1.0,6.0,62186,M,5044706.0,271969.0,62
201800030342,18,7,12,1840,1,2,2,1.0,3.0,62570,M,5040853.0,285915.0,62
201800030343,18,1,13,2135,5,2,2,1.0,3.0,62427,M,5041962.0,293820.0,62
201800030344,18,11,12,2125,3,1,1,1.0,2.0,62724,M,5039643.0,290243.0,62
201800030345,18,11,6,1435,1,2,1,1.0,7.0,62498,M,5043993.0,281843.0,62
201800030346,18,11,29,1800,3,2,1,8.0,3.0,62215,M,5047415.0,292109.0,62
201800030347,18,1,19,2025,3,2,1,1.0,6.0,62563,M,5047473.0,272886.0,62
201800030348,18,10,15,740,2,2,1,1.0,6.0,62907,M,5048013.0,301266.0,62
201800030349,18,8,3,1625,1,1,1,1.0,1.0,62065,M,5040293.0,282499.0,62
201800030350,18,1,17,1750,2,2,1,1.0,3.0,62523,M,5043333.0,285000.0,62
201800030351,18,5,17,1650,1,2,1,1.0,6.0,62250,M,5044388.0,294412.0,62
201800030352,18,11,21,1010,1,2,1,1.0,6.0,62895,M,5049702.0,284911.0,62
201800030353,18,1,5,115,5,2,2,2.0,3.0,62498,M,5043774.0,282129.0,62
201800030354,18,12,1,1935,4,2,3,2.0,3.0,62413,M,5044919.0,289949.0,62
201800030355,18,12,20,1740,4,2,1,2.0,6.0,62498,M,5043248.0,283312.0,62
201800030356,18,2,15,725,3,2,1,2.0,6.0,62133,M,5042348.0,291518.0,62
201800030357,18,11,28,1725,5,2,3,2.0,3.0,62498,M,5043900.0,284618.0,62
201800030358,18,6,14,2125,2,2,3,1.0,3.0,62427,M,5041697.0,296214.0,62
201800030359,18,10,30,2115,2,2,1,1.0,6.0,62563,M,5046359.0,272077.0,62
201800030360,18,1,27,1815,2,2,2,1.0,3.0,62510,M,5042947.0,275903.0,62
201800030361,18,2,16,1000,1,1,1,1.0,3.0,62724,M,5039723.0,289872.0,62
201800030362,18,12,19,745,3,2,1,2.0,6.0,62386,M,5044887.0,273717.0,62
201800030363,18,1,16,1500,1,1,2,1.0,3.0,62510,M,5043700.0,275016.0,62
201800030364,18,1,18,1550,1,2,1,1.0,3.0,62842,M,5046657.0,286541.0,62
201800030365,18,2,10,1630,1,2,2,1.0,3.0,62624,M,5041636.0,297710.0,62
201800030366,18,3,8,1745,1,2,1,1.0,6.0,62510,M,5041771.0,278092.0,62
201800030367,18,11,26,1530,1,2,1,1.0,3.0,62624,M,5041820.0,299435.0,62
201800030368,18,12,24,1400,1,2,1,1.0,7.0,62510,M,5042441.0,277656.0,62
201800030369,18,4,1,105,3,2,1,1.0,5.0,62427,M,5041760.0,294105.0,62
201800030370,18,3,29,1530,1,2,1,1.0,3.0,62427,M,5042233.0,294803.0,62
201800030371,18,3,26,730,3,2,6,1.0,3.0,62032,M,5040944.0,275682.0,62
201800030372,18,8,3,1620,1,1,9,1.0,1.0,62065,M,5040426.0,282470.0,62
201800030373,18,3,24,1130,1,2,1,1.0,6.0,62498,M,5043121.0,283307.0,62
201800030374,18,4,22,1930,1,1,1,1.0,3.0,62249,M,5042518.0,301994.0,62
201800030375,18,3,20,2100,5,1,1,1.0,6.0,62215,M,5050694.0,296677.0,62
201800030376,18,4,21,1730,1,2,1,1.0,1.0,62498,M,5042454.0,281097.0,62
201800030377,18,2,23,1355,1,2,1,1.0,3.0,62724,M,5040371.0,290783.0,62
201800030378,18,2,14,1630,1,2,3,1.0,3.0,62510,M,5043267.0,277241.0,62
201800030379,18,5,2,1540,1,2,1,1.0,6.0,62498,M,5043077.0,283196.0,62
201800030380,18,12,20,1745,4,2,9,2.0,6.0,62498,M,5043240.0,283352.0,62
201800030381,18,6,1,1620,1,1,1,1.0,2.0,62351,M,5042107.0,290701.0,62
201800030382,18,4,17,900,1,2,1,1.0,6.0,62250,M,5045844.0,294822.0,62
201800030383,18,2,20,1845,2,2,3,1.0,3.0,62427,M,5041464.0,295243.0,62
201800030384,18,6,9,1647,1,2,1,1.0,6.0,62666,M,5048500.0,288200.0,62
201800030385,18,6,6,1825,1,1,1,1.0,6.0,62624,M,5041190.0,298011.0,62
201800030386,18,4,22,2245,2,1,1,1.0,1.0,62215,M,5050718.0,296380.0,62
201800030387,18,6,2,1815,1,1,1,1.0,3.0,62274,M,5044227.0,298379.0,62
201800030388,18,4,20,1210,1,2,1,1.0,6.0,62587,M,5043969.0,292562.0,62
201800030389,18,5,3,1710,1,2,2,1.0,3.0,62842,M,5046222.0,285721.0,62
201800030390,18,6,16,1815,1,2,2,1.0,3.0,62386,M,5045310.0,273717.0,62
201800030391,18,4,20,830,1,2,1,1.0,6.0,62413,M,5044826.0,291463.0,62
201800030392,18,7,2,1900,1,2,3,1.0,3.0,62510,M,5043056.0,275033.0,62
201800030393,18,6,12,1600,1,2,9,1.0,3.0,62510,M,5043037.0,274985.0,62
201800030394,18,6,24,1740,1,2,3,1.0,3.0,62570,M,5040592.0,286724.0,62
201800030395,18,3,6,1630,1,2,9,1.0,6.0,62624,M,5041258.0,298114.0,62
201800030396,18,6,27,815,1,1,2,1.0,3.0,62274,M,5043294.0,299935.0,62
201800030397,18,6,22,1600,1,1,2,1.0,3.0,62573,M,5049416.0,290910.0,62
201800030398,18,6,24,2015,1,2,4,1.0,1.0,62033,M,5045954.0,288348.0,62
201800030399,18,5,15,1705,1,2,1,1.0,3.0,62842,M,5047000.0,286000.0,62
201800030400,18,6,27,30,5,2,5,1.0,3.0,62427,M,5042620.0,294130.0,62
201800030401,18,7,21,316,3,2,1,2.0,6.0,62724,M,5040482.0,291422.0,62
201800030402,18,7,9,450,3,1,1,1.0,1.0,62215,M,5049560.0,291319.0,62
201800030403,18,7,11,1935,1,1,1,1.0,3.0,62427,M,5040809.0,297445.0,62
201800030404,18,7,12,1415,1,2,3,1.0,3.0,62133,M,5041200.0,290900.0,62
201800030405,18,8,23,820,1,2,9,1.0,7.0,62510,M,5042357.0,277704.0,62
201800030406,18,6,27,1215,1,2,1,1.0,7.0,62498,M,5043194.0,283614.0,62
201800030407,18,7,19,1515,1,2,2,1.0,2.0,62498,M,5044185.0,280885.0,62
201800030408,18,4,24,1450,1,2,6,1.0,5.0,62498,M,5042007.0,282026.0,62
201800030409,18,4,26,1945,1,2,6,7.0,6.0,62563,M,5047161.0,271430.0,62
201800030410,18,4,17,1127,1,2,1,1.0,6.0,62215,M,5048615.0,295237.0,62
201800030411,18,6,17,1040,1,2,1,1.0,6.0,62771,M,5041952.0,286282.0,62
201800030412,18,7,2,1220,1,2,6,1.0,3.0,62215,M,5050565.0,297113.0,62
201800030413,18,7,21,1245,1,2,3,1.0,3.0,62510,M,5041945.0,279671.0,62
201800030414,18,8,13,1140,1,1,6,1.0,6.0,62215,M,5047967.0,296600.0,62
201800030415,18,9,24,1650,1,2,1,1.0,6.0,62842,M,5044849.0,284062.0,62
201800030416,18,9,6,1145,1,2,1,1.0,6.0,62250,M,5045527.0,294587.0,62
201800030417,18,8,13,1445,1,1,2,1.0,3.0,62427,M,5043067.0,295400.0,62
201800030418,18,9,13,1955,2,1,1,1.0,1.0,62464,M,5048777.0,279866.0,62
201800030419,18,9,30,2200,3,1,1,1.0,6.0,62570,M,5039640.0,287936.0,62
201800030420,18,10,12,1610,1,1,9,1.0,3.0,62427,M,5043106.0,295443.0,62
201800030421,18,10,8,1520,1,2,1,1.0,6.0,62498,M,5043595.0,282321.0,62
201800030422,18,9,13,2040,5,2,1,1.0,6.0,62895,M,5049731.0,284894.0,62
201800030423,18,10,17,1930,5,2,1,1.0,6.0,62628,M,5043217.0,287460.0,62
201800030424,18,10,27,1500,1,1,9,1.0,3.0,62510,M,5043902.0,274847.0,62
201800030425,18,10,7,135,5,2,3,1.0,3.0,62523,M,5044287.0,285432.0,62
201800030426,18,12,1,200,5,2,1,1.0,6.0,62250,M,5046468.0,294250.0,62
201800030427,18,10,21,620,5,1,1,1.0,6.0,62895,M,5049256.0,283769.0,62
201800030428,18,1,23,1855,5,2,1,2.0,7.0,62555,M,5050283.0,250805.0,62
201800030429,18,3,13,1305,1,1,3,1.0,3.0,62197,M,5047936.0,247936.0,62
201800030430,18,6,16,645,1,2,1,1.0,2.0,62224,M,5055148.0,256889.0,62
201800030431,18,6,19,800,1,2,1,1.0,1.0,62023,M,5053631.0,249411.0,62
201800030432,18,7,15,2015,1,2,1,1.0,1.0,62489,M,5051898.0,254779.0,62
201800030433,18,8,3,1810,1,2,3,1.0,6.0,62489,M,5052559.0,255843.0,62
201800030434,18,10,31,955,1,2,4,1.0,3.0,62023,M,5052988.0,251055.0,62
201800030435,18,11,16,1720,5,2,1,2.0,6.0,62197,M,5048238.0,247247.0,62
201800030436,18,12,12,805,2,1,3,9.0,1.0,62224,M,5054304.0,255092.0,62
201800030437,18,12,19,1320,1,2,1,1.0,6.0,62194,M,5049597.0,248181.0,62