Num_Acc,an,mois,jour,hrmn,lum,agg,int,atm,col,com,gps,lat,long,dep
201800030438,18,12,22,1610,2,2,3,1.0,3.0,62224,M,5055486.0,253594.0,62
201800030439,18,4,23,2205,3,2,1,1.0,7.0,62617,M,5048563.0,267589.0,62
201800030440,18,5,30,2040,1,2,1,1.0,7.0,62617,M,5047582.0,265710.0,62
201800030441,18,6,27,2130,2,2,6,1.0,6.0,62737,M,5046433.0,267241.0,62
201800030442,18,9,2,1520,1,2,1,1.0,6.0,62617,M,5047015.0,267123.0,62
201800030443,18,9,3,1550,1,2,9,1.0,3.0,62617,M,5048062.0,266256.0,62
201800030444,18,7,5,1245,1,2,1,1.0,6.0,62083,M,5045399.0,260627.0,62
201800030445,18,12,20,820,2,2,1,1.0,6.0,62083,M,5045633.0,261952.0,62
201800030446,18,1,30,1340,1,2,9,2.0,6.0,62765,M,5075081.0,225918.0,62
201800030447,18,1,24,1845,2,2,2,1.0,3.0,62525,M,5073927.0,226534.0,62
201800030448,18,2,25,1710,1,2,1,1.0,6.0,62765,M,5075130.0,224798.0,62
201800030449,18,1,21,1820,3,2,1,2.0,6.0,62040,M,5073471.0,233337.0,62
201800030450,18,3,11,1720,1,2,1,1.0,1.0,62225,M,5075300.0,230320.0,62
201800030451,18,5,28,800,1,2,1,1.0,6.0,62757,M,5076284.0,222733.0,62
201800030452,18,6,27,2000,1,2,7,1.0,6.0,62765,M,5074972.0,225183.0,62
201800030453,18,10,11,1115,1,2,2,1.0,3.0,62757,M,5075990.0,222242.0,62
201800030454,18,12,2,1155,1,1,1,1.0,2.0,62757,M,5075436.0,222096.0,62
201800030455,18,12,13,1715,5,2,9,8.0,3.0,62040,M,5072262.0,228979.0,62
201800030456,18,1,26,1015,1,2,3,1.0,3.0,62826,M,5051764.0,159191.0,62
201800030457,18,1,26,1250,1,2,1,1.0,6.0,62826,M,5052708.0,158393.0,62
201800030458,18,5,1,1605,1,2,1,1.0,6.0,62826,M,5053092.0,159364.0,62
201800030459,18,6,3,1520,1,2,2,1.0,3.0,62826,M,5052060.0,158270.0,62
201800030460,18,6,3,1700,1,2,1,1.0,6.0,62826,M,5052050.0,159630.0,62
201800030461,18,6,26,1800,1,2,1,1.0,3.0,62826,M,5052178.0,158051.0,62
201800030462,18,9,20,1645,1,2,2,1.0,3.0,62826,M,5051603.0,160375.0,62
201800030463,18,9,30,1320,1,2,6,1.0,3.0,62826,M,5052002.0,160319.0,62
201800030464,18,12,7,1750,2,2,2,6.0,3.0,62826,M,5052090.0,158030.0,62
201800030465,18,1,17,1320,1,2,3,1.0,3.0,63113,M,4578480.0,311578.0,63
201800030466,18,2,10,1559,1,2,2,1.0,3.0,63113,M,4581351.0,310709.0,63
201800030467,18,1,31,1800,2,2,1,1.0,4.0,63113,M,4580635.0,313160.0,63
201800030468,18,4,11,305,5,2,1,1.0,6.0,63113,M,4579171.0,309923.0,63
201800030469,18,4,21,330,5,2,1,1.0,6.0,63113,M,4578671.0,311988.0,63
201800030470,18,3,20,25,5,2,2,1.0,3.0,63075,M,4576803.0,307013.0,63
201800030471,18,4,27,1605,1,2,1,1.0,6.0,63075,M,4578229.0,306293.0,63
201800030472,18,5,2,2130,5,2,1,1.0,2.0,63113,M,4578202.0,309301.0,63
201800030473,18,5,9,1935,2,2,2,1.0,3.0,63113,M,4579033.0,308354.0,63
201800030474,18,2,2,1545,1,2,1,1.0,6.0,63113,M,4578060.0,308457.0,63
201800030475,18,6,21,1830,1,2,1,1.0,7.0,63113,M,4575946.0,308754.0,63
201800030476,18,6,24,1720,1,2,7,1.0,6.0,63308,M,4576779.0,305871.0,63
201800030477,18,6,29,550,2,2,2,1.0,3.0,63113,M,4578214.0,309526.0,63
201800030478,18,7,9,930,1,2,9,1.0,3.0,63113,M,4578367.0,310898.0,63
201800030479,18,7,8,100,5,2,1,1.0,2.0,63113,M,4580509.0,312327.0,63
201800030480,18,7,25,935,1,2,1,1.0,3.0,63113,M,4577155.0,309408.0,63
201800030481,18,9,7,2210,5,2,6,1.0,3.0,63113,M,4578788.0,313948.0,63
201800030482,18,9,15,1940,1,1,1,1.0,2.0,63070,M,4573097.0,306946.0,63
201800030483,18,9,28,930,1,2,3,1.0,1.0,63014,M,4575430.0,311456.0,63
201800030484,18,10,16,446,3,2,1,1.0,1.0,63164,M,4581176.0,313384.0,63
201800030485,18,11,11,425,5,2,2,1.0,6.0,63113,M,4579050.0,308417.0,63
201800030486,18,12,1,1320,1,2,1,1.0,6.0,63113,M,4581094.0,310925.0,63
201800030487,18,1,16,1900,5,2,7,8.0,6.0,63193,M,4577032.0,319786.0,63
201800030488,18,2,19,1025,1,2,3,1.0,3.0,63124,M,4574057.0,318964.0,63
201800030489,18,5,2,2045,1,2,1,1.0,6.0,63193,M,4577173.0,318573.0,63
201800030490,18,5,13,840,1,2,1,8.0,1.0,63124,M,4575556.0,315446.0,63
201800030491,18,5,25,1550,1,1,1,8.0,6.0,63193,M,4578591.0,320400.0,63
201800030492,18,6,18,2019,1,1,1,1.0,1.0,63124,M,4574140.0,315887.0,63
201800030493,18,6,27,2045,1,1,1,1.0,6.0,63124,M,4574900.0,321101.0,63
201800030494,18,7,18,1635,1,1,1,1.0,1.0,63164,M,,,63
201800030495,18,10,29,1240,1,2,1,3.0,3.0,63164,M,4581742.0,314081.0,63
201800030496,18,11,6,1415,1,1,1,1.0,3.0,63164,M,4582649.0,312747.0,63
201800030497,18,12,19,1028,1,2,9,1.0,6.0,63063,M,4583042.0,310233.0,63
201800030498,18,1,30,1820,2,2,3,1.0,3.0,63245,M,4588994.0,307650.0,63
201800030499,18,2,22,720,2,1,6,1.0,3.0,63300,M,4590671.0,312534.0,63
201800030500,18,4,8,2115,3,1,1,1.0,2.0,63300,M,4589019.0,313862.0,63
201800030501,18,4,18,1720,1,2,2,1.0,6.0,63300,M,4589025.0,311811.0,63
201800030502,18,5,12,1340,1,2,3,1.0,3.0,63224,M,4587165.0,312554.0,63
201800030503,18,7,5,1125,1,2,3,1.0,3.0,63300,M,4588710.0,311303.0,63
201800030504,18,7,21,535,3,1,1,1.0,6.0,63212,M,4587585.0,309713.0,63
201800030505,18,7,27,1745,1,1,1,1.0,3.0,63103,M,4592086.0,305083.0,63
201800030506,18,8,21,1050,1,2,3,1.0,3.0,63300,M,4589311.0,310550.0,63
201800030507,18,8,26,1635,1,1,1,1.0,1.0,63245,M,4589948.0,307371.0,63
201800030508,18,11,6,1635,1,2,6,1.0,3.0,63245,M,4589112.0,308138.0,63
201800030509,18,11,7,1010,1,2,9,1.0,6.0,63300,M,4588667.0,311438.0,63
201800030510,18,11,8,845,1,2,3,1.0,6.0,63300,M,4588377.0,310961.0,63
201800030511,18,11,15,1615,1,1,3,1.0,5.0,63103,M,4590885.0,308504.0,63
201800030512,18,12,5,1725,5,2,1,1.0,5.0,63300,M,4590810.0,312376.0,63
201800030513,18,1,4,1425,1,2,1,1.0,7.0,64102,M,4351140.0,-146862.0,64
201800030514,18,1,4,1445,1,2,6,1.0,2.0,64102,M,4348120.0,-148239.0,64
201800030515,18,1,10,1145,1,2,1,1.0,7.0,64102,M,4350250.0,-147646.0,64
201800030516,18,1,12,130,5,2,1,9.0,7.0,64102,M,4348100.0,-146098.0,64
201800030517,18,1,18,820,2,2,3,1.0,3.0,64102,M,4350830.0,-148647.0,64
201800030518,18,1,18,1645,1,2,1,1.0,6.0,64024,M,4349660.0,-153843.0,64
201800030519,18,1,19,1845,5,2,3,8.0,3.0,64102,M,4348580.0,-149137.0,64
201800030520,18,1,24,1445,1,2,3,1.0,3.0,64102,M,4348960.0,-148234.0,64
201800030521,18,1,25,2005,5,2,2,3.0,6.0,64102,M,4349230.0,-148689.0,64
201800030522,18,1,28,1220,1,2,4,1.0,3.0,64102,M,4349730.0,-147774.0,64
201800030523,18,1,29,745,2,2,5,8.0,3.0,64024,M,4348750.0,-153530.0,64
201800030524,18,1,29,755,5,2,1,5.0,6.0,64102,M,4348420.0,-146641.0,64
201800030525,18,1,31,730,5,2,1,1.0,7.0,64102,M,4347340.0,-148996.0,64
201800030526,18,2,2,1223,1,2,1,1.0,4.0,64102,M,4351000.0,-146816.0,64
201800030527,18,2,2,1805,2,2,2,2.0,3.0,64102,M,4349520.0,-148553.0,64
201800030528,18,2,6,1310,1,2,1,1.0,7.0,64102,M,4349770.0,-148576.0,64
201800030529,18,2,22,1525,1,2,6,1.0,3.0,64102,M,4346090.0,-149610.0,64
201800030530,18,2,22,1620,1,2,1,1.0,1.0,64024,M,4349440.0,-154381.0,64
201800030531,18,2,27,1130,1,2,1,1.0,7.0,64102,M,4348120.0,-150113.0,64
201800030532,18,2,27,1650,1,2,1,1.0,2.0,64102,M,4348700.0,-146271.0,64
201800030533,18,2,27,1740,1,2,1,1.0,3.0,64024,M,4349320.0,-151029.0,64
201800030534,18,3,2,315,5,2,1,1.0,6.0,64140,M,4352660.0,-149496.0,64
201800030535,18,3,4,2240,5,2,1,1.0,6.0,64024,M,4348490.0,-151210.0,64
201800030536,18,3,6,1310,1,2,1,1.0,7.0,64024,M,4348190.0,-150780.0,64
201800030537,18,3,6,1645,1,2,1,1.0,7.0,64140,M,4352550.0,-149398.0,64
201800030538,18,3,7,1405,1,2,1,1.0,7.0,64102,M,4349950.0,-148978.0,64
201800030539,18,3,8,1050,1,2,6,1.0,2.0,64024,M,4349670.0,-151023.0,64
201800030540,18,3,14,1820,1,2,1,1.0,7.0,64024,M,4348680.0,-150126.0,64
201800030541,18,3,15,925,1,2,6,1.0,3.0,64024,M,4349420.0,-151800.0,64
201800030542,18,3,16,1650,1,2,1,1.0,7.0,64102,M,4348700.0,-146987.0,64
201800030543,18,3,20,1415,1,2,1,8.0,3.0,64024,M,4348020.0,-152115.0,64
201800030544,18,3,23,1455,1,2,1,8.0,2.0,64024,M,4348250.0,-150515.0,64
201800030545,18,3,25,1150,1,2,1,2.0,6.0,64102,M,4349550.0,-145693.0,64
201800030546,18,3,25,1510,1,2,1,3.0,6.0,64102,M,4349820.0,-149337.0,64
201800030547,18,3,26,1337,1,2,1,8.0,2.0,64102,M,4349990.0,-145761.0,64
201800030548,18,3,29,745,2,2,3,2.0,1.0,64102,M,4350070.0,-149202.0,64
201800030549,18,3,29,1425,1,2,9,1.0,2.0,64102,M,4349310.0,-148034.0,64
201800030550,18,3,30,1725,1,2,1,1.0,1.0,64102,M,4348050.0,-148510.0,64
201800030551,18,4,3,1015,1,2,6,1.0,3.0,64102,M,4346580.0,-149509.0,64
201800030552,18,4,6,1040,1,2,1,1.0,7.0,64102,M,4346210.0,-149435.0,64
201800030553,18,4,15,1450,1,2,3,8.0,3.0,64024,M,4350020.0,-153527.0,64
201800030554,18,4,18,1620,1,2,1,1.0,7.0,64024,M,4350030.0,-153903.0,64
201800030555,18,4,23,1805,1,2,4,1.0,3.0,64102,M,4349460.0,-148578.0,64
201800030556,18,4,25,1145,1,2,1,2.0,7.0,64102,M,4349600.0,-148519.0,64
201800030557,18,4,25,1625,1,2,1,8.0,7.0,64024,M,4348190.0,-150787.0,64
201800030558,18,4,26,955,1,2,1,1.0,3.0,64102,M,4350350.0,-146620.0,64
201800030559,18,4,26,1910,2,2,1,1.0,1.0,64140,M,4352896.0,-149501.0,64
201800030560,18,4,27,1646,1,2,1,8.0,6.0,64024,M,4348200.0,-150996.0,64
201800030561,18,5,6,1150,1,2,6,1.0,3.0,64024,M,4349670.0,-150879.0,64
201800030562,18,5,7,1620,1,2,1,1.0,3.0,64102,M,4348970.0,-145619.0,64
201800030563,18,5,9,1210,1,2,1,1.0,1.0,64140,M,4352620.0,-149371.0,64
201800030564,18,5,10,230,3,2,1,1.0,6.0,64024,M,4347880.0,-152107.0,64
201800030565,18,5,10,1140,1,2,6,2.0,7.0,64024,M,4349450.0,-151839.0,64
201800030566,18,5,11,2255,5,2,1,1.0,1.0,64024,M,4349150.0,-151152.0,64
201800030567,18,5,12,1730,1,2,1,2.0,3.0,64102,M,4349640.0,-148190.0,64
201800030568,18,5,14,1400,1,2,1,8.0,7.0,64102,M,4347700.0,-148909.0,64
201800030569,18,5,15,1035,1,2,6,1.0,7.0,64102,M,4350230.0,-147846.0,64
201800030570,18,5,16,1455,1,2,1,1.0,7.0,64024,M,4348140.0,-151000.0,64
201800030571,18,5,20,5,5,2,3,1.0,6.0,64102,M,4348550.0,-148283.0,64
201800030572,18,5,24,1805,1,2,1,1.0,6.0,64102,M,4349630.0,-146472.0,64
201800030573,18,5,26,35,5,2,1,1.0,7.0,64024,M,4348350.0,-150887.0,64
201800030574,18,5,27,1750,1,2,1,8.0,6.0,64024,M,4348120.0,-151091.0,64
201800030575,18,5,29,1135,1,2,1,1.0,7.0,64024,M,4348280.0,-150408.0,64
201800030576,18,5,29,1715,1,2,9,1.0,7.0,64102,M,4348410.0,-144746.0,64
201800030577,18,6,2,1415,1,2,1,8.0,7.0,64024,M,4345720.0,-150388.0,64
201800030578,18,6,6,1615,1,2,3,1.0,3.0,64024,M,4348120.0,-151064.0,64
201800030579,18,6,10,340,5,2,1,8.0,7.0,64024,M,4348650.0,-150176.0,64
201800030580,18,6,10,540,4,2,4,1.0,7.0,64102,M,4348560.0,-149217.0,64
201800030581,18,6,10,1615,1,2,3,8.0,7.0,64024,M,4348120.0,-151064.0,64
201800030582,18,6,15,1110,1,2,3,8.0,7.0,64024,M,4349350.0,-154556.0,64
201800030583,18,6,18,1620,1,2,1,1.0,3.0,64102,M,4349320.0,-147458.0,64
201800030584,18,6,24,1715,1,2,1,1.0,3.0,64140,M,4352880.0,-149193.0,64
201800030585,18,6,26,1810,1,2,1,1.0,2.0,64102,M,4350310.0,-147521.0,64
201800030586,18,7,3,1645,1,2,1,1.0,2.0,64102,M,4349760.0,-148554.0,64
201800030587,18,7,5,1815,1,2,1,8.0,7.0,64102,M,4347590.0,-149000.0,64
201800030588,18,7,10,1000,1,2,1,1.0,4.0,64102,M,4349600.0,-148062.0,64
201800030589,18,7,11,1440,1,2,3,1.0,3.0,64024,M,4349880.0,-154264.0,64
201800030590,18,7,13,24,5,2,1,1.0,7.0,64102,M,4347490.0,-148490.0,64
201800030591,18,7,13,1635,1,2,3,1.0,3.0,64024,M,4346430.0,-150173.0,64
201800030592,18,7,17,1650,1,2,3,1.0,7.0,64102,M,4349390.0,-145403.0,64
201800030593,18,7,21,1945,1,2,1,1.0,2.0,64102,M,4348830.0,-145982.0,64
201800030594,18,7,29,1945,1,2,2,1.0,7.0,64102,M,4349150.0,-148161.0,64
201800030595,18,8,5,2045,1,2,2,1.0,7.0,64024,M,4348740.0,-153648.0,64
201800030596,18,8,6,1030,1,2,6,1.0,7.0,64024,M,4346400.0,-149548.0,64
201800030597,18,8,8,1540,1,2,1,1.0,1.0,64024,M,4349320.0,-153100.0,64
201800030598,18,8,12,1125,1,2,2,1.0,3.0,64102,M,4349530.0,-147834.0,64
201800030599,18,8,16,1300,1,2,6,8.0,4.0,64102,M,4349150.0,-145378.0,64
201800030600,18,8,17,1545,1,2,3,1.0,7.0,64024,M,4351600.0,-150150.0,64
201800030601,18,8,19,1310,1,2,9,1.0,3.0,64102,M,4348600.0,-146113.0,64
201800030602,18,8,19,2200,5,2,3,1.0,3.0,64102,M,4348390.0,-149930.0,64
201800030603,18,8,21,1600,1,2,1,1.0,3.0,64024,M,4352710.0,-152123.0,64
201800030604,18,8,24,730,1,2,1,8.0,3.0,64140,M,4351770.0,-148868.0,64
201800030605,18,8,23,750,1,2,1,1.0,6.0,64024,M,4345400.0,-149445.0,64
201800030606,18,8,25,1330,1,2,1,1.0,6.0,64024,M,4350360.0,-151702.0,64
201800030607,18,9,3,1130,1,2,1,1.0,3.0,64024,M,4349320.0,-152656.0,64
201800030608,18,9,5,1715,1,2,2,8.0,5.0,64102,M,4349300.0,-146590.0,64
201800030609,18,9,11,1700,1,2,9,1.0,3.0,64024,M,4352060.0,-150253.0,64
201800030610,18,9,11,1745,1,2,1,1.0,3.0,64102,M,4349090.0,-146970.0,64
201800030611,18,9,14,755,1,2,6,1.0,2.0,64102,M,4348180.0,-147753.0,64
201800030612,18,9,21,1610,1,2,1,1.0,6.0,64102,M,4348760.0,-147316.0,64
201800030613,18,9,22,1250,1,2,3,1.0,7.0,64102,M,4349660.0,-145065.0,64
201800030614,18,9,22,1850,1,2,5,1.0,5.0,64024,M,4348730.0,-153648.0,64
201800030615,18,9,22,2045,5,2,9,1.0,3.0,64024,M,4348440.0,-150120.0,64
201800030616,18,9,23,155,5,2,6,1.0,6.0,64102,M,4349670.0,-148333.0,64
201800030617,18,9,25,1000,1,2,1,1.0,3.0,64102,M,4349440.0,-147164.0,64
201800030618,18,9,27,1640,1,2,6,1.0,2.0,64102,M,4348680.0,-146885.0,64
201800030619,18,9,28,2125,5,2,6,1.0,7.0,64140,M,4353310.0,-147092.0,64
201800030620,18,10,2,1225,1,2,1,1.0,2.0,64102,M,4349240.0,-149111.0,64
201800030621,18,10,5,1850,1,2,6,1.0,3.0,64102,M,4346010.0,-149620.0,64
201800030622,18,10,8,1425,1,2,1,1.0,3.0,64102,M,4349080.0,-149426.0,64
201800030623,18,10,19,1245,1,2,1,8.0,3.0,64102,M,4349720.0,-148823.0,64
201800030624,18,10,19,1720,1,2,6,1.0,7.0,64102,M,4350470.0,-144633.0,64
201800030625,18,10,20,1525,1,2,1,8.0,6.0,64102,M,4348500.0,-149496.0,64
201800030626,18,10,22,1305,1,2,6,1.0,3.0,64024,M,4347440.0,-149460.0,64
201800030627,18,10,25,1710,1,2,1,1.0,2.0,64102,M,4348700.0,-149083.0,64
201800030628,18,10,26,30,5,2,5,1.0,2.0,64024,M,4348720.0,-153659.0,64
201800030629,18,11,1,1615,1,2,6,8.0,7.0,64024,M,4349810.0,-149460.0,64
201800030630,18,11,2,1520,1,2,1,1.0,3.0,64024,M,4348770.0,-153599.0,64
201800030631,18,11,5,1845,5,2,1,2.0,6.0,64102,M,4349190.0,-146450.0,64
201800030632,18,11,9,2205,5,2,1,1.0,7.0,64102,M,4349010.0,-146028.0,64
201800030633,18,11,10,1800,5,2,1,1.0,6.0,64102,M,4348580.0,-149107.0,64
201800030634,18,11,16,1615,1,2,6,1.0,3.0,64102,M,4349890.0,-148181.0,64
201800030635,18,11,16,1645,1,2,1,1.0,6.0,64102,M,4349960.0,-148973.0,64
201800030636,18,11,17,1950,5,2,1,1.0,7.0,64102,M,4349770.0,-148582.0,64
201800030637,18,11,17,2130,3,2,2,1.0,3.0,64024,M,4350160.0,-150685.0,64
201800030638,18,11,28,2000,5,2,1,1.0,7.0,64024,M,4349400.0,-152571.0,64
201800030639,18,12,3,1250,1,2,1,2.0,2.0,64102,M,4348730.0,-146201.0,64
201800030640,18,12,4,1955,5,2,1,1.0,7.0,64024,M,4348270.0,-150496.0,64
201800030641,18,12,6,240,5,2,1,9.0,6.0,64024,M,4349400.0,-152829.0,64
201800030642,18,12,6,1700,1,2,1,1.0,2.0,64102,M,4348820.0,-145980.0,64
201800030643,18,12,12,1210,1,2,1,3.0,7.0,64102,M,4348350.0,-150149.0,64
201800030644,18,12,14,1920,5,2,1,3.0,2.0,64024,M,4349670.0,-149845.0,64
201800030645,18,12,15,615,5,2,1,1.0,3.0,64102,M,4349480.0,-146894.0,64
201800030646,18,12,15,1845,5,2,1,1.0,6.0,64024,M,4348720.0,-150339.0,64
201800030647,18,12,19,1350,1,2,6,2.0,7.0,64024,M,4349730.0,-150971.0,64
201800030648,18,1,17,930,1,2,1,3.0,6.0,64122,M,4346620.0,-157255.0,64
201800030649,18,1,22,1215,1,2,1,8.0,2.0,64122,M,4347810.0,-155946.0,64
201800030650,18,1,29,1950,5,2,1,1.0,6.0,64122,M,4345420.0,-155354.0,64
201800030651,18,2,4,1000,1,2,1,2.0,6.0,64125,M,4343950.0,-157477.0,64
201800030652,18,2,22,845,1,2,1,1.0,6.0,64122,M,4346910.0,-155540.0,64
201800030653,18,2,22,1850,2,2,1,8.0,1.0,64122,M,4345930.0,-154834.0,64
201800030654,18,3,10,1830,1,2,1,1.0,3.0,64122,M,4349080.0,-154475.0,64
201800030655,18,3,11,600,5,2,1,1.0,6.0,64122,M,4348100.0,-156286.0,64
201800030656,18,3,12,2000,5,2,1,1.0,6.0,64122,M,4345900.0,-154499.0,64
201800030657,18,4,18,1740,1,2,2,1.0,3.0,64122,M,4347620.0,-156245.0,64
201800030658,18,5,5,2240,5,2,1,1.0,6.0,64122,M,4347400.0,-154586.0,64
201800030659,18,5,7,2050,2,2,1,1.0,2.0,64122,M,4346090.0,-154875.0,64
201800030660,18,5,17,1326,1,2,1,1.0,3.0,64122,M,4348100.0,-153515.0,64
201800030661,18,5,18,120,5,2,1,1.0,6.0,64122,M,4348460.0,-155467.0,64
201800030662,18,5,18,1750,1,2,1,1.0,1.0,64122,M,4347860.0,-153523.0,64
201800030663,18,5,20,105,5,2,1,1.0,3.0,64122,M,4348080.0,-154550.0,64
201800030664,18,5,20,240,4,2,1,1.0,6.0,64122,M,4348370.0,-155778.0,64
201800030665,18,5,22,749,1,2,9,1.0,3.0,64122,M,4347530.0,-154027.0,64
201800030666,18,5,23,1226,1,2,1,1.0,6.0,64122,M,4348140.0,-154502.0,64
201800030667,18,6,3,1057,1,2,1,1.0,2.0,64122,M,4347590.0,-155256.0,64
201800030668,18,6,15,25,5,2,1,1.0,6.0,64122,M,4348130.0,-156708.0,64
201800030669,18,6,14,1325,1,2,9,1.0,3.0,64122,M,4346760.0,-154001.0,64
201800030670,18,6,16,1830,1,2,1,1.0,2.0,64125,M,4344890.0,-158022.0,64
201800030671,18,6,21,330,5,2,1,1.0,7.0,64122,M,4348320.0,-156600.0,64
201800030672,18,6,22,1955,1,2,1,1.0,3.0,64122,M,4347580.0,-155260.0,64
201800030673,18,6,30,2007,1,2,1,3.0,7.0,64122,M,4347820.0,-155971.0,64
201800030674,18,7,11,1725,1,2,1,1.0,5.0,64125,M,4345070.0,-156712.0,64
201800030675,18,7,14,456,5,2,1,8.0,6.0,64122,M,4347760.0,-155707.0,64
201800030676,18,7,14,1515,1,2,1,1.0,3.0,64125,M,4344640.0,-158156.0,64
201800030677,18,7,15,25,5,2,1,1.0,6.0,64122,M,4348120.0,-154076.0,64
201800030678,18,7,16,610,5,2,1,3.0,1.0,64125,M,4343940.0,-158708.0,64
201800030679,18,7,16,1820,1,2,1,1.0,2.0,64125,M,4345040.0,-156225.0,64
201800030680,18,7,17,1140,1,2,1,1.0,6.0,64122,M,4347130.0,-156316.0,64
201800030681,18,7,25,1615,1,2,1,1.0,6.0,64122,M,4347980.0,-155282.0,64
201800030682,18,7,25,1725,1,2,1,1.0,6.0,64122,M,4348200.0,-156857.0,64
201800030683,18,8,1,2105,5,2,1,1.0,6.0,64125,M,4343040.0,-159926.0,64
201800030684,18,8,3,600,5,2,1,1.0,7.0,64122,M,4347470.0,-154546.0,64
201800030685,18,8,8,1105,1,2,9,1.0,3.0,64122,M,4348180.0,-155572.0,64
201800030686,18,8,9,250,5,2,1,6.0,6.0,64122,M,4346740.0,-157006.0,64
201800030687,18,8,10,1135,1,2,1,1.0,6.0,64122,M,4347900.0,-156040.0,64
201800030688,18,8,16,615,5,2,1,1.0,7.0,64122,M,4348190.0,-155940.0,64
201800030689,18,8,21,1000,1,2,1,1.0,6.0,64125,M,4343820.0,-158272.0,64
201800030690,18,8,23,345,5,2,1,1.0,6.0,64122,M,4348300.0,-154600.0,64
201800030691,18,8,23,1505,1,2,9,1.0,1.0,64122,M,4346250.0,-155126.0,64
201800030692,18,8,26,1130,1,2,9,1.0,3.0,64122,M,4348450.0,-154301.0,64
201800030693,18,8,24,1400,1,2,1,1.0,6.0,64122,M,4348070.0,-154540.0,64
201800030694,18,9,1,215,5,2,1,1.0,6.0,64122,M,4347780.0,-156232.0,64
201800030695,18,9,6,730,2,2,1,2.0,3.0,64122,M,4347060.0,-155532.0,64
201800030696,18,9,9,5,5,2,1,1.0,5.0,64122,M,4348300.0,-156471.0,64
201800030697,18,9,21,1725,1,2,1,1.0,2.0,64122,M,4346960.0,-153822.0,64
201800030698,18,9,25,1754,1,2,1,1.0,3.0,64122,M,4348490.0,-155696.0,64
201800030699,18,9,26,1830,1,2,1,1.0,6.0,64125,M,4343830.0,-158912.0,64
201800030700,18,9,28,220,3,2,1,1.0,6.0,64122,M,4346450.0,-157334.0,64
201800030701,18,9,30,235,5,2,1,1.0,2.0,64122,M,4348530.0,-155639.0,64
201800030702,18,10,1,525,5,2,1,1.0,2.0,64122,M,4347070.0,-156862.0,64
201800030703,18,10,3,2320,5,2,1,1.0,6.0,64122,M,4349210.0,-154665.0,64
201800030704,18,10,22,1840,1,2,1,1.0,6.0,64122,M,4346730.0,-155437.0,64
201800030705,18,10,24,1800,1,2,1,1.0,6.0,64122,M,4349230.0,-154979.0,64
201800030706,18,11,29,2016,5,2,6,2.0,3.0,64122,M,4345840.0,-154751.0,64
201800030707,18,12,4,1015,1,2,1,1.0,3.0,64122,M,4346610.0,-153711.0,64
201800030708,18,12,9,1835,5,2,1,1.0,5.0,64122,M,4346670.0,-153788.0,64
201800030709,18,12,26,2340,5,2,1,1.0,6.0,64122,M,4346810.0,-153979.0,64
201800030710,18,1,1,2130,5,2,1,2.0,3.0,64445,M,4330430.0,-36756.0,64
201800030711,18,1,2,435,5,2,6,2.0,3.0,64284,M,4327870.0,-38851.0,64
201800030712,18,1,2,1701,1,2,1,2.0,2.0,64335,M,4332310.0,-42045.0,64
201800030713,18,1,3,1755,5,2,1,2.0,6.0,64445,M,4330980.0,-34372.0,64
201800030714,18,1,4,1100,1,2,1,1.0,2.0,64129,M,4331330.0,-37750.0,64
201800030715,18,1,4,1921,5,2,1,1.0,3.0,64445,M,4329220.0,-36454.0,64
201800030716,18,1,5,1245,1,2,1,2.0,3.0,64445,M,4331250.0,-37311.0,64
201800030717,18,1,8,930,1,2,2,1.0,3.0,64132,M,4328740.0,-35137.0,64
201800030718,18,1,9,1828,5,2,1,1.0,2.0,64445,M,4330230.0,-35405.0,64
201800030719,18,1,9,1913,5,2,1,2.0,6.0,64445,M,4331910.0,-36736.0,64
201800030720,18,1,10,730,5,2,1,1.0,3.0,64445,M,4331770.0,-37837.0,64
201800030721,18,1,10,1530,1,2,6,1.0,3.0,64348,M,4333710.0,-46063.0,64
201800030722,18,1,10,1900,5,2,1,1.0,6.0,64445,M,4331130.0,-36893.0,64
201800030723,18,1,11,740,3,2,1,2.0,4.0,64445,M,4332250.0,-30069.0,64
201800030724,18,1,11,755,3,2,6,2.0,3.0,64373,M,4328080.0,-35756.0,64
201800030725,18,1,12,1910,5,2,1,1.0,6.0,64445,M,4330320.0,-34939.0,64
201800030726,18,1,12,1545,1,2,3,1.0,2.0,64445,M,4333960.0,-37762.0,64
201800030727,18,1,12,1003,1,2,6,2.0,3.0,64445,M,4330780.0,-33918.0,64
201800030728,18,1,15,1546,1,2,1,1.0,6.0,64445,M,4330720.0,-35480.0,64
201800030729,18,1,17,2149,4,2,2,2.0,3.0,64445,M,4330440.0,-36750.0,64
201800030730,18,1,18,1815,2,2,2,1.0,6.0,64445,M,4329750.0,-36578.0,64
201800030731,18,1,21,1000,1,2,6,3.0,3.0,64348,M,4331720.0,-39483.0,64
201800030732,18,1,23,1954,5,2,1,1.0,3.0,64445,M,4330690.0,-37701.0,64
201800030733,18,1,24,830,1,2,1,1.0,6.0,64445,M,4330740.0,-38021.0,64
201800030734,18,1,24,1705,1,2,1,1.0,3.0,64348,M,4332750.0,-38478.0,64
201800030735,18,1,26,1435,1,2,1,1.0,2.0,64445,M,4330800.0,-37682.0,64
201800030736,18,1,26,2020,5,2,2,2.0,1.0,64284,M,4328360.0,-38641.0,64
201800030737,18,1,28,2029,5,2,3,1.0,3.0,64348,M,4332470.0,-37963.0,64
201800030738,18,1,29,1249,1,2,1,1.0,6.0,64335,M,4333420.0,-42942.0,64