Num_Acc,an,mois,jour,hrmn,lum,agg,int,atm,col,com,gps,lat,long,dep
201800030739,18,2,1,750,5,2,1,2.0,6.0,64445,M,4329470.0,-36758.0,64
201800030740,18,2,5,800,2,2,2,2.0,3.0,64445,M,4331010.0,-36079.0,64
201800030741,18,2,5,1825,2,2,1,2.0,1.0,64445,M,4331720.0,-35617.0,64
201800030742,18,2,7,1650,1,2,1,1.0,4.0,64348,M,4330110.0,-41152.0,64
201800030743,18,2,8,928,1,2,1,4.0,2.0,64132,M,4330230.0,-31785.0,64
201800030744,18,2,9,1810,2,2,1,2.0,6.0,64445,M,4332290.0,-37935.0,64
201800030745,18,2,12,1015,1,2,1,1.0,6.0,64269,M,4329760.0,-30382.0,64
201800030746,18,2,13,1400,1,2,1,1.0,6.0,64445,M,4330000.0,-36967.0,64
201800030747,18,2,14,1404,1,2,1,3.0,6.0,64445,M,4331900.0,-36754.0,64
201800030748,18,2,14,925,1,2,2,2.0,3.0,64445,M,4330700.0,-35329.0,64
201800030749,18,2,15,840,1,2,2,1.0,3.0,64445,M,4329580.0,-36605.0,64
201800030750,18,2,16,1022,1,2,1,1.0,2.0,64284,M,4329060.0,-39420.0,64
201800030751,18,2,17,1140,1,2,1,2.0,2.0,64445,M,4330820.0,-35317.0,64
201800030752,18,2,18,1230,1,2,1,1.0,2.0,64348,M,4332590.0,-37966.0,64
201800030753,18,2,21,1150,1,2,1,2.0,3.0,64445,M,4330220.0,-36061.0,64
201800030754,18,2,19,2340,5,2,6,3.0,2.0,64445,M,4333840.0,-37971.0,64
201800030755,18,2,23,1458,1,2,1,1.0,2.0,64445,M,4331020.0,-37671.0,64
201800030756,18,2,23,1932,5,2,3,1.0,6.0,64348,M,4332450.0,-37964.0,64
201800030757,18,2,25,2315,5,2,1,1.0,3.0,64445,M,4331000.0,-32598.0,64
201800030758,18,3,2,758,1,2,1,1.0,2.0,64445,M,4329870.0,-35000.0,64
201800030759,18,3,2,1055,1,2,1,1.0,4.0,64284,M,4329120.0,-40492.0,64
201800030760,18,3,13,1550,1,2,1,1.0,2.0,64445,M,4330340.0,-36434.0,64
201800030761,18,3,14,1920,2,2,3,1.0,3.0,64445,M,4330030.0,-36607.0,64
201800030762,18,3,15,1535,1,2,1,1.0,4.0,64445,M,4330030.0,-36550.0,64
201800030763,18,3,16,1200,1,2,1,2.0,6.0,64445,M,4329980.0,-36188.0,64
201800030764,18,3,18,1430,1,2,1,1.0,6.0,64445,M,4332270.0,-34692.0,64
201800030765,18,3,20,2000,5,2,1,1.0,6.0,64129,M,4331140.0,-38872.0,64
201800030766,18,3,23,1945,3,2,1,1.0,2.0,64445,M,4331500.0,-35431.0,64
201800030767,18,3,24,130,5,2,1,2.0,6.0,64445,M,4329460.0,-37716.0,64
201800030768,18,3,25,639,4,2,1,2.0,6.0,64445,M,4330030.0,-37500.0,64
201800030769,18,3,24,2008,5,2,1,2.0,6.0,64445,M,4328870.0,-38000.0,64
201800030770,18,3,26,805,1,2,1,2.0,6.0,64445,M,4330330.0,-35890.0,64
201800030771,18,3,26,1320,1,2,1,2.0,6.0,64348,M,4332020.0,-37888.0,64
201800030772,18,3,26,1625,1,2,1,1.0,5.0,64373,M,4327720.0,-36346.0,64
201800030773,18,3,28,1225,1,2,1,1.0,3.0,64129,M,4330020.0,-39285.0,64
201800030774,18,3,29,1353,1,2,3,1.0,3.0,64237,M,4328140.0,-37517.0,64
201800030775,18,3,30,1135,1,2,2,1.0,1.0,64445,M,4331100.0,-35179.0,64
201800030776,18,4,1,1520,1,2,9,1.0,3.0,64445,M,4333820.0,-37973.0,64
201800030777,18,4,2,1405,1,2,6,1.0,2.0,64129,M,4330510.0,-40126.0,64
201800030778,18,4,3,845,1,2,9,1.0,3.0,64445,M,4330840.0,-37430.0,64
201800030779,18,4,5,1620,1,2,9,1.0,2.0,64348,M,4333570.0,-38512.0,64
201800030780,18,4,6,855,1,2,1,1.0,6.0,64348,M,4332300.0,-39967.0,64
201800030781,18,4,6,1700,1,2,9,1.0,2.0,64348,M,4331360.0,-41727.0,64
201800030782,18,4,11,910,1,2,9,1.0,3.0,64129,M,4330800.0,-38306.0,64
201800030783,18,4,11,1010,1,2,1,2.0,2.0,64348,M,4331460.0,-41912.0,64
201800030784,18,4,15,1905,1,2,1,1.0,2.0,64445,M,4330550.0,-33835.0,64
201800030785,18,4,17,1650,1,2,1,1.0,6.0,64445,M,4330170.0,-37757.0,64
201800030786,18,4,17,1905,1,2,1,1.0,2.0,64445,M,4332040.0,-35222.0,64
201800030787,18,4,18,1045,1,2,2,1.0,3.0,64445,M,4332140.0,-36043.0,64
201800030788,18,4,19,1140,1,2,1,1.0,3.0,64445,M,4330320.0,-34903.0,64
201800030789,18,4,20,1330,1,2,9,1.0,3.0,64445,M,4330080.0,-36142.0,64
201800030790,18,4,26,1455,1,2,1,1.0,4.0,64445,M,4329630.0,-37520.0,64
201800030791,18,4,30,1845,1,2,1,1.0,6.0,64445,M,4331750.0,-31069.0,64
201800030792,18,4,30,1825,1,2,1,1.0,6.0,64445,M,4330830.0,-32949.0,64
201800030793,18,5,4,905,1,2,9,2.0,3.0,64445,M,4330280.0,-36161.0,64
201800030794,18,5,9,1806,1,2,1,1.0,1.0,64348,M,4332950.0,-38567.0,64
201800030795,18,5,10,335,5,2,1,1.0,6.0,64129,M,4331590.0,-38645.0,64
201800030796,18,5,10,2036,1,2,1,1.0,6.0,64335,M,4333750.0,-46122.0,64
201800030797,18,5,11,1719,1,2,4,1.0,3.0,64335,M,4331910.0,-42740.0,64
201800030798,18,5,14,1620,1,2,1,3.0,3.0,64129,M,4330610.0,-38776.0,64
201800030799,18,5,14,1645,1,2,1,3.0,4.0,64445,M,4333890.0,-37838.0,64
201800030800,18,5,15,1050,1,2,1,2.0,4.0,64335,M,4332990.0,-44735.0,64
201800030801,18,5,18,1511,1,2,1,1.0,2.0,64445,M,4329240.0,-36358.0,64
201800030802,18,5,18,2225,5,2,1,1.0,1.0,64348,M,4332090.0,-37905.0,64
201800030803,18,5,24,1924,1,2,1,1.0,3.0,64445,M,4331130.0,-36425.0,64
201800030804,18,5,29,700,2,2,1,2.0,2.0,64445,M,4329320.0,-36127.0,64
201800030805,18,5,30,1615,1,2,1,3.0,6.0,64445,M,4330050.0,-37959.0,64
201800030806,18,5,31,100,4,2,2,2.0,2.0,64445,M,4330480.0,-35246.0,64
201800030807,18,5,31,1035,1,2,3,8.0,3.0,64445,M,4330240.0,-36049.0,64
201800030808,18,5,31,1738,1,2,1,1.0,6.0,64445,M,4329920.0,-37499.0,64
201800030809,18,6,4,1345,1,2,1,3.0,2.0,64445,M,4329920.0,-37947.0,64
201800030810,18,6,5,1620,1,2,1,1.0,6.0,64445,M,4329980.0,-37011.0,64
201800030811,18,6,6,1200,1,2,2,1.0,1.0,64445,M,4330040.0,-36525.0,64
201800030812,18,6,6,1915,1,2,9,1.0,3.0,64348,M,4332500.0,-39321.0,64
201800030813,18,6,6,1950,1,2,1,1.0,3.0,64129,M,4331640.0,-37824.0,64
201800030814,18,6,8,1155,1,2,3,1.0,3.0,64445,M,4331190.0,-34588.0,64
201800030815,18,6,8,1910,1,2,6,1.0,3.0,64445,M,4330610.0,-33372.0,64
201800030816,18,6,8,1945,1,2,1,1.0,6.0,64445,M,4329260.0,-37797.0,64
201800030817,18,6,9,1005,1,2,6,2.0,3.0,64445,M,4333020.0,-35587.0,64
201800030818,18,6,11,830,1,2,1,1.0,2.0,64348,M,4330840.0,-40805.0,64
201800030819,18,6,9,1834,1,2,6,1.0,4.0,64445,M,4330570.0,-37663.0,64
201800030820,18,6,12,1715,1,2,1,2.0,4.0,64445,M,4332360.0,-31648.0,64
201800030821,18,6,13,1545,1,2,1,2.0,2.0,64335,M,4333230.0,-42400.0,64
201800030822,18,6,14,1910,1,2,1,2.0,3.0,64445,M,4329590.0,-36599.0,64
201800030823,18,6,20,1510,1,2,1,1.0,4.0,64445,M,4330080.0,-36135.0,64
201800030824,18,6,20,1620,1,2,6,1.0,3.0,64445,M,4332330.0,-32572.0,64
201800030825,18,6,21,1655,1,2,1,1.0,3.0,64445,M,4330220.0,-36501.0,64
201800030826,18,6,23,150,4,2,2,1.0,3.0,64445,M,4330290.0,-35832.0,64
201800030827,18,6,23,2340,5,2,2,1.0,3.0,64445,M,4329680.0,-36637.0,64
201800030828,18,6,24,1745,1,2,1,1.0,3.0,64445,M,4330180.0,-35823.0,64
201800030829,18,6,25,930,1,2,3,1.0,3.0,64445,M,4331040.0,-33238.0,64
201800030830,18,6,26,1600,1,2,1,1.0,2.0,64445,M,4331130.0,-36143.0,64
201800030831,18,7,2,1810,1,2,1,1.0,6.0,64445,M,4331460.0,-37780.0,64
201800030832,18,7,4,1807,1,2,1,1.0,1.0,64445,M,4329410.0,-37530.0,64
201800030833,18,7,5,1150,1,2,9,1.0,2.0,64284,M,4328100.0,-38612.0,64
201800030834,18,7,5,1620,1,2,1,1.0,3.0,64348,M,4332890.0,-38250.0,64
201800030835,18,7,7,1330,1,2,1,1.0,6.0,64445,M,4329230.0,-36436.0,64
201800030836,18,7,10,1330,1,2,9,1.0,3.0,64445,M,4330530.0,-32305.0,64
201800030837,18,7,14,2320,5,2,1,3.0,6.0,64445,M,4330250.0,-36052.0,64
201800030838,18,7,13,2253,5,2,9,1.0,1.0,64445,M,4329440.0,-36889.0,64
201800030839,18,7,20,1730,1,2,1,1.0,6.0,64445,M,4330020.0,-36119.0,64
201800030840,18,7,20,1740,1,2,6,1.0,3.0,64445,M,4330800.0,-33944.0,64
201800030841,18,7,20,2040,1,2,5,2.0,3.0,64445,M,4330610.0,-37515.0,64
201800030842,18,7,24,1220,1,2,1,1.0,1.0,64445,M,4330760.0,-35654.0,64
201800030843,18,7,24,1543,1,2,1,1.0,2.0,64445,M,4330100.0,-35981.0,64
201800030844,18,7,27,2100,2,2,3,1.0,3.0,64445,M,4329930.0,-36337.0,64
201800030845,18,7,27,1155,1,2,3,1.0,3.0,64445,M,4330740.0,-37531.0,64
201800030846,18,7,27,2110,1,2,9,1.0,3.0,64445,M,4329530.0,-38159.0,64
201800030847,18,8,3,810,1,2,1,1.0,3.0,64132,M,4330420.0,-31781.0,64
201800030848,18,8,3,2055,1,2,1,1.0,3.0,64445,M,4330970.0,-36960.0,64
201800030849,18,8,4,1305,1,2,1,1.0,6.0,64348,M,4334000.0,-39340.0,64
201800030850,18,8,7,1720,1,2,1,1.0,2.0,64348,M,4332940.0,-37987.0,64
201800030851,18,8,7,1740,1,2,1,1.0,4.0,64348,M,4334410.0,-37982.0,64
201800030852,18,8,9,859,1,2,1,1.0,3.0,64335,M,4331870.0,-43190.0,64
201800030853,18,8,13,1501,1,2,1,2.0,2.0,64445,M,4331960.0,-30622.0,64
201800030854,18,8,16,955,1,2,1,1.0,3.0,64445,M,4329400.0,-37604.0,64
201800030855,18,8,19,1155,1,2,1,1.0,2.0,64445,M,4331470.0,-37783.0,64
201800030856,18,8,20,725,2,2,3,1.0,3.0,64445,M,4330740.0,-34008.0,64
201800030857,18,8,21,930,1,2,1,1.0,6.0,64445,M,4330470.0,-36526.0,64
201800030858,18,8,23,1505,1,2,1,1.0,1.0,64445,M,4330120.0,-37310.0,64
201800030859,18,8,27,1250,1,2,1,1.0,2.0,64445,M,4331520.0,-37815.0,64
201800030860,18,8,27,2115,5,2,3,1.0,3.0,64335,M,4333300.0,-45307.0,64
201800030861,18,8,31,907,1,2,1,1.0,4.0,64445,M,4331210.0,-36727.0,64
201800030862,18,8,31,1825,1,2,9,1.0,2.0,64445,M,4332340.0,-37944.0,64
201800030863,18,8,31,2055,2,2,2,1.0,3.0,64445,M,4330260.0,-37450.0,64
201800030864,18,9,2,1710,1,2,6,1.0,2.0,64445,M,4331120.0,-36332.0,64
201800030865,18,9,3,1534,1,2,3,1.0,3.0,64445,M,4330120.0,-35917.0,64
201800030866,18,9,3,1635,1,2,1,1.0,3.0,64445,M,4329930.0,-36455.0,64
201800030867,18,9,4,1940,1,2,1,1.0,1.0,64284,M,4329210.0,-39656.0,64
201800030868,18,9,5,1555,1,2,1,1.0,4.0,64445,M,4331200.0,-36716.0,64
201800030869,18,9,6,1000,1,2,9,1.0,6.0,64445,M,4331630.0,-35994.0,64
201800030870,18,9,7,800,1,2,3,8.0,3.0,64445,M,4329850.0,-33557.0,64
201800030871,18,9,8,1815,1,2,1,1.0,1.0,64129,M,4330260.0,-39714.0,64
201800030872,18,9,10,1325,1,2,1,1.0,1.0,64445,M,4330490.0,-37058.0,64
201800030873,18,9,12,1025,1,2,1,1.0,3.0,64445,M,4329640.0,-37416.0,64
201800030874,18,9,12,720,2,2,2,1.0,3.0,64445,M,4330040.0,-36513.0,64
201800030875,18,9,12,1525,1,2,3,1.0,3.0,64445,M,4330220.0,-37765.0,64
201800030876,18,9,12,1650,1,2,1,2.0,2.0,64445,M,4329630.0,-35515.0,64
201800030877,18,9,12,1440,1,2,1,1.0,5.0,64348,M,4330500.0,-41851.0,64
201800030878,18,9,14,240,5,2,1,1.0,6.0,64284,M,4327480.0,-38845.0,64
201800030879,18,9,14,1905,1,2,1,1.0,3.0,64445,M,4330560.0,-37509.0,64
201800030880,18,9,15,840,1,2,6,1.0,3.0,64445,M,4330400.0,-35612.0,64
201800030881,18,9,15,1530,1,2,1,1.0,2.0,64348,M,4331300.0,-41605.0,64
201800030882,18,9,15,1820,1,2,9,9.0,3.0,64445,M,4331820.0,-37833.0,64
201800030883,18,9,14,850,1,2,1,1.0,3.0,64129,M,4330560.0,-40027.0,64
201800030884,18,9,17,740,2,2,1,1.0,3.0,64348,M,4334840.0,-38174.0,64
201800030885,18,9,14,2050,5,2,3,1.0,5.0,64445,M,4331000.0,-37700.0,64
201800030886,18,9,15,2130,5,2,2,1.0,3.0,64445,M,4330730.0,-35502.0,64
201800030887,18,9,15,1140,1,2,6,1.0,3.0,64132,M,4329890.0,-32184.0,64
201800030888,18,9,18,940,1,2,1,1.0,3.0,64129,M,4330440.0,-40039.0,64
201800030889,18,9,18,1800,1,2,1,1.0,2.0,64445,M,4330060.0,-36031.0,64
201800030890,18,9,18,1830,1,2,2,1.0,3.0,64445,M,4331750.0,-35220.0,64
201800030891,18,9,20,1230,1,2,1,1.0,3.0,64445,M,4330560.0,-34505.0,64
201800030892,18,9,23,430,5,2,1,1.0,2.0,64445,M,4329280.0,-37797.0,64
201800030893,18,9,22,2349,3,2,1,1.0,1.0,64348,M,4332420.0,-37889.0,64
201800030894,18,9,21,1533,1,2,1,1.0,6.0,64445,M,4330160.0,-38266.0,64
201800030895,18,9,24,1230,1,2,3,8.0,3.0,64132,M,4329920.0,-31844.0,64
201800030896,18,9,25,555,2,2,1,1.0,2.0,64445,M,4328840.0,-38010.0,64
201800030897,18,9,26,800,1,2,1,1.0,2.0,64445,M,4331040.0,-37701.0,64
201800030898,18,9,26,1745,1,2,1,1.0,6.0,64445,M,4330900.0,-35255.0,64
201800030899,18,9,27,1810,1,2,1,1.0,3.0,64445,M,4329580.0,-38070.0,64
201800030900,18,9,28,1325,1,2,1,1.0,6.0,64445,M,4330570.0,-33598.0,64
201800030901,18,9,30,40,3,2,1,1.0,6.0,64335,M,4333720.0,-41818.0,64
201800030902,18,10,2,1012,1,2,1,1.0,3.0,64445,M,4330390.0,-35227.0,64
201800030903,18,10,2,1355,1,2,1,1.0,3.0,64445,M,4332270.0,-36953.0,64
201800030904,18,10,2,2030,5,2,1,1.0,3.0,64348,M,4332410.0,-37959.0,64
201800030905,18,10,3,845,1,2,3,7.0,3.0,64445,M,4331420.0,-33316.0,64
201800030906,18,10,3,1210,1,2,1,1.0,6.0,64129,M,4330500.0,-39300.0,64
201800030907,18,10,4,1015,1,2,1,1.0,6.0,64445,M,4329210.0,-37820.0,64
201800030908,18,10,5,1205,1,2,1,1.0,3.0,64445,M,4329220.0,-36486.0,64
201800030909,18,10,6,1515,1,2,9,1.0,3.0,64445,M,4331440.0,-35285.0,64
201800030910,18,10,9,945,1,2,1,1.0,2.0,64348,M,4330970.0,-40980.0,64
201800030911,18,10,9,1445,1,2,6,1.0,6.0,64445,M,4331880.0,-30804.0,64
201800030912,18,10,9,1835,1,2,1,1.0,6.0,64445,M,4329640.0,-36632.0,64
201800030913,18,10,10,1030,1,2,1,1.0,3.0,64445,M,4331300.0,-37746.0,64
201800030914,18,10,11,1850,1,2,6,1.0,5.0,64445,M,4330390.0,-35595.0,64
201800030915,18,10,11,2030,3,2,2,1.0,3.0,64445,M,4330630.0,-37503.0,64
201800030916,18,10,13,1305,1,2,1,1.0,4.0,64348,M,4332020.0,-37890.0,64
201800030917,18,10,16,1420,1,2,1,1.0,1.0,64445,M,4330740.0,-36442.0,64
201800030918,18,10,16,1600,1,2,1,1.0,6.0,64445,M,4329340.0,-36078.0,64
201800030919,18,10,18,755,2,2,1,1.0,6.0,64445,M,4329120.0,-37883.0,64
201800030920,18,10,22,1355,1,2,1,1.0,2.0,64348,M,4332300.0,-38950.0,64
201800030921,18,10,22,2005,5,2,2,1.0,1.0,64445,M,4331170.0,-37714.0,64
201800030922,18,10,23,1625,1,2,3,1.0,3.0,64445,M,4330090.0,-35969.0,64
201800030923,18,10,20,1635,1,2,1,1.0,6.0,64445,M,4333190.0,-33476.0,64
201800030924,18,10,25,2015,5,2,3,1.0,2.0,64445,M,4329900.0,-35524.0,64
201800030925,18,10,27,1835,1,2,1,1.0,2.0,64348,M,4331640.0,-42235.0,64
201800030926,18,10,27,2302,5,2,3,1.0,7.0,64445,M,4330520.0,-37262.0,64
201800030927,18,10,30,1700,1,2,2,1.0,3.0,64132,M,4328830.0,-35277.0,64
201800030928,18,11,3,2040,5,2,3,1.0,3.0,64284,M,4328800.0,-38992.0,64
201800030929,18,11,5,1650,1,2,1,1.0,3.0,64445,M,4333880.0,-37880.0,64
201800030930,18,11,6,1210,1,2,5,2.0,3.0,64445,M,4329690.0,-38728.0,64
201800030931,18,11,6,1638,1,2,1,8.0,4.0,64445,M,4331950.0,-30871.0,64
201800030932,18,11,7,1010,1,2,1,2.0,2.0,64445,M,4329240.0,-36958.0,64
201800030933,18,11,8,1955,5,2,2,1.0,3.0,64445,M,4330270.0,-37454.0,64
201800030934,18,11,10,1620,1,2,2,1.0,3.0,64335,M,4331910.0,-43112.0,64
201800030935,18,11,15,1550,1,2,2,1.0,3.0,64284,M,4329230.0,-40115.0,64
201800030936,18,11,16,710,5,2,2,1.0,1.0,64445,M,4330300.0,-35216.0,64
201800030937,18,11,16,735,2,1,6,1.0,2.0,64335,M,4334450.0,-43076.0,64
201800030938,18,11,16,1825,5,2,1,1.0,4.0,64445,M,4331720.0,-36083.0,64
201800030939,18,11,19,847,2,2,1,5.0,2.0,64445,M,4332160.0,-31247.0,64
201800030940,18,11,21,1910,5,2,1,1.0,4.0,64445,M,4331780.0,-34396.0,64
201800030941,18,11,24,1835,5,2,1,1.0,4.0,64445,M,4332900.0,-37958.0,64
201800030942,18,11,25,2100,5,2,1,1.0,6.0,64445,M,4331840.0,-35759.0,64
201800030943,18,11,26,940,1,2,1,2.0,3.0,64445,M,4331360.0,-36517.0,64
201800030944,18,11,28,1210,1,2,1,1.0,3.0,64445,M,4332520.0,-32536.0,64
201800030945,18,11,28,1120,1,2,9,1.0,7.0,64445,M,4329220.0,-37822.0,64
201800030946,18,11,29,810,2,2,1,1.0,3.0,64445,M,4329720.0,-38659.0,64
201800030947,18,11,29,1345,1,2,2,1.0,3.0,64445,M,4331290.0,-35344.0,64
201800030948,18,11,29,1750,2,2,1,1.0,2.0,64445,M,4330500.0,-34026.0,64
201800030949,18,11,30,2130,5,2,1,1.0,3.0,64445,M,4331100.0,-36613.0,64
201800030950,18,12,1,1625,1,1,1,1.0,4.0,64335,M,4335660.0,-44174.0,64
201800030951,18,12,1,1800,5,2,3,1.0,3.0,64129,M,4331300.0,-38140.0,64
201800030952,18,12,2,1950,5,2,1,1.0,1.0,64348,M,4331970.0,-38520.0,64
201800030953,18,12,6,840,1,2,1,1.0,2.0,64445,M,4331700.0,-37604.0,64
201800030954,18,12,3,2215,5,2,1,1.0,3.0,64445,M,4330270.0,-36883.0,64
201800030955,18,12,7,930,1,2,1,1.0,2.0,64269,M,4329750.0,-30024.0,64
201800030956,18,12,7,1350,1,2,3,1.0,3.0,64445,M,4328800.0,-38028.0,64
201800030957,18,12,7,2230,5,2,1,2.0,7.0,64129,M,4331220.0,-38644.0,64
201800030958,18,12,11,2030,5,2,1,1.0,1.0,64445,M,4331120.0,-35464.0,64
201800030959,18,12,12,1835,3,1,1,1.0,1.0,64348,M,4335260.0,-38160.0,64
201800030960,18,12,13,1355,1,2,1,2.0,2.0,64445,M,4332950.0,-35373.0,64
201800030961,18,12,13,1655,2,2,1,2.0,6.0,64445,M,4329930.0,-37130.0,64
201800030962,18,12,13,1655,2,2,1,3.0,3.0,64445,M,4332050.0,-35921.0,64
201800030963,18,12,15,1800,5,2,1,2.0,6.0,64445,M,4329650.0,-35871.0,64
201800030964,18,12,17,1700,1,2,2,1.0,6.0,64445,M,4329600.0,-37870.0,64
201800030965,18,12,18,1940,5,2,1,1.0,4.0,64445,M,4333040.0,-35642.0,64
201800030966,18,12,20,2130,5,1,1,1.0,6.0,64348,M,4330990.0,-39614.0,64
201800030967,18,12,23,1725,2,2,1,1.0,3.0,64269,M,4329890.0,-30576.0,64
201800030968,18,12,24,725,5,2,1,1.0,3.0,64445,M,4329260.0,-37800.0,64
201800030969,18,12,25,810,2,2,1,1.0,6.0,64284,M,4327870.0,-37710.0,64
201800030970,18,12,27,700,5,2,2,1.0,3.0,64445,M,4330830.0,-32940.0,64
201800030971,18,12,29,2020,5,2,1,1.0,6.0,64445,M,4331840.0,-36025.0,64
201800030972,18,12,31,2030,3,1,3,5.0,3.0,64335,M,4333920.0,-39516.0,64
201800030973,18,1,8,1405,1,1,1,1.0,3.0,64483,M,4338140.0,-164179.0,64
201800030974,18,1,12,1900,5,2,1,2.0,6.0,64483,M,4339260.0,-165274.0,64
201800030975,18,1,15,1120,1,2,1,1.0,2.0,64260,M,4334980.0,-177287.0,64
201800030976,18,1,16,2215,5,2,1,3.0,3.0,64483,M,4338620.0,-165566.0,64
201800030977,18,1,24,1730,1,2,1,1.0,1.0,64483,M,4339090.0,-165922.0,64
201800030978,18,1,24,1955,5,2,1,1.0,6.0,64260,M,4335020.0,-178333.0,64
201800030979,18,1,26,1740,5,2,1,3.0,3.0,64189,M,4338440.0,-166628.0,64
201800030980,18,1,27,1230,1,1,1,8.0,1.0,64483,M,4338940.0,-162677.0,64
201800030981,18,2,10,1638,1,2,1,1.0,3.0,64483,M,4339170.0,-165485.0,64
201800030982,18,2,17,1720,1,2,1,3.0,6.0,64483,M,4338580.0,-165888.0,64
201800030983,18,3,2,1814,1,2,2,1.0,3.0,64189,M,4338260.0,-166650.0,64
201800030984,18,3,2,2110,5,2,1,1.0,3.0,64483,M,4339170.0,-165943.0,64
201800030985,18,3,11,1107,1,2,1,1.0,3.0,64260,M,4335790.0,-176883.0,64
201800030986,18,3,16,1530,1,2,1,1.0,2.0,64483,M,4338490.0,-165298.0,64
201800030987,18,3,16,1600,1,2,1,1.0,3.0,64545,M,4335290.0,-166731.0,64
201800030988,18,3,20,2115,5,2,1,1.0,5.0,64483,M,4339500.0,-164865.0,64
201800030989,18,3,22,1120,1,2,1,1.0,3.0,64249,M,4342350.0,-160512.0,64
201800030990,18,4,14,1320,1,2,1,1.0,5.0,64189,M,4337490.0,-168557.0,64
201800030991,18,4,17,1730,1,2,1,1.0,2.0,64260,M,4335130.0,-178345.0,64
201800030992,18,4,21,1007,1,1,1,1.0,2.0,64483,M,4338720.0,-162227.0,64
201800030993,18,4,25,1155,1,2,1,1.0,5.0,64545,M,4336410.0,-169045.0,64
201800030994,18,4,25,1425,1,2,1,1.0,3.0,64260,M,4336180.0,-176204.0,64
201800030995,18,5,2,815,1,2,1,1.0,3.0,64483,M,4338370.0,-165994.0,64
201800030996,18,5,4,1640,1,2,1,1.0,3.0,64483,M,4339270.0,-165264.0,64
201800030997,18,5,11,135,5,2,1,1.0,6.0,64249,M,4342460.0,-160904.0,64
201800030998,18,5,14,1230,1,2,1,1.0,2.0,64260,M,4335400.0,-177974.0,64
201800030999,18,5,21,1855,1,2,1,1.0,6.0,64260,M,4337140.0,-177329.0,64
201800031000,18,5,31,920,1,2,1,1.0,2.0,64189,M,4338260.0,-166749.0,64
201800031001,18,6,4,1320,1,2,1,1.0,6.0,64483,M,4338730.0,-166307.0,64
201800031002,18,6,6,1120,1,2,1,1.0,6.0,64189,M,4339310.0,-168570.0,64
201800031003,18,6,7,1235,1,2,1,1.0,3.0,64260,M,4337060.0,-177591.0,64
201800031004,18,6,7,1324,1,2,1,1.0,2.0,64483,M,4340130.0,-163717.0,64
201800031005,18,6,9,1515,1,2,1,3.0,1.0,64260,M,4337390.0,-175839.0,64
201800031006,18,6,10,1400,1,2,1,1.0,2.0,64260,M,4334980.0,-178027.0,64
201800031007,18,6,14,1650,1,1,1,1.0,1.0,64545,M,4339030.0,-170323.0,64
201800031008,18,6,16,1740,1,2,1,1.0,3.0,64483,M,4339540.0,-164788.0,64
201800031009,18,6,18,1310,1,2,1,1.0,3.0,64260,M,4335360.0,-177364.0,64
201800031010,18,6,22,4,4,2,1,1.0,1.0,64483,M,4339220.0,-163438.0,64
201800031011,18,6,22,1120,1,2,1,1.0,3.0,64260,M,4334960.0,-177442.0,64
201800031012,18,6,22,1715,1,1,1,1.0,4.0,64483,M,4336870.0,-163671.0,64
201800031013,18,6,23,2040,1,2,1,1.0,3.0,64260,M,4336880.0,-177127.0,64
201800031014,18,6,26,945,1,2,1,1.0,6.0,64545,M,4333870.0,-166769.0,64
201800031015,18,6,29,1840,1,2,1,1.0,3.0,64189,M,4338480.0,-166436.0,64
201800031016,18,7,4,1930,1,2,9,8.0,3.0,64483,M,4339170.0,-165470.0,64
201800031017,18,7,7,1620,1,1,1,1.0,6.0,64260,M,4334640.0,-177095.0,64
201800031018,18,7,11,1130,1,1,1,1.0,2.0,64545,M,4338650.0,-171479.0,64
201800031019,18,7,11,2330,5,2,1,1.0,3.0,64260,M,4334920.0,-176948.0,64
201800031020,18,7,12,1900,1,2,1,1.0,3.0,64260,M,4335560.0,-177434.0,64
201800031021,18,7,13,1740,1,2,1,1.0,3.0,64483,M,4338950.0,-165101.0,64
201800031022,18,7,14,210,5,2,1,2.0,6.0,64260,M,,,64
201800031023,18,7,14,1050,1,2,1,1.0,2.0,64260,M,4336230.0,-177176.0,64
201800031024,18,7,15,1335,1,2,1,1.0,6.0,64260,M,4339140.0,-168610.0,64
201800031025,18,7,25,1845,1,2,1,1.0,3.0,64260,M,4334960.0,-177789.0,64
201800031026,18,7,28,1130,1,2,1,1.0,6.0,64483,M,4340540.0,-162485.0,64
201800031027,18,7,28,1205,1,2,1,1.0,3.0,64260,M,4334770.0,-176668.0,64
201800031028,18,7,28,1845,1,2,1,1.0,2.0,64545,M,4334640.0,-175122.0,64
201800031029,18,7,31,1040,1,2,1,1.0,3.0,64130,M,4335430.0,-176888.0,64
201800031030,18,8,3,1330,1,1,1,1.0,2.0,64483,M,4338830.0,-164338.0,64
201800031031,18,8,4,1030,1,2,1,1.0,2.0,64545,M,4337340.0,-168012.0,64
201800031032,18,8,4,1445,1,2,1,1.0,3.0,64260,M,4335290.0,-178145.0,64
201800031033,18,8,6,1825,1,2,1,1.0,2.0,64545,M,4336960.0,-168310.0,64
201800031034,18,8,7,1015,1,2,1,1.0,6.0,64189,M,4338850.0,-167941.0,64
201800031035,18,8,7,1725,1,2,1,3.0,6.0,64260,M,4335560.0,-177431.0,64
201800031036,18,8,9,1800,1,2,1,2.0,4.0,64545,M,4336370.0,-169128.0,64
201800031037,18,8,11,1515,1,2,1,1.0,2.0,64249,M,4342400.0,-160488.0,64
201800031038,18,8,10,1740,1,2,1,1.0,4.0,64260,M,4334880.0,-176810.0,64
201800031039,18,8,13,1235,1,2,1,8.0,1.0,64545,M,4335510.0,-174898.0,64
201800031040,18,8,13,1500,1,2,1,1.0,2.0,64483,M,4338740.0,-165669.0,64
201800031041,18,8,11,1,5,2,1,1.0,1.0,64260,M,4336470.0,-176067.0,64