Num_Acc,an,mois,jour,hrmn,lum,agg,int,atm,col,com,gps,lat,long,dep
201800031042,18,8,19,1150,1,2,1,1.0,6.0,64483,M,4340220.0,-163583.0,64
201800031043,18,8,21,1025,1,2,1,1.0,2.0,64249,M,4342090.0,-163582.0,64
201800031044,18,8,22,1130,1,2,1,1.0,1.0,64189,M,4337690.0,-166060.0,64
201800031045,18,8,24,1440,1,2,1,1.0,3.0,64545,M,4338630.0,-171528.0,64
201800031046,18,8,25,1420,1,2,1,1.0,7.0,64545,M,4333610.0,-169046.0,64
201800031047,18,8,25,2045,1,2,1,1.0,6.0,64130,M,4333340.0,-174336.0,64
201800031048,18,8,30,1640,1,2,1,1.0,2.0,64483,M,4338620.0,-166003.0,64
201800031049,18,9,1,1330,1,2,1,1.0,6.0,64483,M,4339040.0,-165914.0,64
201800031050,18,9,1,600,2,2,1,1.0,6.0,64545,M,4333410.0,-168255.0,64
201800031051,18,9,2,1015,1,2,1,1.0,6.0,64545,M,4332890.0,-168221.0,64
201800031052,18,9,3,1815,1,2,1,1.0,1.0,64249,M,4341725.0,-160937.0,64
201800031053,18,9,12,830,1,2,1,1.0,3.0,64483,M,4337540.0,-163788.0,64
201800031054,18,9,13,1815,1,2,1,1.0,3.0,64483,M,4340670.0,-164130.0,64
201800031055,18,9,15,1810,1,2,1,1.0,3.0,64483,M,4339430.0,-164979.0,64
201800031056,18,9,16,1938,1,2,1,1.0,3.0,64483,M,4340360.0,-164243.0,64
201800031057,18,9,18,950,1,2,1,1.0,3.0,64189,M,4338640.0,-171491.0,64
201800031058,18,9,18,1515,1,2,1,1.0,2.0,64483,M,4339330.0,-165142.0,64
201800031059,18,9,19,1129,1,1,1,1.0,7.0,64545,M,4334660.0,-175707.0,64
201800031060,18,9,20,855,1,2,1,1.0,2.0,64483,M,4339420.0,-164985.0,64
201800031061,18,9,28,1435,1,2,1,7.0,6.0,64483,M,4338890.0,-166464.0,64
201800031062,18,9,30,1840,2,2,1,1.0,4.0,64545,M,4336690.0,-168700.0,64
201800031063,18,9,22,2200,5,2,1,1.0,3.0,64483,M,4339730.0,-164438.0,64
201800031064,18,9,21,1734,1,2,1,1.0,1.0,64260,M,4337370.0,-175319.0,64
201800031065,18,9,22,1645,1,2,1,1.0,2.0,64483,M,4339580.0,-164700.0,64
201800031066,18,10,3,2045,3,2,1,1.0,6.0,64260,M,4335030.0,-178351.0,64
201800031067,18,10,4,1725,1,2,1,1.0,2.0,64249,M,4342300.0,-160517.0,64
201800031068,18,10,5,1045,1,2,1,1.0,4.0,64483,M,4339670.0,-164535.0,64
201800031069,18,10,5,1850,1,2,1,7.0,2.0,64545,M,4335980.0,-172726.0,64
201800031070,18,10,5,1905,1,1,1,1.0,1.0,64130,M,4334180.0,-172871.0,64
201800031071,18,10,8,815,1,1,1,1.0,4.0,64545,M,4338590.0,-171679.0,64
201800031072,18,10,8,1005,1,2,2,7.0,1.0,64483,M,4338710.0,-165897.0,64
201800031073,18,10,9,1448,1,1,1,1.0,6.0,64545,M,4337460.0,-168628.0,64
201800031074,18,10,11,1655,1,1,1,1.0,4.0,64545,M,4336530.0,-168875.0,64
201800031075,18,10,15,1755,1,2,1,1.0,6.0,64483,M,4339630.0,-164024.0,64
201800031076,18,10,27,1135,1,1,1,2.0,7.0,64545,M,4338050.0,-173232.0,64
201800031077,18,10,31,1450,1,2,1,2.0,4.0,64483,M,4339480.0,-164886.0,64
201800031078,18,11,3,1400,1,2,1,1.0,3.0,64483,M,4339510.0,-164250.0,64
201800031079,18,11,7,1823,5,2,1,2.0,6.0,64260,M,4335030.0,-178348.0,64
201800031080,18,11,16,1630,1,2,1,1.0,2.0,64260,M,4335270.0,-178172.0,64
201800031081,18,11,24,1105,1,1,1,1.0,7.0,64545,M,4338680.0,-171312.0,64
201800031082,18,12,1,1910,3,2,1,2.0,3.0,64483,M,4340480.0,-163127.0,64
201800031083,18,12,2,1830,5,2,1,1.0,1.0,64483,M,4339680.0,-164539.0,64
201800031084,18,12,2,1838,5,2,1,1.0,3.0,64483,M,4338250.0,-164955.0,64
201800031085,18,12,7,1825,3,1,1,3.0,3.0,64483,M,4337200.0,-163801.0,64
201800031086,18,12,10,1450,1,1,1,1.0,6.0,64545,M,4334390.0,-170594.0,64
201800031087,18,12,10,715,5,2,3,1.0,3.0,64260,M,4336230.0,-176191.0,64
201800031088,18,12,12,825,5,2,1,2.0,6.0,64260,M,4335030.0,-178346.0,64
201800031089,18,12,15,1630,1,1,1,1.0,6.0,64249,M,4341780.0,-160859.0,64
201800031090,18,12,13,120,5,2,1,1.0,1.0,64545,M,4336190.0,-171734.0,64
201800031091,18,12,20,2130,5,2,1,1.0,2.0,64189,M,4338060.0,-166850.0,64
201800031092,18,12,21,1710,1,2,1,1.0,2.0,64483,M,4339980.0,-164013.0,64
201800031093,18,12,25,1515,1,2,1,1.0,3.0,64545,M,4337840.0,-167086.0,64
201800031094,18,1,2,1205,1,2,3,3.0,4.0,65286,M,4310938.0,-6989.0,65
201800031095,18,1,10,1445,1,2,1,1.0,6.0,65286,M,4309385.0,-4629.0,65
201800031096,18,2,1,1415,1,2,1,2.0,3.0,65286,M,4308355.0,-4582.0,65
201800031097,18,2,20,2000,5,2,1,2.0,2.0,65286,M,4310407.0,-4235.0,65
201800031098,18,6,15,1325,1,2,9,1.0,6.0,65286,M,4308946.0,-4281.0,65
201800031099,18,6,25,1725,1,2,1,1.0,6.0,65286,M,4309279.0,-3999.0,65
201800031100,18,7,12,1023,1,2,1,1.0,6.0,65286,M,4309684.0,-4667.0,65
201800031101,18,8,8,1615,1,2,1,1.0,6.0,65286,M,4310048.0,-6464.0,65
201800031102,18,8,22,1807,1,2,1,1.0,3.0,65286,M,4311198.0,-3596.0,65
201800031103,18,8,28,1135,1,2,3,1.0,2.0,65286,M,4310441.0,-4194.0,65
201800031104,18,9,26,1048,1,2,3,1.0,3.0,65286,M,4309914.0,-7663.0,65
201800031105,18,11,28,1055,1,2,1,1.0,6.0,65286,M,4308546.0,-4368.0,65
201800031106,18,11,28,1830,5,2,1,1.0,2.0,65286,M,4309059.0,-4613.0,65
201800031107,18,12,22,1315,1,2,1,1.0,3.0,65286,M,4308862.0,-4920.0,65
201800031108,18,12,24,1520,1,1,1,1.0,2.0,65286,M,4311700.0,-3222.0,65
201800031109,18,12,27,1520,1,2,1,7.0,6.0,65286,M,4310216.0,-4371.0,65
201800031110,18,1,14,510,3,2,1,2.0,6.0,65440,M,4323165.0,4595.0,65
201800031111,18,1,28,1815,2,2,2,1.0,3.0,65440,M,4322801.0,5645.0,65
201800031112,18,2,7,1455,1,2,2,1.0,3.0,65417,M,4323034.0,10558.0,65
201800031113,18,3,5,1818,1,2,1,1.0,6.0,65440,M,4324960.0,7190.0,65
201800031114,18,5,25,1540,1,2,2,1.0,3.0,65440,M,4324537.0,7436.0,65
201800031115,18,6,5,1600,1,2,1,1.0,3.0,65440,M,4323590.0,6060.0,65
201800031116,18,6,9,107,5,2,1,1.0,3.0,65440,M,4323325.0,5460.0,65
201800031117,18,6,17,319,3,1,1,1.0,6.0,65433,M,4320350.0,8778.0,65
201800031118,18,6,26,930,1,2,1,7.0,6.0,65417,M,4323279.0,9236.0,65
201800031119,18,6,29,1515,1,2,9,1.0,6.0,65440,M,4322970.0,8020.0,65
201800031120,18,7,4,1810,1,2,6,1.0,5.0,65440,M,4322090.0,6070.0,65
201800031121,18,7,6,2030,1,2,1,1.0,6.0,65440,M,4322958.0,4405.0,65
201800031122,18,7,15,10,5,2,1,3.0,6.0,65433,M,4320420.0,9690.0,65
201800031123,18,7,18,930,1,2,1,1.0,1.0,65440,M,4323940.0,6870.0,65
201800031124,18,7,23,2255,5,2,2,1.0,3.0,65440,M,4324961.0,7280.0,65
201800031125,18,7,28,2250,5,2,5,1.0,1.0,65440,M,4323194.0,7236.0,65
201800031126,18,8,2,1110,1,2,1,1.0,4.0,65440,M,4322983.0,8581.0,65
201800031127,18,8,7,1030,1,2,3,1.0,3.0,65440,M,4322190.0,8470.0,65
201800031128,18,9,19,1915,1,2,2,1.0,3.0,65440,M,4322880.0,8310.0,65
201800031129,18,9,25,1045,1,2,3,1.0,3.0,65047,M,4323400.0,9210.0,65
201800031130,18,10,1,722,2,2,3,1.0,1.0,65440,M,4323682.0,5267.0,65
201800031131,18,10,3,1020,1,2,1,1.0,6.0,65440,M,4323370.0,7391.0,65
201800031132,18,10,3,1910,1,2,1,1.0,2.0,65440,M,4324111.0,7367.0,65
201800031133,18,10,7,505,3,2,1,1.0,6.0,65440,M,4326050.0,7180.0,65
201800031134,18,10,14,445,3,2,1,2.0,6.0,65440,M,4324010.0,8180.0,65
201800031135,18,10,20,1949,3,1,1,1.0,1.0,65100,M,4326433.0,7138.0,65
201800031136,18,10,23,1730,1,1,9,1.0,2.0,65226,M,4325260.0,2240.0,65
201800031137,18,11,6,2154,5,2,1,8.0,1.0,65440,M,4322300.0,8840.0,65
201800031138,18,11,10,200,5,2,2,1.0,3.0,65440,M,4323570.0,7790.0,65
201800031139,18,11,17,1133,1,2,4,1.0,6.0,65440,M,4323077.0,7034.0,65
201800031140,18,11,24,1400,1,2,2,1.0,3.0,65440,M,4324910.0,6550.0,65
201800031141,18,11,25,1051,1,2,1,8.0,6.0,65440,M,4323342.0,5995.0,65
201800031142,18,11,28,1920,5,2,2,1.0,6.0,65440,M,4324461.0,7335.0,65
201800031143,18,11,24,615,5,2,1,1.0,6.0,65417,M,4322590.0,9980.0,65
201800031144,18,12,19,4,3,1,1,1.0,6.0,65226,M,4323990.0,-2380.0,65
201800031145,18,1,1,1615,1,1,1,6.0,6.0,09167,M,4327235.0,132651.0,09
201800031146,18,2,15,1905,3,1,1,1.0,6.0,09123,M,4317113.0,126169.0,09
201800031147,18,3,6,940,1,1,1,1.0,2.0,09167,M,4329005.0,134334.0,09
201800031148,18,5,14,1730,1,1,1,2.0,1.0,09167,M,4330328.0,133292.0,09
201800031149,18,5,27,1750,1,1,1,1.0,1.0,09124,M,4318231.0,145055.0,09
201800031150,18,5,28,1330,1,1,1,8.0,7.0,09342,M,4320286.0,138748.0,09
201800031151,18,6,26,1000,1,2,6,1.0,7.0,09075,M,4312813.0,133872.0,09
201800031152,18,7,27,1715,1,1,1,1.0,3.0,09019,M,4314310.0,143495.0,09
201800031153,18,8,20,1800,1,1,1,1.0,3.0,09167,M,4330480.0,133161.0,09
201800031154,18,8,30,1225,1,1,1,1.0,6.0,09079,M,4314092.0,135054.0,09
201800031155,18,9,13,1350,1,1,1,1.0,6.0,09019,M,4312797.0,144181.0,09
201800031156,18,9,30,1400,1,1,1,1.0,1.0,09342,M,4320923.0,138292.0,09
201800031157,18,10,21,2200,3,1,1,1.0,3.0,09097,M,4303344.0,129774.0,09
201800031158,18,11,3,1230,1,2,1,1.0,6.0,09105,M,4314395.0,130724.0,09
201800031159,18,4,15,1620,1,1,1,1.0,7.0,73085,M,4580678.0,582374.0,73
201800031160,18,4,21,1515,1,1,2,1.0,3.0,73180,M,4591895.0,584474.0,73
201800031161,18,5,12,1215,1,1,1,1.0,7.0,73149,M,4575764.0,578619.0,73
201800031162,18,5,27,835,1,1,1,1.0,1.0,73299,M,4566555.0,576223.0,73
201800031163,18,6,25,815,1,1,1,1.0,1.0,73286,M,4589673.0,584869.0,73
201800031164,18,6,27,1700,1,1,1,1.0,7.0,73245,M,4571285.0,583359.0,73
201800031165,18,7,2,1320,1,2,4,1.0,1.0,73286,M,4588255.0,584468.0,73
201800031166,18,7,18,820,1,1,1,1.0,2.0,73218,M,4585071.0,583413.0,73
201800031167,18,9,9,1030,1,1,1,1.0,4.0,73218,M,4585719.0,584072.0,73
201800031168,18,12,16,1740,3,1,1,1.0,6.0,73149,M,4574951.0,579031.0,73
201800031169,18,1,3,1115,1,2,1,1.0,6.0,66136,M,4270036.0,288668.0,66
201800031170,18,1,3,1645,1,2,1,1.0,6.0,66136,M,4269034.0,287269.0,66
201800031171,18,1,7,2030,5,2,1,3.0,6.0,66136,M,4271185.0,288968.0,66
201800031172,18,1,8,750,2,2,3,2.0,3.0,66136,M,4269420.0,287153.0,66
201800031173,18,1,9,1255,1,2,3,1.0,3.0,66136,M,4269372.0,288737.0,66
201800031174,18,1,9,1459,1,2,1,1.0,7.0,66136,M,4270738.0,288204.0,66
201800031175,18,1,12,1130,1,2,1,1.0,6.0,66136,M,4269116.0,288186.0,66
201800031176,18,1,15,1050,1,2,1,1.0,6.0,66136,M,4268366.0,288194.0,66
201800031177,18,1,14,1800,5,1,1,2.0,6.0,66136,M,4269121.0,285199.0,66
201800031178,18,1,16,1550,1,2,1,1.0,6.0,66136,M,4270162.0,288574.0,66
201800031179,18,1,17,1750,1,2,1,1.0,6.0,66136,M,4271640.0,289072.0,66
201800031180,18,1,25,1320,1,2,1,1.0,6.0,66136,M,4270063.0,289258.0,66
201800031181,18,1,30,740,1,1,1,1.0,5.0,66136,M,4268258.0,287661.0,66
201800031182,18,1,30,1900,3,2,1,1.0,6.0,66136,M,4267208.0,285724.0,66
201800031183,18,2,2,1746,2,2,1,2.0,6.0,66136,M,4269110.0,287540.0,66
201800031184,18,2,3,1925,5,2,1,2.0,6.0,66136,M,4268350.0,290930.0,66
201800031185,18,2,5,830,1,2,1,2.0,2.0,66136,M,4269261.0,289181.0,66
201800031186,18,2,7,1610,1,1,1,1.0,4.0,66136,M,4267380.0,286230.0,66
201800031187,18,2,8,1810,1,2,1,1.0,3.0,66136,M,4268860.0,291010.0,66
201800031188,18,2,8,1656,1,2,1,1.0,2.0,66136,M,4269120.0,288970.0,66
201800031189,18,2,9,850,1,2,1,1.0,6.0,66136,M,4268801.0,290504.0,66
201800031190,18,2,10,1352,1,1,1,1.0,3.0,66136,M,4270916.0,290583.0,66
201800031191,18,2,12,750,1,2,1,1.0,6.0,66136,M,4269403.0,293593.0,66
201800031192,18,2,13,2025,3,1,1,1.0,1.0,66136,M,4269960.0,290866.0,66
201800031193,18,2,15,1015,1,1,1,1.0,1.0,66136,M,4265870.0,288290.0,66
201800031194,18,2,16,2330,5,2,1,1.0,1.0,66136,M,4273500.0,289020.0,66
201800031195,18,2,20,1645,1,1,6,1.0,3.0,66136,M,4267400.0,288820.0,66
201800031196,18,2,21,1207,1,2,1,1.0,2.0,66136,M,4268360.0,288350.0,66
201800031197,18,2,22,1248,1,2,1,1.0,3.0,66136,M,4269150.0,289100.0,66
201800031198,18,2,28,1620,1,2,1,1.0,6.0,66136,M,4269145.0,288919.0,66
201800031199,18,3,1,1250,1,2,1,1.0,6.0,66136,M,4269131.0,289533.0,66
201800031200,18,3,2,2000,3,1,1,1.0,2.0,66136,M,4267694.0,289039.0,66
201800031201,18,3,2,1640,1,2,2,1.0,6.0,66136,M,4273276.0,288969.0,66
201800031202,18,3,5,925,1,2,1,1.0,6.0,66136,M,4269708.0,288923.0,66
201800031203,18,3,5,1110,1,2,1,1.0,2.0,66136,M,4268219.0,291144.0,66
201800031204,18,3,5,1550,1,2,1,1.0,6.0,66136,M,4273562.0,289553.0,66
201800031205,18,3,6,1815,1,2,1,1.0,6.0,66136,M,4271015.0,289729.0,66
201800031206,18,3,7,1800,1,2,1,1.0,6.0,66136,M,4269883.0,287786.0,66
201800031207,18,3,8,530,4,1,1,1.0,6.0,66136,M,4271742.0,287350.0,66
201800031208,18,3,8,1350,1,2,1,1.0,6.0,66136,M,4269771.0,288524.0,66
201800031209,18,3,12,1045,1,2,1,1.0,6.0,66136,M,4272270.0,288732.0,66
201800031210,18,3,19,1420,1,2,2,1.0,6.0,66136,M,4272473.0,288188.0,66
201800031211,18,3,19,1710,1,2,1,1.0,6.0,66136,M,4268655.0,289960.0,66
201800031212,18,3,22,630,5,2,1,1.0,6.0,66136,M,4271184.0,288970.0,66
201800031213,18,3,23,850,1,1,1,1.0,6.0,66136,M,4266541.0,291947.0,66
201800031214,18,3,23,1521,1,2,1,1.0,6.0,66136,M,4270500.0,289246.0,66
201800031215,18,3,23,1800,1,2,1,1.0,6.0,66136,M,4267507.0,289160.0,66
201800031216,18,4,1,1540,1,2,1,1.0,3.0,66136,M,4268660.0,288770.0,66
201800031217,18,4,1,1840,1,2,1,1.0,6.0,66136,M,4270052.0,290256.0,66
201800031218,18,4,2,1900,1,2,1,1.0,2.0,66136,M,4269370.0,291300.0,66
201800031219,18,4,7,1220,1,1,1,1.0,2.0,66136,M,4266890.0,289760.0,66
201800031220,18,4,7,1225,1,1,1,1.0,2.0,66136,M,4268410.0,286450.0,66
201800031221,18,4,6,1800,1,2,3,1.0,3.0,66136,M,4270400.0,288800.0,66
201800031222,18,4,12,1215,1,2,1,1.0,6.0,66136,M,4269850.0,289200.0,66
201800031223,18,4,14,1905,1,2,6,1.0,3.0,66136,M,4270530.0,290180.0,66
201800031224,18,4,15,1927,1,2,2,1.0,3.0,66136,M,4271365.0,288581.0,66
201800031225,18,4,15,1945,1,2,1,1.0,3.0,66136,M,4268630.0,290671.0,66
201800031226,18,4,17,1843,1,1,1,1.0,3.0,66136,M,4266060.0,288310.0,66
201800031227,18,4,19,1655,1,2,1,1.0,2.0,66136,M,4269010.0,283610.0,66
201800031228,18,4,19,2354,5,2,2,1.0,3.0,66136,M,4269660.0,288720.0,66
201800031229,18,4,24,1905,1,2,1,1.0,3.0,66136,M,4268780.0,289950.0,66
201800031230,18,4,26,1353,1,2,1,1.0,2.0,66136,M,4268310.0,291100.0,66
201800031231,18,4,27,1320,1,2,1,1.0,2.0,66136,M,4271750.0,288748.0,66
201800031232,18,4,28,30,5,2,1,1.0,3.0,66136,M,4269722.0,288326.0,66
201800031233,18,5,2,850,1,2,1,1.0,6.0,66136,M,4269945.0,291718.0,66
201800031234,18,5,11,850,1,2,1,1.0,6.0,66136,M,4269163.0,288283.0,66
201800031235,18,5,11,1710,1,1,1,1.0,3.0,66136,M,4266970.0,289790.0,66
201800031236,18,5,11,1945,1,2,1,1.0,2.0,66136,M,4268140.0,291040.0,66
201800031237,18,5,18,308,5,2,3,1.0,3.0,66136,M,4271914.0,288682.0,66
201800031238,18,5,18,937,1,2,1,1.0,6.0,66136,M,4269460.0,290150.0,66
201800031239,18,5,18,1813,1,1,1,1.0,2.0,66136,M,4272891.0,287746.0,66
201800031240,18,5,20,1333,1,1,6,1.0,3.0,66136,M,4270530.0,290180.0,66
201800031241,18,5,22,800,1,2,1,1.0,6.0,66136,M,4269401.0,288144.0,66
201800031242,18,5,23,1150,1,2,1,1.0,3.0,66136,M,4268090.0,290270.0,66
201800031243,18,5,28,1050,1,2,1,1.0,6.0,66136,M,4269675.0,288816.0,66
201800031244,18,5,29,1003,1,2,1,1.0,6.0,66136,M,4270311.0,289773.0,66
201800031245,18,5,31,1150,1,2,1,1.0,3.0,66136,M,4267914.0,290436.0,66
201800031246,18,6,1,737,1,1,1,1.0,3.0,66136,M,4268802.0,287375.0,66
201800031247,18,6,2,2343,5,1,1,1.0,2.0,66136,M,,,66
201800031248,18,6,6,1705,1,1,1,1.0,2.0,66136,M,4271450.0,293260.0,66
201800031249,18,6,7,805,1,1,1,1.0,2.0,66136,M,,,66
201800031250,18,6,8,1835,1,2,1,1.0,3.0,66136,M,4268930.0,288121.0,66
201800031251,18,6,10,1240,1,2,1,1.0,6.0,66136,M,4269821.0,288823.0,66
201800031252,18,6,12,723,1,2,1,1.0,7.0,66136,M,4269681.0,286531.0,66
201800031253,18,6,11,1600,1,2,1,1.0,6.0,66136,M,4269680.0,290350.0,66
201800031254,18,6,12,1615,1,2,1,1.0,2.0,66136,M,4267480.0,288850.0,66
201800031255,18,6,14,1033,1,1,1,1.0,3.0,66136,M,4273180.0,287960.0,66
201800031256,18,6,14,1155,1,2,1,1.0,3.0,66136,M,4269132.0,289590.0,66
201800031257,18,6,16,1155,1,2,1,1.0,2.0,66136,M,4269130.0,289540.0,66
201800031258,18,6,17,1835,1,2,6,1.0,3.0,66136,M,4268093.0,289643.0,66
201800031259,18,6,17,1020,1,2,1,1.0,4.0,66136,M,4268630.0,290670.0,66
201800031260,18,6,18,710,1,1,1,1.0,3.0,66136,M,4268303.0,287606.0,66
201800031261,18,6,18,755,1,2,1,1.0,3.0,66136,M,4268007.0,290965.0,66
201800031262,18,6,18,730,1,1,1,1.0,6.0,66136,M,4271042.0,287399.0,66
201800031263,18,6,19,925,1,2,1,1.0,6.0,66136,M,4269808.0,289817.0,66
201800031264,18,6,22,757,1,1,6,1.0,2.0,66136,M,4267112.0,285635.0,66
201800031265,18,6,23,1212,1,2,1,1.0,4.0,66136,M,4268290.0,289500.0,66
201800031266,18,6,23,1702,1,2,1,1.0,6.0,66136,M,4270080.0,289167.0,66
201800031267,18,6,25,1337,1,1,1,1.0,7.0,66136,M,4267335.0,288736.0,66
201800031268,18,6,25,1455,1,2,1,1.0,6.0,66136,M,4267982.0,291148.0,66
201800031269,18,6,25,925,1,2,1,1.0,6.0,66136,M,4269790.0,288930.0,66
201800031270,18,6,25,1950,1,2,1,1.0,6.0,66136,M,4269540.0,290200.0,66
201800031271,18,6,27,920,1,1,1,1.0,6.0,66136,M,4268882.0,290702.0,66
201800031272,18,6,27,1410,1,2,1,1.0,6.0,66136,M,4270202.0,289583.0,66
201800031273,18,6,28,1757,1,2,1,1.0,6.0,66136,M,4272800.0,290799.0,66
201800031274,18,6,30,1525,1,2,1,1.0,2.0,66136,M,4270095.0,289183.0,66
201800031275,18,7,1,1910,1,2,2,1.0,3.0,66136,M,4270444.0,289274.0,66
201800031276,18,7,5,1252,1,2,1,1.0,2.0,66136,M,4269420.0,286570.0,66
201800031277,18,7,8,614,2,1,1,1.0,6.0,66136,M,4270816.0,291107.0,66
201800031278,18,7,10,405,5,2,1,1.0,6.0,66136,M,4271020.0,289770.0,66
201800031279,18,7,10,1805,1,1,1,1.0,5.0,66136,M,4270520.0,288368.0,66
201800031280,18,7,10,2342,5,2,1,1.0,3.0,66136,M,4270680.0,289170.0,66
201800031281,18,7,12,2153,5,2,1,1.0,6.0,66136,M,4269660.0,290180.0,66
201800031282,18,7,13,1056,1,2,1,1.0,3.0,66136,M,4268960.0,290280.0,66
201800031283,18,7,13,1135,1,2,1,1.0,6.0,66136,M,4270043.0,289031.0,66
201800031284,18,7,13,1750,1,2,1,1.0,6.0,66136,M,4270171.0,289140.0,66
201800031285,18,7,17,1840,1,2,1,1.0,3.0,66136,M,4269212.0,291214.0,66
201800031286,18,7,18,1117,1,2,3,1.0,3.0,66136,M,4271753.0,288930.0,66
201800031287,18,7,20,1545,1,2,2,1.0,6.0,66136,M,4268567.0,286789.0,66
201800031288,18,7,25,530,2,2,1,1.0,7.0,66136,M,4271763.0,288520.0,66
201800031289,18,7,25,354,3,2,1,1.0,6.0,66136,M,4272450.0,288370.0,66
201800031290,18,7,27,942,1,1,6,1.0,3.0,66136,M,4266560.0,291920.0,66
201800031291,18,7,27,1400,1,2,1,1.0,6.0,66136,M,4268670.0,290650.0,66
201800031292,18,7,30,1515,1,1,1,1.0,2.0,66136,M,4267384.0,288842.0,66
201800031293,18,8,8,1812,1,2,1,1.0,2.0,66136,M,4268402.0,289598.0,66
201800031294,18,8,8,2320,5,2,9,1.0,6.0,66136,M,4270120.0,289010.0,66
201800031295,18,8,11,1908,1,2,1,1.0,6.0,66136,M,4269983.0,288916.0,66
201800031296,18,8,11,144,5,1,1,1.0,3.0,66136,M,4267238.0,299535.0,66
201800031297,18,8,17,1230,1,2,1,1.0,6.0,66136,M,4269410.0,288810.0,66
201800031298,18,8,17,1602,1,2,1,1.0,3.0,66136,M,4272759.0,290424.0,66
201800031299,18,8,22,1940,1,2,1,1.0,4.0,66136,M,4267300.0,286120.0,66
201800031300,18,8,24,1546,1,1,1,1.0,2.0,66136,M,4269430.0,285120.0,66
201800031301,18,8,28,1145,1,1,2,1.0,3.0,66136,M,4273026.0,289411.0,66
201800031302,18,8,28,1700,1,2,1,1.0,3.0,66136,M,4269720.0,290370.0,66
201800031303,18,8,29,1220,1,1,1,1.0,6.0,66136,M,4267899.0,290846.0,66
201800031304,18,8,29,1345,1,2,1,1.0,2.0,66136,M,4268572.0,287481.0,66
201800031305,18,8,29,1800,1,1,3,1.0,3.0,66136,M,4268506.0,288901.0,66
201800031306,18,9,3,1900,1,2,1,1.0,6.0,66136,M,4270975.0,290365.0,66
201800031307,18,9,11,1235,1,2,1,1.0,2.0,66136,M,4269018.0,288599.0,66
201800031308,18,9,14,1150,1,2,1,1.0,6.0,66136,M,4268863.0,288570.0,66
201800031309,18,9,14,2208,5,2,1,1.0,7.0,66136,M,4267005.0,290507.0,66
201800031310,18,9,14,1825,1,1,1,1.0,6.0,66136,M,4267804.0,291265.0,66
201800031311,18,9,17,850,1,2,1,1.0,2.0,66136,M,4269808.0,286630.0,66
201800031312,18,9,17,2230,5,2,1,1.0,6.0,66136,M,4269580.0,288873.0,66
201800031313,18,9,20,750,1,2,1,1.0,6.0,66136,M,4267964.0,291952.0,66
201800031314,18,9,23,1700,1,2,1,1.0,1.0,66136,M,4267440.0,290626.0,66
201800031315,18,9,25,1132,1,2,1,1.0,2.0,66136,M,4266559.0,291870.0,66
201800031316,18,9,25,1420,1,1,1,1.0,2.0,66136,M,,,66
201800031317,18,10,1,1035,1,2,2,1.0,3.0,66136,M,4269363.0,289057.0,66
201800031318,18,10,1,1810,1,2,1,1.0,6.0,66136,M,4268038.0,290320.0,66
201800031319,18,10,1,1855,1,2,1,1.0,6.0,66136,M,4269603.0,291474.0,66
201800031320,18,10,1,1050,1,2,1,1.0,6.0,66136,M,4268667.0,290682.0,66
201800031321,18,10,1,1155,1,2,1,1.0,6.0,66136,M,4267891.0,290125.0,66
201800031322,18,10,1,1810,1,2,1,1.0,6.0,66136,M,4267900.0,290073.0,66
201800031323,18,10,2,900,1,2,1,1.0,2.0,66136,M,,,66
201800031324,18,10,2,1410,1,2,1,1.0,1.0,66136,M,4270008.0,288941.0,66
201800031325,18,10,3,1215,1,2,1,1.0,4.0,66136,M,4269900.0,290300.0,66
201800031326,18,10,7,12,5,1,1,1.0,7.0,66136,M,,,66
201800031327,18,10,3,1529,1,2,1,1.0,6.0,66136,M,4271714.0,289569.0,66
201800031328,18,10,7,1110,1,2,1,1.0,2.0,66136,M,4269420.0,288978.0,66
201800031329,18,10,10,811,1,2,2,2.0,3.0,66136,M,4272180.0,288156.0,66
201800031330,18,10,10,1405,1,1,1,1.0,2.0,66136,M,4270908.0,290580.0,66
201800031331,18,10,12,806,1,2,4,1.0,3.0,66136,M,4268707.0,290794.0,66
201800031332,18,10,12,800,2,2,1,1.0,6.0,66136,M,4268791.0,290820.0,66
201800031333,18,10,15,932,1,2,1,2.0,2.0,66136,M,4269231.0,288484.0,66
201800031334,18,10,18,700,5,1,1,2.0,2.0,66136,M,4269779.0,286494.0,66
201800031335,18,10,21,1840,2,2,1,1.0,6.0,66136,M,4271504.0,289250.0,66
201800031336,18,10,21,1716,1,2,1,1.0,6.0,66136,M,4268625.0,290640.0,66
201800031337,18,10,23,1726,1,1,1,1.0,2.0,66136,M,4270600.0,295300.0,66
201800031338,18,10,23,1950,2,1,1,1.0,6.0,66136,M,4267687.0,289021.0,66
201800031339,18,10,25,745,2,1,1,1.0,3.0,66136,M,4266515.0,291962.0,66
201800031340,18,10,26,755,2,1,6,1.0,5.0,66136,M,4270714.0,290876.0,66
201800031341,18,10,26,1740,1,1,1,1.0,6.0,66136,M,4270039.0,292200.0,66
201800031342,18,11,4,1059,1,1,1,1.0,6.0,66136,M,4271437.0,293452.0,66
201800031343,18,11,1,225,5,2,2,1.0,3.0,66136,M,4268700.0,290100.0,66
201800031344,18,11,5,1537,1,1,1,1.0,2.0,66136,M,4267761.0,289094.0,66
201800031345,18,11,6,907,1,1,1,1.0,6.0,66136,M,4268121.0,289445.0,66
201800031346,18,11,6,2010,5,2,1,1.0,6.0,66136,M,4268750.0,290050.0,66
201800031347,18,11,7,620,5,2,1,1.0,2.0,66136,M,4270000.0,290200.0,66