Num_Acc,an,mois,jour,hrmn,lum,agg,int,atm,col,com,gps,lat,long,dep
201800031348,18,11,8,1135,1,2,1,1.0,6.0,66136,M,4270189.0,289378.0,66
201800031349,18,11,12,1902,2,1,1,1.0,4.0,66136,M,4267500.0,286500.0,66
201800031350,18,11,14,753,1,2,1,1.0,6.0,66136,M,4268600.0,289900.0,66
201800031351,18,11,14,803,1,1,1,1.0,4.0,66136,M,4267800.0,287200.0,66
201800031352,18,11,14,2005,5,2,1,1.0,3.0,66136,M,4269900.0,288200.0,66
201800031353,18,11,15,1732,1,2,1,1.0,6.0,66136,M,4269000.0,288700.0,66
201800031354,18,11,15,1835,1,1,1,1.0,2.0,66136,M,4270300.0,288499.0,66
201800031355,18,11,21,1132,1,2,1,1.0,6.0,66136,M,4269144.0,289489.0,66
201800031356,18,11,22,1648,1,2,2,1.0,3.0,66136,M,4268012.0,290957.0,66
201800031357,18,11,22,1901,5,1,1,1.0,2.0,66136,M,4267261.0,285663.0,66
201800031358,18,11,23,1043,1,2,1,1.0,6.0,66136,M,4272228.0,288651.0,66
201800031359,18,11,22,958,1,2,1,1.0,3.0,66136,M,4270923.0,288562.0,66
201800031360,18,11,26,1000,1,2,1,1.0,6.0,66136,M,4269694.0,288055.0,66
201800031361,18,11,23,1903,5,1,1,1.0,3.0,66136,M,4267139.0,289511.0,66
201800031362,18,11,27,2145,5,2,1,1.0,3.0,66136,M,4268400.0,290100.0,66
201800031363,18,12,2,730,5,1,1,1.0,1.0,66136,M,,,66
201800031364,18,12,3,740,2,2,1,1.0,6.0,66136,M,4269158.0,289352.0,66
201800031365,18,12,6,1510,1,2,1,1.0,2.0,66136,M,4269430.0,290122.0,66
201800031366,18,12,8,1555,1,2,1,1.0,6.0,66136,M,4269214.0,289912.0,66
201800031367,18,12,10,1205,1,2,1,1.0,6.0,66136,M,4269673.0,288811.0,66
201800031368,18,12,12,1330,1,2,1,1.0,6.0,66136,M,4270234.0,290411.0,66
201800031369,18,12,13,745,2,2,1,1.0,3.0,66136,M,4272685.0,289935.0,66
201800031370,18,12,13,1750,1,2,1,1.0,6.0,66136,M,4268482.0,290223.0,66
201800031371,18,12,14,1932,5,2,1,1.0,6.0,66136,M,4269222.0,289150.0,66
201800031372,18,12,15,500,5,2,2,1.0,6.0,66136,M,4269789.0,288770.0,66
201800031373,18,12,15,1550,1,2,1,1.0,6.0,66136,M,4267401.0,288738.0,66
201800031374,18,12,15,1000,1,2,1,1.0,2.0,66136,M,4268469.0,288207.0,66
201800031375,18,12,19,527,5,2,1,1.0,1.0,66136,M,4267525.0,284869.0,66
201800031376,18,12,19,1733,2,2,1,1.0,3.0,66136,M,4269454.0,288929.0,66
201800031377,18,12,20,1005,1,2,1,1.0,6.0,66136,M,4268238.0,290992.0,66
201800031378,18,12,20,1511,1,1,1,1.0,2.0,66136,M,4267450.0,288840.0,66
201800031379,18,12,20,1916,4,1,1,1.0,1.0,66136,M,4270067.0,292418.0,66
201800031380,18,12,20,2110,5,2,1,1.0,6.0,66136,M,4269866.0,288733.0,66
201800031381,18,12,20,2239,5,2,1,1.0,2.0,66136,M,4269376.0,289039.0,66
201800031382,18,12,21,2315,5,1,1,1.0,2.0,66136,M,4267135.0,285788.0,66
201800031383,18,12,22,1100,1,2,1,1.0,3.0,66136,M,4274281.0,289262.0,66
201800031384,18,12,25,1310,1,1,1,1.0,3.0,66136,M,4271798.0,287354.0,66
201800031385,18,12,21,1518,1,2,1,1.0,6.0,66136,M,4269283.0,289157.0,66
201800031386,18,12,29,1855,3,2,1,1.0,2.0,66136,M,4267101.0,285661.0,66
201800031387,18,12,28,1415,1,2,1,1.0,6.0,66136,M,4269291.0,289996.0,66
201800031388,18,1,13,1250,1,1,1,1.0,7.0,52114,M,4802001.0,502889.0,52
201800031389,18,1,14,1415,1,1,1,1.0,7.0,52349,M,4803575.0,516003.0,52
201800031390,18,4,12,1730,1,2,2,1.0,3.0,52422,M,4802070.0,505746.0,52
201800031391,18,5,20,540,2,1,1,1.0,7.0,52151,M,4795924.0,499089.0,52
201800031392,18,6,3,1945,1,1,1,1.0,7.0,52274,M,4798682.0,484327.0,52
201800031393,18,6,17,1700,1,1,1,1.0,7.0,52282,M,4796927.0,515190.0,52
201800031394,18,6,29,500,2,1,1,1.0,6.0,52365,M,4807829.0,493362.0,52
201800031395,18,7,13,2030,1,1,1,1.0,7.0,52114,M,4806292.0,489377.0,52
201800031396,18,7,29,500,2,2,4,1.0,6.0,52114,M,4806875.0,488118.0,52
201800031397,18,8,24,1615,1,1,1,1.0,7.0,52258,M,4808190.0,477907.0,52
201800031398,18,2,24,1554,1,2,6,2.0,3.0,06149,M,4374123.0,731126.0,06
201800031399,18,3,17,1400,1,2,9,1.0,3.0,06149,M,4374060.0,731094.0,06
201800031400,18,6,13,1230,1,2,1,1.0,1.0,06149,M,4373471.0,730456.0,06
201800031401,18,8,13,1542,1,2,1,1.0,7.0,06149,M,4374685.0,732254.0,06
201800031402,18,9,11,1420,1,2,3,1.0,3.0,06149,M,4374247.0,731468.0,06
201800031403,18,9,19,2035,5,2,1,1.0,3.0,06019,M,4376955.0,733237.0,06
201800031404,18,10,13,1545,1,2,1,1.0,6.0,06149,M,4374124.0,731138.0,06
201800031405,18,3,17,2000,3,1,1,4.0,1.0,67371,M,4886426.0,730906.0,67
201800031406,18,4,1,1425,1,1,9,2.0,4.0,67103,M,4880393.0,740653.0,67
201800031407,18,4,15,1500,1,1,1,1.0,6.0,67538,M,4891802.0,738194.0,67
201800031408,18,4,17,1055,1,2,1,1.0,3.0,67347,M,4885694.0,755399.0,67
201800031409,18,4,21,1710,1,2,4,1.0,7.0,67392,M,4893162.0,746399.0,67
201800031410,18,4,27,1258,1,1,1,1.0,7.0,67265,M,4890671.0,745938.0,67
201800031411,18,5,7,1005,1,2,1,1.0,6.0,67222,M,4887022.0,747823.0,67
201800031412,18,5,12,1650,1,2,1,1.0,7.0,67371,M,4885742.0,731998.0,67
201800031413,18,5,21,2330,3,1,1,1.0,2.0,67535,M,4890819.0,742520.0,67
201800031414,18,6,3,1535,1,1,1,1.0,7.0,67322,M,4882925.0,742116.0,67
201800031415,18,8,11,1750,1,2,1,1.0,1.0,67371,M,4885800.0,732162.0,67
201800031416,18,8,12,30,3,1,1,9.0,6.0,67265,M,4892667.0,750482.0,67
201800031417,18,8,22,1630,1,1,1,1.0,7.0,67475,M,4886117.0,737245.0,67
201800031418,18,9,25,1145,1,2,1,1.0,6.0,67333,M,4884980.0,746723.0,67
201800031419,18,10,7,1555,1,1,1,1.0,7.0,67347,M,4885115.0,754231.0,67
201800031420,18,10,21,1630,1,1,1,1.0,7.0,67225,M,4880401.0,753174.0,67
201800031421,18,12,4,1215,1,1,1,8.0,1.0,67371,M,4887617.0,732319.0,67
201800031422,18,12,10,1320,1,1,1,2.0,1.0,67538,M,4892545.0,737034.0,67
201800031423,18,1,6,1425,1,1,1,1.0,6.0,85034,M,4661755.0,-114228.0,85
201800031424,18,2,22,1538,1,1,2,1.0,3.0,85216,M,4647115.0,-110992.0,85
201800031425,18,3,23,1400,1,1,6,2.0,3.0,85233,M,4652503.0,-108169.0,85
201800031426,18,4,10,1415,1,1,1,2.0,1.0,85128,M,4646865.0,-115461.0,85
201800031427,18,4,16,1751,1,1,1,1.0,1.0,85254,M,4680385.0,-71690.0,85
201800031428,18,4,20,2346,4,2,1,1.0,1.0,85188,M,4658874.0,-104143.0,85
201800031429,18,5,16,1650,1,2,1,1.0,3.0,85042,M,4639416.0,-102427.0,85
201800031430,18,5,22,1003,1,1,1,1.0,1.0,85067,M,4666730.0,-77294.0,85
201800031431,18,6,1,2130,2,1,1,1.0,6.0,85181,M,4650346.0,-93961.0,85
201800031432,18,2,16,1757,2,2,1,1.0,1.0,80345,M,5009757.0,163975.0,80
201800031433,18,3,2,1630,1,1,1,1.0,6.0,80332,M,5023708.0,175161.0,80
201800031434,18,3,6,845,1,1,9,1.0,6.0,80385,M,5014064.0,180738.0,80
201800031435,18,3,22,905,1,1,1,1.0,7.0,80385,M,5013920.0,180825.0,80
201800031436,18,4,20,2345,3,1,1,1.0,6.0,80009,M,5006957.0,197823.0,80
201800031437,18,4,27,240,3,1,1,1.0,6.0,80444,M,5006318.0,178926.0,80
201800031438,18,5,4,1430,1,1,1,1.0,2.0,80637,M,5015877.0,178180.0,80
201800031439,18,9,4,1130,1,1,1,2.0,2.0,80388,M,5001983.0,172152.0,80
201800031440,18,11,8,2005,3,1,1,1.0,2.0,80001,M,5013261.0,183801.0,80
201800031441,18,11,10,950,1,1,1,2.0,6.0,80344,M,5008137.0,194055.0,80
201800031442,18,12,10,315,3,1,1,2.0,6.0,80117,M,5003691.0,204117.0,80
201800031443,18,3,1,1945,3,1,1,2.0,6.0,76517,M,4951632.0,119450.0,76
201800031444,18,6,22,2150,2,1,9,1.0,2.0,76410,M,4947398.0,102586.0,76
201800031445,18,6,29,1845,1,1,1,1.0,6.0,76245,M,4954635.0,103811.0,76
201800031446,18,7,2,1105,1,1,9,1.0,2.0,76594,M,4949482.0,99731.0,76
201800031447,18,10,14,2330,3,1,1,1.0,7.0,76541,M,4951234.0,99157.0,76
201800031448,18,5,5,2305,4,2,1,1.0,6.0,17280,M,4582138.0,-72544.0,17
201800031449,18,5,23,1130,1,1,1,1.0,3.0,17185,M,4574921.0,-94819.0,17
201800031450,18,7,11,2020,2,1,4,1.0,3.0,17330,M,4575101.0,-91503.0,17
201800031451,18,7,22,1930,1,1,2,1.0,3.0,17262,M,4574597.0,-71037.0,17
201800031452,18,8,16,745,1,1,1,1.0,6.0,17120,M,4574651.0,-80540.0,17
201800031453,18,9,17,930,1,2,3,1.0,3.0,17284,M,4582556.0,-86432.0,17
201800031454,18,9,17,1500,1,1,1,1.0,1.0,17214,M,4570366.0,-77379.0,17
201800031455,18,9,25,1445,1,1,3,1.0,3.0,17453,M,4588248.0,-88888.0,17
201800031456,18,10,6,530,3,1,1,1.0,7.0,17408,M,4584015.0,-80649.0,17
201800031457,18,10,21,1520,1,2,4,1.0,3.0,17285,M,4583517.0,-68207.0,17
201800031458,18,2,23,930,1,2,1,1.0,6.0,01004,M,4595993.0,534806.0,01
201800031459,18,5,20,1900,1,2,3,1.0,3.0,01149,M,4598951.0,537523.0,01
201800031460,18,6,26,1350,1,1,1,1.0,4.0,01007,M,4599034.0,534369.0,01
201800031461,18,7,31,1710,1,1,1,9.0,1.0,01004,M,4596699.0,533720.0,01
201800031462,18,8,17,2215,5,2,1,1.0,6.0,01384,M,4595111.0,544719.0,01
201800031463,18,8,26,1730,1,1,3,1.0,6.0,01345,M,4594803.0,531979.0,01
201800031464,18,9,19,1515,1,1,1,1.0,6.0,01007,M,4601531.0,534537.0,01
201800031465,18,9,28,2110,3,1,1,1.0,2.0,01089,M,4596042.0,531562.0,01
201800031466,18,10,2,1615,1,1,1,1.0,7.0,01004,M,4600960.0,534122.0,01
201800031467,18,10,8,830,1,1,1,8.0,5.0,01004,M,4595318.0,535612.0,01
201800031468,18,10,13,1940,5,2,9,1.0,7.0,01379,M,4595901.0,527578.0,01
201800031469,18,10,13,2240,5,2,2,1.0,3.0,01004,M,4596118.0,535697.0,01
201800031470,18,1,9,1545,1,1,1,1.0,3.0,66164,M,4277897.0,289447.0,66
201800031471,18,2,3,730,1,1,1,1.0,2.0,66172,M,,,66
201800031472,18,2,16,1620,1,1,1,1.0,4.0,66190,M,,,66
201800031473,18,4,20,1710,1,1,1,1.0,2.0,66024,M,4252497.0,282017.0,66
201800031474,18,4,23,1315,1,1,1,1.0,6.0,66144,M,4264226.0,286094.0,66
201800031475,18,5,11,2140,5,1,1,1.0,3.0,66024,M,4253229.0,282683.0,66
201800031476,18,5,14,1630,1,1,1,1.0,2.0,66063,M,4248427.0,284440.0,66
201800031477,18,6,3,2045,3,1,1,3.0,7.0,66190,M,,,66
201800031478,18,7,1,1115,1,1,1,1.0,4.0,66136,M,4270897.0,286822.0,66
201800031479,18,7,9,40,3,1,1,1.0,3.0,66136,M,4270897.0,286822.0,66
201800031480,18,8,3,1130,1,1,1,1.0,6.0,66226,M,4259224.0,284985.0,66
201800031481,18,8,5,1130,1,1,1,1.0,2.0,66214,M,4255704.0,284749.0,66
201800031482,18,8,7,1830,1,1,1,1.0,6.0,66136,M,4270934.0,286828.0,66
201800031483,18,8,25,1010,1,1,1,1.0,2.0,66015,M,,,66
201800031484,18,8,29,135,3,1,1,1.0,4.0,66164,M,,,66
201800031485,18,9,23,1700,1,1,1,1.0,4.0,66190,M,4284043.0,291135.0,66
201800031486,18,10,9,1645,1,1,1,3.0,4.0,66015,M,,,66
201800031487,18,10,14,325,3,1,1,1.0,6.0,66145,M,,,66
201800031488,18,11,22,934,1,1,1,1.0,2.0,66145,M,4262626.0,285832.0,66
201800031489,18,12,11,515,3,1,1,1.0,6.0,66164,M,,,66
201800031490,18,1,7,1730,1,2,1,1.0,6.0,52331,M,4848246.0,477253.0,52
201800031491,18,1,13,2225,3,1,1,1.0,2.0,52182,M,4859331.0,484982.0,52
201800031492,18,1,23,1540,1,1,1,1.0,7.0,52182,M,4854492.0,483186.0,52
201800031493,18,2,14,1545,1,2,3,1.0,1.0,52500,M,4861856.0,490059.0,52
201800031494,18,5,1,1510,1,1,1,1.0,7.0,52500,M,4860774.0,491289.0,52
201800031495,18,5,8,1245,1,1,9,1.0,3.0,52235,M,4864651.0,487592.0,52
201800031496,18,6,4,2050,2,1,1,8.0,6.0,52386,M,4867095.0,484283.0,52
201800031497,18,6,18,840,1,2,1,1.0,6.0,52182,M,4858637.0,486357.0,52
201800031498,18,8,25,630,2,1,1,2.0,7.0,52391,M,4851046.0,480144.0,52
201800031499,18,9,27,815,1,1,1,1.0,1.0,52500,M,4860410.0,490707.0,52
201800031500,18,10,3,1530,1,1,9,1.0,1.0,52235,M,4864699.0,486730.0,52
201800031501,18,10,4,1520,1,1,1,1.0,2.0,52182,M,4861021.0,488551.0,52
201800031502,18,10,5,1435,1,1,1,1.0,6.0,52088,M,4848667.0,474047.0,52
201800031503,18,8,10,2015,2,2,1,1.0,6.0,95205,M,4903060.0,237150.0,95
201800031504,18,1,16,1826,3,1,1,2.0,1.0,25410,M,4722120.0,607288.0,25
201800031505,18,3,17,2146,3,1,1,2.0,1.0,25181,M,4749069.0,640374.0,25
201800031506,18,4,7,651,2,1,1,1.0,7.0,25518,M,4734193.0,623952.0,25
201800031507,18,4,7,1420,1,1,1,1.0,1.0,25527,M,4718547.0,582071.0,25
201800031508,18,5,4,923,1,1,1,1.0,1.0,25197,M,4731029.0,620087.0,25
201800031509,18,6,13,1500,1,1,1,1.0,1.0,25181,M,4750187.0,641582.0,25
201800031510,18,7,7,650,1,1,1,1.0,7.0,25047,M,4735367.0,631670.0,25
201800031511,18,7,22,1330,1,1,1,1.0,3.0,25354,M,4737173.0,633869.0,25
201800031512,18,8,23,1915,1,1,1,1.0,3.0,25047,M,4736079.0,632073.0,25
201800031513,18,9,6,1730,1,1,1,3.0,6.0,25467,M,4726723.0,592489.0,25
201800031514,18,9,11,925,1,1,1,1.0,3.0,25132,M,4733759.0,617379.0,25
201800031515,18,9,14,1530,1,1,6,1.0,3.0,25103,M,4717598.0,596395.0,25
201800031516,18,12,26,2150,3,1,1,1.0,6.0,25150,M,4729161.0,583306.0,25
201800031517,18,1,19,955,1,1,9,1.0,2.0,67180,M,4878684.0,775097.0,67
201800031518,18,1,20,2050,3,2,1,3.0,6.0,67180,M,4882670.0,775898.0,67
201800031519,18,1,25,800,1,2,1,1.0,6.0,67180,M,4880140.0,776718.0,67
201800031520,18,2,8,1215,1,2,1,1.0,6.0,67180,M,4880682.0,777550.0,67
201800031521,18,2,18,1200,1,2,2,1.0,2.0,67180,M,4881060.0,779230.0,67
201800031522,18,1,16,1830,5,2,6,3.0,6.0,67180,M,4881240.0,779470.0,67
201800031523,18,3,11,154,3,1,1,5.0,6.0,67180,M,4881583.0,781916.0,67
201800031524,18,2,15,1412,1,2,4,1.0,2.0,67180,M,4878057.0,781617.0,67
201800031525,18,3,19,1250,1,2,1,1.0,1.0,67180,M,4881140.0,779855.0,67
201800031526,18,3,13,1331,1,1,1,2.0,7.0,67180,M,4885870.0,765750.0,67
201800031527,18,4,9,1815,1,1,1,1.0,7.0,67180,M,4888079.0,776325.0,67
201800031528,18,4,6,1550,1,2,1,1.0,3.0,67180,M,4878272.0,782369.0,67
201800031529,18,4,20,1513,1,2,2,7.0,3.0,67180,M,4880545.0,777944.0,67
201800031530,18,5,9,1545,1,2,1,1.0,2.0,67180,M,4881238.0,779443.0,67
201800031531,18,5,22,1540,1,2,3,3.0,3.0,67180,M,4880187.0,778317.0,67
201800031532,18,5,31,850,1,2,1,1.0,1.0,67180,M,4881620.0,776820.0,67
201800031533,18,6,19,525,2,1,1,1.0,6.0,67180,M,4887140.0,782710.0,67
201800031534,18,7,17,1916,1,2,1,1.0,2.0,67345,M,4879332.0,785095.0,67
201800031535,18,7,23,1210,1,2,1,1.0,6.0,67180,M,4881302.0,779873.0,67
201800031536,18,9,7,1623,1,2,1,1.0,3.0,67180,M,4882203.0,777994.0,67
201800031537,18,9,27,858,1,1,6,1.0,2.0,67180,M,4881430.0,781921.0,67
201800031538,18,10,10,1725,1,1,3,1.0,1.0,67180,M,4878667.0,775104.0,67
201800031539,18,9,14,1815,1,1,9,1.0,6.0,67180,M,4879734.0,776174.0,67
201800031540,18,10,13,1344,1,2,4,1.0,2.0,67180,M,4882609.0,779264.0,67
201800031541,18,11,22,640,3,1,3,1.0,2.0,67180,M,4878671.0,775092.0,67
201800031542,18,11,26,1220,1,2,3,1.0,3.0,67180,M,4880726.0,780275.0,67
201800031543,18,12,10,1830,5,2,3,2.0,3.0,67180,M,4881207.0,780197.0,67
201800031544,18,12,18,1755,3,2,3,5.0,3.0,67180,M,,,67
201800031545,18,12,21,1950,5,1,6,1.0,3.0,67180,M,4880168.0,783548.0,67
201800031546,18,12,28,2120,5,2,1,1.0,2.0,67180,M,4880433.0,778356.0,67
201800031547,18,1,3,1620,1,1,1,2.0,6.0,86007,M,4686551.0,54477.0,86
201800031548,18,3,23,215,3,2,6,1.0,6.0,86007,M,4685778.0,53811.0,86
201800031549,18,5,6,2035,1,2,1,1.0,6.0,86224,M,4690892.0,42134.0,86
201800031550,18,6,24,10,3,1,1,1.0,6.0,86111,M,4690962.0,58270.0,86
201800031551,18,7,26,646,1,1,1,1.0,2.0,86092,M,4692506.0,59998.0,86
201800031552,18,8,15,1915,1,1,2,1.0,3.0,86111,M,4687400.0,57479.0,86
201800031553,18,8,9,1400,1,1,1,1.0,7.0,86224,M,4690740.0,44186.0,86
201800031554,18,9,22,2030,3,2,1,1.0,6.0,86042,M,4696979.0,68188.0,86
201800031555,18,10,1,1125,1,1,1,1.0,6.0,86224,M,4691284.0,44589.0,86
201800031556,18,6,23,1315,1,1,1,1.0,3.0,86221,M,4681463.0,36985.0,86
201800031557,18,8,4,2345,3,1,2,1.0,3.0,86096,M,4681393.0,31658.0,86
201800031558,18,8,7,1735,1,2,1,1.0,6.0,86258,M,4681260.0,41634.0,86
201800031559,18,10,20,1925,3,1,1,1.0,2.0,86221,M,4684376.0,32494.0,86
201800031560,18,11,7,1610,1,2,1,2.0,2.0,86174,M,4675602.0,48976.0,86
201800031561,18,11,13,735,2,1,1,1.0,2.0,86221,M,4682999.0,34990.0,86
201800031562,18,12,6,1600,1,1,1,1.0,7.0,86174,M,4676796.0,50201.0,86
201800031563,18,12,17,800,2,1,1,9.0,7.0,86221,M,4683336.0,35217.0,86
201800031564,18,2,20,1400,1,1,1,1.0,6.0,74109,M,4608355.0,584094.0,74
201800031565,18,3,13,600,3,1,1,2.0,5.0,74082,M,4614206.0,614322.0,74
201800031566,18,1,5,1700,1,2,1,1.0,2.0,38544,M,4552495.0,488760.0,38
201800031567,18,1,28,313,3,2,1,1.0,7.0,38378,M,4544154.0,476754.0,38
201800031568,18,3,1,1930,3,1,1,1.0,2.0,38114,M,4541310.0,477961.0,38
201800031569,18,3,22,715,2,1,3,1.0,3.0,38160,M,4547793.0,499866.0,38
201800031570,18,3,24,1730,1,1,1,1.0,7.0,38114,M,4542718.0,480170.0,38
201800031571,18,3,28,710,2,2,1,2.0,6.0,38340,M,4545213.0,476724.0,38
201800031572,18,4,2,1620,1,1,1,1.0,1.0,38536,M,4542163.0,490660.0,38
201800031573,18,4,21,1645,1,2,9,1.0,6.0,38160,M,4547496.0,499885.0,38
201800031574,18,5,4,2100,3,1,1,1.0,3.0,38459,M,4547594.0,495209.0,38
201800031575,18,5,27,2000,2,2,9,3.0,5.0,38336,M,4548383.0,483252.0,38
201800031576,18,5,30,707,1,1,1,1.0,1.0,38336,M,4548385.0,483256.0,38
201800031577,18,6,8,950,1,2,2,1.0,3.0,38238,M,4549336.0,504674.0,38
201800031578,18,6,21,650,1,1,1,1.0,6.0,38157,M,4552692.0,499969.0,38
201800031579,18,7,1,920,1,2,9,1.0,6.0,38425,M,4538929.0,478243.0,38
201800031580,18,7,1,1750,1,1,1,1.0,6.0,38353,M,4541631.0,476367.0,38
201800031581,18,7,21,1610,1,2,1,1.0,6.0,38425,M,4539187.0,476784.0,38
201800031582,18,8,25,845,1,2,3,8.0,3.0,38019,M,4543131.0,481884.0,38
201800031583,18,9,16,1120,1,1,1,1.0,2.0,38114,M,4541468.0,479274.0,38
201800031584,18,10,20,130,3,1,1,1.0,1.0,38336,M,4548848.0,482913.0,38
201800031585,18,10,24,220,3,1,1,1.0,6.0,38336,M,4548743.0,483184.0,38
201800031586,18,11,25,1000,1,1,3,2.0,3.0,38160,M,,,38
201800031587,18,12,1,1210,1,2,1,1.0,1.0,38425,M,4539075.0,478197.0,38
201800031588,18,12,3,735,2,1,9,8.0,3.0,38336,M,4548940.0,482803.0,38
201800031589,18,12,20,1950,3,2,1,2.0,3.0,38378,M,4543203.0,476913.0,38
201800031590,18,1,18,1735,5,2,1,1.0,6.0,83072,M,4349320.0,635775.0,83
201800031591,18,3,28,1555,1,1,1,1.0,6.0,83072,M,4346205.0,634405.0,83
201800031592,18,6,6,1940,1,2,1,1.0,7.0,83072,M,4349320.0,635775.0,83
201800031593,18,7,20,855,1,2,6,1.0,3.0,83072,M,4348905.0,635443.0,83
201800031594,18,7,24,1900,1,1,3,1.0,3.0,83058,M,4354254.0,635833.0,83
201800031595,18,7,30,235,3,1,1,1.0,6.0,83072,M,4349331.0,638445.0,83
201800031596,18,7,31,1700,1,2,1,1.0,2.0,83058,M,4354047.0,637611.0,83
201800031597,18,8,29,30,3,1,1,1.0,1.0,83136,M,4346254.0,630766.0,83
201800031598,18,11,15,925,1,1,9,1.0,4.0,83136,M,4344136.0,631724.0,83
201800031599,18,11,29,1605,1,2,1,1.0,7.0,83072,M,4349398.0,640147.0,83
201800031600,18,4,19,1930,1,1,1,1.0,6.0,24104,M,4517234.0,45483.0,24
201800031601,18,4,20,1800,1,1,2,1.0,3.0,24442,M,4511838.0,51507.0,24
201800031602,18,6,19,1815,1,1,1,1.0,1.0,24139,M,4512713.0,64284.0,24
201800031603,18,7,1,1645,1,1,1,1.0,1.0,24139,M,4513790.0,66533.0,24
201800031604,18,7,21,1445,1,2,1,1.0,1.0,24350,M,4516252.0,59720.0,24
201800031605,18,9,12,700,2,1,2,1.0,3.0,24309,M,4509157.0,50815.0,24
201800031606,18,12,25,320,3,1,1,1.0,6.0,24309,M,4509483.0,44859.0,24
201800031607,18,12,21,2020,3,1,1,3.0,7.0,24350,M,4517888.0,62052.0,24
201800031608,18,1,18,1754,5,2,2,3.0,3.0,67462,M,4826318.0,744092.0,67
201800031609,18,3,8,1010,1,2,1,1.0,6.0,67462,M,4825742.0,745393.0,67
201800031610,18,4,5,1750,1,2,3,1.0,3.0,67462,M,4826342.0,743083.0,67
201800031611,18,4,10,1334,1,2,1,8.0,6.0,67462,M,4825401.0,744512.0,67
201800031612,18,5,12,950,1,1,6,1.0,7.0,67462,M,4824655.0,745917.0,67
201800031613,18,6,26,1202,1,2,2,1.0,3.0,67462,M,4826285.0,743099.0,67
201800031614,18,6,27,908,1,2,2,7.0,3.0,67462,M,4826050.0,745131.0,67
201800031615,18,7,18,1911,1,2,3,1.0,6.0,67462,M,4826439.0,745877.0,67
201800031616,18,7,24,1704,1,2,3,1.0,6.0,67462,M,4825833.0,744486.0,67
201800031617,18,7,26,2048,1,2,2,1.0,3.0,67462,M,,,67
201800031618,18,9,20,1815,1,2,3,1.0,3.0,67462,M,4826268.0,745915.0,67
201800031619,18,9,25,1036,1,2,3,7.0,3.0,67462,M,4826500.0,743743.0,67
201800031620,18,10,11,1510,1,2,2,1.0,6.0,67462,M,4825656.0,745652.0,67
201800031621,18,10,11,1515,1,2,2,7.0,6.0,67462,M,4825653.0,745636.0,67
201800031622,18,1,1,540,5,2,2,2.0,3.0,67482,M,4855443.0,776622.0,67
201800031623,18,1,1,1900,5,2,1,2.0,3.0,67043,M,4861669.0,773210.0,67
201800031624,18,1,4,1800,5,2,1,2.0,6.0,67482,M,4857957.0,777725.0,67
201800031625,18,1,4,2240,5,2,1,8.0,2.0,67482,M,4860239.0,772248.0,67
201800031626,18,1,7,430,5,2,1,1.0,6.0,67043,M,4861382.0,775338.0,67
201800031627,18,1,10,950,1,2,1,1.0,6.0,67267,M,4856377.0,768953.0,67
201800031628,18,1,12,630,3,2,1,1.0,7.0,67482,M,4849944.0,777530.0,67
201800031629,18,1,12,2355,5,2,2,1.0,3.0,67365,M,4853912.0,771026.0,67
201800031630,18,1,13,41,5,2,2,1.0,3.0,67482,M,4856890.0,775165.0,67
201800031631,18,1,15,1009,1,2,9,1.0,6.0,67482,M,4859434.0,770010.0,67
201800031632,18,1,15,1905,5,2,1,1.0,6.0,67482,M,4975700.0,471254.0,67
201800031633,18,1,16,1305,1,2,1,1.0,6.0,67482,M,4857872.0,774540.0,67
201800031634,18,1,16,1810,5,2,3,2.0,6.0,67482,M,4858398.0,777469.0,67
201800031635,18,1,18,1710,5,2,2,2.0,6.0,67482,M,4854068.0,776174.0,67
201800031636,18,1,18,1900,5,2,1,2.0,6.0,67482,M,4859161.0,770659.0,67
201800031637,18,1,18,2100,4,1,1,2.0,6.0,67482,M,4856083.0,777697.0,67
201800031638,18,1,18,2130,5,2,1,1.0,5.0,67482,M,4858072.0,777175.0,67
201800031639,18,1,19,1800,5,2,1,2.0,1.0,67482,M,4859376.0,777173.0,67
201800031640,18,1,20,1110,1,2,1,2.0,1.0,67482,M,4857215.0,773690.0,67
201800031641,18,1,21,1605,1,2,1,1.0,6.0,67482,M,4853591.0,776784.0,67
201800031642,18,1,23,1830,5,2,1,2.0,3.0,67482,M,4857840.0,773128.0,67
201800031643,18,1,26,1755,5,2,1,1.0,6.0,67365,M,4854336.0,771341.0,67
201800031644,18,1,26,1220,1,2,1,2.0,6.0,67447,M,4860823.0,773138.0,67
201800031645,18,1,29,1645,2,2,1,1.0,6.0,67447,M,4860789.0,773166.0,67
201800031646,18,1,30,2050,5,2,3,1.0,3.0,67482,M,4857830.0,773877.0,67
201800031647,18,1,31,1645,2,2,1,1.0,6.0,67482,M,4854895.0,774961.0,67
201800031648,18,1,31,1750,5,2,2,2.0,3.0,67482,M,4859199.0,776947.0,67
201800031649,18,1,31,2010,5,2,6,2.0,3.0,67482,M,4856053.0,769319.0,67
201800031650,18,2,1,1900,5,2,1,2.0,2.0,67482,M,4856327.0,778826.0,67
201800031651,18,2,2,1810,3,2,1,1.0,2.0,67482,M,4856592.0,774824.0,67
201800031652,18,2,5,1110,1,2,1,1.0,6.0,67482,M,4854837.0,774867.0,67
201800031653,18,2,5,1540,1,2,1,1.0,6.0,67482,M,4857871.0,776957.0,67