Num_Acc,an,mois,jour,hrmn,lum,agg,int,atm,col,com,gps,lat,long,dep
201800031654,18,2,6,1750,5,2,1,1.0,6.0,67447,M,4860031.0,775428.0,67
201800031655,18,2,9,320,5,2,2,1.0,3.0,67482,M,4858739.0,774786.0,67
201800031656,18,2,9,810,1,2,1,1.0,6.0,67482,M,4860036.0,775661.0,67
201800031657,18,2,11,1925,5,2,3,8.0,3.0,67043,M,4861865.0,773089.0,67
201800031658,18,2,12,105,5,2,2,1.0,3.0,67482,M,4858590.0,777413.0,67
201800031659,18,2,12,1150,1,2,2,1.0,3.0,67482,M,4857903.0,772793.0,67
201800031660,18,2,12,1545,1,2,2,8.0,3.0,67482,M,4856765.0,775347.0,67
201800031661,18,2,12,1900,5,2,3,1.0,3.0,67482,M,4858517.0,773274.0,67
201800031662,18,2,13,1115,1,2,3,7.0,3.0,67043,M,4861431.0,774645.0,67
201800031663,18,2,13,1640,1,2,2,1.0,3.0,67482,M,4858930.0,774986.0,67
201800031664,18,2,13,1930,5,2,1,1.0,6.0,67482,M,4854464.0,777211.0,67
201800031665,18,2,15,800,1,2,1,4.0,6.0,67482,M,4859016.0,770178.0,67
201800031666,18,2,15,1700,1,2,1,1.0,3.0,67482,M,4858055.0,771897.0,67
201800031667,18,2,20,1515,1,2,1,8.0,6.0,67482,M,4855489.0,775396.0,67
201800031668,18,2,19,1910,4,2,1,8.0,2.0,67482,M,4858768.0,770154.0,67
201800031669,18,3,1,1930,3,1,1,1.0,5.0,67218,M,4853859.0,773786.0,67
201800031670,18,3,2,1450,1,2,3,1.0,3.0,67482,M,4859146.0,776918.0,67
201800031671,18,3,2,1845,5,2,3,4.0,4.0,67482,M,4856778.0,777080.0,67
201800031672,18,3,3,1950,5,2,1,8.0,2.0,67204,M,4862143.0,773084.0,67
201800031673,18,3,6,1900,5,2,1,8.0,6.0,67043,M,4859668.0,774161.0,67
201800031674,18,3,7,1730,1,2,3,1.0,6.0,67447,M,4860640.0,775024.0,67
201800031675,18,3,8,550,5,2,4,2.0,3.0,67482,M,4857173.0,775493.0,67
201800031676,18,3,8,900,1,2,1,1.0,6.0,67482,M,4857665.0,774139.0,67
201800031677,18,3,9,100,5,2,1,1.0,1.0,67482,M,4856165.0,769580.0,67
201800031678,18,3,9,1830,3,1,1,1.0,1.0,67218,M,4853846.0,773765.0,67
201800031679,18,3,9,1930,5,2,1,1.0,6.0,67482,M,4856059.0,775281.0,67
201800031680,18,3,12,755,1,2,3,2.0,6.0,67482,M,4857076.0,771009.0,67
201800031681,18,3,12,800,1,2,3,8.0,3.0,67482,M,4855603.0,777313.0,67
201800031682,18,3,12,1905,5,2,1,2.0,6.0,67218,M,4854438.0,773697.0,67
201800031683,18,3,14,1210,1,2,3,1.0,3.0,67482,M,4857479.0,772598.0,67
201800031684,18,3,14,1740,1,2,1,1.0,6.0,67482,M,4858430.0,774394.0,67
201800031685,18,3,15,1220,1,2,3,8.0,3.0,67482,M,4857911.0,775548.0,67
201800031686,18,3,16,2005,5,2,1,1.0,3.0,67482,M,4859884.0,775290.0,67
201800031687,18,3,17,640,2,2,1,1.0,6.0,67482,M,4857782.0,773643.0,67
201800031688,18,3,17,1930,5,2,1,4.0,6.0,67218,M,4853028.0,771226.0,67
201800031689,18,3,20,2040,2,2,1,1.0,6.0,67482,M,4855478.0,776628.0,67
201800031690,18,3,26,1900,1,2,3,1.0,3.0,67482,M,4858074.0,772763.0,67
201800031691,18,3,27,1350,1,2,3,1.0,3.0,67043,M,4861081.0,776645.0,67
201800031692,18,3,29,1610,1,2,1,1.0,6.0,67204,M,4862398.0,776848.0,67
201800031693,18,3,29,1910,2,2,3,1.0,3.0,67482,M,4856449.0,776634.0,67
201800031694,18,4,1,945,1,2,1,2.0,6.0,67482,M,4856334.0,777911.0,67
201800031695,18,4,2,1430,1,2,3,1.0,5.0,67482,M,4857936.0,771444.0,67
201800031696,18,4,2,1435,1,2,1,1.0,3.0,67482,M,4856430.0,770256.0,67
201800031697,18,4,2,1930,1,1,3,1.0,3.0,67043,M,4863173.0,777658.0,67
201800031698,18,4,4,810,1,2,3,2.0,6.0,67447,M,4860666.0,773586.0,67
201800031699,18,4,5,1208,1,2,3,1.0,1.0,67482,M,4858197.0,777489.0,67
201800031700,18,4,5,1230,1,2,1,1.0,6.0,67482,M,4856488.0,775235.0,67
201800031701,18,4,5,1500,1,2,1,1.0,3.0,67482,M,4858901.0,773892.0,67
201800031702,18,4,6,955,1,2,1,1.0,3.0,67482,M,4859223.0,774398.0,67
201800031703,18,4,7,955,1,2,1,1.0,6.0,67447,M,4860728.0,776221.0,67
201800031704,18,4,7,1105,1,2,1,1.0,2.0,67482,M,4861070.0,778231.0,67
201800031705,18,4,7,1600,1,2,1,1.0,6.0,67447,M,4860503.0,774782.0,67
201800031706,18,4,8,1425,1,2,1,1.0,6.0,67267,M,4855665.0,768511.0,67
201800031707,18,4,8,1515,1,2,1,1.0,3.0,67482,M,4859979.0,778113.0,67
201800031708,18,4,8,1955,2,2,3,1.0,3.0,67482,M,4857425.0,777090.0,67
201800031709,18,4,9,858,1,2,1,1.0,2.0,67482,M,4856167.0,775221.0,67
201800031710,18,4,9,1850,1,2,2,1.0,3.0,67482,M,4858719.0,769733.0,67
201800031711,18,4,9,2245,3,2,1,1.0,6.0,67482,M,4854986.0,775505.0,67
201800031712,18,4,10,810,1,2,1,1.0,2.0,67482,M,4858753.0,775807.0,67
201800031713,18,4,11,1750,1,2,1,1.0,6.0,67482,M,4859559.0,777769.0,67
201800031714,18,4,12,1540,1,2,1,1.0,6.0,67447,M,4860398.0,774937.0,67
201800031715,18,4,13,1705,1,2,1,1.0,3.0,67482,M,4856180.0,773810.0,67
201800031716,18,4,16,755,1,2,1,1.0,2.0,67218,M,4855521.0,776627.0,67
201800031717,18,4,16,810,1,2,1,1.0,6.0,67482,M,4856791.0,775149.0,67
201800031718,18,4,16,2025,2,1,2,1.0,3.0,67204,M,4862325.0,777163.0,67
201800031719,18,4,18,1713,1,2,1,1.0,6.0,67482,M,4857548.0,777794.0,67
201800031720,18,4,19,2130,4,2,1,1.0,6.0,67482,M,4856959.0,777594.0,67
201800031721,18,4,20,1200,1,2,3,1.0,6.0,67482,M,4858558.0,771820.0,67
201800031722,18,4,20,1405,1,2,2,1.0,3.0,67482,M,4858002.0,773567.0,67
201800031723,18,4,20,1720,1,2,3,1.0,3.0,67482,M,4854910.0,775387.0,67
201800031724,18,4,21,1340,1,2,1,1.0,6.0,67482,M,4858769.0,770149.0,67
201800031725,18,4,21,1820,1,2,1,1.0,6.0,67043,M,4861557.0,773346.0,67
201800031726,18,4,24,1440,1,2,3,1.0,3.0,67482,M,4857134.0,779546.0,67
201800031727,18,4,24,1640,1,2,1,1.0,6.0,67482,M,4858402.0,773545.0,67
201800031728,18,4,26,1850,1,2,1,7.0,6.0,67482,M,4859902.0,771296.0,67
201800031729,18,4,28,50,4,2,1,1.0,6.0,67482,M,4826897.0,771010.0,67
201800031730,18,4,30,1525,1,2,9,1.0,3.0,67482,M,4855712.0,774754.0,67
201800031731,18,5,1,1000,1,2,2,1.0,2.0,67482,M,4857520.0,775343.0,67
201800031732,18,5,3,1845,1,2,1,1.0,3.0,67482,M,4854873.0,775779.0,67
201800031733,18,5,6,1955,2,2,2,7.0,3.0,67482,M,4859108.0,771585.0,67
201800031734,18,5,7,1630,1,2,1,1.0,6.0,67267,M,4852859.0,777242.0,67
201800031735,18,5,9,1455,1,2,2,1.0,3.0,67482,M,4855517.0,773740.0,67
201800031736,18,5,14,1405,1,1,1,8.0,1.0,67204,M,4862366.0,774824.0,67
201800031737,18,5,14,1745,1,2,3,1.0,3.0,67218,M,4851733.0,772007.0,67
201800031738,18,5,15,1000,1,2,1,8.0,2.0,67482,M,4856278.0,774362.0,67
201800031739,18,5,15,1200,1,2,9,8.0,3.0,67482,M,4857113.0,773598.0,67
201800031740,18,5,15,1750,1,2,9,1.0,3.0,67218,M,4850970.0,772949.0,67
201800031741,18,5,15,1755,1,2,9,1.0,3.0,67447,M,4860629.0,775009.0,67
201800031742,18,5,15,1830,1,2,6,1.0,3.0,67204,M,4863084.0,776449.0,67
201800031743,18,5,16,1700,1,2,9,1.0,3.0,67482,M,4857938.0,771543.0,67
201800031744,18,5,16,1730,1,2,9,8.0,3.0,67482,M,4860282.0,771095.0,67
201800031745,18,5,17,1815,1,2,1,1.0,3.0,67482,M,4857178.0,775591.0,67
201800031746,18,5,18,1255,1,2,3,1.0,3.0,67482,M,4858556.0,774746.0,67
201800031747,18,5,23,1000,1,2,3,1.0,3.0,67482,M,4858703.0,774653.0,67
201800031748,18,5,24,1740,1,2,1,1.0,6.0,67267,M,4855881.0,769814.0,67
201800031749,18,5,25,830,1,2,1,1.0,3.0,67482,M,4861761.0,778833.0,67
201800031750,18,5,25,2140,3,1,1,1.0,2.0,67218,M,4853860.0,773765.0,67
201800031751,18,5,25,1310,1,2,1,1.0,6.0,67482,M,4860035.0,778041.0,67
201800031752,18,5,25,1535,1,2,3,1.0,6.0,67482,M,4858096.0,769617.0,67
201800031753,18,5,26,1020,1,2,6,1.0,3.0,67482,M,4858314.0,777873.0,67
201800031754,18,5,26,1210,1,2,3,1.0,3.0,67482,M,4856829.0,775440.0,67
201800031755,18,5,26,1600,1,2,3,1.0,1.0,67482,M,4857458.0,776673.0,67
201800031756,18,5,27,1255,1,2,1,1.0,6.0,67482,M,4854905.0,776859.0,67
201800031757,18,5,27,2320,5,2,3,1.0,2.0,67482,M,4860328.0,772116.0,67
201800031758,18,5,31,1215,1,2,1,1.0,6.0,67482,M,4859018.0,774398.0,67
201800031759,18,5,31,2310,5,2,2,3.0,3.0,67204,M,4862329.0,773044.0,67
201800031760,18,6,1,340,5,2,3,1.0,3.0,67482,M,4856545.0,775951.0,67
201800031761,18,6,1,1540,1,2,3,1.0,3.0,67447,M,4861317.0,771605.0,67
201800031762,18,6,3,2240,3,2,1,1.0,2.0,67482,M,4857822.0,770730.0,67
201800031763,18,6,4,230,5,2,1,1.0,3.0,67482,M,4859423.0,771124.0,67
201800031764,18,6,5,2235,5,2,3,1.0,3.0,67482,M,4859410.0,770788.0,67
201800031765,18,6,6,1505,1,2,3,1.0,3.0,67482,M,4858603.0,773700.0,67
201800031766,18,6,7,840,1,2,1,8.0,3.0,67482,M,4857857.0,771040.0,67
201800031767,18,6,7,1040,1,2,1,8.0,2.0,67482,M,4856690.0,770446.0,67
201800031768,18,6,7,1520,1,2,1,1.0,3.0,67447,M,4860796.0,773372.0,67
201800031769,18,6,8,1615,1,2,3,1.0,3.0,67482,M,4857319.0,775024.0,67
201800031770,18,6,8,1815,1,2,3,1.0,6.0,67482,M,4856745.0,776252.0,67
201800031771,18,6,10,545,2,2,1,1.0,6.0,67482,M,4858708.0,778547.0,67
201800031772,18,6,10,1320,1,2,1,1.0,6.0,67482,M,4858154.0,776826.0,67
201800031773,18,6,11,110,5,2,3,1.0,3.0,67447,M,4860422.0,774780.0,67
201800031774,18,6,12,1410,1,1,3,1.0,3.0,67218,M,4851252.0,771778.0,67
201800031775,18,6,12,1800,1,2,1,8.0,3.0,67482,M,4857552.0,775578.0,67
201800031776,18,6,12,2050,1,2,1,2.0,1.0,67482,M,4856961.0,773322.0,67
201800031777,18,6,13,1135,1,2,1,8.0,2.0,67218,M,4854694.0,773998.0,67
201800031778,18,6,13,1905,1,2,3,1.0,1.0,67482,M,4859089.0,774624.0,67
201800031779,18,6,14,1140,1,2,1,1.0,6.0,67218,M,4851526.0,771234.0,67
201800031780,18,6,15,910,1,2,1,1.0,6.0,67482,M,4858125.0,773673.0,67
201800031781,18,6,16,1245,1,2,1,1.0,6.0,67218,M,4854530.0,773839.0,67
201800031782,18,6,17,1800,1,2,3,1.0,3.0,67043,M,4861249.0,776727.0,67
201800031783,18,6,18,940,1,2,1,1.0,2.0,67482,M,4856420.0,770684.0,67
201800031784,18,6,18,1815,1,2,3,1.0,3.0,67447,M,4861319.0,771588.0,67
201800031785,18,6,18,2240,5,2,3,1.0,3.0,67482,M,4857092.0,779535.0,67
201800031786,18,6,20,730,1,2,1,1.0,1.0,67482,M,4857472.0,776329.0,67
201800031787,18,6,21,1040,1,2,1,1.0,2.0,67482,M,4859962.0,776814.0,67
201800031788,18,6,21,1610,1,2,3,1.0,3.0,67447,M,4861013.0,773975.0,67
201800031789,18,6,21,1305,1,1,1,1.0,2.0,67447,M,4860370.0,775172.0,67
201800031790,18,6,23,1900,1,2,3,1.0,6.0,67447,M,4861085.0,773520.0,67
201800031791,18,6,23,1640,1,2,3,1.0,3.0,67482,M,4858220.0,771586.0,67
201800031792,18,6,24,1845,1,2,1,1.0,6.0,67447,M,4860782.0,776060.0,67
201800031793,18,6,24,1925,1,2,3,1.0,3.0,67267,M,4854965.0,768602.0,67
201800031794,18,6,25,1555,1,2,1,7.0,2.0,67482,M,4857018.0,773764.0,67
201800031795,18,6,25,1815,1,2,1,1.0,3.0,67482,M,4859090.0,776493.0,67
201800031796,18,6,28,1200,1,2,1,6.0,6.0,67482,M,4855682.0,774736.0,67
201800031797,18,6,29,1225,1,2,6,1.0,6.0,67482,M,4859312.0,769470.0,67
201800031798,18,5,29,2015,1,2,1,1.0,2.0,67482,M,4855798.0,774851.0,67
201800031799,18,6,30,50,3,1,1,1.0,6.0,67218,M,4853866.0,774527.0,67
201800031800,18,6,30,1120,1,2,3,1.0,6.0,67482,M,4860005.0,777966.0,67
201800031801,18,6,30,2020,1,2,1,1.0,2.0,67204,M,4863133.0,776409.0,67
201800031802,18,6,30,2050,2,2,1,1.0,3.0,67043,M,4861716.0,775406.0,67
201800031803,18,6,30,2145,2,2,3,1.0,3.0,67204,M,4862136.0,775514.0,67
201800031804,18,7,2,1910,1,2,1,1.0,3.0,67218,M,4854035.0,773437.0,67
201800031805,18,7,4,815,1,2,3,1.0,3.0,67447,M,4860844.0,771802.0,67
201800031806,18,7,4,1750,1,2,3,1.0,2.0,67482,M,4853321.0,778231.0,67
201800031807,18,7,4,1820,1,2,1,1.0,6.0,67482,M,4856885.0,777709.0,67
201800031808,18,7,4,2350,5,2,1,1.0,6.0,67447,M,4860489.0,775925.0,67
201800031809,18,7,6,1605,1,2,1,1.0,3.0,67482,M,4861002.0,778396.0,67
201800031810,18,7,6,1835,1,2,1,2.0,4.0,67482,M,4859374.0,774200.0,67
201800031811,18,7,6,2120,1,1,1,1.0,6.0,67482,M,4855469.0,779589.0,67
201800031812,18,7,7,1200,1,2,3,1.0,3.0,67482,M,4851887.0,777663.0,67
201800031813,18,7,8,525,2,2,1,1.0,2.0,67482,M,4856899.0,777713.0,67
201800031814,18,7,8,1430,1,2,6,1.0,3.0,67482,M,4858950.0,778158.0,67
201800031815,18,7,9,630,1,2,3,1.0,3.0,67482,M,4857440.0,776726.0,67
201800031816,18,7,7,1800,1,2,1,1.0,4.0,67482,M,4857414.0,774084.0,67
201800031817,18,7,7,1940,1,2,3,1.0,3.0,67482,M,4859374.0,779535.0,67
201800031818,18,7,9,1355,1,2,1,1.0,1.0,67482,M,4855554.0,776988.0,67
201800031819,18,7,12,845,1,2,1,1.0,3.0,67218,M,4854163.0,774018.0,67
201800031820,18,7,12,1210,1,2,1,1.0,2.0,67267,M,4856842.0,768749.0,67
201800031821,18,7,12,1810,1,2,1,1.0,6.0,67482,M,4857866.0,771060.0,67
201800031822,18,7,13,1115,1,2,1,1.0,3.0,67482,M,4857349.0,780107.0,67
201800031823,18,7,13,1245,1,2,3,1.0,3.0,67043,M,4861410.0,775212.0,67
201800031824,18,7,13,2000,1,2,3,1.0,6.0,67043,M,4861608.0,775021.0,67
201800031825,18,7,6,600,1,2,1,1.0,6.0,67482,M,4857847.0,774690.0,67
201800031826,18,7,14,645,1,2,1,1.0,6.0,67482,M,4854754.0,776978.0,67
201800031827,18,7,14,1229,1,2,1,1.0,3.0,67482,M,4859514.0,775831.0,67
201800031828,18,7,14,1846,1,2,3,1.0,3.0,67482,M,4857830.0,770735.0,67
201800031829,18,7,16,1640,1,2,1,1.0,3.0,67482,M,4859220.0,774413.0,67
201800031830,18,7,16,2330,5,2,1,1.0,1.0,67482,M,4859440.0,770007.0,67
201800031831,18,7,13,2335,5,2,2,1.0,3.0,67043,M,4861900.0,773158.0,67
201800031832,18,7,17,1900,1,2,1,1.0,6.0,67482,M,4859118.0,776627.0,67
201800031833,18,7,17,2128,2,2,1,1.0,6.0,67043,M,4861457.0,774395.0,67
201800031834,18,7,18,1605,1,2,1,1.0,6.0,67482,M,4858609.0,774053.0,67
201800031835,18,7,18,1810,1,2,1,1.0,1.0,67482,M,4858364.0,773547.0,67
201800031836,18,7,19,1820,1,2,1,1.0,3.0,67482,M,4857450.0,772494.0,67
201800031837,18,7,19,2000,1,2,3,1.0,3.0,67043,M,4861372.0,776623.0,67
201800031838,18,7,20,1610,1,2,1,1.0,3.0,67482,M,4857493.0,775447.0,67
201800031839,18,7,24,945,1,2,1,1.0,3.0,67482,M,4858776.0,775775.0,67
201800031840,18,7,24,1110,1,2,3,1.0,3.0,67482,M,4859093.0,774660.0,67
201800031841,18,7,24,1145,1,2,1,1.0,1.0,67482,M,4855492.0,775397.0,67
201800031842,18,7,25,1030,1,2,1,1.0,3.0,67482,M,4855482.0,773950.0,67
201800031843,18,7,26,1145,1,2,1,1.0,6.0,67482,M,4855102.0,775104.0,67
201800031844,18,7,26,1600,1,1,1,1.0,3.0,67204,M,4861962.0,776900.0,67
201800031845,18,7,26,2000,1,2,1,1.0,2.0,67482,M,4858900.0,775355.0,67
201800031846,18,7,28,620,2,2,2,1.0,3.0,67482,M,4857449.0,773802.0,67
201800031847,18,7,29,1630,1,2,1,1.0,6.0,67204,M,4862762.0,775926.0,67
201800031848,18,7,29,1635,1,2,3,1.0,3.0,67482,M,4856458.0,776049.0,67
201800031849,18,7,30,2210,5,2,1,1.0,3.0,67482,M,4854270.0,777364.0,67
201800031850,18,7,31,1205,1,2,3,1.0,6.0,67447,M,4860999.0,775045.0,67
201800031851,18,7,31,1435,1,2,3,1.0,3.0,67482,M,4855430.0,775976.0,67
201800031852,18,8,1,2145,5,2,1,2.0,6.0,67043,M,4861891.0,773165.0,67
201800031853,18,8,2,940,1,2,3,1.0,6.0,67482,M,4857116.0,775647.0,67
201800031854,18,8,4,1315,1,2,1,1.0,2.0,67267,M,4855691.0,769260.0,67
201800031855,18,8,4,1535,1,2,1,1.0,3.0,67482,M,4857348.0,780107.0,67
201800031856,18,8,4,1620,1,2,1,1.0,2.0,67482,M,4860093.0,776875.0,67
201800031857,18,8,4,2230,4,2,1,1.0,3.0,67482,M,4858438.0,769228.0,67
201800031858,18,8,4,2300,5,2,1,1.0,6.0,67482,M,4853731.0,777297.0,67
201800031859,18,8,8,1235,1,2,1,1.0,3.0,67482,M,4859117.0,770327.0,67
201800031860,18,8,8,1745,1,2,1,1.0,4.0,67043,M,4861426.0,774628.0,67
201800031861,18,8,9,1300,1,2,3,1.0,3.0,67482,M,4858407.0,774721.0,67
201800031862,18,8,10,1440,1,2,3,1.0,3.0,67482,M,4858097.0,776980.0,67
201800031863,18,8,10,1600,1,2,3,1.0,3.0,67482,M,4857385.0,771945.0,67
201800031864,18,8,10,2325,5,2,1,1.0,3.0,67482,M,4856426.0,770768.0,67
201800031865,18,8,11,1730,1,2,1,1.0,3.0,67482,M,4856631.0,777314.0,67
201800031866,18,8,12,1036,1,2,3,1.0,3.0,67482,M,4859784.0,771454.0,67
201800031867,18,8,12,1915,1,2,1,1.0,6.0,67482,M,4856902.0,773492.0,67
201800031868,18,8,15,1110,1,2,1,1.0,6.0,67482,M,4859678.0,777669.0,67
201800031869,18,8,16,1830,1,2,1,1.0,2.0,67482,M,4858059.0,773117.0,67
201800031870,18,8,17,30,5,2,3,1.0,3.0,67482,M,4854824.0,775791.0,67
201800031871,18,8,17,1305,1,2,3,1.0,1.0,67204,M,4862016.0,773131.0,67
201800031872,18,8,18,450,5,2,1,1.0,3.0,67482,M,4859108.0,770961.0,67
201800031873,18,8,18,1008,1,2,3,1.0,6.0,67482,M,4858536.0,778018.0,67
201800031874,18,8,18,1750,1,2,1,1.0,6.0,67482,M,4859062.0,769701.0,67
201800031875,18,8,19,1635,1,2,3,1.0,3.0,67365,M,4855689.0,771355.0,67
201800031876,18,8,20,20,5,2,1,1.0,6.0,67482,M,4859245.0,771676.0,67
201800031877,18,8,20,1725,1,2,1,1.0,6.0,67482,M,4858381.0,773756.0,67
201800031878,18,8,21,40,3,2,1,1.0,6.0,67365,M,4855734.0,770851.0,67
201800031879,18,8,21,100,5,2,1,1.0,6.0,67482,M,4860177.0,770187.0,67
201800031880,18,8,22,1635,1,2,1,1.0,2.0,67482,M,4856569.0,773865.0,67
201800031881,18,8,22,1830,1,2,1,1.0,6.0,67482,M,4857818.0,770696.0,67
201800031882,18,8,23,1920,1,2,3,8.0,3.0,67482,M,4859173.0,774383.0,67
201800031883,18,8,25,1450,1,2,1,1.0,2.0,67482,M,4856944.0,771052.0,67
201800031884,18,8,26,550,2,2,1,1.0,6.0,67482,M,4858337.0,777178.0,67
201800031885,18,8,26,2000,2,2,1,1.0,2.0,67482,M,4854899.0,777078.0,67
201800031886,18,8,27,1725,1,2,2,1.0,3.0,67482,M,4859037.0,772875.0,67
201800031887,18,8,27,2350,5,2,3,1.0,3.0,67043,M,4861613.0,773209.0,67
201800031888,18,8,28,730,1,2,3,1.0,3.0,67267,M,4855702.0,768216.0,67
201800031889,18,8,28,500,5,2,3,1.0,3.0,67482,M,4855463.0,776645.0,67
201800031890,18,8,28,1710,1,2,1,1.0,3.0,67482,M,4857985.0,775033.0,67
201800031891,18,8,29,1050,1,2,1,1.0,4.0,67482,M,4857221.0,775211.0,67
201800031892,18,8,29,1610,1,1,1,1.0,6.0,67218,M,4852972.0,774119.0,67
201800031893,18,8,29,2000,2,1,1,2.0,6.0,67204,M,4862484.0,777459.0,67
201800031894,18,7,31,1401,1,2,1,2.0,3.0,67482,M,4859004.0,776739.0,67
201800031895,18,7,31,1730,1,2,3,2.0,3.0,67482,M,4860022.0,769635.0,67
201800031896,18,7,31,2135,5,2,1,2.0,6.0,67482,M,4859105.0,774630.0,67
201800031897,18,7,31,2205,5,2,1,2.0,6.0,67482,M,4856625.0,770141.0,67
201800031898,18,9,1,1120,1,1,1,1.0,6.0,67218,M,4851249.0,771843.0,67
201800031899,18,9,1,1810,1,2,1,1.0,6.0,67482,M,4859050.0,769699.0,67
201800031900,18,9,2,1510,1,2,1,2.0,1.0,67482,M,4860333.0,772122.0,67
201800031901,18,9,2,1735,1,2,1,2.0,6.0,67482,M,4857949.0,771260.0,67
201800031902,18,9,3,1900,1,2,1,1.0,3.0,67267,M,4855456.0,767712.0,67
201800031903,18,9,4,2000,2,2,3,1.0,3.0,67482,M,4859959.0,771237.0,67
201800031904,18,9,5,737,1,2,3,1.0,3.0,67482,M,4857491.0,776264.0,67
201800031905,18,9,5,1145,1,2,1,1.0,6.0,67482,M,4858273.0,773298.0,67
201800031906,18,9,5,1420,1,2,9,1.0,4.0,67482,M,4859803.0,772563.0,67
201800031907,18,9,5,2315,5,2,1,1.0,2.0,67447,M,4860956.0,776522.0,67
201800031908,18,9,6,835,1,2,3,1.0,3.0,67482,M,4861097.0,778427.0,67
201800031909,18,9,7,1605,1,2,3,1.0,3.0,67447,M,4860138.0,773886.0,67
201800031910,18,9,7,1820,1,2,3,1.0,3.0,67447,M,4860950.0,775365.0,67
201800031911,18,9,8,115,5,1,1,1.0,6.0,67482,M,4855618.0,777319.0,67
201800031912,18,9,8,1650,1,2,3,1.0,3.0,67482,M,4854790.0,775797.0,67
201800031913,18,9,8,2110,5,2,3,1.0,3.0,67267,M,4858938.0,774923.0,67
201800031914,18,9,9,2035,5,2,1,1.0,6.0,67482,M,4854510.0,776810.0,67
201800031915,18,9,10,757,1,2,1,1.0,3.0,67267,M,4855113.0,769020.0,67
201800031916,18,9,10,2000,2,2,1,1.0,6.0,67482,M,4858394.0,773424.0,67
201800031917,18,9,11,755,1,2,1,1.0,3.0,67482,M,4858832.0,777210.0,67
201800031918,18,9,11,827,1,2,1,7.0,6.0,67482,M,4855176.0,776226.0,67
201800031919,18,9,11,1215,1,2,1,1.0,6.0,67482,M,4859071.0,770303.0,67
201800031920,18,9,11,1745,2,2,1,1.0,3.0,67482,M,4859098.0,770293.0,67
201800031921,18,9,13,1415,1,2,3,1.0,3.0,67482,M,4853556.0,778638.0,67
201800031922,18,9,15,1413,1,2,3,1.0,3.0,67482,M,4857745.0,776647.0,67
201800031923,18,9,15,1630,1,2,3,1.0,6.0,67043,M,4861215.0,775516.0,67
201800031924,18,9,16,940,1,2,1,7.0,1.0,67482,M,4859775.0,776631.0,67
201800031925,18,9,17,1800,1,2,1,1.0,2.0,67482,M,4856967.0,777849.0,67
201800031926,18,9,18,830,1,2,1,1.0,6.0,67447,M,4860600.0,775376.0,67
201800031927,18,9,18,855,1,2,3,1.0,3.0,67482,M,4858386.0,775608.0,67
201800031928,18,9,20,750,1,2,3,1.0,3.0,67482,M,4858649.0,777478.0,67
201800031929,18,9,20,910,1,2,3,1.0,3.0,67482,M,4860293.0,772122.0,67
201800031930,18,9,20,940,1,2,3,1.0,3.0,67482,M,4859459.0,769990.0,67
201800031931,18,9,20,1820,1,2,1,1.0,6.0,67447,M,4861005.0,772957.0,67
201800031932,18,9,20,2210,5,2,1,1.0,7.0,67482,M,4854518.0,777240.0,67
201800031933,18,9,21,1105,1,2,1,1.0,2.0,67447,M,4329509.0,550371.0,67
201800031934,18,9,21,1605,1,2,1,2.0,6.0,67365,M,4855003.0,771017.0,67
201800031935,18,9,21,1620,1,2,1,2.0,3.0,67482,M,4858108.0,773437.0,67
201800031936,18,9,23,230,5,2,3,1.0,3.0,67482,M,4856426.0,770774.0,67
201800031937,18,9,24,948,1,2,1,1.0,6.0,67482,M,4857948.0,776965.0,67
201800031938,18,9,24,1530,1,2,1,1.0,3.0,67482,M,4856922.0,776374.0,67
201800031939,18,9,24,1745,1,2,3,1.0,3.0,67482,M,4858549.0,773592.0,67
201800031940,18,9,25,845,1,2,3,1.0,1.0,67482,M,4858389.0,769258.0,67
201800031941,18,9,25,1450,1,2,1,1.0,3.0,67482,M,4857519.0,775440.0,67
201800031942,18,9,26,1450,1,2,1,1.0,3.0,67482,M,4856171.0,769709.0,67
201800031943,18,9,26,1730,1,2,3,1.0,2.0,67267,M,4855437.0,767724.0,67
201800031944,18,9,27,1720,1,2,1,7.0,3.0,67447,M,4860832.0,770958.0,67
201800031945,18,9,27,1740,1,2,1,1.0,6.0,67482,M,4858676.0,769646.0,67
201800031946,18,9,28,750,1,2,3,1.0,3.0,67482,M,4859562.0,778650.0,67
201800031947,18,9,28,1500,1,2,1,1.0,6.0,67482,M,4858740.0,774786.0,67
201800031948,18,9,29,938,1,2,3,1.0,6.0,67482,M,4856929.0,776379.0,67
201800031949,18,9,29,1845,2,1,1,1.0,2.0,67204,M,4863095.0,776454.0,67
201800031950,18,10,1,720,1,2,3,1.0,3.0,67482,M,4859146.0,771178.0,67
201800031951,18,9,28,1600,1,2,3,1.0,6.0,67482,M,4858811.0,775709.0,67
201800031952,18,10,1,1210,1,2,1,1.0,6.0,67267,M,4856360.0,768940.0,67
201800031953,18,10,3,830,1,2,1,8.0,6.0,67482,M,4859319.0,775268.0,67
201800031954,18,10,3,1000,1,2,3,8.0,3.0,67482,M,4859096.0,774627.0,67
201800031955,18,10,3,2107,5,2,3,1.0,6.0,67482,M,4856878.0,777059.0,67
201800031956,18,10,3,2030,4,2,1,1.0,4.0,67482,M,4859790.0,775432.0,67
201800031957,18,10,4,1000,1,2,1,1.0,1.0,67482,M,4858788.0,773778.0,67
201800031958,18,10,4,1617,1,2,1,1.0,2.0,67447,M,4860685.0,774906.0,67