Num_Acc,an,mois,jour,hrmn,lum,agg,int,atm,col,com,gps,lat,long,dep
201800031959,18,10,4,1850,2,2,9,1.0,6.0,67482,M,4859139.0,774388.0,67
201800031960,18,10,4,1833,2,2,3,1.0,6.0,67218,M,4853033.0,771982.0,67
201800031961,18,10,5,215,5,2,1,1.0,6.0,67447,M,4859665.0,774162.0,67
201800031962,18,10,5,935,1,2,3,1.0,6.0,67482,M,4860067.0,770525.0,67
201800031963,18,10,5,1815,1,2,3,1.0,3.0,67482,M,4854669.0,775541.0,67
201800031964,18,10,6,1645,1,2,1,1.0,6.0,67482,M,4856690.0,775195.0,67
201800031965,18,10,8,816,1,2,1,8.0,6.0,67482,M,4857883.0,774211.0,67
201800031966,18,10,8,1150,1,2,3,1.0,2.0,67482,M,4857492.0,776251.0,67
201800031967,18,10,9,1835,2,2,1,1.0,7.0,67482,M,4857337.0,771935.0,67
201800031968,18,10,10,840,1,2,1,5.0,2.0,67482,M,4857476.0,776707.0,67
201800031969,18,10,10,1540,1,2,1,1.0,6.0,67482,M,4858354.0,769442.0,67
201800031970,18,10,10,1610,1,2,1,1.0,3.0,67482,M,4859516.0,775831.0,67
201800031971,18,10,10,1800,2,2,1,1.0,6.0,67482,M,4859327.0,769637.0,67
201800031972,18,10,11,840,1,2,6,5.0,1.0,67204,M,4862413.0,776969.0,67
201800031973,18,10,11,1830,2,2,3,1.0,3.0,67043,M,4861593.0,772044.0,67
201800031974,18,10,12,1140,1,2,1,1.0,3.0,67482,M,4861019.0,777728.0,67
201800031975,18,10,12,1300,1,2,3,7.0,6.0,67482,M,4859491.0,771030.0,67
201800031976,18,10,12,1230,1,2,3,1.0,3.0,67482,M,4856578.0,776272.0,67
201800031977,18,10,13,1515,1,2,3,1.0,3.0,67482,M,4853940.0,776362.0,67
201800031978,18,10,15,1625,1,2,1,1.0,2.0,67365,M,4854829.0,770056.0,67
201800031979,18,10,16,1730,2,2,1,1.0,6.0,67447,M,4860832.0,773123.0,67
201800031980,18,10,17,950,1,2,1,1.0,2.0,67482,M,4855858.0,774878.0,67
201800031981,18,10,17,1610,1,2,3,1.0,6.0,67043,M,4861096.0,776569.0,67
201800031982,18,10,18,850,1,2,1,1.0,2.0,67482,M,4857578.0,775631.0,67
201800031983,18,10,18,1745,1,1,1,1.0,6.0,67267,M,4855590.0,769309.0,67
201800031984,18,10,19,1615,1,2,1,1.0,6.0,67043,M,4861653.0,775350.0,67
201800031985,18,10,19,1943,5,2,3,1.0,3.0,67482,M,4855530.0,773356.0,67
201800031986,18,10,23,2215,5,2,3,1.0,3.0,67482,M,4859408.0,771196.0,67
201800031987,18,10,24,510,5,1,1,1.0,6.0,67482,M,4851849.0,777500.0,67
201800031988,18,10,24,1530,1,2,1,1.0,6.0,67447,M,4860277.0,774587.0,67
201800031989,18,10,25,1530,1,2,9,1.0,3.0,67482,M,4859210.0,774408.0,67
201800031990,18,10,27,50,5,2,1,1.0,2.0,67482,M,4856540.0,777131.0,67
201800031991,18,10,27,1000,1,2,3,8.0,2.0,67447,M,4860553.0,773457.0,67
201800031992,18,10,28,245,5,2,1,2.0,2.0,67482,M,4857435.0,773936.0,67
201800031993,18,10,29,1015,1,2,6,8.0,3.0,67267,M,4855443.0,767726.0,67
201800031994,18,10,30,1140,1,2,1,2.0,6.0,67043,M,4861388.0,775434.0,67
201800031995,18,10,30,1930,5,2,3,1.0,6.0,67218,M,4852665.0,772127.0,67
201800031996,18,10,31,1215,1,2,1,1.0,3.0,67482,M,4861179.0,778186.0,67
201800031997,18,10,31,1630,2,2,1,1.0,3.0,67482,M,4856891.0,771026.0,67
201800031998,18,11,1,950,1,2,1,8.0,6.0,67043,M,4861436.0,775854.0,67
201800031999,18,11,2,1210,1,2,1,1.0,3.0,67482,M,4857721.0,775821.0,67
201800032000,18,11,2,1740,5,2,1,1.0,6.0,67482,M,4858393.0,769260.0,67
201800032001,18,11,2,2115,5,2,3,1.0,3.0,67482,M,4857469.0,774993.0,67
201800032002,18,11,3,1450,1,2,3,1.0,3.0,67482,M,4855705.0,778263.0,67
201800032003,18,11,3,2155,5,2,1,1.0,6.0,67482,M,4857906.0,776025.0,67
201800032004,18,11,5,1915,5,2,3,1.0,3.0,67218,M,4852983.0,771124.0,67
201800032005,18,11,6,1345,1,2,1,1.0,6.0,67482,M,4858788.0,774074.0,67
201800032006,18,11,7,810,1,2,1,7.0,6.0,67482,M,4858065.0,777681.0,67
201800032007,18,11,7,1630,2,2,3,1.0,3.0,67482,M,4855469.0,775591.0,67
201800032008,18,11,8,1855,5,2,1,1.0,6.0,67482,M,4859038.0,770205.0,67
201800032009,18,11,9,1206,1,2,1,1.0,6.0,67482,M,4857491.0,776720.0,67
201800032010,18,11,10,1800,5,2,3,8.0,3.0,67482,M,4857756.0,775314.0,67
201800032011,18,11,13,730,2,2,1,3.0,6.0,67365,M,4853273.0,770378.0,67
201800032012,18,11,13,1600,2,2,1,1.0,6.0,67482,M,4858375.0,769242.0,67
201800032013,18,11,13,1555,1,2,3,1.0,1.0,67482,M,4857321.0,775007.0,67
201800032014,18,11,13,1840,5,2,3,8.0,3.0,67043,M,4861301.0,775790.0,67
201800032015,18,11,14,1540,1,2,3,8.0,3.0,67482,M,4858895.0,775085.0,67
201800032016,18,11,15,840,1,2,3,8.0,1.0,67218,M,4858291.0,771328.0,67
201800032017,18,11,16,2245,5,2,1,1.0,6.0,67482,M,4858564.0,776534.0,67
201800032018,18,11,17,1515,1,2,3,1.0,3.0,67482,M,4855365.0,774475.0,67
201800032019,18,11,18,1545,1,2,3,1.0,2.0,67482,M,4857520.0,775350.0,67
201800032020,18,11,18,1740,5,2,1,1.0,6.0,67482,M,4855430.0,776168.0,67
201800032021,18,11,21,1700,5,2,1,1.0,6.0,67365,M,4855461.0,770935.0,67
201800032022,18,11,22,1140,1,2,1,1.0,3.0,67482,M,4859175.0,774382.0,67
201800032023,18,11,24,900,1,2,1,1.0,6.0,67218,M,4853257.0,771983.0,67
201800032024,18,11,24,1950,5,2,1,1.0,3.0,67482,M,4856405.0,775248.0,67
201800032025,18,11,25,1200,1,2,3,1.0,6.0,67482,M,4858112.0,773437.0,67
201800032026,18,11,26,1341,1,2,1,8.0,6.0,67482,M,4858565.0,775549.0,67
201800032027,18,11,26,1808,5,2,1,2.0,2.0,67365,M,4855340.0,769319.0,67
201800032028,18,11,27,1730,5,2,3,2.0,3.0,67204,M,4862016.0,773133.0,67
201800032029,18,11,29,1320,1,2,1,8.0,6.0,67482,M,4858760.0,769488.0,67
201800032030,18,11,30,855,1,2,3,2.0,3.0,67482,M,4858950.0,774521.0,67
201800032031,18,11,30,1750,5,2,1,1.0,6.0,67218,M,4853163.0,770851.0,67
201800032032,18,12,1,930,1,2,1,1.0,3.0,67482,M,4860292.0,779298.0,67
201800032033,18,12,3,645,5,2,1,2.0,6.0,67482,M,4852460.0,777893.0,67
201800032034,18,12,3,1656,2,1,1,3.0,6.0,67482,M,4860078.0,771583.0,67
201800032035,18,12,4,915,1,2,1,2.0,2.0,67043,M,4861022.0,776222.0,67
201800032036,18,12,6,1530,2,2,1,8.0,6.0,67482,M,4857499.0,774065.0,67
201800032037,18,12,6,1800,5,2,1,2.0,2.0,67365,M,4854872.0,770628.0,67
201800032038,18,12,8,200,5,2,1,1.0,3.0,67447,M,4860811.0,774803.0,67
201800032039,18,12,8,1835,5,2,4,2.0,1.0,67447,M,4861039.0,771759.0,67
201800032040,18,12,8,2055,5,2,1,1.0,3.0,67482,M,4855801.0,777401.0,67
201800032041,18,12,6,2050,5,2,3,1.0,3.0,67365,M,4854863.0,770501.0,67
201800032042,18,12,10,1450,1,2,3,8.0,3.0,67482,M,4855452.0,776632.0,67
201800032043,18,12,10,1750,5,2,1,1.0,6.0,67482,M,4857112.0,771179.0,67
201800032044,18,12,11,1913,5,2,1,1.0,2.0,67482,M,4861111.0,778125.0,67
201800032045,18,12,12,1115,1,2,1,1.0,2.0,67482,M,4854812.0,775794.0,67
201800032046,18,12,12,2050,5,2,3,1.0,3.0,67482,M,4857448.0,776714.0,67
201800032047,18,12,14,1515,1,2,1,1.0,6.0,67447,M,4861219.0,771466.0,67
201800032048,18,12,15,1145,1,2,3,8.0,3.0,67482,M,4857977.0,776978.0,67
201800032049,18,12,17,1731,5,2,1,8.0,6.0,67218,M,4851996.0,774040.0,67
201800032050,18,12,17,1800,5,2,1,2.0,6.0,67482,M,4861286.0,777350.0,67
201800032051,18,12,18,1550,1,2,3,5.0,6.0,67482,M,4859465.0,771912.0,67
201800032052,18,12,18,1935,5,2,1,5.0,1.0,67267,M,4856423.0,769341.0,67
201800032053,18,12,19,1645,5,2,1,2.0,6.0,67482,M,4855372.0,775782.0,67
201800032054,18,12,20,1900,5,2,3,2.0,3.0,67482,M,4859587.0,772146.0,67
201800032055,18,12,22,1350,1,2,1,8.0,2.0,67267,M,4856024.0,769306.0,67
201800032056,18,12,23,1135,1,2,1,2.0,6.0,67482,M,4858671.0,774294.0,67
201800032057,18,12,28,1120,1,2,1,1.0,6.0,67482,M,4855290.0,774825.0,67
201800032058,18,3,20,1709,1,2,1,1.0,6.0,68082,M,4786355.0,734161.0,68
201800032059,18,2,8,1730,1,1,1,1.0,1.0,26323,M,4506297.0,511249.0,26
201800032060,18,4,3,1735,1,1,1,1.0,6.0,26323,M,4507327.0,514573.0,26
201800032061,18,4,19,1700,1,1,1,1.0,5.0,26139,M,4508540.0,508620.0,26
201800032062,18,6,10,1225,1,1,1,1.0,1.0,26028,M,,,26
201800032063,18,6,17,615,1,1,1,1.0,7.0,26140,M,,,26
201800032064,18,6,22,1715,1,2,1,1.0,7.0,26139,M,4507945.0,508659.0,26
201800032065,18,6,30,1220,1,1,2,1.0,5.0,26323,M,4506956.0,511799.0,26
201800032066,18,7,31,915,1,1,1,7.0,2.0,26077,M,4515616.0,502692.0,26
201800032067,18,8,7,130,3,1,1,1.0,7.0,26096,M,,,26
201800032068,18,9,4,1945,2,2,3,1.0,1.0,26140,M,4512991.0,507821.0,26
201800032069,18,10,3,1940,3,1,1,1.0,7.0,26231,M,4510021.0,504555.0,26
201800032070,18,10,3,1450,1,1,2,1.0,3.0,26087,M,4508842.0,513090.0,26
201800032071,18,10,16,1600,1,1,6,1.0,3.0,26323,M,4507303.0,511281.0,26
201800032072,18,11,18,1040,1,1,1,1.0,6.0,26107,M,4517427.0,507044.0,26
201800032073,18,3,3,1400,1,2,1,1.0,5.0,26045,M,,,26
201800032074,18,3,17,840,1,1,1,2.0,1.0,26268,M,,,26
201800032075,18,6,15,930,1,1,2,1.0,3.0,26078,M,,,26
201800032076,18,11,19,1745,5,2,1,2.0,6.0,26031,M,4455442.0,486307.0,26
201800032077,18,1,8,1800,3,1,1,1.0,5.0,91086,M,4860304.0,238565.0,91
201800032078,18,2,1,745,2,1,1,2.0,7.0,91648,M,4856362.0,234495.0,91
201800032079,18,3,28,1310,1,2,6,2.0,3.0,91235,M,4863621.0,235996.0,91
201800032080,18,7,22,1250,1,2,1,1.0,1.0,91340,M,4858217.0,243548.0,91
201800032081,18,9,9,1830,1,2,1,1.0,3.0,91235,M,4864067.0,236246.0,91
201800032082,18,11,24,302,3,1,1,2.0,1.0,91086,M,4861286.0,239126.0,91
201800032083,18,2,22,910,1,1,1,1.0,7.0,62656,M,5068501.0,220155.0,62
201800032084,18,4,21,55,3,1,1,1.0,1.0,62067,M,5062506.0,213764.0,62
201800032085,18,4,21,1830,1,2,1,7.0,3.0,62336,M,5057008.0,227800.0,62
201800032086,18,5,28,1135,1,1,2,7.0,3.0,62837,M,5065710.0,204698.0,62
201800032087,18,7,3,650,1,1,2,1.0,6.0,62898,M,5072714.0,219130.0,62
201800032088,18,7,16,1720,1,2,1,1.0,6.0,62254,M,5060807.0,218633.0,62
201800032089,18,8,8,1025,1,2,2,1.0,3.0,62265,M,5061532.0,221322.0,62
201800032090,18,9,12,1300,1,1,2,2.0,3.0,62141,M,5060955.0,229828.0,62
201800032091,18,9,13,1820,1,1,1,1.0,2.0,62008,M,5072292.0,209904.0,62
201800032092,18,9,20,1900,1,1,1,1.0,7.0,62905,M,5075457.0,217869.0,62
201800032093,18,9,24,2030,2,1,1,1.0,6.0,62760,M,5061687.0,212422.0,62
201800032094,18,10,17,1615,1,1,1,1.0,6.0,62794,M,5072270.0,214318.0,62
201800032095,18,12,21,2115,3,1,1,8.0,1.0,62265,M,5064740.0,220738.0,62
201800032096,18,12,29,140,3,2,1,1.0,6.0,62267,M,5058437.0,216178.0,62
201800032097,18,1,6,12,5,2,2,2.0,3.0,68066,M,4808133.0,735336.0,68
201800032098,18,1,8,700,5,2,2,1.0,6.0,68066,M,4807303.0,734310.0,68
201800032099,18,1,5,1802,3,2,6,1.0,3.0,68066,M,4806931.0,733142.0,68
201800032100,18,1,19,1751,4,2,5,2.0,6.0,68066,M,4808836.0,735975.0,68
201800032101,18,2,1,748,2,2,1,1.0,6.0,68066,M,4808439.0,735684.0,68
201800032102,18,2,1,1220,1,2,4,1.0,6.0,68066,M,4808110.0,734903.0,68
201800032103,18,2,13,740,2,2,3,1.0,6.0,68066,M,4808012.0,732592.0,68
201800032104,18,2,28,650,2,2,2,1.0,3.0,68066,M,4807671.0,736600.0,68
201800032105,18,2,13,815,1,2,3,7.0,6.0,68066,M,4807478.0,733188.0,68
201800032106,18,5,2,450,5,2,1,1.0,6.0,68066,M,4807821.0,735361.0,68
201800032107,18,4,28,1239,1,2,1,1.0,6.0,68066,M,4807481.0,735951.0,68
201800032108,18,5,5,1844,1,2,1,1.0,6.0,68066,M,4807984.0,737109.0,68
201800032109,18,5,5,1959,1,2,9,1.0,3.0,68066,M,4807300.0,732601.0,68
201800032110,18,4,24,1730,1,2,2,1.0,3.0,68066,M,4807342.0,734932.0,68
201800032111,18,4,27,1419,1,2,1,1.0,6.0,68066,M,4808276.0,733388.0,68
201800032112,18,5,14,808,1,2,1,1.0,5.0,68066,M,4806681.0,736441.0,68
201800032113,18,5,17,825,1,2,1,1.0,3.0,68066,M,4808112.0,735945.0,68
201800032114,18,5,29,1547,1,2,1,1.0,6.0,68066,M,4807000.0,733000.0,68
201800032115,18,6,1,1640,1,2,3,3.0,3.0,68066,M,4809325.0,737726.0,68
201800032116,18,6,15,1312,1,2,1,1.0,3.0,68066,M,4808395.0,734566.0,68
201800032117,18,6,24,117,3,2,1,1.0,6.0,68066,M,4809937.0,735826.0,68
201800032118,18,7,12,2230,5,2,1,1.0,6.0,68066,M,4808097.0,735536.0,68
201800032119,18,7,24,1630,1,2,1,1.0,6.0,68066,M,4808362.0,734923.0,68
201800032120,18,4,24,1120,1,2,1,1.0,6.0,68066,M,4807702.0,735994.0,68
201800032121,18,7,15,1141,1,2,1,1.0,6.0,68066,M,4807550.0,734203.0,68
201800032122,18,7,27,150,5,2,3,1.0,7.0,68066,M,4807660.0,735000.0,68
201800032123,18,8,10,1456,1,2,6,1.0,6.0,68066,M,4810838.0,736360.0,68
201800032124,18,8,14,1821,1,2,1,1.0,3.0,68066,M,4806974.0,736035.0,68
201800032125,18,8,22,1235,1,2,9,1.0,3.0,68066,M,4806199.0,733853.0,68
201800032126,18,8,27,918,1,2,6,1.0,3.0,68066,M,4808981.0,737578.0,68
201800032127,18,8,16,1802,1,2,9,1.0,6.0,68066,M,4806536.0,736415.0,68
201800032128,18,9,4,14,5,2,2,1.0,3.0,68066,M,4808383.0,734753.0,68
201800032129,18,9,10,1516,1,2,5,1.0,3.0,68066,M,4806951.0,736520.0,68
201800032130,18,9,15,1956,1,2,3,1.0,3.0,68066,M,4807325.0,735960.0,68
201800032131,18,9,4,1645,1,2,1,1.0,6.0,68066,M,4807730.0,733720.0,68
201800032132,18,9,11,1737,1,2,1,1.0,2.0,68066,M,4810606.0,736320.0,68
201800032133,18,9,27,1821,1,2,1,1.0,6.0,68066,M,4808034.0,736071.0,68
201800032134,18,9,5,1219,1,2,1,1.0,7.0,68066,M,4807822.0,733310.0,68
201800032135,18,9,30,800,1,2,3,1.0,3.0,68066,M,4806798.0,734411.0,68
201800032136,18,10,2,730,2,2,2,1.0,3.0,68066,M,4807377.0,734183.0,68
201800032137,18,10,12,800,2,2,1,1.0,6.0,68066,M,4807975.0,736365.0,68
201800032138,18,10,15,1603,1,2,1,1.0,6.0,68066,M,4808410.0,734520.0,68
201800032139,18,11,9,1215,1,2,1,1.0,7.0,68066,M,4807080.0,736252.0,68
201800032140,18,11,13,702,2,2,1,1.0,6.0,68066,M,4807450.0,734852.0,68
201800032141,18,12,5,1157,1,2,3,1.0,3.0,68066,M,4807844.0,737258.0,68
201800032142,18,12,7,1457,1,2,2,1.0,3.0,68066,M,4806967.0,736526.0,68
201800032143,18,12,14,1802,5,2,1,8.0,4.0,68066,M,4806370.0,734001.0,68
201800032144,18,12,4,1530,1,2,9,7.0,6.0,68066,M,4808845.0,735779.0,68
201800032145,18,12,20,1818,5,2,1,8.0,1.0,68066,M,4807796.0,734895.0,68
201800032146,18,12,21,1845,5,2,9,2.0,6.0,68066,M,4807512.0,736668.0,68
201800032147,18,12,21,310,5,2,1,2.0,6.0,68066,M,4807224.0,734725.0,68
201800032148,18,1,9,1545,1,2,1,1.0,6.0,68224,M,4774350.0,732933.0,68
201800032149,18,1,10,1709,2,2,1,1.0,6.0,68224,M,4776014.0,734464.0,68
201800032150,18,1,22,1639,2,1,1,3.0,2.0,68224,M,4777373.0,736624.0,68
201800032151,18,2,6,930,1,2,3,1.0,3.0,68224,M,4773983.0,730260.0,68
201800032152,18,2,24,830,1,2,6,1.0,6.0,68271,M,4774647.0,735755.0,68
201800032153,18,4,11,1305,1,2,9,1.0,6.0,68224,M,4773176.0,731001.0,68
201800032154,18,4,11,1930,1,2,2,1.0,3.0,68224,M,4775237.0,734278.0,68
201800032155,18,4,12,1630,1,2,3,1.0,6.0,68224,M,4775549.0,733256.0,68
201800032156,18,4,17,1950,1,2,1,1.0,6.0,68224,M,4775767.0,734270.0,68
201800032157,18,4,19,1757,1,2,1,1.0,6.0,68224,M,4777884.0,733545.0,68
201800032158,18,5,4,1650,1,2,2,1.0,6.0,68224,M,4775165.0,735758.0,68
201800032159,18,5,9,1903,1,2,1,1.0,6.0,68224,M,4774328.0,732089.0,68
201800032160,18,5,29,1725,1,2,1,1.0,6.0,68224,M,4774509.0,734191.0,68
201800032161,18,6,6,1700,1,1,1,1.0,5.0,68224,M,4776523.0,733133.0,68
201800032162,18,6,7,1552,1,2,1,1.0,6.0,68224,M,4774161.0,4734486.0,68
201800032163,18,6,8,1600,1,2,6,1.0,6.0,68224,M,4775388.0,731815.0,68
201800032164,18,6,28,1747,1,2,1,1.0,6.0,68224,M,4772627.0,733989.0,68
201800032165,18,7,9,842,1,2,2,1.0,1.0,68224,M,4774483.0,732744.0,68
201800032166,18,7,13,1455,1,2,1,1.0,3.0,68224,M,4775448.0,733489.0,68
201800032167,18,7,20,255,5,2,2,1.0,3.0,68224,M,4775041.0,732999.0,68
201800032168,18,7,22,1540,2,2,3,1.0,3.0,68224,M,4777393.0,732784.0,68
201800032169,18,9,17,2010,5,2,1,1.0,1.0,68224,M,4774085.0,733808.0,68
201800032170,18,9,29,1240,1,2,4,1.0,3.0,68224,M,4773596.0,734072.0,68
201800032171,18,10,2,1225,1,2,1,1.0,6.0,68224,M,4774609.0,734244.0,68
201800032172,18,10,9,2010,4,2,1,1.0,6.0,68256,M,4776365.0,730952.0,68
201800032173,18,10,10,635,3,1,9,1.0,2.0,68224,M,4776538.0,733171.0,68
201800032174,18,11,1,1535,1,2,4,1.0,1.0,68224,M,4773949.0,735404.0,68
201800032175,18,11,11,2120,5,2,1,1.0,6.0,68224,M,4774573.0,731703.0,68
201800032176,18,11,11,2350,5,2,9,1.0,6.0,68224,M,4774942.0,733161.0,68
201800032177,18,11,13,1745,5,2,1,1.0,6.0,68224,M,4774008.0,730406.0,68
201800032178,18,11,16,1755,3,2,1,1.0,6.0,68224,M,4774443.0,731039.0,68
201800032179,18,11,22,1125,1,1,9,1.0,2.0,68224,M,4775264.0,728978.0,68
201800032180,18,12,3,1900,5,2,3,1.0,6.0,68224,M,4773853.0,730093.0,68
201800032181,18,12,17,1650,2,2,1,1.0,6.0,68224,M,4777303.0,732719.0,68
201800032182,18,12,18,1200,1,2,2,1.0,6.0,68224,M,4773857.0,729475.0,68
201800032183,18,4,25,1545,1,2,2,1.0,1.0,68297,M,4758390.0,755966.0,68
201800032184,18,6,1,1835,1,2,2,1.0,3.0,68297,M,4758269.0,757195.0,68
201800032185,18,6,30,1825,1,2,1,1.0,6.0,68297,M,4758606.0,756368.0,68
201800032186,18,7,1,1835,1,2,3,1.0,3.0,68297,M,4758901.0,757042.0,68
201800032187,18,8,1,2210,5,2,6,3.0,3.0,68297,M,4759377.0,755533.0,68
201800032188,18,7,2,644,1,2,1,1.0,2.0,68297,M,4757644.0,755121.0,68
201800032189,18,8,7,1150,1,2,1,1.0,6.0,68297,M,4758978.0,755678.0,68
201800032190,18,10,3,1700,1,2,1,1.0,3.0,68297,M,4758325.0,755831.0,68
201800032191,18,10,10,1337,1,2,6,1.0,3.0,68297,M,4759343.0,755459.0,68
201800032192,18,10,22,1532,1,2,3,1.0,3.0,68297,M,4757824.0,757101.0,68
201800032193,18,12,4,1915,5,2,3,2.0,3.0,68297,M,4759673.0,755325.0,68
201800032194,18,12,22,830,2,2,1,3.0,6.0,68297,M,4760575.0,754131.0,68
201800032195,18,5,16,1105,1,2,1,8.0,6.0,68166,M,4779966.0,734405.0,68
201800032196,18,6,26,1620,1,2,1,1.0,3.0,68166,M,4778597.0,733337.0,68
201800032197,18,7,5,1640,1,2,6,7.0,3.0,68166,M,4779409.0,732346.0,68
201800032198,18,7,18,1615,1,2,2,7.0,3.0,68166,M,4779374.0,731540.0,68
201800032199,18,8,11,1500,1,2,2,1.0,3.0,68376,M,4781371.0,733028.0,68
201800032200,18,8,22,1400,1,1,1,7.0,3.0,68166,M,4778650.0,731890.0,68
201800032201,18,9,26,905,1,2,1,7.0,6.0,68376,M,4780528.0,733675.0,68
201800032202,18,10,17,1245,1,2,1,1.0,2.0,68376,M,4781666.0,730868.0,68
201800032203,18,10,27,1830,3,1,1,2.0,2.0,68166,M,4778681.0,731796.0,68
201800032204,18,10,30,935,1,2,1,2.0,2.0,68376,M,4781228.0,731093.0,68
201800032205,18,1,12,1655,1,2,3,1.0,3.0,01450,M,4591449.0,521755.0,01
201800032206,18,1,26,1900,3,1,6,2.0,1.0,01244,M,4590238.0,520019.0,01
201800032207,18,3,24,1540,1,2,3,1.0,3.0,01378,M,4581497.0,518409.0,01
201800032208,18,5,20,1925,1,1,1,1.0,1.0,01074,M,4599838.0,516287.0,01
201800032209,18,7,22,1545,1,1,1,1.0,3.0,01434,M,4598608.0,511402.0,01
201800032210,18,9,2,1045,1,2,9,1.0,1.0,01244,M,4590216.0,519361.0,01
201800032211,18,1,4,735,2,1,1,3.0,1.0,01362,M,4595528.0,488698.0,01
201800032212,18,1,4,1738,5,2,1,2.0,4.0,01333,M,4591375.0,494172.0,01
201800032213,18,1,12,1815,5,2,9,1.0,6.0,01362,M,4595891.0,490157.0,01
201800032214,18,1,13,1300,1,2,2,1.0,3.0,01248,M,4589549.0,493114.0,01
201800032215,18,3,4,2010,3,1,1,1.0,3.0,01443,M,4599238.0,504854.0,01
201800032216,18,3,30,815,1,1,1,1.0,6.0,01207,M,4597741.0,496215.0,01
201800032217,18,4,5,1825,1,1,2,1.0,6.0,01085,M,4608531.0,502570.0,01
201800032218,18,4,11,950,1,1,1,1.0,2.0,01248,M,4588653.0,488281.0,01
201800032219,18,4,19,1615,1,1,1,1.0,6.0,01333,M,4592616.0,496125.0,01
201800032220,18,6,15,1800,1,2,9,1.0,3.0,01333,M,4592045.0,495388.0,01
201800032221,18,6,18,1012,1,1,2,1.0,5.0,01261,M,4596681.0,493818.0,01
201800032222,18,7,10,1115,1,1,3,1.0,1.0,01424,M,4588287.0,496905.0,01
201800032223,18,8,28,930,1,2,4,1.0,3.0,01443,M,4600217.0,502839.0,01
201800032224,18,9,5,1400,1,1,1,1.0,3.0,01443,M,4598515.0,507872.0,01
201800032225,18,9,7,1830,1,1,2,7.0,3.0,01362,M,4595840.0,487873.0,01
201800032226,18,9,11,2135,3,1,1,1.0,6.0,01105,M,4592818.0,488212.0,01
201800032227,18,9,12,915,1,1,2,1.0,3.0,01261,M,4596672.0,493810.0,01
201800032228,18,11,17,630,3,1,1,1.0,1.0,01207,M,4599238.0,504854.0,01
201800032229,18,11,21,1810,3,1,1,8.0,5.0,01248,M,4590599.0,493614.0,01
201800032230,18,12,16,1140,1,1,1,1.0,5.0,01381,M,4602775.0,512397.0,01
201800032231,18,12,21,2330,3,1,1,1.0,7.0,01333,M,4593939.0,494304.0,01
201800032232,18,12,22,1655,2,1,3,2.0,2.0,01443,M,,,01
201800032233,18,12,23,1925,2,1,1,1.0,3.0,01362,M,4595882.0,488710.0,01
201800032234,18,1,2,1605,1,2,9,1.0,3.0,69091,M,4558935.0,477103.0,69
201800032235,18,1,18,1230,1,2,2,1.0,3.0,69091,M,4559301.0,476553.0,69
201800032236,18,1,30,1930,5,2,1,1.0,3.0,69091,M,4559402.0,476995.0,69
201800032237,18,2,7,915,1,1,1,1.0,6.0,69091,M,4558517.0,475552.0,69
201800032238,18,3,2,535,5,2,3,2.0,2.0,69091,M,4560004.0,476960.0,69
201800032239,18,3,17,1100,1,2,1,2.0,1.0,69091,M,4558333.0,475000.0,69
201800032240,18,4,10,1955,5,2,3,1.0,3.0,69091,M,4557962.0,472524.0,69
201800032241,18,4,13,1045,1,2,1,1.0,3.0,69091,M,4558115.0,473968.0,69
201800032242,18,4,18,1845,1,2,1,1.0,1.0,69091,M,4557548.0,478030.0,69
201800032243,18,4,27,2315,5,2,9,8.0,1.0,69096,M,4561159.0,479639.0,69
201800032244,18,5,2,900,1,2,1,1.0,3.0,69091,M,4558618.0,477113.0,69
201800032245,18,5,6,440,3,2,1,1.0,6.0,69096,M,4559917.0,478517.0,69
201800032246,18,3,15,2330,5,2,1,1.0,6.0,69091,M,4558824.0,476951.0,69
201800032247,18,6,19,800,1,2,1,1.0,4.0,69096,M,4559643.0,477979.0,69
201800032248,18,7,9,715,1,2,2,7.0,3.0,69096,M,4560998.0,478366.0,69
201800032249,18,7,8,1140,1,1,3,1.0,2.0,69091,M,4559033.0,473034.0,69
201800032250,18,7,27,1050,1,1,1,1.0,1.0,69091,M,4557866.0,472342.0,69
201800032251,18,7,31,1330,1,2,3,1.0,3.0,69091,M,4559336.0,477305.0,69
201800032252,18,8,1,1545,1,2,1,1.0,1.0,69091,M,4559048.0,476492.0,69
201800032253,18,8,10,1605,1,2,2,1.0,3.0,69091,M,4558843.0,477094.0,69
201800032254,18,9,7,640,3,2,1,1.0,6.0,69091,M,4557024.0,479711.0,69
201800032255,18,9,18,1840,1,2,1,1.0,2.0,69091,M,4557492.0,479098.0,69
201800032256,18,9,18,1730,1,2,1,1.0,1.0,69091,M,4558514.0,475113.0,69
201800032257,18,10,11,730,1,2,5,8.0,3.0,69091,M,4559149.0,477030.0,69
201800032258,18,10,22,1810,1,2,9,1.0,3.0,69091,M,4558477.0,476963.0,69
201800032259,18,10,23,1500,1,2,1,1.0,3.0,69091,M,4560018.0,476646.0,69
201800032260,18,10,23,1350,1,2,1,1.0,3.0,69096,M,4559657.0,478020.0,69
201800032261,18,11,6,1400,1,2,3,2.0,3.0,69096,M,4560026.0,478611.0,69
201800032262,18,11,6,1700,1,2,1,1.0,6.0,69091,M,4558228.0,474228.0,69
201800032263,18,11,29,2130,5,2,1,1.0,3.0,69096,M,4560629.0,477645.0,69