Num_Acc,an,mois,jour,hrmn,lum,agg,int,atm,col,com,gps,lat,long,dep
201800032264,18,12,14,1345,1,2,1,8.0,6.0,69091,M,4559272.0,476657.0,69
201800032265,18,12,16,40,4,2,1,2.0,6.0,69091,M,4559595.0,476546.0,69
201800032266,18,12,25,200,4,2,3,1.0,3.0,69091,M,4558830.0,476033.0,69
201800032267,18,1,9,1100,1,1,1,1.0,2.0,69013,M,4601500.0,469416.0,69
201800032268,18,1,12,730,3,2,6,8.0,3.0,69013,M,4602445.0,470770.0,69
201800032269,18,1,31,1450,1,2,1,1.0,6.0,69264,M,4598549.0,472064.0,69
201800032270,18,2,5,1630,1,2,2,1.0,6.0,69264,M,4598507.0,473000.0,69
201800032271,18,2,8,1836,3,1,1,8.0,1.0,69013,M,4602275.0,472051.0,69
201800032272,18,3,31,1320,1,2,1,2.0,1.0,69092,M,4599872.0,470064.0,69
201800032273,18,3,7,1830,1,2,1,8.0,1.0,69013,M,4600083.0,473555.0,69
201800032274,18,4,9,1550,1,2,1,1.0,4.0,69264,M,4598915.0,470963.0,69
201800032275,18,3,27,1550,1,2,1,2.0,4.0,69264,M,4599173.0,473284.0,69
201800032276,18,4,16,950,1,1,1,1.0,4.0,69013,M,4601881.0,470691.0,69
201800032277,18,4,17,1830,1,1,1,1.0,3.0,69013,M,4601990.0,472067.0,69
201800032278,18,4,25,1250,1,2,1,1.0,6.0,69264,M,4599600.0,472080.0,69
201800032279,18,4,24,1720,1,2,1,1.0,6.0,69264,M,4597804.0,473845.0,69
201800032280,18,5,4,1820,1,2,3,1.0,6.0,69115,M,4598192.0,470553.0,69
201800032281,18,5,8,1425,1,1,1,1.0,7.0,69013,M,4602960.0,469356.0,69
201800032282,18,5,10,930,1,2,1,1.0,6.0,69264,M,4599405.0,471498.0,69
201800032283,18,5,19,340,5,2,1,1.0,2.0,69013,M,4600600.0,473160.0,69
201800032284,18,5,19,1245,1,2,1,1.0,3.0,69013,M,4600191.0,473248.0,69
201800032285,18,5,18,1140,1,2,2,1.0,3.0,69264,M,4599000.0,471000.0,69
201800032286,18,5,30,915,1,2,2,1.0,6.0,69264,M,4598899.0,471787.0,69
201800032287,18,6,7,1825,1,2,6,1.0,3.0,69264,M,4599666.0,473000.0,69
201800032288,18,6,18,1700,1,1,1,1.0,4.0,69013,M,4602244.0,472047.0,69
201800032289,18,6,24,315,5,2,1,1.0,2.0,69264,M,4599528.0,472183.0,69
201800032290,18,6,22,1350,1,2,1,1.0,2.0,69264,M,4600810.0,472626.0,69
201800032291,18,6,30,2100,2,2,1,1.0,6.0,69013,M,4602683.0,470014.0,69
201800032292,18,6,24,1250,1,2,2,1.0,1.0,69264,M,4598944.0,472305.0,69
201800032293,18,7,9,1930,1,2,1,1.0,1.0,69264,M,4597611.0,475222.0,69
201800032294,18,7,11,1410,1,2,7,1.0,3.0,69264,M,4599530.0,471667.0,69
201800032295,18,7,11,900,1,2,1,1.0,6.0,69264,M,4599802.0,472342.0,69
201800032296,18,7,21,1650,1,2,6,1.0,3.0,69092,M,4599473.0,470718.0,69
201800032297,18,7,22,2218,5,2,1,1.0,7.0,69264,M,4598396.0,473925.0,69
201800032298,18,8,10,1440,1,2,1,1.0,6.0,69264,M,4599955.0,471936.0,69
201800032299,18,8,21,1930,1,2,2,1.0,6.0,69264,M,4597985.0,473956.0,69
201800032300,18,8,30,1715,1,2,1,1.0,2.0,69013,M,4600978.0,472560.0,69
201800032301,18,9,5,1900,1,2,1,1.0,2.0,69264,M,4599781.0,473371.0,69
201800032302,18,9,10,1840,1,2,1,1.0,6.0,69264,M,4599527.0,471694.0,69
201800032303,18,9,7,1930,1,2,1,1.0,3.0,69264,M,4597864.0,472580.0,69
201800032304,18,9,11,1700,1,2,1,1.0,4.0,69264,M,4597899.0,473393.0,69
201800032305,18,9,18,710,2,1,6,1.0,3.0,69013,M,4602000.0,472038.0,69
201800032306,18,9,22,2000,3,2,1,1.0,5.0,69013,M,4601596.0,470518.0,69
201800032307,18,10,6,1835,1,2,6,1.0,3.0,69115,M,4597875.0,471711.0,69
201800032308,18,10,13,1350,1,2,6,1.0,3.0,69115,M,4598000.0,469000.0,69
201800032309,18,10,12,1840,2,2,6,1.0,3.0,69264,M,4598055.0,470055.0,69
201800032310,18,9,25,1020,1,2,1,1.0,2.0,69013,M,4600292.0,473229.0,69
201800032311,18,10,22,1200,1,2,1,1.0,3.0,69092,M,4599556.0,470171.0,69
201800032312,18,10,24,1740,1,2,1,1.0,3.0,69264,M,4598416.0,474138.0,69
201800032313,18,10,31,515,5,2,9,1.0,3.0,69264,M,4598307.0,472213.0,69
201800032314,18,10,30,1435,1,2,6,1.0,3.0,69013,M,4601995.0,472024.0,69
201800032315,18,11,9,2220,5,2,1,1.0,6.0,69264,M,4598433.0,470594.0,69
201800032316,18,11,14,1820,2,2,1,1.0,2.0,69264,M,4599000.0,470000.0,69
201800032317,18,11,22,1835,2,2,1,8.0,3.0,69264,M,4599000.0,471000.0,69
201800032318,18,11,23,1610,2,2,1,3.0,6.0,69264,M,4598555.0,470972.0,69
201800032319,18,11,30,725,5,2,1,2.0,3.0,69013,M,4600917.0,471981.0,69
201800032320,18,12,4,720,5,2,1,1.0,6.0,69115,M,4597864.0,471880.0,69
201800032321,18,12,9,620,5,2,1,1.0,6.0,69264,M,4599000.0,472000.0,69
201800032322,18,12,13,1825,5,2,1,1.0,6.0,69264,M,4598416.0,475083.0,69
201800032323,18,12,1,1305,1,2,3,1.0,3.0,69264,M,4598153.0,474115.0,69
201800032324,18,12,19,1140,1,2,2,2.0,3.0,69264,M,4599798.0,471591.0,69
201800032325,18,12,21,745,5,2,2,1.0,3.0,69264,M,4598600.0,471495.0,69
201800032326,18,1,1,700,5,2,2,2.0,6.0,69290,M,4570853.0,498269.0,69
201800032327,18,1,1,2305,5,2,1,2.0,6.0,69256,M,4577257.0,491261.0,69
201800032328,18,1,2,1425,1,2,1,1.0,3.0,69290,M,4570676.0,491159.0,69
201800032329,18,1,3,2005,5,2,2,3.0,6.0,69266,M,4577110.0,486856.0,69
201800032330,18,1,5,1820,3,2,1,1.0,1.0,69029,M,4573104.0,493259.0,69
201800032331,18,12,7,1145,1,2,1,1.0,6.0,69256,M,4576126.0,492025.0,69
201800032332,18,1,6,1555,1,2,1,1.0,6.0,69256,M,4578701.0,492064.0,69
201800032333,18,1,7,535,5,1,1,1.0,7.0,69271,M,4574166.0,493694.0,69
201800032334,18,1,9,1745,5,2,1,8.0,2.0,69266,M,4575495.0,487936.0,69
201800032335,18,1,10,750,1,2,1,1.0,2.0,69275,M,4574670.0,493666.0,69
201800032336,18,8,25,5,5,2,3,1.0,3.0,69266,M,4575678.0,488056.0,69
201800032337,18,1,11,740,2,2,3,1.0,6.0,69266,M,4575400.0,492100.0,69
201800032338,18,1,13,745,2,2,2,5.0,6.0,69290,M,4569429.0,494642.0,69
201800032339,18,1,15,2155,5,2,2,8.0,3.0,69290,M,4569511.0,493382.0,69
201800032340,18,1,15,2150,5,2,1,2.0,1.0,69266,M,4576048.0,490372.0,69
201800032341,18,1,16,1110,1,2,1,2.0,6.0,69266,M,4578700.0,488500.0,69
201800032342,18,1,16,2010,5,2,1,2.0,3.0,69271,M,4573841.0,496937.0,69
201800032343,18,1,17,1410,1,2,1,1.0,6.0,69266,M,4576553.0,489301.0,69
201800032344,18,1,17,1840,5,2,1,1.0,6.0,69266,M,4576321.0,490022.0,69
201800032345,18,1,18,1105,1,2,2,1.0,3.0,69266,M,4577907.0,486851.0,69
201800032346,18,1,17,730,1,2,1,1.0,3.0,69029,M,4574635.0,492582.0,69
201800032347,18,1,19,805,2,2,2,1.0,2.0,69290,M,4569773.0,492833.0,69
201800032348,18,1,19,1435,1,2,3,1.0,6.0,69266,M,4576697.0,489290.0,69
201800032349,18,1,21,1400,1,2,1,2.0,7.0,69256,M,4578000.0,490700.0,69
201800032350,18,1,21,2345,5,2,2,2.0,6.0,69275,M,4577175.0,496797.0,69
201800032351,18,1,23,745,2,2,2,8.0,3.0,69290,M,4570860.0,491920.0,69
201800032352,18,1,22,1708,2,2,6,2.0,3.0,69290,M,4570651.0,494025.0,69
201800032353,18,1,21,2035,5,2,1,8.0,6.0,69029,M,4573124.0,491764.0,69
201800032354,18,1,25,1300,1,2,2,1.0,3.0,69256,M,4576350.0,493320.0,69
201800032355,18,1,25,1610,1,2,3,8.0,3.0,69282,M,4577903.0,502202.0,69
201800032356,18,1,25,1205,1,2,1,1.0,6.0,69266,M,4576196.0,489794.0,69
201800032357,18,1,26,815,1,2,2,2.0,5.0,69266,M,4577784.0,488155.0,69
201800032358,18,1,31,850,1,2,2,1.0,3.0,69266,M,4577296.0,485975.0,69
201800032359,18,2,1,725,5,2,1,2.0,6.0,69282,M,4576467.0,499885.0,69
201800032360,18,2,1,830,1,2,3,2.0,6.0,69275,M,4577089.0,496277.0,69
201800032361,18,1,29,1345,1,2,1,1.0,3.0,69290,M,4570507.0,491857.0,69
201800032362,18,2,2,820,1,2,1,1.0,6.0,69275,M,4576905.0,495767.0,69
201800032363,18,2,5,845,1,2,1,4.0,6.0,69290,M,4571297.0,493314.0,69
201800032364,18,2,6,635,5,2,1,8.0,1.0,69029,M,4573758.0,489635.0,69
201800032365,18,2,6,835,1,2,4,1.0,6.0,69266,M,4577410.0,486722.0,69
201800032366,18,2,6,1905,5,2,6,2.0,3.0,69282,M,4577034.0,499287.0,69
201800032367,18,2,6,1820,5,2,4,2.0,6.0,69275,M,4576344.0,496644.0,69
201800032368,18,2,8,1640,1,2,1,8.0,6.0,69290,M,4572100.0,492544.0,69
201800032369,18,2,11,530,5,2,1,1.0,6.0,69029,M,4572541.0,488711.0,69
201800032370,18,2,13,835,1,2,1,1.0,6.0,69029,M,4575008.0,489829.0,69
201800032371,18,2,15,710,5,2,1,2.0,2.0,69029,M,4572544.0,492560.0,69
201800032372,18,2,15,1230,1,2,6,1.0,3.0,69029,M,4572472.0,491527.0,69
201800032373,18,2,17,1835,5,2,1,8.0,3.0,69029,M,4572445.0,491485.0,69
201800032374,18,2,23,1650,1,2,1,1.0,6.0,69266,M,4576385.0,490907.0,69
201800032375,18,2,23,1855,5,2,1,1.0,6.0,69266,M,4578278.0,489022.0,69
201800032376,18,2,23,2015,5,2,2,1.0,3.0,69275,M,4576402.0,495811.0,69
201800032377,18,2,25,250,4,2,1,8.0,1.0,69282,M,4577960.0,499714.0,69
201800032378,18,2,26,1325,1,2,1,1.0,6.0,69256,M,4577741.0,492554.0,69
201800032379,18,2,26,1810,2,2,3,1.0,3.0,69266,M,4575700.0,488000.0,69
201800032380,18,2,26,1900,5,2,1,1.0,2.0,69290,M,4569099.0,494655.0,69
201800032381,18,2,26,1405,1,2,1,1.0,6.0,69256,M,4578462.0,491132.0,69
201800032382,18,2,28,1220,1,2,1,8.0,4.0,69266,M,4577091.0,487126.0,69
201800032383,18,3,1,20,5,2,2,4.0,3.0,69266,M,4576613.0,489783.0,69
201800032384,18,1,26,726,5,2,1,2.0,6.0,69275,M,4576925.0,494673.0,69
201800032385,18,3,3,30,5,2,1,1.0,6.0,69029,M,4572083.0,491342.0,69
201800032386,18,3,4,2100,5,2,3,2.0,3.0,69290,M,4569617.0,494764.0,69
201800032387,18,3,7,740,1,2,1,1.0,6.0,69266,M,4575384.0,491227.0,69
201800032388,18,3,8,2350,5,2,1,1.0,6.0,69266,M,4576487.0,490851.0,69
201800032389,18,3,9,2335,5,2,3,2.0,3.0,69282,M,4576625.0,500554.0,69
201800032390,18,3,9,1015,1,2,1,1.0,2.0,69290,M,4568859.0,491492.0,69
201800032391,18,3,10,1115,1,2,1,1.0,3.0,69282,M,4576783.0,498950.0,69
201800032392,18,3,12,1410,1,2,4,1.0,3.0,69290,M,4568601.0,493474.0,69
201800032393,18,2,15,350,5,2,2,2.0,6.0,69266,M,4577000.0,486482.0,69
201800032394,18,3,15,1550,1,2,3,2.0,3.0,69266,M,4578411.0,489422.0,69
201800032395,18,3,15,2105,5,2,2,1.0,3.0,69275,M,4577000.0,495000.0,69
201800032396,18,3,15,1940,5,2,1,1.0,2.0,69282,M,4576074.0,499949.0,69
201800032397,18,3,16,1950,2,2,1,2.0,6.0,69290,M,4569451.0,495730.0,69
201800032398,18,3,19,525,3,2,1,1.0,6.0,69290,M,4569759.0,490805.0,69
201800032399,18,3,19,1600,1,2,8,1.0,3.0,69275,M,4577242.0,495693.0,69
201800032400,18,3,6,1200,1,2,1,1.0,6.0,69290,M,4569194.0,493416.0,69
201800032401,18,3,23,1615,1,2,1,1.0,1.0,69266,M,4575659.0,492124.0,69
201800032402,18,3,23,2210,5,2,1,1.0,2.0,69266,M,4576166.0,488208.0,69
201800032403,18,3,24,1210,1,2,3,1.0,6.0,69266,M,4575573.0,489018.0,69
201800032404,18,3,23,1545,1,2,1,1.0,6.0,69282,M,4575871.0,502354.0,69
201800032405,18,3,24,1740,1,1,1,1.0,6.0,69266,M,4577093.0,486538.0,69
201800032406,18,2,27,1745,2,2,1,2.0,6.0,69256,M,4578900.0,491543.0,69
201800032407,18,3,28,1700,1,2,3,1.0,6.0,69256,M,4578027.0,492777.0,69
201800032408,18,3,25,1900,2,2,1,1.0,3.0,69282,M,4577781.0,499385.0,69
201800032409,18,3,30,1845,2,2,1,8.0,2.0,69282,M,4576621.0,499025.0,69
201800032410,18,3,30,2340,5,2,4,1.0,6.0,69029,M,4573182.0,489188.0,69
201800032411,18,4,3,1545,1,2,3,1.0,3.0,69290,M,4571825.0,491012.0,69
201800032412,18,4,3,2125,4,2,9,1.0,6.0,69290,M,4569509.0,493398.0,69
201800032413,18,4,4,1630,1,2,6,1.0,3.0,69266,M,4575832.0,492117.0,69
201800032414,18,4,6,710,1,2,1,1.0,3.0,69266,M,4575185.0,490373.0,69
201800032415,18,3,26,1925,2,2,2,2.0,3.0,69290,M,4571574.0,496173.0,69
201800032416,18,4,6,1940,1,2,1,1.0,3.0,69256,M,4575182.0,492285.0,69
201800032417,18,4,7,1640,1,2,9,1.0,2.0,69029,M,4572776.0,492762.0,69
201800032418,18,4,8,925,1,2,1,1.0,6.0,69266,M,4576581.0,489979.0,69
201800032419,18,4,8,2230,5,2,1,1.0,1.0,69256,M,4577120.0,490461.0,69
201800032420,18,4,1,1625,1,2,1,1.0,2.0,69256,M,4578896.0,491473.0,69
201800032421,18,4,10,1630,1,2,9,1.0,6.0,69275,M,4577123.0,497519.0,69
201800032422,18,4,11,1735,1,2,2,1.0,1.0,69266,M,4577057.0,487378.0,69
201800032423,18,4,13,1830,1,2,1,1.0,1.0,69266,M,4576600.0,489800.0,69
201800032424,18,4,14,940,1,2,1,2.0,6.0,69271,M,4574856.0,491992.0,69
201800032425,18,4,15,1450,1,2,1,1.0,6.0,69256,M,4579704.0,492574.0,69
201800032426,18,4,15,1610,1,2,2,1.0,1.0,69271,M,4574330.0,493720.0,69
201800032427,18,4,16,1906,1,2,1,1.0,6.0,69256,M,4577622.0,491495.0,69
201800032428,18,4,17,1725,1,2,2,1.0,1.0,69266,M,4575511.0,489936.0,69
201800032429,18,4,18,1205,1,2,1,1.0,5.0,69290,M,4570558.0,491341.0,69
201800032430,18,4,21,1315,1,2,2,7.0,3.0,69256,M,4578523.0,491714.0,69
201800032431,18,4,20,1940,1,2,1,1.0,7.0,69029,M,4574472.0,491916.0,69
201800032432,18,4,17,800,1,2,2,1.0,3.0,69256,M,4575350.0,493230.0,69
201800032433,18,4,19,1530,1,2,1,1.0,3.0,69290,M,4573938.0,495458.0,69
201800032434,18,4,19,1140,1,2,2,1.0,3.0,69256,M,4576457.0,491919.0,69
201800032435,18,4,25,830,1,2,1,1.0,3.0,69275,M,4574682.0,493663.0,69
201800032436,18,4,25,840,1,2,1,1.0,6.0,69266,M,4577383.0,489054.0,69
201800032437,18,4,23,1840,1,2,2,1.0,3.0,69282,M,4577809.0,501468.0,69
201800032438,18,4,26,820,1,2,3,1.0,3.0,69266,M,4576593.0,489880.0,69
201800032439,18,4,21,1840,1,2,3,1.0,2.0,69275,M,4576856.0,497832.0,69
201800032440,18,4,27,1355,1,2,3,1.0,3.0,69256,M,4577398.0,492302.0,69
201800032441,18,4,27,2335,5,2,1,1.0,2.0,69271,M,4574188.0,494405.0,69
201800032442,18,4,28,1430,1,2,5,1.0,3.0,69256,M,4575350.0,493238.0,69
201800032443,18,5,5,1030,1,2,2,1.0,6.0,69266,M,4576965.0,486990.0,69
201800032444,18,5,9,1540,1,2,2,1.0,3.0,69266,M,4574844.0,491768.0,69
201800032445,18,5,13,300,5,2,1,3.0,6.0,69256,M,4576605.0,492824.0,69
201800032446,18,5,14,1231,1,2,1,8.0,6.0,69266,M,4575659.0,492124.0,69
201800032447,18,5,15,1845,1,2,2,1.0,3.0,69256,M,4574846.0,491789.0,69
201800032448,18,5,15,1615,1,2,1,1.0,3.0,69029,M,4574699.0,490072.0,69
201800032449,18,5,16,500,5,2,2,1.0,3.0,69275,M,4577276.0,495642.0,69
201800032450,18,5,16,1655,1,2,1,1.0,6.0,69282,M,4576626.0,501236.0,69
201800032451,18,5,17,2000,2,1,1,1.0,7.0,69256,M,4580050.0,493669.0,69
201800032452,18,5,21,1820,1,2,2,1.0,3.0,69266,M,4576600.0,490254.0,69
201800032453,18,5,21,2225,5,2,9,1.0,3.0,69256,M,4576711.0,493286.0,69
201800032454,18,5,18,1415,1,2,9,1.0,6.0,69290,M,4568965.0,498206.0,69
201800032455,18,5,16,1700,1,2,1,1.0,7.0,69256,M,4577261.0,493224.0,69
201800032456,18,5,22,1650,1,2,6,1.0,6.0,69290,M,4568542.0,494667.0,69
201800032457,18,5,25,1945,1,2,3,7.0,7.0,69029,M,4575013.0,491140.0,69
201800032458,18,5,28,1425,1,2,1,1.0,2.0,69266,M,4575701.0,488076.0,69
201800032459,18,5,28,1730,1,2,1,8.0,2.0,69271,M,4573898.0,495828.0,69
201800032460,18,5,28,1230,1,2,1,1.0,1.0,69266,M,4575810.0,491056.0,69
201800032461,18,5,30,2055,2,2,1,2.0,6.0,69256,M,4577188.0,490998.0,69
201800032462,18,5,26,1950,1,2,2,1.0,1.0,69282,M,4578194.0,500538.0,69
201800032463,18,5,31,2050,2,2,1,1.0,6.0,69282,M,4577720.0,499780.0,69
201800032464,18,6,2,1740,1,2,1,1.0,3.0,69266,M,4574991.0,491252.0,69
201800032465,18,5,31,1930,2,1,1,1.0,1.0,69290,M,4571251.0,491936.0,69
201800032466,18,6,2,1755,1,2,1,1.0,3.0,69256,M,4577686.0,472294.0,69
201800032467,18,6,4,2140,2,2,3,2.0,3.0,69290,M,4568931.0,493645.0,69
201800032468,18,6,5,855,1,2,2,1.0,6.0,69266,M,4577947.0,485963.0,69
201800032469,18,6,6,1724,1,2,2,1.0,1.0,69266,M,4575808.0,488516.0,69
201800032470,18,6,7,1610,1,2,1,1.0,6.0,69266,M,4577639.0,487290.0,69
201800032471,18,6,7,1715,1,1,1,8.0,7.0,69256,M,4577478.0,494142.0,69
201800032472,18,6,9,1730,1,2,3,1.0,3.0,69266,M,4577326.0,487412.0,69
201800032473,18,6,10,1055,1,2,2,1.0,6.0,69266,M,4577839.0,487941.0,69
201800032474,18,6,9,1850,1,2,9,1.0,3.0,69282,M,4576797.0,498909.0,69
201800032475,18,6,12,650,1,2,1,1.0,6.0,69029,M,4573611.0,493027.0,69
201800032476,18,6,12,1909,1,2,1,3.0,6.0,69266,M,4576705.0,489354.0,69
201800032477,18,6,13,1840,1,2,2,1.0,3.0,69266,M,4577818.0,487944.0,69
201800032478,18,6,17,125,5,2,2,1.0,3.0,69266,M,4576163.0,488206.0,69
201800032479,18,6,18,1220,1,2,1,1.0,6.0,69266,M,4577881.0,489188.0,69
201800032480,18,6,19,1318,1,2,3,1.0,6.0,69266,M,4577000.0,490000.0,69
201800032481,18,6,20,700,1,2,1,1.0,6.0,69266,M,4575578.0,487640.0,69
201800032482,18,6,19,1710,1,2,1,1.0,6.0,69275,M,4576402.0,495733.0,69
201800032483,18,6,20,1620,1,2,3,1.0,3.0,69266,M,4575936.0,488498.0,69
201800032484,18,6,19,1720,1,2,2,1.0,3.0,69266,M,4576949.0,487955.0,69
201800032485,18,6,20,2000,1,2,1,1.0,6.0,69266,M,4575173.0,491450.0,69
201800032486,18,6,22,1630,1,2,1,1.0,6.0,69256,M,4577801.0,492773.0,69
201800032487,18,6,22,1905,1,2,2,1.0,3.0,69282,M,4578000.0,500523.0,69
201800032488,18,6,22,1955,1,2,1,1.0,7.0,69256,M,4576592.0,492720.0,69
201800032489,18,6,24,2051,2,2,1,1.0,6.0,69290,M,4571111.0,497722.0,69
201800032490,18,6,25,735,1,2,2,1.0,3.0,69266,M,4575435.0,488581.0,69
201800032491,18,6,26,1345,1,2,1,1.0,1.0,69256,M,4578188.0,493604.0,69
201800032492,18,6,26,1945,1,2,1,1.0,3.0,69266,M,4575494.0,487913.0,69
201800032493,18,6,28,1645,1,2,4,7.0,3.0,69029,M,4572563.0,491520.0,69
201800032494,18,6,30,1200,1,2,1,1.0,6.0,69029,M,4573400.0,489200.0,69
201800032495,18,7,1,2215,5,2,3,1.0,3.0,69029,M,4572571.0,491320.0,69
201800032496,18,6,29,720,2,2,2,1.0,3.0,69256,M,4574979.0,493388.0,69
201800032497,18,7,2,2000,1,2,1,1.0,6.0,69029,M,4572966.0,492943.0,69
201800032498,18,6,17,1900,2,2,3,1.0,3.0,69282,M,4577763.0,502088.0,69
201800032499,18,7,4,1850,1,2,6,1.0,2.0,69290,M,4572435.0,493536.0,69
201800032500,18,7,8,1020,1,1,1,1.0,3.0,69275,M,4575500.0,495200.0,69
201800032501,18,7,9,1035,1,2,1,1.0,6.0,69266,M,4577631.0,488533.0,69
201800032502,18,7,10,2225,5,2,2,1.0,6.0,69266,M,4575660.0,487908.0,69
201800032503,18,7,11,2145,2,2,1,1.0,3.0,69290,M,4569257.0,493267.0,69
201800032504,18,7,12,735,1,2,1,1.0,3.0,69266,M,4578282.0,488997.0,69
201800032505,18,7,12,930,1,2,2,1.0,3.0,69290,M,4571572.0,496177.0,69
201800032506,18,7,12,1415,1,2,5,1.0,3.0,69266,M,4576335.0,491337.0,69
201800032507,18,7,14,330,5,2,1,1.0,1.0,69290,M,4569093.0,495108.0,69
201800032508,18,7,16,2145,5,2,2,1.0,2.0,69029,M,4574524.0,491864.0,69
201800032509,18,7,18,930,1,2,1,1.0,4.0,69290,M,4568097.0,494511.0,69
201800032510,18,7,17,1955,1,2,9,1.0,3.0,69256,M,4575862.0,493632.0,69
201800032511,18,7,19,630,1,2,5,1.0,3.0,69282,M,4577625.0,499829.0,69
201800032512,18,7,19,750,1,2,3,1.0,6.0,69266,M,4577737.0,486980.0,69
201800032513,18,7,17,830,1,2,1,1.0,3.0,69256,M,4577377.0,491378.0,69
201800032514,18,7,19,2305,5,2,1,1.0,6.0,69290,M,4568919.0,492799.0,69
201800032515,18,7,25,1400,1,2,2,1.0,3.0,69256,M,4577779.0,491842.0,69
201800032516,18,7,25,1705,1,2,1,7.0,6.0,69266,M,4575599.0,487698.0,69
201800032517,18,7,27,1710,1,2,1,1.0,6.0,69029,M,4574521.0,492471.0,69
201800032518,18,7,29,1200,1,2,2,7.0,3.0,69266,M,4574929.0,491427.0,69
201800032519,18,7,27,1620,1,2,1,1.0,5.0,69256,M,4578356.0,492388.0,69
201800032520,18,8,3,1425,1,2,1,1.0,2.0,69266,M,4576004.0,489288.0,69
201800032521,18,8,3,1710,1,2,2,1.0,3.0,69266,M,4575113.0,490773.0,69
201800032522,18,8,3,2000,1,2,2,1.0,1.0,69290,M,4570480.0,491553.0,69
201800032523,18,8,4,1155,1,2,1,1.0,6.0,69282,M,4576660.0,499997.0,69
201800032524,18,8,8,1300,1,2,4,1.0,3.0,69266,M,4578204.0,489102.0,69
201800032525,18,8,11,1830,1,2,2,1.0,3.0,69266,M,4576958.0,486992.0,69
201800032526,18,8,11,1830,1,2,2,1.0,3.0,69266,M,4577058.0,487373.0,69
201800032527,18,8,12,440,5,2,1,1.0,6.0,69256,M,4578234.0,494227.0,69
201800032528,18,8,13,2227,5,2,1,1.0,3.0,69029,M,4573483.0,490512.0,69
201800032529,18,8,15,2300,5,2,2,1.0,1.0,69256,M,4578685.0,491983.0,69
201800032530,18,8,20,830,1,2,2,1.0,3.0,69266,M,4575435.0,488567.0,69
201800032531,18,8,21,815,1,2,1,1.0,6.0,69290,M,4569111.0,493728.0,69
201800032532,18,8,22,1805,2,2,1,1.0,2.0,69256,M,4576632.0,492871.0,69
201800032533,18,8,25,1600,1,2,1,1.0,6.0,69290,M,4569451.0,493734.0,69
201800032534,18,8,25,2200,5,2,3,1.0,6.0,69290,M,4571137.0,491244.0,69
201800032535,18,8,26,910,1,2,2,1.0,6.0,69256,M,4578543.0,492619.0,69
201800032536,18,8,24,900,1,2,6,1.0,2.0,69271,M,4573436.0,496584.0,69
201800032537,18,8,31,1315,1,1,3,1.0,3.0,69290,M,4569192.0,496713.0,69
201800032538,18,9,2,1115,1,2,1,1.0,6.0,69266,M,4578180.0,489102.0,69
201800032539,18,9,1,1210,1,2,2,1.0,3.0,69256,M,4574975.0,493388.0,69
201800032540,18,9,3,1830,1,1,1,1.0,3.0,69275,M,4579784.0,496997.0,69
201800032541,18,9,4,1830,1,2,1,1.0,3.0,69256,M,4577300.0,491300.0,69
201800032542,18,9,6,829,1,2,1,8.0,1.0,69256,M,4576359.0,493439.0,69
201800032543,18,9,6,1400,1,2,1,8.0,7.0,69029,M,4574956.0,491320.0,69
201800032544,18,9,7,40,5,2,1,1.0,3.0,69256,M,4576566.0,492509.0,69
201800032545,18,9,7,720,1,2,1,1.0,6.0,69271,M,4574674.0,496494.0,69
201800032546,18,9,8,1935,2,2,3,1.0,3.0,69266,M,4575426.0,488570.0,69
201800032547,18,9,9,1650,1,2,1,1.0,4.0,69266,M,4575504.0,490017.0,69
201800032548,18,9,11,715,1,2,2,1.0,3.0,69266,M,4576267.0,487824.0,69
201800032549,18,9,11,800,1,2,1,1.0,6.0,69029,M,4574839.0,491790.0,69
201800032550,18,9,11,650,1,2,1,1.0,6.0,69282,M,4578650.0,502350.0,69
201800032551,18,9,11,1715,1,2,1,1.0,1.0,69256,M,4577129.0,493237.0,69
201800032552,18,9,10,1615,1,2,3,1.0,3.0,69282,M,4576061.0,499792.0,69
201800032553,18,9,12,1430,1,2,2,1.0,3.0,69266,M,4576524.0,486989.0,69
201800032554,18,9,13,735,1,2,1,7.0,3.0,69271,M,4573400.0,496727.0,69
201800032555,18,9,12,1212,1,2,1,1.0,4.0,69290,M,4571467.0,496474.0,69
201800032556,18,9,13,1750,1,2,2,2.0,3.0,69029,M,4573903.0,490859.0,69
201800032557,18,9,9,1800,1,2,2,1.0,1.0,69290,M,4570640.0,493517.0,69
201800032558,18,9,15,1730,1,2,2,1.0,6.0,69266,M,4577857.0,487460.0,69
201800032559,18,9,16,1320,1,2,2,1.0,5.0,69290,M,4569740.0,493309.0,69
201800032560,18,9,16,1945,2,2,1,1.0,3.0,69266,M,4576760.0,487960.0,69
201800032561,18,9,17,1640,1,2,1,1.0,3.0,69266,M,4578074.0,490774.0,69
201800032562,18,9,18,1650,1,2,1,1.0,4.0,69282,M,4577123.0,501514.0,69
201800032563,18,9,18,1810,1,2,9,1.0,3.0,69256,M,4576560.0,492493.0,69
201800032564,18,9,19,2040,5,2,3,1.0,3.0,69275,M,4576344.0,494085.0,69
201800032565,18,9,20,105,5,2,2,1.0,3.0,69266,M,4576523.0,486992.0,69
201800032566,18,9,20,735,1,2,1,1.0,6.0,69290,M,4570750.0,490800.0,69
201800032567,18,9,21,740,1,2,2,1.0,6.0,69266,M,4576624.0,489791.0,69