Num_Acc,an,mois,jour,hrmn,lum,agg,int,atm,col,com,gps,lat,long,dep
201800032568,18,9,21,2030,5,2,6,2.0,6.0,69266,M,4577217.0,486606.0,69
201800032569,18,9,23,1440,1,2,1,1.0,6.0,69029,M,4572583.0,493182.0,69
201800032570,18,9,23,2100,2,1,2,1.0,3.0,69029,M,4572739.0,492735.0,69
201800032571,18,9,25,815,1,2,1,1.0,3.0,69271,M,4572502.0,497227.0,69
201800032572,18,9,25,1910,5,2,1,1.0,2.0,69266,M,4576424.0,491748.0,69
201800032573,18,9,26,1850,1,2,1,1.0,6.0,69256,M,4577135.0,490811.0,69
201800032574,18,9,27,800,1,2,3,1.0,6.0,69271,M,4574685.0,496070.0,69
201800032575,18,9,28,815,1,2,1,1.0,6.0,69266,M,4577685.0,489243.0,69
201800032576,18,9,27,845,1,2,1,7.0,3.0,69282,M,4577857.0,501862.0,69
201800032577,18,9,28,1520,1,2,7,1.0,6.0,69275,M,4577147.0,495833.0,69
201800032578,18,9,28,1600,1,2,2,1.0,6.0,69266,M,4576092.0,487781.0,69
201800032579,18,9,28,1835,1,2,1,7.0,6.0,69266,M,4577933.0,487387.0,69
201800032580,18,9,27,1715,1,2,3,1.0,3.0,69275,M,4577195.0,497084.0,69
201800032581,18,9,26,1820,1,2,9,1.0,3.0,69266,M,4575999.0,492077.0,69
201800032582,18,10,2,1400,1,2,3,1.0,3.0,69290,M,4571472.0,490590.0,69
201800032583,18,10,3,555,5,2,1,1.0,6.0,69029,M,4572500.0,491200.0,69
201800032584,18,10,4,1320,1,2,3,1.0,6.0,69266,M,4577580.0,489300.0,69
201800032585,18,10,4,1850,1,2,1,1.0,6.0,69282,M,4577940.0,499680.0,69
201800032586,18,10,7,705,5,2,2,3.0,3.0,69271,M,4574486.0,493694.0,69
201800032587,18,10,5,1520,1,2,1,1.0,6.0,69282,M,4577039.0,501355.0,69
201800032588,18,9,29,1545,1,2,1,1.0,3.0,69275,M,4575370.0,494149.0,69
201800032589,18,10,9,2125,5,2,2,1.0,3.0,69266,M,4577235.0,487280.0,69
201800032590,18,10,11,640,5,2,6,2.0,3.0,69266,M,4575973.0,487562.0,69
201800032591,18,10,11,1855,2,2,1,1.0,6.0,69282,M,4576667.0,501121.0,69
201800032592,18,10,12,1850,2,2,7,1.0,3.0,69266,M,4578098.0,488414.0,69
201800032593,18,10,13,1540,1,2,2,1.0,6.0,69266,M,4576547.0,490113.0,69
201800032594,18,10,14,430,4,2,2,1.0,6.0,69290,M,4570838.0,490883.0,69
201800032595,18,10,15,1700,1,2,3,1.0,3.0,69029,M,4574194.0,492000.0,69
201800032596,18,9,25,1915,1,2,2,1.0,6.0,69266,M,4576699.0,490052.0,69
201800032597,18,10,16,1345,1,2,1,1.0,6.0,69266,M,4575933.0,489071.0,69
201800032598,18,10,16,1445,1,2,2,1.0,3.0,69266,M,4577681.0,487650.0,69
201800032599,18,10,16,1740,1,2,3,1.0,2.0,69275,M,4577105.0,496208.0,69
201800032600,18,10,16,1755,1,2,2,1.0,6.0,69266,M,4577609.0,488414.0,69
201800032601,18,10,16,1330,1,2,9,1.0,6.0,69290,M,4570468.0,491281.0,69
201800032602,18,10,17,730,2,2,3,1.0,3.0,69029,M,4573759.0,489637.0,69
201800032603,18,10,18,2330,5,2,2,1.0,3.0,69290,M,4570850.0,490847.0,69
201800032604,18,10,17,1000,2,2,1,1.0,6.0,69256,M,4576782.0,488874.0,69
201800032605,18,9,28,1651,1,2,8,1.0,6.0,69266,M,4576665.0,489575.0,69
201800032606,18,10,19,1810,2,2,1,1.0,7.0,69029,M,4573000.0,489207.0,69
201800032607,18,10,19,1820,1,2,1,1.0,3.0,69266,M,4578241.0,488889.0,69
201800032608,18,10,19,1615,1,2,9,1.0,1.0,69282,M,4575893.0,500355.0,69
201800032609,18,10,20,1050,1,2,1,1.0,3.0,69256,M,4578529.0,492902.0,69
201800032610,18,10,20,1310,1,2,1,1.0,3.0,69266,M,4575426.0,491583.0,69
201800032611,18,10,21,2110,5,2,1,1.0,6.0,69256,M,4577794.0,492749.0,69
201800032612,18,10,24,830,1,2,1,1.0,6.0,69266,M,4578263.0,488951.0,69
201800032613,18,10,19,1300,1,2,1,1.0,6.0,69256,M,4578049.0,490823.0,69
201800032614,18,10,25,1320,1,2,1,1.0,6.0,69282,M,4576468.0,501210.0,69
201800032615,18,10,25,1950,5,2,1,1.0,7.0,69266,M,4576741.0,488443.0,69
201800032616,18,8,11,2158,5,2,4,1.0,6.0,69266,M,4576027.0,490081.0,69
201800032617,18,10,25,2245,5,2,2,1.0,1.0,69266,M,4576530.0,487813.0,69
201800032618,18,10,26,1515,1,2,1,1.0,2.0,69290,M,4571554.0,490661.0,69
201800032619,18,10,26,2050,5,2,9,1.0,6.0,69266,M,4577920.0,488100.0,69
201800032620,18,10,27,1442,1,2,2,2.0,3.0,69290,M,4569513.0,493363.0,69
201800032621,18,10,27,1100,1,2,1,1.0,2.0,69029,M,4572630.0,490089.0,69
201800032622,18,10,28,700,5,2,2,1.0,2.0,69266,M,4578171.0,488733.0,69
201800032623,18,10,27,1940,3,2,1,2.0,1.0,69290,M,4569776.0,490787.0,69
201800032624,18,10,29,800,1,2,1,3.0,6.0,69266,M,4577091.0,486358.0,69
201800032625,18,10,30,830,1,2,2,2.0,3.0,69266,M,4577652.0,487161.0,69
201800032626,18,10,16,1145,1,2,1,1.0,6.0,69256,M,4576085.0,492239.0,69
201800032627,18,10,29,2015,5,2,1,3.0,1.0,69282,M,4577311.0,500000.0,69
201800032628,18,10,29,1640,1,2,1,3.0,6.0,69256,M,4576352.0,492568.0,69
201800032629,18,11,1,855,1,2,2,1.0,3.0,69256,M,4577728.0,491970.0,69
201800032630,18,10,29,1720,4,2,9,3.0,6.0,69029,M,4573530.0,493039.0,69
201800032631,18,11,2,2115,5,2,2,1.0,3.0,69266,M,4575691.0,487636.0,69
201800032632,18,11,3,2330,5,2,1,1.0,6.0,69029,M,4573790.0,492185.0,69
201800032633,18,11,2,1330,1,2,6,1.0,3.0,69290,M,4570721.0,489824.0,69
201800032634,18,11,5,1430,1,2,1,1.0,3.0,69256,M,4576671.0,493108.0,69
201800032635,18,11,6,1250,1,1,1,2.0,2.0,69290,M,4571054.0,492395.0,69
201800032636,18,11,7,1845,5,2,9,3.0,6.0,69029,M,4572805.0,491583.0,69
201800032637,18,11,8,1205,1,2,2,1.0,3.0,69266,M,4576966.0,487105.0,69
201800032638,18,11,9,905,1,2,1,8.0,6.0,69290,M,4571262.0,495607.0,69
201800032639,18,11,9,1545,1,2,3,1.0,6.0,69029,M,4573583.0,491000.0,69
201800032640,18,11,11,1750,5,2,1,1.0,6.0,69275,M,4577558.0,496897.0,69
201800032641,18,11,12,1040,1,2,1,2.0,6.0,69256,M,4577430.0,492794.0,69
201800032642,18,11,15,1515,1,2,9,1.0,3.0,69282,M,4577046.0,500123.0,69
201800032643,18,11,17,100,5,2,1,5.0,2.0,69266,M,4578475.0,486652.0,69
201800032644,18,11,17,535,5,2,1,1.0,6.0,69266,M,4577397.0,488842.0,69
201800032645,18,11,18,1335,1,2,4,1.0,3.0,69256,M,4577484.0,493598.0,69
201800032646,18,11,18,1430,1,2,2,8.0,3.0,69290,M,4572055.0,493055.0,69
201800032647,18,11,19,1755,5,2,2,1.0,3.0,69256,M,4577697.0,491944.0,69
201800032648,18,11,20,1505,1,2,4,8.0,2.0,69266,M,4575075.0,490878.0,69
201800032649,18,11,22,745,2,2,1,5.0,6.0,69282,M,4576571.0,500920.0,69
201800032650,18,11,23,710,3,2,1,8.0,7.0,69290,M,4569337.0,493125.0,69
201800032651,18,11,27,739,5,2,1,2.0,3.0,69290,M,4570765.0,490774.0,69
201800032652,18,11,29,1545,1,2,2,1.0,3.0,69266,M,4574928.0,491425.0,69
201800032653,18,11,30,1300,1,2,1,2.0,6.0,69290,M,4571483.0,496425.0,69
201800032654,18,11,29,1630,2,2,3,8.0,6.0,69266,M,4576461.0,489050.0,69
201800032655,18,11,30,1330,1,2,1,2.0,1.0,69029,M,4572809.0,492056.0,69
201800032656,18,11,30,1550,1,2,1,8.0,1.0,69275,M,4575339.0,494639.0,69
201800032657,18,12,3,1750,5,2,2,1.0,6.0,69266,M,4576480.0,488453.0,69
201800032658,18,11,29,1420,1,2,1,1.0,6.0,69290,M,4571566.0,490334.0,69
201800032659,18,12,4,1730,5,2,9,1.0,2.0,69290,M,4571700.0,495780.0,69
201800032660,18,12,6,1405,1,2,2,2.0,3.0,69256,M,4576634.0,493703.0,69
201800032661,18,12,10,2000,5,2,3,1.0,3.0,69266,M,4577661.0,489965.0,69
201800032662,18,12,10,1640,1,2,2,1.0,1.0,69282,M,4576397.0,500520.0,69
201800032663,18,12,12,1850,5,2,1,1.0,3.0,69266,M,4577670.0,487515.0,69
201800032664,18,12,15,640,5,2,2,1.0,6.0,69266,M,4576132.0,488337.0,69
201800032665,18,12,16,220,5,2,1,2.0,6.0,69256,M,4574858.0,491908.0,69
201800032666,18,12,18,1200,1,2,2,8.0,5.0,69275,M,4577528.0,497075.0,69
201800032667,18,12,14,1800,5,2,1,8.0,4.0,69290,M,4571518.0,496333.0,69
201800032668,18,12,19,2100,5,2,1,9.0,7.0,69266,M,4577743.0,489670.0,69
201800032669,18,12,20,830,1,2,2,1.0,6.0,69266,M,4576974.0,487373.0,69
201800032670,18,12,21,1730,5,2,1,2.0,4.0,69266,M,4574856.0,491701.0,69
201800032671,18,12,21,930,1,2,1,2.0,7.0,69290,M,4569710.0,498301.0,69
201800032672,18,12,24,1020,1,2,1,1.0,6.0,69029,M,4574529.0,492868.0,69
201800032673,18,12,25,2220,5,2,3,1.0,3.0,69266,M,4576466.0,488731.0,69
201800032674,18,12,27,45,5,2,2,1.0,3.0,69266,M,4575816.0,489334.0,69
201800032675,18,12,17,1800,5,2,1,1.0,6.0,69282,M,4576787.0,499127.0,69
201800032676,18,12,28,1050,1,1,1,1.0,7.0,69029,M,4571871.0,492759.0,69
201800032677,18,12,29,740,2,2,1,1.0,1.0,69290,M,4571045.0,491962.0,69
201800032678,18,5,17,1540,1,1,1,1.0,1.0,20331,M,4182726.0,896291.0,201
201800032679,18,8,5,1220,1,2,9,1.0,1.0,20021,M,4182326.0,902665.0,201
201800032680,18,8,14,245,3,2,1,1.0,6.0,20021,M,4182326.0,902665.0,201
201800032681,18,8,17,740,1,1,1,1.0,1.0,20211,M,4177391.0,895859.0,201
201800032682,18,10,3,1300,1,1,1,1.0,7.0,20200,M,4202826.0,919480.0,201
201800032683,18,1,3,1757,3,1,1,1.0,6.0,51240,M,4876173.0,479627.0,51
201800032684,18,4,9,955,1,1,1,1.0,1.0,51455,M,4871576.0,470984.0,51
201800032685,18,4,8,1430,1,1,1,1.0,7.0,51583,M,4871958.0,495316.0,51
201800032686,18,6,14,955,1,1,3,1.0,5.0,51635,M,4880867.0,484481.0,51
201800032687,18,7,13,1545,1,1,9,1.0,6.0,51539,M,4882230.0,481733.0,51
201800032688,18,9,15,2310,3,1,1,1.0,6.0,51647,M,4875351.0,464513.0,51
201800032689,18,10,12,1120,1,1,1,1.0,6.0,51423,M,4877550.0,487642.0,51
201800032690,18,10,25,1250,1,2,1,8.0,6.0,51311,M,4878719.0,477970.0,51
201800032691,18,1,12,1815,3,1,1,1.0,7.0,51141,M,4883181.0,453556.0,51
201800032692,18,1,12,1805,3,2,6,1.0,3.0,51649,M,4872523.0,460502.0,51
201800032693,18,12,19,1600,1,2,3,1.0,1.0,51513,M,4863279.0,465131.0,51
201800032694,18,2,11,1900,3,1,1,2.0,5.0,51334,M,4871215.0,463940.0,51
201800032695,18,3,1,700,2,1,8,9.0,3.0,51552,M,4880253.0,450548.0,51
201800032696,18,2,28,705,1,1,1,1.0,3.0,51328,M,4873941.0,455431.0,51
201800032697,18,3,21,720,2,2,1,7.0,3.0,51262,M,4871101.0,458775.0,51
201800032698,18,3,19,515,3,1,3,2.0,1.0,51352,M,4872265.0,462976.0,51
201800032699,18,5,4,1920,1,1,1,1.0,6.0,51277,M,4862171.0,477013.0,51
201800032700,18,5,7,315,5,2,3,1.0,6.0,51649,M,4872408.0,458398.0,51
201800032701,18,5,7,1500,1,2,7,1.0,6.0,51649,M,4872651.0,458496.0,51
201800032702,18,5,15,1645,1,1,1,1.0,4.0,51649,M,4874030.0,459329.0,51
201800032703,18,5,18,1240,1,2,6,1.0,3.0,51649,M,4872509.0,460513.0,51
201800032704,18,5,29,2030,2,1,3,1.0,3.0,51195,M,4877635.0,458960.0,51
201800032705,18,7,1,1315,1,1,1,1.0,2.0,51167,M,4874297.0,443386.0,51
201800032706,18,7,4,1830,1,1,9,1.0,1.0,51649,M,4875373.0,458990.0,51
201800032707,18,7,14,240,3,1,1,1.0,7.0,51513,M,4863916.0,460560.0,51
201800032708,18,7,20,1700,1,1,1,1.0,7.0,51219,M,4857378.0,462301.0,51
201800032709,18,10,30,910,1,1,1,4.0,7.0,51022,M,4881068.0,455533.0,51
201800032710,18,11,15,1500,1,1,1,1.0,6.0,51134,M,4867700.0,454792.0,51
201800032711,18,11,23,1800,3,1,9,2.0,1.0,51598,M,4869631.0,469383.0,51
201800032712,18,12,27,725,5,2,1,1.0,6.0,51649,M,4872911.0,459301.0,51
201800032713,18,1,12,1600,1,1,1,1.0,1.0,24462,M,4504042.0,35404.0,24
201800032714,18,1,20,1615,1,2,3,2.0,5.0,24294,M,4501403.0,16095.0,24
201800032715,18,4,23,915,1,1,1,1.0,1.0,24449,M,4499629.0,22292.0,24
201800032716,18,4,23,1617,1,1,3,1.0,3.0,24462,M,4503420.0,33235.0,24
201800032717,18,4,26,755,1,1,3,1.0,4.0,24543,M,4505680.0,41554.0,24
201800032718,18,7,7,1515,1,1,2,1.0,3.0,24264,M,4499463.0,12117.0,24
201800032719,18,7,25,915,1,1,1,1.0,1.0,24264,M,4501337.0,9259.0,24
201800032720,18,8,14,1935,1,2,1,1.0,1.0,24329,M,4502764.0,6916.0,24
201800032721,18,8,27,1030,1,2,1,1.0,1.0,24294,M,4499368.0,16239.0,24
201800032722,18,9,19,1730,1,2,2,1.0,3.0,24294,M,4500892.0,15185.0,24
201800032723,18,5,3,1015,1,1,1,1.0,6.0,20348,M,4215628.0,875540.0,201
201800032724,18,5,5,1810,1,1,1,1.0,6.0,20348,M,4215395.0,875487.0,201
201800032725,18,5,6,1700,1,1,1,1.0,7.0,20197,M,4233988.0,865647.0,201
201800032726,18,6,2,1615,1,1,1,1.0,3.0,20174,M,4217198.0,885013.0,201
201800032727,18,8,30,1115,1,1,1,1.0,1.0,20348,M,4216004.0,877082.0,201
201800032728,18,9,6,2220,3,1,1,1.0,7.0,20065,M,4214517.0,865411.0,201
201800032729,18,10,30,1545,1,1,1,2.0,1.0,20348,M,4215088.0,873993.0,201
201800032730,18,11,24,1930,3,1,9,8.0,6.0,20282,M,4218118.0,890329.0,201
201800032731,18,2,12,715,3,1,1,1.0,6.0,56167,M,4766462.0,-289801.0,56
201800032732,18,12,17,815,2,1,1,1.0,2.0,56094,M,4779789.0,-323982.0,56
201800032733,18,1,20,130,3,1,1,2.0,6.0,86001,M,4627066.0,80519.0,86
201800032734,18,1,27,1815,3,1,1,5.0,5.0,86262,M,4640994.0,80937.0,86
201800032735,18,2,24,1415,1,1,1,1.0,2.0,86131,M,4644435.0,57917.0,86
201800032736,18,3,27,1645,1,1,1,1.0,7.0,86262,M,4641118.0,81553.0,86
201800032737,18,4,1,2110,3,1,1,1.0,6.0,86190,M,4632695.0,70872.0,86
201800032738,18,4,4,855,1,1,1,1.0,6.0,86001,M,4626302.0,81899.0,86
201800032739,18,5,3,1920,1,1,1,1.0,1.0,86107,M,4637669.0,67471.0,86
201800032740,18,5,13,1625,1,2,1,1.0,1.0,86140,M,4640004.0,71681.0,86
201800032741,18,7,11,1030,1,2,1,1.0,1.0,86140,M,4640068.0,72466.0,86
201800032742,18,7,10,630,2,1,4,1.0,6.0,86276,M,4629649.0,56061.0,86
201800032743,18,9,2,1220,1,1,1,1.0,6.0,86171,M,4628710.0,67710.0,86
201800032744,18,9,8,1615,1,1,1,1.0,2.0,86228,M,4638984.0,53544.0,86
201800032745,18,9,20,1535,1,1,1,1.0,7.0,86200,M,4614241.0,55549.0,86
201800032746,18,10,21,1944,3,1,1,1.0,6.0,86001,M,4625308.0,78666.0,86
201800032747,18,10,29,2000,3,1,1,2.0,6.0,86159,M,4621473.0,72658.0,86
201800032748,18,1,4,1245,1,2,1,2.0,1.0,70261,M,4763071.0,617540.0,70
201800032749,18,1,25,1855,5,2,1,1.0,3.0,70550,M,4762559.0,616490.0,70
201800032750,18,2,2,2230,5,2,1,2.0,7.0,70550,M,4763257.0,614031.0,70
201800032751,18,2,9,540,5,2,2,1.0,3.0,70550,M,4761584.0,615292.0,70
201800032752,18,4,26,840,1,2,3,8.0,3.0,70550,M,4763013.0,614080.0,70
201800032753,18,6,22,1705,1,2,2,1.0,3.0,70550,M,4763604.0,615256.0,70
201800032754,18,6,26,855,1,2,2,1.0,3.0,70550,M,4763602.0,615259.0,70
201800032755,18,7,2,835,1,2,1,1.0,6.0,70550,M,4762184.0,615563.0,70
201800032756,18,9,10,820,1,2,1,1.0,6.0,70378,M,4761280.0,615280.0,70
201800032757,18,9,27,1750,1,2,1,1.0,1.0,70550,M,4763051.0,616512.0,70
201800032758,18,10,29,610,3,1,1,2.0,5.0,70388,M,4760376.0,611992.0,70
201800032759,18,1,26,1745,2,1,1,2.0,1.0,34069,M,4340458.0,309237.0,34
201800032760,18,6,30,545,2,2,3,1.0,1.0,34155,M,4335798.0,311908.0,34
201800032761,18,11,9,1820,2,1,1,1.0,6.0,34089,M,4338784.0,300597.0,34
201800032762,18,12,17,830,1,2,1,1.0,6.0,34069,M,4339231.0,310225.0,34
201800032763,18,1,13,1800,3,1,1,1.0,1.0,87178,M,4590990.0,137428.0,87
201800032764,18,1,30,1600,1,2,9,1.0,3.0,87083,M,4607232.0,147598.0,87
201800032765,18,3,3,1945,3,1,1,1.0,4.0,87157,M,4595420.0,148063.0,87
201800032766,18,6,17,215,3,1,1,1.0,7.0,87157,M,4595210.0,145464.0,87
201800032767,18,9,5,345,3,1,1,1.0,6.0,87002,M,4595880.0,141716.0,87
201800032768,18,12,18,800,2,2,9,8.0,3.0,87181,M,4604970.0,148017.0,87
201800032769,18,5,8,1730,1,1,1,1.0,7.0,87183,M,4601650.0,140526.0,87
201800032770,18,2,1,945,1,2,1,1.0,3.0,20249,M,4167081.0,891302.0,201
201800032771,18,4,17,820,1,2,1,7.0,6.0,20272,M,4157074.0,900676.0,201
201800032772,18,5,2,1445,1,1,9,2.0,1.0,20272,M,4157074.0,900676.0,201
201800032773,18,5,22,1600,1,1,1,1.0,6.0,20024,M,4176883.0,908519.0,201
201800032774,18,7,25,1130,1,1,1,1.0,7.0,20272,M,4161375.0,894874.0,201
201800032775,18,8,23,1500,1,1,1,2.0,6.0,20272,M,4163338.0,895964.0,201
201800032776,18,9,1,1800,1,2,1,1.0,6.0,20189,M,4169605.0,888053.0,201
201800032777,18,9,11,2010,3,1,1,1.0,5.0,20189,M,4169898.0,889947.0,201
201800032778,18,11,18,615,3,1,1,1.0,6.0,20272,M,4165485.0,891841.0,201
201800032779,18,4,25,1910,1,2,1,1.0,1.0,62204,M,5039458.0,188339.0,62
201800032780,18,5,13,700,2,2,6,1.0,6.0,62364,M,5050954.0,208849.0,62
201800032781,18,7,22,2215,2,2,1,1.0,7.0,62823,M,5048741.0,203189.0,62
201800032782,18,8,15,1913,1,1,1,1.0,6.0,62150,M,5041190.0,178827.0,62
201800032783,18,9,21,2100,3,1,1,3.0,6.0,62743,M,5036202.0,204981.0,62
201800032784,18,10,18,1315,1,1,1,1.0,6.0,62359,M,5043820.0,207397.0,62
201800032785,18,12,1,400,3,2,1,1.0,6.0,62447,M,5037286.0,204113.0,62
201800032786,18,12,9,2200,3,1,1,1.0,7.0,62177,M,5042377.0,181689.0,62
201800032787,18,9,19,1013,1,1,1,1.0,5.0,81079,M,4384753.0,218459.0,81
201800032788,18,1,20,1600,1,1,2,2.0,3.0,14411,M,4896680.0,-40239.0,14
201800032789,18,3,1,600,3,1,1,4.0,6.0,14588,M,4891270.0,-32364.0,14
201800032790,18,3,2,752,2,2,1,9.0,6.0,14211,M,,,14
201800032791,18,2,18,1530,1,1,1,2.0,7.0,14162,M,4888520.0,-50520.0,14
201800032792,18,4,27,1745,1,1,1,1.0,7.0,14588,M,4890848.0,-33698.0,14
201800032793,18,5,9,1830,1,1,1,1.0,6.0,14689,M,4900442.0,-54317.0,14
201800032794,18,6,25,1920,1,1,1,1.0,5.0,14656,M,4894595.0,-50136.0,14
201800032795,18,8,5,1,3,1,1,1.0,6.0,14248,M,4900810.0,-41459.0,14
201800032796,18,8,11,1130,3,2,1,2.0,6.0,14656,M,4894360.0,-50046.0,14
201800032797,18,9,6,1715,1,2,1,1.0,6.0,14656,M,4893190.0,-51031.0,14
201800032798,18,9,23,110,3,1,1,2.0,6.0,14603,M,4904907.0,-40962.0,14
201800032799,18,9,30,1300,1,1,1,1.0,1.0,14764,M,4887940.0,-44481.0,14
201800032800,18,11,16,2250,3,1,1,5.0,6.0,14162,M,4888419.0,-47640.0,14
201800032801,18,12,15,850,3,1,1,4.0,6.0,14603,M,4900792.0,-40410.0,14
201800032802,18,1,19,715,2,2,3,2.0,3.0,08403,M,4949419.0,436522.0,08
201800032803,18,4,22,1635,1,2,1,1.0,1.0,08362,M,4951218.0,435980.0,08
201800032804,18,7,7,215,3,1,1,1.0,6.0,08144,M,4951697.0,442870.0,08
201800032805,18,9,2,1745,1,1,3,1.0,3.0,08027,M,4956027.0,447802.0,08
201800032806,18,6,18,810,1,1,3,1.0,1.0,08430,M,4954989.0,496292.0,08
201800032807,18,7,10,1550,1,1,1,1.0,2.0,08083,M,4966642.0,505627.0,08
201800032808,18,8,11,1930,1,2,9,1.0,1.0,08343,M,4968124.0,507803.0,08
201800032809,18,9,27,2020,5,2,1,1.0,3.0,08053,M,4968273.0,497373.0,08
201800032810,18,12,13,1300,1,2,1,7.0,1.0,08136,M,4969944.0,498787.0,08
201800032811,18,2,18,2045,3,1,1,5.0,6.0,54374,M,4876458.0,642464.0,54
201800032812,18,3,7,2330,3,1,1,1.0,6.0,54089,M,4876705.0,626537.0,54
201800032813,18,4,29,1627,1,1,3,1.0,6.0,54089,M,4878022.0,628009.0,54
201800032814,18,5,6,2330,5,2,2,1.0,1.0,54462,M,4859417.0,633225.0,54
201800032815,18,5,26,1815,1,1,2,1.0,3.0,54345,M,4859373.0,626187.0,54
201800032816,18,5,13,1835,1,1,1,1.0,3.0,54374,M,4876504.0,643316.0,54
201800032817,18,7,18,1635,1,1,1,1.0,7.0,54462,M,4862119.0,632254.0,54
201800032818,18,8,15,1554,1,1,1,1.0,5.0,54296,M,4872478.0,630393.0,54
201800032819,18,9,20,1135,1,1,1,1.0,7.0,54571,M,4862872.0,625377.0,54
201800032820,18,11,3,1420,1,1,1,1.0,2.0,54462,M,4860141.0,634246.0,54
201800032821,18,11,8,1450,1,1,1,1.0,1.0,54462,M,4858402.0,637154.0,54
201800032822,18,12,29,20,3,1,1,1.0,6.0,54006,M,4872927.0,623712.0,54
201800032823,18,2,9,745,1,1,1,8.0,4.0,54305,M,4874206.0,619932.0,54
201800032824,18,4,19,300,3,1,1,1.0,1.0,54043,M,4858071.0,610148.0,54
201800032825,18,1,17,1710,2,1,1,1.0,6.0,54268,M,4840771.0,613586.0,54
201800032826,18,3,4,1405,1,1,1,1.0,7.0,54473,M,4841388.0,613427.0,54
201800032827,18,6,26,615,2,1,1,1.0,6.0,54204,M,4838705.0,607872.0,54
201800032828,18,9,16,1740,1,1,1,1.0,7.0,54142,M,4845676.0,623719.0,54
201800032829,18,10,12,650,2,1,1,1.0,1.0,54591,M,4851813.0,617506.0,54
201800032830,18,12,13,353,3,1,1,9.0,6.0,54307,M,4842876.0,623055.0,54
201800032831,18,1,2,720,5,2,1,1.0,1.0,71475,M,4676853.0,483912.0,71
201800032832,18,1,11,730,2,2,1,2.0,6.0,71081,M,4681701.0,483945.0,71
201800032833,18,1,26,1120,1,2,1,1.0,6.0,71076,M,4678282.0,484595.0,71
201800032834,18,1,23,1320,1,2,6,1.0,3.0,71076,M,4679396.0,485264.0,71
201800032835,18,2,2,1120,1,1,1,1.0,5.0,71445,M,4678460.0,490858.0,71
201800032836,18,3,11,615,3,1,1,2.0,1.0,71445,M,4675650.0,485930.0,71
201800032837,18,3,26,1718,1,2,2,1.0,3.0,71076,M,4678744.0,483873.0,71
201800032838,18,4,8,1805,1,1,1,1.0,1.0,71269,M,4675645.0,485723.0,71
201800032839,18,4,14,1305,1,1,1,1.0,1.0,71081,M,4682238.0,482933.0,71
201800032840,18,5,23,1340,1,1,1,1.0,1.0,71081,M,4681558.0,482735.0,71
201800032841,18,5,24,1200,1,2,1,1.0,1.0,71076,M,4679831.0,483551.0,71
201800032842,18,6,12,1645,1,1,1,1.0,2.0,71475,M,4675541.0,482030.0,71
201800032843,18,6,27,2000,1,2,1,1.0,6.0,71076,M,4678401.0,484619.0,71
201800032844,18,6,27,1915,1,1,1,1.0,6.0,71445,M,4678204.0,488961.0,71
201800032845,18,7,1,1625,1,2,2,1.0,3.0,71076,M,4679953.0,485620.0,71
201800032846,18,7,2,955,1,2,1,1.0,2.0,71076,M,4677630.0,446303.0,71
201800032847,18,7,3,1100,1,2,1,1.0,3.0,71076,M,4678405.0,484941.0,71
201800032848,18,7,17,2040,1,2,9,1.0,6.0,71076,M,4678863.0,486033.0,71
201800032849,18,7,21,2030,1,2,1,1.0,6.0,71076,M,4677773.0,485209.0,71
201800032850,18,7,23,1720,1,2,1,1.0,6.0,71076,M,4678410.0,485262.0,71
201800032851,18,8,1,1210,1,1,1,1.0,6.0,71076,M,4677442.0,485840.0,71
201800032852,18,8,30,1245,1,2,9,8.0,6.0,71076,M,4678601.0,485340.0,71
201800032853,18,9,9,1930,1,2,1,1.0,6.0,71081,M,4881629.0,483120.0,71
201800032854,18,9,13,1845,1,2,1,1.0,3.0,71076,M,4679693.0,486843.0,71
201800032855,18,9,14,450,5,2,9,1.0,3.0,71076,M,4679878.0,484736.0,71
201800032856,18,9,25,1810,1,2,1,1.0,1.0,71076,M,4679814.0,484935.0,71
201800032857,18,9,26,1945,5,2,1,1.0,3.0,71076,M,4678937.0,486118.0,71
201800032858,18,10,8,2026,5,2,1,1.0,3.0,71076,M,4679260.0,484943.0,71
201800032859,18,11,24,1220,1,2,1,1.0,3.0,71076,M,4677236.0,486202.0,71
201800032860,18,11,24,140,5,2,1,2.0,6.0,71076,M,4677684.0,484479.0,71
201800032861,18,12,12,535,5,2,1,2.0,7.0,71076,M,4679646.0,483928.0,71
201800032862,18,12,21,1952,3,1,1,1.0,6.0,71445,M,4678521.0,487523.0,71
201800032863,18,12,24,1355,1,2,1,1.0,1.0,71445,M,4676955.0,489373.0,71
201800032864,18,1,22,915,1,2,6,2.0,6.0,71153,M,4679505.0,443233.0,71
201800032865,18,5,17,1155,1,2,3,1.0,3.0,71153,M,4679901.0,443228.0,71
201800032866,18,5,29,1525,1,2,2,1.0,6.0,71153,M,4680579.0,443385.0,71
201800032867,18,6,3,1215,1,2,2,1.0,6.0,71153,M,4680853.0,444511.0,71
201800032868,18,6,4,1740,1,2,3,1.0,3.0,71309,M,4678974.0,440240.0,71
201800032869,18,6,25,1815,1,1,1,7.0,5.0,71540,M,4677676.0,442141.0,71
201800032870,18,6,4,1330,1,2,2,1.0,3.0,71540,M,4678409.0,443301.0,71
201800032871,18,6,26,750,1,1,1,1.0,7.0,71540,M,4675851.0,446461.0,71