Num_Acc,an,mois,jour,hrmn,lum,agg,int,atm,col,com,gps,lat,long,dep
201800032872,18,6,6,2045,1,2,1,8.0,7.0,71153,M,4681784.0,445544.0,71
201800032873,18,6,28,1315,1,2,9,1.0,2.0,71153,M,4680512.0,443411.0,71
201800032874,18,7,4,1725,1,2,1,1.0,7.0,71153,M,4679780.0,445471.0,71
201800032875,18,7,10,2335,5,2,1,1.0,2.0,71153,M,4680669.0,442823.0,71
201800032876,18,7,18,1900,1,2,9,1.0,6.0,71540,M,4678621.0,442800.0,71
201800032877,18,7,21,1015,1,1,1,1.0,7.0,71309,M,4678424.0,440765.0,71
201800032878,18,7,25,903,1,2,1,1.0,3.0,71153,M,4680553.0,445878.0,71
201800032879,18,8,22,1515,1,2,2,1.0,6.0,71153,M,4678686.0,443619.0,71
201800032880,18,8,26,635,1,2,1,1.0,6.0,71153,M,4581388.0,444877.0,71
201800032881,18,8,30,1805,1,1,1,1.0,2.0,71540,M,4677557.0,444602.0,71
201800032882,18,9,1,1455,1,1,3,1.0,3.0,71540,M,4675922.0,446466.0,71
201800032883,18,9,1,1825,1,2,2,1.0,3.0,71153,M,4680513.0,445738.0,71
201800032884,18,9,5,730,1,1,1,1.0,2.0,71540,M,4676756.0,445193.0,71
201800032885,18,9,5,1430,1,1,1,1.0,1.0,71540,M,4676858.0,445285.0,71
201800032886,18,9,8,1607,1,2,1,1.0,1.0,71153,M,4678765.0,442459.0,71
201800032887,18,9,23,1700,1,2,2,1.0,3.0,71153,M,4682457.0,443328.0,71
201800032888,18,9,21,1730,1,2,1,1.0,7.0,71153,M,4678624.0,443541.0,71
201800032889,18,9,26,815,1,2,1,1.0,2.0,71153,M,4679685.0,443310.0,71
201800032890,18,9,29,345,3,2,1,1.0,6.0,71059,M,4680148.0,446399.0,71
201800032891,18,10,10,1915,2,2,2,2.0,3.0,71153,M,4680508.0,445745.0,71
201800032892,18,10,16,1155,1,2,1,1.0,6.0,71153,M,4679801.0,443307.0,71
201800032893,18,10,28,1615,1,2,1,8.0,1.0,71153,M,4681001.0,443088.0,71
201800032894,18,11,2,845,1,2,1,8.0,6.0,71153,M,4681121.0,444791.0,71
201800032895,18,11,7,800,1,2,3,8.0,3.0,71540,M,4678446.0,443408.0,71
201800032896,18,11,7,1215,1,1,1,2.0,1.0,71309,M,4678282.0,439067.0,71
201800032897,18,11,9,1100,1,2,1,1.0,7.0,71153,M,4680531.0,445789.0,71
201800032898,18,11,14,1425,1,2,3,1.0,5.0,71153,M,4678684.0,443605.0,71
201800032899,18,11,15,845,1,2,1,5.0,7.0,71153,M,4681442.0,442927.0,71
201800032900,18,11,21,1755,3,1,1,1.0,3.0,71540,M,4676697.0,443883.0,71
201800032901,18,12,10,1910,3,2,1,2.0,6.0,71153,M,4681448.0,442993.0,71
201800032902,18,12,19,1130,1,2,9,1.0,1.0,71153,M,4679482.0,443543.0,71
201800032903,18,12,20,1715,5,2,1,8.0,6.0,71153,M,4680672.0,443294.0,71
201800032904,18,12,29,740,5,2,3,1.0,6.0,71153,M,4680714.0,441713.0,71
201800032905,18,2,5,710,3,1,1,1.0,6.0,35356,M,4824339.0,-176072.0,35
201800032906,18,6,6,1217,1,1,3,1.0,3.0,35128,M,4829028.0,-172250.0,35
201800032907,18,6,21,915,1,1,3,1.0,3.0,35120,M,4819080.0,-181075.0,35
201800032908,18,6,29,1345,1,1,1,1.0,2.0,35245,M,4824403.0,-188166.0,35
201800032909,18,8,10,100,3,1,1,8.0,6.0,35258,M,4830895.0,-183515.0,35
201800032910,18,8,22,1200,1,1,1,1.0,6.0,35180,M,4829648.0,-193618.0,35
201800032911,18,9,15,1800,1,1,1,1.0,7.0,35094,M,4832525.0,-168340.0,35
201800032912,18,11,16,205,3,1,1,5.0,1.0,35233,M,4835415.0,-177629.0,35
201800032913,18,1,19,1755,5,2,6,3.0,6.0,71270,M,4629887.0,482657.0,71
201800032914,18,2,6,640,3,2,1,2.0,2.0,71497,M,4633940.0,484691.0,71
201800032915,18,2,12,1410,1,2,2,8.0,6.0,71270,M,4630494.0,482823.0,71
201800032916,18,2,15,2255,5,2,2,1.0,3.0,71270,M,4630491.0,482820.0,71
201800032917,18,4,18,759,1,2,1,1.0,3.0,71270,M,4629363.0,482599.0,71
201800032918,18,5,22,1015,1,2,1,1.0,6.0,71270,M,4629085.0,481392.0,71
201800032919,18,5,25,155,3,1,1,1.0,3.0,71260,M,4629094.0,477291.0,71
201800032920,18,5,25,1945,1,2,2,1.0,3.0,71270,M,4631391.0,483597.0,71
201800032921,18,5,27,1230,1,2,6,1.0,7.0,71270,M,4628704.0,480933.0,71
201800032922,18,6,5,1130,1,2,1,1.0,3.0,71497,M,4633634.0,482713.0,71
201800032923,18,6,14,825,1,2,1,1.0,3.0,71270,M,4632646.0,482436.0,71
201800032924,18,6,17,1515,1,2,1,1.0,6.0,71270,M,4631566.0,483942.0,71
201800032925,18,7,1,1410,1,2,1,1.0,3.0,71270,M,4632497.0,480822.0,71
201800032926,18,7,11,1727,1,2,1,1.0,7.0,71270,M,4630149.0,481905.0,71
201800032927,18,7,13,1830,1,2,1,1.0,2.0,71270,M,4628575.0,480823.0,71
201800032928,18,7,20,2105,2,2,1,1.0,3.0,71270,M,4628461.0,480713.0,71
201800032929,18,7,22,1705,1,2,1,1.0,1.0,71270,M,4631838.0,482922.0,71
201800032930,18,7,29,1520,1,1,3,1.0,2.0,71511,M,4637220.0,483393.0,71
201800032931,18,8,2,1522,1,1,1,1.0,5.0,71270,M,4635149.0,484856.0,71
201800032932,18,8,3,1240,1,2,9,1.0,7.0,71270,M,4631588.0,483305.0,71
201800032933,18,8,2,1649,1,2,6,1.0,3.0,71270,M,4630928.0,483749.0,71
201800032934,18,8,14,920,1,2,1,1.0,6.0,71105,M,4630920.0,480437.0,71
201800032935,18,8,16,1815,1,2,1,1.0,2.0,71270,M,4629487.0,481779.0,71
201800032936,18,8,17,820,1,2,1,3.0,6.0,71270,M,4630950.0,483398.0,71
201800032937,18,8,25,2040,2,2,2,1.0,3.0,71270,M,4630757.0,483290.0,71
201800032938,18,8,28,1830,1,2,1,1.0,3.0,71270,M,4628756.0,481015.0,71
201800032939,18,9,13,715,1,1,4,1.0,3.0,71105,M,4629866.0,477181.0,71
201800032940,18,9,19,1135,1,1,3,1.0,7.0,71270,M,4627937.0,481112.0,71
201800032941,18,9,22,1800,1,2,1,1.0,6.0,71270,M,4330162.0,481724.0,71
201800032942,18,9,23,210,5,2,1,1.0,3.0,71270,M,4630278.0,483280.0,71
201800032943,18,9,27,1737,1,2,1,1.0,2.0,71270,M,4630000.0,482388.0,71
201800032944,18,9,27,1745,1,2,1,1.0,2.0,71270,M,4628855.0,481125.0,71
201800032945,18,10,1,905,1,2,1,1.0,2.0,71270,M,4632662.0,484178.0,71
201800032946,18,10,3,1210,1,2,1,1.0,3.0,71270,M,4631541.0,482394.0,71
201800032947,18,10,6,1620,1,2,2,1.0,6.0,71270,M,4630530.0,483590.0,71
201800032948,18,10,13,1110,1,2,1,1.0,6.0,71105,M,4630751.0,481726.0,71
201800032949,18,10,14,1140,1,2,6,1.0,3.0,71497,M,4633079.0,482878.0,71
201800032950,18,10,15,1340,1,1,9,1.0,3.0,71260,M,4627807.0,477667.0,71
201800032951,18,11,18,1740,5,1,1,1.0,1.0,71260,M,4628388.0,477941.0,71
201800032952,18,11,20,1745,3,2,1,2.0,1.0,71105,M,4629000.0,479032.0,71
201800032953,18,12,3,1750,5,2,1,2.0,7.0,71105,M,4631010.0,479365.0,71
201800032954,18,12,9,55,5,2,1,1.0,2.0,71270,M,4630032.0,482413.0,71
201800032955,18,5,2,839,1,1,1,1.0,2.0,47100,M,4426680.0,68014.0,47
201800032956,18,5,6,1145,1,1,1,1.0,2.0,47092,M,4411890.0,70409.0,47
201800032957,18,6,15,650,2,1,1,1.0,6.0,47060,M,4411470.0,73973.0,47
201800032958,18,7,23,140,3,1,1,1.0,6.0,47300,M,4421280.0,48738.0,47
201800032959,18,8,30,1615,1,1,1,1.0,1.0,47015,M,4403600.0,67108.0,47
201800032960,18,9,25,330,3,2,1,1.0,6.0,47246,M,4422660.0,51171.0,47
201800032961,18,10,5,1820,1,1,3,1.0,3.0,47209,M,4422349.0,66670.0,47
201800032962,18,12,6,855,1,1,1,8.0,5.0,47209,M,4425597.0,66224.0,47
201800032963,18,12,12,1815,3,1,1,8.0,1.0,47015,M,4407298.0,64439.0,47
201800032964,18,12,22,1930,3,1,1,8.0,3.0,47060,M,4411651.0,72779.0,47
201800032965,18,1,11,1955,3,1,1,8.0,1.0,47057,M,4465560.0,58781.0,47
201800032966,18,1,22,1450,1,1,1,2.0,6.0,47084,M,4464790.0,58176.0,47
201800032967,18,4,1,500,3,1,1,8.0,6.0,47146,M,4443110.0,66516.0,47
201800032968,18,5,1,436,3,1,1,1.0,6.0,47044,M,4466650.0,57805.0,47
201800032969,18,5,13,840,3,1,1,1.0,6.0,47192,M,4457160.0,54078.0,47
201800032970,18,6,14,1745,1,1,1,1.0,6.0,47037,M,4462960.0,69891.0,47
201800032971,18,7,9,50,3,1,1,1.0,6.0,47219,M,4466370.0,77064.0,47
201800032972,18,7,27,1850,1,1,1,1.0,3.0,47057,M,4464990.0,60231.0,47
201800032973,18,8,26,645,2,2,1,1.0,6.0,47057,M,4464930.0,59145.0,47
201800032974,18,10,15,1820,1,1,4,1.0,1.0,47037,M,4462763.0,70767.0,47
201800032975,18,11,3,1740,2,1,1,1.0,1.0,47198,M,4447279.0,65118.0,47
201800032976,18,11,29,1515,1,1,1,1.0,6.0,47284,M,4454835.0,89080.0,47
201800032977,18,12,9,1935,3,1,1,1.0,7.0,47175,M,4452773.0,73965.0,47
201800032978,18,4,21,800,1,2,1,1.0,6.0,71306,M,4667128.0,436169.0,71
201800032979,18,5,10,1820,1,2,1,1.0,3.0,71499,M,4666038.0,428981.0,71
201800032980,18,5,25,1855,1,2,1,1.0,3.0,71040,M,4669825.0,439138.0,71
201800032981,18,5,3,1120,1,2,1,1.0,3.0,71499,M,4667559.0,429033.0,71
201800032982,18,5,8,950,1,2,1,1.0,6.0,71306,M,4662249.0,436584.0,71
201800032983,18,5,8,1510,1,2,1,1.0,3.0,71486,M,4664000.0,437041.0,71
201800032984,18,5,25,1800,1,2,1,1.0,7.0,71306,M,4669380.0,435420.0,71
201800032985,18,5,19,1850,1,2,1,1.0,3.0,71306,M,4668374.0,437148.0,71
201800032986,18,5,7,2035,1,2,1,1.0,3.0,71306,M,4667764.0,437830.0,71
201800032987,18,5,22,1755,1,2,1,1.0,7.0,71486,M,4676000.0,432390.0,71
201800032988,18,6,19,1705,1,2,1,1.0,2.0,71040,M,4670256.0,441293.0,71
201800032989,18,6,19,2055,2,2,1,1.0,7.0,71499,M,4667555.0,429033.0,71
201800032990,18,6,24,1215,1,2,1,1.0,6.0,71486,M,4665140.0,432930.0,71
201800032991,18,6,4,1720,1,2,1,1.0,7.0,71306,M,4667355.0,436140.0,71
201800032992,18,6,5,1615,1,2,1,1.0,6.0,71306,M,4667358.0,437450.0,71
201800032993,18,6,17,2240,3,2,1,1.0,7.0,71486,M,4664802.0,432900.0,71
201800032994,18,7,7,1515,1,2,1,1.0,6.0,71306,M,4667429.0,436083.0,71
201800032995,18,7,7,1520,1,1,1,1.0,6.0,71040,M,4670182.0,441184.0,71
201800032996,18,7,10,950,1,2,1,1.0,3.0,71499,M,4666281.0,429147.0,71
201800032997,18,7,18,1815,1,2,1,1.0,3.0,71040,M,4666949.0,436401.0,71
201800032998,18,7,19,1240,1,2,1,1.0,3.0,71306,M,4668136.0,437068.0,71
201800032999,18,7,23,2105,5,2,1,1.0,7.0,71486,M,4665194.0,432913.0,71
201800033000,18,7,23,2225,5,2,3,1.0,7.0,71306,M,4669224.0,435072.0,71
201800033001,18,7,28,915,1,2,1,1.0,7.0,71486,M,4663090.0,433257.0,71
201800033002,18,8,1,1700,1,2,1,1.0,6.0,71306,M,4667550.0,436335.0,71
201800033003,18,8,8,1840,1,2,1,1.0,1.0,71306,M,4665609.0,434968.0,71
201800033004,18,8,9,1010,1,2,1,3.0,7.0,71486,M,4664428.0,437031.0,71
201800033005,18,8,10,825,1,2,1,1.0,6.0,71486,M,4664441.0,437020.0,71
201800033006,18,8,18,1050,1,1,1,1.0,7.0,71306,M,4669202.0,437677.0,71
201800033007,18,8,16,1545,1,2,1,1.0,3.0,71306,M,4667266.0,437866.0,71
201800033008,18,8,19,1925,2,2,1,1.0,3.0,71040,M,4667410.0,438621.0,71
201800033009,18,8,21,720,1,2,1,1.0,3.0,71306,M,4667148.0,437746.0,71
201800033010,18,8,21,1745,1,1,1,1.0,3.0,71486,M,4667501.0,436143.0,71
201800033011,18,8,19,1120,1,2,1,1.0,6.0,71306,M,4667960.0,437816.0,71
201800033012,18,8,24,905,3,1,1,1.0,7.0,71306,M,4668723.0,435963.0,71
201800033013,18,8,29,725,1,2,1,1.0,1.0,71499,M,4665909.0,427391.0,71
201800033014,18,8,30,1915,1,1,1,1.0,7.0,71040,M,4670073.0,441221.0,71
201800033015,18,8,31,2035,1,2,1,1.0,3.0,71306,M,4668626.0,434504.0,71
201800033016,18,9,4,1625,1,2,1,1.0,6.0,71306,M,4666690.0,437153.0,71
201800033017,18,9,7,1550,1,2,1,1.0,6.0,71306,M,4667122.0,436158.0,71
201800033018,18,9,12,2105,5,2,1,1.0,6.0,71306,M,4667121.0,438565.0,71
201800033019,18,9,25,1725,1,2,1,1.0,6.0,71040,M,4669077.0,439117.0,71
201800033020,18,9,25,2345,3,1,1,1.0,7.0,71040,M,4670908.0,441684.0,71
201800033021,18,9,26,1735,1,2,1,1.0,6.0,71486,M,4664378.0,436797.0,71
201800033022,18,9,28,905,1,2,3,1.0,3.0,71306,M,4667801.0,437676.0,71
201800033023,18,10,7,1640,1,2,1,2.0,3.0,71306,M,4668255.0,436225.0,71
201800033024,18,10,17,1810,1,2,3,1.0,3.0,71306,M,4666634.0,432487.0,71
201800033025,18,10,18,2050,5,2,1,1.0,1.0,71486,M,4664991.0,434892.0,71
201800033026,18,10,30,1525,1,2,6,1.0,3.0,71486,M,4665581.0,437356.0,71
201800033027,18,10,30,1200,1,1,1,1.0,7.0,71486,M,4517829.0,481520.0,71
201800033028,18,11,6,1618,1,2,1,2.0,2.0,71306,M,4667748.0,436548.0,71
201800033029,18,11,7,2105,3,1,9,2.0,6.0,71040,M,4669062.0,438077.0,71
201800033030,18,11,8,815,1,2,9,1.0,6.0,71486,M,4664382.0,437045.0,71
201800033031,18,11,8,1650,1,2,1,1.0,4.0,71306,M,4667629.0,437503.0,71
201800033032,18,11,15,1150,1,2,1,1.0,6.0,71306,M,4667688.0,436995.0,71
201800033033,18,11,23,1240,1,1,1,1.0,7.0,71306,M,4668333.0,434975.0,71
201800033034,18,11,22,850,1,2,2,1.0,3.0,71486,M,4664697.0,432144.0,71
201800033035,18,11,23,1625,1,2,1,1.0,6.0,71306,M,4667356.0,436114.0,71
201800033036,18,11,25,2100,3,1,1,2.0,7.0,71306,M,4669182.0,437736.0,71
201800033037,18,11,19,1000,1,2,1,1.0,3.0,71040,M,4668655.0,439054.0,71
201800033038,18,11,29,1740,5,2,1,1.0,6.0,71040,M,4669606.0,439140.0,71
201800033039,18,12,3,1250,1,2,1,1.0,3.0,71306,M,4668234.0,437245.0,71
201800033040,18,12,3,1455,1,2,1,1.0,2.0,71040,M,4668500.0,439026.0,71
201800033041,18,12,4,1740,3,1,1,1.0,5.0,71040,M,4670029.0,440107.0,71
201800033042,18,12,6,1735,5,2,1,1.0,3.0,71306,M,4666939.0,436399.0,71
201800033043,18,12,6,1745,5,2,1,2.0,3.0,71306,M,4666884.0,436070.0,71
201800033044,18,12,6,1745,3,2,1,2.0,7.0,71486,M,4664799.0,434784.0,71
201800033045,18,12,8,1740,2,2,1,1.0,7.0,71306,M,4668448.0,436058.0,71
201800033046,18,12,7,1340,1,2,1,1.0,7.0,71306,M,4666666.0,436666.0,71
201800033047,18,12,8,2020,5,2,1,1.0,3.0,71306,M,4665872.0,436146.0,71
201800033048,18,12,9,1110,2,2,1,2.0,2.0,71306,M,4669288.0,438303.0,71
201800033049,18,12,11,845,1,2,1,1.0,3.0,71486,M,4663333.0,431666.0,71
201800033050,18,12,11,1705,5,2,1,1.0,6.0,71306,M,4667796.0,436814.0,71
201800033051,18,12,15,1030,1,2,1,1.0,3.0,71306,M,4669039.0,435624.0,71
201800033052,18,12,15,1630,1,2,1,1.0,1.0,71306,M,4667950.0,436702.0,71
201800033053,18,12,17,1720,2,2,1,1.0,2.0,71306,M,4668189.0,436153.0,71
201800033054,18,12,18,1925,5,2,2,1.0,3.0,71306,M,4667621.0,436567.0,71
201800033055,18,12,19,1110,1,2,1,1.0,4.0,71306,M,4668259.0,436214.0,71
201800033056,18,12,19,1935,5,2,2,2.0,3.0,71306,M,4669196.0,435070.0,71
201800033057,18,12,21,950,1,2,1,1.0,6.0,71306,M,4669177.0,435227.0,71
201800033058,18,12,21,1700,2,2,1,1.0,6.0,71306,M,4666883.0,436638.0,71
201800033059,18,12,22,715,3,2,1,1.0,7.0,71486,M,4664556.0,438263.0,71
201800033060,18,12,22,1415,1,1,1,1.0,3.0,71306,M,4667704.0,436313.0,71
201800033061,18,12,25,820,1,2,1,1.0,6.0,71306,M,4666563.0,432485.0,71
201800033062,18,12,26,1600,1,2,1,1.0,7.0,71306,M,4666666.0,433333.0,71
201800033063,18,12,27,1515,1,2,3,1.0,3.0,71486,M,4664716.0,437029.0,71
201800033064,18,12,31,1720,1,1,1,1.0,1.0,12210,M,4420058.0,204510.0,12
201800033065,18,1,6,355,3,1,1,2.0,6.0,12300,M,4436741.0,199271.0,12
201800033066,18,1,27,1240,1,2,4,1.0,1.0,12301,M,4448100.0,240363.0,12
201800033067,18,2,25,1218,1,1,4,1.0,3.0,12259,M,4427980.0,205099.0,12
201800033068,18,4,20,1740,1,1,1,1.0,6.0,12301,M,4442063.0,202708.0,12
201800033069,18,4,24,2025,1,1,2,1.0,3.0,12263,M,4434468.0,195287.0,12
201800033070,18,5,27,1045,1,1,1,1.0,6.0,12167,M,4421313.0,195826.0,12
201800033071,18,6,1,1734,1,1,1,1.0,6.0,12136,M,4442267.0,214407.0,12
201800033072,18,6,9,230,5,2,1,1.0,3.0,12300,M,4435020.0,204049.0,12
201800033073,18,6,29,2100,2,2,1,1.0,6.0,12300,M,4437318.0,203756.0,12
201800033074,18,7,14,1850,1,1,1,1.0,1.0,12256,M,4445020.0,185481.0,12
201800033075,18,7,22,1745,1,1,1,1.0,6.0,12287,M,4432312.0,189797.0,12
201800033076,18,8,20,1330,1,1,1,1.0,7.0,12242,M,4439020.0,206269.0,12
201800033077,18,8,27,1800,1,1,1,1.0,2.0,12159,M,4433509.0,207315.0,12
201800033078,18,10,7,220,3,1,1,3.0,7.0,12287,M,4433158.0,192782.0,12
201800033079,18,10,16,1455,1,2,4,1.0,3.0,12300,M,4437327.0,201441.0,12
201800033080,18,11,6,1215,1,1,2,1.0,4.0,12263,M,4434781.0,196371.0,12
201800033081,18,12,11,940,1,2,1,1.0,6.0,12300,M,4436081.0,199623.0,12
201800033082,18,12,18,1610,1,1,1,1.0,7.0,12300,M,4436038.0,208293.0,12
201800033083,18,1,8,1700,1,2,3,1.0,3.0,72181,M,4796578.0,22332.0,72
201800033084,18,1,11,1245,1,2,1,1.0,2.0,72181,M,4700759.0,20395.0,72
201800033085,18,1,12,1550,1,2,1,1.0,3.0,72181,M,4799361.0,17542.0,72
201800033086,18,1,13,1048,1,2,1,1.0,2.0,72181,M,4800116.0,21077.0,72
201800033087,18,1,13,1203,1,2,1,1.0,6.0,72181,M,4800394.0,20133.0,72
201800033088,18,1,16,810,1,1,2,2.0,3.0,72181,M,4798435.0,18539.0,72
201800033089,18,1,18,850,1,2,2,2.0,3.0,72181,M,4799151.0,20561.0,72
201800033090,18,1,24,2000,5,2,1,2.0,6.0,72181,M,4799207.0,23490.0,72
201800033091,18,1,11,2045,5,2,2,1.0,2.0,72003,M,4797290.0,15403.0,72
201800033092,18,2,1,720,5,2,3,2.0,3.0,72181,M,4799388.0,21712.0,72
201800033093,18,2,2,1830,5,2,6,2.0,3.0,72181,M,4802558.0,18164.0,72
201800033094,18,2,10,1530,1,2,1,1.0,4.0,72181,M,4798203.0,20998.0,72
201800033095,18,2,11,1215,1,2,2,1.0,3.0,72181,M,4796754.0,20607.0,72
201800033096,18,2,14,2056,5,2,2,2.0,3.0,72181,M,4801499.0,18290.0,72
201800033097,18,2,19,2230,5,2,2,2.0,3.0,72181,M,4800947.0,19538.0,72
201800033098,18,2,20,1155,1,2,1,2.0,6.0,72181,M,4796755.0,21487.0,72
201800033099,18,2,21,2142,5,2,1,1.0,6.0,72181,M,4797435.0,20721.0,72
201800033100,18,2,23,1530,1,2,2,1.0,3.0,72181,M,4800640.0,19104.0,72
201800033101,18,2,27,1440,1,2,1,1.0,2.0,72003,M,4797360.0,15754.0,72
201800033102,18,3,1,900,1,2,1,1.0,6.0,72181,M,4801994.0,21497.0,72
201800033103,18,3,2,1815,1,2,6,1.0,3.0,72181,M,4798308.0,21085.0,72
201800033104,18,3,7,1830,2,2,1,2.0,6.0,72181,M,4798603.0,20904.0,72
201800033105,18,3,14,815,1,2,1,1.0,6.0,72181,M,4800286.0,17440.0,72
201800033106,18,3,23,1745,1,1,1,2.0,2.0,72181,M,4801605.0,14967.0,72
201800033107,18,3,28,725,5,2,2,2.0,3.0,72181,M,4800678.0,19733.0,72
201800033108,18,3,30,2120,5,2,1,2.0,6.0,72181,M,4799444.0,19176.0,72
201800033109,18,4,3,1418,1,2,2,2.0,6.0,72181,M,4800952.0,19564.0,72
201800033110,18,4,6,745,1,2,1,1.0,3.0,72181,M,4799549.0,19577.0,72
201800033111,18,4,10,815,1,1,1,1.0,2.0,72181,M,4799660.0,17245.0,72
201800033112,18,4,18,802,1,2,1,1.0,6.0,72181,M,4801155.0,18183.0,72
201800033113,18,4,19,843,1,2,1,1.0,6.0,72003,M,4798271.0,14580.0,72
201800033114,18,4,18,1330,1,2,6,1.0,3.0,72181,M,4797193.0,20519.0,72
201800033115,18,4,20,1005,1,2,9,1.0,3.0,72181,M,4799596.0,18668.0,72
201800033116,18,5,2,1945,1,1,3,1.0,3.0,72003,M,4795498.0,12623.0,72
201800033117,18,4,29,1330,1,2,1,1.0,6.0,72181,M,4799906.0,23581.0,72
201800033118,18,5,7,1950,1,2,2,1.0,3.0,72181,M,4800640.0,17996.0,72
201800033119,18,5,14,1815,1,2,3,1.0,3.0,72181,M,4799516.0,20188.0,72
201800033120,18,5,18,830,1,2,1,1.0,3.0,72181,M,4799181.0,17231.0,72
201800033121,18,5,18,1900,1,2,3,1.0,3.0,72181,M,4800437.0,20916.0,72
201800033122,18,5,26,1930,1,2,6,2.0,6.0,72181,M,4797606.0,21706.0,72
201800033123,18,5,26,1945,1,2,1,2.0,1.0,72181,M,4799076.0,22721.0,72
201800033124,18,5,27,230,5,2,1,1.0,5.0,72181,M,4797851.0,21379.0,72
201800033125,18,5,30,1600,1,2,1,1.0,6.0,72181,M,4799491.0,23391.0,72
201800033126,18,5,31,920,1,2,1,1.0,6.0,72181,M,4800224.0,19125.0,72
201800033127,18,6,2,2010,1,2,1,1.0,6.0,72181,M,4799558.0,20149.0,72
201800033128,18,6,5,1350,1,2,1,3.0,2.0,72181,M,4796286.0,17696.0,72
201800033129,18,6,16,1955,1,1,1,1.0,7.0,72003,M,4798098.0,12723.0,72
201800033130,18,6,15,1600,1,2,1,1.0,6.0,72181,M,4797630.0,20638.0,72
201800033131,18,6,18,2305,5,2,2,1.0,3.0,72181,M,4800154.0,18631.0,72
201800033132,18,6,21,2111,1,2,1,1.0,6.0,72181,M,4798285.0,21162.0,72
201800033133,18,6,22,50,5,2,1,1.0,6.0,72181,M,4800230.0,19125.0,72
201800033134,18,6,29,2125,1,2,1,1.0,2.0,72181,M,4799260.0,17341.0,72
201800033135,18,7,4,1205,1,2,6,1.0,3.0,72181,M,4799400.0,21612.0,72
201800033136,18,7,12,2342,3,2,6,1.0,1.0,72181,M,,,72
201800033137,18,7,17,2150,2,2,7,1.0,2.0,72181,M,4799552.0,20248.0,72
201800033138,18,7,8,600,1,2,1,1.0,6.0,72181,M,4799706.0,17984.0,72
201800033139,18,7,24,2330,5,2,1,1.0,3.0,72181,M,4800053.0,21162.0,72
201800033140,18,7,27,2350,5,2,2,1.0,3.0,72181,M,4999942.0,19959.0,72
201800033141,18,7,28,2110,1,2,1,1.0,3.0,72181,M,4801262.0,20629.0,72
201800033142,18,8,2,1746,1,2,1,1.0,6.0,72095,M,4802417.0,20273.0,72
201800033143,18,8,2,1900,1,2,1,1.0,7.0,72181,M,4801675.0,18529.0,72
201800033144,18,8,5,1115,1,2,1,1.0,6.0,72181,M,4799159.0,19216.0,72
201800033145,18,8,7,1030,1,2,1,1.0,6.0,72181,M,4801809.0,21986.0,72
201800033146,18,8,10,1540,1,2,6,1.0,3.0,72095,M,4802564.0,21135.0,72
201800033147,18,8,14,1125,1,2,1,1.0,6.0,72181,M,4798550.0,20933.0,72
201800033148,18,8,21,2010,1,2,6,1.0,3.0,72181,M,4800554.0,21776.0,72
201800033149,18,8,22,1420,1,2,1,1.0,2.0,72181,M,4801299.0,18903.0,72
201800033150,18,8,22,2350,5,2,1,1.0,7.0,72095,M,4802186.0,20168.0,72
201800033151,18,8,27,1015,1,2,1,2.0,6.0,72181,M,4798463.0,22317.0,72
201800033152,18,8,29,1715,1,1,1,1.0,5.0,72181,M,4801649.0,14603.0,72
201800033153,18,9,3,1215,1,2,1,1.0,4.0,72181,M,4797888.0,20495.0,72
201800033154,18,9,4,1220,1,2,1,1.0,1.0,72003,M,4795581.0,16579.0,72
201800033155,18,9,10,2135,5,2,1,1.0,3.0,72181,M,4798453.0,22280.0,72
201800033156,18,9,13,1140,1,2,2,2.0,6.0,72181,M,4797797.0,20775.0,72
201800033157,18,9,13,657,5,2,9,2.0,1.0,72181,M,4801683.0,17643.0,72
201800033158,18,9,15,1445,1,2,1,1.0,3.0,72181,M,4801760.0,18519.0,72
201800033159,18,9,17,1330,1,2,3,1.0,3.0,72181,M,4802866.0,17224.0,72
201800033160,18,9,18,1900,1,2,3,1.0,3.0,72181,M,4799600.0,19288.0,72
201800033161,18,9,21,1711,1,2,1,1.0,6.0,72181,M,4802221.0,21137.0,72
201800033162,18,9,22,1555,1,1,1,1.0,4.0,72181,M,4803287.0,17793.0,72
201800033163,18,9,24,1815,1,2,1,1.0,4.0,72181,M,4799860.0,23369.0,72
201800033164,18,9,28,1815,1,2,1,1.0,3.0,72181,M,4798816.0,20796.0,72
201800033165,18,9,28,2230,5,1,1,1.0,3.0,72181,M,4802143.0,16922.0,72
201800033166,18,9,28,2300,5,1,1,1.0,2.0,72181,M,4802110.0,16951.0,72
201800033167,18,10,1,1410,1,2,2,1.0,6.0,72181,M,4797788.0,23369.0,72
201800033168,18,10,1,2000,1,2,6,1.0,3.0,72181,M,4801759.0,21866.0,72
201800033169,18,10,4,1242,1,2,1,1.0,2.0,72181,M,4800949.0,19563.0,72
201800033170,18,10,4,1725,1,2,2,1.0,3.0,72181,M,4798159.0,20856.0,72
201800033171,18,10,10,1135,1,2,3,1.0,2.0,72181,M,4800108.0,18895.0,72
201800033172,18,10,12,1730,1,2,1,1.0,6.0,72181,M,4798244.0,22817.0,72
201800033173,18,10,13,2155,5,2,3,1.0,3.0,72181,M,4800112.0,21083.0,72
201800033174,18,10,14,1340,1,2,3,1.0,3.0,72181,M,4797160.0,21086.0,72
201800033175,18,10,15,1730,1,1,1,1.0,7.0,72003,M,4796410.0,12315.0,72
201800033176,18,10,15,1925,5,2,1,1.0,3.0,72181,M,4799874.0,21352.0,72