Num_Acc,an,mois,jour,hrmn,lum,agg,int,atm,col,com,gps,lat,long,dep
201800033177,18,10,18,1200,1,2,1,1.0,3.0,72181,M,4801150.0,22890.0,72
201800033178,18,10,19,1340,1,2,1,1.0,6.0,72181,M,4800945.0,19563.0,72
201800033179,18,10,21,330,5,2,1,1.0,6.0,72181,M,4801746.0,21863.0,72
201800033180,18,10,22,1440,1,2,1,1.0,3.0,72181,M,4798363.0,17697.0,72
201800033181,18,10,24,800,2,2,1,1.0,3.0,72181,M,4798236.0,17236.0,72
201800033182,18,10,27,1910,2,2,1,1.0,6.0,72181,M,4802498.0,17929.0,72
201800033183,18,11,3,1030,1,2,1,1.0,1.0,72181,M,4797944.0,21526.0,72
201800033184,18,11,3,420,5,2,1,1.0,6.0,72181,M,4800679.0,19157.0,72
201800033185,18,11,6,1820,5,2,2,8.0,3.0,72181,M,4799744.0,22317.0,72
201800033186,18,11,7,1730,5,2,3,2.0,2.0,72181,M,4801948.0,20634.0,72
201800033187,18,11,7,1800,5,2,1,2.0,6.0,72181,M,4799760.0,19785.0,72
201800033188,18,11,8,720,5,2,1,1.0,6.0,72181,M,4799245.0,21652.0,72
201800033189,18,11,8,1340,1,2,1,1.0,6.0,72003,M,4796557.0,16161.0,72
201800033190,18,11,8,1930,3,1,1,1.0,7.0,72003,M,4795993.0,12950.0,72
201800033191,18,11,9,2130,5,2,1,3.0,6.0,72181,M,4802006.0,16322.0,72
201800033192,18,11,10,1550,1,2,3,2.0,3.0,72181,M,4799469.0,17710.0,72
201800033193,18,11,13,1950,5,2,2,1.0,3.0,72181,M,4800874.0,18085.0,72
201800033194,18,11,14,835,1,2,1,1.0,6.0,72181,M,4801664.0,21928.0,72
201800033195,18,11,15,855,1,2,1,5.0,6.0,72181,M,4798663.0,22149.0,72
201800033196,18,11,16,755,2,2,3,5.0,3.0,72181,M,4799151.0,20572.0,72
201800033197,18,11,19,1700,1,2,3,1.0,3.0,72181,M,4801717.0,24269.0,72
201800033198,18,11,20,1010,1,1,1,2.0,2.0,72181,M,4802991.0,17964.0,72
201800033199,18,11,20,755,2,2,6,2.0,3.0,72095,M,4802426.0,20155.0,72
201800033200,18,11,20,1818,5,2,2,1.0,1.0,72181,M,4801080.0,19072.0,72
201800033201,18,11,22,2025,3,1,1,1.0,1.0,72003,M,4796664.0,13564.0,72
201800033202,18,11,23,1110,1,2,1,1.0,2.0,72181,M,4798158.0,21787.0,72
201800033203,18,11,24,1632,1,2,1,7.0,2.0,72181,M,4800885.0,20008.0,72
201800033204,18,11,26,1410,1,2,1,1.0,6.0,72181,M,4799294.0,20454.0,72
201800033205,18,11,28,1130,1,2,1,1.0,2.0,72181,M,4797009.0,20113.0,72
201800033206,18,11,29,1700,5,2,1,1.0,3.0,72181,M,4798260.0,22938.0,72
201800033207,18,11,30,1150,1,2,3,1.0,3.0,72181,M,4798157.0,20856.0,72
201800033208,18,12,1,745,5,2,1,9.0,2.0,72181,M,4796353.0,22086.0,72
201800033209,18,12,2,1230,1,1,1,1.0,2.0,72181,M,4795452.0,18005.0,72
201800033210,18,12,2,2040,5,2,2,1.0,3.0,72181,M,4799941.0,19961.0,72
201800033211,18,12,3,1830,5,2,1,2.0,6.0,72003,M,4996698.0,16055.0,72
201800033212,18,12,7,925,1,2,1,2.0,2.0,72181,M,4799731.0,21703.0,72
201800033213,18,12,9,1930,5,2,3,1.0,3.0,72181,M,4798981.0,19263.0,72
201800033214,18,12,10,855,1,2,6,1.0,3.0,72181,M,4800394.0,20245.0,72
201800033215,18,12,14,1455,1,2,1,1.0,6.0,72181,M,4799279.0,20449.0,72
201800033216,18,12,23,1800,5,1,1,3.0,5.0,72181,M,4799597.0,20726.0,72
201800033217,18,12,29,1525,1,2,1,1.0,6.0,72181,M,4798803.0,21992.0,72
201800033218,18,12,31,1920,5,2,2,1.0,3.0,72181,M,4802122.0,18350.0,72
201800033219,18,5,20,1010,1,1,1,2.0,1.0,83043,M,4323983.0,634946.0,83
201800033220,18,10,21,1700,1,1,1,1.0,7.0,83043,M,4324435.0,633541.0,83
201800033221,18,4,7,1747,1,1,1,1.0,6.0,11320,M,4282872.0,198747.0,11
201800033222,18,6,28,1145,1,1,1,1.0,6.0,11036,M,4284574.0,206904.0,11
201800033223,18,10,14,1100,1,1,9,3.0,3.0,12168,M,4402728.0,329707.0,12
201800033224,18,1,3,2015,3,1,1,2.0,6.0,37153,M,4748838.0,77312.0,37
201800033225,18,1,13,1650,1,1,1,7.0,6.0,37229,M,4758728.0,101955.0,37
201800033226,18,3,24,1530,1,2,3,1.0,3.0,37063,M,4758565.0,90338.0,37
201800033227,18,4,18,1850,1,1,9,1.0,5.0,37116,M,4768372.0,77603.0,37
201800033228,18,5,15,1555,1,1,1,1.0,6.0,37224,M,4759385.0,75975.0,37
201800033229,18,5,15,1630,1,1,1,1.0,3.0,37092,M,4752727.0,83149.0,37
201800033230,18,5,20,900,1,1,1,1.0,6.0,37175,M,4753742.0,73322.0,37
201800033231,18,6,2,1620,1,1,1,1.0,6.0,37095,M,4755518.0,104777.0,37
201800033232,18,7,15,900,1,1,1,1.0,6.0,37153,M,4749887.0,78670.0,37
201800033233,18,8,10,1900,1,1,1,1.0,6.0,37155,M,4763962.0,79976.0,37
201800033234,18,8,10,2030,2,2,4,1.0,6.0,37194,M,4747804.0,87505.0,37
201800033235,18,8,16,930,1,2,1,1.0,6.0,37063,M,4759193.0,91086.0,37
201800033236,18,9,15,1350,1,2,1,1.0,6.0,37175,M,4754988.0,74619.0,37
201800033237,18,10,6,2050,3,1,1,8.0,1.0,37153,M,4750536.0,79894.0,37
201800033238,18,10,26,1515,1,1,1,1.0,7.0,37175,M,4755394.0,74673.0,37
201800033239,18,10,29,1550,1,1,1,8.0,5.0,37092,M,4752688.0,83085.0,37
201800033240,18,12,14,1810,3,1,1,2.0,4.0,37153,M,4749947.0,78606.0,37
201800033241,18,12,21,1335,1,1,2,3.0,3.0,37276,M,4755809.0,87140.0,37
201800033242,18,12,26,1725,2,2,2,1.0,6.0,73008,M,4569635.0,590215.0,73
201800033243,18,1,20,1315,1,2,6,2.0,3.0,73008,M,4569660.0,590752.0,73
201800033244,18,12,7,1930,5,2,1,2.0,6.0,73008,M,4568781.0,591593.0,73
201800033245,18,1,24,950,1,2,1,1.0,3.0,73008,M,4568649.0,590989.0,73
201800033246,18,2,27,1545,1,2,1,1.0,6.0,73008,M,4569948.0,590844.0,73
201800033247,18,3,26,2040,5,2,4,2.0,3.0,73008,M,4569471.0,589753.0,73
201800033248,18,3,27,1735,2,2,6,2.0,3.0,73008,M,4568811.0,590973.0,73
201800033249,18,5,6,1555,1,2,3,1.0,3.0,73008,M,4570884.0,591190.0,73
201800033250,18,8,4,1736,1,2,1,1.0,3.0,73008,M,4568902.0,590399.0,73
201800033251,18,7,12,930,1,2,1,1.0,3.0,73008,M,4569457.0,590152.0,73
201800033252,18,1,26,1820,5,2,1,2.0,6.0,73011,M,4566769.0,637250.0,73
201800033253,18,3,25,1015,1,2,2,1.0,3.0,73011,M,4566390.0,636414.0,73
201800033254,18,3,23,1735,1,2,6,7.0,6.0,73011,M,4565839.0,637612.0,73
201800033255,18,4,26,1450,1,2,1,1.0,3.0,73011,M,4566711.0,641218.0,73
201800033256,18,6,21,836,1,2,3,1.0,3.0,73011,M,4566386.0,636415.0,73
201800033257,18,7,9,750,1,2,6,1.0,3.0,73011,M,4565986.0,636820.0,73
201800033258,18,7,15,1600,1,2,3,1.0,5.0,73011,M,4566714.0,638536.0,73
201800033259,18,7,26,915,1,2,2,1.0,3.0,73011,M,4566387.0,636414.0,73
201800033260,18,9,10,1110,1,2,5,9.0,1.0,73011,M,4566831.0,639466.0,73
201800033261,18,10,6,1312,1,1,1,8.0,2.0,73011,M,4566310.0,639630.0,73
201800033262,18,11,11,140,3,1,1,2.0,6.0,73011,M,4567833.0,639622.0,73
201800033263,18,12,21,1135,1,2,4,2.0,3.0,73011,M,4567711.0,639585.0,73
201800033264,18,12,12,1040,1,2,3,1.0,1.0,73222,M,4557933.0,595065.0,73
201800033265,18,12,24,230,5,2,6,1.0,7.0,73065,M,4558468.0,589280.0,73
201800033266,18,12,23,1755,5,2,3,1.0,3.0,73065,M,4557374.0,591730.0,73
201800033267,18,1,4,500,5,2,2,3.0,3.0,73065,M,4556806.0,591394.0,73
201800033268,18,1,14,1945,3,2,4,9.0,6.0,73065,M,4557896.0,590423.0,73
201800033269,18,1,6,1510,1,2,1,1.0,6.0,73031,M,4557373.0,594466.0,73
201800033270,18,1,16,1555,1,2,1,3.0,6.0,73065,M,4559376.0,590022.0,73
201800033271,18,1,17,850,1,2,6,8.0,6.0,73065,M,4558996.0,592040.0,73
201800033272,18,1,17,1910,5,2,1,1.0,3.0,73065,M,4559266.0,591408.0,73
201800033273,18,2,16,1830,5,2,6,1.0,6.0,73065,M,4559004.0,592038.0,73
201800033274,18,2,7,750,1,2,6,8.0,6.0,73031,M,4557362.0,594639.0,73
201800033275,18,2,8,815,1,2,4,8.0,1.0,73065,M,4556765.0,593787.0,73
201800033276,18,2,12,2215,4,1,1,1.0,2.0,73031,M,4559219.0,589689.0,73
201800033277,18,2,14,1910,5,2,3,1.0,3.0,73065,M,4559265.0,590222.0,73
201800033278,18,2,15,855,1,1,1,2.0,6.0,73031,M,4557752.0,593445.0,73
201800033279,18,2,17,1200,1,2,4,2.0,6.0,73065,M,4556675.0,591487.0,73
201800033280,18,3,3,220,3,2,1,4.0,6.0,73031,M,4557243.0,593573.0,73
201800033281,18,3,22,845,1,2,1,1.0,6.0,73087,M,4556149.0,589896.0,73
201800033282,18,3,23,2130,3,1,1,1.0,1.0,73222,M,4558202.0,597546.0,73
201800033283,18,3,23,2130,5,2,1,1.0,3.0,73065,M,4556486.0,592408.0,73
201800033284,18,3,24,1035,1,2,1,1.0,6.0,73065,M,4556893.0,591993.0,73
201800033285,18,3,27,1215,1,2,1,1.0,6.0,73087,M,4555797.0,589516.0,73
201800033286,18,3,30,1640,1,2,3,2.0,6.0,73065,M,4556923.0,591934.0,73
201800033287,18,4,4,1215,1,2,3,1.0,3.0,73029,M,4556382.0,594348.0,73
201800033288,18,3,31,1500,1,2,1,1.0,2.0,73031,M,4557492.0,593777.0,73
201800033289,18,4,9,1630,1,2,4,1.0,3.0,73065,M,4557685.0,591888.0,73
201800033290,18,4,12,910,1,1,1,1.0,6.0,73065,M,4559851.0,593094.0,73
201800033291,18,4,14,1205,1,2,2,1.0,3.0,73065,M,4556802.0,591385.0,73
201800033292,18,4,19,1925,1,2,1,1.0,3.0,73065,M,4560062.0,589257.0,73
201800033293,18,4,20,1720,1,2,6,1.0,3.0,73065,M,4557225.0,591022.0,73
201800033294,18,4,29,2135,5,2,1,3.0,6.0,73065,M,4556694.0,591837.0,73
201800033295,18,5,5,1945,2,2,1,1.0,1.0,73065,M,4558235.0,589149.0,73
201800033296,18,5,3,820,1,2,1,8.0,1.0,73065,M,4556755.0,593312.0,73
201800033297,18,5,11,1610,1,2,3,1.0,3.0,73087,M,4556502.0,589349.0,73
201800033298,18,4,23,1840,1,2,4,1.0,5.0,73065,M,4556925.0,592472.0,73
201800033299,18,5,30,1430,1,2,3,1.0,3.0,73029,M,4555109.0,594187.0,73
201800033300,18,6,9,430,5,2,1,1.0,6.0,73065,M,4556879.0,592160.0,73
201800033301,18,6,9,1330,1,2,1,1.0,6.0,73065,M,4556238.0,592684.0,73
201800033302,18,6,13,1030,1,2,1,2.0,6.0,73065,M,4556822.0,592155.0,73
201800033303,18,6,15,830,1,2,1,1.0,3.0,73065,M,4559705.0,589625.0,73
201800033304,18,6,22,1715,1,2,6,1.0,3.0,73065,M,4556046.0,590785.0,73
201800033305,18,6,23,1430,1,1,1,1.0,2.0,73065,M,4557282.0,593441.0,73
201800033306,18,6,25,930,1,2,3,1.0,2.0,73029,M,4556051.0,594230.0,73
201800033307,18,6,25,1935,1,1,1,1.0,3.0,73065,M,4556395.0,594774.0,73
201800033308,18,6,26,850,1,2,1,1.0,1.0,73222,M,4557603.0,597926.0,73
201800033309,18,6,27,1840,1,1,1,1.0,4.0,73065,M,4558741.0,590343.0,73
201800033310,18,6,28,2245,5,2,4,1.0,7.0,73065,M,4556775.0,593830.0,73
201800033311,18,6,28,1825,1,2,3,1.0,3.0,73029,M,4557004.0,594672.0,73
201800033312,18,7,4,1245,1,2,1,1.0,4.0,73065,M,4558389.0,590107.0,73
201800033313,18,7,4,1400,1,2,1,1.0,4.0,73031,M,4557748.0,593976.0,73
201800033314,18,7,7,2110,2,2,2,1.0,2.0,73065,M,4556292.0,590827.0,73
201800033315,18,7,10,1240,1,1,1,1.0,3.0,73065,M,4557693.0,592142.0,73
201800033316,18,7,11,1820,1,1,1,1.0,2.0,73065,M,4557887.0,591659.0,73
201800033317,18,7,16,855,1,2,1,1.0,6.0,73065,M,4556382.0,591702.0,73
201800033318,18,7,21,2200,5,1,1,1.0,6.0,73065,M,4557352.0,593292.0,73
201800033319,18,7,7,1250,1,2,1,1.0,6.0,73065,M,4556864.0,592701.0,73
201800033320,18,8,8,1920,1,1,1,1.0,6.0,73065,M,4557536.0,592868.0,73
201800033321,18,8,18,1820,1,2,4,1.0,1.0,73087,M,4557052.0,588879.0,73
201800033322,18,8,16,1230,1,2,3,1.0,3.0,73031,M,4558180.0,594606.0,73
201800033323,18,8,27,1255,1,2,3,1.0,1.0,73137,M,4555604.0,591266.0,73
201800033324,18,8,31,2125,5,2,4,1.0,6.0,73065,M,4557838.0,590432.0,73
201800033325,18,9,11,1150,1,2,1,1.0,6.0,73065,M,4556694.0,592138.0,73
201800033326,18,9,21,1225,1,2,3,1.0,6.0,73065,M,4556782.0,591910.0,73
201800033327,18,9,22,1850,1,2,1,1.0,6.0,73029,M,4556349.0,594558.0,73
201800033328,18,9,28,2100,5,2,4,1.0,2.0,73065,M,4557027.0,593634.0,73
201800033329,18,10,2,2150,5,2,4,1.0,3.0,73029,M,4556760.0,593778.0,73
201800033330,18,10,5,745,2,2,2,1.0,3.0,73065,M,4557507.0,593113.0,73
201800033331,18,10,5,910,1,2,2,1.0,3.0,73065,M,4556294.0,590819.0,73
201800033332,18,10,6,2340,5,2,2,1.0,3.0,73031,M,4557146.0,594092.0,73
201800033333,18,10,19,1805,1,2,4,1.0,6.0,73222,M,4557906.0,596764.0,73
201800033334,18,10,12,2245,5,2,4,1.0,3.0,73065,M,4556464.0,593280.0,73
201800033335,18,10,31,755,2,2,2,8.0,3.0,73031,M,4558170.0,593630.0,73
201800033336,18,10,31,1640,1,2,3,1.0,3.0,73222,M,4557388.0,594974.0,73
201800033337,18,11,1,1930,3,2,3,2.0,6.0,73222,M,4557103.0,594118.0,73
201800033338,18,10,27,425,5,2,1,3.0,6.0,73065,M,4556261.0,591049.0,73
201800033339,18,11,23,1510,1,2,1,2.0,6.0,73065,M,4557088.0,592077.0,73
201800033340,18,11,23,1520,1,1,6,2.0,3.0,73065,M,4559523.0,589344.0,73
201800033341,18,11,27,758,1,2,6,8.0,6.0,73065,M,4556388.0,593207.0,73
201800033342,18,11,24,300,5,2,3,2.0,6.0,73065,M,4557747.0,588748.0,73
201800033343,18,12,8,2330,5,2,3,8.0,6.0,73087,M,4557238.0,590422.0,73
201800033344,18,12,9,1550,1,2,1,3.0,1.0,73065,M,4558460.0,590846.0,73
201800033345,18,12,9,1900,3,2,1,9.0,6.0,73065,M,4558379.0,590114.0,73
201800033346,18,8,20,1520,1,1,3,1.0,1.0,37031,M,4727477.0,17707.0,37
201800033347,18,10,11,1355,1,1,1,1.0,7.0,37024,M,4733149.0,24201.0,37
201800033348,18,9,2,330,5,2,4,1.0,6.0,37196,M,4701070.0,31857.0,37
201800033349,18,10,30,1615,1,1,1,1.0,6.0,37012,M,4715872.0,43477.0,37
201800033350,18,11,8,1145,1,2,3,1.0,6.0,37196,M,4701223.0,32364.0,37
201800033351,18,12,7,1945,3,1,1,1.0,1.0,37051,M,4705188.0,32320.0,37
201800033352,18,1,3,1720,5,2,4,3.0,6.0,74010,M,4585476.0,611892.0,74
201800033353,18,1,14,745,2,2,6,1.0,6.0,74010,M,4591476.0,612952.0,74
201800033354,18,1,19,740,2,2,4,2.0,3.0,74010,M,4591945.0,612564.0,74
201800033355,18,1,21,1440,1,2,2,2.0,6.0,74093,M,4590695.0,611033.0,74
201800033356,18,2,2,745,1,2,4,1.0,7.0,74010,M,4589412.0,612994.0,74
201800033357,18,2,4,610,5,2,2,1.0,5.0,74010,M,4590916.0,611700.0,74
201800033358,18,2,7,1340,1,2,1,2.0,6.0,74010,M,4592511.0,612451.0,74
201800033359,18,2,7,1625,2,2,1,2.0,6.0,74010,M,4591662.0,613207.0,74
201800033360,18,2,8,1800,5,2,4,1.0,5.0,74010,M,4592433.0,612711.0,74
201800033361,18,2,11,1630,1,2,3,2.0,6.0,74010,M,4590410.0,613830.0,74
201800033362,18,3,13,1826,2,2,1,8.0,6.0,74010,M,4590215.0,612512.0,74
201800033363,18,3,31,2100,4,2,1,1.0,3.0,74093,M,,,74
201800033364,18,4,3,700,1,2,1,1.0,1.0,74010,M,4589073.0,614072.0,74
201800033365,18,4,9,1345,1,2,4,1.0,6.0,74093,M,4590664.0,609767.0,74
201800033366,18,4,10,1125,1,2,3,1.0,6.0,74010,M,4591168.0,612400.0,74
201800033367,18,1,16,2110,5,2,2,2.0,3.0,74010,M,4590916.0,611733.0,74
201800033368,18,4,10,1530,1,2,2,1.0,3.0,74010,M,4591160.0,612145.0,74
201800033369,18,4,16,1740,1,2,3,1.0,3.0,74010,M,4589835.0,611677.0,74
201800033370,18,4,18,1408,1,2,6,1.0,3.0,74010,M,4592134.0,613332.0,74
201800033371,18,4,26,1805,1,2,2,1.0,6.0,74010,M,4591200.0,611350.0,74
201800033372,18,5,5,2315,5,2,1,1.0,2.0,74010,M,4589460.0,613425.0,74
201800033373,18,5,6,1445,1,2,1,1.0,3.0,74010,M,4589477.0,612354.0,74
201800033374,18,5,14,1400,1,2,1,1.0,6.0,74093,M,4590635.0,610465.0,74
201800033375,18,5,18,1140,1,2,3,1.0,3.0,74010,M,4590930.0,614180.0,74
201800033376,18,5,20,1,5,2,1,1.0,7.0,74010,M,,,74
201800033377,18,5,22,1153,1,2,1,1.0,5.0,74010,M,4592183.0,612562.0,74
201800033378,18,5,24,1704,1,2,1,1.0,3.0,74010,M,4589688.0,613186.0,74
201800033379,18,5,29,1910,1,2,1,1.0,2.0,74093,M,,,74
201800033380,18,6,12,1311,1,2,1,1.0,2.0,74093,M,4589479.0,610118.0,74
201800033381,18,6,12,1953,1,2,1,2.0,6.0,74010,M,4590534.0,612393.0,74
201800033382,18,6,14,2315,5,2,6,1.0,3.0,74010,M,4590039.0,611733.0,74
201800033383,18,6,22,1820,1,2,3,1.0,3.0,74010,M,4590323.0,612782.0,74
201800033384,18,6,30,1530,1,2,9,1.0,3.0,74093,M,4589611.0,611127.0,74
201800033385,18,6,30,2105,1,2,3,1.0,2.0,74010,M,4689774.0,611460.0,74
201800033386,18,7,1,135,5,2,1,1.0,3.0,74093,M,,,74
201800033387,18,7,5,705,1,2,6,1.0,3.0,74010,M,4590594.0,612884.0,74
201800033388,18,7,19,2300,5,2,3,1.0,3.0,74093,M,4590430.0,610939.0,74
201800033389,18,7,24,1900,1,2,1,1.0,6.0,74010,M,4591145.0,613687.0,74
201800033390,18,7,26,1845,1,2,3,1.0,3.0,74010,M,4590432.0,612152.0,74
201800033391,18,7,27,845,1,2,6,1.0,3.0,74010,M,4590630.0,613120.0,74
201800033392,18,8,8,1510,1,2,9,1.0,6.0,74093,M,4589356.0,610120.0,74
201800033393,18,8,13,1315,1,2,1,1.0,3.0,74010,M,4589477.0,611502.0,74
201800033394,18,8,21,1105,1,2,9,7.0,6.0,74010,M,4590223.0,612539.0,74
201800033395,18,9,7,1010,1,2,1,1.0,2.0,74093,M,4589801.0,610358.0,74
201800033396,18,9,25,2115,5,2,1,1.0,3.0,74010,M,4591160.0,612150.0,74
201800033397,18,9,26,110,5,2,1,1.0,6.0,74010,M,4590410.0,612100.0,74
201800033398,18,9,27,1318,1,2,2,1.0,1.0,74010,M,4589510.0,611930.0,74
201800033399,18,9,30,100,5,2,2,1.0,3.0,74010,M,4590719.0,614070.0,74
201800033400,18,10,1,645,5,2,3,1.0,3.0,74010,M,4591940.0,612560.0,74
201800033401,18,11,21,1730,5,2,1,2.0,4.0,74010,M,4590692.0,611514.0,74
201800033402,18,12,5,1715,1,2,2,1.0,6.0,74010,M,4591345.0,613494.0,74
201800033403,18,12,11,1900,5,2,4,1.0,6.0,74093,M,4590392.0,609931.0,74
201800033404,18,12,12,1410,1,2,1,1.0,6.0,74010,M,4591082.0,612382.0,74
201800033405,18,12,14,820,1,2,1,1.0,6.0,74093,M,4589605.0,609729.0,74
201800033406,18,12,20,949,1,2,1,1.0,6.0,74010,M,4591040.0,613770.0,74
201800033407,18,1,3,730,2,2,1,6.0,5.0,74133,M,4618258.0,621386.0,74
201800033408,18,1,2,1535,1,2,3,1.0,6.0,74012,M,4618240.0,624330.0,74
201800033409,18,1,4,1910,3,2,6,2.0,6.0,74012,M,4619651.0,626416.0,74
201800033410,18,1,8,1650,2,2,3,1.0,6.0,74012,M,4619193.0,623307.0,74
201800033411,18,1,6,625,3,2,6,9.0,7.0,74305,M,4620064.0,627524.0,74
201800033412,18,1,12,835,1,2,6,1.0,3.0,74012,M,4619378.0,622838.0,74
201800033413,18,1,12,1115,1,2,1,1.0,3.0,74012,M,4619350.0,624247.0,74
201800033414,18,1,15,1721,2,2,1,1.0,2.0,74012,M,4620018.0,627466.0,74
201800033415,18,1,17,730,5,2,1,2.0,7.0,74012,M,4618812.0,623586.0,74
201800033416,18,1,19,635,5,2,3,8.0,3.0,74305,M,4620304.0,623673.0,74
201800033417,18,1,17,1850,5,2,1,1.0,6.0,74133,M,4618800.0,621010.0,74
201800033418,18,1,24,900,1,2,1,7.0,6.0,74012,M,4619348.0,624218.0,74
201800033419,18,1,24,825,1,2,1,1.0,6.0,74012,M,4618571.0,624629.0,74
201800033420,18,1,26,1503,1,2,4,2.0,3.0,74012,M,4619596.0,623464.0,74
201800033421,18,1,26,1530,1,2,4,2.0,3.0,74012,M,4619374.0,622845.0,74
201800033422,18,1,23,945,1,2,1,1.0,6.0,74305,M,4619765.0,624324.0,74
201800033423,18,1,30,1730,1,1,1,8.0,3.0,74118,M,4617179.0,621478.0,74
201800033424,18,1,31,2315,5,2,1,1.0,6.0,74012,M,4619687.0,626282.0,74
201800033425,18,1,22,1100,1,2,1,1.0,6.0,74008,M,4619707.0,623028.0,74
201800033426,18,2,2,1825,5,2,1,1.0,6.0,74298,M,4618535.0,625929.0,74
201800033427,18,2,5,900,1,2,4,4.0,3.0,74008,M,4619892.0,622626.0,74
201800033428,18,2,11,2105,5,2,1,1.0,6.0,74008,M,4619246.0,621691.0,74
201800033429,18,2,14,1725,1,2,6,1.0,4.0,74012,M,4619138.0,623131.0,74
201800033430,18,2,16,520,3,2,1,2.0,6.0,74012,M,4619305.0,622841.0,74
201800033431,18,1,12,1325,1,2,1,1.0,2.0,74012,M,4619710.0,623313.0,74
201800033432,18,2,17,1852,2,2,1,1.0,2.0,74012,M,4620003.0,627402.0,74
201800033433,18,2,16,1130,1,2,1,1.0,7.0,74012,M,4619662.0,624243.0,74
201800033434,18,2,24,2025,5,2,6,1.0,3.0,74012,M,4619277.0,622907.0,74
201800033435,18,2,26,1220,1,2,2,6.0,3.0,74012,M,4619809.0,626370.0,74
201800033436,18,3,8,640,2,2,3,1.0,6.0,74012,M,4618647.0,624782.0,74
201800033437,18,3,8,912,1,2,1,1.0,6.0,74012,M,4619347.0,623996.0,74
201800033438,18,3,6,829,1,1,3,2.0,3.0,74012,M,4617807.0,623732.0,74
201800033439,18,3,9,835,1,2,1,1.0,3.0,74012,M,4619183.0,622965.0,74
201800033440,18,3,10,525,5,2,1,2.0,6.0,74133,M,4618730.0,621895.0,74
201800033441,18,3,17,520,5,2,6,2.0,6.0,74012,M,4618639.0,622228.0,74
201800033442,18,3,18,1915,5,2,1,1.0,6.0,74012,M,4619580.0,625362.0,74
201800033443,18,3,17,2135,5,2,3,1.0,1.0,74118,M,4617530.0,622146.0,74
201800033444,18,3,20,815,1,2,1,1.0,3.0,74012,M,4617684.0,623988.0,74
201800033445,18,3,22,655,1,2,1,1.0,6.0,74012,M,4618781.0,623242.0,74
201800033446,18,3,23,50,5,2,1,1.0,1.0,74012,M,4618244.0,623428.0,74
201800033447,18,3,24,1245,1,2,1,7.0,5.0,74012,M,4618251.0,623357.0,74
201800033448,18,3,24,1315,1,2,4,1.0,6.0,74012,M,4619401.0,623313.0,74
201800033449,18,3,22,2000,5,2,1,1.0,6.0,74012,M,4619416.0,623377.0,74
201800033450,18,3,5,20,3,2,1,2.0,6.0,74298,M,4886272.0,228759.0,74
201800033451,18,3,27,1645,1,2,1,1.0,6.0,74012,M,4619561.0,623831.0,74
201800033452,18,3,28,1025,1,2,1,8.0,2.0,74012,M,4619663.0,626139.0,74
201800033453,18,3,19,1520,1,2,1,1.0,2.0,74012,M,4619640.0,626090.0,74
201800033454,18,3,29,1340,1,1,1,1.0,3.0,74118,M,4693471.0,610224.0,74
201800033455,18,3,30,1940,5,2,1,2.0,2.0,74012,M,4617887.0,623634.0,74
201800033456,18,4,1,1000,1,2,6,1.0,3.0,74298,M,4617919.0,624496.0,74
201800033457,18,3,31,2130,5,2,6,1.0,3.0,74012,M,4619147.0,623399.0,74
201800033458,18,4,6,2230,5,2,4,1.0,3.0,74118,M,4617524.0,622150.0,74
201800033459,18,4,5,1710,1,2,1,2.0,6.0,74012,M,4619090.0,624524.0,74
201800033460,18,4,8,1345,1,2,3,1.0,7.0,74012,M,4618542.0,624207.0,74
201800033461,18,4,12,930,1,2,1,1.0,6.0,74012,M,4619270.0,623061.0,74
201800033462,18,4,12,1302,1,2,2,1.0,5.0,74012,M,4619422.0,624522.0,74
201800033463,18,4,13,555,5,2,1,1.0,3.0,74008,M,4619961.0,622751.0,74
201800033464,18,4,16,1705,1,2,4,1.0,2.0,74118,M,4618468.0,623151.0,74
201800033465,18,4,19,830,1,2,1,7.0,6.0,74133,M,4618398.0,621876.0,74
201800033466,18,4,21,1425,1,2,1,1.0,2.0,74133,M,4618985.0,620874.0,74
201800033467,18,4,22,2306,5,2,1,1.0,6.0,74012,M,4619692.0,623323.0,74
201800033468,18,4,23,1825,1,2,1,1.0,2.0,74012,M,,,74
201800033469,18,4,27,659,1,2,1,1.0,3.0,74012,M,4619272.0,623024.0,74
201800033470,18,5,2,840,2,2,1,8.0,2.0,74012,M,4619209.0,624698.0,74
201800033471,18,5,2,1630,1,2,1,1.0,2.0,74012,M,4618900.0,623300.0,74
201800033472,18,5,3,2345,5,2,3,1.0,3.0,74012,M,4618233.0,624339.0,74
201800033473,18,5,5,2045,2,1,9,1.0,2.0,74118,M,4616931.0,620579.0,74
201800033474,18,5,5,1755,1,1,1,1.0,7.0,74012,M,4618169.0,623841.0,74
201800033475,18,5,8,1105,1,2,1,1.0,2.0,74012,M,4619105.0,623632.0,74
201800033476,18,5,9,1550,1,2,3,1.0,3.0,74133,M,4619306.0,621498.0,74
201800033477,18,5,16,820,1,2,1,1.0,1.0,74298,M,4617360.0,626930.0,74
201800033478,18,5,18,1310,1,2,1,1.0,3.0,74012,M,4618854.0,623311.0,74
201800033479,18,5,19,1020,1,1,1,1.0,1.0,74118,M,4617481.0,623674.0,74
201800033480,18,5,23,820,1,2,3,1.0,3.0,74133,M,4618556.0,622070.0,74
201800033481,18,5,23,1220,1,1,6,2.0,2.0,74298,M,4667700.0,624424.0,74
201800033482,18,5,26,1045,1,2,1,1.0,2.0,74305,M,4620235.0,627392.0,74