Num_Acc,an,mois,jour,hrmn,lum,agg,int,atm,col,com,gps,lat,long,dep
201800033483,18,5,29,2025,1,2,2,8.0,3.0,74012,M,4618622.0,623772.0,74
201800033484,18,6,2,2030,1,2,3,1.0,6.0,74012,M,4618910.0,624361.0,74
201800033485,18,6,4,1640,1,2,6,2.0,7.0,74298,M,4618006.0,624535.0,74
201800033486,18,6,8,650,1,2,1,1.0,3.0,74118,M,4617439.0,621979.0,74
201800033487,18,6,7,1730,1,2,1,1.0,4.0,74012,M,4618466.0,622832.0,74
201800033488,18,6,6,25,5,2,1,1.0,6.0,74012,M,4619200.0,624600.0,74
201800033489,18,6,11,1440,1,2,6,1.0,4.0,74012,M,4612610.0,624664.0,74
201800033490,18,6,16,1000,1,2,1,1.0,7.0,74012,M,4619730.0,624860.0,74
201800033491,18,6,14,745,1,2,1,1.0,6.0,74012,M,4619454.0,625032.0,74
201800033492,18,6,8,1020,1,2,1,1.0,6.0,74012,M,4619409.0,623832.0,74
201800033493,18,6,20,1450,1,2,1,1.0,6.0,74012,M,4618526.0,622623.0,74
201800033494,18,6,20,1640,1,1,1,1.0,2.0,74118,M,4616901.0,620507.0,74
201800033495,18,6,16,2202,2,2,1,1.0,7.0,74012,M,4619290.0,622745.0,74
201800033496,18,6,23,1135,1,2,3,1.0,1.0,74298,M,4617368.0,625881.0,74
201800033497,18,6,22,215,5,1,6,1.0,7.0,74133,M,4618000.0,622000.0,74
201800033498,18,6,28,1645,1,2,1,1.0,6.0,74012,M,4619803.0,623777.0,74
201800033499,18,7,2,900,1,2,2,1.0,6.0,74012,M,4619895.0,624509.0,74
201800033500,18,7,3,1455,1,2,1,1.0,6.0,74133,M,4618952.0,620956.0,74
201800033501,18,6,30,1530,1,2,1,1.0,7.0,74118,M,4617552.0,622220.0,74
201800033502,18,6,30,1110,1,2,1,1.0,7.0,74012,M,4818580.0,624990.0,74
201800033503,18,7,12,1805,1,2,1,1.0,4.0,74012,M,4618801.0,624843.0,74
201800033504,18,7,17,1215,1,2,1,1.0,2.0,74012,M,4618561.0,623644.0,74
201800033505,18,7,4,1047,1,2,1,1.0,6.0,74012,M,4619630.0,624191.0,74
201800033506,18,7,19,1730,1,2,1,1.0,2.0,74012,M,4618581.0,625089.0,74
201800033507,18,7,23,1830,1,2,3,1.0,3.0,74305,M,4619943.0,624517.0,74
201800033508,18,7,26,1735,1,2,3,1.0,3.0,74118,M,4817823.0,622596.0,74
201800033509,18,7,29,1710,1,2,3,1.0,3.0,74298,M,4617627.0,625100.0,74
201800033510,18,8,2,1815,1,2,1,1.0,3.0,74012,M,4619418.0,623843.0,74
201800033511,18,8,3,1510,1,2,1,1.0,6.0,74118,M,4618196.0,623145.0,74
201800033512,18,7,31,1050,1,2,6,1.0,7.0,74305,M,4620048.0,624970.0,74
201800033513,18,8,14,735,2,2,1,1.0,2.0,74012,M,4600000.0,600000.0,74
201800033514,18,8,16,1,5,2,2,1.0,6.0,74012,M,4618811.0,624380.0,74
201800033515,18,8,16,800,1,2,2,1.0,3.0,74012,M,4618537.0,622591.0,74
201800033516,18,8,16,1115,1,1,1,1.0,6.0,74118,M,4615716.0,617209.0,74
201800033517,18,8,15,940,1,2,1,1.0,3.0,74118,M,4600000.0,600000.0,74
201800033518,18,8,19,1050,1,2,6,1.0,3.0,74012,M,4619154.0,623389.0,74
201800033519,18,8,23,640,2,2,1,1.0,6.0,74012,M,4619414.0,625070.0,74
201800033520,18,8,28,1145,1,2,3,1.0,2.0,74305,M,4619945.0,624905.0,74
201800033521,18,8,29,800,1,2,1,1.0,3.0,74012,M,4618620.0,623802.0,74
201800033522,18,8,29,817,1,2,1,7.0,3.0,74012,M,4619128.0,624273.0,74
201800033523,18,8,30,1440,1,2,3,8.0,3.0,74118,M,4617977.0,622835.0,74
201800033524,18,8,31,2250,5,2,9,8.0,6.0,74012,M,4619070.0,623707.0,74
201800033525,18,9,1,1147,1,2,3,1.0,3.0,74012,M,4600000.0,600000.0,74
201800033526,18,9,4,730,2,2,3,1.0,1.0,74012,M,4619177.0,623775.0,74
201800033527,18,9,3,1635,1,2,1,1.0,6.0,74012,M,4619660.0,625460.0,74
201800033528,18,9,4,1821,1,2,1,1.0,2.0,74012,M,4600000.0,600000.0,74
201800033529,18,9,5,715,1,2,1,1.0,3.0,74012,M,4618258.0,624171.0,74
201800033530,18,9,5,1109,1,2,1,1.0,3.0,74012,M,4619245.0,624564.0,74
201800033531,18,9,8,10,5,2,1,1.0,5.0,74012,M,4618900.0,623300.0,74
201800033532,18,9,10,819,1,2,6,1.0,3.0,74298,M,4617711.0,624427.0,74
201800033533,18,9,10,935,1,2,1,1.0,2.0,74012,M,4618341.0,623173.0,74
201800033534,18,9,9,2055,5,2,5,1.0,7.0,74133,M,4618860.0,621562.0,74
201800033535,18,9,13,1700,1,2,1,1.0,3.0,74118,M,4617826.0,620457.0,74
201800033536,18,9,17,1700,1,2,1,1.0,6.0,74012,M,4619350.0,625098.0,74
201800033537,18,9,17,830,1,2,1,1.0,6.0,74133,M,4818263.0,620256.0,74
201800033538,18,9,18,1405,1,2,2,1.0,6.0,74008,M,4619965.0,622566.0,74
201800033539,18,9,20,1145,1,2,7,1.0,6.0,74012,M,4619320.0,624089.0,74
201800033540,18,9,21,1645,1,2,1,8.0,5.0,74118,M,4617238.0,621583.0,74
201800033541,18,9,15,2338,3,2,1,1.0,6.0,74133,M,4619100.0,620700.0,74
201800033542,18,9,22,1957,5,2,1,1.0,7.0,74133,M,4618850.0,621560.0,74
201800033543,18,9,24,1810,1,2,3,1.0,3.0,74012,M,4617780.0,623769.0,74
201800033544,18,9,26,1750,1,2,3,1.0,3.0,74012,M,4619105.0,624302.0,74
201800033545,18,9,28,710,1,2,6,1.0,6.0,74012,M,4619411.0,624009.0,74
201800033546,18,10,1,1655,1,2,1,2.0,6.0,74008,M,4620079.0,623037.0,74
201800033547,18,10,6,640,3,1,1,1.0,2.0,74118,M,4616811.0,620142.0,74
201800033548,18,10,8,1355,1,2,9,1.0,3.0,74012,M,4619565.0,624431.0,74
201800033549,18,10,9,625,5,2,1,1.0,3.0,74008,M,4619252.0,622447.0,74
201800033550,18,10,10,815,1,2,1,1.0,3.0,74298,M,4618017.0,627362.0,74
201800033551,18,10,10,1455,1,2,1,1.0,3.0,74012,M,4618280.0,624060.0,74
201800033552,18,10,11,1620,1,2,3,1.0,6.0,74012,M,4619142.0,624096.0,74
201800033553,18,10,12,1350,1,2,1,1.0,6.0,74012,M,4619371.0,624056.0,74
201800033554,18,10,12,1835,1,2,3,1.0,3.0,74012,M,4619068.0,623691.0,74
201800033555,18,10,15,535,3,2,1,1.0,6.0,74298,M,4616692.0,627031.0,74
201800033556,18,10,15,840,1,1,1,1.0,6.0,74118,M,4616874.0,620391.0,74
201800033557,18,10,16,933,1,2,3,1.0,6.0,74012,M,4619465.0,623242.0,74
201800033558,18,10,15,1737,1,2,3,1.0,2.0,74305,M,4619932.0,626398.0,74
201800033559,18,10,15,1842,2,2,1,1.0,3.0,74305,M,4600000.0,2000000.0,74
201800033560,18,10,19,1305,1,2,1,1.0,6.0,74012,M,4619780.0,623389.0,74
201800033561,18,10,19,701,5,2,1,1.0,3.0,74012,M,4600000.0,600000.0,74
201800033562,18,10,22,1615,1,2,3,1.0,6.0,74012,M,4400000.0,612000.0,74
201800033563,18,10,24,2110,3,2,9,1.0,3.0,74012,M,4619138.0,624194.0,74
201800033564,18,10,26,1215,1,2,1,1.0,3.0,74012,M,4619538.0,626117.0,74
201800033565,18,10,27,1915,3,2,1,2.0,4.0,74012,M,4619390.0,625692.0,74
201800033566,18,10,29,535,4,2,3,2.0,3.0,74012,M,4618453.0,622875.0,74
201800033567,18,10,27,1220,1,2,1,2.0,7.0,74012,M,4618821.0,624867.0,74
201800033568,18,10,29,1640,1,2,1,2.0,7.0,74133,M,4619189.0,620879.0,74
201800033569,18,10,30,1605,1,2,6,1.0,3.0,74133,M,4617985.0,621514.0,74
201800033570,18,10,30,1510,1,2,9,1.0,6.0,74012,M,4619118.0,625068.0,74
201800033571,18,10,30,1245,1,1,1,1.0,6.0,74298,M,4626955.0,626456.0,74
201800033572,18,11,1,1209,1,2,1,1.0,2.0,74012,M,4600000.0,600000.0,74
201800033573,18,11,6,1830,3,2,1,2.0,6.0,74012,M,4626955.0,622400.0,74
201800033574,18,11,8,710,5,2,3,2.0,3.0,74012,M,4619739.0,623847.0,74
201800033575,18,11,8,1105,1,2,1,1.0,6.0,74012,M,4619609.0,624197.0,74
201800033576,18,11,9,1800,2,2,1,1.0,2.0,74012,M,4618831.0,622330.0,74
201800033577,18,11,10,2016,5,2,1,2.0,1.0,74012,M,4618362.0,623088.0,74
201800033578,18,11,14,650,5,2,1,1.0,3.0,74012,M,4619812.0,623567.0,74
201800033579,18,11,14,730,2,2,3,8.0,3.0,74133,M,4618534.0,622592.0,74
201800033580,18,11,13,2230,3,1,1,8.0,7.0,74133,M,4617642.0,621340.0,74
201800033581,18,11,17,1150,1,2,1,1.0,3.0,74305,M,4619976.0,626411.0,74
201800033582,18,11,20,815,1,2,1,2.0,4.0,74008,M,4620051.0,622517.0,74
201800033583,18,11,24,1920,5,2,3,8.0,3.0,74305,M,4620305.0,627638.0,74
201800033584,18,11,27,1930,5,2,1,1.0,1.0,74012,M,,,74
201800033585,18,11,25,1710,5,2,3,2.0,7.0,74008,M,4619490.0,622767.0,74
201800033586,18,11,29,609,5,2,1,1.0,7.0,74012,M,4619166.0,622972.0,74
201800033587,18,11,28,1730,5,2,1,1.0,3.0,74305,M,4620238.0,627442.0,74
201800033588,18,11,29,2200,5,2,1,1.0,6.0,74012,M,4618300.0,624000.0,74
201800033589,18,12,2,1850,5,1,3,3.0,3.0,74118,M,4617525.0,622140.0,74
201800033590,18,12,4,1552,1,2,3,1.0,3.0,74012,M,4618442.0,622875.0,74
201800033591,18,12,5,810,2,2,3,1.0,6.0,74012,M,4618000.0,622000.0,74
201800033592,18,12,9,1910,5,2,6,2.0,3.0,74012,M,4619280.0,623168.0,74
201800033593,18,12,9,2125,4,2,1,2.0,2.0,74118,M,4618326.0,623076.0,74
201800033594,18,12,10,1500,1,2,1,2.0,7.0,74012,M,4618431.0,623765.0,74
201800033595,18,12,11,750,2,2,3,5.0,3.0,74012,M,4618432.0,624420.0,74
201800033596,18,11,20,955,1,2,1,1.0,7.0,74012,M,4618783.0,623302.0,74
201800033597,18,12,13,1024,1,2,6,1.0,6.0,74012,M,4619291.0,622853.0,74
201800033598,18,12,17,755,2,2,2,2.0,3.0,74133,M,4618861.0,621541.0,74
201800033599,18,12,18,755,1,2,1,1.0,6.0,74012,M,4619144.0,623919.0,74
201800033600,18,12,18,1710,3,1,3,9.0,2.0,74012,M,4617785.0,623766.0,74
201800033601,18,12,22,1730,5,2,1,1.0,6.0,74012,M,4618541.0,624201.0,74
201800033602,18,12,21,1837,5,2,1,3.0,6.0,74012,M,4618283.0,623063.0,74
201800033603,18,12,27,1550,1,2,3,1.0,3.0,74012,M,4618540.0,622585.0,74
201800033604,18,3,11,925,1,1,1,1.0,7.0,49063,M,4734912.0,-75794.0,49
201800033605,18,4,15,1630,1,2,2,1.0,3.0,49190,M,4735614.0,-107652.0,49
201800033606,18,8,19,1915,1,1,1,1.0,1.0,49082,M,4731825.0,-70009.0,49
201800033607,18,9,11,820,1,2,3,1.0,1.0,49244,M,4736065.0,-100666.0,49
201800033608,18,12,4,1830,3,1,1,1.0,5.0,49063,M,4734746.0,-72303.0,49
201800033609,18,12,16,1342,1,2,1,8.0,6.0,49244,M,4735729.0,-86070.0,49
201800033610,18,1,23,755,5,2,1,2.0,6.0,50565,M,4875209.0,-145786.0,50
201800033611,18,1,28,1545,1,2,9,2.0,3.0,50565,M,4875001.0,-146723.0,50
201800033612,18,2,12,1000,1,1,1,4.0,1.0,50027,M,4868744.0,-143702.0,50
201800033613,18,3,15,1900,1,2,3,2.0,6.0,50102,M,4875648.0,-156574.0,50
201800033614,18,5,11,1830,1,1,1,1.0,2.0,50565,M,4875630.0,-144588.0,50
201800033615,18,5,19,850,1,1,1,7.0,4.0,50199,M,4868743.0,-146072.0,50
201800033616,18,6,7,2245,3,1,1,1.0,7.0,50447,M,4880735.0,-152212.0,50
201800033617,18,6,19,50,4,1,1,1.0,6.0,50066,M,4876339.0,-153011.0,50
201800033618,18,6,26,1100,1,2,2,1.0,2.0,50281,M,4878805.0,-138041.0,50
201800033619,18,6,29,1750,1,1,3,1.0,6.0,50493,M,4883312.0,-146372.0,50
201800033620,18,8,14,1600,1,1,1,1.0,1.0,50541,M,4883716.0,-148147.0,50
201800033621,18,9,23,1830,1,2,3,1.0,1.0,50565,M,4875499.0,-145442.0,50
201800033622,18,11,25,615,3,1,1,3.0,6.0,50540,M,4878433.0,-150147.0,50
201800033623,18,2,3,1850,5,2,1,1.0,2.0,74119,M,4639883.0,657761.0,74
201800033624,18,2,1,1950,5,2,1,1.0,1.0,74281,M,4635660.0,647611.0,74
201800033625,18,2,6,540,5,2,3,1.0,1.0,74218,M,4638284.0,650854.0,74
201800033626,18,1,29,1412,1,2,3,1.0,3.0,74119,M,4639401.0,658049.0,74
201800033627,18,1,25,1835,5,2,2,1.0,3.0,74281,M,4637058.0,648490.0,74
201800033628,18,3,16,1835,2,2,2,1.0,3.0,74281,M,4637293.0,648246.0,74
201800033629,18,4,5,825,1,2,1,1.0,5.0,74281,M,4635034.0,646715.0,74
201800033630,18,4,18,1020,1,2,4,1.0,3.0,74281,M,4638661.0,650060.0,74
201800033631,18,4,19,945,1,2,3,1.0,3.0,74281,M,4637692.0,649104.0,74
201800033632,18,4,21,1915,2,2,3,1.0,6.0,74218,M,4638402.0,651325.0,74
201800033633,18,4,25,1740,1,2,1,1.0,3.0,74013,M,4634940.0,644015.0,74
201800033634,18,4,28,1125,1,1,1,1.0,5.0,74218,M,4638163.0,651047.0,74
201800033635,18,5,5,1115,1,2,1,1.0,4.0,74218,M,4639499.0,654176.0,74
201800033636,18,5,22,1725,1,2,2,1.0,6.0,74281,M,4637239.0,648332.0,74
201800033637,18,6,8,1630,1,2,1,1.0,3.0,74218,M,4639426.0,653471.0,74
201800033638,18,6,29,911,1,2,1,1.0,6.0,74119,M,4640201.0,659037.0,74
201800033639,18,6,30,1350,1,2,1,1.0,6.0,74281,M,4635396.0,646918.0,74
201800033640,18,7,16,40,5,1,1,1.0,1.0,74218,M,4639559.0,655551.0,74
201800033641,18,7,20,1225,1,2,3,1.0,5.0,74281,M,,,74
201800033642,18,7,21,2045,1,2,1,1.0,3.0,74281,M,4636000.0,649000.0,74
201800033643,18,7,28,1330,1,2,6,2.0,7.0,74281,M,4635270.0,645890.0,74
201800033644,18,8,2,1930,1,1,1,1.0,1.0,74119,M,4638509.0,660448.0,74
201800033645,18,8,14,1952,1,2,1,1.0,6.0,74119,M,4640146.0,659750.0,74
201800033646,18,9,14,2050,5,2,8,1.0,3.0,74281,M,4637057.0,648486.0,74
201800033647,18,10,6,1000,1,2,2,1.0,3.0,74218,M,4638000.0,654000.0,74
201800033648,18,10,13,1045,1,1,3,1.0,3.0,74119,M,4638000.0,658000.0,74
201800033649,18,10,12,1505,1,1,1,1.0,3.0,20121,M,4240077.0,869764.0,202
201800033650,18,8,27,1105,1,1,1,1.0,6.0,20291,M,4238059.0,937740.0,202
201800033651,18,8,14,1900,1,1,9,1.0,1.0,80238,M,4997576.0,262698.0,80
201800033652,18,9,1,1705,1,1,2,7.0,3.0,80547,M,4998898.0,260489.0,80
201800033653,18,9,16,2245,3,1,1,1.0,7.0,80659,M,5008191.0,242754.0,80
201800033654,18,10,17,1910,2,1,1,1.0,7.0,80003,M,5008293.0,254218.0,80
201800033655,18,11,7,2025,5,2,3,1.0,3.0,80016,M,5000157.0,264267.0,80
201800033656,18,11,13,1540,1,1,1,1.0,7.0,80425,M,5004404.0,255201.0,80
201800033657,18,12,18,907,1,2,9,1.0,4.0,20148,M,4254848.0,950238.0,202
201800033658,18,2,16,505,3,1,1,1.0,3.0,76576,M,4955442.0,43671.0,76
201800033659,18,4,18,1310,1,1,1,1.0,1.0,76114,M,4956472.0,46722.0,76
201800033660,18,5,4,1734,1,1,1,1.0,2.0,76384,M,4950490.0,53570.0,76
201800033661,18,7,8,1830,1,1,6,1.0,6.0,76476,M,4948167.0,57080.0,76
201800033662,18,10,6,1507,1,2,7,1.0,6.0,76114,M,4957900.0,47200.0,76
201800033663,18,11,14,1255,1,1,1,1.0,7.0,76114,M,4956643.0,48783.0,76
201800033664,18,11,22,745,3,1,1,1.0,3.0,76476,M,4948436.0,56840.0,76
201800033665,18,1,16,145,5,2,2,3.0,6.0,76217,M,4991494.0,107455.0,76
201800033666,18,1,11,1900,3,2,6,2.0,6.0,76217,M,4991205.0,107543.0,76
201800033667,18,1,19,2250,5,2,1,2.0,6.0,76217,M,4991078.0,107500.0,76
201800033668,18,1,21,1630,1,2,3,2.0,6.0,76217,M,4992305.0,110060.0,76
201800033669,18,1,28,1255,1,1,1,2.0,7.0,76414,M,4992015.0,112976.0,76
201800033670,18,4,6,1530,1,2,9,1.0,3.0,76545,M,4991620.0,109612.0,76
201800033671,18,2,15,800,2,2,9,9.0,6.0,76217,M,4991107.0,106862.0,76
201800033672,18,2,25,1730,1,2,1,1.0,6.0,76217,M,4992641.0,107359.0,76
201800033673,18,5,3,1501,1,2,2,1.0,3.0,76414,M,4992223.0,111672.0,76
201800033674,18,4,16,1120,1,2,7,1.0,3.0,76217,M,4990708.0,107779.0,76
201800033675,18,5,20,1555,1,2,1,1.0,4.0,76217,M,4991930.0,107380.0,76
201800033676,18,6,1,45,3,2,1,1.0,6.0,76217,M,4992673.0,107022.0,76
201800033677,18,6,8,1039,1,2,3,1.0,6.0,76217,M,4992646.0,108169.0,76
201800033678,18,9,7,50,5,2,1,2.0,1.0,76217,M,4992771.0,109171.0,76
201800033679,18,9,8,1544,1,2,1,1.0,3.0,76217,M,4990902.0,107729.0,76
201800033680,18,10,5,1820,1,2,1,1.0,1.0,76349,M,4989900.0,105000.0,76
201800033681,18,10,22,1320,1,2,1,1.0,4.0,76414,M,4990811.0,110950.0,76
201800033682,18,10,27,1900,5,2,1,2.0,6.0,76217,M,4992728.0,108665.0,76
201800033683,18,11,7,1715,1,1,1,1.0,1.0,76545,M,4990923.0,110013.0,76
201800033684,18,11,13,1830,5,2,3,1.0,3.0,76217,M,4992470.0,108069.0,76
201800033685,18,12,2,1610,1,2,1,8.0,3.0,76217,M,4993155.0,108137.0,76
201800033686,18,12,12,1640,1,1,1,1.0,1.0,76349,M,4990891.0,105747.0,76
201800033687,18,12,29,5,5,1,9,1.0,6.0,76414,M,4992216.0,111008.0,76
201800033688,18,1,30,1929,5,2,1,3.0,6.0,76600,M,4973981.0,36969.0,76
201800033689,18,4,3,630,5,2,1,1.0,3.0,76259,M,4974831.0,40892.0,76
201800033690,18,4,8,1525,1,2,5,5.0,3.0,76259,M,4975812.0,37077.0,76
201800033691,18,3,25,1225,1,2,6,1.0,3.0,76600,M,4974351.0,36227.0,76
201800033692,18,4,22,1128,1,2,6,1.0,3.0,76259,M,4974763.0,40306.0,76
201800033693,18,5,4,1230,1,2,2,1.0,3.0,76259,M,4975774.0,39249.0,76
201800033694,18,5,22,1540,1,2,2,1.0,3.0,76259,M,4975625.0,37939.0,76
201800033695,18,8,2,1615,1,1,1,1.0,3.0,76600,M,4972922.0,33644.0,76
201800033696,18,8,8,1935,1,2,2,1.0,3.0,76259,M,4975949.0,37170.0,76
201800033697,18,8,17,1900,1,1,1,1.0,3.0,76259,M,4974506.0,38955.0,76
201800033698,18,8,16,130,5,2,3,1.0,3.0,76259,M,4976079.0,36698.0,76
201800033699,18,9,11,130,5,2,6,1.0,1.0,76259,M,4976172.0,36370.0,76
201800033700,18,10,20,1612,1,2,3,1.0,3.0,76259,M,4974627.0,37061.0,76
201800033701,18,11,29,1400,1,2,1,2.0,4.0,76259,M,4974921.0,37146.0,76
201800033702,18,12,6,950,1,2,1,2.0,6.0,76259,M,4975960.0,37007.0,76
201800033703,18,1,4,1940,5,2,1,2.0,6.0,76351,M,4950399.0,12790.0,76
201800033704,18,1,1,330,5,2,1,3.0,7.0,76305,M,4951016.0,22995.0,76
201800033705,18,1,7,500,5,2,1,1.0,1.0,76552,M,4950194.0,89285.0,76
201800033706,18,1,5,145,5,2,2,1.0,7.0,76351,M,4949266.0,12427.0,76
201800033707,18,1,10,1518,1,2,3,1.0,2.0,76351,M,4950500.0,17170.0,76
201800033708,18,1,6,2335,5,2,1,1.0,6.0,76351,M,4950080.0,14219.0,76
201800033709,18,1,13,2045,3,1,1,1.0,2.0,76351,M,4952375.0,16768.0,76
201800033710,18,1,17,1530,1,2,2,2.0,3.0,76351,M,4951830.0,10574.0,76
201800033711,18,1,20,327,5,2,1,3.0,7.0,76351,M,4951975.0,8803.0,76
201800033712,18,1,20,30,5,2,1,2.0,6.0,76351,M,4949828.0,15028.0,76
201800033713,18,1,24,535,5,2,1,1.0,6.0,76351,M,4948980.0,10560.0,76
201800033714,18,1,29,830,1,2,3,1.0,1.0,76351,M,4950170.0,11452.0,76
201800033715,18,1,30,1750,2,2,1,2.0,6.0,76351,M,4949370.0,13596.0,76
201800033716,18,2,3,1835,3,1,1,2.0,1.0,76447,M,4953402.0,17910.0,76
201800033717,18,2,4,645,5,1,1,1.0,6.0,76447,M,4953743.0,17544.0,76
201800033718,18,2,5,2003,5,2,2,1.0,6.0,76351,M,4949950.0,12067.0,76
201800033719,18,2,7,2210,5,2,2,1.0,6.0,76351,M,4949357.0,9941.0,76
201800033720,18,2,9,2005,5,2,2,1.0,6.0,76351,M,4951329.0,16968.0,76
201800033721,18,2,11,515,5,2,1,1.0,3.0,76447,M,4953666.0,18658.0,76
201800033722,18,2,9,745,2,1,1,3.0,3.0,76305,M,4948570.0,22230.0,76
201800033723,18,2,15,805,2,2,3,1.0,6.0,76351,M,4949908.0,10096.0,76
201800033724,18,2,17,1736,1,2,1,1.0,6.0,76351,M,4949951.0,12953.0,76
201800033725,18,2,18,625,5,2,1,1.0,6.0,76351,M,4951053.0,12033.0,76
201800033726,18,2,18,1935,5,2,3,1.0,1.0,76351,M,4949064.0,12108.0,76
201800033727,18,2,12,1930,5,2,1,2.0,2.0,76351,M,4950286.0,18264.0,76
201800033728,18,1,9,1610,1,1,1,1.0,7.0,76341,M,4950861.0,19758.0,76
201800033729,18,2,23,1850,3,1,3,1.0,3.0,76481,M,4953625.0,9830.0,76
201800033730,18,2,24,1640,1,2,1,1.0,6.0,76351,M,4949031.0,10515.0,76
201800033731,18,3,1,1745,1,2,1,2.0,2.0,76351,M,4952769.0,11063.0,76
201800033732,18,1,28,300,5,2,1,1.0,6.0,76351,M,4951698.0,11911.0,76
201800033733,18,3,6,945,1,2,2,1.0,3.0,76351,M,4950771.0,17343.0,76
201800033734,18,3,6,1810,1,2,3,1.0,3.0,76351,M,4948953.0,15530.0,76
201800033735,18,2,17,1900,1,2,1,1.0,5.0,76351,M,4951668.0,15624.0,76
201800033736,18,3,9,1900,5,2,2,1.0,3.0,76351,M,4951271.0,11068.0,76
201800033737,18,3,10,1630,1,2,1,1.0,7.0,76351,M,4948438.0,13117.0,76
201800033738,18,2,15,725,5,2,2,1.0,6.0,76351,M,4949851.0,11801.0,76
201800033739,18,3,18,738,1,2,1,1.0,6.0,76351,M,4949147.0,16436.0,76
201800033740,18,3,14,1140,1,2,9,1.0,2.0,76447,M,4952783.0,18268.0,76
201800033741,18,3,21,1645,1,2,1,1.0,6.0,76270,M,4953462.0,14646.0,76
201800033742,18,3,20,1145,1,1,1,1.0,5.0,76270,M,4953130.0,13968.0,76
201800033743,18,3,22,845,1,2,1,1.0,6.0,76351,M,4949237.0,13666.0,76
201800033744,18,3,24,2232,5,1,1,1.0,6.0,76447,M,4952746.0,19121.0,76
201800033745,18,3,26,1530,1,2,2,1.0,3.0,76351,M,4948687.0,10258.0,76
201800033746,18,4,2,1,5,2,2,1.0,3.0,76351,M,4950064.0,14127.0,76
201800033747,18,3,31,1515,1,2,2,1.0,3.0,76351,M,4950237.0,16282.0,76
201800033748,18,3,27,1550,1,2,2,1.0,3.0,76351,M,4950862.0,15887.0,76
201800033749,18,3,31,1955,1,2,1,1.0,7.0,76447,M,4954698.0,19834.0,76
201800033750,18,4,2,1638,1,2,2,2.0,3.0,76351,M,4951980.0,11936.0,76
201800033751,18,4,8,25,5,2,2,2.0,3.0,76351,M,4950591.0,15897.0,76
201800033752,18,4,6,1205,1,2,2,1.0,6.0,76351,M,4950428.0,10386.0,76
201800033753,18,4,10,1840,1,2,1,1.0,7.0,76351,M,4951131.0,10748.0,76
201800033754,18,4,13,1520,1,1,1,1.0,2.0,76447,M,4952562.0,18372.0,76
201800033755,18,4,13,2310,5,2,6,1.0,5.0,76351,M,4952508.0,10542.0,76
201800033756,18,4,19,1000,1,1,1,1.0,6.0,76270,M,4953128.0,14158.0,76
201800033757,18,4,18,2020,1,2,9,1.0,3.0,76351,M,4952051.0,11155.0,76
201800033758,18,4,19,1422,1,1,6,1.0,2.0,76270,M,4955201.0,14599.0,76
201800033759,18,4,21,2030,1,2,2,1.0,3.0,76351,M,4950600.0,11501.0,76
201800033760,18,4,22,1340,1,2,2,1.0,3.0,76351,M,4949249.0,14847.0,76
201800033761,18,4,23,2145,3,1,1,1.0,6.0,76447,M,4953160.0,18589.0,76
201800033762,18,4,23,1745,1,2,3,1.0,4.0,76447,M,4953019.0,18125.0,76
201800033763,18,4,25,240,3,1,1,1.0,6.0,76447,M,4953573.0,19950.0,76
201800033764,18,4,24,930,1,2,3,1.0,4.0,76351,M,4948893.0,12095.0,76
201800033765,18,4,26,2000,1,2,1,1.0,3.0,76351,M,4950024.0,13542.0,76
201800033766,18,4,28,1815,1,2,1,1.0,2.0,76351,M,4950181.0,15542.0,76
201800033767,18,4,29,1800,1,1,4,1.0,5.0,76341,M,4952160.0,18680.0,76
201800033768,18,4,29,2159,5,2,3,2.0,3.0,76351,M,4948975.0,11118.0,76
201800033769,18,4,28,2330,5,2,3,1.0,3.0,76305,M,4951358.0,23592.0,76
201800033770,18,4,29,110,5,1,6,1.0,3.0,76481,M,4953120.0,10804.0,76
201800033771,18,4,28,1830,1,1,5,1.0,5.0,76341,M,4951653.0,19219.0,76
201800033772,18,5,3,2300,5,2,1,1.0,6.0,76351,M,4949229.0,10898.0,76
201800033773,18,5,6,1640,1,2,2,1.0,3.0,76341,M,4950765.0,18955.0,76
201800033774,18,5,17,820,1,2,3,1.0,6.0,76351,M,4949379.0,11288.0,76
201800033775,18,5,17,1846,1,2,1,1.0,7.0,76351,M,4950374.0,14709.0,76
201800033776,18,5,18,1700,1,2,1,1.0,6.0,76351,M,4949172.0,12576.0,76
201800033777,18,5,19,2150,1,2,1,1.0,1.0,76351,M,4949970.0,15047.0,76
201800033778,18,5,21,1530,1,2,1,1.0,7.0,76447,M,4954334.0,19856.0,76
201800033779,18,5,21,1040,1,2,1,1.0,4.0,76305,M,4951049.0,22972.0,76
201800033780,18,5,25,815,1,1,1,5.0,1.0,76305,M,4945751.0,21413.0,76
201800033781,18,5,29,1446,1,2,2,1.0,3.0,76351,M,4951430.0,10855.0,76
201800033782,18,5,30,355,5,2,1,2.0,6.0,76351,M,4950326.0,15612.0,76
201800033783,18,5,30,1445,1,2,3,1.0,6.0,76351,M,4950460.0,11679.0,76
201800033784,18,6,1,2250,3,1,1,1.0,2.0,76305,M,4945492.0,23014.0,76
201800033785,18,6,1,1315,1,2,1,1.0,6.0,76351,M,4950728.0,12586.0,76
201800033786,18,6,5,1210,1,2,1,2.0,3.0,76351,M,4949213.0,13255.0,76
201800033787,18,6,7,1820,1,2,1,1.0,3.0,76351,M,4952484.0,11108.0,76
201800033788,18,6,8,2330,5,2,1,1.0,2.0,76351,M,4950056.0,11173.0,76