Num_Acc,an,mois,jour,hrmn,lum,agg,int,atm,col,com,gps,lat,long,dep
201800033789,18,6,9,1520,1,2,2,1.0,6.0,76351,M,4949735.0,13122.0,76
201800033790,18,6,9,1945,1,2,2,1.0,3.0,76351,M,4952560.0,12275.0,76
201800033791,18,6,11,1201,1,2,2,1.0,6.0,76351,M,4949296.0,12162.0,76
201800033792,18,6,18,1815,1,2,2,1.0,5.0,76351,M,4949713.0,11187.0,76
201800033793,18,6,19,900,1,2,3,2.0,3.0,76351,M,4949551.0,14664.0,76
201800033794,18,6,19,1700,1,2,1,1.0,3.0,76351,M,4949947.0,19167.0,76
201800033795,18,6,19,1615,1,2,1,1.0,4.0,76351,M,4950036.0,13642.0,76
201800033796,18,6,21,1635,1,2,3,1.0,6.0,76552,M,4951172.0,8429.0,76
201800033797,18,6,24,1847,1,2,3,1.0,3.0,76351,M,4951647.0,16881.0,76
201800033798,18,6,24,515,2,2,1,1.0,6.0,76447,M,4952985.0,18146.0,76
201800033799,18,6,26,1720,1,1,1,1.0,7.0,76305,M,4950363.0,21329.0,76
201800033800,18,6,26,1700,1,2,1,1.0,3.0,76351,M,4951325.0,10447.0,76
201800033801,18,6,27,1430,1,2,1,1.0,3.0,76447,M,4954253.0,18101.0,76
201800033802,18,6,29,145,5,2,2,1.0,6.0,76351,M,4949107.0,10747.0,76
201800033803,18,6,29,1640,1,2,1,1.0,6.0,76351,M,4951189.0,16130.0,76
201800033804,18,6,30,2020,2,2,3,1.0,2.0,76351,M,4949519.0,10328.0,76
201800033805,18,6,30,1,5,2,1,1.0,6.0,76351,M,4949590.0,17931.0,76
201800033806,18,6,30,505,5,2,2,1.0,3.0,76351,M,4949301.0,12149.0,76
201800033807,18,6,30,1550,1,2,1,1.0,3.0,76351,M,4950083.0,14443.0,76
201800033808,18,7,3,1215,1,2,6,1.0,3.0,76351,M,4949152.0,13325.0,76
201800033809,18,7,3,1620,1,2,1,1.0,6.0,76552,M,4950248.0,8911.0,76
201800033810,18,7,5,220,5,2,1,2.0,1.0,76552,M,4950814.0,8391.0,76
201800033811,18,7,6,30,5,2,1,1.0,6.0,76351,M,4950342.0,13069.0,76
201800033812,18,7,6,825,1,2,3,1.0,3.0,76351,M,4949099.0,11120.0,76
201800033813,18,7,9,1640,1,2,6,1.0,3.0,76351,M,4949143.0,13252.0,76
201800033814,18,7,14,140,5,2,1,1.0,6.0,76447,M,4953634.0,17631.0,76
201800033815,18,7,16,150,5,2,1,1.0,3.0,76351,M,4950024.0,11106.0,76
201800033816,18,7,16,1120,1,2,1,1.0,6.0,76351,M,4948819.0,11761.0,76
201800033817,18,7,26,102,5,2,1,1.0,6.0,76447,M,4953888.0,17854.0,76
201800033818,18,7,27,430,5,2,6,1.0,6.0,76552,M,4950811.0,8388.0,76
201800033819,18,7,27,855,1,2,2,1.0,2.0,76351,M,4950963.0,12762.0,76
201800033820,18,7,29,630,2,1,2,1.0,3.0,76351,M,4948891.0,15003.0,76
201800033821,18,8,7,1410,1,2,2,1.0,3.0,76351,M,4949386.0,11836.0,76
201800033822,18,8,8,1140,1,2,2,1.0,6.0,76351,M,4948982.0,10765.0,76
201800033823,18,8,10,1600,1,1,1,1.0,7.0,76351,M,4948170.0,13958.0,76
201800033824,18,8,11,1835,1,1,1,1.0,7.0,76447,M,4953500.0,17993.0,76
201800033825,18,8,12,30,5,2,3,1.0,5.0,76447,M,4952985.0,18146.0,76
201800033826,18,8,16,910,1,2,1,1.0,6.0,76552,M,4950797.0,8499.0,76
201800033827,18,8,16,1445,1,2,3,1.0,2.0,76351,M,4950091.0,15785.0,76
201800033828,18,8,18,1625,1,1,1,1.0,6.0,76341,M,4950618.0,19225.0,76
201800033829,18,8,20,1930,1,2,2,1.0,3.0,76351,M,4952066.0,11759.0,76
201800033830,18,8,23,1240,1,2,6,1.0,7.0,76341,M,4951088.0,20020.0,76
201800033831,18,8,27,1315,1,2,3,1.0,1.0,76351,M,4950722.0,15464.0,76
201800033832,18,8,28,550,3,2,1,1.0,6.0,76351,M,4948670.0,15376.0,76
201800033833,18,8,27,1410,1,2,2,1.0,3.0,76351,M,4949897.0,14324.0,76
201800033834,18,9,1,300,5,2,2,1.0,3.0,76351,M,4949772.0,13749.0,76
201800033835,18,9,1,1430,1,1,1,1.0,2.0,76351,M,4950225.0,18719.0,76
201800033836,18,9,2,1458,1,2,2,1.0,6.0,76351,M,4949608.0,14650.0,76
201800033837,18,9,6,740,2,2,2,1.0,3.0,76351,M,4951259.0,15585.0,76
201800033838,18,9,8,2210,5,2,1,1.0,6.0,76351,M,4950328.0,12223.0,76
201800033839,18,9,11,1400,1,2,1,1.0,7.0,76305,M,4952309.0,22560.0,76
201800033840,18,9,12,2130,5,2,1,2.0,1.0,76351,M,4950210.0,18750.0,76
201800033841,18,9,12,825,1,2,6,1.0,3.0,76351,M,4952231.0,10873.0,76
201800033842,18,9,17,905,1,2,1,1.0,3.0,76351,M,4950102.0,12048.0,76
201800033843,18,9,17,1640,1,2,1,1.0,4.0,76351,M,4949984.0,10975.0,76
201800033844,18,9,21,1930,1,1,1,1.0,7.0,76270,M,4952758.0,15026.0,76
201800033845,18,9,22,2050,2,2,1,2.0,6.0,76351,M,4947924.0,10922.0,76
201800033846,18,9,23,1815,1,2,1,1.0,6.0,76447,M,4954570.0,19412.0,76
201800033847,18,9,22,30,5,2,1,1.0,2.0,76351,M,4950281.0,12037.0,76
201800033848,18,9,24,1735,1,2,1,1.0,6.0,76351,M,4949891.0,9071.0,76
201800033849,18,9,26,1715,1,2,1,1.0,2.0,76351,M,4949122.0,18143.0,76
201800033850,18,9,27,240,5,2,1,1.0,6.0,76351,M,4951800.0,12600.0,76
201800033851,18,10,3,858,2,2,3,1.0,3.0,76351,M,4949995.0,15924.0,76
201800033852,18,10,6,1420,1,2,1,1.0,6.0,76351,M,4948782.0,11169.0,76
201800033853,18,10,8,940,1,2,1,1.0,3.0,76351,M,4951240.0,14932.0,76
201800033854,18,10,8,1945,5,2,3,1.0,7.0,76305,M,4950759.0,23188.0,76
201800033855,18,10,9,1750,1,2,3,1.0,6.0,76351,M,4951321.0,12665.0,76
201800033856,18,10,9,1530,1,2,2,1.0,4.0,76351,M,4952138.0,16039.0,76
201800033857,18,10,12,1315,1,2,1,1.0,6.0,76351,M,4950944.0,16368.0,76
201800033858,18,10,11,1910,2,2,2,2.0,3.0,76351,M,4948620.0,14050.0,76
201800033859,18,10,12,2110,5,2,2,1.0,3.0,76351,M,4949663.0,13426.0,76
201800033860,18,10,13,115,5,2,2,1.0,3.0,76351,M,4949848.0,12859.0,76
201800033861,18,10,12,1420,1,2,3,1.0,3.0,76351,M,4950462.0,14192.0,76
201800033862,18,10,16,1820,1,2,6,1.0,6.0,76351,M,4949495.0,10536.0,76
201800033863,18,10,17,1845,1,2,3,1.0,3.0,76351,M,4950063.0,10863.0,76
201800033864,18,10,19,945,1,2,3,1.0,7.0,76351,M,4950705.0,13596.0,76
201800033865,18,10,19,1539,1,1,1,1.0,3.0,76305,M,4947769.0,26059.0,76
201800033866,18,10,19,1215,1,2,1,1.0,6.0,76351,M,4951896.0,11607.0,76
201800033867,18,10,25,920,1,2,3,1.0,3.0,76351,M,4952034.0,11103.0,76
201800033868,18,10,27,2120,5,2,2,3.0,3.0,76351,M,4950799.0,15893.0,76
201800033869,18,10,27,2330,5,2,1,3.0,1.0,76351,M,4949455.0,13973.0,76
201800033870,18,10,31,935,1,2,3,1.0,6.0,76351,M,4949533.0,10269.0,76
201800033871,18,10,31,2140,5,1,1,2.0,1.0,76305,M,4949750.0,20180.0,76
201800033872,18,11,3,2200,3,1,1,1.0,7.0,76447,M,4954180.0,16000.0,76
201800033873,18,11,3,1825,5,2,1,1.0,7.0,76351,M,4950627.0,14205.0,76
201800033874,18,11,5,855,1,2,3,1.0,6.0,76351,M,4949826.0,10763.0,76
201800033875,18,11,5,1645,1,2,1,1.0,6.0,76351,M,4948591.0,13974.0,76
201800033876,18,11,6,505,5,2,2,1.0,3.0,76351,M,4949359.0,9763.0,76
201800033877,18,11,6,1010,1,2,3,1.0,6.0,76351,M,4949644.0,10260.0,76
201800033878,18,11,6,1850,2,2,3,1.0,5.0,76351,M,4951411.0,10473.0,76
201800033879,18,11,9,1721,5,2,1,1.0,6.0,76351,M,4952157.0,11452.0,76
201800033880,18,11,9,1720,1,2,1,1.0,6.0,76351,M,4947851.0,15107.0,76
201800033881,18,11,14,740,2,2,3,1.0,6.0,76351,M,4950484.0,17392.0,76
201800033882,18,11,15,1020,1,2,9,1.0,6.0,76351,M,4951518.0,17223.0,76
201800033883,18,11,17,1320,1,1,6,1.0,6.0,76351,M,4953177.0,9541.0,76
201800033884,18,11,17,2130,5,2,2,1.0,3.0,76351,M,4951207.0,16946.0,76
201800033885,18,11,18,2103,5,2,6,1.0,6.0,76341,M,4950415.0,20212.0,76
201800033886,18,11,20,1825,5,2,3,2.0,6.0,76351,M,4951960.0,11009.0,76
201800033887,18,11,26,1630,1,2,2,1.0,7.0,76351,M,4949852.0,11795.0,76
201800033888,18,11,28,1215,1,2,2,2.0,6.0,76351,M,4949883.0,13731.0,76
201800033889,18,11,28,1548,1,2,1,1.0,6.0,76351,M,4950727.0,16924.0,76
201800033890,18,11,30,830,1,2,2,1.0,3.0,76351,M,4950857.0,15469.0,76
201800033891,18,12,4,950,1,2,3,1.0,6.0,76351,M,4951760.0,9613.0,76
201800033892,18,12,3,1705,2,2,2,2.0,2.0,76351,M,4949858.0,13123.0,76
201800033893,18,12,4,2030,5,2,3,1.0,3.0,76351,M,4950244.0,16802.0,76
201800033894,18,12,5,1810,5,2,1,2.0,6.0,76351,M,4949354.0,13896.0,76
201800033895,18,12,5,1550,1,2,3,1.0,6.0,76351,M,4949560.0,13144.0,76
201800033896,18,12,6,1840,5,2,1,2.0,3.0,76351,M,4950324.0,12225.0,76
201800033897,18,12,7,1100,1,2,1,2.0,6.0,76351,M,4949746.0,11320.0,76
201800033898,18,12,8,605,5,1,4,2.0,6.0,76351,M,4950134.0,18571.0,76
201800033899,18,12,9,1445,1,2,1,1.0,7.0,76341,M,4950524.0,20321.0,76
201800033900,18,12,10,755,2,1,1,1.0,6.0,76341,M,4951660.0,18860.0,76
201800033901,18,12,10,1900,5,2,5,1.0,6.0,76351,M,4950702.0,17495.0,76
201800033902,18,12,11,950,1,2,3,1.0,3.0,76351,M,4947820.0,14601.0,76
201800033903,18,12,11,1710,2,2,2,1.0,3.0,76296,M,4951928.0,26327.0,76
201800033904,18,12,12,1730,1,2,2,1.0,6.0,76351,M,4950604.0,14249.0,76
201800033905,18,12,12,1640,1,1,1,1.0,6.0,76341,M,4951271.0,21326.0,76
201800033906,18,12,13,1045,1,2,2,1.0,3.0,76351,M,4949987.0,13005.0,76
201800033907,18,12,13,1745,5,2,2,1.0,6.0,76351,M,4952406.0,12282.0,76
201800033908,18,12,16,518,5,2,2,2.0,7.0,76351,M,4950478.0,16870.0,76
201800033909,18,12,17,1200,1,2,2,1.0,3.0,76351,M,4951060.0,13750.0,76
201800033910,18,12,18,1215,1,1,1,1.0,1.0,76481,M,4954335.0,9495.0,76
201800033911,18,12,20,430,5,2,1,2.0,6.0,76351,M,4949805.0,9549.0,76
201800033912,18,12,23,925,1,2,3,1.0,6.0,76351,M,4952346.0,12576.0,76
201800033913,18,12,22,514,5,2,1,1.0,6.0,76351,M,4948645.0,14765.0,76
201800033914,18,12,27,1100,1,2,1,1.0,3.0,76351,M,4950231.0,18299.0,76
201800033915,18,1,6,1705,2,2,2,1.0,3.0,76429,M,4941669.0,114617.0,76
201800033916,18,1,8,1610,1,2,1,1.0,6.0,76231,M,4928424.0,100838.0,76
201800033917,18,9,20,1850,1,2,1,1.0,6.0,76575,M,4940046.0,106414.0,76
201800033918,18,1,12,1555,1,2,1,1.0,6.0,76575,M,4939674.0,106149.0,76
201800033919,18,1,17,820,2,2,1,1.0,6.0,76484,M,4936305.0,109879.0,76
201800033920,18,1,18,1130,1,2,1,1.0,3.0,76157,M,4945200.0,105588.0,76
201800033921,18,1,18,1710,2,1,1,1.0,7.0,76319,M,4936675.0,103976.0,76
201800033922,18,1,12,35,5,2,2,1.0,6.0,76681,M,4941670.0,109804.0,76
201800033923,18,1,18,800,5,2,1,1.0,6.0,76540,M,4942828.0,108095.0,76
201800033924,18,1,19,755,5,2,2,1.0,3.0,76540,M,4942788.0,109348.0,76
201800033925,18,11,30,730,5,1,1,1.0,3.0,76484,M,4935880.0,110955.0,76
201800033926,18,1,2,1910,5,2,1,2.0,6.0,76498,M,4942784.0,106733.0,76
201800033927,18,11,7,2345,3,2,6,1.0,6.0,76705,M,4931941.0,107447.0,76
201800033928,18,11,5,1600,1,2,1,1.0,3.0,76575,M,4937795.0,110784.0,76
201800033929,18,11,25,315,4,2,1,1.0,6.0,76575,M,4938762.0,110682.0,76
201800033930,18,1,18,1830,5,1,1,1.0,2.0,76540,M,4943293.0,110435.0,76
201800033931,18,1,26,819,2,2,6,1.0,1.0,76705,M,4932887.0,110008.0,76
201800033932,18,1,23,1526,1,1,1,1.0,1.0,76391,M,4933765.0,92047.0,76
201800033933,18,12,2,620,3,1,1,1.0,7.0,76497,M,4939865.0,103177.0,76
201800033934,18,2,4,1650,1,2,1,1.0,3.0,76540,M,4943544.0,112039.0,76
201800033935,18,12,13,1210,1,2,2,1.0,6.0,76131,M,4935159.0,93149.0,76
201800033936,18,1,31,1245,1,2,3,2.0,3.0,76681,M,4942048.0,108563.0,76
201800033937,18,1,30,2035,5,2,2,1.0,3.0,76540,M,4942724.0,108368.0,76
201800033938,18,2,1,55,5,2,1,1.0,7.0,76540,M,4943816.0,109152.0,76
201800033939,18,2,1,2120,5,2,2,1.0,3.0,76540,M,4944220.0,108383.0,76
201800033940,18,2,3,30,5,2,1,2.0,7.0,76157,M,4944298.0,102929.0,76
201800033941,18,2,2,305,5,1,1,2.0,7.0,76322,M,4941922.0,104938.0,76
201800033942,18,2,2,1210,1,1,3,1.0,6.0,76540,M,4944678.0,108983.0,76
201800033943,18,2,1,1849,5,2,3,9.0,6.0,76322,M,4940336.0,104145.0,76
201800033944,18,11,8,1525,1,2,1,1.0,6.0,76561,M,4931098.0,103169.0,76
201800033945,18,2,12,1150,1,2,2,1.0,6.0,76231,M,4928744.0,100821.0,76
201800033946,18,1,12,40,5,2,1,1.0,3.0,76540,M,4944161.0,108122.0,76
201800033947,18,2,21,1140,1,1,1,1.0,3.0,76540,M,4943724.0,111037.0,76
201800033948,18,2,23,2120,5,2,1,1.0,1.0,76165,M,4928622.0,102519.0,76
201800033949,18,3,5,1000,1,2,3,1.0,7.0,76165,M,4928125.0,102553.0,76
201800033950,18,2,13,1920,5,2,1,3.0,4.0,76540,M,4942624.0,110490.0,76
201800033951,18,3,6,1320,1,2,1,1.0,3.0,76540,M,4943405.0,108928.0,76
201800033952,18,3,12,1900,1,2,6,1.0,3.0,76322,M,4941619.0,105433.0,76
201800033953,18,2,18,2110,5,2,2,1.0,6.0,76540,M,4944419.0,108550.0,76
201800033954,18,2,20,1505,1,1,1,2.0,3.0,76157,M,4947391.0,102547.0,76
201800033955,18,3,16,1120,1,1,1,1.0,2.0,76681,M,4940272.0,111074.0,76
201800033956,18,3,27,1330,1,2,3,1.0,2.0,76540,M,4945467.0,113567.0,76
201800033957,18,3,28,815,2,2,2,2.0,6.0,76498,M,4941424.0,107157.0,76
201800033958,18,3,31,2345,5,2,2,2.0,3.0,76484,M,4935827.0,109670.0,76
201800033959,18,3,30,1825,1,2,1,1.0,2.0,76212,M,4943549.0,114559.0,76
201800033960,18,4,4,1940,1,2,1,2.0,4.0,76498,M,4942815.0,106860.0,76
201800033961,18,4,5,1350,1,2,2,1.0,3.0,76451,M,4947041.0,107006.0,76
201800033962,18,4,5,2300,5,2,2,1.0,3.0,76157,M,4946724.0,103858.0,76
201800033963,18,4,8,1925,1,1,2,1.0,2.0,76681,M,4942122.0,110676.0,76
201800033964,18,4,10,755,1,2,2,1.0,3.0,76540,M,4944709.0,109338.0,76
201800033965,18,4,11,1115,1,2,1,1.0,3.0,76540,M,4945067.0,105712.0,76
201800033966,18,4,11,1100,1,2,2,1.0,3.0,76095,M,4945328.0,111818.0,76
201800033967,18,4,13,1625,1,2,2,1.0,3.0,76212,M,4944019.0,114353.0,76
201800033968,18,4,13,1830,1,2,1,1.0,6.0,76216,M,4947465.0,105003.0,76
201800033969,18,4,17,820,1,2,1,1.0,2.0,76540,M,4943512.0,110534.0,76
201800033970,18,4,18,1130,1,2,2,1.0,3.0,76451,M,4947046.0,108287.0,76
201800033971,18,4,20,800,1,2,1,1.0,6.0,76540,M,4944018.0,110276.0,76
201800033972,18,4,20,2250,5,2,2,1.0,6.0,76575,M,4938101.0,110995.0,76
201800033973,18,4,21,622,5,1,1,1.0,1.0,76157,M,4944992.0,105917.0,76
201800033974,18,4,21,935,1,2,2,1.0,6.0,76540,M,4944063.0,110118.0,76
201800033975,18,4,20,1010,1,2,2,1.0,3.0,76540,M,4945193.0,106903.0,76
201800033976,18,4,25,1305,1,2,3,1.0,6.0,76540,M,4943313.0,109056.0,76
201800033977,18,4,29,2020,2,2,1,3.0,1.0,76540,M,4943982.0,107349.0,76
201800033978,18,4,30,1110,1,2,1,1.0,6.0,76540,M,4944064.0,109141.0,76
201800033979,18,5,2,1750,1,2,2,2.0,3.0,76165,M,4928214.0,102582.0,76
201800033980,18,5,2,1720,1,2,1,2.0,6.0,76410,M,4948201.0,104536.0,76
201800033981,18,5,6,2300,5,2,1,1.0,5.0,76410,M,4947339.0,103472.0,76
201800033982,18,5,7,1515,1,2,3,1.0,6.0,76498,M,4942698.0,106377.0,76
201800033983,18,5,7,1650,1,1,1,1.0,6.0,76599,M,4943328.0,115598.0,76
201800033984,18,5,19,2100,1,2,2,1.0,3.0,76540,M,4943908.0,108860.0,76
201800033985,18,5,18,1000,1,1,1,1.0,3.0,76681,M,4941660.0,110782.0,76
201800033986,18,5,20,1725,1,2,2,1.0,3.0,76540,M,4943256.0,108941.0,76
201800033987,18,5,22,1845,1,2,2,1.0,3.0,76540,M,4943456.0,107627.0,76
201800033988,18,4,30,2310,4,1,1,2.0,6.0,76178,M,4931302.0,105605.0,76
201800033989,18,5,23,1615,1,2,2,1.0,3.0,76498,M,4943006.0,106128.0,76
201800033990,18,5,7,1215,1,2,2,1.0,3.0,76322,M,4941864.0,103143.0,76
201800033991,18,5,27,445,5,2,1,1.0,2.0,76540,M,4943507.0,110568.0,76
201800033992,18,5,27,1301,1,2,1,1.0,6.0,76474,M,4948713.0,104869.0,76
201800033993,18,5,28,1230,1,2,1,1.0,6.0,76540,M,4944089.0,108989.0,76
201800033994,18,5,28,750,1,2,2,1.0,6.0,76540,M,4945170.0,106962.0,76
201800033995,18,5,30,1550,1,2,9,1.0,3.0,76540,M,4943056.0,107920.0,76
201800033996,18,6,2,2125,1,2,1,1.0,3.0,76540,M,4943491.0,107512.0,76
201800033997,18,6,5,1510,1,2,2,1.0,3.0,76540,M,4943447.0,110610.0,76
201800033998,18,6,6,510,2,2,2,1.0,3.0,76575,M,4938569.0,109949.0,76
201800033999,18,6,10,5,5,2,1,1.0,2.0,76540,M,4944935.0,113846.0,76
201800034000,18,6,9,300,4,1,1,1.0,2.0,76322,M,4940057.0,103214.0,76
201800034001,18,6,10,17,5,2,1,1.0,6.0,76540,M,4943378.0,107778.0,76
201800034002,18,6,12,1510,1,2,1,1.0,6.0,76216,M,4947462.0,104848.0,76
201800034003,18,6,13,1200,1,2,1,1.0,3.0,76216,M,4947126.0,104973.0,76
201800034004,18,6,9,535,2,1,6,1.0,3.0,76484,M,4934599.0,107723.0,76
201800034005,18,6,18,2200,2,2,1,1.0,1.0,76540,M,4944786.0,110226.0,76
201800034006,18,6,18,2125,1,2,1,1.0,7.0,76681,M,4941362.0,109828.0,76
201800034007,18,6,22,1055,1,2,1,1.0,6.0,76402,M,4952411.0,104122.0,76
201800034008,18,6,22,1750,1,2,2,1.0,6.0,76498,M,4942889.0,106247.0,76
201800034009,18,6,22,1900,1,2,1,1.0,3.0,76231,M,4928947.0,100272.0,76
201800034010,18,6,28,1740,1,1,1,1.0,4.0,76108,M,4947520.0,110711.0,76
201800034011,18,6,29,1700,1,2,1,1.0,2.0,76108,M,4948293.0,112370.0,76
201800034012,18,6,30,1340,1,2,1,1.0,2.0,76474,M,4948934.0,104925.0,76
201800034013,18,6,30,1600,1,1,6,1.0,3.0,76540,M,4943761.0,106707.0,76
201800034014,18,7,3,1500,1,1,1,1.0,2.0,76681,M,4941674.0,110779.0,76
201800034015,18,7,3,1715,1,2,1,1.0,6.0,76157,M,4944762.0,101800.0,76
201800034016,18,7,5,2345,5,2,2,1.0,3.0,76540,M,4944419.0,109472.0,76
201800034017,18,7,5,1705,1,2,3,1.0,3.0,76319,M,4936321.0,101296.0,76
201800034018,18,7,10,810,1,2,1,1.0,3.0,76540,M,4945160.0,109817.0,76
201800034019,18,7,10,1259,1,1,1,1.0,1.0,76157,M,4944255.0,103250.0,76
201800034020,18,7,10,2330,5,2,1,1.0,6.0,76231,M,4928719.0,100904.0,76
201800034021,18,7,11,823,1,2,1,1.0,6.0,76216,M,4947185.0,104626.0,76
201800034022,18,7,11,2106,1,2,1,1.0,2.0,76165,M,4928715.0,102292.0,76
201800034023,18,7,15,1710,1,1,2,1.0,3.0,76540,M,4944929.0,104777.0,76
201800034024,18,7,13,1110,1,1,1,1.0,3.0,76157,M,4945796.0,104736.0,76
201800034025,18,6,27,920,1,1,1,1.0,3.0,76540,M,4943356.0,104098.0,76
201800034026,18,7,18,720,1,1,1,1.0,3.0,76498,M,4943427.0,106709.0,76
201800034027,18,7,19,115,5,2,4,1.0,6.0,76216,M,4946469.0,105192.0,76
201800034028,18,7,22,1020,1,2,1,1.0,2.0,76231,M,4929207.0,102270.0,76
201800034029,18,7,24,530,3,1,1,1.0,6.0,76497,M,4941913.0,104908.0,76
201800034030,18,7,24,845,1,1,1,1.0,7.0,76216,M,4946731.0,103779.0,76
201800034031,18,7,26,413,3,1,1,1.0,5.0,76497,M,4938012.0,104817.0,76
201800034032,18,7,27,1115,1,2,1,1.0,6.0,76451,M,4946295.0,106921.0,76
201800034033,18,7,27,1600,1,2,1,1.0,3.0,76157,M,4945835.0,104438.0,76
201800034034,18,7,28,1535,1,2,1,1.0,3.0,76212,M,4943179.0,115046.0,76
201800034035,18,8,3,1855,1,2,1,1.0,6.0,76212,M,4944074.0,114656.0,76
201800034036,18,8,3,1855,1,2,3,1.0,6.0,76366,M,4950708.0,104002.0,76
201800034037,18,8,4,1145,1,2,2,1.0,2.0,76540,M,4945124.0,108795.0,76
201800034038,18,8,6,1015,1,2,1,1.0,6.0,76540,M,4944731.0,109523.0,76
201800034039,18,8,6,1555,1,2,1,1.0,7.0,76540,M,4945217.0,110239.0,76
201800034040,18,8,7,2344,5,2,1,1.0,6.0,76540,M,4943112.0,107877.0,76
201800034041,18,8,8,1620,1,2,2,1.0,3.0,76540,M,4945195.0,106906.0,76
201800034042,18,8,12,205,5,2,1,1.0,6.0,76540,M,4944312.0,111275.0,76
201800034043,18,8,12,1505,1,2,1,1.0,2.0,76540,M,4944984.0,105067.0,76
201800034044,18,8,16,1845,1,2,1,1.0,1.0,76212,M,4945334.0,118853.0,76
201800034045,18,8,18,1610,1,2,2,1.0,3.0,76540,M,4944335.0,107751.0,76
201800034046,18,8,19,615,5,2,1,1.0,2.0,76103,M,4942772.0,111193.0,76
201800034047,18,8,18,1330,1,2,1,1.0,3.0,76231,M,4928702.0,101277.0,76
201800034048,18,8,20,745,1,2,2,1.0,3.0,76540,M,4942388.0,106982.0,76
201800034049,18,8,20,1615,1,2,1,1.0,6.0,76498,M,4942676.0,106299.0,76
201800034050,18,8,20,1825,1,2,1,1.0,6.0,76681,M,4941342.0,109068.0,76
201800034051,18,8,31,1605,1,2,2,1.0,6.0,76231,M,4928850.0,100667.0,76
201800034052,18,8,31,1000,1,2,1,1.0,7.0,76540,M,4942860.0,110113.0,76
201800034053,18,8,31,1225,1,2,1,1.0,2.0,76540,M,4944294.0,107556.0,76
201800034054,18,8,31,1500,1,2,3,1.0,6.0,76231,M,4929278.0,100128.0,76
201800034055,18,9,5,1430,1,2,3,1.0,1.0,76212,M,4943961.0,113899.0,76
201800034056,18,9,5,2000,1,2,2,1.0,3.0,76410,M,4948241.0,104279.0,76
201800034057,18,9,7,750,1,2,1,1.0,3.0,76540,M,4943708.0,109768.0,76
201800034058,18,9,6,1802,1,2,1,1.0,2.0,76366,M,4950923.0,103370.0,76
201800034059,18,9,8,1915,2,2,4,1.0,3.0,76540,M,4943202.0,107510.0,76
201800034060,18,9,7,1125,1,2,6,1.0,2.0,76540,M,4943989.0,113114.0,76
201800034061,18,9,9,700,2,2,2,1.0,3.0,76681,M,4941066.0,107888.0,76
201800034062,18,9,10,1210,1,2,6,1.0,3.0,76451,M,4946910.0,107691.0,76
201800034063,18,9,14,1745,1,2,2,1.0,3.0,76319,M,4935356.0,100458.0,76
201800034064,18,9,16,1430,1,2,1,1.0,3.0,76005,M,4941751.0,111823.0,76
201800034065,18,9,17,2105,5,2,1,1.0,3.0,76540,M,4944177.0,108094.0,76
201800034066,18,9,17,2115,5,2,1,1.0,1.0,76540,M,4943500.0,110603.0,76
201800034067,18,9,19,755,1,2,1,1.0,6.0,76410,M,4947887.0,103523.0,76
201800034068,18,9,19,545,5,2,2,1.0,5.0,76540,M,4945220.0,105919.0,76
201800034069,18,9,19,1605,1,2,2,1.0,6.0,76540,M,4944628.0,108302.0,76
201800034070,18,9,19,1840,1,2,6,1.0,3.0,76103,M,4942831.0,113068.0,76
201800034071,18,9,21,750,2,2,1,1.0,6.0,76540,M,4944775.0,110220.0,76
201800034072,18,10,5,1100,1,2,1,1.0,2.0,76451,M,4946609.0,107121.0,76
201800034073,18,10,8,1620,1,2,3,1.0,6.0,76540,M,4943424.0,107065.0,76
201800034074,18,9,7,510,5,2,1,2.0,3.0,76540,M,4943905.0,108826.0,76
201800034075,18,10,10,1620,1,2,1,1.0,2.0,76540,M,4944983.0,106281.0,76
201800034076,18,10,11,1215,1,2,9,1.0,3.0,76498,M,4941315.0,106862.0,76
201800034077,18,10,11,2115,5,2,4,2.0,6.0,76366,M,4950921.0,103929.0,76
201800034078,18,10,14,1210,1,2,1,1.0,6.0,76540,M,4943480.0,110469.0,76
201800034079,18,10,12,750,5,2,2,1.0,3.0,76681,M,4941224.0,109911.0,76
201800034080,18,10,15,820,1,2,1,1.0,6.0,76402,M,4952613.0,103621.0,76
201800034081,18,10,16,1120,1,2,3,1.0,6.0,76540,M,4943840.0,110052.0,76
201800034082,18,10,16,1230,1,2,3,1.0,3.0,76540,M,4942863.0,111448.0,76
201800034083,18,10,16,1740,1,2,1,1.0,4.0,76540,M,4943022.0,107885.0,76
201800034084,18,10,16,1800,1,1,6,1.0,5.0,76108,M,4947807.0,110060.0,76
201800034085,18,10,17,1834,1,2,3,1.0,6.0,76540,M,4944770.0,111684.0,76
201800034086,18,10,17,820,2,2,2,1.0,3.0,76540,M,4944973.0,105035.0,76
201800034087,18,10,18,900,1,1,1,1.0,4.0,76157,M,4945937.0,104414.0,76
201800034088,18,10,23,955,1,2,1,1.0,3.0,76540,M,4942676.0,107887.0,76
201800034089,18,10,25,1915,5,2,2,1.0,6.0,76540,M,4943488.0,109325.0,76
201800034090,18,10,26,815,1,2,2,1.0,3.0,76410,M,4948156.0,103678.0,76
201800034091,18,10,26,1620,1,1,6,1.0,3.0,76108,M,4948163.0,110989.0,76
201800034092,18,10,26,1830,1,1,1,1.0,1.0,76402,M,4952758.0,102779.0,76
201800034093,18,10,29,1600,1,2,1,1.0,6.0,76540,M,4944604.0,106622.0,76
201800034094,18,10,30,1830,5,2,1,1.0,2.0,76322,M,4941795.0,104794.0,76