Num_Acc,an,mois,jour,hrmn,lum,agg,int,atm,col,com,gps,lat,long,dep
201800034095,18,11,2,2010,5,2,2,1.0,3.0,76540,M,4944488.0,106787.0,76
201800034096,18,11,5,2105,3,1,1,1.0,1.0,76497,M,4939364.0,101881.0,76
201800034097,18,11,6,1830,5,2,1,1.0,6.0,76498,M,4942654.0,106209.0,76
201800034098,18,11,6,1915,5,2,2,1.0,6.0,76681,M,4940641.0,109676.0,76
201800034099,18,11,12,1330,1,2,3,1.0,3.0,76474,M,4949091.0,104159.0,76
201800034100,18,11,13,1150,1,2,1,1.0,6.0,76451,M,4947487.0,109140.0,76
201800034101,18,11,13,1607,1,2,1,1.0,3.0,76540,M,4944943.0,106316.0,76
201800034102,18,11,15,840,1,2,1,5.0,6.0,76108,M,4947073.0,110982.0,76
201800034103,18,11,15,1915,5,2,1,1.0,1.0,76484,M,4933031.0,105916.0,76
201800034104,18,11,17,1125,1,2,3,1.0,3.0,76498,M,4941761.0,105662.0,76
201800034105,18,11,16,1215,1,2,1,1.0,6.0,76540,M,4943674.0,112469.0,76
201800034106,18,11,16,2320,5,2,1,1.0,6.0,76410,M,4947445.0,103702.0,76
201800034107,18,11,19,1820,5,2,6,1.0,7.0,76540,M,4943453.0,107186.0,76
201800034108,18,11,20,140,3,2,1,1.0,6.0,76484,M,4933064.0,106015.0,76
201800034109,18,11,20,830,5,2,3,1.0,6.0,76474,M,4949054.0,104917.0,76
201800034110,18,11,20,1445,1,1,2,1.0,3.0,76212,M,4943724.0,114280.0,76
201800034111,18,11,20,1800,5,2,3,1.0,6.0,76216,M,4946728.0,105261.0,76
201800034112,18,11,21,730,5,2,6,1.0,6.0,76103,M,4942485.0,112813.0,76
201800034113,18,11,21,725,5,2,1,1.0,6.0,76498,M,4942655.0,106209.0,76
201800034114,18,11,24,225,5,1,2,1.0,3.0,76681,M,4940294.0,111075.0,76
201800034115,18,11,23,1740,5,2,1,1.0,3.0,76366,M,4952234.0,103460.0,76
201800034116,18,11,26,1150,1,2,1,1.0,3.0,76540,M,4943868.0,108953.0,76
201800034117,18,11,26,1743,5,1,1,1.0,5.0,76540,M,4943863.0,112073.0,76
201800034118,18,10,18,1715,1,1,3,1.0,3.0,76391,M,4933125.0,91803.0,76
201800034119,18,11,27,735,5,2,1,2.0,6.0,76681,M,4941299.0,109849.0,76
201800034120,18,11,27,1833,5,2,6,2.0,3.0,76216,M,4945823.0,105333.0,76
201800034121,18,11,29,1445,1,1,1,1.0,6.0,76157,M,4941567.0,99645.0,76
201800034122,18,12,1,1255,1,2,1,2.0,2.0,76540,M,4943024.0,110125.0,76
201800034123,18,11,30,2050,5,2,2,1.0,6.0,76540,M,4942816.0,108431.0,76
201800034124,18,12,4,2230,5,2,3,1.0,7.0,76484,M,4936044.0,109506.0,76
201800034125,18,12,7,1430,1,2,3,1.0,6.0,76540,M,4945530.0,112491.0,76
201800034126,18,12,13,2250,5,2,2,1.0,3.0,76540,M,4943880.0,108860.0,76
201800034127,18,12,18,2050,5,1,1,2.0,1.0,76157,M,4941650.0,101435.0,76
201800034128,18,12,21,430,5,2,1,3.0,6.0,76540,M,4943975.0,108628.0,76
201800034129,18,12,21,30,5,1,1,1.0,6.0,76322,M,4942771.0,103180.0,76
201800034130,18,12,21,530,4,1,6,3.0,6.0,76705,M,4932330.0,109325.0,76
201800034131,18,12,23,2240,5,2,2,2.0,3.0,76540,M,4943494.0,109377.0,76
201800034132,18,12,30,1730,5,1,3,2.0,3.0,76322,M,4940203.0,106522.0,76
201800034133,18,1,6,2315,5,2,1,2.0,7.0,77108,M,4887796.0,260860.0,77
201800034134,18,1,22,1435,1,2,6,1.0,1.0,77108,M,4889295.0,261003.0,77
201800034135,18,1,25,933,1,2,1,2.0,6.0,77108,M,4887668.0,258478.0,77
201800034136,18,3,13,320,5,2,1,3.0,6.0,77108,M,4888263.0,260076.0,77
201800034137,18,3,26,1045,1,2,2,1.0,3.0,77108,M,4888048.0,257919.0,77
201800034138,18,3,30,1915,1,2,2,1.0,6.0,77108,M,4887649.0,258454.0,77
201800034139,18,4,6,1600,1,1,1,1.0,2.0,77479,M,4886493.0,263390.0,77
201800034140,18,4,20,1645,1,1,1,1.0,6.0,77479,M,4886406.0,263659.0,77
201800034141,18,5,1,1418,1,2,2,1.0,2.0,77108,M,4887939.0,259711.0,77
201800034142,18,5,1,1535,1,1,1,1.0,2.0,77517,M,4892118.0,265001.0,77
201800034143,18,5,4,1145,1,2,3,1.0,2.0,77055,M,4888202.0,262642.0,77
201800034144,18,5,21,1725,1,2,1,1.0,6.0,77108,M,4890310.0,260287.0,77
201800034145,18,6,21,1848,1,2,3,7.0,3.0,77479,M,4886927.0,263001.0,77
201800034146,18,7,6,1600,1,1,2,1.0,3.0,77517,M,4891190.0,267972.0,77
201800034147,18,7,8,1400,1,2,9,1.0,6.0,77479,M,4886840.0,262180.0,77
201800034148,18,9,12,1220,1,2,2,1.0,6.0,77108,M,4887574.0,259629.0,77
201800034149,18,9,17,1020,1,2,9,1.0,6.0,77479,M,4887347.0,264062.0,77
201800034150,18,10,29,1700,1,2,6,2.0,3.0,77108,M,4888564.0,258662.0,77
201800034151,18,12,17,1100,1,2,6,1.0,6.0,77108,M,4888064.0,259410.0,77
201800034152,18,12,30,1750,1,1,1,9.0,6.0,77517,M,4891078.0,263948.0,77
201800034153,18,3,15,1030,1,2,9,8.0,6.0,77111,M,4886194.0,278218.0,77
201800034154,18,6,19,1615,1,1,3,1.0,4.0,77268,M,4887624.0,282458.0,77
201800034155,18,7,2,2003,1,2,2,1.0,6.0,77449,M,4885470.0,277497.0,77
201800034156,18,10,3,2021,3,1,1,1.0,3.0,77268,M,4887447.0,282326.0,77
201800034157,18,9,27,1119,1,1,6,1.0,2.0,77449,M,4883204.0,279828.0,77
201800034158,18,10,19,1830,1,2,2,1.0,1.0,77268,M,4886748.0,281471.0,77
201800034159,18,1,1,920,1,2,1,8.0,1.0,77320,M,4882797.0,303190.0,77
201800034160,18,2,1,1340,1,2,3,8.0,3.0,77320,M,4882403.0,304052.0,77
201800034161,18,2,4,1900,5,2,1,2.0,2.0,77131,M,4881402.0,307287.0,77
201800034162,18,3,3,2026,4,2,6,2.0,6.0,77131,M,4880861.0,308307.0,77
201800034163,18,3,11,2045,5,2,1,1.0,7.0,77320,M,4881068.0,306052.0,77
201800034164,18,3,19,1455,1,2,2,1.0,3.0,77042,M,4881659.0,313252.0,77
201800034165,18,3,4,950,1,1,1,1.0,1.0,77042,M,4882797.0,313902.0,77
201800034166,18,5,4,1540,1,2,9,1.0,6.0,77131,M,4880860.0,307562.0,77
201800034167,18,6,8,1910,1,2,1,1.0,6.0,77400,M,4879813.0,301795.0,77
201800034168,18,6,16,2020,1,1,1,1.0,6.0,77070,M,4879499.0,310501.0,77
201800034169,18,6,29,2305,5,2,1,1.0,1.0,77131,M,4880921.0,310177.0,77
201800034170,18,6,20,1110,1,2,6,1.0,3.0,77131,M,4880939.0,309035.0,77
201800034171,18,8,3,2015,1,2,3,1.0,1.0,77131,M,4881488.0,308551.0,77
201800034172,18,8,2,1640,1,2,1,1.0,7.0,77131,M,4881693.0,308663.0,77
201800034173,18,8,26,120,5,2,3,1.0,1.0,77320,M,4882399.0,304045.0,77
201800034174,18,8,25,1145,1,1,1,1.0,6.0,77131,M,4879507.0,308980.0,77
201800034175,18,10,14,1710,1,2,3,1.0,3.0,77042,M,4882625.0,313785.0,77
201800034176,18,11,19,1730,3,1,1,2.0,3.0,77013,M,4884182.0,308773.0,77
201800034177,18,12,14,1909,5,2,2,8.0,6.0,77131,M,4882602.0,308731.0,77
201800034178,18,12,22,1820,5,2,1,2.0,6.0,77131,M,4882150.0,309408.0,77
201800034179,18,1,10,350,5,2,1,2.0,6.0,77186,M,4840591.0,270206.0,77
201800034180,18,1,18,1935,3,1,1,8.0,1.0,77186,M,4843285.0,271289.0,77
201800034181,18,1,31,1200,1,2,2,9.0,6.0,77186,M,4840515.0,270128.0,77
201800034182,18,2,19,1920,3,1,1,1.0,1.0,77186,M,4846863.0,266750.0,77
201800034183,18,3,9,25,3,1,1,1.0,6.0,77186,M,4843252.0,265918.0,77
201800034184,18,3,19,835,1,1,1,8.0,2.0,77186,M,4840372.0,268710.0,77
201800034185,18,4,2,1610,1,1,1,1.0,4.0,77186,M,4835484.0,276276.0,77
201800034186,18,4,20,600,2,2,2,1.0,3.0,77186,M,4841297.0,270699.0,77
201800034187,18,4,22,1655,1,1,1,1.0,2.0,77186,M,4839532.0,276401.0,77
201800034188,18,6,26,1800,1,1,2,7.0,5.0,77186,M,4848085.0,266695.0,77
201800034189,18,6,30,1315,1,2,1,9.0,1.0,77037,M,4847923.0,270874.0,77
201800034190,18,6,30,1825,1,2,2,1.0,6.0,77014,M,4841483.0,271801.0,77
201800034191,18,7,9,940,1,1,2,1.0,3.0,77186,M,4848078.0,266694.0,77
201800034192,18,7,5,1610,1,1,1,8.0,6.0,77186,M,4843616.0,273479.0,77
201800034193,18,8,4,1725,1,1,1,1.0,2.0,77186,M,4839481.0,269147.0,77
201800034194,18,8,4,1115,1,1,1,1.0,1.0,77186,M,4846447.0,273435.0,77
201800034195,18,8,3,1840,1,1,9,1.0,2.0,77186,M,4838013.0,277728.0,77
201800034196,18,8,31,940,1,2,6,1.0,3.0,77442,M,4842826.0,275123.0,77
201800034197,18,9,6,2150,3,1,4,1.0,1.0,77186,M,4848391.0,266581.0,77
201800034198,18,9,15,1620,1,1,1,1.0,2.0,77186,M,4848025.0,271737.0,77
201800034199,18,10,8,1750,1,1,1,1.0,1.0,77186,M,4836155.0,269224.0,77
201800034200,18,10,12,1535,1,2,1,1.0,3.0,77186,M,4840500.0,270100.0,77
201800034201,18,10,19,2155,3,1,1,1.0,2.0,77186,M,4842227.0,266885.0,77
201800034202,18,11,18,1425,1,1,2,1.0,3.0,77186,M,4841362.0,264515.0,77
201800034203,18,11,29,1940,3,1,2,1.0,3.0,77186,M,4841362.0,264416.0,77
201800034204,18,1,18,1950,5,2,3,2.0,6.0,77243,M,4887492.0,272295.0,77
201800034205,18,1,21,315,5,1,1,1.0,1.0,77464,M,4890128.0,271244.0,77
201800034206,18,2,1,755,2,2,1,8.0,6.0,77464,M,4888440.0,271224.0,77
201800034207,18,3,6,830,1,2,3,7.0,6.0,77243,M,4887883.0,271305.0,77
201800034208,18,3,7,1120,1,1,1,8.0,1.0,77209,M,4886171.0,270414.0,77
201800034209,18,3,13,945,1,1,2,1.0,7.0,77438,M,4885015.0,266257.0,77
201800034210,18,3,16,740,1,1,1,1.0,5.0,77181,M,4881562.0,270190.0,77
201800034211,18,3,24,1245,1,2,2,1.0,3.0,77243,M,4887657.0,269953.0,77
201800034212,18,3,24,1025,1,2,2,1.0,2.0,77058,M,4883988.0,272701.0,77
201800034213,18,3,27,1700,1,2,6,2.0,3.0,77058,M,4883500.0,270582.0,77
201800034214,18,4,11,955,1,2,3,1.0,3.0,77181,M,4882364.0,270855.0,77
201800034215,18,4,21,2020,1,2,9,1.0,2.0,77059,M,4884128.0,266188.0,77
201800034216,18,4,24,1330,1,2,4,1.0,4.0,77243,M,4887861.0,271377.0,77
201800034217,18,4,26,815,1,2,2,1.0,3.0,77058,M,4883923.0,272140.0,77
201800034218,18,4,27,2130,4,1,1,1.0,2.0,77085,M,4885930.0,274810.0,77
201800034219,18,5,1,1645,1,2,1,1.0,2.0,77243,M,4888000.0,271000.0,77
201800034220,18,5,3,800,1,2,9,1.0,5.0,77438,M,4887354.0,268906.0,77
201800034221,18,5,6,10,3,1,1,1.0,7.0,77237,M,4882239.0,275474.0,77
201800034222,18,5,5,1115,1,2,3,1.0,3.0,77058,M,4883853.0,271576.0,77
201800034223,18,5,18,720,1,2,1,1.0,6.0,77464,M,4888728.0,270345.0,77
201800034224,18,5,20,2145,3,2,3,1.0,3.0,77058,M,4883198.0,269877.0,77
201800034225,18,5,24,1415,1,2,9,1.0,2.0,77243,M,4887559.0,272224.0,77
201800034226,18,6,5,920,1,1,3,3.0,4.0,77124,M,4885372.0,273052.0,77
201800034227,18,6,11,1800,1,2,2,2.0,6.0,77243,M,4887311.0,270030.0,77
201800034228,18,6,12,1715,1,1,1,2.0,3.0,77209,M,4885492.0,269624.0,77
201800034229,18,6,13,730,1,1,1,1.0,3.0,77372,M,4888220.0,265377.0,77
201800034230,18,6,17,1610,1,1,9,1.0,7.0,77243,M,4886767.0,270262.0,77
201800034231,18,6,29,840,1,2,9,7.0,3.0,77221,M,4885406.0,271278.0,77
201800034232,18,7,2,1640,1,2,1,7.0,6.0,77243,M,4887746.0,272148.0,77
201800034233,18,7,4,1305,1,1,1,1.0,5.0,77438,M,4886667.0,267652.0,77
201800034234,18,7,6,1850,1,2,1,1.0,2.0,77181,M,4882140.0,270469.0,77
201800034235,18,7,10,2335,5,2,2,1.0,3.0,77438,M,4887378.0,268997.0,77
201800034236,18,7,11,1950,1,1,3,1.0,1.0,77237,M,4884936.0,276781.0,77
201800034237,18,7,12,900,1,2,1,1.0,2.0,77438,M,4885064.0,266281.0,77
201800034238,18,7,14,854,1,2,2,1.0,3.0,77449,M,4884909.0,278690.0,77
201800034239,18,7,15,2050,1,2,2,1.0,3.0,77372,M,4888211.0,270146.0,77
201800034240,18,7,24,1,5,2,3,1.0,3.0,77372,M,4887989.0,267690.0,77
201800034241,18,7,30,1255,1,2,1,1.0,2.0,77464,M,4888455.0,270756.0,77
201800034242,18,8,1,1510,1,1,1,1.0,5.0,77438,M,4886681.0,267624.0,77
201800034243,18,8,19,2030,1,2,3,1.0,3.0,77243,M,4887264.0,270642.0,77
201800034244,18,9,10,1805,1,2,6,1.0,2.0,77464,M,4889890.0,271309.0,77
201800034245,18,9,18,1600,1,2,4,2.0,3.0,77059,M,4884616.0,266491.0,77
201800034246,18,9,20,1835,1,1,1,1.0,2.0,77237,M,4882191.0,275498.0,77
201800034247,18,9,25,1715,1,1,1,1.0,1.0,77062,M,4891034.0,269971.0,77
201800034248,18,9,30,1415,1,2,3,1.0,1.0,77372,M,4888096.0,270125.0,77
201800034249,18,10,4,930,1,2,6,1.0,3.0,77058,M,4883215.0,272330.0,77
201800034250,18,10,9,1705,1,2,1,1.0,6.0,77237,M,4883810.0,275302.0,77
201800034251,18,10,12,1255,1,2,1,1.0,4.0,77058,M,4883765.0,270908.0,77
201800034252,18,10,15,917,1,2,3,1.0,1.0,77058,M,4883703.0,273946.0,77
201800034253,18,10,17,815,1,2,1,1.0,3.0,77464,M,4888361.0,272487.0,77
201800034254,18,10,18,850,1,2,2,1.0,3.0,77243,M,4887889.0,271225.0,77
201800034255,18,10,18,820,1,2,1,1.0,6.0,77464,M,4888656.0,271490.0,77
201800034256,18,10,24,715,5,2,1,1.0,2.0,77464,M,4889834.0,271248.0,77
201800034257,18,10,26,2045,5,2,1,1.0,2.0,77243,M,4887900.0,270339.0,77
201800034258,18,11,7,1000,1,1,1,2.0,6.0,77221,M,4885097.0,272962.0,77
201800034259,18,11,10,1735,2,2,3,1.0,3.0,77464,M,4888257.0,270799.0,77
201800034260,18,11,15,800,1,1,3,8.0,4.0,77372,M,4888143.0,266095.0,77
201800034261,18,11,15,2357,5,2,2,2.0,6.0,77243,M,4887576.0,272208.0,77
201800034262,18,11,16,700,4,1,1,2.0,2.0,77438,M,4886619.0,268693.0,77
201800034263,18,11,20,1015,1,1,2,4.0,1.0,77438,M,4886121.0,266526.0,77
201800034264,18,11,20,910,1,2,2,4.0,3.0,77243,M,4887186.0,271109.0,77
201800034265,18,11,22,1700,2,2,2,1.0,6.0,77438,M,4885879.0,267081.0,77
201800034266,18,12,2,1700,2,2,2,2.0,3.0,77058,M,4883826.0,271349.0,77
201800034267,18,12,3,939,1,2,1,2.0,3.0,77058,M,4883191.0,271719.0,77
201800034268,18,12,13,645,3,1,9,1.0,3.0,77243,M,4886793.0,270349.0,77
201800034269,18,12,13,1415,1,2,6,7.0,2.0,77464,M,4889904.0,271323.0,77
201800034270,18,12,14,1635,2,2,3,1.0,6.0,77464,M,4888255.0,270825.0,77
201800034271,18,12,15,2045,3,2,1,2.0,6.0,77058,M,4883112.0,271042.0,77
201800034272,18,12,25,1200,1,1,3,7.0,6.0,77085,M,4885115.0,273711.0,77
201800034273,18,12,28,1153,1,2,1,1.0,6.0,77058,M,4883197.0,271753.0,77
201800034274,18,12,31,350,5,2,1,2.0,2.0,77058,M,4883170.0,271155.0,77
201800034275,18,1,8,745,3,1,2,1.0,3.0,77335,M,4896984.0,282981.0,77
201800034276,18,1,13,1730,2,1,1,1.0,1.0,77335,M,4895793.0,284570.0,77
201800034277,18,2,3,1930,5,2,1,2.0,6.0,77284,M,4895288.0,292159.0,77
201800034278,18,3,3,2100,5,2,4,1.0,5.0,77284,M,4894584.0,287957.0,77
201800034279,18,1,10,1815,5,2,3,1.0,6.0,77284,M,4896207.0,287800.0,77
201800034280,18,1,19,1710,1,2,9,1.0,6.0,77284,M,4895255.0,291141.0,77
201800034281,18,3,22,515,3,1,9,1.0,1.0,77276,M,4891057.0,289661.0,77
201800034282,18,3,26,1215,1,2,1,1.0,6.0,77143,M,4897082.0,286952.0,77
201800034283,18,4,5,825,1,1,1,1.0,1.0,77358,M,4899328.0,286145.0,77
201800034284,18,4,16,1830,1,1,2,1.0,3.0,77335,M,4896981.0,282981.0,77
201800034285,18,5,21,1950,1,1,1,1.0,6.0,77475,M,4895768.0,294482.0,77
201800034286,18,6,14,1010,1,2,9,1.0,3.0,77284,M,4896182.0,287645.0,77
201800034287,18,5,16,1500,1,2,1,1.0,6.0,77284,M,4895579.0,287828.0,77
201800034288,18,6,20,650,1,1,9,1.0,3.0,77335,M,4895620.0,285785.0,77
201800034289,18,6,21,205,5,2,2,1.0,3.0,77284,M,4895354.0,289336.0,77
201800034290,18,7,16,1650,1,2,2,1.0,3.0,77284,M,4895362.0,289469.0,77
201800034291,18,7,26,2120,1,2,1,1.0,6.0,77284,M,4895100.0,290600.0,77
201800034292,18,7,30,1200,1,1,1,1.0,2.0,77284,M,4895706.0,292484.0,77
201800034293,18,8,12,2130,5,2,1,1.0,6.0,77284,M,4895455.0,289353.0,77
201800034294,18,8,27,1945,1,1,1,1.0,6.0,77335,M,4895899.0,282920.0,77
201800034295,18,8,29,1910,1,1,1,8.0,6.0,77077,M,4897981.0,289398.0,77
201800034296,18,9,11,1550,1,1,2,1.0,1.0,77369,M,4898401.0,290995.0,77
201800034297,18,9,19,1740,1,2,1,1.0,2.0,77284,M,4895435.0,287367.0,77
201800034298,18,9,20,2100,5,2,2,1.0,6.0,77284,M,4895958.0,290756.0,77
201800034299,18,10,1,110,3,1,1,1.0,6.0,77335,M,4895897.0,283417.0,77
201800034300,18,10,4,630,5,2,1,1.0,2.0,77284,M,4895045.0,287974.0,77
201800034301,18,10,21,1410,1,2,1,1.0,7.0,77358,M,4899743.0,286458.0,77
201800034302,18,11,10,1820,5,2,1,2.0,2.0,77284,M,4895180.0,290440.0,77
201800034303,18,11,15,1330,1,2,2,1.0,3.0,77284,M,4895521.0,287895.0,77
201800034304,18,11,15,1815,5,2,3,2.0,3.0,77143,M,4896113.0,287127.0,77
201800034305,18,12,7,1330,1,2,1,2.0,6.0,77284,M,4895651.0,288712.0,77
201800034306,18,12,8,2140,3,1,9,2.0,7.0,77143,M,4897173.0,285681.0,77
201800034307,18,12,13,2050,5,2,1,1.0,6.0,77284,M,4895800.0,287630.0,77
201800034308,18,12,17,1843,5,2,1,1.0,5.0,77475,M,4895811.0,295811.0,77
201800034309,18,12,24,2238,5,1,1,5.0,3.0,77284,M,4895720.0,292857.0,77
201800034310,18,12,27,100,4,1,6,1.0,6.0,77513,M,4894903.0,285632.0,77
201800034311,18,1,1,800,2,1,1,2.0,6.0,77039,M,4852947.0,260587.0,77
201800034312,18,1,4,2116,5,2,1,1.0,3.0,77152,M,4852750.0,264947.0,77
201800034313,18,2,15,1905,3,1,4,2.0,6.0,77288,M,4853624.0,265294.0,77
201800034314,18,2,17,1815,3,1,1,1.0,5.0,77447,M,4854655.0,254985.0,77
201800034315,18,3,17,2025,5,2,1,2.0,2.0,77389,M,4851919.0,265466.0,77
201800034316,18,4,9,1025,1,2,1,2.0,3.0,77487,M,4853970.0,268100.0,77
201800034317,18,4,6,2050,5,2,3,1.0,3.0,77288,M,4852826.0,265413.0,77
201800034318,18,4,11,800,1,1,1,1.0,2.0,77288,M,4854803.0,267655.0,77
201800034319,18,4,10,1515,1,2,2,8.0,3.0,77152,M,4850927.0,263335.0,77
201800034320,18,5,9,45,3,1,1,1.0,7.0,77394,M,4856839.0,267857.0,77
201800034321,18,5,10,1720,1,1,9,1.0,3.0,77269,M,4856814.0,270947.0,77
201800034322,18,5,25,1047,1,2,2,1.0,3.0,77288,M,4854355.0,267573.0,77
201800034323,18,5,24,1835,1,2,1,7.0,6.0,77407,M,4853087.0,253567.0,77
201800034324,18,5,21,1800,1,1,6,1.0,3.0,77288,M,4854153.0,268172.0,77
201800034325,18,5,26,2050,1,1,3,1.0,7.0,77407,M,4852668.0,250951.0,77
201800034326,18,5,30,1455,1,1,1,1.0,5.0,77394,M,4856334.0,267404.0,77
201800034327,18,6,13,20,3,1,1,2.0,6.0,77269,M,4856872.0,271358.0,77
201800034328,18,6,29,1110,1,1,1,1.0,6.0,77389,M,4852311.0,265339.0,77
201800034329,18,6,28,1730,1,2,1,1.0,6.0,77487,M,4852958.0,267892.0,77
201800034330,18,7,18,1030,1,2,1,1.0,6.0,77288,M,4854033.0,266848.0,77
201800034331,18,7,21,1400,1,2,1,1.0,6.0,77288,M,4855021.0,265907.0,77
201800034332,18,9,1,2350,3,1,9,1.0,6.0,77285,M,4854675.0,264265.0,77
201800034333,18,9,1,1850,1,2,3,1.0,3.0,77487,M,4853744.0,267417.0,77
201800034334,18,9,14,1945,1,2,2,1.0,6.0,77288,M,4852722.0,265361.0,77
201800034335,18,9,21,1650,1,1,2,1.0,3.0,77152,M,4849710.0,263399.0,77
201800034336,18,10,8,2101,5,1,1,1.0,1.0,77487,M,4853869.0,268777.0,77
201800034337,18,10,9,1700,1,1,1,1.0,1.0,77528,M,4857340.0,265381.0,77
201800034338,18,10,30,330,3,1,1,2.0,6.0,77040,M,4850100.0,257829.0,77
201800034339,18,11,5,1825,5,2,2,1.0,6.0,77152,M,4851862.0,262889.0,77
201800034340,18,11,8,1525,1,2,1,1.0,1.0,77285,M,4854865.0,263857.0,77
201800034341,18,11,9,116,5,2,1,1.0,6.0,77288,M,4853907.0,266344.0,77
201800034342,18,11,16,1455,1,2,1,1.0,3.0,77288,M,4853700.0,265870.0,77
201800034343,18,12,1,20,5,2,2,1.0,3.0,77288,M,4855109.0,264961.0,77
201800034344,18,12,11,1750,5,2,4,1.0,3.0,77285,M,4854504.0,264708.0,77
201800034345,18,1,2,1844,5,2,1,2.0,3.0,77122,M,4866003.0,256455.0,77
201800034346,18,1,24,759,5,2,1,8.0,6.0,77251,M,4863516.0,255800.0,77
201800034347,18,2,13,1847,5,2,9,2.0,6.0,77122,M,4866060.0,256100.0,77
201800034348,18,3,3,1130,1,1,1,1.0,1.0,77180,M,4874776.0,267082.0,77
201800034349,18,3,5,1900,5,2,1,1.0,6.0,77053,M,4869151.0,260626.0,77
201800034350,18,3,2,1710,1,2,1,1.0,6.0,77053,M,4870228.0,259909.0,77
201800034351,18,3,16,2226,5,2,1,1.0,6.0,77445,M,4859031.0,258286.0,77
201800034352,18,3,24,1450,1,2,6,1.0,2.0,77495,M,4855790.0,263755.0,77
201800034353,18,4,2,1730,1,1,1,8.0,3.0,77114,M,4873203.0,268875.0,77
201800034354,18,4,14,2010,2,2,1,1.0,1.0,77067,M,4855429.0,257993.0,77
201800034355,18,4,20,1148,1,2,1,1.0,7.0,77122,M,4866461.0,257617.0,77
201800034356,18,4,20,2000,1,2,1,1.0,6.0,77495,M,4856800.0,262400.0,77
201800034357,18,4,15,1105,1,1,9,1.0,3.0,77495,M,4857905.0,261346.0,77
201800034358,18,4,23,1835,1,2,2,1.0,4.0,77495,M,4856818.0,262592.0,77
201800034359,18,4,24,720,1,2,6,1.0,3.0,77122,M,4866035.0,256337.0,77
201800034360,18,5,9,1630,1,2,2,1.0,3.0,77445,M,4858718.0,258006.0,77
201800034361,18,5,9,2200,5,1,9,1.0,2.0,77251,M,4861698.0,255427.0,77
201800034362,18,5,13,515,5,1,2,1.0,2.0,77495,M,4857242.0,262113.0,77
201800034363,18,5,26,1610,1,2,3,7.0,6.0,77445,M,4859793.0,257977.0,77
201800034364,18,6,2,1933,1,1,3,1.0,3.0,77450,M,4872606.0,259694.0,77
201800034365,18,6,3,1600,1,2,1,1.0,1.0,77445,M,4858412.0,258658.0,77
201800034366,18,6,27,1915,1,2,6,1.0,6.0,77053,M,4869130.0,260684.0,77
201800034367,18,7,7,1610,1,2,1,1.0,3.0,77296,M,4862892.0,257948.0,77
201800034368,18,7,30,2305,5,2,2,1.0,3.0,77296,M,4862738.0,258036.0,77
201800034369,18,8,4,1510,1,2,1,1.0,2.0,77445,M,4860507.0,257911.0,77
201800034370,18,8,5,35,5,1,2,1.0,3.0,77251,M,4862475.0,256632.0,77
201800034371,18,8,5,1210,1,1,2,1.0,3.0,77122,M,4865724.0,261552.0,77
201800034372,18,8,25,1505,1,2,1,1.0,6.0,77445,M,4860303.0,256100.0,77
201800034373,18,8,20,1005,1,2,1,1.0,6.0,77251,M,4861782.0,254964.0,77
201800034374,18,9,14,1400,1,2,1,1.0,3.0,77053,M,4869286.0,260829.0,77
201800034375,18,9,29,1700,1,2,1,1.0,6.0,77445,M,4860562.0,257300.0,77
201800034376,18,10,11,2055,5,2,6,3.0,7.0,77445,M,4859728.0,259010.0,77
201800034377,18,10,24,40,5,1,9,1.0,2.0,77296,M,4862550.0,257669.0,77
201800034378,18,10,28,1015,1,2,1,1.0,1.0,77296,M,4862738.0,258659.0,77
201800034379,18,10,31,1802,3,1,1,2.0,6.0,77114,M,4872508.0,269899.0,77
201800034380,18,11,30,1121,1,2,1,1.0,6.0,77053,M,4869134.0,261319.0,77
201800034381,18,11,30,1800,5,2,2,1.0,1.0,77251,M,4862746.0,256448.0,77
201800034382,18,12,5,755,2,2,9,1.0,6.0,77445,M,4859457.0,258038.0,77
201800034383,18,12,15,831,1,2,1,1.0,1.0,77495,M,4856612.0,262828.0,77
201800034384,18,12,20,1330,1,2,1,1.0,3.0,77122,M,4865902.0,256358.0,77
201800034385,18,12,26,200,5,2,6,1.0,6.0,77296,M,4862746.0,257861.0,77
201800034386,18,1,12,1525,1,1,1,2.0,2.0,77210,M,4840359.0,293349.0,77
201800034387,18,1,27,1500,1,2,2,8.0,3.0,77210,M,4838595.0,290069.0,77
201800034388,18,1,29,1316,1,1,1,8.0,2.0,77210,M,4836195.0,286352.0,77
201800034389,18,2,8,425,3,1,1,4.0,6.0,77210,M,4842773.0,290529.0,77
201800034390,18,4,8,1326,1,1,3,1.0,3.0,77210,M,4836130.0,288857.0,77
201800034391,18,4,26,1910,1,2,1,1.0,6.0,77305,M,4839640.0,295546.0,77
201800034392,18,4,30,1510,1,2,1,3.0,4.0,77482,M,4837224.0,295769.0,77
201800034393,18,5,4,1400,1,1,2,1.0,3.0,77409,M,4841936.0,297056.0,77
201800034394,18,6,13,1225,1,2,1,1.0,6.0,77305,M,4839894.0,296011.0,77
201800034395,18,6,17,1245,1,2,1,1.0,6.0,77305,M,4839889.0,295627.0,77
201800034396,18,8,25,2357,5,2,1,1.0,6.0,77305,M,4838125.0,295750.0,77
201800034397,18,9,5,1745,1,2,9,1.0,6.0,77305,M,4838172.0,295416.0,77