Num_Acc,an,mois,jour,hrmn,lum,agg,int,atm,col,com,gps,lat,long,dep
201800034398,18,9,8,1735,1,1,2,1.0,3.0,77194,M,4842430.0,294714.0,77
201800034399,18,9,28,815,1,2,1,9.0,6.0,77305,M,4838496.0,295302.0,77
201800034400,18,10,19,2010,3,2,9,1.0,6.0,77305,M,4839850.0,296615.0,77
201800034401,18,12,21,1525,1,1,1,2.0,3.0,77409,M,4841101.0,300026.0,77
201800034402,18,12,22,1750,3,1,1,1.0,4.0,77279,M,4838296.0,300992.0,77
201800034403,18,1,3,1000,1,2,1,6.0,6.0,77516,M,4834258.0,289572.0,77
201800034404,18,5,25,1420,1,2,1,1.0,6.0,77316,M,4837302.0,282081.0,77
201800034405,18,9,15,2230,3,1,1,1.0,7.0,77516,M,4835047.0,291405.0,77
201800034406,18,9,24,2140,3,1,1,1.0,5.0,77316,M,4836490.0,285108.0,77
201800034407,18,10,5,1010,1,2,1,1.0,6.0,77079,M,4840132.0,279879.0,77
201800034408,18,12,2,1120,1,1,1,2.0,1.0,77316,M,4836566.0,284795.0,77
201800034409,18,2,8,830,1,2,1,1.0,6.0,77333,M,4826960.0,270392.0,77
201800034410,18,2,12,1850,5,1,3,1.0,5.0,77370,M,4822541.0,271235.0,77
201800034411,18,6,18,2325,3,1,1,1.0,2.0,77156,M,4827761.0,271018.0,77
201800034412,18,6,18,750,1,2,3,1.0,3.0,77458,M,4818499.0,273368.0,77
201800034413,18,8,25,1600,1,1,3,1.0,6.0,77458,M,4817900.0,271746.0,77
201800034414,18,1,3,600,5,1,1,6.0,1.0,77169,M,4882858.0,260902.0,77
201800034415,18,1,5,2225,5,2,1,1.0,6.0,77337,M,4885207.0,261731.0,77
201800034416,18,1,5,1935,5,2,3,1.0,1.0,77083,M,4884863.0,257969.0,77
201800034417,18,1,13,1808,5,1,3,1.0,3.0,77169,M,4882617.0,261107.0,77
201800034418,18,1,13,1555,1,2,3,2.0,2.0,77468,M,4885817.0,264540.0,77
201800034419,18,1,16,710,5,2,2,1.0,6.0,77121,M,4883548.0,267422.0,77
201800034420,18,1,22,719,5,2,1,2.0,7.0,77121,M,4883230.0,267673.0,77
201800034421,18,1,17,1756,5,2,3,1.0,7.0,77083,M,4885104.0,260075.0,77
201800034422,18,1,25,1559,1,2,2,2.0,7.0,77083,M,4884846.0,257844.0,77
201800034423,18,1,27,1242,1,2,3,1.0,3.0,77337,M,4884321.0,261930.0,77
201800034424,18,2,1,755,2,2,1,1.0,6.0,77083,M,4884707.0,261098.0,77
201800034425,18,2,21,1155,1,2,1,1.0,7.0,77121,M,4883366.0,267741.0,77
201800034426,18,2,21,1230,1,1,3,1.0,5.0,77169,M,4882615.0,261109.0,77
201800034427,18,3,19,653,1,1,1,4.0,3.0,77121,M,4882728.0,267364.0,77
201800034428,18,3,16,1730,1,2,1,1.0,6.0,77169,M,4881411.0,262131.0,77
201800034429,18,3,21,1805,1,2,3,1.0,3.0,77468,M,4883755.0,265567.0,77
201800034430,18,3,29,1020,1,1,6,1.0,6.0,77146,M,4883079.0,264293.0,77
201800034431,18,4,1,1058,1,1,1,2.0,6.0,77468,M,4886272.0,266584.0,77
201800034432,18,4,5,1650,1,2,1,1.0,1.0,77337,M,4885618.0,262584.0,77
201800034433,18,4,6,1712,1,2,3,1.0,2.0,77337,M,4884665.0,262071.0,77
201800034434,18,4,6,1919,1,2,1,1.0,7.0,77468,M,4885229.0,263344.0,77
201800034435,18,4,8,1608,1,2,3,1.0,2.0,77146,M,4882396.0,263582.0,77
201800034436,18,4,12,1805,1,2,1,1.0,6.0,77468,M,4884116.0,265267.0,77
201800034437,18,4,25,1630,1,2,1,1.0,1.0,77169,M,4880646.0,261735.0,77
201800034438,18,4,27,150,5,2,2,1.0,3.0,77373,M,4879649.0,260466.0,77
201800034439,18,4,29,2000,2,1,6,2.0,6.0,77258,M,4883237.0,264283.0,77
201800034440,18,4,30,1455,1,2,3,2.0,3.0,77121,M,4883777.0,266398.0,77
201800034441,18,5,3,1610,1,2,6,1.0,3.0,77083,M,4885177.0,258468.0,77
201800034442,18,6,1,1545,1,2,3,1.0,3.0,77468,M,4884325.0,265353.0,77
201800034443,18,6,6,1135,1,2,3,1.0,3.0,77337,M,4885081.0,262791.0,77
201800034444,18,6,11,1315,1,2,3,3.0,6.0,77121,M,4882919.0,267460.0,77
201800034445,18,6,12,2040,1,2,2,8.0,3.0,77121,M,4883886.0,266255.0,77
201800034446,18,6,13,1725,1,2,3,1.0,2.0,77146,M,4882389.0,263568.0,77
201800034447,18,6,23,2003,1,2,1,1.0,6.0,77083,M,4885596.0,258857.0,77
201800034448,18,7,1,2035,1,2,2,1.0,3.0,77083,M,4885216.0,260021.0,77
201800034449,18,7,7,1850,1,2,4,1.0,2.0,77468,M,4884503.0,264798.0,77
201800034450,18,7,8,1320,1,1,9,1.0,3.0,77373,M,4877519.0,260526.0,77
201800034451,18,7,13,1900,1,2,1,1.0,2.0,77337,M,4884613.0,261370.0,77
201800034452,18,8,28,615,2,2,1,1.0,5.0,77337,M,4885299.0,262122.0,77
201800034453,18,9,20,1710,1,2,1,1.0,6.0,77169,M,4881320.0,262081.0,77
201800034454,18,9,24,2015,5,2,1,1.0,1.0,77169,M,4881530.0,262593.0,77
201800034455,18,10,9,636,5,2,3,1.0,3.0,77337,M,4884876.0,261949.0,77
201800034456,18,10,16,1819,1,2,1,1.0,6.0,77258,M,4883239.0,263073.0,77
201800034457,18,11,12,1550,1,2,2,1.0,1.0,77083,M,4884272.0,258603.0,77
201800034458,18,11,15,145,5,2,1,1.0,6.0,77146,M,4881781.0,264180.0,77
201800034459,18,11,21,1100,1,2,6,1.0,3.0,77083,M,4885019.0,258517.0,77
201800034460,18,11,25,1648,1,2,1,2.0,3.0,77169,M,4882260.0,261307.0,77
201800034461,18,12,16,1359,1,2,1,2.0,6.0,77468,M,4884494.0,265370.0,77
201800034462,18,12,13,1656,1,2,1,1.0,3.0,77083,M,4884117.0,260641.0,77
201800034463,18,12,22,220,5,2,9,1.0,2.0,77258,M,4882457.0,262332.0,77
201800034464,18,1,8,2255,3,1,1,1.0,1.0,77350,M,4877254.0,270816.0,77
201800034465,18,1,13,1240,1,2,1,8.0,6.0,77350,M,4877172.0,267462.0,77
201800034466,18,1,31,800,2,2,1,1.0,6.0,77249,M,4873213.0,260663.0,77
201800034467,18,2,4,1545,1,2,1,1.0,6.0,77373,M,4879350.0,260990.0,77
201800034468,18,2,28,1410,1,1,1,1.0,2.0,77215,M,4873374.0,272621.0,77
201800034469,18,3,4,2015,5,2,1,1.0,6.0,77390,M,4878000.0,265000.0,77
201800034470,18,3,10,1359,1,2,9,1.0,6.0,77373,M,4877641.0,259850.0,77
201800034471,18,4,9,1500,1,2,9,2.0,3.0,77373,M,4877384.0,261231.0,77
201800034472,18,4,24,945,1,1,3,1.0,4.0,77350,M,4875596.0,270490.0,77
201800034473,18,4,24,2025,1,2,1,1.0,6.0,77373,M,4878404.0,260602.0,77
201800034474,18,5,1,1745,1,1,1,1.0,6.0,77215,M,4872836.0,272694.0,77
201800034475,18,5,5,1831,1,1,1,1.0,6.0,77215,M,4873428.0,270927.0,77
201800034476,18,5,6,1839,1,1,6,1.0,3.0,77374,M,4880867.0,269734.0,77
201800034477,18,5,18,810,1,2,3,1.0,3.0,77373,M,4878024.0,261030.0,77
201800034478,18,6,8,2340,5,2,2,1.0,7.0,77350,M,4876570.0,268189.0,77
201800034479,18,6,7,1848,1,2,2,1.0,2.0,77350,M,4877277.0,268672.0,77
201800034480,18,6,21,1820,1,2,3,1.0,7.0,77390,M,4879748.0,264061.0,77
201800034481,18,6,22,2200,3,1,1,1.0,2.0,77215,M,4873531.0,274586.0,77
201800034482,18,6,29,1750,1,2,1,1.0,6.0,77373,M,4877641.0,259828.0,77
201800034483,18,7,6,5,3,1,1,1.0,7.0,77350,M,4875051.0,267444.0,77
201800034484,18,7,11,120,3,1,1,1.0,6.0,77350,M,4875080.0,267442.0,77
201800034485,18,7,31,840,1,2,9,7.0,6.0,77373,M,4880000.0,260800.0,77
201800034486,18,7,28,1515,1,1,1,1.0,7.0,77373,M,4876208.0,261558.0,77
201800034487,18,8,22,1755,1,2,2,1.0,3.0,77373,M,4880593.0,261411.0,77
201800034488,18,8,28,2000,2,2,1,1.0,3.0,77373,M,4879000.0,261000.0,77
201800034489,18,9,6,2300,3,1,3,1.0,3.0,77350,M,4875564.0,270484.0,77
201800034490,18,9,30,1225,1,2,3,1.0,6.0,77390,M,4880086.0,263884.0,77
201800034491,18,10,2,1505,1,2,1,1.0,6.0,77373,M,4880222.0,260666.0,77
201800034492,18,10,10,1850,2,1,1,1.0,2.0,77373,M,4877766.0,263002.0,77
201800034493,18,10,20,1215,1,2,1,1.0,6.0,77350,M,4876399.0,267302.0,77
201800034494,18,10,26,200,5,2,1,8.0,6.0,77249,M,4874442.0,260659.0,77
201800034495,18,10,31,2040,5,2,1,1.0,3.0,77373,M,4879313.0,260841.0,77
201800034496,18,11,1,100,5,1,2,8.0,3.0,77350,M,4875654.0,270521.0,77
201800034497,18,11,5,2100,5,2,9,1.0,6.0,77373,M,4878386.0,260036.0,77
201800034498,18,11,8,2035,5,2,3,1.0,6.0,77390,M,4879049.0,265937.0,77
201800034499,18,11,14,1700,1,1,1,1.0,6.0,77249,M,4876888.0,264051.0,77
201800034500,18,11,23,2230,3,1,1,3.0,7.0,77215,M,4873445.0,273421.0,77
201800034501,18,11,25,1520,1,1,1,2.0,2.0,77373,M,4877335.0,261525.0,77
201800034502,18,12,4,800,2,2,1,2.0,6.0,77390,M,4879928.0,263838.0,77
201800034503,18,12,6,1640,1,2,1,1.0,1.0,77390,M,4879900.0,264600.0,77
201800034504,18,12,12,2005,5,2,3,1.0,3.0,77350,M,4877096.0,266771.0,77
201800034505,18,12,18,800,2,2,1,1.0,6.0,77390,M,4879378.0,264677.0,77
201800034506,18,12,29,2120,5,2,3,2.0,1.0,77373,M,4878000.0,261400.0,77
201800034507,18,2,24,1835,2,1,1,1.0,1.0,77368,M,4854357.0,327151.0,77
201800034508,18,3,24,1125,1,2,1,1.0,6.0,77379,M,4855923.0,330141.0,77
201800034509,18,4,7,1010,1,2,2,1.0,3.0,77404,M,4853045.0,325561.0,77
201800034510,18,7,18,2345,3,1,9,1.0,7.0,77403,M,4855727.0,332745.0,77
201800034511,18,10,9,724,2,1,9,1.0,6.0,77459,M,4855143.0,332088.0,77
201800034512,18,11,5,1945,3,1,1,1.0,5.0,77379,M,4857203.0,325649.0,77
201800034513,18,1,21,1800,5,2,1,2.0,6.0,77514,M,4894770.0,259982.0,77
201800034514,18,12,27,1910,5,2,1,1.0,3.0,77514,M,4895080.0,260780.0,77
201800034515,18,2,16,713,3,1,6,8.0,7.0,77123,M,4899718.0,264486.0,77
201800034516,18,4,19,1825,1,2,1,1.0,3.0,77118,M,4894732.0,269071.0,77
201800034517,18,4,18,1650,1,1,3,1.0,3.0,77118,M,4895639.0,266534.0,77
201800034518,18,5,18,1650,1,1,4,1.0,3.0,77291,M,4901350.0,260297.0,77
201800034519,18,5,27,130,3,1,9,1.0,6.0,77514,M,4893581.0,261876.0,77
201800034520,18,5,24,1110,1,2,1,1.0,2.0,77514,M,,,77
201800034521,18,6,7,1515,1,1,2,1.0,2.0,77291,M,4901860.0,258367.0,77
201800034522,18,6,7,1640,1,2,1,1.0,6.0,77514,M,4894152.0,259985.0,77
201800034523,18,6,16,1430,1,1,1,1.0,7.0,77118,M,4894254.0,265156.0,77
201800034524,18,6,19,1750,1,2,1,1.0,3.0,77462,M,4900691.0,266625.0,77
201800034525,18,6,26,720,1,1,9,7.0,6.0,77514,M,4893617.0,262084.0,77
201800034526,18,6,29,1515,1,2,2,1.0,3.0,77294,M,4895531.0,259999.0,77
201800034527,18,7,1,2235,3,1,9,1.0,4.0,77462,M,4900360.0,264263.0,77
201800034528,18,7,9,1735,1,1,6,1.0,3.0,77294,M,4897618.0,262779.0,77
201800034529,18,7,10,145,3,1,6,1.0,7.0,77123,M,4899702.0,264456.0,77
201800034530,18,7,18,2215,5,2,1,1.0,6.0,77294,M,4897745.0,261511.0,77
201800034531,18,7,20,1620,1,1,1,1.0,3.0,77294,M,4898682.0,260831.0,77
201800034532,18,7,20,1920,1,1,1,3.0,4.0,77294,M,4897631.0,258318.0,77
201800034533,18,7,22,2129,2,1,1,1.0,6.0,77514,M,4893679.0,262071.0,77
201800034534,18,7,23,2315,5,1,2,1.0,3.0,77294,M,4897406.0,262188.0,77
201800034535,18,7,30,2040,1,2,3,1.0,3.0,77514,M,4895038.0,260512.0,77
201800034536,18,8,1,1405,1,1,4,1.0,3.0,77291,M,4901350.0,260297.0,77
201800034537,18,8,1,1815,1,2,1,1.0,6.0,77294,M,4898147.0,261661.0,77
201800034538,18,8,2,102,5,2,3,1.0,6.0,77294,M,4897842.0,262567.0,77
201800034539,18,8,4,1520,1,2,1,1.0,3.0,77294,M,4897011.0,257968.0,77
201800034540,18,8,7,2350,5,2,9,2.0,7.0,77241,M,4901481.0,270920.0,77
201800034541,18,8,9,935,1,1,9,2.0,1.0,77118,M,4894334.0,266660.0,77
201800034542,18,8,10,1830,1,1,1,1.0,2.0,77294,M,4897315.0,258967.0,77
201800034543,18,8,21,620,2,2,6,1.0,6.0,77514,M,4895215.0,260815.0,77
201800034544,18,8,25,1530,1,1,1,8.0,2.0,77332,M,4900873.0,268118.0,77
201800034545,18,8,26,120,3,1,1,1.0,6.0,77118,M,4894202.0,264350.0,77
201800034546,18,8,29,1530,1,1,9,2.0,2.0,77294,M,4899689.0,263088.0,77
201800034547,18,8,30,1900,1,1,1,8.0,2.0,77294,M,4898677.0,260844.0,77
201800034548,18,9,1,1100,1,2,9,1.0,7.0,77118,M,4894528.0,266739.0,77
201800034549,18,9,2,1325,1,1,9,1.0,6.0,77123,M,4900210.0,263270.0,77
201800034550,18,9,2,1840,1,2,1,1.0,6.0,77514,M,4893924.0,261432.0,77
201800034551,18,9,5,940,1,1,6,8.0,3.0,77294,M,4896520.0,260582.0,77
201800034552,18,9,15,1,5,2,2,1.0,3.0,77292,M,4896712.0,269870.0,77
201800034553,18,9,16,2230,3,1,6,1.0,7.0,77123,M,4899701.0,264431.0,77
201800034554,18,9,18,925,1,1,1,1.0,4.0,77514,M,4894114.0,263135.0,77
201800034555,18,9,20,1445,1,2,1,1.0,7.0,77462,M,4900777.0,267144.0,77
201800034556,18,9,21,145,3,2,3,8.0,3.0,77514,M,4893921.0,260935.0,77
201800034557,18,9,24,655,2,1,6,1.0,2.0,77123,M,4899710.0,264480.0,77
201800034558,18,9,28,1850,1,1,1,1.0,4.0,77123,M,4897482.0,266087.0,77
201800034559,18,10,2,730,2,2,2,1.0,3.0,77514,M,4894593.0,260303.0,77
201800034560,18,10,8,2329,3,2,4,1.0,1.0,77514,M,4893931.0,262208.0,77
201800034561,18,10,13,745,2,2,9,1.0,6.0,77294,M,4895400.0,260090.0,77
201800034562,18,10,17,700,5,2,4,1.0,6.0,77514,M,4893629.0,261074.0,77
201800034563,18,10,19,840,1,2,3,1.0,3.0,77118,M,4894360.0,266675.0,77
201800034564,18,10,31,900,1,1,1,1.0,2.0,77462,M,4902453.0,266717.0,77
201800034565,18,10,31,1235,1,1,9,1.0,6.0,77294,M,4896760.0,260750.0,77
201800034566,18,11,4,110,3,2,1,5.0,7.0,77292,M,4896558.0,268128.0,77
201800034567,18,11,5,540,3,1,1,1.0,2.0,77462,M,4902676.0,266942.0,77
201800034568,18,11,10,1,3,2,1,1.0,6.0,77118,M,4894494.0,266200.0,77
201800034569,18,11,12,930,1,1,9,2.0,4.0,77118,M,4893375.0,266755.0,77
201800034570,18,11,9,1730,5,2,2,1.0,3.0,77292,M,4896711.0,269885.0,77
201800034571,18,11,16,1,3,1,6,5.0,6.0,77123,M,4899728.0,264393.0,77
201800034572,18,11,19,1815,5,2,2,1.0,3.0,77294,M,4895621.0,260334.0,77
201800034573,18,11,19,1835,5,1,9,8.0,2.0,77118,M,4894353.0,266713.0,77
201800034574,18,12,11,1730,3,1,3,1.0,5.0,77294,M,4899125.0,259956.0,77
201800034575,18,12,12,1640,2,1,1,8.0,2.0,77294,M,4897474.0,259227.0,77
201800034576,18,12,12,2020,5,2,1,1.0,3.0,77294,M,4895712.0,260239.0,77
201800034577,18,12,17,830,1,2,3,1.0,6.0,77514,M,4893868.0,260499.0,77
201800034578,18,12,17,1030,1,2,1,1.0,6.0,77294,M,4897194.0,264000.0,77
201800034579,18,12,18,1100,1,1,1,1.0,4.0,77123,M,4898620.0,265817.0,77
201800034580,18,12,21,5,3,1,9,1.0,6.0,77123,M,4899807.0,264254.0,77
201800034581,18,12,23,1220,1,1,9,1.0,2.0,77118,M,4894320.0,266666.0,77
201800034582,18,12,25,1505,1,2,2,1.0,7.0,77514,M,4894660.0,259670.0,77
201800034583,18,1,21,1800,3,1,3,2.0,6.0,78672,M,4893213.0,199000.0,78
201800034584,18,1,18,1140,1,2,9,2.0,3.0,78498,M,4893082.0,204619.0,78
201800034585,18,1,15,1510,1,2,1,2.0,2.0,78498,M,4886272.0,228759.0,78
201800034586,18,2,20,2015,3,2,1,2.0,6.0,78498,M,4886272.0,228759.0,78
201800034587,18,2,16,2330,3,1,1,1.0,7.0,78498,M,4890705.0,201463.0,78
201800034588,18,2,26,950,1,2,3,1.0,3.0,78643,M,4897798.0,199590.0,78
201800034589,18,1,12,2130,5,2,2,1.0,3.0,78498,M,4892648.0,203849.0,78
201800034590,18,3,10,1120,1,2,1,2.0,6.0,78123,M,4894240.0,202680.0,78
201800034591,18,2,16,740,5,2,9,1.0,6.0,78498,M,4855434.0,222982.0,78
201800034592,18,2,18,650,5,2,3,1.0,6.0,78498,M,4891823.0,202683.0,78
201800034593,18,2,10,1900,1,2,3,1.0,3.0,78123,M,4894320.0,202880.0,78
201800034594,18,3,10,1605,1,2,1,1.0,5.0,78498,M,4892040.0,201510.0,78
201800034595,18,3,30,1,5,2,1,1.0,6.0,78384,M,4857194.0,158503.0,78
201800034596,18,4,30,1310,1,2,1,9.0,6.0,78138,M,4897984.0,203293.0,78
201800034597,18,3,19,800,1,1,1,9.0,6.0,78498,M,4894414.0,206192.0,78
201800034598,18,4,25,1545,1,2,9,1.0,6.0,78123,M,4894301.0,202941.0,78
201800034599,18,5,19,2000,1,1,1,1.0,6.0,78138,M,4899898.0,210406.0,78
201800034600,18,5,20,123,5,2,1,1.0,7.0,78123,M,4894223.0,203412.0,78
201800034601,18,5,11,1750,1,2,9,1.0,1.0,78624,M,4899438.0,201989.0,78
201800034602,18,6,5,835,1,2,6,2.0,7.0,78642,M,4899926.0,210410.0,78
201800034603,18,6,5,1950,1,2,1,1.0,3.0,78642,M,4898404.0,196686.0,78
201800034604,18,6,6,1515,1,2,1,1.0,2.0,78498,M,4893306.0,204466.0,78
201800034605,18,6,12,1950,1,1,9,1.0,6.0,78643,M,4896573.0,199108.0,78
201800034606,18,6,15,1055,1,2,1,1.0,7.0,78015,M,4899216.0,207154.0,78
201800034607,18,6,10,1500,1,2,1,1.0,1.0,78498,M,4855460.0,224913.0,78
201800034608,18,6,26,1750,1,2,1,1.0,3.0,78642,M,4898546.0,196901.0,78
201800034609,18,6,26,2125,1,2,1,1.0,6.0,78498,M,4892711.0,204660.0,78
201800034610,18,6,29,1030,1,2,2,1.0,3.0,78172,M,4900016.0,208859.0,78
201800034611,18,12,13,2200,5,2,3,1.0,3.0,78624,M,4897917.0,200412.0,78
201800034612,18,7,3,2040,1,2,1,1.0,1.0,78624,M,4899153.0,200573.0,78
201800034613,18,7,11,115,5,2,2,1.0,2.0,78123,M,4894137.0,203254.0,78
201800034614,18,7,13,1207,1,1,9,1.0,6.0,78384,M,4894780.0,197940.0,78
201800034615,18,7,15,2335,3,1,2,1.0,1.0,78672,M,4894358.0,197818.0,78
201800034616,18,8,1,1950,1,2,3,1.0,3.0,78642,M,4886272.0,228759.0,78
201800034617,18,9,7,1817,1,2,3,1.0,3.0,78005,M,4896620.0,206970.0,78
201800034618,18,9,12,2130,5,2,3,1.0,6.0,78123,M,4894005.0,203402.0,78
201800034619,18,9,17,1800,1,2,1,1.0,2.0,78498,M,4892674.0,204362.0,78
201800034620,18,6,6,1608,1,2,1,1.0,6.0,78498,M,4886272.0,228759.0,78
201800034621,18,10,1,2023,3,1,1,1.0,4.0,78672,M,4894000.0,197000.0,78
201800034622,18,10,12,1720,1,2,1,1.0,3.0,78172,M,4899526.0,210527.0,78
201800034623,18,10,5,1918,1,2,1,1.0,6.0,78498,M,4851450.0,217150.0,78
201800034624,18,9,8,2200,5,2,1,1.0,4.0,78498,M,4892231.0,203660.0,78
201800034625,18,7,19,2330,3,1,1,1.0,6.0,78384,M,4894740.0,197768.0,78
201800034626,18,10,26,1910,5,2,3,2.0,1.0,78498,M,4893714.0,205507.0,78
201800034627,18,11,10,1615,1,2,1,1.0,7.0,78643,M,4896844.0,199441.0,78
201800034628,18,11,10,2255,5,2,6,2.0,4.0,78172,M,4900270.0,207559.0,78
201800034629,18,11,17,1800,5,2,6,1.0,5.0,78172,M,4899913.0,210412.0,78
201800034630,18,9,19,14,5,2,2,1.0,1.0,78498,M,4893333.0,204924.0,78
201800034631,18,11,27,1050,1,2,1,1.0,6.0,78642,M,4897896.0,197406.0,78
201800034632,18,10,20,2320,5,2,1,1.0,6.0,78498,M,4892319.0,202837.0,78
201800034633,18,1,16,1900,5,2,3,2.0,6.0,78423,M,4876822.0,202897.0,78
201800034634,18,1,15,805,2,2,2,8.0,6.0,78297,M,4878813.0,205176.0,78
201800034635,18,2,4,1620,1,2,2,1.0,5.0,78423,M,4877648.0,203730.0,78
201800034636,18,3,5,1545,1,1,1,1.0,1.0,78621,M,4878997.0,199172.0,78
201800034637,18,4,6,1940,1,2,1,1.0,2.0,78297,M,4877998.0,204345.0,78
201800034638,18,5,5,1830,1,2,1,1.0,6.0,78423,M,4876692.0,203933.0,78
201800034639,18,6,19,2115,1,2,1,1.0,2.0,78208,M,4877858.0,197011.0,78
201800034640,18,6,20,100,3,1,1,1.0,5.0,78621,M,4846521.0,211500.0,78
201800034641,18,6,26,1711,1,2,9,1.0,6.0,78423,M,4877122.0,202556.0,78
201800034642,18,7,27,1905,1,1,1,1.0,3.0,78208,M,4847518.0,159225.0,78
201800034643,18,9,5,1635,1,2,6,1.0,3.0,78423,M,4876716.0,202234.0,78
201800034644,18,11,30,1830,5,2,1,1.0,6.0,78423,M,4876789.0,203325.0,78
201800034645,18,12,14,1800,5,2,1,1.0,6.0,78397,M,4874070.0,196297.0,78
201800034646,18,2,16,1540,1,1,1,1.0,2.0,78267,M,4897388.0,179919.0,78
201800034647,18,11,4,2230,3,1,1,1.0,7.0,78217,M,4892608.0,178710.0,78
201800034648,18,2,15,1225,1,2,1,1.0,6.0,78361,M,4899016.0,171658.0,78
201800034649,18,2,26,1555,1,2,1,1.0,6.0,78217,M,4895752.0,182758.0,78
201800034650,18,3,18,410,5,2,1,1.0,6.0,78267,M,4898811.0,180925.0,78
201800034651,18,3,25,1655,1,2,1,1.0,2.0,78362,M,4897941.0,169463.0,78
201800034652,18,4,19,240,5,2,3,1.0,6.0,78361,M,4899941.0,171366.0,78
201800034653,18,5,17,1820,1,2,1,1.0,1.0,78361,M,4900235.0,168475.0,78
201800034654,18,6,6,2030,1,2,3,1.0,6.0,78267,M,4899282.0,181311.0,78
201800034655,18,6,25,1840,1,2,1,1.0,6.0,78361,M,4899204.0,170401.0,78
201800034656,18,6,26,2135,1,2,1,1.0,6.0,78361,M,4899611.0,167988.0,78
201800034657,18,8,7,1500,1,2,2,8.0,3.0,78361,M,4899427.0,168777.0,78
201800034658,18,8,7,1515,1,2,1,8.0,6.0,78362,M,4959752.0,143444.0,78
201800034659,18,8,9,2330,5,2,3,1.0,3.0,78361,M,4899080.0,171586.0,78
201800034660,18,9,9,1350,1,2,2,1.0,3.0,78361,M,4898697.0,171456.0,78
201800034661,18,9,28,1920,1,2,1,1.0,3.0,78362,M,4898243.0,169782.0,78
201800034662,18,10,21,940,1,2,1,1.0,2.0,78362,M,4898240.0,169782.0,78
201800034663,18,10,29,2000,4,2,1,1.0,1.0,78361,M,4899086.0,171655.0,78
201800034664,18,12,21,1930,5,2,2,9.0,5.0,78402,M,4896179.0,180123.0,78
201800034665,18,1,6,44,5,2,1,9.0,7.0,78401,M,4900694.0,191856.0,78
201800034666,18,1,9,800,5,2,1,1.0,2.0,78403,M,,,78
201800034667,18,1,18,23,3,1,1,2.0,6.0,78609,M,4902568.0,191110.0,78
201800034668,18,1,18,750,3,2,3,2.0,3.0,78440,M,4899500.0,193354.0,78
201800034669,18,1,30,1950,5,2,1,2.0,6.0,78440,M,,,78
201800034670,18,2,12,100,3,1,1,9.0,1.0,78440,M,4899287.0,193823.0,78
201800034671,18,2,13,725,2,2,1,1.0,6.0,78440,M,,,78
201800034672,18,3,9,1600,1,2,1,2.0,6.0,78440,M,4897700.0,191000.0,78
201800034673,18,3,12,1535,1,2,1,1.0,6.0,78029,M,4895473.0,185478.0,78
201800034674,18,3,16,655,2,2,1,1.0,3.0,78299,M,,,78
201800034675,18,3,16,745,1,2,1,1.0,3.0,78299,M,4900002.0,188892.0,78
201800034676,18,3,18,1810,2,2,3,4.0,3.0,78299,M,4900961.0,190177.0,78
201800034677,18,4,7,135,4,2,1,1.0,6.0,78440,M,4898910.0,191110.0,78
201800034678,18,4,18,740,1,1,1,1.0,6.0,78238,M,4896570.0,188261.0,78
201800034679,18,4,22,1500,1,2,3,7.0,3.0,78638,M,4899562.0,198443.0,78
201800034680,18,4,24,1705,1,2,1,1.0,6.0,78440,M,4897677.0,191694.0,78
201800034681,18,5,8,955,1,2,3,7.0,1.0,78029,M,4896410.0,185120.0,78
201800034682,18,5,8,1900,1,2,9,1.0,6.0,78440,M,4898214.0,191636.0,78
201800034683,18,5,16,840,1,2,1,1.0,7.0,78440,M,4898987.0,191325.0,78
201800034684,18,5,17,1720,1,2,2,1.0,3.0,78440,M,,,78
201800034685,18,5,17,1835,1,2,1,1.0,3.0,78440,M,4899013.0,190771.0,78
201800034686,18,5,18,1750,1,2,1,1.0,6.0,78440,M,4898130.0,191310.0,78
201800034687,18,6,3,1420,1,2,1,1.0,6.0,78029,M,4895000.0,185000.0,78
201800034688,18,6,10,1345,1,2,5,1.0,3.0,78401,M,4901029.0,190384.0,78
201800034689,18,6,20,1820,1,2,1,1.0,6.0,78440,M,,,78
201800034690,18,6,22,2025,1,2,1,1.0,6.0,78440,M,,,78
201800034691,18,6,24,1920,1,2,1,1.0,3.0,78440,M,4899173.0,191050.0,78
201800034692,18,6,25,1020,1,2,9,1.0,6.0,78440,M,4899000.0,191000.0,78
201800034693,18,7,10,1720,1,2,1,1.0,6.0,78401,M,4900418.0,191246.0,78
201800034694,18,7,25,1918,1,2,1,1.0,6.0,78440,M,4898881.0,191107.0,78
201800034695,18,9,14,2015,2,2,3,1.0,3.0,78440,M,4899000.0,191620.0,78
201800034696,18,9,17,1700,1,2,1,1.0,6.0,78401,M,4900507.0,191111.0,78
201800034697,18,10,1,745,2,1,8,1.0,6.0,78299,M,,,78
201800034698,18,10,14,1425,1,2,1,1.0,6.0,78440,M,4899242.0,190299.0,78
201800034699,18,10,19,1940,5,2,9,1.0,3.0,78401,M,,,78
201800034700,18,10,30,1529,1,1,1,8.0,2.0,78440,M,4897947.0,188681.0,78
201800034701,18,11,7,1245,1,2,2,8.0,3.0,78440,M,4897560.0,191122.0,78
201800034702,18,11,13,1600,1,2,1,1.0,6.0,78440,M,4898509.0,191394.0,78
201800034703,18,11,16,10,5,2,1,5.0,2.0,78440,M,4899500.0,190700.0,78