Num_Acc,an,mois,jour,hrmn,lum,agg,int,atm,col,com,gps,lat,long,dep
201800034704,18,11,22,1740,5,2,1,1.0,6.0,78638,M,4900360.0,196960.0,78
201800034705,18,11,27,1750,5,2,6,2.0,6.0,78029,M,,,78
201800034706,18,12,13,1250,1,1,9,1.0,6.0,78609,M,4902757.0,191350.0,78
201800034707,18,12,20,1730,2,2,1,1.0,6.0,78440,M,,,78
201800034708,18,12,29,1615,1,1,2,2.0,3.0,78238,M,4895992.0,187150.0,78
201800034709,18,3,1,2220,3,1,1,1.0,6.0,78674,M,4882055.0,200834.0,78
201800034710,18,8,10,900,1,1,1,2.0,6.0,78674,M,4882632.0,201094.0,78
201800034711,18,4,21,235,5,2,9,1.0,7.0,78674,M,4883000.0,199573.0,78
201800034712,18,8,20,1400,1,1,1,7.0,3.0,78490,M,4880465.0,196550.0,78
201800034713,18,5,25,955,1,2,1,1.0,3.0,78490,M,4883057.0,195788.0,78
201800034714,18,6,4,2000,1,2,3,5.0,6.0,78490,M,4882260.0,195406.0,78
201800034715,18,6,7,1320,1,2,2,1.0,3.0,78073,M,4879844.0,203175.0,78
201800034716,18,6,9,907,1,2,9,1.0,6.0,78674,M,4883151.0,199880.0,78
201800034717,18,6,13,1540,1,1,1,1.0,1.0,78152,M,4884439.0,198088.0,78
201800034718,18,6,15,1830,1,2,3,1.0,3.0,78073,M,,,78
201800034719,18,6,30,1025,1,2,1,1.0,3.0,78490,M,4879818.0,196565.0,78
201800034720,18,10,3,1720,1,2,1,1.0,6.0,78242,M,4880761.0,203988.0,78
201800034721,18,11,10,1205,1,2,1,1.0,6.0,78490,M,4882866.0,197120.0,78
201800034722,18,11,18,1630,1,2,1,1.0,6.0,78490,M,4882748.0,196812.0,78
201800034723,18,11,16,1050,1,2,9,1.0,6.0,78073,M,4879933.0,203603.0,78
201800034724,18,12,12,1435,1,2,3,7.0,6.0,78545,M,4879751.0,207297.0,78
201800034725,18,12,4,1355,1,2,3,1.0,6.0,78242,M,4881029.0,204138.0,78
201800034726,18,2,25,112,3,1,1,1.0,6.0,78220,M,4872277.0,189558.0,78
201800034727,18,2,22,1400,1,2,1,1.0,1.0,78517,M,4864326.0,183548.0,78
201800034728,18,4,5,1545,1,2,1,1.0,6.0,78517,M,4865094.0,181842.0,78
201800034729,18,6,8,1150,1,1,1,1.0,2.0,78517,M,4867210.0,183903.0,78
201800034730,18,7,14,2115,2,1,1,1.0,2.0,78220,M,4872796.0,189534.0,78
201800034731,18,9,8,2052,3,1,1,1.0,6.0,78486,M,4869440.0,184510.0,78
201800034732,18,10,12,1220,1,2,2,1.0,3.0,78517,M,4864000.0,185000.0,78
201800034733,18,12,8,1845,5,2,1,2.0,6.0,78517,M,4864452.0,184563.0,78
201800034734,18,12,9,2015,3,1,1,2.0,3.0,78269,M,4863520.0,175470.0,78
201800034735,18,1,5,2027,5,2,1,1.0,6.0,78350,M,4885545.0,210734.0,78
201800034736,18,1,24,1900,2,2,1,1.0,6.0,78146,M,4889457.0,215234.0,78
201800034737,18,2,25,600,3,1,2,1.0,3.0,78551,M,4893938.0,209589.0,78
201800034738,18,1,18,735,5,2,1,2.0,6.0,78350,M,4887507.0,211815.0,78
201800034739,18,2,24,1108,1,2,1,1.0,6.0,78372,M,4887326.0,209394.0,78
201800034740,18,1,16,620,5,2,1,2.0,2.0,78350,M,4887654.0,211674.0,78
201800034741,18,2,25,925,1,2,1,1.0,3.0,78551,M,4890234.0,208554.0,78
201800034742,18,4,10,1930,1,2,1,1.0,6.0,78502,M,4847865.0,210843.0,78
201800034743,18,4,25,1710,1,2,1,1.0,3.0,78650,M,4889949.0,212110.0,78
201800034744,18,5,5,1700,1,2,1,1.0,6.0,78551,M,,,78
201800034745,18,4,22,1600,1,2,1,1.0,3.0,78481,M,4889106.0,210025.0,78
201800034746,18,5,31,824,1,2,4,1.0,6.0,78551,M,4889942.0,207374.0,78
201800034747,18,5,31,1034,1,2,1,1.0,6.0,78650,M,4889810.0,211480.0,78
201800034748,18,5,29,1845,1,2,2,1.0,6.0,78418,M,4890784.0,214943.0,78
201800034749,18,6,8,1130,1,2,2,1.0,6.0,78551,M,4889563.0,207260.0,78
201800034750,18,6,13,2000,1,2,6,1.0,6.0,78133,M,4891141.0,203269.0,78
201800034751,18,6,22,2145,2,2,3,1.0,2.0,78502,M,4887917.0,210904.0,78
201800034752,18,6,29,1630,1,1,1,7.0,5.0,78007,M,4890051.0,200248.0,78
201800034753,18,7,23,2335,5,2,3,1.0,3.0,78372,M,4887388.0,210170.0,78
201800034754,18,7,29,1802,1,2,3,8.0,3.0,78650,M,4889809.0,212395.0,78
201800034755,18,8,19,1700,1,1,1,1.0,6.0,78551,M,,,78
201800034756,18,8,26,2235,5,2,3,1.0,3.0,78650,M,4889879.0,211751.0,78
201800034757,18,9,6,1725,1,2,1,7.0,4.0,78551,M,4889991.0,209280.0,78
201800034758,18,9,16,1320,1,1,1,1.0,3.0,78251,M,4890001.0,209276.0,78
201800034759,18,9,17,2135,5,2,1,1.0,6.0,78481,M,4888690.0,210010.0,78
201800034760,18,9,26,1000,1,2,9,1.0,6.0,78418,M,4892803.0,214322.0,78
201800034761,18,9,26,1700,1,2,1,1.0,6.0,78650,M,4890248.0,213598.0,78
201800034762,18,9,29,1430,1,2,1,1.0,6.0,78133,M,4891146.0,203213.0,78
201800034763,18,9,30,1720,1,2,9,1.0,7.0,78481,M,4889254.0,210455.0,78
201800034764,18,10,5,920,1,2,1,7.0,2.0,78146,M,4888819.0,221631.0,78
201800034765,18,10,5,2300,5,2,3,1.0,3.0,78126,M,4884614.0,213469.0,78
201800034766,18,10,2,1314,1,2,1,1.0,3.0,78551,M,4889685.0,209810.0,78
201800034767,18,10,9,1940,5,2,1,1.0,6.0,78650,M,4890209.0,213399.0,78
201800034768,18,10,9,2155,3,1,1,1.0,1.0,78133,M,4889629.0,199563.0,78
201800034769,18,10,16,825,1,2,1,1.0,6.0,78190,M,4887746.0,214231.0,78
201800034770,18,10,15,1945,2,2,1,1.0,1.0,78418,M,4892501.0,215190.0,78
201800034771,18,10,30,1140,1,2,1,2.0,6.0,78502,M,4887882.0,211217.0,78
201800034772,18,11,5,1800,3,1,1,1.0,3.0,78551,M,4892343.0,208716.0,78
201800034773,18,11,14,1335,1,2,3,1.0,3.0,78650,M,4888156.0,212386.0,78
201800034774,18,11,14,1745,5,2,3,1.0,3.0,78146,M,4890310.0,213899.0,78
201800034775,18,11,17,1750,5,2,1,1.0,1.0,78146,M,4889670.0,215296.0,78
201800034776,18,11,28,930,1,1,9,1.0,3.0,78372,M,4885418.0,208375.0,78
201800034777,18,12,5,605,5,2,1,1.0,1.0,78418,M,4891800.0,212200.0,78
201800034778,18,12,14,850,1,2,6,1.0,3.0,78650,M,4890353.0,213560.0,78
201800034779,18,12,23,1945,5,1,1,2.0,6.0,78551,M,4890343.0,205657.0,78
201800034780,18,1,1,217,5,2,6,2.0,7.0,78586,M,4894760.0,217116.0,78
201800034781,18,2,2,1625,1,2,2,1.0,6.0,78311,M,4892360.0,217920.0,78
201800034782,18,2,4,615,5,2,1,2.0,6.0,78586,M,4894208.0,219911.0,78
201800034783,18,3,26,115,5,2,3,1.0,3.0,78311,M,4891946.0,218813.0,78
201800034784,18,3,30,745,1,2,1,1.0,6.0,78124,M,4891443.0,217434.0,78
201800034785,18,4,20,850,1,2,3,1.0,3.0,78586,M,4894163.0,218981.0,78
201800034786,18,4,21,2350,4,2,1,1.0,6.0,78124,M,4891163.0,218699.0,78
201800034787,18,4,25,30,5,2,1,1.0,6.0,78311,M,4892438.0,220058.0,78
201800034788,18,5,11,948,1,2,1,1.0,6.0,78311,M,4892093.0,218475.0,78
201800034789,18,5,29,1618,1,2,6,1.0,3.0,78586,M,,,78
201800034790,18,6,1,2320,5,2,2,1.0,3.0,78311,M,4892694.0,219238.0,78
201800034791,18,6,20,1655,1,2,1,1.0,1.0,78311,M,4893135.0,219456.0,78
201800034792,18,7,17,2130,1,2,1,1.0,5.0,78586,M,4893919.0,216913.0,78
201800034793,18,7,20,1715,1,2,1,1.0,3.0,78311,M,4892800.0,218600.0,78
201800034794,18,8,22,2205,5,2,2,1.0,3.0,78311,M,4891830.0,219240.0,78
201800034795,18,8,25,1705,1,2,3,1.0,6.0,78124,M,4890715.0,217515.0,78
201800034796,18,10,20,40,5,2,1,1.0,6.0,78586,M,4893733.0,216023.0,78
201800034797,18,10,21,734,5,2,1,1.0,1.0,78311,M,,,78
201800034798,18,10,31,1030,1,2,2,1.0,6.0,78311,M,4891918.0,218846.0,78
201800034799,18,11,17,1633,1,2,1,1.0,6.0,78586,M,4894630.0,217590.0,78
201800034800,18,11,23,5,3,2,1,9.0,7.0,78396,M,4891960.0,211679.0,78
201800034801,18,12,1,1820,5,1,9,1.0,6.0,78586,M,4894660.0,219527.0,78
201800034802,18,12,16,2020,5,2,2,2.0,6.0,78586,M,4894595.0,217402.0,78
201800034803,18,12,20,1914,5,2,1,1.0,6.0,78124,M,4891350.0,218430.0,78
201800034804,18,12,11,905,1,2,3,1.0,6.0,78586,M,4893758.0,216114.0,78
201800034805,18,1,8,1305,1,2,2,1.0,6.0,78640,M,4878534.0,218062.0,78
201800034806,18,1,12,1740,5,2,1,1.0,6.0,78640,M,4878396.0,216979.0,78
201800034807,18,2,2,1705,1,2,1,2.0,3.0,78646,M,4879265.0,214435.0,78
201800034808,18,1,26,2100,5,2,1,1.0,6.0,78646,M,4880978.0,213149.0,78
201800034809,18,1,31,1500,1,2,1,3.0,6.0,78646,M,4881210.0,212778.0,78
201800034810,18,2,12,950,1,2,1,8.0,1.0,78640,M,4877573.0,222170.0,78
201800034811,18,2,24,1230,1,2,1,1.0,2.0,78158,M,,,78
201800034812,18,2,21,1205,1,1,2,1.0,2.0,78117,M,4876540.0,212801.0,78
201800034813,18,3,3,1215,1,1,1,8.0,5.0,78524,M,4884156.0,211079.0,78
201800034814,18,3,3,1620,1,2,1,8.0,6.0,78126,M,4883949.0,212562.0,78
201800034815,18,3,20,710,5,2,2,1.0,6.0,78646,M,4881803.0,212112.0,78
201800034816,18,4,15,1345,1,2,1,1.0,2.0,78686,M,4880026.0,216130.0,78
201800034817,18,4,24,1915,1,1,1,7.0,3.0,78646,M,4880339.0,210223.0,78
201800034818,18,4,29,1155,1,2,1,2.0,6.0,78646,M,4880339.0,210223.0,78
201800034819,18,5,9,920,1,2,2,1.0,3.0,78646,M,4880297.0,212637.0,78
201800034820,18,5,25,800,1,2,1,1.0,2.0,78646,M,4880110.0,207995.0,78
201800034821,18,5,23,840,1,2,1,1.0,2.0,78126,M,4884077.0,213088.0,78
201800034822,18,5,29,1750,1,2,2,1.0,3.0,78646,M,4800000.0,216130.0,78
201800034823,18,5,28,1900,1,2,9,1.0,3.0,78646,M,4881505.0,212863.0,78
201800034824,18,6,1,1135,1,2,2,1.0,6.0,78640,M,4878072.0,219074.0,78
201800034825,18,6,4,2010,1,2,2,1.0,3.0,78646,M,4880656.0,213206.0,78
201800034826,18,6,8,1430,1,2,1,1.0,3.0,78646,M,4280068.0,213556.0,78
201800034827,18,5,24,2000,1,2,1,1.0,6.0,78158,M,4882405.0,212841.0,78
201800034828,18,6,13,2055,1,2,2,1.0,3.0,78646,M,4880882.0,213336.0,78
201800034829,18,6,19,1715,1,2,3,1.0,3.0,78646,M,4880641.0,212656.0,78
201800034830,18,6,20,1932,1,2,2,1.0,3.0,78646,M,4880216.0,212981.0,78
201800034831,18,6,25,1415,1,2,2,1.0,3.0,78686,M,4879746.0,217258.0,78
201800034832,18,6,29,1105,1,2,2,1.0,6.0,78322,M,4876890.0,216663.0,78
201800034833,18,7,1,1850,1,2,1,1.0,3.0,78646,M,4881196.0,215100.0,78
201800034834,18,7,4,1614,1,2,1,1.0,1.0,78646,M,4880341.0,213177.0,78
201800034835,18,7,6,1850,1,2,3,1.0,3.0,78158,M,4882034.0,212696.0,78
201800034836,18,7,10,1840,1,2,1,1.0,3.0,78646,M,4880759.0,212683.0,78
201800034837,18,7,12,1720,1,2,1,1.0,5.0,78158,M,4883754.0,213956.0,78
201800034838,18,7,17,1510,1,1,1,1.0,7.0,78646,M,4881123.0,210869.0,78
201800034839,18,7,30,1000,1,2,1,1.0,5.0,78126,M,4884300.0,213208.0,78
201800034840,18,7,27,2200,2,2,1,1.0,7.0,78640,M,4878372.0,221977.0,78
201800034841,18,6,12,2050,2,2,1,1.0,5.0,78640,M,4878203.0,217804.0,78
201800034842,18,8,5,1230,1,2,1,1.0,2.0,78646,M,4880696.0,212839.0,78
201800034843,18,8,14,1558,1,2,1,1.0,6.0,78646,M,,,78
201800034844,18,8,19,1805,1,2,2,1.0,3.0,78646,M,4880851.0,214001.0,78
201800034845,18,9,6,1050,1,2,1,1.0,3.0,78646,M,4880246.0,215297.0,78
201800034846,18,9,11,1845,1,2,2,1.0,6.0,78646,M,4881073.0,213453.0,78
201800034847,18,9,16,1310,1,1,1,1.0,4.0,78524,M,4883906.0,211125.0,78
201800034848,18,9,18,1853,1,2,2,1.0,3.0,78646,M,4880846.0,214003.0,78
201800034849,18,9,21,823,1,2,2,1.0,6.0,78646,M,4880687.0,215158.0,78
201800034850,18,10,5,700,5,2,1,1.0,6.0,78092,M,,,78
201800034851,18,9,30,1715,1,2,1,1.0,6.0,78126,M,,,78
201800034852,18,10,31,2300,5,2,2,2.0,3.0,78686,M,4880416.0,216963.0,78
201800034853,18,11,9,1651,2,2,1,8.0,3.0,78646,M,4879542.0,212163.0,78
201800034854,18,11,14,2250,5,2,1,1.0,3.0,78640,M,4800000.0,217537.0,78
201800034855,18,11,15,2010,3,1,2,1.0,3.0,78646,M,4879117.0,210793.0,78
201800034856,18,11,20,840,2,2,3,2.0,3.0,78092,M,4885829.0,213955.0,78
201800034857,18,11,27,2008,5,2,1,2.0,6.0,78640,M,4878201.0,217804.0,78
201800034858,18,12,3,1200,1,2,2,2.0,6.0,78640,M,4878158.0,216917.0,78
201800034859,18,12,5,1535,1,2,2,1.0,3.0,78158,M,4882262.0,212690.0,78
201800034860,18,12,3,1800,2,2,1,1.0,6.0,78158,M,4882545.0,213054.0,78
201800034861,18,12,9,1740,3,1,1,8.0,7.0,78646,M,4878346.0,210644.0,78
201800034862,18,12,11,1614,1,2,1,1.0,2.0,78646,M,4800000.0,210644.0,78
201800034863,18,12,18,743,5,2,2,1.0,6.0,78646,M,4879173.0,214601.0,78
201800034864,18,12,26,1015,1,2,2,1.0,6.0,78686,M,4880392.0,216988.0,78
201800034865,18,1,29,600,3,2,1,5.0,7.0,79191,M,4633234.0,-45758.0,79
201800034866,18,2,22,1120,1,2,3,1.0,3.0,79191,M,4631898.0,-47979.0,79
201800034867,18,2,22,1740,1,2,3,1.0,3.0,79191,M,4635713.0,-45782.0,79
201800034868,18,4,4,1755,1,2,1,1.0,6.0,79191,M,4633829.0,-41638.0,79
201800034869,18,3,5,1835,1,2,1,8.0,3.0,79191,M,4630803.0,-48457.0,79
201800034870,18,5,8,1155,1,2,1,1.0,6.0,79191,M,4632021.0,-46176.0,79
201800034871,18,5,15,2015,1,2,2,1.0,3.0,79191,M,4631029.0,-46573.0,79
201800034872,18,5,17,2000,1,2,3,1.0,3.0,79191,M,4632765.0,-46612.0,79
201800034873,18,5,18,1715,1,2,3,1.0,3.0,79191,M,4632535.0,-48075.0,79
201800034874,18,5,24,1835,1,2,1,1.0,3.0,79191,M,4633856.0,-44680.0,79
201800034875,18,5,25,825,1,2,3,1.0,1.0,79191,M,4631069.0,-47416.0,79
201800034876,18,5,26,2310,5,2,3,1.0,3.0,79191,M,4632745.0,-44462.0,79
201800034877,18,6,20,1805,1,2,1,1.0,6.0,79191,M,4631932.0,-41821.0,79
201800034878,18,6,22,2155,2,2,1,1.0,2.0,79191,M,4632422.0,-45377.0,79
201800034879,18,7,6,1645,1,2,2,1.0,6.0,79081,M,4634579.0,-39810.0,79
201800034880,18,7,11,830,1,2,5,1.0,6.0,79191,M,4631988.0,-45112.0,79
201800034881,18,8,2,1635,1,2,1,1.0,3.0,79191,M,4631580.0,-49457.0,79
201800034882,18,8,21,845,1,2,7,1.0,2.0,79191,M,4632265.0,-46187.0,79
201800034883,18,8,24,1340,1,2,9,1.0,2.0,79081,M,4633985.0,-40369.0,79
201800034884,18,8,31,740,1,2,3,1.0,7.0,79191,M,4632136.0,-47073.0,79
201800034885,18,8,31,1150,1,2,1,1.0,5.0,79191,M,4636167.0,-48720.0,79
201800034886,18,9,8,1900,1,2,2,1.0,3.0,79191,M,4632004.0,-45678.0,79
201800034887,18,9,14,745,2,2,3,8.0,3.0,79191,M,4635341.0,-43961.0,79
201800034888,18,9,16,2015,2,2,1,1.0,7.0,79191,M,4634225.0,-46390.0,79
201800034889,18,9,19,1151,1,2,6,1.0,2.0,79191,M,4631979.0,-45483.0,79
201800034890,18,9,27,740,2,2,4,1.0,3.0,79191,M,4634046.0,-44554.0,79
201800034891,18,10,23,1120,1,2,1,1.0,6.0,79191,M,4632455.0,-45560.0,79
201800034892,18,11,20,1850,5,2,1,1.0,4.0,79191,M,4633474.0,-42796.0,79
201800034893,18,12,1,1755,5,2,9,3.0,6.0,79191,M,4633788.0,-41106.0,79
201800034894,18,12,4,755,5,2,3,2.0,3.0,79191,M,4631202.0,-43993.0,79
201800034895,18,12,11,900,1,2,1,1.0,6.0,79191,M,4631704.0,-48197.0,79
201800034896,18,12,20,1205,1,2,1,2.0,3.0,79191,M,4631712.0,-44700.0,79
201800034897,18,12,20,830,2,2,1,2.0,3.0,79191,M,4633531.0,-41253.0,79
201800034898,18,12,27,1610,1,2,1,8.0,5.0,79191,M,4633832.0,-41601.0,79
201800034899,18,1,16,2120,5,2,3,2.0,6.0,79329,M,4698289.0,-20725.0,79
201800034900,18,1,18,1600,1,2,1,2.0,2.0,79259,M,4696731.0,-21074.0,79
201800034901,18,1,24,1915,5,2,2,1.0,3.0,79329,M,4698080.0,-21417.0,79
201800034902,18,3,3,1940,5,2,2,2.0,3.0,79329,M,4697488.0,-21571.0,79
201800034903,18,3,14,1510,1,2,3,8.0,2.0,79329,M,4698733.0,-21656.0,79
201800034904,18,4,19,445,3,1,2,1.0,3.0,79259,M,4695385.0,-21497.0,79
201800034905,18,5,8,1304,1,2,1,1.0,6.0,79329,M,4698220.0,-19905.0,79
201800034906,18,5,4,1930,1,2,1,1.0,7.0,79329,M,4699129.0,-21702.0,79
201800034907,18,5,11,1800,1,2,1,1.0,7.0,79300,M,4699787.0,-21640.0,79
201800034908,18,6,8,1400,1,1,1,1.0,2.0,79329,M,4698211.0,-18433.0,79
201800034909,18,6,20,1350,1,1,8,1.0,2.0,79259,M,4694702.0,-23075.0,79
201800034910,18,6,23,510,5,2,2,1.0,3.0,79329,M,4699232.0,-20878.0,79
201800034911,18,7,6,901,1,2,1,1.0,4.0,79300,M,4699449.0,-20796.0,79
201800034912,18,7,21,1915,1,2,1,1.0,6.0,79329,M,4698705.0,-21950.0,79
201800034913,18,8,2,2105,1,2,3,1.0,6.0,79329,M,4697234.0,-20091.0,79
201800034914,18,8,4,605,2,1,2,1.0,6.0,79259,M,4695386.0,-21521.0,79
201800034915,18,8,8,650,1,1,1,1.0,7.0,79259,M,4695841.0,-20419.0,79
201800034916,18,9,12,1725,1,2,2,1.0,3.0,79329,M,4698178.0,-21649.0,79
201800034917,18,9,18,1035,1,2,7,1.0,6.0,79329,M,4697874.0,-21270.0,79
201800034918,18,10,10,915,1,2,2,7.0,1.0,79329,M,4697208.0,-18499.0,79
201800034919,18,10,24,1240,1,2,2,1.0,2.0,79259,M,4695989.0,-20893.0,79
201800034920,18,10,31,1820,4,2,6,2.0,3.0,79329,M,4697893.0,-20011.0,79
201800034921,18,11,6,1220,1,2,3,8.0,3.0,79329,M,4698809.0,-21028.0,79
201800034922,18,11,14,755,2,2,1,2.0,7.0,79329,M,4699700.0,-19699.0,79
201800034923,18,11,15,805,1,2,3,5.0,3.0,79300,M,4701294.0,-24771.0,79
201800034924,18,11,17,1934,3,1,1,8.0,7.0,79259,M,4695252.0,-22363.0,79
201800034925,18,12,14,1905,5,2,1,1.0,6.0,79329,M,4698376.0,-19869.0,79
201800034926,18,12,29,310,3,1,6,5.0,2.0,79300,M,4701404.0,-20095.0,79
201800034927,18,12,31,50,3,2,1,5.0,7.0,79300,M,4700987.0,-24023.0,79
201800034928,18,1,31,745,2,2,1,8.0,7.0,80001,M,5011704.0,185015.0,80
201800034929,18,12,31,1145,1,2,1,1.0,2.0,80001,M,5009641.0,185332.0,80
201800034930,18,1,30,825,2,2,1,2.0,6.0,80001,M,5010878.0,182526.0,80
201800034931,18,5,19,1935,1,2,9,1.0,1.0,80001,M,5010870.0,182239.0,80
201800034932,18,6,26,925,1,2,1,1.0,6.0,80001,M,5010500.0,185817.0,80
201800034933,18,9,6,1545,1,2,9,1.0,6.0,80001,M,5010127.0,185692.0,80
201800034934,18,8,16,1238,1,2,1,1.0,6.0,80001,M,5010925.0,183968.0,80
201800034935,18,10,9,1510,1,2,6,1.0,6.0,80001,M,5011433.0,182665.0,80
201800034936,18,10,13,1435,1,2,1,1.0,6.0,80001,M,5010611.0,183231.0,80
201800034937,18,10,18,1030,1,2,1,1.0,6.0,80001,M,5010625.0,183417.0,80
201800034938,18,11,13,1400,1,2,1,1.0,3.0,80001,M,5010406.0,182795.0,80
201800034939,18,11,9,1618,1,2,7,1.0,6.0,80001,M,5010624.0,183367.0,80
201800034940,18,11,23,1910,5,2,1,5.0,1.0,80001,M,5010984.0,182550.0,80
201800034941,18,12,6,1830,4,2,1,1.0,6.0,80001,M,5011035.0,183884.0,80
201800034942,18,12,25,430,5,2,6,1.0,7.0,80001,M,5011434.0,182599.0,80
201800034943,18,12,30,1125,1,2,3,5.0,3.0,80021,M,4990770.0,230361.0,80
201800034944,18,12,30,1345,1,2,1,1.0,3.0,80021,M,4991183.0,230261.0,80
201800034945,18,1,3,850,1,1,1,1.0,1.0,80725,M,4987272.0,225990.0,80
201800034946,18,1,6,1510,1,2,2,1.0,3.0,80021,M,4990751.0,232079.0,80
201800034947,18,1,9,1000,1,2,1,1.0,3.0,80021,M,4988787.0,233301.0,80
201800034948,18,1,10,730,5,2,1,2.0,2.0,80674,M,4989915.0,233200.0,80
201800034949,18,1,12,355,5,2,2,1.0,3.0,80021,M,4989970.0,231566.0,80
201800034950,18,1,11,905,2,1,2,2.0,3.0,80724,M,4985208.0,225027.0,80
201800034951,18,1,14,1805,5,2,1,1.0,6.0,80021,M,4991071.0,230975.0,80
201800034952,18,1,5,2310,3,1,1,2.0,7.0,80131,M,4985936.0,237578.0,80
201800034953,18,1,14,1440,1,2,2,1.0,3.0,80021,M,4989572.0,228145.0,80
201800034954,18,1,15,1645,2,2,1,2.0,6.0,80021,M,4991036.0,229696.0,80
201800034955,18,1,15,2020,5,2,1,2.0,6.0,80021,M,4990765.0,230154.0,80
201800034956,18,1,15,2000,5,2,1,2.0,2.0,80021,M,4990646.0,231807.0,80
201800034957,18,1,16,1125,1,2,1,4.0,1.0,80021,M,4990050.0,226919.0,80
201800034958,18,1,17,515,3,1,1,4.0,6.0,80021,M,4991862.0,236035.0,80
201800034959,18,1,18,835,2,2,1,2.0,6.0,80021,M,4990197.0,227847.0,80
201800034960,18,1,19,815,1,2,1,2.0,3.0,80021,M,4989044.0,228256.0,80
201800034961,18,1,19,1750,5,2,1,2.0,4.0,80021,M,4990726.0,229014.0,80
201800034962,18,1,20,2200,5,2,1,2.0,3.0,80021,M,4989238.0,230752.0,80
201800034963,18,1,18,845,1,2,1,3.0,3.0,80021,M,4989901.0,230506.0,80
201800034964,18,1,22,1800,5,2,1,1.0,2.0,80021,M,4989066.0,230624.0,80
201800034965,18,1,23,935,1,2,1,1.0,3.0,80160,M,4985913.0,234625.0,80
201800034966,18,1,23,1735,5,2,1,1.0,6.0,80021,M,4991163.0,224829.0,80
201800034967,18,1,24,100,5,2,1,2.0,3.0,80021,M,4990490.0,227357.0,80
201800034968,18,1,24,1740,5,2,1,1.0,6.0,80021,M,4987621.0,230970.0,80
201800034969,18,1,25,1605,1,2,1,1.0,1.0,80164,M,4992216.0,225990.0,80
201800034970,18,1,26,845,1,2,1,1.0,6.0,80021,M,4989802.0,228297.0,80
201800034971,18,1,26,1515,1,2,2,1.0,3.0,80021,M,4989602.0,229769.0,80
201800034972,18,1,25,1615,1,2,2,1.0,3.0,80021,M,4988539.0,229703.0,80
201800034973,18,1,29,1835,5,2,1,2.0,2.0,80021,M,4989001.0,228218.0,80
201800034974,18,1,31,1225,1,2,2,3.0,3.0,80021,M,4989971.0,228358.0,80
201800034975,18,1,31,1720,1,2,1,1.0,6.0,80021,M,4989733.0,228963.0,80
201800034976,18,1,30,1302,1,2,1,1.0,2.0,80021,M,4988763.0,231447.0,80
201800034977,18,2,2,1640,1,2,2,1.0,2.0,80021,M,4988258.0,232182.0,80
201800034978,18,2,5,1210,1,2,1,4.0,4.0,80261,M,4986742.0,227870.0,80
201800034979,18,2,5,800,2,2,1,1.0,3.0,80021,M,4991434.0,225644.0,80
201800034980,18,2,5,1320,1,2,2,1.0,2.0,80021,M,4989413.0,228393.0,80
201800034981,18,2,7,1605,1,2,1,1.0,6.0,80021,M,4991117.0,225496.0,80
201800034982,18,2,8,1420,1,2,1,1.0,6.0,80021,M,4991768.0,230544.0,80
201800034983,18,2,12,1850,1,1,1,1.0,5.0,80730,M,4989946.0,222262.0,80
201800034984,18,2,8,1836,5,2,1,1.0,2.0,80021,M,4989027.0,230606.0,80
201800034985,18,2,16,1350,1,2,1,1.0,2.0,80021,M,4988557.0,227972.0,80
201800034986,18,2,18,1925,5,2,1,1.0,6.0,80021,M,4989328.0,228662.0,80
201800034987,18,2,20,1025,1,2,2,1.0,3.0,80021,M,4988097.0,231317.0,80
201800034988,18,2,25,1715,1,2,1,1.0,6.0,80021,M,4991593.0,224854.0,80
201800034989,18,2,23,910,1,2,1,1.0,2.0,80021,M,4991055.0,225690.0,80
201800034990,18,2,23,1505,1,2,1,1.0,7.0,80021,M,4989815.0,226613.0,80
201800034991,18,2,23,1645,1,2,1,1.0,6.0,80489,M,4987318.0,235568.0,80
201800034992,18,2,22,730,1,2,2,1.0,3.0,80021,M,4990363.0,230709.0,80
201800034993,18,2,28,1625,1,2,1,1.0,3.0,80021,M,4987913.0,230071.0,80
201800034994,18,3,3,1000,1,2,1,4.0,6.0,80021,M,4990696.0,231826.0,80
201800034995,18,3,4,1900,5,2,1,1.0,6.0,80021,M,4989955.0,230043.0,80
201800034996,18,3,8,740,1,2,2,1.0,3.0,80021,M,4989389.0,229423.0,80
201800034997,18,3,8,1310,1,2,1,2.0,2.0,80021,M,4992259.0,230193.0,80
201800034998,18,3,8,1420,1,2,1,1.0,4.0,80021,M,4987522.0,227783.0,80
201800034999,18,3,8,1920,5,2,1,1.0,3.0,80021,M,4989780.0,229609.0,80
201800035000,18,3,14,850,1,2,1,1.0,6.0,80021,M,4989729.0,227061.0,80
201800035001,18,3,15,1730,1,2,1,1.0,2.0,80724,M,4985927.0,225310.0,80
201800035002,18,3,15,1420,1,2,1,1.0,6.0,80021,M,4987957.0,230848.0,80
201800035003,18,3,16,1430,1,2,1,1.0,4.0,80261,M,4986144.0,226674.0,80
201800035004,18,3,21,345,5,2,1,1.0,6.0,80021,M,4990970.0,229278.0,80
201800035005,18,2,24,1440,1,2,1,1.0,7.0,80256,M,4991753.0,223784.0,80
201800035006,18,3,15,845,1,2,1,1.0,6.0,80021,M,4989244.0,230785.0,80
201800035007,18,3,16,1455,1,2,1,1.0,6.0,80021,M,4987990.0,232151.0,80
201800035008,18,3,25,1905,1,2,2,1.0,3.0,80021,M,4986445.0,233837.0,80
201800035009,18,3,26,1300,1,2,1,1.0,3.0,80021,M,4992381.0,230547.0,80
201800035010,18,1,9,1640,1,2,1,1.0,3.0,80021,M,4988206.0,231912.0,80