Num_Acc,an,mois,jour,hrmn,lum,agg,int,atm,col,com,gps,lat,long,dep
201800035011,18,3,24,1110,1,2,1,1.0,6.0,80021,M,4989554.0,230445.0,80
201800035012,18,3,28,1030,1,2,2,1.0,3.0,80021,M,4990168.0,228402.0,80
201800035013,18,3,29,1645,1,2,1,1.0,6.0,80021,M,4989210.0,230836.0,80
201800035014,18,3,30,830,1,2,1,1.0,1.0,80021,M,4988703.0,226819.0,80
201800035015,18,4,2,1800,1,2,1,2.0,6.0,80021,M,4989418.0,225855.0,80
201800035016,18,4,3,2200,5,2,2,1.0,3.0,80021,M,4989040.0,229050.0,80
201800035017,18,4,3,1025,1,2,1,1.0,2.0,80261,M,4986645.0,227808.0,80
201800035018,18,3,17,1230,1,2,1,1.0,3.0,80021,M,4990357.0,235758.0,80
201800035019,18,4,4,2120,3,1,1,2.0,1.0,80674,M,4991443.0,234576.0,80
201800035020,18,4,4,1250,1,2,1,1.0,2.0,80021,M,4989489.0,230836.0,80
201800035021,18,4,4,2250,5,2,2,1.0,3.0,80021,M,4989106.0,230654.0,80
201800035022,18,4,6,1720,1,2,1,1.0,3.0,80021,M,4989674.0,228844.0,80
201800035023,18,4,6,1840,1,2,1,1.0,6.0,80632,M,4988085.0,225759.0,80
201800035024,18,4,7,2045,5,2,2,1.0,3.0,80021,M,4991119.0,225499.0,80
201800035025,18,4,8,55,5,2,2,1.0,3.0,80021,M,4990207.0,229987.0,80
201800035026,18,4,9,205,5,2,1,1.0,6.0,80021,M,4988373.0,231200.0,80
201800035027,18,4,9,1220,1,2,1,1.0,2.0,80021,M,4988838.0,228059.0,80
201800035028,18,4,9,2000,1,2,1,1.0,2.0,80021,M,4990562.0,230154.0,80
201800035029,18,4,11,1140,1,2,1,1.0,6.0,80021,M,4989664.0,228907.0,80
201800035030,18,4,11,1330,1,2,1,1.0,6.0,80021,M,4991398.0,224662.0,80
201800035031,18,4,12,1840,1,2,1,3.0,6.0,80021,M,4990248.0,227234.0,80
201800035032,18,4,12,1240,1,2,1,1.0,2.0,80021,M,4991685.0,230329.0,80
201800035033,18,4,13,825,1,2,1,1.0,6.0,80021,M,4991167.0,225421.0,80
201800035034,18,4,16,1130,1,2,2,1.0,3.0,80021,M,4989728.0,228957.0,80
201800035035,18,4,17,855,1,2,1,1.0,2.0,80021,M,4988791.0,231405.0,80
201800035036,18,4,18,703,1,2,1,1.0,6.0,80021,M,4989435.0,227784.0,80
201800035037,18,4,19,1450,1,2,9,1.0,6.0,80021,M,4989664.0,230115.0,80
201800035038,18,4,20,1550,1,2,1,1.0,3.0,80021,M,4990281.0,227971.0,80
201800035039,18,4,20,2242,5,2,9,1.0,7.0,80021,M,4992256.0,230124.0,80
201800035040,18,4,20,1924,1,2,1,1.0,1.0,80164,M,4989624.0,233575.0,80
201800035041,18,4,21,2110,2,2,1,1.0,1.0,80021,M,4990309.0,231576.0,80
201800035042,18,4,21,2020,1,2,1,1.0,4.0,80021,M,4990464.0,230117.0,80
201800035043,18,4,21,1820,1,2,1,1.0,3.0,80021,M,4987676.0,227426.0,80
201800035044,18,4,25,1840,1,2,2,1.0,6.0,80021,M,4990867.0,229164.0,80
201800035045,18,4,25,1720,1,2,1,1.0,6.0,80021,M,4991625.0,225033.0,80
201800035046,18,5,1,2035,1,2,1,1.0,3.0,80021,M,4990598.0,227032.0,80
201800035047,18,5,1,1610,1,2,1,1.0,6.0,80021,M,4986931.0,231211.0,80
201800035048,18,4,30,2000,1,1,1,1.0,2.0,80379,M,4987645.0,236907.0,80
201800035049,18,5,2,1625,1,2,1,1.0,6.0,80021,M,4988660.0,227921.0,80
201800035050,18,5,7,1200,1,2,1,1.0,6.0,80021,M,4988406.0,231669.0,80
201800035051,18,5,7,1405,1,2,2,1.0,3.0,80021,M,4988996.0,229052.0,80
201800035052,18,5,9,1955,1,2,1,1.0,3.0,80021,M,4990810.0,231762.0,80
201800035053,18,5,11,1745,1,2,1,1.0,6.0,80021,M,4991163.0,230803.0,80
201800035054,18,5,11,1755,1,2,1,1.0,6.0,80021,M,4989242.0,229985.0,80
201800035055,18,5,16,1740,1,2,1,1.0,6.0,80021,M,4988519.0,232020.0,80
201800035056,18,3,10,1902,2,2,1,1.0,7.0,80021,M,4990275.0,228680.0,80
201800035057,18,5,18,855,1,2,2,1.0,5.0,80021,M,4988521.0,232036.0,80
201800035058,18,5,21,1635,1,2,2,1.0,3.0,80021,M,4990017.0,229437.0,80
201800035059,18,5,21,1215,1,2,1,1.0,3.0,80021,M,4989869.0,229165.0,80
201800035060,18,5,25,210,5,2,1,5.0,7.0,80021,M,4989957.0,230436.0,80
201800035061,18,5,25,750,1,2,1,5.0,1.0,80021,M,4992204.0,227012.0,80
201800035062,18,5,28,835,1,2,1,1.0,6.0,80021,M,4989987.0,231497.0,80
201800035063,18,5,31,828,1,2,1,1.0,3.0,80021,M,4989607.0,229773.0,80
201800035064,18,6,1,1500,1,2,1,1.0,6.0,80021,M,4990141.0,229970.0,80
201800035065,18,6,4,715,1,1,1,1.0,3.0,80164,M,4988656.0,237274.0,80
201800035066,18,6,6,10,5,2,1,1.0,6.0,80021,M,4990724.0,231811.0,80
201800035067,18,6,6,1720,1,2,1,1.0,3.0,80674,M,4991100.0,233393.0,80
201800035068,18,6,6,1950,1,2,1,1.0,7.0,80021,M,4988885.0,226662.0,80
201800035069,18,3,9,1330,1,2,1,1.0,3.0,80021,M,4989693.0,228286.0,80
201800035070,18,6,12,1050,1,2,1,1.0,3.0,80021,M,4989976.0,229763.0,80
201800035071,18,6,12,1645,1,2,2,1.0,3.0,80021,M,4989689.0,228279.0,80
201800035072,18,6,12,1435,1,2,1,1.0,2.0,80021,M,4988911.0,231066.0,80
201800035073,18,6,13,1815,1,2,1,1.0,3.0,80021,M,4991357.0,230530.0,80
201800035074,18,6,15,840,1,2,1,1.0,6.0,80021,M,4989246.0,230734.0,80
201800035075,18,6,16,1950,1,2,1,1.0,6.0,80489,M,4987098.0,235598.0,80
201800035076,18,6,21,1305,1,2,3,1.0,3.0,80674,M,4990818.0,232682.0,80
201800035077,18,6,22,1740,1,2,1,1.0,4.0,80021,M,4988244.0,228542.0,80
201800035078,18,6,26,550,1,2,1,1.0,6.0,80131,M,4984464.0,238306.0,80
201800035079,18,6,26,615,1,1,1,1.0,2.0,80021,M,4994671.0,227709.0,80
201800035080,18,6,26,900,1,2,6,1.0,3.0,80021,M,4988670.0,227888.0,80
201800035081,18,6,28,2020,2,2,1,1.0,2.0,80021,M,4991837.0,229336.0,80
201800035082,18,7,2,845,1,2,1,1.0,1.0,80021,M,4990531.0,224637.0,80
201800035083,18,7,3,2120,1,2,1,1.0,7.0,80379,M,4986770.0,237942.0,80
201800035084,18,7,2,1416,1,2,1,1.0,3.0,80021,M,4990990.0,226544.0,80
201800035085,18,7,5,1540,1,1,1,1.0,2.0,80674,M,4991046.0,234414.0,80
201800035086,18,7,5,2235,2,2,1,1.0,6.0,80021,M,4990992.0,225888.0,80
201800035087,18,7,11,30,5,2,1,1.0,6.0,80021,M,4989373.0,230309.0,80
201800035088,18,7,13,1400,1,2,1,1.0,3.0,80021,M,4989964.0,231588.0,80
201800035089,18,7,13,2230,5,2,1,1.0,1.0,80021,M,4989802.0,228656.0,80
201800035090,18,7,14,1140,1,2,2,1.0,5.0,80021,M,4991170.0,224525.0,80
201800035091,18,7,17,1057,1,2,1,1.0,6.0,80021,M,4989721.0,227105.0,80
201800035092,18,7,20,2343,5,2,1,1.0,7.0,80021,M,4990486.0,227364.0,80
201800035093,18,7,22,1830,1,2,2,1.0,3.0,80021,M,4988664.0,230258.0,80
201800035094,18,7,21,1915,1,2,1,1.0,3.0,80021,M,4989819.0,227006.0,80
201800035095,18,7,23,820,1,2,1,1.0,2.0,80021,M,4989201.0,230755.0,80
201800035096,18,7,24,2350,5,2,1,1.0,7.0,80021,M,4989877.0,229115.0,80
201800035097,18,7,26,925,1,2,1,1.0,6.0,80021,M,4988772.0,226948.0,80
201800035098,18,7,27,2105,2,2,1,2.0,6.0,80021,M,4989569.0,227564.0,80
201800035099,18,7,27,1905,1,2,1,1.0,6.0,80021,M,4988810.0,226510.0,80
201800035100,18,7,31,1835,1,2,1,1.0,6.0,80021,M,4988015.0,228394.0,80
201800035101,18,7,31,825,1,1,1,1.0,3.0,80021,M,4990324.0,231563.0,80
201800035102,18,8,1,1020,1,2,1,1.0,6.0,80021,M,4989443.0,229894.0,80
201800035103,18,8,7,1755,1,2,1,1.0,2.0,80021,M,4989476.0,230941.0,80
201800035104,18,8,9,1010,1,1,2,3.0,3.0,80021,M,4989475.0,230906.0,80
201800035105,18,8,17,1900,1,2,1,1.0,3.0,80021,M,4989554.0,230555.0,80
201800035106,18,8,22,1845,1,2,1,1.0,3.0,80021,M,4989512.0,230702.0,80
201800035107,18,8,25,1034,1,2,1,1.0,6.0,80021,M,4989385.0,229397.0,80
201800035108,18,8,28,1655,1,2,2,1.0,3.0,80021,M,4990416.0,228836.0,80
201800035109,18,8,28,705,1,2,1,1.0,3.0,80021,M,4988910.0,228836.0,80
201800035110,18,8,28,858,1,2,1,1.0,3.0,80021,M,4987927.0,228342.0,80
201800035111,18,8,29,755,1,2,1,2.0,2.0,80021,M,4991887.0,227088.0,80
201800035112,18,8,31,1715,1,2,1,1.0,5.0,80021,M,4989369.0,228523.0,80
201800035113,18,9,6,1725,1,2,1,1.0,6.0,80021,M,4989190.0,228844.0,80
201800035114,18,9,6,2045,2,2,1,1.0,6.0,80021,M,4989478.0,230893.0,80
201800035115,18,9,12,745,1,2,2,1.0,1.0,80021,M,4989974.0,228352.0,80
201800035116,18,9,12,810,1,1,2,5.0,3.0,80724,M,4985227.0,225036.0,80
201800035117,18,9,12,855,1,1,1,5.0,2.0,80724,M,4984836.0,224778.0,80
201800035118,18,9,13,2035,5,2,2,1.0,3.0,80021,M,4990221.0,227247.0,80
201800035119,18,9,13,1825,1,2,2,1.0,3.0,80261,M,4986641.0,227788.0,80
201800035120,18,9,14,25,5,2,1,1.0,6.0,80021,M,4989638.0,230270.0,80
201800035121,18,9,14,1930,1,2,3,1.0,3.0,80021,M,4986590.0,233501.0,80
201800035122,18,9,15,2200,5,2,1,1.0,6.0,80021,M,4989454.0,226163.0,80
201800035123,18,9,16,110,5,2,1,1.0,6.0,80021,M,4989597.0,230034.0,80
201800035124,18,9,18,2300,5,2,1,1.0,6.0,80632,M,4988045.0,225749.0,80
201800035125,18,9,20,430,5,2,1,1.0,1.0,80164,M,4989252.0,233788.0,80
201800035126,18,9,22,1200,1,2,2,1.0,3.0,80021,M,4989824.0,229874.0,80
201800035127,18,9,24,1830,1,2,9,1.0,3.0,80021,M,4987099.0,230425.0,80
201800035128,18,9,26,1810,1,2,1,1.0,3.0,80256,M,4991490.0,223137.0,80
201800035129,18,9,26,1700,1,2,1,1.0,3.0,80021,M,4989339.0,231100.0,80
201800035130,18,9,27,1715,1,2,1,1.0,3.0,80021,M,4992944.0,228100.0,80
201800035131,18,9,30,730,5,2,1,1.0,6.0,80725,M,4987065.0,225545.0,80
201800035132,18,10,1,1610,1,2,1,1.0,6.0,80489,M,4986795.0,237141.0,80
201800035133,18,10,1,1725,1,2,1,1.0,6.0,80489,M,4986782.0,236994.0,80
201800035134,18,10,2,815,2,2,1,1.0,4.0,80021,M,4987730.0,227116.0,80
201800035135,18,10,4,650,5,2,1,1.0,6.0,80021,M,4989332.0,228560.0,80
201800035136,18,10,7,1010,1,2,1,1.0,6.0,80021,M,4988869.0,231165.0,80
201800035137,18,10,6,1120,1,2,1,1.0,4.0,80021,M,4988015.0,228393.0,80
201800035138,18,10,5,1830,1,2,1,1.0,2.0,80021,M,4989685.0,228245.0,80
201800035139,18,10,10,1140,1,1,1,1.0,2.0,80489,M,4987193.0,237109.0,80
201800035140,18,10,13,1045,1,1,1,1.0,2.0,80131,M,4984149.0,238466.0,80
201800035141,18,10,12,1340,1,2,3,1.0,1.0,80021,M,4989048.0,229153.0,80
201800035142,18,10,16,1515,1,2,1,1.0,1.0,80021,M,4987731.0,228277.0,80
201800035143,18,10,17,920,1,2,1,1.0,3.0,80021,M,4988710.0,231551.0,80
201800035144,18,10,18,1757,1,2,1,1.0,6.0,80379,M,4986805.0,237883.0,80
201800035145,18,10,18,901,1,2,1,1.0,6.0,80021,M,4990801.0,225857.0,80
201800035146,18,10,18,915,1,2,1,1.0,1.0,80256,M,4991319.0,223709.0,80
201800035147,18,10,19,945,1,2,1,1.0,3.0,80021,M,4988608.0,227412.0,80
201800035148,18,10,23,1908,2,2,2,1.0,2.0,80021,M,4990161.0,228423.0,80
201800035149,18,10,28,2050,5,2,3,1.0,3.0,80021,M,4990030.0,230380.0,80
201800035150,18,10,30,1005,1,2,1,2.0,6.0,80021,M,4989150.0,230228.0,80
201800035151,18,11,2,1630,1,2,1,1.0,6.0,80021,M,4987439.0,228668.0,80
201800035152,18,11,5,1150,1,2,1,1.0,3.0,80489,M,4986812.0,237339.0,80
201800035153,18,11,6,1905,5,2,1,1.0,3.0,80021,M,4987524.0,232959.0,80
201800035154,18,11,8,1505,1,2,6,1.0,3.0,80021,M,4990588.0,227124.0,80
201800035155,18,11,8,1415,1,2,1,1.0,6.0,80021,M,4990627.0,230427.0,80
201800035156,18,11,8,1415,1,2,3,1.0,5.0,80489,M,4986770.0,235693.0,80
201800035157,18,11,13,1540,1,2,1,1.0,3.0,80489,M,4986820.0,237423.0,80
201800035158,18,11,15,935,1,2,1,1.0,6.0,80021,M,4990381.0,230717.0,80
201800035159,18,11,15,1700,1,2,3,1.0,3.0,80021,M,4987268.0,230521.0,80
201800035160,18,11,15,1910,5,2,3,2.0,3.0,80021,M,4988768.0,229694.0,80
201800035161,18,11,17,1128,1,1,1,1.0,1.0,80131,M,4982566.0,239429.0,80
201800035162,18,11,17,1030,1,2,1,1.0,2.0,80021,M,4987928.0,229763.0,80
201800035163,18,11,16,1715,5,2,1,1.0,6.0,80021,M,4990572.0,231399.0,80
201800035164,18,11,18,1505,1,2,3,1.0,3.0,80021,M,4991167.0,230445.0,80
201800035165,18,11,18,1940,5,2,1,1.0,6.0,80489,M,4986823.0,234832.0,80
201800035166,18,11,19,1317,1,2,1,1.0,3.0,80021,M,4989334.0,228842.0,80
201800035167,18,11,22,1730,5,2,3,2.0,3.0,80021,M,4989395.0,231156.0,80
201800035168,18,11,23,845,1,2,1,1.0,3.0,80021,M,4988672.0,228081.0,80
201800035169,18,11,27,1805,5,2,1,2.0,6.0,80021,M,4989961.0,229755.0,80
201800035170,18,11,29,1810,5,2,1,1.0,6.0,80021,M,4988725.0,228393.0,80
201800035171,18,11,29,1200,1,2,1,1.0,6.0,80021,M,4989208.0,229056.0,80
201800035172,18,11,30,1045,1,2,1,1.0,5.0,80021,M,4989318.0,228505.0,80
201800035173,18,12,3,1150,1,2,1,3.0,6.0,80021,M,4990960.0,225991.0,80
201800035174,18,12,4,1845,5,2,1,1.0,4.0,80021,M,4991150.0,225255.0,80
201800035175,18,12,5,1415,1,2,1,1.0,4.0,80021,M,4990341.0,227638.0,80
201800035176,18,12,6,817,1,2,1,1.0,3.0,80021,M,4988201.0,229876.0,80
201800035177,18,12,9,1725,5,2,1,2.0,3.0,80021,M,4988904.0,231506.0,80
201800035178,18,12,7,945,1,2,1,8.0,2.0,80021,M,4991170.0,231543.0,80
201800035179,18,12,9,1710,1,2,1,1.0,6.0,80021,M,4990850.0,230647.0,80
201800035180,18,12,6,1823,5,2,1,1.0,1.0,80021,M,4990712.0,231946.0,80
201800035181,18,12,6,1215,1,2,3,1.0,3.0,80489,M,4986976.0,235194.0,80
201800035182,18,12,6,2005,5,2,1,1.0,3.0,80725,M,4986780.0,225669.0,80
201800035183,18,12,12,1005,1,2,1,1.0,6.0,80021,M,4991763.0,225265.0,80
201800035184,18,12,13,2000,5,2,1,1.0,2.0,80021,M,4991520.0,229451.0,80
201800035185,18,12,14,2030,5,2,2,1.0,3.0,80021,M,4989650.0,228894.0,80
201800035186,18,12,17,1240,1,2,1,1.0,3.0,80021,M,4987509.0,228433.0,80
201800035187,18,12,17,2313,5,2,1,1.0,6.0,80164,M,4992097.0,236889.0,80
201800035188,18,12,18,1745,5,2,1,2.0,6.0,80725,M,4987049.0,226205.0,80
201800035189,18,12,18,1830,5,2,1,1.0,3.0,80021,M,4988715.0,228793.0,80
201800035190,18,12,19,810,2,2,1,1.0,6.0,80021,M,4987941.0,230521.0,80
201800035191,18,12,20,815,1,2,1,1.0,6.0,80160,M,4986211.0,234115.0,80
201800035192,18,12,21,1120,1,2,1,2.0,4.0,80021,M,4992675.0,231013.0,80
201800035193,18,12,23,1940,5,2,1,2.0,3.0,80021,M,4991052.0,230930.0,80
201800035194,18,12,24,1128,1,2,1,2.0,3.0,80021,M,4988381.0,228228.0,80
201800035195,18,12,27,2355,3,1,1,1.0,6.0,80164,M,4989079.0,237423.0,80
201800035196,18,4,5,1505,1,2,1,1.0,1.0,81004,M,4391285.0,214744.0,81
201800035197,18,4,14,1605,2,2,1,2.0,6.0,81004,M,4391713.0,214418.0,81
201800035198,18,4,19,1650,1,2,1,1.0,3.0,81004,M,4391705.0,216713.0,81
201800035199,18,4,19,1600,1,2,9,1.0,6.0,81004,M,,,81
201800035200,18,6,2,830,1,2,1,1.0,3.0,81004,M,4394937.0,212908.0,81
201800035201,18,6,4,1650,1,1,1,1.0,6.0,81004,M,,,81
201800035202,18,6,2,1845,1,2,1,1.0,6.0,81004,M,4391167.0,216697.0,81
201800035203,18,6,24,2145,2,1,1,2.0,7.0,81257,M,4394919.0,223366.0,81
201800035204,18,7,5,1715,1,2,1,3.0,6.0,81004,M,4392719.0,215388.0,81
201800035205,18,7,6,1545,1,1,2,1.0,3.0,81004,M,4390460.0,220395.0,81
201800035206,18,7,30,513,3,2,1,1.0,7.0,81004,M,4391333.0,216087.0,81
201800035207,18,8,3,740,1,2,1,1.0,1.0,81004,M,4391969.0,213506.0,81
201800035208,18,8,5,2125,2,1,1,1.0,7.0,81144,M,4395954.0,216167.0,81
201800035209,18,8,20,2150,5,2,9,1.0,3.0,81004,M,4392802.0,214817.0,81
201800035210,18,8,20,1210,1,2,1,1.0,3.0,81004,M,4391957.0,213498.0,81
201800035211,18,9,11,1745,1,2,1,1.0,3.0,81004,M,4394617.0,215149.0,81
201800035212,18,9,20,1930,1,2,1,1.0,6.0,81004,M,4391991.0,213821.0,81
201800035213,18,10,4,450,3,2,1,1.0,6.0,81004,M,4392958.0,219036.0,81
201800035214,18,10,15,550,3,2,1,3.0,6.0,81004,M,4391822.0,211601.0,81
201800035215,18,10,26,939,1,2,1,2.0,6.0,81004,M,4394353.0,215010.0,81
201800035216,18,12,15,2100,5,2,3,2.0,3.0,81004,M,4392370.0,214066.0,81
201800035217,18,12,16,550,3,1,1,3.0,7.0,81004,M,4395500.0,211500.0,81
201800035218,18,12,23,2153,3,2,1,5.0,6.0,81004,M,4391479.0,218958.0,81
201800035219,18,3,15,645,2,1,2,1.0,3.0,81060,M,4405276.0,214345.0,81
201800035220,18,3,31,2015,5,2,1,1.0,6.0,81060,M,4405631.0,216686.0,81
201800035221,18,4,1,430,3,1,1,2.0,6.0,81033,M,,,81
201800035222,18,8,13,2145,5,2,6,1.0,3.0,81060,M,4405040.0,214618.0,81
201800035223,18,8,21,903,1,2,1,1.0,6.0,81060,M,4405516.0,214553.0,81
201800035224,18,10,30,1130,1,2,4,1.0,3.0,81060,M,4404849.0,215868.0,81
201800035225,18,12,19,755,2,2,3,9.0,5.0,81033,M,4402000.0,215000.0,81
201800035226,18,1,13,30,3,1,1,1.0,7.0,81065,M,4356971.0,226125.0,81
201800035227,18,4,5,1725,1,2,1,1.0,4.0,81065,M,4360951.0,226018.0,81
201800035228,18,4,5,2128,5,2,1,1.0,7.0,81065,M,4359294.0,226662.0,81
201800035229,18,5,4,2235,5,2,1,1.0,6.0,81065,M,4361079.0,226362.0,81
201800035230,18,5,13,650,2,1,1,1.0,7.0,81065,M,4360085.0,221737.0,81
201800035231,18,5,26,2000,1,1,1,1.0,6.0,81065,M,4356219.0,225465.0,81
201800035232,18,9,9,150,5,2,1,1.0,6.0,81065,M,4359333.0,225555.0,81
201800035233,18,3,18,1600,1,1,1,3.0,1.0,81163,M,4346443.0,235555.0,81
201800035234,18,6,20,1955,1,2,1,1.0,3.0,81021,M,4350510.0,235880.0,81
201800035235,18,6,27,1930,1,2,1,1.0,6.0,81163,M,4349150.0,237813.0,81
201800035236,18,7,8,1745,1,1,1,1.0,7.0,81163,M,4347593.0,237853.0,81
201800035237,18,7,15,2249,5,2,1,1.0,7.0,81163,M,4350207.0,237713.0,81
201800035238,18,7,13,1858,1,2,1,1.0,7.0,81163,M,4349959.0,238642.0,81
201800035239,18,8,8,950,1,2,1,1.0,6.0,81163,M,4349101.0,237664.0,81
201800035240,18,10,14,125,4,2,1,1.0,2.0,81021,M,4351541.0,237232.0,81
201800035241,18,12,1,2320,3,2,2,2.0,3.0,81163,M,4349695.0,237557.0,81
201800035242,18,1,20,1145,1,2,1,2.0,6.0,82033,M,4404549.0,111424.0,82
201800035243,18,1,21,1548,1,2,6,2.0,3.0,82033,M,4403708.0,110683.0,82
201800035244,18,2,16,1930,3,1,1,1.0,6.0,82033,M,4402615.0,108611.0,82
201800035245,18,2,10,515,3,1,2,1.0,6.0,82033,M,4403326.0,116453.0,82
201800035246,18,3,6,745,1,2,6,1.0,3.0,82033,M,4404508.0,111477.0,82
201800035247,18,2,19,2110,3,1,6,2.0,6.0,82033,M,4402838.0,113737.0,82
201800035248,18,2,13,855,1,1,1,1.0,6.0,82033,M,4400156.0,113069.0,82
201800035249,18,5,3,2005,1,1,2,1.0,3.0,82033,M,4403807.0,110959.0,82
201800035250,18,6,2,1132,1,1,1,1.0,6.0,82033,M,4404196.0,113314.0,82
201800035251,18,6,7,2303,5,2,3,1.0,3.0,82033,M,4403578.0,111362.0,82
201800035252,18,6,9,1812,1,2,2,1.0,7.0,82033,M,4402986.0,110697.0,82
201800035253,18,6,22,1028,1,2,1,7.0,3.0,82033,M,4406092.0,109811.0,82
201800035254,18,3,2,1850,5,2,2,1.0,3.0,82033,M,4403829.0,110785.0,82
201800035255,18,7,2,2117,1,2,1,1.0,6.0,82033,M,4404208.0,110574.0,82
201800035256,18,7,15,810,1,1,1,2.0,2.0,82033,M,4407204.0,109418.0,82
201800035257,18,7,18,1135,1,1,1,1.0,1.0,82033,M,4403402.0,116941.0,82
201800035258,18,7,24,944,1,2,7,1.0,6.0,82033,M,4404024.0,110857.0,82
201800035259,18,7,20,2300,5,1,1,3.0,7.0,82033,M,4406525.0,111190.0,82
201800035260,18,8,14,545,3,1,3,1.0,6.0,82033,M,4403420.0,112823.0,82
201800035261,18,8,24,1020,1,1,1,2.0,7.0,82033,M,4406481.0,111121.0,82
201800035262,18,10,4,830,1,2,1,7.0,6.0,82033,M,4404169.0,111241.0,82
201800035263,18,11,3,2045,3,1,2,5.0,7.0,82033,M,4403334.0,116479.0,82
201800035264,18,12,7,740,5,2,1,2.0,6.0,82033,M,4404109.0,111026.0,82
201800035265,18,2,1,1720,1,2,1,1.0,6.0,82121,M,4400618.0,135592.0,82
201800035266,18,2,18,1535,1,1,1,1.0,1.0,82121,M,4398610.0,131774.0,82
201800035267,18,1,15,2105,3,1,2,2.0,3.0,82121,M,4404113.0,142155.0,82
201800035268,18,1,25,2025,5,1,2,1.0,3.0,82121,M,4401761.0,132028.0,82
201800035269,18,2,26,912,1,2,2,7.0,3.0,82121,M,4403657.0,136809.0,82
201800035270,18,3,10,850,1,2,1,1.0,6.0,82121,M,4401566.0,135504.0,82
201800035271,18,3,13,2000,5,2,1,1.0,6.0,82121,M,4400827.0,135622.0,82
201800035272,18,4,3,1120,1,2,1,1.0,1.0,82121,M,4399441.0,133426.0,82
201800035273,18,4,22,507,3,1,3,1.0,6.0,82121,M,4406084.0,133604.0,82
201800035274,18,4,27,1550,1,1,1,1.0,6.0,82121,M,4405260.0,141027.0,82
201800035275,18,4,30,1100,1,2,3,1.0,1.0,82121,M,4401773.0,137026.0,82
201800035276,18,4,27,2020,1,1,1,1.0,1.0,82121,M,4402209.0,135483.0,82
201800035277,18,5,2,1410,1,1,1,1.0,6.0,82121,M,4398577.0,140324.0,82
201800035278,18,5,1,2010,1,2,3,1.0,6.0,82121,M,4401685.0,134832.0,82
201800035279,18,4,30,1820,1,1,1,1.0,6.0,82121,M,4404353.0,135642.0,82
201800035280,18,5,30,1335,1,1,1,2.0,1.0,82121,M,4399423.0,138637.0,82
201800035281,18,6,1,15,5,2,1,1.0,6.0,82121,M,4400828.0,135621.0,82
201800035282,18,6,25,1910,1,2,1,1.0,6.0,82121,M,4401394.0,136421.0,82
201800035283,18,6,26,750,1,2,6,1.0,6.0,82121,M,4401443.0,134735.0,82
201800035284,18,7,11,2000,1,2,1,1.0,6.0,82121,M,4401837.0,138707.0,82
201800035285,18,7,14,453,5,2,6,1.0,3.0,82121,M,4401409.0,135485.0,82
201800035286,18,7,14,1800,1,2,7,1.0,6.0,82121,M,4401546.0,135609.0,82
201800035287,18,7,16,2100,2,1,1,1.0,6.0,82121,M,4400361.0,133350.0,82
201800035288,18,7,17,2350,3,1,1,1.0,6.0,82121,M,4399552.0,138440.0,82
201800035289,18,7,20,1651,1,2,4,1.0,6.0,82121,M,4400506.0,136333.0,82
201800035290,18,7,25,2040,2,2,1,1.0,6.0,82121,M,4406127.0,134910.0,82
201800035291,18,8,1,1131,1,1,1,1.0,1.0,82121,M,4403162.0,140580.0,82
201800035292,18,8,11,710,1,2,1,1.0,7.0,82121,M,4404208.0,136790.0,82
201800035293,18,8,28,1215,1,2,2,1.0,3.0,82121,M,4402102.0,135456.0,82
201800035294,18,8,31,1110,1,2,2,1.0,3.0,82121,M,4402017.0,135438.0,82
201800035295,18,9,4,2100,5,2,1,1.0,3.0,82121,M,4403154.0,137669.0,82
201800035296,18,9,11,945,1,2,1,1.0,3.0,82121,M,4400440.0,134123.0,82
201800035297,18,9,20,930,1,2,2,1.0,3.0,82121,M,4401981.0,135766.0,82
201800035298,18,9,21,1145,1,2,1,1.0,6.0,82121,M,4401815.0,135689.0,82
201800035299,18,9,23,1800,1,2,6,1.0,3.0,82121,M,4400211.0,136966.0,82
201800035300,18,10,1,1630,1,2,2,1.0,6.0,82121,M,4402250.0,134816.0,82
201800035301,18,10,23,1700,1,2,2,1.0,3.0,82121,M,4401529.0,137871.0,82
201800035302,18,10,20,1800,1,2,1,1.0,6.0,82121,M,4406914.0,136602.0,82
201800035303,18,10,26,2230,5,2,1,1.0,3.0,82121,M,4402764.0,134559.0,82
201800035304,18,11,16,1115,1,2,1,1.0,1.0,82121,M,4403206.0,137357.0,82
201800035305,18,11,17,1440,1,2,3,1.0,2.0,82121,M,4402703.0,136742.0,82
201800035306,18,11,19,1918,3,1,2,1.0,2.0,82121,M,4406697.0,141768.0,82
201800035307,18,11,25,120,3,1,1,1.0,6.0,82121,M,4403632.0,131085.0,82
201800035308,18,11,29,800,1,2,3,1.0,3.0,82121,M,4404016.0,135663.0,82
201800035309,18,12,7,640,3,2,1,1.0,3.0,82121,M,4398045.0,133123.0,82
201800035310,18,12,8,1210,1,2,3,1.0,3.0,82121,M,4402652.0,136674.0,82
201800035311,18,12,10,1704,1,1,3,1.0,3.0,82121,M,4403396.0,132352.0,82
201800035312,18,12,15,600,3,1,1,1.0,1.0,82121,M,4398035.0,133120.0,82
201800035313,18,1,6,2025,5,2,3,1.0,3.0,83050,M,4353340.0,646972.0,83
201800035314,18,1,18,755,1,2,1,1.0,6.0,83050,M,4353915.0,646296.0,83