Num_Acc,an,mois,jour,hrmn,lum,agg,int,atm,col,com,gps,lat,long,dep
201800035315,18,1,27,2015,5,2,6,1.0,3.0,83050,M,4352664.0,647158.0,83
201800035316,18,4,19,1540,1,2,1,1.0,1.0,83050,M,4352540.0,651450.0,83
201800035317,18,3,12,915,1,2,1,1.0,7.0,83050,M,4353155.0,646951.0,83
201800035318,18,4,29,1235,1,2,1,1.0,3.0,83050,M,4353102.0,646573.0,83
201800035319,18,5,2,1005,1,2,6,1.0,6.0,83050,M,4353449.0,645626.0,83
201800035320,18,5,12,1650,1,2,2,1.0,6.0,83050,M,4353638.0,646016.0,83
201800035321,18,5,16,1205,1,2,1,1.0,3.0,83050,M,4353085.0,645669.0,83
201800035322,18,6,18,1450,1,1,2,1.0,1.0,83050,M,4353357.0,641028.0,83
201800035323,18,6,19,1815,1,2,1,1.0,1.0,83050,M,4353333.0,647629.0,83
201800035324,18,6,19,1950,1,2,3,1.0,3.0,83050,M,4353083.0,647997.0,83
201800035325,18,8,20,1600,1,2,1,1.0,1.0,83050,M,4352721.0,643896.0,83
201800035326,18,9,21,1750,1,2,2,1.0,6.0,83050,M,4353680.0,646943.0,83
201800035327,18,9,28,1810,1,2,1,1.0,6.0,83050,M,4353415.0,645806.0,83
201800035328,18,10,9,1820,1,2,3,2.0,3.0,83050,M,4353051.0,647004.0,83
201800035329,18,10,15,1920,2,2,2,1.0,2.0,83050,M,4353124.0,647031.0,83
201800035330,18,10,25,1845,2,2,2,1.0,3.0,83050,M,4353131.0,647347.0,83
201800035331,18,11,18,1930,5,2,3,1.0,3.0,83050,M,4353927.0,646308.0,83
201800035332,18,11,11,1120,1,2,1,1.0,6.0,83050,M,4353942.0,646327.0,83
201800035333,18,11,24,950,1,2,1,8.0,6.0,83050,M,4353529.0,646117.0,83
201800035334,18,11,28,1840,3,2,6,1.0,6.0,83050,M,4352971.0,647088.0,83
201800035335,18,11,28,1920,3,1,1,1.0,2.0,83050,M,4352243.0,643318.0,83
201800035336,18,12,5,2135,5,2,1,1.0,2.0,83050,M,4353513.0,646654.0,83
201800035337,18,12,8,2009,5,2,1,1.0,6.0,83050,M,4353673.0,646775.0,83
201800035338,18,12,19,1330,1,2,1,2.0,6.0,83050,M,4353188.0,646105.0,83
201800035339,18,2,20,1325,1,2,1,1.0,6.0,83061,M,4342905.0,672709.0,83
201800035340,18,3,16,1640,1,1,1,1.0,3.0,83118,M,4345383.0,692024.0,83
201800035341,18,3,29,1125,1,1,1,1.0,6.0,83061,M,4348393.0,672035.0,83
201800035342,18,4,22,620,2,2,4,1.0,5.0,83118,M,4341713.0,679434.0,83
201800035343,18,5,29,1225,1,2,1,1.0,3.0,83118,M,4343240.0,677290.0,83
201800035344,18,6,1,2335,5,2,1,1.0,6.0,83061,M,4344682.0,676193.0,83
201800035345,18,5,29,1415,1,2,1,1.0,3.0,83118,M,4342763.0,677401.0,83
201800035346,18,6,12,2000,1,2,6,1.0,6.0,83061,M,4344356.0,672570.0,83
201800035347,18,6,16,1510,1,2,9,1.0,3.0,83061,M,4344544.0,672647.0,83
201800035348,18,6,19,2100,1,1,1,1.0,3.0,83061,M,4352138.0,688722.0,83
201800035349,18,6,28,210,5,2,1,1.0,6.0,83118,M,4342999.0,679900.0,83
201800035350,18,7,13,1755,1,2,1,1.0,5.0,83061,M,4343620.0,675990.0,83
201800035351,18,7,18,1410,1,2,1,1.0,6.0,83061,M,4340270.0,672980.0,83
201800035352,18,7,31,1315,1,2,1,1.0,2.0,83061,M,4344221.0,674675.0,83
201800035353,18,8,14,1705,1,2,1,1.0,2.0,83061,M,4338733.0,672387.0,83
201800035354,18,8,15,1750,1,2,1,1.0,3.0,83061,M,4342472.0,673666.0,83
201800035355,18,8,22,2140,5,2,9,1.0,3.0,83061,M,4325370.0,645900.0,83
201800035356,18,8,24,740,1,2,1,1.0,3.0,83061,M,4346000.0,672770.0,83
201800035357,18,10,20,1046,1,2,6,1.0,6.0,83061,M,4343360.0,679314.0,83
201800035358,18,11,1,300,3,2,1,3.0,6.0,83061,M,4343814.0,671500.0,83
201800035359,18,11,5,1130,1,2,9,1.0,6.0,83061,M,4343333.0,674027.0,83
201800035360,18,12,16,215,5,2,1,1.0,6.0,83118,M,4343851.0,677388.0,83
201800035361,18,12,22,600,5,1,1,1.0,7.0,83061,M,4337847.0,671960.0,83
201800035362,18,1,18,1800,2,2,1,1.0,3.0,83069,M,4309522.0,613657.0,83
201800035363,18,1,20,250,5,1,1,1.0,6.0,83069,M,4312638.0,619316.0,83
201800035364,18,1,22,2115,5,2,1,1.0,7.0,83069,M,4310832.0,611790.0,83
201800035365,18,1,26,1530,1,1,1,3.0,1.0,83069,M,4316776.0,610970.0,83
201800035366,18,1,25,1540,1,1,1,2.0,5.0,83069,M,4315154.0,613269.0,83
201800035367,18,2,8,1930,5,2,1,1.0,6.0,83069,M,4365840.0,673251.0,83
201800035368,18,1,2,658,3,2,1,1.0,6.0,83069,M,4312439.0,615048.0,83
201800035369,18,2,16,1600,1,2,1,1.0,3.0,83069,M,4308093.0,615399.0,83
201800035370,18,2,16,2010,5,2,2,1.0,3.0,83069,M,4311738.0,614445.0,83
201800035371,18,2,18,1635,1,1,1,1.0,3.0,83069,M,4308209.0,614377.0,83
201800035372,18,2,19,830,1,1,1,1.0,6.0,83069,M,4308595.0,610663.0,83
201800035373,18,2,22,1340,1,2,1,1.0,3.0,83069,M,4312199.0,614093.0,83
201800035374,18,3,22,848,1,1,1,1.0,3.0,83069,M,4307900.0,614900.0,83
201800035375,18,4,13,1320,1,2,9,2.0,5.0,83069,M,4372604.0,654590.0,83
201800035376,18,4,22,1700,1,2,1,1.0,6.0,83069,M,4310897.0,617158.0,83
201800035377,18,4,25,1445,1,2,1,1.0,3.0,83069,M,4311077.0,612418.0,83
201800035378,18,4,28,1645,1,2,6,1.0,2.0,83069,M,4308051.0,614949.0,83
201800035379,18,4,28,530,5,2,9,1.0,1.0,83069,M,4316688.0,617425.0,83
201800035380,18,5,1,1915,1,1,1,8.0,6.0,83069,M,4313057.0,616929.0,83
201800035381,18,5,7,1800,1,2,1,1.0,2.0,83069,M,4312451.0,609473.0,83
201800035382,18,5,18,1615,1,2,9,1.0,3.0,83069,M,4310000.0,612000.0,83
201800035383,18,5,27,1210,1,2,1,1.0,6.0,83069,M,4311849.0,614240.0,83
201800035384,18,5,27,1340,1,1,1,1.0,7.0,83034,M,4310327.0,605575.0,83
201800035385,18,5,30,15,3,1,1,1.0,7.0,83069,M,4310823.0,608683.0,83
201800035386,18,6,5,1745,1,2,1,1.0,3.0,83069,M,4309681.0,613758.0,83
201800035387,18,6,6,1000,1,2,9,3.0,2.0,83034,M,4309123.0,608028.0,83
201800035388,18,6,16,1120,1,2,1,1.0,6.0,83069,M,4311074.0,612600.0,83
201800035389,18,6,19,1715,1,1,1,1.0,2.0,83069,M,4306580.0,613100.0,83
201800035390,18,6,21,715,1,1,1,1.0,2.0,83069,M,4314257.0,615390.0,83
201800035391,18,6,17,706,2,2,1,1.0,6.0,83034,M,4309487.0,607678.0,83
201800035392,18,6,22,1455,1,1,1,1.0,7.0,83069,M,4316918.0,611227.0,83
201800035393,18,6,22,1615,1,1,1,1.0,5.0,83069,M,4315028.0,614746.0,83
201800035394,18,6,24,1432,1,1,1,1.0,3.0,83069,M,4313111.0,608728.0,83
201800035395,18,7,4,1545,1,2,1,1.0,7.0,83069,M,4311576.0,612913.0,83
201800035396,18,7,6,2155,5,2,9,1.0,3.0,83069,M,4311345.0,612916.0,83
201800035397,18,7,13,1210,1,2,9,1.0,3.0,83069,M,4311623.0,611334.0,83
201800035398,18,7,14,1300,1,1,1,1.0,6.0,83069,M,4308001.0,612409.0,83
201800035399,18,7,15,2255,3,1,1,1.0,1.0,83069,M,4307708.0,612678.0,83
201800035400,18,7,13,1450,1,2,1,1.0,6.0,83069,M,4312194.0,611705.0,83
201800035401,18,7,28,1045,1,1,1,1.0,3.0,83069,M,4311343.0,610219.0,83
201800035402,18,7,29,640,1,1,1,1.0,6.0,83069,M,4313199.0,617101.0,83
201800035403,18,7,29,1205,1,2,1,1.0,6.0,83069,M,4311607.0,613147.0,83
201800035404,18,8,1,1455,1,2,1,1.0,4.0,83069,M,4311000.0,613000.0,83
201800035405,18,8,15,2135,3,2,1,1.0,7.0,83069,M,4311495.0,619242.0,83
201800035406,18,8,12,1,3,1,1,1.0,7.0,83069,M,4316161.0,612405.0,83
201800035407,18,9,5,2135,3,1,1,1.0,7.0,83069,M,4315474.0,612894.0,83
201800035408,18,9,9,1045,1,2,1,1.0,6.0,83069,M,4312453.0,615099.0,83
201800035409,18,9,10,2036,5,2,1,1.0,6.0,83069,M,4310713.0,613000.0,83
201800035410,18,9,14,1210,1,1,1,1.0,1.0,83069,M,4311136.0,609562.0,83
201800035411,18,9,14,1230,1,2,3,1.0,6.0,83069,M,4312189.0,614068.0,83
201800035412,18,9,22,1550,1,2,9,1.0,3.0,83069,M,4311000.0,612000.0,83
201800035413,18,10,3,1920,2,1,1,1.0,5.0,83069,M,4311520.0,609459.0,83
201800035414,18,10,5,1305,1,2,1,1.0,7.0,83069,M,4312474.0,615308.0,83
201800035415,18,10,8,1410,1,2,1,2.0,6.0,83069,M,4311894.0,612845.0,83
201800035416,18,10,21,1600,1,2,1,1.0,3.0,83069,M,4310825.0,617270.0,83
201800035417,18,11,1,750,1,1,1,2.0,1.0,83034,M,4309980.0,606240.0,83
201800035418,18,12,2,420,5,2,1,1.0,6.0,83034,M,4308512.0,610226.0,83
201800035419,18,12,3,823,1,1,1,1.0,2.0,83034,M,4310721.0,605197.0,83
201800035420,18,11,27,1330,1,2,1,1.0,6.0,83069,M,4311774.0,612865.0,83
201800035421,18,12,21,610,5,2,9,1.0,6.0,83034,M,4310132.0,608384.0,83
201800035422,18,1,10,1855,5,2,3,1.0,3.0,83129,M,4310706.0,582188.0,83
201800035423,18,1,13,1535,1,2,1,1.0,5.0,83129,M,4310097.0,582380.0,83
201800035424,18,1,15,730,2,2,9,8.0,7.0,83129,M,4308677.0,581476.0,83
201800035425,18,1,23,1040,1,2,3,7.0,6.0,83129,M,4309289.0,583924.0,83
201800035426,18,2,22,1100,1,2,3,1.0,3.0,83129,M,4307138.0,582360.0,83
201800035427,18,3,3,1000,1,2,6,1.0,6.0,83009,M,4313985.0,575417.0,83
201800035428,18,3,6,1730,1,2,1,7.0,6.0,83123,M,4312409.0,579125.0,83
201800035429,18,3,16,2230,5,2,1,1.0,6.0,83129,M,4307636.0,581420.0,83
201800035430,18,4,24,1445,1,2,1,1.0,6.0,83123,M,4312990.0,578266.0,83
201800035431,18,4,28,1,5,2,1,1.0,6.0,83129,M,4310063.0,582416.0,83
201800035432,18,4,28,1555,1,2,9,1.0,6.0,83123,M,4312746.0,578514.0,83
201800035433,18,5,10,1810,1,2,1,1.0,3.0,83009,M,4314020.0,577110.0,83
201800035434,18,5,16,1415,1,2,1,1.0,6.0,83129,M,4309896.0,582684.0,83
201800035435,18,5,23,1330,1,2,6,1.0,3.0,83129,M,4309551.0,584830.0,83
201800035436,18,5,25,1236,1,2,1,1.0,7.0,83129,M,4309899.0,582084.0,83
201800035437,18,5,28,1810,1,2,1,1.0,3.0,83129,M,4310994.0,584271.0,83
201800035438,18,6,5,1930,2,2,1,1.0,2.0,83129,M,4310847.0,581441.0,83
201800035439,18,6,5,1530,1,2,1,1.0,1.0,83123,M,4312923.0,578324.0,83
201800035440,18,6,11,1825,1,2,1,1.0,2.0,83123,M,4312015.0,580290.0,83
201800035441,18,6,17,1250,1,2,6,1.0,6.0,83123,M,4311756.0,579755.0,83
201800035442,18,6,19,1830,1,2,1,7.0,6.0,83123,M,4312084.0,580777.0,83
201800035443,18,6,19,2020,1,2,1,1.0,4.0,83123,M,4312985.0,578274.0,83
201800035444,18,6,26,900,1,2,9,1.0,6.0,83123,M,4311600.0,580663.0,83
201800035445,18,7,6,1625,1,2,1,1.0,6.0,83123,M,4311939.0,581239.0,83
201800035446,18,7,8,1730,1,2,1,1.0,6.0,83123,M,4312106.0,581726.0,83
201800035447,18,7,15,55,5,2,1,1.0,1.0,83129,M,4311915.0,580137.0,83
201800035448,18,7,20,550,2,1,1,1.0,7.0,83123,M,4313553.0,577891.0,83
201800035449,18,8,22,520,5,1,1,1.0,3.0,83123,M,4313461.0,577937.0,83
201800035450,18,9,3,150,5,2,9,1.0,2.0,83129,M,,,83
201800035451,18,9,4,1510,1,2,1,1.0,6.0,83123,M,4311750.0,579750.0,83
201800035452,18,9,14,1645,1,2,4,1.0,5.0,83129,M,4310797.0,581398.0,83
201800035453,18,9,12,1450,1,1,3,1.0,3.0,83123,M,4314143.0,577969.0,83
201800035454,18,9,23,1130,1,2,3,1.0,6.0,83129,M,4310013.0,581215.0,83
201800035455,18,10,9,1826,1,2,6,1.0,6.0,83129,M,4311026.0,582881.0,83
201800035456,18,10,6,950,1,2,1,1.0,2.0,83123,M,4314000.0,577000.0,83
201800035457,18,10,11,920,1,2,3,3.0,6.0,83129,M,4309200.0,584080.0,83
201800035458,18,10,19,1625,1,2,6,1.0,6.0,83129,M,4311387.0,581167.0,83
201800035459,18,10,21,1705,1,2,1,1.0,6.0,83123,M,4311843.0,580931.0,83
201800035460,18,10,25,800,1,2,1,7.0,6.0,83129,M,4309754.0,583678.0,83
201800035461,18,10,15,1900,5,2,3,2.0,6.0,83129,M,4309290.0,583910.0,83
201800035462,18,11,6,1850,5,2,1,8.0,6.0,83129,M,4310503.0,581330.0,83
201800035463,18,11,6,1515,1,2,1,1.0,6.0,83129,M,4309382.0,583733.0,83
201800035464,18,11,10,1215,1,2,1,1.0,6.0,83129,M,4309229.0,584088.0,83
201800035465,18,11,25,50,5,2,3,1.0,4.0,83129,M,4309999.0,581207.0,83
201800035466,18,11,25,315,5,2,1,1.0,6.0,83129,M,4311168.0,581199.0,83
201800035467,18,12,1,1820,2,2,1,1.0,6.0,83129,M,4309221.0,583872.0,83
201800035468,18,12,2,2110,5,2,1,1.0,6.0,83129,M,4309574.0,582851.0,83
201800035469,18,12,8,1,5,2,2,6.0,3.0,83129,M,4309616.0,581276.0,83
201800035470,18,12,10,1355,1,2,6,1.0,6.0,83129,M,4309477.0,584702.0,83
201800035471,18,1,22,1720,1,1,9,1.0,3.0,83126,M,4311918.0,585300.0,83
201800035472,18,1,3,1940,5,2,1,8.0,3.0,83126,M,4308923.0,588136.0,83
201800035473,18,2,15,1430,1,2,1,1.0,3.0,83126,M,4311450.0,585600.0,83
201800035474,18,4,6,1356,1,2,1,1.0,6.0,83126,M,4310945.0,586070.0,83
201800035475,18,4,9,1005,1,2,2,8.0,3.0,83126,M,4310613.0,586714.0,83
201800035476,18,4,13,2120,3,2,3,1.0,3.0,83126,M,4311822.0,588104.0,83
201800035477,18,4,17,815,2,2,2,7.0,6.0,83126,M,4310283.0,588096.0,83
201800035478,18,4,27,925,1,2,6,1.0,3.0,83126,M,4310110.0,588815.0,83
201800035479,18,5,10,1800,1,2,1,1.0,6.0,83126,M,4311529.0,588287.0,83
201800035480,18,5,23,650,2,2,9,7.0,1.0,83126,M,4311809.0,588309.0,83
201800035481,18,6,6,1435,1,2,1,1.0,2.0,83126,M,4309047.0,588141.0,83
201800035482,18,6,6,1930,1,2,1,8.0,3.0,83126,M,4310130.0,585371.0,83
201800035483,18,6,7,2100,2,2,9,2.0,3.0,83126,M,4308590.0,588096.0,83
201800035484,18,6,25,1430,1,2,9,1.0,3.0,83126,M,4310642.0,586632.0,83
201800035485,18,6,29,1920,1,2,1,1.0,6.0,83126,M,4307570.0,590643.0,83
201800035486,18,8,21,740,2,2,1,1.0,6.0,83126,M,4310164.0,589391.0,83
201800035487,18,8,30,1710,1,2,1,1.0,6.0,83126,M,4312238.0,585911.0,83
201800035488,18,9,21,1805,1,2,1,1.0,3.0,83126,M,4310413.0,585354.0,83
201800035489,18,10,19,1655,1,1,6,1.0,3.0,83126,M,4311194.0,586525.0,83
201800035490,18,10,19,1940,5,2,1,1.0,3.0,83126,M,4308377.0,588165.0,83
201800035491,18,12,5,1445,1,2,1,1.0,6.0,83126,M,4308779.0,585434.0,83
201800035492,18,12,22,620,5,2,2,1.0,3.0,83126,M,4311693.0,587811.0,83
201800035493,18,1,12,1525,1,2,1,1.0,3.0,83137,M,4312720.0,590337.0,83
201800035494,18,1,13,1550,1,2,1,1.0,3.0,83062,M,4313035.0,603009.0,83
201800035495,18,1,21,1605,1,2,1,1.0,3.0,83137,M,4313524.0,597773.0,83
201800035496,18,1,26,850,1,2,1,2.0,6.0,83137,M,4312000.0,596000.0,83
201800035497,18,2,3,1730,1,2,1,1.0,1.0,83144,M,4317763.0,596465.0,83
201800035498,18,2,6,1900,3,2,1,2.0,6.0,83137,M,4313477.0,588243.0,83
201800035499,18,2,7,1600,1,2,1,1.0,6.0,83137,M,4312620.0,592612.0,83
201800035500,18,1,31,1740,2,2,1,1.0,3.0,83137,M,4312968.0,592062.0,83
201800035501,18,2,9,900,1,2,1,1.0,1.0,83137,M,4313780.0,589424.0,83
201800035502,18,12,7,2215,5,2,9,1.0,1.0,83098,M,4310920.0,604373.0,83
201800035503,18,2,10,1735,2,2,1,1.0,3.0,83137,M,4313780.0,589424.0,83
201800035504,18,2,10,2049,5,2,1,1.0,6.0,83137,M,4314421.0,591219.0,83
201800035505,18,2,13,925,1,2,3,1.0,5.0,83137,M,4312185.0,594230.0,83
201800035506,18,2,16,1600,1,2,1,1.0,3.0,83137,M,4312883.0,596662.0,83
201800035507,18,2,19,1115,1,2,1,2.0,6.0,83137,M,4312734.0,590464.0,83
201800035508,18,2,19,640,5,2,1,2.0,2.0,83062,M,4312863.0,601921.0,83
201800035509,18,2,22,1959,3,2,1,2.0,6.0,83137,M,4312395.0,597405.0,83
201800035510,18,2,24,1410,1,1,1,2.0,3.0,83062,M,4314401.0,602191.0,83
201800035511,18,2,24,2215,5,2,1,2.0,6.0,83137,M,4312036.0,588861.0,83
201800035512,18,2,25,745,1,2,2,2.0,3.0,83137,M,4313146.0,589484.0,83
201800035513,18,3,1,1925,2,2,1,2.0,4.0,83098,M,4310850.0,603438.0,83
201800035514,18,3,6,945,1,1,1,1.0,2.0,83090,M,4315290.0,584494.0,83
201800035515,18,3,9,15,5,2,1,1.0,2.0,83137,M,4310000.0,593000.0,83
201800035516,18,3,10,2035,5,2,1,1.0,6.0,83144,M,4313651.0,598139.0,83
201800035517,18,3,25,155,3,2,1,1.0,6.0,83062,M,4314267.0,602154.0,83
201800035518,18,3,29,1830,1,2,2,1.0,3.0,83137,M,4313028.0,597642.0,83
201800035519,18,3,31,210,4,2,1,8.0,6.0,83137,M,4312719.0,592007.0,83
201800035520,18,4,6,1550,1,2,3,1.0,6.0,83137,M,4311215.0,593813.0,83
201800035521,18,4,8,1730,1,1,1,2.0,1.0,83090,M,4315093.0,584843.0,83
201800035522,18,4,15,930,1,2,1,1.0,6.0,83137,M,4312855.0,591348.0,83
201800035523,18,4,16,1800,1,1,1,1.0,1.0,83137,M,4316656.0,590007.0,83
201800035524,18,4,18,1750,1,2,1,1.0,3.0,83062,M,4310990.0,599941.0,83
201800035525,18,4,20,1315,1,2,1,1.0,3.0,83137,M,4311479.0,593644.0,83
201800035526,18,4,20,2210,5,2,1,1.0,5.0,83137,M,4312571.0,592814.0,83
201800035527,18,4,21,400,5,2,6,1.0,6.0,83062,M,4313444.0,601918.0,83
201800035528,18,4,21,1435,1,2,9,1.0,5.0,83137,M,4313619.0,592006.0,83
201800035529,18,4,22,1045,1,2,1,1.0,5.0,83137,M,4311509.0,593866.0,83
201800035530,18,4,25,1925,1,2,4,1.0,6.0,83062,M,4314339.0,602373.0,83
201800035531,18,4,27,1220,1,2,3,1.0,3.0,83137,M,4312471.0,595924.0,83
201800035532,18,4,28,800,1,2,1,1.0,6.0,83137,M,4314426.0,591222.0,83
201800035533,18,4,24,1810,1,2,3,1.0,3.0,83144,M,4314113.0,601282.0,83
201800035534,18,5,1,545,3,1,1,1.0,1.0,83062,M,4313328.0,603273.0,83
201800035535,18,5,6,1800,1,2,1,1.0,6.0,83062,M,4312080.0,601000.0,83
201800035536,18,5,9,1220,1,2,1,1.0,2.0,83144,M,4313242.0,600600.0,83
201800035537,18,5,13,1645,1,2,1,8.0,1.0,83137,M,4310829.0,594823.0,83
201800035538,18,5,15,1815,1,2,1,1.0,2.0,83137,M,4313161.0,597412.0,83
201800035539,18,5,17,1245,1,2,9,1.0,6.0,83062,M,4314329.0,601759.0,83
201800035540,18,5,23,1655,1,2,1,1.0,5.0,83137,M,4312222.0,589481.0,83
201800035541,18,5,22,1740,1,2,2,1.0,3.0,83137,M,4312514.0,593111.0,83
201800035542,18,5,25,1650,1,2,1,1.0,2.0,83137,M,4312484.0,593298.0,83
201800035543,18,5,27,1715,1,2,1,2.0,5.0,83090,M,4314850.0,584670.0,83
201800035544,18,5,27,1850,1,1,6,8.0,3.0,83090,M,4313482.0,585896.0,83
201800035545,18,5,28,1640,1,2,1,8.0,6.0,83137,M,4312382.0,595288.0,83
201800035546,18,5,29,745,1,2,3,1.0,3.0,83137,M,4312060.0,597578.0,83
201800035547,18,5,30,1530,1,1,1,1.0,1.0,83137,M,,,83
201800035548,18,6,2,1200,1,2,1,1.0,2.0,83090,M,4313950.0,584859.0,83
201800035549,18,5,24,1715,1,2,1,1.0,6.0,83137,M,4314664.0,590208.0,83
201800035550,18,6,7,1805,1,2,3,8.0,3.0,83137,M,4312562.0,595807.0,83
201800035551,18,6,10,455,5,2,1,1.0,6.0,83137,M,4315171.0,596852.0,83
201800035552,18,6,16,1625,1,2,3,1.0,3.0,83144,M,4314165.0,600082.0,83
201800035553,18,6,17,1135,1,2,1,1.0,6.0,83137,M,4311807.0,594608.0,83
201800035554,18,6,19,1200,1,2,1,1.0,6.0,83137,M,4316110.0,593832.0,83
201800035555,18,6,19,1615,1,2,1,1.0,6.0,83062,M,4312782.0,601381.0,83
201800035556,18,6,19,1950,1,2,3,1.0,3.0,83137,M,4312084.0,594417.0,83
201800035557,18,6,20,1550,1,2,3,1.0,3.0,83137,M,4313926.0,589196.0,83
201800035558,18,6,20,1845,1,2,3,1.0,3.0,83137,M,4312857.0,591240.0,83
201800035559,18,6,26,620,1,2,1,1.0,3.0,83137,M,4313066.0,590317.0,83
201800035560,18,6,26,1250,1,2,1,1.0,1.0,83137,M,4313477.0,594414.0,83
201800035561,18,6,27,1345,1,2,2,1.0,3.0,83062,M,4314104.0,603007.0,83
201800035562,18,6,28,2245,3,1,1,1.0,1.0,83090,M,,,83
201800035563,18,6,29,1515,1,2,9,1.0,3.0,83062,M,4314320.0,601723.0,83
201800035564,18,6,29,1750,1,2,1,1.0,6.0,83137,M,4312370.0,595079.0,83
201800035565,18,7,2,610,1,2,1,1.0,6.0,83137,M,4312402.0,592725.0,83
201800035566,18,7,2,1116,1,2,9,1.0,6.0,83144,M,4313000.0,598000.0,83
201800035567,18,7,2,1410,1,2,9,1.0,3.0,83062,M,4313668.0,603301.0,83
201800035568,18,7,2,1915,1,2,9,1.0,6.0,83144,M,4313951.0,600771.0,83
201800035569,18,7,3,800,1,2,1,1.0,6.0,83137,M,4312977.0,596974.0,83
201800035570,18,7,5,1245,1,2,6,1.0,6.0,83144,M,4313726.0,599799.0,83
201800035571,18,7,6,910,1,2,1,1.0,6.0,83137,M,4311203.0,593520.0,83
201800035572,18,7,9,1300,1,2,1,1.0,6.0,83137,M,4312099.0,594760.0,83
201800035573,18,7,9,2015,1,2,2,1.0,3.0,83137,M,4312191.0,595559.0,83
201800035574,18,7,10,1945,1,2,9,1.0,2.0,83137,M,4312899.0,590961.0,83
201800035575,18,7,15,2123,5,2,1,1.0,6.0,83137,M,4312740.0,590490.0,83
201800035576,18,7,16,1740,1,2,1,2.0,6.0,83137,M,4312854.0,591532.0,83
201800035577,18,7,18,1835,1,2,1,1.0,3.0,83137,M,4312613.0,592216.0,83
201800035578,18,7,20,1425,1,2,3,1.0,3.0,83137,M,4312502.0,593493.0,83
201800035579,18,7,23,930,1,2,6,1.0,3.0,83090,M,4312141.0,584716.0,83
201800035580,18,7,24,340,5,2,3,1.0,3.0,83137,M,4312615.0,589817.0,83
201800035581,18,7,28,2030,1,2,1,1.0,3.0,83137,M,4311180.0,593918.0,83
201800035582,18,7,30,1005,1,2,1,1.0,6.0,83137,M,4312142.0,593653.0,83
201800035583,18,7,31,1440,1,2,1,1.0,2.0,83144,M,4313700.0,598060.0,83
201800035584,18,8,4,1700,1,2,1,1.0,6.0,83137,M,4314240.0,590191.0,83
201800035585,18,8,14,1345,1,1,1,1.0,7.0,83137,M,4316534.0,593577.0,83
201800035586,18,8,24,1740,1,2,6,7.0,3.0,83137,M,4311851.0,594023.0,83
201800035587,18,8,24,1710,1,2,1,1.0,1.0,83137,M,4313287.0,595670.0,83
201800035588,18,8,28,1135,1,2,1,1.0,6.0,83137,M,4311595.0,594545.0,83
201800035589,18,8,30,1015,1,2,1,1.0,3.0,83137,M,4312565.0,593710.0,83
201800035590,18,9,5,2220,5,2,2,1.0,3.0,83137,M,4311897.0,594962.0,83
201800035591,18,9,7,1450,1,1,1,1.0,7.0,83098,M,4310911.0,600283.0,83
201800035592,18,9,11,1300,1,2,3,1.0,1.0,83137,M,4312373.0,595718.0,83
201800035593,18,9,11,2140,5,2,1,1.0,3.0,83137,M,4312654.0,589998.0,83
201800035594,18,9,13,1300,1,2,1,1.0,4.0,83137,M,4312299.0,593842.0,83
201800035595,18,9,13,2130,5,2,1,1.0,6.0,83137,M,4312852.0,591357.0,83
201800035596,18,9,17,1700,1,2,4,1.0,3.0,83137,M,4312846.0,589186.0,83
201800035597,18,9,18,1310,1,2,1,1.0,6.0,83137,M,4313212.0,588205.0,83
201800035598,18,9,19,2040,3,1,9,1.0,1.0,83144,M,4315906.0,595529.0,83
201800035599,18,9,17,1700,1,2,6,1.0,3.0,83137,M,4313996.0,588860.0,83
201800035600,18,9,19,755,1,2,1,1.0,1.0,83062,M,4310756.0,598807.0,83
201800035601,18,9,25,650,1,2,9,1.0,3.0,83137,M,4312322.0,597038.0,83
201800035602,18,9,25,1400,1,2,1,1.0,2.0,83062,M,4313780.0,602280.0,83
201800035603,18,9,25,2030,5,2,1,1.0,3.0,83137,M,,,83
201800035604,18,9,26,925,1,2,9,1.0,6.0,83137,M,4311866.0,597992.0,83
201800035605,18,9,26,1500,1,2,1,1.0,3.0,83137,M,4312705.0,589457.0,83
201800035606,18,9,28,810,1,1,9,1.0,3.0,83062,M,4314339.0,603774.0,83
201800035607,18,10,1,1310,1,2,1,1.0,6.0,83144,M,4313165.0,599330.0,83
201800035608,18,10,1,1430,1,1,1,6.0,1.0,83090,M,4312580.0,583739.0,83
201800035609,18,10,2,830,1,2,1,1.0,7.0,83144,M,4313759.0,601338.0,83
201800035610,18,10,3,730,1,2,3,1.0,3.0,83137,M,4312782.0,592478.0,83
201800035611,18,10,3,1300,1,2,1,1.0,3.0,83137,M,4312830.0,590500.0,83
201800035612,18,10,3,1840,1,1,1,1.0,3.0,83090,M,4312733.0,584905.0,83
201800035613,18,10,5,1945,5,2,1,1.0,6.0,83098,M,4882471.0,231967.0,83
201800035614,18,10,10,1550,1,2,1,3.0,6.0,83137,M,4311243.0,593862.0,83
201800035615,18,10,10,1710,1,2,9,3.0,6.0,83137,M,4312909.0,598429.0,83
201800035616,18,10,12,1215,1,2,3,2.0,3.0,83137,M,4312740.0,591991.0,83
201800035617,18,10,18,1755,1,2,9,1.0,3.0,83137,M,4312355.0,593623.0,83
201800035618,18,10,20,1720,1,2,1,1.0,2.0,83144,M,4313000.0,599000.0,83
201800035619,18,10,22,1240,1,2,1,1.0,6.0,83137,M,4313341.0,593231.0,83