Num_Acc,an,mois,jour,hrmn,lum,agg,int,atm,col,com,gps,lat,long,dep
201800035620,18,10,25,535,5,2,9,1.0,3.0,83137,M,4312419.0,593628.0,83
201800035621,18,10,27,1750,5,2,1,2.0,6.0,83137,M,4312694.0,590217.0,83
201800035622,18,10,27,2040,5,2,1,3.0,7.0,83137,M,4312000.0,595000.0,83
201800035623,18,11,3,640,5,2,2,2.0,1.0,83137,M,4312929.0,598573.0,83
201800035624,18,11,3,1600,1,2,1,1.0,6.0,83137,M,4312700.0,598160.0,83
201800035625,18,11,3,1800,5,2,3,1.0,3.0,83137,M,4314094.0,589052.0,83
201800035626,18,11,5,1655,1,2,1,2.0,1.0,83137,M,4311581.0,594178.0,83
201800035627,18,11,5,1950,5,2,1,2.0,6.0,83137,M,4312570.0,595860.0,83
201800035628,18,11,6,1715,1,2,1,1.0,1.0,83137,M,4373071.0,590582.0,83
201800035629,18,11,8,2000,5,2,7,1.0,3.0,83137,M,,,83
201800035630,18,11,9,1335,1,2,1,8.0,6.0,83137,M,4312469.0,593344.0,83
201800035631,18,11,13,1842,5,2,1,1.0,6.0,83137,M,4312791.0,592239.0,83
201800035632,18,11,16,1950,5,2,1,1.0,3.0,83137,M,4312770.0,590565.0,83
201800035633,18,11,17,1415,1,2,1,1.0,1.0,83137,M,4313411.0,588216.0,83
201800035634,18,11,17,1400,1,2,2,1.0,3.0,83137,M,4312711.0,592124.0,83
201800035635,18,11,18,1300,1,2,1,1.0,1.0,83137,M,4315488.0,591425.0,83
201800035636,18,11,20,1550,1,2,1,2.0,3.0,83062,M,4310757.0,598932.0,83
201800035637,18,11,22,1650,1,2,2,1.0,2.0,83137,M,4312731.0,591815.0,83
201800035638,18,11,23,2045,5,2,3,3.0,2.0,83137,M,4312248.0,594472.0,83
201800035639,18,11,26,700,5,2,1,1.0,6.0,83137,M,4312367.0,593723.0,83
201800035640,18,11,27,1430,1,2,2,1.0,3.0,83137,M,4312900.0,590211.0,83
201800035641,18,11,29,1925,5,2,2,1.0,3.0,83137,M,4314016.0,591311.0,83
201800035642,18,12,1,10,5,1,6,2.0,6.0,83103,M,4316350.0,592724.0,83
201800035643,18,12,1,1710,2,2,3,1.0,3.0,83144,M,4314299.0,598798.0,83
201800035644,18,12,5,1700,2,2,1,1.0,3.0,83062,M,4314515.0,602516.0,83
201800035645,18,12,5,1730,2,1,1,1.0,6.0,83144,M,4313831.0,600085.0,83
201800035646,18,12,5,1200,1,1,1,1.0,3.0,83062,M,4314917.0,603182.0,83
201800035647,18,12,6,2347,5,2,1,1.0,7.0,83137,M,4314280.0,591300.0,83
201800035648,18,12,8,1620,1,2,3,1.0,3.0,83098,M,,,83
201800035649,18,12,11,1100,1,2,1,1.0,4.0,83137,M,4312569.0,592858.0,83
201800035650,18,12,13,1840,5,2,1,2.0,6.0,83137,M,4311906.0,594064.0,83
201800035651,18,12,18,715,5,2,9,1.0,6.0,83098,M,4310681.0,603160.0,83
201800035652,18,12,28,1455,1,1,9,1.0,3.0,83062,M,4314111.0,603577.0,83
201800035653,18,12,28,1900,5,1,1,1.0,7.0,83062,M,4314644.0,603450.0,83
201800035654,18,12,28,730,3,2,3,1.0,6.0,83062,M,4312470.0,600896.0,83
201800035655,18,12,30,1740,2,2,1,1.0,1.0,83098,M,4309812.0,602424.0,83
201800035656,18,9,6,1140,1,2,1,1.0,6.0,84007,M,4395033.0,481363.0,84
201800035657,18,1,31,1305,1,2,2,1.0,3.0,84007,M,4392969.0,482095.0,84
201800035658,18,2,26,1930,5,2,1,1.0,6.0,84007,M,4394067.0,482784.0,84
201800035659,18,2,23,2130,5,2,1,1.0,3.0,30351,M,4395904.0,477711.0,30
201800035660,18,3,6,1600,1,2,6,1.0,6.0,84007,M,4394340.0,484746.0,84
201800035661,18,2,22,1325,1,2,1,1.0,6.0,84007,M,4392930.0,480085.0,84
201800035662,18,3,12,755,2,1,1,1.0,3.0,30351,M,4398261.0,478478.0,30
201800035663,18,4,11,2215,3,2,1,1.0,3.0,84007,M,4394086.0,479041.0,84
201800035664,18,3,28,830,1,2,1,1.0,6.0,84007,M,4392920.0,487574.0,84
201800035665,18,4,22,1210,1,2,7,1.0,6.0,84007,M,4393038.0,484774.0,84
201800035666,18,4,21,610,3,1,1,1.0,1.0,30351,M,4395337.0,479418.0,30
201800035667,18,3,15,1850,2,1,9,1.0,3.0,84007,M,4391914.0,489027.0,84
201800035668,18,5,18,1930,2,1,1,1.0,1.0,84007,M,4390747.0,492135.0,84
201800035669,18,5,22,1205,1,2,3,1.0,6.0,84007,M,4394098.0,480628.0,84
201800035670,18,5,30,1755,1,2,1,1.0,6.0,84007,M,4394562.0,480566.0,84
201800035671,18,6,2,730,1,2,6,1.0,1.0,30351,M,4395466.0,478952.0,30
201800035672,18,6,9,1435,1,2,2,1.0,3.0,84007,M,4393174.0,480174.0,84
201800035673,18,6,7,1315,1,2,1,1.0,6.0,84007,M,4393471.0,484168.0,84
201800035674,18,6,16,1425,1,1,9,1.0,3.0,30011,M,4394766.0,478623.0,30
201800035675,18,6,25,1648,1,2,9,1.0,5.0,30011,M,4396583.0,476583.0,30
201800035676,18,6,28,825,1,2,6,1.0,3.0,30011,M,4396133.0,474868.0,30
201800035677,18,7,10,1000,1,2,9,1.0,2.0,30351,M,4397560.0,478918.0,30
201800035678,18,7,19,1040,1,2,2,1.0,6.0,84007,M,4394752.0,480146.0,84
201800035679,18,5,12,1920,1,1,4,1.0,3.0,84007,M,4399469.0,482346.0,84
201800035680,18,8,10,1350,1,1,9,1.0,3.0,30011,M,4394105.0,477529.0,30
201800035681,18,8,30,1839,1,2,1,1.0,3.0,84007,M,4388880.0,491739.0,84
201800035682,18,9,7,1000,1,2,1,1.0,6.0,84007,M,4392964.0,480478.0,84
201800035683,18,9,18,800,1,2,9,1.0,3.0,84007,M,4392883.0,481249.0,84
201800035684,18,10,2,810,1,1,1,1.0,5.0,30011,M,4394882.0,477209.0,30
201800035685,18,10,16,1930,5,2,2,1.0,1.0,84007,M,4394554.0,480554.0,84
201800035686,18,10,22,1450,1,2,1,1.0,3.0,84007,M,4394934.0,485701.0,84
201800035687,18,10,29,1220,1,1,9,9.0,6.0,84007,M,4392195.0,485805.0,84
201800035688,18,9,3,1910,1,1,1,1.0,3.0,84007,M,4395317.0,487147.0,84
201800035689,18,9,27,450,3,2,1,1.0,2.0,84007,M,4395096.0,485169.0,84
201800035690,18,12,13,15,5,1,6,1.0,6.0,84007,M,4389001.0,491355.0,84
201800035691,18,12,12,1335,1,1,1,1.0,6.0,84007,M,4394710.0,481782.0,84
201800035692,18,12,18,1250,1,2,1,1.0,6.0,84007,M,4393996.0,483318.0,84
201800035693,18,12,22,357,3,1,1,2.0,5.0,84007,M,4395894.0,483574.0,84
201800035694,18,1,24,1955,5,2,1,1.0,6.0,84031,M,4404497.0,504848.0,84
201800035695,18,3,30,1211,1,2,1,1.0,6.0,84031,M,4405231.0,504718.0,84
201800035696,18,6,13,10,5,2,1,1.0,1.0,84031,M,4405950.0,505907.0,84
201800035697,18,6,8,1745,1,1,9,1.0,5.0,84080,M,4404569.0,500134.0,84
201800035698,18,8,16,1600,1,1,1,7.0,2.0,84080,M,4404513.0,500872.0,84
201800035699,18,7,6,1845,2,2,4,1.0,3.0,84031,M,4405971.0,505886.0,84
201800035700,18,9,5,840,1,2,1,1.0,6.0,84031,M,4405314.0,504922.0,84
201800035701,18,9,21,1925,1,2,9,1.0,6.0,84031,M,4405785.0,505053.0,84
201800035702,18,10,6,2315,3,1,1,1.0,1.0,84031,M,4406313.0,504097.0,84
201800035703,18,9,30,210,3,1,1,1.0,6.0,84031,M,4406021.0,507716.0,84
201800035704,18,12,17,1445,1,2,1,1.0,2.0,84031,M,,,84
201800035705,18,6,17,705,1,1,1,1.0,6.0,84035,M,4386959.0,501402.0,84
201800035706,18,6,16,1150,1,2,6,1.0,6.0,84035,M,4383792.0,504326.0,84
201800035707,18,6,26,2245,5,2,1,1.0,3.0,84035,M,4383040.0,505523.0,84
201800035708,18,8,10,2238,5,2,2,1.0,3.0,84035,M,4383872.0,504839.0,84
201800035709,18,8,14,1935,1,1,2,1.0,1.0,84035,M,4383749.0,506826.0,84
201800035710,18,2,14,2225,5,2,1,1.0,7.0,84087,M,4475149.0,449147.0,84
201800035711,18,12,20,755,2,2,2,5.0,6.0,84087,M,4412994.0,483517.0,84
201800035712,18,6,14,1630,1,2,1,1.0,3.0,84087,M,4412849.0,482060.0,84
201800035713,18,6,21,852,1,2,3,1.0,6.0,84087,M,4414058.0,480530.0,84
201800035714,18,7,30,2015,1,1,3,1.0,3.0,84087,M,4415931.0,479745.0,84
201800035715,18,8,1,1955,1,2,3,1.0,3.0,84087,M,4413960.0,481417.0,84
201800035716,18,8,11,1320,1,2,1,1.0,6.0,84087,M,4413687.0,481122.0,84
201800035717,18,11,10,1600,1,2,2,8.0,1.0,84087,M,4886272.0,228759.0,84
201800035718,18,11,19,1000,1,2,1,1.0,6.0,84087,M,4413423.0,481154.0,84
201800035719,18,11,21,1842,3,1,1,1.0,5.0,84087,M,4409514.0,481097.0,84
201800035720,18,1,5,520,2,2,1,1.0,6.0,85191,M,4668131.0,-143554.0,85
201800035721,18,1,15,834,2,1,1,1.0,1.0,85191,M,4668804.0,-141266.0,85
201800035722,18,1,16,1815,2,2,1,2.0,6.0,85191,M,4670072.0,-143144.0,85
201800035723,18,2,3,615,3,1,1,1.0,7.0,85191,M,4667716.0,-136752.0,85
201800035724,18,2,15,1830,2,2,6,1.0,6.0,85191,M,4664654.0,-143513.0,85
201800035725,18,2,23,2145,5,2,1,1.0,2.0,85191,M,4665382.0,-141815.0,85
201800035726,18,2,16,1700,1,2,3,1.0,6.0,85191,M,4668151.0,-144127.0,85
201800035727,18,2,21,1920,2,2,2,1.0,6.0,85191,M,4666042.0,-141158.0,85
201800035728,18,2,24,1540,1,2,3,1.0,3.0,85191,M,4668542.0,-142390.0,85
201800035729,18,3,21,655,3,1,1,1.0,2.0,85191,M,4667891.0,-138442.0,85
201800035730,18,3,26,1030,1,1,2,2.0,2.0,85191,M,4665378.0,-141811.0,85
201800035731,18,3,28,1420,1,2,1,2.0,6.0,85191,M,4666784.0,-143820.0,85
201800035732,18,3,30,730,3,2,1,9.0,1.0,85191,M,4668149.0,-143974.0,85
201800035733,18,4,3,735,2,2,1,3.0,4.0,85191,M,4668483.0,144586.0,85
201800035734,18,4,8,2120,2,2,1,1.0,1.0,85191,M,4669643.0,-143182.0,85
201800035735,18,3,20,345,3,1,1,1.0,6.0,85191,M,4667005.0,-146525.0,85
201800035736,18,4,16,900,1,2,3,7.0,3.0,85191,M,4667306.0,-144256.0,85
201800035737,18,4,22,1115,1,2,1,7.0,7.0,85191,M,4670358.0,143084.0,85
201800035738,18,4,29,1136,1,2,1,1.0,6.0,85191,M,4665943.0,-143470.0,85
201800035739,18,5,6,20,5,2,2,1.0,3.0,85191,M,4666056.0,-141152.0,85
201800035740,18,5,16,820,1,2,1,1.0,6.0,85191,M,4666669.0,143242.0,85
201800035741,18,5,28,915,1,1,1,1.0,1.0,85191,M,4668362.0,-138607.0,85
201800035742,18,6,11,1110,1,2,3,1.0,3.0,85191,M,4668043.0,-141769.0,85
201800035743,18,6,18,2048,1,2,1,1.0,6.0,85191,M,4669082.0,-144034.0,85
201800035744,18,6,10,1625,1,2,6,1.0,3.0,85191,M,4665981.0,-144028.0,85
201800035745,18,6,25,1500,1,1,1,1.0,6.0,85191,M,4667963.0,-142325.0,85
201800035746,18,6,29,1515,1,2,9,7.0,3.0,85191,M,4665433.0,-144576.0,85
201800035747,18,7,17,1705,1,2,2,7.0,3.0,85191,M,4666536.0,-142533.0,85
201800035748,18,7,24,1930,1,1,6,1.0,3.0,85191,M,4663714.0,-139738.0,85
201800035749,18,9,2,1905,1,2,2,1.0,2.0,85191,M,4666517.0,-142157.0,85
201800035750,18,9,5,1210,1,2,3,1.0,1.0,85191,M,4667037.0,-141361.0,85
201800035751,18,9,7,815,1,1,2,1.0,3.0,85191,M,4664693.0,141480.0,85
201800035752,18,9,8,125,5,2,1,1.0,1.0,85191,M,4666363.0,-142879.0,85
201800035753,18,9,17,1330,1,2,9,1.0,3.0,85191,M,4667516.0,142649.0,85
201800035754,18,10,2,1245,1,2,1,1.0,3.0,85191,M,4665555.0,-145554.0,85
201800035755,18,10,5,2006,5,2,3,1.0,3.0,85191,M,4667119.0,-142430.0,85
201800035756,18,10,16,1815,1,2,9,1.0,3.0,85191,M,4667715.0,-142455.0,85
201800035757,18,10,22,1545,1,2,1,1.0,3.0,85191,M,4665497.0,-144591.0,85
201800035758,18,10,30,1835,3,2,1,1.0,6.0,85191,M,4668720.0,-142418.0,85
201800035759,18,11,3,1910,5,2,3,1.0,3.0,85191,M,4666193.0,-142605.0,85
201800035760,18,11,12,1830,2,2,1,1.0,1.0,85191,M,4666798.0,-143093.0,85
201800035761,18,11,14,1310,1,1,1,1.0,5.0,85191,M,4668634.0,-138128.0,85
201800035762,18,11,22,2155,5,2,1,1.0,7.0,85191,M,4665957.0,-142661.0,85
201800035763,18,11,26,800,5,2,3,1.0,3.0,85191,M,4666702.0,-143038.0,85
201800035764,18,11,27,750,5,2,1,1.0,6.0,85191,M,4667115.0,-142691.0,85
201800035765,18,12,16,1756,3,2,3,2.0,3.0,85191,M,4669249.0,-142496.0,85
201800035766,18,12,14,1645,1,1,1,8.0,3.0,85191,M,4668507.0,-138398.0,85
201800035767,18,12,7,1150,1,2,1,3.0,1.0,85191,M,4667000.0,-142911.0,85
201800035768,18,1,17,750,5,2,1,2.0,6.0,85194,M,4650561.0,-177750.0,85
201800035769,18,2,1,900,1,2,1,1.0,6.0,85194,M,4648553.0,-176627.0,85
201800035770,18,2,1,1855,2,1,6,1.0,3.0,85166,M,4651755.0,-174802.0,85
201800035771,18,2,10,1230,1,2,1,1.0,6.0,85194,M,4649797.0,-177886.0,85
201800035772,18,1,20,2145,5,2,1,2.0,1.0,85166,M,4653560.0,176934.0,85
201800035773,18,2,17,2010,5,2,1,1.0,6.0,85194,M,4649577.0,-179622.0,85
201800035774,18,2,1,1825,5,2,1,1.0,1.0,85060,M,4649872.0,-175541.0,85
201800035775,18,3,1,2002,5,2,1,1.0,6.0,85194,M,4649875.0,179296.0,85
201800035776,18,2,11,1915,2,2,1,1.0,6.0,85060,M,4648382.0,-172613.0,85
201800035777,18,3,30,1145,1,2,1,1.0,6.0,85194,M,4648858.0,-176760.0,85
201800035778,18,3,8,1120,1,2,2,1.0,3.0,85166,M,4653747.0,177638.0,85
201800035779,18,3,9,1400,1,2,1,1.0,7.0,85194,M,4649835.0,178810.0,85
201800035780,18,3,13,1425,1,2,1,1.0,3.0,85060,M,4650201.0,174840.0,85
201800035781,18,4,10,1125,1,2,2,1.0,3.0,85060,M,4649778.0,-175735.0,85
201800035782,18,4,29,2015,1,1,1,2.0,2.0,85166,M,4658726.0,-182867.0,85
201800035783,18,4,22,1000,1,2,1,1.0,3.0,85194,M,4649474.0,-176676.0,85
201800035784,18,5,11,1340,1,2,2,1.0,3.0,85194,M,4650521.0,-180041.0,85
201800035785,18,5,16,1500,1,2,6,1.0,3.0,85166,M,4651281.0,175590.0,85
201800035786,18,5,24,1120,1,2,2,1.0,3.0,85194,M,4649133.0,-177126.0,85
201800035787,18,5,25,1625,1,2,2,2.0,3.0,85166,M,4651179.0,-175756.0,85
201800035788,18,5,26,1350,1,1,1,1.0,2.0,85166,M,4651730.0,-174808.0,85
201800035789,18,5,31,755,1,2,2,1.0,3.0,85194,M,4650697.0,-177737.0,85
201800035790,18,6,15,1700,1,2,1,1.0,1.0,85166,M,4651214.0,-177487.0,85
201800035791,18,6,21,1715,1,2,2,1.0,3.0,85194,M,4650599.0,-178423.0,85
201800035792,18,6,29,100,3,2,1,1.0,7.0,85060,M,4649562.0,-176191.0,85
201800035793,18,7,1,212,3,2,1,1.0,6.0,85194,M,4648817.0,-176879.0,85
201800035794,18,7,12,2000,1,2,4,1.0,3.0,85166,M,4651387.0,-175946.0,85
201800035795,18,7,17,1130,1,2,1,1.0,7.0,85166,M,4651442.0,-175355.0,85
201800035796,18,7,20,1930,1,1,1,1.0,3.0,85166,M,4656055.0,-181179.0,85
201800035797,18,7,21,905,1,2,1,1.0,6.0,85194,M,4649609.0,-177751.0,85
201800035798,18,7,23,1905,1,2,2,1.0,1.0,85166,M,4650697.0,-177734.0,85
201800035799,18,7,24,855,1,2,1,1.0,2.0,85194,M,4651880.0,-180748.0,85
201800035800,18,7,27,235,4,2,1,1.0,6.0,85166,M,4651149.0,-177667.0,85
201800035801,18,7,27,1120,1,2,1,1.0,2.0,85194,M,4649877.0,-178496.0,85
201800035802,18,8,8,1730,1,2,1,1.0,2.0,85060,M,4648633.0,-175284.0,85
201800035803,18,8,16,830,1,2,1,7.0,6.0,85194,M,4649761.0,-178566.0,85
201800035804,18,8,26,900,1,2,2,1.0,3.0,85060,M,4649522.0,-175226.0,85
201800035805,18,9,4,1540,1,2,1,1.0,2.0,85194,M,4649900.0,-178355.0,85
201800035806,18,9,5,1700,1,2,1,1.0,2.0,85194,M,4649748.0,-178657.0,85
201800035807,18,9,15,950,1,2,1,1.0,3.0,85166,M,4650778.0,-176982.0,85
201800035808,18,9,17,1215,1,2,1,1.0,2.0,85194,M,4650634.0,-177750.0,85
201800035809,18,9,21,1140,1,2,2,1.0,3.0,85060,M,4649761.0,-174145.0,85
201800035810,18,10,5,1910,1,1,1,1.0,6.0,85060,M,4647165.0,-174444.0,85
201800035811,18,10,9,1000,1,2,6,1.0,6.0,85060,M,4649545.0,-175216.0,85
201800035812,18,10,30,1340,1,2,6,1.0,3.0,85060,M,4649534.0,-175216.0,85
201800035813,18,11,6,1520,1,2,1,1.0,6.0,85166,M,4651336.0,-175512.0,85
201800035814,18,11,16,1130,1,2,2,1.0,3.0,85166,M,4651942.0,-176521.0,85
201800035815,18,11,20,1515,1,2,1,1.0,2.0,85166,M,4651934.0,-178552.0,85
201800035816,18,12,1,920,1,2,1,2.0,1.0,85166,M,4652421.0,-177266.0,85
201800035817,18,12,10,1900,5,2,1,1.0,2.0,85194,M,4649483.0,-176729.0,85
201800035818,18,12,19,1905,5,2,2,1.0,3.0,85060,M,4649776.0,-175736.0,85
201800035819,18,12,21,745,5,2,1,2.0,2.0,85166,M,4651341.0,-178247.0,85
201800035820,18,12,22,815,5,2,6,1.0,3.0,85166,M,4651543.0,-175847.0,85
201800035821,18,12,22,1300,1,2,1,1.0,3.0,85166,M,4651005.0,-177693.0,85
201800035822,18,2,23,810,1,2,6,1.0,6.0,86066,M,4679643.0,52749.0,86
201800035823,18,3,8,1040,1,2,2,1.0,3.0,86066,M,4681480.0,53370.0,86
201800035824,18,3,21,1550,1,2,1,1.0,6.0,86066,M,4680685.0,54296.0,86
201800035825,18,3,23,1750,1,2,1,2.0,3.0,86066,M,4683355.0,53680.0,86
201800035826,18,3,24,1740,1,2,1,1.0,6.0,86066,M,4682103.0,54458.0,86
201800035827,18,12,1,1938,5,2,1,3.0,5.0,86066,M,4679303.0,52640.0,86
201800035828,18,3,31,1955,1,2,3,1.0,3.0,86066,M,4681845.0,54149.0,86
201800035829,18,4,21,1835,1,2,3,1.0,3.0,86066,M,4681303.0,54424.0,86
201800035830,18,4,21,1800,1,2,1,1.0,2.0,86066,M,4680064.0,52793.0,86
201800035831,18,4,24,510,3,1,1,1.0,7.0,86066,M,4680338.0,56376.0,86
201800035832,18,5,12,1725,1,2,1,2.0,1.0,86066,M,4680130.0,53333.0,86
201800035833,18,5,15,1005,1,2,1,1.0,6.0,86066,M,4681710.0,54157.0,86
201800035834,18,8,9,1055,1,2,2,2.0,3.0,86066,M,4681189.0,57350.0,86
201800035835,18,8,10,210,5,2,1,1.0,6.0,86066,M,4681948.0,53833.0,86
201800035836,18,1,8,715,5,2,1,2.0,3.0,86194,M,4655172.0,30010.0,86
201800035837,18,1,10,800,5,2,4,2.0,3.0,86194,M,4659190.0,35041.0,86
201800035838,18,1,14,153,5,2,1,1.0,6.0,86194,M,4659411.0,32806.0,86
201800035839,18,1,17,1200,1,2,1,7.0,6.0,86041,M,4659958.0,35697.0,86
201800035840,18,1,18,810,1,2,1,1.0,3.0,86194,M,4657243.0,35911.0,86
201800035841,18,1,19,900,1,1,2,1.0,5.0,86194,M,4660305.0,32750.0,86
201800035842,18,1,23,1930,2,2,2,2.0,1.0,86194,M,4657818.0,35073.0,86
201800035843,18,1,25,1940,5,2,1,2.0,3.0,86194,M,4656983.0,31506.0,86
201800035844,18,1,28,1800,5,2,2,8.0,3.0,86194,M,4656702.0,35311.0,86
201800035845,18,1,27,430,3,1,1,1.0,1.0,86158,M,4664138.0,29083.0,86
201800035846,18,1,29,1600,1,2,2,1.0,3.0,86194,M,4655319.0,30995.0,86
201800035847,18,1,30,715,5,2,2,1.0,3.0,86194,M,4659750.0,32722.0,86
201800035848,18,2,1,1715,1,2,1,1.0,3.0,86194,M,4660675.0,33301.0,86
201800035849,18,2,4,615,5,1,1,1.0,5.0,86194,M,4657207.0,32671.0,86
201800035850,18,2,2,810,1,2,6,1.0,3.0,86194,M,4657252.0,35896.0,86
201800035851,18,2,6,1235,1,2,1,4.0,1.0,86133,M,4652652.0,32098.0,86
201800035852,18,2,10,2300,5,2,2,2.0,3.0,86194,M,4657111.0,37000.0,86
201800035853,18,2,16,1230,1,2,1,1.0,4.0,86194,M,4658127.0,35287.0,86
201800035854,18,2,14,1225,1,2,2,2.0,3.0,86194,M,4657786.0,37857.0,86
201800035855,18,2,16,1816,5,2,1,1.0,2.0,86194,M,4655355.0,30864.0,86
201800035856,18,2,17,1104,1,2,2,2.0,1.0,86194,M,4657782.0,33116.0,86
201800035857,18,2,24,2350,3,1,1,1.0,7.0,86158,M,4664833.0,30388.0,86
201800035858,18,2,26,1730,1,2,1,1.0,3.0,86041,M,4659694.0,34306.0,86
201800035859,18,3,2,330,5,2,1,1.0,1.0,86194,M,4657250.0,33055.0,86
201800035860,18,3,2,2345,3,1,1,1.0,1.0,86158,M,4663277.0,28055.0,86
201800035861,18,3,5,1310,1,1,9,1.0,3.0,86194,M,4659722.0,38944.0,86
201800035862,18,3,5,2210,5,2,2,1.0,3.0,86194,M,4658555.0,36638.0,86
201800035863,18,3,6,855,1,2,1,1.0,2.0,86041,M,4659323.0,34789.0,86
201800035864,18,3,9,1950,5,2,2,1.0,3.0,86194,M,4657305.0,36277.0,86
201800035865,18,3,10,1330,1,2,1,1.0,3.0,86194,M,4658740.0,38210.0,86
201800035866,18,3,12,1750,1,2,1,1.0,2.0,86194,M,4658021.0,35274.0,86
201800035867,18,3,19,1400,1,1,1,4.0,4.0,86158,M,4661706.0,31245.0,86
201800035868,18,3,25,1430,1,2,1,1.0,2.0,86194,M,4659472.0,33333.0,86
201800035869,18,3,24,2050,5,2,2,1.0,3.0,86194,M,4658833.0,37000.0,86
201800035870,18,3,29,900,1,2,1,1.0,6.0,86158,M,4662766.0,30556.0,86
201800035871,18,1,30,1440,1,2,1,1.0,7.0,86194,M,4658112.0,34477.0,86
201800035872,18,3,29,1400,1,2,1,1.0,2.0,86194,M,4655444.0,30750.0,86
201800035873,18,4,2,2000,2,2,3,1.0,3.0,86194,M,4655638.0,30500.0,86
201800035874,18,3,31,1920,1,2,2,1.0,3.0,86194,M,4659111.0,35583.0,86
201800035875,18,4,8,1225,1,2,1,1.0,6.0,86194,M,4659111.0,32638.0,86
201800035876,18,4,10,720,2,1,1,2.0,6.0,86041,M,4661166.0,38444.0,86
201800035877,18,4,12,1500,1,2,3,8.0,6.0,86194,M,4658972.0,36000.0,86
201800035878,18,4,13,1806,1,2,3,1.0,3.0,86194,M,4655777.0,30722.0,86
201800035879,18,4,16,1815,1,2,2,1.0,6.0,86157,M,4654782.0,39631.0,86
201800035880,18,4,17,1235,1,1,1,1.0,2.0,86088,M,4654611.0,29666.0,86
201800035881,18,4,9,1750,1,2,1,1.0,3.0,86157,M,4653452.0,42918.0,86
201800035882,18,4,19,650,2,1,6,1.0,3.0,86194,M,4661333.0,34805.0,86
201800035883,18,4,18,850,1,2,1,1.0,6.0,86194,M,4659487.0,33264.0,86
201800035884,18,4,23,810,1,2,3,1.0,3.0,86158,M,4662709.0,33067.0,86
201800035885,18,4,27,1200,1,2,6,1.0,3.0,86194,M,4661916.0,35138.0,86
201800035886,18,5,3,2125,3,2,1,1.0,7.0,86194,M,4659027.0,34055.0,86
201800035887,18,5,5,1145,1,2,1,1.0,3.0,86194,M,4660008.0,32521.0,86
201800035888,18,5,6,640,2,1,1,1.0,1.0,86158,M,4663043.0,25058.0,86
201800035889,18,5,4,1900,1,1,1,1.0,4.0,86088,M,4654103.0,29137.0,86
201800035890,18,5,13,1320,1,2,1,1.0,6.0,86041,M,4661012.0,36720.0,86
201800035891,18,5,14,1631,1,2,9,2.0,3.0,86194,M,4656930.0,35929.0,86
201800035892,18,5,13,1630,1,2,2,1.0,5.0,86194,M,4659959.0,32155.0,86
201800035893,18,5,17,910,1,2,2,1.0,3.0,86194,M,4658755.0,37436.0,86
201800035894,18,5,18,1710,2,2,1,1.0,6.0,86194,M,4657958.0,35260.0,86
201800035895,18,5,22,1803,1,2,1,1.0,7.0,86194,M,4661271.0,34889.0,86
201800035896,18,5,22,1745,1,2,1,1.0,7.0,86194,M,4661271.0,34897.0,86
201800035897,18,5,23,1804,1,2,6,1.0,6.0,86157,M,4656619.0,39476.0,86
201800035898,18,5,23,1804,1,2,4,1.0,6.0,86158,M,4662678.0,33050.0,86
201800035899,18,5,26,650,1,2,1,1.0,6.0,86194,M,4657209.0,33588.0,86
201800035900,18,6,6,1510,1,2,2,1.0,2.0,86194,M,4656500.0,36444.0,86
201800035901,18,6,9,550,2,2,1,1.0,6.0,86158,M,4663324.0,33337.0,86
201800035902,18,6,18,945,1,2,1,1.0,3.0,86027,M,4660129.0,30493.0,86
201800035903,18,6,20,1045,1,2,1,1.0,2.0,86194,M,4655312.0,31017.0,86
201800035904,18,6,21,1645,1,1,1,7.0,6.0,86027,M,4658611.0,30194.0,86
201800035905,18,6,24,1805,1,2,1,1.0,2.0,86194,M,4657386.0,33387.0,86
201800035906,18,6,26,920,1,2,6,1.0,3.0,86194,M,4659349.0,36708.0,86
201800035907,18,6,26,953,1,2,1,1.0,6.0,86194,M,4659011.0,35899.0,86
201800035908,18,6,28,1450,1,2,1,1.0,3.0,86194,M,4659920.0,32260.0,86
201800035909,18,7,11,1000,1,1,1,1.0,2.0,86088,M,4653071.0,28296.0,86
201800035910,18,7,10,730,1,1,6,1.0,3.0,86194,M,4657277.0,35916.0,86
201800035911,18,7,12,1740,1,2,2,1.0,3.0,86194,M,4658666.0,37444.0,86
201800035912,18,7,19,1500,2,2,9,1.0,3.0,86194,M,4659959.0,32135.0,86
201800035913,18,7,31,1025,1,2,1,1.0,2.0,86194,M,4658057.0,36844.0,86
201800035914,18,7,31,1030,1,2,1,7.0,3.0,86194,M,4658429.0,39441.0,86
201800035915,18,8,2,1715,1,2,1,7.0,2.0,86157,M,4654865.0,40604.0,86
201800035916,18,7,30,1023,1,2,1,1.0,3.0,86194,M,4661024.0,29460.0,86
201800035917,18,8,10,1800,1,2,9,1.0,3.0,86194,M,4659894.0,32335.0,86
201800035918,18,8,11,1830,1,2,9,1.0,3.0,86194,M,4656701.0,35312.0,86
201800035919,18,8,11,840,1,1,2,1.0,7.0,86027,M,4659250.0,28527.0,86
201800035920,18,8,16,725,1,2,4,1.0,3.0,86194,M,4658464.0,42216.0,86
201800035921,18,8,16,1710,1,2,1,1.0,3.0,86194,M,4657160.0,37200.0,86
201800035922,18,8,17,2150,5,2,9,1.0,3.0,86194,M,4657622.0,35376.0,86
201800035923,18,8,24,1355,1,2,9,1.0,1.0,86194,M,4656511.0,35601.0,86
201800035924,18,8,28,1345,1,2,1,1.0,4.0,86194,M,4659082.0,35284.0,86