Num_Acc,an,mois,jour,hrmn,lum,agg,int,atm,col,com,gps,lat,long,dep
201800035925,18,8,27,2000,1,2,1,1.0,7.0,86157,M,4656316.0,41169.0,86
201800035926,18,9,2,741,2,1,1,1.0,3.0,86214,M,4653591.0,32330.0,86
201800035927,18,9,5,735,2,2,2,1.0,5.0,86194,M,4660160.0,32466.0,86
201800035928,18,9,5,1240,1,2,1,1.0,3.0,86194,M,,,86
201800035929,18,9,8,1330,1,2,2,1.0,3.0,86194,M,4633070.0,19150.0,86
201800035930,18,9,7,1745,1,1,9,1.0,2.0,86194,M,4657944.0,36888.0,86
201800035931,18,9,11,845,1,2,1,1.0,2.0,86194,M,4655430.0,39697.0,86
201800035932,18,6,23,1113,1,2,1,1.0,6.0,86194,M,4658945.0,35968.0,86
201800035933,18,9,14,2330,5,2,1,1.0,2.0,86194,M,4656861.0,37388.0,86
201800035934,18,9,15,147,5,2,3,1.0,1.0,86194,M,4657787.0,33127.0,86
201800035935,18,9,21,1715,1,2,1,1.0,6.0,86194,M,4656732.0,36616.0,86
201800035936,18,9,24,1330,1,2,1,1.0,6.0,86158,M,4663488.0,30007.0,86
201800035937,18,9,25,1030,1,1,3,1.0,2.0,86157,M,4658155.0,33795.0,86
201800035938,18,10,1,655,2,2,1,1.0,6.0,86194,M,4658703.0,33619.0,86
201800035939,18,9,30,1735,1,2,1,1.0,6.0,86194,M,4658861.0,37111.0,86
201800035940,18,10,11,2010,4,2,1,8.0,6.0,86194,M,4657620.0,37406.0,86
201800035941,18,10,15,755,5,2,1,2.0,6.0,86194,M,4657209.0,32673.0,86
201800035942,18,10,15,835,5,2,1,2.0,6.0,86194,M,4656826.0,34367.0,86
201800035943,18,10,13,450,3,1,1,1.0,1.0,86088,M,4654838.0,29312.0,86
201800035944,18,10,16,1320,1,2,1,1.0,6.0,86194,M,4657753.0,35437.0,86
201800035945,18,10,18,1630,1,1,1,1.0,3.0,86041,M,4635470.0,23300.0,86
201800035946,18,10,19,1220,1,2,1,1.0,6.0,86214,M,4655857.0,32071.0,86
201800035947,18,10,25,2125,5,2,1,1.0,6.0,86194,M,4658757.0,33797.0,86
201800035948,18,10,30,1345,1,2,1,1.0,2.0,86194,M,4658675.0,33895.0,86
201800035949,18,10,31,858,1,2,1,2.0,3.0,86194,M,4657268.0,36055.0,86
201800035950,18,11,1,1030,1,2,2,2.0,5.0,86194,M,4659959.0,32152.0,86
201800035951,18,10,31,1540,1,2,1,1.0,6.0,86194,M,4656527.0,34500.0,86
201800035952,18,11,7,755,1,2,1,2.0,3.0,86194,M,4656794.0,37477.0,86
201800035953,18,11,18,1500,1,2,2,1.0,3.0,86194,M,4659255.0,32866.0,86
201800035954,18,11,19,845,1,2,1,1.0,6.0,86214,M,,,86
201800035955,18,11,21,1520,1,2,2,1.0,3.0,86194,M,4657276.0,36290.0,86
201800035956,18,11,21,1620,1,2,1,1.0,3.0,86194,M,4659247.0,36378.0,86
201800035957,18,11,23,1420,1,2,3,1.0,3.0,86194,M,4658811.0,36345.0,86
201800035958,18,11,27,1510,1,1,1,1.0,1.0,86041,M,4661111.0,38888.0,86
201800035959,18,11,15,1243,1,2,2,1.0,3.0,86194,M,4657833.0,33972.0,86
201800035960,18,11,15,1820,3,2,1,1.0,3.0,86194,M,4657858.0,34023.0,86
201800035961,18,12,2,355,5,2,1,2.0,6.0,86157,M,4656361.0,40861.0,86
201800035962,18,12,4,1623,1,2,1,1.0,6.0,86194,M,4656928.0,36956.0,86
201800035963,18,9,14,230,3,1,1,1.0,1.0,86133,M,4552521.0,16141.0,86
201800035964,18,12,21,1935,3,2,1,2.0,4.0,86194,M,4654797.0,29955.0,86
201800035965,18,12,7,2355,5,2,1,1.0,2.0,86194,M,4657364.0,35720.0,86
201800035966,18,1,1,446,5,1,1,2.0,6.0,87085,M,4582920.0,128173.0,87
201800035967,18,1,2,1645,2,2,3,2.0,6.0,87085,M,4584120.0,125642.0,87
201800035968,18,1,3,720,3,1,1,6.0,6.0,87065,M,4579250.0,132365.0,87
201800035969,18,1,3,1210,1,2,3,2.0,6.0,87085,M,4583650.0,125606.0,87
201800035970,18,1,2,1832,2,1,1,2.0,2.0,87065,M,4579080.0,130540.0,87
201800035971,18,1,4,1124,1,2,2,1.0,1.0,87085,M,4583110.0,125442.0,87
201800035972,18,1,6,848,2,2,1,2.0,6.0,87085,M,4584120.0,126182.0,87
201800035973,18,1,6,2027,5,2,1,3.0,6.0,87085,M,4582830.0,126155.0,87
201800035974,18,1,6,1633,1,2,1,2.0,6.0,87085,M,4581790.0,122311.0,87
201800035975,18,1,13,1305,1,1,1,1.0,1.0,87085,M,4581490.0,122880.0,87
201800035976,18,1,15,1300,1,1,1,2.0,3.0,87038,M,4590150.0,122528.0,87
201800035977,18,1,16,1938,2,2,3,3.0,3.0,87085,M,4582530.0,127245.0,87
201800035978,18,1,14,2229,5,1,1,2.0,1.0,87085,M,4588250.0,129065.0,87
201800035979,18,1,16,1426,1,1,3,2.0,5.0,87065,M,4581830.0,129301.0,87
201800035980,18,1,18,1220,1,1,1,2.0,6.0,87085,M,4581160.0,123679.0,87
201800035981,18,1,19,1233,1,1,1,2.0,1.0,87085,M,4585030.0,122866.0,87
201800035982,18,1,20,1838,1,1,1,2.0,2.0,87050,M,4589050.0,127380.0,87
201800035983,18,1,22,808,5,2,1,1.0,3.0,87085,M,4583960.0,125650.0,87
201800035984,18,1,22,1835,5,2,2,2.0,6.0,87085,M,4585250.0,125515.0,87
201800035985,18,1,24,1711,1,2,3,1.0,3.0,87085,M,4582490.0,127476.0,87
201800035986,18,1,25,1727,1,2,1,2.0,6.0,87085,M,4582980.0,126248.0,87
201800035987,18,1,26,1518,1,2,1,1.0,2.0,87085,M,4586780.0,126890.0,87
201800035988,18,1,22,1344,1,2,1,1.0,3.0,87085,M,4583630.0,126441.0,87
201800035989,18,1,31,1050,1,2,1,1.0,4.0,87085,M,4584140.0,125618.0,87
201800035990,18,1,25,1806,5,2,1,2.0,2.0,87085,M,4583770.0,126490.0,87
201800035991,18,2,1,1337,1,2,1,1.0,6.0,87085,M,4583910.0,125892.0,87
201800035992,18,2,1,1558,1,2,1,1.0,6.0,87085,M,4588070.0,129532.0,87
201800035993,18,2,2,708,5,1,1,1.0,3.0,87065,M,4582820.0,128269.0,87
201800035994,18,2,6,728,5,2,1,4.0,2.0,87085,M,4583300.0,127518.0,87
201800035995,18,2,5,1342,1,2,2,4.0,1.0,87085,M,4581670.0,127716.0,87
201800035996,18,2,10,1922,4,1,1,1.0,5.0,87085,M,4588050.0,128898.0,87
201800035997,18,2,9,2241,5,2,1,4.0,6.0,87085,M,4581980.0,124509.0,87
201800035998,18,2,12,1054,1,2,1,1.0,6.0,87085,M,4584400.0,125260.0,87
201800035999,18,2,12,1648,1,2,1,1.0,4.0,87085,M,4583030.0,127107.0,87
201800036000,18,2,14,322,5,2,1,1.0,6.0,87085,M,4585260.0,125758.0,87
201800036001,18,2,19,2318,5,2,1,2.0,6.0,87085,M,4585700.0,126954.0,87
201800036002,18,2,20,1754,1,2,3,1.0,3.0,87085,M,4584290.0,125807.0,87
201800036003,18,2,22,855,1,2,1,1.0,3.0,87085,M,4581750.0,127703.0,87
201800036004,18,2,23,1548,1,2,3,1.0,3.0,87085,M,4616990.0,118070.0,87
201800036005,18,2,24,1610,1,1,1,1.0,3.0,87065,M,4586060.0,128598.0,87
201800036006,18,2,26,818,1,2,1,1.0,2.0,87048,M,4579240.0,123333.0,87
201800036007,18,2,14,806,1,2,1,1.0,1.0,87085,M,4584410.0,122429.0,87
201800036008,18,2,25,741,2,1,1,1.0,6.0,87050,M,4586150.0,122134.0,87
201800036009,18,3,1,816,1,2,3,1.0,3.0,87085,M,4588340.0,128431.0,87
201800036010,18,3,2,838,1,2,3,2.0,7.0,87085,M,4583870.0,124760.0,87
201800036011,18,3,2,1835,1,2,1,1.0,6.0,87085,M,4583970.0,125672.0,87
201800036012,18,3,1,1439,1,2,2,1.0,3.0,87085,M,4582110.0,123022.0,87
201800036013,18,3,3,1643,1,2,2,1.0,6.0,87085,M,4582130.0,124573.0,87
201800036014,18,3,6,445,3,1,1,1.0,1.0,87085,M,4586550.0,116543.0,87
201800036015,18,3,7,926,1,2,3,2.0,6.0,87085,M,4581530.0,125948.0,87
201800036016,18,3,9,1629,1,2,1,1.0,4.0,87085,M,4580350.0,128561.0,87
201800036017,18,3,10,1356,1,2,1,1.0,4.0,87085,M,4586120.0,128169.0,87
201800036018,18,3,9,1324,1,1,1,1.0,6.0,87085,M,4583760.0,119088.0,87
201800036019,18,3,14,756,2,2,1,1.0,6.0,87050,M,4587680.0,124364.0,87
201800036020,18,3,14,1025,1,2,1,1.0,6.0,87085,M,4581480.0,124530.0,87
201800036021,18,3,15,1313,1,2,1,1.0,4.0,87085,M,4581150.0,125851.0,87
201800036022,18,3,15,1218,1,2,1,1.0,6.0,87085,M,4582780.0,125795.0,87
201800036023,18,3,12,143,3,1,1,2.0,1.0,87085,M,4587000.0,116483.0,87
201800036024,18,3,10,1117,1,2,2,1.0,7.0,87085,M,4586730.0,126936.0,87
201800036025,18,3,20,1558,1,2,1,1.0,2.0,87114,M,4583220.0,130331.0,87
201800036026,18,3,23,1937,2,2,1,2.0,3.0,87085,M,4583990.0,123570.0,87
201800036027,18,3,25,1207,1,2,1,1.0,6.0,87085,M,4583340.0,124724.0,87
201800036028,18,3,22,1300,1,2,1,1.0,2.0,87085,M,4582780.0,122663.0,87
201800036029,18,3,28,1335,1,2,1,3.0,3.0,87085,M,4581930.0,126497.0,87
201800036030,18,3,28,1829,1,2,1,2.0,2.0,87085,M,4582830.0,124176.0,87
201800036031,18,3,26,1314,1,2,1,2.0,6.0,87085,M,4584950.0,125004.0,87
201800036032,18,3,29,2318,5,2,3,1.0,3.0,87085,M,4584810.0,124536.0,87
201800036033,18,3,30,1206,1,2,1,2.0,6.0,87085,M,4584770.0,123657.0,87
201800036034,18,3,28,1401,1,2,1,2.0,2.0,87114,M,4583810.0,130021.0,87
201800036035,18,4,5,1828,1,2,1,1.0,2.0,87085,M,4584060.0,127007.0,87
201800036036,18,4,6,551,3,1,1,1.0,6.0,87065,M,4579830.0,125198.0,87
201800036037,18,4,3,1834,1,2,1,2.0,6.0,87085,M,4585200.0,126233.0,87
201800036038,18,4,6,1730,1,2,2,1.0,3.0,87085,M,4582650.0,124299.0,87
201800036039,18,4,8,1311,1,1,1,1.0,6.0,87114,M,4585560.0,132238.0,87
201800036040,18,4,8,1850,1,2,3,1.0,3.0,87085,M,4583350.0,122403.0,87
201800036041,18,4,9,1255,1,2,1,1.0,6.0,87085,M,4586320.0,126255.0,87
201800036042,18,4,9,920,1,1,1,2.0,4.0,87085,M,4589800.0,129231.0,87
201800036043,18,4,11,1639,1,2,1,1.0,4.0,87085,M,4581610.0,123362.0,87
201800036044,18,4,11,1929,1,2,1,1.0,6.0,87075,M,4580740.0,121514.0,87
201800036045,18,4,12,1407,1,1,1,2.0,2.0,87065,M,4579420.0,129541.0,87
201800036046,18,4,12,1520,1,2,3,1.0,3.0,87085,M,4584140.0,127095.0,87
201800036047,18,4,15,1529,1,2,3,1.0,6.0,87085,M,4585160.0,127124.0,87
201800036048,18,4,18,930,1,1,1,1.0,4.0,87085,M,4583790.0,128256.0,87
201800036049,18,4,24,1008,1,2,1,1.0,6.0,87085,M,4583590.0,127032.0,87
201800036050,18,4,23,1628,1,2,1,1.0,6.0,87085,M,4581490.0,124815.0,87
201800036051,18,4,24,1018,1,1,1,1.0,6.0,87085,M,4583190.0,128316.0,87
201800036052,18,4,24,1140,1,2,3,1.0,3.0,87085,M,4581440.0,123238.0,87
201800036053,18,4,26,1531,1,1,1,1.0,7.0,87113,M,4588200.0,132780.0,87
201800036054,18,4,26,1433,1,1,1,1.0,6.0,87050,M,4589230.0,125178.0,87
201800036055,18,4,27,950,1,2,9,1.0,6.0,87085,M,4582200.0,126423.0,87
201800036056,18,4,27,950,1,2,1,1.0,2.0,87085,M,4583150.0,125200.0,87
201800036057,18,4,27,2206,5,2,1,1.0,4.0,87085,M,4582920.0,124421.0,87
201800036058,18,4,28,1148,1,1,1,2.0,6.0,87085,M,4591510.0,129428.0,87
201800036059,18,4,29,1600,1,2,2,2.0,3.0,87085,M,4584960.0,125367.0,87
201800036060,18,5,1,1047,1,2,9,1.0,7.0,87085,M,4580790.0,126398.0,87
201800036061,18,5,1,1113,1,1,1,1.0,6.0,87113,M,4587210.0,132907.0,87
201800036062,18,5,1,1244,1,2,1,1.0,1.0,87085,M,4581520.0,124864.0,87
201800036063,18,4,27,1621,1,2,1,1.0,6.0,87085,M,4583220.0,126126.0,87
201800036064,18,5,2,1221,1,2,1,1.0,1.0,87050,M,4587640.0,126267.0,87
201800036065,18,5,2,1741,1,2,9,1.0,6.0,87075,M,4581200.0,121748.0,87
201800036066,18,5,5,2356,5,1,1,1.0,6.0,87075,M,4581600.0,117367.0,87
201800036067,18,5,6,1959,1,2,1,1.0,2.0,87085,M,4584320.0,122919.0,87
201800036068,18,5,7,1257,1,1,1,1.0,6.0,87085,M,4589040.0,129271.0,87
201800036069,18,5,5,1613,1,2,3,1.0,3.0,87085,M,4585250.0,125515.0,87
201800036070,18,5,8,2302,3,1,1,1.0,6.0,87085,M,4583470.0,122012.0,87
201800036071,18,5,11,1436,1,2,3,1.0,3.0,87085,M,4580480.0,127802.0,87
201800036072,18,5,13,1404,1,1,1,2.0,6.0,87050,M,4586120.0,122555.0,87
201800036073,18,5,14,851,1,1,1,2.0,6.0,87085,M,4583910.0,128201.0,87
201800036074,18,5,14,1059,1,2,2,2.0,6.0,87085,M,4583110.0,125442.0,87
201800036075,18,5,17,950,1,2,3,1.0,3.0,87085,M,4581920.0,126629.0,87
201800036076,18,5,17,1529,1,2,1,1.0,6.0,87085,M,4582480.0,122879.0,87
201800036077,18,5,22,1830,1,2,3,1.0,6.0,87085,M,4584410.0,125275.0,87
201800036078,18,5,22,937,1,1,1,1.0,7.0,87085,M,4585100.0,117014.0,87
201800036079,18,5,23,1358,1,2,1,2.0,4.0,87085,M,4584860.0,124526.0,87
201800036080,18,5,23,1554,1,2,1,1.0,6.0,87085,M,4583570.0,126246.0,87
201800036081,18,5,24,831,1,2,3,1.0,6.0,87085,M,4582230.0,122815.0,87
201800036082,18,5,23,1346,1,2,9,1.0,6.0,87050,M,4586710.0,125917.0,87
201800036083,18,5,25,1419,1,2,1,1.0,6.0,87085,M,4581850.0,124523.0,87
201800036084,18,5,26,1445,1,2,1,1.0,2.0,87085,M,4585930.0,125236.0,87
201800036085,18,5,28,1016,1,2,1,1.0,2.0,87085,M,4586890.0,129660.0,87
201800036086,18,5,29,1414,1,2,3,2.0,3.0,87085,M,4582340.0,122202.0,87
201800036087,18,5,29,1650,1,2,1,2.0,2.0,87085,M,4585430.0,124583.0,87
201800036088,18,5,30,749,1,2,2,1.0,3.0,87085,M,4580480.0,127802.0,87
201800036089,18,6,2,338,5,2,3,1.0,6.0,87085,M,4582590.0,125252.0,87
201800036090,18,6,1,1700,1,2,1,1.0,6.0,87085,M,4580970.0,123534.0,87
201800036091,18,6,3,856,1,2,2,1.0,3.0,87085,M,4584240.0,125517.0,87
201800036092,18,6,4,1731,1,2,1,1.0,6.0,87085,M,4588490.0,128129.0,87
201800036093,18,6,5,2026,1,2,1,2.0,6.0,87085,M,4581740.0,125259.0,87
201800036094,18,6,6,1404,1,2,3,1.0,3.0,87085,M,4584270.0,125897.0,87
201800036095,18,6,6,1816,1,2,9,1.0,6.0,87114,M,4582830.0,129426.0,87
201800036096,18,6,9,1223,1,2,3,1.0,2.0,87085,M,4584620.0,126079.0,87
201800036097,18,6,10,715,2,2,2,1.0,3.0,87085,M,4583800.0,124588.0,87
201800036098,18,6,10,1821,1,1,1,1.0,6.0,87085,M,4583820.0,128268.0,87
201800036099,18,6,11,1723,1,1,1,1.0,6.0,87085,M,4588790.0,129243.0,87
201800036100,18,6,12,900,1,1,1,1.0,6.0,87114,M,4584490.0,133983.0,87
201800036101,18,6,13,1124,1,2,9,1.0,3.0,87085,M,4587510.0,127126.0,87
201800036102,18,6,13,1250,1,2,1,1.0,4.0,87050,M,4587680.0,123776.0,87
201800036103,18,6,14,835,1,2,2,1.0,3.0,87085,M,4582410.0,123827.0,87
201800036104,18,6,16,50,4,1,1,3.0,6.0,87085,M,4586390.0,128750.0,87
201800036105,18,6,15,1939,1,1,1,1.0,2.0,87085,M,4583420.0,126109.0,87
201800036106,18,6,17,1714,1,1,3,1.0,7.0,87065,M,4580140.0,134414.0,87
201800036107,18,6,19,1428,1,1,3,1.0,3.0,87085,M,4579820.0,129559.0,87
201800036108,18,6,20,1228,1,2,1,1.0,6.0,87085,M,4583640.0,126602.0,87
201800036109,18,6,21,1512,1,1,3,1.0,3.0,87048,M,4578030.0,122157.0,87
201800036110,18,6,22,1953,1,2,1,1.0,6.0,87085,M,4584070.0,128756.0,87
201800036111,18,6,22,1827,1,2,1,1.0,3.0,87085,M,4583150.0,123723.0,87
201800036112,18,6,23,2331,5,2,1,1.0,6.0,87085,M,4586690.0,126987.0,87
201800036113,18,6,27,1103,1,2,1,1.0,6.0,87085,M,4588110.0,129308.0,87
201800036114,18,7,2,1332,1,2,1,1.0,7.0,87085,M,4583460.0,122460.0,87
201800036115,18,7,2,1314,1,2,3,1.0,5.0,87050,M,4585620.0,124734.0,87
201800036116,18,7,2,1738,1,2,3,1.0,2.0,87065,M,4580450.0,129509.0,87
201800036117,18,7,2,1903,1,2,1,1.0,6.0,87085,M,4582050.0,124522.0,87
201800036118,18,7,3,1635,1,2,3,1.0,2.0,87085,M,4584270.0,124568.0,87
201800036119,18,7,3,1442,1,1,2,1.0,3.0,87065,M,4580830.0,129917.0,87
201800036120,18,7,4,1545,1,2,6,3.0,7.0,87085,M,4586730.0,126936.0,87
201800036121,18,7,2,1722,1,2,1,1.0,7.0,87114,M,4582840.0,130682.0,87
201800036122,18,7,7,1350,1,2,3,2.0,3.0,87085,M,4583770.0,126506.0,87
201800036123,18,7,8,1109,1,2,1,1.0,6.0,87085,M,4582410.0,125448.0,87
201800036124,18,7,9,833,1,2,1,1.0,2.0,87085,M,4583830.0,126771.0,87
201800036125,18,7,10,1312,1,1,1,1.0,4.0,87085,M,4589810.0,129498.0,87
201800036126,18,7,9,2100,2,2,3,1.0,3.0,87085,M,4582380.0,124406.0,87
201800036127,18,7,11,1334,1,2,1,1.0,6.0,87085,M,4581760.0,126675.0,87
201800036128,18,7,12,805,1,2,1,1.0,6.0,87075,M,4579520.0,117373.0,87
201800036129,18,7,11,1720,1,2,1,1.0,1.0,87085,M,4581850.0,124633.0,87
201800036130,18,7,12,1756,1,2,1,1.0,2.0,87085,M,4583170.0,125165.0,87
201800036131,18,7,13,1514,1,1,1,1.0,6.0,87050,M,4588180.0,119849.0,87
201800036132,18,7,15,2309,5,2,1,1.0,6.0,87085,M,4582770.0,126086.0,87
201800036133,18,7,20,1422,1,2,1,1.0,2.0,87085,M,4585150.0,125002.0,87
201800036134,18,7,26,930,1,2,1,1.0,6.0,87065,M,4581070.0,132614.0,87
201800036135,18,7,26,952,1,2,1,1.0,2.0,87085,M,4588890.0,129077.0,87
201800036136,18,7,28,101,5,2,1,1.0,6.0,87085,M,4583950.0,127395.0,87
201800036137,18,7,28,1320,1,2,1,1.0,6.0,87085,M,4581710.0,125225.0,87
201800036138,18,7,29,1918,1,1,1,1.0,6.0,87114,M,4582290.0,131904.0,87
201800036139,18,7,30,1454,1,2,3,1.0,3.0,87085,M,4584030.0,125909.0,87
201800036140,18,7,31,1649,1,2,1,1.0,3.0,87085,M,4584430.0,125979.0,87
201800036141,18,8,2,144,5,2,6,1.0,6.0,87065,M,4581780.0,130273.0,87
201800036142,18,8,2,1133,1,2,3,1.0,3.0,87085,M,4586660.0,129322.0,87
201800036143,18,8,2,2304,5,2,2,1.0,3.0,87085,M,4582110.0,126294.0,87
201800036144,18,8,4,1228,1,1,1,1.0,6.0,87085,M,4586570.0,128764.0,87
201800036145,18,8,6,1953,1,2,3,1.0,3.0,87085,M,4583580.0,126274.0,87
201800036146,18,8,7,908,1,2,1,1.0,3.0,87085,M,4587600.0,128311.0,87
201800036147,18,8,8,1118,1,2,1,1.0,6.0,87113,M,4585910.0,131420.0,87
201800036148,18,8,7,1200,1,2,2,1.0,5.0,87085,M,4584460.0,125997.0,87
201800036149,18,8,11,1316,1,1,1,1.0,6.0,87048,M,4578770.0,130321.0,87
201800036150,18,8,13,2224,5,2,1,1.0,6.0,87085,M,4581990.0,124926.0,87
201800036151,18,8,16,1708,1,2,1,1.0,7.0,87085,M,4584200.0,128254.0,87
201800036152,18,8,18,1533,1,1,1,1.0,6.0,87085,M,4582950.0,127231.0,87
201800036153,18,8,21,1716,1,2,2,1.0,3.0,87085,M,4588920.0,127134.0,87
201800036154,18,8,21,1437,1,1,1,1.0,1.0,87114,M,4584000.0,132576.0,87
201800036155,18,8,21,1748,1,1,1,1.0,6.0,87048,M,4576950.0,122363.0,87
201800036156,18,8,22,1654,1,2,1,1.0,3.0,87085,M,4587170.0,126798.0,87
201800036157,18,8,22,939,1,2,1,1.0,2.0,87085,M,4584690.0,124386.0,87
201800036158,18,8,23,2002,1,2,1,1.0,6.0,87075,M,4580360.0,123288.0,87
201800036159,18,8,25,2009,2,2,1,2.0,6.0,87085,M,4584740.0,124441.0,87
201800036160,18,8,26,955,1,2,1,2.0,6.0,87085,M,4584070.0,122699.0,87
201800036161,18,8,26,1012,1,2,9,1.0,7.0,87075,M,4581220.0,121763.0,87
201800036162,18,8,28,1938,1,2,1,1.0,6.0,87085,M,4582590.0,125361.0,87
201800036163,18,8,27,2002,1,2,3,1.0,1.0,87085,M,4584250.0,124299.0,87
201800036164,18,8,29,1349,1,2,1,1.0,7.0,87085,M,4582940.0,126248.0,87
201800036165,18,8,30,1556,1,2,1,1.0,3.0,87085,M,4582850.0,124922.0,87
201800036166,18,9,2,718,5,2,1,1.0,2.0,87085,M,4582800.0,122668.0,87
201800036167,18,9,3,2139,3,1,2,1.0,6.0,87085,M,4585180.0,120132.0,87
201800036168,18,9,4,1753,1,2,3,1.0,3.0,87085,M,4584420.0,123587.0,87
201800036169,18,9,5,1630,1,2,3,1.0,3.0,87085,M,4582130.0,125164.0,87
201800036170,18,9,6,1007,1,1,1,1.0,6.0,87085,M,4583470.0,121755.0,87
201800036171,18,9,6,1345,1,2,1,1.0,6.0,87085,M,4583020.0,124959.0,87
201800036172,18,9,6,1310,1,1,1,2.0,7.0,87085,M,4580810.0,126298.0,87
201800036173,18,9,6,1412,1,2,2,2.0,4.0,87085,M,4583110.0,125442.0,87
201800036174,18,9,7,1401,1,2,2,1.0,3.0,87085,M,4585310.0,125231.0,87
201800036175,18,9,7,741,3,2,3,1.0,2.0,87085,M,4581260.0,124412.0,87
201800036176,18,9,11,1741,1,2,1,1.0,6.0,87085,M,4589440.0,128909.0,87
201800036177,18,9,11,554,5,2,1,1.0,6.0,87085,M,4586150.0,127596.0,87
201800036178,18,9,11,721,5,2,3,1.0,3.0,87085,M,4585530.0,124811.0,87
201800036179,18,9,12,740,5,2,1,1.0,6.0,87085,M,4583620.0,126894.0,87
201800036180,18,9,12,1408,1,2,1,1.0,4.0,87085,M,4582100.0,126279.0,87
201800036181,18,9,12,1227,1,2,6,1.0,3.0,87085,M,4588440.0,128215.0,87
201800036182,18,9,16,1034,1,1,3,1.0,3.0,87085,M,4579820.0,129559.0,87
201800036183,18,9,16,1657,1,1,1,1.0,2.0,87085,M,4589800.0,129495.0,87
201800036184,18,9,18,1640,1,2,1,1.0,6.0,87085,M,4584150.0,124427.0,87
201800036185,18,9,24,2227,3,2,1,1.0,1.0,87050,M,4586930.0,125930.0,87
201800036186,18,9,25,2300,5,2,3,1.0,3.0,87085,M,4582410.0,123827.0,87
201800036187,18,9,26,1355,1,2,3,1.0,2.0,87085,M,4580780.0,127559.0,87
201800036188,18,9,26,1722,1,2,1,1.0,4.0,87085,M,4586050.0,128564.0,87
201800036189,18,9,26,1737,1,2,1,1.0,3.0,87075,M,4579940.0,122753.0,87
201800036190,18,9,26,1649,1,2,2,1.0,3.0,87085,M,4585250.0,125515.0,87
201800036191,18,9,27,1803,1,2,1,1.0,4.0,87085,M,4582730.0,122640.0,87
201800036192,18,9,30,433,5,1,1,1.0,6.0,87085,M,4582820.0,128265.0,87
201800036193,18,9,28,1512,1,2,1,1.0,7.0,87085,M,4586090.0,129433.0,87
201800036194,18,10,5,1012,1,2,1,1.0,6.0,87114,M,4582570.0,128786.0,87
201800036195,18,10,5,1213,1,2,1,1.0,2.0,87085,M,4582890.0,126205.0,87
201800036196,18,10,5,1913,1,2,3,1.0,3.0,87113,M,4587500.0,132993.0,87
201800036197,18,10,6,1049,1,2,1,1.0,2.0,87085,M,4584540.0,126037.0,87
201800036198,18,10,6,2349,5,2,1,1.0,7.0,87085,M,4584420.0,123684.0,87
201800036199,18,10,7,1911,1,2,1,1.0,6.0,87085,M,4582970.0,127642.0,87
201800036200,18,10,8,1159,1,2,3,1.0,6.0,87085,M,4583490.0,126228.0,87
201800036201,18,10,8,1231,1,2,1,1.0,2.0,87050,M,4587040.0,123827.0,87
201800036202,18,10,15,758,3,1,1,3.0,2.0,87050,M,4590180.0,122864.0,87
201800036203,18,10,17,1544,1,2,3,1.0,3.0,87085,M,4586370.0,128999.0,87
201800036204,18,10,17,1633,1,2,1,1.0,6.0,87114,M,4583940.0,130215.0,87
201800036205,18,10,17,2003,5,2,1,1.0,6.0,87085,M,4583280.0,122388.0,87
201800036206,18,10,17,1725,1,1,1,1.0,5.0,87114,M,4585690.0,132343.0,87
201800036207,18,10,18,1508,1,2,1,1.0,6.0,87085,M,4583740.0,127741.0,87
201800036208,18,10,20,1323,1,2,1,1.0,6.0,87085,M,4583770.0,126694.0,87
201800036209,18,10,19,1731,1,2,3,1.0,3.0,87085,M,4582650.0,124299.0,87
201800036210,18,10,20,1622,1,1,1,1.0,6.0,87085,M,4583510.0,119348.0,87
201800036211,18,10,19,1121,1,1,1,1.0,2.0,87085,M,4579980.0,125289.0,87
201800036212,18,10,22,920,1,2,3,1.0,3.0,87085,M,4582360.0,125121.0,87
201800036213,18,10,20,1731,1,2,1,1.0,6.0,87085,M,4582860.0,127197.0,87
201800036214,18,10,22,1746,1,2,1,1.0,6.0,87085,M,4584240.0,123199.0,87
201800036215,18,10,22,2132,5,2,1,1.0,2.0,87085,M,4582450.0,127974.0,87
201800036216,18,10,23,2308,5,2,2,1.0,3.0,87085,M,4582010.0,125188.0,87
201800036217,18,10,25,1653,1,2,1,1.0,6.0,87085,M,4583410.0,125964.0,87
201800036218,18,10,26,228,3,1,1,1.0,6.0,87113,M,4588540.0,131097.0,87
201800036219,18,10,25,1745,1,1,1,1.0,2.0,87085,M,4589880.0,129520.0,87
201800036220,18,10,28,1650,1,1,1,2.0,6.0,87048,M,4577340.0,122342.0,87
201800036221,18,10,29,1326,1,1,1,2.0,2.0,87085,M,4589690.0,129224.0,87
201800036222,18,10,31,1138,1,2,3,2.0,2.0,87085,M,4582490.0,127475.0,87
201800036223,18,10,27,2130,5,2,1,1.0,6.0,87085,M,4584040.0,119870.0,87
201800036224,18,11,4,754,3,1,3,1.0,3.0,87085,M,4590280.0,129649.0,87
201800036225,18,11,2,1910,5,2,2,1.0,3.0,87114,M,4582910.0,130946.0,87
201800036226,18,11,4,849,1,2,1,1.0,6.0,87085,M,4583840.0,121560.0,87
201800036227,18,11,12,1802,2,2,1,2.0,6.0,87085,M,4585760.0,128543.0,87
201800036228,18,11,10,1429,1,1,1,3.0,3.0,87075,M,4578540.0,120889.0,87
201800036229,18,11,11,1836,1,2,6,1.0,6.0,87085,M,4583990.0,125752.0,87