Num_Acc,an,mois,jour,hrmn,lum,agg,int,atm,col,com,gps,lat,long,dep
201800036230,18,11,11,1852,5,2,1,1.0,6.0,87085,M,4582680.0,125944.0,87
201800036231,18,11,11,1722,2,2,1,1.0,6.0,87085,M,4582660.0,126481.0,87
201800036232,18,11,13,1211,1,2,1,2.0,1.0,87085,M,4587470.0,130065.0,87
201800036233,18,11,15,1058,1,1,1,1.0,5.0,87085,M,4584700.0,127691.0,87
201800036234,18,11,16,1424,1,2,1,1.0,4.0,87085,M,4582610.0,125095.0,87
201800036235,18,11,18,2238,5,2,3,1.0,3.0,87085,M,4582120.0,126283.0,87
201800036236,18,11,19,2006,5,2,3,1.0,2.0,87085,M,4588440.0,128215.0,87
201800036237,18,11,19,1152,1,2,2,1.0,1.0,87085,M,4580480.0,127802.0,87
201800036238,18,11,20,1652,1,1,1,1.0,6.0,87085,M,4588180.0,128933.0,87
201800036239,18,11,21,658,5,1,1,1.0,4.0,87085,M,4591060.0,129214.0,87
201800036240,18,11,24,1547,1,2,1,1.0,4.0,87085,M,4582880.0,124320.0,87
201800036241,18,11,24,2055,5,2,2,1.0,3.0,87085,M,4582940.0,124469.0,87
201800036242,18,11,25,1932,5,2,2,2.0,3.0,87085,M,4583280.0,126347.0,87
201800036243,18,11,23,811,2,1,1,1.0,5.0,87065,M,4578960.0,130330.0,87
201800036244,18,11,17,1545,1,2,1,1.0,2.0,87085,M,4584460.0,125997.0,87
201800036245,18,11,27,1740,5,2,2,1.0,3.0,87085,M,4583760.0,125268.0,87
201800036246,18,11,29,1210,1,1,1,1.0,5.0,87085,M,4583100.0,128253.0,87
201800036247,18,12,3,734,2,2,6,2.0,3.0,87085,M,4582930.0,119855.0,87
201800036248,18,12,3,1317,1,1,2,2.0,6.0,87065,M,4581790.0,130258.0,87
201800036249,18,11,25,2113,5,2,2,1.0,7.0,87085,M,4582640.0,125175.0,87
201800036250,18,12,3,1919,2,1,1,3.0,2.0,87075,M,4581910.0,118781.0,87
201800036251,18,12,5,1150,1,1,1,1.0,3.0,87085,M,4585760.0,128289.0,87
201800036252,18,12,4,1111,1,2,3,1.0,3.0,87085,M,4583160.0,123567.0,87
201800036253,18,12,5,1553,1,2,1,1.0,2.0,87085,M,4588330.0,128462.0,87
201800036254,18,12,5,1644,2,2,3,1.0,3.0,87085,M,4582360.0,125121.0,87
201800036255,18,12,7,915,1,2,1,2.0,2.0,87085,M,4581480.0,124525.0,87
201800036256,18,12,7,1132,1,2,1,2.0,7.0,87085,M,4583260.0,126656.0,87
201800036257,18,12,10,1814,5,2,2,1.0,6.0,87085,M,4583970.0,123447.0,87
201800036258,18,9,16,1810,1,2,9,1.0,6.0,87085,M,4588490.0,130247.0,87
201800036259,18,12,14,1135,1,2,1,1.0,6.0,87085,M,4583350.0,126990.0,87
201800036260,18,12,14,2233,5,2,9,1.0,3.0,87085,M,4581746.0,125268.0,87
201800036261,18,12,15,1626,1,2,1,2.0,6.0,87085,M,4584940.0,126856.0,87
201800036262,18,12,16,1810,3,1,1,2.0,2.0,87085,M,4586250.0,128696.0,87
201800036263,18,12,18,1413,1,2,1,1.0,3.0,87085,M,4582110.0,127611.0,87
201800036264,18,12,21,1030,1,1,1,3.0,6.0,87065,M,4579710.0,129709.0,87
201800036265,18,12,21,1050,1,2,3,3.0,3.0,87085,M,4582540.0,123858.0,87
201800036266,18,12,21,1710,1,1,1,3.0,4.0,87085,M,4583780.0,128300.0,87
201800036267,18,12,23,1112,1,2,1,1.0,6.0,87085,M,4583360.0,126144.0,87
201800036268,18,12,23,152,5,2,1,2.0,6.0,87085,M,4584450.0,124833.0,87
201800036269,18,12,29,58,5,2,1,1.0,6.0,87085,M,4585440.0,124654.0,87
201800036270,18,12,31,801,2,2,2,1.0,3.0,87085,M,4582120.0,126294.0,87
201800036271,18,1,9,1735,5,2,3,2.0,6.0,88160,M,4819766.0,646367.0,88
201800036272,18,1,18,2016,5,2,1,3.0,6.0,88160,M,4818440.0,646855.0,88
201800036273,18,1,20,1524,1,1,1,2.0,6.0,88209,M,4819180.0,642190.0,88
201800036274,18,2,6,2100,5,2,1,1.0,6.0,88160,M,4816732.0,645138.0,88
201800036275,18,3,2,2245,5,2,1,2.0,1.0,88160,M,4818903.0,644632.0,88
201800036276,18,3,3,2030,3,1,1,2.0,6.0,88209,M,4818757.0,641858.0,88
201800036277,18,3,4,550,5,2,1,1.0,6.0,88160,M,4817978.0,645567.0,88
201800036278,18,5,20,2350,5,1,3,1.0,3.0,88209,M,4820567.0,641855.0,88
201800036279,18,6,30,35,5,2,1,1.0,7.0,88160,M,4818405.0,646855.0,88
201800036280,18,7,25,1950,1,2,1,1.0,6.0,88160,M,4818825.0,646425.0,88
201800036281,18,7,27,2350,5,2,9,1.0,3.0,88209,M,4820160.0,642792.0,88
201800036282,18,8,10,1720,1,2,1,1.0,3.0,88087,M,4816534.0,643336.0,88
201800036283,18,7,21,207,3,1,1,2.0,7.0,88160,M,4814323.0,645393.0,88
201800036284,18,9,27,1625,1,1,1,1.0,2.0,88160,M,4816289.0,654337.0,88
201800036285,18,9,27,1407,1,2,3,1.0,3.0,88160,M,4819980.0,645120.0,88
201800036286,18,9,29,2150,5,2,9,1.0,2.0,88160,M,4818785.0,647798.0,88
201800036287,18,10,20,1419,1,2,1,1.0,6.0,88160,M,4817590.0,649370.0,88
201800036288,18,10,18,1720,1,2,1,1.0,6.0,88160,M,4816677.0,645156.0,88
201800036289,18,11,8,1908,3,1,1,1.0,5.0,88160,M,4818310.0,649610.0,88
201800036290,18,11,20,1726,5,2,3,2.0,3.0,88160,M,4818190.0,644710.0,88
201800036291,18,11,29,1728,5,2,1,1.0,6.0,88160,M,4818710.0,646500.0,88
201800036292,18,12,5,2140,5,1,1,2.0,7.0,88160,M,4896840.0,627139.0,88
201800036293,18,12,16,1934,5,2,3,9.0,6.0,88160,M,4817322.0,645237.0,88
201800036294,18,12,17,1742,5,2,1,1.0,6.0,88160,M,4818425.0,644107.0,88
201800036295,18,5,5,1608,1,2,1,1.0,6.0,88383,M,4801266.0,660287.0,88
201800036296,18,6,6,1528,1,2,1,1.0,6.0,88383,M,4801517.0,651616.0,88
201800036297,18,7,29,1351,1,2,1,7.0,6.0,88415,M,4802094.0,660262.0,88
201800036298,18,10,26,1230,1,1,1,1.0,1.0,88429,M,4801000.0,656000.0,88
201800036299,18,1,9,1250,1,2,1,1.0,6.0,88413,M,4828191.0,695844.0,88
201800036300,18,3,6,855,1,2,1,1.0,6.0,88424,M,4827121.0,697233.0,88
201800036301,18,5,19,1630,1,2,3,1.0,3.0,88413,M,4829180.0,695117.0,88
201800036302,18,6,16,1530,1,2,3,1.0,6.0,88413,M,4828213.0,695688.0,88
201800036303,18,6,19,1055,1,2,2,1.0,3.0,88424,M,4826800.0,697924.0,88
201800036304,18,7,10,2238,5,2,1,1.0,5.0,88413,M,4828861.0,694944.0,88
201800036305,18,7,27,1625,1,2,9,1.0,6.0,88413,M,4828006.0,695555.0,88
201800036306,18,8,14,1840,1,2,9,1.0,6.0,88413,M,,,88
201800036307,18,9,15,1900,1,2,9,1.0,6.0,88428,M,4831454.0,688804.0,88
201800036308,18,9,1,1720,1,2,1,1.0,6.0,88413,M,4829622.0,694666.0,88
201800036309,18,9,26,1648,1,2,1,1.0,3.0,88413,M,4830075.0,692929.0,88
201800036310,18,9,28,1515,1,2,3,1.0,3.0,88413,M,4828585.0,696539.0,88
201800036311,18,9,29,1040,1,2,1,1.0,7.0,88413,M,4831549.0,696652.0,88
201800036312,18,10,5,2040,5,2,1,1.0,6.0,88413,M,4828123.0,694988.0,88
201800036313,18,11,6,1415,1,2,6,1.0,3.0,88413,M,4828543.0,694932.0,88
201800036314,18,11,14,1513,1,2,1,1.0,6.0,88413,M,,,88
201800036315,18,11,24,715,3,1,1,8.0,2.0,88413,M,4829656.0,693039.0,88
201800036316,18,12,3,800,1,2,1,2.0,1.0,88413,M,4830020.0,699000.0,88
201800036317,18,1,10,555,3,1,1,3.0,6.0,89024,M,4781930.0,357066.0,89
201800036318,18,1,14,1734,2,2,8,1.0,3.0,89024,M,4782227.0,358714.0,89
201800036319,18,1,22,1835,4,2,5,2.0,6.0,89024,M,4778921.0,356094.0,89
201800036320,18,2,13,1020,1,2,1,1.0,6.0,89024,M,4780425.0,356535.0,89
201800036321,18,7,10,1205,1,2,3,1.0,6.0,89346,M,4780022.0,353274.0,89
201800036322,18,7,10,1910,1,1,3,1.0,3.0,89346,M,4780006.0,351218.0,89
201800036323,18,8,28,2015,1,2,1,1.0,2.0,89346,M,4779830.0,346998.0,89
201800036324,18,9,20,1825,1,2,1,1.0,6.0,89024,M,4780040.0,354982.0,89
201800036325,18,10,8,1450,1,2,6,1.0,3.0,89024,M,4780107.0,356770.0,89
201800036326,18,10,10,1305,1,2,4,1.0,3.0,89024,M,4779487.0,357900.0,89
201800036327,18,10,22,845,2,1,1,1.0,1.0,89024,M,4782047.0,358377.0,89
201800036328,18,12,11,2205,3,1,1,1.0,7.0,89342,M,4822991.0,327143.0,89
201800036329,18,2,14,1400,1,2,1,1.0,3.0,89387,M,4819723.0,329731.0,89
201800036330,18,7,5,1540,1,2,2,1.0,1.0,89387,M,4819691.0,329707.0,89
201800036331,18,3,8,1445,1,1,1,2.0,7.0,89354,M,4820489.0,325951.0,89
201800036332,18,5,23,1829,1,2,1,1.0,6.0,89387,M,4819677.0,330528.0,89
201800036333,18,3,25,1547,1,1,4,1.0,3.0,89387,M,4818588.0,327224.0,89
201800036334,18,4,6,610,5,2,1,1.0,6.0,89387,M,4820142.0,327268.0,89
201800036335,18,3,29,1850,1,2,3,1.0,3.0,89387,M,4819485.0,328039.0,89
201800036336,18,3,2,1740,1,2,1,1.0,3.0,89387,M,4819510.0,329494.0,89
201800036337,18,5,16,2150,3,2,7,1.0,6.0,89387,M,4819545.0,326622.0,89
201800036338,18,5,19,2150,5,2,9,1.0,6.0,89387,M,4819809.0,329790.0,89
201800036339,18,5,27,1915,1,2,2,1.0,3.0,89387,M,4819676.0,330416.0,89
201800036340,18,6,28,1735,1,2,1,1.0,6.0,89387,M,4819942.0,328244.0,89
201800036341,18,7,9,1155,1,1,1,1.0,5.0,89387,M,4819373.0,331275.0,89
201800036342,18,4,21,1820,1,2,1,1.0,6.0,89387,M,4819984.0,329405.0,89
201800036343,18,4,6,730,2,2,2,1.0,6.0,89287,M,4819548.0,326398.0,89
201800036344,18,7,16,910,1,1,1,1.0,6.0,89387,M,4824348.0,325301.0,89
201800036345,18,7,25,1412,1,2,9,1.0,1.0,89387,M,4819950.0,329378.0,89
201800036346,18,8,1,2010,1,1,9,1.0,3.0,89387,M,4819136.0,331026.0,89
201800036347,18,8,5,915,1,2,2,1.0,3.0,89387,M,4819131.0,327641.0,89
201800036348,18,8,18,2330,5,1,1,1.0,6.0,89287,M,4818330.0,325438.0,89
201800036349,18,9,14,1610,1,2,1,1.0,6.0,89387,M,4819443.0,328353.0,89
201800036350,18,10,5,2120,3,2,2,1.0,3.0,89127,M,4822421.0,325351.0,89
201800036351,18,11,19,2015,5,1,1,1.0,2.0,89387,M,4819087.0,331151.0,89
201800036352,18,11,14,1510,1,2,1,1.0,7.0,89387,M,4819255.0,329536.0,89
201800036353,18,1,11,1227,1,2,8,1.0,6.0,90010,M,4765000.0,685000.0,90
201800036354,18,1,16,1214,1,2,1,3.0,6.0,90099,M,4766929.0,684212.0,90
201800036355,18,2,9,2135,5,2,1,8.0,3.0,90010,M,4764208.0,684129.0,90
201800036356,18,2,21,720,1,1,1,1.0,3.0,90010,M,4763658.0,688083.0,90
201800036357,18,4,16,1728,1,2,1,1.0,2.0,90075,M,4765944.0,686777.0,90
201800036358,18,4,29,1500,1,2,4,1.0,3.0,90010,M,4762921.0,684075.0,90
201800036359,18,5,24,1750,1,2,1,1.0,6.0,90010,M,4764586.0,685525.0,90
201800036360,18,5,31,1605,1,2,2,1.0,6.0,90010,M,4763060.0,684835.0,90
201800036361,18,5,31,1105,1,2,9,1.0,6.0,90010,M,4763080.0,686314.0,90
201800036362,18,6,14,1519,1,2,1,1.0,3.0,90010,M,4763831.0,686025.0,90
201800036363,18,6,16,2125,2,2,2,1.0,3.0,90008,M,4762098.0,683529.0,90
201800036364,18,6,15,1410,1,2,9,1.0,6.0,90010,M,4760000.0,685000.0,90
201800036365,18,6,20,1015,1,2,9,1.0,6.0,90032,M,4761560.0,685935.0,90
201800036366,18,6,21,1655,1,2,1,1.0,6.0,90010,M,4764091.0,686685.0,90
201800036367,18,7,2,2028,1,2,2,1.0,3.0,90010,M,4764407.0,684076.0,90
201800036368,18,7,5,1642,1,1,1,2.0,1.0,90075,M,4766449.0,686583.0,90
201800036369,18,7,10,1733,1,2,1,1.0,6.0,90010,M,4764999.0,686286.0,90
201800036370,18,7,10,1950,1,1,1,1.0,3.0,90010,M,4763637.0,683761.0,90
201800036371,18,7,19,1505,1,2,3,1.0,3.0,90010,M,4763620.0,683648.0,90
201800036372,18,7,19,1453,1,2,1,1.0,6.0,90010,M,4763216.0,684050.0,90
201800036373,18,7,27,1344,1,2,1,1.0,6.0,90010,M,4762874.0,686158.0,90
201800036374,18,8,21,2305,5,2,1,1.0,6.0,90010,M,4765254.0,685597.0,90
201800036375,18,8,22,1205,1,2,6,1.0,3.0,90008,M,4762009.0,684254.0,90
201800036376,18,10,4,1833,1,2,3,1.0,3.0,90076,M,4763642.0,689450.0,90
201800036377,18,10,18,318,5,2,1,1.0,7.0,90010,M,4764009.0,685111.0,90
201800036378,18,10,31,1728,2,2,1,8.0,6.0,90010,M,,,90
201800036379,18,11,10,1224,1,2,1,1.0,6.0,90010,M,4763702.0,685901.0,90
201800036380,18,11,22,1615,1,1,2,1.0,6.0,90010,M,4764150.0,684590.0,90
201800036381,18,12,1,1800,5,2,1,1.0,6.0,90032,M,4761859.0,685145.0,90
201800036382,18,12,1,1805,5,2,1,1.0,7.0,90010,M,4764656.0,684679.0,90
201800036383,18,12,1,2305,3,1,1,2.0,5.0,90032,M,4761833.0,685407.0,90
201800036384,18,12,26,2356,5,2,2,1.0,6.0,90010,M,4762969.0,684282.0,90
201800036385,18,1,1,210,5,2,1,1.0,2.0,91552,M,4860592.0,225497.0,91
201800036386,18,1,3,830,1,2,1,2.0,3.0,91339,M,4863500.0,226629.0,91
201800036387,18,1,5,1514,1,1,9,1.0,4.0,91103,M,4858659.0,230647.0,91
201800036388,18,1,5,1915,5,2,1,1.0,1.0,91339,M,4860708.0,221442.0,91
201800036389,18,1,7,1244,1,2,1,1.0,1.0,91552,M,4859300.0,226200.0,91
201800036390,18,1,9,1045,1,2,1,1.0,2.0,91021,M,4858302.0,224334.0,91
201800036391,18,1,9,1720,5,1,1,2.0,7.0,91339,M,4863236.0,226461.0,91
201800036392,18,1,10,855,1,1,1,1.0,3.0,91457,M,4857560.0,227496.0,91
201800036393,18,1,11,815,1,2,1,2.0,6.0,91103,M,4859069.0,230027.0,91
201800036394,18,1,11,1300,1,2,1,1.0,6.0,91103,M,4860597.0,230032.0,91
201800036395,18,1,12,1830,3,2,1,1.0,2.0,91552,M,4861127.0,225660.0,91
201800036396,18,1,14,1330,1,2,1,1.0,6.0,91457,M,4858062.0,226235.0,91
201800036397,18,1,16,910,1,2,1,3.0,3.0,91425,M,4864660.0,227544.0,91
201800036398,18,1,31,1100,1,2,1,2.0,6.0,91021,M,4858997.0,224851.0,91
201800036399,18,2,6,920,1,2,1,4.0,2.0,91425,M,4864483.0,226998.0,91
201800036400,18,2,6,1635,1,2,1,4.0,2.0,91103,M,4860679.0,231279.0,91
201800036401,18,2,13,710,1,2,1,1.0,7.0,91103,M,4861202.0,227688.0,91
201800036402,18,2,13,830,1,2,1,1.0,6.0,91021,M,4859326.0,224834.0,91
201800036403,18,2,13,910,1,2,1,1.0,6.0,91425,M,4864794.0,225922.0,91
201800036404,18,2,14,700,5,1,6,4.0,2.0,91425,M,4864785.0,227479.0,91
201800036405,18,2,17,1545,1,2,1,1.0,3.0,91021,M,4859473.0,224644.0,91
201800036406,18,2,22,1550,1,2,6,1.0,6.0,91103,M,4860858.0,230347.0,91
201800036407,18,2,23,1030,1,1,1,1.0,3.0,91457,M,4857545.0,227224.0,91
201800036408,18,3,2,1810,1,2,1,1.0,1.0,91103,M,4859005.0,229461.0,91
201800036409,18,3,5,1215,1,2,1,1.0,2.0,91425,M,4863941.0,226799.0,91
201800036410,18,3,8,1930,2,2,1,2.0,3.0,91552,M,4859503.0,225887.0,91
201800036411,18,3,13,1634,1,2,2,1.0,1.0,91347,M,4864619.0,227795.0,91
201800036412,18,3,27,1630,1,2,1,1.0,4.0,91339,M,4863199.0,226449.0,91
201800036413,18,3,28,745,1,2,1,3.0,7.0,91425,M,4864871.0,227139.0,91
201800036414,18,3,28,840,1,2,1,2.0,6.0,91103,M,4860779.0,230637.0,91
201800036415,18,4,3,720,1,2,1,3.0,2.0,91339,M,4863490.0,226618.0,91
201800036416,18,4,6,2240,5,2,2,1.0,3.0,91347,M,4863527.0,228563.0,91
201800036417,18,4,8,800,1,2,1,1.0,6.0,91103,M,4860050.0,229748.0,91
201800036418,18,4,14,1942,1,2,1,2.0,6.0,91552,M,4859426.0,227118.0,91
201800036419,18,4,18,1830,1,2,1,1.0,3.0,91103,M,4859059.0,230199.0,91
201800036420,18,4,19,1220,1,2,3,1.0,3.0,91103,M,4859346.0,229738.0,91
201800036421,18,4,23,1150,1,2,6,1.0,4.0,91457,M,4857400.0,225800.0,91
201800036422,18,4,24,340,5,2,1,1.0,6.0,91021,M,4859969.0,223907.0,91
201800036423,18,4,24,1900,1,2,1,1.0,7.0,91103,M,4858085.0,230794.0,91
201800036424,18,4,27,1748,1,2,1,1.0,4.0,91339,M,4863413.0,226707.0,91
201800036425,18,4,29,1110,1,2,1,1.0,2.0,91021,M,4895100.0,224400.0,91
201800036426,18,4,29,1500,1,1,1,2.0,6.0,91103,M,4862080.0,230140.0,91
201800036427,18,5,5,2256,5,2,6,1.0,6.0,91103,M,4857800.0,229800.0,91
201800036428,18,5,6,750,1,2,1,1.0,2.0,91347,M,4864800.0,227100.0,91
201800036429,18,5,7,1640,1,2,1,1.0,7.0,91339,M,4861600.0,225600.0,91
201800036430,18,5,13,2330,5,2,1,2.0,3.0,91552,M,4860215.0,224770.0,91
201800036431,18,5,20,1700,1,2,2,1.0,3.0,91457,M,4857800.0,225700.0,91
201800036432,18,5,23,940,1,2,2,1.0,6.0,91347,M,4866054.0,228855.0,91
201800036433,18,5,24,1452,1,1,1,1.0,6.0,91347,M,4865198.0,227354.0,91
201800036434,18,5,25,1440,1,2,1,1.0,5.0,91457,M,4857300.0,225900.0,91
201800036435,18,5,25,1920,1,2,1,1.0,2.0,91339,M,4859800.0,224500.0,91
201800036436,18,5,28,1710,1,1,1,1.0,2.0,91339,M,4861642.0,225651.0,91
201800036437,18,6,3,1505,1,1,1,1.0,2.0,91425,M,4864993.0,227185.0,91
201800036438,18,6,11,1320,1,2,1,2.0,6.0,91552,M,4859791.0,226406.0,91
201800036439,18,6,14,730,1,2,1,1.0,3.0,91103,M,4860524.0,230005.0,91
201800036440,18,6,14,1406,1,2,1,1.0,6.0,91021,M,4859139.0,225334.0,91
201800036441,18,6,14,1401,1,2,1,1.0,6.0,91339,M,4863100.0,226700.0,91
201800036442,18,6,19,850,1,2,1,1.0,6.0,91425,M,4864772.0,227395.0,91
201800036443,18,6,22,1700,1,2,1,1.0,4.0,91103,M,4858900.0,230700.0,91
201800036444,18,6,24,1845,1,2,1,1.0,3.0,91339,M,4861600.0,225600.0,91
201800036445,18,6,28,2010,1,2,1,1.0,2.0,91021,M,4859728.0,224592.0,91
201800036446,18,6,28,1320,1,2,1,1.0,6.0,91347,M,4864300.0,229400.0,91
201800036447,18,6,29,1838,1,2,1,1.0,6.0,91103,M,4862300.0,229900.0,91
201800036448,18,7,6,2015,1,2,1,1.0,7.0,91425,M,4864700.0,226500.0,91
201800036449,18,7,6,2325,5,2,1,1.0,2.0,91425,M,4864000.0,226600.0,91
201800036450,18,7,9,1120,1,2,1,1.0,2.0,91339,M,4863400.0,226600.0,91
201800036451,18,7,13,1700,1,2,1,1.0,7.0,91103,M,4858700.0,230700.0,91
201800036452,18,7,15,725,1,2,1,1.0,2.0,91552,M,4859800.0,224500.0,91
201800036453,18,7,16,1124,1,2,1,1.0,3.0,91425,M,4864303.0,227369.0,91
201800036454,18,7,16,1530,1,2,1,1.0,3.0,91103,M,4859200.0,230200.0,91
201800036455,18,7,19,900,1,1,1,1.0,6.0,91457,M,4857505.0,226263.0,91
201800036456,18,7,20,2307,5,2,1,1.0,7.0,91333,M,4862080.0,226668.0,91
201800036457,18,7,22,1430,1,1,1,1.0,2.0,91339,M,4862080.0,226236.0,91
201800036458,18,7,28,1510,1,2,1,1.0,3.0,91552,M,4860843.0,225151.0,91
201800036459,18,7,30,745,1,1,1,1.0,3.0,91425,M,4864912.0,227186.0,91
201800036460,18,7,31,1735,1,2,3,1.0,3.0,91339,M,4863004.0,227954.0,91
201800036461,18,8,5,5,5,2,1,1.0,2.0,91021,M,4859799.0,224469.0,91
201800036462,18,8,13,845,1,2,1,1.0,7.0,91339,M,4862855.0,226240.0,91
201800036463,18,8,14,1950,1,2,4,1.0,4.0,91552,M,4860493.0,225564.0,91
201800036464,18,8,18,1200,1,2,1,1.0,6.0,91021,M,4859000.0,225600.0,91
201800036465,18,8,23,1650,1,2,1,1.0,6.0,91552,M,4886275.0,287592.0,91
201800036466,18,8,24,1232,1,2,1,1.0,2.0,91425,M,4864700.0,227400.0,91
201800036467,18,8,25,2030,1,2,1,1.0,7.0,91552,M,4860300.0,224800.0,91
201800036468,18,8,28,1900,1,2,1,1.0,3.0,91425,M,4864600.0,227000.0,91
201800036469,18,8,31,2257,3,1,3,1.0,3.0,91425,M,4886272.0,228759.0,91
201800036470,18,9,1,1845,1,2,1,1.0,7.0,91333,M,4886272.0,228759.0,91
201800036471,18,9,3,1750,1,2,1,1.0,6.0,91021,M,4858500.0,224300.0,91
201800036472,18,9,6,1925,1,2,1,1.0,3.0,91434,M,4862300.0,229800.0,91
201800036473,18,9,11,2221,5,2,1,1.0,5.0,91103,M,4860821.0,231581.0,91
201800036474,18,9,14,1115,1,2,1,1.0,6.0,91103,M,4860820.0,230462.0,91
201800036475,18,9,15,205,5,2,6,1.0,7.0,91103,M,4860200.0,230500.0,91
201800036476,18,9,18,1455,1,2,1,2.0,2.0,91103,M,4861766.0,232013.0,91
201800036477,18,9,18,1500,1,2,1,2.0,2.0,91339,M,4862969.0,226313.0,91
201800036478,18,8,19,1350,1,2,1,1.0,2.0,91425,M,4864700.0,227100.0,91
201800036479,18,9,20,850,1,2,1,1.0,7.0,91103,M,4858789.0,229367.0,91
201800036480,18,9,22,430,5,2,6,1.0,6.0,91339,M,4862600.0,226600.0,91
201800036481,18,9,24,1225,1,2,1,1.0,3.0,91021,M,4859709.0,224571.0,91
201800036482,18,9,25,1600,1,2,2,1.0,3.0,91347,M,4864900.0,228600.0,91
201800036483,18,9,30,1350,1,2,1,1.0,6.0,91103,M,4860350.0,230527.0,91
201800036484,18,10,4,820,1,2,1,1.0,6.0,91425,M,4864000.0,227300.0,91
201800036485,18,10,5,900,1,2,1,1.0,4.0,91425,M,4886272.0,228759.0,91
201800036486,18,10,5,1940,5,2,1,1.0,6.0,91021,M,4858800.0,224500.0,91
201800036487,18,10,6,40,5,2,1,1.0,1.0,91425,M,4864617.0,227483.0,91
201800036488,18,10,9,830,1,2,1,1.0,2.0,91339,M,4861957.0,227017.0,91
201800036489,18,10,10,910,1,2,1,1.0,1.0,91347,M,4865165.0,228296.0,91
201800036490,18,10,10,1140,1,2,1,1.0,3.0,91021,M,4859890.0,224500.0,91
201800036491,18,10,11,645,4,2,6,1.0,4.0,91425,M,4864830.0,227467.0,91
201800036492,18,10,11,1038,1,2,1,1.0,6.0,91103,M,4860300.0,231100.0,91
201800036493,18,10,12,830,1,2,1,1.0,4.0,91103,M,4859200.0,231011.0,91
201800036494,18,10,16,1445,1,2,6,1.0,6.0,91103,M,4860444.0,232234.0,91
201800036495,18,10,18,1441,1,2,1,1.0,2.0,91552,M,4859200.0,225900.0,91
201800036496,18,10,19,807,1,2,1,1.0,6.0,91021,M,4859600.0,224600.0,91
201800036497,18,10,19,1510,1,2,1,1.0,6.0,91425,M,4864700.0,226500.0,91
201800036498,18,10,20,1150,1,1,6,1.0,6.0,91457,M,4856800.0,226600.0,91
201800036499,18,10,24,1039,1,1,1,1.0,4.0,91552,M,4860808.0,227375.0,91
201800036500,18,10,25,645,4,2,1,1.0,2.0,91103,M,4856800.0,226000.0,91
201800036501,18,10,28,2005,3,2,1,1.0,6.0,91552,M,4861183.0,225357.0,91
201800036502,18,10,29,1530,1,2,1,1.0,3.0,91021,M,4858636.0,224606.0,91
201800036503,18,10,31,1809,3,2,1,2.0,6.0,91425,M,4864885.0,225675.0,91
201800036504,18,11,2,1548,1,2,1,1.0,2.0,91347,M,4864300.0,228200.0,91
201800036505,18,11,9,2000,3,2,1,2.0,6.0,91103,M,4859500.0,231100.0,91
201800036506,18,11,10,1536,1,2,1,2.0,2.0,91425,M,4864900.0,227100.0,91
201800036507,18,11,10,2319,5,2,1,1.0,7.0,91103,M,4858700.0,230500.0,91
201800036508,18,11,11,1235,1,2,1,2.0,2.0,91103,M,4861000.0,230700.0,91
201800036509,18,11,13,1245,1,2,1,1.0,4.0,91021,M,4859000.0,225600.0,91
201800036510,18,11,13,1330,1,2,1,1.0,7.0,91457,M,4858200.0,226500.0,91
201800036511,18,11,16,825,2,2,1,1.0,1.0,91103,M,4860700.0,230600.0,91
201800036512,18,11,17,2258,5,2,2,1.0,1.0,91103,M,4862000.0,231100.0,91
201800036513,18,11,18,1537,1,2,1,1.0,3.0,91103,M,4858800.0,230500.0,91
201800036514,18,11,19,1839,5,2,1,1.0,6.0,91103,M,4860400.0,230600.0,91
201800036515,18,11,20,1720,5,2,1,2.0,1.0,91021,M,4862116.0,226815.0,91
201800036516,18,11,21,1840,2,2,1,1.0,5.0,91457,M,4858300.0,225500.0,91
201800036517,18,11,28,630,5,2,1,2.0,6.0,91021,M,4858327.0,224411.0,91
201800036518,18,11,30,1610,1,2,1,1.0,6.0,91347,M,4886272.0,228759.0,91
201800036519,18,12,1,50,5,1,1,1.0,4.0,91552,M,4864483.0,226998.0,91
201800036520,18,12,1,1210,1,2,1,2.0,3.0,91103,M,4886272.0,228759.0,91
201800036521,18,12,6,1820,5,2,1,1.0,2.0,91347,M,4863499.0,228732.0,91
201800036522,18,12,9,1450,1,2,1,1.0,6.0,91552,M,4859900.0,227400.0,91
201800036523,18,12,13,1025,1,2,1,1.0,6.0,91103,M,4859300.0,229600.0,91
201800036524,18,12,13,1840,5,2,1,9.0,6.0,91425,M,4864109.0,227015.0,91
201800036525,18,12,21,1750,3,2,1,1.0,2.0,91457,M,4857915.0,225727.0,91
201800036526,18,12,22,1900,5,2,1,1.0,6.0,91425,M,4864400.0,226900.0,91
201800036527,18,12,22,2319,5,2,1,1.0,7.0,91103,M,4860300.0,231900.0,91
201800036528,18,12,24,1805,5,2,2,1.0,3.0,91457,M,4858500.0,225300.0,91
201800036529,18,12,24,2355,5,2,1,1.0,1.0,91103,M,4861700.0,229200.0,91
201800036530,18,12,31,1015,1,2,6,1.0,3.0,91103,M,4859361.0,230311.0,91
201800036531,18,4,15,150,5,2,1,1.0,5.0,91479,M,4873046.0,236755.0,91
201800036532,18,4,22,750,1,2,2,1.0,3.0,91479,M,4871617.0,237088.0,91