Num_Acc,an,mois,jour,hrmn,lum,agg,int,atm,col,com,gps,lat,long,dep
201800036533,18,4,27,10,5,2,6,1.0,3.0,91479,M,4871612.0,237099.0,91
201800036534,18,5,10,1920,1,2,1,1.0,6.0,91479,M,4870876.0,236704.0,91
201800036535,18,5,17,138,5,2,1,1.0,3.0,91027,M,4870119.0,237180.0,91
201800036536,18,5,18,1245,1,1,1,1.0,4.0,91479,M,4874125.0,236352.0,91
201800036537,18,5,18,2311,5,2,1,1.0,6.0,91027,M,4871920.0,237090.0,91
201800036538,18,5,24,2245,5,2,1,1.0,3.0,91027,M,4871610.0,237100.0,91
201800036539,18,5,18,1705,1,2,6,1.0,3.0,91027,M,4870890.0,238240.0,91
201800036540,18,6,22,1435,1,2,3,1.0,3.0,91027,M,4870702.0,237594.0,91
201800036541,18,6,26,1835,1,2,1,1.0,6.0,91027,M,4870910.0,238280.0,91
201800036542,18,6,26,2030,1,2,2,1.0,3.0,91479,M,4870660.0,236410.0,91
201800036543,18,6,29,840,1,2,1,1.0,3.0,91027,M,4871440.0,237120.0,91
201800036544,18,6,29,2345,5,2,1,1.0,3.0,91027,M,4870280.0,237170.0,91
201800036545,18,7,4,1045,1,2,1,1.0,4.0,91479,M,4871322.0,237100.0,91
201800036546,18,7,10,1945,1,1,1,1.0,5.0,91479,M,4873530.0,236550.0,91
201800036547,18,7,17,1355,1,2,1,1.0,4.0,91027,M,4870579.0,237116.0,91
201800036548,18,8,2,840,1,2,3,1.0,3.0,91479,M,4870871.0,236311.0,91
201800036549,18,8,9,1400,1,2,1,2.0,3.0,91027,M,4869820.0,237180.0,91
201800036550,18,9,4,1540,1,2,1,1.0,2.0,91479,M,4870575.0,236029.0,91
201800036551,18,9,6,2040,5,2,2,1.0,3.0,91027,M,4870997.0,238560.0,91
201800036552,18,9,11,1805,1,2,1,7.0,6.0,91479,M,4870452.0,235394.0,91
201800036553,18,9,16,1430,1,2,1,1.0,6.0,91027,M,4870559.0,236391.0,91
201800036554,18,10,2,200,5,2,1,1.0,4.0,91027,M,4870860.0,237400.0,91
201800036555,18,10,5,1740,1,2,4,1.0,3.0,91479,M,4870564.0,235970.0,91
201800036556,18,10,9,2240,5,2,1,1.0,7.0,91027,M,4870590.0,231718.0,91
201800036557,18,10,22,1140,1,2,1,2.0,2.0,91027,M,4870557.0,237162.0,91
201800036558,18,10,22,1715,1,2,3,1.0,6.0,91027,M,4870510.0,238200.0,91
201800036559,18,10,29,2330,5,2,2,3.0,3.0,91479,M,4871598.0,237081.0,91
201800036560,18,11,5,2245,5,2,1,1.0,1.0,91027,M,4871690.0,241067.0,91
201800036561,18,11,10,1325,1,2,2,2.0,3.0,91027,M,4871609.0,237089.0,91
201800036562,18,11,11,40,5,2,6,2.0,6.0,91479,M,4870932.0,236697.0,91
201800036563,18,11,13,2055,5,2,1,1.0,3.0,91027,M,4871296.0,239486.0,91
201800036564,18,11,25,350,5,2,1,2.0,2.0,91027,M,4870077.0,237150.0,91
201800036565,18,11,26,1730,2,2,1,2.0,6.0,91027,M,4871101.0,238298.0,91
201800036566,18,11,30,740,5,2,1,1.0,3.0,91027,M,4871501.0,237111.0,91
201800036567,18,11,30,1310,1,1,1,1.0,2.0,91479,M,4872002.0,237062.0,91
201800036568,18,12,4,1125,1,2,2,8.0,3.0,91027,M,4871617.0,237087.0,91
201800036569,18,12,7,1355,1,2,1,3.0,2.0,91027,M,4870593.0,238914.0,91
201800036570,18,12,9,2055,5,2,1,1.0,3.0,91479,M,4871296.0,237117.0,91
201800036571,18,12,19,1355,1,2,2,2.0,3.0,91027,M,4870097.0,236015.0,91
201800036572,18,12,26,715,5,2,2,1.0,3.0,91479,M,4871610.0,237050.0,91
201800036573,18,12,31,1220,1,2,1,8.0,4.0,91027,M,4870690.0,237151.0,91
201800036574,18,1,3,1725,5,2,1,1.0,6.0,91514,M,4867703.0,253639.0,91
201800036575,18,1,8,1835,5,2,1,1.0,6.0,91097,M,4868238.0,253127.0,91
201800036576,18,1,19,750,2,2,1,2.0,2.0,91687,M,4868295.0,237714.0,91
201800036577,18,2,1,705,5,2,1,2.0,3.0,91114,M,4869427.0,250626.0,91
201800036578,18,2,16,620,5,2,6,1.0,6.0,91114,M,4869463.0,250242.0,91
201800036579,18,2,25,1725,1,2,1,1.0,2.0,91114,M,4870350.0,249380.0,91
201800036580,18,2,26,1915,5,2,3,1.0,6.0,91114,M,4870786.0,251325.0,91
201800036581,18,3,9,735,2,2,1,1.0,3.0,91514,M,4867840.0,252970.0,91
201800036582,18,3,9,2010,3,2,1,2.0,1.0,91514,M,4867840.0,253899.0,91
201800036583,18,3,14,930,1,2,1,1.0,2.0,91114,M,4869579.0,250282.0,91
201800036584,18,3,21,1410,1,2,1,1.0,2.0,91114,M,4869948.0,249385.0,91
201800036585,18,4,3,815,1,2,1,1.0,3.0,91114,M,4869160.0,249360.0,91
201800036586,18,4,6,845,1,2,1,1.0,3.0,91514,M,4867918.0,252596.0,91
201800036587,18,4,8,1735,1,2,1,8.0,3.0,91514,M,4866910.0,254300.0,91
201800036588,18,4,10,1035,1,2,1,9.0,6.0,91097,M,4868280.0,253685.0,91
201800036589,18,4,13,2205,5,2,1,1.0,5.0,91514,M,4867062.0,254136.0,91
201800036590,18,4,27,1300,1,2,1,1.0,6.0,91514,M,4867130.0,253980.0,91
201800036591,18,4,28,1930,1,2,1,1.0,1.0,91215,M,4869100.0,250965.0,91
201800036592,18,5,2,920,1,1,1,1.0,4.0,91514,M,4866589.0,251158.0,91
201800036593,18,5,2,1525,1,2,1,1.0,2.0,91215,M,4868630.0,251150.0,91
201800036594,18,5,5,1650,1,2,6,1.0,3.0,91514,M,4867835.0,252729.0,91
201800036595,18,5,16,1745,1,2,1,8.0,6.0,91215,M,4869730.0,253700.0,91
201800036596,18,5,27,2220,5,2,1,1.0,3.0,91514,M,4867367.0,253543.0,91
201800036597,18,6,22,940,1,2,1,1.0,3.0,91097,M,4868693.0,252735.0,91
201800036598,18,7,1,1855,1,2,1,1.0,6.0,91215,M,4869554.0,252682.0,91
201800036599,18,7,21,1230,1,2,1,1.0,3.0,91097,M,4869088.0,252971.0,91
201800036600,18,8,8,2310,5,2,3,1.0,3.0,91514,M,4867318.0,253625.0,91
201800036601,18,9,7,1835,1,2,1,1.0,6.0,91215,M,4869620.0,252300.0,91
201800036602,18,9,11,1800,1,2,7,1.0,3.0,91514,M,4868050.0,253570.0,91
201800036603,18,9,17,1320,1,2,1,1.0,2.0,91114,M,4869451.0,250238.0,91
201800036604,18,9,25,1815,1,2,1,1.0,6.0,91114,M,4870981.0,252400.0,91
201800036605,18,9,25,1915,1,2,1,1.0,3.0,91114,M,4869805.0,250570.0,91
201800036606,18,10,2,1145,1,2,6,8.0,6.0,91114,M,4870059.0,250577.0,91
201800036607,18,10,5,1355,1,2,1,1.0,3.0,91114,M,4869400.0,250240.0,91
201800036608,18,10,11,720,5,2,3,2.0,3.0,91114,M,4869976.0,249375.0,91
201800036609,18,10,19,1650,1,2,6,1.0,6.0,91514,M,4867650.0,253670.0,91
201800036610,18,10,22,1100,1,2,1,2.0,2.0,91114,M,4870138.0,249361.0,91
201800036611,18,10,30,1325,1,2,6,1.0,3.0,91114,M,4869480.0,250240.0,91
201800036612,18,11,10,1410,1,2,1,8.0,3.0,91514,M,4867603.0,253618.0,91
201800036613,18,11,12,1735,3,1,1,2.0,3.0,91114,M,4867350.0,250210.0,91
201800036614,18,11,15,1320,1,2,3,2.0,3.0,91114,M,4870728.0,250578.0,91
201800036615,18,11,20,720,3,2,1,2.0,6.0,91114,M,4869943.0,249389.0,91
201800036616,18,12,1,1445,1,2,1,3.0,3.0,91215,M,4868616.0,251138.0,91
201800036617,18,12,6,1605,1,2,1,8.0,6.0,91097,M,4868900.0,252980.0,91
201800036618,18,12,7,1255,1,2,6,2.0,3.0,91114,M,4869000.0,249000.0,91
201800036619,18,1,8,1630,1,2,2,1.0,3.0,91174,M,4861451.0,245796.0,91
201800036620,18,3,8,1800,1,2,1,1.0,3.0,91174,M,4859500.0,247560.0,91
201800036621,18,3,16,1235,1,2,6,9.0,2.0,91174,M,4861086.0,245334.0,91
201800036622,18,4,21,1715,1,2,1,1.0,5.0,91174,M,4860737.0,244774.0,91
201800036623,18,4,22,1600,1,2,1,1.0,3.0,91174,M,4861551.0,245721.0,91
201800036624,18,5,7,240,5,2,3,1.0,3.0,91174,M,4860729.0,248255.0,91
201800036625,18,5,15,1835,1,2,1,1.0,4.0,91174,M,4858733.0,247685.0,91
201800036626,18,5,15,2225,5,2,1,1.0,2.0,91174,M,4858569.0,247682.0,91
201800036627,18,4,15,2040,2,2,1,1.0,6.0,91174,M,4861210.0,247761.0,91
201800036628,18,3,20,1315,1,2,6,1.0,3.0,91174,M,4859887.0,246422.0,91
201800036629,18,6,9,2200,5,2,1,3.0,3.0,91174,M,4859692.0,246624.0,91
201800036630,18,7,3,1830,1,2,1,1.0,2.0,91174,M,4860986.0,247564.0,91
201800036631,18,7,11,1920,1,2,1,1.0,6.0,91174,M,4858200.0,247703.0,91
201800036632,18,7,23,2100,2,2,1,1.0,2.0,91174,M,4860977.0,246989.0,91
201800036633,18,8,16,1825,1,2,2,1.0,3.0,91174,M,4861584.0,246587.0,91
201800036634,18,9,15,2010,5,2,1,1.0,3.0,91174,M,4861101.0,248885.0,91
201800036635,18,9,20,840,1,2,1,1.0,6.0,91174,M,4859931.0,248013.0,91
201800036636,18,9,27,1520,1,2,1,1.0,2.0,91174,M,4859442.0,246871.0,91
201800036637,18,9,27,1837,1,2,1,1.0,6.0,91174,M,4860518.0,247006.0,91
201800036638,18,9,29,1453,1,2,6,1.0,3.0,91174,M,4859030.0,247737.0,91
201800036639,18,10,22,610,5,2,1,1.0,6.0,91174,M,4858629.0,247285.0,91
201800036640,18,11,5,730,1,2,1,1.0,3.0,91174,M,4860923.0,248021.0,91
201800036641,18,11,17,2125,5,2,2,1.0,3.0,91174,M,4860071.0,247074.0,91
201800036642,18,11,18,1815,5,2,1,1.0,3.0,91174,M,4859605.0,246631.0,91
201800036643,18,11,19,830,1,2,1,1.0,2.0,91174,M,4861026.0,247979.0,91
201800036644,18,12,21,755,2,1,6,2.0,6.0,91174,M,4861962.0,245177.0,91
201800036645,18,12,31,1010,1,2,1,8.0,1.0,91174,M,4860305.0,246883.0,91
201800036646,18,2,17,1658,1,2,3,1.0,6.0,91201,M,4868615.0,240869.0,91
201800036647,18,2,25,1110,1,2,3,1.0,3.0,91201,M,4868604.0,239183.0,91
201800036648,18,3,22,845,1,2,5,1.0,3.0,91657,M,4870017.0,243755.0,91
201800036649,18,4,1,1450,1,2,1,1.0,2.0,91657,M,4870523.0,242888.0,91
201800036650,18,4,6,1120,1,2,2,1.0,3.0,91201,M,4866273.0,241762.0,91
201800036651,18,4,17,1330,1,2,1,1.0,6.0,91201,M,4868765.0,239806.0,91
201800036652,18,4,21,1720,1,2,1,7.0,3.0,91657,M,4870009.0,241976.0,91
201800036653,18,5,3,835,1,2,1,1.0,6.0,91201,M,4868262.0,241201.0,91
201800036654,18,5,4,1130,1,2,1,1.0,2.0,91201,M,4868488.0,240848.0,91
201800036655,18,5,14,245,5,2,1,2.0,6.0,91657,M,4870320.0,243395.0,91
201800036656,18,5,15,1815,1,2,1,1.0,6.0,91201,M,4868512.0,240856.0,91
201800036657,18,5,21,2148,5,2,2,1.0,3.0,91657,M,4870769.0,242855.0,91
201800036658,18,5,25,1925,1,2,3,1.0,3.0,91201,M,4868423.0,240855.0,91
201800036659,18,6,6,1830,1,2,6,2.0,4.0,91201,M,4868822.0,239126.0,91
201800036660,18,6,9,2240,5,2,2,3.0,3.0,91201,M,4867419.0,241214.0,91
201800036661,18,6,10,1035,1,2,1,1.0,2.0,91201,M,4867600.0,241156.0,91
201800036662,18,6,18,2125,2,2,3,1.0,1.0,91657,M,4870413.0,242888.0,91
201800036663,18,6,21,1935,1,2,2,7.0,3.0,91201,M,4868963.0,241476.0,91
201800036664,18,6,22,1740,1,2,1,1.0,1.0,91201,M,4868231.0,240608.0,91
201800036665,18,6,27,1045,1,2,2,1.0,3.0,91657,M,4869031.0,243906.0,91
201800036666,18,7,1,900,1,2,1,1.0,6.0,91657,M,4869118.0,244100.0,91
201800036667,18,7,4,955,1,2,1,1.0,5.0,91657,M,4869257.0,244505.0,91
201800036668,18,7,7,1330,1,2,2,1.0,6.0,91201,M,4868620.0,240857.0,91
201800036669,18,7,12,2100,1,2,2,1.0,3.0,91657,M,4869850.0,242360.0,91
201800036670,18,7,16,840,1,2,1,1.0,6.0,91657,M,4870800.0,241430.0,91
201800036671,18,7,25,1845,1,2,3,1.0,3.0,91657,M,4870129.0,242381.0,91
201800036672,18,8,8,1350,1,2,1,1.0,3.0,91657,M,4870005.0,241947.0,91
201800036673,18,8,21,1410,1,2,1,1.0,2.0,91201,M,4870183.0,242556.0,91
201800036674,18,8,28,1805,1,2,1,1.0,3.0,91201,M,4868500.0,242690.0,91
201800036675,18,9,6,20,5,2,7,1.0,6.0,91201,M,4868408.0,241163.0,91
201800036676,18,9,15,1020,1,2,2,1.0,3.0,91657,M,4869000.0,243000.0,91
201800036677,18,9,19,1730,1,2,2,1.0,3.0,91657,M,4869000.0,244000.0,91
201800036678,18,9,30,1720,1,2,2,1.0,2.0,91657,M,4868867.0,244329.0,91
201800036679,18,11,4,300,5,2,1,1.0,3.0,91657,M,4869289.0,244767.0,91
201800036680,18,11,7,745,1,2,8,2.0,6.0,91201,M,4868310.0,240790.0,91
201800036681,18,11,13,1725,5,2,1,1.0,6.0,91657,M,4870698.0,241680.0,91
201800036682,18,11,15,2310,5,2,2,8.0,3.0,91657,M,4870899.0,243381.0,91
201800036683,18,11,17,1500,1,2,1,1.0,2.0,91201,M,4868444.0,243307.0,91
201800036684,18,12,13,810,1,2,2,1.0,3.0,91521,M,4865252.0,240960.0,91
201800036685,18,12,26,1925,5,2,1,1.0,2.0,91657,M,4869643.0,241529.0,91
201800036686,18,12,29,1540,1,2,2,1.0,3.0,91657,M,4870365.0,243249.0,91
201800036687,18,1,5,1220,1,1,1,2.0,3.0,91223,M,4841457.0,219726.0,91
201800036688,18,1,9,800,5,1,1,1.0,2.0,91433,M,4846216.0,217991.0,91
201800036689,18,1,9,1045,1,2,2,1.0,2.0,91223,M,4844143.0,215039.0,91
201800036690,18,1,9,1740,1,2,1,1.0,6.0,91223,M,4843617.0,216528.0,91
201800036691,18,1,13,1125,1,1,1,1.0,2.0,91223,M,4838466.0,209687.0,91
201800036692,18,1,20,1430,1,2,6,2.0,3.0,91223,M,4843729.0,213626.0,91
201800036693,18,1,20,1455,1,2,1,2.0,7.0,91433,M,4845958.0,217814.0,91
201800036694,18,1,26,1930,5,2,1,1.0,2.0,91223,M,4843519.0,213686.0,91
201800036695,18,1,27,2000,5,1,9,1.0,7.0,91223,M,4842730.0,215322.0,91
201800036696,18,2,3,1334,1,2,1,2.0,2.0,91223,M,4843954.0,215846.0,91
201800036697,18,2,6,1000,1,2,1,4.0,2.0,91223,M,4844027.0,215533.0,91
201800036698,18,2,8,2010,5,2,1,1.0,7.0,91223,M,4844027.0,215533.0,91
201800036699,18,2,10,15,5,1,1,1.0,6.0,91223,M,4840181.0,212096.0,91
201800036700,18,3,10,1220,1,2,2,1.0,3.0,91223,M,4843168.0,214142.0,91
201800036701,18,3,25,1320,1,1,1,1.0,7.0,91109,M,4845567.0,215356.0,91
201800036702,18,3,29,200,5,2,1,1.0,6.0,91223,M,4842994.0,214813.0,91
201800036703,18,4,10,2300,3,1,1,1.0,7.0,91223,M,4842078.0,211995.0,91
201800036704,18,4,12,200,5,2,6,1.0,6.0,91223,M,4844486.0,217041.0,91
201800036705,18,4,20,2015,1,2,2,1.0,3.0,91223,M,4842988.0,214790.0,91
201800036706,18,5,2,1915,1,1,2,1.0,3.0,91433,M,4840826.0,221154.0,91
201800036707,18,5,4,1145,1,2,1,1.0,7.0,91223,M,4844958.0,215494.0,91
201800036708,18,5,5,1649,1,1,1,1.0,1.0,91223,M,4842561.0,215415.0,91
201800036709,18,5,7,635,5,2,6,1.0,6.0,91223,M,4842914.0,215849.0,91
201800036710,18,5,10,2200,5,2,1,1.0,3.0,91223,M,4844600.0,216670.0,91
201800036711,18,5,5,430,5,2,1,1.0,7.0,91223,M,4843471.0,215874.0,91
201800036712,18,5,13,546,5,2,1,1.0,2.0,91223,M,4843002.0,215779.0,91
201800036713,18,5,15,440,5,1,1,1.0,6.0,91109,M,4845503.0,215659.0,91
201800036714,18,5,21,1510,1,1,1,1.0,6.0,91223,M,4839282.0,211170.0,91
201800036715,18,6,1,1920,1,2,3,1.0,2.0,91223,M,4844075.0,214444.0,91
201800036716,18,6,6,1100,1,2,6,2.0,3.0,91223,M,4843717.0,216317.0,91
201800036717,18,6,8,808,1,2,2,1.0,3.0,91223,M,4843794.0,216386.0,91
201800036718,18,6,11,835,1,2,1,2.0,2.0,91223,M,4843785.0,216260.0,91
201800036719,18,6,11,2001,1,1,1,2.0,7.0,91223,M,4839665.0,211713.0,91
201800036720,18,6,14,1350,1,1,1,1.0,7.0,91223,M,4845537.0,217526.0,91
201800036721,18,6,15,1505,1,2,1,1.0,6.0,91223,M,4844533.0,217067.0,91
201800036722,18,6,20,1846,1,1,1,1.0,2.0,91223,M,4844221.0,213378.0,91
201800036723,18,6,21,302,4,2,1,1.0,6.0,91433,M,4843690.0,217089.0,91
201800036724,18,6,20,1750,1,2,3,1.0,3.0,91223,M,4843435.0,215469.0,91
201800036725,18,6,25,1750,1,2,1,1.0,7.0,91223,M,4844000.0,216000.0,91
201800036726,18,6,26,2045,1,2,1,1.0,6.0,91223,M,4843165.0,217055.0,91
201800036727,18,7,4,1635,1,2,1,1.0,7.0,91223,M,4843207.0,214899.0,91
201800036728,18,7,22,220,5,2,1,1.0,7.0,91223,M,4811071.0,214729.0,91
201800036729,18,7,25,1215,1,2,1,1.0,2.0,91223,M,4843043.0,213666.0,91
201800036730,18,7,26,1005,1,1,6,1.0,7.0,91433,M,4845834.0,217640.0,91
201800036731,18,7,29,329,5,1,6,1.0,6.0,91433,M,4845856.0,217716.0,91
201800036732,18,8,4,1955,1,2,1,1.0,6.0,91223,M,4845086.0,217192.0,91
201800036733,18,8,4,2235,4,2,1,1.0,7.0,91223,M,4844000.0,216000.0,91
201800036734,18,8,30,1210,1,1,1,1.0,1.0,91685,M,4845117.0,224183.0,91
201800036735,18,9,1,1320,1,2,1,1.0,6.0,91223,M,4842576.0,216758.0,91
201800036736,18,9,6,920,1,2,1,1.0,2.0,91223,M,4843373.0,216133.0,91
201800036737,18,9,11,1815,1,2,1,1.0,1.0,91433,M,4844651.0,218753.0,91
201800036738,18,9,12,2118,5,2,1,1.0,3.0,91223,M,4843480.0,213700.0,91
201800036739,18,9,17,1843,1,1,1,1.0,7.0,91433,M,4845088.0,217422.0,91
201800036740,18,9,20,1531,1,2,4,1.0,3.0,91223,M,4841771.0,214856.0,91
201800036741,18,9,25,715,2,1,1,1.0,2.0,91433,M,4844634.0,218422.0,91
201800036742,18,9,25,1127,1,2,1,1.0,7.0,91433,M,4845000.0,220000.0,91
201800036743,18,10,1,1625,1,1,4,1.0,5.0,91223,M,4843321.0,216717.0,91
201800036744,18,10,13,1425,1,2,3,1.0,2.0,91223,M,4844138.0,215013.0,91
201800036745,18,10,15,1005,1,2,1,1.0,6.0,91223,M,4843060.0,215751.0,91
201800036746,18,10,16,1300,1,2,3,1.0,2.0,91223,M,4843171.0,217015.0,91
201800036747,18,10,17,735,5,2,1,1.0,2.0,91223,M,4844226.0,213706.0,91
201800036748,18,10,16,2220,3,1,1,1.0,4.0,91223,M,4841854.0,213207.0,91
201800036749,18,10,20,240,5,2,3,1.0,1.0,91223,M,4842420.0,213720.0,91
201800036750,18,10,30,625,5,2,1,1.0,6.0,91223,M,4842926.0,216647.0,91
201800036751,18,11,1,1955,5,2,1,2.0,6.0,91223,M,4843240.0,215605.0,91
201800036752,18,11,11,1333,1,1,6,2.0,3.0,91433,M,4843399.0,218712.0,91
201800036753,18,11,12,1320,1,2,1,2.0,6.0,91223,M,4844082.0,214855.0,91
201800036754,18,11,15,740,5,1,1,5.0,4.0,91223,M,4843523.0,216906.0,91
201800036755,18,11,22,1625,1,2,1,2.0,2.0,91223,M,4844888.0,217127.0,91
201800036756,18,11,25,500,3,1,1,2.0,6.0,91223,M,4842403.0,211729.0,91
201800036757,18,11,26,751,5,1,3,2.0,3.0,91469,M,4841640.0,214807.0,91
201800036758,18,11,28,750,5,2,3,2.0,6.0,91223,M,4843313.0,217704.0,91
201800036759,18,12,26,1625,1,1,1,1.0,6.0,91223,M,4841785.0,213210.0,91
201800036760,18,1,22,1915,5,2,2,2.0,6.0,91228,M,4862233.0,244293.0,91
201800036761,18,2,6,825,1,2,1,4.0,6.0,91228,M,4863755.0,243849.0,91
201800036762,18,1,16,1640,1,2,2,2.0,6.0,91228,M,4862296.0,242635.0,91
201800036763,18,3,15,845,1,2,1,2.0,2.0,91228,M,4862039.0,245118.0,91
201800036764,18,4,9,755,1,2,1,1.0,3.0,91521,M,4864516.0,242215.0,91
201800036765,18,5,4,810,1,2,2,1.0,3.0,91228,M,4863207.0,243912.0,91
201800036766,18,5,4,2245,5,2,2,1.0,3.0,91521,M,4865609.0,241385.0,91
201800036767,18,5,4,1315,1,1,6,1.0,2.0,91182,M,4861342.0,242406.0,91
201800036768,18,5,4,1900,1,2,1,1.0,4.0,91228,M,4862998.0,243970.0,91
201800036769,18,5,7,1700,1,2,2,1.0,2.0,91228,M,4863273.0,244254.0,91
201800036770,18,5,14,1145,1,2,1,2.0,6.0,91228,M,4863953.0,243397.0,91
201800036771,18,5,22,1750,1,2,1,1.0,6.0,91521,M,4865916.0,241345.0,91
201800036772,18,5,23,830,1,2,1,1.0,2.0,91228,M,4862762.0,244692.0,91
201800036773,18,5,29,1126,1,2,1,2.0,6.0,91228,M,4863557.0,242542.0,91
201800036774,18,5,30,810,1,2,1,1.0,6.0,91228,M,4861930.0,243041.0,91
201800036775,18,6,6,1625,1,2,1,1.0,4.0,91182,M,4862256.0,241103.0,91
201800036776,18,6,9,2030,1,2,1,2.0,2.0,91521,M,4863942.0,239667.0,91
201800036777,18,3,10,1035,1,2,1,2.0,6.0,91521,M,4864854.0,240796.0,91
201800036778,18,6,15,910,1,2,1,1.0,4.0,91228,M,4863000.0,242000.0,91
201800036779,18,7,19,1500,1,1,1,1.0,6.0,91228,M,4862866.0,244111.0,91
201800036780,18,8,4,1845,1,2,6,7.0,6.0,91521,M,4865180.0,240059.0,91
201800036781,18,9,4,900,1,2,1,1.0,3.0,91228,M,4862306.0,242527.0,91
201800036782,18,9,8,1245,1,2,1,1.0,6.0,91521,M,4864934.0,240740.0,91
201800036783,18,9,9,1100,1,2,1,1.0,4.0,91182,M,4862219.0,240302.0,91
201800036784,18,9,17,1020,1,2,1,1.0,6.0,91521,M,4864938.0,241651.0,91
201800036785,18,9,24,1140,1,2,3,1.0,3.0,91228,M,4862492.0,243692.0,91
201800036786,18,9,24,1845,1,2,6,1.0,3.0,91182,M,4862492.0,243692.0,91
201800036787,18,10,5,1310,1,2,2,1.0,6.0,91521,M,4866000.0,241000.0,91
201800036788,18,10,5,2104,3,1,1,1.0,2.0,91228,M,4862717.0,244290.0,91
201800036789,18,10,13,120,5,2,1,1.0,6.0,91228,M,4862448.0,249937.0,91
201800036790,18,10,18,1051,1,2,1,1.0,2.0,91521,M,4861169.0,240479.0,91
201800036791,18,10,28,200,3,1,1,2.0,4.0,91228,M,4862646.0,244382.0,91
201800036792,18,10,28,200,5,1,1,2.0,7.0,91228,M,4864423.0,242245.0,91
201800036793,18,11,10,2140,5,2,1,1.0,3.0,91521,M,4864806.0,240757.0,91
201800036794,18,12,4,1710,5,2,1,1.0,6.0,91228,M,4864174.0,243203.0,91
201800036795,18,1,10,1805,5,2,1,1.0,6.0,91687,M,4865917.0,237231.0,91
201800036796,18,1,10,1235,1,2,1,1.0,2.0,91687,M,4867822.0,238260.0,91
201800036797,18,1,18,1130,1,2,1,2.0,2.0,91326,M,4869172.0,237793.0,91
201800036798,18,1,19,1950,5,2,1,1.0,6.0,91434,M,4865168.0,233724.0,91
201800036799,18,1,22,750,2,2,6,3.0,6.0,91286,M,4865325.0,239255.0,91
201800036800,18,2,1,1220,1,2,1,1.0,6.0,91687,M,4867820.0,238279.0,91
201800036801,18,2,2,1200,1,2,9,1.0,3.0,91687,M,4866729.0,236583.0,91
201800036802,18,2,19,1500,1,2,1,8.0,6.0,91326,M,4869105.0,237478.0,91
201800036803,18,2,21,1640,1,2,2,1.0,3.0,91687,M,4865110.0,236820.0,91
201800036804,18,2,24,15,5,2,1,1.0,6.0,91687,M,4865194.0,236126.0,91
201800036805,18,2,28,2100,5,2,1,1.0,6.0,91687,M,4866397.0,236788.0,91
201800036806,18,3,3,1300,1,2,3,1.0,3.0,91326,M,4869337.0,237924.0,91
201800036807,18,3,7,815,1,2,6,2.0,3.0,91687,M,4866060.0,237369.0,91
201800036808,18,3,8,1240,1,2,3,1.0,3.0,91326,M,4869551.0,236734.0,91
201800036809,18,3,9,1810,1,2,1,1.0,6.0,91687,M,4866320.0,237500.0,91
201800036810,18,3,12,828,1,2,3,1.0,3.0,91326,M,4869204.0,236376.0,91
201800036811,18,3,14,910,1,2,1,1.0,6.0,91687,M,4867287.0,238073.0,91
201800036812,18,3,17,2115,5,2,1,2.0,4.0,91286,M,4866688.0,239610.0,91
201800036813,18,4,2,1630,1,2,1,1.0,6.0,91687,M,4868432.0,238175.0,91
201800036814,18,4,2,1735,1,2,1,1.0,2.0,91326,M,4869175.0,237070.0,91
201800036815,18,4,4,1850,1,2,1,2.0,3.0,91687,M,4867710.0,238402.0,91
201800036816,18,4,10,1140,1,2,9,1.0,3.0,91286,M,4866928.0,239318.0,91
201800036817,18,4,12,1400,1,2,1,2.0,6.0,91687,M,4866309.0,237490.0,91
201800036818,18,4,13,755,2,2,1,8.0,1.0,91687,M,4866729.0,236583.0,91
201800036819,18,4,21,1935,1,2,1,1.0,6.0,91286,M,4865804.0,238086.0,91
201800036820,18,5,1,1645,1,2,1,1.0,1.0,91326,M,4868850.0,238642.0,91
201800036821,18,5,4,1720,1,2,1,1.0,4.0,91687,M,4865588.0,237195.0,91
201800036822,18,5,9,2015,1,2,1,1.0,3.0,91326,M,4868866.0,237130.0,91
201800036823,18,5,11,820,1,2,3,1.0,3.0,91687,M,4867680.0,238041.0,91
201800036824,18,5,14,1610,1,2,6,2.0,2.0,91687,M,4864823.0,236696.0,91
201800036825,18,5,17,1815,1,2,1,1.0,3.0,91687,M,4868477.0,237000.0,91
201800036826,18,5,26,1950,1,2,1,1.0,6.0,91286,M,4865000.0,237000.0,91
201800036827,18,5,27,23,5,2,3,1.0,7.0,91434,M,4865922.0,234642.0,91
201800036828,18,5,28,1705,1,2,1,1.0,2.0,91687,M,4864793.0,236313.0,91
201800036829,18,5,28,1815,1,2,1,8.0,2.0,91687,M,4866995.0,236801.0,91
201800036830,18,6,1,1000,1,2,1,8.0,6.0,91434,M,4866211.0,235984.0,91
201800036831,18,6,7,1845,1,2,4,1.0,6.0,91286,M,4864929.0,239277.0,91
201800036832,18,6,11,2110,2,2,1,3.0,6.0,91326,M,4868919.0,238253.0,91
201800036833,18,6,13,830,1,2,1,1.0,3.0,91687,M,4867333.0,239304.0,91
201800036834,18,6,14,820,1,2,1,7.0,6.0,91286,M,4865379.0,239647.0,91
201800036835,18,6,29,1630,1,2,1,1.0,3.0,91434,M,4866606.0,234285.0,91
201800036836,18,6,29,1835,1,2,1,1.0,6.0,91687,M,4865857.0,236721.0,91
201800036837,18,6,30,930,1,2,6,1.0,6.0,91286,M,4865374.0,239397.0,91