Num_Acc,an,mois,jour,hrmn,lum,agg,int,atm,col,com,gps,lat,long,dep
201800036838,18,7,5,2030,2,2,3,1.0,3.0,91687,M,4866076.0,236600.0,91
201800036839,18,7,10,1215,1,2,1,1.0,4.0,91326,M,4869039.0,237067.0,91
201800036840,18,7,14,1600,1,2,1,1.0,6.0,91286,M,4865000.0,238000.0,91
201800036841,18,7,20,1800,1,2,7,1.0,6.0,91286,M,4865358.0,239344.0,91
201800036842,18,7,22,240,3,2,5,1.0,3.0,91286,M,4865520.0,238736.0,91
201800036843,18,7,23,930,1,2,2,1.0,3.0,91326,M,4869287.0,237089.0,91
201800036844,18,7,24,1715,1,1,6,1.0,3.0,91687,M,4864791.0,236713.0,91
201800036845,18,7,24,1800,1,2,1,1.0,6.0,91687,M,4867349.0,236152.0,91
201800036846,18,7,25,2145,1,2,1,1.0,6.0,91286,M,4865218.0,237150.0,91
201800036847,18,7,29,1615,1,2,1,1.0,6.0,91687,M,4868171.0,237871.0,91
201800036848,18,8,2,750,1,2,1,1.0,6.0,91326,M,4869631.0,237436.0,91
201800036849,18,8,1,1525,1,2,1,1.0,3.0,91326,M,4868728.0,237238.0,91
201800036850,18,8,11,1300,1,1,1,1.0,6.0,91687,M,4865417.0,236995.0,91
201800036851,18,8,11,2330,5,2,2,1.0,3.0,91434,M,4865220.0,235112.0,91
201800036852,18,8,13,1915,1,2,1,1.0,2.0,91687,M,4868452.0,238269.0,91
201800036853,18,8,24,1755,1,2,1,1.0,6.0,91687,M,4866000.0,236000.0,91
201800036854,18,8,31,1645,1,2,6,1.0,7.0,91687,M,4865530.0,237169.0,91
201800036855,18,8,31,2100,5,2,1,1.0,4.0,91687,M,4865622.0,237058.0,91
201800036856,18,9,4,930,1,2,1,1.0,6.0,91326,M,4869069.0,238028.0,91
201800036857,18,9,4,1630,1,2,1,1.0,3.0,91434,M,4865209.0,235145.0,91
201800036858,18,9,8,2005,2,2,1,1.0,6.0,91687,M,4866924.0,236201.0,91
201800036859,18,9,10,1810,1,2,3,1.0,1.0,91687,M,4868135.0,237866.0,91
201800036860,18,9,21,700,5,2,6,2.0,1.0,91286,M,4865047.0,238749.0,91
201800036861,18,9,21,830,2,2,1,3.0,6.0,91326,M,4869148.0,237855.0,91
201800036862,18,9,21,1307,1,2,1,1.0,6.0,91286,M,4864763.0,236766.0,91
201800036863,18,9,23,1600,1,2,1,3.0,2.0,91326,M,4869798.0,237159.0,91
201800036864,18,9,30,1100,1,2,1,7.0,6.0,91434,M,4865746.0,235894.0,91
201800036865,18,10,3,645,5,2,1,2.0,4.0,91326,M,4868625.0,238374.0,91
201800036866,18,10,4,1635,1,2,1,1.0,6.0,91326,M,4868950.0,238560.0,91
201800036867,18,10,4,1734,1,2,1,7.0,1.0,91687,M,4867113.0,237149.0,91
201800036868,18,10,5,900,1,2,4,1.0,3.0,91434,M,4860000.0,230000.0,91
201800036869,18,10,5,1300,1,2,2,1.0,3.0,91434,M,4865178.0,236084.0,91
201800036870,18,10,6,1900,1,2,1,1.0,6.0,91286,M,4865617.0,238720.0,91
201800036871,18,10,9,710,2,2,1,1.0,6.0,91687,M,4868108.0,237860.0,91
201800036872,18,10,9,1650,1,2,1,1.0,3.0,91286,M,4865424.0,239558.0,91
201800036873,18,10,13,2145,5,2,1,1.0,6.0,91687,M,4867300.0,237500.0,91
201800036874,18,10,17,810,2,2,1,1.0,3.0,91326,M,4868531.0,238329.0,91
201800036875,18,7,26,1700,1,2,1,1.0,6.0,91687,M,4865669.0,237134.0,91
201800036876,18,10,20,1820,1,2,6,1.0,6.0,91286,M,4865601.0,237182.0,91
201800036877,18,10,29,2000,5,2,1,1.0,1.0,91687,M,4860000.0,237000.0,91
201800036878,18,11,1,1537,1,2,6,2.0,3.0,91286,M,4864964.0,238370.0,91
201800036879,18,11,9,1630,1,2,1,1.0,6.0,91286,M,4865300.0,238477.0,91
201800036880,18,11,10,1910,3,2,1,1.0,2.0,91286,M,4865945.0,240007.0,91
201800036881,18,11,13,1630,1,2,1,1.0,6.0,91687,M,4868364.0,237281.0,91
201800036882,18,11,13,1000,1,2,1,2.0,3.0,91326,M,4869662.0,237187.0,91
201800036883,18,11,19,1825,5,2,1,1.0,2.0,91326,M,4869503.0,237140.0,91
201800036884,18,11,29,2350,5,2,1,1.0,3.0,91687,M,4866629.0,237660.0,91
201800036885,18,11,30,2050,5,1,1,1.0,4.0,91326,M,4868000.0,237000.0,91
201800036886,18,12,1,1255,1,2,1,2.0,1.0,91687,M,4868281.0,238940.0,91
201800036887,18,12,2,2150,5,2,1,2.0,1.0,91687,M,4868290.0,238110.0,91
201800036888,18,12,14,920,1,2,1,1.0,6.0,91687,M,4867883.0,238276.0,91
201800036889,18,12,14,1850,5,2,1,1.0,5.0,91687,M,4867820.0,238280.0,91
201800036890,18,12,19,900,1,2,2,8.0,3.0,91687,M,4868260.0,237330.0,91
201800036891,18,12,25,1730,2,2,1,1.0,5.0,91687,M,4866695.0,235395.0,91
201800036892,18,12,26,1500,1,2,1,1.0,6.0,91687,M,4866334.0,236868.0,91
201800036893,18,1,13,1830,5,2,2,1.0,2.0,91161,M,4870455.0,231623.0,91
201800036894,18,2,16,1905,3,2,1,1.0,6.0,91345,M,4868684.0,229101.0,91
201800036895,18,2,27,1555,1,1,1,1.0,5.0,91161,M,4871417.0,231961.0,91
201800036896,18,2,28,705,2,2,1,1.0,6.0,91161,M,4870599.0,231352.0,91
201800036897,18,3,5,1400,1,1,1,1.0,3.0,91161,M,4871509.0,229812.0,91
201800036898,18,3,20,1130,1,2,1,1.0,6.0,91161,M,4871377.0,230124.0,91
201800036899,18,3,22,1800,1,2,1,1.0,6.0,91161,M,4871130.0,231037.0,91
201800036900,18,3,25,1635,1,1,1,1.0,6.0,91161,M,4871050.0,229762.0,91
201800036901,18,3,31,1342,1,1,1,1.0,1.0,91161,M,4871350.0,231774.0,91
201800036902,18,4,20,1510,1,2,1,1.0,1.0,91345,M,4869242.0,229685.0,91
201800036903,18,5,3,1150,1,2,1,1.0,3.0,91161,M,4871749.0,230442.0,91
201800036904,18,5,20,1355,1,2,1,1.0,6.0,91161,M,4869593.0,230676.0,91
201800036905,18,5,20,2105,2,2,7,1.0,2.0,91161,M,4870252.0,232075.0,91
201800036906,18,6,7,700,1,2,1,1.0,5.0,91161,M,4870367.0,231810.0,91
201800036907,18,6,14,1640,1,2,3,8.0,2.0,91161,M,4870007.0,230669.0,91
201800036908,18,6,18,1230,1,2,1,1.0,3.0,91345,M,4868091.0,231407.0,91
201800036909,18,6,19,1520,1,2,1,1.0,4.0,91345,M,4869257.0,229117.0,91
201800036910,18,7,15,1940,1,2,5,1.0,2.0,91161,M,4869958.0,231179.0,91
201800036911,18,7,19,1600,1,2,1,1.0,3.0,91161,M,4869961.0,231114.0,91
201800036912,18,7,22,1910,1,2,1,1.0,3.0,91161,M,4871459.0,232394.0,91
201800036913,18,8,1,2100,1,2,1,1.0,2.0,91345,M,4869636.0,229893.0,91
201800036914,18,8,7,1730,1,2,1,1.0,3.0,91345,M,4870015.0,229633.0,91
201800036915,18,8,18,1352,1,2,1,1.0,6.0,91161,M,4870743.0,231143.0,91
201800036916,18,9,1,1545,1,2,1,1.0,2.0,91345,M,4868690.0,231918.0,91
201800036917,18,9,1,2030,3,2,2,1.0,3.0,91345,M,4869341.0,229113.0,91
201800036918,18,9,6,1900,1,2,4,1.0,2.0,91161,M,4869967.0,231612.0,91
201800036919,18,9,28,1615,1,1,1,1.0,3.0,91161,M,4871461.0,232380.0,91
201800036920,18,10,2,1730,1,2,1,1.0,6.0,91161,M,4870688.0,232311.0,91
201800036921,18,10,3,1320,1,2,1,8.0,6.0,91345,M,4869784.0,229415.0,91
201800036922,18,10,10,1315,1,2,1,1.0,3.0,91161,M,4871316.0,229806.0,91
201800036923,18,10,27,1920,3,1,1,1.0,5.0,91161,M,4871223.0,230814.0,91
201800036924,18,11,20,745,5,2,2,2.0,6.0,91345,M,4869975.0,229617.0,91
201800036925,18,11,20,1035,1,2,1,2.0,3.0,91161,M,4870296.0,231971.0,91
201800036926,18,11,22,930,1,2,1,8.0,2.0,91161,M,4869974.0,231221.0,91
201800036927,18,11,21,1744,5,2,1,1.0,6.0,91161,M,4870337.0,231908.0,91
201800036928,18,12,5,2330,5,2,6,2.0,6.0,91161,M,4871504.0,230033.0,91
201800036929,18,12,21,1220,1,1,1,2.0,6.0,91161,M,4869130.0,231302.0,91
201800036930,18,1,10,1645,1,1,1,1.0,2.0,91377,M,4873686.0,224597.0,91
201800036931,18,1,9,1715,2,2,6,2.0,5.0,91377,M,4873260.0,226622.0,91
201800036932,18,2,23,1010,1,2,1,1.0,6.0,91689,M,4872875.0,231930.0,91
201800036933,18,3,6,1335,1,2,1,1.0,3.0,91377,M,4872626.0,226279.0,91
201800036934,18,3,7,900,1,1,1,2.0,3.0,91377,M,4873006.0,230059.0,91
201800036935,18,3,19,1805,1,2,1,1.0,6.0,91377,M,4872840.0,227435.0,91
201800036936,18,3,17,1840,5,2,2,3.0,3.0,91345,M,4869178.0,229538.0,91
201800036937,18,4,18,1500,1,2,7,1.0,6.0,91377,M,4873370.0,229033.0,91
201800036938,18,4,20,1630,1,2,1,1.0,3.0,91377,M,4872917.0,226698.0,91
201800036939,18,4,30,1600,1,1,1,2.0,3.0,91377,M,,,91
201800036940,18,5,5,1935,1,2,1,1.0,4.0,91377,M,4872860.0,228890.0,91
201800036941,18,6,4,1645,1,2,1,1.0,6.0,91377,M,4872627.0,226297.0,91
201800036942,18,6,13,1750,1,1,1,8.0,6.0,91377,M,4872593.0,229979.0,91
201800036943,18,6,27,710,1,2,6,1.0,3.0,91377,M,4873000.0,226130.0,91
201800036944,18,7,12,1350,1,2,3,1.0,3.0,91377,M,4872530.0,228341.0,91
201800036945,18,7,18,1729,1,1,1,1.0,1.0,91689,M,4872950.0,231769.0,91
201800036946,18,8,11,755,1,1,2,1.0,3.0,91377,M,4873000.0,230000.0,91
201800036947,18,8,25,825,1,2,1,1.0,3.0,91377,M,4873616.0,230155.0,91
201800036948,18,9,13,2000,5,2,3,1.0,3.0,91689,M,4873380.0,233510.0,91
201800036949,18,9,25,2100,5,2,1,1.0,3.0,91377,M,4872691.0,227780.0,91
201800036950,18,10,1,810,1,2,1,1.0,6.0,91377,M,4872287.0,226234.0,91
201800036951,18,10,4,1840,1,2,1,1.0,5.0,91377,M,4871990.0,227950.0,91
201800036952,18,10,12,1500,1,2,7,1.0,7.0,91377,M,4870000.0,225000.0,91
201800036953,18,11,7,1010,1,2,1,3.0,2.0,91689,M,4872142.0,230344.0,91
201800036954,18,11,8,1815,5,1,1,1.0,6.0,91377,M,4873963.0,227538.0,91
201800036955,18,12,18,830,1,2,1,1.0,6.0,91377,M,4873708.0,224352.0,91
201800036956,18,11,15,1900,2,2,6,1.0,6.0,91377,M,4872978.0,228841.0,91
201800036957,18,1,2,1910,5,2,1,1.0,6.0,91421,M,4869766.0,246076.0,91
201800036958,18,1,8,840,1,2,3,1.0,6.0,91691,M,4870064.0,248208.0,91
201800036959,18,1,20,1620,1,2,1,2.0,6.0,91421,M,4870561.0,246168.0,91
201800036960,18,1,8,1945,5,2,1,1.0,4.0,91691,M,4870698.0,248528.0,91
201800036961,18,1,25,110,5,2,1,3.0,2.0,91421,M,4870567.0,243926.0,91
201800036962,18,1,25,725,4,1,1,3.0,2.0,91421,M,4868957.0,247767.0,91
201800036963,18,1,28,1325,1,2,1,1.0,6.0,91421,M,4870562.0,245780.0,91
201800036964,18,1,16,615,4,1,1,1.0,3.0,91421,M,4869014.0,246122.0,91
201800036965,18,1,17,1700,2,2,1,1.0,2.0,91421,M,4870566.0,445782.0,91
201800036966,18,1,18,1845,1,2,1,1.0,3.0,91421,M,4871029.0,244510.0,91
201800036967,18,2,11,2055,5,2,3,1.0,3.0,91421,M,4870277.0,246307.0,91
201800036968,18,2,18,1755,1,2,2,1.0,3.0,91691,M,4869978.0,247514.0,91
201800036969,18,1,11,2030,5,2,1,1.0,3.0,91421,M,4870204.0,246440.0,91
201800036970,18,2,18,1440,1,2,1,1.0,2.0,91421,M,4869062.0,245542.0,91
201800036971,18,2,23,1300,1,2,4,1.0,3.0,91691,M,4870755.0,248278.0,91
201800036972,18,3,5,1530,1,2,2,1.0,3.0,91421,M,4870375.0,244339.0,91
201800036973,18,3,5,1435,1,2,1,1.0,6.0,91421,M,4871892.0,244153.0,91
201800036974,18,2,23,1345,1,1,1,1.0,4.0,91421,M,4869375.0,244814.0,91
201800036975,18,3,18,2005,5,2,1,8.0,6.0,91691,M,4869945.0,246773.0,91
201800036976,18,3,19,1825,1,1,1,8.0,6.0,91421,M,4870740.0,244234.0,91
201800036977,18,3,27,1330,1,2,1,1.0,6.0,91421,M,4870765.0,245427.0,91
201800036978,18,3,31,1743,1,2,6,1.0,3.0,91691,M,4869460.0,248272.0,91
201800036979,18,2,25,1855,1,2,1,1.0,3.0,91421,M,4871482.0,244334.0,91
201800036980,18,4,12,1745,1,1,1,2.0,3.0,91421,M,4868568.0,248723.0,91
201800036981,18,4,16,1850,1,2,1,1.0,6.0,91691,M,4870777.0,248185.0,91
201800036982,18,4,22,2130,3,2,1,1.0,2.0,91421,M,4870803.0,244273.0,91
201800036983,18,4,24,1800,1,2,1,1.0,6.0,91691,M,4871076.0,248889.0,91
201800036984,18,4,30,1220,1,2,3,2.0,5.0,91421,M,4870854.0,246374.0,91
201800036985,18,5,8,1010,1,2,1,1.0,1.0,91421,M,4869514.0,246495.0,91
201800036986,18,5,12,1315,1,1,1,1.0,6.0,91421,M,4870279.0,244381.0,91
201800036987,18,5,16,1725,1,1,1,1.0,3.0,91421,M,4870862.0,244202.0,91
201800036988,18,5,20,1957,1,2,1,7.0,6.0,91191,M,4871287.0,246484.0,91
201800036989,18,6,1,1725,1,2,1,1.0,3.0,91421,M,4870000.0,245000.0,91
201800036990,18,6,7,810,1,2,3,1.0,1.0,91691,M,4873173.0,250855.0,91
201800036991,18,6,18,1150,1,2,1,1.0,4.0,91421,M,4868442.0,249082.0,91
201800036992,18,6,21,2330,3,1,1,1.0,6.0,91421,M,4870000.0,244000.0,91
201800036993,18,6,22,2010,1,2,1,1.0,3.0,91421,M,4868980.0,246182.0,91
201800036994,18,6,24,2310,3,1,1,1.0,6.0,91421,M,4868906.0,247966.0,91
201800036995,18,6,19,1520,1,2,1,1.0,6.0,91421,M,4871542.0,244578.0,91
201800036996,18,6,28,830,1,2,3,1.0,6.0,91421,M,4870119.0,246600.0,91
201800036997,18,7,10,1000,1,2,1,1.0,5.0,91691,M,4871389.0,247200.0,91
201800036998,18,7,10,1215,1,2,1,1.0,2.0,91421,M,4869310.0,244920.0,91
201800036999,18,7,11,1640,1,2,2,1.0,3.0,91691,M,4870993.0,249876.0,91
201800037000,18,8,6,1310,1,2,3,1.0,6.0,91421,M,4870390.0,246390.0,91
201800037001,18,8,17,1910,1,2,6,1.0,3.0,91691,M,4870122.0,248651.0,91
201800037002,18,8,28,1015,1,2,1,1.0,3.0,91191,M,4871617.0,245836.0,91
201800037003,18,8,31,2045,5,2,1,1.0,1.0,91421,M,4869355.0,244749.0,91
201800037004,18,9,5,1900,1,2,1,1.0,3.0,91421,M,4871242.0,244354.0,91
201800037005,18,9,5,1910,1,2,1,1.0,1.0,91421,M,4870563.0,247697.0,91
201800037006,18,9,6,2020,2,2,1,1.0,6.0,91421,M,4870122.0,245470.0,91
201800037007,18,9,6,2015,2,2,1,1.0,6.0,91421,M,4870225.0,246410.0,91
201800037008,18,9,21,830,1,2,6,2.0,5.0,91691,M,4870160.0,248693.0,91
201800037009,18,9,25,1045,1,2,3,1.0,3.0,91421,M,4870668.0,246224.0,91
201800037010,18,9,27,820,1,2,1,1.0,2.0,91691,M,4871638.0,248891.0,91
201800037011,18,10,3,1705,1,1,1,8.0,4.0,91421,M,4868970.0,246870.0,91
201800037012,18,10,4,855,1,1,1,1.0,4.0,91691,M,4873186.0,249799.0,91
201800037013,18,10,6,1830,1,2,1,1.0,2.0,91421,M,4871843.0,244460.0,91
201800037014,18,10,10,835,1,2,1,1.0,2.0,91421,M,4869990.0,246800.0,91
201800037015,18,10,28,2335,3,1,1,1.0,2.0,91421,M,4870129.0,244386.0,91
201800037016,18,11,7,1815,5,2,1,1.0,2.0,91421,M,4870360.0,246576.0,91
201800037017,18,11,10,1245,1,2,1,2.0,2.0,91421,M,4871928.0,244413.0,91
201800037018,18,11,12,1745,5,2,6,1.0,3.0,91691,M,4870690.0,249630.0,91
201800037019,18,11,16,1430,1,2,2,8.0,3.0,91421,M,4869700.0,246768.0,91
201800037020,18,11,12,1745,3,1,1,1.0,2.0,91421,M,4869572.0,244602.0,91
201800037021,18,12,4,1210,1,1,1,1.0,5.0,91421,M,4871900.0,244200.0,91
201800037022,18,12,13,830,1,2,3,1.0,6.0,91421,M,4870682.0,245570.0,91
201800037023,18,12,13,1120,1,1,1,1.0,2.0,91421,M,4869702.0,245407.0,91
201800037024,18,12,13,1930,5,2,7,1.0,3.0,91421,M,4870491.0,245377.0,91
201800037025,18,12,17,755,3,1,1,1.0,2.0,91421,M,4871779.0,244295.0,91
201800037026,18,12,22,1025,1,1,1,1.0,2.0,91421,M,4868249.0,249116.0,91
201800037027,18,12,22,1050,1,1,1,1.0,4.0,91421,M,4868950.0,247303.0,91
201800037028,18,12,27,1940,5,1,3,1.0,3.0,91692,M,4868471.0,219392.0,91
201800037029,18,2,1,1200,1,2,2,1.0,3.0,91645,M,4874522.0,228301.0,91
201800037030,18,2,1,905,1,2,3,1.0,6.0,91064,M,4875243.0,221479.0,91
201800037031,18,2,18,1400,1,2,1,1.0,6.0,91064,M,4876071.0,222203.0,91
201800037032,18,2,24,537,5,2,1,1.0,7.0,91477,M,4870213.0,222111.0,91
201800037033,18,12,4,1800,2,2,1,1.0,6.0,91692,M,4868271.0,216715.0,91
201800037034,18,12,13,1030,1,1,1,1.0,2.0,91471,M,4870300.0,217810.0,91
201800037035,18,1,5,730,5,2,6,1.0,3.0,91477,M,4871420.0,225825.0,91
201800037036,18,3,19,1120,1,2,3,8.0,3.0,91312,M,4873336.0,222493.0,91
201800037037,18,3,19,1252,1,2,1,1.0,7.0,91471,M,4869432.0,218256.0,91
201800037038,18,3,25,715,5,2,1,1.0,3.0,91477,M,4871058.0,225265.0,91
201800037039,18,4,6,839,1,2,1,7.0,6.0,91477,M,4871099.0,224974.0,91
201800037040,18,4,18,1751,1,2,1,1.0,4.0,91477,M,4870871.0,225629.0,91
201800037041,18,4,27,2040,2,2,1,1.0,1.0,91471,M,4870042.0,218630.0,91
201800037042,18,4,16,1805,1,2,1,1.0,6.0,91645,M,4874821.0,227422.0,91
201800037043,18,5,3,755,1,2,1,1.0,7.0,91477,M,4879117.0,228141.0,91
201800037044,18,4,29,1730,1,2,1,2.0,6.0,91477,M,4871228.0,224288.0,91
201800037045,18,5,14,840,1,2,1,2.0,3.0,91312,M,4873699.0,223600.0,91
201800037046,18,5,20,1930,1,2,2,7.0,1.0,91645,M,4875157.0,227777.0,91
201800037047,18,6,8,1756,1,2,6,1.0,3.0,91477,M,4870798.0,225802.0,91
201800037048,18,6,21,2045,1,2,1,1.0,3.0,91471,M,4869402.0,218233.0,91
201800037049,18,6,25,1320,1,2,1,1.0,7.0,91477,M,4870575.0,223094.0,91
201800037050,18,7,3,1836,1,2,1,1.0,3.0,91477,M,4871015.0,225687.0,91
201800037051,18,8,27,730,1,1,1,1.0,3.0,91692,M,4867130.0,219457.0,91
201800037052,18,9,20,835,1,2,1,1.0,3.0,91692,M,4868860.0,220162.0,91
201800037053,18,9,26,700,2,2,6,1.0,3.0,91471,M,4868446.0,218870.0,91
201800037054,18,8,23,1347,1,2,1,1.0,3.0,91064,M,4875697.0,220172.0,91
201800037055,18,11,17,1220,1,2,3,1.0,6.0,91477,M,4871310.0,224431.0,91
201800037056,18,11,30,1405,1,2,1,1.0,3.0,91692,M,4868458.0,219024.0,91
201800037057,18,12,10,1035,1,2,1,1.0,6.0,91692,M,4867551.0,217219.0,91
201800037058,18,12,22,840,1,2,1,1.0,6.0,91645,M,4874466.0,226799.0,91
201800037059,18,12,23,1145,1,1,1,1.0,1.0,91064,M,4874394.0,218943.0,91
201800037060,18,1,11,1910,5,1,1,9.0,3.0,91549,M,4864787.0,233584.0,91
201800037061,18,1,21,1340,1,2,1,2.0,7.0,91216,M,4866000.0,233000.0,91
201800037062,18,2,5,1750,2,2,2,1.0,3.0,91549,M,4864305.0,234158.0,91
201800037063,18,2,23,1210,1,1,6,1.0,3.0,91549,M,4862549.0,233950.0,91
201800037064,18,3,2,705,5,2,2,2.0,3.0,91549,M,4865012.0,230896.0,91
201800037065,18,3,3,1930,3,2,1,1.0,3.0,91549,M,4863532.0,235358.0,91
201800037066,18,3,14,1039,1,2,1,1.0,6.0,91549,M,4865000.0,231939.0,91
201800037067,18,4,21,1540,1,2,1,1.0,3.0,91216,M,4867257.0,232858.0,91
201800037068,18,5,1,1350,1,2,1,1.0,5.0,91549,M,4865636.0,231710.0,91
201800037069,18,5,2,1840,1,2,2,1.0,3.0,91549,M,4864620.0,233958.0,91
201800037070,18,5,4,1218,1,2,6,1.0,3.0,91549,M,4864078.0,232590.0,91
201800037071,18,6,16,1225,1,2,1,1.0,1.0,91570,M,4863526.0,232018.0,91
201800037072,18,6,24,1635,1,2,1,1.0,3.0,91570,M,4863052.0,232052.0,91
201800037073,18,6,29,2100,1,2,1,1.0,3.0,91549,M,4862937.0,233520.0,91
201800037074,18,7,17,1857,1,2,1,1.0,1.0,91685,M,4866131.0,230535.0,91
201800037075,18,8,1,1950,1,2,2,1.0,1.0,91685,M,4865978.0,230620.0,91
201800037076,18,10,15,1700,1,2,1,1.0,6.0,91549,M,4864110.0,234289.0,91
201800037077,18,10,16,1035,1,2,6,2.0,3.0,91549,M,4864876.0,231834.0,91
201800037078,18,10,16,2155,5,2,3,1.0,3.0,91549,M,4864849.0,232251.0,91
201800037079,18,10,9,1735,1,2,1,1.0,3.0,91570,M,4862249.0,232111.0,91
201800037080,18,10,17,1840,1,2,1,1.0,6.0,91216,M,4866936.0,233285.0,91
201800037081,18,10,18,1655,1,2,1,1.0,6.0,91570,M,4863010.0,232408.0,91
201800037082,18,11,25,1500,1,2,2,8.0,3.0,91667,M,4865501.0,233114.0,91
201800037083,18,11,29,1525,1,2,1,1.0,6.0,91667,M,4866630.0,233445.0,91
201800037084,18,12,21,923,1,2,9,2.0,6.0,91216,M,4866666.0,233950.0,91
201800037085,18,1,3,2025,5,2,2,2.0,3.0,91432,M,4869508.0,233454.0,91
201800037086,18,1,9,1610,1,2,3,1.0,6.0,91589,M,4868612.0,235008.0,91
201800037087,18,1,10,1910,5,2,2,8.0,6.0,91589,M,4868664.0,235252.0,91
201800037088,18,1,15,1540,1,2,2,2.0,3.0,91432,M,4869658.0,233032.0,91
201800037089,18,1,23,1630,1,2,1,2.0,6.0,91589,M,4867324.0,234032.0,91
201800037090,18,1,25,1250,1,2,2,2.0,3.0,91432,M,4869584.0,233461.0,91
201800037091,18,1,25,1700,2,2,2,8.0,5.0,91589,M,4868099.0,234269.0,91
201800037092,18,2,14,1615,1,2,1,1.0,1.0,91589,M,4867673.0,235253.0,91
201800037093,18,3,5,1710,1,2,3,1.0,3.0,91589,M,4867992.0,233609.0,91
201800037094,18,3,23,1625,1,2,2,1.0,6.0,91589,M,4868849.0,234905.0,91
201800037095,18,3,28,1710,1,2,3,1.0,3.0,91589,M,4868404.0,233617.0,91
201800037096,18,4,26,820,1,2,3,7.0,3.0,91589,M,4869155.0,236329.0,91
201800037097,18,5,7,1115,1,2,6,1.0,3.0,91589,M,4867309.0,234068.0,91
201800037098,18,5,8,2130,2,2,2,1.0,3.0,91589,M,4868990.0,234822.0,91
201800037099,18,5,18,1948,1,2,2,1.0,3.0,91589,M,4869300.0,234450.0,91
201800037100,18,5,28,2027,2,2,1,2.0,6.0,91589,M,4868577.0,234759.0,91
201800037101,18,6,1,635,1,2,1,1.0,3.0,91432,M,4870021.0,233866.0,91
201800037102,18,6,13,2150,2,2,1,1.0,6.0,91432,M,4869642.0,233475.0,91
201800037103,18,6,14,1240,1,2,2,1.0,3.0,91589,M,4868402.0,234548.0,91
201800037104,18,6,21,1910,1,2,1,1.0,6.0,91589,M,4867485.0,234052.0,91
201800037105,18,6,27,900,1,2,3,1.0,5.0,91589,M,4868617.0,235011.0,91
201800037106,18,3,29,830,1,2,1,1.0,6.0,91432,M,4669091.0,233173.0,91
201800037107,18,6,27,1800,1,2,1,1.0,3.0,91589,M,4867841.0,234697.0,91
201800037108,18,7,2,1645,1,1,1,7.0,2.0,91589,M,4867570.0,233596.0,91
201800037109,18,7,10,2016,1,2,3,1.0,5.0,91589,M,4867682.0,233740.0,91
201800037110,18,7,28,2140,1,2,3,1.0,6.0,91589,M,4869305.0,236097.0,91
201800037111,18,8,2,2240,5,2,1,1.0,6.0,91589,M,4868511.0,234413.0,91
201800037112,18,8,4,2350,5,2,1,1.0,6.0,91589,M,4868803.0,235831.0,91
201800037113,18,8,6,1440,1,2,3,7.0,3.0,91589,M,4867841.0,234697.0,91
201800037114,18,8,25,1930,1,2,1,1.0,3.0,91589,M,4868167.0,234305.0,91
201800037115,18,9,1,1420,1,2,1,1.0,3.0,91432,M,4869487.0,233269.0,91
201800037116,18,9,5,1945,2,2,1,1.0,3.0,91589,M,4868700.0,235369.0,91
201800037117,18,9,14,1720,1,2,1,1.0,3.0,91432,M,4870608.0,233088.0,91
201800037118,18,9,23,1320,1,2,1,2.0,3.0,91589,M,4868890.0,235234.0,91
201800037119,18,10,2,2050,5,2,3,1.0,3.0,91589,M,4868663.0,235234.0,91
201800037120,18,10,6,1335,1,2,1,1.0,1.0,91589,M,4869380.0,235284.0,91
201800037121,18,10,10,800,1,2,1,1.0,2.0,91589,M,4867000.0,235000.0,91
201800037122,18,10,13,1917,5,2,1,1.0,6.0,91589,M,4868778.0,234472.0,91
201800037123,18,10,30,1900,5,2,3,8.0,4.0,91589,M,4868663.0,235234.0,91
201800037124,18,10,30,2200,5,2,2,1.0,3.0,91589,M,4868077.0,234266.0,91
201800037125,18,10,31,1400,1,2,6,2.0,3.0,91589,M,4869176.0,234047.0,91
201800037126,18,11,13,1945,5,2,1,1.0,4.0,91589,M,4867826.0,234019.0,91
201800037127,18,11,13,705,2,2,1,1.0,5.0,91589,M,4867617.0,235105.0,91
201800037128,18,11,22,1000,1,1,1,5.0,5.0,91432,M,4871355.0,234456.0,91
201800037129,18,11,24,1220,1,2,3,2.0,3.0,91589,M,4868663.0,235234.0,91
201800037130,18,11,28,2115,5,2,1,8.0,3.0,91589,M,4870537.0,234287.0,91
201800037131,18,11,29,835,1,2,3,1.0,3.0,91589,M,4868241.0,234351.0,91
201800037132,18,12,2,1745,5,2,3,2.0,6.0,91589,M,4869102.0,235052.0,91
201800037133,18,12,11,1850,5,2,1,1.0,6.0,91589,M,4867520.0,235167.0,91
201800037134,18,1,9,2000,5,2,3,2.0,6.0,92002,M,4875408.0,229269.0,92
201800037135,18,1,11,1251,1,2,6,1.0,3.0,92002,M,4876391.0,230895.0,92
201800037136,18,1,16,1345,1,2,1,2.0,6.0,92002,M,4877034.0,231157.0,92
201800037137,18,1,23,1845,5,2,2,8.0,6.0,92002,M,4876318.0,230925.0,92
201800037138,18,1,24,1950,5,2,3,1.0,3.0,92014,M,4878789.0,231878.0,92
201800037139,18,2,3,1010,1,2,1,1.0,1.0,92002,M,4873727.0,228632.0,92
201800037140,18,2,25,1100,1,2,2,1.0,6.0,92014,M,4878225.0,231667.0,92