Num_Acc,an,mois,jour,hrmn,lum,agg,int,atm,col,com,gps,lat,long,dep
201800037141,18,3,1,900,1,2,1,1.0,6.0,92002,M,4875235.0,230470.0,92
201800037142,18,2,17,1230,1,2,3,8.0,6.0,92002,M,4875379.0,229701.0,92
201800037143,18,1,19,1530,1,2,2,1.0,6.0,92014,M,4878301.0,231529.0,92
201800037144,18,3,14,800,1,2,1,1.0,3.0,92014,M,4877272.0,231277.0,92
201800037145,18,4,5,2015,2,2,1,1.0,2.0,92002,M,4876230.0,230853.0,92
201800037146,18,3,11,2000,5,2,3,1.0,6.0,92002,M,4874656.0,229538.0,92
201800037147,18,5,4,833,1,2,3,1.0,3.0,92002,M,4874350.0,230288.0,92
201800037148,18,4,16,1115,1,2,1,1.0,6.0,92002,M,4875527.0,230582.0,92
201800037149,18,5,7,930,1,2,3,1.0,2.0,92002,M,4876302.0,230520.0,92
201800037150,18,5,22,1725,1,2,1,1.0,6.0,92014,M,4878874.0,231391.0,92
201800037151,18,5,14,730,1,2,3,1.0,3.0,92014,M,4878007.0,232387.0,92
201800037152,18,6,6,1320,1,2,1,1.0,3.0,92002,M,4876895.0,231119.0,92
201800037153,18,6,20,15,5,2,6,1.0,3.0,92002,M,4876382.0,230892.0,92
201800037154,18,5,28,920,1,2,1,1.0,3.0,92002,M,4876348.0,230446.0,92
201800037155,18,5,19,1910,1,2,3,1.0,3.0,92002,M,4874224.0,228565.0,92
201800037156,18,7,19,1810,1,2,1,1.0,6.0,92002,M,,,92
201800037157,18,7,6,1330,1,2,2,1.0,3.0,92014,M,4878489.0,230974.0,92
201800037158,18,7,12,1240,1,2,3,1.0,3.0,92002,M,4974353.0,230298.0,92
201800037159,18,7,12,1145,1,2,6,1.0,3.0,92002,M,4876340.0,230871.0,92
201800037160,18,7,12,1310,1,2,6,1.0,2.0,92014,M,4878941.0,231385.0,92
201800037161,18,7,31,720,1,2,3,1.0,3.0,92002,M,4874883.0,230403.0,92
201800037162,18,7,31,1525,1,2,1,1.0,2.0,92002,M,4876085.0,229362.0,92
201800037163,18,8,2,745,1,2,1,1.0,3.0,92002,M,4876897.0,231127.0,92
201800037164,18,8,7,1600,1,2,7,1.0,6.0,92002,M,4876328.0,230554.0,92
201800037165,18,8,8,1010,1,2,1,1.0,3.0,92002,M,4876894.0,231120.0,92
201800037166,18,8,24,1710,1,2,1,1.0,6.0,92002,M,4875236.0,230464.0,92
201800037167,18,8,28,1900,1,2,1,1.0,3.0,92002,M,4875154.0,230459.0,92
201800037168,18,8,26,50,5,2,7,1.0,2.0,92014,M,4877668.0,231368.0,92
201800037169,18,9,5,1420,1,2,3,1.0,2.0,92002,M,4876110.0,229720.0,92
201800037170,18,9,7,855,1,2,2,1.0,3.0,92014,M,4878242.0,231643.0,92
201800037171,18,9,7,1240,1,2,2,1.0,3.0,92014,M,4878248.0,231654.0,92
201800037172,18,9,18,1530,1,2,1,1.0,6.0,92002,M,4875988.0,230369.0,92
201800037173,18,9,20,910,1,2,2,1.0,3.0,92002,M,4876249.0,230267.0,92
201800037174,18,9,27,815,1,2,1,1.0,7.0,92002,M,4874594.0,230358.0,92
201800037175,18,9,29,2345,5,2,3,1.0,3.0,92002,M,4874350.0,230301.0,92
201800037176,18,10,2,2000,5,2,1,2.0,3.0,92002,M,4874957.0,230458.0,92
201800037177,18,10,3,725,2,2,3,2.0,3.0,92002,M,4873900.0,229000.0,92
201800037178,18,10,5,1650,1,2,9,1.0,6.0,92002,M,4874332.0,222968.0,92
201800037179,18,10,6,310,5,2,1,1.0,3.0,92014,M,4878094.0,231991.0,92
201800037180,18,10,10,1838,1,2,6,1.0,3.0,92002,M,4876519.0,230594.0,92
201800037181,18,10,10,2157,5,1,3,1.0,3.0,92002,M,4874425.0,229161.0,92
201800037182,18,10,12,1055,1,2,1,1.0,3.0,92014,M,4877760.0,231339.0,92
201800037183,18,10,15,1430,1,2,1,1.0,3.0,92002,M,4876792.0,231013.0,92
201800037184,18,10,15,1810,1,2,1,1.0,6.0,92002,M,4877033.0,231160.0,92
201800037185,18,10,16,630,5,2,1,1.0,3.0,92014,M,4877689.0,231594.0,92
201800037186,18,10,17,1705,1,2,1,1.0,6.0,92014,M,4878394.0,231372.0,92
201800037187,18,10,19,1115,1,2,1,1.0,6.0,92002,M,4873705.0,231587.0,92
201800037188,18,10,22,1400,1,2,3,2.0,6.0,92002,M,,,92
201800037189,18,10,27,1,5,2,1,1.0,3.0,92007,M,4879853.0,232265.0,92
201800037190,18,11,5,1325,1,2,1,1.0,4.0,92019,M,4876916.0,228787.0,92
201800037191,18,11,13,1746,2,1,3,1.0,3.0,92002,M,4873600.0,230000.0,92
201800037192,18,11,19,820,1,2,2,1.0,6.0,92002,M,4875730.0,230664.0,92
201800037193,18,11,19,1620,1,2,2,1.0,6.0,92002,M,4877000.0,231000.0,92
201800037194,18,11,19,2155,5,2,1,8.0,3.0,92002,M,4874820.0,230390.0,92
201800037195,18,11,22,810,1,2,1,5.0,6.0,92002,M,4875450.0,229810.0,92
201800037196,18,11,23,1050,1,2,1,5.0,3.0,92002,M,,,92
201800037197,18,11,23,1230,1,2,1,5.0,4.0,92002,M,4876345.0,230783.0,92
201800037198,18,11,26,800,2,2,1,3.0,6.0,92002,M,4876202.0,229127.0,92
201800037199,18,10,31,1430,1,2,9,1.0,3.0,92007,M,4879626.0,232180.0,92
201800037200,18,12,1,2120,5,2,7,2.0,3.0,92014,M,4877963.0,231359.0,92
201800037201,18,12,8,30,4,2,1,2.0,6.0,92002,M,4873430.0,230862.0,92
201800037202,18,12,19,1840,5,2,1,1.0,6.0,92002,M,4873418.0,228297.0,92
201800037203,18,12,26,2245,5,2,1,1.0,6.0,92002,M,4874480.0,229430.0,92
201800037204,18,1,2,1015,1,2,1,1.0,7.0,92004,M,,,92
201800037205,18,11,22,1015,1,2,1,1.0,3.0,92004,M,4890821.0,229251.0,92
201800037206,18,11,16,1030,1,2,1,1.0,3.0,92004,M,4890887.0,229286.0,92
201800037207,18,1,21,1650,1,2,1,2.0,3.0,92004,M,4891891.0,228619.0,92
201800037208,18,12,28,1645,1,2,3,1.0,3.0,92004,M,,,92
201800037209,18,2,4,1620,1,2,1,1.0,3.0,92004,M,,,92
201800037210,18,10,25,1840,2,2,2,1.0,3.0,92004,M,4891117.0,229846.0,92
201800037211,18,11,23,1500,1,2,1,1.0,6.0,92004,M,,,92
201800037212,18,1,2,115,5,2,1,1.0,7.0,92004,M,,,92
201800037213,18,1,18,1020,1,2,1,1.0,7.0,92004,M,,,92
201800037214,18,2,17,1710,1,2,1,1.0,2.0,92004,M,4891256.0,230360.0,92
201800037215,18,2,12,700,5,2,1,1.0,6.0,92009,M,4891469.0,227052.0,92
201800037216,18,3,10,1240,1,2,1,2.0,6.0,92004,M,4891044.0,228972.0,92
201800037217,18,1,4,1735,1,2,1,1.0,1.0,92004,M,,,92
201800037218,18,1,14,1950,5,2,1,1.0,6.0,92004,M,4892959.0,228096.0,92
201800037219,18,2,15,700,2,2,1,2.0,7.0,92004,M,4892809.0,227367.0,92
201800037220,18,1,18,2130,4,2,1,1.0,4.0,92004,M,,,92
201800037221,18,2,5,1230,1,2,1,4.0,7.0,92009,M,4891995.0,227681.0,92
201800037222,18,2,26,1015,1,2,1,1.0,7.0,92004,M,4891002.0,227431.0,92
201800037223,18,3,13,935,1,2,1,1.0,7.0,92004,M,4890707.0,228279.0,92
201800037224,18,2,2,2106,5,2,1,1.0,3.0,92004,M,4891831.0,228118.0,92
201800037225,18,3,13,1630,1,2,1,1.0,4.0,92004,M,4890681.0,229097.0,92
201800037226,18,3,13,1950,2,2,1,1.0,7.0,92004,M,4890970.0,229419.0,92
201800037227,18,1,16,2020,5,2,1,2.0,6.0,92004,M,4890763.0,228348.0,92
201800037228,18,1,26,2200,5,2,1,1.0,3.0,92004,M,4891765.0,230855.0,92
201800037229,18,3,15,725,1,2,1,1.0,7.0,92009,M,4892115.0,227161.0,92
201800037230,18,2,15,1700,1,2,1,2.0,7.0,92004,M,,,92
201800037231,18,3,24,2145,5,2,1,1.0,6.0,92004,M,4890635.0,228421.0,92
201800037232,18,3,27,1710,1,2,1,1.0,6.0,92004,M,4890975.0,229137.0,92
201800037233,18,3,24,2150,5,2,1,1.0,7.0,92004,M,4890633.0,228423.0,92
201800037234,18,2,3,1755,1,2,1,1.0,6.0,92004,M,,,92
201800037235,18,2,6,1925,1,2,1,1.0,2.0,92004,M,,,92
201800037236,18,2,13,1930,5,2,1,1.0,3.0,92004,M,4890866.0,228516.0,92
201800037237,18,2,25,1315,1,2,1,1.0,6.0,92004,M,4890781.0,228728.0,92
201800037238,18,3,30,2350,5,2,1,1.0,6.0,92004,M,4890970.0,228033.0,92
201800037239,18,4,6,138,5,2,4,1.0,6.0,92004,M,4890695.0,229132.0,92
201800037240,18,4,6,1310,1,2,2,1.0,2.0,92004,M,4891189.0,229465.0,92
201800037241,18,4,11,840,1,2,1,1.0,6.0,92004,M,4891743.0,228809.0,92
201800037242,18,4,11,815,1,2,1,1.0,6.0,92004,M,4891127.0,229869.0,92
201800037243,18,2,22,1700,2,2,2,1.0,6.0,92004,M,,,92
201800037244,18,2,23,1250,1,2,1,1.0,3.0,92004,M,4891720.0,228710.0,92
201800037245,18,4,18,1535,1,2,1,1.0,2.0,92004,M,4891640.0,228953.0,92
201800037246,18,4,18,1330,1,2,1,1.0,2.0,92004,M,4890647.0,229045.0,92
201800037247,18,3,6,1922,1,2,3,2.0,7.0,92004,M,,,92
201800037248,18,3,26,839,1,2,1,1.0,6.0,92004,M,,,92
201800037249,18,4,16,1045,1,2,1,1.0,4.0,92004,M,,,92
201800037250,18,4,23,1555,1,2,1,1.0,2.0,92004,M,,,92
201800037251,18,4,13,1910,1,2,1,1.0,3.0,92004,M,4891752.0,231998.0,92
201800037252,18,4,23,1300,1,2,1,1.0,6.0,92004,M,4891247.0,229639.0,92
201800037253,18,5,28,1950,1,2,1,1.0,6.0,92004,M,4892982.0,228310.0,92
201800037254,18,6,5,2250,5,2,1,1.0,1.0,92004,M,4893066.0,228212.0,92
201800037255,18,8,4,1300,1,2,3,1.0,3.0,92004,M,4890839.0,228461.0,92
201800037256,18,8,8,2050,2,2,2,1.0,2.0,92004,M,4891514.0,229359.0,92
201800037257,18,5,20,1330,1,2,2,1.0,3.0,92004,M,4891056.0,229909.0,92
201800037258,18,5,15,1340,1,2,1,1.0,3.0,92004,M,4890860.0,228401.0,92
201800037259,18,5,4,1430,1,2,1,1.0,2.0,92009,M,4891547.0,226983.0,92
201800037260,18,5,17,1850,1,2,1,1.0,2.0,92004,M,4890845.0,229243.0,92
201800037261,18,5,30,815,1,2,1,1.0,3.0,92004,M,4890836.0,229247.0,92
201800037262,18,5,15,900,1,2,1,1.0,6.0,92009,M,4891690.0,227303.0,92
201800037263,18,6,13,1900,1,2,1,1.0,6.0,92004,M,4891310.0,228432.0,92
201800037264,18,5,20,2120,3,2,2,1.0,6.0,92004,M,4891513.0,229078.0,92
201800037265,18,5,9,920,1,2,2,1.0,3.0,92009,M,4890884.0,226549.0,92
201800037266,18,5,18,1510,1,2,1,1.0,6.0,92004,M,4891264.0,228493.0,92
201800037267,18,6,8,1215,1,2,1,1.0,2.0,92004,M,4891113.0,228580.0,92
201800037268,18,6,21,1950,1,2,1,1.0,6.0,92004,M,4891027.0,228909.0,92
201800037269,18,6,1,1920,1,2,1,1.0,7.0,92004,M,4854177.0,742385.0,92
201800037270,18,6,11,2100,2,2,1,3.0,6.0,92009,M,4890754.0,226370.0,92
201800037271,18,6,23,2300,5,2,1,1.0,7.0,92004,M,4891863.0,228355.0,92
201800037272,18,6,29,1315,1,2,1,1.0,1.0,92004,M,4892089.0,228817.0,92
201800037273,18,6,29,1805,1,2,1,1.0,6.0,92009,M,4890745.0,226496.0,92
201800037274,18,6,6,2120,1,2,1,1.0,2.0,92009,M,4890754.0,226366.0,92
201800037275,18,6,18,1620,1,2,1,1.0,2.0,92004,M,4891772.0,231981.0,92
201800037276,18,6,9,1830,1,2,1,1.0,6.0,92004,M,4893258.0,227817.0,92
201800037277,18,6,16,2230,5,2,1,1.0,3.0,92004,M,4855464.0,654702.0,92
201800037278,18,6,19,1200,1,2,1,1.0,6.0,92004,M,4854583.0,218230.0,92
201800037279,18,7,2,2040,1,2,2,1.0,3.0,92009,M,4890690.0,226140.0,92
201800037280,18,7,6,825,1,2,2,1.0,6.0,92004,M,4892221.0,227729.0,92
201800037281,18,7,7,2140,1,2,1,1.0,6.0,92004,M,4892890.0,222776.0,92
201800037282,18,7,11,1115,1,2,1,1.0,2.0,92004,M,4893031.0,228426.0,92
201800037283,18,7,23,950,1,2,1,1.0,7.0,92004,M,4854394.0,218126.0,92
201800037284,18,7,27,1345,1,2,2,1.0,3.0,92004,M,4891125.0,229879.0,92
201800037285,18,8,3,900,1,2,1,1.0,2.0,92004,M,4891204.0,230166.0,92
201800037286,18,8,14,2335,5,2,1,1.0,1.0,92004,M,4891585.0,228241.0,92
201800037287,18,8,29,720,1,2,1,2.0,3.0,92004,M,4891906.0,231357.0,92
201800037288,18,8,29,1330,1,2,1,2.0,6.0,92004,M,4891210.0,229096.0,92
201800037289,18,8,31,1210,1,2,9,1.0,3.0,92004,M,4892272.0,228644.0,92
201800037290,18,9,1,1620,1,2,1,1.0,2.0,92009,M,4892408.0,227522.0,92
201800037291,18,9,1,1940,1,2,1,1.0,6.0,92004,M,4890599.0,228925.0,92
201800037292,18,9,4,1200,1,2,9,1.0,3.0,92004,M,4891081.0,229744.0,92
201800037293,18,9,9,900,1,2,1,1.0,2.0,92009,M,4892356.0,227562.0,92
201800037294,18,9,12,700,4,2,9,1.0,1.0,92004,M,4890759.0,228346.0,92
201800037295,18,9,13,1740,1,2,1,1.0,7.0,92004,M,4891627.0,228939.0,92
201800037296,18,9,19,1650,1,2,9,1.0,3.0,92004,M,4893152.0,228331.0,92
201800037297,18,9,20,1030,1,2,2,1.0,3.0,92004,M,4891332.0,230711.0,92
201800037298,18,9,18,840,1,2,1,1.0,2.0,92004,M,4891885.0,231140.0,92
201800037299,18,9,3,2130,5,2,9,9.0,6.0,92009,M,4891168.0,227225.0,92
201800037300,18,9,21,1440,1,2,1,1.0,6.0,92004,M,4891755.0,229330.0,92
201800037301,18,9,21,2035,5,2,2,1.0,3.0,92009,M,4991690.0,227300.0,92
201800037302,18,9,22,1030,1,2,2,1.0,3.0,92009,M,4892633.0,227326.0,92
201800037303,18,9,22,1220,1,2,2,1.0,6.0,92004,M,4891695.0,228810.0,92
201800037304,18,9,25,1215,1,2,1,1.0,2.0,92004,M,4891276.0,229691.0,92
201800037305,18,9,25,1730,1,2,2,1.0,3.0,92009,M,4891831.0,227504.0,92
201800037306,18,9,26,2230,5,2,1,1.0,2.0,92004,M,4891311.0,231096.0,92
201800037307,18,9,28,1500,1,2,9,1.0,3.0,92004,M,4891304.0,229753.0,92
201800037308,18,9,29,1415,1,2,1,1.0,3.0,92004,M,4891334.0,231079.0,92
201800037309,18,9,29,2045,5,2,2,1.0,3.0,92004,M,4890974.0,289225.0,92
201800037310,18,10,1,1240,1,2,9,1.0,3.0,92004,M,4890511.0,228740.0,92
201800037311,18,9,28,1445,1,2,2,1.0,3.0,92004,M,4891180.0,229988.0,92
201800037312,18,10,8,1445,1,2,1,1.0,6.0,92004,M,4891510.0,230580.0,92
201800037313,18,10,8,1735,1,2,1,1.0,3.0,92004,M,4892600.0,228400.0,92
201800037314,18,10,1,1630,1,2,2,1.0,5.0,92004,M,4890514.0,228774.0,92
201800037315,18,10,4,2015,5,2,1,2.0,5.0,92004,M,4890382.0,228536.0,92
201800037316,18,10,3,1800,1,2,1,1.0,6.0,92004,M,4891379.0,229225.0,92
201800037317,18,10,13,1025,1,2,1,1.0,2.0,92004,M,4891235.0,228444.0,92
201800037318,18,10,16,1140,1,1,1,1.0,6.0,92009,M,4892296.0,227602.0,92
201800037319,18,10,16,1840,1,2,1,1.0,3.0,92004,M,4891003.0,228743.0,92
201800037320,18,10,16,2210,5,2,1,1.0,1.0,92004,M,4890687.0,228238.0,92
201800037321,18,10,17,1630,1,2,3,1.0,1.0,92004,M,4891443.0,228317.0,92
201800037322,18,10,19,2020,5,2,2,1.0,3.0,92004,M,4890738.0,226990.0,92
201800037323,18,10,20,1105,1,2,1,1.0,3.0,92004,M,4892132.0,227844.0,92
201800037324,18,10,23,905,1,2,1,1.0,2.0,92004,M,4891876.0,229717.0,92
201800037325,18,10,25,1600,1,2,9,1.0,7.0,92009,M,4890461.0,226691.0,92
201800037326,18,10,28,550,5,2,1,1.0,6.0,92004,M,4892010.0,228863.0,92
201800037327,18,10,28,1045,1,2,3,1.0,3.0,92004,M,4890700.0,227500.0,92
201800037328,18,10,28,1545,1,2,1,1.0,2.0,92004,M,,,92
201800037329,18,9,7,1815,1,2,1,1.0,6.0,92004,M,4890744.0,228622.0,92
201800037330,18,10,30,1750,2,2,1,1.0,2.0,92004,M,4891542.0,230973.0,92
201800037331,18,11,6,1930,5,2,1,1.0,3.0,92004,M,4890940.0,229438.0,92
201800037332,18,11,12,815,5,2,1,2.0,6.0,92009,M,4891516.0,226982.0,92
201800037333,18,11,14,300,5,2,1,1.0,6.0,92004,M,,,92
201800037334,18,9,21,1610,1,2,1,1.0,2.0,92004,M,4891618.0,231015.0,92
201800037335,18,9,11,1600,1,2,9,1.0,3.0,92004,M,,,92
201800037336,18,11,23,1425,1,2,3,1.0,3.0,92009,M,4892013.0,227430.0,92
201800037337,18,12,7,1235,1,2,1,1.0,2.0,92004,M,4891211.0,229638.0,92
201800037338,18,12,11,815,1,2,1,1.0,3.0,92004,M,4891427.0,228331.0,92
201800037339,18,10,31,1910,2,2,1,2.0,6.0,92004,M,,,92
201800037340,18,12,13,910,1,2,1,1.0,7.0,92004,M,4890440.0,228830.0,92
201800037341,18,10,19,1435,1,2,3,1.0,3.0,92004,M,4891375.0,229546.0,92
201800037342,18,12,14,850,2,2,1,1.0,6.0,92004,M,4890000.0,228000.0,92
201800037343,18,12,22,1737,5,2,7,2.0,6.0,92004,M,,,92
201800037344,18,1,13,2050,2,2,1,1.0,6.0,92007,M,4880069.0,230908.0,92
201800037345,18,1,7,1010,1,2,1,1.0,6.0,92007,M,4880162.0,231906.0,92
201800037346,18,1,7,340,5,2,1,1.0,6.0,92007,M,4880162.0,88490.0,92
201800037347,18,1,16,1220,1,2,1,1.0,6.0,92007,M,4800000.0,104200.0,92
201800037348,18,1,21,410,5,2,2,2.0,3.0,92007,M,4878802.0,231861.0,92
201800037349,18,2,4,1405,1,2,1,1.0,6.0,92007,M,4881001.0,153710.0,92
201800037350,18,3,9,1650,1,2,1,1.0,6.0,92007,M,4879764.0,230956.0,92
201800037351,18,1,24,1200,1,2,1,1.0,6.0,92007,M,4880634.0,230856.0,92
201800037352,18,2,27,1935,5,2,1,1.0,6.0,92007,M,4880407.0,232470.0,92
201800037353,18,3,17,1620,1,2,1,4.0,2.0,92007,M,4878937.0,231397.0,92
201800037354,18,4,5,1950,1,2,1,1.0,6.0,92007,M,,,92
201800037355,18,4,13,1000,1,2,6,1.0,6.0,92007,M,4879599.0,232160.0,92
201800037356,18,4,13,1535,1,2,1,1.0,6.0,92007,M,,,92
201800037357,18,4,19,200,5,2,1,1.0,2.0,92007,M,4879135.0,231979.0,92
201800037358,18,5,19,1230,1,1,1,1.0,6.0,92007,M,4879827.0,238386.0,92
201800037359,18,5,4,955,1,1,1,1.0,6.0,92007,M,4879756.0,230898.0,92
201800037360,18,5,22,2230,3,2,1,1.0,7.0,92007,M,4880523.0,232516.0,92
201800037361,18,6,5,2012,1,2,9,1.0,6.0,92007,M,4878799.0,230422.0,92
201800037362,18,6,6,1125,1,2,1,1.0,6.0,92007,M,4879019.0,230289.0,92
201800037363,18,6,29,1920,1,2,1,1.0,7.0,92007,M,4879747.0,229752.0,92
201800037364,18,7,1,50,5,2,3,1.0,1.0,92007,M,4880175.0,231422.0,92
201800037365,18,7,6,2000,1,2,1,1.0,4.0,92007,M,4879734.0,230034.0,92
201800037366,18,7,10,2030,1,2,3,1.0,3.0,92007,M,4879986.0,232320.0,92
201800037367,18,7,26,840,1,2,2,1.0,3.0,92007,M,4879586.0,231709.0,92
201800037368,18,7,28,2125,5,2,6,1.0,3.0,92007,M,4879330.0,231600.0,92
201800037369,18,8,27,900,1,2,3,2.0,7.0,92007,M,4880002.0,230143.0,92
201800037370,18,8,26,1725,1,1,2,1.0,7.0,92007,M,4879662.0,232163.0,92
201800037371,18,9,18,1230,1,2,1,1.0,6.0,92007,M,4879680.0,231610.0,92
201800037372,18,9,21,1450,1,2,1,1.0,2.0,92049,M,4881200.0,232610.0,92
201800037373,18,9,22,1045,1,2,6,1.0,6.0,92007,M,4879744.0,230087.0,92
201800037374,18,9,27,1620,1,2,3,1.0,1.0,92007,M,4880158.0,230032.0,92
201800037375,18,10,4,1116,1,2,2,1.0,6.0,92007,M,,,92
201800037376,18,10,6,1310,1,2,1,1.0,3.0,92007,M,4847570.0,219213.0,92
201800037377,18,10,12,1010,1,2,2,1.0,3.0,92007,M,4879839.0,230893.0,92
201800037378,18,10,22,1755,2,2,1,1.0,2.0,92007,M,,,92
201800037379,18,11,5,1350,1,2,1,1.0,6.0,92007,M,4880152.0,231024.0,92
201800037380,18,11,9,1320,1,2,1,1.0,3.0,92007,M,4879604.0,232038.0,92
201800037381,18,11,15,1405,1,2,1,1.0,6.0,92007,M,4879939.0,231826.0,92
201800037382,18,11,24,1425,1,2,6,8.0,3.0,92007,M,,,92
201800037383,18,12,1,1915,5,2,1,2.0,1.0,92007,M,4878641.0,230239.0,92
201800037384,18,12,7,1207,1,2,1,2.0,6.0,92007,M,4879621.0,232172.0,92
201800037385,18,12,14,1400,1,2,1,1.0,3.0,92007,M,4879879.0,229982.0,92
201800037386,18,12,8,2245,4,2,6,2.0,6.0,92007,M,4880968.0,231716.0,92
201800037387,18,1,3,1010,1,1,1,2.0,2.0,92012,M,,,92
201800037388,18,1,5,2130,5,2,6,1.0,6.0,92012,M,,,92
201800037389,18,12,21,2040,5,2,2,1.0,3.0,92012,M,4884079.0,223710.0,92
201800037390,18,1,6,1355,1,2,6,1.0,6.0,92012,M,4883478.0,224974.0,92
201800037391,18,12,22,2040,5,2,1,1.0,6.0,92012,M,4882665.0,224882.0,92
201800037392,18,1,8,1425,1,2,1,1.0,2.0,92012,M,,,92
201800037393,18,1,10,1438,1,2,1,2.0,5.0,92012,M,,,92
201800037394,18,1,11,2050,5,2,3,1.0,3.0,92012,M,,,92
201800037395,18,1,15,2000,5,2,5,2.0,6.0,92012,M,4849440.0,214460.0,92
201800037396,18,1,18,805,2,2,2,8.0,6.0,92012,M,4884049.0,223147.0,92
201800037397,18,1,19,1200,1,2,2,2.0,3.0,92012,M,,,92
201800037398,18,1,19,1550,1,2,1,7.0,2.0,92012,M,,,92
201800037399,18,1,19,2200,5,2,2,8.0,3.0,92012,M,4884027.0,223414.0,92
201800037400,18,1,22,2030,5,2,2,1.0,3.0,92012,M,,,92
201800037401,18,1,25,2000,5,2,3,2.0,1.0,92012,M,,,92
201800037402,18,1,26,1005,1,2,1,1.0,3.0,92012,M,,,92
201800037403,18,1,30,845,1,2,2,1.0,3.0,92012,M,,,92
201800037404,18,2,2,1524,1,2,3,1.0,3.0,92012,M,4883832.0,223368.0,92
201800037405,18,2,2,1855,5,2,1,1.0,6.0,92012,M,4883078.0,225227.0,92
201800037406,18,2,5,2315,5,2,6,2.0,1.0,92012,M,4883394.0,224403.0,92
201800037407,18,2,14,2200,5,2,3,3.0,1.0,92012,M,4883881.0,223157.0,92
201800037408,18,2,17,1520,1,2,1,1.0,3.0,92012,M,4883185.0,224462.0,92
201800037409,18,2,19,2250,5,2,1,3.0,6.0,92012,M,4884102.0,222750.0,92
201800037410,18,2,21,905,1,2,2,1.0,3.0,92012,M,4884472.0,222988.0,92
201800037411,18,2,23,2245,5,2,3,1.0,3.0,92012,M,4883548.0,223243.0,92
201800037412,18,2,26,1400,1,2,3,1.0,3.0,92012,M,4883244.0,224027.0,92
201800037413,18,2,27,1015,1,2,3,1.0,3.0,92012,M,4884236.0,223516.0,92
201800037414,18,3,1,1750,1,2,2,1.0,3.0,92012,M,4883268.0,224968.0,92
201800037415,18,3,7,45,5,2,2,9.0,3.0,92012,M,4883183.0,223835.0,92
201800037416,18,4,4,1410,1,2,2,1.0,6.0,92012,M,4883084.0,223473.0,92
201800037417,18,3,15,1200,1,2,1,1.0,6.0,92012,M,,,92
201800037418,18,3,21,930,1,2,1,1.0,3.0,92012,M,4883420.0,224411.0,92
201800037419,18,3,24,1510,1,2,1,1.0,3.0,92012,M,4883882.0,224814.0,92
201800037420,18,3,26,1940,2,2,3,1.0,3.0,92012,M,4883586.0,223910.0,92
201800037421,18,4,3,1600,1,2,2,2.0,6.0,92012,M,4883924.0,224652.0,92
201800037422,18,4,5,1305,1,2,1,1.0,2.0,92012,M,4884610.0,222705.0,92
201800037423,18,4,4,1620,1,2,1,2.0,6.0,92012,M,4884652.0,224348.0,92
201800037424,18,4,5,1925,1,2,1,1.0,6.0,92012,M,4883882.0,224801.0,92
201800037425,18,4,6,1440,1,2,1,1.0,6.0,92012,M,4884092.0,222957.0,92
201800037426,18,4,8,1020,1,2,1,1.0,5.0,92012,M,4884154.0,222381.0,92
201800037427,18,4,13,925,1,2,1,1.0,2.0,92012,M,4883693.0,223655.0,92
201800037428,18,4,16,1255,1,2,1,8.0,2.0,92012,M,4884014.0,223627.0,92
201800037429,18,4,16,2145,5,2,1,1.0,2.0,92012,M,4383027.0,223207.0,92
201800037430,18,4,17,940,1,2,2,1.0,6.0,92012,M,4883496.0,224143.0,92
201800037431,18,4,19,810,1,2,1,1.0,6.0,92012,M,4882417.0,224248.0,92
201800037432,18,4,26,1830,1,2,3,1.0,3.0,92012,M,4883988.0,223024.0,92
201800037433,18,5,2,520,2,2,2,1.0,3.0,92012,M,4883205.0,225305.0,92
201800037434,18,5,2,1630,1,2,1,1.0,6.0,92012,M,4882444.0,223658.0,92
201800037435,18,6,24,1050,1,2,1,1.0,4.0,92012,M,4884081.0,222935.0,92
201800037436,18,5,10,840,1,2,2,1.0,3.0,92012,M,4838308.0,223473.0,92
201800037437,18,5,12,1440,1,2,2,8.0,3.0,92012,M,4883076.0,223470.0,92
201800037438,18,5,13,2035,1,2,2,1.0,3.0,92012,M,4883465.0,224634.0,92
201800037439,18,5,15,1945,1,2,1,1.0,4.0,92012,M,4883445.0,224605.0,92
201800037440,18,5,17,2010,1,2,5,1.0,6.0,92012,M,4883270.0,224856.0,92
201800037441,18,5,19,2215,5,2,3,1.0,3.0,92012,M,4884170.0,223445.0,92
201800037442,18,5,23,1639,1,2,1,1.0,3.0,92012,M,4883029.0,223263.0,92
201800037443,18,5,29,810,1,2,2,1.0,3.0,92012,M,4883082.0,223469.0,92
201800037444,18,5,29,1710,1,2,3,1.0,3.0,92012,M,4883579.0,223067.0,92
201800037445,18,5,29,1747,1,2,3,1.0,1.0,92012,M,4883111.0,223055.0,92
201800037446,18,5,29,1930,1,2,1,1.0,3.0,92012,M,4883117.0,223445.0,92
201800037447,18,5,30,1120,1,2,1,1.0,3.0,92012,M,4884170.0,225698.0,92
201800037448,18,5,26,2020,1,2,2,1.0,6.0,92012,M,4885031.0,223774.0,92
201800037449,18,6,1,1825,1,2,6,1.0,3.0,92012,M,4883567.0,224064.0,92
201800037450,18,6,1,1745,1,2,1,1.0,2.0,92012,M,4884367.0,222607.0,92
201800037451,18,6,2,1105,1,2,1,1.0,6.0,92012,M,4882779.0,224678.0,92
201800037452,18,6,6,1320,1,2,1,8.0,3.0,92012,M,4800000.0,224962.0,92
201800037453,18,6,7,2000,1,2,1,1.0,6.0,92012,M,4884411.0,223918.0,92
201800037454,18,6,12,2340,5,2,1,1.0,6.0,92012,M,4884710.0,224007.0,92