Num_Acc,an,mois,jour,hrmn,lum,agg,int,atm,col,com,gps,lat,long,dep
201800037455,18,6,14,1945,1,2,1,1.0,1.0,92012,M,4883215.0,224451.0,92
201800037456,18,6,29,1910,1,2,2,1.0,3.0,92012,M,4883507.0,224141.0,92
201800037457,18,6,21,1450,1,2,9,1.0,6.0,92012,M,4883007.0,223259.0,92
201800037458,18,6,25,915,1,2,1,1.0,3.0,92012,M,4885131.0,223332.0,92
201800037459,18,6,27,1700,1,2,1,1.0,3.0,92012,M,4883879.0,224000.0,92
201800037460,18,7,5,1750,1,2,1,1.0,2.0,92012,M,4883414.0,224548.0,92
201800037461,18,7,6,1325,1,2,1,1.0,3.0,92012,M,4885215.0,223029.0,92
201800037462,18,7,6,2045,1,2,1,1.0,2.0,92012,M,4884623.0,223417.0,92
201800037463,18,7,7,1450,1,2,1,1.0,3.0,92012,M,4883754.0,223500.0,92
201800037464,18,7,10,2325,5,2,2,1.0,3.0,92012,M,4884185.0,223896.0,92
201800037465,18,7,16,1500,1,2,1,1.0,3.0,92012,M,4883159.0,225223.0,92
201800037466,18,7,16,2030,2,2,1,1.0,1.0,92012,M,4883110.0,225722.0,92
201800037467,18,7,17,2145,5,2,2,1.0,3.0,92012,M,4883678.0,224171.0,92
201800037468,18,7,19,1735,1,2,2,1.0,3.0,92012,M,4883982.0,223013.0,92
201800037469,18,7,20,105,5,2,1,1.0,6.0,92012,M,4883426.0,225570.0,92
201800037470,18,7,20,5,5,2,1,1.0,2.0,92012,M,4883436.0,224532.0,92
201800037471,18,7,25,840,1,2,1,1.0,6.0,92012,M,4883509.0,224463.0,92
201800037472,18,7,26,919,1,2,2,7.0,6.0,92012,M,4884520.0,223731.0,92
201800037473,18,7,27,1815,1,2,1,1.0,2.0,92012,M,4883320.0,226390.0,92
201800037474,18,8,2,1806,1,2,1,1.0,6.0,92012,M,4883726.0,223577.0,92
201800037475,18,8,6,1520,1,2,1,1.0,6.0,92012,M,4883046.0,225733.0,92
201800037476,18,8,12,2207,5,2,2,1.0,3.0,92012,M,4883967.0,223979.0,92
201800037477,18,8,17,1130,1,2,1,1.0,6.0,92012,M,4883064.0,224402.0,92
201800037478,18,8,20,830,1,2,9,2.0,1.0,92012,M,,,92
201800037479,18,8,23,1345,1,2,2,1.0,3.0,92012,M,4883543.0,223073.0,92
201800037480,18,8,31,1015,1,2,2,1.0,3.0,92012,M,4883679.0,224170.0,92
201800037481,18,9,5,745,1,2,1,1.0,6.0,92012,M,4884055.0,223150.0,92
201800037482,18,9,6,935,2,2,1,1.0,6.0,92012,M,4883450.0,224218.0,92
201800037483,18,9,7,1015,1,2,2,2.0,3.0,92012,M,4882482.0,224414.0,92
201800037484,18,9,8,1705,1,2,3,1.0,3.0,92012,M,4882687.0,224943.0,92
201800037485,18,9,10,2030,5,2,1,1.0,2.0,92012,M,4880000.0,220000.0,92
201800037486,18,9,11,1435,1,2,1,1.0,3.0,92012,M,4484880.0,223740.0,92
201800037487,18,9,13,950,1,2,1,2.0,2.0,92012,M,,,92
201800037488,18,9,13,2040,5,2,1,1.0,1.0,92012,M,4883000.0,223000.0,92
201800037489,18,9,17,1800,1,2,4,7.0,6.0,92012,M,,,92
201800037490,18,9,24,1144,1,2,1,1.0,6.0,92012,M,4883289.0,224380.0,92
201800037491,18,9,25,1515,1,2,3,1.0,6.0,92012,M,4883743.0,223842.0,92
201800037492,18,9,25,1625,1,2,9,1.0,3.0,92012,M,,,92
201800037493,18,9,27,1935,5,2,2,1.0,3.0,92012,M,4882731.0,223456.0,92
201800037494,18,9,30,1305,1,2,1,1.0,3.0,92012,M,4884411.0,223351.0,92
201800037495,18,9,30,1900,1,2,1,1.0,2.0,92012,M,4884075.0,222751.0,92
201800037496,18,10,2,2055,5,2,1,1.0,3.0,92012,M,4886965.0,224001.0,92
201800037497,18,10,3,1330,1,2,2,8.0,3.0,92012,M,4882481.0,224419.0,92
201800037498,18,10,3,1815,1,2,9,1.0,6.0,92012,M,4884279.0,224374.0,92
201800037499,18,10,4,955,2,2,1,1.0,3.0,92075,M,4882210.0,228530.0,92
201800037500,18,10,5,1325,1,2,1,1.0,6.0,92012,M,4884538.0,223198.0,92
201800037501,18,10,5,2015,5,2,1,1.0,6.0,92012,M,4882568.0,224201.0,92
201800037502,18,10,7,1600,1,2,1,2.0,6.0,92012,M,4883088.0,224494.0,92
201800037503,18,10,8,915,1,2,2,1.0,6.0,92012,M,4883273.0,224846.0,92
201800037504,18,10,13,1325,1,2,2,1.0,3.0,92012,M,4882553.0,224190.0,92
201800037505,18,10,13,1740,1,2,2,1.0,3.0,92012,M,4883186.0,223736.0,92
201800037506,18,10,16,2000,5,2,2,1.0,6.0,92012,M,4883777.0,224152.0,92
201800037507,18,10,19,938,1,2,1,1.0,3.0,92012,M,4883248.0,224028.0,92
201800037508,18,10,21,1400,1,2,1,1.0,3.0,92012,M,4883142.0,223614.0,92
201800037509,18,10,25,1755,1,2,1,1.0,3.0,92012,M,4884734.0,224336.0,92
201800037510,18,10,30,811,1,2,2,2.0,6.0,92012,M,4884502.0,223724.0,92
201800037511,18,11,1,45,4,2,1,2.0,7.0,92012,M,4882510.0,223571.0,92
201800037512,18,11,1,1513,1,2,1,2.0,6.0,92012,M,4883774.0,224049.0,92
201800037513,18,11,3,1230,1,2,1,1.0,2.0,92012,M,4883290.0,224094.0,92
201800037514,18,11,7,830,1,2,1,2.0,3.0,92012,M,4884320.0,222600.0,92
201800037515,18,11,12,2231,5,2,1,1.0,2.0,92012,M,4883979.0,224018.0,92
201800037516,18,11,13,1310,1,2,3,1.0,3.0,92012,M,4883694.0,224314.0,92
201800037517,18,11,20,800,2,2,1,2.0,2.0,92012,M,4884039.0,223423.0,92
201800037518,18,11,20,1010,2,2,9,2.0,6.0,92012,M,4883520.0,224452.0,92
201800037519,18,11,20,1905,5,2,2,2.0,3.0,92012,M,4883500.0,224100.0,92
201800037520,18,11,22,1640,1,2,2,1.0,3.0,92012,M,4884502.0,223723.0,92
201800037521,18,11,23,710,5,2,2,1.0,3.0,92012,M,4883549.0,224949.0,92
201800037522,18,11,25,1210,1,2,1,2.0,6.0,92012,M,4884188.0,223866.0,92
201800037523,18,11,25,1830,5,2,2,1.0,3.0,92012,M,4883302.0,224638.0,92
201800037524,18,11,27,1700,5,2,1,2.0,3.0,92012,M,4883854.0,225184.0,92
201800037525,18,11,28,1600,1,2,1,1.0,2.0,92012,M,4883914.0,224820.0,92
201800037526,18,12,4,811,2,2,3,2.0,3.0,92012,M,4884042.0,223378.0,92
201800037527,18,12,4,2230,5,2,2,1.0,3.0,92012,M,4884908.0,223710.0,92
201800037528,18,12,5,1315,1,2,1,1.0,6.0,92012,M,4882530.0,224369.0,92
201800037529,18,12,6,1829,5,2,2,1.0,3.0,92012,M,4883854.0,225165.0,92
201800037530,18,12,12,1205,1,2,1,1.0,6.0,92012,M,4883340.0,223772.0,92
201800037531,18,12,12,1250,1,2,1,1.0,6.0,92012,M,4883449.0,224217.0,92
201800037532,18,12,12,1315,1,2,1,1.0,6.0,92012,M,4883589.0,222799.0,92
201800037533,18,12,12,1910,5,2,1,1.0,6.0,92012,M,4883700.0,223213.0,92
201800037534,18,12,15,2123,5,2,1,2.0,6.0,92012,M,4884169.0,223908.0,92
201800037535,18,12,18,1230,1,2,1,1.0,6.0,92012,M,4883854.0,225185.0,92
201800037536,18,12,19,1335,1,2,2,1.0,6.0,92012,M,4883735.0,223778.0,92
201800037537,18,12,26,1130,1,2,1,1.0,6.0,92040,M,4881805.0,225123.0,92
201800037538,18,12,27,1955,5,2,2,1.0,2.0,92012,M,4883239.0,225174.0,92
201800037539,18,1,16,1815,5,2,3,2.0,3.0,92019,M,4876432.0,226524.0,92
201800037540,18,1,19,1930,5,2,1,2.0,6.0,92071,M,4877856.0,229701.0,92
201800037541,18,3,4,1615,1,2,2,8.0,3.0,92032,M,4878429.0,229355.0,92
201800037542,18,3,6,2305,5,2,1,2.0,6.0,92071,M,4877425.0,228815.0,92
201800037543,18,4,17,820,1,2,1,1.0,6.0,92032,M,4879110.0,228468.0,92
201800037544,18,5,9,735,1,2,1,1.0,6.0,92019,M,4876781.0,226968.0,92
201800037545,18,5,24,815,1,2,3,1.0,3.0,92019,M,4876489.0,226539.0,92
201800037546,18,5,25,1915,1,2,1,1.0,3.0,92032,M,4878470.0,229361.0,92
201800037547,18,5,31,1705,1,2,7,1.0,6.0,92071,M,4877866.0,229128.0,92
201800037548,18,6,3,1040,1,2,1,1.0,3.0,92019,M,4876750.0,227962.0,92
201800037549,18,5,24,905,1,2,1,1.0,6.0,92032,M,4879168.0,228751.0,92
201800037550,18,6,7,1750,1,2,1,1.0,6.0,92071,M,4878519.0,230384.0,92
201800037551,18,6,10,1900,1,2,3,3.0,3.0,92019,M,4876536.0,226032.0,92
201800037552,18,5,11,1520,1,2,2,1.0,3.0,92019,M,4876670.0,226441.0,92
201800037553,18,6,23,1045,1,2,1,7.0,3.0,92071,M,4877765.0,228853.0,92
201800037554,18,6,20,720,1,2,1,1.0,3.0,92019,M,4876926.0,224946.0,92
201800037555,18,8,25,2130,2,2,3,1.0,3.0,92019,M,4876667.0,225580.0,92
201800037556,18,11,12,2315,5,2,1,8.0,6.0,92071,M,4877551.0,231374.0,92
201800037557,18,12,12,855,1,2,3,1.0,6.0,92019,M,4876709.0,227255.0,92
201800037558,18,12,21,920,1,2,1,3.0,3.0,92032,M,4878320.0,228610.0,92
201800037559,18,1,18,1915,5,2,2,2.0,3.0,92023,M,4841307.0,225803.0,92
201800037560,18,1,19,2015,5,2,1,1.0,2.0,92023,M,4877941.0,223691.0,92
201800037561,18,1,22,325,5,2,1,2.0,6.0,92023,M,4881645.0,225346.0,92
201800037562,18,1,26,1840,5,2,1,1.0,6.0,92060,M,4878136.0,226239.0,92
201800037563,18,1,24,1515,1,2,6,1.0,2.0,92023,M,4878455.0,223485.0,92
201800037564,18,1,27,1920,5,2,1,1.0,3.0,92023,M,4881491.0,227767.0,92
201800037565,18,1,12,2020,2,2,8,1.0,7.0,92023,M,4880247.0,226383.0,92
201800037566,18,1,31,735,5,2,1,2.0,3.0,92023,M,4880425.0,226735.0,92
201800037567,18,1,25,325,5,2,1,2.0,6.0,92023,M,4878421.0,223371.0,92
201800037568,18,2,1,845,1,2,2,3.0,3.0,92023,M,4880765.0,226395.0,92
201800037569,18,1,31,930,1,2,1,2.0,3.0,92023,M,4880959.0,226697.0,92
201800037570,18,2,13,1545,1,2,1,2.0,6.0,92023,M,4878642.0,225101.0,92
201800037571,18,2,21,950,1,2,2,1.0,6.0,92023,M,4878535.0,224050.0,92
201800037572,18,2,22,1210,1,2,1,1.0,7.0,92023,M,4881206.0,227203.0,92
201800037573,18,2,4,1900,5,2,1,1.0,5.0,92023,M,4878457.0,223794.0,92
201800037574,18,3,13,2005,5,2,1,1.0,2.0,92023,M,4878089.0,223311.0,92
201800037575,18,3,19,950,1,2,1,4.0,6.0,92023,M,4881315.0,225809.0,92
201800037576,18,2,16,910,1,2,1,1.0,3.0,92060,M,4878214.0,225291.0,92
201800037577,18,2,8,1915,5,2,1,1.0,6.0,92023,M,4878072.0,223295.0,92
201800037578,18,3,23,1920,5,2,1,1.0,6.0,92023,M,4880171.0,227430.0,92
201800037579,18,3,29,1250,1,2,1,1.0,6.0,92023,M,4878132.0,223868.0,92
201800037580,18,3,29,1530,1,2,1,1.0,6.0,92023,M,4881452.0,225759.0,92
201800037581,18,4,7,2200,5,2,1,1.0,3.0,92060,M,4878287.0,226602.0,92
201800037582,18,4,6,810,1,2,1,1.0,6.0,92023,M,4877898.0,223546.0,92
201800037583,18,3,16,1400,1,2,2,1.0,3.0,92023,M,4877940.0,223420.0,92
201800037584,18,4,11,1610,1,2,1,1.0,7.0,92023,M,4879896.0,226805.0,92
201800037585,18,4,18,1935,1,2,1,1.0,2.0,92020,M,4879420.0,227272.0,92
201800037586,18,3,17,1622,1,2,1,4.0,6.0,92060,M,4877951.0,227484.0,92
201800037587,18,4,3,830,1,2,1,1.0,6.0,92060,M,4877573.0,225692.0,92
201800037588,18,4,18,1850,1,2,3,1.0,1.0,92023,M,4880581.0,225747.0,92
201800037589,18,4,12,2155,5,2,2,2.0,3.0,92023,M,4879008.0,226287.0,92
201800037590,18,4,13,845,1,2,1,1.0,3.0,92023,M,4878651.0,225429.0,92
201800037591,18,5,4,755,1,2,1,1.0,3.0,92023,M,4880529.0,226672.0,92
201800037592,18,5,11,1700,1,2,1,1.0,6.0,92060,M,4877762.0,225023.0,92
201800037593,18,5,15,125,5,2,2,1.0,3.0,92023,M,4878646.0,225412.0,92
201800037594,18,5,16,815,1,2,1,1.0,6.0,92023,M,4880298.0,226700.0,92
201800037595,18,4,21,1830,1,2,2,1.0,3.0,92060,M,4878236.0,225890.0,92
201800037596,18,5,16,2130,1,2,1,1.0,2.0,92060,M,4878218.0,225313.0,92
201800037597,18,4,23,1240,1,2,9,1.0,6.0,92023,M,4877851.0,223022.0,92
201800037598,18,4,24,825,1,2,1,1.0,3.0,92023,M,4877836.0,223403.0,92
201800037599,18,4,25,2215,5,2,2,1.0,3.0,92023,M,4881426.0,227813.0,92
201800037600,18,6,11,830,1,2,1,1.0,5.0,92023,M,4878318.0,223832.0,92
201800037601,18,4,21,225,5,2,2,1.0,3.0,92023,M,4877699.0,223101.0,92
201800037602,18,6,20,830,1,2,2,1.0,6.0,92023,M,4877936.0,223407.0,92
201800037603,18,5,5,1440,1,2,2,1.0,3.0,92023,M,4877924.0,222851.0,92
201800037604,18,5,9,915,1,2,1,1.0,6.0,92023,M,4880429.0,226620.0,92
201800037605,18,6,4,1615,1,2,9,1.0,6.0,92023,M,4877824.0,222966.0,92
201800037606,18,6,5,745,1,2,1,2.0,2.0,92023,M,4877903.0,223157.0,92
201800037607,18,5,24,2115,2,2,1,1.0,3.0,92060,M,4878057.0,226220.0,92
201800037608,18,7,4,1815,1,2,1,1.0,6.0,92023,M,4878943.0,225217.0,92
201800037609,18,6,5,1635,1,2,1,1.0,6.0,92060,M,4878154.0,226381.0,92
201800037610,18,6,8,1640,1,2,1,1.0,1.0,92023,M,4879242.0,226842.0,92
201800037611,18,6,27,1545,1,2,1,1.0,2.0,92023,M,4878846.0,224982.0,92
201800037612,18,7,7,1550,1,2,1,1.0,2.0,92060,M,4878091.0,226236.0,92
201800037613,18,6,22,1810,1,2,1,1.0,3.0,92060,M,4877673.0,225697.0,92
201800037614,18,7,10,1945,1,2,2,1.0,2.0,92023,M,4879010.0,226292.0,92
201800037615,18,7,20,100,5,2,2,1.0,3.0,92060,M,4878215.0,225291.0,92
201800037616,18,7,21,1540,1,2,2,1.0,3.0,92023,M,4881338.0,226704.0,92
201800037617,18,7,25,2310,5,2,1,1.0,3.0,92023,M,4878486.0,224973.0,92
201800037618,18,7,26,1150,1,2,1,1.0,6.0,92023,M,4880475.0,226797.0,92
201800037619,18,7,27,1600,1,2,2,1.0,3.0,92060,M,4878227.0,225311.0,92
201800037620,18,7,30,1750,1,2,1,1.0,6.0,92023,M,4877903.0,223136.0,92
201800037621,18,6,30,230,5,2,9,1.0,2.0,92023,M,4880492.0,226879.0,92
201800037622,18,6,13,1810,1,2,4,1.0,6.0,92023,M,4878026.0,222846.0,92
201800037623,18,7,31,1255,1,2,1,1.0,6.0,92023,M,4879862.0,226486.0,92
201800037624,18,6,30,730,1,2,4,1.0,5.0,92023,M,4878870.0,225888.0,92
201800037625,18,8,2,2040,1,2,2,1.0,2.0,92060,M,4877763.0,225880.0,92
201800037626,18,8,3,2135,5,2,2,1.0,3.0,92060,M,4878222.0,225311.0,92
201800037627,18,6,29,935,1,2,1,1.0,3.0,92023,M,4877740.0,223136.0,92
201800037628,18,6,29,1005,1,2,1,1.0,6.0,92060,M,4878194.0,225273.0,92
201800037629,18,8,10,1825,1,2,2,1.0,6.0,92023,M,4880180.0,226590.0,92
201800037630,18,9,9,1020,1,2,1,1.0,6.0,92060,M,4877699.0,225754.0,92
201800037631,18,9,7,1655,1,2,1,1.0,3.0,92023,M,4878882.0,226649.0,92
201800037632,18,9,10,340,5,2,2,1.0,3.0,92023,M,4878344.0,224665.0,92
201800037633,18,9,11,1248,1,2,1,1.0,2.0,92023,M,4880533.0,225920.0,92
201800037634,18,7,3,905,1,2,3,1.0,3.0,92023,M,4881226.0,226194.0,92
201800037635,18,7,4,645,1,2,2,1.0,3.0,92060,M,4878216.0,225304.0,92
201800037636,18,7,6,1105,1,2,1,1.0,6.0,92023,M,4880034.0,226443.0,92
201800037637,18,7,28,1430,1,2,1,1.0,2.0,92023,M,4880699.0,225884.0,92
201800037638,18,7,29,150,5,2,1,1.0,6.0,92023,M,4878648.0,225417.0,92
201800037639,18,7,29,2120,2,2,2,1.0,3.0,92023,M,4878633.0,225379.0,92
201800037640,18,9,17,922,1,2,1,1.0,3.0,92023,M,4881382.0,225788.0,92
201800037641,18,9,22,1440,1,2,1,2.0,3.0,92023,M,4878253.0,222857.0,92
201800037642,18,9,26,1730,1,2,2,1.0,3.0,92023,M,4878531.0,225128.0,92
201800037643,18,9,26,1340,1,2,1,1.0,6.0,92023,M,4877927.0,223206.0,92
201800037644,18,9,30,1845,5,2,9,1.0,2.0,92023,M,4880533.0,225924.0,92
201800037645,18,10,10,2140,5,2,2,1.0,3.0,92023,M,4878638.0,225406.0,92
201800037646,18,10,11,1127,1,2,2,1.0,6.0,92023,M,4880348.0,226684.0,92
201800037647,18,10,25,835,1,2,1,1.0,6.0,92023,M,4878427.0,224519.0,92
201800037648,18,10,26,732,2,2,3,1.0,3.0,92023,M,4478046.0,223903.0,92
201800037649,18,11,5,1642,1,2,1,1.0,6.0,92023,M,4881502.0,225788.0,92
201800037650,18,11,8,1705,2,2,3,1.0,3.0,92023,M,4880835.0,225869.0,92
201800037651,18,11,8,2020,5,2,6,1.0,3.0,92023,M,4878969.0,225274.0,92
201800037652,18,11,9,1800,5,2,1,1.0,5.0,92060,M,4877667.0,224988.0,92
201800037653,18,11,9,1640,1,2,4,1.0,1.0,92023,M,4878531.0,224631.0,92
201800037654,18,11,19,1535,1,2,1,1.0,6.0,92023,M,4879261.0,225254.0,92
201800037655,18,11,29,1725,2,2,1,1.0,3.0,92060,M,4877367.0,224484.0,92
201800037656,18,12,2,2025,5,2,2,1.0,2.0,92023,M,4878671.0,224526.0,92
201800037657,18,12,3,1530,1,2,2,2.0,6.0,92023,M,4880933.0,227198.0,92
201800037658,18,12,5,2110,5,1,1,1.0,3.0,92023,M,4880509.0,227204.0,92
201800037659,18,12,7,1645,2,2,3,2.0,3.0,92023,M,4878447.0,225218.0,92
201800037660,18,12,12,705,5,2,1,1.0,6.0,92023,M,4878644.0,225408.0,92
201800037661,18,12,13,1357,1,2,1,1.0,2.0,92023,M,4877877.0,223521.0,92
201800037662,18,12,16,500,3,2,1,5.0,6.0,92060,M,4877762.0,225017.0,92
201800037663,18,12,21,1714,5,2,2,1.0,1.0,92023,M,4878642.0,225400.0,92
201800037664,18,12,27,1908,5,2,2,1.0,3.0,92023,M,4877800.0,222943.0,92
201800037665,18,12,27,2008,5,2,6,1.0,3.0,92023,M,4880337.0,225730.0,92
201800037666,18,12,29,1700,2,2,3,1.0,3.0,92023,M,4879039.0,225545.0,92
201800037667,18,1,5,1325,1,2,1,1.0,3.0,92024,M,4890330.0,231363.0,92
201800037668,18,1,8,1710,1,2,1,1.0,3.0,92024,M,4890027.0,231498.0,92
201800037669,18,1,18,1252,1,2,1,1.0,2.0,92024,M,4890097.0,230524.0,92
201800037670,18,1,21,1450,1,2,1,1.0,3.0,92024,M,4890626.0,230909.0,92
201800037671,18,1,23,1430,1,2,2,1.0,6.0,92024,M,4890346.0,230581.0,92
201800037672,18,1,30,1330,1,2,3,1.0,6.0,92024,M,4890301.0,231870.0,92
201800037673,18,3,7,1435,1,2,2,1.0,6.0,92024,M,4889951.0,230490.0,92
201800037674,18,3,7,1830,1,2,3,1.0,6.0,92024,M,4890185.0,231718.0,92
201800037675,18,3,8,1510,1,2,1,2.0,6.0,92024,M,4889862.0,231047.0,92
201800037676,18,3,8,2145,5,2,2,2.0,6.0,92024,M,4889948.0,230684.0,92
201800037677,18,3,10,425,5,2,3,1.0,3.0,92024,M,4889899.0,229642.0,92
201800037678,18,3,11,2210,5,2,2,1.0,3.0,92024,M,4890106.0,230819.0,92
201800037679,18,3,12,1800,1,2,6,1.0,3.0,92024,M,4890306.0,228884.0,92
201800037680,18,3,31,1615,1,2,1,1.0,3.0,92024,M,4889980.0,230836.0,92
201800037681,18,4,4,1320,1,2,2,1.0,3.0,92024,M,4890766.0,229881.0,92
201800037682,18,4,5,730,1,2,1,1.0,7.0,92024,M,4890128.0,229388.0,92
201800037683,18,4,19,1550,1,2,1,1.0,6.0,92024,M,4890539.0,231316.0,92
201800037684,18,4,21,2310,5,2,3,1.0,1.0,92024,M,4890780.0,230161.0,92
201800037685,18,4,24,2030,1,2,1,1.0,6.0,92024,M,4890435.0,230522.0,92
201800037686,18,4,26,200,5,2,3,1.0,3.0,92024,M,4890602.0,229633.0,92
201800037687,18,4,27,1440,1,2,4,1.0,3.0,92024,M,4890081.0,229266.0,92
201800037688,18,4,28,1230,1,2,6,1.0,4.0,92024,M,4890322.0,228989.0,92
201800037689,18,4,7,1150,1,2,1,1.0,3.0,92024,M,4890199.0,230909.0,92
201800037690,18,4,10,835,1,2,2,1.0,4.0,92024,M,4890077.0,230831.0,92
201800037691,18,4,14,950,1,2,1,1.0,3.0,92024,M,4890426.0,229685.0,92
201800037692,18,7,17,1935,1,2,1,1.0,2.0,92024,M,4890275.0,231216.0,92
201800037693,18,7,16,2330,5,2,4,1.0,5.0,92024,M,4890459.0,231311.0,92
201800037694,18,5,1,1650,1,2,2,1.0,3.0,92024,M,4890531.0,230883.0,92
201800037695,18,5,2,2125,5,2,2,2.0,3.0,92024,M,4890083.0,231546.0,92
201800037696,18,5,4,840,1,2,3,1.0,3.0,92024,M,4889915.0,231284.0,92
201800037697,18,7,23,1340,1,2,2,1.0,3.0,92024,M,4890232.0,230424.0,92
201800037698,18,7,23,1925,1,2,1,1.0,6.0,92024,M,4890850.0,230515.0,92
201800037699,18,5,15,140,5,2,1,1.0,7.0,92024,M,4890250.0,230709.0,92
201800037700,18,5,17,1730,1,2,1,1.0,3.0,92024,M,4890023.0,230886.0,92
201800037701,18,5,23,1800,1,2,1,1.0,6.0,92024,M,4890621.0,230144.0,92
201800037702,18,7,28,2225,5,2,4,1.0,1.0,92024,M,4891245.0,231422.0,92
201800037703,18,7,29,810,1,2,2,1.0,2.0,92024,M,4890576.0,230383.0,92
201800037704,18,5,25,1940,2,2,1,1.0,4.0,92024,M,4890237.0,230699.0,92
201800037705,18,5,26,610,2,2,1,1.0,6.0,92024,M,4889857.0,231017.0,92
201800037706,18,5,30,1818,1,2,3,1.0,3.0,92024,M,4891246.0,231186.0,92
201800037707,18,5,31,1015,1,2,3,1.0,3.0,92024,M,4889702.0,230893.0,92
201800037708,18,8,6,1915,1,2,3,1.0,6.0,92024,M,4886272.0,228759.0,92
201800037709,18,8,6,1750,1,2,1,1.0,6.0,92024,M,4885661.0,235221.0,92
201800037710,18,8,7,1710,1,2,1,1.0,1.0,92024,M,4886272.0,228759.0,92
201800037711,18,8,14,1645,1,2,1,1.0,3.0,92024,M,4886272.0,228759.0,92
201800037712,18,8,22,1940,1,2,1,1.0,6.0,92024,M,4886272.0,228759.0,92
201800037713,18,8,24,825,1,2,3,1.0,3.0,92024,M,4886272.0,228759.0,92
201800037714,18,6,6,1210,1,2,2,1.0,3.0,92024,M,4890766.0,229881.0,92
201800037715,18,6,9,1530,1,2,1,1.0,6.0,92024,M,4890139.0,230646.0,92
201800037716,18,6,10,1855,1,2,2,1.0,3.0,92024,M,4890122.0,230506.0,92
201800037717,18,6,15,1830,1,2,1,1.0,3.0,92024,M,4890307.0,228883.0,92
201800037718,18,6,18,1800,1,2,1,1.0,6.0,92024,M,4890146.0,230326.0,92
201800037719,18,6,27,830,1,2,1,1.0,2.0,92024,M,4890104.0,231968.0,92
201800037720,18,8,27,940,1,2,1,1.0,3.0,92024,M,4890399.0,229166.0,92
201800037721,18,8,28,1550,1,2,2,1.0,2.0,92024,M,4890436.0,230455.0,92
201800037722,18,9,2,1750,1,2,5,1.0,6.0,92024,M,4890484.0,230627.0,92
201800037723,18,9,3,1040,1,2,1,1.0,7.0,92024,M,4890104.0,231969.0,92
201800037724,18,9,8,1125,1,2,1,1.0,3.0,92024,M,4890531.0,230442.0,92
201800037725,18,9,13,154,5,2,3,1.0,2.0,92024,M,4890232.0,230424.0,92
201800037726,18,9,13,1850,1,2,4,1.0,3.0,92024,M,4890174.0,229148.0,92
201800037727,18,9,13,1541,1,2,3,1.0,3.0,92024,M,4890157.0,231668.0,92
201800037728,18,9,18,1220,1,2,1,1.0,3.0,92024,M,4890189.0,230736.0,92
201800037729,18,10,7,1130,1,2,1,1.0,7.0,92024,M,4889544.0,230599.0,92
201800037730,18,10,9,1145,1,2,1,1.0,6.0,92024,M,4889821.0,230175.0,92
201800037731,18,10,10,1500,1,2,2,1.0,6.0,92024,M,4889995.0,230588.0,92
201800037732,18,10,11,1840,2,2,1,1.0,6.0,92024,M,4888267.0,233548.0,92
201800037733,18,10,11,2015,5,2,2,1.0,3.0,92024,M,4886272.0,228759.0,92
201800037734,18,10,19,1400,1,2,6,1.0,3.0,92024,M,4891043.0,230510.0,92
201800037735,18,10,23,2320,5,2,2,1.0,6.0,92024,M,4886272.0,228759.0,92
201800037736,18,10,26,1950,5,2,3,1.0,6.0,92024,M,4890132.0,231558.0,92
201800037737,18,10,27,1730,2,2,3,1.0,3.0,92024,M,4889840.0,230212.0,92
201800037738,18,10,29,1410,1,2,1,1.0,2.0,92024,M,4889767.0,230329.0,92
201800037739,18,10,30,1025,1,2,1,1.0,6.0,92024,M,4891171.0,231100.0,92
201800037740,18,11,7,1345,1,2,1,1.0,6.0,92024,M,4886272.0,228759.0,92
201800037741,18,11,7,1550,1,2,1,1.0,6.0,92024,M,4891305.0,231095.0,92
201800037742,18,11,7,1655,2,2,1,1.0,6.0,92024,M,4890854.0,230253.0,92
201800037743,18,11,14,1230,1,2,1,1.0,3.0,92024,M,4889920.0,230333.0,92
201800037744,18,11,16,1735,5,2,3,1.0,2.0,92024,M,4891246.0,231186.0,92
201800037745,18,11,19,1645,1,2,1,1.0,6.0,92024,M,4890511.0,231309.0,92
201800037746,18,11,19,2110,5,2,1,2.0,3.0,92024,M,4890211.0,229567.0,92
201800037747,18,11,22,1156,1,2,1,1.0,6.0,92024,M,4890217.0,231402.0,92
201800037748,18,11,26,1930,5,2,1,1.0,6.0,92024,M,4889727.0,230840.0,92
201800037749,18,11,30,2145,5,2,3,1.0,3.0,92024,M,4889920.0,230949.0,92
201800037750,18,12,3,940,1,2,3,2.0,3.0,92024,M,4890709.0,231657.0,92
201800037751,18,12,6,2030,4,2,1,1.0,6.0,92024,M,4890174.0,229147.0,92
201800037752,18,12,22,1630,1,2,3,2.0,6.0,92024,M,4890280.0,231874.0,92
201800037753,18,12,26,1120,1,2,2,1.0,2.0,92024,M,4890950.0,230481.0,92
201800037754,18,1,1,700,5,2,1,1.0,3.0,92025,M,4893090.0,222400.0,92
201800037755,18,1,3,1400,1,2,2,1.0,6.0,92025,M,4872941.0,224696.0,92
201800037756,18,1,3,2125,5,2,2,1.0,6.0,92025,M,4892214.0,224156.0,92
201800037757,18,1,5,930,1,2,2,1.0,6.0,92025,M,4892354.0,225973.0,92
201800037758,18,1,7,1730,2,2,1,1.0,3.0,92025,M,4893050.0,224440.0,92