Num_Acc,an,mois,jour,hrmn,lum,agg,int,atm,col,com,gps,lat,long,dep
201800037759,18,1,19,1840,1,2,1,2.0,2.0,92025,M,4892000.0,222000.0,92
201800037760,18,1,24,915,1,2,1,1.0,6.0,92025,M,4892935.0,225462.0,92
201800037761,18,1,30,1710,1,2,2,1.0,6.0,92025,M,4891000.0,222580.0,92
201800037762,18,2,1,945,1,2,3,1.0,6.0,92025,M,,,92
201800037763,18,2,1,2030,5,2,1,1.0,1.0,92025,M,4892000.0,223100.0,92
201800037764,18,2,3,1715,1,2,2,1.0,3.0,92025,M,4893071.0,254427.0,92
201800037765,18,2,5,904,1,2,1,2.0,6.0,92025,M,4891000.0,223100.0,92
201800037766,18,2,6,1035,1,2,1,4.0,6.0,92025,M,,,92
201800037767,18,2,6,1130,1,2,1,4.0,6.0,92025,M,4891000.0,222000.0,92
201800037768,18,2,8,1835,1,2,2,1.0,6.0,92025,M,4892270.0,224977.0,92
201800037769,18,2,11,1305,1,2,1,1.0,3.0,92025,M,4891830.0,223930.0,92
201800037770,18,2,13,1650,1,2,2,1.0,6.0,92025,M,4891840.0,226762.0,92
201800037771,18,2,19,1300,1,2,2,1.0,3.0,92025,M,4891000.0,222580.0,92
201800037772,18,2,21,950,1,2,2,1.0,3.0,92025,M,4891800.0,222398.0,92
201800037773,18,2,23,25,5,2,1,1.0,6.0,92025,M,4891000.0,224977.0,92
201800037774,18,2,26,900,1,2,2,1.0,6.0,92025,M,4892080.0,226300.0,92
201800037775,18,2,27,2000,5,2,1,1.0,3.0,92025,M,4891830.0,226300.0,92
201800037776,18,2,28,2210,5,2,2,1.0,1.0,92025,M,4891830.0,222580.0,92
201800037777,18,3,7,945,1,2,1,1.0,6.0,92025,M,4892440.0,225933.0,92
201800037778,18,3,8,1745,1,2,1,1.0,6.0,92025,M,4892680.0,227396.0,92
201800037779,18,3,13,2020,5,2,1,1.0,2.0,92025,M,4892080.0,223930.0,92
201800037780,18,3,13,2320,5,2,1,1.0,3.0,92025,M,4891000.0,223100.0,92
201800037781,18,3,15,1030,1,2,1,2.0,6.0,92025,M,4891000.0,223100.0,92
201800037782,18,3,16,2023,5,2,2,1.0,1.0,92025,M,4891000.0,223100.0,92
201800037783,18,3,22,1730,1,2,2,1.0,3.0,92025,M,4892080.0,226300.0,92
201800037784,18,3,23,1530,1,2,2,1.0,3.0,92025,M,4892080.0,226300.0,92
201800037785,18,3,26,1555,1,2,1,1.0,1.0,92025,M,4892080.0,224977.0,92
201800037786,18,3,31,1007,1,2,1,1.0,6.0,92025,M,4892080.0,224977.0,92
201800037787,18,4,6,850,1,2,1,1.0,3.0,92025,M,4892440.0,225933.0,92
201800037788,18,4,7,1315,1,2,2,1.0,3.0,92025,M,4892440.0,225933.0,92
201800037789,18,4,8,1513,1,2,1,1.0,1.0,92025,M,4892080.0,226300.0,92
201800037790,18,4,8,1700,1,2,2,1.0,1.0,92025,M,4892270.0,224977.0,92
201800037791,18,4,8,1150,1,2,1,1.0,6.0,92025,M,4892080.0,222580.0,92
201800037792,18,4,22,1910,1,2,1,1.0,1.0,92025,M,4892440.0,222000.0,92
201800037793,18,4,24,920,1,2,1,1.0,1.0,92025,M,4892440.0,223930.0,92
201800037794,18,4,30,1755,1,2,1,2.0,6.0,92025,M,4892000.0,222380.0,92
201800037795,18,5,2,1325,1,2,1,1.0,6.0,92025,M,4892440.0,223930.0,92
201800037796,18,5,5,1410,1,2,2,1.0,1.0,92025,M,4891830.0,226300.0,92
201800037797,18,5,5,2000,1,2,2,1.0,1.0,92025,M,4892440.0,222000.0,92
201800037798,18,5,8,1215,1,2,1,1.0,1.0,92025,M,4892440.0,222690.0,92
201800037799,18,5,8,1950,1,2,1,1.0,2.0,92025,M,4892440.0,225933.0,92
201800037800,18,5,18,1717,1,2,1,1.0,6.0,92025,M,4892440.0,223930.0,92
201800037801,18,5,18,2315,5,2,2,1.0,3.0,92025,M,4891000.0,225933.0,92
201800037802,18,5,19,1630,1,2,1,1.0,6.0,92025,M,4892080.0,225933.0,92
201800037803,18,5,21,100,5,2,2,1.0,1.0,92025,M,4892440.0,225933.0,92
201800037804,18,5,23,1316,1,2,2,1.0,6.0,92025,M,4892440.0,226300.0,92
201800037805,18,5,25,1537,1,2,1,1.0,6.0,92025,M,4856800.0,256400.0,92
201800037806,18,5,31,1810,1,2,1,1.0,3.0,92025,M,4892080.0,222000.0,92
201800037807,18,6,5,1000,1,2,1,1.0,6.0,92025,M,4892440.0,222000.0,92
201800037808,18,6,4,1730,1,2,2,1.0,1.0,92025,M,4892440.0,222000.0,92
201800037809,18,6,5,1745,1,2,2,1.0,1.0,92025,M,4892440.0,225933.0,92
201800037810,18,6,9,1355,1,2,2,1.0,1.0,92025,M,4892440.0,224977.0,92
201800037811,18,6,18,1120,1,2,1,1.0,1.0,92025,M,4892440.0,225933.0,92
201800037812,18,6,24,1420,1,2,1,1.0,1.0,92025,M,4892440.0,222000.0,92
201800037813,18,6,25,1249,1,2,1,1.0,4.0,92025,M,4892440.0,226300.0,92
201800037814,18,6,25,1430,1,2,1,1.0,1.0,92025,M,4892080.0,225933.0,92
201800037815,18,6,25,1720,1,2,2,1.0,1.0,92025,M,4892440.0,225933.0,92
201800037816,18,6,25,2300,5,2,1,1.0,1.0,92025,M,4891830.0,222000.0,92
201800037817,18,6,27,1700,1,2,1,1.0,2.0,92025,M,4891000.0,222000.0,92
201800037818,18,6,27,1815,1,2,2,1.0,3.0,92025,M,4891000.0,226300.0,92
201800037819,18,6,27,1930,1,2,1,1.0,1.0,92025,M,4892440.0,226300.0,92
201800037820,18,6,29,825,1,1,2,1.0,1.0,92025,M,4892440.0,222000.0,92
201800037821,18,6,29,1550,1,2,1,1.0,2.0,92025,M,4892440.0,222000.0,92
201800037822,18,6,29,1800,1,2,1,1.0,1.0,92025,M,4891000.0,222000.0,92
201800037823,18,6,30,2100,1,2,1,1.0,4.0,92025,M,4891000.0,225933.0,92
201800037824,18,6,28,2300,5,2,1,1.0,3.0,92025,M,4891000.0,226300.0,92
201800037825,18,7,4,1325,1,2,1,1.0,3.0,92025,M,4892440.0,222000.0,92
201800037826,18,7,6,1400,1,2,1,1.0,6.0,92025,M,,,92
201800037827,18,7,7,15,5,2,1,1.0,1.0,92025,M,,,92
201800037828,18,7,9,1730,1,2,1,1.0,6.0,92025,M,,,92
201800037829,18,7,11,1000,1,2,1,1.0,6.0,92025,M,,,92
201800037830,18,7,17,1300,1,2,1,1.0,1.0,92025,M,,,92
201800037831,18,7,20,725,1,2,1,1.0,1.0,92025,M,,,92
201800037832,18,7,22,118,5,2,1,1.0,1.0,92025,M,4892307.0,225627.0,92
201800037833,18,7,22,630,2,2,1,1.0,3.0,92025,M,,,92
201800037834,18,7,26,900,1,2,1,1.0,6.0,92025,M,,,92
201800037835,18,7,24,1600,1,2,1,1.0,3.0,92025,M,,,92
201800037836,18,7,31,1845,1,2,1,1.0,3.0,92025,M,4892440.0,226300.0,92
201800037837,18,8,1,1214,1,2,1,1.0,2.0,92025,M,4891000.0,226300.0,92
201800037838,18,8,17,940,1,2,9,1.0,6.0,92025,M,4865500.0,223100.0,92
201800037839,18,8,24,1945,1,2,2,1.0,3.0,92025,M,4892440.0,226300.0,92
201800037840,18,8,29,2000,1,2,2,1.0,6.0,92025,M,4891830.0,222000.0,92
201800037841,18,8,30,915,1,2,1,1.0,3.0,92025,M,4892440.0,226300.0,92
201800037842,18,8,31,830,1,2,1,,3.0,92025,M,4891000.0,226300.0,92
201800037843,18,9,3,630,2,2,1,1.0,1.0,92025,M,4891000.0,226300.0,92
201800037844,18,8,31,1355,1,2,2,1.0,3.0,92025,M,4892440.0,222000.0,92
201800037845,18,9,7,1330,1,2,1,1.0,6.0,92025,M,4892440.0,226300.0,92
201800037846,18,9,7,2005,2,2,1,1.0,6.0,92025,M,4892440.0,222000.0,92
201800037847,18,9,11,1320,1,2,1,1.0,6.0,92025,M,4892440.0,222000.0,92
201800037848,18,9,12,1650,1,2,1,,3.0,92025,M,4892440.0,222000.0,92
201800037849,18,9,24,835,1,2,1,1.0,5.0,92025,M,4892440.0,222000.0,92
201800037850,18,9,28,710,5,2,1,1.0,6.0,92025,M,4891000.0,226300.0,92
201800037851,18,9,30,2025,5,2,1,1.0,6.0,92025,M,4891000.0,222000.0,92
201800037852,18,10,3,835,1,2,1,2.0,6.0,92025,M,4891000.0,226300.0,92
201800037853,18,10,3,2000,5,2,1,1.0,1.0,92025,M,4891000.0,222000.0,92
201800037854,18,10,3,2340,5,2,2,1.0,5.0,92025,M,4891000.0,226300.0,92
201800037855,18,10,5,745,1,2,1,1.0,3.0,92025,M,4892440.0,226300.0,92
201800037856,18,10,6,830,1,2,1,1.0,3.0,92025,M,4892440.0,226300.0,92
201800037857,18,10,7,1710,1,2,1,1.0,3.0,92025,M,4891000.0,222000.0,92
201800037858,18,10,11,1545,1,2,1,1.0,3.0,92025,M,4891000.0,226300.0,92
201800037859,18,10,12,1025,1,2,1,1.0,6.0,92025,M,4892440.0,226300.0,92
201800037860,18,10,12,2205,5,2,1,1.0,6.0,92025,M,4892440.0,226300.0,92
201800037861,18,10,19,1956,2,1,1,1.0,6.0,92025,M,4892440.0,222000.0,92
201800037862,18,10,20,1800,2,2,1,1.0,6.0,92025,M,4891000.0,222000.0,92
201800037863,18,10,22,2000,5,2,2,1.0,6.0,92025,M,4832500.0,221880.0,92
201800037864,18,10,25,1300,1,2,1,1.0,1.0,92025,M,4831300.0,226970.0,92
201800037865,18,10,27,1015,1,2,2,1.0,3.0,92025,M,,,92
201800037866,18,11,4,1700,1,2,1,1.0,6.0,92025,M,4891000.0,226300.0,92
201800037867,18,11,8,1145,1,2,1,1.0,2.0,92025,M,4892440.0,226300.0,92
201800037868,18,11,9,2030,5,2,2,1.0,1.0,92025,M,4892440.0,226300.0,92
201800037869,18,11,18,1245,1,2,2,1.0,6.0,92025,M,4832500.0,226970.0,92
201800037870,18,11,20,2014,5,2,1,2.0,2.0,92025,M,4892440.0,222000.0,92
201800037871,18,11,22,1930,1,2,1,1.0,1.0,92025,M,4892440.0,222000.0,92
201800037872,18,11,25,1010,1,2,1,2.0,6.0,92025,M,4892440.0,226300.0,92
201800037873,18,11,23,1320,1,2,2,1.0,3.0,92025,M,4892440.0,222000.0,92
201800037874,18,11,27,2350,5,2,1,1.0,6.0,92025,M,4891000.0,222000.0,92
201800037875,18,11,28,1015,1,2,1,1.0,1.0,92025,M,4891000.0,226300.0,92
201800037876,18,11,30,812,2,2,3,1.0,3.0,92025,M,4891000.0,222000.0,92
201800037877,18,12,2,1245,1,2,2,1.0,1.0,92025,M,4891830.0,222000.0,92
201800037878,18,12,6,800,1,2,1,1.0,6.0,92025,M,4891000.0,222000.0,92
201800037879,18,12,7,2350,5,2,1,1.0,3.0,92025,M,4832500.0,221880.0,92
201800037880,18,12,11,820,1,2,2,1.0,3.0,92025,M,4892440.0,225933.0,92
201800037881,18,12,11,1625,1,2,1,1.0,1.0,92025,M,4891000.0,226300.0,92
201800037882,18,12,16,1500,1,2,1,1.0,2.0,92025,M,4891000.0,225933.0,92
201800037883,18,12,28,810,1,2,1,1.0,6.0,92025,M,4892440.0,222000.0,92
201800037884,18,1,3,1925,5,2,1,1.0,2.0,92026,M,4889657.0,225216.0,92
201800037885,18,1,5,1740,5,2,2,1.0,6.0,92026,M,4890300.0,226000.0,92
201800037886,18,1,27,1446,1,2,1,8.0,3.0,92026,M,4889175.0,225411.0,92
201800037887,18,2,3,1345,1,2,1,1.0,2.0,92026,M,4890000.0,225000.0,92
201800037888,18,2,4,720,5,2,6,1.0,6.0,92026,M,4889249.0,225347.0,92
201800037889,18,2,5,834,1,2,1,1.0,6.0,92026,M,4890402.0,225434.0,92
201800037890,18,2,10,1355,1,2,7,1.0,2.0,92026,M,4990345.0,226811.0,92
201800037891,18,1,14,1610,1,2,1,1.0,3.0,92026,M,4890301.0,225813.0,92
201800037892,18,12,31,925,1,2,1,8.0,2.0,92026,M,4889827.0,225503.0,92
201800037893,18,2,22,1645,1,2,1,7.0,6.0,92026,M,4889676.0,224869.0,92
201800037894,18,3,1,840,2,2,3,4.0,3.0,92026,M,,,92
201800037895,18,3,6,800,1,2,1,1.0,6.0,92026,M,,,92
201800037896,18,3,7,825,1,2,1,2.0,3.0,92026,M,4889739.0,226176.0,92
201800037897,18,3,11,2120,5,2,1,1.0,1.0,92026,M,4889741.0,225651.0,92
201800037898,18,3,12,930,1,2,3,8.0,3.0,92026,M,,,92
201800037899,18,3,15,1815,1,2,1,3.0,3.0,92026,M,4889934.0,225769.0,92
201800037900,18,3,24,1150,1,2,1,1.0,3.0,92026,M,4890225.0,223940.0,92
201800037901,18,3,26,1035,1,2,1,1.0,3.0,92026,M,4890302.0,225811.0,92
201800037902,18,3,27,1010,1,2,1,2.0,6.0,92026,M,,,92
201800037903,18,4,1,1950,2,2,1,1.0,6.0,92026,M,4890016.0,226148.0,92
201800037904,18,4,10,2110,5,2,3,1.0,3.0,92026,M,,,92
201800037905,18,4,12,1850,1,2,1,2.0,3.0,92026,M,4890155.0,225152.0,92
201800037906,18,4,18,1730,1,2,1,1.0,3.0,92026,M,4889365.0,224870.0,92
201800037907,18,4,20,1625,1,2,1,1.0,3.0,92026,M,4889818.0,225805.0,92
201800037908,18,4,21,1520,1,2,1,1.0,3.0,92026,M,4889871.0,226236.0,92
201800037909,18,3,8,930,1,2,1,1.0,3.0,92026,M,4890288.0,227227.0,92
201800037910,18,4,29,2225,5,2,1,2.0,6.0,92026,M,4898770.0,224009.0,92
201800037911,18,5,2,1145,1,2,1,1.0,2.0,92026,M,4889912.0,224015.0,92
201800037912,18,5,2,1300,1,2,1,1.0,6.0,92026,M,4890300.0,226729.0,92
201800037913,18,5,6,1030,1,2,1,1.0,3.0,92026,M,4889648.0,225239.0,92
201800037914,18,5,7,1850,1,2,1,1.0,3.0,92026,M,4890043.0,226092.0,92
201800037915,18,5,17,1255,1,2,6,1.0,3.0,92026,M,4890253.0,227470.0,92
201800037916,18,5,18,1310,1,2,1,1.0,3.0,92026,M,4888783.0,225296.0,92
201800037917,18,5,19,1400,1,2,1,1.0,2.0,92026,M,4890000.0,227000.0,92
201800037918,18,5,27,1125,1,2,3,1.0,3.0,92026,M,4890090.0,227485.0,92
201800037919,18,5,28,1000,1,2,2,1.0,3.0,92026,M,,,92
201800037920,18,5,30,2110,2,2,1,1.0,3.0,92026,M,4889359.0,225658.0,92
201800037921,18,5,31,2140,5,2,1,1.0,2.0,92026,M,4889000.0,225000.0,92
201800037922,18,6,7,1915,1,2,9,1.0,3.0,92026,M,4889572.0,225673.0,92
201800037923,18,6,8,1700,1,2,3,1.0,3.0,92026,M,4890217.0,223936.0,92
201800037924,18,6,8,2042,1,2,9,1.0,6.0,92026,M,4898481.0,225179.0,92
201800037925,18,6,11,1011,1,2,2,2.0,3.0,92026,M,4890010.0,226568.0,92
201800037926,18,6,11,1840,1,2,1,3.0,3.0,92026,M,4889000.0,226000.0,92
201800037927,18,6,12,802,1,2,3,3.0,3.0,92026,M,4890410.0,226060.0,92
201800037928,18,6,15,1400,1,2,9,1.0,6.0,92026,M,4890192.0,224382.0,92
201800037929,18,6,18,1645,1,2,1,1.0,5.0,92026,M,4889675.0,226474.0,92
201800037930,18,6,22,1920,1,2,1,1.0,6.0,92026,M,4889988.0,225642.0,92
201800037931,18,6,24,1625,1,2,1,1.0,6.0,92026,M,4890727.0,227692.0,92
201800037932,18,6,29,1908,1,2,1,1.0,3.0,92026,M,4889000.0,225000.0,92
201800037933,18,6,30,1815,1,2,1,1.0,6.0,92026,M,4889000.0,225000.0,92
201800037934,18,7,5,1452,1,2,1,1.0,2.0,92026,M,4890443.0,226069.0,92
201800037935,18,7,5,1805,1,2,1,1.0,1.0,92026,M,4889904.0,226162.0,92
201800037936,18,7,9,800,2,2,1,7.0,6.0,92026,M,4890000.0,225000.0,92
201800037937,18,7,11,445,2,2,1,1.0,4.0,92026,M,4890026.0,227412.0,92
201800037938,18,7,12,2028,1,2,2,1.0,5.0,92026,M,4889779.0,22400.0,92
201800037939,18,6,30,1830,1,2,1,1.0,5.0,92026,M,4889278.0,225942.0,92
201800037940,18,7,12,1930,1,2,1,1.0,6.0,92026,M,4889735.0,223903.0,92
201800037941,18,7,20,1700,1,2,1,1.0,2.0,92026,M,4886667.0,233333.0,92
201800037942,18,7,22,1800,1,2,2,1.0,3.0,92026,M,4892568.0,221584.0,92
201800037943,18,8,2,1310,1,2,9,1.0,6.0,92026,M,4890518.0,225627.0,92
201800037944,18,8,6,1230,1,2,1,1.0,4.0,92026,M,4888777.0,225245.0,92
201800037945,18,8,19,1200,1,2,4,1.0,3.0,92026,M,4880000.0,224000.0,92
201800037946,18,8,24,915,1,2,2,1.0,3.0,92026,M,4889508.0,224999.0,92
201800037947,18,8,25,310,5,2,2,2.0,3.0,92026,M,4890040.0,226093.0,92
201800037948,18,9,3,2025,5,2,1,1.0,2.0,92026,M,4889921.0,226679.0,92
201800037949,18,7,22,1150,1,2,1,1.0,3.0,92026,M,4889861.0,225660.0,92
201800037950,18,8,1,1840,1,2,1,1.0,2.0,92026,M,4890315.0,225801.0,92
201800037951,18,9,2,1320,1,2,3,1.0,3.0,92026,M,,,92
201800037952,18,9,5,1050,1,2,9,1.0,6.0,92026,M,4889689.0,225509.0,92
201800037953,18,9,6,840,1,2,1,8.0,3.0,92026,M,4889921.0,227127.0,92
201800037954,18,9,11,2200,5,2,1,1.0,1.0,92026,M,4889154.0,225446.0,92
201800037955,18,9,19,1725,1,2,1,1.0,2.0,92026,M,,,92
201800037956,18,9,21,820,1,2,1,3.0,6.0,92026,M,4890421.0,226739.0,92
201800037957,18,9,22,1200,1,2,9,1.0,6.0,92026,M,4890315.0,225644.0,92
201800037958,18,9,22,1745,1,2,1,8.0,6.0,92026,M,4889753.0,224054.0,92
201800037959,18,9,24,1850,1,2,1,1.0,2.0,92026,M,,,92
201800037960,18,9,30,1105,1,1,1,1.0,4.0,92026,M,,,92
201800037961,18,10,4,1733,2,2,1,1.0,5.0,92026,M,4890001.0,226109.0,92
201800037962,18,10,4,2235,5,2,3,1.0,3.0,92026,M,4889009.0,225617.0,92
201800037963,18,10,5,1943,5,2,9,1.0,3.0,92026,M,4889000.0,224000.0,92
201800037964,18,10,6,1037,1,2,6,1.0,3.0,92026,M,,,92
201800037965,18,10,8,745,2,2,1,1.0,3.0,92026,M,4890000.0,220000.0,92
201800037966,18,10,10,849,1,2,4,1.0,3.0,92026,M,4889751.0,226643.0,92
201800037967,18,10,15,1740,1,2,1,1.0,6.0,92026,M,4889977.0,223972.0,92
201800037968,18,10,17,1000,1,2,1,1.0,2.0,92026,M,,,92
201800037969,18,10,18,2200,5,2,2,1.0,3.0,92026,M,4890316.0,225600.0,92
201800037970,18,10,19,2120,4,2,2,1.0,2.0,92026,M,4889100.0,225000.0,92
201800037971,18,10,26,930,1,2,1,8.0,2.0,92026,M,4889806.0,226368.0,92
201800037972,18,10,27,1045,1,2,9,1.0,3.0,92026,M,4889648.0,225229.0,92
201800037973,18,11,6,2100,5,2,4,1.0,6.0,92026,M,4889300.0,224000.0,92
201800037974,18,11,12,1845,5,2,3,1.0,3.0,92026,M,4890131.0,225999.0,92
201800037975,18,11,12,1947,5,2,3,1.0,3.0,92026,M,4889915.0,226651.0,92
201800037976,18,11,20,2110,5,2,1,1.0,2.0,92026,M,4890276.0,228301.0,92
201800037977,18,11,25,1415,1,2,1,2.0,6.0,92026,M,4890349.0,225608.0,92
201800037978,18,11,27,1900,5,2,1,2.0,6.0,92026,M,4889675.0,225431.0,92
201800037979,18,11,29,1700,5,2,1,1.0,2.0,92026,M,,,92
201800037980,18,12,2,2315,5,2,6,2.0,3.0,92026,M,4889000.0,225000.0,92
201800037981,18,12,1,2200,5,2,9,2.0,6.0,92026,M,4889000.0,226000.0,92
201800037982,18,12,9,1400,1,2,1,2.0,3.0,92026,M,4889750.0,226209.0,92
201800037983,18,12,10,1130,1,2,3,2.0,2.0,92026,M,4890000.0,228000.0,92
201800037984,18,12,12,1655,5,2,1,1.0,2.0,92026,M,4890092.0,22757.0,92
201800037985,18,12,14,835,1,2,1,1.0,7.0,92026,M,4890022.0,224157.0,92
201800037986,18,12,14,2220,5,2,3,1.0,3.0,92026,M,4890068.0,227522.0,92
201800037987,18,12,15,1920,5,2,3,2.0,3.0,92026,M,4890000.0,227000.0,92
201800037988,18,12,18,620,5,2,9,1.0,3.0,92026,M,4889680.0,226459.0,92
201800037989,18,12,18,1750,5,2,6,1.0,6.0,92026,M,4890200.0,227400.0,92
201800037990,18,12,23,1934,5,2,3,8.0,6.0,92026,M,4889188.0,225810.0,92
201800037991,18,1,10,645,5,2,1,2.0,7.0,92026,M,4889430.0,223510.0,92
201800037992,18,1,16,1455,1,2,1,1.0,5.0,92062,M,4889320.0,223520.0,92
201800037993,18,2,1,845,1,2,1,1.0,3.0,92026,M,4888900.0,225070.0,92
201800037994,18,2,13,1140,2,2,1,1.0,2.0,92026,M,4888970.0,225000.0,92
201800037995,18,2,22,900,1,2,3,1.0,2.0,92026,M,4889090.0,224760.0,92
201800037996,18,3,9,1830,2,2,1,2.0,6.0,92026,M,4888770.0,225310.0,92
201800037997,18,4,19,715,1,2,2,1.0,3.0,92026,M,4889276.0,224528.0,92
201800037998,18,3,27,1735,1,2,1,2.0,2.0,92062,M,4888701.0,223243.0,92
201800037999,18,5,4,1747,1,2,4,1.0,3.0,92062,M,,,92
201800038000,18,5,10,2309,5,2,9,1.0,3.0,92062,M,,,92
201800038001,18,5,25,1905,5,1,1,1.0,2.0,92062,M,4888980.0,224310.0,92
201800038002,18,6,4,828,1,2,1,8.0,6.0,92026,M,4889147.0,224321.0,92
201800038003,18,6,4,1756,1,2,1,1.0,3.0,92026,M,4888979.0,225015.0,92
201800038004,18,7,17,2045,2,2,1,1.0,6.0,92062,M,4889251.0,223578.0,92
201800038005,18,7,16,9,5,2,1,1.0,6.0,92062,M,4888858.0,223570.0,92
201800038006,18,8,24,915,1,2,1,1.0,7.0,92062,M,4889000.0,223000.0,92
201800038007,18,8,29,20,5,1,1,1.0,7.0,92062,M,4889247.0,223697.0,92
201800038008,18,9,7,944,1,1,1,8.0,3.0,92062,M,4889403.0,223672.0,92
201800038009,18,9,20,2055,5,2,3,1.0,3.0,92026,M,4889049.0,224755.0,92
201800038010,18,10,19,1050,1,2,1,1.0,2.0,92026,M,4889440.0,224407.0,92
201800038011,18,10,30,1638,1,1,1,8.0,3.0,92062,M,4889069.0,223423.0,92
201800038012,18,11,9,1800,5,2,1,1.0,7.0,92062,M,4889000.0,223000.0,92
201800038013,18,12,7,1320,1,1,2,2.0,3.0,92026,M,4889280.0,224520.0,92
201800038014,18,12,8,1105,1,2,1,1.0,1.0,92026,M,4889550.0,223577.0,92
201800038015,18,12,27,2100,5,2,1,8.0,6.0,92026,M,4889183.0,224295.0,92
201800038016,18,12,29,600,5,2,1,1.0,2.0,92026,M,4888977.0,224992.0,92
201800038017,18,1,10,1727,1,2,3,2.0,3.0,92035,M,4893460.0,223934.0,92
201800038018,18,2,1,1630,1,2,6,1.0,3.0,92035,M,4890519.0,225606.0,92
201800038019,18,2,2,1230,1,2,1,1.0,6.0,92035,M,4890236.0,22397.0,92
201800038020,18,3,21,1500,1,2,2,1.0,6.0,92035,M,4891069.0,224592.0,92
201800038021,18,4,3,745,2,2,1,1.0,6.0,92035,M,4890626.0,22488.0,92
201800038022,18,4,10,1120,1,2,1,1.0,7.0,92035,M,4890637.0,224882.0,92
201800038023,18,4,20,1625,1,2,1,1.0,2.0,92035,M,4890670.0,224602.0,92
201800038024,18,4,21,2105,5,2,1,1.0,2.0,92035,M,4891119.0,225555.0,92
201800038025,18,5,3,2030,1,2,2,1.0,3.0,92035,M,4990686.0,223874.0,92
201800038026,18,5,4,1015,1,2,1,1.0,7.0,92035,M,4890675.0,223865.0,92
201800038027,18,5,4,1035,1,2,1,1.0,3.0,92035,M,4891021.0,225501.0,92
201800038028,18,5,15,1940,1,2,1,1.0,2.0,92035,M,4890709.0,22420.0,92
201800038029,18,5,21,2018,1,2,1,2.0,3.0,92035,M,4890609.0,225075.0,92
201800038030,18,5,22,2040,1,2,1,3.0,7.0,92035,M,4891099.0,225481.0,92
201800038031,18,5,30,1300,1,2,9,1.0,3.0,92035,M,4890449.0,22391.0,92
201800038032,18,6,1,2105,5,2,1,2.0,2.0,92035,M,4890615.0,223690.0,92
201800038033,18,6,6,1715,1,2,6,1.0,2.0,92035,M,4890565.0,22559.0,92
201800038034,18,6,13,2100,2,2,2,1.0,3.0,92035,M,4890341.0,225226.0,92
201800038035,18,6,22,38,5,2,1,1.0,6.0,92035,M,4890978.0,225278.0,92
201800038036,18,7,4,1145,1,2,1,1.0,6.0,92035,M,4890663.0,224595.0,92
201800038037,18,7,11,640,1,2,4,1.0,6.0,92035,M,4890678.0,224357.0,92
201800038038,18,7,13,1040,1,2,5,1.0,1.0,92035,M,4891290.0,225753.0,92
201800038039,18,8,3,905,1,2,9,1.0,2.0,92035,M,4890929.0,225526.0,92
201800038040,18,7,31,1133,1,2,1,1.0,6.0,92035,M,4890681.0,224453.0,92
201800038041,18,8,11,2030,1,2,9,1.0,3.0,92035,M,4890450.0,223910.0,92
201800038042,18,8,8,2330,5,2,2,1.0,7.0,92035,M,4891098.0,225479.0,92
201800038043,18,9,10,1220,1,2,3,1.0,3.0,92035,M,4890543.0,223479.0,92
201800038044,18,9,14,1500,1,2,7,1.0,3.0,92035,M,4890670.0,223896.0,92
201800038045,18,9,20,925,1,2,4,1.0,3.0,92035,M,4890603.0,225095.0,92
201800038046,18,9,29,1235,1,2,1,1.0,3.0,92035,M,,,92
201800038047,18,10,10,1720,1,2,3,1.0,3.0,92035,M,4890227.0,223945.0,92
201800038048,18,10,12,2210,3,2,6,1.0,3.0,92035,M,4890554.0,225574.0,92
201800038049,18,10,20,1830,2,2,1,1.0,3.0,92035,M,4890659.0,223818.0,92
201800038050,18,10,25,1400,1,2,3,1.0,2.0,92035,M,4890484.0,22394.0,92
201800038051,18,10,26,1410,1,2,2,1.0,3.0,92035,M,4890668.0,223880.0,92
201800038052,18,10,28,20,4,2,3,1.0,3.0,92035,M,4890432.0,223219.0,92
201800038053,18,11,8,1715,2,2,4,1.0,4.0,92035,M,4890635.0,225558.0,92
201800038054,18,11,12,800,2,2,3,2.0,6.0,92035,M,4890583.0,223597.0,92
201800038055,18,11,16,1727,5,2,3,1.0,2.0,92035,M,4890576.0,22358.0,92
201800038056,18,11,20,835,2,2,6,2.0,3.0,92035,M,4890524.0,225575.0,92
201800038057,18,11,23,2339,5,2,1,3.0,6.0,92035,M,4890570.0,225350.0,92
201800038058,18,11,26,1820,5,2,1,1.0,6.0,92035,M,4890686.0,224485.0,92
201800038059,18,11,28,2200,3,2,2,8.0,6.0,92035,M,4890444.0,225165.0,92
201800038060,18,12,20,1645,2,2,2,1.0,3.0,92035,M,4890920.0,225340.0,92
201800038061,18,12,24,1230,1,2,1,1.0,3.0,92035,M,4890549.0,223936.0,92
201800038062,18,1,1,730,5,2,1,1.0,6.0,92036,M,,,92
201800038063,18,1,5,1810,5,2,3,2.0,3.0,92036,M,4800000.0,220000.0,92
201800038064,18,1,12,650,5,2,3,1.0,3.0,92036,M,4800000.0,220000.0,92
201800038065,18,1,12,710,2,2,3,1.0,6.0,92036,M,4800000.0,220000.0,92
201800038066,18,1,13,1825,5,2,9,1.0,6.0,92036,M,4800000.0,220000.0,92
201800038067,18,1,12,1850,5,2,2,1.0,3.0,92036,M,4800000.0,220000.0,92
201800038068,18,1,13,1945,5,2,1,1.0,6.0,92036,M,,,92
201800038069,18,1,15,1950,5,2,1,2.0,6.0,92036,M,,,92
201800038070,18,1,18,740,2,2,2,2.0,6.0,92036,M,4800000.0,220000.0,92