Num_Acc,an,mois,jour,hrmn,lum,agg,int,atm,col,com,gps,lat,long,dep
201800038071,18,1,22,1245,1,2,3,2.0,3.0,92036,M,4800000.0,220000.0,92
201800038072,18,1,22,2220,5,2,1,1.0,6.0,92036,M,,,92
201800038073,18,1,25,1900,5,2,1,1.0,1.0,92036,M,,,92
201800038074,18,1,27,2215,3,1,1,1.0,6.0,92036,M,4800000.0,220000.0,92
201800038075,18,1,31,1900,5,2,1,1.0,7.0,92036,M,4800000.0,220000.0,92
201800038076,18,2,1,1850,5,2,2,1.0,3.0,92036,M,4800000.0,220000.0,92
201800038077,18,2,2,2110,5,2,1,1.0,5.0,92036,M,,,92
201800038078,18,2,10,2000,5,2,1,2.0,6.0,92036,M,,,92
201800038079,18,2,20,1245,1,2,6,1.0,6.0,92036,M,,,92
201800038080,18,3,2,1745,1,2,3,1.0,6.0,92036,M,4800000.0,220000.0,92
201800038081,18,3,7,1350,1,2,1,1.0,2.0,92036,M,4800000.0,220000.0,92
201800038082,18,3,7,1430,1,2,2,1.0,3.0,92036,M,4800000.0,220000.0,92
201800038083,18,3,20,910,1,2,1,1.0,2.0,92036,M,4800000.0,220000.0,92
201800038084,18,3,21,720,1,2,1,1.0,4.0,92036,M,4800000.0,220000.0,92
201800038085,18,3,22,650,1,2,1,1.0,6.0,92036,M,4800000.0,220000.0,92
201800038086,18,3,24,1400,1,2,1,1.0,3.0,92036,M,4800000.0,220000.0,92
201800038087,18,3,27,1930,1,2,1,2.0,3.0,92036,M,4800000.0,220000.0,92
201800038088,18,3,30,1915,1,2,1,1.0,2.0,92036,M,4800000.0,220000.0,92
201800038089,18,4,3,1700,1,2,1,2.0,3.0,92036,M,4800000.0,220000.0,92
201800038090,18,4,5,1715,1,2,1,1.0,6.0,92036,M,4800000.0,220000.0,92
201800038091,18,4,7,1358,1,2,1,1.0,6.0,92036,M,4800000.0,220000.0,92
201800038092,18,4,9,1700,1,2,1,9.0,6.0,92036,M,4800000.0,220000.0,92
201800038093,18,4,9,2000,5,2,1,3.0,2.0,92036,M,4800000.0,220000.0,92
201800038094,18,4,13,715,1,2,1,1.0,2.0,92036,M,4800000.0,220000.0,92
201800038095,18,4,20,1700,1,2,3,1.0,3.0,92036,M,,,92
201800038096,18,4,21,1230,1,2,1,1.0,6.0,92036,M,4800000.0,220000.0,92
201800038097,18,4,24,1450,1,2,6,1.0,6.0,92036,M,4800000.0,220000.0,92
201800038098,18,4,25,900,1,2,1,1.0,6.0,92036,M,4800000.0,220000.0,92
201800038099,18,5,2,2250,5,2,1,1.0,6.0,92036,M,4800000.0,220000.0,92
201800038100,18,5,12,1650,1,2,1,2.0,2.0,92036,M,4800000.0,220000.0,92
201800038101,18,5,17,1825,1,2,1,1.0,3.0,92036,M,4800000.0,220000.0,92
201800038102,18,5,23,1000,1,2,1,1.0,7.0,92036,M,4800000.0,220000.0,92
201800038103,18,5,18,930,1,2,1,1.0,3.0,92036,M,4800000.0,220000.0,92
201800038104,18,5,25,630,1,2,1,1.0,1.0,92036,M,4800000.0,220000.0,92
201800038105,18,5,21,1645,1,2,1,1.0,3.0,92036,M,4800000.0,220000.0,92
201800038106,18,5,27,1725,1,1,1,1.0,7.0,92036,M,4800000.0,220000.0,92
201800038107,18,5,24,2210,5,2,1,1.0,7.0,92036,M,4800000.0,220000.0,92
201800038108,18,6,3,100,5,2,1,1.0,2.0,92036,M,4800000.0,220000.0,92
201800038109,18,6,4,910,1,2,1,1.0,3.0,92036,M,4800000.0,220000.0,92
201800038110,18,6,13,840,1,2,1,1.0,6.0,92036,M,4800000.0,220000.0,92
201800038111,18,6,8,1025,1,2,1,1.0,7.0,92036,M,4800000.0,220000.0,92
201800038112,18,6,15,2130,5,2,1,1.0,2.0,92036,M,4800000.0,220000.0,92
201800038113,18,6,17,235,5,2,2,1.0,2.0,92036,M,4800000.0,220000.0,92
201800038114,18,6,25,1630,1,1,1,1.0,2.0,92036,M,4800000.0,220000.0,92
201800038115,18,6,22,1245,1,2,1,1.0,2.0,92036,M,,,92
201800038116,18,6,27,5,5,2,1,1.0,3.0,92036,M,4800000.0,220000.0,92
201800038117,18,6,23,2000,1,2,2,1.0,3.0,92036,M,,,92
201800038118,18,6,25,1135,1,2,1,1.0,2.0,92036,M,4800000.0,220000.0,92
201800038119,18,6,28,1338,1,2,1,1.0,6.0,92036,M,4800000.0,220000.0,92
201800038120,18,7,9,1510,1,2,1,1.0,3.0,92036,M,4800000.0,220000.0,92
201800038121,18,7,10,1730,1,2,2,1.0,3.0,92036,M,4800000.0,220000.0,92
201800038122,18,7,12,900,1,2,1,1.0,3.0,92036,M,4800000.0,220000.0,92
201800038123,18,7,12,1040,1,2,2,1.0,3.0,92036,M,4892343.0,232122.0,92
201800038124,18,7,20,930,1,2,1,1.0,7.0,92036,M,4892313.0,232781.0,92
201800038125,18,7,27,1445,1,2,2,1.0,2.0,92036,M,4892201.0,230568.0,92
201800038126,18,7,30,1700,1,2,2,1.0,3.0,92036,M,4892119.0,232510.0,92
201800038127,18,8,13,2215,5,2,2,1.0,3.0,92036,M,,,92
201800038128,18,8,6,1130,1,2,6,1.0,3.0,92036,M,4893356.0,230260.0,92
201800038129,18,7,28,1730,1,2,1,1.0,4.0,92036,M,4893776.0,230413.0,92
201800038130,18,8,21,1200,1,2,2,1.0,2.0,92036,M,4892196.0,229990.0,92
201800038131,18,8,21,1520,1,2,3,1.0,3.0,92036,M,4892692.0,231449.0,92
201800038132,18,8,29,825,1,2,3,2.0,3.0,92036,M,4892084.0,231775.0,92
201800038133,18,9,7,905,1,2,2,1.0,2.0,92036,M,4892209.0,223370.0,92
201800038134,18,9,12,1615,1,2,6,1.0,7.0,92036,M,4893803.0,227856.0,92
201800038135,18,9,16,900,1,2,1,1.0,2.0,92036,M,4892160.0,229988.0,92
201800038136,18,9,16,1810,1,2,1,1.0,6.0,92036,M,4892660.0,228685.0,92
201800038137,18,9,19,1920,1,2,1,1.0,2.0,92036,M,4894587.0,230605.0,92
201800038138,18,9,21,810,2,2,2,2.0,3.0,92036,M,4893579.0,227976.0,92
201800038139,18,9,24,1800,1,2,1,1.0,6.0,92036,M,4892964.0,229497.0,92
201800038140,18,9,25,1710,1,2,2,1.0,3.0,92036,M,4893646.0,230392.0,92
201800038141,18,9,26,1745,1,2,1,1.0,6.0,92036,M,4893055.0,229165.0,92
201800038142,18,9,30,1520,1,2,2,1.0,3.0,92036,M,4893379.0,231339.0,92
201800038143,18,10,1,740,2,2,3,1.0,3.0,92036,M,4892762.0,229490.0,92
201800038144,18,10,3,1030,1,2,2,1.0,3.0,92036,M,4891890.0,229917.0,92
201800038145,18,10,6,1140,1,2,7,1.0,6.0,92036,M,4892743.0,229470.0,92
201800038146,18,10,8,1940,5,2,1,1.0,6.0,92036,M,4893252.0,229159.0,92
201800038147,18,10,9,1645,1,2,3,1.0,6.0,92036,M,4891697.0,229964.0,92
201800038148,18,10,15,1550,1,2,2,1.0,3.0,92036,M,4892114.0,232496.0,92
201800038149,18,10,16,845,1,2,1,1.0,6.0,92036,M,4892102.0,232516.0,92
201800038150,18,10,19,805,1,2,1,1.0,3.0,92036,M,4894738.0,230498.0,92
201800038151,18,10,21,1310,1,2,2,1.0,1.0,92036,M,4892335.0,232132.0,92
201800038152,18,10,25,900,1,2,1,1.0,2.0,92036,M,4894172.0,229538.0,92
201800038153,18,10,1,810,1,2,1,1.0,3.0,92036,M,4892250.0,229476.0,92
201800038154,18,10,26,1630,1,2,1,1.0,6.0,92036,M,4893287.0,229297.0,92
201800038155,18,11,2,2210,5,2,1,1.0,2.0,92036,M,4892863.0,231133.0,92
201800038156,18,11,6,2025,5,2,1,1.0,3.0,92036,M,4891893.0,231145.0,92
201800038157,18,11,11,1250,1,2,2,1.0,2.0,92036,M,4894608.0,236439.0,92
201800038158,18,11,15,1320,1,2,1,1.0,3.0,92036,M,4892891.0,231025.0,92
201800038159,18,11,15,1925,5,2,2,1.0,3.0,92036,M,4892766.0,229630.0,92
201800038160,18,11,19,1820,5,2,1,1.0,6.0,92036,M,4892151.0,232569.0,92
201800038161,18,11,20,1450,1,2,1,2.0,6.0,92036,M,4892859.0,228491.0,92
201800038162,18,11,21,2115,5,2,1,1.0,6.0,92036,M,4893295.0,230247.0,92
201800038163,18,11,23,730,2,2,1,1.0,6.0,92036,M,4893283.0,229272.0,92
201800038164,18,11,23,745,2,1,1,1.0,3.0,92036,M,4893582.0,227988.0,92
201800038165,18,11,28,1645,2,2,2,1.0,3.0,92036,M,4893444.0,228933.0,92
201800038166,18,11,29,1030,1,2,1,1.0,2.0,92036,M,4800000.0,220000.0,92
201800038167,18,12,1,2125,5,2,6,2.0,6.0,92036,M,4892309.0,228637.0,92
201800038168,18,12,2,1945,5,2,2,1.0,3.0,92036,M,4892494.0,232543.0,92
201800038169,18,12,10,950,1,2,3,1.0,6.0,92036,M,4891638.0,229867.0,92
201800038170,18,12,11,830,1,2,2,1.0,3.0,92036,M,4892612.0,228471.0,92
201800038171,18,12,15,1225,1,2,1,1.0,6.0,92036,M,4893631.0,230386.0,92
201800038172,18,12,15,1720,2,2,2,2.0,6.0,92036,M,4891983.0,230416.0,92
201800038173,18,12,15,1940,5,2,6,1.0,6.0,92036,M,4892295.0,228674.0,92
201800038174,18,12,21,1820,5,2,2,1.0,3.0,92036,M,4893268.0,231289.0,92
201800038175,18,12,26,1215,1,2,2,1.0,3.0,92036,M,4892533.0,232045.0,92
201800038176,18,12,30,455,4,1,1,3.0,3.0,92036,M,4893760.0,229400.0,92
201800038177,18,1,18,650,2,2,2,2.0,5.0,92040,M,,,92
201800038178,18,6,27,1350,1,2,2,1.0,2.0,92040,M,4883191.0,226716.0,92
201800038179,18,6,12,1605,1,2,1,1.0,6.0,92040,M,4882300.0,227620.0,92
201800038180,18,6,9,1730,1,2,1,1.0,2.0,92040,M,4882623.0,225920.0,92
201800038181,18,6,28,930,1,2,3,1.0,3.0,92040,M,4881849.0,224564.0,92
201800038182,18,1,31,1200,1,2,3,2.0,6.0,92040,M,4882828.0,226550.0,92
201800038183,18,9,17,1400,1,2,2,1.0,6.0,92040,M,4882846.0,226568.0,92
201800038184,18,2,5,800,1,2,1,1.0,2.0,92040,M,,,92
201800038185,18,2,12,1421,1,2,2,1.0,7.0,92040,M,4882690.0,226482.0,92
201800038186,18,2,13,1645,1,2,1,2.0,6.0,92040,M,,,92
201800038187,18,2,13,2130,5,2,2,2.0,1.0,92040,M,4816605.0,227499.0,92
201800038188,18,2,20,900,1,2,2,2.0,3.0,92040,M,4882533.0,226785.0,92
201800038189,18,2,27,1035,1,2,1,4.0,2.0,92040,M,4882200.0,226800.0,92
201800038190,18,11,14,2225,5,2,1,1.0,6.0,92040,M,4881913.0,225063.0,92
201800038191,18,3,10,1430,1,2,1,1.0,6.0,92040,M,4882621.0,226766.0,92
201800038192,18,3,18,1030,1,2,5,1.0,3.0,92040,M,4882084.0,226024.0,92
201800038193,18,3,19,1205,1,2,1,2.0,6.0,92040,M,4882940.0,227800.0,92
201800038194,18,1,16,1958,5,2,1,2.0,3.0,92040,M,4882614.0,224313.0,92
201800038195,18,1,31,20,5,2,1,2.0,6.0,92040,M,4225222.0,224556.0,92
201800038196,18,3,31,1350,1,2,1,1.0,3.0,92040,M,4882900.0,228100.0,92
201800038197,18,4,4,900,1,2,9,1.0,1.0,92040,M,4882349.0,226220.0,92
201800038198,18,4,11,1057,1,2,3,1.0,3.0,92040,M,4881787.0,225085.0,92
201800038199,18,4,14,1225,1,2,3,1.0,6.0,92040,M,4882408.0,227341.0,92
201800038200,18,4,21,1346,1,2,1,1.0,3.0,92040,M,,,92
201800038201,18,4,21,1308,1,2,2,1.0,1.0,92040,M,4883143.0,226719.0,92
201800038202,18,4,26,1919,1,2,1,1.0,3.0,92040,M,4883100.0,226170.0,92
201800038203,18,4,26,2005,1,2,1,1.0,3.0,92040,M,4882127.0,225485.0,92
201800038204,18,2,2,1918,5,2,1,1.0,1.0,92040,M,4882553.0,227044.0,92
201800038205,18,4,30,2100,5,2,2,2.0,3.0,92040,M,4882198.0,226999.0,92
201800038206,18,4,28,2120,3,2,1,1.0,6.0,92040,M,4882338.0,225702.0,92
201800038207,18,5,14,1915,1,2,4,2.0,3.0,92040,M,4882277.0,226347.0,92
201800038208,18,5,16,1730,1,2,1,1.0,2.0,92040,M,4882100.0,225924.0,92
201800038209,18,5,27,1521,1,2,2,1.0,1.0,92040,M,4881650.0,227494.0,92
201800038210,18,5,30,2000,1,2,1,1.0,4.0,92040,M,4882837.0,227883.0,92
201800038211,18,6,8,1843,1,2,1,1.0,2.0,92040,M,,,92
201800038212,18,4,6,1355,1,2,1,1.0,2.0,92040,M,4225222.0,226526.0,92
201800038213,18,7,1,1515,1,2,1,1.0,6.0,92040,M,4882198.0,226999.0,92
201800038214,18,7,6,1220,1,2,1,1.0,7.0,92040,M,,,92
201800038215,18,7,18,857,1,2,1,1.0,6.0,92040,M,4883257.0,226721.0,92
201800038216,18,7,19,1850,1,2,1,1.0,3.0,92040,M,4882297.0,225403.0,92
201800038217,18,7,20,1820,1,2,1,2.0,6.0,92040,M,4881900.0,225100.0,92
201800038218,18,7,31,1715,1,2,1,1.0,2.0,92040,M,,,92
201800038219,18,5,2,2033,2,2,1,2.0,6.0,92040,M,4225560.0,225620.0,92
201800038220,18,8,1,1900,1,2,1,1.0,2.0,92040,M,4881800.0,227000.0,92
201800038221,18,8,30,2010,1,2,1,1.0,5.0,92040,M,4881760.0,225610.0,92
201800038222,18,8,27,1935,1,2,1,1.0,3.0,92040,M,4882867.0,226493.0,92
201800038223,18,9,3,940,1,2,1,1.0,6.0,92040,M,4882835.0,226037.0,92
201800038224,18,9,4,1350,1,2,1,1.0,3.0,92040,M,,,92
201800038225,18,9,18,1330,1,2,9,2.0,7.0,92040,M,,,92
201800038226,18,9,19,1710,1,2,1,1.0,2.0,92040,M,4882911.0,228282.0,92
201800038227,18,9,25,1044,1,2,1,1.0,6.0,92040,M,4882734.0,227745.0,92
201800038228,18,9,25,1805,1,2,2,1.0,1.0,92040,M,4883144.0,226720.0,92
201800038229,18,9,28,725,2,2,2,1.0,6.0,92040,M,,,92
201800038230,18,10,2,1447,1,2,1,1.0,2.0,92040,M,4882523.0,225491.0,92
201800038231,18,10,4,754,1,2,1,1.0,3.0,92040,M,4881857.0,225267.0,92
201800038232,18,10,6,1830,1,2,2,1.0,3.0,92040,M,4882238.0,226306.0,92
201800038233,18,10,11,1712,1,2,1,1.0,2.0,92040,M,4882927.0,226325.0,92
201800038234,18,10,15,1537,1,2,1,1.0,3.0,92040,M,4882843.0,228571.0,92
201800038235,18,11,4,900,1,2,1,1.0,2.0,92040,M,4882328.0,225475.0,92
201800038236,18,11,6,2220,5,2,3,1.0,3.0,92040,M,4882442.0,227076.0,92
201800038237,18,11,19,1700,2,2,1,1.0,3.0,92040,M,4881900.0,225440.0,92
201800038238,18,11,21,900,1,2,7,1.0,7.0,92040,M,4882118.0,225077.0,92
201800038239,18,11,22,800,2,2,1,5.0,6.0,92040,M,4891900.0,226900.0,92
201800038240,18,11,26,800,2,2,1,1.0,6.0,92040,M,4881875.0,224475.0,92
201800038241,18,11,27,905,1,2,1,1.0,7.0,92040,M,,,92
201800038242,18,11,27,1145,1,2,3,1.0,3.0,92040,M,,,92
201800038243,18,11,27,1712,5,2,1,2.0,6.0,92007,M,4880368.0,231477.0,92
201800038244,18,11,29,845,1,2,1,1.0,6.0,92040,M,4881929.0,227442.0,92
201800038245,18,12,3,120,5,2,1,1.0,6.0,92040,M,4883402.0,226710.0,92
201800038246,18,12,7,2015,5,2,1,8.0,4.0,92040,M,4882080.0,226371.0,92
201800038247,18,12,18,1740,5,2,1,1.0,3.0,92040,M,4881986.0,226066.0,92
201800038248,18,12,19,1210,1,2,1,2.0,6.0,92040,M,4882682.0,227950.0,92
201800038249,18,12,21,1440,1,2,1,1.0,2.0,92048,M,4881696.0,222796.0,92
201800038250,18,12,21,2035,5,2,2,1.0,3.0,92012,M,4884837.0,227320.0,92
201800038251,18,1,10,750,5,2,3,2.0,6.0,92044,M,4889229.0,229350.0,92
201800038252,18,1,11,1800,2,2,2,1.0,3.0,92044,M,4889276.0,228547.0,92
201800038253,18,1,15,1936,2,2,3,2.0,6.0,92044,M,4889698.0,227622.0,92
201800038254,18,1,16,1433,1,2,1,2.0,3.0,92044,M,4889276.0,228547.0,92
201800038255,18,1,19,2150,5,2,1,1.0,2.0,92044,M,4889276.0,228547.0,92
201800038256,18,12,17,1745,2,2,2,1.0,6.0,92044,M,4889276.0,228547.0,92
201800038257,18,10,4,1830,1,2,3,1.0,3.0,92044,M,4889276.0,228547.0,92
201800038258,18,2,1,1545,1,2,9,2.0,2.0,92044,M,4890047.0,228547.0,92
201800038259,18,2,21,1053,1,2,1,1.0,3.0,92051,M,4888758.0,227953.0,92
201800038260,18,1,23,1830,2,2,1,1.0,6.0,92044,M,4889276.0,228547.0,92
201800038261,18,2,26,2230,5,2,2,1.0,6.0,92044,M,4889276.0,228547.0,92
201800038262,18,1,18,1030,1,2,1,2.0,6.0,92044,M,4889276.0,228547.0,92
201800038263,18,1,19,1110,1,2,2,1.0,3.0,92044,M,4889276.0,228547.0,92
201800038264,18,2,26,800,1,2,3,1.0,3.0,92044,M,4889276.0,228547.0,92
201800038265,18,1,12,1850,5,2,2,1.0,6.0,92044,M,4889276.0,228547.0,92
201800038266,18,3,19,1910,5,2,7,1.0,3.0,92044,M,4889276.0,228547.0,92
201800038267,18,3,15,1620,1,2,6,1.0,3.0,92044,M,4889276.0,228547.0,92
201800038268,18,3,27,817,1,2,3,2.0,6.0,92044,M,4889276.0,228547.0,92
201800038269,18,2,17,1610,1,2,1,1.0,6.0,92044,M,4889276.0,228547.0,92
201800038270,18,4,6,1914,2,2,1,1.0,3.0,92044,M,4889276.0,228547.0,92
201800038271,18,4,17,1645,1,2,2,1.0,3.0,92044,M,4889276.0,228547.0,92
201800038272,18,4,14,1414,1,2,9,1.0,3.0,92044,M,4889276.0,228547.0,92
201800038273,18,5,6,1440,1,2,3,1.0,3.0,92044,M,4889276.0,228547.0,92
201800038274,18,5,7,1835,1,2,1,1.0,6.0,92044,M,4889276.0,228547.0,92
201800038275,18,5,11,1315,1,2,1,1.0,6.0,92044,M,4889276.0,228547.0,92
201800038276,18,5,11,1715,1,2,9,1.0,3.0,92044,M,4889276.0,228547.0,92
201800038277,18,4,8,1220,1,2,1,1.0,2.0,92044,M,4889276.0,228547.0,92
201800038278,18,5,7,1945,1,2,1,1.0,3.0,92044,M,4889276.0,228547.0,92
201800038279,18,5,22,800,1,2,2,1.0,6.0,92044,M,4889276.0,228547.0,92
201800038280,18,5,22,2215,5,2,9,1.0,7.0,92044,M,4889276.0,228547.0,92
201800038281,18,5,22,1440,1,2,9,1.0,6.0,92044,M,4889276.0,228547.0,92
201800038282,18,4,30,1645,1,2,1,1.0,6.0,92044,M,4889276.0,228547.0,92
201800038283,18,6,3,1310,1,2,1,1.0,6.0,92044,M,4889276.0,228547.0,92
201800038284,18,5,24,1005,1,2,3,1.0,3.0,92044,M,4889276.0,228547.0,92
201800038285,18,5,14,1546,1,2,2,1.0,6.0,92044,M,4889276.0,228547.0,92
201800038286,18,5,25,1620,1,2,2,2.0,3.0,92044,M,4889276.0,228547.0,92
201800038287,18,6,25,1950,1,2,2,1.0,6.0,92044,M,4889276.0,228547.0,92
201800038288,18,6,27,2010,1,2,1,1.0,6.0,92044,M,4889276.0,228547.0,92
201800038289,18,6,27,2118,2,2,1,1.0,6.0,92044,M,4889276.0,228547.0,92
201800038290,18,5,29,2130,5,2,5,1.0,7.0,92044,M,4889276.0,228547.0,92
201800038291,18,5,6,1200,1,2,1,1.0,6.0,92044,M,4889276.0,228547.0,92
201800038292,18,5,27,1845,1,2,1,1.0,3.0,92044,M,4889276.0,228547.0,92
201800038293,18,6,13,1056,1,2,2,1.0,6.0,92044,M,4889276.0,228547.0,92
201800038294,18,6,30,815,1,2,2,1.0,3.0,92044,M,4889276.0,228547.0,92
201800038295,18,7,6,1650,1,2,1,1.0,2.0,92044,M,4889276.0,228547.0,92
201800038296,18,5,18,1330,1,2,1,1.0,6.0,92044,M,4889276.0,228547.0,92
201800038297,18,6,5,1755,1,2,1,1.0,6.0,92044,M,4889276.0,228547.0,92
201800038298,18,6,25,2300,5,2,1,1.0,3.0,92044,M,4889276.0,228547.0,92
201800038299,18,7,23,1300,1,2,2,1.0,3.0,92044,M,4889276.0,228547.0,92
201800038300,18,4,29,2310,5,2,1,1.0,6.0,92044,M,4889276.0,228547.0,92
201800038301,18,7,25,130,5,2,1,1.0,6.0,92044,M,4889276.0,228547.0,92
201800038302,18,7,25,1425,1,2,1,1.0,6.0,92044,M,4889276.0,228547.0,92
201800038303,18,8,3,1225,1,2,2,1.0,6.0,92044,M,4889276.0,228547.0,92
201800038304,18,6,30,1510,1,2,9,1.0,6.0,92044,M,4889276.0,228547.0,92
201800038305,18,7,9,1920,1,2,3,1.0,6.0,92044,M,4889276.0,228547.0,92
201800038306,18,8,20,1015,1,2,4,1.0,1.0,92044,M,4889753.0,229521.0,92
201800038307,18,8,21,1110,1,2,3,1.0,2.0,92044,M,4889228.0,229351.0,92
201800038308,18,9,3,1030,1,2,1,1.0,2.0,92044,M,4889276.0,228547.0,92
201800038309,18,7,1,55,5,2,1,1.0,7.0,92044,M,4889276.0,228547.0,92
201800038310,18,7,2,1550,1,2,1,1.0,3.0,92044,M,4889276.0,228547.0,92
201800038311,18,7,1,2055,1,2,3,1.0,3.0,92044,M,4889276.0,228547.0,92
201800038312,18,7,13,1015,1,2,3,1.0,3.0,92044,M,4889276.0,228547.0,92
201800038313,18,7,11,1,5,2,1,1.0,3.0,92044,M,4889276.0,228547.0,92
201800038314,18,8,4,600,5,2,1,1.0,6.0,92044,M,4889276.0,228547.0,92
201800038315,18,9,6,1600,2,2,1,1.0,6.0,92044,M,4889684.0,228199.0,92
201800038316,18,9,6,1944,1,2,1,1.0,3.0,92044,M,4889172.0,229392.0,92
201800038317,18,8,3,1500,1,2,1,1.0,3.0,92044,M,4889276.0,228547.0,92
201800038318,18,7,12,1500,1,2,1,1.0,6.0,92044,M,4889276.0,228547.0,92
201800038319,18,9,10,905,1,2,1,1.0,2.0,92044,M,4889276.0,228547.0,92
201800038320,18,9,12,208,5,2,2,1.0,3.0,92044,M,4889276.0,228547.0,92
201800038321,18,9,8,1800,1,2,2,1.0,3.0,92044,M,4889276.0,228547.0,92
201800038322,18,9,26,1245,1,2,2,1.0,3.0,92044,M,4889495.0,228091.0,92
201800038323,18,10,2,1920,2,1,2,2.0,1.0,92044,M,4889597.0,229023.0,92
201800038324,18,10,3,1726,1,2,3,1.0,3.0,92044,M,4889276.0,228547.0,92
201800038325,18,8,27,1136,1,2,3,1.0,3.0,92044,M,4889276.0,228547.0,92
201800038326,18,10,5,1255,1,2,1,1.0,6.0,92044,M,4889228.0,229032.0,92
201800038327,18,10,5,1735,1,2,1,1.0,6.0,92044,M,4889276.0,228547.0,92
201800038328,18,10,4,900,1,2,1,1.0,6.0,92044,M,4889120.0,229518.0,92
201800038329,18,10,2,1035,1,2,1,1.0,6.0,92044,M,4889276.0,228547.0,92
201800038330,18,10,11,1345,1,2,5,1.0,3.0,92044,M,4889817.0,229451.0,92
201800038331,18,10,7,1315,1,2,1,8.0,2.0,92044,M,4889276.0,228547.0,92
201800038332,18,10,4,2015,5,2,2,1.0,6.0,92044,M,4889276.0,228547.0,92
201800038333,18,10,24,2140,5,2,1,1.0,3.0,92044,M,4889276.0,228547.0,92
201800038334,18,11,5,1200,1,2,2,1.0,6.0,92044,M,4889276.0,228547.0,92
201800038335,18,8,7,250,5,2,2,1.0,6.0,92044,M,4889276.0,228547.0,92
201800038336,18,11,21,740,1,2,1,8.0,2.0,92044,M,4889276.0,228547.0,92
201800038337,18,11,24,745,1,2,3,1.0,1.0,92044,M,4889276.0,228547.0,92
201800038338,18,11,29,1110,1,2,2,1.0,6.0,92044,M,4889276.0,228547.0,92
201800038339,18,12,3,910,1,2,2,8.0,6.0,92044,M,,,92
201800038340,18,11,17,720,5,2,2,1.0,3.0,92044,M,4889276.0,228547.0,92
201800038341,18,11,23,2111,3,2,1,1.0,6.0,92044,M,4889276.0,228547.0,92
201800038342,18,9,23,1349,1,2,3,2.0,7.0,92044,M,4889276.0,228547.0,92
201800038343,18,12,7,1450,1,2,1,3.0,3.0,92044,M,4889214.0,227759.0,92
201800038344,18,12,11,1144,1,2,9,1.0,6.0,92044,M,4889389.0,229094.0,92
201800038345,18,12,11,1929,5,2,2,1.0,6.0,92044,M,4889246.0,227954.0,92
201800038346,18,8,4,610,5,2,1,1.0,6.0,92044,M,4889276.0,228547.0,92
201800038347,18,12,13,1105,1,2,1,1.0,3.0,92044,M,4889276.0,228547.0,92
201800038348,18,12,13,1100,1,2,1,1.0,3.0,92044,M,4889276.0,228547.0,92
201800038349,18,12,14,1300,1,2,1,1.0,6.0,92044,M,4889276.0,228547.0,92
201800038350,18,12,19,1800,5,2,1,1.0,6.0,92044,M,4889276.0,228547.0,92
201800038351,18,12,23,1800,5,2,3,2.0,6.0,92044,M,4889361.0,229963.0,92
201800038352,18,12,27,846,1,2,1,1.0,6.0,92044,M,4888898.0,229049.0,92
201800038353,18,11,2,1800,3,2,1,1.0,6.0,92044,M,4889276.0,228547.0,92
201800038354,18,1,17,1030,1,2,1,1.0,6.0,92048,M,4878351.0,222508.0,92
201800038355,18,2,15,830,1,2,3,2.0,2.0,92048,M,4881000.0,223400.0,92
201800038356,18,3,9,1340,1,2,1,1.0,6.0,92048,M,4878413.0,223273.0,92
201800038357,18,3,14,1529,1,2,2,1.0,6.0,92048,M,4880790.0,223595.0,92
201800038358,18,3,15,1835,2,2,3,2.0,6.0,92048,M,,,92
201800038359,18,3,28,845,1,2,1,2.0,6.0,92048,M,4881879.0,223844.0,92
201800038360,18,3,29,2340,5,2,3,1.0,3.0,92048,M,4880806.0,224073.0,92
201800038361,18,4,3,1941,1,2,9,2.0,3.0,92048,M,,,92
201800038362,18,4,11,605,3,2,1,1.0,6.0,92048,M,,,92
201800038363,18,4,13,800,1,2,2,8.0,3.0,92048,M,4881144.0,223691.0,92
201800038364,18,4,13,1509,1,2,1,1.0,3.0,92048,M,4878873.0,223134.0,92
201800038365,18,4,16,1945,2,2,1,1.0,6.0,92048,M,4878825.0,222308.0,92
201800038366,18,5,10,1515,1,2,3,1.0,1.0,92048,M,4878885.0,223441.0,92
201800038367,18,5,15,1320,1,1,1,1.0,7.0,92048,M,4879102.0,223271.0,92
201800038368,18,5,28,1130,1,2,1,7.0,6.0,92048,M,4881764.0,224890.0,92
201800038369,18,5,25,2155,5,2,3,3.0,6.0,92048,M,,,92
201800038370,18,6,6,910,1,2,2,1.0,6.0,92048,M,4880854.0,224806.0,92
201800038371,18,6,21,1935,1,2,1,1.0,6.0,92048,M,4878776.0,222799.0,92
201800038372,18,6,25,835,1,2,1,1.0,6.0,92048,M,4880467.0,223841.0,92
201800038373,18,6,24,1740,1,2,1,1.0,7.0,92048,M,4882095.0,223594.0,92
201800038374,18,6,28,1925,1,2,7,1.0,6.0,92048,M,4881479.0,223423.0,92
201800038375,18,7,1,950,1,2,2,1.0,3.0,92048,M,4881772.0,220428.0,92
201800038376,18,7,5,120,3,1,1,1.0,6.0,92048,M,4879709.0,223032.0,92
201800038377,18,7,3,1905,1,1,2,1.0,3.0,92048,M,4879650.0,221764.0,92
201800038378,18,7,10,1815,1,2,2,1.0,3.0,92048,M,4880850.0,224796.0,92
201800038379,18,7,16,1830,1,2,1,1.0,3.0,92048,M,4881598.0,223274.0,92
201800038380,18,8,1,25,3,1,9,1.0,7.0,92048,M,4880004.0,221554.0,92