Num_Acc,an,mois,jour,hrmn,lum,agg,int,atm,col,com,gps,lat,long,dep
201800038381,18,8,4,1330,1,2,1,1.0,7.0,92048,M,4880833.0,224327.0,92
201800038382,18,8,18,900,1,2,1,1.0,1.0,92048,M,4881890.0,223220.0,92
201800038383,18,8,19,1725,1,2,3,1.0,7.0,92048,M,4881407.0,224339.0,92
201800038384,18,9,29,1742,1,2,1,1.0,6.0,92048,M,4878903.0,223390.0,92
201800038385,18,10,3,1840,1,2,3,1.0,2.0,92048,M,4880700.0,223600.0,92
201800038386,18,10,4,1450,1,2,6,1.0,3.0,92048,M,4878639.0,222361.0,92
201800038387,18,10,6,1905,2,2,1,1.0,6.0,92048,M,4878903.0,223393.0,92
201800038388,18,10,17,910,1,2,1,1.0,6.0,92048,M,4881612.0,224696.0,92
201800038389,18,11,1,1900,5,2,1,2.0,3.0,92048,M,4878754.0,223418.0,92
201800038390,18,11,9,1900,5,1,1,1.0,3.0,92048,M,4882213.0,223226.0,92
201800038391,18,11,9,2020,5,2,1,1.0,6.0,92048,M,4878990.0,223385.0,92
201800038392,18,11,10,1230,1,2,2,2.0,3.0,92048,M,4880771.0,223607.0,92
201800038393,18,11,15,720,5,2,1,5.0,3.0,92048,M,4881720.0,223111.0,92
201800038394,18,11,17,1719,2,2,2,1.0,6.0,92048,M,4878756.0,222785.0,92
201800038395,18,11,20,1140,1,2,1,2.0,7.0,92048,M,4881153.0,224711.0,92
201800038396,18,11,27,755,2,2,1,8.0,7.0,92048,M,4878916.0,223192.0,92
201800038397,18,11,10,2300,5,2,7,9.0,3.0,92048,M,4881782.0,223007.0,92
201800038398,18,12,11,938,1,2,2,1.0,6.0,92048,M,4880790.0,223610.0,92
201800038399,18,1,2,30,5,2,1,2.0,3.0,92020,M,4880230.0,228576.0,92
201800038400,18,1,2,1230,1,2,1,1.0,3.0,92049,M,4881773.0,232359.0,92
201800038401,18,1,10,1335,1,2,1,1.0,6.0,92049,M,4881336.0,232577.0,92
201800038402,18,1,11,1630,1,2,1,1.0,6.0,92020,M,4880233.0,228575.0,92
201800038403,18,1,18,950,1,2,1,2.0,6.0,92049,M,4881757.0,231706.0,92
201800038404,18,1,19,1520,1,2,1,1.0,3.0,92049,M,4881407.0,230310.0,92
201800038405,18,1,22,800,2,2,2,3.0,6.0,92020,M,4880751.0,229458.0,92
201800038406,18,1,23,2042,5,2,1,1.0,4.0,92049,M,,,92
201800038407,18,2,6,840,1,2,2,4.0,6.0,92049,M,4881745.0,232660.0,92
201800038408,18,2,13,1600,1,2,1,8.0,2.0,92020,M,4880600.0,229823.0,92
201800038409,18,2,14,1540,1,2,1,1.0,3.0,92049,M,4881412.0,232610.0,92
201800038410,18,2,16,845,1,2,2,1.0,3.0,92049,M,4881314.0,231971.0,92
201800038411,18,2,16,1720,1,2,1,1.0,6.0,92020,M,4880126.0,228406.0,92
201800038412,18,2,22,1150,1,2,1,1.0,6.0,92020,M,4880734.0,228007.0,92
201800038413,18,2,25,1615,1,2,1,1.0,6.0,92049,M,4881789.0,231919.0,92
201800038414,18,3,3,730,1,2,1,1.0,6.0,92049,M,4881709.0,232537.0,92
201800038415,18,3,6,920,1,2,2,1.0,6.0,92049,M,4881769.0,231652.0,92
201800038416,18,3,7,1220,1,2,3,1.0,3.0,92020,M,4879858.0,228031.0,92
201800038417,18,3,7,2157,5,2,2,1.0,6.0,92020,M,4879594.0,227637.0,92
201800038418,18,3,10,950,1,2,2,2.0,2.0,92049,M,4881754.0,232597.0,92
201800038419,18,3,14,1815,1,2,1,1.0,6.0,92020,M,4880056.0,228329.0,92
201800038420,18,3,16,2005,5,2,1,2.0,7.0,92020,M,4880103.0,228107.0,92
201800038421,18,3,20,900,1,2,2,1.0,3.0,92049,M,4881742.0,232679.0,92
201800038422,18,3,23,905,1,2,1,1.0,6.0,92049,M,4881016.0,231433.0,92
201800038423,18,3,24,1624,1,2,2,1.0,3.0,92049,M,4881765.0,230790.0,92
201800038424,18,3,24,1650,1,2,3,1.0,3.0,92049,M,4881728.0,232882.0,92
201800038425,18,3,27,1250,1,2,1,2.0,6.0,92020,M,4880521.0,229067.0,92
201800038426,18,3,27,2300,5,2,2,1.0,2.0,92049,M,4881984.0,231083.0,92
201800038427,18,4,1,2035,3,2,1,1.0,3.0,92020,M,4880608.0,229175.0,92
201800038428,18,4,4,2150,5,2,1,1.0,3.0,92049,M,4881745.0,231703.0,92
201800038429,18,4,5,1346,1,2,1,1.0,6.0,92020,M,4880887.0,229882.0,92
201800038430,18,4,9,1225,1,2,3,2.0,3.0,92020,M,4880942.0,229820.0,92
201800038431,18,4,11,320,5,2,1,1.0,6.0,92020,M,4880109.0,228385.0,92
201800038432,18,4,13,1730,1,2,1,1.0,6.0,92020,M,4880200.0,228700.0,92
201800038433,18,4,20,15,5,2,1,1.0,7.0,92049,M,4881946.0,232353.0,92
201800038434,18,4,28,1930,1,2,3,1.0,3.0,92049,M,4881286.0,230180.0,92
201800038435,18,4,30,1300,1,2,1,3.0,6.0,92020,M,,,92
201800038436,18,5,7,1740,1,2,1,1.0,1.0,92020,M,4879504.0,227337.0,92
201800038437,18,5,9,1650,1,2,3,1.0,3.0,92049,M,4881898.0,230976.0,92
201800038438,18,5,15,1843,1,2,1,1.0,6.0,92020,M,4879000.0,229000.0,92
201800038439,18,5,28,1830,1,2,2,2.0,3.0,92049,M,4881835.0,231959.0,92
201800038440,18,5,29,2235,5,2,1,3.0,6.0,92020,M,4879781.0,227833.0,92
201800038441,18,5,30,1845,1,2,1,1.0,3.0,92020,M,4881097.0,229976.0,92
201800038442,18,5,31,1425,1,2,1,1.0,6.0,92049,M,4880980.0,232415.0,92
201800038443,18,6,1,1415,1,2,1,2.0,2.0,92049,M,4881743.0,232504.0,92
201800038444,18,6,2,1841,1,2,1,1.0,2.0,92049,M,4881517.0,232059.0,92
201800038445,18,6,1,2155,2,2,1,2.0,7.0,92049,M,4881439.0,231505.0,92
201800038446,18,6,4,2310,5,2,2,1.0,3.0,92007,M,4879619.0,232182.0,92
201800038447,18,6,14,2145,2,2,1,1.0,1.0,92020,M,4879956.0,227675.0,92
201800038448,18,6,15,1600,1,2,1,1.0,6.0,92049,M,4881623.0,230613.0,92
201800038449,18,6,17,1945,1,2,3,1.0,2.0,92020,M,4880927.0,228533.0,92
201800038450,18,6,18,1945,1,2,4,1.0,2.0,92020,M,4879962.0,229047.0,92
201800038451,18,6,19,945,1,2,2,2.0,7.0,92020,M,4880359.0,229850.0,92
201800038452,18,6,19,1030,1,2,2,1.0,3.0,92020,M,4880811.0,228086.0,92
201800038453,18,6,23,1000,1,2,1,1.0,6.0,92020,M,4880444.0,228927.0,92
201800038454,18,6,26,1900,1,2,1,1.0,3.0,92020,M,4879961.0,229408.0,92
201800038455,18,6,27,1640,1,2,1,1.0,6.0,92049,M,4881620.0,230918.0,92
201800038456,18,6,29,1548,1,2,1,1.0,6.0,92049,M,4881145.0,232688.0,92
201800038457,18,7,2,900,1,2,6,1.0,3.0,92020,M,4880111.0,228393.0,92
201800038458,18,7,5,1020,1,2,1,1.0,4.0,92049,M,4881522.0,235597.0,92
201800038459,18,7,10,820,1,2,2,1.0,2.0,92049,M,4881782.0,232576.0,92
201800038460,18,7,11,2315,5,2,1,1.0,3.0,92020,M,4879972.0,228595.0,92
201800038461,18,7,14,2130,2,2,2,1.0,6.0,92049,M,4881286.0,231615.0,92
201800038462,18,7,18,1300,1,2,1,1.0,6.0,92020,M,4880620.0,228670.0,92
201800038463,18,7,24,920,1,2,8,1.0,6.0,92020,M,4881062.0,229901.0,92
201800038464,18,7,29,1405,1,2,9,1.0,6.0,92020,M,4880012.0,228270.0,92
201800038465,18,8,1,925,1,2,1,1.0,3.0,92049,M,4881224.0,231564.0,92
201800038466,18,8,2,1825,1,2,1,1.0,6.0,92049,M,4881810.0,230852.0,92
201800038467,18,8,4,114,5,2,9,1.0,6.0,92020,M,4880083.0,228349.0,92
201800038468,18,8,10,1720,1,2,1,1.0,5.0,92049,M,4881190.0,232649.0,92
201800038469,18,8,16,2352,5,2,1,1.0,6.0,92020,M,4880560.0,229104.0,92
201800038470,18,8,18,558,1,2,1,1.0,3.0,92020,M,4880396.0,228876.0,92
201800038471,18,8,20,1330,1,2,2,1.0,2.0,92049,M,4881970.0,231286.0,92
201800038472,18,8,22,1500,1,2,1,1.0,6.0,92049,M,4882074.0,231504.0,92
201800038473,18,8,29,1330,1,2,1,3.0,2.0,92049,M,4881734.0,232680.0,92
201800038474,18,8,29,1405,1,2,3,3.0,3.0,92049,M,4881776.0,232562.0,92
201800038475,18,8,31,1745,1,2,3,1.0,3.0,92020,M,4881149.0,230027.0,92
201800038476,18,9,6,1715,1,2,3,1.0,3.0,92020,M,4880900.0,229800.0,92
201800038477,18,9,7,1420,1,2,1,1.0,3.0,92049,M,4881200.0,232400.0,92
201800038478,18,9,9,2150,5,2,1,1.0,2.0,92020,M,4879800.0,228300.0,92
201800038479,18,9,10,1720,1,2,4,1.0,2.0,92020,M,4879896.0,228097.0,92
201800038480,18,9,11,1005,1,2,2,1.0,1.0,92049,M,4881000.0,230500.0,92
201800038481,18,9,11,1240,1,2,1,1.0,6.0,92020,M,4879000.0,229300.0,92
201800038482,18,9,15,2350,5,2,2,1.0,3.0,92049,M,4881802.0,232230.0,92
201800038483,18,9,18,825,1,2,9,1.0,3.0,92049,M,4881437.0,231519.0,92
201800038484,18,9,18,835,1,2,2,1.0,3.0,92049,M,4881752.0,232543.0,92
201800038485,18,9,21,1510,1,2,1,1.0,3.0,92049,M,4881254.0,232614.0,92
201800038486,18,9,23,2010,5,2,1,2.0,6.0,92020,M,4880725.0,229432.0,92
201800038487,18,9,25,905,1,2,1,1.0,7.0,92020,M,4880100.0,229000.0,92
201800038488,18,10,3,755,1,2,1,2.0,7.0,92049,M,4881668.0,232583.0,92
201800038489,18,10,5,1940,5,2,1,1.0,6.0,92049,M,4881600.0,232500.0,92
201800038490,18,10,9,730,5,2,1,1.0,4.0,92049,M,4881505.0,230433.0,92
201800038491,18,10,10,845,1,2,5,1.0,3.0,92020,M,4879900.0,228500.0,92
201800038492,18,10,10,1835,1,2,1,1.0,6.0,92049,M,4881357.0,231790.0,92
201800038493,18,10,11,755,1,2,1,1.0,3.0,92049,M,4882064.0,231199.0,92
201800038494,18,10,12,1745,1,2,1,1.0,7.0,92020,M,4880799.0,229532.0,92
201800038495,18,10,15,930,1,2,1,1.0,3.0,92020,M,4880151.0,228459.0,92
201800038496,18,10,15,1335,1,2,2,1.0,3.0,92020,M,4880397.0,229771.0,92
201800038497,18,10,16,1845,2,2,1,2.0,7.0,92020,M,4880021.0,228227.0,92
201800038498,18,10,17,2030,5,2,1,1.0,6.0,92020,M,4886272.0,228759.0,92
201800038499,18,10,19,1000,1,2,3,1.0,3.0,92049,M,4881279.0,230163.0,92
201800038500,18,10,19,1919,5,2,1,1.0,1.0,92020,M,4879683.0,227996.0,92
201800038501,18,10,22,725,5,2,2,1.0,6.0,92020,M,4880409.0,228872.0,92
201800038502,18,10,23,925,1,2,3,1.0,2.0,92049,M,4881706.0,233064.0,92
201800038503,18,10,25,1535,1,2,1,1.0,6.0,92020,M,4880436.0,228808.0,92
201800038504,18,10,30,1845,5,2,2,1.0,6.0,92049,M,4881700.0,232500.0,92
201800038505,18,10,31,1840,5,2,1,2.0,6.0,92020,M,4880499.0,228755.0,92
201800038506,18,11,1,1517,1,2,2,2.0,3.0,92049,M,4881975.0,231273.0,92
201800038507,18,11,6,740,1,2,2,1.0,3.0,92020,M,4880761.0,228491.0,92
201800038508,18,11,8,1750,5,2,1,1.0,6.0,92020,M,4880613.0,229241.0,92
201800038509,18,11,10,1050,1,2,1,3.0,3.0,92049,M,4881513.0,231761.0,92
201800038510,18,11,12,1833,5,2,1,1.0,6.0,92020,M,4879438.0,227289.0,92
201800038511,18,11,14,845,1,2,2,1.0,7.0,92049,M,4881700.0,230800.0,92
201800038512,18,11,15,2125,5,2,2,1.0,3.0,92020,M,,,92
201800038513,18,11,19,900,1,2,2,1.0,2.0,92020,M,4880965.0,229803.0,92
201800038514,18,11,24,2020,5,2,1,1.0,6.0,92020,M,4879644.0,229258.0,92
201800038515,18,11,29,1330,1,2,1,1.0,3.0,92020,M,4880625.0,229215.0,92
201800038516,18,12,12,1030,1,2,3,1.0,3.0,92049,M,4880985.0,232272.0,92
201800038517,18,12,12,1955,5,2,1,1.0,5.0,92020,M,4880930.0,229853.0,92
201800038518,18,12,12,1333,1,2,1,1.0,6.0,92049,M,4881848.0,232086.0,92
201800038519,18,12,18,915,1,2,1,1.0,6.0,92049,M,4881914.0,231610.0,92
201800038520,18,12,19,1100,1,2,2,2.0,2.0,92049,M,4881199.0,232633.0,92
201800038521,18,12,19,1405,1,2,2,8.0,6.0,92049,M,4882033.0,231153.0,92
201800038522,18,12,19,1605,1,2,3,1.0,2.0,92049,M,4881632.0,230719.0,92
201800038523,18,12,22,1130,1,2,1,1.0,3.0,92020,M,4880340.0,228790.0,92
201800038524,18,12,22,1610,1,2,3,1.0,3.0,92020,M,4879978.0,228561.0,92
201800038525,18,1,2,615,5,2,1,1.0,2.0,92050,M,4888595.0,221787.0,92
201800038526,18,1,7,1610,1,2,1,1.0,6.0,92050,M,4891119.0,222126.0,92
201800038527,18,1,9,1120,1,2,9,1.0,6.0,92050,M,4888973.0,219836.0,92
201800038528,18,1,10,1610,1,2,2,8.0,6.0,92050,M,4888662.0,220910.0,92
201800038529,18,1,11,1345,1,2,1,2.0,3.0,92050,M,4888000.0,220000.0,92
201800038530,18,1,13,1555,1,2,2,1.0,3.0,92050,M,4888975.0,218680.0,92
201800038531,18,1,16,935,1,2,1,2.0,6.0,92050,M,,,92
201800038532,18,1,18,1905,5,2,1,2.0,6.0,92050,M,4891000.0,222000.0,92
201800038533,18,1,19,915,1,2,3,2.0,6.0,92050,M,4889363.0,221196.0,92
201800038534,18,1,19,2125,5,2,1,1.0,3.0,92050,M,4889574.0,222429.0,92
201800038535,18,1,24,1900,5,2,1,1.0,6.0,92050,M,4889631.0,219600.0,92
201800038536,18,1,25,1820,5,2,1,2.0,6.0,92050,M,4889478.0,219289.0,92
201800038537,18,1,26,1735,2,2,1,1.0,3.0,92050,M,4889856.0,223121.0,92
201800038538,18,1,31,815,2,2,4,2.0,3.0,92050,M,4887867.0,221093.0,92
201800038539,18,2,1,905,1,2,1,2.0,6.0,92050,M,4888782.0,218820.0,92
201800038540,18,2,2,1845,5,2,1,2.0,2.0,92050,M,4888000.0,221000.0,92
201800038541,18,2,3,2142,5,2,1,2.0,6.0,92050,M,,,92
201800038542,18,2,12,930,1,2,1,7.0,3.0,92050,M,4889866.0,222075.0,92
201800038543,18,2,7,1830,5,2,3,4.0,6.0,92050,M,4889063.0,219027.0,92
201800038544,18,2,13,1658,2,2,1,4.0,2.0,92050,M,4888910.0,219264.0,92
201800038545,18,2,16,850,1,2,1,1.0,6.0,92050,M,4891355.0,222797.0,92
201800038546,18,2,15,1940,5,2,1,2.0,6.0,92050,M,4889318.0,219813.0,92
201800038547,18,2,19,1635,1,2,1,2.0,6.0,92050,M,4888000.0,222000.0,92
201800038548,18,2,16,1300,1,2,1,1.0,6.0,92050,M,4889574.0,221620.0,92
201800038549,18,2,26,1935,5,2,1,1.0,6.0,92050,M,4880000.0,219000.0,92
201800038550,18,2,26,1145,1,2,3,7.0,6.0,92050,M,4888634.0,220931.0,92
201800038551,18,3,1,1620,1,2,2,4.0,3.0,92050,M,4889437.0,219385.0,92
201800038552,18,3,15,900,1,2,1,2.0,3.0,92050,M,,,92
201800038553,18,3,15,1300,1,2,1,1.0,3.0,92050,M,4889343.0,220209.0,92
201800038554,18,4,1,2200,5,2,2,1.0,3.0,92050,M,4891880.0,222270.0,92
201800038555,18,4,5,1530,1,2,9,1.0,3.0,92050,M,4890030.0,220020.0,92
201800038556,18,4,6,905,1,2,1,1.0,3.0,92050,M,4885785.0,219786.0,92
201800038557,18,4,10,700,2,2,1,8.0,6.0,92050,M,4888562.0,219615.0,92
201800038558,18,4,14,45,5,2,1,1.0,3.0,92050,M,4889462.0,222369.0,92
201800038559,18,4,17,1555,1,2,2,1.0,2.0,92050,M,,,92
201800038560,18,4,26,1615,1,2,1,1.0,3.0,92050,M,,,92
201800038561,18,4,27,1815,1,2,1,1.0,6.0,92050,M,4888000.0,219000.0,92
201800038562,18,5,4,1840,1,2,1,1.0,3.0,92050,M,4888659.0,220692.0,92
201800038563,18,5,6,2340,5,2,9,1.0,5.0,92050,M,4890514.0,220938.0,92
201800038564,18,5,6,1840,1,2,1,1.0,6.0,92050,M,,,92
201800038565,18,5,7,1402,1,2,8,1.0,3.0,92050,M,4888248.0,220440.0,92
201800038566,18,5,9,1655,1,2,1,1.0,2.0,92050,M,4888858.0,222410.0,92
201800038567,18,5,10,2035,2,2,1,1.0,3.0,92050,M,4880000.0,220000.0,92
201800038568,18,5,14,15,5,2,9,2.0,6.0,92050,M,4889313.0,219786.0,92
201800038569,18,5,14,2025,2,2,2,2.0,3.0,92050,M,4809098.0,221000.0,92
201800038570,18,5,15,715,1,2,9,8.0,6.0,92050,M,4888647.0,220687.0,92
201800038571,18,5,15,1515,1,2,1,1.0,6.0,92050,M,4888828.0,219647.0,92
201800038572,18,5,18,2350,5,2,2,1.0,3.0,92050,M,4888603.0,221392.0,92
201800038573,18,5,19,1140,1,2,1,7.0,3.0,92050,M,4889574.0,221540.0,92
201800038574,18,5,22,2010,1,2,2,1.0,3.0,92050,M,4889296.0,218678.0,92
201800038575,18,5,26,1320,1,2,1,1.0,6.0,92050,M,4888000.0,221000.0,92
201800038576,18,5,26,1955,1,2,1,1.0,6.0,92050,M,4889478.0,222313.0,92
201800038577,18,5,30,330,5,2,2,1.0,3.0,92050,M,4888973.0,218682.0,92
201800038578,18,5,30,1750,1,2,1,1.0,2.0,92050,M,4888552.0,222091.0,92
201800038579,18,5,31,930,1,2,2,1.0,3.0,92050,M,4888616.0,221479.0,92
201800038580,18,5,31,1255,1,2,1,1.0,3.0,92050,M,4888599.0,218878.0,92
201800038581,18,6,1,1950,1,2,1,2.0,6.0,92050,M,,,92
201800038582,18,6,4,1845,1,2,2,1.0,3.0,92050,M,4889497.0,219214.0,92
201800038583,18,6,7,1750,1,2,1,1.0,3.0,92050,M,4890916.0,221624.0,92
201800038584,18,6,8,1700,1,2,2,1.0,3.0,92050,M,4800000.0,220056.0,92
201800038585,18,6,9,1920,1,2,1,1.0,3.0,92050,M,4889917.0,219087.0,92
201800038586,18,6,11,940,1,2,1,2.0,6.0,92050,M,4888744.0,218615.0,92
201800038587,18,6,11,1630,1,2,1,1.0,3.0,92050,M,,,92
201800038588,18,6,20,1600,1,2,7,1.0,1.0,92050,M,4889140.0,220025.0,92
201800038589,18,6,20,2100,1,2,9,1.0,3.0,92050,M,4888000.0,220660.0,92
201800038590,18,6,23,2000,2,2,6,1.0,3.0,92050,M,4888000.0,220000.0,92
201800038591,18,6,26,1535,1,2,2,7.0,3.0,92050,M,4880000.0,210000.0,92
201800038592,18,6,26,2030,1,2,7,1.0,3.0,92050,M,4888693.0,220080.0,92
201800038593,18,6,27,900,1,2,1,1.0,6.0,92050,M,4890000.0,221000.0,92
201800038594,18,6,25,1005,1,2,1,1.0,3.0,92050,M,4889440.0,220056.0,92
201800038595,18,6,29,2325,5,2,2,1.0,7.0,92050,M,4889300.0,221100.0,92
201800038596,18,7,3,1050,1,1,1,1.0,2.0,92073,M,4886000.0,222000.0,92
201800038597,18,7,6,1520,1,2,1,1.0,4.0,92050,M,4889678.0,221715.0,92
201800038598,18,7,6,2030,1,2,1,1.0,6.0,92050,M,4800000.0,221000.0,92
201800038599,18,7,9,1850,1,2,1,1.0,3.0,92050,M,,,92
201800038600,18,7,19,1940,1,2,1,1.0,3.0,92050,M,4889000.0,222000.0,92
201800038601,18,7,20,1830,1,2,1,1.0,3.0,92050,M,4889658.0,223097.0,92
201800038602,18,7,24,2220,5,2,1,1.0,2.0,92050,M,4888547.0,222224.0,92
201800038603,18,7,26,1830,1,2,4,1.0,3.0,92050,M,4889183.0,220476.0,92
201800038604,18,7,26,1855,1,2,2,1.0,6.0,92050,M,4889224.0,218934.0,92
201800038605,18,7,27,1545,1,2,6,1.0,6.0,92050,M,4889750.0,221800.0,92
201800038606,18,7,28,1900,1,2,2,1.0,3.0,92050,M,4890410.0,221870.0,92
201800038607,18,7,30,825,1,2,1,1.0,3.0,92050,M,4891900.0,222100.0,92
201800038608,18,7,30,1500,1,2,1,1.0,2.0,92050,M,4889601.0,219875.0,92
201800038609,18,8,7,1110,1,2,1,1.0,2.0,92050,M,4889000.0,223000.0,92
201800038610,18,8,14,900,1,2,1,8.0,3.0,92050,M,4888538.0,222136.0,92
201800038611,18,8,18,930,1,2,1,1.0,3.0,92050,M,4891033.0,221448.0,92
201800038612,18,8,21,1220,1,2,2,1.0,3.0,92050,M,4890000.0,221000.0,92
201800038613,18,8,21,2010,1,2,9,1.0,6.0,92050,M,,,92
201800038614,18,9,7,1135,1,2,3,1.0,3.0,92050,M,4887836.0,221404.0,92
201800038615,18,9,8,1125,1,1,2,1.0,3.0,92050,M,4890400.0,221920.0,92
201800038616,18,9,10,1810,1,2,6,1.0,2.0,92050,M,4888683.0,220082.0,92
201800038617,18,9,12,740,1,2,1,1.0,1.0,92050,M,,,92
201800038618,18,9,12,1950,1,2,1,1.0,3.0,92050,M,4889000.0,219900.0,92
201800038619,18,9,12,830,1,2,1,1.0,3.0,92050,M,4888445.0,219366.0,92
201800038620,18,9,13,1215,1,2,4,1.0,5.0,92050,M,4888000.0,221000.0,92
201800038621,18,9,14,1845,1,2,1,1.0,3.0,92050,M,4890000.0,221000.0,92
201800038622,18,9,15,1345,1,2,1,1.0,1.0,92050,M,4888800.0,219306.0,92
201800038623,18,9,22,2250,5,2,3,8.0,3.0,92050,M,,,92
201800038624,18,9,25,1305,1,2,2,1.0,1.0,92050,M,4890000.0,221000.0,92
201800038625,18,9,30,2010,5,2,9,1.0,3.0,92050,M,,,92
201800038626,18,10,3,1015,1,2,1,8.0,3.0,92050,M,4888000.0,220000.0,92
201800038627,18,10,4,2200,5,2,2,1.0,3.0,92050,M,4888000.0,220000.0,92
201800038628,18,10,5,40,5,2,1,1.0,6.0,92050,M,4888000.0,220600.0,92
201800038629,18,10,5,1630,1,2,1,1.0,3.0,92050,M,4889487.0,20937.0,92
201800038630,18,10,4,1635,1,2,2,1.0,3.0,92050,M,4891244.0,222491.0,92
201800038631,18,10,8,1700,1,2,1,1.0,6.0,92050,M,4889024.0,219180.0,92
201800038632,18,10,11,1335,1,2,3,1.0,3.0,92050,M,4889076.0,221588.0,92
201800038633,18,10,12,825,1,2,4,2.0,3.0,92050,M,4888856.0,219391.0,92
201800038634,18,10,12,1345,1,2,1,8.0,6.0,92050,M,4889000.0,219000.0,92
201800038635,18,10,12,1645,1,2,1,1.0,6.0,92050,M,4889320.0,218339.0,92
201800038636,18,10,19,1710,1,2,3,1.0,3.0,92050,M,4888990.0,220366.0,92
201800038637,18,10,24,1700,1,1,1,1.0,2.0,92050,M,,,92
201800038638,18,10,25,1025,1,2,2,8.0,6.0,92050,M,4889369.0,221183.0,92
201800038639,18,10,26,2242,5,2,2,1.0,3.0,92026,M,4889283.0,224510.0,92
201800038640,18,10,28,1400,1,2,1,2.0,6.0,92050,M,4888763.0,221964.0,92
201800038641,18,10,29,2210,5,2,6,8.0,3.0,92050,M,4800000.0,220000.0,92
201800038642,18,10,30,2025,5,2,2,1.0,3.0,92050,M,4889346.0,218658.0,92
201800038643,18,11,4,1200,1,2,1,1.0,3.0,92050,M,4888000.0,218000.0,92
201800038644,18,11,12,940,1,2,4,3.0,3.0,92050,M,4888000.0,221000.0,92
201800038645,18,11,13,810,1,2,1,1.0,5.0,92050,M,,,92
201800038646,18,11,13,2040,5,2,4,1.0,3.0,92050,M,4887000.0,271000.0,92
201800038647,18,11,14,1650,1,2,1,1.0,3.0,92050,M,4890000.0,221000.0,92
201800038648,18,11,14,815,1,2,2,1.0,6.0,92050,M,4888715.0,218908.0,92
201800038649,18,11,15,1430,1,2,3,1.0,3.0,92050,M,4889020.0,221870.0,92
201800038650,18,11,19,1135,1,2,3,1.0,6.0,92050,M,4889000.0,219000.0,92
201800038651,18,11,19,2030,5,2,1,2.0,3.0,92050,M,4880000.0,220000.0,92
201800038652,18,12,3,10,5,2,3,8.0,3.0,92050,M,,,92
201800038653,18,12,7,1435,1,2,1,3.0,2.0,92050,M,4888781.0,218735.0,92
201800038654,18,12,9,5,5,2,9,1.0,2.0,92050,M,4888505.0,221060.0,92
201800038655,18,12,10,910,1,2,1,2.0,6.0,92050,M,4887869.0,220801.0,92
201800038656,18,12,13,1335,1,2,1,1.0,3.0,92050,M,4889120.0,220321.0,92
201800038657,18,12,16,1850,5,2,2,2.0,3.0,92050,M,4888000.0,219000.0,92
201800038658,18,12,17,730,4,1,9,9.0,4.0,92050,M,4890022.0,221964.0,92
201800038659,18,12,10,850,1,2,1,1.0,6.0,92050,M,4888949.0,220464.0,92
201800038660,18,12,17,1520,1,2,1,1.0,6.0,92050,M,4889569.0,221530.0,92
201800038661,18,12,24,615,5,2,1,2.0,6.0,92050,M,4891221.0,222391.0,92
201800038662,18,12,27,2210,5,2,2,1.0,3.0,92050,M,4890030.0,220020.0,92
201800038663,18,12,29,345,5,2,1,1.0,6.0,92050,M,4889370.0,218850.0,92
201800038664,18,1,1,1300,1,2,1,2.0,6.0,92051,M,4888189.0,226870.0,92
201800038665,18,12,10,845,1,2,1,1.0,6.0,92051,M,4888870.0,227384.0,92
201800038666,18,1,9,1015,1,2,1,1.0,6.0,92051,M,4888758.0,227953.0,92
201800038667,18,1,22,1837,5,2,1,1.0,3.0,92051,M,4888189.0,226872.0,92
201800038668,18,1,29,955,1,2,3,8.0,3.0,92051,M,4888412.0,225440.0,92
201800038669,18,1,30,2044,5,2,2,2.0,3.0,92051,M,4887630.0,224660.0,92
201800038670,18,2,12,700,5,2,1,1.0,6.0,92051,M,4889532.0,226740.0,92
201800038671,18,2,12,2000,5,2,1,1.0,4.0,92051,M,4888293.0,226732.0,92
201800038672,18,2,21,1815,2,2,1,1.0,6.0,92051,M,4888580.0,227047.0,92
201800038673,18,3,6,1050,1,2,1,1.0,6.0,92051,M,4888531.0,227005.0,92
201800038674,18,3,8,1020,1,2,1,1.0,6.0,92051,M,4888617.0,226448.0,92
201800038675,18,3,13,900,1,2,3,1.0,3.0,92051,M,4889360.0,226780.0,92
201800038676,18,1,22,830,5,2,1,2.0,6.0,92051,M,4888352.0,228066.0,92
201800038677,18,3,16,1930,5,2,1,1.0,3.0,92051,M,4888790.0,227384.0,92
201800038678,18,3,19,1230,1,2,1,8.0,3.0,92051,M,,,92
201800038679,18,2,17,1600,1,2,1,1.0,2.0,92051,M,4888189.0,226872.0,92
201800038680,18,3,25,1930,5,2,1,2.0,6.0,92051,M,4888879.0,227384.0,92
201800038681,18,3,26,410,5,2,1,1.0,6.0,92051,M,4888605.0,225713.0,92
201800038682,18,4,8,2225,5,2,9,1.0,3.0,92051,M,4888189.0,226862.0,92
201800038683,18,4,19,545,3,2,1,1.0,5.0,92051,M,4888215.0,226890.0,92
201800038684,18,4,19,1250,1,2,1,1.0,2.0,92051,M,4888845.0,225827.0,92
201800038685,18,4,24,1710,1,2,1,1.0,4.0,92051,M,4888811.0,227532.0,92
201800038686,18,4,25,1855,1,2,1,1.0,2.0,92051,M,4888500.0,225889.0,92
201800038687,18,4,26,15,5,2,1,1.0,2.0,92051,M,4888189.0,226872.0,92
201800038688,18,4,27,1315,1,2,1,1.0,6.0,92051,M,4888189.0,226872.0,92