Num_Acc,an,mois,jour,hrmn,lum,agg,int,atm,col,com,gps,lat,long,dep
201800038689,18,4,28,1250,1,2,1,1.0,3.0,92051,M,4888344.0,227452.0,92
201800038690,18,5,3,1545,1,2,1,1.0,1.0,92051,M,4887714.0,224949.0,92
201800038691,18,5,4,2038,2,2,1,1.0,3.0,92051,M,,,92
201800038692,18,5,6,1600,1,2,6,7.0,3.0,92051,M,,,92
201800038693,18,5,9,1000,1,2,1,1.0,2.0,92051,M,4888775.0,227779.0,92
201800038694,18,5,17,830,1,2,1,1.0,6.0,92051,M,4888000.0,228000.0,92
201800038695,18,5,19,1920,1,2,1,1.0,6.0,92051,M,4888269.0,226151.0,92
201800038696,18,5,23,1000,1,2,9,1.0,6.0,92051,M,4888733.0,228031.0,92
201800038697,18,5,24,1830,1,2,1,1.0,3.0,92051,M,4888189.0,226872.0,92
201800038698,18,5,25,135,5,2,5,1.0,3.0,92051,M,4888879.0,227384.0,92
201800038699,18,5,25,1630,1,2,1,3.0,1.0,92051,M,4888007.0,279664.0,92
201800038700,18,5,28,1230,1,2,1,1.0,1.0,92051,M,4888705.0,225655.0,92
201800038701,18,5,30,350,5,2,1,1.0,6.0,92051,M,4887471.0,225505.0,92
201800038702,18,3,12,1655,1,2,1,1.0,5.0,92051,M,4888412.0,225440.0,92
201800038703,18,7,6,1124,1,2,3,1.0,6.0,92051,M,,,92
201800038704,18,7,6,1702,1,2,1,1.0,2.0,92051,M,4887787.0,224784.0,92
201800038705,18,7,13,120,5,2,1,1.0,4.0,92051,M,4888189.0,226872.0,92
201800038706,18,7,20,1115,1,2,1,8.0,6.0,92051,M,4887797.0,225175.0,92
201800038707,18,7,23,1010,1,2,8,1.0,3.0,92051,M,4888493.0,226827.0,92
201800038708,18,7,24,1420,1,2,1,1.0,2.0,92051,M,4887945.0,227721.0,92
201800038709,18,8,16,920,1,2,1,1.0,2.0,92051,M,4888010.0,227457.0,92
201800038710,18,9,1,2000,1,2,1,1.0,3.0,92051,M,4887852.0,222545.0,92
201800038711,18,9,5,915,1,2,1,1.0,3.0,92051,M,4888224.0,227859.0,92
201800038712,18,9,6,820,1,2,1,1.0,2.0,92051,M,4888450.0,226233.0,92
201800038713,18,9,6,1030,1,2,1,2.0,4.0,92051,M,4887935.0,227716.0,92
201800038714,18,9,7,750,1,2,1,1.0,6.0,92051,M,4888359.0,227207.0,92
201800038715,18,9,14,920,1,2,9,1.0,6.0,92051,M,,,92
201800038716,18,9,20,1800,1,2,1,1.0,3.0,92051,M,4888758.0,227953.0,92
201800038717,18,9,20,1830,1,2,9,1.0,1.0,92051,M,4888879.0,227384.0,92
201800038718,18,10,4,900,1,2,1,1.0,4.0,92051,M,4888180.0,226900.0,92
201800038719,18,10,4,908,1,2,3,1.0,3.0,92051,M,4888879.0,227384.0,92
201800038720,18,10,4,1245,1,2,3,1.0,3.0,92051,M,4889108.0,227879.0,92
201800038721,18,10,10,805,1,2,1,1.0,3.0,92051,M,,,92
201800038722,18,10,23,715,5,2,1,1.0,2.0,92051,M,4889108.0,226872.0,92
201800038723,18,10,26,1000,1,2,1,1.0,2.0,92051,M,4888189.0,226872.0,92
201800038724,18,10,26,1913,5,2,1,2.0,6.0,92051,M,4887972.0,226482.0,92
201800038725,18,11,4,1445,1,2,2,1.0,3.0,92051,M,4888049.0,227638.0,92
201800038726,18,11,5,2245,5,2,3,1.0,3.0,92051,M,4889025.0,226093.0,92
201800038727,18,11,13,1115,1,2,9,1.0,3.0,92051,M,4889194.0,226622.0,92
201800038728,18,11,16,1120,1,2,1,1.0,3.0,92051,M,4888580.0,227047.0,92
201800038729,18,11,16,1730,5,2,2,1.0,3.0,92051,M,4889231.0,226887.0,92
201800038730,18,11,20,1230,1,2,1,2.0,6.0,92051,M,4888193.0,227018.0,92
201800038731,18,11,22,1330,1,2,1,8.0,3.0,92051,M,4889405.0,227713.0,92
201800038732,18,11,23,2255,5,2,2,3.0,3.0,92051,M,4888146.0,227944.0,92
201800038733,18,12,10,2257,5,2,1,1.0,5.0,92051,M,4488189.0,226872.0,92
201800038734,18,12,11,2230,5,2,1,1.0,6.0,92051,M,4888570.0,228069.0,92
201800038735,18,12,18,1815,5,2,2,1.0,6.0,92051,M,4887916.0,227462.0,92
201800038736,18,1,7,1710,2,2,1,1.0,4.0,92062,M,4888078.0,224481.0,92
201800038737,18,1,10,2245,5,2,1,1.0,2.0,92062,M,4888084.0,222780.0,92
201800038738,18,1,25,745,5,2,2,2.0,6.0,92062,M,4887970.0,223546.0,92
201800038739,18,1,27,1130,1,2,1,1.0,2.0,92062,M,4887926.0,223949.0,92
201800038740,18,2,2,950,1,2,1,1.0,6.0,92062,M,4888202.0,223472.0,92
201800038741,18,2,20,1940,5,2,1,2.0,6.0,92062,M,4887700.0,224300.0,92
201800038742,18,2,23,1400,1,2,1,1.0,2.0,92062,M,4888410.0,224950.0,92
201800038743,18,3,2,1110,1,2,2,1.0,6.0,92062,M,,,92
201800038744,18,3,14,1,5,2,3,1.0,6.0,92062,M,4888394.0,224488.0,92
201800038745,18,4,1,1805,1,2,2,1.0,3.0,92062,M,,,92
201800038746,18,4,3,1630,1,2,1,2.0,6.0,92062,M,4887986.0,223979.0,92
201800038747,18,4,3,1740,1,1,1,3.0,3.0,92062,M,4889027.0,224024.0,92
201800038748,18,4,8,1645,1,2,2,1.0,3.0,92062,M,4888520.0,224690.0,92
201800038749,18,4,10,1830,1,2,1,1.0,6.0,92062,M,4888041.0,223852.0,92
201800038750,18,4,12,2242,5,2,1,2.0,6.0,92062,M,4887883.0,224184.0,92
201800038751,18,4,22,2030,1,2,2,2.0,3.0,92062,M,4888703.0,223112.0,92
201800038752,18,5,4,1645,1,2,1,1.0,7.0,92062,M,4888456.0,222673.0,92
201800038753,18,5,16,1205,1,2,1,1.0,2.0,92062,M,4887765.0,224163.0,92
201800038754,18,5,16,1835,1,2,1,1.0,6.0,92062,M,4888528.0,224984.0,92
201800038755,18,5,25,940,1,2,9,1.0,2.0,92062,M,4887939.0,224410.0,92
201800038756,18,5,26,1330,1,2,2,1.0,6.0,92062,M,4887889.0,224160.0,92
201800038757,18,5,29,1405,1,2,1,2.0,6.0,92062,M,4888530.0,224040.0,92
201800038758,18,5,31,1550,1,2,2,1.0,6.0,92062,M,4887857.0,224257.0,92
201800038759,18,6,15,830,1,2,1,1.0,2.0,92062,M,4887779.0,223992.0,92
201800038760,18,6,26,1950,1,2,1,1.0,2.0,92062,M,4887970.0,224020.0,92
201800038761,18,6,28,900,1,1,1,1.0,3.0,92062,M,4888560.0,225128.0,92
201800038762,18,6,26,2010,1,2,2,1.0,3.0,92062,M,4888124.0,222643.0,92
201800038763,18,6,28,950,1,2,1,1.0,2.0,92062,M,4888696.0,224525.0,92
201800038764,18,6,28,1745,1,2,1,1.0,3.0,92062,M,4888320.0,224851.0,92
201800038765,18,7,3,1950,1,2,1,1.0,2.0,92062,M,4888610.0,223036.0,92
201800038766,18,7,6,2020,1,2,1,1.0,6.0,92062,M,4888227.0,222825.0,92
201800038767,18,7,16,1010,1,2,2,1.0,3.0,92062,M,4888520.0,224700.0,92
201800038768,18,7,26,1110,1,2,7,1.0,3.0,92062,M,4888539.0,222805.0,92
201800038769,18,8,27,1050,1,2,1,1.0,2.0,92062,M,4887796.0,224201.0,92
201800038770,18,9,11,1120,1,2,1,1.0,4.0,92062,M,4888126.0,224569.0,92
201800038771,18,9,17,1900,1,2,1,1.0,6.0,92062,M,4887912.0,224161.0,92
201800038772,18,9,21,1855,1,2,2,1.0,3.0,92062,M,4887731.0,224398.0,92
201800038773,18,9,27,1820,1,2,1,1.0,6.0,92062,M,4888219.0,223133.0,92
201800038774,18,10,2,1850,2,2,9,2.0,2.0,92062,M,4889100.0,223299.0,92
201800038775,18,10,6,1740,1,2,2,1.0,3.0,92062,M,4887000.0,224000.0,92
201800038776,18,10,16,1003,1,2,9,1.0,3.0,92062,M,4888761.0,223249.0,92
201800038777,18,10,16,1100,2,2,1,1.0,2.0,92062,M,4887872.0,224196.0,92
201800038778,18,10,16,2320,5,2,2,1.0,3.0,92062,M,4887840.0,224264.0,92
201800038779,18,10,19,1120,1,2,3,1.0,3.0,92062,M,4888556.0,225111.0,92
201800038780,18,10,27,1800,1,2,1,1.0,2.0,92062,M,4888561.0,222784.0,92
201800038781,18,10,27,1120,1,2,3,1.0,2.0,92062,M,4888399.0,224918.0,92
201800038782,18,11,8,2045,5,2,1,1.0,6.0,92062,M,4887711.0,224066.0,92
201800038783,18,11,10,1600,1,2,2,2.0,6.0,92062,M,4888000.0,223000.0,92
201800038784,18,11,10,1720,5,2,1,1.0,2.0,92062,M,4888528.0,222492.0,92
201800038785,18,11,16,1610,1,2,9,1.0,3.0,92062,M,4888594.0,224615.0,92
201800038786,18,11,19,1850,2,2,6,8.0,7.0,92062,M,4888506.0,222624.0,92
201800038787,18,11,23,1715,5,2,3,1.0,3.0,92062,M,4887985.0,224002.0,92
201800038788,18,12,3,1120,1,2,4,2.0,2.0,92062,M,4888553.0,225147.0,92
201800038789,18,12,4,2130,5,2,3,1.0,3.0,92062,M,4887000.0,224000.0,92
201800038790,18,12,13,930,1,2,6,1.0,6.0,92062,M,4888552.0,222808.0,92
201800038791,18,12,13,1045,1,2,2,1.0,6.0,92062,M,4888515.0,222626.0,92
201800038792,18,12,31,1715,5,2,1,1.0,6.0,92062,M,4887992.0,223972.0,92
201800038793,18,1,10,750,4,2,6,2.0,3.0,92063,M,4887348.0,218155.0,92
201800038794,18,1,13,1630,1,2,2,1.0,3.0,92063,M,4888123.0,218425.0,92
201800038795,18,1,14,1105,1,2,1,1.0,6.0,92063,M,4887728.0,218162.0,92
201800038796,18,1,14,1215,1,2,1,1.0,3.0,92063,M,4886385.0,218091.0,92
201800038797,18,1,17,818,5,2,2,2.0,2.0,92063,M,4887780.0,219687.0,92
201800038798,18,1,25,1315,1,2,1,1.0,3.0,92063,M,4888058.0,218158.0,92
201800038799,18,1,30,2200,5,2,6,2.0,3.0,92063,M,4885803.0,219381.0,92
201800038800,18,2,14,1245,1,2,1,1.0,6.0,92063,M,4887726.0,217295.0,92
201800038801,18,3,9,1315,1,2,1,1.0,2.0,92063,M,4886802.0,218590.0,92
201800038802,18,3,12,600,5,2,2,1.0,3.0,92063,M,4889136.0,217685.0,92
201800038803,18,3,20,1340,1,2,3,1.0,3.0,92063,M,4887866.0,218655.0,92
201800038804,18,3,20,1220,1,2,3,1.0,3.0,92063,M,4887721.0,219897.0,92
201800038805,18,3,31,1120,1,2,9,1.0,6.0,92063,M,4887957.0,218522.0,92
201800038806,18,4,4,2050,5,2,1,2.0,2.0,92063,M,4887011.0,215839.0,92
201800038807,18,4,7,2300,5,2,3,1.0,3.0,92063,M,4887481.0,220105.0,92
201800038808,18,4,10,1920,1,2,2,1.0,3.0,92063,M,4886885.0,220365.0,92
201800038809,18,4,22,2055,2,2,1,1.0,6.0,92063,M,4886896.0,218696.0,92
201800038810,18,4,23,10,5,2,1,1.0,6.0,92063,M,4886896.0,220806.0,92
201800038811,18,5,3,1535,1,2,1,1.0,6.0,92063,M,4887190.0,220314.0,92
201800038812,18,5,20,2300,5,2,1,1.0,1.0,92063,M,4888154.0,216249.0,92
201800038813,18,5,22,1250,1,2,1,1.0,6.0,92063,M,4888173.0,218660.0,92
201800038814,18,5,22,1620,1,2,1,1.0,5.0,92063,M,4886079.0,219044.0,92
201800038815,18,5,22,1630,1,2,1,1.0,1.0,92063,M,4987660.0,218716.0,92
201800038816,18,5,24,840,1,2,2,1.0,6.0,92063,M,4888142.0,218412.0,92
201800038817,18,5,25,1420,1,2,1,1.0,6.0,92063,M,4887525.0,218101.0,92
201800038818,18,5,28,810,1,2,3,1.0,3.0,92063,M,4887933.0,214942.0,92
201800038819,18,5,29,1110,1,2,2,1.0,6.0,92063,M,4887648.0,218598.0,92
201800038820,18,5,29,1400,1,2,1,1.0,3.0,92063,M,4887295.0,220216.0,92
201800038821,18,5,29,1515,1,2,1,1.0,2.0,92063,M,4887864.0,217715.0,92
201800038822,18,5,31,1005,1,2,3,1.0,2.0,92063,M,4887997.0,218082.0,92
201800038823,18,6,6,1015,1,2,2,1.0,4.0,92063,M,4888114.0,218437.0,92
201800038824,18,6,7,810,1,2,3,1.0,3.0,92063,M,4888946.0,217882.0,92
201800038825,18,6,8,715,1,2,1,1.0,6.0,92063,M,4889068.0,217656.0,92
201800038826,18,6,8,745,1,2,3,1.0,3.0,92063,M,4886469.0,218833.0,92
201800038827,18,6,12,1730,1,2,1,1.0,6.0,92063,M,4885954.0,218188.0,92
201800038828,18,6,16,1100,1,2,1,1.0,2.0,92063,M,4888728.0,216772.0,92
201800038829,18,6,17,400,5,2,1,1.0,6.0,92063,M,4888701.0,217422.0,92
201800038830,18,6,20,950,1,2,4,1.0,3.0,92063,M,4888683.0,217026.0,92
201800038831,18,6,20,1130,1,2,1,1.0,6.0,92063,M,4887984.0,218085.0,92
201800038832,18,6,21,1405,1,2,3,1.0,2.0,92063,M,4887991.0,218055.0,92
201800038833,18,6,22,30,5,2,1,1.0,5.0,92063,M,4887438.0,220095.0,92
201800038834,18,7,18,1640,1,2,1,1.0,6.0,92063,M,4886385.0,219207.0,92
201800038835,18,7,23,1745,1,2,2,1.0,3.0,92063,M,4889010.0,218063.0,92
201800038836,18,7,23,1940,1,2,2,1.0,3.0,92063,M,4886768.0,219643.0,92
201800038837,18,7,5,1950,1,2,2,1.0,3.0,92063,M,4886987.0,215733.0,92
201800038838,18,7,26,750,1,2,6,1.0,3.0,92063,M,4887615.0,220088.0,92
201800038839,18,7,14,30,5,2,1,1.0,6.0,92063,M,4886968.0,220105.0,92
201800038840,18,7,15,105,5,2,4,1.0,7.0,92063,M,4886791.0,217069.0,92
201800038841,18,8,2,740,1,2,1,1.0,3.0,92063,M,4887443.0,218816.0,92
201800038842,18,8,30,1900,1,2,1,1.0,3.0,92063,M,4887711.0,220578.0,92
201800038843,18,9,17,950,1,2,3,1.0,3.0,92063,M,4887866.0,218655.0,92
201800038844,18,9,18,900,1,2,3,1.0,6.0,92063,M,4887341.0,219182.0,92
201800038845,18,9,18,1730,1,2,2,1.0,3.0,92063,M,4888706.0,217946.0,92
201800038846,18,9,21,1905,2,2,1,1.0,3.0,92063,M,4887214.0,220300.0,92
201800038847,18,9,24,755,1,2,4,1.0,6.0,92063,M,4888277.0,218834.0,92
201800038848,18,9,24,1110,1,2,3,1.0,3.0,92063,M,4888271.0,218216.0,92
201800038849,18,9,26,1400,1,2,1,1.0,6.0,92063,M,4886562.0,217818.0,92
201800038850,18,9,29,1235,1,2,1,1.0,2.0,92063,M,4886670.0,220383.0,92
201800038851,18,9,29,1450,1,2,3,1.0,3.0,92063,M,4886601.0,220238.0,92
201800038852,18,9,29,1900,1,2,1,1.0,2.0,92063,M,4887077.0,218410.0,92
201800038853,18,10,1,810,1,2,1,1.0,6.0,92063,M,4887681.0,218631.0,92
201800038854,18,10,5,1710,1,2,2,1.0,3.0,92063,M,4887571.0,218222.0,92
201800038855,18,10,6,2310,5,2,2,1.0,3.0,92063,M,4886881.0,220359.0,92
201800038856,18,10,10,755,2,2,1,1.0,6.0,92063,M,4887375.0,218286.0,92
201800038857,18,10,9,525,5,2,6,1.0,3.0,92050,M,4888732.0,219992.0,92
201800038858,18,10,20,1942,2,2,1,1.0,6.0,92063,M,4888444.0,218190.0,92
201800038859,18,10,22,850,1,2,3,2.0,3.0,92063,M,4886479.0,220774.0,92
201800038860,18,10,22,1830,1,2,1,1.0,3.0,92063,M,4887058.0,218429.0,92
201800038861,18,10,30,1245,1,2,1,1.0,4.0,92063,M,4886801.0,219364.0,92
201800038862,18,10,30,2150,5,2,3,1.0,3.0,92063,M,4886568.0,220301.0,92
201800038863,18,11,6,2020,5,2,1,1.0,2.0,92063,M,4887677.0,219998.0,92
201800038864,18,11,8,820,2,2,1,1.0,3.0,92063,M,4886409.0,219714.0,92
201800038865,18,11,9,820,2,2,1,1.0,2.0,92063,M,4887331.0,216429.0,92
201800038866,18,11,9,1240,1,2,6,1.0,3.0,92063,M,4885941.0,218328.0,92
201800038867,18,11,14,1230,1,2,1,1.0,6.0,92063,M,4887046.0,216923.0,92
201800038868,18,11,15,1715,2,2,3,1.0,2.0,92063,M,4888440.0,217809.0,92
201800038869,18,12,4,1815,5,2,2,1.0,6.0,92063,M,4886797.0,219297.0,92
201800038870,18,12,9,2315,5,2,3,2.0,6.0,92063,M,4887078.0,215914.0,92
201800038871,18,12,21,819,5,2,1,2.0,6.0,92063,M,4885899.0,218951.0,92
201800038872,18,12,22,1220,1,2,1,1.0,2.0,92063,M,4887911.0,217184.0,92
201800038873,18,12,24,1300,1,2,3,1.0,3.0,92063,M,4887889.0,217748.0,92
201800038874,18,12,24,1528,1,2,1,1.0,3.0,92063,M,4888241.0,218722.0,92
201800038875,18,1,4,1607,1,2,1,2.0,6.0,92033,M,4885147.0,219185.0,92
201800038876,18,1,9,1845,2,2,1,2.0,7.0,92047,M,,,92
201800038877,18,1,10,1830,5,2,1,1.0,7.0,92064,M,,,92
201800038878,18,1,11,845,2,2,1,1.0,3.0,92033,M,4884718.0,219717.0,92
201800038879,18,1,11,1145,1,2,1,1.0,3.0,92064,M,4884301.0,222093.0,92
201800038880,18,1,12,1140,1,2,1,1.0,7.0,92064,M,,,92
201800038881,18,1,20,639,5,2,1,3.0,6.0,92064,M,,,92
201800038882,18,1,22,1000,1,2,1,2.0,2.0,92064,M,4885671.0,220954.0,92
201800038883,18,1,23,1900,2,2,1,1.0,4.0,92047,M,4883000.0,215000.0,92
201800038884,18,1,24,815,1,2,1,2.0,6.0,92064,M,4885366.0,221578.0,92
201800038885,18,1,24,1420,1,2,1,1.0,6.0,92033,M,4884535.0,219806.0,92
201800038886,18,1,26,2055,5,2,7,1.0,3.0,92064,M,4885953.0,221359.0,92
201800038887,18,1,30,1730,2,2,1,8.0,2.0,92064,M,4885000.0,222000.0,92
201800038888,18,2,10,1110,1,2,1,1.0,7.0,92033,M,,,92
201800038889,18,2,15,900,1,2,1,2.0,1.0,92064,M,4885091.0,222334.0,92
201800038890,18,2,16,555,5,2,3,1.0,3.0,92064,M,4885291.0,220590.0,92
201800038891,18,2,16,1100,1,2,1,1.0,2.0,92064,M,4884749.0,221438.0,92
201800038892,18,2,27,1450,1,2,2,1.0,6.0,92064,M,4885890.0,221170.0,92
201800038893,18,2,28,1100,1,2,1,1.0,6.0,92076,M,4883748.0,215398.0,92
201800038894,18,3,15,1715,1,2,2,2.0,3.0,92076,M,4884678.0,216908.0,92
201800038895,18,3,15,2147,5,2,1,3.0,6.0,92076,M,4883748.0,215386.0,92
201800038896,18,3,20,2210,4,2,3,1.0,1.0,92064,M,4885190.0,221992.0,92
201800038897,18,3,22,845,1,2,1,1.0,7.0,92064,M,4883940.0,222140.0,92
201800038898,18,3,27,1755,1,2,1,1.0,6.0,92033,M,4884000.0,219000.0,92
201800038899,18,3,29,830,1,2,1,1.0,4.0,92047,M,4883000.0,215000.0,92
201800038900,18,3,30,2015,1,2,3,1.0,1.0,92064,M,4884000.0,220000.0,92
201800038901,18,4,6,1410,1,2,1,1.0,7.0,92064,M,4884422.0,221850.0,92
201800038902,18,4,10,1515,1,2,1,1.0,3.0,92047,M,4883768.0,215993.0,92
201800038903,18,4,9,1951,1,2,3,1.0,6.0,92064,M,4885000.0,220000.0,92
201800038904,18,4,12,915,1,2,1,8.0,7.0,92033,M,4883994.0,219105.0,92
201800038905,18,4,13,1125,1,2,9,1.0,6.0,92064,M,4885593.0,222126.0,92
201800038906,18,4,20,2100,3,2,2,1.0,1.0,92064,M,4884000.0,-221000.0,92
201800038907,18,4,30,530,5,2,1,3.0,7.0,92076,M,4883233.0,215305.0,92
201800038908,18,4,30,920,1,2,1,2.0,7.0,92033,M,4885143.0,219178.0,92
201800038909,18,5,3,855,1,2,1,1.0,3.0,92033,M,4885213.0,220426.0,92
201800038910,18,5,6,1100,1,2,1,1.0,6.0,92076,M,4883782.0,215461.0,92
201800038911,18,5,11,1230,1,2,7,1.0,7.0,92064,M,,,92
201800038912,18,5,18,415,5,1,1,1.0,6.0,92076,M,4882839.0,215145.0,92
201800038913,18,5,22,1335,1,2,2,1.0,3.0,92064,M,4884587.0,221877.0,92
201800038914,18,5,25,1710,1,2,1,2.0,4.0,92033,M,4883912.0,218789.0,92
201800038915,18,5,26,2020,1,2,2,1.0,6.0,92012,M,4885042.0,223764.0,92
201800038916,18,5,25,1540,1,2,1,1.0,6.0,92064,M,4882943.0,221506.0,92
201800038917,18,5,29,1605,1,2,3,1.0,3.0,92064,M,4885633.0,221520.0,92
201800038918,18,5,31,930,1,2,1,1.0,5.0,92064,M,4884500.0,222000.0,92
201800038919,18,6,8,1200,1,2,1,1.0,1.0,92064,M,,,92
201800038920,18,6,9,1010,1,2,1,1.0,2.0,92033,M,4800000.0,220000.0,92
201800038921,18,6,12,1825,1,2,2,1.0,7.0,92064,M,4884000.0,221000.0,92
201800038922,18,6,12,2155,5,2,1,1.0,6.0,92033,M,4885335.0,219641.0,92
201800038923,18,6,13,625,2,2,1,1.0,1.0,92064,M,4885280.0,222287.0,92
201800038924,18,6,15,1955,1,2,1,1.0,6.0,92064,M,,,92
201800038925,18,6,20,830,1,2,1,1.0,3.0,92047,M,4882000.0,215000.0,92
201800038926,18,6,22,830,1,2,1,1.0,2.0,92064,M,,,92
201800038927,18,6,23,1040,1,2,3,7.0,3.0,92033,M,4884062.0,219357.0,92
201800038928,18,6,24,110,5,2,3,1.0,3.0,92076,M,4883000.0,216000.0,92
201800038929,18,7,1,650,1,2,1,1.0,6.0,92033,M,,,92
201800038930,18,7,9,215,5,2,1,1.0,6.0,92064,M,,,92
201800038931,18,7,10,1940,1,2,1,1.0,3.0,92047,M,,,92
201800038932,18,7,13,245,5,2,1,1.0,6.0,92033,M,4884000.0,217000.0,92
201800038933,18,7,18,1320,1,2,2,1.0,6.0,92064,M,4885158.0,222337.0,92
201800038934,18,7,31,1117,1,2,9,1.0,5.0,92076,M,4883000.0,215000.0,92
201800038935,18,8,1,1005,1,1,1,1.0,6.0,92064,M,4882993.0,222148.0,92
201800038936,18,8,12,1610,1,2,9,1.0,3.0,92076,M,4883291.0,214642.0,92
201800038937,18,8,17,1834,1,2,1,1.0,6.0,92064,M,4634000.0,586000.0,92
201800038938,18,8,17,1830,1,2,1,1.0,3.0,92064,M,4884282.0,222098.0,92
201800038939,18,8,23,1830,1,2,1,1.0,6.0,92064,M,4884560.0,221743.0,92
201800038940,18,8,23,2110,5,2,3,1.0,3.0,92064,M,4885679.0,222314.0,92
201800038941,18,8,27,950,1,1,1,2.0,7.0,92076,M,4883288.0,214710.0,92
201800038942,18,8,27,930,1,2,1,1.0,3.0,92076,M,4882997.0,215187.0,92
201800038943,18,9,1,2255,5,2,1,1.0,2.0,92033,M,,,92
201800038944,18,9,3,1115,1,2,1,1.0,7.0,92064,M,4884271.0,222104.0,92
201800038945,18,9,4,1110,1,2,3,2.0,3.0,92076,M,4883782.0,216424.0,92
201800038946,18,9,4,1320,1,2,3,2.0,3.0,92033,M,4885130.0,219220.0,92
201800038947,18,9,5,900,1,2,1,1.0,6.0,92064,M,4884341.0,221373.0,92
201800038948,18,9,7,1515,1,2,1,1.0,2.0,92064,M,4884146.0,219894.0,92
201800038949,18,9,12,800,1,2,1,1.0,2.0,92064,M,4884127.0,222070.0,92
201800038950,18,9,14,815,1,2,9,1.0,3.0,92064,M,4884342.0,221687.0,92
201800038951,18,9,14,1000,1,2,9,1.0,3.0,92033,M,4884467.0,218664.0,92
201800038952,18,9,17,1020,1,2,3,7.0,6.0,92033,M,4885130.0,219220.0,92
201800038953,18,9,17,1730,1,2,1,1.0,6.0,92064,M,,,92
201800038954,18,9,18,2040,5,2,3,1.0,2.0,92033,M,4884116.0,219663.0,92
201800038955,18,9,20,1330,1,2,6,1.0,3.0,92076,M,4884663.0,216936.0,92
201800038956,18,9,22,1530,1,2,9,2.0,7.0,92076,M,4883192.0,215284.0,92
201800038957,18,9,27,1220,1,2,3,1.0,3.0,92033,M,4885293.0,216000.0,92
201800038958,18,9,27,1730,1,2,4,1.0,5.0,92047,M,4883042.0,215211.0,92
201800038959,18,9,27,1830,1,2,1,1.0,2.0,92064,M,4885211.0,222289.0,92
201800038960,18,9,30,1505,1,2,1,1.0,4.0,92064,M,4884952.0,222395.0,92
201800038961,18,10,1,1500,1,2,1,1.0,6.0,92064,M,4884923.0,221376.0,92
201800038962,18,10,3,700,5,2,1,2.0,7.0,92076,M,4883717.0,215078.0,92
201800038963,18,10,6,1630,1,2,1,1.0,4.0,92064,M,4884490.0,222360.0,92
201800038964,18,10,8,950,1,2,1,1.0,2.0,92064,M,,,92
201800038965,18,10,12,625,5,2,3,8.0,3.0,92047,M,4800000.0,216000.0,92
201800038966,18,10,22,1240,1,2,1,2.0,3.0,92033,M,4884462.0,218695.0,92
201800038967,18,10,23,1715,1,2,1,1.0,6.0,92064,M,4883541.0,221716.0,92
201800038968,18,10,23,2230,5,2,1,1.0,3.0,92064,M,4884450.0,220789.0,92
201800038969,18,11,2,1745,2,2,1,1.0,6.0,92064,M,4884268.0,222115.0,92
201800038970,18,11,7,1810,5,2,1,1.0,6.0,92064,M,4884261.0,222107.0,92
201800038971,18,11,19,840,2,2,1,1.0,3.0,92033,M,4884920.0,220063.0,92
201800038972,18,11,26,820,2,2,1,2.0,7.0,92047,M,4882175.0,215354.0,92
201800038973,18,11,29,815,1,2,1,1.0,6.0,92064,M,4884263.0,222265.0,92
201800038974,18,12,7,345,5,2,1,8.0,6.0,92047,M,4883183.0,215254.0,92
201800038975,18,12,8,320,5,2,1,1.0,6.0,92064,M,4885996.0,220684.0,92
201800038976,18,12,12,840,1,2,1,1.0,6.0,92064,M,4885071.0,221760.0,92
201800038977,18,12,16,1440,1,2,1,8.0,2.0,92064,M,4885281.0,220584.0,92
201800038978,18,12,16,2220,5,2,6,2.0,2.0,92064,M,4884357.0,222279.0,92
201800038979,18,12,17,2250,5,2,9,2.0,1.0,92047,M,4883199.0,215300.0,92
201800038980,18,12,20,1016,1,2,2,1.0,6.0,92064,M,4884702.0,221431.0,92
201800038981,18,1,3,1215,1,2,1,8.0,6.0,92072,M,4882151.0,221876.0,92
201800038982,18,1,12,930,1,1,1,1.0,6.0,92022,M,4880073.0,219329.0,92
201800038983,18,1,24,800,2,2,1,2.0,2.0,92072,M,4882940.0,222415.0,92
201800038984,18,1,25,1630,1,2,1,2.0,7.0,92072,M,4882715.0,222474.0,92
201800038985,18,2,2,840,1,2,1,2.0,3.0,92072,M,4882194.0,220661.0,92
201800038986,18,2,2,1630,1,2,1,1.0,3.0,92072,M,4882584.0,222722.0,92
201800038987,18,2,4,1330,1,2,1,1.0,3.0,92022,M,4880554.0,218483.0,92
201800038988,18,2,9,1205,1,2,1,4.0,2.0,92077,M,4882474.0,218646.0,92
201800038989,18,2,14,2150,5,2,1,2.0,3.0,92072,M,4882000.0,221100.0,92
201800038990,18,2,16,1505,1,2,1,1.0,5.0,92072,M,4882681.0,222089.0,92
201800038991,18,2,19,733,2,2,1,1.0,6.0,92022,M,4881053.0,219260.0,92
201800038992,18,2,27,1715,1,2,1,1.0,6.0,92072,M,4882361.0,220853.0,92
201800038993,18,2,27,2115,5,2,1,1.0,3.0,92022,M,4880857.0,218753.0,92
201800038994,18,3,7,1905,2,2,1,8.0,3.0,92072,M,4883436.0,222222.0,92
201800038995,18,3,9,925,1,2,6,1.0,3.0,92022,M,4880051.0,218932.0,92
201800038996,18,4,3,1815,1,2,3,2.0,3.0,92072,M,4882572.0,220674.0,92
201800038997,18,4,6,1210,1,2,1,1.0,3.0,92072,M,4882492.0,222830.0,92
201800038998,18,4,7,945,1,2,1,1.0,6.0,92077,M,4882606.0,219726.0,92