Num_Acc,an,mois,jour,hrmn,lum,agg,int,atm,col,com,gps,lat,long,dep
201800038999,18,4,7,1240,1,2,3,1.0,3.0,92072,M,4882357.0,221061.0,92
201800039000,18,4,9,432,5,2,1,1.0,6.0,92022,M,4881236.0,219547.0,92
201800039001,18,4,9,2000,5,2,1,2.0,2.0,92022,M,4881165.0,219170.0,92
201800039002,18,4,12,2145,5,2,1,2.0,3.0,92072,M,4882668.0,221958.0,92
201800039003,18,4,14,1530,1,2,1,1.0,6.0,92072,M,4882584.0,220582.0,92
201800039004,18,4,19,850,1,2,1,1.0,3.0,92072,M,,,92
201800039005,18,4,20,2000,1,1,1,1.0,3.0,92022,M,4880836.0,220587.0,92
201800039006,18,4,23,805,1,2,1,1.0,6.0,92072,M,4882480.0,221378.0,92
201800039007,18,5,7,900,1,2,9,1.0,2.0,92072,M,4883450.0,222225.0,92
201800039008,18,5,10,1255,1,2,1,1.0,6.0,92072,M,4882711.0,222347.0,92
201800039009,18,5,15,930,1,2,9,1.0,2.0,92022,M,4881014.0,219036.0,92
201800039010,18,5,16,1020,1,2,1,1.0,6.0,92022,M,4880858.0,218776.0,92
201800039011,18,5,19,1915,1,2,1,1.0,2.0,92072,M,4882504.0,221504.0,92
201800039012,18,5,22,1010,1,2,1,1.0,2.0,92022,M,4881059.0,219136.0,92
201800039013,18,5,22,1420,1,2,1,1.0,6.0,92072,M,4882482.0,221993.0,92
201800039014,18,5,19,10,5,2,1,1.0,2.0,92072,M,4882869.0,222466.0,92
201800039015,18,6,6,1800,1,2,1,2.0,6.0,92022,M,4881344.0,219240.0,92
201800039016,18,6,7,1830,1,2,1,1.0,2.0,92072,M,4881986.0,219966.0,92
201800039017,18,6,13,2235,5,2,1,1.0,7.0,92072,M,4881159.0,221136.0,92
201800039018,18,6,18,1150,1,2,1,1.0,2.0,92072,M,4882378.0,221127.0,92
201800039019,18,6,26,2200,2,2,1,1.0,3.0,92072,M,4882638.0,221923.0,92
201800039020,18,6,30,1230,1,2,1,1.0,1.0,92077,M,4882846.0,219142.0,92
201800039021,18,7,3,845,1,2,1,1.0,3.0,92077,M,4882797.0,218933.0,92
201800039022,18,7,17,2240,5,2,1,1.0,7.0,92072,M,4881000.0,225000.0,92
201800039023,18,7,19,1930,1,2,1,1.0,6.0,92022,M,4880256.0,218914.0,92
201800039024,18,7,21,115,5,2,6,1.0,7.0,92072,M,4881139.0,221147.0,92
201800039025,18,7,28,1547,1,2,1,1.0,3.0,92022,M,4880527.0,218311.0,92
201800039026,18,7,30,1832,1,2,1,1.0,3.0,92077,M,4882690.0,218910.0,92
201800039027,18,8,15,1720,1,2,2,1.0,2.0,92072,M,4881244.0,221510.0,92
201800039028,18,7,23,1230,1,2,1,1.0,3.0,92022,M,4880300.0,218837.0,92
201800039029,18,8,1,1245,1,2,9,1.0,3.0,92072,M,4892920.0,222408.0,92
201800039030,18,8,29,1350,1,2,1,2.0,6.0,92022,M,4880361.0,218819.0,92
201800039031,18,9,3,1815,1,2,1,1.0,3.0,92022,M,4881800.0,219800.0,92
201800039032,18,9,6,130,5,2,2,1.0,3.0,92022,M,4880868.0,218761.0,92
201800039033,18,9,11,1430,1,2,1,1.0,6.0,92077,M,4882027.0,217126.0,92
201800039034,18,9,12,815,1,2,1,1.0,7.0,92022,M,4880977.0,218956.0,92
201800039035,18,9,12,1700,1,2,1,1.0,3.0,92077,M,4882358.0,218521.0,92
201800039036,18,9,18,1517,1,2,1,2.0,7.0,92022,M,4880806.0,220583.0,92
201800039037,18,9,21,942,1,2,9,2.0,6.0,92072,M,4882283.0,222278.0,92
201800039038,18,10,3,2035,5,2,9,1.0,1.0,92072,M,4862677.0,222488.0,92
201800039039,18,10,4,810,1,2,6,1.0,3.0,92072,M,,,92
201800039040,18,10,8,1920,2,2,1,1.0,7.0,92077,M,4881970.0,216990.0,92
201800039041,18,10,11,1555,1,2,9,1.0,7.0,92022,M,4881093.0,219156.0,92
201800039042,18,10,18,1725,1,2,1,1.0,2.0,92072,M,4882726.0,222271.0,92
201800039043,18,10,24,1915,5,2,3,1.0,2.0,92072,M,4880979.0,220667.0,92
201800039044,18,10,26,1920,5,2,1,2.0,6.0,92072,M,4882845.0,222454.0,92
201800039045,18,10,31,1105,1,2,1,1.0,6.0,92072,M,4882279.0,221323.0,92
201800039046,18,11,3,1845,3,2,1,1.0,3.0,92022,M,4880685.0,218666.0,92
201800039047,18,11,5,1545,1,2,1,1.0,6.0,92022,M,4881419.0,219301.0,92
201800039048,18,11,7,425,5,2,1,1.0,6.0,92072,M,4882763.0,222435.0,92
201800039049,18,11,12,1125,1,2,1,2.0,6.0,92022,M,4880992.0,218777.0,92
201800039050,18,11,23,1650,1,2,1,1.0,7.0,92072,M,4882710.0,222545.0,92
201800039051,18,11,23,1850,5,2,1,5.0,6.0,92072,M,4882430.0,221114.0,92
201800039052,18,12,3,920,1,2,1,9.0,6.0,92072,M,4882058.0,220475.0,92
201800039053,18,12,22,1600,1,2,1,1.0,2.0,92072,M,4882166.0,220438.0,92
201800039054,18,12,31,1930,4,2,1,1.0,6.0,92072,M,4882319.0,222125.0,92
201800039055,18,1,4,1942,5,2,1,1.0,6.0,92073,M,4886296.0,221083.0,92
201800039056,18,1,9,1820,5,2,8,8.0,6.0,92073,M,4886272.0,204786.0,92
201800039057,18,1,11,750,5,2,1,8.0,3.0,92073,M,4886625.0,222066.0,92
201800039058,18,1,14,1656,1,2,1,1.0,6.0,92073,M,4886000.0,222000.0,92
201800039059,18,1,26,320,5,2,8,1.0,6.0,92073,M,4886776.0,222877.0,92
201800039060,18,1,28,135,5,2,3,1.0,7.0,92073,M,4886296.0,221004.0,92
201800039061,18,2,13,550,5,2,3,1.0,7.0,92073,M,4886856.0,221899.0,92
201800039062,18,2,13,700,5,2,3,1.0,4.0,92073,M,4885997.0,222429.0,92
201800039063,18,2,14,1030,1,2,1,1.0,2.0,92073,M,4886665.0,222107.0,92
201800039064,18,2,16,205,5,2,3,2.0,7.0,92073,M,,,92
201800039065,18,3,3,1910,5,2,1,1.0,2.0,92073,M,4886169.0,221234.0,92
201800039066,18,3,18,1135,1,2,1,4.0,3.0,92073,M,4886718.0,222819.0,92
201800039067,18,3,19,1333,1,2,1,8.0,6.0,92073,M,4886764.0,222618.0,92
201800039068,18,3,30,1740,1,2,3,1.0,3.0,92073,M,4886806.0,222545.0,92
201800039069,18,4,13,1910,1,2,1,1.0,3.0,92073,M,4887550.0,221836.0,92
201800039070,18,4,12,1800,1,2,1,1.0,2.0,92073,M,4887003.0,223106.0,92
201800039071,18,5,2,1855,1,2,1,1.0,3.0,92073,M,4886335.0,220133.0,92
201800039072,18,5,5,1406,1,2,1,1.0,3.0,92073,M,4887047.0,221810.0,92
201800039073,18,5,6,2030,1,2,1,1.0,3.0,92073,M,4886426.0,220786.0,92
201800039074,18,5,17,1740,1,2,1,1.0,6.0,92073,M,4886525.0,220165.0,92
201800039075,18,5,18,1632,1,2,3,1.0,3.0,92073,M,4886467.0,220692.0,92
201800039076,18,5,25,1315,1,2,3,1.0,3.0,92073,M,4885962.0,222411.0,92
201800039077,18,5,28,1210,1,2,1,1.0,3.0,92073,M,4887000.0,223000.0,92
201800039078,18,6,8,1000,1,2,9,1.0,2.0,92073,M,4887166.0,222214.0,92
201800039079,18,6,22,848,1,2,1,1.0,2.0,92073,M,4887000.0,223000.0,92
201800039080,18,6,24,1205,1,2,2,1.0,3.0,92073,M,,,92
201800039081,18,7,3,2023,1,2,1,7.0,3.0,92073,M,4887897.0,221784.0,92
201800039082,18,7,31,1711,1,2,1,1.0,3.0,92073,M,4882000.0,221000.0,92
201800039083,18,8,1,1430,1,2,1,7.0,2.0,92073,M,4886806.0,222913.0,92
201800039084,18,8,24,940,1,2,1,1.0,6.0,92073,M,4889966.0,222415.0,92
201800039085,18,8,28,820,1,2,1,1.0,7.0,92073,M,4886713.0,222865.0,92
201800039086,18,9,3,1800,1,2,4,1.0,6.0,92073,M,4886700.0,222100.0,92
201800039087,18,9,10,1850,1,2,1,1.0,2.0,92073,M,4886828.0,222518.0,92
201800039088,18,9,11,2004,5,2,1,1.0,6.0,92073,M,4887420.0,222083.0,92
201800039089,18,9,19,1908,1,2,9,1.0,3.0,92073,M,4886467.0,220692.0,92
201800039090,18,9,20,17,5,2,3,1.0,6.0,92073,M,4886783.0,222592.0,92
201800039091,18,9,30,1010,1,2,3,1.0,3.0,92073,M,4888101.0,222093.0,92
201800039092,18,10,2,1534,1,2,1,1.0,6.0,92073,M,4885950.0,221366.0,92
201800039093,18,10,10,921,1,2,1,1.0,2.0,92073,M,4886759.0,222648.0,92
201800039094,18,10,21,639,5,2,1,1.0,3.0,92073,M,4888144.0,222162.0,92
201800039095,18,11,6,1100,1,2,1,1.0,3.0,92073,M,4887700.0,223319.0,92
201800039096,18,11,7,1230,1,2,1,2.0,2.0,92073,M,4886685.0,222820.0,92
201800039097,18,11,8,1020,1,2,4,1.0,3.0,92073,M,4888100.0,222771.0,92
201800039098,18,11,8,2215,5,2,1,8.0,7.0,92073,M,4886216.0,221148.0,92
201800039099,18,11,11,2130,5,2,1,2.0,6.0,92073,M,4886029.0,221516.0,92
201800039100,18,11,19,2005,5,2,1,3.0,7.0,92073,M,4886764.0,222661.0,92
201800039101,18,11,23,1420,1,2,3,1.0,2.0,92073,M,4886977.0,223117.0,92
201800039102,18,12,2,435,5,2,9,3.0,6.0,92073,M,4886827.0,222296.0,92
201800039103,18,12,6,1104,1,2,3,8.0,5.0,92073,M,4886632.0,222761.0,92
201800039104,18,12,10,930,1,2,1,1.0,6.0,92073,M,4885956.0,221386.0,92
201800039105,18,12,19,1805,5,2,3,1.0,3.0,92073,M,4888096.0,222729.0,92
201800039106,18,12,20,1900,5,2,3,1.0,3.0,92073,M,4887048.0,221826.0,92
201800039107,18,12,28,1250,1,2,1,1.0,2.0,92073,M,4886740.0,222784.0,92
201800039108,18,1,3,1845,5,2,2,2.0,7.0,92075,M,4881570.0,229060.0,92
201800039109,18,1,22,900,1,2,2,3.0,6.0,92075,M,4881220.0,228200.0,92
201800039110,18,1,13,1430,1,2,1,1.0,7.0,92075,M,4881850.0,228613.0,92
201800039111,18,1,16,925,1,2,2,2.0,7.0,92075,M,4881826.0,229227.0,92
201800039112,18,1,24,1845,2,2,1,1.0,3.0,92075,M,4881661.0,228413.0,92
201800039113,18,1,31,910,1,2,2,1.0,3.0,92046,M,4881927.0,229565.0,92
201800039114,18,1,22,850,1,2,1,2.0,3.0,92046,M,4881320.0,229680.0,92
201800039115,18,2,15,1505,1,2,3,1.0,7.0,92046,M,4882071.0,30191.0,92
201800039116,18,2,14,1445,1,2,1,1.0,2.0,92046,M,4882129.0,230368.0,92
201800039117,18,2,20,915,1,2,1,7.0,7.0,92046,M,4881756.0,230315.0,92
201800039118,18,2,26,1703,1,2,1,1.0,3.0,92075,M,4882432.0,228230.0,92
201800039119,18,3,5,950,1,2,1,1.0,2.0,92075,M,4882028.0,229008.0,92
201800039120,18,3,4,1240,1,2,2,3.0,1.0,92075,M,4881778.0,230792.0,92
201800039121,18,3,15,845,1,2,1,1.0,7.0,92075,M,4882309.0,228275.0,92
201800039122,18,2,16,900,1,2,1,1.0,4.0,92075,M,4882150.0,228740.0,92
201800039123,18,4,3,840,2,2,1,1.0,7.0,92075,M,4882104.0,228842.0,92
201800039124,18,4,3,1720,1,2,1,3.0,3.0,92046,M,4881650.0,229450.0,92
201800039125,18,4,4,1020,1,2,1,1.0,3.0,92075,M,4882245.0,228215.0,92
201800039126,18,4,10,1433,1,2,1,1.0,7.0,92075,M,4882672.0,228626.0,92
201800039127,18,4,12,840,1,2,2,1.0,3.0,92075,M,4881961.0,230581.0,92
201800039128,18,3,21,750,2,2,2,1.0,3.0,92046,M,4881930.0,229540.0,92
201800039129,18,4,30,1810,1,2,1,1.0,7.0,92046,M,4881743.0,229412.0,92
201800039130,18,5,14,925,1,2,4,2.0,7.0,92075,M,4882012.0,230859.0,92
201800039131,18,5,18,1950,1,2,2,1.0,1.0,92075,M,4882429.0,229591.0,92
201800039132,18,4,27,756,1,2,7,1.0,3.0,92046,M,4881184.0,229502.0,92
201800039133,18,6,1,1737,1,2,3,2.0,3.0,92075,M,4882003.0,228982.0,92
201800039134,18,4,21,1700,1,2,3,1.0,7.0,92075,M,4848490.0,217130.0,92
201800039135,18,6,1,1305,1,2,1,1.0,3.0,92075,M,4882249.0,229449.0,92
201800039136,18,4,27,1940,1,2,3,1.0,3.0,92075,M,4882580.0,228860.0,92
201800039137,18,6,13,1325,1,2,3,1.0,6.0,92075,M,4881937.0,229474.0,92
201800039138,18,5,4,940,1,2,1,1.0,6.0,92046,M,4881932.0,230464.0,92
201800039139,18,5,21,1520,1,2,4,1.0,3.0,92075,M,4882479.0,228191.0,92
201800039140,18,6,29,1100,1,2,2,1.0,7.0,92075,M,4881420.0,227810.0,92
201800039141,18,6,24,2210,5,2,1,1.0,4.0,92075,M,4881430.0,230310.0,92
201800039142,18,6,26,835,1,2,2,1.0,3.0,92075,M,4881332.0,227917.0,92
201800039143,18,6,22,830,1,2,3,1.0,3.0,92075,M,4881779.0,230169.0,92
201800039144,18,5,15,2030,1,2,3,1.0,6.0,92046,M,4881947.0,230553.0,92
201800039145,18,7,5,1010,1,2,1,1.0,7.0,92075,M,4881879.0,228596.0,92
201800039146,18,8,2,1505,1,2,9,1.0,2.0,92046,M,4881915.0,230098.0,92
201800039147,18,8,5,918,1,2,1,1.0,7.0,92075,M,4882203.0,230400.0,92
201800039148,18,8,7,830,1,2,2,1.0,3.0,92075,M,4881795.0,229166.0,92
201800039149,18,6,27,2200,2,2,2,1.0,3.0,92046,M,4881967.0,230283.0,92
201800039150,18,6,28,930,1,2,2,1.0,3.0,92075,M,4848426.0,216504.0,92
201800039151,18,7,10,1830,1,2,4,1.0,3.0,92046,M,4848590.0,217425.0,92
201800039152,18,8,28,1315,1,2,1,1.0,3.0,92075,M,4881480.0,230374.0,92
201800039153,18,9,7,930,1,2,1,1.0,3.0,92075,M,4882434.0,229866.0,92
201800039154,18,9,11,1550,1,2,1,1.0,6.0,92075,M,,,92
201800039155,18,9,18,855,1,2,3,1.0,2.0,92075,M,4881700.0,230600.0,92
201800039156,18,10,3,910,1,2,3,2.0,7.0,92075,M,,,92
201800039157,18,10,4,1700,1,2,1,1.0,6.0,92046,M,,,92
201800039158,18,10,6,1900,2,2,1,1.0,5.0,92075,M,4882590.0,228920.0,92
201800039159,18,10,6,40,5,2,3,1.0,3.0,92075,M,4881172.0,230035.0,92
201800039160,18,10,4,950,1,2,3,1.0,3.0,92075,M,4882219.0,228530.0,92
201800039161,18,10,9,1625,1,2,3,1.0,1.0,92075,M,4881770.0,229566.0,92
201800039162,18,10,6,1300,1,2,1,1.0,2.0,92075,M,4881554.0,227872.0,92
201800039163,18,10,18,950,1,2,1,1.0,7.0,92075,M,4882493.0,228160.0,92
201800039164,18,10,21,1839,1,2,3,1.0,3.0,92075,M,4881615.0,230553.0,92
201800039165,18,11,3,1245,1,2,2,1.0,1.0,92046,M,4881570.0,229060.0,92
201800039166,18,11,13,735,1,2,1,1.0,3.0,92046,M,4882408.0,230057.0,92
201800039167,18,10,11,2010,5,2,1,2.0,6.0,92075,M,4882513.0,229385.0,92
201800039168,18,11,23,1400,1,2,2,1.0,6.0,92075,M,4881900.0,229200.0,92
201800039169,18,11,26,1825,5,2,2,1.0,3.0,92075,M,4882210.0,228534.0,92
201800039170,18,11,27,840,1,2,1,1.0,6.0,92075,M,4882034.0,228453.0,92
201800039171,18,12,7,1702,5,2,1,2.0,6.0,92046,M,4882326.0,230354.0,92
201800039172,18,12,16,1720,5,2,2,1.0,6.0,92075,M,4881410.0,228710.0,92
201800039173,18,12,21,825,2,2,2,2.0,1.0,92046,M,4881800.0,229225.0,92
201800039174,18,12,22,930,1,2,2,1.0,3.0,92075,M,4881165.0,228068.0,92
201800039175,18,1,23,925,1,2,1,1.0,3.0,92078,M,4892804.0,232613.0,92
201800039176,18,1,24,1310,1,2,1,1.0,3.0,92078,M,4892461.0,232973.0,92
201800039177,18,1,29,1515,1,2,1,1.0,3.0,92078,M,4892662.0,232887.0,92
201800039178,18,2,21,1930,2,2,1,1.0,6.0,92078,M,4893455.0,232896.0,92
201800039179,18,2,23,1100,1,2,1,1.0,2.0,92078,M,4892330.0,232783.0,92
201800039180,18,3,1,720,2,2,5,8.0,3.0,92078,M,,,92
201800039181,18,3,3,1220,1,2,1,1.0,4.0,92078,M,4892887.0,233333.0,92
201800039182,18,4,1,1625,1,2,2,1.0,3.0,92078,M,4893655.0,233181.0,92
201800039183,18,4,4,2030,2,2,1,1.0,6.0,92078,M,,,92
201800039184,18,4,12,1145,1,2,2,1.0,4.0,92078,M,,,92
201800039185,18,4,12,1740,1,2,1,1.0,5.0,92078,M,4793574.0,233455.0,92
201800039186,18,4,16,1555,1,2,3,1.0,3.0,92078,M,4893742.0,232429.0,92
201800039187,18,2,17,1550,1,2,1,1.0,7.0,92078,M,,,92
201800039188,18,5,22,1930,1,2,2,2.0,5.0,92078,M,4893471.0,232475.0,92
201800039189,18,5,17,2100,2,2,1,1.0,7.0,92078,M,4892886.0,233318.0,92
201800039190,18,5,28,900,1,2,1,1.0,3.0,92078,M,4892328.0,232795.0,92
201800039191,18,6,4,2005,1,2,1,1.0,6.0,92078,M,4893605.0,233527.0,92
201800039192,18,6,6,2030,2,2,3,2.0,5.0,92078,M,,,92
201800039193,18,6,21,1940,1,2,1,1.0,3.0,92078,M,4893485.0,232064.0,92
201800039194,18,6,25,1610,1,2,1,1.0,3.0,92078,M,,,92
201800039195,18,7,6,1625,1,2,2,1.0,3.0,92078,M,4893571.0,233386.0,92
201800039196,18,7,9,1700,1,2,1,1.0,3.0,92078,M,4892805.0,233128.0,92
201800039197,18,7,9,1640,1,2,1,1.0,7.0,92078,M,,,92
201800039198,18,7,31,920,1,2,1,1.0,6.0,92078,M,,,92
201800039199,18,7,29,2345,5,2,2,1.0,3.0,92078,M,4893665.0,233182.0,92
201800039200,18,8,13,2050,1,2,9,1.0,3.0,92078,M,,,92
201800039201,18,9,13,1140,1,2,1,1.0,3.0,92078,M,,,92
201800039202,18,9,17,1025,1,2,1,1.0,2.0,92078,M,,,92
201800039203,18,10,12,1940,1,2,1,1.0,7.0,92078,M,,,92
201800039204,18,10,19,2011,5,2,2,1.0,3.0,92078,M,4893490.0,232505.0,92
201800039205,18,12,6,1700,5,1,3,1.0,3.0,92078,M,4892391.0,232688.0,92
201800039206,18,11,9,1205,1,2,1,1.0,7.0,92078,M,4893791.0,232547.0,92
201800039207,18,11,12,1630,1,2,1,1.0,7.0,92078,M,,,92
201800039208,18,11,1,10,5,2,1,1.0,3.0,92078,M,,,92
201800039209,18,1,10,730,5,2,1,2.0,6.0,93001,M,4891530.0,236839.0,93
201800039210,18,1,11,745,5,2,1,2.0,6.0,93001,M,4891505.0,238131.0,93
201800039211,18,1,12,1605,1,2,1,8.0,6.0,93001,M,4891680.0,237490.0,93
201800039212,18,1,13,1130,1,2,1,1.0,3.0,93001,M,4891874.0,238699.0,93
201800039213,18,1,13,1710,1,2,1,1.0,6.0,93001,M,4890000.0,239000.0,93
201800039214,18,1,15,1840,5,2,1,2.0,4.0,93001,M,4891728.0,240656.0,93
201800039215,18,1,18,1840,5,2,1,8.0,6.0,93001,M,4891463.0,239207.0,93
201800039216,18,1,22,1415,1,2,1,8.0,3.0,93001,M,4891989.0,240443.0,93
201800039217,18,1,22,1750,2,2,1,1.0,6.0,93001,M,4892076.0,239642.0,93
201800039218,18,1,23,1403,1,2,1,2.0,6.0,93001,M,4890605.0,239442.0,93
201800039219,18,1,24,1220,1,2,1,8.0,6.0,93001,M,4891358.0,238563.0,93
201800039220,18,1,27,1840,5,2,4,1.0,3.0,93001,M,4890354.0,237211.0,93
201800039221,18,1,31,1150,1,2,1,2.0,6.0,93001,M,4890431.0,239126.0,93
201800039222,18,2,3,1345,1,2,2,8.0,3.0,93001,M,4800000.0,230000.0,93
201800039223,18,2,5,1910,5,2,1,8.0,6.0,93001,M,4891962.0,239496.0,93
201800039224,18,2,8,1030,1,2,2,4.0,6.0,93001,M,4891000.0,238000.0,93
201800039225,18,2,10,1500,1,2,2,1.0,3.0,93001,M,4891946.0,238264.0,93
201800039226,18,2,12,10,5,2,1,1.0,6.0,93001,M,4890428.0,239121.0,93
201800039227,18,2,12,1915,5,2,1,1.0,6.0,93001,M,4891060.0,238426.0,93
201800039228,18,2,19,2140,5,2,1,2.0,3.0,93001,M,4892194.0,237515.0,93
201800039229,18,2,22,1310,1,2,1,1.0,3.0,93001,M,4890700.0,239000.0,93
201800039230,18,2,27,2015,5,2,1,1.0,3.0,93001,M,4891102.0,238497.0,93
201800039231,18,3,1,1230,1,2,1,4.0,3.0,93001,M,4891716.0,240681.0,93
201800039232,18,3,3,1815,2,2,1,1.0,1.0,93001,M,4890832.0,238730.0,93
201800039233,18,3,17,1500,1,2,3,4.0,6.0,93001,M,4891394.0,238185.0,93
201800039234,18,3,28,1010,1,2,1,3.0,6.0,93001,M,4890900.0,237000.0,93
201800039235,18,4,3,1750,1,2,1,2.0,3.0,93001,M,4890365.0,237220.0,93
201800039236,18,4,4,1500,1,2,1,1.0,6.0,93001,M,4891059.0,238514.0,93
201800039237,18,4,6,615,2,2,1,1.0,3.0,93001,M,4890602.0,238077.0,93
201800039238,18,4,8,1050,1,2,1,1.0,6.0,93001,M,,,93
201800039239,18,4,9,1245,1,2,1,2.0,5.0,93001,M,4890204.0,239010.0,93
201800039240,18,4,12,525,5,2,1,1.0,2.0,93001,M,,,93
201800039241,18,4,12,1315,1,2,1,8.0,6.0,93001,M,,,93
201800039242,18,4,13,800,2,2,4,1.0,3.0,93001,M,4991100.0,237300.0,93
201800039243,18,4,15,1035,1,2,1,1.0,6.0,93001,M,4890411.0,239159.0,93
201800039244,18,4,19,1700,1,2,2,1.0,6.0,93001,M,,,93
201800039245,18,4,20,1515,1,2,1,1.0,6.0,93001,M,4891917.0,240210.0,93
201800039246,18,4,24,1920,1,2,1,7.0,6.0,93001,M,4891480.0,240345.0,93
201800039247,18,4,25,1515,1,2,1,1.0,6.0,93001,M,4890655.0,238919.0,93
201800039248,18,4,25,1630,1,2,1,1.0,6.0,93001,M,4891511.0,239215.0,93
201800039249,18,4,30,1320,1,2,4,3.0,3.0,93001,M,4891503.0,238117.0,93
201800039250,18,5,4,845,1,2,3,1.0,3.0,93001,M,4892031.0,239382.0,93
201800039251,18,5,7,2030,2,2,1,1.0,3.0,93001,M,4890422.0,237302.0,93
201800039252,18,5,9,1700,1,2,1,1.0,6.0,93001,M,4890705.0,238645.0,93
201800039253,18,5,11,1520,1,2,1,1.0,6.0,93001,M,4890000.0,238000.0,93
201800039254,18,5,14,1130,1,2,1,2.0,6.0,93001,M,4891180.0,239803.0,93
201800039255,18,5,15,1820,1,2,1,1.0,6.0,93001,M,4891126.0,240040.0,93
201800039256,18,5,19,1630,1,2,1,7.0,6.0,93001,M,4890870.0,237523.0,93
201800039257,18,5,20,1630,1,2,1,1.0,5.0,93001,M,4892279.0,238113.0,93
201800039258,18,5,23,1730,1,2,1,1.0,3.0,93001,M,4891140.0,240030.0,93
201800039259,18,5,14,1730,1,2,1,1.0,3.0,93001,M,4490479.0,239019.0,93
201800039260,18,5,26,745,1,2,1,1.0,6.0,93001,M,4891369.0,238416.0,93
201800039261,18,5,28,1420,1,2,1,1.0,3.0,93001,M,4890625.0,237583.0,93
201800039262,18,6,4,1515,1,2,1,1.0,3.0,93001,M,,,93
201800039263,18,6,9,1550,1,2,1,1.0,6.0,93001,M,4890805.0,238787.0,93
201800039264,18,6,11,845,1,2,1,2.0,6.0,93001,M,4891836.0,240061.0,93
201800039265,18,6,12,30,5,2,1,2.0,3.0,93001,M,,,93
201800039266,18,6,14,1435,1,2,1,9.0,6.0,93001,M,,,93
201800039267,18,6,18,1430,1,2,1,1.0,6.0,93001,M,4891931.0,238253.0,93
201800039268,18,6,23,2135,2,2,2,1.0,3.0,93001,M,4890647.0,237293.0,93
201800039269,18,6,24,1300,1,2,1,9.0,6.0,93001,M,4891221.0,238320.0,93
201800039270,18,6,27,1530,1,2,1,7.0,3.0,93001,M,4890370.0,239150.0,93
201800039271,18,6,27,1520,1,2,1,1.0,3.0,93001,M,,,93
201800039272,18,7,1,1715,1,2,2,1.0,6.0,93001,M,4891253.0,238334.0,93
201800039273,18,7,3,815,1,2,1,1.0,6.0,93001,M,4891966.0,238039.0,93
201800039274,18,7,3,1620,1,2,9,1.0,2.0,93001,M,4891062.0,238513.0,93
201800039275,18,7,6,1330,1,2,1,1.0,3.0,93001,M,4890923.0,237820.0,93
201800039276,18,7,8,1,5,2,2,1.0,3.0,93001,M,4890878.0,237787.0,93
201800039277,18,7,12,640,4,2,9,1.0,3.0,93001,M,,,93
201800039278,18,7,12,1445,1,2,1,1.0,2.0,93001,M,,,93
201800039279,18,7,17,1540,1,2,1,1.0,6.0,93001,M,4891644.0,236908.0,93
201800039280,18,7,13,2300,5,2,1,1.0,6.0,93001,M,4891300.0,238000.0,93
201800039281,18,7,19,1130,1,2,2,1.0,5.0,93001,M,4890353.0,237198.0,93
201800039282,18,7,19,1940,1,2,1,1.0,6.0,93001,M,4890800.0,238700.0,93
201800039283,18,7,29,1230,1,2,1,1.0,3.0,93001,M,4891770.0,239363.0,93
201800039284,18,7,29,1220,1,2,2,1.0,3.0,93001,M,4891848.0,239349.0,93
201800039285,18,8,2,1800,1,2,2,1.0,1.0,93001,M,4890890.0,239060.0,93
201800039286,18,8,3,2329,5,2,1,1.0,6.0,93001,M,,,93
201800039287,18,8,4,1610,1,2,2,1.0,5.0,93001,M,4891799.0,240750.0,93
201800039288,18,8,6,1825,1,2,1,1.0,3.0,93001,M,4890653.0,237055.0,93
201800039289,18,8,14,2015,1,2,2,1.0,3.0,93001,M,4891080.0,238060.0,93
201800039290,18,8,15,1930,1,2,1,1.0,6.0,93001,M,4891077.0,237741.0,93
201800039291,18,8,17,2230,5,2,1,2.0,6.0,93001,M,,,93
201800039292,18,8,21,1015,1,2,1,1.0,3.0,93066,M,4892555.0,235228.0,93
201800039293,18,8,24,1245,1,2,1,1.0,6.0,93001,M,4891453.0,240395.0,93
201800039294,18,8,27,1750,1,2,3,1.0,3.0,93055,M,4890582.0,239464.0,93
201800039295,18,9,3,1615,1,2,1,1.0,3.0,93001,M,4890972.0,237859.0,93
201800039296,18,9,3,2230,5,2,4,1.0,3.0,93001,M,4891236.0,238522.0,93
201800039297,18,9,4,1650,1,2,1,1.0,6.0,93001,M,4891935.0,238275.0,93
201800039298,18,9,5,1455,1,2,1,1.0,2.0,93001,M,4890890.0,237820.0,93
201800039299,18,9,6,1410,1,2,1,1.0,2.0,93001,M,4891329.0,238701.0,93
201800039300,18,9,13,1320,1,2,1,8.0,6.0,93001,M,4890000.0,230000.0,93
201800039301,18,9,13,1430,1,2,9,8.0,6.0,93001,M,4891909.0,238736.0,93
201800039302,18,9,17,1945,2,2,1,1.0,6.0,93001,M,4891000.0,238000.0,93
201800039303,18,9,18,945,1,2,1,1.0,3.0,93001,M,4890736.0,237610.0,93
201800039304,18,9,20,1840,1,2,1,1.0,6.0,93001,M,4890462.0,238927.0,93
201800039305,18,9,25,1210,1,2,1,1.0,6.0,93001,M,4892120.0,237560.0,93
201800039306,18,9,26,835,1,2,1,1.0,3.0,93001,M,4891568.0,238437.0,93
201800039307,18,10,3,1010,1,2,1,8.0,6.0,93001,M,4891405.0,238182.0,93
201800039308,18,10,5,1800,1,2,1,1.0,5.0,93001,M,4892100.0,236700.0,93
201800039309,18,10,11,800,1,2,2,1.0,3.0,93001,M,4890621.0,237554.0,93
201800039310,18,10,13,1915,5,2,1,1.0,6.0,93001,M,4891610.0,238160.0,93