Num_Acc,an,mois,jour,hrmn,lum,agg,int,atm,col,com,gps,lat,long,dep
201800039311,18,10,15,445,5,2,3,1.0,5.0,93001,M,,,93
201800039312,18,10,15,1530,1,2,1,1.0,2.0,93001,M,4890374.0,237214.0,93
201800039313,18,10,16,930,1,2,1,1.0,3.0,93001,M,4891381.0,238088.0,93
201800039314,18,10,19,1225,1,2,1,1.0,6.0,93001,M,4890400.0,239492.0,93
201800039315,18,10,20,1730,1,2,9,1.0,6.0,93001,M,4890807.0,238770.0,93
201800039316,18,10,20,1805,2,2,3,1.0,3.0,93001,M,4891357.0,240256.0,93
201800039317,18,10,23,1200,1,2,3,1.0,3.0,93001,M,4891000.0,238000.0,93
201800039318,18,10,29,900,1,2,2,8.0,3.0,93001,M,4891528.0,237133.0,93
201800039319,18,11,1,615,5,2,6,1.0,3.0,93001,M,4890252.0,237111.0,93
201800039320,18,11,5,2140,5,2,1,1.0,3.0,93001,M,4891340.0,238241.0,93
201800039321,18,11,7,845,1,2,2,2.0,6.0,93001,M,4891467.0,239099.0,93
201800039322,18,11,12,930,1,2,8,3.0,6.0,93001,M,4890000.0,230000.0,93
201800039323,18,11,13,1935,5,2,1,1.0,7.0,93001,M,4891985.0,237522.0,93
201800039324,18,11,17,1015,1,2,2,1.0,6.0,93001,M,4891533.0,237866.0,93
201800039325,18,11,19,1335,1,2,1,1.0,6.0,93001,M,4891373.0,238252.0,93
201800039326,18,11,19,1625,1,2,1,1.0,6.0,93001,M,4890500.0,237400.0,93
201800039327,18,11,20,2140,5,2,1,1.0,3.0,93001,M,4891000.0,238000.0,93
201800039328,18,11,22,1405,1,2,9,8.0,2.0,93001,M,4891065.0,238542.0,93
201800039329,18,11,25,1420,1,2,1,8.0,2.0,93001,M,4891609.0,238159.0,93
201800039330,18,11,28,2010,5,2,1,2.0,5.0,93001,M,4892100.0,239420.0,93
201800039331,18,12,2,1545,1,2,1,1.0,4.0,93055,M,4889661.0,240162.0,93
201800039332,18,12,7,1835,5,2,9,2.0,6.0,93001,M,4891505.0,240188.0,93
201800039333,18,12,17,2232,5,2,1,1.0,6.0,93001,M,4890726.0,237295.0,93
201800039334,18,12,26,1400,1,2,1,1.0,6.0,93001,M,4891658.0,238972.0,93
201800039335,18,1,4,2235,5,2,4,1.0,2.0,93005,M,4894477.0,250846.0,93
201800039336,18,1,11,1315,1,2,2,1.0,3.0,93005,M,4895281.0,249897.0,93
201800039337,18,1,19,930,1,2,1,2.0,2.0,93005,M,4896771.0,249989.0,93
201800039338,18,1,20,1838,5,2,1,2.0,3.0,93005,M,4896090.0,247441.0,93
201800039339,18,1,21,1815,5,2,1,2.0,1.0,93005,M,4896011.0,248783.0,93
201800039340,18,1,21,2042,5,2,1,2.0,2.0,93005,M,4894216.0,249743.0,93
201800039341,18,1,31,1020,1,2,9,3.0,3.0,93005,M,4893947.0,249578.0,93
201800039342,18,2,1,1830,3,2,1,1.0,4.0,93005,M,4894179.0,250445.0,93
201800039343,18,2,4,1920,5,2,3,2.0,5.0,93005,M,4893966.0,250818.0,93
201800039344,18,2,7,1800,2,2,1,4.0,2.0,93005,M,4894391.0,249625.0,93
201800039345,18,2,22,1440,1,2,1,1.0,4.0,93005,M,4894945.0,248856.0,93
201800039346,18,2,22,1900,5,2,1,1.0,1.0,93005,M,,,93
201800039347,18,3,7,1555,1,2,1,4.0,3.0,93005,M,4892596.0,248667.0,93
201800039348,18,3,13,1415,1,2,1,1.0,7.0,93005,M,,,93
201800039349,18,3,19,720,2,2,3,4.0,3.0,93005,M,4894620.0,249341.0,93
201800039350,18,3,21,800,1,2,3,8.0,3.0,93005,M,4894260.0,250560.0,93
201800039351,18,3,23,1045,1,2,1,1.0,6.0,93005,M,4894945.0,250416.0,93
201800039352,18,3,26,1440,1,2,2,1.0,1.0,93005,M,4894941.0,251965.0,93
201800039353,18,3,29,1953,5,2,2,2.0,3.0,93005,M,4893429.0,249126.0,93
201800039354,18,4,3,2015,1,2,1,1.0,3.0,93005,M,4894070.0,250292.0,93
201800039355,18,4,5,1600,1,2,2,1.0,3.0,93005,M,4892260.0,250370.0,93
201800039356,18,4,6,1000,1,2,1,1.0,2.0,93005,M,4895496.0,247752.0,93
201800039357,18,4,7,1630,1,2,1,1.0,6.0,93005,M,4895614.0,249607.0,93
201800039358,18,4,10,2030,1,2,2,1.0,3.0,93005,M,4895054.0,252316.0,93
201800039359,18,4,15,805,1,2,6,1.0,3.0,93005,M,4894875.0,251775.0,93
201800039360,18,4,17,1915,1,2,1,1.0,6.0,93005,M,,,93
201800039361,18,4,21,520,5,2,1,1.0,6.0,93005,M,4892922.0,251242.0,93
201800039362,18,4,24,1715,1,2,2,1.0,3.0,93005,M,,,93
201800039363,18,4,24,2110,5,2,1,1.0,6.0,93005,M,,,93
201800039364,18,4,25,2115,3,2,3,1.0,3.0,93005,M,4895123.0,251388.0,93
201800039365,18,4,30,1030,1,2,1,8.0,6.0,93005,M,4893766.0,250045.0,93
201800039366,18,5,1,1445,1,2,9,1.0,6.0,93005,M,4894821.0,249038.0,93
201800039367,18,5,1,1844,1,2,3,1.0,6.0,93005,M,4895300.0,250060.0,93
201800039368,18,5,2,1840,1,2,1,1.0,1.0,93005,M,,,93
201800039369,18,5,9,810,1,2,1,7.0,7.0,93005,M,,,93
201800039370,18,5,9,1125,1,2,1,1.0,6.0,93005,M,,,93
201800039371,18,5,9,2145,5,2,1,1.0,6.0,93005,M,,,93
201800039372,18,5,12,937,1,2,6,1.0,6.0,93005,M,4895700.0,247900.0,93
201800039373,18,5,14,1650,1,2,9,2.0,3.0,93005,M,4895044.0,252322.0,93
201800039374,18,5,17,1040,1,2,1,1.0,6.0,93005,M,,,93
201800039375,18,5,19,2020,1,2,1,1.0,6.0,93005,M,4894895.0,251215.0,93
201800039376,18,5,25,1545,1,2,1,1.0,6.0,93005,M,,,93
201800039377,18,5,28,1132,1,2,1,1.0,1.0,93005,M,,,93
201800039378,18,5,28,1555,1,2,1,1.0,2.0,93005,M,4895618.0,249596.0,93
201800039379,18,6,1,1400,1,1,1,1.0,2.0,93005,M,4893181.0,250481.0,93
201800039380,18,6,8,1845,1,2,1,1.0,4.0,93005,M,4894439.0,249606.0,93
201800039381,18,6,16,1545,1,2,1,1.0,6.0,93005,M,4892931.0,249666.0,93
201800039382,18,6,17,1618,1,2,1,1.0,6.0,93005,M,4895333.0,248313.0,93
201800039383,18,6,23,800,1,2,1,7.0,2.0,93005,M,,,93
201800039384,18,6,24,1325,1,2,1,1.0,6.0,93005,M,,,93
201800039385,18,6,24,1850,1,2,2,1.0,6.0,93005,M,4895280.0,251373.0,93
201800039386,18,6,25,1700,1,2,1,1.0,6.0,93005,M,,,93
201800039387,18,6,28,1630,1,2,1,1.0,5.0,93005,M,,,93
201800039388,18,7,1,1403,1,2,3,1.0,3.0,93005,M,4894781.0,250130.0,93
201800039389,18,6,29,2120,2,2,2,1.0,5.0,93005,M,4895750.0,250390.0,93
201800039390,18,7,6,1605,1,2,1,1.0,2.0,93005,M,4895540.0,248185.0,93
201800039391,18,7,8,1955,1,2,1,1.0,7.0,93005,M,4892256.0,250344.0,93
201800039392,18,7,9,945,1,2,1,1.0,7.0,93005,M,4892595.0,249078.0,93
201800039393,18,7,9,1430,1,2,9,1.0,2.0,93005,M,,,93
201800039394,18,7,10,1200,1,2,1,1.0,3.0,93005,M,,,93
201800039395,18,7,10,1710,1,1,1,1.0,7.0,93007,M,4894932.0,247639.0,93
201800039396,18,7,11,1320,1,2,1,1.0,7.0,93005,M,4894905.0,248081.0,93
201800039397,18,7,16,920,1,2,1,1.0,3.0,93005,M,4894970.0,248830.0,93
201800039398,18,7,15,1945,1,2,1,1.0,6.0,93005,M,4895485.0,250222.0,93
201800039399,18,7,20,930,1,2,1,2.0,3.0,93005,M,4892725.0,251018.0,93
201800039400,18,7,20,1640,1,2,2,2.0,3.0,93005,M,4893880.0,248790.0,93
201800039401,18,7,22,1630,1,2,3,1.0,1.0,93005,M,,,93
201800039402,18,7,27,2210,5,2,2,1.0,3.0,93005,M,4892955.0,248083.0,93
201800039403,18,7,28,900,1,2,2,1.0,3.0,93005,M,,,93
201800039404,18,7,28,1212,1,2,1,1.0,6.0,93005,M,,,93
201800039405,18,7,28,2050,1,2,5,1.0,3.0,93005,M,4895222.0,249460.0,93
201800039406,18,7,31,1600,1,2,2,1.0,3.0,93005,M,,,93
201800039407,18,8,9,1815,1,2,1,1.0,3.0,93005,M,4896422.0,249144.0,93
201800039408,18,8,17,840,1,2,2,1.0,3.0,93005,M,4895025.0,249201.0,93
201800039409,18,8,19,1300,1,2,1,1.0,6.0,93005,M,4894939.0,249197.0,93
201800039410,18,8,20,852,1,2,6,8.0,3.0,93005,M,,,93
201800039411,18,8,23,1900,1,2,2,1.0,3.0,93005,M,4893264.0,248825.0,93
201800039412,18,8,24,347,5,2,1,1.0,6.0,93005,M,4892710.0,250020.0,93
201800039413,18,8,24,645,2,2,2,1.0,3.0,93005,M,4895029.0,252304.0,93
201800039414,18,8,27,1000,1,2,1,2.0,6.0,93005,M,4895222.0,252118.0,93
201800039415,18,8,27,1120,1,2,1,1.0,2.0,93005,M,4895121.0,248602.0,93
201800039416,18,8,28,1835,1,2,1,1.0,4.0,93005,M,,,93
201800039417,18,8,28,1805,1,2,3,1.0,3.0,93005,M,4894751.0,248456.0,93
201800039418,18,9,3,1130,1,2,2,1.0,3.0,93005,M,4894000.0,250463.0,93
201800039419,18,9,9,1730,1,2,9,1.0,4.0,93005,M,,,93
201800039420,18,9,9,2200,5,2,9,1.0,3.0,93005,M,,,93
201800039421,18,9,12,1330,1,1,1,7.0,6.0,93005,M,,,93
201800039422,18,9,13,820,1,2,1,2.0,2.0,93005,M,,,93
201800039423,18,9,14,1815,1,2,1,1.0,2.0,93005,M,,,93
201800039424,18,9,18,1750,1,2,1,8.0,6.0,93005,M,,,93
201800039425,18,9,25,1915,1,2,6,7.0,3.0,93005,M,4893192.0,249094.0,93
201800039426,18,9,25,1750,1,2,1,1.0,6.0,93005,M,,,93
201800039427,18,9,26,1020,1,2,1,1.0,6.0,93005,M,,,93
201800039428,18,10,1,2115,5,2,1,8.0,2.0,93071,M,,,93
201800039429,18,10,4,800,1,2,1,1.0,6.0,93005,M,,,93
201800039430,18,10,9,745,1,2,1,1.0,2.0,93005,M,,,93
201800039431,18,10,12,430,5,2,1,8.0,6.0,93005,M,4896141.0,247348.0,93
201800039432,18,10,12,815,1,2,3,1.0,6.0,93005,M,,,93
201800039433,18,10,15,1800,1,2,6,1.0,3.0,93005,M,,,93
201800039434,18,10,30,1635,1,2,6,1.0,3.0,93005,M,,,93
201800039435,18,11,1,1440,1,2,1,2.0,6.0,93005,M,,,93
201800039436,18,11,6,1700,2,2,1,1.0,6.0,93005,M,4895619.0,247619.0,93
201800039437,18,11,6,1830,5,2,3,1.0,6.0,93005,M,4894620.0,249940.0,93
201800039438,18,11,7,1710,2,2,2,8.0,3.0,93005,M,,,93
201800039439,18,11,12,1755,5,2,8,1.0,6.0,93005,M,4894167.0,250441.0,93
201800039440,18,11,14,1000,1,2,2,1.0,3.0,93005,M,4892507.0,250403.0,93
201800039441,18,11,16,1825,5,2,1,2.0,6.0,93005,M,,,93
201800039442,18,11,25,1930,4,2,1,2.0,4.0,93005,M,4895196.0,249242.0,93
201800039443,18,12,10,1920,3,2,2,1.0,3.0,93005,M,,,93
201800039444,18,12,15,1515,1,2,2,2.0,3.0,93005,M,,,93
201800039445,18,12,16,1100,1,2,9,1.0,2.0,93005,M,4893007.0,248076.0,93
201800039446,18,12,18,1230,1,2,3,8.0,1.0,93005,M,,,93
201800039447,18,12,19,750,2,2,1,8.0,3.0,93005,M,4894804.0,251327.0,93
201800039448,18,12,21,2230,5,2,3,2.0,2.0,93005,M,4893138.0,249668.0,93
201800039449,18,12,23,530,5,2,1,2.0,3.0,93005,M,4895539.0,250836.0,93
201800039450,18,12,24,800,2,2,1,2.0,1.0,93005,M,4893276.0,248823.0,93
201800039451,18,12,27,2227,5,2,1,1.0,6.0,93005,M,4894888.0,248945.0,93
201800039452,18,1,8,1430,1,2,1,1.0,2.0,93007,M,,,93
201800039453,18,1,11,1800,5,2,1,2.0,6.0,93007,M,,,93
201800039454,18,1,12,1345,1,2,6,1.0,6.0,93007,M,4894708.0,245907.0,93
201800039455,18,1,12,2250,5,2,2,8.0,3.0,93007,M,4894054.0,244929.0,93
201800039456,18,1,15,100,5,2,3,1.0,6.0,93007,M,4892656.0,247110.0,93
201800039457,18,1,23,1125,1,2,6,1.0,3.0,93007,M,4894010.0,244203.0,93
201800039458,18,1,24,650,5,2,3,2.0,4.0,93007,M,,,93
201800039459,18,1,24,1205,1,2,1,1.0,4.0,93007,M,4894560.0,245902.0,93
201800039460,18,1,30,1950,5,2,1,2.0,3.0,93007,M,4895027.0,245464.0,93
201800039461,18,2,2,2037,5,2,1,1.0,3.0,93007,M,4894452.0,243493.0,93
201800039462,18,2,8,1605,1,2,1,1.0,6.0,93007,M,4894057.0,244920.0,93
201800039463,18,2,10,900,1,2,2,9.0,3.0,93007,M,4892412.0,247312.0,93
201800039464,18,2,20,1800,5,2,1,2.0,6.0,93007,M,4895003.0,246478.0,93
201800039465,18,2,24,1245,1,2,1,1.0,3.0,93007,M,4892724.0,247285.0,93
201800039466,18,2,27,1901,5,2,1,1.0,2.0,93007,M,4894070.0,247524.0,93
201800039467,18,3,1,1320,1,2,3,1.0,4.0,93007,M,4892880.0,247717.0,93
201800039468,18,3,2,1345,1,2,1,1.0,6.0,93007,M,,,93
201800039469,18,3,17,930,1,2,6,1.0,5.0,93007,M,4894980.0,246652.0,93
201800039470,18,3,23,1740,1,2,2,1.0,1.0,93007,M,4893837.0,246876.0,93
201800039471,18,3,28,700,5,2,1,2.0,3.0,93007,M,4894325.0,246627.0,93
201800039472,18,3,30,1730,1,2,1,1.0,3.0,93007,M,4992903.0,247819.0,93
201800039473,18,4,5,655,2,2,3,1.0,6.0,93007,M,,,93
201800039474,18,4,6,2310,5,2,6,1.0,7.0,93007,M,4892936.0,246650.0,93
201800039475,18,4,7,1412,1,2,1,1.0,3.0,93007,M,4894093.0,246983.0,93
201800039476,18,4,9,841,1,2,1,1.0,6.0,93007,M,4893641.0,246087.0,93
201800039477,18,4,9,1750,1,2,1,2.0,3.0,93007,M,4894048.0,245005.0,93
201800039478,18,4,13,1730,1,2,1,1.0,2.0,93007,M,4893404.0,247685.0,93
201800039479,18,4,14,1530,1,2,3,1.0,3.0,93007,M,4894889.0,244669.0,93
201800039480,18,4,30,1715,1,2,1,2.0,6.0,93007,M,4892632.0,246802.0,93
201800039481,18,5,1,35,5,2,6,2.0,3.0,93007,M,4894968.0,246683.0,93
201800039482,18,5,5,1220,1,2,2,1.0,2.0,93007,M,4894601.0,245820.0,93
201800039483,18,5,5,2315,5,2,1,1.0,2.0,93007,M,4894330.0,244302.0,93
201800039484,18,5,7,1130,1,2,1,1.0,6.0,93007,M,4894550.0,244569.0,93
201800039485,18,5,9,1645,1,2,1,1.0,2.0,93007,M,4894373.0,246482.0,93
201800039486,18,5,12,1635,1,2,3,8.0,3.0,93007,M,4892283.0,247149.0,93
201800039487,18,5,15,820,1,2,1,1.0,6.0,93007,M,4894141.0,247498.0,93
201800039488,18,5,21,1530,1,2,1,1.0,4.0,93007,M,4894432.0,247210.0,93
201800039489,18,5,21,1904,1,2,1,1.0,3.0,93007,M,4894799.0,245754.0,93
201800039490,18,5,22,1655,1,2,1,2.0,3.0,93007,M,4893950.0,245730.0,93
201800039491,18,5,30,1745,1,2,1,1.0,5.0,93007,M,4894077.0,243551.0,93
201800039492,18,6,2,1015,1,2,1,1.0,6.0,93007,M,4895009.0,245728.0,93
201800039493,18,6,7,1554,1,2,1,1.0,3.0,93007,M,4895029.0,245474.0,93
201800039494,18,6,8,2045,1,2,1,1.0,7.0,93007,M,4895410.0,244317.0,93
201800039495,18,6,11,840,1,2,9,2.0,7.0,93007,M,4893757.0,243980.0,93
201800039496,18,6,15,1552,1,2,1,1.0,2.0,93007,M,4892559.0,246647.0,93
201800039497,18,6,19,1700,1,2,2,1.0,3.0,93007,M,4892410.0,247305.0,93
201800039498,18,6,24,735,1,2,1,1.0,2.0,93007,M,4894525.0,243514.0,93
201800039499,18,6,27,943,1,2,1,1.0,3.0,93007,M,4894000.0,244000.0,93
201800039500,18,6,29,1440,1,2,1,1.0,2.0,93007,M,4894047.0,244609.0,93
201800039501,18,7,19,1010,1,2,2,1.0,3.0,93007,M,4894576.0,245282.0,93
201800039502,18,7,19,2136,1,2,7,1.0,6.0,93007,M,4892922.0,248033.0,93
201800039503,18,7,24,2030,1,2,9,1.0,3.0,93007,M,4894062.0,244953.0,93
201800039504,18,7,26,2100,1,2,9,1.0,1.0,93007,M,4893623.0,246492.0,93
201800039505,18,8,14,1645,1,2,1,1.0,6.0,93007,M,4893252.0,247766.0,93
201800039506,18,8,14,2030,2,2,1,1.0,6.0,93007,M,4893268.0,247440.0,93
201800039507,18,8,15,1700,1,2,1,1.0,6.0,93007,M,4892600.0,246500.0,93
201800039508,18,8,16,1900,1,2,3,1.0,3.0,93007,M,4892012.0,247014.0,93
201800039509,18,8,21,1450,1,2,3,1.0,6.0,93007,M,4855351.0,228265.0,93
201800039510,18,9,7,1230,1,2,1,1.0,3.0,93007,M,,,93
201800039511,18,9,7,1645,1,2,1,1.0,6.0,93007,M,4893726.0,246313.0,93
201800039512,18,9,7,2000,5,2,1,1.0,6.0,93007,M,4894011.0,244250.0,93
201800039513,18,9,8,2045,5,2,1,1.0,6.0,93007,M,4893607.0,248201.0,93
201800039514,18,9,13,840,2,2,1,2.0,6.0,93007,M,4892795.0,248092.0,93
201800039515,18,9,15,1650,1,2,1,1.0,6.0,93007,M,,,93
201800039516,18,9,15,2125,5,2,1,1.0,2.0,93007,M,,,93
201800039517,18,9,16,1510,1,2,9,1.0,6.0,93007,M,,,93
201800039518,18,9,18,940,1,2,1,1.0,6.0,93007,M,4894147.0,243209.0,93
201800039519,18,9,21,850,1,2,3,2.0,3.0,93007,M,4893330.0,245000.0,93
201800039520,18,9,28,545,5,2,6,1.0,3.0,93007,M,4895011.0,246670.0,93
201800039521,18,9,29,1730,1,2,1,1.0,2.0,93007,M,4892900.0,247000.0,93
201800039522,18,10,3,1845,2,2,1,8.0,6.0,93007,M,4894940.0,245566.0,93
201800039523,18,10,4,1639,1,2,1,1.0,6.0,93007,M,4894736.0,245033.0,93
201800039524,18,10,8,1330,1,2,1,1.0,5.0,93007,M,4894795.0,246717.0,93
201800039525,18,10,8,1802,1,2,3,1.0,6.0,93007,M,4882646.0,246920.0,93
201800039526,18,10,14,1625,1,2,1,1.0,6.0,93007,M,4895138.0,244413.0,93
201800039527,18,10,18,1,5,2,3,1.0,2.0,93007,M,4892636.0,246844.0,93
201800039528,18,10,18,1330,1,2,6,1.0,3.0,93007,M,4895000.0,247200.0,93
201800039529,18,10,18,1935,5,2,3,1.0,3.0,93007,M,4893609.0,248252.0,93
201800039530,18,10,22,1215,1,2,1,2.0,2.0,93007,M,4892391.0,246266.0,93
201800039531,18,11,5,1815,5,2,1,1.0,3.0,93007,M,4894508.0,246231.0,93
201800039532,18,11,9,1430,1,2,3,1.0,1.0,93007,M,4894361.0,244443.0,93
201800039533,18,11,14,235,5,2,9,1.0,6.0,93007,M,4893941.0,245739.0,93
201800039534,18,11,20,540,5,2,9,8.0,3.0,93007,M,4894595.0,244580.0,93
201800039535,18,11,25,1615,1,2,1,2.0,6.0,93007,M,4893160.0,247764.0,93
201800039536,18,12,11,900,1,2,1,8.0,3.0,93007,M,4894637.0,245559.0,93
201800039537,18,12,11,1604,1,2,2,1.0,6.0,93007,M,4894000.0,246000.0,93
201800039538,18,12,14,2000,5,2,1,1.0,2.0,93007,M,4894912.0,243884.0,93
201800039539,18,12,18,1255,1,2,1,1.0,6.0,93007,M,4893350.0,247730.0,93
201800039540,18,12,18,1400,1,2,2,1.0,3.0,93007,M,4893837.0,246880.0,93
201800039541,18,12,26,1750,5,2,1,1.0,6.0,93007,M,4894613.0,244321.0,93
201800039542,18,1,4,723,5,2,1,2.0,6.0,93008,M,4891602.0,242470.0,93
201800039543,18,1,5,1915,5,2,1,1.0,2.0,93008,M,,,93
201800039544,18,1,11,820,1,2,1,8.0,6.0,93008,M,,,93
201800039545,18,1,19,1515,1,2,1,1.0,2.0,93008,M,,,93
201800039546,18,1,22,850,2,2,1,3.0,6.0,93008,M,4890664.0,436020.0,93
201800039547,18,1,23,2300,5,2,1,2.0,3.0,93008,M,4900000.0,250000.0,93
201800039548,18,1,26,1649,1,2,1,1.0,6.0,93008,M,,,93
201800039549,18,2,12,700,5,2,2,8.0,3.0,93008,M,4891562.0,242633.0,93
201800039550,18,2,21,1030,1,2,1,1.0,6.0,93008,M,4890978.0,243537.0,93
201800039551,18,3,16,855,1,2,6,1.0,3.0,93008,M,,,93
201800039552,18,3,24,910,1,2,3,1.0,6.0,93008,M,4890996.0,243740.0,93
201800039553,18,3,24,2010,5,2,1,1.0,6.0,93008,M,,,93
201800039554,18,3,30,1500,1,2,3,2.0,3.0,93008,M,4891124.0,243998.0,93
201800039555,18,4,4,935,1,2,1,8.0,6.0,93008,M,,,93
201800039556,18,4,4,2300,5,1,1,2.0,3.0,93029,M,4890000.0,242000.0,93
201800039557,18,4,9,1755,1,2,1,2.0,6.0,93008,M,4890637.0,246282.0,93
201800039558,18,4,10,1745,1,2,1,1.0,6.0,93008,M,,,93
201800039559,18,4,18,2300,4,2,1,1.0,7.0,93008,M,4890000.0,246000.0,93
201800039560,18,5,17,1055,1,2,1,1.0,6.0,93008,M,4890740.0,245673.0,93
201800039561,18,5,23,1305,1,2,2,1.0,3.0,93008,M,,,93
201800039562,18,5,26,2050,1,2,2,1.0,6.0,93008,M,,,93
201800039563,18,6,5,1630,1,2,1,1.0,5.0,93008,M,4890000.0,246000.0,93
201800039564,18,6,10,2200,1,1,1,1.0,3.0,93008,M,,,93
201800039565,18,6,12,1545,1,2,1,8.0,6.0,93008,M,,,93
201800039566,18,6,29,1625,1,2,1,1.0,6.0,93008,M,,,93
201800039567,18,6,30,1645,1,2,1,1.0,1.0,93008,M,,,93
201800039568,18,7,10,1617,1,2,3,1.0,3.0,93008,M,4890913.0,244114.0,93
201800039569,18,7,17,2030,2,2,1,1.0,7.0,93008,M,,,93
201800039570,18,7,20,1505,1,2,1,1.0,6.0,93008,M,4890849.0,245148.0,93
201800039571,18,7,22,1645,1,2,1,1.0,7.0,93008,M,4890000.0,246000.0,93
201800039572,18,7,23,100,5,2,1,1.0,3.0,93008,M,4800000.0,242000.0,93
201800039573,18,8,2,1107,1,2,1,1.0,4.0,93008,M,4890970.0,244714.0,93
201800039574,18,8,2,500,2,2,9,1.0,3.0,93008,M,4889882.0,244425.0,93
201800039575,18,8,7,1915,1,2,1,1.0,3.0,93008,M,4891169.0,243419.0,93
201800039576,18,8,21,2040,2,2,1,1.0,2.0,93008,M,,,93
201800039577,18,9,2,1230,1,2,1,1.0,6.0,93008,M,4890000.0,242000.0,93
201800039578,18,9,8,1202,1,2,4,7.0,6.0,93008,M,4891042.0,247412.0,93
201800039579,18,9,16,2345,5,2,2,1.0,6.0,93008,M,4891000.0,241000.0,93
201800039580,18,9,18,2010,5,2,6,1.0,3.0,93008,M,,,93
201800039581,18,9,20,1830,1,2,1,1.0,2.0,93008,M,,,93
201800039582,18,9,21,830,1,2,1,2.0,6.0,93008,M,4890447.0,245341.0,93
201800039583,18,9,21,930,1,2,6,8.0,3.0,93008,M,4890144.0,245738.0,93
201800039584,18,9,25,1115,1,2,3,1.0,3.0,93008,M,4890648.0,244105.0,93
201800039585,18,9,28,750,1,2,2,1.0,3.0,93008,M,4891171.0,246498.0,93
201800039586,18,9,28,2300,5,2,4,1.0,3.0,93008,M,5000000.0,1000000.0,93
201800039587,18,10,5,1200,1,2,3,1.0,3.0,93008,M,4890625.0,242296.0,93
201800039588,18,6,25,111,3,2,3,1.0,5.0,93008,M,4890547.0,244431.0,93
201800039589,18,10,12,1050,1,2,1,1.0,2.0,93008,M,4890000.0,245000.0,93
201800039590,18,10,26,1015,1,2,1,1.0,2.0,93008,M,,,93
201800039591,18,11,10,815,1,2,6,2.0,6.0,93008,M,4891000.0,243000.0,93
201800039592,18,11,13,1600,1,2,1,1.0,6.0,93008,M,4890600.0,243800.0,93
201800039593,18,11,13,1635,1,2,1,1.0,3.0,93008,M,4891400.0,244000.0,93
201800039594,18,11,20,2345,5,2,9,2.0,3.0,93008,M,4891000.0,241000.0,93
201800039595,18,11,28,820,2,2,1,2.0,6.0,93008,M,4890723.0,246906.0,93
201800039596,18,12,3,625,5,2,1,2.0,6.0,93010,M,,,93
201800039597,18,12,4,150,3,2,1,2.0,6.0,93008,M,4890000.0,245000.0,93
201800039598,18,12,4,735,2,2,1,3.0,6.0,93008,M,4890750.0,242490.0,93
201800039599,18,12,14,1130,1,2,9,1.0,6.0,93008,M,,,93
201800039600,18,12,15,1230,1,2,1,1.0,6.0,93008,M,4890000.0,245000.0,93
201800039601,18,12,21,150,5,2,3,2.0,1.0,93008,M,4891563.0,242633.0,93
201800039602,18,12,30,2150,5,2,3,2.0,1.0,93008,M,4891003.0,246348.0,93
201800039603,18,1,7,1810,5,2,1,1.0,6.0,93057,M,4891413.0,249161.0,93
201800039604,18,1,12,1810,5,2,1,1.0,6.0,93057,M,,,93
201800039605,18,1,16,635,3,2,1,2.0,6.0,93010,M,4890452.0,247052.0,93
201800039606,18,1,17,1610,1,2,1,1.0,3.0,93010,M,4889064.0,247762.0,93
201800039607,18,1,18,1230,1,2,1,2.0,3.0,93057,M,4890772.0,249287.0,93
201800039608,18,1,21,1815,5,2,1,2.0,3.0,93010,M,4890381.0,248036.0,93
201800039609,18,1,23,1900,5,2,1,2.0,3.0,93057,M,,,93
201800039610,18,1,23,1745,5,2,2,2.0,6.0,93010,M,4889635.0,247798.0,93
201800039611,18,1,26,835,2,2,2,1.0,6.0,93057,M,4890196.0,250115.0,93
201800039612,18,1,26,2030,5,2,3,1.0,3.0,93010,M,,,93
201800039613,18,1,27,2229,5,2,1,1.0,3.0,93010,M,4889900.0,248360.0,93
201800039614,18,1,30,1350,1,2,1,2.0,3.0,93010,M,4890605.0,248052.0,93
201800039615,18,2,6,1120,1,2,1,4.0,6.0,93010,M,4889495.0,247907.0,93
201800039616,18,2,21,1130,1,2,3,1.0,1.0,93057,M,4890747.0,249555.0,93
201800039617,18,2,22,1615,1,2,3,1.0,6.0,93010,M,4890362.0,247618.0,93
201800039618,18,3,2,1920,5,2,1,1.0,6.0,93010,M,4891359.0,248044.0,93
201800039619,18,3,11,1910,2,2,1,1.0,6.0,93057,M,4891039.0,251238.0,93
201800039620,18,4,5,845,1,2,1,1.0,6.0,93057,M,4890901.0,250090.0,93
201800039621,18,4,3,1815,1,2,1,1.0,2.0,93010,M,,,93
201800039622,18,4,9,1315,1,2,3,2.0,3.0,93010,M,4890521.0,247670.0,93
201800039623,18,4,10,1330,1,2,1,1.0,6.0,93008,M,4890669.0,244970.0,93
201800039624,18,4,11,950,1,2,1,7.0,6.0,93057,M,4891103.0,251770.0,93
201800039625,18,4,13,255,5,2,1,1.0,3.0,93053,M,4890185.0,246024.0,93
201800039626,18,4,22,1810,1,2,1,1.0,2.0,93057,M,,,93
201800039627,18,4,25,2050,2,2,1,1.0,3.0,93010,M,4891226.0,248523.0,93
201800039628,18,5,3,1640,1,2,1,1.0,2.0,93010,M,4891805.0,248477.0,93
201800039629,18,5,3,1840,1,2,1,1.0,3.0,93057,M,4891571.0,249950.0,93
201800039630,18,5,4,1445,1,2,1,1.0,2.0,93010,M,4891709.0,247952.0,93
201800039631,18,5,5,1530,1,2,1,1.0,3.0,93055,M,4891356.0,240770.0,93
201800039632,18,5,10,1137,1,2,1,1.0,6.0,93010,M,4891903.0,247643.0,93
201800039633,18,5,11,820,1,2,3,1.0,3.0,93057,M,4890872.0,251695.0,93