Num_Acc,an,mois,jour,hrmn,lum,agg,int,atm,col,com,gps,lat,long,dep
201800039634,18,5,14,2130,5,2,3,2.0,3.0,93010,M,,,93
201800039635,18,5,18,1750,1,2,1,1.0,6.0,93010,M,4890614.0,248095.0,93
201800039636,18,5,28,1415,1,2,3,1.0,3.0,93010,M,4890846.0,248009.0,93
201800039637,18,5,28,945,1,2,1,1.0,6.0,93057,M,4890973.0,251503.0,93
201800039638,18,6,8,1553,1,2,1,1.0,6.0,93010,M,,,93
201800039639,18,6,17,1944,1,2,3,1.0,1.0,93010,M,,,93
201800039640,18,6,20,1215,1,2,1,1.0,2.0,93010,M,4890000.0,248000.0,93
201800039641,18,6,20,1945,1,2,3,1.0,3.0,93057,M,,,93
201800039642,18,7,4,1820,1,2,1,1.0,6.0,93010,M,4891378.0,248267.0,93
201800039643,18,7,23,645,1,2,2,1.0,3.0,93010,M,4890713.0,248887.0,93
201800039644,18,8,3,1400,1,2,5,1.0,6.0,93057,M,4891058.0,251281.0,93
201800039645,18,8,4,1021,1,2,9,1.0,4.0,93057,M,,,93
201800039646,18,8,5,1950,1,2,7,1.0,6.0,93010,M,,,93
201800039647,18,8,6,1630,1,1,4,1.0,3.0,93010,M,,,93
201800039648,18,8,7,2230,5,2,3,1.0,3.0,93010,M,4889062.0,249448.0,93
201800039649,18,8,9,2120,5,2,1,1.0,7.0,93010,M,4891681.0,248759.0,93
201800039650,18,8,10,800,1,2,1,1.0,6.0,93057,M,,,93
201800039651,18,8,15,1555,1,2,1,1.0,3.0,93010,M,4889699.0,246198.0,93
201800039652,18,8,15,2340,5,2,2,1.0,6.0,93057,M,,,93
201800039653,18,8,27,1935,1,2,1,1.0,6.0,93010,M,4890252.0,247201.0,93
201800039654,18,9,2,1600,1,2,1,1.0,2.0,93057,M,4890896.0,250058.0,93
201800039655,18,9,5,950,1,2,3,8.0,6.0,93010,M,4889452.0,249268.0,93
201800039656,18,9,13,1040,1,2,4,2.0,6.0,93010,M,4890700.0,248882.0,93
201800039657,18,9,14,135,5,2,2,1.0,6.0,93057,M,4890916.0,250345.0,93
201800039658,18,9,16,1500,1,2,2,1.0,3.0,93057,M,4891246.0,250573.0,93
201800039659,18,9,17,730,1,2,3,1.0,3.0,93010,M,4890037.0,247100.0,93
201800039660,18,9,19,2145,5,2,3,1.0,3.0,93010,M,4889636.0,247919.0,93
201800039661,18,9,20,1249,1,2,1,1.0,2.0,93010,M,4889898.0,248113.0,93
201800039662,18,9,24,1820,1,2,3,1.0,6.0,93010,M,4890486.0,248588.0,93
201800039663,18,10,1,1605,1,2,3,1.0,1.0,93010,M,4890000.0,248000.0,93
201800039664,18,10,5,710,5,2,2,1.0,6.0,93010,M,4890573.0,248035.0,93
201800039665,18,10,10,1655,1,2,9,1.0,6.0,93010,M,,,93
201800039666,18,10,13,930,1,2,1,1.0,6.0,93057,M,4890863.0,249999.0,93
201800039667,18,10,17,950,1,2,1,7.0,6.0,93057,M,4890592.0,250000.0,93
201800039668,18,10,19,1745,1,2,1,1.0,3.0,93010,M,4890918.0,248254.0,93
201800039669,18,10,20,1815,1,2,1,1.0,6.0,93010,M,4890004.0,249235.0,93
201800039670,18,11,3,1925,5,2,1,1.0,3.0,93057,M,4890981.0,250718.0,93
201800039671,18,11,10,525,5,2,9,2.0,3.0,93057,M,4890921.0,250336.0,93
201800039672,18,11,18,1650,1,2,9,1.0,1.0,93010,M,4890800.0,248900.0,93
201800039673,18,11,20,945,1,1,1,2.0,3.0,93057,M,4890929.0,250337.0,93
201800039674,18,11,21,500,5,2,9,1.0,3.0,93010,M,4890566.0,247501.0,93
201800039675,18,11,21,930,1,2,1,1.0,6.0,93010,M,4889609.0,248088.0,93
201800039676,18,11,23,610,3,2,1,1.0,6.0,93010,M,4890400.0,247060.0,93
201800039677,18,11,30,1735,5,2,1,1.0,6.0,93010,M,,,93
201800039678,18,12,1,1439,1,2,3,2.0,6.0,93057,M,4890419.0,250464.0,93
201800039679,18,12,2,2145,5,2,2,2.0,3.0,93010,M,4891595.0,249220.0,93
201800039680,18,12,8,620,3,2,8,2.0,6.0,93010,M,4890470.0,247351.0,93
201800039681,18,12,8,810,2,2,9,1.0,6.0,93010,M,4890602.0,248096.0,93
201800039682,18,12,12,1230,1,2,1,1.0,6.0,93010,M,4890241.0,248245.0,93
201800039683,18,12,17,1050,1,2,3,1.0,3.0,93010,M,4889628.0,247920.0,93
201800039684,18,12,18,400,5,2,1,1.0,6.0,93010,M,4890552.0,248664.0,93
201800039685,18,12,18,615,5,2,2,1.0,3.0,93010,M,4890730.0,248892.0,93
201800039686,18,12,18,1435,1,2,1,1.0,3.0,93057,M,4891023.0,251011.0,93
201800039687,18,12,20,1500,1,2,7,1.0,3.0,93057,M,,,93
201800039688,18,12,27,910,1,2,9,1.0,3.0,93010,M,4890611.0,248355.0,93
201800039689,18,12,28,1820,2,2,9,1.0,6.0,93010,M,4890559.0,248035.0,93
201800039690,18,1,4,1950,5,2,2,6.0,1.0,93047,M,,,93
201800039691,18,1,9,1810,5,2,1,2.0,6.0,93047,M,4889876.0,255949.0,93
201800039692,18,1,25,930,1,2,1,2.0,6.0,93014,M,,,93
201800039693,18,1,26,1845,5,2,6,1.0,6.0,93047,M,4890153.0,256984.0,93
201800039694,18,2,1,1755,2,2,1,8.0,6.0,93014,M,4890587.0,255193.0,93
201800039695,18,2,15,1820,4,2,3,2.0,3.0,93047,M,4889829.0,255487.0,93
201800039696,18,2,16,1020,1,2,1,1.0,6.0,93047,M,,,93
201800039697,18,2,17,1800,1,2,1,1.0,6.0,93064,M,4887757.0,248300.0,93
201800039698,18,2,20,1425,1,2,1,1.0,6.0,93014,M,4890648.0,254390.0,93
201800039699,18,2,23,1230,1,2,4,1.0,2.0,93014,M,4890921.0,255369.0,93
201800039700,18,2,24,2210,5,2,1,1.0,3.0,93014,M,4854230.0,233120.0,93
201800039701,18,3,6,900,1,2,2,1.0,3.0,93047,M,4888920.0,254827.0,93
201800039702,18,3,11,210,5,2,3,3.0,1.0,93014,M,4890733.0,254336.0,93
201800039703,18,3,12,2030,5,2,2,1.0,3.0,93047,M,4889219.0,255234.0,93
201800039704,18,3,16,1916,5,2,1,8.0,1.0,93047,M,4890614.0,258126.0,93
201800039705,18,3,21,1305,1,2,1,1.0,6.0,93014,M,4890469.0,255095.0,93
201800039706,18,4,2,1110,1,2,1,1.0,6.0,93047,M,4889921.0,254788.0,93
201800039707,18,4,6,2000,1,2,2,1.0,3.0,93047,M,4889437.0,254966.0,93
201800039708,18,4,6,2150,4,2,1,1.0,2.0,93047,M,4890229.0,257055.0,93
201800039709,18,4,9,1920,1,2,2,2.0,3.0,93014,M,,,93
201800039710,18,4,11,1840,1,2,1,1.0,6.0,93014,M,,,93
201800039711,18,4,17,1945,1,2,3,1.0,3.0,93047,M,4889877.0,257396.0,93
201800039712,18,4,27,2230,5,2,3,1.0,2.0,93014,M,,,93
201800039713,18,5,9,1300,1,2,1,1.0,6.0,93014,M,4890293.0,254761.0,93
201800039714,18,5,11,1600,1,2,1,1.0,6.0,93014,M,4890734.0,254256.0,93
201800039715,18,5,13,2315,5,2,3,2.0,3.0,93047,M,4890307.0,256223.0,93
201800039716,18,5,15,2115,2,2,1,1.0,6.0,93047,M,4889878.0,254764.0,93
201800039717,18,5,20,810,1,2,2,1.0,6.0,93047,M,4889000.0,255430.0,93
201800039718,18,5,23,1655,1,2,1,1.0,3.0,93047,M,4889914.0,254715.0,93
201800039719,18,6,3,1700,1,2,1,1.0,6.0,93014,M,4891149.0,254947.0,93
201800039720,18,6,5,2130,1,2,1,1.0,6.0,93014,M,4890841.0,254339.0,93
201800039721,18,6,7,1800,1,2,1,1.0,2.0,93014,M,4890607.0,255800.0,93
201800039722,18,6,8,845,1,2,1,1.0,2.0,93014,M,,,93
201800039723,18,6,11,1742,1,2,1,3.0,2.0,93014,M,,,93
201800039724,18,6,15,1503,1,2,4,1.0,6.0,93014,M,,,93
201800039725,18,6,20,930,1,2,2,1.0,3.0,93047,M,4889431.0,254962.0,93
201800039726,18,6,23,1705,1,2,1,1.0,4.0,93014,M,,,93
201800039727,18,6,28,1220,1,2,2,1.0,3.0,93014,M,,,93
201800039728,18,6,30,1330,1,2,1,1.0,3.0,93047,M,,,93
201800039729,18,7,1,1920,1,2,3,1.0,3.0,93047,M,4889648.0,256511.0,93
201800039730,18,7,5,2300,5,2,2,1.0,3.0,93014,M,4889889.0,254663.0,93
201800039731,18,7,6,1906,1,2,2,1.0,7.0,93014,M,4891148.0,254932.0,93
201800039732,18,7,7,1820,1,2,2,1.0,6.0,93014,M,,,93
201800039733,18,7,8,2210,5,2,1,1.0,6.0,93047,M,4890470.0,255988.0,93
201800039734,18,7,15,2045,1,2,9,1.0,3.0,93047,M,4890500.0,255880.0,93
201800039735,18,7,16,820,1,2,2,1.0,3.0,93047,M,4889895.0,254640.0,93
201800039736,18,7,24,1415,1,2,2,1.0,3.0,93014,M,4890473.0,254884.0,93
201800039737,18,8,12,1800,1,2,2,1.0,2.0,93014,M,4890129.0,254683.0,93
201800039738,18,8,16,1,5,2,1,1.0,6.0,93014,M,,,93
201800039739,18,9,3,1250,1,2,3,1.0,6.0,93047,M,4889508.0,256328.0,93
201800039740,18,9,5,1830,1,2,2,1.0,6.0,93014,M,,,93
201800039741,18,9,11,1700,1,2,1,7.0,6.0,93014,M,4891089.0,254614.0,93
201800039742,18,9,11,1930,2,2,4,1.0,6.0,93047,M,4890399.0,256628.0,93
201800039743,18,9,15,1550,1,2,1,1.0,4.0,93014,M,4890500.0,254865.0,93
201800039744,18,9,26,1105,1,2,1,1.0,2.0,93047,M,4890206.0,257178.0,93
201800039745,18,10,7,2134,5,2,3,2.0,3.0,93014,M,4890452.0,254838.0,93
201800039746,18,10,8,1745,1,2,2,1.0,3.0,93047,M,4889317.0,255241.0,93
201800039747,18,10,11,845,1,2,1,1.0,6.0,93014,M,,,93
201800039748,18,10,11,1815,1,2,2,1.0,6.0,93014,M,4890550.0,255596.0,93
201800039749,18,10,16,1840,1,2,2,1.0,3.0,93047,M,4889894.0,255039.0,93
201800039750,18,10,18,1115,1,2,3,1.0,6.0,93014,M,4890304.0,254484.0,93
201800039751,18,10,22,5,5,2,1,1.0,6.0,93047,M,4890452.0,256525.0,93
201800039752,18,10,30,1830,5,2,9,1.0,3.0,93014,M,4890833.0,255491.0,93
201800039753,18,11,12,800,4,2,1,3.0,6.0,93047,M,4889647.0,256527.0,93
201800039754,18,11,15,2355,5,2,2,5.0,3.0,93047,M,4890019.0,256705.0,93
201800039755,18,11,16,2015,5,2,1,5.0,2.0,93014,M,4890877.0,255420.0,93
201800039756,18,11,20,1500,1,2,3,5.0,4.0,93047,M,4890608.0,257933.0,93
201800039757,18,11,23,1530,1,2,1,1.0,1.0,93047,M,4890340.0,257800.0,93
201800039758,18,11,28,1030,1,2,1,2.0,6.0,93047,M,4890040.0,255617.0,93
201800039759,18,11,30,1620,1,2,1,1.0,6.0,93047,M,4890431.0,255920.0,93
201800039760,18,11,30,1955,5,2,2,1.0,3.0,93014,M,,,93
201800039761,18,12,1,230,5,2,1,1.0,6.0,93047,M,4889630.0,254690.0,93
201800039762,18,12,5,1445,1,2,1,8.0,1.0,93047,M,4889831.0,257854.0,93
201800039763,18,12,8,1600,1,2,2,6.0,3.0,93014,M,4891282.0,259925.0,93
201800039764,18,12,9,235,5,2,9,2.0,6.0,93014,M,,,93
201800039765,18,12,12,1640,1,2,1,1.0,7.0,93014,M,4891157.0,255005.0,93
201800039766,18,12,18,725,5,2,2,1.0,3.0,93047,M,4889940.0,255950.0,93
201800039767,18,12,21,830,1,2,9,2.0,3.0,93047,M,4889651.0,257091.0,93
201800039768,18,12,21,1650,2,2,1,8.0,6.0,93014,M,4890308.0,254267.0,93
201800039769,18,12,22,1920,5,2,6,2.0,2.0,93047,M,,,93
201800039770,18,12,23,2325,5,2,2,2.0,3.0,93014,M,4890500.0,254800.0,93
201800039771,18,12,25,1620,1,2,2,1.0,3.0,93014,M,4890000.0,254400.0,93
201800039772,18,12,28,1120,1,2,1,8.0,6.0,93014,M,,,93
201800039773,18,1,31,1750,5,2,2,2.0,3.0,93027,M,4892236.0,240703.0,93
201800039774,18,2,1,745,5,2,6,2.0,6.0,93027,M,4892101.0,241061.0,93
201800039775,18,2,3,1425,1,2,1,2.0,2.0,93027,M,4892883.0,238843.0,93
201800039776,18,2,13,839,1,2,2,1.0,3.0,93027,M,4892239.0,240707.0,93
201800039777,18,3,7,1650,1,1,6,2.0,2.0,93027,M,4892589.0,240110.0,93
201800039778,18,3,9,737,1,2,1,2.0,6.0,93027,M,4892000.0,238000.0,93
201800039779,18,3,14,715,2,2,1,1.0,6.0,93027,M,4892546.0,241544.0,93
201800039780,18,3,16,1425,1,2,1,1.0,6.0,93027,M,4855410.0,222550.0,93
201800039781,18,3,25,1930,4,2,1,1.0,7.0,93027,M,4892000.0,242000.0,93
201800039782,18,3,28,1600,1,2,1,2.0,2.0,93027,M,4892467.0,240056.0,93
201800039783,18,4,2,1928,1,2,1,2.0,6.0,93013,M,,,93
201800039784,18,4,4,750,1,2,2,1.0,3.0,93027,M,4892477.0,241490.0,93
201800039785,18,4,5,2004,1,1,3,1.0,6.0,93027,M,4892694.0,238910.0,93
201800039786,18,4,6,2255,5,2,1,1.0,6.0,93013,M,4893498.0,242626.0,93
201800039787,18,4,8,1914,1,1,1,1.0,6.0,93013,M,4894300.0,243000.0,93
201800039788,18,4,18,1730,1,2,1,1.0,6.0,93027,M,4892000.0,239000.0,93
201800039789,18,4,20,1210,1,2,1,1.0,6.0,93027,M,4892010.0,240974.0,93
201800039790,18,4,23,2000,1,2,4,1.0,3.0,93013,M,4894043.0,243123.0,93
201800039791,18,4,24,1315,1,2,6,1.0,3.0,93027,M,4892888.0,241641.0,93
201800039792,18,4,25,2135,5,2,2,1.0,3.0,93027,M,4893070.0,238250.0,93
201800039793,18,4,26,1655,1,2,2,1.0,3.0,93027,M,4892177.0,238335.0,93
201800039794,18,4,27,2148,5,2,2,1.0,3.0,93027,M,4892996.0,238605.0,93
201800039795,18,5,7,1700,1,2,1,1.0,2.0,93030,M,4895140.0,241748.0,93
201800039796,18,5,18,15,5,2,1,1.0,3.0,93027,M,4892837.0,239660.0,93
201800039797,18,5,18,1600,1,2,1,1.0,6.0,93027,M,4892447.0,241124.0,93
201800039798,18,5,19,855,1,2,1,1.0,3.0,93013,M,4893000.0,242000.0,93
201800039799,18,5,19,1445,1,2,1,1.0,6.0,93027,M,4892087.0,241496.0,93
201800039800,18,5,20,1250,1,2,1,1.0,6.0,93027,M,4892047.0,241018.0,93
201800039801,18,5,20,1720,1,2,1,1.0,2.0,93027,M,4892177.0,240871.0,93
201800039802,18,5,21,1431,1,2,3,1.0,3.0,93027,M,4892440.0,240163.0,93
201800039803,18,5,27,1445,1,2,1,1.0,6.0,93027,M,4892083.0,238318.0,93
201800039804,18,5,29,2050,1,2,6,1.0,3.0,93027,M,4892481.0,240125.0,93
201800039805,18,6,3,2214,5,2,3,1.0,6.0,93027,M,,,93
201800039806,18,6,9,1630,1,2,1,1.0,6.0,93027,M,4893441.0,238357.0,93
201800039807,18,6,16,1429,1,2,1,7.0,6.0,93013,M,4893349.0,242327.0,93
201800039808,18,6,24,1630,1,2,1,1.0,3.0,93027,M,4892768.0,238359.0,93
201800039809,18,7,4,1500,1,2,1,1.0,6.0,93013,M,,,93
201800039810,18,7,7,1030,1,2,1,1.0,3.0,93027,M,4893942.0,238760.0,93
201800039811,18,7,13,1430,1,2,1,1.0,2.0,93027,M,4893048.0,238348.0,93
201800039812,18,7,13,1650,1,2,1,1.0,6.0,93027,M,4892500.0,241100.0,93
201800039813,18,7,19,1925,1,2,3,1.0,6.0,93013,M,4893330.0,242384.0,93
201800039814,18,7,16,1050,1,2,6,2.0,2.0,93027,M,4893219.0,239911.0,93
201800039815,18,7,31,1918,1,2,1,1.0,6.0,93027,M,4892728.0,237702.0,93
201800039816,18,8,10,1835,1,2,1,1.0,3.0,93027,M,4893000.0,238360.0,93
201800039817,18,8,10,2300,3,2,8,1.0,3.0,93027,M,4892956.0,238589.0,93
201800039818,18,8,13,1335,1,1,1,2.0,2.0,93027,M,4893761.0,240442.0,93
201800039819,18,8,16,1830,1,2,1,1.0,3.0,93001,M,4891680.0,237984.0,93
201800039820,18,8,16,2220,5,2,1,1.0,6.0,93066,M,4892861.0,234104.0,93
201800039821,18,8,18,1430,1,2,3,1.0,1.0,93013,M,4894000.0,242000.0,93
201800039822,18,8,23,1350,1,2,1,1.0,6.0,93027,M,4892000.0,239000.0,93
201800039823,18,8,23,2300,5,2,3,1.0,5.0,93027,M,,,93
201800039824,18,8,23,1100,1,2,1,1.0,2.0,93027,M,4892852.0,238928.0,93
201800039825,18,8,25,2350,5,2,1,1.0,6.0,93013,M,4893581.0,243042.0,93
201800039826,18,9,8,1700,1,2,3,1.0,3.0,93013,M,,,93
201800039827,18,9,11,305,5,2,2,1.0,3.0,93001,M,4891627.0,238164.0,93
201800039828,18,9,11,2250,3,2,1,1.0,1.0,93027,M,4893200.0,239815.0,93
201800039829,18,9,16,1320,1,2,2,1.0,6.0,93027,M,4892695.0,239298.0,93
201800039830,18,9,18,1400,1,2,1,1.0,2.0,93013,M,4893336.0,241635.0,93
201800039831,18,9,18,1820,1,2,1,1.0,4.0,93027,M,4892583.0,239714.0,93
201800039832,18,9,13,1630,1,2,1,1.0,6.0,93027,M,4892974.0,239182.0,93
201800039833,18,9,20,1230,1,2,3,1.0,3.0,93027,M,4892439.0,240167.0,93
201800039834,18,9,21,1040,1,2,5,1.0,6.0,93013,M,4892879.0,239014.0,93
201800039835,18,9,24,1620,1,2,5,1.0,3.0,93027,M,4892842.0,239022.0,93
201800039836,18,9,25,1620,1,2,2,1.0,3.0,93027,M,4892200.0,238300.0,93
201800039837,18,9,27,850,1,2,6,1.0,6.0,93027,M,4893182.0,239864.0,93
201800039838,18,9,30,1745,1,2,1,1.0,6.0,93027,M,4894101.0,238776.0,93
201800039839,18,10,11,1645,1,2,1,1.0,2.0,93027,M,4892968.0,237636.0,93
201800039840,18,10,18,1700,1,2,3,1.0,6.0,93027,M,4892500.0,240650.0,93
201800039841,18,10,23,2010,2,2,3,1.0,3.0,93027,M,4892575.0,239680.0,93
201800039842,18,10,26,627,5,2,1,1.0,6.0,93013,M,4893306.0,242412.0,93
201800039843,18,10,26,1515,1,2,1,1.0,3.0,93030,M,4895628.0,244502.0,93
201800039844,18,10,29,1410,1,2,1,1.0,3.0,93030,M,4895000.0,244000.0,93
201800039845,18,10,29,1800,5,2,1,1.0,2.0,93013,M,4893000.0,242000.0,93
201800039846,18,10,29,2155,5,2,2,8.0,3.0,93013,M,4993489.0,242587.0,93
201800039847,18,11,2,1700,1,2,1,1.0,3.0,93027,M,4893394.0,240162.0,93
201800039848,18,11,9,600,3,2,9,1.0,6.0,93013,M,4893137.0,242851.0,93
201800039849,18,11,10,1505,1,2,1,2.0,1.0,93030,M,4894000.0,242000.0,93
201800039850,18,11,12,800,2,2,1,2.0,3.0,93027,M,4891815.0,240766.0,93
201800039851,18,11,12,2250,5,2,1,1.0,6.0,93027,M,4892089.0,238737.0,93
201800039852,18,11,14,1730,2,2,1,1.0,6.0,93027,M,4892332.0,238509.0,93
201800039853,18,11,15,1900,5,2,3,1.0,3.0,93027,M,4892359.0,240503.0,93
201800039854,18,11,20,1200,1,2,2,2.0,3.0,93027,M,4892917.0,239664.0,93
201800039855,18,11,20,1815,5,2,9,2.0,4.0,93027,M,4892000.0,241000.0,93
201800039856,18,11,23,845,2,2,2,5.0,2.0,93013,M,4893000.0,242000.0,93
201800039857,18,11,25,1335,1,2,1,2.0,4.0,93027,M,4892277.0,241306.0,93
201800039858,18,11,27,1320,1,2,1,1.0,6.0,93027,M,4893008.0,238510.0,93
201800039859,18,11,28,1145,1,2,3,2.0,3.0,93027,M,4892534.0,237791.0,93
201800039860,18,12,13,1340,1,2,1,1.0,6.0,93013,M,4893096.0,242199.0,93
201800039861,18,12,18,2041,5,2,9,8.0,6.0,93013,M,4893000.0,241000.0,93
201800039862,18,12,25,1500,1,2,2,1.0,5.0,93027,M,4892177.0,238338.0,93
201800039863,18,1,3,706,5,2,2,3.0,3.0,93029,M,4829048.0,245816.0,93
201800039864,18,1,18,1510,1,2,9,2.0,6.0,93029,M,4892334.0,244595.0,93
201800039865,18,1,23,1910,5,2,2,2.0,3.0,93029,M,4891824.0,247249.0,93
201800039866,18,1,28,1925,5,2,1,1.0,3.0,93029,M,4892291.0,244703.0,93
201800039867,18,2,5,1930,5,2,9,1.0,7.0,93029,M,4891995.0,244596.0,93
201800039868,18,2,12,1545,1,2,2,1.0,1.0,93029,M,4892773.0,243224.0,93
201800039869,18,3,1,1145,1,2,3,1.0,6.0,93029,M,4893088.0,242954.0,93
201800039870,18,3,6,917,1,2,6,1.0,6.0,93029,M,4892193.0,244584.0,93
201800039871,18,3,13,1745,1,2,1,1.0,6.0,93029,M,4893290.0,245552.0,93
201800039872,18,3,14,510,5,2,1,1.0,6.0,93029,M,4893385.0,245576.0,93
201800039873,18,3,16,750,1,2,2,1.0,3.0,93029,M,4891979.0,247116.0,93
201800039874,18,3,24,2120,5,2,1,1.0,3.0,93029,M,4891504.0,246059.0,93
201800039875,18,3,28,1720,1,2,1,1.0,6.0,93029,M,4891795.0,243410.0,93
201800039876,18,3,29,1525,1,2,1,1.0,6.0,93029,M,4891669.0,249063.0,93
201800039877,18,4,4,2300,5,1,1,2.0,3.0,93029,M,4891815.0,242933.0,93
201800039878,18,4,9,1928,1,2,3,2.0,3.0,93029,M,4892852.0,243043.0,93
201800039879,18,4,9,935,1,2,1,1.0,6.0,93029,M,4892290.0,247679.0,93
201800039880,18,4,22,1109,1,2,3,1.0,3.0,93029,M,4891572.0,244258.0,93
201800039881,18,4,23,1945,2,2,1,1.0,3.0,93029,M,4891870.0,241514.0,93
201800039882,18,5,3,800,1,2,1,1.0,3.0,93029,M,4891961.0,245988.0,93
201800039883,18,5,4,2200,5,2,1,1.0,3.0,93066,M,4892690.0,235210.0,93
201800039884,18,5,5,1900,1,2,1,1.0,6.0,93029,M,4891857.0,246192.0,93
201800039885,18,5,11,1415,1,2,1,1.0,6.0,93029,M,4892206.0,241831.0,93
201800039886,18,5,16,730,1,2,1,1.0,3.0,93029,M,4892330.0,241927.0,93
201800039887,18,5,18,1920,1,2,1,1.0,6.0,93029,M,4891536.0,243330.0,93
201800039888,18,5,30,1245,1,2,1,1.0,6.0,93029,M,4892160.0,242200.0,93
201800039889,18,5,30,1830,1,2,1,1.0,6.0,93029,M,,,93
201800039890,18,5,31,2125,2,2,6,1.0,6.0,93029,M,4891503.0,243135.0,93
201800039891,18,6,2,1910,1,2,1,1.0,3.0,93029,M,4892868.0,243516.0,93
201800039892,18,6,12,1350,1,2,1,1.0,3.0,93029,M,4891402.0,243625.0,93
201800039893,18,6,13,1230,1,2,1,1.0,6.0,93029,M,4893293.0,245396.0,93
201800039894,18,6,19,1215,1,2,1,1.0,6.0,93029,M,4890000.0,240000.0,93
201800039895,18,6,20,1950,1,2,1,1.0,6.0,93029,M,,,93
201800039896,18,6,20,2040,2,2,2,7.0,3.0,93029,M,4891962.0,243435.0,93
201800039897,18,6,23,1100,1,2,3,1.0,6.0,93029,M,4893690.0,245008.0,93
201800039898,18,6,29,2110,2,2,1,1.0,6.0,93029,M,4891935.0,245013.0,93
201800039899,18,7,6,1800,1,2,9,1.0,3.0,93029,M,4892348.0,244575.0,93
201800039900,18,7,8,1730,1,2,3,1.0,3.0,93029,M,4893388.0,245104.0,93
201800039901,18,7,11,800,1,2,2,1.0,6.0,93029,M,4881934.0,247197.0,93
201800039902,18,7,18,2000,1,2,9,1.0,6.0,93029,M,4891702.0,242052.0,93
201800039903,18,7,19,815,1,2,9,1.0,3.0,93029,M,4891448.0,243281.0,93
201800039904,18,7,23,1825,1,2,1,1.0,3.0,93029,M,4892278.0,245749.0,93
201800039905,18,8,4,1600,1,2,1,1.0,6.0,93029,M,4892990.0,243210.0,93
201800039906,18,8,17,1740,1,2,1,1.0,1.0,93029,M,4891310.0,243610.0,93
201800039907,18,8,23,215,5,2,2,1.0,3.0,93029,M,4892600.0,245300.0,93
201800039908,18,8,23,1500,1,2,2,1.0,2.0,93029,M,4891555.0,245241.0,93
201800039909,18,9,6,1100,1,2,2,8.0,6.0,93029,M,4892724.0,245112.0,93
201800039910,18,9,14,1630,1,2,1,1.0,6.0,93029,M,4892014.0,244349.0,93
201800039911,18,9,19,1740,1,2,1,1.0,5.0,93029,M,4892195.0,245549.0,93
201800039912,18,9,20,1720,1,2,1,1.0,6.0,93029,M,4893512.0,245648.0,93
201800039913,18,9,30,1920,5,2,1,1.0,6.0,93029,M,4892119.0,241861.0,93
201800039914,18,10,8,1420,1,2,1,1.0,6.0,93029,M,4891413.0,244782.0,93
201800039915,18,10,9,1900,2,2,1,1.0,1.0,93029,M,4891900.0,244610.0,93
201800039916,18,10,9,2155,5,2,3,1.0,1.0,93029,M,4892700.0,243840.0,93
201800039917,18,10,11,1430,1,2,1,1.0,6.0,93029,M,4891946.0,245209.0,93
201800039918,18,10,14,1300,1,2,4,1.0,3.0,93029,M,4891785.0,246667.0,93
201800039919,18,10,16,1930,5,2,9,1.0,3.0,93029,M,4891472.0,245173.0,93
201800039920,18,10,18,1500,1,2,1,1.0,1.0,93029,M,4892131.0,244583.0,93
201800039921,18,10,21,205,4,2,2,1.0,3.0,93029,M,4892362.0,244809.0,93
201800039922,18,11,3,1045,1,2,3,1.0,6.0,93029,M,4891291.0,245013.0,93
201800039923,18,11,4,1115,1,2,9,1.0,6.0,93029,M,4892283.0,244720.0,93
201800039924,18,11,5,1900,5,2,1,1.0,3.0,93029,M,4892310.0,245865.0,93
201800039925,18,11,6,910,1,2,1,1.0,2.0,93029,M,4893291.0,244545.0,93
201800039926,18,11,9,1040,1,2,9,1.0,6.0,93029,M,4892220.0,245354.0,93
201800039927,18,11,12,710,3,2,9,2.0,3.0,93029,M,4891871.0,242159.0,93
201800039928,18,11,12,1330,1,2,9,2.0,6.0,93029,M,4893205.0,245542.0,93
201800039929,18,11,19,2030,5,2,1,4.0,6.0,93029,M,4893013.0,243144.0,93
201800039930,18,11,20,830,1,2,3,2.0,3.0,93029,M,4892060.0,244963.0,93
201800039931,18,11,20,1120,1,2,3,2.0,5.0,93029,M,4891931.0,243756.0,93
201800039932,18,11,20,1640,2,2,1,2.0,6.0,93029,M,4892216.0,244518.0,93
201800039933,18,11,21,830,2,2,9,8.0,6.0,93029,M,4891928.0,246052.0,93
201800039934,18,11,29,1815,5,2,1,1.0,1.0,93029,M,4892669.0,243825.0,93
201800039935,18,12,13,1820,5,2,1,1.0,6.0,93029,M,4891926.0,245277.0,93
201800039936,18,12,16,2030,5,2,1,2.0,2.0,93029,M,4893284.0,245550.0,93
201800039937,18,12,24,1510,1,2,2,1.0,3.0,93029,M,4891759.0,246759.0,93
201800039938,18,1,9,940,1,2,1,1.0,3.0,93031,M,,,93
201800039939,18,1,9,1130,1,2,1,1.0,6.0,93031,M,,,93
201800039940,18,1,11,1230,1,2,1,8.0,6.0,93079,M,4895000.0,234000.0,93
201800039941,18,1,17,950,1,2,1,1.0,3.0,93079,M,4896184.0,234512.0,93
201800039942,18,1,18,1625,1,2,1,1.0,6.0,93031,M,4895268.0,231614.0,93
201800039943,18,1,19,1330,1,2,1,2.0,2.0,93031,M,4896000.0,229000.0,93
201800039944,18,1,23,1300,1,2,1,2.0,3.0,93031,M,,,93
201800039945,18,1,24,1915,4,2,3,1.0,6.0,93031,M,,,93
201800039946,18,1,30,1820,5,2,2,2.0,2.0,93079,M,4894932.0,234193.0,93
201800039947,18,2,5,1855,5,2,1,1.0,3.0,93031,M,,,93