Num_Acc,an,mois,jour,hrmn,lum,agg,int,atm,col,com,gps,lat,long,dep
201800039948,18,2,5,1930,5,2,1,8.0,3.0,93031,M,,,93
201800039949,18,2,13,1410,1,2,1,1.0,3.0,93031,M,4895460.0,230800.0,93
201800039950,18,2,19,2147,5,2,9,2.0,1.0,93031,M,4895000.0,229000.0,93
201800039951,18,2,23,920,1,2,9,1.0,6.0,93031,M,4895864.0,232910.0,93
201800039952,18,2,23,1925,5,2,1,1.0,3.0,93079,M,4895167.0,233898.0,93
201800039953,18,5,2,1410,1,2,1,1.0,3.0,93031,M,4895721.0,309923.0,93
201800039954,18,5,3,2050,2,2,2,1.0,3.0,93031,M,,,93
201800039955,18,5,5,2210,5,2,3,1.0,6.0,93031,M,4895545.0,232667.0,93
201800039956,18,5,6,845,1,2,2,1.0,3.0,93031,M,,,93
201800039957,18,5,12,1507,1,2,1,8.0,2.0,93031,M,4895000.0,230000.0,93
201800039958,18,5,14,2305,5,2,1,1.0,3.0,93031,M,4894764.0,233446.0,93
201800039959,18,5,16,1800,1,2,1,1.0,1.0,93031,M,4895715.0,232598.0,93
201800039960,18,5,20,1430,1,2,1,1.0,6.0,93031,M,4886666.0,233333.0,93
201800039961,18,5,24,1330,1,2,1,1.0,6.0,93031,M,4895438.0,230091.0,93
201800039962,18,5,25,2005,2,2,2,2.0,3.0,93031,M,4896169.0,229530.0,93
201800039963,18,5,24,1734,1,2,1,1.0,3.0,93031,M,4895419.0,230135.0,93
201800039964,18,5,31,2210,5,2,3,1.0,3.0,93031,M,4894991.0,232843.0,93
201800039965,18,6,2,2012,1,2,1,1.0,1.0,93031,M,4895165.0,233888.0,93
201800039966,18,6,10,1600,1,2,1,1.0,7.0,93031,M,4895967.0,230468.0,93
201800039967,18,6,10,1955,1,2,1,1.0,6.0,93079,M,4896521.0,234430.0,93
201800039968,18,6,18,1955,1,2,1,1.0,6.0,93031,M,,,93
201800039969,18,6,19,1443,1,2,1,1.0,3.0,93031,M,4895951.0,230006.0,93
201800039970,18,6,20,1500,1,2,9,7.0,6.0,93031,M,4895000.0,231000.0,93
201800039971,18,6,18,1310,1,2,2,1.0,6.0,93031,M,4896125.0,229410.0,93
201800039972,18,6,23,1550,1,2,1,1.0,3.0,93031,M,4894723.0,233315.0,93
201800039973,18,6,24,2010,1,1,1,1.0,6.0,93031,M,4895978.0,229895.0,93
201800039974,18,6,27,805,1,2,1,1.0,3.0,93031,M,4895859.0,232678.0,93
201800039975,18,6,28,635,1,2,1,1.0,6.0,93031,M,4895543.0,229560.0,93
201800039976,18,6,30,1030,1,2,3,1.0,1.0,93031,M,4896124.0,228996.0,93
201800039977,18,7,3,830,1,2,3,1.0,6.0,93031,M,4895440.0,231310.0,93
201800039978,18,7,5,1800,1,2,3,1.0,3.0,93079,M,4894894.0,234215.0,93
201800039979,18,7,5,2025,1,2,1,1.0,3.0,93031,M,4895672.0,230405.0,93
201800039980,18,7,9,2135,1,2,2,1.0,3.0,93031,M,4895738.0,230988.0,93
201800039981,18,7,10,905,1,2,1,1.0,6.0,93031,M,4895561.0,230816.0,93
201800039982,18,7,16,720,1,2,1,1.0,6.0,93031,M,4895781.0,229980.0,93
201800039983,18,7,18,1410,1,2,3,1.0,3.0,93079,M,4894943.0,234177.0,93
201800039984,18,7,19,2045,2,2,1,1.0,6.0,93031,M,4895000.0,231000.0,93
201800039985,18,7,22,1435,1,2,1,1.0,2.0,93031,M,,,93
201800039986,18,7,25,1230,1,2,1,1.0,2.0,93031,M,,,93
201800039987,18,7,26,1,5,2,2,1.0,3.0,93031,M,4895989.0,230760.0,93
201800039988,18,8,3,1650,1,2,1,1.0,2.0,93031,M,4894432.0,233775.0,93
201800039989,18,8,8,105,5,2,1,1.0,6.0,93031,M,4895567.0,231883.0,93
201800039990,18,8,11,1000,1,2,1,1.0,6.0,93031,M,4894798.0,234229.0,93
201800039991,18,8,11,1102,1,2,3,1.0,3.0,93031,M,,,93
201800039992,18,8,22,2140,5,2,1,1.0,2.0,93079,M,4894656.0,234598.0,93
201800039993,18,8,27,1835,1,2,1,1.0,6.0,93001,M,4890443.0,239104.0,93
201800039994,18,8,27,2050,5,2,1,1.0,6.0,93031,M,4895507.0,230996.0,93
201800039995,18,9,6,1805,1,2,9,1.0,6.0,93031,M,4895944.0,230038.0,93
201800039996,18,9,10,1325,1,2,1,1.0,6.0,93031,M,4895626.0,231094.0,93
201800039997,18,9,12,1920,1,2,1,1.0,1.0,93079,M,4895000.0,233000.0,93
201800039998,18,9,19,1723,1,2,1,1.0,6.0,93031,M,4895398.0,231839.0,93
201800039999,18,9,20,910,1,2,1,1.0,6.0,93066,M,4894132.0,234568.0,93
201800040000,18,9,22,2100,5,2,2,2.0,5.0,93031,M,4895678.0,230415.0,93
201800040001,18,9,26,1620,1,2,3,1.0,6.0,93031,M,4895545.0,232648.0,93
201800040002,18,9,29,105,5,2,9,1.0,3.0,93031,M,4895383.0,233567.0,93
201800040003,18,10,1,1210,1,2,3,1.0,3.0,93031,M,4895287.0,231564.0,93
201800040004,18,10,2,754,2,2,3,8.0,3.0,93066,M,4894377.0,234205.0,93
201800040005,18,10,3,600,5,2,1,2.0,2.0,93079,M,4895446.0,234402.0,93
201800040006,18,10,12,1900,5,2,3,1.0,3.0,93031,M,4895504.0,231199.0,93
201800040007,18,10,12,1930,5,2,3,1.0,2.0,93031,M,4895394.0,231096.0,93
201800040008,18,10,13,1015,1,2,1,1.0,6.0,93031,M,,,93
201800040009,18,10,18,2316,5,2,2,1.0,3.0,93031,M,4895853.0,230108.0,93
201800040010,18,10,20,1000,1,2,1,1.0,1.0,93031,M,4895875.0,232818.0,93
201800040011,18,10,25,755,5,2,1,1.0,6.0,93031,M,4895401.0,231070.0,93
201800040012,18,10,25,1035,1,2,1,1.0,2.0,93031,M,4895161.0,232778.0,93
201800040013,18,10,26,1745,1,2,3,2.0,6.0,93031,M,4895426.0,230969.0,93
201800040014,18,10,26,1750,1,2,1,2.0,6.0,93079,M,4896359.0,234396.0,93
201800040015,18,10,29,1400,1,2,3,1.0,3.0,93031,M,4894720.0,233307.0,93
201800040016,18,11,3,1,5,2,2,1.0,2.0,93027,M,4891817.0,240771.0,93
201800040017,18,11,6,1550,1,2,1,1.0,3.0,93031,M,4895802.0,228867.0,93
201800040018,18,11,11,1120,1,2,3,2.0,3.0,93031,M,4895140.0,232080.0,93
201800040019,18,11,14,1700,5,2,9,1.0,2.0,93031,M,4894997.0,234106.0,93
201800040020,18,11,16,1440,1,2,1,1.0,5.0,93031,M,4895594.0,233263.0,93
201800040021,18,11,20,1330,1,2,1,2.0,6.0,93031,M,4894755.0,234278.0,93
201800040022,18,11,21,10,5,2,1,1.0,2.0,93001,M,4891568.0,239951.0,93
201800040023,18,11,21,2100,5,2,1,1.0,6.0,93031,M,4895474.0,231322.0,93
201800040024,18,11,23,905,1,2,3,5.0,3.0,93031,M,4895417.0,233505.0,93
201800040025,18,11,26,1735,5,2,1,1.0,4.0,93031,M,4895080.0,232484.0,93
201800040026,18,12,1,1420,1,2,9,2.0,3.0,93079,M,4895030.0,234068.0,93
201800040027,18,12,4,1654,1,2,1,8.0,6.0,93031,M,,,93
201800040028,18,12,6,1240,1,2,1,2.0,6.0,93031,M,4895707.0,232608.0,93
201800040029,18,12,13,1050,1,2,3,1.0,6.0,93031,M,4895843.0,232910.0,93
201800040030,18,12,14,1125,1,2,2,1.0,3.0,93031,M,4895672.0,230425.0,93
201800040031,18,12,16,227,5,2,1,2.0,6.0,93031,M,4895000.0,229000.0,93
201800040032,18,12,16,1500,1,2,3,8.0,3.0,93072,M,4896329.0,238583.0,93
201800040033,18,12,18,1510,1,2,1,1.0,6.0,93031,M,4896140.0,229443.0,93
201800040034,18,12,20,1940,5,2,1,1.0,3.0,93079,M,4896279.0,234362.0,93
201800040035,18,12,21,1445,1,2,1,1.0,6.0,93031,M,4895846.0,231186.0,93
201800040036,18,12,21,2230,5,2,1,2.0,6.0,93031,M,4895935.0,229094.0,93
201800040037,18,12,23,1015,1,2,2,3.0,6.0,93031,M,,,93
201800040038,18,12,24,730,5,2,1,2.0,6.0,93031,M,4894701.0,234260.0,93
201800040039,18,5,7,830,1,2,1,7.0,6.0,93032,M,4884500.0,253345.0,93
201800040040,18,5,20,2130,5,2,1,1.0,3.0,93032,M,4889868.0,254398.0,93
201800040041,18,5,28,1100,1,2,1,1.0,3.0,93032,M,4888470.0,253203.0,93
201800040042,18,6,6,1615,1,2,1,1.0,6.0,93032,M,4888250.0,252430.0,93
201800040043,18,6,7,1655,1,2,3,1.0,3.0,93032,M,4888321.0,253533.0,93
201800040044,18,6,11,915,1,2,1,9.0,6.0,93032,M,4886833.0,255778.0,93
201800040045,18,6,11,1150,1,2,1,8.0,6.0,93032,M,4888000.0,252000.0,93
201800040046,18,6,12,910,1,2,2,2.0,3.0,93032,M,,,93
201800040047,18,6,24,1910,1,2,2,1.0,3.0,93032,M,4887244.0,256684.0,93
201800040048,18,7,5,1625,1,2,2,1.0,3.0,93032,M,4889045.0,252171.0,93
201800040049,18,7,10,655,1,2,1,1.0,6.0,93032,M,4888968.0,252146.0,93
201800040050,18,7,22,1715,1,2,2,1.0,3.0,93032,M,4887574.0,255539.0,93
201800040051,18,7,24,1800,1,2,3,1.0,3.0,93032,M,,,93
201800040052,18,7,31,800,1,2,1,1.0,6.0,93032,M,4887263.0,256004.0,93
201800040053,18,8,2,1015,1,2,4,1.0,1.0,93032,M,4888368.0,253007.0,93
201800040054,18,8,3,945,1,2,2,1.0,3.0,93032,M,4888655.0,253787.0,93
201800040055,18,8,14,1755,1,2,9,1.0,3.0,93032,M,4887691.0,253155.0,93
201800040056,18,8,26,510,5,2,5,1.0,3.0,93032,M,4887443.0,255203.0,93
201800040057,18,9,19,1530,1,2,1,1.0,2.0,93032,M,4880000.0,250000.0,93
201800040058,18,9,22,1211,1,2,3,1.0,3.0,93032,M,4887881.0,255127.0,93
201800040059,18,9,27,1027,1,2,1,1.0,6.0,93032,M,4886710.0,256240.0,93
201800040060,18,9,27,2120,5,2,1,1.0,2.0,93032,M,4886615.0,256267.0,93
201800040061,18,10,11,1055,1,2,1,1.0,6.0,93032,M,,,93
201800040062,18,10,16,1045,1,2,1,1.0,1.0,93032,M,4889922.0,253949.0,93
201800040063,18,10,16,1340,1,2,2,1.0,3.0,93032,M,4886824.0,255706.0,93
201800040064,18,10,16,1400,1,2,1,1.0,6.0,93032,M,4887634.0,255701.0,93
201800040065,18,10,18,1055,1,2,1,1.0,6.0,93032,M,4888306.0,255000.0,93
201800040066,18,10,19,800,2,2,1,1.0,6.0,93032,M,4887627.0,255680.0,93
201800040067,18,10,27,2200,5,2,1,1.0,2.0,93032,M,,,93
201800040068,18,11,3,2325,5,2,1,1.0,6.0,93032,M,4887600.0,255800.0,93
201800040069,18,11,15,815,1,2,9,8.0,3.0,93032,M,,,93
201800040070,18,12,4,1820,5,2,1,1.0,2.0,93032,M,,,93
201800040071,18,12,21,1933,5,2,1,1.0,6.0,93032,M,4887234.0,255380.0,93
201800040072,18,1,3,1950,5,2,1,8.0,3.0,93063,M,4888491.0,243766.0,93
201800040073,18,1,4,1945,5,2,1,9.0,6.0,93045,M,,,93
201800040074,18,1,8,1528,1,2,1,1.0,3.0,93006,M,,,93
201800040075,18,1,11,1800,2,2,1,1.0,2.0,93006,M,,,93
201800040076,18,1,12,1815,2,2,1,8.0,6.0,93045,M,,,93
201800040077,18,1,14,125,4,2,1,1.0,6.0,93061,M,4888331.0,241143.0,93
201800040078,18,1,17,1045,1,2,1,1.0,6.0,93063,M,,,93
201800040079,18,1,19,1630,2,2,1,8.0,6.0,93063,M,4887850.0,244130.0,93
201800040080,18,1,20,1305,1,2,6,2.0,2.0,93063,M,4887671.0,244169.0,93
201800040081,18,1,28,1945,5,2,1,2.0,6.0,93061,M,4888550.0,240300.0,93
201800040082,18,2,2,920,1,2,1,8.0,2.0,93061,M,4888311.0,241136.0,93
201800040083,18,2,3,822,2,2,9,8.0,6.0,93006,M,4886723.0,241465.0,93
201800040084,18,2,3,1825,2,2,1,2.0,3.0,93006,M,4887300.0,242900.0,93
201800040085,18,2,5,810,1,2,1,1.0,3.0,93006,M,4887050.0,241700.0,93
201800040086,18,2,10,130,5,2,2,4.0,7.0,93063,M,4887181.0,243838.0,93
201800040087,18,2,23,2010,5,2,1,1.0,6.0,93006,M,4886550.0,241500.0,93
201800040088,18,3,14,1115,1,2,1,1.0,6.0,93063,M,4887971.0,244370.0,93
201800040089,18,3,26,900,1,2,1,1.0,6.0,93045,M,4888000.0,241000.0,93
201800040090,18,3,30,1522,1,2,1,8.0,6.0,93006,M,4887604.0,242400.0,93
201800040091,18,4,9,1330,1,2,3,2.0,6.0,93006,M,,,93
201800040092,18,4,9,1350,1,2,1,2.0,6.0,93006,M,4886000.0,241000.0,93
201800040093,18,4,11,1640,1,2,1,1.0,6.0,93063,M,4888199.0,244147.0,93
201800040094,18,4,15,1430,1,2,1,1.0,3.0,93006,M,,,93
201800040095,18,4,18,1940,1,2,7,1.0,6.0,93045,M,4888000.0,241000.0,93
201800040096,18,4,20,1315,1,2,3,1.0,3.0,93063,M,4887961.0,244873.0,93
201800040097,18,4,25,1045,1,2,1,8.0,6.0,93045,M,4887989.0,241634.0,93
201800040098,18,5,3,1750,1,2,1,1.0,3.0,93045,M,4888016.0,241737.0,93
201800040099,18,5,9,2125,2,2,3,1.0,3.0,93061,M,,,93
201800040100,18,5,10,1050,1,2,1,1.0,3.0,93063,M,4887256.0,243996.0,93
201800040101,18,5,20,1020,1,2,2,1.0,3.0,93045,M,4887898.0,241303.0,93
201800040102,18,5,22,1255,1,2,1,1.0,6.0,93006,M,4887223.0,242702.0,93
201800040103,18,5,28,1730,1,2,1,1.0,6.0,93045,M,4888050.0,241827.0,93
201800040104,18,6,1,1500,1,2,3,2.0,2.0,93006,M,,,93
201800040105,18,6,2,1440,1,2,1,1.0,2.0,93061,M,,,93
201800040106,18,6,10,155,5,2,2,1.0,3.0,93045,M,4888353.0,241640.0,93
201800040107,18,6,13,1930,1,2,1,1.0,6.0,93006,M,4886888.0,242445.0,93
201800040108,18,6,18,1730,1,2,1,1.0,6.0,93045,M,,,93
201800040109,18,6,19,2335,5,2,1,1.0,3.0,93006,M,4887615.0,242293.0,93
201800040110,18,6,21,2100,1,2,1,1.0,3.0,93063,M,4888623.0,244056.0,93
201800040111,18,6,23,1630,1,2,3,1.0,3.0,93045,M,4888481.0,242581.0,93
201800040112,18,6,25,1420,1,2,2,1.0,7.0,93063,M,,,93
201800040113,18,6,27,2030,1,2,1,1.0,6.0,93063,M,,,93
201800040114,18,6,28,1630,1,2,2,1.0,6.0,93045,M,4888161.0,242156.0,93
201800040115,18,7,4,1610,1,2,1,1.0,3.0,93006,M,4887090.0,243010.0,93
201800040116,18,7,4,1800,1,2,1,1.0,6.0,93006,M,4880000.0,241000.0,93
201800040117,18,7,11,815,1,2,2,1.0,1.0,93063,M,4887970.0,244120.0,93
201800040118,18,7,12,2013,1,2,1,1.0,3.0,93006,M,4887000.0,242000.0,93
201800040119,18,8,1,1800,1,2,1,1.0,6.0,93045,M,4887877.0,241165.0,93
201800040120,18,9,4,854,1,2,9,1.0,3.0,93063,M,4889468.0,243055.0,93
201800040121,18,9,5,1000,1,2,1,1.0,5.0,93006,M,,,93
201800040122,18,9,15,1230,1,2,4,1.0,2.0,93006,M,4886823.0,241501.0,93
201800040123,18,9,15,2150,5,2,1,1.0,3.0,93063,M,4888486.0,243255.0,93
201800040124,18,9,17,1750,1,2,1,1.0,1.0,93006,M,,,93
201800040125,18,9,19,1745,1,2,3,1.0,3.0,93006,M,,,93
201800040126,18,9,20,1800,1,2,2,1.0,6.0,93006,M,,,93
201800040127,18,9,26,935,1,2,1,1.0,6.0,93006,M,4800000.0,240000.0,93
201800040128,18,9,28,1330,1,2,1,1.0,6.0,93006,M,4886000.0,242000.0,93
201800040129,18,10,4,1130,1,2,1,1.0,6.0,93063,M,4888000.0,242000.0,93
201800040130,18,10,5,1915,5,2,1,1.0,6.0,93063,M,4880000.0,243000.0,93
201800040131,18,10,9,5,5,2,2,1.0,2.0,93006,M,4886235.0,241609.0,93
201800040132,18,10,12,834,1,2,3,2.0,3.0,93006,M,,,93
201800040133,18,10,13,1230,1,2,1,1.0,3.0,93045,M,4887858.0,241314.0,93
201800040134,18,10,15,1200,1,2,3,1.0,6.0,93063,M,4888200.0,243000.0,93
201800040135,18,10,28,1500,1,2,1,8.0,6.0,93006,M,,,93
201800040136,18,10,30,1430,1,2,9,1.0,6.0,93006,M,,,93
201800040137,18,10,30,1515,1,2,2,1.0,3.0,93006,M,4886043.0,242036.0,93
201800040138,18,11,10,1915,5,2,2,1.0,3.0,93045,M,4887000.0,241000.0,93
201800040139,18,11,12,1700,2,2,1,1.0,6.0,93045,M,4888284.0,242231.0,93
201800040140,18,11,13,1415,1,2,2,1.0,6.0,93006,M,,,93
201800040141,18,11,29,1650,2,2,1,1.0,3.0,93063,M,,,93
201800040142,18,12,3,1950,5,2,2,1.0,3.0,93006,M,4887356.0,243367.0,93
201800040143,18,12,5,1130,1,2,9,1.0,2.0,93063,M,,,93
201800040144,18,12,6,1600,1,2,1,1.0,6.0,93006,M,4886666.0,241667.0,93
201800040145,18,12,6,1730,2,2,2,1.0,3.0,93045,M,4886666.0,241667.0,93
201800040146,18,12,8,1600,1,2,3,2.0,3.0,93063,M,4888215.0,241438.0,93
201800040147,18,12,12,2015,3,2,2,1.0,6.0,93063,M,4887758.0,244364.0,93
201800040148,18,12,16,815,1,2,1,2.0,6.0,93006,M,4886272.0,228920.0,93
201800040149,18,12,20,2020,5,2,2,1.0,6.0,93063,M,4887830.0,244533.0,93
201800040150,18,12,23,5,5,2,1,1.0,6.0,93006,M,4886110.0,241801.0,93
201800040151,18,12,24,1300,1,2,1,8.0,2.0,93061,M,4888771.0,240369.0,93
201800040152,18,1,2,1920,5,2,3,2.0,6.0,93046,M,,,93
201800040153,18,1,18,1645,1,2,2,1.0,4.0,93046,M,4892636.0,254500.0,93
201800040154,18,1,20,1545,1,2,2,2.0,3.0,93077,M,4888400.0,251950.0,93
201800040155,18,1,20,1800,5,2,1,2.0,4.0,93046,M,,,93
201800040156,18,1,26,2035,3,1,1,1.0,7.0,93015,M,,,93
201800040157,18,1,29,1700,2,2,2,1.0,3.0,93046,M,4890598.0,252344.0,93
201800040158,18,1,31,1724,1,2,3,2.0,3.0,93046,M,4891615.0,253071.0,93
201800040159,18,1,31,1835,5,2,1,1.0,4.0,93046,M,4891142.0,251789.0,93
201800040160,18,2,3,1910,5,2,2,2.0,3.0,93046,M,4892067.0,252056.0,93
201800040161,18,2,3,2000,5,2,1,2.0,2.0,93046,M,4890163.0,251156.0,93
201800040162,18,2,3,2205,5,2,2,2.0,1.0,93074,M,4893461.0,256641.0,93
201800040163,18,2,5,835,1,2,3,1.0,6.0,93074,M,4893695.0,256856.0,93
201800040164,18,2,9,1010,1,2,7,4.0,6.0,93015,M,4891000.0,257000.0,93
201800040165,18,2,12,2200,5,2,7,1.0,3.0,93046,M,4892235.0,254361.0,93
201800040166,18,2,15,1835,5,2,1,2.0,2.0,93046,M,4891630.0,253107.0,93
201800040167,18,2,20,1930,4,2,1,2.0,3.0,93046,M,,,93
201800040168,18,2,25,1810,1,2,2,1.0,3.0,93046,M,4891065.0,251247.0,93
201800040169,18,3,2,2010,3,1,1,1.0,7.0,93015,M,,,93
201800040170,18,3,4,1640,1,2,3,2.0,2.0,93046,M,4890909.0,252631.0,93
201800040171,18,3,6,1045,1,2,5,1.0,2.0,93046,M,4891200.0,252083.0,93
201800040172,18,3,8,900,1,2,3,1.0,3.0,93074,M,,,93
201800040173,18,3,8,1540,1,2,2,2.0,3.0,93046,M,4892000.0,252100.0,93
201800040174,18,3,17,105,5,2,1,1.0,6.0,93077,M,4888545.0,249452.0,93
201800040175,18,3,23,955,1,2,2,1.0,3.0,93074,M,4893566.0,257444.0,93
201800040176,18,3,23,1415,1,2,3,2.0,3.0,93046,M,4890868.0,253613.0,93
201800040177,18,3,23,1220,1,2,1,1.0,6.0,93046,M,4892075.0,254010.0,93
201800040178,18,3,24,2115,3,1,1,1.0,6.0,93074,M,,,93
201800040179,18,3,30,1220,1,2,1,2.0,2.0,93015,M,4891267.0,257991.0,93
201800040180,18,3,30,2010,2,2,1,1.0,2.0,93046,M,4891600.0,253080.0,93
201800040181,18,4,5,1610,1,2,1,1.0,1.0,93046,M,4890653.0,252414.0,93
201800040182,18,4,11,1620,1,2,1,1.0,3.0,93046,M,4892264.0,253607.0,93
201800040183,18,4,14,1550,1,2,2,1.0,5.0,93046,M,4891153.0,252850.0,93
201800040184,18,4,20,1510,1,2,7,1.0,6.0,93013,M,,,93
201800040185,18,4,22,1858,1,2,2,1.0,3.0,93046,M,,,93
201800040186,18,4,24,2154,5,2,3,1.0,3.0,93046,M,4891617.0,253072.0,93
201800040187,18,4,27,2020,1,2,2,1.0,3.0,93074,M,4894054.0,256932.0,93
201800040188,18,5,3,2010,1,2,1,1.0,6.0,93046,M,,,93
201800040189,18,5,7,1915,1,2,1,1.0,6.0,93046,M,4892156.0,254582.0,93
201800040190,18,5,9,2320,5,2,3,1.0,3.0,93074,M,4893716.0,258858.0,93
201800040191,18,5,16,1115,1,2,1,1.0,7.0,93046,M,,,93
201800040192,18,5,16,2039,1,2,2,1.0,3.0,93046,M,4892015.0,253928.0,93
201800040193,18,5,20,1035,1,2,1,1.0,6.0,93046,M,,,93
201800040194,18,5,23,1505,1,2,1,1.0,4.0,93046,M,4891952.0,254563.0,93
201800040195,18,5,25,30,5,2,2,1.0,6.0,93046,M,4892008.0,253927.0,93
201800040196,18,5,29,1740,1,2,1,1.0,6.0,93046,M,4890396.0,252159.0,93
201800040197,18,6,2,1755,1,2,3,1.0,3.0,93046,M,4891006.0,253253.0,93
201800040198,18,6,6,750,1,2,3,3.0,6.0,93015,M,4891509.0,257794.0,93
201800040199,18,6,7,2130,1,2,1,1.0,6.0,93015,M,,,93
201800040200,18,6,12,850,1,2,1,3.0,4.0,93046,M,,,93
201800040201,18,6,12,1710,1,2,2,1.0,6.0,93046,M,4891920.0,253770.0,93
201800040202,18,6,14,1620,1,2,2,1.0,3.0,93046,M,4891148.0,252843.0,93
201800040203,18,6,20,1645,1,2,3,1.0,6.0,93046,M,,,93
201800040204,18,6,21,1955,1,2,9,1.0,1.0,93074,M,4893415.0,257341.0,93
201800040205,18,6,25,845,1,2,3,1.0,1.0,93074,M,,,93
201800040206,18,6,27,850,1,2,1,1.0,6.0,93046,M,4890641.0,252242.0,93
201800040207,18,6,29,2330,5,2,9,1.0,6.0,93074,M,4893352.0,600000.0,93
201800040208,18,7,3,1030,1,2,1,7.0,4.0,93074,M,4893528.0,256835.0,93
201800040209,18,7,9,1110,1,2,1,1.0,3.0,93046,M,4891350.0,251530.0,93
201800040210,18,7,9,1350,1,2,2,1.0,2.0,93046,M,,,93
201800040211,18,7,14,2320,5,2,1,1.0,5.0,93046,M,,,93
201800040212,18,7,19,1115,1,2,3,1.0,3.0,93046,M,,,93
201800040213,18,7,23,1100,1,2,3,1.0,1.0,93074,M,,,93
201800040214,18,7,24,1840,1,2,3,1.0,3.0,93046,M,,,93
201800040215,18,7,27,2053,1,2,9,1.0,2.0,93046,M,4891196.0,252045.0,93
201800040216,18,8,1,900,1,2,1,1.0,3.0,93046,M,4891837.0,253574.0,93
201800040217,18,8,8,1755,1,2,2,1.0,3.0,93046,M,4891687.0,250890.0,93
201800040218,18,8,11,2045,2,2,2,1.0,3.0,93046,M,4891650.0,253159.0,93
201800040219,18,8,13,1015,1,1,1,1.0,6.0,93074,M,,,93
201800040220,18,8,28,1730,1,2,2,1.0,3.0,93046,M,4893263.0,255421.0,93
201800040221,18,9,4,1930,1,2,2,1.0,3.0,93046,M,4891062.0,251235.0,93
201800040222,18,9,6,1900,1,2,3,1.0,3.0,93046,M,4891788.0,253466.0,93
201800040223,18,9,8,710,1,2,2,1.0,3.0,93046,M,4891620.0,253071.0,93
201800040224,18,9,11,1750,1,2,1,1.0,3.0,93046,M,,,93
201800040225,18,9,19,715,1,2,1,1.0,6.0,93046,M,4892328.0,255056.0,93
201800040226,18,9,19,1810,1,2,2,7.0,1.0,93074,M,4893464.0,256633.0,93
201800040227,18,9,22,1130,1,2,1,1.0,6.0,93074,M,4894140.0,257006.0,93
201800040228,18,9,23,250,5,2,1,1.0,6.0,93046,M,4892181.0,254236.0,93
201800040229,18,9,24,1655,1,2,1,1.0,6.0,93046,M,,,93
201800040230,18,9,24,2105,5,2,1,1.0,2.0,93074,M,,,93
201800040231,18,9,27,1330,1,2,4,1.0,3.0,93046,M,,,93
201800040232,18,9,29,1430,1,2,9,1.0,3.0,93046,M,4891961.0,253985.0,93
201800040233,18,10,1,925,1,2,1,1.0,3.0,93046,M,4893280.0,254410.0,93
201800040234,18,10,8,1820,1,2,1,1.0,6.0,93046,M,4891998.0,253923.0,93
201800040235,18,10,10,322,5,2,2,1.0,6.0,93046,M,4891054.0,251186.0,93
201800040236,18,10,11,920,1,2,3,1.0,3.0,93074,M,,,93
201800040237,18,11,7,1155,1,2,2,3.0,3.0,93046,M,4891950.0,252310.0,93
201800040238,18,11,7,2315,5,2,2,1.0,3.0,93074,M,4893462.0,256629.0,93
201800040239,18,11,10,1310,1,2,1,3.0,3.0,93046,M,,,93
201800040240,18,11,12,1945,5,2,1,1.0,6.0,93046,M,4893086.0,255520.0,93
201800040241,18,11,12,1705,2,2,9,2.0,2.0,93046,M,,,93
201800040242,18,11,13,2330,5,2,2,1.0,7.0,93046,M,4891658.0,252212.0,93
201800040243,18,11,17,1620,1,2,2,1.0,3.0,93046,M,,,93
201800040244,18,11,20,2040,5,2,1,8.0,6.0,93046,M,,,93
201800040245,18,11,21,1310,1,2,1,1.0,2.0,93046,M,4891067.0,251210.0,93
201800040246,18,11,21,1345,1,2,1,1.0,2.0,93015,M,,,93
201800040247,18,11,24,1845,5,2,1,1.0,4.0,93046,M,4891172.0,251977.0,93
201800040248,18,11,26,15,5,2,1,2.0,2.0,93046,M,4891518.0,252885.0,93
201800040249,18,11,27,1145,1,2,1,1.0,2.0,93074,M,,,93
201800040250,18,11,29,35,5,2,1,2.0,2.0,93014,M,,,93
201800040251,18,12,1,1835,5,2,1,2.0,6.0,93074,M,4886272.0,228759.0,93
201800040252,18,12,4,825,1,2,2,9.0,2.0,93046,M,4891305.0,253999.0,93
201800040253,18,12,4,2320,5,2,3,1.0,1.0,93015,M,4891549.0,257225.0,93
201800040254,18,12,5,850,1,1,1,8.0,6.0,93074,M,4893305.0,256121.0,93
201800040255,18,12,6,1900,5,2,1,1.0,4.0,93046,M,4892628.0,255001.0,93
201800040256,18,12,7,1905,5,2,3,1.0,3.0,93046,M,4891912.0,253747.0,93
201800040257,18,12,10,1935,5,2,1,1.0,6.0,93046,M,4991514.0,251560.0,93
201800040258,18,12,11,1620,1,2,1,8.0,6.0,93046,M,4892034.0,251294.0,93
201800040259,18,12,11,2330,5,2,6,1.0,6.0,93015,M,4891444.0,256787.0,93
201800040260,18,12,13,1945,5,2,1,1.0,5.0,93046,M,4891079.0,251250.0,93
201800040261,18,12,15,140,5,2,9,1.0,3.0,93046,M,4891685.0,253088.0,93
201800040262,18,12,16,1340,1,2,1,8.0,2.0,93046,M,4891041.0,251080.0,93
201800040263,18,12,17,1425,1,2,3,7.0,3.0,93046,M,4891619.0,253075.0,93
201800040264,18,12,19,1620,1,2,1,1.0,2.0,93046,M,4891024.0,251945.0,93
201800040265,18,12,23,1720,5,2,2,2.0,3.0,93046,M,4892940.0,254607.0,93
201800040266,18,12,29,1420,1,2,1,8.0,6.0,93046,M,4892214.0,254558.0,93
201800040267,18,12,30,2010,5,2,1,2.0,1.0,93046,M,4892128.0,254117.0,93
201800040268,18,1,3,1620,1,2,9,2.0,3.0,93048,M,,,93