Num_Acc,an,mois,jour,hrmn,lum,agg,int,atm,col,com,gps,lat,long,dep
201800040269,18,1,7,1015,1,2,7,2.0,3.0,93048,M,4885786.0,243573.0,93
201800040270,18,1,16,1901,5,2,1,2.0,7.0,93048,M,4886000.0,246775.0,93
201800040271,18,1,23,2015,3,2,2,8.0,1.0,93048,M,,,93
201800040272,18,2,1,140,5,2,9,8.0,3.0,93048,M,4887514.0,245506.0,93
201800040273,18,2,2,815,2,2,1,1.0,6.0,93048,M,4886110.0,243866.0,93
201800040274,18,2,2,1515,1,2,1,1.0,2.0,93048,M,,,93
201800040275,18,2,3,1945,5,2,1,2.0,6.0,93048,M,,,93
201800040276,18,2,10,300,5,2,1,4.0,6.0,93050,M,4886373.0,252048.0,93
201800040277,18,2,11,615,2,2,2,2.0,3.0,93064,M,4887100.0,249000.0,93
201800040278,18,2,12,10,5,2,1,8.0,2.0,93048,M,4885600.0,242442.0,93
201800040279,18,2,12,850,1,2,1,1.0,6.0,93048,M,4886149.0,244355.0,93
201800040280,18,2,13,1330,1,2,9,1.0,6.0,93048,M,,,93
201800040281,18,2,14,2010,5,2,2,2.0,6.0,93048,M,4886608.0,244666.0,93
201800040282,18,2,24,1130,1,2,2,1.0,3.0,93048,M,4885620.0,241820.0,93
201800040283,18,2,24,1530,1,2,1,1.0,3.0,93048,M,4885857.0,246681.0,93
201800040284,18,3,2,1430,1,2,1,8.0,6.0,93048,M,,,93
201800040285,18,3,6,835,1,2,2,1.0,6.0,93048,M,4887718.0,246295.0,93
201800040286,18,3,6,1140,1,2,1,1.0,6.0,93048,M,4885797.0,243538.0,93
201800040287,18,3,30,940,1,2,3,8.0,3.0,93048,M,4887763.0,246025.0,93
201800040288,18,3,30,2110,5,2,2,1.0,3.0,93048,M,4887138.0,243967.0,93
201800040289,18,4,1,1645,1,2,2,1.0,6.0,93048,M,4887110.0,247089.0,93
201800040290,18,4,3,1330,1,2,1,1.0,6.0,93048,M,,,93
201800040291,18,4,4,1630,1,2,1,3.0,6.0,93048,M,4885685.0,244295.0,93
201800040292,18,4,5,1540,1,2,1,1.0,3.0,93048,M,4886261.0,247090.0,93
201800040293,18,4,5,1735,1,2,1,1.0,6.0,93048,M,,,93
201800040294,18,4,10,850,1,2,1,1.0,1.0,93048,M,,,93
201800040295,18,4,13,1200,1,2,1,1.0,1.0,93048,M,4886944.0,246348.0,93
201800040296,18,4,17,2056,2,2,2,1.0,1.0,93048,M,,,93
201800040297,18,4,22,2020,2,2,2,1.0,3.0,93048,M,4886075.0,245974.0,93
201800040298,18,4,28,1723,1,2,8,1.0,6.0,93048,M,4886291.0,246388.0,93
201800040299,18,5,5,1135,1,2,2,7.0,6.0,93048,M,4886952.0,243801.0,93
201800040300,18,5,6,1115,1,2,1,1.0,2.0,93048,M,,,93
201800040301,18,5,7,1845,1,2,5,1.0,3.0,93048,M,4884905.0,242635.0,93
201800040302,18,5,7,2350,5,2,2,1.0,3.0,93048,M,4886378.0,243969.0,93
201800040303,18,5,8,1905,1,2,1,1.0,6.0,93048,M,,,93
201800040304,18,5,9,1710,1,2,3,1.0,3.0,93048,M,4885805.0,243562.0,93
201800040305,18,5,11,1300,1,2,1,1.0,6.0,93048,M,4886250.0,245530.0,93
201800040306,18,5,15,2140,5,2,1,1.0,3.0,93048,M,,,93
201800040307,18,5,16,840,1,2,9,1.0,3.0,93048,M,4886427.0,244417.0,93
201800040308,18,5,18,1805,1,2,3,1.0,3.0,93048,M,4886032.0,246642.0,93
201800040309,18,5,18,2015,1,2,1,1.0,1.0,93048,M,4886097.0,246631.0,93
201800040310,18,5,20,1930,1,2,1,1.0,6.0,93048,M,4886506.0,247745.0,93
201800040311,18,5,21,2350,3,2,1,1.0,3.0,93048,M,4887073.0,245129.0,93
201800040312,18,5,23,2020,2,2,1,1.0,1.0,93048,M,4886352.0,246261.0,93
201800040313,18,5,28,900,1,2,1,1.0,3.0,93048,M,4884980.0,241715.0,93
201800040314,18,5,28,1900,1,2,1,2.0,2.0,93048,M,4887035.0,243165.0,93
201800040315,18,5,29,1220,1,2,1,2.0,3.0,93048,M,,,93
201800040316,18,5,29,2145,5,2,1,3.0,3.0,93048,M,4886300.0,246400.0,93
201800040317,18,5,30,1315,1,2,1,1.0,6.0,93048,M,,,93
201800040318,18,6,5,1050,1,2,2,8.0,5.0,93048,M,4886283.0,246622.0,93
201800040319,18,6,2,1850,1,2,1,1.0,6.0,93048,M,,,93
201800040320,18,6,13,945,1,2,1,1.0,6.0,93048,M,,,93
201800040321,18,6,16,1955,1,2,2,1.0,3.0,93048,M,4885583.0,243085.0,93
201800040322,18,6,21,1155,1,2,1,1.0,6.0,93048,M,,,93
201800040323,18,6,21,1955,1,2,1,1.0,5.0,93048,M,4885542.0,241585.0,93
201800040324,18,6,22,1350,1,2,1,1.0,3.0,93048,M,,,93
201800040325,18,6,24,1930,1,2,2,7.0,6.0,93048,M,4885724.0,243142.0,93
201800040326,18,6,26,125,5,2,1,1.0,6.0,93048,M,4886381.0,244537.0,93
201800040327,18,6,26,1830,1,2,1,1.0,3.0,93048,M,4886772.0,245330.0,93
201800040328,18,6,28,1700,1,2,2,1.0,3.0,93048,M,4887114.0,245197.0,93
201800040329,18,6,30,1720,1,2,1,1.0,6.0,93048,M,,,93
201800040330,18,7,4,300,5,2,6,1.0,3.0,93048,M,4885788.0,243690.0,93
201800040331,18,7,24,335,5,1,1,1.0,6.0,93048,M,,,93
201800040332,18,7,13,1050,1,2,1,1.0,6.0,93048,M,,,93
201800040333,18,7,17,1440,1,2,1,1.0,3.0,93048,M,4885000.0,243000.0,93
201800040334,18,7,24,330,3,1,1,1.0,7.0,93048,M,,,93
201800040335,18,7,24,1940,1,2,5,1.0,3.0,93048,M,,,93
201800040336,18,7,30,1330,1,2,9,1.0,4.0,93048,M,,,93
201800040337,18,8,3,1415,1,2,2,1.0,1.0,93048,M,4885490.0,243494.0,93
201800040338,18,8,16,1055,1,2,8,1.0,6.0,93048,M,4885000.0,243000.0,93
201800040339,18,8,21,1305,1,2,1,1.0,6.0,93048,M,,,93
201800040340,18,8,31,1615,1,2,1,1.0,5.0,93048,M,,,93
201800040341,18,9,15,1250,1,2,1,1.0,6.0,93048,M,,,93
201800040342,18,9,20,1750,1,2,1,1.0,6.0,93048,M,4885460.0,242583.0,93
201800040343,18,9,20,2030,3,2,2,1.0,3.0,93048,M,,,93
201800040344,18,9,21,1830,1,2,1,1.0,3.0,93048,M,,,93
201800040345,18,9,25,1605,1,2,1,1.0,6.0,93048,M,,,93
201800040346,18,9,25,1935,3,2,1,1.0,6.0,93048,M,4886270.0,246990.0,93
201800040347,18,9,29,1940,5,2,1,1.0,3.0,93048,M,4885600.0,245827.0,93
201800040348,18,10,1,2000,2,2,5,1.0,2.0,93048,M,4885563.0,243955.0,93
201800040349,18,10,3,915,1,2,2,1.0,6.0,93048,M,4886490.0,243940.0,93
201800040350,18,10,6,1440,1,2,3,1.0,5.0,93064,M,,,93
201800040351,18,10,12,940,1,2,3,1.0,3.0,93048,M,4885719.0,244115.0,93
201800040352,18,10,12,1440,1,2,9,1.0,3.0,93048,M,,,93
201800040353,18,10,15,1740,1,2,1,1.0,6.0,93048,M,,,93
201800040354,18,10,15,1830,2,2,1,1.0,2.0,93064,M,,,93
201800040355,18,10,26,1120,1,2,8,8.0,6.0,93048,M,4886390.0,243610.0,93
201800040356,18,10,26,1650,1,2,1,1.0,3.0,93048,M,4885612.0,242551.0,93
201800040357,18,10,27,1740,2,2,1,1.0,6.0,93048,M,,,93
201800040358,18,10,31,600,5,2,1,1.0,3.0,93048,M,4885871.0,246682.0,93
201800040359,18,11,1,2010,5,2,2,2.0,6.0,93048,M,4885761.0,243346.0,93
201800040360,18,11,6,1030,1,2,1,1.0,3.0,93048,M,4886678.0,243730.0,93
201800040361,18,11,10,49,5,2,3,1.0,6.0,93048,M,4885894.0,242411.0,93
201800040362,18,11,12,1935,5,2,2,1.0,3.0,93048,M,4887357.0,243368.0,93
201800040363,18,11,14,715,2,2,1,1.0,3.0,93048,M,,,93
201800040364,18,11,16,2230,5,1,1,1.0,6.0,93048,M,4887089.0,245109.0,93
201800040365,18,11,17,1500,1,2,4,1.0,6.0,93048,M,4886818.0,244672.0,93
201800040366,18,11,19,1145,1,2,3,1.0,6.0,93048,M,4885000.0,243000.0,93
201800040367,18,11,19,1530,1,2,1,1.0,6.0,93048,M,4885299.0,242618.0,93
201800040368,18,11,25,40,5,2,9,8.0,3.0,93048,M,4887067.0,245100.0,93
201800040369,18,11,25,610,5,2,1,2.0,2.0,93048,M,4886402.0,245827.0,93
201800040370,18,11,25,1610,1,2,6,2.0,6.0,93048,M,4886763.0,245757.0,93
201800040371,18,11,26,910,1,2,2,2.0,6.0,93048,M,4886309.0,244082.0,93
201800040372,18,12,4,1845,5,2,1,1.0,6.0,93048,M,4886479.0,247694.0,93
201800040373,18,12,5,1530,1,2,3,1.0,6.0,93048,M,4886633.0,246951.0,93
201800040374,18,12,6,1405,1,2,1,2.0,6.0,93048,M,,,93
201800040375,18,12,12,1650,1,2,9,1.0,6.0,93048,M,4885307.0,242689.0,93
201800040376,18,12,13,1110,1,2,9,1.0,6.0,93048,M,4885750.0,242481.0,93
201800040377,18,12,14,1320,1,2,2,1.0,3.0,93048,M,4885298.0,242616.0,93
201800040378,18,12,14,1635,1,2,2,1.0,3.0,93048,M,,,93
201800040379,18,12,15,1220,1,2,2,1.0,3.0,93048,M,,,93
201800040380,18,12,18,930,1,2,1,1.0,6.0,93048,M,,,93
201800040381,18,12,18,1505,1,2,5,1.0,6.0,93048,M,4885800.0,243720.0,93
201800040382,18,12,18,1905,5,2,1,1.0,6.0,93048,M,4852130.0,226240.0,93
201800040383,18,12,21,2300,5,2,6,1.0,6.0,93048,M,,,93
201800040384,18,12,21,1020,1,2,9,2.0,3.0,93048,M,4885788.0,243815.0,93
201800040385,18,12,27,730,3,2,1,1.0,3.0,93048,M,4886458.0,245287.0,93
201800040386,18,12,29,1230,1,2,2,1.0,3.0,93048,M,4887207.0,245522.0,93
201800040387,18,1,1,215,5,2,2,1.0,1.0,93050,M,4887157.0,253405.0,93
201800040388,18,1,7,1840,5,2,9,2.0,6.0,93049,M,4885299.0,251475.0,93
201800040389,18,1,10,1820,5,2,3,1.0,3.0,93050,M,4885765.0,252575.0,93
201800040390,18,1,12,1030,1,2,1,1.0,6.0,93050,M,4885000.0,251000.0,93
201800040391,18,1,20,1700,1,2,1,8.0,2.0,93050,M,4886510.0,252010.0,93
201800040392,18,1,23,1155,1,2,3,2.0,6.0,93050,M,,,93
201800040393,18,1,29,720,5,2,1,1.0,2.0,93049,M,4885000.0,251100.0,93
201800040394,18,1,29,1315,1,2,1,1.0,6.0,93049,M,4885282.0,251429.0,93
201800040395,18,1,30,900,1,2,1,1.0,2.0,93050,M,4886521.0,252108.0,93
201800040396,18,2,3,1645,1,2,1,2.0,3.0,93050,M,4886086.0,253702.0,93
201800040397,18,2,4,550,5,2,1,2.0,6.0,93050,M,4886219.0,252035.0,93
201800040398,18,2,10,320,5,2,1,4.0,6.0,93050,M,4886373.0,252048.0,93
201800040399,18,2,19,1950,5,2,1,2.0,5.0,93050,M,4886533.0,256046.0,93
201800040400,18,2,25,1110,1,2,9,1.0,6.0,93050,M,4886753.0,253279.0,93
201800040401,18,3,19,1800,1,2,7,1.0,6.0,93049,M,4886095.0,250940.0,93
201800040402,18,2,11,1240,1,2,1,1.0,6.0,93049,M,4886373.0,250646.0,93
201800040403,18,4,3,900,1,2,1,1.0,3.0,93050,M,4886405.0,255005.0,93
201800040404,18,4,5,1310,1,2,1,1.0,3.0,93050,M,4886402.0,252993.0,93
201800040405,18,4,5,1615,1,2,1,1.0,6.0,93049,M,4885292.0,251389.0,93
201800040406,18,4,7,1920,1,2,1,1.0,7.0,93049,M,4886533.0,256046.0,93
201800040407,18,4,11,1155,1,2,1,1.0,2.0,93050,M,4886509.0,252031.0,93
201800040408,18,4,12,710,2,2,9,1.0,3.0,93050,M,4886622.0,253302.0,93
201800040409,18,4,12,1640,1,2,1,2.0,6.0,93050,M,4886553.0,253656.0,93
201800040410,18,4,13,755,1,2,3,1.0,3.0,93050,M,4887311.0,255315.0,93
201800040411,18,4,14,1420,1,2,1,1.0,1.0,93050,M,4885460.0,253200.0,93
201800040412,18,4,20,1800,1,2,2,1.0,3.0,93050,M,4885879.0,252074.0,93
201800040413,18,4,30,2320,5,2,3,2.0,3.0,93050,M,4885590.0,252807.0,93
201800040414,18,5,2,1130,1,2,1,1.0,3.0,93049,M,4886000.0,251000.0,93
201800040415,18,5,11,2300,5,2,4,1.0,1.0,93050,M,4886900.0,252159.0,93
201800040416,18,5,17,1740,1,2,1,1.0,6.0,93049,M,4887270.0,251155.0,93
201800040417,18,5,20,900,1,2,2,1.0,6.0,93050,M,4885701.0,253266.0,93
201800040418,18,5,30,1440,1,2,1,1.0,1.0,93049,M,4886278.0,251237.0,93
201800040419,18,5,30,1600,1,2,1,1.0,6.0,93049,M,4886545.0,251159.0,93
201800040420,18,6,10,20,5,2,3,8.0,3.0,93050,M,4885785.0,253377.0,93
201800040421,18,6,15,1530,1,2,1,1.0,6.0,93049,M,4850000.0,250000.0,93
201800040422,18,6,23,1450,1,2,1,1.0,4.0,93049,M,4886182.0,251005.0,93
201800040423,18,6,29,1600,1,2,1,1.0,6.0,93050,M,4886751.0,253281.0,93
201800040424,18,6,30,2100,1,2,1,1.0,6.0,93050,M,4886580.0,256379.0,93
201800040425,18,7,2,920,1,2,1,1.0,3.0,93049,M,4846000.0,250000.0,93
201800040426,18,7,4,2057,2,2,1,1.0,6.0,93050,M,4887225.0,253464.0,93
201800040427,18,7,8,1950,1,2,1,1.0,1.0,93049,M,4886000.0,250000.0,93
201800040428,18,7,12,1115,1,2,3,1.0,6.0,93049,M,4885352.0,251665.0,93
201800040429,18,7,18,1100,1,2,3,1.0,3.0,93050,M,4886559.0,256374.0,93
201800040430,18,7,20,1900,1,2,1,8.0,4.0,93050,M,,,93
201800040431,18,7,24,1940,1,2,3,1.0,6.0,93050,M,4886895.0,253351.0,93
201800040432,18,7,31,1452,1,2,1,1.0,6.0,93050,M,,,93
201800040433,18,8,3,1500,1,2,1,1.0,3.0,93050,M,4885437.0,252060.0,93
201800040434,18,8,4,1900,1,2,1,1.0,6.0,93051,M,4282778.0,256301.0,93
201800040435,18,8,10,1120,1,2,9,1.0,6.0,93051,M,4884882.0,256547.0,93
201800040436,18,8,28,500,5,2,3,1.0,6.0,93050,M,4886591.0,253310.0,93
201800040437,18,8,30,1850,1,2,3,1.0,1.0,93050,M,4885623.0,253731.0,93
201800040438,18,9,12,850,1,2,1,1.0,3.0,93050,M,4886500.0,252080.0,93
201800040439,18,9,17,1500,1,2,1,1.0,3.0,93050,M,4886540.0,256358.0,93
201800040440,18,9,21,1157,1,2,1,1.0,6.0,93049,M,4886543.0,251071.0,93
201800040441,18,9,25,855,1,2,1,1.0,6.0,93050,M,4885714.0,252327.0,93
201800040442,18,9,27,45,5,2,2,1.0,3.0,93050,M,4886900.0,255471.0,93
201800040443,18,9,27,1000,1,2,1,1.0,6.0,93050,M,4885344.0,251664.0,93
201800040444,18,9,27,1255,1,2,1,1.0,6.0,93049,M,4885240.0,251139.0,93
201800040445,18,10,8,840,1,2,2,1.0,3.0,93049,M,4886000.0,250000.0,93
201800040446,18,10,18,1200,1,2,2,1.0,3.0,93050,M,4886813.0,255703.0,93
201800040447,18,10,19,1645,1,2,2,1.0,3.0,93050,M,4885773.0,253361.0,93
201800040448,18,10,24,540,5,2,1,1.0,6.0,93049,M,4885181.0,251386.0,93
201800040449,18,11,5,1515,1,2,9,1.0,2.0,93049,M,4886670.0,251076.0,93
201800040450,18,11,22,2009,3,2,3,2.0,6.0,93050,M,4886902.0,253335.0,93
201800040451,18,11,25,650,2,2,2,3.0,2.0,93048,M,4885842.0,243156.0,93
201800040452,18,11,26,1900,5,2,3,2.0,6.0,93049,M,4885283.0,251394.0,93
201800040453,18,11,28,2010,5,2,3,9.0,6.0,93050,M,,,93
201800040454,18,12,8,5,5,2,1,2.0,5.0,93051,M,4884382.0,254285.0,93
201800040455,18,12,8,1115,1,2,1,1.0,6.0,93050,M,4886851.0,253122.0,93
201800040456,18,12,12,1020,1,2,2,1.0,3.0,93049,M,4886798.0,250330.0,93
201800040457,18,12,14,1730,5,2,1,1.0,6.0,93049,M,4885464.0,252237.0,93
201800040458,18,12,18,800,1,2,1,1.0,3.0,93050,M,4886000.0,255000.0,93
201800040459,18,12,19,1930,5,2,2,8.0,1.0,93050,M,4886507.0,252936.0,93
201800040460,18,1,11,1825,4,2,1,1.0,6.0,93051,M,4880000.0,250000.0,93
201800040461,18,1,20,1825,5,2,1,2.0,6.0,93051,M,4884422.0,256511.0,93
201800040462,18,1,23,715,5,2,1,1.0,6.0,93051,M,4884238.0,254912.0,93
201800040463,18,1,26,945,1,2,2,1.0,3.0,93033,M,4885544.0,257601.0,93
201800040464,18,1,30,1645,1,2,1,2.0,6.0,93033,M,4886152.0,258049.0,93
201800040465,18,2,2,2000,4,2,1,1.0,2.0,93051,M,4880000.0,400000.0,93
201800040466,18,2,3,1100,1,2,3,1.0,3.0,93051,M,4885332.0,257384.0,93
201800040467,18,2,4,1215,1,2,6,8.0,6.0,93051,M,,,93
201800040468,18,2,5,1600,1,2,1,8.0,6.0,93051,M,4800000.0,500000.0,93
201800040469,18,3,7,2025,5,2,1,1.0,6.0,93051,M,4884118.0,255957.0,93
201800040470,18,3,19,945,1,2,3,4.0,3.0,93051,M,4884569.0,254939.0,93
201800040471,18,3,26,1740,1,2,1,1.0,3.0,93051,M,4884039.0,255889.0,93
201800040472,18,3,28,1250,1,2,1,2.0,3.0,93051,M,,,93
201800040473,18,3,31,945,1,2,1,1.0,7.0,93051,M,4884454.0,253913.0,93
201800040474,18,4,13,1652,1,2,1,1.0,2.0,93051,M,4885073.0,253500.0,93
201800040475,18,4,19,2140,5,2,1,1.0,1.0,93051,M,4884460.0,254160.0,93
201800040476,18,4,24,1755,1,2,1,1.0,4.0,93051,M,4884324.0,254492.0,93
201800040477,18,4,25,1735,1,2,1,1.0,5.0,93051,M,4884939.0,253706.0,93
201800040478,18,4,26,1345,1,2,1,1.0,3.0,93051,M,4883510.0,256543.0,93
201800040479,18,4,29,330,5,2,1,3.0,2.0,93051,M,4884563.0,256287.0,93
201800040480,18,5,2,1710,1,2,1,1.0,3.0,93051,M,4882979.0,256514.0,93
201800040481,18,5,3,2250,5,2,3,1.0,1.0,93051,M,4884718.0,254861.0,93
201800040482,18,5,10,1345,1,2,1,1.0,6.0,93051,M,4885412.0,254818.0,93
201800040483,18,5,29,1320,1,2,1,2.0,4.0,93051,M,4884284.0,254371.0,93
201800040484,18,6,15,935,1,2,2,1.0,3.0,93051,M,4882995.0,258129.0,93
201800040485,18,6,27,945,1,2,3,1.0,6.0,93051,M,4883015.0,255888.0,93
201800040486,18,6,29,2120,2,2,2,1.0,5.0,93005,M,4895750.0,250390.0,93
201800040487,18,7,19,1950,1,2,3,1.0,1.0,93051,M,4884032.0,255690.0,93
201800040488,18,8,2,1235,1,2,2,1.0,3.0,93051,M,4884567.0,256299.0,93
201800040489,18,8,2,1815,1,2,1,1.0,3.0,93051,M,4884252.0,254567.0,93
201800040490,18,8,4,1100,1,2,2,1.0,1.0,93051,M,4882921.0,257012.0,93
201800040491,18,8,18,825,1,2,2,1.0,5.0,93051,M,4884675.0,555860.0,93
201800040492,18,8,25,800,1,2,1,1.0,2.0,93050,M,4886511.0,255915.0,93
201800040493,18,9,5,1435,1,2,1,1.0,3.0,93051,M,4884310.0,254470.0,93
201800040494,18,9,6,1430,1,2,4,2.0,4.0,93033,M,4886216.0,257868.0,93
201800040495,18,9,9,1255,1,2,1,1.0,6.0,93051,M,4884021.0,255961.0,93
201800040496,18,9,12,1348,1,2,1,1.0,6.0,93051,M,4884398.0,254850.0,93
201800040497,18,9,14,600,2,2,6,1.0,6.0,93051,M,4883715.0,254789.0,93
201800040498,18,9,15,1235,1,2,4,1.0,2.0,93051,M,4883761.0,254335.0,93
201800040499,18,9,27,1822,1,2,1,1.0,6.0,93051,M,4882351.0,257985.0,93
201800040500,18,10,2,1837,2,2,9,2.0,3.0,93051,M,4884954.0,254738.0,93
201800040501,18,10,3,1740,1,2,1,1.0,6.0,93051,M,4883189.0,255728.0,93
201800040502,18,10,4,1155,1,2,9,1.0,6.0,93051,M,4884018.0,255959.0,93
201800040503,18,10,7,1340,1,2,3,2.0,3.0,93051,M,4883261.0,257108.0,93
201800040504,18,10,9,900,1,2,1,1.0,3.0,93051,M,4884099.0,255042.0,93
201800040505,18,10,9,2115,5,2,3,1.0,3.0,93033,M,4885357.0,257387.0,93
201800040506,18,10,12,930,1,1,9,1.0,1.0,93033,M,,,93
201800040507,18,10,15,730,5,2,1,1.0,6.0,93051,M,4882367.0,257188.0,93
201800040508,18,10,17,1800,1,2,3,1.0,3.0,93051,M,4883271.0,257096.0,93
201800040509,18,10,22,625,5,2,1,1.0,3.0,93051,M,4883809.0,254292.0,93
201800040510,18,10,22,1145,1,2,1,2.0,7.0,93051,M,4883864.0,255271.0,93
201800040511,18,10,28,1430,1,2,1,8.0,6.0,93051,M,4884048.0,255354.0,93
201800040512,18,11,2,955,1,2,1,1.0,2.0,93051,M,4883636.0,258252.0,93
201800040513,18,11,18,1610,1,2,1,1.0,4.0,93051,M,4884896.0,253767.0,93
201800040514,18,11,20,1920,4,2,1,1.0,1.0,93051,M,4883712.0,257241.0,93
201800040515,18,11,23,1600,1,2,1,2.0,6.0,93051,M,4884229.0,257955.0,93
201800040516,18,11,23,2040,4,2,3,2.0,3.0,93051,M,4892803.0,256879.0,93
201800040517,18,11,25,1215,1,2,9,8.0,3.0,93051,M,4884811.0,253949.0,93
201800040518,18,11,29,825,2,2,2,8.0,3.0,93033,M,4885928.0,257756.0,93
201800040519,18,12,2,700,5,2,2,2.0,2.0,93033,M,4885850.0,258172.0,93
201800040520,18,12,13,850,1,2,3,1.0,6.0,93051,M,4885261.0,257312.0,93
201800040521,18,12,15,1540,1,2,1,2.0,3.0,93051,M,4883780.0,256760.0,93
201800040522,18,12,16,1030,1,2,1,2.0,5.0,93051,M,4884386.0,254286.0,93
201800040523,18,12,17,1140,1,2,2,1.0,3.0,93051,M,4884780.0,255276.0,93
201800040524,18,12,21,710,2,2,1,2.0,2.0,93051,M,4884909.0,253740.0,93
201800040525,18,12,21,1610,1,2,1,1.0,3.0,93051,M,4884888.0,255469.0,93
201800040526,18,12,28,1140,1,2,6,1.0,3.0,93051,M,,,93
201800040527,18,1,2,1905,5,2,2,2.0,3.0,93053,M,4888590.0,245708.0,93
201800040528,18,1,15,1615,1,2,1,2.0,6.0,93063,M,,,93
201800040529,18,4,11,1800,1,2,1,1.0,6.0,93053,M,4889042.0,245248.0,93
201800040530,18,6,20,1845,1,2,1,1.0,4.0,93053,M,4888699.0,246799.0,93
201800040531,18,6,24,1630,1,2,1,1.0,3.0,93053,M,4888775.0,245984.0,93
201800040532,18,7,19,935,1,2,6,1.0,3.0,93053,M,4888890.0,245124.0,93
201800040533,18,7,19,1500,1,2,5,1.0,3.0,93053,M,4890386.0,247055.0,93
201800040534,18,7,22,2245,5,2,1,1.0,2.0,93053,M,4880000.0,244000.0,93
201800040535,18,7,25,1400,1,2,9,1.0,1.0,93053,M,4889199.0,246715.0,93
201800040536,18,7,26,1850,1,2,1,1.0,6.0,93053,M,4889414.0,245886.0,93
201800040537,18,8,3,1419,1,2,1,1.0,7.0,93053,M,4888000.0,246000.0,93
201800040538,18,8,4,1600,1,2,2,1.0,3.0,93008,M,4891291.0,244346.0,93
201800040539,18,8,5,2035,2,2,1,1.0,6.0,93053,M,4888868.0,246488.0,93
201800040540,18,8,7,1250,1,2,1,1.0,2.0,93053,M,4890399.0,247033.0,93
201800040541,18,8,14,1005,1,2,1,1.0,1.0,93053,M,4888907.0,245518.0,93
201800040542,18,8,26,2300,5,2,2,8.0,3.0,93053,M,4888930.0,245810.0,93
201800040543,18,9,6,2220,5,2,1,1.0,2.0,93053,M,4887966.0,246516.0,93
201800040544,18,9,8,2057,1,2,6,1.0,6.0,93053,M,4889201.0,246702.0,93
201800040545,18,9,20,1900,1,2,6,1.0,1.0,93063,M,4887178.0,244220.0,93
201800040546,18,9,29,5,5,2,2,1.0,3.0,93053,M,4888715.0,245585.0,93
201800040547,18,10,6,1905,2,2,1,1.0,2.0,93053,M,4889500.0,246200.0,93
201800040548,18,10,7,1215,1,2,1,2.0,6.0,93053,M,4888460.0,244120.0,93
201800040549,18,10,11,10,5,2,7,1.0,3.0,93053,M,4889021.0,245302.0,93
201800040550,18,10,11,1210,1,2,1,1.0,6.0,93053,M,4889569.0,245812.0,93
201800040551,18,10,16,2100,5,2,2,1.0,1.0,93053,M,4888924.0,247117.0,93
201800040552,18,10,18,745,2,2,1,1.0,6.0,93053,M,4889039.0,245278.0,93
201800040553,18,10,22,1540,1,1,1,1.0,2.0,93053,M,,,93
201800040554,18,10,27,1220,1,2,5,1.0,3.0,93053,M,4888906.0,247122.0,93
201800040555,18,10,29,1710,2,2,8,1.0,6.0,93053,M,4889303.0,246581.0,93
201800040556,18,10,31,2320,5,2,1,2.0,2.0,93053,M,4888700.0,247100.0,93
201800040557,18,11,2,1510,1,2,1,1.0,3.0,93053,M,4888859.0,245106.0,93
201800040558,18,11,6,1615,1,2,2,1.0,2.0,93053,M,4888680.0,247030.0,93
201800040559,18,11,7,1750,5,2,3,2.0,3.0,93063,M,4888345.0,243653.0,93
201800040560,18,11,9,610,5,2,1,1.0,2.0,93053,M,4888400.0,244100.0,93
201800040561,18,11,9,830,1,2,1,1.0,2.0,93053,M,4888916.0,245454.0,93
201800040562,18,11,17,1320,1,2,2,1.0,6.0,93053,M,4890402.0,247060.0,93
201800040563,18,11,29,845,1,2,1,2.0,2.0,93053,M,4889024.0,245248.0,93
201800040564,18,11,29,1200,1,2,1,1.0,2.0,93053,M,4890299.0,246608.0,93
201800040565,18,12,13,1240,1,2,2,7.0,6.0,93053,M,,,93
201800040566,18,12,20,1221,1,2,1,1.0,2.0,93053,M,4889264.0,244102.0,93
201800040567,18,12,21,1450,1,2,2,8.0,3.0,93053,M,4888677.0,247196.0,93
201800040568,18,1,4,845,1,2,1,2.0,3.0,93055,M,4889257.0,240995.0,93
201800040569,18,1,4,1150,1,2,1,8.0,3.0,93055,M,4890277.0,240563.0,93
201800040570,18,1,8,2200,5,2,3,1.0,3.0,93055,M,4888916.0,241270.0,93
201800040571,18,1,18,1410,1,2,1,1.0,6.0,93055,M,4889504.0,240145.0,93
201800040572,18,1,22,2015,5,2,1,8.0,2.0,93055,M,4880910.0,240175.0,93
201800040573,18,1,24,440,5,2,2,2.0,3.0,93055,M,4889297.0,242390.0,93
201800040574,18,1,26,1840,5,2,1,1.0,6.0,93055,M,4889449.0,242079.0,93
201800040575,18,1,30,745,2,2,1,1.0,3.0,93055,M,4889321.0,241339.0,93
201800040576,18,2,2,1535,1,2,1,2.0,2.0,93055,M,4890427.0,239297.0,93
201800040577,18,2,19,1900,5,2,1,2.0,6.0,93055,M,4889492.0,242531.0,93
201800040578,18,2,24,1855,5,2,2,1.0,6.0,93055,M,4889100.0,240200.0,93
201800040579,18,3,5,1845,5,2,1,1.0,6.0,93055,M,4889241.0,240967.0,93
201800040580,18,3,10,928,1,2,4,2.0,3.0,93055,M,4889123.0,242534.0,93
201800040581,18,3,13,2145,5,2,1,1.0,2.0,93055,M,4891676.0,240635.0,93
201800040582,18,3,14,345,5,2,3,2.0,7.0,93055,M,4889540.0,240964.0,93
201800040583,18,3,16,715,1,2,1,1.0,6.0,93055,M,4888949.0,242006.0,93
201800040584,18,3,16,1250,1,2,1,1.0,7.0,93055,M,4888917.0,241352.0,93