Num_Acc,an,mois,jour,hrmn,lum,agg,int,atm,col,com,gps,lat,long,dep
201800040585,18,3,16,2030,3,2,6,1.0,3.0,93055,M,4889563.0,242582.0,93
201800040586,18,3,25,1500,1,2,9,1.0,5.0,93055,M,4890528.0,239390.0,93
201800040587,18,3,27,720,5,2,1,2.0,3.0,93055,M,4889370.0,241516.0,93
201800040588,18,4,12,2030,5,2,1,8.0,3.0,93055,M,4889120.0,240243.0,93
201800040589,18,4,16,756,1,2,9,1.0,3.0,93055,M,4888831.0,240673.0,93
201800040590,18,4,16,1256,1,2,1,1.0,7.0,93055,M,4889483.0,240963.0,93
201800040591,18,4,19,840,1,2,1,1.0,3.0,93055,M,4889445.0,241970.0,93
201800040592,18,4,20,1400,1,2,2,1.0,3.0,93055,M,4889240.0,240971.0,93
201800040593,18,4,23,1111,1,2,1,1.0,3.0,93055,M,4853360.0,224480.0,93
201800040594,18,5,2,1130,1,2,1,1.0,3.0,93055,M,4889507.0,242310.0,93
201800040595,18,5,7,1820,1,2,3,1.0,3.0,93055,M,,,93
201800040596,18,5,12,1445,1,2,2,2.0,2.0,93055,M,4889100.0,240400.0,93
201800040597,18,5,14,1720,1,2,1,1.0,6.0,93055,M,4891458.0,240550.0,93
201800040598,18,5,28,1140,1,2,1,1.0,6.0,93055,M,4889547.0,242631.0,93
201800040599,18,6,3,1600,1,2,1,1.0,6.0,93055,M,4888333.0,241159.0,93
201800040600,18,6,8,1415,1,2,1,1.0,2.0,93055,M,4889384.0,241681.0,93
201800040601,18,6,14,130,5,2,3,1.0,3.0,93001,M,4891150.0,240033.0,93
201800040602,18,6,14,740,1,2,2,1.0,1.0,93055,M,4889585.0,239873.0,93
201800040603,18,6,15,805,1,2,1,1.0,6.0,93055,M,4889597.0,240961.0,93
201800040604,18,6,24,534,2,2,1,1.0,3.0,93055,M,4890326.0,239168.0,93
201800040605,18,6,25,1930,1,2,2,1.0,3.0,93055,M,4889360.0,240970.0,93
201800040606,18,6,27,1715,1,2,1,1.0,1.0,93055,M,4889565.0,241500.0,93
201800040607,18,6,28,735,1,2,1,1.0,3.0,93055,M,4890044.0,241092.0,93
201800040608,18,6,29,630,1,2,2,1.0,3.0,93055,M,,,93
201800040609,18,7,13,1650,1,1,1,1.0,7.0,93072,M,,,93
201800040610,18,7,19,1230,1,2,2,1.0,2.0,93055,M,4889400.0,241770.0,93
201800040611,18,7,27,1330,1,2,1,1.0,2.0,93055,M,4890760.0,239640.0,93
201800040612,18,7,29,1500,1,2,1,1.0,6.0,93055,M,4889100.0,242035.0,93
201800040613,18,7,30,1535,1,2,1,1.0,2.0,93055,M,4890344.0,241734.0,93
201800040614,18,7,31,1700,1,2,1,1.0,6.0,93055,M,4889149.0,239860.0,93
201800040615,18,8,29,1445,1,2,2,2.0,7.0,93055,M,4889230.0,240930.0,93
201800040616,18,9,8,1315,1,1,3,1.0,2.0,93055,M,4888676.0,241070.0,93
201800040617,18,9,10,635,2,2,1,1.0,1.0,93055,M,4889557.0,242633.0,93
201800040618,18,9,16,1350,1,2,1,1.0,6.0,93055,M,4890000.0,239500.0,93
201800040619,18,9,20,1700,1,2,1,1.0,6.0,93055,M,4890344.0,241716.0,93
201800040620,18,9,21,1400,1,2,3,1.0,2.0,93055,M,4889826.0,240646.0,93
201800040621,18,9,24,1015,1,2,3,1.0,4.0,93055,M,4890039.0,241091.0,93
201800040622,18,10,4,855,1,2,1,1.0,6.0,93055,M,4889676.0,239848.0,93
201800040623,18,10,4,1840,1,2,3,1.0,3.0,93055,M,4889180.0,240650.0,93
201800040624,18,10,11,1534,1,1,2,1.0,3.0,93055,M,4890170.0,241050.0,93
201800040625,18,10,17,840,1,2,1,1.0,3.0,93055,M,4889000.0,240900.0,93
201800040626,18,10,20,1209,1,2,1,1.0,6.0,93055,M,4889243.0,240993.0,93
201800040627,18,10,20,1430,1,2,1,1.0,3.0,93055,M,4891529.0,240471.0,93
201800040628,18,10,30,1100,1,2,1,2.0,6.0,93055,M,4890000.0,241000.0,93
201800040629,18,10,31,2200,4,2,3,2.0,3.0,93055,M,4891548.0,240486.0,93
201800040630,18,11,4,1745,2,2,1,1.0,3.0,93055,M,4891621.0,240581.0,93
201800040631,18,11,26,805,2,2,1,2.0,6.0,93055,M,4891643.0,240620.0,93
201800040632,18,11,30,630,5,2,1,1.0,6.0,93055,M,4889525.0,241282.0,93
201800040633,18,11,30,1830,5,2,3,1.0,3.0,93055,M,4889913.0,240789.0,93
201800040634,18,12,3,1330,1,2,9,3.0,2.0,93055,M,,,93
201800040635,18,12,7,840,1,2,3,8.0,3.0,93055,M,4889454.0,242029.0,93
201800040636,18,12,11,1950,5,2,1,1.0,6.0,93055,M,4889243.0,240996.0,93
201800040637,18,1,1,145,5,1,1,1.0,3.0,93062,M,4889750.0,252882.0,93
201800040638,18,1,5,1730,5,2,1,2.0,2.0,93077,M,4888718.0,251022.0,93
201800040639,18,1,10,755,2,2,1,2.0,6.0,93077,M,4888269.0,252518.0,93
201800040640,18,1,10,1950,5,2,6,1.0,3.0,93077,M,4888799.0,252045.0,93
201800040641,18,1,11,1030,1,2,9,1.0,6.0,93077,M,4888937.0,251543.0,93
201800040642,18,1,25,1155,1,2,3,3.0,3.0,93077,M,4888267.0,252042.0,93
201800040643,18,1,27,300,5,2,1,1.0,6.0,93077,M,,,93
201800040644,18,1,30,915,1,2,1,1.0,7.0,93062,M,4889324.0,251318.0,93
201800040645,18,1,31,2200,5,2,3,2.0,2.0,93077,M,4888400.0,250140.0,93
201800040646,18,2,2,1750,2,2,1,1.0,6.0,93077,M,4888270.0,251545.0,93
201800040647,18,2,11,1736,1,2,1,2.0,6.0,93077,M,4888640.0,251855.0,93
201800040648,18,2,12,850,1,2,1,1.0,3.0,93077,M,4888268.0,251703.0,93
201800040649,18,2,15,1820,5,2,1,1.0,6.0,93062,M,4888951.0,251199.0,93
201800040650,18,2,24,1904,5,2,1,1.0,3.0,93077,M,4888826.0,251010.0,93
201800040651,18,3,6,1919,3,2,1,2.0,3.0,93077,M,4888085.0,251504.0,93
201800040652,18,3,15,1700,1,2,2,1.0,3.0,93077,M,4888397.0,251953.0,93
201800040653,18,3,24,920,1,2,1,1.0,3.0,93077,M,4888513.0,250307.0,93
201800040654,18,3,24,2310,5,2,1,1.0,3.0,93062,M,4889236.0,251938.0,93
201800040655,18,3,26,905,1,2,3,1.0,3.0,93077,M,4888259.0,251809.0,93
201800040656,18,3,26,830,1,2,1,1.0,6.0,93077,M,4888219.0,251937.0,93
201800040657,18,3,27,625,5,2,3,2.0,6.0,93077,M,4889575.0,250521.0,93
201800040658,18,4,2,1405,1,2,1,1.0,3.0,93077,M,4888486.0,250586.0,93
201800040659,18,4,3,1750,1,2,1,3.0,6.0,93062,M,4889340.0,251337.0,93
201800040660,18,4,5,1117,1,2,2,1.0,3.0,93062,M,4889844.0,252685.0,93
201800040661,18,4,8,1835,1,2,3,1.0,7.0,93077,M,4888463.0,250740.0,93
201800040662,18,4,12,1624,1,2,1,2.0,6.0,93077,M,4887696.0,252459.0,93
201800040663,18,4,13,1930,1,2,3,1.0,3.0,93077,M,4888931.0,249728.0,93
201800040664,18,4,14,1122,1,2,1,1.0,1.0,93077,M,4888733.0,249232.0,93
201800040665,18,4,16,1330,1,2,1,1.0,3.0,93062,M,4889448.0,252517.0,93
201800040666,18,4,18,1435,1,2,3,1.0,3.0,93046,M,4891440.0,252360.0,93
201800040667,18,4,24,537,5,2,2,1.0,3.0,93077,M,4888322.0,249716.0,93
201800040668,18,4,26,2330,5,2,7,1.0,3.0,93077,M,4888924.0,251129.0,93
201800040669,18,4,30,550,5,2,1,2.0,6.0,93062,M,4889241.0,251927.0,93
201800040670,18,4,30,1855,2,2,3,2.0,2.0,93077,M,4889243.0,250457.0,93
201800040671,18,5,6,1640,1,2,3,1.0,3.0,93077,M,4888260.0,251812.0,93
201800040672,18,5,10,1155,1,2,1,1.0,6.0,93077,M,4888592.0,249998.0,93
201800040673,18,5,13,1700,1,2,2,8.0,3.0,93077,M,4888799.0,250701.0,93
201800040674,18,5,18,1910,1,2,2,1.0,1.0,93077,M,4888056.0,251941.0,93
201800040675,18,5,24,2200,5,2,2,1.0,3.0,93062,M,4889249.0,221920.0,93
201800040676,18,5,26,1608,1,2,1,1.0,7.0,93077,M,4887720.0,252410.0,93
201800040677,18,5,26,2325,5,1,3,1.0,6.0,93077,M,4887900.0,252600.0,93
201800040678,18,5,28,1250,1,2,1,1.0,6.0,93077,M,4888876.0,250753.0,93
201800040679,18,6,8,730,2,2,3,1.0,3.0,93077,M,4889208.0,250556.0,93
201800040680,18,6,8,2030,2,2,1,1.0,4.0,93077,M,4888492.0,250558.0,93
201800040681,18,6,10,1220,1,2,1,1.0,2.0,93077,M,4888471.0,250673.0,93
201800040682,18,6,11,20,5,2,1,1.0,3.0,93077,M,4880000.0,249921.0,93
201800040683,18,6,14,750,1,2,9,1.0,6.0,93077,M,4888315.0,250725.0,93
201800040684,18,6,17,215,5,2,1,1.0,6.0,93062,M,4870098.0,252659.0,93
201800040685,18,6,17,2015,2,2,3,1.0,3.0,93062,M,4889750.0,252710.0,93
201800040686,18,6,18,915,1,2,1,1.0,6.0,93077,M,,,93
201800040687,18,6,22,1620,1,2,1,1.0,6.0,93062,M,4890066.0,251383.0,93
201800040688,18,6,23,1210,1,2,2,1.0,6.0,93077,M,4888929.0,249558.0,93
201800040689,18,7,2,730,1,2,1,1.0,6.0,93077,M,4888455.0,252068.0,93
201800040690,18,7,2,1535,1,2,9,7.0,6.0,93062,M,4890052.0,252121.0,93
201800040691,18,7,10,1540,1,2,2,1.0,6.0,93062,M,4889242.0,251926.0,93
201800040692,18,7,13,912,1,2,3,1.0,2.0,93077,M,4888510.0,250523.0,93
201800040693,18,7,18,2118,1,2,3,1.0,6.0,93077,M,4888709.0,251099.0,93
201800040694,18,7,18,2200,5,2,3,1.0,3.0,93077,M,,,93
201800040695,18,7,24,1615,1,2,2,1.0,3.0,93077,M,4888290.0,249549.0,93
201800040696,18,7,28,1525,1,2,9,1.0,3.0,93062,M,4889675.0,251190.0,93
201800040697,18,8,9,940,1,2,7,2.0,3.0,93077,M,4888921.0,251105.0,93
201800040698,18,8,9,1043,1,2,1,2.0,2.0,93077,M,4888363.0,251177.0,93
201800040699,18,8,18,455,5,2,2,1.0,3.0,93077,M,4888281.0,251425.0,93
201800040700,18,8,25,1640,1,2,2,1.0,3.0,93077,M,4888599.0,250829.0,93
201800040701,18,8,26,1940,1,2,3,1.0,3.0,93077,M,4888047.0,252697.0,93
201800040702,18,9,5,825,1,2,1,1.0,3.0,93077,M,4889303.0,250347.0,93
201800040703,18,9,9,1720,1,2,1,1.0,6.0,93077,M,4887625.0,251334.0,93
201800040704,18,9,12,25,5,2,2,1.0,3.0,93077,M,4888000.0,251000.0,93
201800040705,18,9,12,1015,1,2,5,1.0,6.0,93077,M,4888955.0,251123.0,93
201800040706,18,9,14,1630,1,2,1,1.0,6.0,93077,M,4888446.0,250436.0,93
201800040707,18,9,17,920,1,2,1,7.0,6.0,93062,M,4889559.0,252661.0,93
201800040708,18,9,19,1500,1,2,1,1.0,2.0,93077,M,,,93
201800040709,18,9,21,902,1,2,1,2.0,6.0,93062,M,4850083.0,251376.0,93
201800040710,18,9,21,922,1,2,1,8.0,6.0,93062,M,4889659.0,252812.0,93
201800040711,18,9,25,2130,5,2,1,1.0,2.0,93062,M,,,93
201800040712,18,9,26,1120,1,2,2,1.0,3.0,93062,M,4889568.0,252274.0,93
201800040713,18,10,1,1350,1,2,1,1.0,6.0,93077,M,4888280.0,251408.0,93
201800040714,18,10,2,1720,1,2,3,1.0,6.0,93062,M,4890009.0,251666.0,93
201800040715,18,10,6,1735,1,2,2,1.0,3.0,93077,M,4887853.0,252323.0,93
201800040716,18,10,15,1950,5,2,3,1.0,3.0,93077,M,4887437.0,232849.0,93
201800040717,18,10,25,1600,1,2,1,1.0,6.0,93077,M,4888000.0,251000.0,93
201800040718,18,10,25,1855,5,2,2,1.0,1.0,93077,M,4888930.0,249547.0,93
201800040719,18,10,29,2045,5,2,2,1.0,3.0,93077,M,4888476.0,252028.0,93
201800040720,18,10,29,2325,5,2,2,3.0,3.0,93077,M,4888932.0,249806.0,93
201800040721,18,10,30,1907,5,2,1,1.0,6.0,93077,M,4888422.0,251029.0,93
201800040722,18,11,3,125,3,2,3,1.0,6.0,93077,M,4889003.0,249256.0,93
201800040723,18,11,6,1655,1,2,1,1.0,6.0,93062,M,4889680.0,252359.0,93
201800040724,18,11,6,1830,1,1,1,1.0,2.0,93053,M,4887946.0,244955.0,93
201800040725,18,11,8,2006,5,2,1,1.0,3.0,93062,M,4890271.0,252051.0,93
201800040726,18,11,10,1130,1,2,1,2.0,3.0,93077,M,4888930.0,249724.0,93
201800040727,18,11,13,1955,5,2,1,1.0,6.0,93077,M,4888252.0,551829.0,93
201800040728,18,11,19,840,1,2,1,1.0,6.0,93077,M,4889210.0,250557.0,93
201800040729,18,12,2,705,4,2,2,2.0,3.0,93077,M,4888317.0,249719.0,93
201800040730,18,12,7,1633,2,2,1,2.0,6.0,93077,M,4888574.0,251397.0,93
201800040731,18,12,8,1430,1,2,2,1.0,5.0,93077,M,4888320.0,249712.0,93
201800040732,18,12,10,2035,5,2,1,1.0,4.0,93077,M,4887000.0,252000.0,93
201800040733,18,12,12,1525,1,2,1,1.0,6.0,93077,M,4887435.0,251845.0,93
201800040734,18,12,13,1747,5,2,1,1.0,3.0,93077,M,4888480.0,250676.0,93
201800040735,18,12,28,1045,1,2,9,8.0,7.0,93062,M,,,93
201800040736,18,1,6,2245,5,2,1,2.0,2.0,93064,M,4887803.0,248306.0,93
201800040737,18,1,7,1610,2,2,1,8.0,5.0,93064,M,4887840.0,247570.0,93
201800040738,18,1,9,1810,5,2,1,2.0,6.0,93064,M,4888327.0,249054.0,93
201800040739,18,1,16,2115,5,2,1,2.0,3.0,93064,M,,,93
201800040740,18,1,23,1730,2,2,1,8.0,3.0,93064,M,4888306.0,249167.0,93
201800040741,18,2,1,530,5,2,1,2.0,2.0,93064,M,4887463.0,247870.0,93
201800040742,18,2,10,155,5,2,1,4.0,6.0,93064,M,4886876.0,248510.0,93
201800040743,18,3,6,830,1,1,1,1.0,2.0,93064,M,4888690.0,247344.0,93
201800040744,18,3,22,810,1,2,7,1.0,3.0,93051,M,4883728.0,255219.0,93
201800040745,18,3,27,2200,5,2,3,1.0,2.0,93064,M,4887885.0,247861.0,93
201800040746,18,3,29,1358,1,2,1,1.0,3.0,93064,M,,,93
201800040747,18,4,6,1545,1,2,1,1.0,3.0,93064,M,4888615.0,247213.0,93
201800040748,18,4,9,2355,5,2,1,2.0,2.0,93064,M,4887843.0,247892.0,93
201800040749,18,4,14,340,5,2,1,1.0,1.0,93064,M,,,93
201800040750,18,4,19,1605,1,2,3,7.0,3.0,93064,M,,,93
201800040751,18,4,30,2000,1,2,2,2.0,1.0,93064,M,4887979.0,247783.0,93
201800040752,18,5,1,1645,1,2,1,1.0,3.0,93064,M,4888260.0,247520.0,93
201800040753,18,5,8,840,1,2,1,1.0,6.0,93064,M,4887750.0,248410.0,93
201800040754,18,5,12,10,5,2,2,1.0,3.0,93047,M,4882948.0,254790.0,93
201800040755,18,5,12,1240,1,2,6,1.0,6.0,93064,M,,,93
201800040756,18,5,13,1420,1,2,3,8.0,3.0,93064,M,4886082.0,248878.0,93
201800040757,18,5,18,1250,1,2,4,1.0,3.0,93064,M,,,93
201800040758,18,5,19,1045,1,2,1,1.0,3.0,93064,M,4887300.0,248050.0,93
201800040759,18,5,19,1935,2,2,1,1.0,6.0,93064,M,4887187.0,247500.0,93
201800040760,18,5,25,1540,1,2,1,1.0,6.0,93064,M,4888553.0,247767.0,93
201800040761,18,6,5,1740,1,2,7,1.0,3.0,93064,M,4888060.0,247370.0,93
201800040762,18,6,10,2045,1,2,2,2.0,3.0,93064,M,,,93
201800040763,18,5,31,1835,1,2,1,1.0,6.0,93050,M,4885884.0,252055.0,93
201800040764,18,6,17,505,5,2,2,1.0,3.0,93048,M,4885687.0,243308.0,93
201800040765,18,6,18,1745,1,2,1,1.0,3.0,93064,M,4886736.0,248474.0,93
201800040766,18,6,19,1635,1,2,1,1.0,6.0,93064,M,4887836.0,247898.0,93
201800040767,18,6,26,450,5,2,1,1.0,6.0,93064,M,4887627.0,250477.0,93
201800040768,18,7,18,2215,3,2,1,1.0,3.0,93064,M,4888299.0,247509.0,93
201800040769,18,7,20,1700,1,2,9,2.0,6.0,93064,M,4888586.0,247593.0,93
201800040770,18,9,10,1240,1,2,1,1.0,6.0,93064,M,,,93
201800040771,18,9,15,1945,1,2,1,1.0,6.0,93064,M,4886491.0,248327.0,93
201800040772,18,9,15,2335,5,2,9,1.0,6.0,93050,M,4886097.0,254127.0,93
201800040773,18,9,21,1910,1,2,1,1.0,6.0,93064,M,4887398.0,248285.0,93
201800040774,18,9,22,1345,1,2,2,1.0,3.0,93064,M,,,93
201800040775,18,10,4,1930,2,2,1,1.0,3.0,93064,M,4888018.0,249315.0,93
201800040776,18,7,4,1215,1,2,1,1.0,6.0,93064,M,,,93
201800040777,18,10,7,2230,5,2,1,1.0,3.0,93048,M,4885490.0,241814.0,93
201800040778,18,10,9,1755,1,2,1,1.0,6.0,93064,M,4887501.0,248391.0,93
201800040779,18,10,10,1915,2,2,2,1.0,3.0,93064,M,,,93
201800040780,18,10,14,525,5,2,2,1.0,3.0,93064,M,4888391.0,248830.0,93
201800040781,18,10,16,1415,1,2,1,1.0,6.0,93064,M,,,93
201800040782,18,10,21,1550,1,2,2,1.0,2.0,93064,M,4887726.0,247997.0,93
201800040783,18,10,29,1905,3,2,1,1.0,6.0,93064,M,4888569.0,247638.0,93
201800040784,18,10,30,1905,5,2,2,1.0,1.0,93064,M,4886816.0,250122.0,93
201800040785,18,11,1,1700,1,2,1,2.0,4.0,93064,M,,,93
201800040786,18,11,10,2230,5,2,1,2.0,3.0,93064,M,4888167.0,248092.0,93
201800040787,18,11,13,1425,1,2,9,1.0,3.0,93064,M,4888463.0,247354.0,93
201800040788,18,11,18,1700,5,2,9,1.0,6.0,93064,M,4888000.0,247000.0,93
201800040789,18,11,19,1925,5,2,1,2.0,6.0,93048,M,4887083.0,243379.0,93
201800040790,18,11,23,1500,1,2,3,8.0,6.0,93064,M,4887850.0,247935.0,93
201800040791,18,11,27,1855,5,2,2,2.0,6.0,93064,M,4887133.0,248641.0,93
201800040792,18,12,5,1200,1,2,9,1.0,6.0,93064,M,4886578.0,249567.0,93
201800040793,18,12,6,1925,5,2,3,1.0,5.0,93064,M,,,93
201800040794,18,12,15,1750,5,2,9,2.0,6.0,93064,M,4888397.0,248860.0,93
201800040795,18,12,27,1130,1,2,9,1.0,6.0,93064,M,,,93
201800040796,18,12,30,1800,5,2,1,8.0,6.0,93064,M,,,93
201800040797,18,1,1,1820,5,2,7,2.0,6.0,93066,M,4893595.0,235778.0,93
201800040798,18,1,1,1930,5,2,1,8.0,6.0,93066,M,4892000.0,237000.0,93
201800040799,18,1,6,2245,5,2,1,2.0,3.0,93066,M,4892970.0,235641.0,93
201800040800,18,1,7,807,5,2,1,2.0,1.0,93066,M,4894334.0,236276.0,93
201800040801,18,1,7,1322,1,2,1,2.0,6.0,93066,M,4894918.0,236387.0,93
201800040802,18,1,9,1230,1,2,1,1.0,2.0,93066,M,,,93
201800040803,18,1,10,1400,1,2,1,2.0,6.0,93066,M,4894451.0,235586.0,93
201800040804,18,1,11,2130,5,2,1,1.0,6.0,93039,M,4892089.0,233013.0,93
201800040805,18,1,14,1830,5,2,1,1.0,2.0,93066,M,,,93
201800040806,18,1,16,415,5,2,1,2.0,6.0,93066,M,4893090.0,235450.0,93
201800040807,18,1,16,1230,1,2,1,1.0,5.0,93066,M,4891847.0,235711.0,93
201800040808,18,1,16,2140,5,2,1,1.0,3.0,93066,M,4891484.0,234177.0,93
201800040809,18,1,17,1820,5,2,1,2.0,6.0,93066,M,4891472.0,235730.0,93
201800040810,18,1,18,642,5,2,2,2.0,3.0,93066,M,4894193.0,234157.0,93
201800040811,18,1,21,1310,1,2,2,2.0,6.0,93066,M,4891500.0,235800.0,93
201800040812,18,1,22,1800,5,2,1,2.0,1.0,93066,M,4892395.0,234324.0,93
201800040813,18,1,23,1330,1,2,1,2.0,6.0,93066,M,4894559.0,236514.0,93
201800040814,18,1,27,1830,1,2,1,1.0,2.0,93039,M,4891000.0,232000.0,93
201800040815,18,1,30,455,5,2,1,1.0,6.0,93066,M,4893410.0,234028.0,93
201800040816,18,1,30,800,1,2,9,1.0,3.0,93066,M,4892556.0,236760.0,93
201800040817,18,2,6,915,1,2,1,4.0,2.0,93066,M,4892400.0,234800.0,93
201800040818,18,2,6,1125,1,2,1,4.0,6.0,93066,M,4894793.0,235755.0,93
201800040819,18,2,8,1613,1,2,1,1.0,6.0,93066,M,4891966.0,234346.0,93
201800040820,18,2,8,2020,5,2,1,1.0,6.0,93066,M,4892500.0,235000.0,93
201800040821,18,2,9,2150,5,2,1,2.0,6.0,93066,M,4892782.0,234176.0,93
201800040822,18,2,11,630,5,2,1,9.0,6.0,93066,M,4894516.0,236838.0,93
201800040823,18,2,13,1145,1,2,3,8.0,6.0,93066,M,4893363.0,236980.0,93
201800040824,18,2,17,2200,5,2,1,1.0,6.0,93066,M,,,93
201800040825,18,2,21,1640,1,2,2,1.0,3.0,93066,M,4894545.0,236394.0,93
201800040826,18,2,21,1500,1,2,1,1.0,6.0,93066,M,4893084.0,235640.0,93
201800040827,18,3,2,2300,5,2,1,1.0,4.0,93066,M,4894000.0,237000.0,93
201800040828,18,3,5,1635,1,2,2,8.0,3.0,93039,M,4893000.0,236000.0,93
201800040829,18,3,8,1655,1,2,1,2.0,6.0,93066,M,4893893.0,236075.0,93
201800040830,18,3,10,1330,1,2,1,1.0,6.0,93066,M,4893476.0,236918.0,93
201800040831,18,3,12,1709,1,2,3,1.0,3.0,93066,M,4892373.0,234207.0,93
201800040832,18,3,15,1900,2,2,1,1.0,3.0,93066,M,4900000.0,300000.0,93
201800040833,18,3,18,1055,1,2,1,2.0,3.0,93066,M,4893464.0,236920.0,93
201800040834,18,3,19,1400,1,2,3,1.0,2.0,93066,M,4894643.0,237032.0,93
201800040835,18,3,22,715,2,2,2,1.0,3.0,93066,M,4894541.0,236378.0,93
201800040836,18,3,23,1215,1,2,3,1.0,3.0,93066,M,4893626.0,236984.0,93
201800040837,18,3,23,1910,5,2,1,1.0,6.0,93066,M,4894216.0,234172.0,93
201800040838,18,3,27,745,2,2,1,2.0,6.0,93066,M,4891542.0,236198.0,93
201800040839,18,3,28,1450,1,2,1,3.0,6.0,93066,M,4893187.0,237793.0,93
201800040840,18,3,29,1255,1,2,1,1.0,6.0,93066,M,4893699.0,237169.0,93
201800040841,18,4,2,1615,1,2,3,1.0,6.0,93066,M,4891064.0,235850.0,93
201800040842,18,4,3,1730,1,2,1,3.0,6.0,93066,M,4893884.0,236131.0,93
201800040843,18,4,4,1940,2,2,1,1.0,3.0,93066,M,4892264.0,236657.0,93
201800040844,18,4,6,835,1,2,3,7.0,6.0,93066,M,4893467.0,234997.0,93
201800040845,18,4,6,1230,1,2,1,1.0,5.0,93066,M,4892659.0,235183.0,93
201800040846,18,4,9,1600,1,2,1,2.0,6.0,93066,M,4893000.0,237000.0,93
201800040847,18,4,11,411,5,2,4,1.0,6.0,93066,M,4892670.0,235710.0,93
201800040848,18,4,13,710,1,2,1,1.0,6.0,93066,M,4894000.0,236000.0,93
201800040849,18,4,13,1000,1,2,1,1.0,6.0,93066,M,4894137.0,236331.0,93
201800040850,18,4,13,1000,1,2,1,1.0,3.0,93066,M,4890925.0,236200.0,93
201800040851,18,4,13,2000,2,2,1,1.0,3.0,93066,M,4894300.0,234180.0,93
201800040852,18,4,13,1910,1,2,1,1.0,6.0,93039,M,4893533.0,234082.0,93
201800040853,18,4,14,2200,5,2,4,9.0,6.0,93066,M,,,93
201800040854,18,4,16,410,5,2,9,1.0,6.0,93066,M,4894510.0,236140.0,93
201800040855,18,4,17,1315,1,2,2,1.0,3.0,93066,M,4890936.0,236242.0,93
201800040856,18,4,19,1650,1,2,1,1.0,2.0,93066,M,4894570.0,234949.0,93
201800040857,18,4,22,640,1,2,2,1.0,3.0,93066,M,4891540.0,236170.0,93
201800040858,18,4,24,1355,1,2,1,1.0,3.0,93066,M,4892598.0,237697.0,93
201800040859,18,4,24,726,2,2,1,1.0,6.0,93066,M,4891874.0,236188.0,93
201800040860,18,4,26,1600,1,2,1,1.0,2.0,93066,M,4894587.0,234828.0,93
201800040861,18,4,26,1745,1,1,1,1.0,6.0,93072,M,4895096.0,238218.0,93
201800040862,18,4,27,2330,5,2,1,1.0,2.0,93066,M,4893890.0,236180.0,93
201800040863,18,4,30,1910,2,2,2,2.0,3.0,93066,M,4893769.0,236153.0,93
201800040864,18,5,3,1945,2,2,1,7.0,6.0,93066,M,4891550.0,235737.0,93
201800040865,18,5,7,330,5,2,1,1.0,6.0,93066,M,4893420.0,237000.0,93
201800040866,18,5,9,1800,1,2,3,1.0,6.0,93066,M,4894088.0,236379.0,93
201800040867,18,5,10,1035,1,2,1,8.0,2.0,93066,M,4890522.0,235819.0,93
201800040868,18,5,10,2110,5,2,2,1.0,6.0,93066,M,4891535.0,235468.0,93
201800040869,18,5,13,1210,1,2,1,8.0,7.0,93066,M,4894580.0,234938.0,93
201800040870,18,5,14,2246,5,2,2,1.0,2.0,93066,M,,,93
201800040871,18,5,15,1745,1,2,1,1.0,6.0,93066,M,4892000.0,235000.0,93
201800040872,18,5,16,1740,1,2,1,1.0,6.0,93066,M,4893621.0,236430.0,93
201800040873,18,5,17,906,1,2,3,1.0,3.0,93066,M,4894378.0,234203.0,93
201800040874,18,5,18,2105,1,2,1,1.0,3.0,93066,M,4894298.0,238713.0,93
201800040875,18,5,24,1630,1,2,1,1.0,6.0,93066,M,4893787.0,237983.0,93
201800040876,18,5,27,1328,1,2,2,1.0,3.0,93066,M,,,93
201800040877,18,5,28,1245,1,2,3,1.0,3.0,93066,M,4892617.0,235642.0,93
201800040878,18,5,29,830,1,2,2,1.0,6.0,93066,M,4891814.0,235754.0,93
201800040879,18,5,30,1840,1,2,1,1.0,6.0,93066,M,4892112.0,236169.0,93
201800040880,18,6,2,2246,5,2,1,1.0,6.0,93066,M,4886666.0,233333.0,93
201800040881,18,6,3,1300,1,2,1,1.0,6.0,93066,M,4894446.0,235705.0,93
201800040882,18,6,3,1645,1,2,1,1.0,6.0,93066,M,4892679.0,235650.0,93
201800040883,18,6,4,730,1,2,1,1.0,2.0,93066,M,4891944.0,236081.0,93
201800040884,18,6,4,1630,1,2,3,1.0,3.0,93066,M,4891547.0,235777.0,93
201800040885,18,6,4,2150,5,2,1,1.0,6.0,93066,M,4893544.0,234742.0,93
201800040886,18,6,9,2100,2,2,1,1.0,3.0,93066,M,4894400.0,234200.0,93
201800040887,18,6,10,142,5,2,1,1.0,4.0,93066,M,4894101.0,234321.0,93
201800040888,18,6,11,1850,1,2,1,2.0,6.0,93066,M,4892112.0,236532.0,93
201800040889,18,6,14,330,5,2,1,1.0,7.0,93066,M,4892544.0,235237.0,93
201800040890,18,6,15,1745,1,1,1,1.0,6.0,93066,M,4894303.0,238452.0,93
201800040891,18,6,17,2320,5,2,2,1.0,6.0,93066,M,4894208.0,236564.0,93
201800040892,18,6,20,1118,1,2,1,1.0,3.0,93066,M,4893044.0,235650.0,93
201800040893,18,6,20,1930,1,2,1,1.0,6.0,93066,M,4894668.0,237090.0,93
201800040894,18,6,22,1118,1,2,1,1.0,6.0,93066,M,4892539.0,236343.0,93
201800040895,18,6,22,1945,1,2,1,1.0,6.0,93066,M,4894263.0,238432.0,93
201800040896,18,6,22,2050,1,2,1,1.0,3.0,93066,M,4893600.0,236893.0,93