Num_Acc,an,mois,jour,hrmn,lum,agg,int,atm,col,com,gps,lat,long,dep
201800040897,18,6,23,1525,1,2,1,1.0,6.0,93066,M,4893846.0,234275.0,93
201800040898,18,6,23,1745,1,2,1,1.0,6.0,93066,M,4894452.0,235560.0,93
201800040899,18,6,24,515,1,2,2,1.0,3.0,93059,M,4896653.0,236623.0,93
201800040900,18,6,24,2115,1,2,2,1.0,3.0,93066,M,4894256.0,235678.0,93
201800040901,18,6,25,830,1,2,1,1.0,6.0,93066,M,4893800.0,235000.0,93
201800040902,18,6,25,1530,1,2,1,1.0,3.0,93066,M,4891594.0,235490.0,93
201800040903,18,6,27,1307,1,2,1,1.0,7.0,93066,M,4892991.0,235639.0,93
201800040904,18,6,28,1110,1,2,1,7.0,3.0,93066,M,4892601.0,235802.0,93
201800040905,18,6,28,1745,1,2,1,7.0,3.0,93066,M,4893999.0,234502.0,93
201800040906,18,7,4,440,5,2,2,9.0,3.0,93066,M,4891813.0,235785.0,93
201800040907,18,7,7,1324,1,2,1,1.0,1.0,93066,M,,,93
201800040908,18,7,8,915,1,2,1,1.0,6.0,93066,M,,,93
201800040909,18,7,9,2020,1,2,1,1.0,6.0,93001,M,4891460.0,236803.0,93
201800040910,18,7,16,850,1,2,2,1.0,3.0,93066,M,4891920.0,235439.0,93
201800040911,18,7,17,1750,1,2,1,1.0,3.0,93066,M,4891858.0,234616.0,93
201800040912,18,7,16,1545,1,2,9,1.0,3.0,93066,M,4894692.0,428020.0,93
201800040913,18,7,17,2226,5,2,1,1.0,3.0,93066,M,4893880.0,234950.0,93
201800040914,18,7,18,850,1,2,1,1.0,6.0,93066,M,4890196.0,235836.0,93
201800040915,18,7,19,1200,1,2,1,1.0,3.0,93066,M,4892500.0,236700.0,93
201800040916,18,7,23,1755,1,2,4,1.0,3.0,93066,M,4892812.0,235337.0,93
201800040917,18,7,26,1630,1,2,1,1.0,6.0,93066,M,4893182.0,237802.0,93
201800040918,18,7,26,1609,1,2,1,1.0,3.0,93027,M,4892938.0,238669.0,93
201800040919,18,8,1,1915,1,2,3,1.0,6.0,93066,M,4894358.0,236559.0,93
201800040920,18,8,1,2000,1,2,1,1.0,3.0,93066,M,4890171.0,235856.0,93
201800040921,18,8,4,1315,1,2,2,1.0,3.0,93066,M,4894000.0,235000.0,93
201800040922,18,8,6,535,2,2,1,1.0,3.0,93066,M,,,93
201800040923,18,8,6,850,1,2,2,1.0,3.0,93066,M,4894697.0,234268.0,93
201800040924,18,8,6,1610,1,2,1,1.0,1.0,93066,M,4893400.0,234700.0,93
201800040925,18,8,4,1945,1,2,1,1.0,6.0,93039,M,4894000.0,233000.0,93
201800040926,18,8,23,1452,1,2,1,1.0,6.0,93066,M,4891997.0,234489.0,93
201800040927,18,8,24,1300,1,2,4,1.0,6.0,93066,M,4894297.0,238353.0,93
201800040928,18,8,26,1830,1,2,1,1.0,5.0,93066,M,4893683.0,235009.0,93
201800040929,18,8,26,2015,2,2,2,1.0,2.0,93066,M,4893640.0,234990.0,93
201800040930,18,8,30,1000,1,2,1,1.0,4.0,93066,M,4892590.0,235488.0,93
201800040931,18,8,30,1650,1,2,3,8.0,6.0,93066,M,4893846.0,235616.0,93
201800040932,18,8,30,1910,2,2,1,8.0,2.0,93066,M,4891519.0,234495.0,93
201800040933,18,9,6,1800,1,2,1,1.0,3.0,93066,M,4892681.0,235214.0,93
201800040934,18,9,7,1105,1,2,2,2.0,3.0,93066,M,4891923.0,235460.0,93
201800040935,18,9,10,2005,5,2,2,1.0,1.0,93066,M,4893460.0,235003.0,93
201800040936,18,9,12,830,1,2,1,1.0,3.0,93066,M,4892799.0,235265.0,93
201800040937,18,9,13,1110,1,2,1,1.0,6.0,93066,M,4893757.0,235021.0,93
201800040938,18,9,14,1230,1,2,3,1.0,3.0,93066,M,4891283.0,235754.0,93
201800040939,18,9,14,1925,1,2,1,1.0,1.0,93066,M,4890955.0,235853.0,93
201800040940,18,9,14,1855,1,2,9,1.0,3.0,93066,M,4894482.0,236032.0,93
201800040941,18,9,14,2010,5,2,3,1.0,3.0,93066,M,4891300.0,236100.0,93
201800040942,18,9,14,2100,5,2,3,1.0,1.0,93066,M,4892600.0,236600.0,93
201800040943,18,9,22,1700,1,2,1,2.0,6.0,93066,M,4894668.0,237019.0,93
201800040944,18,9,24,925,1,2,3,1.0,6.0,93066,M,4892279.0,236469.0,93
201800040945,18,9,25,1110,1,2,2,1.0,3.0,93066,M,4891078.0,235844.0,93
201800040946,18,9,25,2100,5,2,1,1.0,3.0,93066,M,4893069.0,235005.0,93
201800040947,18,9,26,1430,1,2,9,1.0,4.0,93066,M,4894300.0,236100.0,93
201800040948,18,9,26,2045,5,2,1,1.0,2.0,93066,M,4891117.0,235762.0,93
201800040949,18,9,27,940,1,2,1,1.0,5.0,93066,M,,,93
201800040950,18,9,27,1655,1,2,1,1.0,3.0,93066,M,4892456.0,235667.0,93
201800040951,18,9,28,2230,3,2,1,1.0,3.0,93066,M,,,93
201800040952,18,9,29,2200,5,2,1,1.0,3.0,93066,M,,,93
201800040953,18,10,3,745,1,2,9,2.0,6.0,93031,M,4894729.0,234211.0,93
201800040954,18,10,3,1620,1,2,1,1.0,4.0,93066,M,4892456.0,234952.0,93
201800040955,18,10,5,1211,1,2,1,1.0,6.0,93070,M,4891689.0,233077.0,93
201800040956,18,10,6,815,1,2,1,1.0,3.0,93066,M,4893446.0,234728.0,93
201800040957,18,10,7,2050,5,2,1,1.0,4.0,93039,M,4893379.0,234339.0,93
201800040958,18,10,10,1520,1,2,1,1.0,6.0,93066,M,,,93
201800040959,18,10,10,2115,5,2,1,1.0,6.0,93066,M,4890517.0,235888.0,93
201800040960,18,10,11,1340,1,2,3,1.0,2.0,93066,M,4800000.0,234774.0,93
201800040961,18,10,11,1415,1,2,3,1.0,5.0,93066,M,4894433.0,235829.0,93
201800040962,18,10,16,1505,1,2,9,1.0,6.0,93066,M,4893304.0,235113.0,93
201800040963,18,10,17,1450,1,2,1,1.0,2.0,93066,M,4892749.0,233848.0,93
201800040964,18,10,18,1355,1,2,9,1.0,2.0,93066,M,4893358.0,235060.0,93
201800040965,18,10,20,2300,5,2,1,1.0,2.0,93066,M,4892593.0,236682.0,93
201800040966,18,10,24,1530,1,2,1,1.0,7.0,93066,M,4892447.0,235738.0,93
201800040967,18,10,28,1945,5,2,2,1.0,3.0,93066,M,4892101.0,236152.0,93
201800040968,18,10,29,1300,1,2,1,1.0,6.0,93066,M,4892590.0,235762.0,93
201800040969,18,10,31,2155,5,2,1,2.0,2.0,93066,M,,,93
201800040970,18,11,6,1900,5,2,1,1.0,4.0,93066,M,4892920.0,235147.0,93
201800040971,18,11,7,2045,5,2,5,1.0,1.0,93066,M,4892946.0,235649.0,93
201800040972,18,11,8,2335,5,2,2,1.0,3.0,93066,M,4893236.0,235223.0,93
201800040973,18,11,11,1135,1,2,3,2.0,3.0,93066,M,4891817.0,235785.0,93
201800040974,18,11,11,1700,5,2,1,3.0,7.0,93066,M,4894448.0,235853.0,93
201800040975,18,11,12,1535,1,2,1,2.0,6.0,93066,M,4893613.0,236487.0,93
201800040976,18,11,12,1915,5,2,1,1.0,2.0,93066,M,4891084.0,235759.0,93
201800040977,18,11,13,2010,5,2,1,1.0,3.0,93066,M,4890648.0,236229.0,93
201800040978,18,11,19,1735,5,2,1,1.0,6.0,93066,M,4890518.0,235888.0,93
201800040979,18,11,20,1730,5,2,3,8.0,6.0,93066,M,4891346.0,236192.0,93
201800040980,18,11,21,1320,1,2,1,1.0,6.0,93066,M,4891800.0,236100.0,93
201800040981,18,11,22,2100,5,2,3,8.0,1.0,93066,M,4891677.0,233964.0,93
201800040982,18,11,25,2100,5,2,1,2.0,6.0,93066,M,4894241.0,236469.0,93
201800040983,18,11,27,1510,1,2,9,1.0,3.0,93066,M,,,93
201800040984,18,11,30,1720,5,2,1,1.0,6.0,93066,M,4894538.0,235083.0,93
201800040985,18,11,30,1539,1,2,3,1.0,3.0,93066,M,4891992.0,235845.0,93
201800040986,18,12,1,430,3,2,1,1.0,5.0,93066,M,4893690.0,234543.0,93
201800040987,18,12,4,715,5,2,1,2.0,2.0,93066,M,4892854.0,235655.0,93
201800040988,18,12,8,1800,5,2,1,2.0,6.0,93039,M,4893866.0,233989.0,93
201800040989,18,12,9,1930,5,2,1,2.0,2.0,93066,M,4893832.0,235434.0,93
201800040990,18,12,11,1907,5,2,1,1.0,6.0,93066,M,4893759.0,236194.0,93
201800040991,18,12,17,1040,1,2,3,1.0,6.0,93066,M,4890681.0,235880.0,93
201800040992,18,12,19,1720,5,2,1,2.0,3.0,93066,M,4893705.0,237166.0,93
201800040993,18,12,20,830,1,2,1,1.0,2.0,93066,M,4892096.0,236500.0,93
201800040994,18,12,22,1900,5,2,1,1.0,3.0,93066,M,4892560.0,235726.0,93
201800040995,18,12,23,2000,5,2,2,1.0,2.0,93066,M,4894170.0,238534.0,93
201800040996,18,12,24,130,5,2,1,2.0,1.0,93001,M,4891749.0,237941.0,93
201800040997,18,12,26,1030,1,2,2,1.0,3.0,93066,M,4894853.0,237002.0,93
201800040998,18,12,27,300,3,2,1,1.0,1.0,93066,M,4892601.0,235115.0,93
201800040999,18,1,10,1130,1,2,1,2.0,6.0,93070,M,4891176.0,233650.0,93
201800041000,18,1,11,1445,1,2,1,1.0,6.0,93070,M,4890879.0,233950.0,93
201800041001,18,1,12,2220,5,2,4,1.0,3.0,93070,M,4890159.0,233482.0,93
201800041002,18,1,3,1820,5,2,1,1.0,1.0,93070,M,,,93
201800041003,18,1,17,1100,1,2,1,1.0,6.0,93070,M,,,93
201800041004,18,1,20,1750,5,2,1,2.0,3.0,93070,M,,,93
201800041005,18,1,29,1400,1,2,1,1.0,3.0,93070,M,4891035.0,234312.0,93
201800041006,18,2,17,2015,4,2,1,1.0,6.0,93070,M,4891000.0,234408.0,93
201800041007,18,2,23,920,1,2,1,1.0,5.0,93070,M,4890000.0,234000.0,93
201800041008,18,2,23,1625,1,2,3,1.0,3.0,93070,M,4890390.0,234420.0,93
201800041009,18,2,25,1950,4,2,1,1.0,4.0,93070,M,4891481.0,231975.0,93
201800041010,18,3,27,2030,3,1,1,2.0,1.0,93070,M,4891400.0,231800.0,93
201800041011,18,3,28,1440,1,2,1,3.0,2.0,93070,M,4890168.0,234342.0,93
201800041012,18,3,29,900,1,2,1,1.0,6.0,93070,M,4890716.0,232674.0,93
201800041013,18,4,2,1100,1,2,9,1.0,3.0,93070,M,4890100.0,233000.0,93
201800041014,18,4,3,1430,1,2,1,1.0,6.0,93070,M,4890512.0,234426.0,93
201800041015,18,4,5,1820,1,2,1,1.0,3.0,93070,M,,,93
201800041016,18,4,8,1205,1,2,1,1.0,3.0,93070,M,4895513.0,233785.0,93
201800041017,18,4,8,1300,1,2,9,1.0,5.0,93070,M,4891088.0,234412.0,93
201800041018,18,4,9,2330,5,2,3,1.0,3.0,93070,M,,,93
201800041019,18,4,13,755,1,2,1,8.0,3.0,93070,M,4890930.0,234418.0,93
201800041020,18,4,14,2305,5,2,1,1.0,3.0,93039,M,,,93
201800041021,18,4,19,2310,4,2,1,1.0,3.0,93070,M,4891294.0,233488.0,93
201800041022,18,4,20,750,1,2,1,1.0,5.0,93070,M,4891098.0,234408.0,93
201800041023,18,4,24,810,1,2,3,1.0,1.0,93070,M,4890300.0,233400.0,93
201800041024,18,5,7,105,5,2,1,1.0,1.0,93070,M,4890530.0,232300.0,93
201800041025,18,5,18,1000,1,2,1,1.0,6.0,93070,M,4890205.0,234387.0,93
201800041026,18,5,19,2145,2,2,1,1.0,6.0,93070,M,4890270.0,233075.0,93
201800041027,18,5,22,2040,1,2,1,1.0,2.0,93066,M,,,93
201800041028,18,5,30,900,1,2,1,1.0,6.0,93070,M,4890413.0,234594.0,93
201800041029,18,5,30,1200,1,2,1,1.0,3.0,93070,M,4890300.0,233060.0,93
201800041030,18,6,6,2030,1,2,1,2.0,1.0,93070,M,4890729.0,232620.0,93
201800041031,18,6,8,1345,1,2,1,1.0,3.0,93070,M,,,93
201800041032,18,6,14,1330,1,2,1,1.0,3.0,93070,M,4890900.0,232900.0,93
201800041033,18,6,14,1956,1,2,1,1.0,2.0,93070,M,4890186.0,233860.0,93
201800041034,18,6,15,1920,1,2,1,1.0,6.0,93070,M,,,93
201800041035,18,6,21,930,1,2,1,1.0,6.0,93070,M,4890788.0,234403.0,93
201800041036,18,6,22,1005,1,2,1,1.0,2.0,93070,M,4890917.0,232942.0,93
201800041037,18,6,23,1815,1,2,1,1.0,2.0,93070,M,,,93
201800041038,18,6,26,1930,1,2,1,1.0,1.0,93070,M,4891610.0,233100.0,93
201800041039,18,7,1,1550,1,2,1,1.0,6.0,93070,M,4890588.0,233309.0,93
201800041040,18,6,21,1830,1,2,2,1.0,6.0,93070,M,4890151.0,234380.0,93
201800041041,18,7,6,1550,1,2,1,1.0,3.0,93070,M,4891250.0,232730.0,93
201800041042,18,7,8,1350,1,2,1,1.0,6.0,93070,M,4891000.0,234000.0,93
201800041043,18,7,10,1310,1,2,1,1.0,3.0,93070,M,4890364.0,234388.0,93
201800041044,18,7,11,735,1,2,3,1.0,3.0,93070,M,4890837.0,233268.0,93
201800041045,18,7,14,1320,1,2,1,1.0,3.0,93070,M,4890239.0,233067.0,93
201800041046,18,7,23,1550,1,2,1,1.0,3.0,93070,M,4890000.0,233800.0,93
201800041047,18,7,23,1810,1,2,9,1.0,3.0,93070,M,4890000.0,233000.0,93
201800041048,18,7,25,2135,1,2,1,1.0,6.0,93070,M,4891354.0,234358.0,93
201800041049,18,7,27,1515,1,2,1,1.0,6.0,93070,M,4890609.0,232417.0,93
201800041050,18,8,1,745,1,2,1,1.0,6.0,93031,M,4895000.0,230000.0,93
201800041051,18,8,4,1308,1,2,1,9.0,6.0,93070,M,4891203.0,233412.0,93
201800041052,18,8,22,615,1,2,2,1.0,1.0,93070,M,4890000.0,230000.0,93
201800041053,18,8,26,1920,4,2,9,1.0,1.0,93070,M,4890642.0,234372.0,93
201800041054,18,8,28,1300,1,2,1,1.0,3.0,93070,M,4886200.0,228700.0,93
201800041055,18,8,29,1650,1,2,1,8.0,3.0,93070,M,4890940.0,233860.0,93
201800041056,18,9,2,1900,1,2,2,1.0,3.0,93070,M,4891527.0,233125.0,93
201800041057,18,9,4,1303,1,2,3,1.0,1.0,93070,M,4891055.0,234420.0,93
201800041058,18,9,5,1300,1,2,9,1.0,6.0,93070,M,4891670.0,233020.0,93
201800041059,18,9,13,1430,1,2,1,1.0,1.0,93070,M,4890539.0,232789.0,93
201800041060,18,9,19,1845,1,2,1,1.0,3.0,93070,M,4890598.0,234418.0,93
201800041061,18,9,20,1445,1,2,9,1.0,5.0,93070,M,4890188.0,234407.0,93
201800041062,18,9,22,1815,1,2,1,1.0,5.0,93070,M,4891000.0,234000.0,93
201800041063,18,9,24,1815,1,2,1,1.0,3.0,93070,M,4891000.0,233000.0,93
201800041064,18,9,25,1540,1,2,9,1.0,6.0,93070,M,4891293.0,233470.0,93
201800041065,18,9,27,1000,1,2,1,1.0,1.0,93066,M,4891520.0,235402.0,93
201800041066,18,9,28,1700,1,2,1,1.0,6.0,93070,M,4890120.0,233007.0,93
201800041067,18,10,10,1320,1,2,1,1.0,3.0,93070,M,,,93
201800041068,18,10,16,830,1,2,1,1.0,6.0,93070,M,4890809.0,232804.0,93
201800041069,18,10,25,1245,1,2,3,1.0,1.0,93070,M,4890977.0,233308.0,93
201800041070,18,10,26,1230,1,2,9,1.0,3.0,93070,M,4890508.0,232810.0,93
201800041071,18,10,29,1133,1,2,1,1.0,2.0,93070,M,4890564.0,233185.0,93
201800041072,18,11,3,1545,1,2,9,1.0,3.0,93070,M,4890364.0,233354.0,93
201800041073,18,11,5,640,5,2,2,1.0,3.0,93070,M,4890211.0,234815.0,93
201800041074,18,11,5,2045,5,2,1,1.0,6.0,93070,M,4890717.0,232623.0,93
201800041075,18,11,6,750,1,2,2,1.0,3.0,93070,M,4891533.0,233134.0,93
201800041076,18,11,13,1745,5,2,1,1.0,3.0,93070,M,4890860.0,234441.0,93
201800041077,18,11,20,900,1,2,1,2.0,6.0,93070,M,4891000.0,233000.0,93
201800041078,18,11,22,820,1,2,1,1.0,3.0,93070,M,4891063.0,232604.0,93
201800041079,18,11,25,1630,2,2,1,2.0,1.0,93066,M,4892733.0,235269.0,93
201800041080,18,12,20,1915,5,2,1,1.0,3.0,93070,M,,,93
201800041081,18,1,6,2025,5,2,1,2.0,6.0,93071,M,4895051.0,252979.0,93
201800041082,18,1,9,945,1,2,1,1.0,6.0,93071,M,4893133.0,251576.0,93
201800041083,18,1,25,750,5,2,1,2.0,6.0,93071,M,4893961.0,251112.0,93
201800041084,18,2,1,1850,5,2,1,1.0,3.0,93071,M,,,93
201800041085,18,2,6,1044,1,2,1,4.0,3.0,93071,M,4893535.0,251788.0,93
201800041086,18,2,16,710,1,2,1,1.0,6.0,93071,M,4893402.0,253561.0,93
201800041087,18,4,1,1855,1,1,1,1.0,3.0,93071,M,4895100.0,252870.0,93
201800041088,18,4,11,1800,1,2,1,1.0,3.0,93071,M,4894398.0,254976.0,93
201800041089,18,4,12,1755,1,2,1,2.0,6.0,93071,M,4894995.0,252627.0,93
201800041090,18,4,22,530,5,2,2,2.0,1.0,93071,M,4893972.0,251461.0,93
201800041091,18,4,27,1710,1,2,2,1.0,3.0,93071,M,,,93
201800041092,18,5,8,1935,1,2,2,1.0,3.0,93071,M,4893000.0,250000.0,93
201800041093,18,5,22,1705,1,2,3,1.0,2.0,93071,M,4894895.0,252490.0,93
201800041094,18,5,31,2030,1,2,1,1.0,1.0,93071,M,4893413.0,251102.0,93
201800041095,18,6,5,822,1,2,1,3.0,2.0,93071,M,4892999.0,253000.0,93
201800041096,18,6,10,2035,1,2,3,1.0,3.0,93071,M,4893485.0,251580.0,93
201800041097,18,6,24,1355,1,2,2,1.0,5.0,93071,M,4894007.0,252031.0,93
201800041098,18,7,13,1300,1,1,1,1.0,6.0,93071,M,4893000.0,251000.0,93
201800041099,18,7,14,2210,3,2,2,1.0,3.0,93071,M,4892764.0,251935.0,93
201800041100,18,7,21,1815,1,2,1,1.0,6.0,93071,M,4893000.0,251000.0,93
201800041101,18,7,27,2025,1,2,1,3.0,6.0,93071,M,4894000.0,252000.0,93
201800041102,18,8,11,1655,1,2,1,1.0,6.0,93071,M,4893738.0,253014.0,93
201800041103,18,9,12,905,1,2,1,1.0,3.0,93071,M,,,93
201800041104,18,9,13,1820,1,2,2,1.0,3.0,93005,M,4892232.0,250513.0,93
201800041105,18,10,2,1505,1,2,1,8.0,6.0,93071,M,,,93
201800041106,18,10,6,850,1,2,1,1.0,6.0,93071,M,4800000.0,250000.0,93
201800041107,18,10,11,2000,3,2,9,2.0,1.0,93071,M,4894634.0,252739.0,93
201800041108,18,10,13,2155,5,2,9,1.0,1.0,93071,M,,,93
201800041109,18,10,22,1740,1,2,3,1.0,6.0,93071,M,4895100.0,252800.0,93
201800041110,18,11,15,1600,1,2,1,1.0,3.0,93071,M,,,93
201800041111,18,11,18,1059,1,2,2,1.0,1.0,93071,M,4893082.0,251615.0,93
201800041112,18,11,28,1015,1,2,1,2.0,3.0,93071,M,,,93
201800041113,18,12,11,2127,5,2,4,1.0,6.0,93071,M,4893480.0,253380.0,93
201800041114,18,12,22,1940,5,2,1,2.0,6.0,93005,M,4895038.0,251554.0,93
201800041115,18,1,12,1850,5,2,1,1.0,6.0,93072,M,4896209.0,237995.0,93
201800041116,18,1,17,930,1,2,1,1.0,3.0,93059,M,,,93
201800041117,18,1,22,800,2,2,3,3.0,2.0,93059,M,4896912.0,236275.0,93
201800041118,18,1,30,1900,1,2,3,2.0,6.0,93072,M,4896236.0,237978.0,93
201800041119,18,2,3,1815,5,2,1,2.0,6.0,93072,M,4894827.0,238849.0,93
201800041120,18,2,12,1830,5,2,1,1.0,3.0,93072,M,4894476.0,238704.0,93
201800041121,18,2,14,845,1,2,8,1.0,6.0,93072,M,4894869.0,238104.0,93
201800041122,18,2,17,1730,1,2,3,1.0,6.0,93072,M,4896602.0,238163.0,93
201800041123,18,2,19,2110,5,2,3,2.0,3.0,93072,M,4898385.0,238409.0,93
201800041124,18,2,20,2120,5,2,3,2.0,3.0,93070,M,4890390.0,234414.0,93
201800041125,18,2,22,945,1,2,1,1.0,2.0,93059,M,4895801.0,236587.0,93
201800041126,18,2,26,40,5,2,3,1.0,2.0,93072,M,4896097.0,238154.0,93
201800041127,18,2,26,1000,1,2,2,1.0,6.0,93072,M,4894948.0,238697.0,93
201800041128,18,3,9,2045,5,2,1,2.0,2.0,93001,M,4891107.0,240002.0,93
201800041129,18,3,21,1615,1,2,1,1.0,6.0,93059,M,4897168.0,236725.0,93
201800041130,18,3,31,805,1,2,7,1.0,1.0,93072,M,4895500.0,238345.0,93
201800041131,18,4,3,40,5,2,1,2.0,3.0,93072,M,,,93
201800041132,18,4,6,830,1,2,1,1.0,6.0,93072,M,4895353.0,236989.0,93
201800041133,18,4,6,2240,5,2,3,1.0,3.0,93072,M,,,93
201800041134,18,4,13,1730,1,2,1,1.0,5.0,93072,M,4895000.0,238000.0,93
201800041135,18,4,14,2320,5,2,1,1.0,4.0,93072,M,4895126.0,238537.0,93
201800041136,18,4,18,950,1,2,1,1.0,6.0,93072,M,4896100.0,238000.0,93
201800041137,18,4,18,2120,5,2,2,1.0,6.0,93072,M,4894970.0,238565.0,93
201800041138,18,4,20,1830,1,2,2,1.0,3.0,93072,M,4896068.0,239388.0,93
201800041139,18,4,24,5,5,1,3,1.0,3.0,93001,M,4891131.0,237946.0,93
201800041140,18,4,27,1425,1,2,1,1.0,3.0,93059,M,,,93
201800041141,18,4,30,1400,1,2,1,2.0,1.0,93072,M,4895000.0,237000.0,93
201800041142,18,5,5,1820,1,2,3,1.0,3.0,93072,M,4895910.0,239840.0,93
201800041143,18,5,9,1900,1,2,1,1.0,6.0,93072,M,4895239.0,238176.0,93
201800041144,18,5,10,1830,1,2,1,1.0,6.0,93072,M,4895805.0,236592.0,93
201800041145,18,5,16,800,1,2,3,1.0,3.0,93072,M,4895075.0,238566.0,93
201800041146,18,5,27,250,5,2,1,1.0,2.0,93072,M,,,93
201800041147,18,5,30,2100,2,2,3,1.0,3.0,93079,M,4895278.0,233723.0,93
201800041148,18,6,2,1815,1,2,1,1.0,6.0,93072,M,4894796.0,237506.0,93
201800041149,18,6,10,1845,1,2,1,1.0,3.0,93072,M,4895939.0,239840.0,93
201800041150,18,6,18,1400,1,2,1,1.0,6.0,93072,M,4890000.0,230000.0,93
201800041151,18,6,28,2130,1,2,1,1.0,6.0,93059,M,4896639.0,236662.0,93
201800041152,18,6,29,1015,1,2,8,1.0,3.0,93059,M,4897116.0,236622.0,93
201800041153,18,7,3,1900,1,2,1,1.0,3.0,93072,M,4896724.0,238241.0,93
201800041154,18,7,7,1510,1,2,2,1.0,3.0,93072,M,4894519.0,238131.0,93
201800041155,18,7,7,2010,1,2,2,1.0,3.0,93072,M,4894521.0,238129.0,93
201800041156,18,7,18,2120,5,2,1,1.0,6.0,93072,M,4894000.0,238171.0,93
201800041157,18,8,1,2230,5,2,1,1.0,3.0,93027,M,,,93
201800041158,18,8,11,1400,1,2,3,1.0,6.0,93072,M,4895000.0,235000.0,93
201800041159,18,8,28,1805,1,2,1,1.0,3.0,93072,M,4895252.0,238909.0,93
201800041160,18,9,10,1010,1,2,1,1.0,3.0,93059,M,4896425.0,236659.0,93
201800041161,18,9,11,1157,1,2,3,1.0,6.0,93072,M,4894645.0,238748.0,93
201800041162,18,9,11,1915,1,2,9,1.0,6.0,93059,M,4896286.0,235946.0,93
201800041163,18,9,19,456,5,2,1,1.0,6.0,93072,M,,,93
201800041164,18,9,22,1840,5,2,1,2.0,4.0,93072,M,4854749.0,238629.0,93
201800041165,18,9,27,1150,1,2,1,1.0,6.0,93072,M,4895206.0,238829.0,93
201800041166,18,10,3,845,1,2,1,1.0,6.0,93059,M,,,93
201800041167,18,10,4,910,1,2,1,1.0,6.0,93072,M,,,93
201800041168,18,10,4,2158,5,2,3,1.0,3.0,93072,M,4896670.0,238192.0,93
201800041169,18,10,8,2330,5,2,1,1.0,2.0,93072,M,4896055.0,238187.0,93
201800041170,18,10,9,600,5,2,2,1.0,3.0,93059,M,4896486.0,236535.0,93
201800041171,18,10,10,1535,1,2,9,1.0,3.0,93072,M,4895954.0,238222.0,93
201800041172,18,10,13,410,5,2,1,1.0,6.0,93059,M,4896289.0,236923.0,93
201800041173,18,10,19,1000,1,2,1,1.0,5.0,93031,M,4895304.0,231829.0,93
201800041174,18,10,23,1240,1,2,9,1.0,2.0,93072,M,4894779.0,238626.0,93
201800041175,18,10,27,1030,1,2,1,1.0,6.0,93072,M,,,93
201800041176,18,11,3,1600,1,2,1,1.0,3.0,93072,M,4895483.0,237595.0,93
201800041177,18,11,20,2355,3,2,1,1.0,6.0,93027,M,,,93
201800041178,18,12,14,1355,1,2,9,1.0,2.0,93059,M,4895015.0,235750.0,93
201800041179,18,12,14,1750,5,2,1,1.0,6.0,93072,M,4894950.0,238344.0,93
201800041180,18,12,22,2300,5,2,1,1.0,6.0,93059,M,,,93
201800041181,18,12,29,2300,5,2,1,2.0,6.0,93059,M,,,93
201800041182,18,1,5,655,3,1,1,8.0,7.0,93073,M,4898957.0,256047.0,93
201800041183,18,1,6,1645,1,2,1,1.0,2.0,93078,M,4897374.0,250356.0,93
201800041184,18,1,7,1820,5,2,1,1.0,6.0,93073,M,4896411.0,600000.0,93
201800041185,18,1,12,945,1,2,1,1.0,2.0,93078,M,4895220.0,252866.0,93
201800041186,18,1,15,1825,5,2,1,1.0,6.0,93078,M,4896000.0,255600.0,93
201800041187,18,1,16,715,5,2,1,2.0,2.0,93073,M,4897798.0,254053.0,93
201800041188,18,1,17,1145,1,2,2,1.0,3.0,93073,M,4894354.0,259070.0,93
201800041189,18,1,17,1912,5,2,1,1.0,6.0,93073,M,4894366.0,256879.0,93
201800041190,18,1,21,510,5,2,6,8.0,2.0,93078,M,4895759.0,254519.0,93
201800041191,18,1,23,1130,1,2,1,1.0,3.0,93078,M,4895555.0,256084.0,93
201800041192,18,1,24,645,3,2,1,8.0,3.0,93078,M,4896933.0,250322.0,93
201800041193,18,2,2,1925,5,1,1,8.0,2.0,93073,M,4899139.0,252420.0,93
201800041194,18,2,2,2015,5,2,1,1.0,2.0,93073,M,4898908.0,252385.0,93
201800041195,18,2,3,2350,5,2,6,2.0,6.0,93073,M,,,93
201800041196,18,2,14,1500,1,2,1,1.0,7.0,93078,M,4895510.0,-254549.0,93
201800041197,18,2,14,2220,5,2,2,2.0,3.0,93073,M,4893958.0,259197.0,93
201800041198,18,2,16,1733,1,2,1,1.0,1.0,93078,M,4895126.0,253626.0,93
201800041199,18,2,20,1340,1,1,1,1.0,3.0,93073,M,4899202.0,252272.0,93
201800041200,18,2,21,2040,5,2,1,1.0,3.0,93073,M,4886272.0,228759.0,93
201800041201,18,2,23,1850,3,1,1,1.0,5.0,93073,M,4899531.0,251419.0,93
201800041202,18,2,26,920,1,2,1,1.0,4.0,93078,M,4896050.0,255640.0,93
201800041203,18,4,9,1720,1,2,1,2.0,4.0,93073,M,4898929.0,252252.0,93
201800041204,18,3,12,1330,1,2,1,1.0,6.0,93078,M,4895950.0,253070.0,93
201800041205,18,3,14,1500,1,2,2,1.0,3.0,93078,M,4895355.0,253933.0,93
201800041206,18,3,15,1150,1,2,2,1.0,3.0,93073,M,4894924.0,257456.0,93
201800041207,18,3,17,2026,5,2,6,2.0,6.0,93078,M,4896063.0,255570.0,93
201800041208,18,3,18,2100,5,2,2,2.0,6.0,93078,M,4895888.0,254905.0,93
201800041209,18,3,23,800,1,2,1,1.0,6.0,93078,M,4895674.0,255426.0,93
201800041210,18,3,23,1705,1,1,3,1.0,3.0,93073,M,4898350.0,254190.0,93