Num_Acc,an,mois,jour,hrmn,lum,agg,int,atm,col,com,gps,lat,long,dep
201800041211,18,3,27,1151,1,2,2,2.0,3.0,93078,M,4895742.0,255595.0,93
201800041212,18,4,1,2100,5,2,1,1.0,4.0,93078,M,4895874.0,254869.0,93
201800041213,18,4,3,1820,1,2,2,2.0,3.0,93073,M,4894632.0,259124.0,93
201800041214,18,4,4,1405,1,2,3,1.0,3.0,93078,M,4895332.0,253232.0,93
201800041215,18,4,5,830,1,2,1,1.0,3.0,93078,M,4995815.0,255840.0,93
201800041216,18,4,7,1225,1,2,1,1.0,5.0,93078,M,4896981.0,255094.0,93
201800041217,18,4,13,1700,1,1,1,1.0,3.0,93073,M,4899531.0,251419.0,93
201800041218,18,4,14,1020,1,2,4,2.0,5.0,93073,M,4900422.0,257189.0,93
201800041219,18,4,15,850,1,2,1,1.0,7.0,93073,M,4900823.0,256151.0,93
201800041220,18,4,17,930,1,2,1,7.0,6.0,93078,M,4895741.0,451580.0,93
201800041221,18,4,17,2030,2,2,2,1.0,3.0,93073,M,4894078.0,258908.0,93
201800041222,18,4,19,1225,1,2,1,1.0,2.0,93078,M,4897642.0,251282.0,93
201800041223,18,4,27,1330,1,1,2,1.0,2.0,93073,M,4897680.0,254520.0,93
201800041224,18,4,30,1145,1,2,1,2.0,7.0,93078,M,4894823.0,254991.0,93
201800041225,18,5,4,740,1,2,1,1.0,4.0,93073,M,4900930.0,255713.0,93
201800041226,18,5,6,1700,1,1,1,1.0,6.0,93073,M,4898720.0,255890.0,93
201800041227,18,5,7,1230,1,2,2,1.0,3.0,93005,M,4897730.0,251670.0,93
201800041228,18,5,9,1745,1,2,1,1.0,6.0,93078,M,4896631.0,254394.0,93
201800041229,18,5,11,1420,1,2,1,1.0,6.0,93078,M,4896530.0,253970.0,93
201800041230,18,5,13,1555,1,2,1,1.0,6.0,93073,M,4894500.0,256720.0,93
201800041231,18,5,18,2030,1,2,1,1.0,3.0,93078,M,4895310.0,255185.0,93
201800041232,18,5,19,555,1,1,1,1.0,1.0,93073,M,4902709.0,253421.0,93
201800041233,18,5,20,2125,5,2,2,1.0,6.0,93078,M,4895884.0,254932.0,93
201800041234,18,5,22,630,2,1,1,1.0,2.0,93073,M,4898720.0,255890.0,93
201800041235,18,5,22,1810,1,2,3,3.0,3.0,93073,M,4893853.0,258080.0,93
201800041236,18,5,24,2020,1,2,1,1.0,6.0,93073,M,4896040.0,257770.0,93
201800041237,18,5,24,2325,5,2,1,1.0,2.0,93078,M,,,93
201800041238,18,5,25,615,1,1,2,1.0,3.0,93073,M,4901498.0,253394.0,93
201800041239,18,5,28,735,1,1,1,1.0,4.0,93073,M,,,93
201800041240,18,6,3,1142,1,1,6,1.0,3.0,93073,M,4898369.0,252494.0,93
201800041241,18,6,15,1615,1,2,1,1.0,2.0,93078,M,4897000.0,251000.0,93
201800041242,18,6,16,1100,1,2,1,1.0,3.0,93078,M,4895817.0,255831.0,93
201800041243,18,6,18,1840,1,1,1,1.0,2.0,93073,M,,,93
201800041244,18,6,19,1740,1,1,1,1.0,2.0,93073,M,4900183.0,253701.0,93
201800041245,18,6,20,1350,1,2,2,1.0,3.0,93073,M,4900241.0,253332.0,93
201800041246,18,6,20,1505,1,2,1,1.0,3.0,93078,M,4897632.0,251284.0,93
201800041247,18,6,21,2235,5,2,1,1.0,3.0,93073,M,4894133.0,258366.0,93
201800041248,18,6,25,1810,1,2,1,1.0,2.0,93078,M,4896164.0,255604.0,93
201800041249,18,6,29,1035,1,2,2,1.0,6.0,93078,M,4895758.0,254531.0,93
201800041250,18,7,1,11,5,2,1,1.0,2.0,93078,M,4896211.0,255881.0,93
201800041251,18,7,1,1205,1,1,1,1.0,3.0,93073,M,4900812.0,254224.0,93
201800041252,18,7,3,820,1,2,6,1.0,6.0,93078,M,4896454.0,255256.0,93
201800041253,18,7,4,1930,1,2,2,1.0,2.0,93078,M,4896004.0,255318.0,93
201800041254,18,7,7,636,1,2,2,1.0,3.0,93078,M,4895345.0,256264.0,93
201800041255,18,7,11,625,1,2,1,1.0,1.0,93073,M,4897083.0,256380.0,93
201800041256,18,7,11,1845,1,2,1,1.0,1.0,93073,M,4895850.0,257300.0,93
201800041257,18,7,12,1500,1,2,1,1.0,2.0,93073,M,4895192.0,256382.0,93
201800041258,18,7,17,1410,1,2,1,1.0,2.0,93073,M,4899377.0,252435.0,93
201800041259,18,7,17,1850,1,2,2,1.0,3.0,93073,M,4900249.0,253687.0,93
201800041260,18,7,19,2200,2,2,1,1.0,7.0,93073,M,4897489.0,256001.0,93
201800041261,18,7,20,850,1,2,3,2.0,2.0,93078,M,4896724.0,255183.0,93
201800041262,18,7,26,1950,1,2,2,1.0,6.0,93073,M,4894954.0,256532.0,93
201800041263,18,7,28,610,1,1,1,1.0,7.0,93073,M,4898967.0,256098.0,93
201800041264,18,7,30,1745,1,1,1,1.0,5.0,93073,M,4902780.0,253430.0,93
201800041265,18,7,31,820,1,2,1,1.0,2.0,93078,M,4897159.0,250514.0,93
201800041266,18,8,1,1200,1,2,9,1.0,2.0,93073,M,,,93
201800041267,18,8,5,1745,1,2,1,1.0,6.0,93073,M,4895790.0,257770.0,93
201800041268,18,8,8,1425,1,2,9,1.0,2.0,93078,M,4896102.0,255636.0,93
201800041269,18,8,16,1420,1,2,6,1.0,3.0,93073,M,4898917.0,252388.0,93
201800041270,18,9,6,900,1,1,1,1.0,6.0,93073,M,4897620.0,254710.0,93
201800041271,18,9,9,1745,1,1,9,1.0,2.0,93078,M,4896500.0,255390.0,93
201800041272,18,9,10,2050,5,2,2,1.0,3.0,93078,M,4895000.0,255000.0,93
201800041273,18,9,11,1845,1,2,1,1.0,3.0,93078,M,,,93
201800041274,18,9,13,1635,1,1,1,1.0,4.0,93073,M,4900425.0,257730.0,93
201800041275,18,9,17,1520,1,2,1,1.0,6.0,93073,M,4895064.0,256443.0,93
201800041276,18,9,18,812,1,1,1,1.0,2.0,93073,M,4900263.0,253693.0,93
201800041277,18,9,21,2145,3,2,9,1.0,2.0,93073,M,4900430.0,257706.0,93
201800041278,18,9,25,1650,1,2,3,1.0,3.0,93078,M,4899101.0,252402.0,93
201800041279,18,9,25,1930,1,2,3,1.0,3.0,93073,M,,,93
201800041280,18,9,27,1900,1,2,2,1.0,5.0,93073,M,4890000.0,250000.0,93
201800041281,18,9,29,2040,5,2,1,1.0,3.0,93078,M,4895300.0,253300.0,93
201800041282,18,10,3,1100,1,1,1,2.0,5.0,93073,M,4900675.0,255646.0,93
201800041283,18,10,4,1925,2,2,1,1.0,6.0,93078,M,4896211.0,255881.0,93
201800041284,18,10,11,1020,1,2,1,1.0,6.0,93078,M,4895876.0,254351.0,93
201800041285,18,10,13,1000,1,2,6,1.0,4.0,93078,M,4896166.0,255498.0,93
201800041286,18,10,16,820,1,1,1,1.0,6.0,93073,M,4900461.0,258518.0,93
201800041287,18,10,16,1215,1,2,2,1.0,6.0,93073,M,4896560.0,256950.0,93
201800041288,18,10,16,1205,1,2,1,1.0,7.0,93078,M,4895438.0,253533.0,93
201800041289,18,10,16,1840,2,2,3,1.0,2.0,93078,M,4896885.0,254535.0,93
201800041290,18,10,19,1705,1,2,3,1.0,6.0,93073,M,4890000.0,257000.0,93
201800041291,18,10,20,1500,1,2,9,1.0,2.0,93078,M,4896420.0,253772.0,93
201800041292,18,10,23,900,1,2,6,1.0,3.0,93078,M,4897090.0,254910.0,93
201800041293,18,10,25,2230,3,1,1,1.0,4.0,93073,M,4900262.0,253694.0,93
201800041294,18,10,28,110,5,1,9,1.0,6.0,93078,M,4895912.0,253553.0,93
201800041295,18,10,30,1720,3,2,1,1.0,1.0,93073,M,4896215.0,256178.0,93
201800041296,18,10,31,115,3,1,1,1.0,5.0,93073,M,4899508.0,251455.0,93
201800041297,18,11,2,1655,1,2,6,1.0,2.0,93073,M,4898944.0,252463.0,93
201800041298,18,11,2,1930,3,2,1,1.0,2.0,93078,M,4900422.0,257157.0,93
201800041299,18,11,3,1545,1,2,1,1.0,2.0,93073,M,4895082.0,258069.0,93
201800041300,18,11,4,1550,1,1,6,1.0,3.0,93073,M,4898407.0,252536.0,93
201800041301,18,11,6,1531,1,2,1,1.0,6.0,93073,M,4895734.0,257596.0,93
201800041302,18,11,11,2159,5,1,1,3.0,2.0,93073,M,,,93
201800041303,18,11,13,1815,5,2,2,1.0,3.0,93073,M,4897500.0,250600.0,93
201800041304,18,11,13,1950,5,2,6,1.0,3.0,93078,M,4896098.0,255477.0,93
201800041305,18,11,14,730,2,2,3,1.0,3.0,93073,M,4895096.0,256740.0,93
201800041306,18,11,15,1037,1,2,2,1.0,3.0,93073,M,4900158.0,253694.0,93
201800041307,18,11,16,755,1,1,2,5.0,3.0,93073,M,4898000.0,250950.0,93
201800041308,18,11,16,1230,1,1,1,1.0,2.0,93078,M,4901110.0,255780.0,93
201800041309,18,11,19,855,1,2,3,1.0,3.0,93078,M,4894566.0,256147.0,93
201800041310,18,11,19,2145,5,2,2,2.0,3.0,93078,M,4894530.0,256619.0,93
201800041311,18,11,20,1750,5,2,3,8.0,2.0,93078,M,4896390.0,253740.0,93
201800041312,18,11,21,1845,5,2,1,1.0,6.0,93073,M,4894317.0,257846.0,93
201800041313,18,11,22,2305,5,2,3,8.0,4.0,93078,M,4895659.0,254218.0,93
201800041314,18,11,25,1210,1,1,1,2.0,6.0,93073,M,,,93
201800041315,18,11,25,1620,1,2,1,2.0,1.0,93078,M,4897422.0,254917.0,93
201800041316,18,11,26,900,1,2,1,2.0,6.0,93078,M,4895624.0,255340.0,93
201800041317,18,11,27,630,3,1,3,1.0,3.0,93073,M,4899124.0,259976.0,93
201800041318,18,11,29,640,2,2,9,2.0,3.0,93073,M,4901100.0,255930.0,93
201800041319,18,11,29,430,5,2,1,2.0,2.0,93073,M,,,93
201800041320,18,12,1,2045,5,2,2,3.0,6.0,93078,M,4895111.0,255292.0,93
201800041321,18,12,3,1245,1,2,9,2.0,3.0,93073,M,4900821.0,255932.0,93
201800041322,18,12,13,1830,3,1,1,1.0,3.0,93073,M,4899124.0,259955.0,93
201800041323,18,12,16,1006,1,2,9,8.0,2.0,93078,M,4896100.0,255630.0,93
201800041324,18,12,17,1430,1,2,4,1.0,3.0,93073,M,4898426.0,254906.0,93
201800041325,18,12,17,1230,1,2,3,1.0,2.0,93073,M,4900242.0,253328.0,93
201800041326,18,12,18,1600,2,2,2,1.0,3.0,93078,M,4895250.0,253502.0,93
201800041327,18,12,18,1835,5,1,1,1.0,6.0,93073,M,4900760.0,253400.0,93
201800041328,18,12,20,1500,1,1,1,1.0,7.0,93073,M,4898371.0,254057.0,93
201800041329,18,12,26,1500,1,2,1,1.0,6.0,93073,M,,,93
201800041330,18,12,29,700,5,1,6,8.0,1.0,93073,M,4899002.0,254684.0,93
201800041331,18,1,8,1945,5,2,2,1.0,6.0,94002,M,4881451.0,241196.0,94
201800041332,18,1,18,20,5,2,2,8.0,3.0,94002,M,4879877.0,242339.0,94
201800041333,18,1,31,2120,5,2,1,3.0,3.0,94002,M,4881461.0,241610.0,94
201800041334,18,2,28,1340,1,2,3,1.0,3.0,94002,M,4878479.0,242148.0,94
201800041335,18,3,6,2210,5,2,2,1.0,3.0,94002,M,4879880.0,242339.0,94
201800041336,18,3,26,1840,1,2,1,1.0,6.0,94002,M,4879500.0,242539.0,94
201800041337,18,3,27,1615,1,2,1,2.0,2.0,94002,M,4880522.0,242059.0,94
201800041338,18,3,29,2220,5,2,3,1.0,7.0,94002,M,4879680.0,242164.0,94
201800041339,18,4,3,815,1,2,1,1.0,6.0,94002,M,4881067.0,241680.0,94
201800041340,18,4,1,1940,2,2,1,1.0,6.0,94002,M,4880418.0,241349.0,94
201800041341,18,4,7,1650,1,2,1,1.0,6.0,94002,M,4878606.0,242636.0,94
201800041342,18,4,17,955,1,2,2,7.0,6.0,94002,M,4879880.0,242340.0,94
201800041343,18,4,20,2330,5,2,1,1.0,6.0,94002,M,4880001.0,241828.0,94
201800041344,18,5,15,1940,1,2,1,1.0,6.0,94002,M,4880803.0,241926.0,94
201800041345,18,5,18,1545,1,2,1,1.0,6.0,94002,M,4879533.0,242542.0,94
201800041346,18,5,21,1215,1,2,1,1.0,2.0,94002,M,4881450.0,241415.0,94
201800041347,18,5,25,1130,1,2,1,1.0,6.0,94002,M,4879560.0,242510.0,94
201800041348,18,6,3,10,5,2,1,1.0,2.0,94002,M,4879570.0,242576.0,94
201800041349,18,6,12,815,1,2,2,2.0,3.0,94002,M,4880100.0,242207.0,94
201800041350,18,6,28,1630,1,2,9,1.0,2.0,94002,M,4881454.0,241087.0,94
201800041351,18,7,27,2310,5,2,1,1.0,2.0,94002,M,4878214.0,241972.0,94
201800041352,18,8,4,1235,1,2,2,1.0,3.0,94002,M,4881447.0,241391.0,94
201800041353,18,8,4,1830,1,2,1,1.0,6.0,94002,M,4880801.0,241466.0,94
201800041354,18,9,29,2207,5,2,2,1.0,3.0,94002,M,4879821.0,242060.0,94
201800041355,18,10,1,2200,5,2,2,1.0,3.0,94002,M,4879750.0,242490.0,94
201800041356,18,10,4,2055,5,2,3,1.0,3.0,94002,M,4878872.0,242573.0,94
201800041357,18,10,8,1930,5,2,2,1.0,6.0,94002,M,4879887.0,242340.0,94
201800041358,18,10,17,1350,1,2,3,1.0,1.0,94002,M,4880573.0,241082.0,94
201800041359,18,10,19,2010,5,2,3,1.0,3.0,94002,M,4880602.0,241861.0,94
201800041360,18,10,23,1913,5,2,3,1.0,3.0,94002,M,4878800.0,242578.0,94
201800041361,18,10,27,237,5,2,2,1.0,5.0,94002,M,4878470.0,243097.0,94
201800041362,18,11,5,1845,5,2,1,1.0,3.0,94002,M,4880139.0,242180.0,94
201800041363,18,11,9,1930,5,2,3,1.0,3.0,94002,M,4879622.0,242888.0,94
201800041364,18,11,24,2030,5,2,3,1.0,1.0,94002,M,4879632.0,242887.0,94
201800041365,18,11,27,2340,5,2,3,3.0,6.0,94002,M,4879520.0,242280.0,94
201800041366,18,11,28,911,1,2,3,2.0,3.0,94002,M,4878477.0,242152.0,94
201800041367,18,11,30,915,1,2,1,1.0,3.0,94028,M,4880097.0,245005.0,94
201800041368,18,11,30,2020,3,2,3,1.0,3.0,94002,M,4880945.0,241025.0,94
201800041369,18,12,5,1450,1,2,3,8.0,3.0,94002,M,4880943.0,241016.0,94
201800041370,18,12,6,1715,5,2,1,1.0,6.0,94002,M,4879623.0,242847.0,94
201800041371,18,12,9,1840,5,2,2,2.0,1.0,94002,M,4879566.0,242524.0,94
201800041372,18,12,21,828,5,2,1,2.0,2.0,94002,M,4880580.0,241512.0,94
201800041373,18,12,25,925,1,2,9,1.0,6.0,94002,M,4878200.0,242893.0,94
201800041374,18,1,1,540,5,1,3,1.0,6.0,94075,M,4873442.0,252028.0,94
201800041375,18,1,4,1745,5,2,3,8.0,6.0,94071,M,4877156.0,252492.0,94
201800041376,18,1,9,1245,1,2,1,1.0,7.0,94044,M,4875473.0,248459.0,94
201800041377,18,1,10,555,5,2,3,2.0,3.0,94047,M,4870268.0,254497.0,94
201800041378,18,1,12,800,5,2,3,2.0,3.0,94075,M,4873426.0,252035.0,94
201800041379,18,1,12,1910,5,1,1,1.0,2.0,94071,M,4877457.0,251622.0,94
201800041380,18,1,13,2205,5,2,6,1.0,3.0,94071,M,4877454.0,251081.0,94
201800041381,18,1,16,2000,3,1,3,2.0,6.0,94075,M,4873414.0,252053.0,94
201800041382,18,1,16,1950,5,1,6,2.0,2.0,94071,M,4877304.0,250115.0,94
201800041383,18,1,19,1345,1,2,1,2.0,7.0,94071,M,4877000.0,250000.0,94
201800041384,18,1,20,1950,5,2,2,2.0,3.0,94004,M,4875878.0,250052.0,94
201800041385,18,1,24,820,1,2,3,2.0,2.0,94075,M,4872750.0,253117.0,94
201800041386,18,1,24,1630,1,2,2,1.0,6.0,94004,M,4874895.0,251216.0,94
201800041387,18,1,25,1100,1,1,1,2.0,2.0,94071,M,4878365.0,251518.0,94
201800041388,18,1,26,755,2,2,2,1.0,6.0,94071,M,4876607.0,252796.0,94
201800041389,18,1,27,1510,1,2,5,1.0,3.0,94004,M,4875499.0,250525.0,94
201800041390,18,1,30,1430,1,2,3,8.0,2.0,94071,M,4876803.0,252214.0,94
201800041391,18,2,1,1325,1,2,1,1.0,6.0,94070,M,4871624.0,257282.0,94
201800041392,18,2,8,2105,5,2,1,1.0,6.0,94071,M,4876341.0,251879.0,94
201800041393,18,2,10,530,5,2,3,4.0,6.0,94071,M,4876410.0,252778.0,94
201800041394,18,2,12,1210,1,2,4,1.0,6.0,94056,M,4869652.0,254801.0,94
201800041395,18,2,21,150,5,2,2,1.0,3.0,94071,M,4876778.0,250839.0,94
201800041396,18,2,24,1520,1,2,6,1.0,3.0,94044,M,4875657.0,248345.0,94
201800041397,18,2,25,1930,5,1,1,1.0,3.0,94075,M,4872728.0,253253.0,94
201800041398,18,2,26,2140,4,2,3,1.0,6.0,94075,M,4872752.0,253102.0,94
201800041399,18,2,26,1730,1,2,6,1.0,6.0,94071,M,4876336.0,253423.0,94
201800041400,18,3,8,810,1,2,6,1.0,6.0,94071,M,4876207.0,252982.0,94
201800041401,18,3,8,1825,2,2,3,2.0,2.0,94071,M,4877099.0,250525.0,94
201800041402,18,3,10,2235,3,1,1,2.0,3.0,94004,M,4875504.0,250781.0,94
201800041403,18,3,16,2020,5,2,2,2.0,3.0,94075,M,4872571.0,252792.0,94
201800041404,18,3,18,2215,5,2,1,2.0,2.0,94047,M,4870579.0,253122.0,94
201800041405,18,3,19,830,1,2,1,4.0,6.0,94004,M,4875381.0,251964.0,94
201800041406,18,3,19,1320,1,2,3,4.0,2.0,94071,M,4877373.0,250545.0,94
201800041407,18,3,22,1400,1,2,3,1.0,2.0,94044,M,4874297.0,250073.0,94
201800041408,18,3,25,130,4,2,6,1.0,6.0,94070,M,4872860.0,257667.0,94
201800041409,18,3,27,1625,1,2,2,2.0,6.0,94044,M,4874473.0,251171.0,94
201800041410,18,4,2,1800,1,2,1,2.0,6.0,94071,M,4876260.0,253473.0,94
201800041411,18,3,17,2100,5,2,3,1.0,3.0,94044,M,4875322.0,249463.0,94
201800041412,18,4,3,1650,1,2,1,3.0,6.0,94044,M,4875079.0,248832.0,94
201800041413,18,4,4,815,1,1,1,2.0,2.0,94048,M,4872748.0,253863.0,94
201800041414,18,4,6,1000,1,2,1,1.0,3.0,94044,M,4874170.0,248410.0,94
201800041415,18,4,9,900,1,2,6,1.0,2.0,94071,M,4875973.0,252657.0,94
201800041416,18,4,11,1600,1,1,1,7.0,3.0,94056,M,4869645.0,256030.0,94
201800041417,18,4,5,745,1,2,1,1.0,3.0,94004,M,4874855.0,251309.0,94
201800041418,18,4,16,945,1,1,1,7.0,4.0,94004,M,4876127.0,249681.0,94
201800041419,18,4,22,2130,5,2,1,1.0,6.0,94071,M,4877359.0,250492.0,94
201800041420,18,4,23,830,1,2,1,1.0,7.0,94004,M,4875103.0,250715.0,94
201800041421,18,4,30,1610,1,2,1,2.0,3.0,94004,M,4875000.0,250000.0,94
201800041422,18,4,30,1200,1,1,1,2.0,6.0,94071,M,4875000.0,557000.0,94
201800041423,18,5,3,1735,2,2,1,1.0,6.0,94071,M,4876349.0,252487.0,94
201800041424,18,5,4,820,1,2,8,1.0,6.0,94004,M,4875283.0,250365.0,94
201800041425,18,5,4,1655,1,2,1,1.0,4.0,94075,M,4871800.0,253400.0,94
201800041426,18,5,7,2000,1,2,1,1.0,7.0,94071,M,4876744.0,253289.0,94
201800041427,18,5,8,630,2,2,1,1.0,7.0,94004,M,4875007.0,250099.0,94
201800041428,18,5,14,1825,1,2,3,2.0,3.0,94071,M,4877567.0,251117.0,94
201800041429,18,5,15,1635,1,2,9,1.0,4.0,94004,M,4874657.0,251039.0,94
201800041430,18,5,15,1815,1,2,3,1.0,3.0,94048,M,4873812.0,255243.0,94
201800041431,18,5,18,755,1,2,1,1.0,7.0,94004,M,4875693.0,250795.0,94
201800041432,18,5,22,745,1,2,1,1.0,3.0,94075,M,4872748.0,531072.0,94
201800041433,18,5,22,1725,1,2,9,1.0,3.0,94048,M,4873590.0,255561.0,94
201800041434,18,5,23,1930,1,2,1,1.0,6.0,94071,M,4876360.0,250026.0,94
201800041435,18,5,25,707,1,2,1,1.0,2.0,94075,M,4872448.0,254938.0,94
201800041436,18,5,26,5,5,2,2,2.0,5.0,94071,M,4876650.0,250901.0,94
201800041437,18,5,26,1510,1,2,2,1.0,3.0,94075,M,4872354.0,252841.0,94
201800041438,18,5,26,1840,1,2,1,1.0,6.0,94047,M,4870013.0,254268.0,94
201800041439,18,5,31,305,5,2,3,1.0,2.0,94048,M,4872939.0,254702.0,94
201800041440,18,5,31,935,1,2,6,8.0,3.0,94044,M,4874118.0,248042.0,94
201800041441,18,6,1,1738,1,2,1,2.0,3.0,94004,M,4875850.0,250240.0,94
201800041442,18,6,5,910,1,2,1,2.0,6.0,94071,M,4877665.0,252849.0,94
201800041443,18,6,6,1635,1,1,1,2.0,7.0,94004,M,4875493.0,250819.0,94
201800041444,18,6,11,840,2,1,1,5.0,4.0,94048,M,,,94
201800041445,18,6,11,1735,1,2,1,8.0,3.0,94044,M,4875277.0,247400.0,94
201800041446,18,6,12,1230,1,2,1,1.0,2.0,94071,M,4877180.0,252665.0,94
201800041447,18,6,12,1825,1,2,2,1.0,3.0,94044,M,4875300.0,249169.0,94
201800041448,18,6,13,1605,1,1,1,1.0,4.0,94044,M,4875829.0,248166.0,94
201800041449,18,6,20,800,1,2,1,1.0,7.0,94044,M,4874990.0,248079.0,94
201800041450,18,6,22,1700,1,2,3,1.0,4.0,94071,M,4877513.0,251421.0,94
201800041451,18,6,23,1235,1,1,1,1.0,2.0,94070,M,4871620.0,257280.0,94
201800041452,18,6,24,240,3,2,9,1.0,6.0,94075,M,4872758.0,253099.0,94
201800041453,18,6,25,835,1,2,1,1.0,6.0,94004,M,4875695.0,249838.0,94
201800041454,18,6,11,1830,1,2,3,1.0,2.0,94047,M,4869835.0,255048.0,94
201800041455,18,6,23,130,5,2,6,1.0,2.0,94071,M,4876360.0,251520.0,94
201800041456,18,6,27,940,1,2,2,1.0,3.0,94071,M,4876836.0,251021.0,94
201800041457,18,6,27,1350,1,2,2,1.0,3.0,94075,M,4872545.0,252730.0,94
201800041458,18,6,27,2030,1,2,1,1.0,1.0,94071,M,4876355.0,251608.0,94
201800041459,18,6,29,1558,1,2,2,1.0,6.0,94071,M,4877160.0,250880.0,94
201800041460,18,6,30,1205,1,2,1,1.0,3.0,94044,M,4875000.0,248000.0,94
201800041461,18,7,2,1705,1,2,2,1.0,3.0,94075,M,4870799.0,252929.0,94
201800041462,18,7,3,1545,1,2,9,1.0,3.0,94071,M,4876889.0,251933.0,94
201800041463,18,7,3,1947,1,2,1,1.0,3.0,94075,M,4872747.0,253150.0,94
201800041464,18,7,5,1805,1,1,1,2.0,6.0,94075,M,4873475.0,251979.0,94
201800041465,18,7,7,930,1,2,1,1.0,7.0,94044,M,4875504.0,250788.0,94
201800041466,18,7,7,1920,1,2,2,1.0,2.0,94048,M,4872755.0,253964.0,94
201800041467,18,7,12,1812,1,2,7,1.0,2.0,94047,M,4870368.0,253455.0,94
201800041468,18,7,15,1602,1,2,1,1.0,6.0,94044,M,4875024.0,248230.0,94
201800041469,18,7,19,1940,1,2,5,1.0,3.0,94044,M,4875256.0,472637.0,94
201800041470,18,7,22,2015,1,2,5,1.0,6.0,94071,M,4877016.0,253443.0,94
201800041471,18,7,23,1215,1,2,9,1.0,3.0,94075,M,4872750.0,531100.0,94
201800041472,18,7,21,1520,1,2,9,1.0,6.0,94071,M,4877675.0,251373.0,94
201800041473,18,8,13,1645,1,1,1,1.0,6.0,94004,M,4875187.0,250521.0,94
201800041474,18,8,18,2140,5,2,1,1.0,6.0,94071,M,4876213.0,253434.0,94
201800041475,18,8,19,1915,1,2,1,1.0,6.0,94071,M,4876168.0,253351.0,94
201800041476,18,8,20,2050,2,2,1,1.0,6.0,94071,M,4878648.0,252303.0,94
201800041477,18,8,21,2210,5,2,1,1.0,6.0,94044,M,4874213.0,248952.0,94
201800041478,18,8,31,1630,1,2,1,1.0,3.0,94004,M,4875013.0,250789.0,94
201800041479,18,9,2,1215,1,2,1,1.0,3.0,94071,M,4876351.0,253610.0,94
201800041480,18,9,6,1155,1,2,3,1.0,3.0,94075,M,4872751.0,253107.0,94
201800041481,18,9,19,1317,1,2,1,1.0,6.0,94071,M,4876183.0,253374.0,94
201800041482,18,9,22,1620,1,1,1,8.0,4.0,94044,M,4873566.0,251907.0,94
201800041483,18,9,23,1740,1,1,1,2.0,7.0,94004,M,4875517.0,250755.0,94
201800041484,18,9,25,1430,1,2,3,1.0,1.0,94075,M,4872747.0,253097.0,94
201800041485,18,9,26,1900,1,2,1,1.0,6.0,94044,M,4874988.0,248134.0,94
201800041486,18,9,29,1930,5,2,6,1.0,3.0,94071,M,4876313.0,253387.0,94
201800041487,18,9,30,1235,1,2,9,1.0,6.0,94044,M,4875080.0,249000.0,94
201800041488,18,10,2,2015,5,2,1,8.0,6.0,94004,M,4875792.0,249949.0,94
201800041489,18,10,2,2120,5,2,9,2.0,2.0,94071,M,4876244.0,252669.0,94
201800041490,18,10,3,910,1,2,3,1.0,3.0,94071,M,4876341.0,252613.0,94
201800041491,18,10,3,1430,1,2,1,1.0,6.0,94071,M,,,94
201800041492,18,10,4,1040,1,2,1,1.0,6.0,94047,M,4870160.0,254289.0,94
201800041493,18,10,4,1805,1,2,9,1.0,4.0,94071,M,4877122.0,252123.0,94
201800041494,18,10,7,1341,1,2,1,2.0,6.0,94004,M,4875505.0,250767.0,94
201800041495,18,10,7,1220,1,2,1,8.0,7.0,94004,M,4875477.0,250842.0,94
201800041496,18,10,11,710,2,2,3,2.0,3.0,94004,M,4874000.0,250000.0,94
201800041497,18,10,11,1510,1,2,3,1.0,3.0,94071,M,4875850.0,252970.0,94
201800041498,18,10,12,1440,1,1,1,1.0,7.0,94048,M,4875177.0,255717.0,94
201800041499,18,10,16,1645,1,2,2,1.0,6.0,94075,M,4871867.0,253064.0,94
201800041500,18,10,16,1810,1,2,9,1.0,2.0,94075,M,4871836.0,253469.0,94
201800041501,18,10,21,1300,1,2,1,1.0,6.0,94004,M,4875983.0,250179.0,94
201800041502,18,10,21,2040,3,2,3,1.0,3.0,94075,M,4872749.0,253100.0,94
201800041503,18,10,25,2210,3,2,9,1.0,3.0,94075,M,4872750.0,253100.0,94
201800041504,18,10,26,940,1,2,1,1.0,6.0,94004,M,4875194.0,250509.0,94
201800041505,18,10,26,1850,5,2,1,2.0,7.0,94004,M,4875526.0,250750.0,94
201800041506,18,10,28,1025,1,2,1,1.0,6.0,94044,M,4875480.0,247956.0,94
201800041507,18,10,29,810,1,2,1,1.0,6.0,94071,M,4879000.0,251000.0,94
201800041508,18,10,30,1340,1,2,1,2.0,7.0,94071,M,4877310.0,249820.0,94
201800041509,18,10,31,1710,2,2,1,2.0,5.0,94070,M,4873434.0,256522.0,94
201800041510,18,11,1,1230,1,2,1,2.0,7.0,94071,M,4877468.0,251144.0,94
201800041511,18,11,3,1200,1,2,9,1.0,6.0,94071,M,4877268.0,251582.0,94
201800041512,18,11,6,1930,5,2,9,1.0,6.0,94071,M,4877171.0,250322.0,94
201800041513,18,11,9,1545,1,2,1,2.0,2.0,94004,M,4874806.0,250962.0,94
201800041514,18,11,10,108,5,2,1,1.0,1.0,94004,M,4874810.0,250938.0,94
201800041515,18,11,11,1415,1,2,1,2.0,7.0,94004,M,4877552.0,250768.0,94
201800041516,18,11,12,715,1,2,1,2.0,7.0,94074,M,4874735.0,246200.0,94