Num_Acc,an,mois,jour,hrmn,lum,agg,int,atm,col,com,gps,lat,long,dep
201800041517,18,11,13,2010,5,2,1,1.0,4.0,94044,M,4875405.0,248501.0,94
201800041518,18,11,20,910,1,2,3,2.0,6.0,94071,M,4876938.0,251461.0,94
201800041519,18,11,20,2050,5,2,9,2.0,3.0,94004,M,4875446.0,250603.0,94
201800041520,18,11,22,1140,1,2,1,1.0,6.0,94071,M,4876835.0,250616.0,94
201800041521,18,11,23,815,2,2,2,5.0,1.0,94044,M,4874469.0,251174.0,94
201800041522,18,11,24,1830,5,2,1,9.0,2.0,94071,M,4876641.0,250427.0,94
201800041523,18,11,27,830,1,2,1,8.0,1.0,94071,M,4857000.0,252000.0,94
201800041524,18,11,28,730,2,2,2,2.0,3.0,94044,M,4874625.0,248114.0,94
201800041525,18,11,29,825,1,2,1,2.0,7.0,94075,M,4872772.0,252646.0,94
201800041526,18,12,2,1200,1,2,1,2.0,6.0,94011,M,4876249.0,249501.0,94
201800041527,18,12,4,1340,1,2,1,1.0,7.0,94071,M,4876975.0,251615.0,94
201800041528,18,12,4,1540,1,2,3,1.0,6.0,94075,M,4872146.0,253348.0,94
201800041529,18,12,12,1120,1,2,1,1.0,2.0,94044,M,4874250.0,249751.0,94
201800041530,18,12,13,940,1,2,6,1.0,3.0,94044,M,4875668.0,248338.0,94
201800041531,18,12,13,1130,1,2,2,1.0,3.0,94004,M,4875445.0,250608.0,94
201800041532,18,12,13,1450,1,2,1,1.0,6.0,94004,M,4874912.0,251353.0,94
201800041533,18,12,16,2130,5,2,4,2.0,1.0,94071,M,4876999.0,250908.0,94
201800041534,18,12,20,1320,1,2,1,1.0,6.0,94071,M,4876967.0,251600.0,94
201800041535,18,12,22,27,5,2,1,1.0,1.0,94004,M,4875010.0,250288.0,94
201800041536,18,12,28,1600,1,2,1,1.0,5.0,94070,M,4871103.0,258093.0,94
201800041537,18,1,2,2330,5,2,2,1.0,4.0,94017,M,4883076.0,249307.0,94
201800041538,18,1,5,1330,1,2,3,2.0,6.0,94017,M,4881968.0,248567.0,94
201800041539,18,1,10,1825,3,2,1,1.0,6.0,94017,M,4881450.0,252533.0,94
201800041540,18,1,11,1745,2,2,2,1.0,6.0,94017,M,4882332.0,249682.0,94
201800041541,18,1,14,1140,1,2,2,1.0,6.0,94017,M,4882352.0,249600.0,94
201800041542,18,1,15,1630,1,2,1,2.0,6.0,94017,M,4881090.0,254021.0,94
201800041543,18,1,28,1700,1,2,2,2.0,3.0,94017,M,4882340.0,250829.0,94
201800041544,18,2,1,715,5,2,1,2.0,2.0,94017,M,4882298.0,249404.0,94
201800041545,18,1,25,740,2,2,3,2.0,6.0,94017,M,4882456.0,251005.0,94
201800041546,18,2,11,2245,5,2,2,1.0,6.0,94017,M,4882528.0,250989.0,94
201800041547,18,2,13,1320,1,2,2,1.0,3.0,94017,M,4881882.0,252030.0,94
201800041548,18,2,16,1350,1,2,2,1.0,6.0,94017,M,4882172.0,249873.0,94
201800041549,18,2,19,900,1,2,5,1.0,3.0,94017,M,4881914.0,250278.0,94
201800041550,18,2,21,715,2,2,6,8.0,6.0,94017,M,4880596.0,253316.0,94
201800041551,18,2,21,1820,5,2,2,1.0,6.0,94017,M,4881329.0,251185.0,94
201800041552,18,2,24,25,5,2,3,1.0,5.0,94017,M,4881794.0,251164.0,94
201800041553,18,3,7,1225,1,2,6,1.0,6.0,94017,M,4880598.0,253356.0,94
201800041554,18,3,9,905,1,2,6,9.0,3.0,94017,M,4882694.0,250915.0,94
201800041555,18,3,9,1130,1,2,2,2.0,3.0,94017,M,4881118.0,255661.0,94
201800041556,18,3,14,820,1,2,2,1.0,3.0,94017,M,4881752.0,255521.0,94
201800041557,18,3,16,625,2,2,1,1.0,3.0,94017,M,4881310.0,248883.0,94
201800041558,18,3,16,1510,1,2,2,1.0,3.0,94017,M,4880761.0,253036.0,94
201800041559,18,3,14,1145,1,2,1,1.0,3.0,94017,M,4881749.0,251174.0,94
201800041560,18,3,24,1220,1,2,1,1.0,6.0,94017,M,4881731.0,250938.0,94
201800041561,18,4,1,1805,1,2,3,1.0,1.0,94017,M,4881986.0,251119.0,94
201800041562,18,4,5,1300,1,2,1,1.0,6.0,94017,M,,,94
201800041563,18,4,9,1320,1,2,2,2.0,3.0,94017,M,4881722.0,250966.0,94
201800041564,18,4,11,40,5,2,1,1.0,6.0,94017,M,4881890.0,250358.0,94
201800041565,18,4,12,1720,1,2,2,2.0,6.0,94017,M,4881780.0,253909.0,94
201800041566,18,4,19,1735,1,2,9,1.0,3.0,94017,M,4881642.0,249366.0,94
201800041567,18,4,21,1715,1,2,9,1.0,1.0,94017,M,4881780.0,253909.0,94
201800041568,18,5,1,1010,1,2,1,1.0,6.0,94017,M,4881964.0,248634.0,94
201800041569,18,5,9,1930,1,2,7,1.0,3.0,94017,M,4882698.0,250898.0,94
201800041570,18,5,17,905,1,2,1,8.0,4.0,94017,M,4881285.0,253111.0,94
201800041571,18,5,17,1920,1,2,9,1.0,6.0,94017,M,4881740.0,248895.0,94
201800041572,18,5,31,910,1,2,1,8.0,3.0,94017,M,4881043.0,254274.0,94
201800041573,18,5,31,1800,1,2,1,1.0,6.0,94017,M,4881408.0,250405.0,94
201800041574,18,6,2,300,5,2,1,1.0,3.0,94017,M,4881366.0,251015.0,94
201800041575,18,6,5,2105,2,2,1,1.0,6.0,94017,M,4881276.0,254173.0,94
201800041576,18,6,7,1340,1,2,1,1.0,4.0,94017,M,4881002.0,253676.0,94
201800041577,18,6,14,830,1,2,1,1.0,2.0,94017,M,4882298.0,249425.0,94
201800041578,18,6,16,1730,1,2,1,1.0,6.0,94017,M,4881750.0,252715.0,94
201800041579,18,6,17,125,5,2,9,1.0,3.0,94017,M,4882221.0,249168.0,94
201800041580,18,6,20,1050,1,2,1,1.0,6.0,94017,M,4881526.0,251577.0,94
201800041581,18,6,22,2345,5,2,1,1.0,7.0,94017,M,4884313.0,249450.0,94
201800041582,18,6,25,1900,1,2,1,1.0,1.0,94017,M,4882160.0,248969.0,94
201800041583,18,6,26,120,5,2,1,1.0,6.0,94017,M,4883069.0,249320.0,94
201800041584,18,6,28,1625,1,2,1,1.0,6.0,94017,M,4881520.0,248156.0,94
201800041585,18,6,25,2250,5,2,3,1.0,3.0,94017,M,4881980.0,251131.0,94
201800041586,18,7,30,600,2,2,1,1.0,6.0,94017,M,4881495.0,251735.0,94
201800041587,18,7,31,1720,1,2,1,1.0,5.0,94017,M,4882840.0,251495.0,94
201800041588,18,8,1,1000,1,2,2,1.0,3.0,94017,M,4881210.0,254792.0,94
201800041589,18,8,4,2300,5,2,1,1.0,6.0,94017,M,4882318.0,249530.0,94
201800041590,18,8,11,1545,1,2,2,1.0,3.0,94017,M,4881928.0,252692.0,94
201800041591,18,8,23,1600,1,2,1,1.0,6.0,94017,M,4881907.0,251140.0,94
201800041592,18,8,26,1110,1,2,4,1.0,3.0,94017,M,4880820.0,252499.0,94
201800041593,18,8,27,1145,1,2,1,8.0,3.0,94017,M,4881540.0,250481.0,94
201800041594,18,9,3,15,5,2,1,1.0,6.0,94017,M,4882870.0,251615.0,94
201800041595,18,9,6,1745,1,2,1,1.0,6.0,94017,M,4881681.0,255388.0,94
201800041596,18,9,12,1530,1,2,9,1.0,6.0,94017,M,4881339.0,251191.0,94
201800041597,18,9,16,840,2,2,2,1.0,3.0,94017,M,4882700.0,250903.0,94
201800041598,18,9,20,800,1,2,1,1.0,3.0,94017,M,4881702.0,252075.0,94
201800041599,18,9,20,1535,1,2,1,1.0,6.0,94017,M,4882847.0,249384.0,94
201800041600,18,9,23,1750,2,2,1,6.0,3.0,94017,M,4881264.0,253677.0,94
201800041601,18,9,24,1430,1,2,1,1.0,2.0,94017,M,4881404.0,252740.0,94
201800041602,18,9,27,1530,1,2,3,1.0,3.0,94017,M,4882588.0,250973.0,94
201800041603,18,10,3,1610,1,2,1,1.0,3.0,94017,M,4880000.0,251900.0,94
201800041604,18,10,4,845,1,2,9,1.0,3.0,94017,M,4881200.0,250600.0,94
201800041605,18,10,7,1950,5,2,1,8.0,6.0,94017,M,4881879.0,251660.0,94
201800041606,18,10,8,1800,1,2,1,1.0,3.0,94017,M,4882780.0,249390.0,94
201800041607,18,10,10,1553,1,2,1,1.0,2.0,94017,M,4881100.0,253700.0,94
201800041608,18,10,10,1155,1,2,1,1.0,6.0,94017,M,4881000.0,252000.0,94
201800041609,18,10,11,1010,1,2,2,7.0,6.0,94017,M,4881166.0,250933.0,94
201800041610,18,10,13,2020,5,2,1,1.0,4.0,94017,M,4881542.0,251557.0,94
201800041611,18,10,18,1225,1,2,1,1.0,3.0,94017,M,4881837.0,254050.0,94
201800041612,18,10,19,720,2,2,1,1.0,6.0,94017,M,4881881.0,285201.0,94
201800041613,18,10,21,1815,1,2,1,1.0,6.0,94017,M,4880883.0,254936.0,94
201800041614,18,10,22,2005,5,2,1,1.0,7.0,94017,M,4882751.0,250933.0,94
201800041615,18,10,23,1150,1,2,1,1.0,6.0,94017,M,4881321.0,251274.0,94
201800041616,18,9,26,745,1,2,1,1.0,6.0,94017,M,4880716.0,255199.0,94
201800041617,18,10,28,1255,1,2,1,1.0,6.0,94017,M,4881217.0,248980.0,94
201800041618,18,10,31,715,1,2,6,1.0,1.0,94017,M,4881118.0,253890.0,94
201800041619,18,11,9,1850,5,2,1,1.0,4.0,94017,M,4881000.0,253000.0,94
201800041620,18,11,11,1405,1,2,1,3.0,4.0,94017,M,4881000.0,252000.0,94
201800041621,18,11,14,1720,2,2,2,1.0,3.0,94017,M,4882352.0,250429.0,94
201800041622,18,11,16,1850,5,2,1,1.0,6.0,94017,M,4882255.0,249742.0,94
201800041623,18,11,22,900,1,2,8,1.0,6.0,94017,M,4882387.0,251017.0,94
201800041624,18,11,22,1250,1,2,2,8.0,3.0,94017,M,4881484.0,248116.0,94
201800041625,18,11,22,1700,2,2,1,2.0,6.0,94017,M,4881360.0,251142.0,94
201800041626,18,11,23,1300,1,2,1,1.0,2.0,94017,M,4881070.0,254040.0,94
201800041627,18,11,23,1910,5,2,1,2.0,6.0,94017,M,4881881.0,251140.0,94
201800041628,18,11,25,1440,1,2,6,2.0,7.0,94017,M,4881000.0,251000.0,94
201800041629,18,11,25,1740,5,2,1,2.0,6.0,94017,M,4881890.0,252540.0,94
201800041630,18,11,27,1745,5,2,2,2.0,3.0,94017,M,4881000.0,248000.0,94
201800041631,18,11,22,30,4,2,2,1.0,3.0,94017,M,4882514.0,251558.0,94
201800041632,18,12,5,805,1,2,1,1.0,1.0,94019,M,4879545.0,256086.0,94
201800041633,18,12,7,1450,1,2,9,3.0,6.0,94017,M,4881784.0,253323.0,94
201800041634,18,12,11,1230,1,2,1,8.0,6.0,94017,M,4881000.0,251000.0,94
201800041635,18,12,12,700,5,2,1,8.0,6.0,94017,M,4882491.0,251000.0,94
201800041636,18,12,12,1815,5,2,1,1.0,2.0,94017,M,4881211.0,251138.0,94
201800041637,18,12,13,1645,1,2,1,1.0,6.0,94017,M,4880898.0,253793.0,94
201800041638,18,12,15,1850,4,2,2,3.0,6.0,94079,M,4883510.0,254744.0,94
201800041639,18,12,14,2340,5,2,9,1.0,6.0,94017,M,4881450.0,250790.0,94
201800041640,18,12,18,1710,5,2,2,1.0,3.0,94017,M,4880984.0,253770.0,94
201800041641,18,12,21,2200,5,2,2,2.0,3.0,94017,M,4881650.0,255910.0,94
201800041642,18,12,23,2255,5,2,3,2.0,3.0,94017,M,4880845.0,254232.0,94
201800041643,18,12,25,1025,1,2,2,1.0,3.0,94017,M,4882361.0,251030.0,94
201800041644,18,12,27,1910,5,2,9,1.0,3.0,94017,M,4882719.0,249438.0,94
201800041645,18,1,6,1425,1,2,3,1.0,6.0,94018,M,4882821.0,240524.0,94
201800041646,18,1,9,2008,5,2,1,2.0,7.0,94069,M,4882367.0,242902.0,94
201800041647,18,1,13,2110,5,2,2,1.0,3.0,94069,M,4881726.0,245892.0,94
201800041648,18,1,14,228,5,2,1,1.0,3.0,94018,M,4882945.0,240272.0,94
201800041649,18,1,29,2337,5,2,2,1.0,2.0,94069,M,4881874.0,241966.0,94
201800041650,18,2,1,805,2,2,3,8.0,3.0,94018,M,4881996.0,240445.0,94
201800041651,18,2,9,1232,1,2,1,4.0,6.0,94018,M,4881787.0,241710.0,94
201800041652,18,2,22,1210,1,2,1,1.0,3.0,94018,M,4882894.0,240214.0,94
201800041653,18,2,24,540,5,2,3,1.0,1.0,94018,M,4882497.0,239384.0,94
201800041654,18,2,27,1950,5,2,3,1.0,1.0,94069,M,4881811.0,243230.0,94
201800041655,18,3,6,235,5,1,2,1.0,6.0,94069,M,4881703.0,245863.0,94
201800041656,18,3,13,1810,2,2,1,8.0,6.0,94069,M,4881760.0,246040.0,94
201800041657,18,3,27,1745,1,2,1,2.0,2.0,94018,M,4882190.0,240240.0,94
201800041658,18,4,7,1115,1,2,3,1.0,6.0,94018,M,4881914.0,240782.0,94
201800041659,18,4,17,2210,5,2,1,1.0,7.0,94018,M,4881908.0,240576.0,94
201800041660,18,4,20,1535,1,2,3,1.0,6.0,94018,M,4882850.0,240282.0,94
201800041661,18,4,25,1755,1,2,2,1.0,6.0,94018,M,4882594.0,240682.0,94
201800041662,18,4,27,1425,1,2,2,1.0,3.0,94018,M,4882785.0,240374.0,94
201800041663,18,5,2,1035,1,2,1,1.0,6.0,94018,M,4882007.0,241560.0,94
201800041664,18,5,5,1130,1,2,1,1.0,6.0,94018,M,4882252.0,241249.0,94
201800041665,18,5,11,1512,1,2,1,1.0,3.0,94018,M,4881824.0,242009.0,94
201800041666,18,5,14,1715,1,2,1,8.0,7.0,94018,M,4881952.0,241394.0,94
201800041667,18,5,12,45,5,2,1,1.0,3.0,94069,M,4881790.0,242500.0,94
201800041668,18,6,1,1518,1,2,4,1.0,6.0,94018,M,4882101.0,241472.0,94
201800041669,18,6,5,850,1,2,1,3.0,3.0,94018,M,4882000.0,240477.0,94
201800041670,18,6,7,100,5,2,1,1.0,6.0,94018,M,4881870.0,241066.0,94
201800041671,18,6,11,1445,1,2,1,2.0,6.0,94018,M,4881717.0,241711.0,94
201800041672,18,6,16,10,5,2,1,1.0,1.0,94018,M,4881771.0,241965.0,94
201800041673,18,6,26,840,1,2,1,1.0,6.0,94018,M,4882724.0,240651.0,94
201800041674,18,7,7,1120,1,2,1,1.0,3.0,94018,M,4882563.0,239240.0,94
201800041675,18,7,10,905,1,2,1,1.0,3.0,94018,M,4882210.0,239867.0,94
201800041676,18,7,11,1005,1,2,1,1.0,3.0,94018,M,4882700.0,240491.0,94
201800041677,18,7,20,1625,1,2,1,2.0,2.0,94018,M,4882473.0,240842.0,94
201800041678,18,7,23,1730,1,1,9,1.0,6.0,94018,M,4882010.0,241430.0,94
201800041679,18,8,11,900,1,2,9,1.0,6.0,94018,M,4881716.0,241711.0,94
201800041680,18,8,23,1920,1,2,1,1.0,1.0,94018,M,4882626.0,240618.0,94
201800041681,18,8,23,2100,2,2,9,1.0,6.0,94069,M,4881777.0,242166.0,94
201800041682,18,8,28,1840,1,2,1,1.0,2.0,94041,M,4880784.0,237486.0,94
201800041683,18,8,31,949,1,2,1,1.0,2.0,94069,M,4881977.0,242653.0,94
201800041684,18,9,5,2100,5,2,3,1.0,6.0,94067,M,4884124.0,241513.0,94
201800041685,18,9,15,1110,1,2,1,1.0,6.0,94041,M,4881300.0,238580.0,94
201800041686,18,9,21,910,1,2,1,2.0,2.0,94018,M,4882676.0,240687.0,94
201800041687,18,9,24,1825,1,2,3,1.0,3.0,94018,M,4882360.0,239690.0,94
201800041688,18,10,2,920,1,2,1,1.0,3.0,94018,M,4882360.0,241030.0,94
201800041689,18,10,9,1910,1,2,1,1.0,3.0,94069,M,4881600.0,246088.0,94
201800041690,18,10,15,2140,5,2,3,1.0,3.0,94018,M,4882322.0,239631.0,94
201800041691,18,10,15,2350,5,2,2,1.0,6.0,94018,M,4882181.0,241314.0,94
201800041692,18,10,18,326,5,2,1,1.0,6.0,94018,M,4882331.0,239602.0,94
201800041693,18,10,18,2110,4,2,2,1.0,3.0,94018,M,4881777.0,241976.0,94
201800041694,18,10,24,905,1,2,6,1.0,6.0,94069,M,4881490.0,246162.0,94
201800041695,18,11,4,214,5,2,9,9.0,6.0,94018,M,4881916.0,240780.0,94
201800041696,18,11,4,1900,5,2,5,1.0,2.0,94069,M,4881805.0,242433.0,94
201800041697,18,11,5,1800,5,2,1,1.0,3.0,94018,M,4881800.0,241290.0,94
201800041698,18,11,7,840,1,2,9,2.0,3.0,94069,M,4881443.0,246237.0,94
201800041699,18,11,8,1720,5,2,2,1.0,3.0,94069,M,4882211.0,242331.0,94
201800041700,18,11,10,2105,5,2,2,2.0,5.0,94018,M,4882592.0,240691.0,94
201800041701,18,11,12,1220,1,2,1,2.0,6.0,94018,M,4882030.0,241431.0,94
201800041702,18,11,14,1745,2,2,9,1.0,2.0,94018,M,4882001.0,240478.0,94
201800041703,18,11,26,1105,1,2,1,2.0,2.0,94018,M,4882353.0,241986.0,94
201800041704,18,11,30,1335,1,2,9,1.0,3.0,94018,M,4881934.0,240415.0,94
201800041705,18,12,7,1620,1,2,3,2.0,1.0,94069,M,4881810.0,243232.0,94
201800041706,18,1,3,130,5,2,1,2.0,6.0,94059,M,4880586.0,258610.0,94
201800041707,18,1,4,1440,1,2,3,2.0,3.0,94019,M,4879237.0,252597.0,94
201800041708,18,1,10,2000,5,2,3,1.0,3.0,94079,M,4882892.0,255513.0,94
201800041709,18,1,16,1740,4,2,3,3.0,6.0,94019,M,4879833.0,255393.0,94
201800041710,18,1,17,1915,5,2,1,1.0,1.0,94059,M,4881819.0,255930.0,94
201800041711,18,1,18,2005,5,2,3,2.0,6.0,94079,M,4882668.0,253883.0,94
201800041712,18,1,19,830,2,2,3,1.0,3.0,94079,M,4882212.0,255407.0,94
201800041713,18,12,5,840,1,2,1,1.0,1.0,94019,M,4879545.0,256086.0,94
201800041714,18,1,29,510,5,2,4,8.0,6.0,94079,M,4882356.0,254116.0,94
201800041715,18,1,29,1830,5,2,3,9.0,2.0,94055,M,4878923.0,253148.0,94
201800041716,18,1,30,900,1,2,2,1.0,3.0,94079,M,4882357.0,256062.0,94
201800041717,18,2,1,1750,5,2,1,2.0,1.0,94019,M,4879645.0,253188.0,94
201800041718,18,2,2,1840,5,2,4,1.0,6.0,94060,M,4878729.0,258328.0,94
201800041719,18,2,3,1830,5,2,2,2.0,6.0,94079,M,4883291.0,254414.0,94
201800041720,18,2,9,1910,5,2,1,4.0,6.0,94019,M,4880197.0,255267.0,94
201800041721,18,2,12,630,3,2,1,4.0,6.0,94060,M,4879097.0,255683.0,94
201800041722,18,2,13,800,1,2,3,1.0,1.0,94060,M,4878089.0,257838.0,94
201800041723,18,2,13,1940,5,2,1,3.0,6.0,94060,M,4878972.0,257457.0,94
201800041724,18,2,19,1630,1,2,1,2.0,6.0,94079,M,4882818.0,253970.0,94
201800041725,18,2,20,1,5,2,1,2.0,2.0,94019,M,4880280.0,253853.0,94
201800041726,18,3,1,825,1,2,1,4.0,3.0,94055,M,4879331.0,254976.0,94
201800041727,18,3,3,100,5,2,2,1.0,3.0,94055,M,4879622.0,254942.0,94
201800041728,18,3,6,1934,5,2,1,8.0,1.0,94079,M,4882242.0,255328.0,94
201800041729,18,3,12,905,1,2,1,1.0,3.0,94079,M,4882725.0,252929.0,94
201800041730,18,3,12,1500,1,2,1,1.0,2.0,94060,M,4877998.0,257836.0,94
201800041731,18,3,21,1735,1,2,1,1.0,2.0,94059,M,4881200.0,567270.0,94
201800041732,18,3,23,1714,1,2,1,2.0,6.0,94055,M,4879280.0,255425.0,94
201800041733,18,3,27,1815,1,2,1,2.0,6.0,94019,M,4880558.0,253247.0,94
201800041734,18,4,3,730,1,2,6,2.0,3.0,94059,M,4880116.0,257518.0,94
201800041735,18,4,4,745,1,2,4,2.0,6.0,94019,M,4880189.0,254005.0,94
201800041736,18,4,6,1320,1,2,5,7.0,3.0,94060,M,4878147.0,257016.0,94
201800041737,18,4,6,1600,1,2,3,1.0,3.0,94059,M,4880474.0,258506.0,94
201800041738,18,4,9,1815,1,2,2,2.0,3.0,94059,M,4881917.0,256383.0,94
201800041739,18,4,10,1905,1,2,7,1.0,6.0,94079,M,4883140.0,253990.0,94
201800041740,18,4,12,1200,1,2,1,1.0,3.0,94079,M,4882000.0,254000.0,94
201800041741,18,4,12,1815,1,2,2,2.0,3.0,94079,M,4882356.0,256061.0,94
201800041742,18,4,14,1755,1,2,3,1.0,6.0,94019,M,4879921.0,254216.0,94
201800041743,18,4,18,1630,1,2,2,1.0,3.0,94079,M,4882898.0,253581.0,94
201800041744,18,4,20,2141,5,2,5,1.0,2.0,94019,M,4879892.0,254517.0,94
201800041745,18,4,21,940,1,2,4,1.0,3.0,94055,M,4878988.0,253169.0,94
201800041746,18,4,24,1745,1,2,6,1.0,7.0,94059,M,4880523.0,258518.0,94
201800041747,18,4,28,445,5,2,1,1.0,6.0,94055,M,4879130.0,253350.0,94
201800041748,18,5,4,1844,1,2,9,1.0,1.0,94079,M,4882710.0,254093.0,94
201800041749,18,5,11,1615,1,2,1,1.0,6.0,94079,M,4883100.0,253400.0,94
201800041750,18,5,14,735,1,2,1,2.0,3.0,94019,M,4878900.0,252170.0,94
201800041751,18,5,15,2005,2,2,1,1.0,2.0,94060,M,4878970.0,258592.0,94
201800041752,18,5,17,1525,1,2,2,1.0,6.0,94079,M,4882065.0,255630.0,94
201800041753,18,5,24,1730,1,2,1,1.0,2.0,94055,M,4879452.0,255177.0,94
201800041754,18,5,24,1909,1,2,3,1.0,1.0,94019,M,4880200.0,255000.0,94
201800041755,18,5,25,1230,1,1,1,1.0,3.0,94019,M,4879670.0,254030.0,94
201800041756,18,5,26,1435,1,2,1,1.0,2.0,94019,M,4880000.0,252000.0,94
201800041757,18,5,31,1645,1,2,7,8.0,7.0,94019,M,4879630.0,253130.0,94
201800041758,18,6,6,1700,1,2,6,8.0,3.0,94059,M,4880607.0,257734.0,94
201800041759,18,5,20,520,2,2,1,1.0,6.0,94060,M,4878018.0,257214.0,94
201800041760,18,6,7,1825,1,2,1,1.0,3.0,94019,M,4879961.0,253923.0,94
201800041761,18,6,7,1850,1,2,2,1.0,3.0,94079,M,4882067.0,253065.0,94
201800041762,18,6,8,1145,1,2,1,1.0,6.0,94059,M,4880930.0,257344.0,94
201800041763,18,6,12,800,1,2,1,2.0,6.0,94059,M,4880700.0,257643.0,94
201800041764,18,6,13,1055,1,2,1,1.0,4.0,94055,M,4878390.0,253604.0,94
201800041765,18,6,13,1650,1,2,1,1.0,3.0,94019,M,4878000.0,252000.0,94
201800041766,18,6,16,40,3,2,1,1.0,3.0,94079,M,4883500.0,253960.0,94
201800041767,18,6,21,2000,1,2,1,1.0,3.0,94019,M,4879370.0,253312.0,94
201800041768,18,6,22,1700,1,2,1,1.0,3.0,94055,M,4878080.0,252164.0,94
201800041769,18,6,26,1600,1,2,1,1.0,4.0,94055,M,4879259.0,255395.0,94
201800041770,18,6,27,1200,1,2,1,1.0,3.0,94079,M,4882650.0,256141.0,94
201800041771,18,6,28,108,4,1,1,1.0,7.0,94053,M,4878090.0,256190.0,94
201800041772,18,6,29,1215,1,2,1,1.0,6.0,94055,M,4879280.0,255432.0,94
201800041773,18,6,29,1910,1,2,2,1.0,3.0,94059,M,4881990.0,256038.0,94
201800041774,18,7,3,830,1,2,1,1.0,2.0,94055,M,4878438.0,253563.0,94
201800041775,18,7,3,1000,1,2,3,1.0,3.0,94019,M,4878758.0,252068.0,94
201800041776,18,7,9,945,1,2,1,1.0,2.0,94053,M,4877560.0,254860.0,94
201800041777,18,7,16,1800,1,2,3,1.0,3.0,94053,M,4877673.0,253450.0,94
201800041778,18,7,23,2140,2,2,2,1.0,3.0,94060,M,4878194.0,256989.0,94
201800041779,18,7,24,1530,1,2,2,1.0,6.0,94055,M,4878950.0,253644.0,94
201800041780,18,7,28,1935,1,2,2,1.0,3.0,94059,M,4880820.0,257731.0,94
201800041781,18,7,31,1835,1,2,3,1.0,3.0,94079,M,4883016.0,255024.0,94
201800041782,18,8,3,840,1,2,6,1.0,3.0,94019,M,4879200.0,253260.0,94
201800041783,18,8,9,1230,1,2,1,1.0,6.0,94055,M,4879410.0,255682.0,94
201800041784,18,8,12,1645,1,2,3,1.0,3.0,94055,M,4878546.0,253908.0,94
201800041785,18,8,20,2130,5,2,3,1.0,3.0,94055,M,4879540.0,255020.0,94
201800041786,18,8,24,920,1,2,3,1.0,3.0,94079,M,4882123.0,255565.0,94
201800041787,18,8,26,1200,1,2,1,1.0,3.0,94019,M,4880276.0,253865.0,94
201800041788,18,8,31,840,1,2,3,1.0,3.0,94059,M,4881755.0,256001.0,94
201800041789,18,9,4,1530,1,2,1,1.0,6.0,94019,M,4879656.0,253050.0,94
201800041790,18,9,7,1115,1,2,1,2.0,6.0,94019,M,4879640.0,253121.0,94
201800041791,18,9,11,1340,1,2,1,1.0,6.0,94019,M,4879751.0,254278.0,94
201800041792,18,9,12,1700,1,2,1,1.0,7.0,94019,M,4878610.0,251955.0,94
201800041793,18,9,14,755,1,2,1,1.0,2.0,94019,M,4879588.0,256049.0,94
201800041794,18,9,18,825,1,2,1,1.0,1.0,94019,M,4880000.0,254000.0,94
201800041795,18,9,19,1945,2,1,1,1.0,5.0,94060,M,4879588.0,256398.0,94
201800041796,18,9,20,1845,1,2,1,1.0,6.0,94019,M,4880188.0,253353.0,94
201800041797,18,9,21,1610,1,2,3,1.0,3.0,94060,M,4878894.0,258471.0,94
201800041798,18,9,25,1920,2,1,9,1.0,4.0,94053,M,4877920.0,255740.0,94
201800041799,18,9,29,1725,1,2,3,1.0,3.0,94059,M,4881941.0,255792.0,94
201800041800,18,10,6,1538,1,2,2,1.0,3.0,94055,M,4879688.0,254849.0,94
201800041801,18,10,8,2140,5,2,2,1.0,3.0,94059,M,4882115.0,256287.0,94
201800041802,18,10,17,1310,1,2,1,1.0,4.0,94055,M,4878926.0,254865.0,94
201800041803,18,10,19,950,1,2,2,1.0,6.0,94059,M,4880945.0,257487.0,94
201800041804,18,10,27,2004,5,2,1,8.0,7.0,94060,M,4879362.0,257947.0,94
201800041805,18,10,29,1747,5,2,3,2.0,6.0,94079,M,4882103.0,255624.0,94
201800041806,18,10,30,1950,3,2,1,1.0,4.0,94053,M,4877758.0,255281.0,94
201800041807,18,11,2,1600,1,2,1,1.0,6.0,94055,M,4879050.0,253440.0,94
201800041808,18,11,9,2320,5,2,3,1.0,1.0,94060,M,4878304.0,257830.0,94
201800041809,18,11,12,1010,1,2,1,2.0,2.0,94055,M,4879000.0,255000.0,94
201800041810,18,11,14,910,1,2,6,1.0,6.0,94059,M,4880000.0,257000.0,94
201800041811,18,11,14,1740,3,1,1,1.0,3.0,94055,M,4878787.0,256186.0,94
201800041812,18,11,15,1006,1,2,1,8.0,3.0,94055,M,4878320.0,253427.0,94
201800041813,18,11,16,1040,1,2,7,8.0,7.0,94079,M,4883191.0,253356.0,94
201800041814,18,11,18,1140,1,2,2,1.0,1.0,94053,M,4877630.0,254990.0,94
201800041815,18,11,25,320,5,2,1,1.0,1.0,94059,M,4882008.0,255719.0,94
201800041816,18,11,26,1700,3,2,1,2.0,6.0,94060,M,4879221.0,257845.0,94
201800041817,18,11,30,2210,5,2,1,1.0,7.0,94079,M,4883000.0,254000.0,94
201800041818,18,12,5,1235,1,2,1,1.0,6.0,94059,M,4880631.0,258162.0,94
201800041819,18,12,5,2300,5,2,1,2.0,6.0,94079,M,4883510.0,254740.0,94
201800041820,18,12,8,1535,1,2,1,2.0,6.0,94019,M,4880238.0,253807.0,94