Num_Acc,an,mois,jour,hrmn,lum,agg,int,atm,col,com,gps,lat,long,dep
201800041821,18,12,13,710,5,2,2,1.0,7.0,94059,M,4880776.0,256506.0,94
201800041822,18,12,14,1820,5,2,1,1.0,2.0,94019,M,4879918.0,253329.0,94
201800041823,18,12,19,1815,5,2,6,2.0,2.0,94079,M,4882296.0,254948.0,94
201800041824,18,12,21,1315,1,2,1,8.0,6.0,94059,M,4881214.0,257499.0,94
201800041825,18,12,21,1515,1,2,1,2.0,2.0,94019,M,4880560.0,253370.0,94
201800041826,18,12,21,2137,3,1,1,3.0,6.0,94019,M,4880130.0,255280.0,94
201800041827,18,12,24,1700,1,2,1,1.0,6.0,94019,M,4880120.0,253767.0,94
201800041828,18,12,25,2100,5,2,3,1.0,1.0,94019,M,4879629.0,253362.0,94
201800041829,18,12,30,550,5,2,1,8.0,6.0,94055,M,4879170.0,255520.0,94
201800041830,18,12,31,1910,5,2,3,4.0,3.0,94059,M,4880997.0,258002.0,94
201800041831,18,1,5,2005,5,2,1,2.0,6.0,94022,M,4876611.0,241121.0,94
201800041832,18,1,14,2100,5,2,3,1.0,6.0,94073,M,4876598.0,239870.0,94
201800041833,18,1,16,740,5,2,1,2.0,6.0,94022,M,4876151.0,242113.0,94
201800041834,18,1,17,1537,1,1,3,8.0,3.0,94054,M,4874478.0,238632.0,94
201800041835,18,1,18,830,1,2,3,1.0,3.0,94054,M,4874512.0,238601.0,94
201800041836,18,1,24,1245,1,2,2,1.0,6.0,94054,M,4874862.0,241210.0,94
201800041837,18,1,25,713,5,2,1,2.0,6.0,94054,M,4875063.0,238872.0,94
201800041838,18,1,25,1907,1,2,2,1.0,3.0,94022,M,4877282.0,239997.0,94
201800041839,18,1,29,1400,1,2,1,1.0,3.0,94054,M,4874733.0,241433.0,94
201800041840,18,1,30,705,2,2,2,9.0,3.0,94022,M,4876244.0,241093.0,94
201800041841,18,1,31,1710,1,2,1,2.0,1.0,94022,M,4876516.0,241190.0,94
201800041842,18,1,11,655,3,2,1,2.0,1.0,94054,M,4873720.0,239706.0,94
201800041843,18,1,29,50,5,2,3,1.0,3.0,94054,M,4874864.0,241206.0,94
201800041844,18,2,6,935,1,2,3,4.0,3.0,94022,M,4875927.0,241242.0,94
201800041845,18,2,27,1105,1,2,3,8.0,2.0,94022,M,4876163.0,240738.0,94
201800041846,18,3,17,1430,1,2,2,2.0,3.0,94022,M,4877073.0,240138.0,94
201800041847,18,3,26,840,1,2,2,1.0,5.0,94022,M,4876142.0,240320.0,94
201800041848,18,3,26,2310,5,2,1,1.0,6.0,94054,M,4874482.0,238736.0,94
201800041849,18,3,27,750,1,2,1,2.0,6.0,94022,M,4876108.0,241421.0,94
201800041850,18,3,27,1818,1,2,1,1.0,6.0,94022,M,4877199.0,242258.0,94
201800041851,18,3,30,10,4,2,1,2.0,2.0,94054,M,4874536.0,238474.0,94
201800041852,18,4,6,2000,1,2,3,1.0,6.0,94054,M,4874834.0,240511.0,94
201800041853,18,4,7,1930,1,2,2,1.0,6.0,94054,M,4874756.0,240581.0,94
201800041854,18,4,10,2115,5,2,1,2.0,3.0,94022,M,4875736.0,241356.0,94
201800041855,18,4,13,2315,3,2,1,1.0,2.0,94022,M,4877210.0,240260.0,94
201800041856,18,4,19,1630,1,2,1,1.0,6.0,94022,M,4877038.0,242635.0,94
201800041857,18,4,24,2150,5,2,1,1.0,6.0,94022,M,4876712.0,241928.0,94
201800041858,18,5,1,2300,3,2,1,1.0,7.0,94022,M,4875658.0,241409.0,94
201800041859,18,5,3,1130,1,2,1,1.0,3.0,94022,M,4872848.0,246553.0,94
201800041860,18,5,5,1500,1,2,1,1.0,1.0,94054,M,4874539.0,238433.0,94
201800041861,18,4,13,1735,1,2,1,1.0,4.0,94022,M,4876411.0,241021.0,94
201800041862,18,5,11,1603,1,2,3,1.0,6.0,94022,M,4875910.0,242310.0,94
201800041863,18,5,13,1516,1,2,1,1.0,6.0,94022,M,4876558.0,241001.0,94
201800041864,18,5,11,1115,1,2,1,1.0,6.0,94022,M,4876803.0,241850.0,94
201800041865,18,5,18,2000,1,2,3,1.0,3.0,94054,M,4874470.0,239465.0,94
201800041866,18,5,25,1515,1,2,3,1.0,3.0,94022,M,4876638.0,240397.0,94
201800041867,18,5,26,730,1,2,2,1.0,3.0,94054,M,4875481.0,241508.0,94
201800041868,18,5,26,2355,4,1,1,1.0,2.0,94022,M,4877318.0,240187.0,94
201800041869,18,6,2,2100,2,2,3,1.0,3.0,94022,M,4876929.0,242229.0,94
201800041870,18,6,5,2335,5,2,9,2.0,7.0,94054,M,4874640.0,238360.0,94
201800041871,18,6,15,1530,1,2,3,1.0,3.0,94054,M,4874758.0,238930.0,94
201800041872,18,6,19,2240,5,2,1,1.0,3.0,94022,M,4876579.0,241047.0,94
201800041873,18,6,23,2320,5,1,1,1.0,4.0,91479,M,4873665.0,236476.0,91
201800041874,18,6,24,1045,1,2,2,1.0,6.0,94022,M,4875854.0,241291.0,94
201800041875,18,6,21,1120,1,2,1,1.0,6.0,94022,M,4876753.0,241708.0,94
201800041876,18,6,25,1650,1,2,1,1.0,6.0,94022,M,4876547.0,240836.0,94
201800041877,18,7,6,720,1,2,9,1.0,3.0,94022,M,4877140.0,241388.0,94
201800041878,18,7,25,1640,1,2,3,1.0,3.0,94022,M,4875758.0,241007.0,94
201800041879,18,8,6,1954,1,2,1,1.0,6.0,94022,M,4876860.0,240751.0,94
201800041880,18,8,6,1930,1,2,3,1.0,3.0,94022,M,4875512.0,241970.0,94
201800041881,18,7,16,2218,3,2,3,1.0,3.0,94022,M,4875873.0,240934.0,94
201800041882,18,7,21,550,3,2,1,1.0,6.0,91479,M,4873778.0,236431.0,91
201800041883,18,8,12,1650,1,2,3,1.0,1.0,94022,M,4876869.0,242078.0,94
201800041884,18,8,12,2210,5,2,9,2.0,3.0,94022,M,4877260.0,240034.0,94
201800041885,18,8,13,250,5,2,9,2.0,3.0,94022,M,4877380.0,239945.0,94
201800041886,18,8,13,1030,1,2,9,1.0,6.0,94022,M,4876443.0,240590.0,94
201800041887,18,8,21,450,5,2,4,1.0,7.0,94054,M,4874612.0,238223.0,94
201800041888,18,8,31,1750,1,2,9,1.0,2.0,94022,M,4876724.0,240393.0,94
201800041889,18,9,6,320,5,2,1,1.0,2.0,94078,M,4873545.0,244684.0,94
201800041890,18,9,9,1912,1,2,2,1.0,3.0,94022,M,4877336.0,240941.0,94
201800041891,18,9,10,2000,2,2,1,1.0,6.0,94022,M,4876565.0,241174.0,94
201800041892,18,9,15,1820,1,2,3,1.0,5.0,94022,M,4876867.0,241387.0,94
201800041893,18,9,20,1455,1,2,1,1.0,1.0,94022,M,4875583.0,241243.0,94
201800041894,18,9,23,1440,1,2,2,2.0,3.0,94022,M,4877006.0,241813.0,94
201800041895,18,9,26,1745,1,1,1,1.0,6.0,94022,M,4876850.0,242023.0,94
201800041896,18,10,5,2010,5,2,2,1.0,3.0,94054,M,4875027.0,241317.0,94
201800041897,18,10,6,710,5,2,1,1.0,4.0,94022,M,4876466.0,240511.0,94
201800041898,18,10,7,50,5,2,1,1.0,1.0,94054,M,4874861.0,238986.0,94
201800041899,18,10,11,1005,1,2,5,1.0,3.0,94022,M,4876425.0,240551.0,94
201800041900,18,10,11,1755,1,2,1,1.0,6.0,94022,M,4876584.0,241045.0,94
201800041901,18,10,16,1245,1,2,1,1.0,2.0,94022,M,4876622.0,241184.0,94
201800041902,18,10,16,1820,1,2,1,1.0,6.0,94022,M,4876553.0,241018.0,94
201800041903,18,10,17,1255,1,2,9,1.0,3.0,94022,M,4877290.0,240197.0,94
201800041904,18,10,19,1828,1,2,1,1.0,6.0,94022,M,4876036.0,241171.0,94
201800041905,18,10,24,1020,1,2,3,1.0,2.0,94054,M,4874712.0,241615.0,94
201800041906,18,10,24,2200,5,2,1,1.0,3.0,94022,M,4875429.0,240530.0,94
201800041907,18,10,28,1230,1,2,1,1.0,6.0,94054,M,4874064.0,238887.0,94
201800041908,18,11,2,1605,1,2,2,1.0,3.0,94022,M,4876704.0,241433.0,94
201800041909,18,11,2,1815,5,2,3,1.0,6.0,94022,M,4877201.0,241494.0,94
201800041910,18,11,5,740,2,2,1,1.0,6.0,94022,M,4886272.0,228759.0,94
201800041911,18,11,5,1715,1,2,1,1.0,6.0,94054,M,4874995.0,240706.0,94
201800041912,18,11,9,1840,5,2,9,1.0,3.0,94054,M,4873992.0,238970.0,94
201800041913,18,11,10,1230,1,2,3,2.0,2.0,94054,M,4875660.0,240460.0,94
201800041914,18,11,10,1516,1,2,3,8.0,3.0,94022,M,4876309.0,240139.0,94
201800041915,18,11,1,800,2,2,9,1.0,4.0,94022,M,4877321.0,240179.0,94
201800041916,18,11,16,2340,5,2,1,1.0,5.0,94022,M,4877354.0,240997.0,94
201800041917,18,11,17,2050,5,2,9,1.0,3.0,94054,M,4874620.0,237052.0,94
201800041918,18,11,15,940,1,2,1,1.0,3.0,94054,M,4875123.0,241346.0,94
201800041919,18,11,25,1725,4,2,2,1.0,3.0,94054,M,4875210.0,238770.0,94
201800041920,18,11,30,2140,5,2,1,1.0,6.0,94022,M,4876528.0,240881.0,94
201800041921,18,11,30,2235,5,1,1,1.0,4.0,94054,M,4873751.0,236438.0,94
201800041922,18,12,3,1405,1,2,2,2.0,6.0,94022,M,4876459.0,240595.0,94
201800041923,18,12,4,1220,1,2,3,1.0,2.0,94022,M,4876879.0,241375.0,94
201800041924,18,12,7,2319,5,2,3,1.0,3.0,94022,M,4877299.0,241460.0,94
201800041925,18,12,11,840,1,2,1,1.0,6.0,94022,M,4876028.0,240634.0,94
201800041926,18,12,19,840,1,2,1,2.0,6.0,94022,M,4876930.0,242210.0,94
201800041927,18,12,19,2345,5,2,2,1.0,3.0,94073,M,4874611.0,236956.0,94
201800041928,18,12,23,1900,5,1,1,2.0,3.0,94022,M,4877367.0,240036.0,94
201800041929,18,1,2,1125,1,2,1,1.0,6.0,94028,M,4878550.0,243400.0,94
201800041930,18,1,2,2015,5,2,3,2.0,3.0,94028,M,4876818.0,246981.0,94
201800041931,18,1,3,1710,5,2,1,1.0,6.0,94028,M,4878515.0,246292.0,94
201800041932,18,1,3,1820,5,2,2,2.0,3.0,94028,M,4880007.0,246640.0,94
201800041933,18,1,4,1330,1,2,3,2.0,3.0,94028,M,4879271.0,245922.0,94
201800041934,18,1,8,1528,1,2,6,7.0,3.0,94011,M,4875682.0,248330.0,94
201800041935,18,1,8,1540,1,2,3,1.0,6.0,94011,M,4877030.0,248374.0,94
201800041936,18,1,11,1215,1,2,2,2.0,3.0,94028,M,4879774.0,244826.0,94
201800041937,18,1,16,1710,5,2,1,2.0,6.0,94028,M,4877852.0,245769.0,94
201800041938,18,1,18,5,5,2,6,2.0,6.0,94011,M,4878010.0,247587.0,94
201800041939,18,1,19,745,3,2,1,1.0,6.0,94011,M,4877110.0,247724.0,94
201800041940,18,1,21,55,5,2,1,2.0,6.0,94028,M,4876941.0,246059.0,94
201800041941,18,1,21,1825,4,2,6,2.0,3.0,94028,M,4877471.0,243936.0,94
201800041942,18,1,22,840,1,2,2,2.0,3.0,94011,M,4876305.0,247944.0,94
201800041943,18,1,24,1710,1,2,1,1.0,6.0,94028,M,4878374.0,245456.0,94
201800041944,18,1,27,1025,1,2,1,2.0,3.0,94011,M,4876528.0,248949.0,94
201800041945,18,1,28,1835,5,2,3,8.0,6.0,94028,M,4876940.0,246134.0,94
201800041946,18,1,29,1120,1,2,1,1.0,4.0,94011,M,4877154.0,249011.0,94
201800041947,18,1,12,1920,5,2,2,1.0,3.0,94028,M,4880581.0,245545.0,94
201800041948,18,1,30,1600,1,2,2,1.0,6.0,94028,M,4879352.0,246071.0,94
201800041949,18,1,31,1030,1,2,1,8.0,6.0,94028,M,4878995.0,245260.0,94
201800041950,18,2,2,1450,1,2,2,8.0,6.0,94028,M,4879765.0,245622.0,94
201800041951,18,2,6,1555,1,2,1,4.0,6.0,94028,M,4880502.0,246279.0,94
201800041952,18,2,8,1737,1,2,1,8.0,6.0,94028,M,4878552.0,245748.0,94
201800041953,18,2,16,1010,1,2,3,1.0,6.0,94028,M,4880520.0,245725.0,94
201800041954,18,2,18,1845,4,2,1,1.0,6.0,94011,M,4877027.0,248587.0,94
201800041955,18,2,20,1110,1,2,3,1.0,4.0,94028,M,4879008.0,246093.0,94
201800041956,18,2,25,2320,5,2,1,1.0,6.0,94028,M,4877315.0,243996.0,94
201800041957,18,2,27,1100,1,2,1,1.0,3.0,94028,M,4880082.0,245037.0,94
201800041958,18,3,6,920,1,2,1,1.0,3.0,94028,M,4879960.0,245420.0,94
201800041959,18,3,7,1433,1,2,1,2.0,2.0,94011,M,4877385.0,248793.0,94
201800041960,18,3,8,950,1,2,6,1.0,3.0,94028,M,4877481.0,243933.0,94
201800041961,18,3,8,1745,1,2,1,3.0,5.0,94028,M,4879738.0,244836.0,94
201800041962,18,3,15,1210,1,2,1,1.0,3.0,94028,M,4879958.0,246811.0,94
201800041963,18,3,15,1640,1,2,1,1.0,2.0,94028,M,4878782.0,245064.0,94
201800041964,18,3,16,1220,1,2,6,1.0,3.0,94028,M,4877405.0,243960.0,94
201800041965,18,3,23,1500,1,2,1,8.0,3.0,94011,M,4877388.0,248656.0,94
201800041966,18,3,29,1635,1,2,1,1.0,6.0,94028,M,4877950.0,245508.0,94
201800041967,18,3,29,1945,1,2,3,2.0,6.0,94011,M,4876760.0,248630.0,94
201800041968,18,4,3,1245,1,2,1,8.0,6.0,94011,M,4877184.0,249015.0,94
201800041969,18,4,6,1345,1,2,9,1.0,2.0,94028,M,4878202.0,245712.0,94
201800041970,18,4,7,1030,1,2,3,1.0,6.0,94028,M,4878770.0,244634.0,94
201800041971,18,4,15,1830,1,2,3,1.0,6.0,94028,M,4877431.0,246717.0,94
201800041972,18,4,16,1450,1,2,1,1.0,6.0,94028,M,4877765.0,245701.0,94
201800041973,18,4,16,1855,1,2,1,1.0,2.0,94028,M,4879242.0,244535.0,94
201800041974,18,4,17,1952,1,2,6,1.0,2.0,94028,M,4876779.0,245544.0,94
201800041975,18,4,17,2310,5,2,1,1.0,7.0,94028,M,4879976.0,247007.0,94
201800041976,18,4,18,805,1,2,2,7.0,6.0,94011,M,4876507.0,248077.0,94
201800041977,18,4,18,2250,5,2,2,1.0,3.0,94028,M,4879434.0,246021.0,94
201800041978,18,4,21,1715,1,2,6,1.0,6.0,94011,M,4876910.0,248158.0,94
201800041979,18,4,24,2125,5,2,3,1.0,1.0,94028,M,4878366.0,244236.0,94
201800041980,18,4,25,910,1,2,1,1.0,7.0,94028,M,4878663.0,244991.0,94
201800041981,18,4,27,1845,1,2,6,1.0,3.0,94028,M,4876660.0,247205.0,94
201800041982,18,4,30,1325,1,2,3,2.0,3.0,94028,M,4879120.0,246032.0,94
201800041983,18,4,28,1900,1,2,2,1.0,3.0,94028,M,4878192.0,246464.0,94
201800041984,18,4,30,2033,2,2,1,2.0,6.0,94028,M,4876924.0,246455.0,94
201800041985,18,5,2,750,1,2,1,7.0,6.0,94028,M,4878242.0,246019.0,94
201800041986,18,4,29,2245,5,2,2,3.0,6.0,94028,M,4876821.0,247324.0,94
201800041987,18,5,2,1130,1,2,1,1.0,3.0,94028,M,4879480.0,244950.0,94
201800041988,18,5,7,1200,1,2,1,1.0,6.0,94028,M,4878845.0,245997.0,94
201800041989,18,5,8,510,5,2,1,1.0,6.0,94028,M,4877451.0,243898.0,94
201800041990,18,5,9,1530,1,2,2,1.0,6.0,94011,M,4877099.0,248514.0,94
201800041991,18,5,10,1744,1,2,1,1.0,3.0,94028,M,4877690.0,244147.0,94
201800041992,18,5,17,945,1,2,1,1.0,3.0,94028,M,4878120.0,243726.0,94
201800041993,18,5,19,1140,1,2,1,1.0,2.0,94028,M,4879753.0,245638.0,94
201800041994,18,5,21,1315,1,2,1,1.0,6.0,94028,M,4879285.0,245858.0,94
201800041995,18,5,25,1015,1,2,1,7.0,6.0,94011,M,4876875.0,248134.0,94
201800041996,18,5,28,650,1,2,1,1.0,3.0,94028,M,4879624.0,246351.0,94
201800041997,18,5,31,635,1,2,1,1.0,3.0,94028,M,4877690.0,243316.0,94
201800041998,18,6,1,630,1,2,1,1.0,1.0,94011,M,4878277.0,249985.0,94
201800041999,18,6,1,1000,1,2,1,1.0,2.0,94028,M,4878398.0,244734.0,94
201800042000,18,6,1,1555,1,2,9,1.0,6.0,94028,M,4879369.0,245603.0,94
201800042001,18,6,11,1430,1,2,9,2.0,3.0,94028,M,4878740.0,244628.0,94
201800042002,18,6,11,1740,1,2,1,9.0,6.0,94028,M,4876824.0,247209.0,94
201800042003,18,6,11,1940,1,2,2,1.0,3.0,94011,M,4876895.0,248538.0,94
201800042004,18,6,15,40,5,2,1,1.0,2.0,94028,M,4876983.0,246349.0,94
201800042005,18,6,15,1020,1,2,1,8.0,6.0,94028,M,4877805.0,245785.0,94
201800042006,18,6,15,2010,2,2,1,1.0,2.0,94028,M,4879004.0,244581.0,94
201800042007,18,6,18,2202,5,2,2,1.0,6.0,94011,M,4877342.0,249002.0,94
201800042008,18,6,20,845,1,2,2,1.0,3.0,94011,M,4876674.0,248452.0,94
201800042009,18,6,22,1850,1,2,1,1.0,6.0,94028,M,4877352.0,243645.0,94
201800042010,18,6,25,1810,1,2,1,1.0,3.0,94028,M,4877163.0,245867.0,94
201800042011,18,6,22,2353,5,2,1,1.0,5.0,94011,M,4877438.0,248981.0,94
201800042012,18,6,26,1510,1,2,3,1.0,3.0,94028,M,4878036.0,245701.0,94
201800042013,18,6,27,2020,1,2,6,1.0,2.0,94028,M,4876705.0,247203.0,94
201800042014,18,6,28,1815,1,2,1,7.0,2.0,94011,M,4877336.0,249300.0,94
201800042015,18,6,30,1215,1,2,1,1.0,2.0,94028,M,4879950.0,244890.0,94
201800042016,18,7,30,1301,1,2,6,1.0,2.0,94028,M,4876826.0,245814.0,94
201800042017,18,8,5,700,1,2,9,1.0,7.0,94028,M,4877445.0,243904.0,94
201800042018,18,7,30,1345,1,2,1,1.0,6.0,94011,M,4878223.0,250469.0,94
201800042019,18,8,12,1430,1,2,1,1.0,2.0,94028,M,4879225.0,245768.0,94
201800042020,18,8,17,905,1,2,1,1.0,6.0,94028,M,4877000.0,245000.0,94
201800042021,18,8,20,1750,1,2,1,1.0,6.0,94028,M,4877434.0,243876.0,94
201800042022,18,8,23,1500,1,2,3,7.0,3.0,94028,M,4878045.0,245750.0,94
201800042023,18,8,29,1640,1,2,3,1.0,3.0,94028,M,4877324.0,243978.0,94
201800042024,18,8,30,1145,1,2,9,1.0,3.0,94011,M,4875879.0,248122.0,94
201800042025,18,9,1,1720,1,2,9,1.0,3.0,94011,M,4875882.0,248125.0,94
201800042026,18,9,5,1255,1,2,6,1.0,6.0,94028,M,4877419.0,243995.0,94
201800042027,18,8,2,1145,1,2,1,1.0,2.0,94011,M,4875985.0,248018.0,94
201800042028,18,9,7,1650,1,2,1,1.0,3.0,94028,M,4877296.0,243439.0,94
201800042029,18,9,7,1710,1,2,3,1.0,3.0,94028,M,4877781.0,246260.0,94
201800042030,18,9,8,1150,1,2,9,1.0,6.0,94028,M,4879114.0,246222.0,94
201800042031,18,9,23,1530,1,2,1,3.0,1.0,94028,M,4880366.0,245330.0,94
201800042032,18,9,24,1015,1,2,6,1.0,3.0,94011,M,4876000.0,247000.0,94
201800042033,18,9,27,1530,1,2,1,1.0,6.0,94028,M,4879016.0,245265.0,94
201800042034,18,9,29,1145,1,2,9,1.0,3.0,94028,M,4878453.0,243657.0,94
201800042035,18,10,1,945,1,2,3,1.0,1.0,94011,M,4877298.0,249076.0,94
201800042036,18,10,4,1030,1,2,1,1.0,3.0,94011,M,4876663.0,248454.0,94
201800042037,18,10,5,1945,5,2,9,1.0,3.0,94028,M,4879527.0,245904.0,94
201800042038,18,10,8,1340,1,2,1,1.0,3.0,94011,M,4877066.0,248553.0,94
201800042039,18,10,11,1900,3,1,1,2.0,4.0,94028,M,4879189.0,244720.0,94
201800042040,18,10,11,2025,5,2,1,2.0,6.0,94028,M,4877000.0,245760.0,94
201800042041,18,10,12,1225,1,2,9,1.0,3.0,94028,M,4877700.0,243870.0,94
201800042042,18,10,19,805,1,2,1,1.0,6.0,94028,M,4877700.0,246900.0,94
201800042043,18,10,24,1945,5,2,3,1.0,3.0,94028,M,4878941.0,244858.0,94
201800042044,18,10,12,500,4,2,1,1.0,4.0,94011,M,4876130.0,248346.0,94
201800042045,18,10,26,2040,5,2,1,1.0,2.0,94028,M,4880105.0,245028.0,94
201800042046,18,10,30,1230,1,2,1,8.0,2.0,94028,M,4878600.0,244770.0,94
201800042047,18,11,2,2150,5,2,1,1.0,6.0,94028,M,4880300.0,246106.0,94
201800042048,18,11,5,1420,1,2,2,1.0,3.0,94028,M,4877710.0,246730.0,94
201800042049,18,11,5,1710,2,2,1,1.0,2.0,94028,M,4877790.0,243850.0,94
201800042050,18,11,6,1350,1,2,1,1.0,6.0,94028,M,4879457.0,244544.0,94
201800042051,18,11,6,1706,1,2,1,1.0,6.0,94028,M,4880084.0,245718.0,94
201800042052,18,11,8,1355,1,2,1,1.0,6.0,94028,M,4878284.0,246271.0,94
201800042053,18,11,10,1843,5,2,1,1.0,6.0,94011,M,4876902.0,248148.0,94
201800042054,18,11,13,1235,1,2,6,1.0,3.0,94028,M,4877752.0,245530.0,94
201800042055,18,11,14,1404,1,2,1,1.0,6.0,94011,M,4877109.0,249001.0,94
201800042056,18,11,17,830,1,2,2,1.0,3.0,94011,M,4878235.0,249516.0,94
201800042057,18,11,22,1845,5,2,1,2.0,2.0,94028,M,4877258.0,243990.0,94
201800042058,18,11,23,1530,1,2,2,8.0,3.0,94028,M,4877672.0,244150.0,94
201800042059,18,11,24,1450,1,2,1,2.0,2.0,94028,M,4879066.0,246300.0,94
201800042060,18,11,22,610,5,2,1,2.0,7.0,94028,M,4878901.0,246628.0,94
201800042061,18,12,2,1800,5,2,9,1.0,3.0,94028,M,4879270.0,245928.0,94
201800042062,18,12,3,200,5,2,1,2.0,6.0,94011,M,4876122.0,249686.0,94
201800042063,18,12,7,1950,5,2,3,1.0,3.0,94028,M,4877788.0,246256.0,94
201800042064,18,12,11,242,5,2,1,1.0,6.0,94011,M,4876670.0,248330.0,94
201800042065,18,12,14,1430,1,2,3,1.0,6.0,94028,M,4879375.0,246114.0,94
201800042066,18,12,19,1740,5,1,1,1.0,6.0,94028,M,4877412.0,243991.0,94
201800042067,18,12,19,1730,5,2,1,1.0,3.0,94011,M,4878063.0,247517.0,94
201800042068,18,12,20,1820,3,2,9,1.0,6.0,94028,M,4877769.0,246517.0,94
201800042069,18,12,23,2325,5,2,9,2.0,6.0,94028,M,4880160.0,245495.0,94
201800042070,18,12,24,1730,5,2,2,1.0,3.0,94011,M,4876600.0,248400.0,94
201800042071,18,12,27,225,5,2,1,1.0,6.0,94028,M,4879389.0,246091.0,94
201800042072,18,12,29,1050,1,2,1,1.0,6.0,94028,M,4877590.0,243875.0,94
201800042073,18,1,5,1105,1,2,1,8.0,6.0,94033,M,4884905.0,246791.0,94
201800042074,18,1,8,1750,2,2,1,1.0,1.0,94033,M,4884981.0,246544.0,94
201800042075,18,1,16,1345,1,2,1,2.0,1.0,94033,M,4885427.0,248805.0,94
201800042076,18,1,25,1630,1,2,1,2.0,4.0,94033,M,4885257.0,248963.0,94
201800042077,18,1,26,2300,5,2,1,8.0,6.0,94033,M,4885428.0,248438.0,94
201800042078,18,2,14,1915,5,2,5,2.0,6.0,94033,M,4885359.0,246986.0,94
201800042079,18,2,15,1010,1,2,3,2.0,4.0,94033,M,4885368.0,247467.0,94
201800042080,18,3,21,2010,5,2,3,1.0,3.0,94033,M,4885272.0,244925.0,94
201800042081,18,3,27,2300,5,2,1,1.0,2.0,94033,M,4885280.0,247756.0,94
201800042082,18,3,29,815,1,2,2,1.0,3.0,94033,M,4885120.0,247443.0,94
201800042083,18,4,3,2230,5,2,6,1.0,2.0,94033,M,4885822.0,247508.0,94
201800042084,18,4,11,820,1,2,1,1.0,3.0,94033,M,4885315.0,248723.0,94
201800042085,18,4,26,1545,1,2,1,1.0,2.0,94033,M,4885551.0,246798.0,94
201800042086,18,5,3,2115,5,2,2,1.0,6.0,94033,M,4884361.0,246599.0,94
201800042087,18,5,18,1750,1,2,1,1.0,6.0,94033,M,4885476.0,249562.0,94
201800042088,18,5,29,1750,1,2,1,1.0,6.0,94033,M,4885470.0,249293.0,94
201800042089,18,6,2,1430,1,2,2,1.0,3.0,94033,M,4884255.0,247206.0,94
201800042090,18,6,11,1850,1,2,1,2.0,6.0,94033,M,4884448.0,245672.0,94
201800042091,18,6,12,900,1,2,1,2.0,3.0,94033,M,4885258.0,246641.0,94
201800042092,18,6,14,2150,2,2,2,1.0,3.0,94033,M,4885361.0,245241.0,94
201800042093,18,6,15,2210,5,2,1,1.0,3.0,94033,M,4885240.0,246236.0,94
201800042094,18,6,20,1715,1,2,1,1.0,6.0,94033,M,4884376.0,246618.0,94
201800042095,18,6,27,1845,1,2,1,1.0,6.0,94033,M,4885146.0,244828.0,94
201800042096,18,7,7,2030,1,2,1,1.0,6.0,94033,M,4885390.0,246971.0,94
201800042097,18,7,7,1128,1,2,7,1.0,6.0,94033,M,4885355.0,248249.0,94
201800042098,18,7,30,1815,1,2,1,1.0,6.0,94033,M,4885139.0,248707.0,94
201800042099,18,8,3,1450,1,2,1,1.0,3.0,94033,M,4885714.0,249160.0,94
201800042100,18,8,24,1640,1,2,1,1.0,6.0,94033,M,4885251.0,248540.0,94
201800042101,18,9,2,2050,1,2,1,1.0,2.0,94033,M,4885296.0,249088.0,94
201800042102,18,9,10,740,1,2,2,1.0,3.0,94033,M,4885217.0,245371.0,94
201800042103,18,9,11,25,5,2,2,1.0,3.0,94033,M,4884738.0,247869.0,94
201800042104,18,9,25,2155,5,2,4,1.0,3.0,94033,M,4885784.0,249151.0,94
201800042105,18,10,8,1830,1,2,1,1.0,6.0,94033,M,4885146.0,247098.0,94
201800042106,18,10,15,2000,5,2,1,1.0,6.0,94033,M,4884675.0,247233.0,94
201800042107,18,10,31,830,1,2,2,1.0,3.0,94033,M,4885238.0,248934.0,94
201800042108,18,11,2,845,1,2,4,1.0,2.0,94033,M,4885439.0,246864.0,94
201800042109,18,11,6,1205,1,2,1,1.0,6.0,94033,M,4885230.0,247202.0,94
201800042110,18,11,12,1845,5,2,3,1.0,3.0,94033,M,4884634.0,247882.0,94
201800042111,18,11,13,1423,1,2,6,1.0,2.0,94033,M,4885527.0,249074.0,94
201800042112,18,11,17,1950,3,2,1,1.0,2.0,94033,M,4885274.0,244939.0,94
201800042113,18,11,18,1935,5,2,2,1.0,1.0,94033,M,4884903.0,245990.0,94
201800042114,18,11,28,2200,5,2,2,2.0,3.0,94033,M,4885118.0,247429.0,94
201800042115,18,12,5,1600,1,2,1,1.0,3.0,94033,M,4885349.0,249209.0,94
201800042116,18,1,3,1225,1,2,1,2.0,4.0,94003,M,4880361.0,233816.0,94
201800042117,18,1,4,1445,1,2,6,2.0,3.0,94043,M,4881004.0,236212.0,94
201800042118,18,1,10,1825,5,2,1,1.0,3.0,94043,M,4848355.0,221332.0,94
201800042119,18,1,11,820,2,2,2,2.0,6.0,94003,M,4881086.0,233875.0,94
201800042120,18,1,11,1410,1,2,2,8.0,6.0,94076,M,4878447.0,236201.0,94
201800042121,18,1,11,1815,2,2,1,1.0,6.0,94003,M,4880333.0,234136.0,94
201800042122,18,1,12,1810,5,2,1,1.0,6.0,94076,M,4878183.0,235858.0,94
201800042123,18,1,15,1815,5,2,2,2.0,6.0,94003,M,4880855.0,233057.0,94