Num_Acc,an,mois,jour,hrmn,lum,agg,int,atm,col,com,gps,lat,long,dep
201800042124,18,1,18,630,5,2,2,2.0,6.0,94016,M,4879262.0,233695.0,94
201800042125,18,1,19,720,2,2,1,1.0,6.0,94076,M,4880057.0,236520.0,94
201800042126,18,1,21,1334,1,2,2,2.0,3.0,94076,M,4877968.0,236744.0,94
201800042127,18,1,20,2320,5,2,2,1.0,6.0,94016,M,4879658.0,233107.0,94
201800042128,18,1,21,2345,5,2,3,2.0,6.0,94037,M,4881280.0,234689.0,94
201800042129,18,1,29,900,1,2,1,2.0,2.0,94076,M,4879770.0,235768.0,94
201800042130,18,1,29,1230,1,2,1,1.0,3.0,94076,M,4879786.0,236776.0,94
201800042131,18,1,31,800,4,2,3,2.0,6.0,94016,M,4879408.0,233255.0,94
201800042132,18,2,4,1220,1,2,1,1.0,3.0,94043,M,4880766.0,236299.0,94
201800042133,18,2,12,1800,2,2,2,8.0,6.0,94003,M,4880440.0,232915.0,94
201800042134,18,2,13,1010,1,2,2,9.0,3.0,94076,M,4880551.0,235993.0,94
201800042135,18,2,14,1030,1,2,1,8.0,2.0,94076,M,4880646.0,236336.0,94
201800042136,18,2,16,1335,1,2,2,1.0,1.0,94003,M,4880006.0,234276.0,94
201800042137,18,2,16,1445,1,2,3,1.0,5.0,94076,M,4879038.0,236915.0,94
201800042138,18,2,16,1730,1,2,3,1.0,1.0,94076,M,4879460.0,236294.0,94
201800042139,18,2,17,2150,5,2,3,1.0,2.0,94037,M,4880554.0,234509.0,94
201800042140,18,2,18,1645,1,2,1,1.0,6.0,94016,M,4879593.0,233242.0,94
201800042141,18,2,19,1810,2,2,6,2.0,7.0,94016,M,4879033.0,233149.0,94
201800042142,18,2,20,1620,1,2,2,1.0,1.0,94076,M,4879500.0,235435.0,94
201800042143,18,2,27,1215,1,2,4,4.0,7.0,94076,M,4880794.0,236732.0,94
201800042144,18,2,28,1105,1,2,1,1.0,6.0,94043,M,4881490.0,236073.0,94
201800042145,18,4,3,1740,1,2,1,2.0,6.0,94016,M,4879431.0,233436.0,94
201800042146,18,4,3,1825,1,2,3,1.0,1.0,94043,M,4880617.0,235797.0,94
201800042147,18,4,5,925,1,2,6,2.0,3.0,94043,M,4880989.0,236234.0,94
201800042148,18,4,6,855,1,2,4,1.0,3.0,94003,M,4881132.0,232740.0,94
201800042149,18,4,6,1725,1,2,1,1.0,6.0,94016,M,4878640.0,232849.0,94
201800042150,18,4,7,1905,1,2,1,1.0,3.0,94003,M,4880392.0,233721.0,94
201800042151,18,4,8,1020,1,2,1,1.0,3.0,94016,M,4879673.0,233429.0,94
201800042152,18,4,10,2130,5,2,1,2.0,1.0,94076,M,4879479.0,236423.0,94
201800042153,18,4,11,805,1,2,1,7.0,6.0,94043,M,4886272.0,228759.0,94
201800042154,18,4,18,2145,5,2,1,1.0,3.0,94076,M,4879480.0,236402.0,94
201800042155,18,4,19,2005,1,2,2,1.0,6.0,94043,M,4881217.0,235790.0,94
201800042156,18,4,20,1045,1,2,1,1.0,6.0,94043,M,4881030.0,235801.0,94
201800042157,18,4,20,1915,1,2,1,1.0,7.0,94076,M,4878590.0,236682.0,94
201800042158,18,4,22,351,5,2,6,1.0,6.0,94003,M,4880910.0,232633.0,94
201800042159,18,4,22,1015,1,2,1,1.0,6.0,94016,M,4878777.0,233197.0,94
201800042160,18,4,24,730,1,2,1,1.0,6.0,94003,M,4880879.0,233464.0,94
201800042161,18,4,24,1935,1,2,1,1.0,6.0,94016,M,4879260.0,233503.0,94
201800042162,18,4,27,2050,2,2,1,1.0,4.0,94043,M,4881485.0,235637.0,94
201800042163,18,4,30,1520,1,2,3,2.0,3.0,94043,M,4881030.0,236313.0,94
201800042164,18,5,2,1710,2,2,2,1.0,3.0,94043,M,4886272.0,228759.0,94
201800042165,18,5,4,1320,1,2,1,1.0,3.0,94076,M,4879550.0,236864.0,94
201800042166,18,5,4,1700,1,2,1,1.0,6.0,94076,M,4878842.0,236066.0,94
201800042167,18,5,4,2235,5,2,1,1.0,6.0,94043,M,4881491.0,236086.0,94
201800042168,18,5,6,1706,1,2,1,1.0,3.0,94043,M,4880723.0,235566.0,94
201800042169,18,5,8,1800,1,2,3,1.0,1.0,94076,M,4880109.0,234995.0,94
201800042170,18,5,18,1837,1,2,2,1.0,5.0,94076,M,4879746.0,236806.0,94
201800042171,18,5,19,1010,1,2,2,1.0,3.0,94043,M,4881459.0,236055.0,94
201800042172,18,5,20,2145,5,2,1,1.0,6.0,94076,M,4880218.0,355479.0,94
201800042173,18,5,21,1500,1,2,1,1.0,6.0,94076,M,4878560.0,236685.0,94
201800042174,18,5,25,917,1,2,1,1.0,6.0,94003,M,4881170.0,233101.0,94
201800042175,18,5,25,1950,3,2,1,8.0,6.0,94003,M,4880946.0,232680.0,94
201800042176,18,5,26,1530,1,2,2,8.0,3.0,94043,M,4881244.0,235317.0,94
201800042177,18,5,28,1450,1,2,1,1.0,2.0,94037,M,4881603.0,235399.0,94
201800042178,18,5,28,1630,1,2,2,1.0,6.0,94043,M,4881505.0,236089.0,94
201800042179,18,5,29,925,1,2,1,1.0,6.0,94003,M,4880970.0,232120.0,94
201800042180,18,5,31,1030,1,2,2,1.0,3.0,94076,M,4878490.0,236726.0,94
201800042181,18,6,1,1637,1,2,1,8.0,6.0,94076,M,4880330.0,236868.0,94
201800042182,18,6,4,920,1,2,1,1.0,6.0,94037,M,4881410.0,234981.0,94
201800042183,18,5,26,1740,1,2,2,1.0,3.0,94016,M,4878678.0,233742.0,94
201800042184,18,6,4,2045,5,2,1,1.0,6.0,94043,M,4881009.0,236238.0,94
201800042185,18,6,5,1150,1,2,4,1.0,3.0,94076,M,4879790.0,235522.0,94
201800042186,18,6,6,1700,1,2,1,3.0,7.0,94016,M,4879330.0,232094.0,94
201800042187,18,6,8,855,1,2,1,1.0,6.0,94076,M,4886272.0,228759.0,94
201800042188,18,6,11,1915,1,2,3,3.0,3.0,94076,M,4878580.0,237269.0,94
201800042189,18,6,14,1205,1,2,3,1.0,3.0,94076,M,4879275.0,236927.0,94
201800042190,18,6,15,1452,1,2,3,1.0,3.0,94003,M,4880360.0,233512.0,94
201800042191,18,6,15,1620,1,2,1,1.0,6.0,94003,M,4881000.0,232756.0,94
201800042192,18,6,16,1120,1,2,2,1.0,2.0,94003,M,4880592.0,232597.0,94
201800042193,18,6,17,1420,1,2,1,1.0,6.0,94043,M,4881407.0,236127.0,94
201800042194,18,6,17,1750,1,2,1,1.0,6.0,94003,M,4880870.0,233121.0,94
201800042195,18,6,18,1815,1,2,3,1.0,6.0,94003,M,4881000.0,233000.0,94
201800042196,18,6,18,1800,1,2,1,1.0,6.0,94016,M,4879446.0,233458.0,94
201800042197,18,6,18,1640,1,2,1,1.0,2.0,94076,M,4878512.0,236737.0,94
201800042198,18,6,21,1550,1,2,3,1.0,7.0,94037,M,4881286.0,234887.0,94
201800042199,18,6,22,1200,1,2,3,1.0,3.0,94037,M,4881680.0,233338.0,94
201800042200,18,6,23,1855,1,2,1,1.0,3.0,94076,M,4879234.0,236964.0,94
201800042201,18,6,26,1515,1,2,1,1.0,3.0,94043,M,4886272.0,228759.0,94
201800042202,18,6,27,1550,1,2,1,1.0,7.0,94043,M,4880510.0,234558.0,94
201800042203,18,6,22,30,5,2,1,1.0,7.0,94043,M,4880795.0,236315.0,94
201800042204,18,6,29,1510,1,2,1,1.0,2.0,94076,M,4880695.0,236323.0,94
201800042205,18,7,4,2100,1,2,1,1.0,6.0,94076,M,4878390.0,235461.0,94
201800042206,18,7,9,1630,1,2,1,1.0,7.0,94043,M,4880580.0,234928.0,94
201800042207,18,7,9,1845,1,2,1,1.0,3.0,94076,M,4880400.0,236392.0,94
201800042208,18,7,10,750,1,2,1,1.0,6.0,94076,M,4878900.0,236824.0,94
201800042209,18,7,10,1030,1,2,3,1.0,7.0,94016,M,4881459.0,236315.0,94
201800042210,18,7,13,1600,1,2,1,1.0,6.0,94076,M,4878077.0,235568.0,94
201800042211,18,7,13,1800,1,2,1,1.0,7.0,94076,M,4878838.0,235876.0,94
201800042212,18,7,20,235,5,2,2,1.0,3.0,94003,M,4880010.0,234283.0,94
201800042213,18,7,20,1230,1,2,1,1.0,3.0,94003,M,4880061.0,234322.0,94
201800042214,18,7,21,455,5,2,2,1.0,3.0,94037,M,4881345.0,234268.0,94
201800042215,18,7,24,1107,1,2,2,1.0,7.0,94076,M,4879475.0,236428.0,94
201800042216,18,1,2,915,1,2,3,8.0,3.0,94065,M,4875922.0,235924.0,94
201800042217,18,1,4,335,5,2,1,2.0,6.0,94038,M,4877786.0,235039.0,94
201800042218,18,1,5,1545,1,2,3,2.0,3.0,94073,M,4876922.0,237009.0,94
201800042219,18,1,5,2030,3,2,2,2.0,2.0,94073,M,4875587.0,238516.0,94
201800042220,18,1,6,1830,5,1,4,1.0,3.0,94065,M,4875387.0,236475.0,94
201800042221,18,1,8,1920,5,2,3,1.0,4.0,94065,M,4875726.0,234486.0,94
201800042222,18,1,11,1320,1,2,2,1.0,3.0,94065,M,4875929.0,235558.0,94
201800042223,18,1,13,1600,1,2,4,1.0,6.0,94021,M,4876659.0,236628.0,94
201800042224,18,1,14,1150,1,2,3,1.0,6.0,94021,M,4877309.0,233845.0,94
201800042225,18,1,14,1930,5,2,3,1.0,6.0,94065,M,4874906.0,235097.0,94
201800042226,18,1,15,720,5,2,1,1.0,3.0,94021,M,4877512.0,236753.0,94
201800042227,18,1,16,1130,1,2,4,1.0,6.0,94073,M,4875641.0,239855.0,94
201800042228,18,1,17,1600,1,2,1,1.0,3.0,94038,M,4877695.0,232685.0,94
201800042229,18,1,18,1030,1,1,1,2.0,6.0,94021,M,4875984.0,235002.0,94
201800042230,18,1,19,1200,1,2,4,2.0,6.0,94034,M,4875700.0,232873.0,94
201800042231,18,1,22,1630,1,2,3,8.0,6.0,94038,M,4877405.0,232486.0,94
201800042232,18,1,24,2150,5,2,3,8.0,3.0,94073,M,4876559.0,239655.0,94
201800042233,18,1,25,1711,5,2,1,2.0,6.0,94065,M,4875225.0,235535.0,94
201800042234,18,1,27,2035,3,1,4,1.0,2.0,94065,M,4875386.0,236569.0,94
201800042235,18,1,27,1225,1,2,6,2.0,6.0,94038,M,4877934.0,236714.0,94
201800042236,18,1,29,1745,5,2,2,1.0,3.0,94073,M,4876302.0,240129.0,94
201800042237,18,2,1,1135,1,2,3,1.0,3.0,94073,M,4875110.0,240293.0,94
201800042238,18,2,12,510,5,2,4,9.0,6.0,94021,M,4876161.0,234528.0,94
201800042239,18,2,12,930,1,2,4,1.0,6.0,94034,M,4876266.0,232712.0,94
201800042240,18,2,21,906,1,2,1,1.0,6.0,94021,M,4877875.0,236727.0,94
201800042241,18,2,22,855,1,2,1,1.0,6.0,94034,M,4876343.0,232743.0,94
201800042242,18,2,27,920,1,2,2,1.0,3.0,94065,M,4875871.0,235808.0,94
201800042243,18,3,1,2040,5,2,1,1.0,3.0,94073,M,4875595.0,237365.0,94
201800042244,18,3,3,1900,5,1,1,1.0,3.0,94021,M,4875874.0,236840.0,94
201800042245,18,3,7,200,5,2,1,2.0,7.0,94065,M,4875411.0,236741.0,94
201800042246,18,2,26,1300,1,1,1,1.0,2.0,94073,M,4875322.0,236118.0,94
201800042247,18,3,10,925,1,2,6,2.0,6.0,94034,M,4875770.0,232877.0,94
201800042248,18,3,10,2315,5,2,3,2.0,3.0,94073,M,4876390.0,239362.0,94
201800042249,18,3,12,1745,1,2,2,1.0,6.0,94038,M,4876711.0,231902.0,94
201800042250,18,3,14,800,1,2,3,1.0,2.0,94073,M,4875421.0,238615.0,94
201800042251,18,3,17,1300,1,2,2,2.0,3.0,94021,M,4876682.0,233581.0,94
201800042252,18,3,21,1344,1,2,9,1.0,3.0,94065,M,4875052.0,235465.0,94
201800042253,18,3,25,1200,1,2,1,1.0,3.0,94038,M,4877918.0,236296.0,94
201800042254,18,3,29,5,5,2,2,1.0,3.0,94038,M,4877845.0,234058.0,94
201800042255,18,4,3,2005,2,2,2,1.0,3.0,94038,M,4877393.0,235181.0,94
201800042256,18,4,5,35,5,1,3,2.0,3.0,94021,M,4876536.0,234628.0,94
201800042257,18,4,5,730,1,2,1,1.0,2.0,94034,M,4876083.0,233270.0,94
201800042258,18,4,6,1150,1,1,1,1.0,3.0,94065,M,4875361.0,236009.0,94
201800042259,18,4,10,2140,5,2,3,1.0,3.0,94034,M,4875949.0,231271.0,94
201800042260,18,4,14,1110,1,2,2,8.0,3.0,94073,M,4876970.0,239585.0,94
201800042261,18,4,15,450,5,2,7,1.0,6.0,94073,M,4876383.0,236838.0,94
201800042262,18,4,17,810,1,2,6,1.0,6.0,94034,M,4876057.0,231828.0,94
201800042263,18,4,18,1100,1,2,7,1.0,3.0,94073,M,4875694.0,236908.0,94
201800042264,18,4,18,1520,1,2,2,1.0,3.0,94034,M,4875598.0,232803.0,94
201800042265,18,4,19,950,1,2,1,1.0,3.0,94073,M,4875261.0,237628.0,94
201800042266,18,4,20,1835,1,2,3,1.0,3.0,94065,M,4875571.0,234673.0,94
201800042267,18,4,23,2005,1,2,3,1.0,3.0,94073,M,4875220.0,239910.0,94
201800042268,18,4,27,1503,1,2,1,1.0,3.0,94038,M,4877857.0,233933.0,94
201800042269,18,4,29,1000,1,2,2,9.0,1.0,94073,M,4876144.0,240305.0,94
201800042270,18,5,4,709,1,2,1,1.0,6.0,94065,M,4876397.0,235481.0,94
201800042271,18,5,4,835,1,2,1,1.0,3.0,94038,M,4877595.0,233002.0,94
201800042272,18,5,4,1445,1,2,3,1.0,2.0,94038,M,4877883.0,235200.0,94
201800042273,18,5,4,1820,1,2,2,1.0,3.0,94073,M,4870000.0,239000.0,94
201800042274,18,5,5,1625,1,2,2,1.0,6.0,94034,M,4876010.0,231904.0,94
201800042275,18,5,8,1650,1,2,1,1.0,7.0,94073,M,4876327.0,239953.0,94
201800042276,18,5,12,615,2,2,6,1.0,2.0,94065,M,4875318.0,239400.0,94
201800042277,18,5,13,1045,1,2,3,8.0,3.0,94073,M,4876800.0,237384.0,94
201800042278,18,5,16,1910,1,2,4,1.0,6.0,94034,M,4876470.0,232756.0,94
201800042279,18,5,17,1445,1,2,1,1.0,6.0,94034,M,4875852.0,232468.0,94
201800042280,18,5,17,2030,2,2,1,1.0,4.0,94034,M,4875423.0,232662.0,94
201800042281,18,5,18,1600,1,2,9,1.0,1.0,94073,M,4876860.0,236968.0,94
201800042282,18,5,22,2245,5,1,9,8.0,6.0,94073,M,4875354.0,237652.0,94
201800042283,18,5,23,1200,1,2,3,1.0,1.0,94065,M,4874498.0,236023.0,94
201800042284,18,5,23,1810,1,2,3,1.0,7.0,94021,M,4877080.0,233752.0,94
201800042285,18,5,23,1240,1,2,2,1.0,3.0,94073,M,4877110.0,240084.0,94
201800042286,18,5,24,1355,1,2,1,1.0,2.0,94073,M,4876544.0,236830.0,94
201800042287,18,5,27,1345,1,2,1,1.0,6.0,94021,M,4876366.0,233916.0,94
201800042288,18,6,1,830,1,2,1,8.0,6.0,94038,M,4877844.0,235949.0,94
201800042289,18,6,1,1840,1,2,3,8.0,3.0,94038,M,4877243.0,235065.0,94
201800042290,18,6,4,1830,1,2,1,1.0,3.0,94073,M,4877125.0,240094.0,94
201800042291,18,6,5,1230,1,1,1,2.0,3.0,94021,M,4876500.0,234821.0,94
201800042292,18,6,5,1850,1,2,1,1.0,6.0,94021,M,4877201.0,236141.0,94
201800042293,18,6,5,550,2,2,1,3.0,1.0,94065,M,4875347.0,234965.0,94
201800042294,18,6,7,1255,1,2,9,1.0,3.0,94065,M,4876173.0,235671.0,94
201800042295,18,6,7,1730,1,2,3,1.0,3.0,94038,M,4877740.0,235307.0,94
201800042296,18,6,8,1535,1,2,2,1.0,6.0,94038,M,4877390.0,235170.0,94
201800042297,18,6,1,725,1,1,1,1.0,6.0,94065,M,4875167.0,235521.0,94
201800042298,18,6,13,955,1,2,1,1.0,3.0,94065,M,4875327.0,235766.0,94
201800042299,18,6,13,2240,5,2,7,1.0,6.0,94021,M,4877190.0,236679.0,94
201800042300,18,6,14,1420,1,2,6,1.0,3.0,94065,M,4876016.0,235327.0,94
201800042301,18,6,14,2340,5,2,1,1.0,3.0,94038,M,4877684.0,236332.0,94
201800042302,18,6,16,1220,1,2,1,1.0,2.0,94034,M,4876677.0,231963.0,94
201800042303,18,6,17,2315,5,2,2,1.0,3.0,94038,M,4877391.0,235185.0,94
201800042304,18,6,18,1515,1,2,2,1.0,3.0,94073,M,4875573.0,237391.0,94
201800042305,18,6,18,1635,1,2,1,1.0,6.0,94038,M,4877779.0,233516.0,94
201800042306,18,6,19,2150,5,2,2,1.0,3.0,94073,M,4876131.0,240321.0,94
201800042307,18,6,22,710,1,2,1,7.0,1.0,94021,M,4876434.0,235172.0,94
201800042308,18,6,22,1130,1,2,1,1.0,6.0,94021,M,4876326.0,235195.0,94
201800042309,18,6,22,1305,1,1,9,1.0,3.0,94073,M,4875698.0,237057.0,94
201800042310,18,6,23,1530,1,2,4,1.0,6.0,94073,M,4876310.0,238709.0,94
201800042311,18,6,25,820,1,2,3,1.0,6.0,94038,M,4877822.0,234198.0,94
201800042312,18,6,25,900,1,2,1,1.0,6.0,94021,M,4877024.0,234242.0,94
201800042313,18,6,27,1835,1,2,1,1.0,3.0,94073,M,4875254.0,237634.0,94
201800042314,18,6,27,2100,1,2,3,1.0,3.0,94038,M,4877892.0,233557.0,94
201800042315,18,6,28,1445,1,2,1,1.0,6.0,94034,M,4875382.0,232641.0,94
201800042316,18,6,28,2100,1,2,1,1.0,3.0,94038,M,4877690.0,234720.0,94
201800042317,18,6,29,1625,1,2,1,1.0,2.0,94073,M,4875400.0,238656.0,94
201800042318,18,6,30,725,1,1,1,1.0,4.0,94073,M,4875449.0,238102.0,94
201800042319,18,7,2,730,1,2,1,1.0,5.0,94065,M,4874217.0,235311.0,94
201800042320,18,7,3,730,1,2,1,1.0,4.0,94073,M,4875400.0,237031.0,94
201800042321,18,7,4,1310,1,2,7,1.0,3.0,94065,M,4875925.0,235096.0,94
201800042322,18,7,6,1040,1,2,1,1.0,2.0,94034,M,4876573.0,231841.0,94
201800042323,18,7,7,1210,1,2,3,1.0,3.0,94073,M,4875694.0,236909.0,94
201800042324,18,7,7,1800,1,2,1,1.0,6.0,94073,M,4875288.0,237820.0,94
201800042325,18,7,10,1945,1,2,1,1.0,1.0,94038,M,4877790.0,232874.0,94
201800042326,18,7,11,2110,1,2,2,1.0,1.0,94038,M,4877392.0,235183.0,94
201800042327,18,7,14,1550,1,2,1,1.0,3.0,94021,M,4876265.0,236810.0,94
201800042328,18,7,16,530,2,2,1,1.0,1.0,94073,M,4875922.0,236936.0,94
201800042329,18,7,16,1600,1,2,1,1.0,2.0,94065,M,4875750.0,234727.0,94
201800042330,18,7,18,1350,1,2,1,1.0,3.0,94021,M,4876112.0,236037.0,94
201800042331,18,7,18,2340,5,2,1,1.0,6.0,94073,M,4875950.0,239608.0,94
201800042332,18,7,20,1805,1,2,2,1.0,4.0,94073,M,4876708.0,240366.0,94
201800042333,18,7,23,1730,1,2,3,1.0,6.0,94038,M,4877776.0,233368.0,94
201800042334,18,7,24,1030,1,2,2,1.0,3.0,94073,M,4876641.0,238820.0,94
201800042335,18,7,28,1800,1,2,9,1.0,3.0,94073,M,4875839.0,237052.0,94
201800042336,18,7,30,1700,1,2,1,1.0,4.0,94065,M,4875721.0,234489.0,94
201800042337,18,7,31,1732,1,2,1,1.0,2.0,94065,M,4875734.0,234475.0,94
201800042338,18,8,1,840,1,1,2,1.0,2.0,94073,M,4875514.0,236834.0,94
201800042339,18,8,1,1930,1,2,4,1.0,7.0,94073,M,4875458.0,237017.0,94
201800042340,18,8,9,215,5,2,6,1.0,6.0,94065,M,4875327.0,234973.0,94
201800042341,18,8,22,1628,1,2,6,1.0,3.0,94034,M,4876059.0,231828.0,94
201800042342,18,8,23,1720,1,2,2,1.0,6.0,94034,M,4875873.0,232402.0,94
201800042343,18,8,24,1205,1,2,3,8.0,3.0,94073,M,4876308.0,238685.0,94
201800042344,18,8,24,1630,1,1,1,1.0,2.0,94065,M,4875210.0,236879.0,94
201800042345,18,8,26,2225,5,2,1,1.0,6.0,94073,M,4875548.0,238631.0,94
201800042346,18,8,27,1905,1,2,6,1.0,3.0,94034,M,4876053.0,231884.0,94
201800042347,18,8,28,2130,5,2,2,1.0,3.0,94073,M,4876107.0,240328.0,94
201800042348,18,8,31,700,1,2,9,1.0,3.0,94065,M,4876128.0,235565.0,94
201800042349,18,9,1,1130,1,2,1,1.0,6.0,94038,M,4877452.0,234909.0,94
201800042350,18,9,4,1640,1,2,1,1.0,6.0,94038,M,4877910.0,236239.0,94
201800042351,18,9,8,1310,1,2,1,1.0,1.0,94034,M,4875902.0,232296.0,94
201800042352,18,9,9,2155,5,2,2,1.0,3.0,94034,M,4875397.0,231277.0,94
201800042353,18,9,11,1705,1,2,1,1.0,2.0,94021,M,4876288.0,235792.0,94
201800042354,18,9,12,300,5,2,1,1.0,6.0,94021,M,4877460.0,235480.0,94
201800042355,18,9,11,1310,1,2,1,1.0,6.0,94021,M,4877398.0,235737.0,94
201800042356,18,9,12,1215,1,2,3,1.0,2.0,94065,M,4875027.0,234782.0,94
201800042357,18,9,13,755,1,1,1,1.0,3.0,94073,M,4875353.0,237582.0,94
201800042358,18,9,14,815,1,2,1,1.0,6.0,94065,M,4875042.0,234741.0,94
201800042359,18,9,14,1630,1,2,2,1.0,3.0,94034,M,4875753.0,231645.0,94
201800042360,18,9,14,1800,1,2,1,1.0,3.0,94073,M,4876000.0,238000.0,94
201800042361,18,9,18,1430,1,2,1,1.0,3.0,94073,M,4875394.0,236846.0,94
201800042362,18,9,20,1510,1,2,1,1.0,2.0,94073,M,4876811.0,237332.0,94
201800042363,18,9,22,1630,1,2,2,1.0,6.0,94021,M,4877653.0,235933.0,94
201800042364,18,9,21,740,3,2,1,1.0,6.0,94073,M,4875516.0,236870.0,94
201800042365,18,9,24,1656,1,2,3,1.0,3.0,94065,M,4874738.0,235792.0,94
201800042366,18,9,25,835,1,2,3,1.0,3.0,94073,M,4876647.0,228652.0,94
201800042367,18,9,25,1100,1,2,3,1.0,2.0,94065,M,4875551.0,234717.0,94
201800042368,18,9,28,635,5,2,9,1.0,6.0,94038,M,4877846.0,234075.0,94
201800042369,18,9,28,2240,5,2,1,1.0,2.0,94021,M,4876089.0,236832.0,94
201800042370,18,10,1,2130,5,2,1,1.0,6.0,94073,M,4876278.0,236889.0,94
201800042371,18,10,2,1335,1,2,4,1.0,3.0,94073,M,4876200.0,236900.0,94
201800042372,18,10,2,1745,1,2,1,1.0,3.0,94038,M,4877200.0,234461.0,94
201800042373,18,10,3,1634,1,2,1,1.0,3.0,94034,M,4875805.0,232333.0,94
201800042374,18,10,3,1800,1,2,9,1.0,3.0,94021,M,4877176.0,233863.0,94
201800042375,18,10,3,1735,1,2,1,1.0,6.0,94038,M,4877800.0,234901.0,94
201800042376,18,10,3,1400,1,2,1,1.0,6.0,94021,M,4875924.0,236200.0,94
201800042377,18,10,4,1550,1,2,1,1.0,6.0,94073,M,4876825.0,238973.0,94
201800042378,18,10,4,1630,1,2,3,1.0,1.0,94034,M,4875586.0,232010.0,94
201800042379,18,10,5,120,5,2,1,1.0,3.0,94073,M,4876610.0,239062.0,94
201800042380,18,10,5,1750,1,2,1,1.0,5.0,94065,M,4875276.0,235133.0,94
201800042381,18,10,6,420,5,2,1,1.0,6.0,94073,M,4875760.0,239030.0,94
201800042382,18,9,30,130,5,2,1,1.0,6.0,94034,M,4875200.0,231604.0,94
201800042383,18,10,9,1430,1,1,9,1.0,3.0,94065,M,4875818.0,234763.0,94
201800042384,18,10,11,1215,1,1,9,1.0,7.0,94065,M,4874555.0,235986.0,94
201800042385,18,10,15,1520,1,2,9,1.0,3.0,94073,M,4875582.0,237407.0,94
201800042386,18,10,15,2045,5,1,1,1.0,6.0,94034,M,4876132.0,232644.0,94
201800042387,18,10,16,1340,1,2,1,1.0,3.0,94038,M,4877164.0,234677.0,94
201800042388,18,10,17,740,1,1,9,1.0,6.0,94065,M,4874640.0,235308.0,94
201800042389,18,10,19,858,1,2,1,1.0,3.0,94065,M,4875000.0,236202.0,94
201800042390,18,10,20,2005,5,2,1,1.0,6.0,94073,M,4876126.0,239162.0,94
201800042391,18,10,22,1735,1,2,3,1.0,3.0,94073,M,4876586.0,239810.0,94
201800042392,18,10,25,1010,1,2,2,1.0,6.0,94065,M,4874386.0,235722.0,94
201800042393,18,10,26,2115,5,2,1,1.0,6.0,94065,M,4874127.0,235303.0,94
201800042394,18,10,30,730,1,2,9,2.0,1.0,94021,M,4876673.0,233592.0,94
201800042395,18,11,7,1355,1,2,1,2.0,7.0,94073,M,4875948.0,237070.0,94
201800042396,18,11,8,1810,5,2,1,1.0,6.0,94073,M,4875481.0,237005.0,94
201800042397,18,11,12,1000,1,2,1,2.0,6.0,94065,M,4876098.0,235255.0,94
201800042398,18,11,12,1900,5,2,1,8.0,6.0,94021,M,4877007.0,234262.0,94
201800042399,18,11,14,700,2,2,4,1.0,3.0,94065,M,4876003.0,234533.0,94
201800042400,18,11,14,740,1,2,4,1.0,3.0,94034,M,4875535.0,231351.0,94
201800042401,18,11,16,830,1,2,1,8.0,3.0,94034,M,4875985.0,231929.0,94
201800042402,18,11,19,1200,1,2,1,1.0,6.0,94038,M,4877000.0,235000.0,94
201800042403,18,11,26,750,2,2,1,2.0,6.0,94065,M,4875084.0,235295.0,94
201800042404,18,11,27,1345,1,2,1,1.0,2.0,94073,M,4876363.0,240113.0,94
201800042405,18,11,27,1640,1,2,1,3.0,6.0,94065,M,4874000.0,235000.0,94
201800042406,18,11,30,710,2,2,6,1.0,6.0,94021,M,4875954.0,236241.0,94
201800042407,18,11,30,1250,1,2,1,1.0,6.0,94065,M,4874971.0,235182.0,94
201800042408,18,12,3,1850,2,2,4,1.0,6.0,94065,M,4874611.0,234750.0,94
201800042409,18,12,4,555,5,2,9,1.0,3.0,94038,M,4877915.0,236331.0,94
201800042410,18,12,8,720,5,2,1,1.0,2.0,94073,M,4876272.0,236848.0,94
201800042411,18,12,8,830,1,2,9,8.0,6.0,94034,M,4875686.0,231534.0,94
201800042412,18,12,8,1210,1,2,1,8.0,6.0,94073,M,4876741.0,236819.0,94
201800042413,18,12,11,840,1,2,1,1.0,6.0,94073,M,4876028.0,240634.0,94
201800042414,18,12,11,1800,5,2,1,1.0,6.0,94038,M,4877834.0,233477.0,94
201800042415,18,12,12,2000,5,2,1,1.0,2.0,94021,M,4876334.0,233935.0,94
201800042416,18,12,13,930,1,2,3,1.0,6.0,94038,M,4877432.0,233136.0,94
201800042417,18,12,13,2150,5,2,1,1.0,6.0,94073,M,4876693.0,239313.0,94
201800042418,18,12,15,2340,5,2,9,2.0,3.0,94073,M,4875611.0,237359.0,94
201800042419,18,12,16,315,5,2,1,3.0,7.0,94073,M,4874945.0,236865.0,94
201800042420,18,12,18,735,1,2,1,1.0,7.0,94021,M,4875945.0,236568.0,94
201800042421,18,12,20,850,1,2,1,8.0,4.0,94073,M,4874621.0,237260.0,94
201800042422,18,12,21,545,3,1,1,2.0,6.0,94073,M,4875039.0,238598.0,94
201800042423,18,12,22,1540,1,2,9,1.0,3.0,94073,M,4876591.0,239059.0,94
201800042424,18,12,22,2030,3,2,1,1.0,6.0,94073,M,4875611.0,238537.0,94
201800042425,18,12,28,800,2,1,1,1.0,6.0,94065,M,4876016.0,235327.0,94
201800042426,18,12,28,1840,5,2,1,1.0,6.0,94034,M,4875806.0,231674.0,94
201800042427,18,12,29,630,3,2,2,1.0,3.0,94021,M,4876599.0,235497.0,94