Num_Acc,an,mois,jour,hrmn,lum,agg,int,atm,col,com,gps,lat,long,dep
201800042428,18,12,31,1730,5,2,2,1.0,6.0,94038,M,4877774.0,233368.0,94
201800042429,18,1,5,905,1,2,3,1.0,3.0,94041,M,4882505.0,238891.0,94
201800042430,18,1,6,1945,5,2,2,1.0,1.0,94041,M,4881897.0,239922.0,94
201800042431,18,1,11,1640,1,2,3,1.0,6.0,94041,M,4880753.0,239173.0,94
201800042432,18,1,13,1550,1,2,4,1.0,6.0,94041,M,4881389.0,238948.0,94
201800042433,18,1,17,2325,5,2,1,1.0,6.0,94041,M,4881148.0,238424.0,94
201800042434,18,1,21,1920,5,2,3,2.0,3.0,94041,M,4881505.0,238371.0,94
201800042435,18,1,25,1820,2,2,2,2.0,6.0,94041,M,4881185.0,239103.0,94
201800042436,18,1,26,1300,1,2,1,7.0,6.0,94041,M,4881287.0,238729.0,94
201800042437,18,1,26,1520,1,2,3,8.0,6.0,94041,M,4881143.0,238416.0,94
201800042438,18,1,26,1700,1,2,6,2.0,6.0,94041,M,4881455.0,240125.0,94
201800042439,18,2,10,1200,1,2,3,7.0,6.0,94041,M,4881366.0,238277.0,94
201800042440,18,2,23,1500,1,2,3,1.0,3.0,94041,M,4882509.0,238879.0,94
201800042441,18,2,24,2000,5,2,3,1.0,6.0,94041,M,4882247.0,238922.0,94
201800042442,18,2,27,2015,5,2,7,1.0,6.0,94041,M,4881200.0,238794.0,94
201800042443,18,3,2,2040,5,2,1,1.0,1.0,94041,M,4880608.0,240011.0,94
201800042444,18,3,8,610,5,2,1,1.0,6.0,94041,M,4881151.0,238449.0,94
201800042445,18,3,8,1530,1,2,1,3.0,6.0,94041,M,4881136.0,238446.0,94
201800042446,18,3,9,2000,5,2,3,1.0,6.0,94041,M,4881067.0,239883.0,94
201800042447,18,3,22,1300,1,2,1,8.0,3.0,94041,M,4880715.0,239978.0,94
201800042448,18,3,29,1245,1,2,1,1.0,6.0,94041,M,4882402.0,238741.0,94
201800042449,18,3,31,1205,1,2,1,8.0,6.0,94041,M,4881530.0,239220.0,94
201800042450,18,4,3,2230,5,2,2,1.0,3.0,94041,M,4880954.0,238042.0,94
201800042451,18,4,6,2240,5,2,1,1.0,6.0,94041,M,4881932.0,238022.0,94
201800042452,18,4,10,600,5,2,1,1.0,1.0,94041,M,4881137.0,240849.0,94
201800042453,18,4,13,1655,1,2,2,1.0,6.0,94041,M,4881628.0,237472.0,94
201800042454,18,4,14,2000,2,2,1,1.0,7.0,94041,M,4881456.0,239176.0,94
201800042455,18,4,21,1515,1,2,2,1.0,3.0,94041,M,4881928.0,239259.0,94
201800042456,18,4,30,510,5,2,5,2.0,3.0,94041,M,4881557.0,239318.0,94
201800042457,18,4,30,2255,5,2,1,2.0,6.0,94041,M,4880622.0,237968.0,94
201800042458,18,5,15,1440,1,2,2,1.0,3.0,94041,M,4881459.0,240683.0,94
201800042459,18,5,22,1645,1,2,2,2.0,2.0,94041,M,4881937.0,237342.0,94
201800042460,18,5,30,1545,1,2,2,1.0,3.0,94041,M,4881804.0,239818.0,94
201800042461,18,6,5,855,1,2,1,2.0,2.0,94041,M,4881080.0,238298.0,94
201800042462,18,6,8,1430,1,2,3,1.0,6.0,94041,M,4881683.0,239544.0,94
201800042463,18,6,8,1545,1,2,2,1.0,6.0,94041,M,4880963.0,238026.0,94
201800042464,18,6,10,425,5,2,1,1.0,6.0,94041,M,4881837.0,237506.0,94
201800042465,18,6,11,830,1,2,1,2.0,6.0,94041,M,4882059.0,239127.0,94
201800042466,18,6,12,930,1,2,1,2.0,6.0,94041,M,4880960.0,238717.0,94
201800042467,18,6,18,1920,1,2,1,1.0,3.0,94041,M,4881000.0,240032.0,94
201800042468,18,6,19,2100,1,2,1,1.0,6.0,94041,M,4881283.0,239878.0,94
201800042469,18,6,20,1940,1,2,1,1.0,6.0,94041,M,4882077.0,239089.0,94
201800042470,18,6,22,1725,1,2,1,1.0,2.0,94041,M,4881343.0,239284.0,94
201800042471,18,6,23,1710,1,2,1,1.0,2.0,94041,M,4880531.0,238914.0,94
201800042472,18,6,24,2210,5,2,1,1.0,2.0,94041,M,4881094.0,238349.0,94
201800042473,18,6,25,2135,2,2,1,1.0,7.0,94041,M,4881000.0,239000.0,94
201800042474,18,6,27,2215,5,2,3,1.0,3.0,94041,M,4881139.0,238749.0,94
201800042475,18,6,20,1700,1,2,1,1.0,6.0,94041,M,4881623.0,237443.0,94
201800042476,18,6,30,645,2,2,1,1.0,6.0,94041,M,4880806.0,237522.0,94
201800042477,18,6,30,1550,1,2,1,1.0,2.0,94041,M,4880210.0,238049.0,94
201800042478,18,7,3,1655,1,2,1,1.0,3.0,94041,M,4881375.0,238474.0,94
201800042479,18,7,4,930,1,2,1,1.0,3.0,94041,M,4881837.0,237506.0,94
201800042480,18,7,12,955,1,2,1,1.0,3.0,94041,M,4882199.0,239284.0,94
201800042481,18,7,15,1800,1,2,1,1.0,3.0,94041,M,4880248.0,237865.0,94
201800042482,18,7,16,555,2,2,2,1.0,3.0,94041,M,4881090.0,237972.0,94
201800042483,18,7,17,920,1,2,1,1.0,1.0,94041,M,4880896.0,237375.0,94
201800042484,18,7,19,1145,1,2,1,1.0,6.0,94041,M,4881111.0,238426.0,94
201800042485,18,7,26,1945,1,2,1,1.0,6.0,94041,M,4880552.0,237164.0,94
201800042486,18,7,27,1830,1,2,9,2.0,1.0,94041,M,4881580.0,240320.0,94
201800042487,18,8,2,1155,1,2,1,1.0,2.0,94041,M,4880420.0,239524.0,94
201800042488,18,8,4,1920,1,2,3,1.0,6.0,94041,M,4880909.0,238664.0,94
201800042489,18,7,2,840,1,2,3,1.0,3.0,94041,M,4882248.0,239268.0,94
201800042490,18,8,8,1804,1,2,1,1.0,3.0,94041,M,4882411.0,237333.0,94
201800042491,18,8,9,1642,1,2,9,2.0,6.0,94041,M,4881230.0,237100.0,94
201800042492,18,8,13,1710,1,2,1,1.0,6.0,94041,M,4881547.0,239337.0,94
201800042493,18,8,15,1810,1,2,2,1.0,3.0,94041,M,4881570.0,238304.0,94
201800042494,18,8,19,1320,1,2,1,1.0,1.0,94041,M,4882495.0,238910.0,94
201800042495,18,8,24,1715,1,2,1,1.0,3.0,94041,M,4881373.0,239537.0,94
201800042496,18,8,26,50,5,2,1,1.0,3.0,94041,M,4881830.0,238089.0,94
201800042497,18,8,27,1940,2,2,1,1.0,6.0,94041,M,4881286.0,239113.0,94
201800042498,18,8,28,1800,1,2,1,1.0,3.0,94041,M,4881161.0,238478.0,94
201800042499,18,8,28,1650,1,2,2,1.0,3.0,94041,M,4881696.0,237929.0,94
201800042500,18,8,28,1835,1,2,1,1.0,2.0,94041,M,4880784.0,237486.0,94
201800042501,18,9,10,1320,1,2,1,1.0,6.0,94041,M,4881252.0,238684.0,94
201800042502,18,9,11,1521,1,2,1,1.0,6.0,94041,M,4881638.0,236996.0,94
201800042503,18,9,14,1935,2,2,1,1.0,2.0,94041,M,4882475.0,238940.0,94
201800042504,18,9,15,1555,1,2,1,1.0,6.0,94041,M,4880714.0,239974.0,94
201800042505,18,9,22,1055,1,2,1,1.0,6.0,94041,M,4880753.0,238845.0,94
201800042506,18,9,15,1550,1,2,1,1.0,2.0,94041,M,4881300.0,238580.0,94
201800042507,18,9,1,1715,1,2,1,1.0,6.0,94041,M,4881143.0,237653.0,94
201800042508,18,9,8,1550,1,2,1,1.0,6.0,94041,M,4881203.0,240281.0,94
201800042509,18,10,1,1700,1,2,1,1.0,6.0,94041,M,4881199.0,238977.0,94
201800042510,18,10,3,1105,1,2,1,1.0,3.0,94041,M,4881688.0,240685.0,94
201800042511,18,10,3,1430,1,2,2,1.0,3.0,94041,M,4881542.0,239313.0,94
201800042512,18,10,8,1720,1,2,1,1.0,6.0,94041,M,4880599.0,237275.0,94
201800042513,18,10,10,1614,1,2,2,1.0,3.0,94041,M,4881930.0,239260.0,94
201800042514,18,10,14,40,5,2,3,1.0,2.0,94041,M,4880793.0,238300.0,94
201800042515,18,10,16,2240,5,2,1,1.0,6.0,94041,M,4881848.0,238376.0,94
201800042516,18,10,23,15,5,2,9,1.0,3.0,94041,M,4881808.0,239799.0,94
201800042517,18,11,4,1410,1,2,1,1.0,6.0,94041,M,4880713.0,237565.0,94
201800042518,18,11,6,800,1,2,3,1.0,3.0,94041,M,4881786.0,240278.0,94
201800042519,18,11,13,600,3,2,1,2.0,3.0,94041,M,4881300.0,237200.0,94
201800042520,18,11,13,1800,2,2,9,1.0,3.0,94041,M,4881627.0,236459.0,94
201800042521,18,11,14,1520,1,2,1,1.0,2.0,94041,M,4880807.0,237523.0,94
201800042522,18,11,17,1455,1,2,3,1.0,3.0,94041,M,4881610.0,236790.0,94
201800042523,18,11,19,2050,5,2,2,2.0,6.0,94041,M,4881671.0,239533.0,94
201800042524,18,11,22,800,1,2,1,1.0,6.0,94041,M,4881264.0,238696.0,94
201800042525,18,11,26,1205,1,2,1,2.0,6.0,94041,M,4880432.0,237728.0,94
201800042526,18,12,6,2153,5,2,3,1.0,3.0,94041,M,4881434.0,237637.0,94
201800042527,18,12,12,1145,1,2,1,1.0,6.0,94041,M,4881415.0,239006.0,94
201800042528,18,12,15,2230,5,2,1,3.0,5.0,94041,M,4882338.0,239153.0,94
201800042529,18,12,16,555,5,2,6,2.0,6.0,94041,M,4880370.0,239332.0,94
201800042530,18,12,18,1620,1,2,1,1.0,6.0,94041,M,4881580.0,237740.0,94
201800042531,18,12,25,2030,5,2,1,1.0,6.0,94041,M,4881258.0,238659.0,94
201800042532,18,12,26,1435,1,2,2,8.0,3.0,94041,M,4880700.0,237520.0,94
201800042533,18,12,27,800,2,2,2,8.0,6.0,94041,M,4881062.0,238876.0,94
201800042534,18,1,3,1843,5,2,1,1.0,6.0,94037,M,4881601.0,235216.0,94
201800042535,18,3,4,1700,1,2,2,1.0,6.0,94003,M,4879959.0,234400.0,94
201800042536,18,3,2,1440,1,2,2,1.0,3.0,94003,M,4880441.0,233805.0,94
201800042537,18,3,9,1150,1,2,2,2.0,3.0,94076,M,4879156.0,236964.0,94
201800042538,18,3,12,1602,1,2,1,2.0,6.0,94076,M,4878182.0,236823.0,94
201800042539,18,3,15,1450,1,2,1,1.0,7.0,94076,M,4880080.0,236509.0,94
201800042540,18,3,21,840,1,2,1,1.0,6.0,94076,M,4879666.0,235625.0,94
201800042541,18,3,21,750,1,2,2,1.0,3.0,94016,M,4878700.0,233600.0,94
201800042542,18,3,22,1935,5,2,2,1.0,3.0,94076,M,4878859.0,236834.0,94
201800042543,18,3,23,100,5,2,2,1.0,3.0,94043,M,4881280.0,236142.0,94
201800042544,18,3,25,1723,1,2,2,1.0,3.0,94076,M,4878852.0,236158.0,94
201800042545,18,3,27,825,1,2,6,2.0,6.0,94043,M,4881532.0,235831.0,94
201800042546,18,3,27,1250,1,2,2,2.0,3.0,94037,M,4881294.0,234879.0,94
201800042547,18,3,27,1720,1,2,2,2.0,3.0,94043,M,4881450.0,236071.0,94
201800042548,18,7,27,915,1,2,1,1.0,3.0,94076,M,4879390.0,236880.0,94
201800042549,18,7,28,1345,1,2,1,7.0,6.0,94003,M,4881311.0,233711.0,94
201800042550,18,8,2,1935,1,2,1,7.0,6.0,94076,M,4886272.0,228759.0,94
201800042551,18,8,4,1340,1,2,1,1.0,6.0,94003,M,4880681.0,233681.0,94
201800042552,18,8,4,1815,1,2,1,1.0,2.0,94016,M,4879770.0,233340.0,94
201800042553,18,8,15,1540,1,2,1,1.0,2.0,94016,M,4878998.0,231981.0,94
201800042554,18,8,14,1850,1,2,1,1.0,2.0,94003,M,4880060.0,234130.0,94
201800042555,18,8,17,1450,1,2,3,1.0,6.0,94043,M,4881218.0,235717.0,94
201800042556,18,8,21,1750,1,2,9,1.0,3.0,94076,M,4880062.0,236529.0,94
201800042557,18,8,29,500,5,2,1,3.0,6.0,94016,M,4879045.0,233118.0,94
201800042558,18,8,31,1750,1,2,1,1.0,6.0,94043,M,4881352.0,235973.0,94
201800042559,18,9,3,810,1,2,1,1.0,3.0,94076,M,4879240.0,236975.0,94
201800042560,18,9,6,1200,1,2,3,1.0,3.0,94003,M,4880088.0,233338.0,94
201800042561,18,9,9,1210,1,2,1,1.0,6.0,94076,M,4880426.0,236405.0,94
201800042562,18,9,11,1420,1,2,9,1.0,6.0,94043,M,4880317.0,235926.0,94
201800042563,18,9,12,830,1,2,1,1.0,6.0,94003,M,4879948.0,234427.0,94
201800042564,18,9,12,840,1,2,1,1.0,7.0,94037,M,4881410.0,234968.0,94
201800042565,18,9,14,850,1,2,1,1.0,6.0,94076,M,4880241.0,236470.0,94
201800042566,18,9,14,1920,1,2,9,1.0,7.0,94076,M,4879123.0,236440.0,94
201800042567,18,9,18,2010,5,2,9,1.0,1.0,94016,M,4879250.0,233270.0,94
201800042568,18,9,22,1825,1,2,3,2.0,7.0,94037,M,4880897.0,234252.0,94
201800042569,18,9,19,1840,2,2,1,1.0,3.0,94076,M,4878625.0,235415.0,94
201800042570,18,9,24,1820,1,2,1,1.0,6.0,94076,M,4878600.0,236600.0,94
201800042571,18,9,26,905,1,2,6,1.0,7.0,94043,M,4880988.0,236249.0,94
201800042572,18,9,26,1620,1,2,1,1.0,7.0,94076,M,4879170.0,235370.0,94
201800042573,18,9,27,905,1,2,3,1.0,3.0,94003,M,4880634.0,232773.0,94
201800042574,18,10,3,1245,1,2,1,1.0,6.0,94016,M,4878630.0,233010.0,94
201800042575,18,10,4,830,1,2,1,1.0,3.0,94043,M,4881140.0,236460.0,94
201800042576,18,10,4,1730,1,2,1,1.0,6.0,94043,M,4880736.0,235465.0,94
201800042577,18,10,5,900,1,2,1,1.0,7.0,94076,M,4878290.0,235500.0,94
201800042578,18,10,5,1900,1,2,2,1.0,3.0,94076,M,4879327.0,235402.0,94
201800042579,18,10,6,2120,5,2,3,1.0,3.0,94043,M,4881350.0,236140.0,94
201800042580,18,10,9,1830,1,2,9,7.0,6.0,94076,M,4879240.0,236440.0,94
201800042581,18,10,10,1124,1,2,1,1.0,6.0,94076,M,4878286.0,236704.0,94
201800042582,18,10,11,750,1,2,1,1.0,7.0,94076,M,4879899.0,236707.0,94
201800042583,18,10,12,1345,1,2,1,1.0,6.0,94043,M,4880929.0,236243.0,94
201800042584,18,10,13,545,5,2,9,1.0,6.0,94037,M,4881310.0,235370.0,94
201800042585,18,10,13,2115,5,2,1,1.0,3.0,94076,M,4879440.0,235422.0,94
201800042586,18,10,15,900,1,2,3,1.0,6.0,94003,M,4880951.0,232542.0,94
201800042587,18,10,16,1300,1,2,3,1.0,3.0,94037,M,4881492.0,234889.0,94
201800042588,18,10,19,5,5,2,2,1.0,3.0,94076,M,4878860.0,236826.0,94
201800042589,18,10,19,1330,1,2,2,1.0,3.0,94043,M,4881278.0,236161.0,94
201800042590,18,10,20,830,1,2,1,1.0,2.0,94003,M,4879842.0,234640.0,94
201800042591,18,10,20,1930,5,2,2,1.0,7.0,94076,M,4886666.0,233333.0,94
201800042592,18,10,20,2000,5,2,1,1.0,6.0,94043,M,4880909.0,236281.0,94
201800042593,18,10,21,2200,5,2,2,1.0,3.0,94076,M,4879497.0,235436.0,94
201800042594,18,10,22,1500,1,2,1,8.0,6.0,94037,M,4881320.0,235093.0,94
201800042595,18,10,22,1640,1,2,1,1.0,3.0,94016,M,4879278.0,234395.0,94
201800042596,18,10,23,845,1,2,1,1.0,6.0,94016,M,4879157.0,233420.0,94
201800042597,18,10,25,1150,1,2,2,1.0,1.0,94037,M,4881474.0,233803.0,94
201800042598,18,10,26,2025,5,2,3,8.0,3.0,94016,M,4878754.0,232194.0,94
201800042599,18,10,30,1920,5,2,1,1.0,6.0,94043,M,4881417.0,230898.0,94
201800042600,18,10,31,1435,1,2,2,2.0,3.0,94076,M,4878459.0,235459.0,94
201800042601,18,11,2,1500,1,2,2,1.0,3.0,94003,M,4880442.0,232911.0,94
201800042602,18,11,3,1150,1,2,1,1.0,2.0,94003,M,4880161.0,232407.0,94
201800042603,18,11,4,2000,5,2,1,1.0,6.0,94016,M,4879290.0,233591.0,94
201800042604,18,11,6,1830,5,2,3,1.0,3.0,94003,M,4880625.0,232600.0,94
201800042605,18,11,8,1,5,2,6,8.0,2.0,94016,M,4878675.0,233739.0,94
201800042606,18,11,8,1750,5,2,1,1.0,6.0,94076,M,4878591.0,236031.0,94
201800042607,18,11,9,1840,5,2,1,1.0,6.0,94043,M,4880738.0,235477.0,94
201800042608,18,11,10,600,2,2,1,2.0,6.0,94003,M,4880609.0,234542.0,94
201800042609,18,11,11,1,5,2,1,2.0,5.0,94016,M,4879130.0,233000.0,94
201800042610,18,11,12,2141,5,2,1,1.0,7.0,94043,M,4880920.0,236259.0,94
201800042611,18,11,13,1135,1,2,1,1.0,6.0,94016,M,4878640.0,233013.0,94
201800042612,18,11,14,1715,1,2,1,1.0,7.0,94003,M,4880452.0,233640.0,94
201800042613,18,11,16,815,2,2,2,2.0,7.0,94076,M,4878859.0,237226.0,94
201800042614,18,11,16,1015,1,2,1,8.0,7.0,94043,M,4880384.0,233560.0,94
201800042615,18,11,17,745,2,2,1,1.0,7.0,94016,M,4879056.0,233144.0,94
201800042616,18,11,17,1300,1,2,1,1.0,6.0,94043,M,4881177.0,236166.0,94
201800042617,18,11,20,1550,1,1,1,2.0,6.0,94076,M,4879590.0,235217.0,94
201800042618,18,11,22,100,5,2,3,1.0,6.0,94016,M,4879300.0,233574.0,94
201800042619,18,11,22,1545,1,2,1,8.0,3.0,94043,M,4881531.0,236273.0,94
201800042620,18,11,23,1330,1,2,9,5.0,3.0,94043,M,4880609.0,334970.0,94
201800042621,18,11,25,640,5,2,2,2.0,6.0,94043,M,4881240.0,255414.0,94
201800042622,18,11,27,2225,5,2,1,3.0,6.0,94076,M,4879897.0,236559.0,94
201800042623,18,11,28,915,1,2,1,2.0,3.0,94016,M,4878546.0,232859.0,94
201800042624,18,11,30,1537,1,2,1,1.0,6.0,94076,M,4880369.0,236700.0,94
201800042625,18,12,1,1945,5,2,1,2.0,2.0,94043,M,4880740.0,234729.0,94
201800042626,18,12,2,1700,5,2,6,2.0,6.0,94076,M,4879322.0,235958.0,94
201800042627,18,12,3,815,2,2,3,1.0,6.0,94076,M,4880047.0,235246.0,94
201800042628,18,12,5,1805,3,2,1,1.0,7.0,94003,M,4880430.0,233794.0,94
201800042629,18,12,6,1810,5,2,1,2.0,2.0,94003,M,4880948.0,232592.0,94
201800042630,18,12,8,2020,5,2,2,2.0,7.0,94016,M,4878404.0,233902.0,94
201800042631,18,12,13,2110,5,2,1,1.0,7.0,94076,M,4880592.0,234544.0,94
201800042632,18,12,14,1645,1,2,1,1.0,6.0,94076,M,4880002.0,235534.0,94
201800042633,18,12,19,1025,1,2,1,1.0,6.0,94076,M,4879450.0,235960.0,94
201800042634,18,12,20,2100,5,2,5,1.0,3.0,94003,M,4880440.0,233805.0,94
201800042635,18,12,21,1410,1,2,2,2.0,3.0,94037,M,4881461.0,233889.0,94
201800042636,18,12,22,10,5,2,1,2.0,1.0,94037,M,4881602.0,234670.0,94
201800042637,18,12,22,440,5,2,1,1.0,2.0,94076,M,4880116.0,236649.0,94
201800042638,18,12,22,130,5,2,1,1.0,6.0,94043,M,4881587.0,235680.0,94
201800042639,18,12,25,1225,1,2,1,1.0,7.0,94043,M,4880530.0,234720.0,94
201800042640,18,12,25,1830,5,2,9,1.0,3.0,94076,M,4879599.0,236836.0,94
201800042641,18,1,2,1805,5,2,3,2.0,3.0,94046,M,4881543.0,242857.0,94
201800042642,18,1,5,1150,1,2,3,1.0,7.0,94046,M,4880989.0,242303.0,94
201800042643,18,1,7,1910,5,2,2,1.0,1.0,94046,M,4880738.0,244340.0,94
201800042644,18,1,16,1815,5,2,1,3.0,1.0,94046,M,4881006.0,244214.0,94
201800042645,18,1,24,1315,1,2,3,1.0,1.0,94046,M,4880704.0,244516.0,94
201800042646,18,2,1,1855,5,2,3,1.0,6.0,94046,M,4879505.0,243393.0,94
201800042647,18,2,3,1550,1,2,5,3.0,2.0,94046,M,4881555.0,242045.0,94
201800042648,18,2,5,1850,2,2,2,8.0,3.0,94046,M,4879701.0,243344.0,94
201800042649,18,2,11,2010,5,2,1,8.0,2.0,94046,M,4881339.0,242150.0,94
201800042650,18,2,12,1405,1,2,1,1.0,4.0,94046,M,4880411.0,244415.0,94
201800042651,18,2,16,1955,5,2,2,1.0,6.0,94046,M,4880071.0,243536.0,94
201800042652,18,3,5,1335,1,2,2,1.0,3.0,94046,M,4880872.0,245143.0,94
201800042653,18,3,8,1935,2,2,2,2.0,3.0,94046,M,4881003.0,244008.0,94
201800042654,18,3,8,1940,5,2,2,8.0,3.0,94046,M,4880994.0,244811.0,94
201800042655,18,3,16,1220,1,2,4,1.0,6.0,94046,M,4880397.0,244409.0,94
201800042656,18,3,16,1600,1,2,3,1.0,3.0,94046,M,4881442.0,242376.0,94
201800042657,18,4,5,905,1,2,4,8.0,6.0,94046,M,4880058.0,243042.0,94
201800042658,18,4,9,1135,1,2,3,1.0,3.0,94046,M,4880935.0,245372.0,94
201800042659,18,4,11,710,1,2,2,1.0,6.0,94046,M,4880287.0,243425.0,94
201800042660,18,4,13,1000,1,2,2,1.0,1.0,94046,M,4880442.0,243246.0,94
201800042661,18,4,13,1740,1,2,3,1.0,3.0,94046,M,4881441.0,242376.0,94
201800042662,18,4,18,820,1,2,1,1.0,6.0,94046,M,4881413.0,242109.0,94
201800042663,18,4,23,1940,1,2,1,1.0,6.0,94046,M,4881473.0,242264.0,94
201800042664,18,5,2,1715,1,2,1,1.0,6.0,94046,M,4881480.0,242270.0,94
201800042665,18,5,4,915,1,2,1,1.0,6.0,94046,M,4880521.0,244315.0,94
201800042666,18,5,4,1555,1,2,2,1.0,3.0,94046,M,4881010.0,243298.0,94
201800042667,18,5,6,1300,1,2,1,1.0,7.0,94046,M,4881540.0,242428.0,94
201800042668,18,5,8,1635,1,2,2,1.0,3.0,94046,M,4880563.0,243147.0,94
201800042669,18,5,12,110,5,2,7,1.0,1.0,94046,M,4879666.0,243059.0,94
201800042670,18,5,15,1855,1,2,9,1.0,5.0,94046,M,4879021.0,243315.0,94
201800042671,18,5,26,1000,1,2,1,1.0,6.0,94046,M,4879720.0,243364.0,94
201800042672,18,5,31,915,1,2,2,1.0,1.0,94046,M,4881146.0,243750.0,94
201800042673,18,6,6,1000,1,2,2,8.0,3.0,94046,M,4881130.0,244050.0,94
201800042674,18,6,12,920,1,2,1,2.0,3.0,94046,M,4880189.0,243523.0,94
201800042675,18,6,13,1010,1,2,1,1.0,6.0,94046,M,4880140.0,243530.0,94
201800042676,18,6,16,50,5,2,1,1.0,7.0,94046,M,4881570.0,242459.0,94
201800042677,18,6,19,910,1,2,1,1.0,6.0,94046,M,4881362.0,242131.0,94
201800042678,18,6,22,1825,1,2,1,1.0,6.0,94046,M,4880650.0,242270.0,94
201800042679,18,6,25,1920,1,2,1,1.0,5.0,94046,M,4879814.0,243376.0,94
201800042680,18,6,28,2125,2,2,1,1.0,2.0,94046,M,4880040.0,242996.0,94
201800042681,18,7,1,100,5,2,1,1.0,6.0,94046,M,4881386.0,242117.0,94
201800042682,18,7,9,2105,1,2,4,1.0,3.0,94046,M,4880050.0,243070.0,94
201800042683,18,7,15,1600,1,2,9,1.0,3.0,94046,M,4880509.0,244245.0,94
201800042684,18,7,16,1725,1,2,3,1.0,6.0,94046,M,4881320.0,245390.0,94
201800042685,18,7,16,2110,1,2,1,1.0,6.0,94046,M,4881474.0,242266.0,94
201800042686,18,7,19,430,5,2,1,1.0,6.0,94046,M,4880350.0,244540.0,94
201800042687,18,7,25,1345,1,2,1,1.0,6.0,94046,M,4879420.0,243562.0,94
201800042688,18,8,7,1415,1,2,1,1.0,1.0,94046,M,4880250.0,244160.0,94
201800042689,18,8,10,1700,1,2,9,1.0,1.0,94046,M,4880727.0,242566.0,94
201800042690,18,8,28,1840,1,2,2,1.0,3.0,94046,M,4880654.0,244337.0,94
201800042691,18,9,3,1910,1,2,1,1.0,6.0,94046,M,4881464.0,242241.0,94
201800042692,18,9,14,100,5,2,1,1.0,3.0,94046,M,4881414.0,242116.0,94
201800042693,18,9,13,925,1,2,1,2.0,3.0,94046,M,4878172.0,181133.0,94
201800042694,18,9,14,2145,5,2,1,1.0,6.0,94046,M,4880000.0,244000.0,94
201800042695,18,9,19,2210,5,2,1,1.0,6.0,94046,M,4879970.0,243450.0,94
201800042696,18,10,2,1930,2,2,1,2.0,6.0,94046,M,4880249.0,242773.0,94
201800042697,18,10,2,2015,5,2,2,2.0,6.0,94046,M,4879342.0,243654.0,94
201800042698,18,10,5,2020,5,2,2,1.0,5.0,94046,M,4879743.0,243336.0,94
201800042699,18,10,10,815,1,2,2,1.0,3.0,94046,M,4880281.0,243416.0,94
201800042700,18,10,13,1100,1,2,4,1.0,3.0,94046,M,4881168.0,242286.0,94
201800042701,18,10,16,1020,1,2,1,1.0,3.0,94046,M,4880938.0,243396.0,94
201800042702,18,10,16,1320,1,2,1,1.0,1.0,94046,M,4880700.0,244482.0,94
201800042703,18,10,17,1105,1,2,1,1.0,7.0,94046,M,4881422.0,242090.0,94
201800042704,18,10,18,835,1,2,1,1.0,6.0,94046,M,4879992.0,243744.0,94
201800042705,18,10,18,1400,1,2,1,1.0,6.0,94046,M,4879640.0,244194.0,94
201800042706,18,10,21,2250,5,2,1,1.0,6.0,94046,M,4880699.0,243830.0,94
201800042707,18,10,26,2005,3,2,1,1.0,6.0,94046,M,4881555.0,242066.0,94
201800042708,18,10,30,1240,1,2,1,8.0,6.0,94046,M,4879584.0,243393.0,94
201800042709,18,10,31,625,5,2,1,1.0,6.0,94046,M,4878867.0,243530.0,94
201800042710,18,11,6,1720,2,2,3,1.0,3.0,94046,M,4880461.0,243258.0,94
201800042711,18,11,7,900,1,2,1,2.0,6.0,94046,M,4882204.0,243387.0,94
201800042712,18,11,7,1855,5,2,5,1.0,1.0,94046,M,4881543.0,242039.0,94
201800042713,18,11,8,1500,1,2,2,1.0,3.0,94046,M,4881203.0,244363.0,94
201800042714,18,11,12,900,1,2,1,3.0,4.0,94046,M,4880351.0,243807.0,94
201800042715,18,11,12,1400,1,2,1,8.0,3.0,94046,M,4881158.0,243008.0,94
201800042716,18,11,14,810,1,2,3,1.0,3.0,94046,M,4881300.0,243241.0,94
201800042717,18,11,20,730,3,2,9,2.0,6.0,94046,M,4880230.0,244650.0,94
201800042718,18,11,22,1200,1,2,1,1.0,3.0,94046,M,4881028.0,242351.0,94
201800042719,18,11,24,15,5,2,1,3.0,6.0,94046,M,4880120.0,243180.0,94
201800042720,18,12,9,2000,5,2,4,8.0,6.0,94046,M,4880499.0,244259.0,94
201800042721,18,12,9,2015,5,2,1,2.0,7.0,94028,M,4876700.0,245600.0,94
201800042722,18,12,11,1815,5,2,1,1.0,3.0,94046,M,4880408.0,243259.0,94
201800042723,18,12,20,815,5,2,1,8.0,7.0,94046,M,4880669.0,242573.0,94
201800042724,18,12,28,2040,5,2,2,1.0,2.0,94046,M,4879389.0,243408.0,94
201800042725,18,12,29,1450,1,2,2,1.0,3.0,94046,M,4880291.0,243411.0,94
201800042726,18,1,1,800,2,2,2,3.0,6.0,94042,M,4882002.0,246710.0,94
201800042727,18,1,2,2150,5,2,1,8.0,2.0,94052,M,4884253.0,248470.0,94
201800042728,18,1,7,1735,5,2,2,1.0,6.0,94042,M,4881991.0,248224.0,94
201800042729,18,1,15,1800,5,2,1,2.0,6.0,94058,M,4884060.0,250662.0,94
201800042730,18,1,17,1715,2,2,1,1.0,6.0,94052,M,4883724.0,248650.0,94
201800042731,18,1,18,1510,1,2,1,2.0,6.0,94042,M,4881907.0,246789.0,94