Num_Acc,an,mois,jour,hrmn,lum,agg,int,atm,col,com,gps,lat,long,dep
201800042732,18,1,19,745,2,2,1,1.0,3.0,94052,M,4884095.0,248227.0,94
201800042733,18,1,27,1600,1,2,2,1.0,6.0,94052,M,4883631.0,247001.0,94
201800042734,18,1,28,1420,1,2,1,8.0,3.0,94058,M,4884865.0,249488.0,94
201800042735,18,1,25,1050,1,2,2,1.0,6.0,94058,M,4883457.0,251080.0,94
201800042736,18,1,29,905,1,2,1,8.0,2.0,94042,M,4881627.0,247054.0,94
201800042737,18,2,15,805,1,2,2,1.0,6.0,94052,M,4883382.0,247030.0,94
201800042738,18,3,3,530,5,2,2,1.0,6.0,94069,M,4881438.0,246267.0,94
201800042739,18,3,9,1045,1,2,5,1.0,6.0,94058,M,4883717.0,251115.0,94
201800042740,18,3,10,1705,1,2,3,1.0,3.0,94052,M,4883205.0,247650.0,94
201800042741,18,3,21,930,1,2,1,1.0,2.0,94052,M,4883133.0,249302.0,94
201800042742,18,3,25,1930,2,2,3,1.0,3.0,94058,M,4883519.0,249952.0,94
201800042743,18,3,28,1805,1,2,1,8.0,3.0,94052,M,4883838.0,248684.0,94
201800042744,18,3,30,1410,1,2,1,1.0,3.0,94058,M,4885014.0,249989.0,94
201800042745,18,4,10,1230,1,2,2,1.0,3.0,94042,M,4881492.0,246313.0,94
201800042746,18,4,9,2320,5,2,3,2.0,2.0,94042,M,4881996.0,248250.0,94
201800042747,18,4,15,1710,1,2,2,1.0,3.0,94042,M,4881492.0,246328.0,94
201800042748,18,4,18,1520,1,2,2,1.0,3.0,94058,M,4884493.0,250556.0,94
201800042749,18,5,1,825,1,2,1,1.0,6.0,94042,M,4882014.0,246443.0,94
201800042750,18,5,2,1730,1,2,2,1.0,3.0,94015,M,4884183.0,253693.0,94
201800042751,18,5,2,1905,1,2,2,1.0,6.0,94052,M,4883538.0,249775.0,94
201800042752,18,5,2,1945,1,2,1,1.0,3.0,94052,M,4883478.0,247304.0,94
201800042753,18,5,9,2330,5,2,1,1.0,2.0,94042,M,4882021.0,246749.0,94
201800042754,18,5,11,1745,1,2,2,1.0,3.0,94052,M,4883430.0,249497.0,94
201800042755,18,5,17,1620,1,2,3,1.0,3.0,94042,M,4881995.0,248244.0,94
201800042756,18,5,26,2000,2,2,1,1.0,2.0,94052,M,4884492.0,248857.0,94
201800042757,18,5,28,745,1,2,1,1.0,3.0,94042,M,4882011.0,248021.0,94
201800042758,18,6,1,1755,1,2,1,1.0,1.0,94052,M,4884138.0,248295.0,94
201800042759,18,6,8,1800,1,2,9,1.0,3.0,94052,M,4883574.0,248861.0,94
201800042760,18,6,17,2220,5,2,3,1.0,3.0,94058,M,4883863.0,249520.0,94
201800042761,18,6,17,2338,5,2,5,1.0,3.0,94058,M,4884495.0,250557.0,94
201800042762,18,6,20,1445,1,2,1,1.0,3.0,94042,M,4881689.0,246718.0,94
201800042763,18,6,21,15,5,2,1,1.0,6.0,94042,M,4881249.0,246859.0,94
201800042764,18,7,29,1,5,2,2,1.0,3.0,94042,M,4882488.0,247744.0,94
201800042765,18,7,30,1610,1,2,9,1.0,2.0,94058,M,4885040.0,250105.0,94
201800042766,18,8,1,850,1,2,1,1.0,2.0,94058,M,4885241.0,251067.0,94
201800042767,18,8,2,1530,1,2,2,1.0,3.0,94042,M,4881492.0,246324.0,94
201800042768,18,8,6,2030,1,2,1,1.0,3.0,94058,M,4885004.0,249562.0,94
201800042769,18,8,10,1520,1,2,1,1.0,7.0,94042,M,4881709.0,246716.0,94
201800042770,18,8,11,1520,1,2,2,1.0,3.0,94058,M,4884446.0,249758.0,94
201800042771,18,8,22,1130,1,2,5,1.0,6.0,94052,M,4883817.0,248416.0,94
201800042772,18,8,26,1400,1,2,1,1.0,6.0,94052,M,4883319.0,247625.0,94
201800042773,18,8,28,1620,1,2,2,1.0,3.0,94052,M,4884403.0,248932.0,94
201800042774,18,9,2,1635,1,2,1,1.0,6.0,94058,M,4883048.0,250675.0,94
201800042775,18,9,2,1950,2,2,2,1.0,3.0,94052,M,4884525.0,248918.0,94
201800042776,18,9,4,1320,1,2,2,8.0,3.0,94015,M,4884705.0,252609.0,94
201800042777,18,9,7,1340,1,2,1,1.0,6.0,94058,M,4883878.0,251130.0,94
201800042778,18,9,11,840,1,2,1,1.0,2.0,94058,M,4884498.0,250128.0,94
201800042779,18,9,13,810,1,2,1,2.0,6.0,94052,M,4883578.0,247552.0,94
201800042780,18,9,13,845,1,2,2,2.0,3.0,94015,M,4883260.0,253149.0,94
201800042781,18,9,17,1620,1,2,2,1.0,3.0,94015,M,4883440.0,252568.0,94
201800042782,18,9,18,2000,5,2,2,1.0,3.0,94052,M,4884519.0,248908.0,94
201800042783,18,9,19,1000,1,2,9,1.0,6.0,94015,M,4882950.0,251801.0,94
201800042784,18,9,19,1915,1,2,1,1.0,6.0,94042,M,4883008.0,247506.0,94
201800042785,18,9,18,2000,2,2,1,1.0,3.0,94058,M,4884889.0,249408.0,94
201800042786,18,9,20,1745,1,2,2,1.0,3.0,94058,M,4885137.0,251085.0,94
201800042787,18,9,22,1850,1,2,1,1.0,6.0,94052,M,4883747.0,247728.0,94
201800042788,18,9,26,1715,1,2,2,1.0,3.0,94058,M,4883449.0,251056.0,94
201800042789,18,10,6,1410,1,2,1,1.0,6.0,94058,M,4884276.0,250277.0,94
201800042790,18,10,20,1120,1,2,2,1.0,1.0,94015,M,4883440.0,252556.0,94
201800042791,18,10,27,710,2,2,1,1.0,2.0,94042,M,4881574.0,246941.0,94
201800042792,18,11,2,1730,2,2,1,1.0,6.0,94015,M,4883711.0,252079.0,94
201800042793,18,11,3,1240,1,2,1,1.0,3.0,94058,M,4883780.0,251178.0,94
201800042794,18,11,7,625,5,2,6,2.0,3.0,94058,M,4884921.0,249594.0,94
201800042795,18,11,7,1155,1,2,1,1.0,7.0,94052,M,4883970.0,248512.0,94
201800042796,18,11,14,825,1,2,2,1.0,3.0,94058,M,4885363.0,250091.0,94
201800042797,18,11,18,1945,3,2,1,1.0,3.0,94058,M,4884868.0,249518.0,94
201800042798,18,11,12,1135,1,2,2,1.0,3.0,94052,M,4884128.0,248277.0,94
201800042799,18,12,15,1815,5,2,1,2.0,6.0,94042,M,4881992.0,248099.0,94
201800042800,18,12,17,2040,5,2,3,1.0,6.0,94042,M,4882014.0,247950.0,94
201800042801,18,12,25,1630,2,2,1,1.0,1.0,94052,M,4882887.0,246474.0,94
201800042802,18,1,2,1030,1,2,2,1.0,6.0,94068,M,4878593.0,249525.0,94
201800042803,18,1,2,2255,5,2,2,8.0,3.0,94068,M,4879940.0,249900.0,94
201800042804,18,1,9,1640,2,2,1,2.0,6.0,94068,M,4880652.0,247134.0,94
201800042805,18,1,6,920,1,2,1,1.0,6.0,94068,M,4879292.0,251622.0,94
201800042806,18,1,10,815,5,2,2,2.0,6.0,94068,M,4879214.0,249710.0,94
201800042807,18,1,12,925,1,2,1,1.0,3.0,94068,M,4879740.0,250387.0,94
201800042808,18,1,12,1205,1,2,1,1.0,7.0,94068,M,4879700.0,250161.0,94
201800042809,18,1,12,1910,5,2,2,1.0,6.0,94068,M,4879220.0,249709.0,94
201800042810,18,1,15,1005,1,2,2,1.0,1.0,94068,M,4879910.0,247102.0,94
201800042811,18,1,15,1750,5,2,2,2.0,3.0,94068,M,4879363.0,250892.0,94
201800042812,18,1,22,800,2,2,3,2.0,3.0,94068,M,4879985.0,250455.0,94
201800042813,18,1,24,945,1,2,1,8.0,3.0,94068,M,4880150.0,246995.0,94
201800042814,18,1,24,1250,1,2,2,1.0,2.0,94068,M,4880210.0,248160.0,94
201800042815,18,1,24,2216,5,2,2,8.0,1.0,94068,M,4879800.0,249130.0,94
201800042816,18,1,19,1915,5,2,2,1.0,6.0,94068,M,4881102.0,246933.0,94
201800042817,18,1,28,520,5,2,2,2.0,6.0,94068,M,4881100.0,246930.0,94
201800042818,18,1,30,1120,1,2,2,8.0,3.0,94068,M,4878705.0,250553.0,94
201800042819,18,2,5,900,1,2,2,1.0,6.0,94068,M,4880121.0,247918.0,94
201800042820,18,2,11,210,5,2,1,2.0,6.0,94068,M,4879970.0,246910.0,94
201800042821,18,2,12,1045,1,2,7,1.0,7.0,94068,M,4879243.0,251648.0,94
201800042822,18,2,12,1840,5,2,1,8.0,6.0,94068,M,4880627.0,247947.0,94
201800042823,18,2,13,1845,5,2,1,2.0,2.0,94068,M,4880690.0,247935.0,94
201800042824,18,2,14,800,1,2,2,8.0,6.0,94068,M,4880112.0,247906.0,94
201800042825,18,2,15,930,1,2,2,2.0,3.0,94068,M,4879471.0,247362.0,94
201800042826,18,2,15,2050,5,2,2,1.0,3.0,94068,M,4880004.0,249725.0,94
201800042827,18,2,16,1005,1,2,1,1.0,3.0,94068,M,4881170.0,248819.0,94
201800042828,18,2,19,1745,2,2,2,2.0,1.0,94068,M,4879653.0,247592.0,94
201800042829,18,2,22,1740,1,2,2,1.0,3.0,94068,M,4878615.0,249803.0,94
201800042830,18,2,28,1500,1,2,3,1.0,2.0,94068,M,4879031.0,250266.0,94
201800042831,18,3,5,1630,1,2,1,1.0,6.0,94068,M,4879702.0,247546.0,94
201800042832,18,3,11,1410,1,2,1,1.0,6.0,94068,M,4880743.0,247391.0,94
201800042833,18,3,14,1230,1,2,2,1.0,3.0,94068,M,4879160.0,250350.0,94
201800042834,18,3,15,615,3,2,2,2.0,6.0,94068,M,4878616.0,249517.0,94
201800042835,18,3,15,1645,1,2,3,2.0,5.0,94068,M,4880840.0,247114.0,94
201800042836,18,3,24,945,1,2,2,1.0,3.0,94068,M,4881103.0,246930.0,94
201800042837,18,4,3,750,1,2,3,8.0,3.0,94068,M,4880036.0,248173.0,94
201800042838,18,4,3,1725,1,2,2,2.0,3.0,94068,M,4881102.0,246933.0,94
201800042839,18,4,4,1420,1,2,5,1.0,6.0,94068,M,4879199.0,248119.0,94
201800042840,18,4,5,845,1,2,3,1.0,3.0,94068,M,4879876.0,250362.0,94
201800042841,18,3,18,1710,1,2,2,4.0,1.0,94068,M,4879378.0,249223.0,94
201800042842,18,4,6,1540,1,2,2,1.0,6.0,94068,M,4879403.0,249229.0,94
201800042843,18,4,10,1520,1,2,2,1.0,6.0,94068,M,4879266.0,251680.0,94
201800042844,18,4,12,1340,1,2,2,2.0,3.0,94068,M,4879250.0,249839.0,94
201800042845,18,4,12,1355,1,2,3,1.0,6.0,94068,M,4880744.0,247439.0,94
201800042846,18,4,17,2240,3,2,2,1.0,3.0,94068,M,4880892.0,247244.0,94
201800042847,18,4,25,1020,1,2,3,1.0,3.0,94068,M,4881025.0,247440.0,94
201800042848,18,4,27,1310,1,2,2,1.0,3.0,94068,M,4879651.0,251779.0,94
201800042849,18,4,27,1920,1,2,1,1.0,6.0,94068,M,4879785.0,250106.0,94
201800042850,18,4,28,1100,1,2,3,1.0,3.0,94068,M,4879886.0,247403.0,94
201800042851,18,5,4,1930,1,2,2,1.0,3.0,94068,M,4879488.0,251827.0,94
201800042852,18,5,7,920,1,2,1,1.0,1.0,94068,M,4880146.0,249410.0,94
201800042853,18,5,7,1525,1,2,1,1.0,5.0,94068,M,4879797.0,249633.0,94
201800042854,18,5,9,1620,1,2,1,1.0,6.0,94068,M,4880433.0,247137.0,94
201800042855,18,5,11,2135,5,2,4,1.0,3.0,94068,M,4879393.0,249619.0,94
201800042856,18,5,12,1630,1,2,1,2.0,3.0,94068,M,4879660.0,250606.0,94
201800042857,18,5,14,1425,1,2,1,1.0,3.0,94068,M,4879795.0,249345.0,94
201800042858,18,5,18,1745,1,2,1,1.0,6.0,94068,M,4879913.0,250399.0,94
201800042859,18,5,22,2150,5,2,2,1.0,3.0,94068,M,4879370.0,249817.0,94
201800042860,18,5,23,2020,2,2,2,1.0,3.0,94068,M,4878994.0,249007.0,94
201800042861,18,5,24,1925,1,2,1,1.0,3.0,94068,M,4881104.0,246936.0,94
201800042862,18,5,25,940,1,2,2,1.0,3.0,94068,M,4880239.0,248730.0,94
201800042863,18,5,26,1025,1,2,1,1.0,6.0,94068,M,4880699.0,250946.0,94
201800042864,18,5,30,1105,1,2,3,1.0,3.0,94068,M,4878455.0,249217.0,94
201800042865,18,5,31,1745,1,2,2,1.0,3.0,94068,M,4879705.0,250490.0,94
201800042866,18,6,1,1845,1,2,1,3.0,2.0,94068,M,4880703.0,247626.0,94
201800042867,18,6,1,2240,5,2,1,2.0,2.0,94068,M,4881040.0,247005.0,94
201800042868,18,6,2,1450,1,2,1,1.0,3.0,94068,M,4881085.0,247904.0,94
201800042869,18,6,4,1500,1,2,3,1.0,1.0,94068,M,4880440.0,251063.0,94
201800042870,18,6,13,940,1,2,8,1.0,6.0,94068,M,4880253.0,248459.0,94
201800042871,18,6,14,300,5,2,1,1.0,6.0,94068,M,4880790.0,247350.0,94
201800042872,18,6,14,940,1,2,1,1.0,6.0,94068,M,4879579.0,247525.0,94
201800042873,18,6,15,1115,1,2,1,1.0,6.0,94068,M,4879760.0,250241.0,94
201800042874,18,6,16,1845,1,2,3,1.0,1.0,94068,M,4879269.0,251227.0,94
201800042875,18,6,17,1835,1,2,7,1.0,3.0,94068,M,4879250.0,251531.0,94
201800042876,18,6,20,1915,1,2,2,1.0,3.0,94068,M,4880654.0,247878.0,94
201800042877,18,6,20,2155,2,2,2,8.0,3.0,94068,M,4880711.0,250899.0,94
201800042878,18,6,22,1845,1,2,1,1.0,6.0,94068,M,4880670.0,250748.0,94
201800042879,18,6,22,2045,1,2,2,1.0,3.0,94068,M,4879248.0,247353.0,94
201800042880,18,6,25,820,1,2,2,1.0,6.0,94068,M,4878555.0,250481.0,94
201800042881,18,6,27,600,2,2,1,1.0,2.0,94068,M,4880967.0,247111.0,94
201800042882,18,6,27,1220,1,2,1,1.0,3.0,94068,M,4878470.0,249285.0,94
201800042883,18,6,27,1630,1,2,2,1.0,6.0,94068,M,4880296.0,248969.0,94
201800042884,18,6,28,1910,1,2,1,1.0,6.0,94068,M,4879922.0,248589.0,94
201800042885,18,6,30,1250,1,2,2,1.0,1.0,94068,M,4879332.0,249793.0,94
201800042886,18,7,2,1745,1,2,3,1.0,3.0,94068,M,4878996.0,250973.0,94
201800042887,18,7,7,2255,5,2,1,1.0,1.0,94068,M,4878785.0,249518.0,94
201800042888,18,7,12,1745,1,2,1,1.0,6.0,94068,M,4880790.0,250338.0,94
201800042889,18,7,13,1730,1,2,1,1.0,2.0,94068,M,4879330.0,249770.0,94
201800042890,18,7,13,2225,5,2,1,1.0,6.0,94068,M,4879809.0,248553.0,94
201800042891,18,7,15,830,1,2,2,1.0,6.0,94068,M,4881122.0,247798.0,94
201800042892,18,7,15,2000,1,2,1,1.0,2.0,94068,M,4876862.0,250102.0,94
201800042893,18,7,18,1205,1,2,1,7.0,2.0,94068,M,4880140.0,249406.0,94
201800042894,18,7,22,2055,1,2,1,1.0,6.0,94068,M,4880613.0,247203.0,94
201800042895,18,7,28,1050,1,2,6,1.0,3.0,94068,M,4879790.0,250277.0,94
201800042896,18,7,28,1235,1,2,2,1.0,3.0,94068,M,4880906.0,247220.0,94
201800042897,18,7,28,2055,2,2,1,1.0,6.0,94068,M,4880391.0,248625.0,94
201800042898,18,8,1,730,1,2,2,1.0,2.0,94068,M,4880588.0,247290.0,94
201800042899,18,7,29,500,5,2,1,1.0,6.0,94068,M,4881003.0,247086.0,94
201800042900,18,8,5,2250,5,2,3,1.0,2.0,94068,M,4880065.0,247029.0,94
201800042901,18,8,7,1515,1,2,3,1.0,3.0,94068,M,4880771.0,251413.0,94
201800042902,18,8,11,1430,1,2,1,1.0,2.0,94068,M,4880564.0,248425.0,94
201800042903,18,8,15,40,5,2,5,1.0,7.0,94068,M,4879830.0,248010.0,94
201800042904,18,8,18,1020,1,2,1,1.0,6.0,94068,M,4880314.0,248930.0,94
201800042905,18,8,25,1520,1,2,2,1.0,3.0,94068,M,4879805.0,249128.0,94
201800042906,18,8,27,2020,2,2,2,1.0,3.0,94068,M,4880417.0,251676.0,94
201800042907,18,9,1,2230,5,2,2,1.0,3.0,94068,M,4879950.0,251790.0,94
201800042908,18,9,15,1330,1,2,2,1.0,6.0,94068,M,4880926.0,247184.0,94
201800042909,18,9,17,1903,2,2,1,1.0,2.0,94068,M,4880471.0,248590.0,94
201800042910,18,9,17,2010,2,2,1,1.0,6.0,94068,M,4879602.0,250639.0,94
201800042911,18,9,18,1935,2,2,1,1.0,2.0,94068,M,4879225.0,247537.0,94
201800042912,18,9,21,1630,1,2,2,1.0,3.0,94068,M,4879118.0,247457.0,94
201800042913,18,9,27,1840,1,2,3,1.0,6.0,94068,M,4880790.0,249191.0,94
201800042914,18,9,28,1015,1,2,1,1.0,2.0,94068,M,4878813.0,248219.0,94
201800042915,18,9,29,1830,1,2,1,1.0,6.0,94068,M,4880530.0,248401.0,94
201800042916,18,10,1,100,5,2,2,1.0,3.0,94068,M,4880732.0,248208.0,94
201800042917,18,10,2,620,5,2,2,1.0,3.0,94068,M,4879342.0,247865.0,94
201800042918,18,10,6,2120,5,2,1,1.0,1.0,94068,M,4880182.0,247586.0,94
201800042919,18,10,9,1400,1,2,2,1.0,3.0,94068,M,4879000.0,249021.0,94
201800042920,18,10,16,1350,1,2,2,1.0,7.0,94068,M,4880400.0,249000.0,94
201800042921,18,10,16,1725,1,2,3,1.0,6.0,94068,M,4880153.0,248596.0,94
201800042922,18,10,17,915,1,2,9,1.0,7.0,94068,M,4880893.0,248632.0,94
201800042923,18,10,19,830,1,2,1,1.0,3.0,94068,M,4880568.0,248160.0,94
201800042924,18,10,19,1515,1,2,2,1.0,3.0,94068,M,4878600.0,249500.0,94
201800042925,18,10,21,1350,1,2,9,1.0,6.0,94068,M,4879900.0,248598.0,94
201800042926,18,10,21,1505,1,2,9,1.0,6.0,94068,M,4880540.0,247159.0,94
201800042927,18,10,22,1345,1,2,3,2.0,3.0,94068,M,4979914.0,249972.0,94
201800042928,18,10,22,1945,5,2,2,1.0,3.0,94068,M,4880700.0,250500.0,94
201800042929,18,10,26,2100,5,2,2,1.0,3.0,94068,M,4879810.0,248588.0,94
201800042930,18,10,28,805,1,2,1,1.0,6.0,94068,M,4879850.0,248596.0,94
201800042931,18,11,2,1640,1,2,1,1.0,1.0,94068,M,4880660.0,249741.0,94
201800042932,18,11,6,800,2,2,7,1.0,3.0,94068,M,4880228.0,249211.0,94
201800042933,18,11,6,2120,5,2,1,1.0,1.0,94068,M,4880340.0,250768.0,94
201800042934,18,11,7,720,2,2,1,2.0,6.0,94068,M,4879104.0,252090.0,94
201800042935,18,11,14,830,1,2,1,1.0,6.0,94068,M,4880128.0,248749.0,94
201800042936,18,11,17,1440,1,2,3,1.0,3.0,94068,M,4878910.0,250190.0,94
201800042937,18,11,18,558,5,2,1,1.0,6.0,94068,M,4880798.0,250907.0,94
201800042938,18,11,26,1500,1,2,2,2.0,1.0,94068,M,4879346.0,248216.0,94
201800042939,18,11,26,2240,5,2,2,2.0,7.0,94068,M,4879160.0,250350.0,94
201800042940,18,12,5,920,1,2,2,1.0,3.0,94068,M,4880263.0,248325.0,94
201800042941,18,12,7,1745,3,2,7,1.0,6.0,94068,M,4879332.0,248689.0,94
201800042942,18,12,10,1700,4,2,1,1.0,3.0,94068,M,4880040.0,249912.0,94
201800042943,18,12,10,1755,5,2,1,1.0,6.0,94068,M,4880910.0,247896.0,94
201800042944,18,12,15,1500,1,2,2,2.0,3.0,94068,M,4880250.0,248290.0,94
201800042945,18,12,16,730,5,2,3,8.0,3.0,94068,M,4880924.0,248485.0,94
201800042946,18,12,23,430,5,2,9,9.0,3.0,94068,M,4879348.0,251446.0,94
201800042947,18,12,30,1030,1,2,4,1.0,3.0,94068,M,4881820.0,247884.0,94
201800042948,18,1,5,1705,2,2,1,2.0,6.0,94078,M,4873470.0,245892.0,94
201800042949,18,1,6,1850,5,2,1,2.0,2.0,94077,M,4873725.0,240608.0,94
201800042950,18,1,7,15,5,2,3,2.0,6.0,94074,M,4875181.0,245721.0,94
201800042951,18,1,8,320,5,2,3,1.0,3.0,94078,M,4875502.0,244444.0,94
201800042952,18,1,8,1115,1,2,3,1.0,6.0,94078,M,4873293.0,244688.0,94
201800042953,18,1,8,1450,1,2,3,1.0,3.0,94078,M,4876045.0,244301.0,94
201800042954,18,1,6,2130,3,2,1,2.0,2.0,94078,M,4873188.0,244685.0,94
201800042955,18,1,10,1912,5,2,3,1.0,6.0,94078,M,4873090.0,244752.0,94
201800042956,18,1,12,1830,5,2,3,1.0,6.0,94074,M,4874301.0,247011.0,94
201800042957,18,1,14,200,5,2,3,1.0,4.0,94078,M,4873304.0,244676.0,94
201800042958,18,1,18,1600,1,2,1,8.0,6.0,94078,M,4873441.0,246127.0,94
201800042959,18,1,19,1117,1,2,3,2.0,3.0,94077,M,4872741.0,243913.0,94
201800042960,18,1,21,2130,5,2,2,2.0,6.0,94074,M,4876533.0,244767.0,94
201800042961,18,1,26,1630,1,2,1,2.0,1.0,94074,M,4876840.0,244670.0,94
201800042962,18,1,26,1920,5,2,1,2.0,6.0,94078,M,4874959.0,245118.0,94
201800042963,18,1,29,950,1,2,1,1.0,6.0,94078,M,4873380.0,245725.0,94
201800042964,18,1,31,2224,5,2,3,2.0,2.0,94078,M,4875847.0,244344.0,94
201800042965,18,2,5,810,1,2,3,1.0,2.0,94074,M,4876580.0,244489.0,94
201800042966,18,2,7,806,2,2,1,4.0,3.0,94078,M,4875115.0,244534.0,94
201800042967,18,2,12,430,5,2,1,9.0,7.0,94078,M,4875070.0,243334.0,94
201800042968,18,2,17,1730,1,2,1,1.0,6.0,94078,M,4875000.0,244000.0,94
201800042969,18,3,1,920,1,2,2,4.0,3.0,94077,M,4872973.0,244085.0,94
201800042970,18,3,2,930,1,2,3,2.0,2.0,94078,M,4875933.0,244333.0,94
201800042971,18,3,5,934,1,2,3,1.0,2.0,94077,M,4874025.0,240914.0,94
201800042972,18,3,7,950,1,2,3,2.0,7.0,94078,M,4874727.0,245289.0,94
201800042973,18,3,10,1620,1,2,1,1.0,3.0,94078,M,4874887.0,244600.0,94
201800042974,18,3,16,940,1,2,1,1.0,6.0,94077,M,4873753.0,242300.0,94
201800042975,18,3,16,1620,1,2,3,1.0,2.0,94078,M,4875484.0,244423.0,94
201800042976,18,3,16,2000,5,2,3,2.0,6.0,94078,M,4873623.0,246451.0,94
201800042977,18,3,22,1325,1,2,1,1.0,3.0,94078,M,4873286.0,246118.0,94
201800042978,18,3,24,2330,5,2,1,1.0,3.0,94078,M,4873248.0,244685.0,94
201800042979,18,3,29,1615,1,2,3,1.0,1.0,94074,M,4875125.0,246778.0,94
201800042980,18,3,30,900,1,2,1,1.0,6.0,94078,M,4872465.0,244692.0,94
201800042981,18,3,30,1615,1,2,1,1.0,5.0,94074,M,4875120.0,246100.0,94
201800042982,18,4,6,1115,1,2,1,7.0,6.0,94078,M,4872593.0,244448.0,94
201800042983,18,4,13,2040,5,2,1,1.0,2.0,94078,M,4873874.0,244659.0,94
201800042984,18,4,15,440,5,2,1,1.0,6.0,94074,M,4876520.0,244182.0,94
201800042985,18,4,25,2005,2,2,3,1.0,3.0,94074,M,4876462.0,244177.0,94
201800042986,18,4,25,2355,5,2,7,1.0,7.0,94078,M,4874587.0,244650.0,94
201800042987,18,4,29,1955,2,2,3,2.0,3.0,94077,M,4873803.0,240785.0,94
201800042988,18,5,7,1710,1,2,1,1.0,6.0,94074,M,4874530.0,246910.0,94
201800042989,18,5,8,15,5,2,3,1.0,3.0,94078,M,4872768.0,244552.0,94
201800042990,18,5,9,950,1,2,1,1.0,3.0,94078,M,4875000.0,244000.0,94
201800042991,18,4,20,730,1,2,3,7.0,6.0,94001,M,4872119.0,241852.0,94
201800042992,18,5,11,1525,1,2,1,1.0,4.0,94074,M,4874350.0,246570.0,94
201800042993,18,5,15,907,1,2,1,1.0,3.0,94074,M,4874845.0,245688.0,94
201800042994,18,5,15,1320,1,2,6,1.0,7.0,94077,M,4873543.0,241634.0,94
201800042995,18,5,21,1250,1,2,5,1.0,4.0,94077,M,4873250.0,240733.0,94
201800042996,18,5,21,2130,1,2,2,1.0,3.0,94077,M,4873115.0,242123.0,94
201800042997,18,5,23,2015,2,2,1,1.0,3.0,94078,M,4874757.0,243677.0,94
201800042998,18,5,25,1745,1,2,1,1.0,3.0,94078,M,4873950.0,245688.0,94
201800042999,18,5,26,1654,1,2,1,1.0,4.0,94078,M,4874047.0,245717.0,94
201800043000,18,6,1,1320,1,2,1,1.0,2.0,94077,M,4873020.0,242732.0,94
201800043001,18,6,2,2106,2,2,1,1.0,6.0,94078,M,4875933.0,244309.0,94
201800043002,18,6,3,330,5,2,9,1.0,6.0,94074,M,4874110.0,246812.0,94
201800043003,18,6,4,1250,1,2,1,1.0,2.0,94074,M,4876516.0,244157.0,94
201800043004,18,6,6,157,5,2,1,3.0,2.0,94077,M,4873220.0,240872.0,94
201800043005,18,6,8,1345,1,2,1,1.0,3.0,94077,M,4873232.0,244051.0,94
201800043006,18,6,9,2140,2,2,3,1.0,1.0,94077,M,4873000.0,244000.0,94
201800043007,18,6,10,1122,1,2,3,1.0,3.0,94078,M,4873297.0,244674.0,94
201800043008,18,6,11,855,1,2,1,2.0,6.0,94077,M,4874076.0,242522.0,94
201800043009,18,6,14,800,1,2,1,1.0,1.0,94074,M,4874918.0,246452.0,94
201800043010,18,6,14,1850,1,2,3,1.0,6.0,94078,M,4873714.0,245236.0,94
201800043011,18,6,15,1900,1,2,1,1.0,3.0,94074,M,4874811.0,246756.0,94
201800043012,18,6,17,1715,1,2,1,1.0,6.0,94077,M,4873975.0,240745.0,94
201800043013,18,6,18,1700,1,2,1,1.0,1.0,94074,M,4874590.0,246860.0,94
201800043014,18,6,21,1805,1,2,1,1.0,6.0,94074,M,4876513.0,244597.0,94
201800043015,18,6,21,1850,1,2,1,1.0,6.0,94001,M,4872756.0,241866.0,94
201800043016,18,6,22,1545,1,2,2,1.0,3.0,94077,M,4873291.0,240603.0,94
201800043017,18,6,23,1440,1,2,1,1.0,1.0,94078,M,4874758.0,245284.0,94
201800043018,18,6,26,1918,1,2,1,1.0,6.0,94074,M,4876705.0,244720.0,94
201800043019,18,6,22,1120,1,2,1,1.0,6.0,94078,M,4875240.0,244600.0,94
201800043020,18,7,3,1915,1,2,1,1.0,6.0,94078,M,4875000.0,244000.0,94
201800043021,18,7,5,950,1,2,1,1.0,2.0,94078,M,4872908.0,244662.0,94
201800043022,18,7,7,1610,1,2,1,1.0,6.0,94078,M,4874990.0,244940.0,94
201800043023,18,7,12,1830,1,2,1,1.0,6.0,94078,M,4875112.0,244522.0,94
201800043024,18,7,14,1749,1,2,1,1.0,7.0,94078,M,4875840.0,244930.0,94
201800043025,18,7,14,2115,2,2,1,1.0,6.0,94078,M,4873959.0,246550.0,94
201800043026,18,7,16,620,2,2,3,1.0,3.0,94078,M,4875130.0,244520.0,94
201800043027,18,7,16,1255,1,2,1,1.0,3.0,94078,M,4872890.0,244805.0,94
201800043028,18,7,18,1450,1,2,9,1.0,3.0,94078,M,4875454.0,242913.0,94
201800043029,18,7,19,2040,1,2,1,1.0,2.0,94077,M,4877720.0,243620.0,94
201800043030,18,7,21,1650,1,2,6,1.0,6.0,94077,M,4872789.0,244063.0,94
201800043031,18,7,22,2140,2,2,1,1.0,7.0,94001,M,4872400.0,242028.0,94
201800043032,18,7,27,1850,1,2,1,2.0,6.0,94078,M,4874340.0,244666.0,94
201800043033,18,8,1,1525,1,2,1,1.0,7.0,94074,M,4874560.0,246914.0,94
201800043034,18,8,3,1825,1,2,1,1.0,6.0,94078,M,4873558.0,244686.0,94
201800043035,18,8,4,1510,1,2,6,1.0,2.0,94074,M,4873797.0,247081.0,94