Num_Acc,an,mois,jour,hrmn,lum,agg,int,atm,col,com,gps,lat,long,dep
201800043036,18,8,8,1110,1,2,1,1.0,2.0,94078,M,4874563.0,244670.0,94
201800043037,18,8,9,1740,1,2,1,1.0,1.0,94078,M,4875451.0,244719.0,94
201800043038,18,8,10,710,1,2,3,1.0,1.0,94078,M,4872766.0,244551.0,94
201800043039,18,8,14,1640,1,2,3,1.0,3.0,94078,M,4872769.0,244548.0,94
201800043040,18,8,19,50,5,2,1,1.0,2.0,94078,M,4875532.0,244428.0,94
201800043041,18,8,20,700,1,2,1,1.0,1.0,94078,M,4872800.0,244400.0,94
201800043042,18,8,22,1100,1,2,1,1.0,7.0,94078,M,4873015.0,244686.0,94
201800043043,18,8,28,1220,1,2,1,1.0,2.0,94078,M,4873474.0,245320.0,94
201800043044,18,8,30,1950,1,1,1,1.0,3.0,94074,M,4877130.0,244013.0,94
201800043045,18,9,4,330,5,2,1,1.0,2.0,94078,M,4873650.0,244687.0,94
201800043046,18,9,9,1645,1,2,4,1.0,3.0,94077,M,4873404.0,240566.0,94
201800043047,18,9,4,1950,1,2,1,1.0,1.0,94077,M,4870000.0,239000.0,94
201800043048,18,9,12,1525,1,2,1,1.0,6.0,94078,M,4875430.0,242890.0,94
201800043049,18,9,13,824,1,2,1,8.0,6.0,94001,M,4872306.0,241845.0,94
201800043050,18,9,14,1530,1,2,3,1.0,6.0,94001,M,4872759.0,241875.0,94
201800043051,18,9,15,1715,1,2,1,1.0,6.0,94078,M,4873331.0,246176.0,94
201800043052,18,9,16,1515,1,2,1,1.0,2.0,94078,M,4874700.0,244600.0,94
201800043053,18,9,17,705,5,2,3,1.0,1.0,94078,M,4873339.0,246192.0,94
201800043054,18,9,17,1840,1,2,1,1.0,6.0,94077,M,4873801.0,240771.0,94
201800043055,18,9,17,2200,5,2,2,1.0,3.0,94074,M,4874910.0,245536.0,94
201800043056,18,9,26,1755,1,2,1,1.0,6.0,94077,M,4873270.0,242420.0,94
201800043057,18,9,28,1950,2,2,2,1.0,6.0,94077,M,4873260.0,241895.0,94
201800043058,18,9,29,2100,2,2,1,1.0,3.0,94078,M,4875200.0,244500.0,94
201800043059,18,9,30,1535,1,2,1,1.0,3.0,94001,M,4872316.0,241857.0,94
201800043060,18,10,1,1530,1,2,1,1.0,2.0,94078,M,4872460.0,244520.0,94
201800043061,18,10,1,1820,1,2,3,1.0,3.0,94074,M,4875353.0,254505.0,94
201800043062,18,10,1,2130,5,2,2,1.0,3.0,94077,M,4873270.0,240614.0,94
201800043063,18,10,3,1820,1,2,3,1.0,3.0,94078,M,4873233.0,244694.0,94
201800043064,18,10,9,750,2,2,1,1.0,6.0,94077,M,4873108.0,242253.0,94
201800043065,18,10,10,1740,1,2,1,1.0,1.0,94074,M,4875027.0,245471.0,94
201800043066,18,10,11,2230,5,2,1,2.0,4.0,94078,M,4872751.0,244548.0,94
201800043067,18,10,13,950,1,2,1,1.0,3.0,94074,M,4876083.0,244278.0,94
201800043068,18,10,13,1420,1,2,1,1.0,6.0,94078,M,4872984.0,244699.0,94
201800043069,18,10,17,1128,1,2,1,1.0,3.0,94078,M,4875278.0,243085.0,94
201800043070,18,10,17,1845,1,2,2,1.0,3.0,94077,M,4873099.0,242347.0,94
201800043071,18,10,18,850,1,2,3,1.0,1.0,94001,M,4872510.0,241850.0,94
201800043072,18,10,18,1830,1,2,1,1.0,6.0,94078,M,4873120.0,244691.0,94
201800043073,18,10,19,925,1,2,1,1.0,6.0,94001,M,4872510.0,241840.0,94
201800043074,18,10,20,1600,1,2,2,1.0,2.0,94077,M,4874108.0,242649.0,94
201800043075,18,10,24,1330,1,2,1,1.0,3.0,94077,M,4873282.0,240630.0,94
201800043076,18,10,26,1100,1,2,2,1.0,3.0,94077,M,4873110.0,242242.0,94
201800043077,18,10,31,1200,1,2,1,1.0,2.0,94074,M,4877091.0,244043.0,94
201800043078,18,11,9,1830,5,2,1,1.0,4.0,94074,M,4877004.0,244052.0,94
201800043079,18,11,10,1205,1,2,2,2.0,3.0,94074,M,4877041.0,244691.0,94
201800043080,18,11,11,805,1,2,1,2.0,2.0,94078,M,4875140.0,244516.0,94
201800043081,18,11,11,2200,5,2,9,2.0,3.0,94074,M,4874876.0,247064.0,94
201800043082,18,11,12,507,5,2,1,2.0,6.0,94078,M,4874586.0,244663.0,94
201800043083,18,11,12,1915,5,2,1,1.0,6.0,94078,M,4873886.0,244961.0,94
201800043084,18,11,18,925,1,2,1,1.0,4.0,94078,M,4875405.0,244893.0,94
201800043085,18,11,18,1625,1,2,1,1.0,2.0,94078,M,4875081.0,243330.0,94
201800043086,18,11,19,1135,1,2,1,1.0,6.0,94078,M,4875190.0,245133.0,94
201800043087,18,11,19,2040,5,2,9,2.0,7.0,94078,M,4875298.0,245204.0,94
201800043088,18,11,23,2230,5,2,1,2.0,1.0,94001,M,4872290.0,241840.0,94
201800043089,18,11,25,1435,1,2,1,2.0,4.0,94078,M,4873000.0,244000.0,94
201800043090,18,11,26,1815,5,1,1,2.0,1.0,94077,M,4873402.0,240215.0,94
201800043091,18,11,27,1340,1,2,2,1.0,3.0,94077,M,4873240.0,241670.0,94
201800043092,18,11,28,1050,1,2,1,8.0,6.0,94001,M,4872383.0,242225.0,94
201800043093,18,11,28,1935,2,2,2,1.0,6.0,94078,M,4873760.0,247040.0,94
201800043094,18,11,12,820,1,2,1,2.0,6.0,94074,M,4874606.0,246328.0,94
201800043095,18,12,12,1925,5,2,9,1.0,3.0,94078,M,4873565.0,244672.0,94
201800043096,18,12,8,1130,1,2,3,1.0,3.0,94078,M,4873614.0,244679.0,94
201800043097,18,12,9,1722,3,2,3,2.0,6.0,94078,M,4873105.0,244684.0,94
201800043098,18,12,19,600,3,2,3,2.0,3.0,94078,M,4873550.0,246546.0,94
201800043099,18,12,14,2338,4,2,1,1.0,3.0,94078,M,4875000.0,245339.0,94
201800043100,18,12,29,100,5,2,1,1.0,2.0,94074,M,4873981.0,246820.0,94
201800043101,18,12,31,1440,1,2,1,1.0,6.0,94078,M,4875100.0,244600.0,94
201800043102,18,12,31,1905,5,2,1,1.0,3.0,94078,M,4872000.0,244000.0,94
201800043103,18,1,10,905,1,2,1,2.0,7.0,94080,M,4885048.0,243530.0,94
201800043104,18,1,28,30,5,2,3,2.0,6.0,94080,M,4884477.0,243667.0,94
201800043105,18,2,2,600,5,2,2,1.0,3.0,94080,M,4884694.0,245169.0,94
201800043106,18,2,4,1130,1,2,3,1.0,6.0,94067,M,4884551.0,241759.0,94
201800043107,18,2,17,1615,1,2,1,1.0,3.0,94080,M,4884530.0,243968.0,94
201800043108,18,2,20,1230,1,2,5,1.0,6.0,94067,M,4884922.0,241761.0,94
201800043109,18,2,22,1050,1,2,2,7.0,3.0,94080,M,4885174.0,244447.0,94
201800043110,18,2,28,200,5,2,3,9.0,7.0,94067,M,4883539.0,242092.0,94
201800043111,18,3,5,1250,1,2,1,1.0,2.0,94080,M,4884592.0,242461.0,94
201800043112,18,3,9,755,1,2,1,2.0,6.0,94067,M,4884603.0,241880.0,94
201800043113,18,3,20,900,1,2,3,1.0,6.0,94067,M,4884670.0,241646.0,94
201800043114,18,3,21,1200,1,2,2,1.0,6.0,94080,M,4884981.0,245370.0,94
201800043115,18,3,26,1255,1,2,3,1.0,3.0,94080,M,4884877.0,242937.0,94
201800043116,18,3,27,1915,2,2,2,8.0,6.0,94080,M,4884778.0,244131.0,94
201800043117,18,3,30,830,1,2,1,1.0,3.0,94080,M,4884504.0,243386.0,94
201800043118,18,3,31,350,5,2,2,1.0,3.0,94080,M,4884754.0,243703.0,94
201800043119,18,4,2,1710,1,2,1,8.0,7.0,94080,M,4884597.0,242401.0,94
201800043120,18,4,5,830,1,2,1,1.0,4.0,94067,M,4883555.0,242140.0,94
201800043121,18,4,5,1515,1,2,1,1.0,2.0,94067,M,4884648.0,241947.0,94
201800043122,18,4,27,1120,1,2,3,1.0,3.0,94067,M,4884543.0,241758.0,94
201800043123,18,4,28,2250,5,2,3,1.0,6.0,94080,M,4884881.0,242854.0,94
201800043124,18,5,4,1500,1,2,1,1.0,3.0,94067,M,4884720.0,241752.0,94
201800043125,18,5,5,1250,1,2,1,1.0,6.0,94067,M,4883578.0,242209.0,94
201800043126,18,5,16,139,5,2,2,1.0,3.0,94080,M,4884960.0,243410.0,94
201800043127,18,5,18,1625,1,2,1,1.0,2.0,94067,M,4883410.0,241650.0,94
201800043128,18,5,19,1400,1,2,1,1.0,3.0,94067,M,4884360.0,241614.0,94
201800043129,18,5,22,2305,5,2,1,8.0,7.0,94080,M,4884760.0,243088.0,94
201800043130,18,5,25,1545,1,2,1,1.0,2.0,94067,M,4883574.0,242201.0,94
201800043131,18,5,29,1115,1,2,1,2.0,2.0,94067,M,4884416.0,242234.0,94
201800043132,18,6,1,315,5,2,3,8.0,3.0,94080,M,4884568.0,242736.0,94
201800043133,18,6,1,1515,1,2,2,1.0,3.0,94080,M,4884815.0,245105.0,94
201800043134,18,6,11,930,1,2,1,1.0,2.0,94080,M,4884450.0,243978.0,94
201800043135,18,6,20,5,5,2,3,1.0,3.0,94080,M,4884133.0,243081.0,94
201800043136,18,6,20,1510,1,2,1,1.0,2.0,94067,M,4884040.0,242035.0,94
201800043137,18,6,26,835,1,2,9,7.0,6.0,94080,M,4884800.0,244650.0,94
201800043138,18,7,9,1845,1,2,1,7.0,3.0,94080,M,4884700.0,244400.0,94
201800043139,18,7,11,310,3,2,3,1.0,3.0,94067,M,4884626.0,242885.0,94
201800043140,18,7,11,1020,1,2,1,1.0,6.0,94080,M,4884658.0,242047.0,94
201800043141,18,7,17,1730,1,2,1,1.0,1.0,94067,M,4883643.0,241874.0,94
201800043142,18,8,28,1500,1,2,1,1.0,6.0,94080,M,4884807.0,243946.0,94
201800043143,18,8,30,930,1,2,1,1.0,2.0,94067,M,4884924.0,242095.0,94
201800043144,18,9,4,1630,1,2,1,1.0,6.0,94080,M,4884820.0,243178.0,94
201800043145,18,9,4,1830,1,2,3,1.0,6.0,94080,M,4884165.0,242818.0,94
201800043146,18,9,11,1155,1,2,1,1.0,2.0,94080,M,4884447.0,243987.0,94
201800043147,18,9,13,2125,5,2,1,1.0,5.0,94067,M,4884920.0,241710.0,94
201800043148,18,9,16,1225,1,2,9,1.0,3.0,94067,M,4583498.0,242005.0,94
201800043149,18,9,17,735,1,2,1,1.0,6.0,94080,M,4884513.0,243171.0,94
201800043150,18,9,24,50,5,2,2,1.0,2.0,94067,M,4883504.0,241994.0,94
201800043151,18,9,24,825,1,2,1,1.0,6.0,94080,M,4885094.0,243608.0,94
201800043152,18,9,25,1220,1,2,2,1.0,6.0,94067,M,4884550.0,241930.0,94
201800043153,18,9,5,2100,5,2,1,1.0,6.0,94067,M,4884128.0,245179.0,94
201800043154,18,10,10,1230,1,2,1,1.0,6.0,94080,M,4585008.0,243808.0,94
201800043155,18,10,11,1440,1,2,1,1.0,6.0,94080,M,4884628.0,242143.0,94
201800043156,18,10,12,1430,1,2,1,1.0,6.0,94080,M,4884782.0,244027.0,94
201800043157,18,10,14,1145,1,2,1,1.0,6.0,94067,M,4884000.0,241000.0,94
201800043158,18,10,16,1805,1,2,1,1.0,3.0,94067,M,4883480.0,241880.0,94
201800043159,18,10,23,1735,1,2,1,1.0,6.0,94067,M,4884380.0,241630.0,94
201800043160,18,10,23,2105,5,2,2,1.0,3.0,94080,M,4884860.0,243239.0,94
201800043161,18,11,9,1400,1,2,1,1.0,2.0,94080,M,4884452.0,243987.0,94
201800043162,18,11,15,910,1,2,1,5.0,2.0,94080,M,4884823.0,243699.0,94
201800043163,18,11,24,1100,1,2,1,8.0,3.0,94080,M,4884850.0,245407.0,94
201800043164,18,11,26,755,4,2,3,2.0,6.0,94067,M,4884543.0,241742.0,94
201800043165,18,11,26,1105,1,2,2,8.0,3.0,94067,M,4884590.0,242230.0,94
201800043166,18,12,3,1415,1,2,2,2.0,6.0,94080,M,4884700.0,243600.0,94
201800043167,18,12,13,1430,1,2,1,1.0,6.0,94067,M,4884612.0,241614.0,94
201800043168,18,12,14,1650,2,2,1,1.0,6.0,94080,M,4884710.0,244330.0,94
201800043169,18,12,22,940,1,2,1,1.0,3.0,94080,M,4884400.0,243900.0,94
201800043170,18,12,30,1905,3,2,1,2.0,6.0,94067,M,4884339.0,241988.0,94
201800043171,18,1,10,735,2,2,1,2.0,3.0,94081,M,4879607.0,241315.0,94
201800043172,18,1,11,750,5,2,3,8.0,1.0,94081,M,4878951.0,238918.0,94
201800043173,18,1,12,1655,2,2,1,1.0,3.0,94081,M,4880021.0,238138.0,94
201800043174,18,1,15,915,1,2,3,1.0,2.0,94081,M,4878994.0,240266.0,94
201800043175,18,1,19,1805,5,2,2,1.0,6.0,94081,M,4878354.0,239030.0,94
201800043176,18,1,19,2245,5,2,2,2.0,3.0,94081,M,4880226.0,240976.0,94
201800043177,18,1,25,854,1,2,2,2.0,6.0,94081,M,4880256.0,240582.0,94
201800043178,18,2,2,1730,1,2,1,1.0,6.0,94081,M,4878875.0,240616.0,94
201800043179,18,2,5,1210,1,2,3,4.0,6.0,94081,M,4877491.0,237383.0,94
201800043180,18,2,6,815,2,2,2,4.0,6.0,94081,M,4879887.0,240049.0,94
201800043181,18,2,6,1800,5,2,1,4.0,6.0,94081,M,4879063.0,239270.0,94
201800043182,18,2,7,1215,1,2,3,4.0,3.0,94081,M,4879659.0,240930.0,94
201800043183,18,2,9,1315,1,2,3,4.0,3.0,94081,M,4877990.0,239550.0,94
201800043184,18,2,11,1045,1,2,3,1.0,3.0,94081,M,4879165.0,239829.0,94
201800043185,18,2,19,1330,1,2,1,2.0,6.0,94081,M,4880386.0,240464.0,94
201800043186,18,2,26,1145,1,2,3,1.0,2.0,94081,M,4878472.0,240603.0,94
201800043187,18,3,6,1600,1,2,3,1.0,3.0,94081,M,4879621.0,238375.0,94
201800043188,18,3,14,1230,1,2,1,1.0,6.0,94081,M,4879108.0,239388.0,94
201800043189,18,3,14,1755,1,2,2,1.0,3.0,94081,M,4879592.0,241262.0,94
201800043190,18,3,14,1954,4,2,1,1.0,5.0,94081,M,4878863.0,237690.0,94
201800043191,18,3,16,1700,1,2,2,1.0,1.0,94081,M,4878160.0,237272.0,94
201800043192,18,3,17,1440,1,2,3,3.0,1.0,94081,M,4879072.0,240436.0,94
201800043193,18,3,19,850,1,2,2,1.0,6.0,94081,M,4878522.0,238846.0,94
201800043194,18,3,21,1230,1,2,3,1.0,6.0,94081,M,4880464.0,240532.0,94
201800043195,18,3,24,215,5,2,3,2.0,6.0,94081,M,4879320.0,241003.0,94
201800043196,18,3,24,1110,1,2,1,1.0,2.0,94081,M,4879421.0,239645.0,94
201800043197,18,3,24,1355,1,2,1,1.0,5.0,94081,M,4879612.0,241583.0,94
201800043198,18,3,27,2005,5,2,2,1.0,4.0,94081,M,4877848.0,239628.0,94
201800043199,18,3,29,1145,1,2,1,1.0,6.0,94081,M,4878881.0,240604.0,94
201800043200,18,3,30,2115,5,2,1,1.0,6.0,94081,M,4880512.0,237619.0,94
201800043201,18,4,1,330,5,2,3,1.0,6.0,94081,M,4880548.0,240499.0,94
201800043202,18,4,2,2000,5,2,1,2.0,6.0,94081,M,4878459.0,238905.0,94
201800043203,18,4,11,845,1,2,1,1.0,3.0,94081,M,4877819.0,241416.0,94
201800043204,18,2,1,920,1,2,2,1.0,2.0,94081,M,4878842.0,237552.0,94
201800043205,18,4,15,1305,1,2,2,1.0,3.0,94081,M,4879278.0,239128.0,94
201800043206,18,4,18,1810,1,1,1,1.0,6.0,94081,M,4878439.0,237628.0,94
201800043207,18,4,20,1230,1,2,1,1.0,3.0,94081,M,4879862.0,240036.0,94
201800043208,18,4,22,2025,1,2,1,1.0,3.0,94081,M,4880616.0,240482.0,94
201800043209,18,4,25,1110,1,2,1,1.0,6.0,94081,M,4879674.0,238325.0,94
201800043210,18,4,25,1630,1,2,3,1.0,3.0,94081,M,4878438.0,237903.0,94
201800043211,18,5,4,850,1,2,1,1.0,6.0,94081,M,4879000.0,238000.0,94
201800043212,18,5,4,1645,1,2,1,1.0,6.0,94081,M,4878288.0,237440.0,94
201800043213,18,5,4,1940,1,2,1,1.0,6.0,94081,M,4878374.0,240759.0,94
201800043214,18,5,7,1635,1,2,1,1.0,6.0,94081,M,4879316.0,238570.0,94
201800043215,18,4,7,2230,5,2,2,1.0,1.0,94081,M,4878163.0,237264.0,94
201800043216,18,5,16,120,5,2,1,1.0,6.0,94081,M,4877950.0,240835.0,94
201800043217,18,5,18,1800,1,2,2,1.0,6.0,94081,M,4878520.0,238920.0,94
201800043218,18,5,18,2015,1,2,1,1.0,6.0,94081,M,4879023.0,239140.0,94
201800043219,18,5,18,2050,2,2,2,1.0,3.0,94081,M,4880223.0,240957.0,94
201800043220,18,5,19,1420,1,2,1,1.0,1.0,94081,M,4879589.0,241088.0,94
201800043221,18,5,24,2200,5,2,1,1.0,3.0,94081,M,4879140.0,238213.0,94
201800043222,18,5,29,2335,5,2,2,3.0,3.0,94081,M,4879584.0,241267.0,94
201800043223,18,5,30,1615,1,2,1,1.0,6.0,94081,M,4879080.0,239344.0,94
201800043224,18,6,5,1155,1,2,1,1.0,6.0,94081,M,4879078.0,239693.0,94
201800043225,18,6,7,1200,1,2,3,1.0,3.0,94081,M,4879851.0,238193.0,94
201800043226,18,6,11,1040,1,2,1,1.0,6.0,94081,M,4878190.0,237164.0,94
201800043227,18,6,8,750,1,2,3,1.0,6.0,94081,M,4879916.0,241127.0,94
201800043228,18,6,14,100,5,2,1,1.0,3.0,94081,M,4879938.0,238078.0,94
201800043229,18,6,15,1110,1,2,1,1.0,6.0,94081,M,4878957.0,238997.0,94
201800043230,18,6,15,1545,1,2,3,1.0,6.0,94081,M,4878802.0,238639.0,94
201800043231,18,6,20,1630,1,2,3,1.0,3.0,94081,M,4879529.0,240170.0,94
201800043232,18,6,24,2000,1,2,3,1.0,1.0,94081,M,4878958.0,238998.0,94
201800043233,18,6,27,55,5,2,1,1.0,6.0,94081,M,4878210.0,237211.0,94
201800043234,18,6,27,1050,1,2,1,1.0,4.0,94081,M,4879610.0,241316.0,94
201800043235,18,6,28,1050,1,2,2,1.0,3.0,94081,M,4879880.0,238197.0,94
201800043236,18,6,26,920,1,2,3,1.0,1.0,94081,M,4877822.0,238542.0,94
201800043237,18,6,28,2000,1,2,3,1.0,6.0,94081,M,4878736.0,238206.0,94
201800043238,18,6,30,2010,1,2,1,1.0,2.0,94081,M,4879419.0,241917.0,94
201800043239,18,7,5,1215,1,2,1,1.0,2.0,94081,M,4879000.0,239000.0,94
201800043240,18,7,4,15,5,2,1,1.0,6.0,94081,M,4879190.0,239223.0,94
201800043241,18,7,23,1445,1,2,5,1.0,6.0,94081,M,4879955.0,238515.0,94
201800043242,18,7,26,1540,1,2,2,1.0,6.0,94081,M,4879020.0,239130.0,94
201800043243,18,7,31,1415,1,2,1,1.0,2.0,94081,M,4879249.0,238619.0,94
201800043244,18,8,5,1310,1,2,1,1.0,3.0,94081,M,4880146.0,237946.0,94
201800043245,18,8,10,1850,1,2,2,1.0,3.0,94081,M,4879913.0,241145.0,94
201800043246,18,8,14,2215,4,2,2,1.0,1.0,94081,M,4880065.0,240184.0,94
201800043247,18,8,17,1810,1,2,1,1.0,6.0,94081,M,4877521.0,240909.0,94
201800043248,18,8,20,2120,3,2,1,1.0,6.0,94081,M,4879272.0,240178.0,94
201800043249,18,8,24,100,5,2,9,2.0,6.0,94081,M,4877946.0,240323.0,94
201800043250,18,8,24,1800,1,2,9,1.0,6.0,94081,M,4879229.0,238612.0,94
201800043251,18,8,29,745,2,2,2,2.0,6.0,94081,M,4878407.0,239636.0,94
201800043252,18,8,31,1915,1,2,1,1.0,2.0,94081,M,4879000.0,240000.0,94
201800043253,18,9,2,1705,1,2,3,1.0,1.0,94081,M,4879913.0,240203.0,94
201800043254,18,9,3,1040,1,2,1,1.0,3.0,94081,M,4878690.0,239020.0,94
201800043255,18,9,8,2235,5,2,3,1.0,6.0,94081,M,4877483.0,237379.0,94
201800043256,18,9,12,840,1,2,9,1.0,6.0,94081,M,4879273.0,239151.0,94
201800043257,18,9,17,1500,1,2,6,1.0,3.0,94081,M,4878206.0,240741.0,94
201800043258,18,9,18,835,1,2,1,1.0,6.0,94081,M,4879370.0,239251.0,94
201800043259,18,9,14,2020,3,2,3,1.0,3.0,94081,M,4878940.0,239735.0,94
201800043260,18,9,19,1750,2,2,1,7.0,6.0,94081,M,4878360.0,240760.0,94
201800043261,18,9,21,1140,1,2,1,8.0,6.0,94081,M,4880356.0,238366.0,94
201800043262,18,9,24,900,2,2,9,1.0,6.0,94081,M,4878045.0,237331.0,94
201800043263,18,9,25,2255,5,2,3,1.0,6.0,94081,M,4979123.0,237907.0,94
201800043264,18,9,27,1430,1,2,2,1.0,3.0,94081,M,4880150.0,240237.0,94
201800043265,18,10,2,845,1,2,6,1.0,3.0,94081,M,4877802.0,240841.0,94
201800043266,18,10,2,1225,1,2,1,1.0,5.0,94081,M,4878613.0,239935.0,94
201800043267,18,10,8,1800,1,2,1,1.0,6.0,94081,M,4879219.0,242028.0,94
201800043268,18,10,9,615,5,2,3,1.0,1.0,94081,M,4879000.0,238000.0,94
201800043269,18,10,9,725,2,2,1,1.0,6.0,94081,M,4880188.0,240303.0,94
201800043270,18,9,30,2230,5,2,1,1.0,6.0,94081,M,4879168.0,240163.0,94
201800043271,18,10,10,1420,1,2,2,1.0,6.0,94081,M,4879304.0,239289.0,94
201800043272,18,10,12,1700,1,2,9,1.0,1.0,94081,M,4878606.0,239190.0,94
201800043273,18,10,12,2030,5,2,1,1.0,3.0,94081,M,4879586.0,241119.0,94
201800043274,18,10,15,1645,1,2,1,1.0,6.0,94081,M,4878000.0,239000.0,94
201800043275,18,10,17,1840,2,2,1,1.0,6.0,94081,M,4878618.0,239512.0,94
201800043276,18,10,17,2225,5,2,3,1.0,3.0,94081,M,4878929.0,240110.0,94
201800043277,18,10,19,925,1,2,1,1.0,3.0,94081,M,4877755.0,239700.0,94
201800043278,18,10,22,1955,2,2,9,1.0,3.0,94081,M,4877746.0,237774.0,94
201800043279,18,10,25,800,1,2,3,1.0,6.0,94081,M,4878346.0,239025.0,94
201800043280,18,10,27,1410,1,2,1,1.0,6.0,94081,M,4878423.0,239726.0,94
201800043281,18,10,28,2150,5,2,1,1.0,3.0,94081,M,4880000.0,238000.0,94
201800043282,18,10,29,2150,5,2,3,8.0,3.0,94081,M,4879147.0,240012.0,94
201800043283,18,10,31,1810,5,2,2,2.0,6.0,94081,M,4878930.0,238883.0,94
201800043284,18,10,31,2245,5,2,1,2.0,2.0,94058,M,4885110.0,250580.0,94
201800043285,18,11,1,800,2,2,9,1.0,4.0,94081,M,4877321.0,240179.0,94
201800043286,18,11,11,8,5,2,3,9.0,3.0,94081,M,4879411.0,240069.0,94
201800043287,18,11,13,745,2,2,5,1.0,1.0,94081,M,4879291.0,240119.0,94
201800043288,18,11,20,730,5,2,1,2.0,6.0,94081,M,4878335.0,239390.0,94
201800043289,18,11,21,1200,1,2,1,1.0,6.0,94081,M,4878295.0,239391.0,94
201800043290,18,11,22,1115,1,2,1,8.0,3.0,94081,M,4877970.0,239550.0,94
201800043291,18,11,22,1555,1,2,3,2.0,3.0,94081,M,4878000.0,240000.0,94
201800043292,18,11,23,1050,1,2,1,5.0,7.0,94081,M,4878259.0,238084.0,94
201800043293,18,11,27,800,1,2,1,1.0,6.0,94081,M,4878156.0,240478.0,94
201800043294,18,11,8,25,4,2,3,1.0,6.0,94081,M,4879197.0,238493.0,94
201800043295,18,11,30,1720,5,2,1,1.0,6.0,94081,M,4878579.0,238826.0,94
201800043296,18,12,2,615,5,2,1,3.0,6.0,94081,M,4877551.0,240929.0,94
201800043297,18,12,3,800,2,2,9,2.0,6.0,94081,M,4878049.0,237337.0,94
201800043298,18,12,3,1505,1,2,1,2.0,3.0,94081,M,4879254.0,239514.0,94
201800043299,18,12,6,648,3,2,8,2.0,6.0,94081,M,4878770.0,238640.0,94
201800043300,18,12,8,1545,1,2,1,2.0,3.0,94081,M,4879039.0,238997.0,94
201800043301,18,12,13,2114,5,2,1,1.0,3.0,94081,M,4877645.0,240892.0,94
201800043302,18,12,14,925,1,2,1,1.0,2.0,94081,M,4878776.0,242067.0,94
201800043303,18,12,18,1740,5,2,2,1.0,3.0,94081,M,4879593.0,241269.0,94
201800043304,18,12,21,2040,5,2,2,2.0,6.0,94081,M,4879500.0,241200.0,94
201800043305,18,12,25,550,3,2,2,8.0,3.0,94081,M,4878168.0,237257.0,94
201800043306,18,12,30,1809,5,2,2,1.0,6.0,94081,M,4878900.0,238900.0,94
201800043307,18,1,11,120,5,2,1,1.0,6.0,95018,M,4894860.0,225720.0,95
201800043308,18,1,3,305,5,2,2,2.0,6.0,95018,M,4895350.0,221730.0,95
201800043309,18,1,12,2030,5,2,1,1.0,1.0,95063,M,4893410.0,220920.0,95
201800043310,18,1,6,925,1,2,3,1.0,1.0,95063,M,4893030.0,221560.0,95
201800043311,18,1,26,1530,1,2,1,1.0,6.0,95063,M,4892390.0,220830.0,95
201800043312,18,2,18,900,1,2,6,1.0,3.0,95018,M,4894990.0,220590.0,95
201800043313,18,2,27,920,1,2,2,9.0,3.0,95018,M,4894010.0,224510.0,95
201800043314,18,2,20,1950,2,2,2,2.0,3.0,95063,M,4892260.0,221750.0,95
201800043315,18,3,6,843,1,2,2,1.0,3.0,95063,M,4893870.0,220690.0,95
201800043316,18,3,13,1710,1,2,1,1.0,3.0,95176,M,4897310.0,218960.0,95
201800043317,18,3,19,1720,1,2,1,1.0,6.0,95018,M,4895690.0,228070.0,95
201800043318,18,4,15,1241,1,2,1,1.0,2.0,95018,M,4894590.0,224770.0,95
201800043319,18,4,21,925,1,1,3,1.0,3.0,95018,M,4896290.0,221640.0,95
201800043320,18,5,3,1710,1,2,1,1.0,6.0,95018,M,4893750.0,222750.0,95
201800043321,18,5,11,1645,1,2,1,1.0,6.0,95176,M,4897050.0,220470.0,95
201800043322,18,5,15,1145,1,2,1,1.0,6.0,95018,M,4895420.0,222980.0,95
201800043323,18,5,15,1536,1,2,2,1.0,3.0,95018,M,4894420.0,224510.0,95
201800043324,18,5,18,5,5,2,1,1.0,2.0,95018,M,4896040.0,225850.0,95
201800043325,18,5,18,1115,1,2,1,1.0,5.0,95018,M,4894430.0,226020.0,95
201800043326,18,5,29,1140,1,2,1,3.0,6.0,95018,M,4894890.0,225680.0,95
201800043327,18,5,31,945,1,2,1,1.0,3.0,95018,M,4895460.0,225330.0,95
201800043328,18,5,31,1410,1,2,1,1.0,6.0,95018,M,4895050.0,223760.0,95
201800043329,18,6,3,1510,1,2,1,1.0,3.0,95018,M,4895430.0,228224.0,95
201800043330,18,6,12,1,5,2,1,1.0,6.0,95018,M,4895140.0,223610.0,95
201800043331,18,6,13,914,1,2,1,1.0,6.0,95018,M,4895440.0,223350.0,95
201800043332,18,6,15,2015,1,2,1,1.0,6.0,95063,M,4892690.0,221510.0,95
201800043333,18,6,19,1830,1,2,1,1.0,5.0,95018,M,4895750.0,225670.0,95
201800043334,18,6,27,1810,1,2,1,1.0,3.0,95063,M,4893410.0,220920.0,95
201800043335,18,6,30,35,5,2,1,1.0,3.0,95018,M,4894830.0,225240.0,95
201800043336,18,7,14,1821,1,2,1,1.0,6.0,95018,M,4896160.0,225920.0,95
201800043337,18,7,15,1930,1,2,1,1.0,3.0,95018,M,4895180.0,222870.0,95
201800043338,18,7,24,1201,1,2,2,1.0,6.0,95018,M,4893980.0,222820.0,95