Num_Acc,an,mois,jour,hrmn,lum,agg,int,atm,col,com,gps,lat,long,dep
201800043339,18,6,21,2120,1,2,3,1.0,3.0,95063,M,4892510.0,222480.0,95
201800043340,18,8,8,1055,1,2,1,1.0,6.0,95018,M,4894880.0,225310.0,95
201800043341,18,8,21,38,5,2,4,1.0,3.0,95018,M,4895560.0,227590.0,95
201800043342,18,8,30,1333,1,2,3,1.0,1.0,95176,M,4895320.0,219860.0,95
201800043343,18,7,31,1815,1,2,1,1.0,6.0,95063,M,4892740.0,221570.0,95
201800043344,18,9,11,1820,1,2,2,1.0,3.0,95063,M,4893910.0,220690.0,95
201800043345,18,9,14,850,1,2,1,1.0,2.0,95018,M,4895670.0,225610.0,95
201800043346,18,9,18,1131,1,2,1,1.0,1.0,95018,M,4894140.0,224070.0,95
201800043347,18,8,31,1510,1,2,1,1.0,3.0,95018,M,4895210.0,225380.0,95
201800043348,18,9,25,1430,1,2,2,1.0,6.0,95018,M,4894039.0,222367.0,95
201800043349,18,10,16,1934,5,2,1,1.0,3.0,95176,M,4895560.0,220530.0,95
201800043350,18,10,22,1100,1,2,1,2.0,1.0,95018,M,4895640.0,225040.0,95
201800043351,18,11,8,1610,1,2,1,8.0,6.0,95063,M,4892350.0,220780.0,95
201800043352,18,11,15,1440,1,2,1,1.0,3.0,95018,M,4895780.0,225680.0,95
201800043353,18,11,19,1010,1,2,1,1.0,6.0,95063,M,4892250.0,221750.0,95
201800043354,18,12,19,725,4,2,1,1.0,6.0,95018,M,4894640.0,224880.0,95
201800043355,18,12,20,1921,5,2,1,1.0,6.0,95063,M,4893390.0,220850.0,95
201800043356,18,12,24,1705,5,2,1,1.0,6.0,95063,M,4892270.0,221620.0,95
201800043357,18,12,28,2040,5,2,2,2.0,3.0,95574,M,4900620.0,225860.0,95
201800043358,18,12,29,2138,5,2,1,2.0,6.0,95018,M,4894190.0,221390.0,95
201800043359,18,1,24,713,5,2,2,8.0,3.0,95500,M,4906280.0,208960.0,95
201800043360,18,2,11,611,5,2,1,1.0,6.0,95323,M,4901320.0,205169.0,95
201800043361,18,2,12,1130,1,2,1,7.0,6.0,95127,M,4904550.0,206920.0,95
201800043362,18,2,15,720,3,2,1,2.0,1.0,95218,M,4901470.0,208639.0,95
201800043363,18,2,15,925,1,2,1,2.0,6.0,95572,M,4905530.0,213510.0,95
201800043364,18,2,16,1642,1,2,1,1.0,3.0,95218,M,4902270.0,209480.0,95
201800043365,18,2,26,815,1,1,1,1.0,2.0,95127,M,4906040.0,202070.0,95
201800043366,18,2,26,820,1,2,1,1.0,6.0,95500,M,4905440.0,209269.0,95
201800043367,18,3,13,640,2,2,6,1.0,3.0,95127,M,4903480.0,208259.0,95
201800043368,18,4,1,1655,1,2,1,1.0,6.0,95510,M,4906362.0,203240.0,95
201800043369,18,4,13,2127,3,1,1,1.0,6.0,95127,M,4905510.0,205220.0,95
201800043370,18,4,14,1927,2,2,1,2.0,3.0,95127,M,4904410.0,207490.0,95
201800043371,18,5,5,1930,1,2,1,1.0,6.0,95183,M,4904130.0,201310.0,95
201800043372,18,5,16,1544,1,2,1,1.0,1.0,95476,M,4904850.0,207360.0,95
201800043373,18,5,7,1620,1,2,6,1.0,3.0,95218,M,4902450.0,211220.0,95
201800043374,18,6,7,1205,1,2,1,1.0,3.0,95306,M,4900110.0,218110.0,95
201800043375,18,6,19,1510,1,2,1,1.0,3.0,95218,M,4902780.0,210340.0,95
201800043376,18,6,22,1800,1,2,1,1.0,1.0,95127,M,4904680.0,204150.0,95
201800043377,18,7,6,2320,3,1,1,1.0,2.0,95127,M,4905570.0,204930.0,95
201800043378,18,7,3,1835,1,2,1,1.0,3.0,95476,M,4907630.0,207430.0,95
201800043379,18,7,12,1810,1,1,1,1.0,2.0,95218,M,4902810.0,210330.0,95
201800043380,18,7,12,1247,1,2,1,1.0,6.0,95127,M,4904240.0,207019.0,95
201800043381,18,7,15,2300,3,1,1,1.0,6.0,95183,M,4904890.0,199510.0,95
201800043382,18,7,11,1800,1,2,1,1.0,6.0,95637,M,4903130.0,202159.0,95
201800043383,18,7,29,1410,1,2,2,1.0,1.0,95218,M,4902450.0,210380.0,95
201800043384,18,9,2,2144,5,2,1,1.0,6.0,95127,M,4903630.0,208070.0,95
201800043385,18,9,17,925,1,2,2,1.0,6.0,95306,M,4899360.0,215710.0,95
201800043386,18,9,21,525,5,2,2,2.0,3.0,95218,M,4901590.0,209180.0,95
201800043387,18,10,4,808,1,1,1,1.0,5.0,95510,M,4905810.0,200369.0,95
201800043388,18,10,5,1215,1,2,1,1.0,3.0,95218,M,4901840.0,209860.0,95
201800043389,18,10,7,1030,1,2,1,2.0,5.0,95074,M,4901530.0,199940.0,95
201800043390,18,10,11,738,2,2,6,2.0,6.0,95572,M,4903520.0,212340.0,95
201800043391,18,10,25,1730,1,2,1,1.0,2.0,95127,M,4904390.0,203569.0,95
201800043392,18,11,11,2250,5,2,1,2.0,3.0,95127,M,4904910.0,201010.0,95
201800043393,18,10,22,1400,1,2,1,1.0,6.0,95218,M,4902570.0,211020.0,95
201800043394,18,12,4,1735,3,1,1,1.0,1.0,95476,M,4908410.0,205060.0,95
201800043395,18,12,1,1700,2,2,3,1.0,3.0,95127,M,4904150.0,207310.0,95
201800043396,18,12,13,1340,1,2,1,1.0,2.0,95306,M,4900180.0,218010.0,95
201800043397,18,12,23,520,3,1,1,3.0,6.0,95488,M,4901090.0,217090.0,95
201800043398,18,1,5,1950,5,2,1,1.0,6.0,95427,M,4895910.0,232910.0,95
201800043399,18,11,27,1810,5,2,2,2.0,6.0,95210,M,4896880.0,230960.0,95
201800043400,18,1,12,2150,5,2,1,1.0,1.0,95555,M,4896740.0,228450.0,95
201800043401,18,1,17,1125,1,2,1,1.0,3.0,95598,M,4897960.0,229220.0,95
201800043402,18,1,17,1947,5,2,1,1.0,2.0,95197,M,4896130.0,232630.0,95
201800043403,18,1,22,745,5,2,1,3.0,6.0,95428,M,4898750.0,232810.0,95
201800043404,18,1,25,1020,1,2,1,1.0,2.0,95598,M,4897620.0,230090.0,95
201800043405,18,1,28,1706,2,2,1,1.0,1.0,95427,M,4896450.0,234010.0,95
201800043406,18,1,29,830,1,2,1,1.0,2.0,95427,M,4897450.0,234680.0,95
201800043407,18,2,2,1240,1,2,1,1.0,2.0,95598,M,4898410.0,229460.0,95
201800043408,18,11,18,1010,1,2,6,1.0,3.0,95014,M,4899920.0,229360.0,95
201800043409,18,2,2,1730,1,2,1,1.0,6.0,95598,M,4898490.0,229530.0,95
201800043410,18,2,4,800,2,2,6,2.0,6.0,95598,M,4899030.0,229650.0,95
201800043411,18,2,18,1025,1,2,1,1.0,2.0,95427,M,4895540.0,233340.0,95
201800043412,18,2,19,2325,5,2,1,2.0,6.0,95598,M,4898190.0,229290.0,95
201800043413,18,2,20,1300,1,2,1,1.0,2.0,95555,M,4896880.0,228640.0,95
201800043414,18,2,26,925,1,2,4,7.0,3.0,95598,M,4898010.0,229870.0,95
201800043415,18,3,9,800,2,2,1,1.0,2.0,95428,M,4898660.0,232840.0,95
201800043416,18,3,12,1230,1,2,1,1.0,2.0,95014,M,4900210.0,230490.0,95
201800043417,18,3,14,705,1,2,6,1.0,6.0,95598,M,4897980.0,229250.0,95
201800043418,18,3,15,920,1,2,3,1.0,3.0,95598,M,4898210.0,229290.0,95
201800043419,18,3,16,1040,1,2,1,1.0,6.0,95428,M,4899230.0,231470.0,95
201800043420,18,3,17,1000,1,2,1,1.0,6.0,95197,M,4896940.0,232030.0,95
201800043421,18,3,21,1740,1,2,1,1.0,7.0,95369,M,4899810.0,228170.0,95
201800043422,18,3,27,1200,1,2,1,3.0,4.0,95598,M,4897960.0,229210.0,95
201800043423,18,4,5,900,1,2,1,1.0,6.0,95210,M,4896520.0,230740.0,95
201800043424,18,4,6,740,1,2,1,1.0,6.0,95427,M,4895950.0,232820.0,95
201800043425,18,4,6,800,1,2,1,1.0,6.0,95555,M,4896690.0,228420.0,95
201800043426,18,4,9,1200,1,2,1,1.0,3.0,95555,M,4897590.0,227280.0,95
201800043427,18,4,13,1351,1,2,1,1.0,6.0,95428,M,4900210.0,231910.0,95
201800043428,18,4,13,1900,1,2,1,1.0,2.0,95197,M,4897810.0,231660.0,95
201800043429,18,4,13,1310,1,1,1,1.0,6.0,95288,M,4898050.0,235680.0,95
201800043430,18,4,17,844,1,2,1,1.0,3.0,95197,M,4896030.0,232680.0,95
201800043431,18,4,19,1305,1,2,1,1.0,6.0,95197,M,4896670.0,231690.0,95
201800043432,18,4,20,1015,1,2,1,1.0,3.0,95598,M,4899020.0,229090.0,95
201800043433,18,4,22,1028,1,2,1,7.0,6.0,95555,M,4897180.0,228870.0,95
201800043434,18,4,24,830,1,2,2,1.0,3.0,95428,M,4897550.0,230790.0,95
201800043435,18,4,26,1610,1,2,3,7.0,6.0,95598,M,4898750.0,229830.0,95
201800043436,18,4,28,1540,1,2,2,1.0,6.0,95427,M,4897331.0,234580.0,95
201800043437,18,4,30,130,5,2,1,3.0,2.0,95197,M,4896190.0,232440.0,95
201800043438,18,5,4,550,5,2,2,1.0,6.0,95018,M,4894630.0,225420.0,95
201800043439,18,5,6,2025,1,1,1,1.0,2.0,95428,M,4898220.0,232270.0,95
201800043440,18,5,9,945,1,2,1,1.0,6.0,95014,M,4900430.0,229790.0,95
201800043441,18,5,19,1510,1,2,1,1.0,6.0,95428,M,4897450.0,230880.0,95
201800043442,18,5,19,1955,1,2,1,1.0,3.0,95288,M,4898180.0,235310.0,95
201800043443,18,5,25,2130,5,2,2,3.0,3.0,95210,M,4897281.0,231019.0,95
201800043444,18,5,28,1615,1,2,1,1.0,1.0,95598,M,4899690.0,230320.0,95
201800043445,18,6,14,841,1,2,3,1.0,3.0,95598,M,4898910.0,229660.0,95
201800043446,18,6,20,440,5,2,1,1.0,6.0,95197,M,4897130.0,232880.0,95
201800043447,18,6,29,1015,1,2,1,1.0,2.0,95428,M,4898290.0,232470.0,95
201800043448,18,6,29,1800,1,2,1,1.0,6.0,95555,M,4896890.0,227720.0,95
201800043449,18,7,3,915,1,2,1,1.0,2.0,95428,M,4896990.0,231330.0,95
201800043450,18,7,2,2036,1,2,1,1.0,5.0,95598,M,4898080.0,229880.0,95
201800043451,18,7,5,1705,1,2,1,1.0,6.0,95197,M,4897360.0,232380.0,95
201800043452,18,7,9,1010,1,2,6,1.0,2.0,95598,M,4899010.0,229650.0,95
201800043453,18,7,11,747,1,2,1,1.0,3.0,95427,M,4897750.0,236450.0,95
201800043454,18,7,27,1640,1,2,1,1.0,2.0,95288,M,4898530.0,236140.0,95
201800043455,18,8,3,1010,1,2,1,1.0,6.0,95369,M,4900310.0,229110.0,95
201800043456,18,8,17,1310,1,2,1,1.0,7.0,95428,M,4898650.0,231040.0,95
201800043457,18,9,2,1050,1,2,1,1.0,3.0,95598,M,4898610.0,230010.0,95
201800043458,18,9,11,730,2,2,6,1.0,3.0,95555,M,4897180.0,227910.0,95
201800043459,18,9,17,2220,5,2,1,1.0,3.0,95555,M,4896470.0,228680.0,95
201800043460,18,9,19,1330,1,2,4,1.0,3.0,95427,M,4897740.0,236380.0,95
201800043461,18,9,28,1645,1,2,1,1.0,6.0,95197,M,4895810.0,232480.0,95
201800043462,18,10,4,1640,1,2,1,1.0,6.0,95197,M,4897550.0,232550.0,95
201800043463,18,10,6,1526,1,2,1,1.0,2.0,95427,M,4896660.0,234170.0,95
201800043464,18,11,3,1510,1,2,2,1.0,6.0,95051,M,4900890.0,219880.0,95
201800043465,18,11,11,1620,1,2,3,2.0,3.0,95427,M,4897740.0,236410.0,95
201800043466,18,11,15,855,1,2,1,5.0,6.0,95598,M,4899020.0,229070.0,95
201800043467,18,12,9,425,5,2,2,2.0,3.0,95428,M,4897280.0,231020.0,95
201800043468,18,1,21,40,5,2,6,2.0,3.0,95252,M,4899340.0,221720.0,95
201800043469,18,1,28,2050,5,2,2,1.0,6.0,95252,M,4898640.0,223650.0,95
201800043470,18,2,4,1640,1,2,1,1.0,6.0,95219,M,4899010.0,225820.0,95
201800043471,18,3,1,911,1,2,1,4.0,6.0,95607,M,4902830.0,222890.0,95
201800043472,18,3,28,1925,1,2,1,1.0,6.0,95219,M,4899270.0,224880.0,95
201800043473,18,4,4,1210,1,2,1,1.0,6.0,95424,M,4899290.0,219860.0,95
201800043474,18,4,6,1925,1,1,1,1.0,3.0,95060,M,4903010.0,218610.0,95
201800043475,18,4,27,1510,1,2,2,1.0,3.0,95426,M,4902310.0,229540.0,95
201800043476,18,4,27,1700,1,2,1,1.0,6.0,95582,M,4897680.0,224420.0,95
201800043477,18,4,25,1800,1,2,1,1.0,6.0,95563,M,4900910.0,223750.0,95
201800043478,18,5,16,750,1,2,1,1.0,3.0,95252,M,4899890.0,221890.0,95
201800043479,18,5,16,900,1,2,2,1.0,2.0,95219,M,4898010.0,227010.0,95
201800043480,18,5,17,715,1,2,1,1.0,2.0,95203,M,4899430.0,227890.0,95
201800043481,18,5,19,1950,1,2,1,1.0,6.0,95607,M,4901920.0,221680.0,95
201800043482,18,6,9,1430,1,2,1,1.0,3.0,95607,M,4902160.0,221950.0,95
201800043483,18,6,15,1500,1,2,1,1.0,1.0,95424,M,4898890.0,219370.0,95
201800043484,18,6,24,1710,1,2,1,1.0,6.0,95219,M,4899730.0,225010.0,95
201800043485,18,7,1,2146,1,2,1,1.0,2.0,95252,M,4898630.0,222190.0,95
201800043486,18,6,29,920,1,2,3,1.0,3.0,95424,M,4900660.0,219540.0,95
201800043487,18,6,29,2100,1,2,1,1.0,6.0,95051,M,4901380.0,219090.0,95
201800043488,18,7,22,640,1,2,6,1.0,6.0,95582,M,4896670.0,227370.0,95
201800043489,18,7,20,2030,1,1,3,1.0,3.0,95219,M,4899780.0,224780.0,95
201800043490,18,9,7,1200,1,2,1,1.0,6.0,95424,M,4899430.0,220230.0,95
201800043491,18,9,10,905,1,2,1,1.0,6.0,95203,M,4898720.0,227350.0,95
201800043492,18,9,15,1645,1,2,1,1.0,6.0,95219,M,4898130.0,226910.0,95
201800043493,18,9,17,1600,1,2,1,1.0,6.0,95582,M,4897210.0,225610.0,95
201800043494,18,9,21,1530,1,2,1,1.0,6.0,95582,M,4898330.0,224060.0,95
201800043495,18,9,24,1600,1,2,1,1.0,6.0,95252,M,4899230.0,222170.0,95
201800043496,18,10,5,625,3,2,1,1.0,1.0,95563,M,4901430.0,225080.0,95
201800043497,18,10,12,1600,1,2,2,1.0,2.0,95607,M,4902070.0,222130.0,95
201800043498,18,10,13,1500,1,2,6,1.0,6.0,95607,M,4902880.0,220950.0,95
201800043499,18,10,15,1555,1,2,6,1.0,3.0,95607,M,4901040.0,221340.0,95
201800043500,18,10,25,1535,1,2,2,1.0,3.0,95582,M,4897450.0,225040.0,95
201800043501,18,10,30,1630,1,2,1,1.0,6.0,95607,M,4901240.0,221120.0,95
201800043502,18,11,8,1135,1,2,1,2.0,6.0,95252,M,4898530.0,223010.0,95
201800043503,18,11,14,1750,3,1,1,1.0,1.0,95582,M,4897070.0,224630.0,95
201800043504,18,11,12,1010,1,2,1,2.0,3.0,95491,M,4899860.0,224540.0,95
201800043505,18,12,6,1715,2,2,1,1.0,6.0,95582,M,4897280.0,225110.0,95
201800043506,18,12,9,1620,2,2,4,2.0,3.0,95219,M,4899780.0,224750.0,95
201800043507,18,12,29,1745,5,2,1,1.0,2.0,95252,M,4898770.0,223540.0,95
201800043508,18,3,14,950,1,2,1,7.0,6.0,95280,M,4902510.0,246370.0,95
201800043509,18,3,24,2058,4,1,6,1.0,6.0,95277,M,4896870.0,246520.0,95
201800043510,18,5,8,1415,1,2,1,1.0,3.0,95277,M,4900090.0,242420.0,95
201800043511,18,10,13,1930,5,2,1,1.0,6.0,95277,M,4898490.0,243930.0,95
201800043512,18,1,10,730,5,2,1,2.0,6.0,95585,M,4898310.0,237090.0,95
201800043513,18,1,10,1140,1,2,1,1.0,6.0,95680,M,4900620.0,239930.0,95
201800043514,18,1,14,2150,3,1,1,1.0,2.0,95539,M,4899490.0,234040.0,95
201800043515,18,1,16,20,5,2,3,2.0,2.0,95585,M,4897830.0,238540.0,95
201800043516,18,1,23,1430,1,2,1,8.0,3.0,95585,M,4898280.0,237910.0,95
201800043517,18,1,17,850,1,2,1,1.0,2.0,95539,M,4899550.0,235330.0,95
201800043518,18,1,26,1730,3,2,1,1.0,6.0,95680,M,4900740.0,240070.0,95
201800043519,18,2,9,1220,1,2,1,4.0,6.0,95585,M,4899410.0,237830.0,95
201800043520,18,2,18,900,1,1,1,5.0,6.0,95539,M,4900780.0,235380.0,95
201800043521,18,2,19,1910,3,1,2,2.0,6.0,95539,M,4899180.0,236030.0,95
201800043522,18,2,25,605,5,2,1,6.0,6.0,95680,M,4900220.0,240330.0,95
201800043523,18,3,1,1600,1,2,1,1.0,6.0,95585,M,4898850.0,237760.0,95
201800043524,18,2,22,1000,1,2,1,8.0,6.0,95585,M,4897490.0,237620.0,95
201800043525,18,3,11,1130,1,2,4,1.0,2.0,95585,M,4899510.0,238020.0,95
201800043526,18,3,9,1410,1,2,3,8.0,3.0,95585,M,4900090.0,237620.0,95
201800043527,18,3,8,1935,5,2,2,8.0,3.0,95585,M,4897290.0,237590.0,95
201800043528,18,3,13,2050,5,2,1,1.0,3.0,95268,M,4896630.0,240920.0,95
201800043529,18,3,12,1155,1,2,1,1.0,4.0,95680,M,4900590.0,238330.0,95
201800043530,18,3,17,1110,1,2,1,2.0,3.0,95585,M,4897690.0,237550.0,95
201800043531,18,3,17,2150,5,2,1,4.0,6.0,95585,M,4898560.0,236140.0,95
201800043532,18,3,18,2010,5,2,1,4.0,6.0,95539,M,4899460.0,236850.0,95
201800043533,18,3,22,1315,1,2,1,1.0,6.0,95268,M,4897180.0,239550.0,95
201800043534,18,3,21,1245,1,2,1,1.0,6.0,95268,M,4897110.0,239690.0,95
201800043535,18,3,28,1710,1,2,1,1.0,2.0,95268,M,4897180.0,242010.0,95
201800043536,18,4,4,910,1,2,1,2.0,6.0,95268,M,4897320.0,239990.0,95
201800043537,18,3,14,934,1,2,1,1.0,2.0,95585,M,4898960.0,239010.0,95
201800043538,18,4,9,1640,1,2,1,3.0,3.0,95680,M,4900010.0,241080.0,95
201800043539,18,4,10,1750,1,2,2,8.0,2.0,95680,M,4900160.0,238480.0,95
201800043540,18,4,12,2340,3,1,1,2.0,6.0,95268,M,4896530.0,241740.0,95
201800043541,18,4,16,1800,1,2,1,1.0,6.0,95585,M,4897690.0,237910.0,95
201800043542,18,4,20,2350,5,2,1,1.0,2.0,95539,M,4899250.0,236410.0,95
201800043543,18,4,23,1528,1,2,3,1.0,1.0,95585,M,4898650.0,237980.0,95
201800043544,18,4,23,2315,3,1,1,1.0,6.0,95268,M,4896530.0,241750.0,95
201800043545,18,4,24,1600,1,2,1,1.0,2.0,95585,M,4898490.0,238330.0,95
201800043546,18,5,2,2130,3,2,1,2.0,6.0,95680,M,4901050.0,241940.0,95
201800043547,18,3,23,1406,1,2,1,1.0,6.0,95585,M,4897820.0,237620.0,95
201800043548,18,5,4,1550,1,2,2,1.0,3.0,95680,M,4900930.0,238270.0,95
201800043549,18,5,4,1835,1,2,1,1.0,3.0,95268,M,4896650.0,239750.0,95
201800043550,18,5,6,2115,5,2,1,1.0,3.0,95585,M,4899590.0,237930.0,95
201800043551,18,5,16,1453,1,2,1,1.0,6.0,95585,M,4897390.0,237610.0,95
201800043552,18,5,18,945,1,2,1,1.0,6.0,95268,M,4897660.0,239170.0,95
201800043553,18,5,20,1240,1,2,3,1.0,6.0,95585,M,4897790.0,238950.0,95
201800043554,18,5,23,1605,1,2,1,1.0,6.0,95585,M,4899390.0,238230.0,95
201800043555,18,5,27,35,5,2,1,1.0,6.0,95680,M,4899860.0,241530.0,95
201800043556,18,6,7,2140,2,2,7,1.0,3.0,95680,M,4900590.0,240060.0,95
201800043557,18,6,11,1400,1,2,1,3.0,6.0,95268,M,4897860.0,239410.0,95
201800043558,18,6,13,1810,1,2,1,1.0,6.0,95268,M,4897010.0,240070.0,95
201800043559,18,6,16,2320,5,2,1,1.0,6.0,95585,M,4897490.0,238260.0,95
201800043560,18,6,19,2005,1,2,1,1.0,6.0,95680,M,4900780.0,237910.0,95
201800043561,18,4,23,2055,1,2,1,1.0,6.0,95585,M,4897950.0,236840.0,95
201800043562,18,6,26,1710,1,2,1,1.0,6.0,95680,M,4900740.0,240280.0,95
201800043563,18,6,28,50,3,1,1,1.0,2.0,95585,M,4900052.0,238522.0,95
201800043564,18,7,5,900,1,2,1,1.0,2.0,95680,M,4900390.0,239970.0,95
201800043565,18,7,6,1310,1,2,1,1.0,6.0,95680,M,4900520.0,240070.0,95
201800043566,18,7,7,1520,1,2,1,1.0,4.0,95268,M,4897410.0,240490.0,95
201800043567,18,7,10,2250,5,2,2,1.0,3.0,95585,M,4899090.0,237410.0,95
201800043568,18,7,12,1855,1,2,1,1.0,2.0,95268,M,4897230.0,240080.0,95
201800043569,18,7,14,1930,1,2,1,1.0,6.0,95585,M,4899130.0,237090.0,95
201800043570,18,7,19,2105,1,2,2,1.0,3.0,95585,M,4899070.0,237410.0,95
201800043571,18,7,20,138,5,2,6,1.0,2.0,95680,M,4899910.0,241430.0,95
201800043572,18,7,22,5,5,2,1,1.0,2.0,95585,M,4897910.0,238760.0,95
201800043573,18,7,24,1900,1,2,1,1.0,6.0,95268,M,4897360.0,238980.0,95
201800043574,18,7,25,2030,1,2,1,1.0,3.0,95268,M,4897530.0,241560.0,95
201800043575,18,7,25,2100,1,2,1,1.0,6.0,95585,M,4898020.0,238530.0,95
201800043576,18,8,3,1320,1,2,1,1.0,6.0,95268,M,4896210.0,240210.0,95
201800043577,18,8,3,1715,1,2,3,1.0,5.0,95268,M,4896890.0,241210.0,95
201800043578,18,8,20,1817,1,2,1,1.0,3.0,95585,M,4897990.0,237510.0,95
201800043579,18,8,31,1725,1,2,1,1.0,3.0,95268,M,4897250.0,241690.0,95
201800043580,18,9,7,1930,1,2,1,1.0,6.0,95680,M,4899890.0,241450.0,95
201800043581,18,9,7,2130,5,2,1,1.0,6.0,95585,M,4898770.0,237880.0,95
201800043582,18,9,11,820,1,1,1,1.0,5.0,95680,M,4901750.0,241150.0,95
201800043583,18,9,12,1510,1,2,1,1.0,3.0,95680,M,4900510.0,239780.0,95
201800043584,18,9,13,2100,5,2,1,1.0,3.0,95680,M,4900860.0,238890.0,95
201800043585,18,9,16,948,1,2,1,1.0,6.0,95585,M,4899290.0,236620.0,95
201800043586,18,9,18,536,5,2,1,1.0,5.0,95268,M,4896820.0,240660.0,95
201800043587,18,9,21,818,1,2,1,2.0,6.0,95585,M,4897950.0,238780.0,95
201800043588,18,9,24,1935,2,2,1,1.0,3.0,95268,M,4897450.0,241640.0,95
201800043589,18,9,28,705,2,2,1,1.0,3.0,95598,M,4897980.0,229240.0,95
201800043590,18,9,29,955,1,2,1,1.0,3.0,95680,M,4900360.0,239210.0,95
201800043591,18,9,29,1715,1,2,1,1.0,6.0,95585,M,4899650.0,238590.0,95
201800043592,18,9,29,1835,1,2,1,1.0,6.0,95268,M,4897590.0,239150.0,95
201800043593,18,10,3,1455,1,2,6,1.0,2.0,95680,M,4900170.0,238540.0,95
201800043594,18,10,5,1730,1,2,1,1.0,6.0,95268,M,4897340.0,240070.0,95
201800043595,18,10,7,1805,1,2,2,8.0,3.0,95268,M,4897310.0,239770.0,95
201800043596,18,10,7,2201,5,2,1,1.0,1.0,95585,M,4898850.0,237310.0,95
201800043597,18,10,8,1915,2,2,1,1.0,2.0,95268,M,4897350.0,241890.0,95
201800043598,18,10,11,1200,1,2,1,1.0,6.0,95268,M,4897250.0,239350.0,95
201800043599,18,10,5,830,1,2,1,1.0,4.0,95585,M,4898180.0,238850.0,95
201800043600,18,10,17,1815,1,2,2,1.0,3.0,95539,M,4899160.0,236020.0,95
201800043601,18,10,30,1248,1,2,1,2.0,5.0,95585,M,4897460.0,237630.0,95
201800043602,18,11,3,725,1,2,1,1.0,1.0,95268,M,4896360.0,240480.0,95
201800043603,18,11,3,2200,5,2,1,1.0,5.0,95268,M,4896660.0,239750.0,95
201800043604,18,11,6,1150,1,1,1,1.0,1.0,95539,M,4899370.0,236780.0,95
201800043605,18,11,8,1740,3,2,1,1.0,6.0,95585,M,4898250.0,237910.0,95
201800043606,18,11,8,1010,1,2,1,1.0,6.0,95680,M,4900480.0,238680.0,95
201800043607,18,11,14,1810,3,1,1,1.0,5.0,95539,M,4899220.0,236030.0,95
201800043608,18,11,22,1540,1,2,1,2.0,4.0,95680,M,4900110.0,240770.0,95
201800043609,18,11,22,1830,5,2,1,8.0,6.0,95585,M,4899570.0,237480.0,95
201800043610,18,11,28,1420,1,2,1,5.0,7.0,95585,M,4899950.0,238610.0,95
201800043611,18,12,1,1855,5,2,1,1.0,6.0,95585,M,4898810.0,237840.0,95
201800043612,18,12,5,1250,1,2,1,1.0,6.0,95585,M,4897980.0,237620.0,95
201800043613,18,12,5,1425,1,1,1,1.0,3.0,95539,M,4900690.0,235190.0,95
201800043614,18,12,6,1745,4,2,1,1.0,6.0,95539,M,4899030.0,235940.0,95
201800043615,18,7,30,1810,1,2,3,1.0,6.0,95585,M,4897660.0,237860.0,95
201800043616,18,12,28,1735,5,2,1,1.0,3.0,95268,M,4897070.0,239910.0,95
201800043617,18,12,28,1900,5,2,1,8.0,6.0,95585,M,4897510.0,238670.0,95
201800043618,18,12,30,2030,5,1,1,2.0,3.0,95539,M,4899160.0,236030.0,95
201800043619,18,1,5,2320,5,2,1,1.0,3.0,20004,M,4193283.0,873740.0,201
201800043620,18,1,8,1408,1,2,2,1.0,3.0,20004,M,4191854.0,873697.0,201
201800043621,18,1,9,720,2,2,1,8.0,3.0,20004,M,4193732.0,873788.0,201
201800043622,18,1,12,1642,1,2,1,1.0,6.0,20004,M,4191859.0,873739.0,201
201800043623,18,1,16,1850,5,2,1,1.0,6.0,20004,M,4192989.0,877604.0,201
201800043624,18,1,19,1215,1,2,3,1.0,3.0,20004,M,4192659.0,872906.0,201
201800043625,18,1,20,1710,2,2,1,2.0,7.0,20004,M,4192828.0,873875.0,201
201800043626,18,1,24,1825,5,2,1,1.0,3.0,20004,M,4193732.0,873792.0,201
201800043627,18,1,25,1030,1,2,1,1.0,2.0,20004,M,4193058.0,873333.0,201
201800043628,18,1,26,755,1,2,3,1.0,3.0,20004,M,4191297.0,872624.0,201
201800043629,18,1,25,2314,3,1,1,1.0,7.0,20004,M,4193621.0,879505.0,201
201800043630,18,1,30,1200,1,2,1,1.0,3.0,20004,M,4194404.0,875520.0,201
201800043631,18,1,31,1322,1,2,4,1.0,3.0,20004,M,4193280.0,873739.0,201
201800043632,18,1,31,1927,5,2,6,1.0,3.0,20004,M,4193344.0,875431.0,201
201800043633,18,2,2,600,5,2,1,8.0,6.0,20004,M,4193299.0,874400.0,201
201800043634,18,2,5,2034,5,2,3,8.0,7.0,20004,M,4192962.0,873341.0,201
201800043635,18,2,2,1617,1,1,1,2.0,6.0,20004,M,4192816.0,879317.0,201
201800043636,18,2,13,1954,3,2,1,1.0,5.0,20004,M,4193306.0,874238.0,201
201800043637,18,2,18,1935,5,2,1,9.0,3.0,20004,M,4194273.0,875201.0,201
201800043638,18,2,22,1840,5,1,1,1.0,2.0,20004,M,4192865.0,876751.0,201
201800043639,18,2,24,1720,2,2,1,2.0,2.0,20004,M,4195603.0,878240.0,201
201800043640,18,2,25,853,1,2,3,2.0,1.0,20004,M,4193220.0,874061.0,201
201800043641,18,3,2,1955,5,2,2,1.0,1.0,20004,M,4193296.0,873739.0,201
201800043642,18,3,5,2040,5,2,1,2.0,7.0,20004,M,4191507.0,873011.0,201