Num_Acc,an,mois,jour,hrmn,lum,agg,int,atm,col,com,gps,lat,long,dep
201800043643,18,3,10,646,2,1,6,1.0,7.0,20004,M,4193137.0,880269.0,201
201800043644,18,3,10,1150,1,2,2,1.0,3.0,20004,M,4192836.0,873747.0,201
201800043645,18,3,14,1445,1,2,1,1.0,3.0,20004,M,4193709.0,873701.0,201
201800043646,18,3,16,800,1,2,1,1.0,4.0,20004,M,4193377.0,874540.0,201
201800043647,18,3,16,1415,1,2,7,1.0,3.0,20004,M,4193455.0,873660.0,201
201800043648,18,3,16,2010,4,2,1,3.0,6.0,20004,M,4194176.0,874823.0,201
201800043649,18,3,16,2226,5,2,9,3.0,2.0,20004,M,4193434.0,873917.0,201
201800043650,18,3,17,125,5,2,1,2.0,6.0,20004,M,4191812.0,873387.0,201
201800043651,18,3,17,1330,1,2,1,1.0,6.0,20004,M,4191281.0,872409.0,201
201800043652,18,3,26,1609,1,2,1,1.0,1.0,20004,M,4192026.0,873347.0,201
201800043653,18,4,5,1535,1,2,1,1.0,2.0,20004,M,4193576.0,875081.0,201
201800043654,18,4,5,1850,1,2,3,1.0,3.0,20004,M,4194896.0,876673.0,201
201800043655,18,4,9,1030,1,2,1,8.0,6.0,20004,M,4194787.0,876451.0,201
201800043656,18,4,13,1033,1,2,1,1.0,2.0,20004,M,4192711.0,879170.0,201
201800043657,18,4,15,2005,2,2,1,1.0,1.0,20004,M,4192438.0,873425.0,201
201800043658,18,4,17,1640,1,2,1,1.0,6.0,20004,M,4195210.0,877592.0,201
201800043659,18,4,30,725,1,2,1,1.0,5.0,20004,M,4195362.0,879009.0,201
201800043660,18,5,2,1815,1,2,1,2.0,4.0,20004,M,4194610.0,876308.0,201
201800043661,18,5,7,720,1,2,1,1.0,2.0,20004,M,4193306.0,874237.0,201
201800043662,18,5,14,1125,1,1,1,3.0,2.0,20004,M,4194585.0,876022.0,201
201800043663,18,5,14,1905,1,2,1,2.0,7.0,20004,M,4192653.0,873704.0,201
201800043664,18,5,14,1840,1,2,1,2.0,1.0,20004,M,4192779.0,873864.0,201
201800043665,18,5,16,1215,1,2,1,1.0,6.0,20004,M,4192554.0,873454.0,201
201800043666,18,5,16,2125,3,2,3,1.0,2.0,20004,M,4193450.0,873670.0,201
201800043667,18,5,17,1440,1,2,1,1.0,5.0,20004,M,4194856.0,876601.0,201
201800043668,18,5,17,1940,1,2,1,1.0,3.0,20004,M,4194648.0,875477.0,201
201800043669,18,5,19,445,5,2,1,1.0,6.0,20004,M,4193880.0,874546.0,201
201800043670,18,5,19,630,1,2,1,1.0,3.0,20004,M,4191505.0,873008.0,201
201800043671,18,5,19,1910,1,2,1,1.0,4.0,20004,M,4192743.0,873850.0,201
201800043672,18,5,22,1820,1,2,1,1.0,1.0,20004,M,4192921.0,876831.0,201
201800043673,18,5,25,830,1,2,2,1.0,3.0,20004,M,4192496.0,873799.0,201
201800043674,18,5,27,1135,1,2,1,1.0,7.0,20004,M,4192012.0,872690.0,201
201800043675,18,5,27,1435,1,2,1,1.0,3.0,20004,M,4191989.0,873953.0,201
201800043676,18,5,28,2055,5,1,1,1.0,2.0,20004,M,4190781.0,863268.0,201
201800043677,18,6,5,1650,1,2,1,1.0,6.0,20004,M,4195228.0,877960.0,201
201800043678,18,6,6,1520,1,2,1,1.0,6.0,20004,M,4191288.0,872438.0,201
201800043679,18,6,7,1635,1,2,1,1.0,3.0,20004,M,4192355.0,873924.0,201
201800043680,18,6,9,905,1,2,1,1.0,3.0,20004,M,4190913.0,863740.0,201
201800043681,18,6,13,1740,1,2,1,1.0,3.0,20004,M,4194069.0,874511.0,201
201800043682,18,6,13,1845,1,1,3,1.0,3.0,20004,M,4193708.0,880361.0,201
201800043683,18,6,15,1130,1,2,1,1.0,6.0,20004,M,4190889.0,871860.0,201
201800043684,18,6,19,1026,1,1,1,1.0,2.0,20004,M,4193293.0,880897.0,201
201800043685,18,6,20,1715,1,1,1,1.0,4.0,20004,M,4194006.0,880546.0,201
201800043686,18,6,20,1905,1,2,3,1.0,3.0,20004,M,4193088.0,873958.0,201
201800043687,18,6,23,1635,1,2,1,1.0,6.0,20004,M,4190894.0,868695.0,201
201800043688,18,6,27,1939,1,2,1,1.0,6.0,20004,M,4194265.0,875184.0,201
201800043689,18,7,2,1020,1,2,1,1.0,3.0,20004,M,4193825.0,874504.0,201
201800043690,18,7,8,1435,1,2,1,1.0,2.0,20004,M,4190891.0,871112.0,201
201800043691,18,7,17,730,1,2,2,1.0,6.0,20004,M,4193283.0,873742.0,201
201800043692,18,7,18,2054,5,1,1,1.0,6.0,20004,M,4193022.0,877786.0,201
201800043693,18,7,20,845,1,1,1,1.0,2.0,20004,M,4195603.0,878238.0,201
201800043694,18,7,28,2120,5,2,3,1.0,6.0,20004,M,4191294.0,872550.0,201
201800043695,18,7,29,1024,1,2,1,1.0,6.0,20004,M,4191690.0,872732.0,201
201800043696,18,7,28,435,5,2,1,1.0,7.0,20004,M,4190889.0,871530.0,201
201800043697,18,8,1,745,1,2,3,7.0,1.0,20004,M,4190887.0,871532.0,201
201800043698,18,8,1,800,1,2,6,1.0,3.0,20004,M,4193410.0,875255.0,201
201800043699,18,7,25,1000,1,2,1,1.0,6.0,20004,M,4192321.0,873933.0,201
201800043700,18,8,6,1145,1,2,1,1.0,7.0,20004,M,4193246.0,874131.0,201
201800043701,18,8,15,27,5,2,1,1.0,2.0,20004,M,4190950.0,869001.0,201
201800043702,18,8,15,2020,2,2,1,1.0,7.0,20004,M,4190657.0,866832.0,201
201800043703,18,8,16,1040,1,2,1,1.0,3.0,20004,M,4194408.0,875539.0,201
201800043704,18,7,23,1150,1,2,1,1.0,3.0,20004,M,4192097.0,879253.0,201
201800043705,18,8,18,930,1,2,1,1.0,2.0,20004,M,4190870.0,871776.0,201
201800043706,18,8,19,815,1,2,1,1.0,3.0,20004,M,4192612.0,872870.0,201
201800043707,18,8,18,1707,1,2,1,1.0,3.0,20004,M,4190866.0,868648.0,201
201800043708,18,8,20,2040,2,1,1,1.0,6.0,20004,M,4193676.0,880356.0,201
201800043709,18,8,21,1350,1,1,1,1.0,5.0,20004,M,4193888.0,880433.0,201
201800043710,18,8,22,1740,1,1,9,1.0,3.0,20004,M,4195009.0,877408.0,201
201800043711,18,8,23,25,5,2,3,1.0,6.0,20004,M,4191920.0,873950.0,201
201800043712,18,8,23,1520,1,2,1,2.0,7.0,20004,M,4194969.0,877000.0,201
201800043713,18,8,27,1300,1,2,1,1.0,3.0,20004,M,4193028.0,873941.0,201
201800043714,18,8,29,825,1,2,1,1.0,3.0,20004,M,4195199.0,877750.0,201
201800043715,18,8,29,1910,1,2,3,1.0,6.0,20004,M,4193454.0,874552.0,201
201800043716,18,8,31,1640,1,2,1,1.0,3.0,20004,M,4193755.0,873864.0,201
201800043717,18,8,31,1925,2,2,1,1.0,6.0,20004,M,4194064.0,875046.0,201
201800043718,18,9,6,755,1,2,1,1.0,6.0,20004,M,4191339.0,872770.0,201
201800043719,18,9,6,810,1,2,1,1.0,6.0,20004,M,4194160.0,874793.0,201
201800043720,18,9,10,935,1,2,3,1.0,3.0,20004,M,4193420.0,874750.0,201
201800043721,18,9,11,1235,1,2,9,1.0,2.0,20004,M,4195260.0,878450.0,201
201800043722,18,9,11,1920,2,2,4,1.0,3.0,20004,M,4192319.0,873040.0,201
201800043723,18,9,11,2143,3,1,1,1.0,6.0,20004,M,4193386.0,880247.0,201
201800043724,18,9,13,2303,3,1,6,1.0,6.0,20004,M,4192809.0,879958.0,201
201800043725,18,9,14,1212,1,2,9,1.0,6.0,20004,M,4193391.0,872103.0,201
201800043726,18,9,19,1835,1,2,1,1.0,5.0,20004,M,4194917.0,876780.0,201
201800043727,18,9,23,110,5,2,1,1.0,1.0,20004,M,4194410.0,875560.0,201
201800043728,18,9,23,2230,5,2,8,1.0,3.0,20004,M,4193220.0,874059.0,201
201800043729,18,9,24,1140,1,2,1,1.0,3.0,20004,M,4194660.0,876520.0,201
201800043730,18,9,27,2322,5,1,1,1.0,2.0,20004,M,4192869.0,876573.0,201
201800043731,18,10,1,1145,1,2,3,1.0,3.0,20004,M,4192662.0,872907.0,201
201800043732,18,10,6,1145,1,2,1,2.0,1.0,20004,M,4193362.0,873695.0,201
201800043733,18,10,7,2305,3,1,1,1.0,1.0,20004,M,4196109.0,878014.0,201
201800043734,18,10,9,800,1,2,1,1.0,3.0,20004,M,4193745.0,873799.0,201
201800043735,18,10,20,1800,1,2,9,1.0,3.0,20004,M,4191980.0,873955.0,201
201800043736,18,10,22,1535,1,2,1,1.0,3.0,20004,M,4193876.0,875087.0,201
201800043737,18,10,31,942,1,2,6,8.0,3.0,20004,M,4195195.0,877458.0,201
201800043738,18,10,30,1410,1,2,3,1.0,3.0,20004,M,4193361.0,874407.0,201
201800043739,18,11,3,1234,1,2,1,8.0,3.0,20004,M,4192781.0,873293.0,201
201800043740,18,11,5,1300,1,2,1,8.0,1.0,20004,M,4194904.0,875772.0,201
201800043741,18,11,6,1845,5,2,1,3.0,6.0,20004,M,4192739.0,873849.0,201
201800043742,18,11,8,1950,5,2,2,1.0,1.0,20004,M,4193415.0,874549.0,201
201800043743,18,11,9,1110,1,1,1,1.0,3.0,20004,M,4190892.0,870867.0,201
201800043744,18,11,9,2030,5,2,1,1.0,1.0,20004,M,4193606.0,873593.0,201
201800043745,18,11,10,1707,1,2,1,1.0,6.0,20004,M,4192316.0,873767.0,201
201800043746,18,11,10,1859,5,2,1,1.0,3.0,20004,M,4194068.0,875601.0,201
201800043747,18,11,13,1623,1,2,3,1.0,3.0,20004,M,4192593.0,873826.0,201
201800043748,18,11,14,1833,5,2,1,1.0,6.0,20004,M,4191780.0,873706.0,201
201800043749,18,11,14,1855,5,1,1,1.0,2.0,20004,M,4193643.0,874897.0,201
201800043750,18,11,15,825,1,2,1,1.0,3.0,20004,M,4192982.0,875889.0,201
201800043751,18,11,24,2150,5,2,1,1.0,6.0,20004,M,4192533.0,873810.0,201
201800043752,18,11,27,820,1,1,1,2.0,2.0,20004,M,4193333.0,880801.0,201
201800043753,18,11,29,227,5,2,1,1.0,7.0,20004,M,4191737.0,872392.0,201
201800043754,18,11,30,1410,1,2,6,1.0,7.0,20004,M,4192672.0,873920.0,201
201800043755,18,12,1,302,5,2,9,1.0,2.0,20004,M,4195257.0,878441.0,201
201800043756,18,12,2,320,5,2,1,1.0,6.0,20004,M,4193682.0,875372.0,201
201800043757,18,12,2,1055,1,2,1,1.0,3.0,20004,M,4193559.0,875354.0,201
201800043758,18,12,4,1720,2,2,1,1.0,7.0,20004,M,4191290.0,875250.0,201
201800043759,18,12,7,1740,5,2,2,1.0,3.0,20004,M,4192899.0,873748.0,201
201800043760,18,12,7,2205,5,2,1,1.0,3.0,20004,M,4192884.0,874011.0,201
201800043761,18,12,10,2015,5,2,1,1.0,6.0,20004,M,4193909.0,875083.0,201
201800043762,18,12,12,1700,1,2,1,1.0,6.0,20004,M,4194175.0,874825.0,201
201800043763,18,12,13,1630,2,2,1,2.0,3.0,20004,M,4191280.0,872530.0,201
201800043764,18,12,13,1800,5,2,1,2.0,3.0,20004,M,4191776.0,873709.0,201
201800043765,18,12,13,1900,5,2,1,2.0,2.0,20004,M,4193320.0,874330.0,201
201800043766,18,12,20,2005,5,2,1,1.0,6.0,20004,M,4192351.0,873788.0,201
201800043767,18,12,22,1855,5,2,1,1.0,1.0,20004,M,4192610.0,873840.0,201
201800043768,18,12,23,1430,1,1,1,1.0,6.0,20004,M,4190930.0,869170.0,201
201800043769,18,12,26,940,1,2,1,1.0,3.0,20004,M,4193744.0,876176.0,201
201800043770,18,12,28,1525,1,2,1,1.0,5.0,20004,M,4194794.0,876453.0,201
201800043771,18,1,1,615,5,1,1,1.0,3.0,94018,M,4881820.0,241050.0,94
201800043772,18,1,1,930,1,1,1,1.0,7.0,94052,M,4883814.0,249378.0,94
201800043773,18,1,1,1500,1,1,1,3.0,6.0,94079,M,4883000.0,253000.0,94
201800043774,18,1,3,540,3,1,1,3.0,6.0,94044,M,4874966.0,248091.0,94
201800043775,18,1,4,1355,1,1,9,2.0,3.0,77258,M,4882987.0,262389.0,77
201800043776,18,1,5,930,1,1,1,8.0,3.0,94017,M,4882655.0,251745.0,94
201800043777,18,1,7,30,5,1,1,2.0,2.0,94017,M,4882851.0,250365.0,94
201800043778,18,1,7,700,5,1,9,2.0,2.0,94058,M,4884108.0,249305.0,94
201800043779,18,1,7,1855,5,1,1,1.0,6.0,94017,M,4882729.0,246917.0,94
201800043780,18,1,9,1745,3,1,1,2.0,3.0,93051,M,4883516.0,257250.0,93
201800043781,18,1,10,720,5,1,1,1.0,2.0,94017,M,4882681.0,251484.0,94
201800043782,18,1,10,1900,3,1,1,1.0,2.0,75112,M,4881928.0,245855.0,75
201800043783,18,1,12,830,2,1,1,1.0,1.0,94073,M,4876243.0,238149.0,94
201800043784,18,1,13,101,5,1,1,1.0,2.0,94033,M,4884861.0,249083.0,94
201800043785,18,1,14,235,3,1,1,1.0,5.0,93051,M,4883415.0,258644.0,93
201800043786,18,1,19,2100,3,1,1,1.0,6.0,77294,M,4895965.0,262121.0,77
201800043787,18,1,14,740,2,1,1,1.0,2.0,77058,M,4883014.0,270256.0,77
201800043788,18,1,14,1227,1,1,1,1.0,2.0,94046,M,4880722.0,244882.0,94
201800043789,18,1,14,2000,5,1,1,1.0,2.0,94046,M,4880312.0,244848.0,94
201800043790,18,1,16,920,1,1,1,2.0,6.0,93051,M,4884887.0,255207.0,93
201800043791,18,1,16,1455,1,1,1,2.0,4.0,77450,M,4870222.0,259527.0,77
201800043792,18,1,16,1930,3,1,1,2.0,2.0,77438,M,4885466.0,266346.0,77
201800043793,18,1,17,800,3,1,4,2.0,2.0,94069,M,4881190.0,244926.0,94
201800043794,18,1,17,1135,1,1,9,8.0,4.0,77372,M,4887662.0,266887.0,77
201800043795,18,1,19,2245,3,1,1,1.0,2.0,94015,M,4883135.0,253141.0,94
201800043796,18,1,21,245,5,1,1,1.0,2.0,94073,M,4870730.0,230643.0,94
201800043797,18,1,21,2150,5,1,1,2.0,6.0,94073,M,4876815.0,237883.0,94
201800043798,18,1,23,735,1,1,1,1.0,2.0,77237,M,4883175.0,277305.0,77
201800043799,18,1,24,1445,1,1,1,1.0,7.0,94069,M,4881710.0,244280.0,94
201800043800,18,1,24,1545,1,1,1,1.0,3.0,94065,M,4875410.0,235021.0,94
201800043801,18,1,25,925,1,1,1,8.0,3.0,94044,M,4875746.0,247735.0,94
201800043802,18,1,26,300,3,1,1,1.0,6.0,93051,M,4883660.0,254448.0,93
201800043803,18,1,26,2145,3,1,9,1.0,2.0,77294,M,4897216.0,259272.0,77
201800043804,18,1,26,2200,3,1,1,1.0,6.0,77373,M,4879431.0,262010.0,77
201800043805,18,1,27,30,4,1,1,1.0,4.0,94017,M,4883040.0,249436.0,94
201800043806,18,1,27,1340,1,1,1,1.0,2.0,94017,M,4884851.0,257316.0,94
201800043807,18,1,28,2200,3,1,1,9.0,6.0,77258,M,4883088.0,263758.0,77
201800043808,18,1,30,730,3,1,1,1.0,3.0,94015,M,4883047.0,252965.0,94
201800043809,18,1,30,820,1,1,1,1.0,2.0,77258,M,4883040.0,262957.0,77
201800043810,18,1,31,1350,1,1,1,2.0,5.0,94017,M,4881331.0,256811.0,94
201800043811,18,1,31,1730,2,1,1,2.0,6.0,94015,M,4883497.0,252401.0,94
201800043812,18,1,31,2300,4,1,1,2.0,4.0,94069,M,4881750.0,244000.0,94
201800043813,18,2,1,900,1,1,1,2.0,3.0,77384,M,4860612.0,263343.0,77
201800043814,18,2,1,930,1,1,1,3.0,4.0,77294,M,4896677.0,260546.0,77
201800043815,18,2,1,935,1,1,1,2.0,3.0,77363,M,4892640.0,262874.0,77
201800043816,18,2,1,1415,1,1,1,8.0,4.0,77169,M,4883064.0,260761.0,77
201800043817,18,2,1,1840,3,1,9,2.0,2.0,77438,M,4886036.0,266664.0,77
201800043818,18,2,1,1850,3,1,9,1.0,3.0,77175,M,4867311.0,261113.0,77
201800043819,18,2,1,2025,4,1,1,2.0,4.0,94018,M,4881730.0,241570.0,94
201800043820,18,2,1,2303,3,1,1,8.0,6.0,94028,M,4879090.0,244070.0,94
201800043821,18,2,2,730,1,1,1,1.0,2.0,94028,M,4877398.0,240636.0,94
201800043822,18,2,3,1340,1,1,1,2.0,4.0,94017,M,4882861.0,251361.0,94
201800043823,18,2,3,1730,2,1,1,2.0,4.0,94028,M,4880366.0,244868.0,94
201800043824,18,2,4,330,3,1,1,2.0,7.0,77249,M,4874598.0,261366.0,77
201800043825,18,2,5,930,1,1,1,1.0,2.0,94028,M,4880134.0,244755.0,94
201800043826,18,2,6,1135,1,1,1,2.0,2.0,94028,M,4877950.0,244183.0,94
201800043827,18,2,13,915,1,1,1,9.0,7.0,94069,M,4881790.0,243990.0,94
201800043828,18,2,17,600,4,1,1,1.0,4.0,94069,M,4881862.0,245893.0,94
201800043829,18,2,18,945,1,1,1,1.0,2.0,75112,M,,,75
201800043830,18,2,20,1020,1,1,1,1.0,2.0,77146,M,4880723.0,263017.0,77
201800043831,18,2,20,1930,3,1,9,2.0,3.0,77249,M,4875197.0,261434.0,77
201800043832,18,2,21,1550,1,1,1,1.0,2.0,94069,M,4882222.0,242888.0,94
201800043833,18,2,22,1815,1,1,1,1.0,6.0,94018,M,4882400.0,239400.0,94
201800043834,18,2,23,540,3,1,1,1.0,6.0,94079,M,4882700.0,252434.0,94
201800043835,18,2,23,2000,1,1,1,1.0,2.0,77294,M,4896974.0,259874.0,77
201800043836,18,2,23,1900,2,1,1,1.0,4.0,77249,M,4875983.0,261577.0,77
201800043837,18,2,23,2130,3,1,1,1.0,3.0,77296,M,4863380.0,262853.0,77
201800043838,18,2,24,1640,1,1,1,1.0,6.0,94069,M,4882000.0,240000.0,94
201800043839,18,2,25,515,3,1,9,1.0,4.0,77237,M,4882981.0,274840.0,77
201800043840,18,2,25,1520,1,1,9,1.0,7.0,94028,M,4880000.0,244000.0,94
201800043841,18,2,26,345,5,1,1,1.0,6.0,94052,M,4883100.0,249056.0,94
201800043842,18,2,26,1745,1,1,1,1.0,6.0,94028,M,4878793.0,244030.0,94
201800043843,18,2,27,30,5,1,1,1.0,6.0,94017,M,4881766.0,242485.0,94
201800043844,18,2,27,700,2,1,1,1.0,4.0,94065,M,4875098.0,235572.0,94
201800043845,18,2,28,715,1,1,1,1.0,2.0,94018,M,4882126.0,239971.0,94
201800043846,18,2,28,1700,1,1,1,1.0,7.0,94028,M,4877622.0,242306.0,94
201800043847,18,3,4,1720,1,1,9,1.0,7.0,77337,M,4882891.0,261839.0,77
201800043848,18,3,4,2025,3,1,9,1.0,6.0,77337,M,4883062.0,260911.0,77
201800043849,18,3,5,950,1,1,9,1.0,2.0,77258,M,4883099.0,263891.0,77
201800043850,18,3,6,900,1,1,1,1.0,2.0,77363,M,4892135.0,263084.0,77
201800043851,18,3,6,1230,1,1,1,1.0,4.0,94065,M,4875423.0,235072.0,94
201800043852,18,3,6,1735,1,1,1,1.0,4.0,75112,M,4881726.0,244209.0,75
201800043853,18,3,7,1640,1,1,9,2.0,6.0,77514,M,4894199.0,262850.0,77
201800043854,18,3,7,1815,2,1,1,2.0,3.0,94046,M,4881111.0,244912.0,94
201800043855,18,3,8,1700,1,1,1,3.0,4.0,77294,M,4897534.0,258456.0,77
201800043856,18,3,8,1900,3,1,1,2.0,3.0,94081,M,4877416.0,240636.0,94
201800043857,18,3,8,2310,3,1,1,2.0,5.0,94015,M,4883248.0,253318.0,94
201800043858,18,3,10,33,5,1,1,1.0,6.0,94018,M,4881970.0,240311.0,94
201800043859,18,3,10,1150,1,1,9,2.0,6.0,94028,M,4877237.0,244601.0,94
201800043860,18,3,10,1410,1,1,1,1.0,3.0,94022,M,4877661.0,241703.0,94
201800043861,18,3,10,1915,3,1,1,1.0,3.0,94017,M,4882649.0,251186.0,94
201800043862,18,3,12,1700,1,1,1,1.0,2.0,94046,M,4880764.0,244901.0,94
201800043863,18,3,13,845,1,1,1,1.0,4.0,94028,M,4878360.0,243920.0,94
201800043864,18,3,13,2030,5,1,1,1.0,4.0,94069,M,4881750.0,241390.0,94
201800043865,18,3,14,930,1,1,1,1.0,2.0,94028,M,4878898.0,244047.0,94
201800043866,18,3,15,1600,1,1,1,1.0,4.0,94065,M,4875417.0,235036.0,94
201800043867,18,3,16,900,1,1,9,1.0,2.0,77363,M,4891296.0,263522.0,77
201800043868,18,3,16,1730,1,1,1,1.0,3.0,94065,M,4875396.0,235357.0,94
201800043869,18,3,17,1505,1,1,1,2.0,4.0,94017,M,4882662.0,251541.0,94
201800043870,18,3,19,915,1,1,1,2.0,4.0,94046,M,4880702.0,244909.0,94
201800043871,18,3,19,1305,1,1,1,1.0,6.0,94046,M,4881185.0,244887.0,94
201800043872,18,3,20,1900,3,1,1,1.0,2.0,94046,M,4880023.0,242746.0,94
201800043873,18,3,21,800,1,1,1,1.0,5.0,94017,M,4882716.0,251614.0,94
201800043874,18,3,21,1730,1,1,1,1.0,6.0,94073,M,4876910.0,237927.0,94
201800043875,18,3,22,1055,1,1,1,1.0,5.0,94042,M,4882810.0,247320.0,94
201800043876,18,3,22,1320,1,1,1,1.0,2.0,93051,M,4883672.0,254640.0,93
201800043877,18,3,23,1955,5,1,1,2.0,2.0,94018,M,4882444.0,239416.0,94
201800043878,18,3,24,210,3,1,9,1.0,2.0,94079,M,4883600.0,254116.0,94
201800043879,18,3,25,645,2,1,1,1.0,4.0,77294,M,4897400.0,257909.0,77
201800043880,18,3,26,2045,5,1,1,1.0,6.0,94028,M,4877796.0,243938.0,94
201800043881,18,3,27,900,1,1,1,2.0,3.0,94017,M,4883030.0,249430.0,94
201800043882,18,3,27,1950,1,1,1,2.0,4.0,77055,M,4890150.0,265075.0,77
201800043883,18,3,29,810,1,1,1,1.0,5.0,93051,M,4883627.0,255233.0,93
201800043884,18,3,29,820,1,1,1,1.0,3.0,77294,M,4896337.0,261331.0,77
201800043885,18,3,29,930,1,1,1,1.0,3.0,77122,M,4864782.0,260662.0,77
201800043886,18,3,29,1045,1,1,1,1.0,2.0,94022,M,4877383.0,240323.0,94
201800043887,18,3,29,1235,1,1,9,1.0,2.0,77517,M,4890760.0,263904.0,77
201800043888,18,3,29,1300,1,1,1,1.0,4.0,94017,M,4882745.0,250811.0,94
201800043889,18,3,29,1700,1,1,1,1.0,3.0,77294,M,4896036.0,262017.0,77
201800043890,18,3,30,1940,1,1,1,1.0,3.0,94018,M,4881837.0,241023.0,94
201800043891,18,4,2,530,5,1,1,1.0,6.0,94017,M,4885243.0,248962.0,94
201800043892,18,4,3,2250,3,1,1,1.0,2.0,94022,M,4877613.0,242725.0,94
201800043893,18,4,4,530,3,1,1,2.0,6.0,94073,M,4875619.0,238363.0,94
201800043894,18,4,4,1830,1,1,1,1.0,2.0,94033,M,4884940.0,249058.0,94
201800043895,18,4,5,1945,1,1,1,1.0,6.0,94017,M,4882823.0,249893.0,94
201800043896,18,4,6,800,1,1,1,1.0,3.0,94065,M,4846210.0,223430.0,94
201800043897,18,4,6,900,1,1,1,1.0,4.0,77372,M,4887588.0,266923.0,77
201800043898,18,4,6,915,1,1,1,1.0,2.0,77258,M,4883034.0,262921.0,77
201800043899,18,4,6,1330,1,1,1,1.0,4.0,75112,M,4882030.0,246050.0,75
201800043900,18,4,6,1815,1,1,1,1.0,3.0,77449,M,4883297.0,279136.0,77
201800043901,18,4,8,530,3,1,9,2.0,6.0,77175,M,4867291.0,261134.0,77
201800043902,18,4,8,1800,1,1,1,1.0,4.0,94017,M,4882659.0,251794.0,94
201800043903,18,4,9,1645,1,1,1,3.0,7.0,77175,M,4867252.0,261154.0,77
201800043904,18,4,10,1430,1,1,1,1.0,6.0,75112,M,4849280.0,227480.0,75
201800043905,18,4,10,1530,1,1,1,1.0,4.0,94073,M,4877060.0,238647.0,94
201800043906,18,4,11,830,1,1,1,1.0,6.0,94018,M,4881782.0,241294.0,94
201800043907,18,4,11,1548,1,1,1,1.0,4.0,94069,M,4881730.0,243270.0,94
201800043908,18,4,11,1630,1,1,1,1.0,3.0,77169,M,4881610.0,262223.0,77
201800043909,18,4,11,1715,1,1,1,1.0,2.0,94073,M,4876541.0,237967.0,94
201800043910,18,4,11,2015,1,1,9,1.0,3.0,77053,M,4867285.0,261134.0,77
201800043911,18,4,12,630,1,1,1,1.0,2.0,94073,M,4877669.0,237847.0,94
201800043912,18,4,12,800,1,1,1,1.0,5.0,94017,M,4882654.0,251739.0,94
201800043913,18,4,12,1305,1,1,1,1.0,4.0,94018,M,4882282.0,239684.0,94
201800043914,18,4,12,2215,5,1,1,1.0,6.0,94028,M,4877925.0,243891.0,94
201800043915,18,4,13,905,1,1,1,1.0,2.0,94069,M,4881992.0,245944.0,94
201800043916,18,4,13,930,1,1,1,1.0,3.0,77363,M,4892880.0,262821.0,77
201800043917,18,4,13,1045,1,1,1,1.0,4.0,94022,M,4877630.0,242400.0,94
201800043918,18,4,13,1200,1,1,1,1.0,4.0,77373,M,4878312.0,261662.0,77
201800043919,18,4,13,1245,1,1,1,1.0,6.0,94028,M,4877855.0,244271.0,94
201800043920,18,4,15,400,3,1,1,1.0,6.0,77122,M,4864750.0,258158.0,77
201800043921,18,4,15,520,3,1,1,1.0,3.0,94022,M,4876275.0,240906.0,94
201800043922,18,4,15,1445,1,1,1,1.0,4.0,94058,M,4884788.0,249173.0,94
201800043923,18,4,16,620,2,1,1,1.0,2.0,77083,M,4883260.0,259758.0,77
201800043924,18,4,16,1705,1,1,1,1.0,4.0,77363,M,4891912.0,263217.0,77
201800043925,18,4,17,835,1,1,1,1.0,3.0,94046,M,4880958.0,244905.0,94
201800043926,18,4,17,1705,1,1,1,1.0,3.0,94018,M,4882123.0,239987.0,94
201800043927,18,4,18,735,1,1,1,1.0,6.0,94017,M,4882703.0,252341.0,94
201800043928,18,4,18,1250,1,1,1,1.0,4.0,94018,M,4882340.0,239510.0,94
201800043929,18,4,18,1600,1,1,1,1.0,2.0,75112,M,4882200.0,246230.0,75
201800043930,18,4,18,1925,1,1,1,1.0,3.0,77294,M,4897356.0,258948.0,77
201800043931,18,4,18,2230,3,1,1,1.0,2.0,93051,M,,,93
201800043932,18,4,13,2020,1,1,1,1.0,2.0,94046,M,4881155.0,244926.0,94
201800043933,18,4,19,945,1,1,1,1.0,2.0,94017,M,4882902.0,250060.0,94
201800043934,18,4,19,2140,4,1,1,1.0,3.0,94073,M,4875941.0,238362.0,94
201800043935,18,4,20,235,3,1,1,1.0,5.0,77438,M,4887143.0,267064.0,77
201800043936,18,4,20,1700,1,1,1,1.0,4.0,94052,M,4883406.0,249333.0,94
201800043937,18,4,20,1705,1,1,1,1.0,2.0,94022,M,4877421.0,240933.0,94
201800043938,18,4,20,1800,1,1,1,1.0,2.0,94017,M,4882671.0,251412.0,94
201800043939,18,4,20,2205,3,1,1,1.0,3.0,77372,M,4887743.0,266841.0,77
201800043940,18,4,21,200,5,1,1,1.0,4.0,94017,M,4882749.0,251055.0,94
201800043941,18,4,21,300,3,1,1,1.0,7.0,77169,M,4882160.0,261505.0,77
201800043942,18,4,21,640,1,1,1,1.0,2.0,94028,M,4877000.0,244000.0,94
201800043943,18,4,21,1730,1,1,1,1.0,6.0,94018,M,4881814.0,241131.0,94
201800043944,18,4,22,630,2,1,6,1.0,6.0,93051,M,4885000.0,255000.0,93
201800043945,18,4,22,1245,1,1,9,1.0,7.0,77146,M,4883088.0,263758.0,77