Num_Acc,an,mois,jour,hrmn,lum,agg,int,atm,col,com,gps,lat,long,dep
201800043946,18,4,24,1030,1,1,1,1.0,3.0,94022,M,4877583.0,241388.0,94
201800043947,18,4,24,1915,1,1,1,1.0,2.0,94028,M,4878466.0,244042.0,94
201800043948,18,4,24,2030,1,1,1,1.0,3.0,94028,M,4877621.0,243325.0,94
201800043949,18,4,24,2240,3,1,1,1.0,7.0,94069,M,4849100.0,227100.0,94
201800043950,18,4,25,1100,1,1,1,1.0,3.0,94073,M,4877044.0,238460.0,94
201800043951,18,4,25,1200,1,1,1,1.0,2.0,94017,M,4882828.0,250352.0,94
201800043952,18,4,26,740,1,1,1,1.0,6.0,77384,M,4861266.0,263301.0,77
201800043953,18,4,26,1000,1,1,1,1.0,6.0,94033,M,4884426.0,246203.0,94
201800043954,18,4,26,1345,1,1,1,1.0,5.0,94046,M,4880000.0,242000.0,94
201800043955,18,4,27,1755,1,1,1,1.0,4.0,94069,M,4849100.0,255570.0,94
201800043956,18,4,28,1145,1,1,1,1.0,4.0,94028,M,4880112.0,242950.0,94
201800043957,18,4,28,1550,1,1,1,1.0,2.0,94028,M,4877388.0,243805.0,94
201800043958,18,4,29,323,3,1,1,2.0,2.0,77294,M,4896482.0,260997.0,77
201800043959,18,4,29,1310,1,1,1,2.0,6.0,77258,M,4882990.0,262392.0,77
201800043960,18,4,29,2030,2,1,1,2.0,2.0,94017,M,4882840.0,250250.0,94
201800043961,18,5,1,730,1,1,1,1.0,2.0,77237,M,4883159.0,277170.0,77
201800043962,18,5,1,1900,1,1,1,1.0,7.0,94015,M,4883141.0,252967.0,94
201800043963,18,5,2,1238,1,1,1,1.0,5.0,77373,M,4876678.0,261366.0,77
201800043964,18,5,2,1350,1,1,1,1.0,3.0,94017,M,4881334.0,250790.0,94
201800043965,18,5,3,1445,1,1,1,1.0,2.0,94065,M,4875398.0,235164.0,94
201800043966,18,5,3,1705,1,1,1,1.0,4.0,94018,M,4881764.0,241542.0,94
201800043967,18,5,4,845,1,1,1,1.0,6.0,93051,M,4884880.0,255289.0,93
201800043968,18,5,4,1305,1,1,1,1.0,3.0,94028,M,4877639.0,243633.0,94
201800043969,18,5,4,1630,1,1,1,1.0,2.0,94028,M,4878932.0,244022.0,94
201800043970,18,5,4,1905,1,1,1,1.0,4.0,94015,M,4883421.0,253676.0,94
201800043971,18,5,4,2150,3,1,1,1.0,7.0,77517,M,4889860.0,265770.0,77
201800043972,18,5,5,650,1,1,1,1.0,6.0,77337,M,4882992.0,261572.0,77
201800043973,18,5,5,1220,1,1,1,1.0,4.0,94052,M,4884484.0,249255.0,94
201800043974,18,5,5,2345,3,1,1,1.0,7.0,77237,M,4883037.0,275376.0,77
201800043975,18,5,6,1100,1,1,1,1.0,3.0,77169,M,4883151.0,260234.0,77
201800043976,18,5,6,1500,1,1,1,1.0,2.0,77053,M,4868695.0,259704.0,77
201800043977,18,5,8,1215,1,1,1,7.0,4.0,94052,M,4884145.0,249299.0,94
201800043978,18,5,9,1615,1,1,1,1.0,6.0,75112,M,4882526.0,246407.0,75
201800043979,18,5,9,1630,1,1,9,1.0,6.0,77169,M,4883027.0,260970.0,77
201800043980,18,5,9,1834,1,1,1,1.0,6.0,77146,M,4883230.0,265670.0,77
201800043981,18,5,9,1843,1,1,1,1.0,6.0,77121,M,4883849.0,266433.0,77
201800043982,18,5,11,1720,1,1,1,1.0,2.0,77373,M,4877053.0,261227.0,77
201800043983,18,5,12,1040,1,1,1,1.0,6.0,94028,M,4878253.0,243566.0,94
201800043984,18,5,12,1150,1,1,1,1.0,3.0,94018,M,4882468.0,239370.0,94
201800043985,18,5,14,800,1,1,1,3.0,2.0,77083,M,4883367.0,259198.0,77
201800043986,18,5,14,1500,1,1,1,2.0,2.0,77053,M,4867723.0,260952.0,77
201800043987,18,5,16,600,2,1,1,1.0,2.0,94017,M,4882671.0,252249.0,94
201800043988,18,5,17,1342,1,1,1,1.0,2.0,94052,M,4882611.0,246520.0,94
201800043989,18,5,17,1536,1,1,1,1.0,3.0,94073,M,4877155.0,239168.0,94
201800043990,18,5,18,845,1,1,1,1.0,6.0,94017,M,4882737.0,250760.0,94
201800043991,18,5,18,1000,1,1,9,1.0,4.0,77294,M,4897457.0,258721.0,77
201800043992,18,5,18,1500,1,1,1,1.0,4.0,94033,M,4884941.0,249069.0,94
201800043993,18,5,18,1620,1,1,9,1.0,4.0,77450,M,4871024.0,259914.0,77
201800043994,18,5,18,1700,1,1,1,1.0,5.0,94042,M,4882789.0,247225.0,94
201800043995,18,5,18,1810,1,1,1,1.0,2.0,94073,M,4876149.0,238199.0,94
201800043996,18,5,18,1840,1,1,1,1.0,4.0,94042,M,4882826.0,247538.0,94
201800043997,18,5,18,1830,1,1,1,1.0,3.0,94074,M,4876495.0,246048.0,94
201800043998,18,5,19,635,2,1,9,1.0,3.0,77249,M,4874706.0,261390.0,77
201800043999,18,5,19,1020,1,1,1,1.0,4.0,94052,M,4884263.0,249049.0,94
201800044000,18,5,20,2155,3,1,1,1.0,3.0,94046,M,4881277.0,244916.0,94
201800044001,18,5,21,2045,1,1,1,1.0,2.0,75112,M,,,75
201800044002,18,5,22,1,3,1,1,1.0,7.0,77337,M,4882844.0,261657.0,77
201800044003,18,5,22,800,1,1,1,1.0,4.0,94017,M,4882671.0,252240.0,94
201800044004,18,5,22,1900,1,1,1,1.0,2.0,94011,M,4875871.0,248257.0,94
201800044005,18,5,22,1955,1,1,9,2.0,6.0,77294,M,4897367.0,257857.0,77
201800044006,18,5,23,1420,1,1,1,1.0,2.0,94017,M,4882600.0,252320.0,94
201800044007,18,5,24,730,1,1,1,1.0,2.0,93051,M,4883665.0,254685.0,93
201800044008,18,5,24,830,1,1,1,1.0,5.0,77384,M,4860807.0,263307.0,77
201800044009,18,5,24,1040,1,1,1,9.0,4.0,94052,M,4884072.0,249344.0,94
201800044010,18,5,25,1340,1,1,9,1.0,3.0,77294,M,4897285.0,257637.0,77
201800044011,18,5,25,1745,1,1,1,1.0,6.0,77121,M,4883139.0,268091.0,77
201800044012,18,5,26,100,3,1,9,3.0,6.0,77337,M,4882666.0,261666.0,77
201800044013,18,5,29,755,1,1,1,1.0,4.0,77372,M,4887568.0,266923.0,77
201800044014,18,5,29,825,1,1,1,1.0,6.0,77121,M,4883313.0,266595.0,77
201800044015,18,5,29,945,1,1,1,1.0,2.0,94017,M,4882711.0,252307.0,94
201800044016,18,5,29,1530,1,1,1,1.0,7.0,94011,M,4876046.0,248775.0,94
201800044017,18,5,29,1615,1,1,1,1.0,6.0,77363,M,4891394.0,263496.0,77
201800044018,18,5,29,2355,3,1,1,2.0,7.0,77372,M,4889036.0,266753.0,77
201800044019,18,5,31,1042,1,1,1,1.0,5.0,77514,M,4893274.0,262798.0,77
201800044020,18,5,31,1735,1,1,1,1.0,3.0,77363,M,4892228.0,263051.0,77
201800044021,18,6,1,715,1,1,1,1.0,2.0,94018,M,4881942.0,240512.0,94
201800044022,18,6,1,840,1,1,1,1.0,2.0,77438,M,4887387.0,266962.0,77
201800044023,18,6,1,1820,1,1,1,1.0,2.0,77175,M,4866416.0,261344.0,77
201800044024,18,6,1,1900,1,1,9,2.0,4.0,94022,M,4877421.0,240786.0,94
201800044025,18,6,2,1430,1,1,1,1.0,2.0,94022,M,4877666.0,241872.0,94
201800044026,18,6,3,100,3,1,1,1.0,1.0,77169,M,4881601.0,262329.0,77
201800044027,18,6,4,915,1,1,1,1.0,4.0,77363,M,4891310.0,263540.0,77
201800044028,18,6,4,1540,1,1,1,1.0,7.0,77249,M,4875350.0,261487.0,77
201800044029,18,6,4,1940,1,1,1,1.0,4.0,94018,M,4882480.0,239215.0,94
201800044030,18,6,4,2238,3,1,1,1.0,7.0,94073,M,4875333.0,237805.0,94
201800044031,18,6,5,1530,1,1,1,1.0,6.0,75112,M,4882258.0,246306.0,75
201800044032,18,6,5,1525,1,1,1,8.0,2.0,77514,M,4893183.0,262880.0,77
201800044033,18,6,6,713,1,1,1,2.0,3.0,94015,M,4883167.0,253176.0,94
201800044034,18,6,6,650,2,1,1,3.0,6.0,77438,M,4885410.0,266320.0,77
201800044035,18,6,6,845,1,1,1,2.0,6.0,77122,M,4864874.0,260869.0,77
201800044036,18,6,7,700,1,1,1,8.0,2.0,77373,M,4876952.0,261270.0,77
201800044037,18,6,7,1920,5,1,1,1.0,5.0,94058,M,4884103.0,250381.0,94
201800044038,18,6,8,915,1,1,9,1.0,2.0,94046,M,4880630.0,244860.0,94
201800044039,18,6,8,1015,1,1,1,1.0,5.0,77390,M,4880430.0,262781.0,77
201800044040,18,6,8,1200,1,1,1,1.0,2.0,94028,M,4878380.0,244060.0,94
201800044041,18,6,8,1630,1,1,1,1.0,5.0,94017,M,4883009.0,249611.0,94
201800044042,18,6,8,1700,1,1,1,1.0,2.0,94011,M,4875997.0,248616.0,94
201800044043,18,6,8,1830,1,1,1,1.0,2.0,93051,M,4883647.0,255071.0,93
201800044044,18,6,8,1930,1,1,1,1.0,3.0,77294,M,4896121.0,261775.0,77
201800044045,18,6,9,1630,1,1,1,1.0,2.0,77294,M,4896741.0,260394.0,77
201800044046,18,6,9,1905,1,1,1,1.0,3.0,94017,M,4883038.0,249216.0,94
201800044047,18,6,11,139,5,1,1,8.0,2.0,94073,M,4877194.0,239166.0,94
201800044048,18,6,11,155,3,1,9,2.0,6.0,77121,M,4883504.0,266531.0,77
201800044049,18,6,12,530,3,1,1,3.0,6.0,77146,M,4881400.0,262967.0,77
201800044050,18,6,12,1050,1,1,1,1.0,4.0,77258,M,4882983.0,262266.0,77
201800044051,18,6,12,1350,1,1,1,1.0,4.0,77146,M,4883196.0,265108.0,77
201800044052,18,6,12,1730,1,1,1,1.0,2.0,94028,M,4878110.0,244090.0,94
201800044053,18,6,12,2110,1,1,1,1.0,4.0,77146,M,4883223.0,265649.0,77
201800044054,18,6,13,20,5,1,1,1.0,2.0,75112,M,4881821.0,245716.0,75
201800044055,18,6,13,1920,1,1,1,1.0,4.0,94052,M,4883949.0,249122.0,94
201800044056,18,6,14,900,1,1,1,1.0,4.0,94042,M,4882710.0,246810.0,94
201800044057,18,6,14,920,1,1,1,1.0,3.0,94073,M,4877140.0,239210.0,94
201800044058,18,6,14,910,1,1,1,1.0,5.0,77249,M,4875762.0,261558.0,77
201800044059,18,6,14,945,1,1,1,1.0,4.0,77122,M,4864620.0,255684.0,77
201800044060,18,6,14,1815,1,1,1,1.0,4.0,94015,M,4882945.0,252870.0,94
201800044061,18,6,16,800,1,1,1,1.0,6.0,77175,M,4866341.0,261336.0,77
201800044062,18,6,18,1830,1,1,1,1.0,2.0,93051,M,4884875.0,255340.0,93
201800044063,18,6,19,810,1,1,1,1.0,2.0,94028,M,4878060.0,244162.0,94
201800044064,18,6,20,1100,1,1,1,1.0,2.0,77438,M,4886116.0,266709.0,77
201800044065,18,6,20,2008,1,1,1,1.0,7.0,77018,M,4883689.0,281113.0,77
201800044066,18,6,21,1830,1,1,1,1.0,2.0,75112,M,,,75
201800044067,18,6,22,800,1,1,1,1.0,2.0,77121,M,4883216.0,266725.0,77
201800044068,18,6,22,915,1,1,1,1.0,2.0,94052,M,4884675.0,249163.0,94
201800044069,18,6,22,1345,1,1,9,1.0,2.0,77258,M,4883171.0,264566.0,77
201800044070,18,6,22,1420,1,1,9,1.0,2.0,77146,M,4883208.0,265244.0,77
201800044071,18,6,22,1750,1,1,9,1.0,6.0,77146,M,4883174.0,264839.0,77
201800044072,18,6,22,1940,1,1,1,1.0,4.0,77514,M,4894847.0,262890.0,77
201800044073,18,6,23,35,5,1,1,1.0,6.0,94069,M,4848450.0,226030.0,94
201800044074,18,6,23,200,5,1,1,1.0,6.0,75112,M,4882485.0,246363.0,75
201800044075,18,6,23,1100,1,1,1,1.0,4.0,94052,M,4884411.0,249294.0,94
201800044076,18,6,24,535,2,1,1,1.0,6.0,93051,M,4883465.0,258066.0,93
201800044077,18,6,24,1840,1,1,9,1.0,4.0,77121,M,4883207.0,267141.0,77
201800044078,18,6,25,1810,1,1,1,1.0,2.0,94069,M,4881740.0,242090.0,94
201800044079,18,6,27,1300,1,1,1,1.0,3.0,94028,M,4878965.0,244046.0,94
201800044080,18,6,27,1540,1,1,1,1.0,4.0,94022,M,4877650.0,241998.0,94
201800044081,18,6,27,2010,1,1,1,1.0,4.0,77258,M,4883161.0,264459.0,77
201800044082,18,6,28,745,1,1,1,1.0,4.0,94069,M,4880838.0,244905.0,94
201800044083,18,6,28,1222,1,1,9,1.0,2.0,77294,M,4897414.0,257977.0,77
201800044084,18,6,28,2300,3,1,9,1.0,2.0,77169,M,4883152.0,260235.0,77
201800044085,18,6,29,900,1,1,1,1.0,2.0,94033,M,4884466.0,249223.0,94
201800044086,18,6,29,1115,1,1,1,1.0,5.0,94017,M,4882656.0,251731.0,94
201800044087,18,6,30,240,3,1,1,1.0,2.0,77294,M,4896266.0,261434.0,77
201800044088,18,6,30,1010,1,1,1,1.0,2.0,93051,M,4883590.0,255900.0,93
201800044089,18,6,30,1515,1,1,1,1.0,6.0,94065,M,4875098.0,232955.0,94
201800044090,18,6,30,215,4,1,1,1.0,2.0,77058,M,4883061.0,269581.0,77
201800044091,18,7,2,2250,3,1,1,1.0,3.0,94046,M,4882970.0,244075.0,94
201800044092,18,7,3,753,1,1,1,1.0,4.0,94028,M,4879847.0,244505.0,94
201800044093,18,7,2,2010,1,1,1,1.0,6.0,94018,M,4881713.0,242515.0,94
201800044094,18,7,3,1250,1,1,1,1.0,5.0,77373,M,4877538.0,261233.0,77
201800044095,18,7,3,1645,1,1,1,1.0,7.0,77249,M,4873265.0,260983.0,77
201800044096,18,7,4,58,3,1,1,1.0,6.0,77438,M,4885709.0,266499.0,77
201800044097,18,7,4,930,1,1,1,1.0,5.0,77517,M,4890468.0,264402.0,77
201800044098,18,7,4,1000,1,1,1,1.0,3.0,94015,M,4882653.0,225104.0,94
201800044099,18,7,4,1420,1,1,1,1.0,2.0,77122,M,4866073.0,261331.0,77
201800044100,18,7,5,1835,1,1,1,2.0,2.0,77450,M,4871014.0,259909.0,77
201800044101,18,7,6,2015,1,1,1,1.0,4.0,94011,M,4876000.0,248000.0,94
201800044102,18,7,7,555,2,1,1,1.0,4.0,77053,M,4867554.0,261054.0,77
201800044103,18,7,7,805,1,1,1,1.0,2.0,77121,M,4883118.0,268626.0,77
201800044104,18,7,7,830,1,1,1,1.0,6.0,94052,M,4894114.0,249299.0,94
201800044105,18,7,8,130,4,1,1,1.0,2.0,77258,M,4883074.0,263354.0,77
201800044106,18,7,8,1530,1,1,1,1.0,2.0,77294,M,4895913.0,262219.0,77
201800044107,18,7,8,1915,1,1,1,1.0,3.0,77053,M,4868668.0,259707.0,77
201800044108,18,7,8,2345,5,1,1,1.0,7.0,94073,M,4876086.0,238275.0,94
201800044109,18,7,9,745,1,1,1,1.0,4.0,77495,M,4858155.0,263750.0,77
201800044110,18,7,9,1915,1,1,1,1.0,2.0,94046,M,4880128.0,244780.0,94
201800044111,18,7,10,155,3,1,1,1.0,7.0,93051,M,4883625.0,258808.0,93
201800044112,18,7,10,834,1,1,1,1.0,3.0,94052,M,4884574.0,249183.0,94
201800044113,18,7,10,920,1,1,1,1.0,3.0,94046,M,4890700.0,244800.0,94
201800044114,18,7,10,1250,1,1,1,1.0,4.0,94002,M,4875409.0,237207.0,94
201800044115,18,7,10,1445,1,1,1,1.0,2.0,94033,M,4885360.0,248990.0,94
201800044116,18,7,10,1445,1,1,1,1.0,3.0,77517,M,4890557.0,264249.0,77
201800044117,18,7,10,1730,1,1,1,1.0,5.0,94046,M,4880950.0,244900.0,94
201800044118,18,7,10,1938,1,1,1,1.0,6.0,94028,M,4878233.0,244087.0,94
201800044119,18,7,11,113,5,1,1,1.0,2.0,94042,M,4882858.0,247696.0,94
201800044120,18,7,11,1840,1,1,1,1.0,6.0,77175,M,4866335.0,261358.0,77
201800044121,18,7,12,43,3,1,1,1.0,6.0,77384,M,4860829.0,263283.0,77
201800044122,18,7,12,825,1,1,1,1.0,5.0,94065,M,4875349.0,235607.0,94
201800044123,18,7,12,2000,1,1,1,1.0,5.0,94069,M,4881000.0,242000.0,94
201800044124,18,7,13,930,1,1,9,1.0,2.0,94028,M,4879024.0,244068.0,94
201800044125,18,7,13,1815,1,1,1,1.0,2.0,77450,M,4871729.0,259912.0,77
201800044126,18,7,14,715,1,1,1,1.0,6.0,77373,M,4876697.0,261356.0,77
201800044127,18,7,15,1615,1,1,1,1.0,2.0,94022,M,4877105.0,238947.0,94
201800044128,18,7,15,1700,1,1,9,1.0,3.0,77372,M,4887569.0,266898.0,77
201800044129,18,7,16,835,1,1,9,1.0,3.0,77083,M,4883046.0,261047.0,77
201800044130,18,7,16,1620,1,1,1,1.0,2.0,94058,M,4883406.0,249347.0,94
201800044131,18,7,16,2000,1,1,1,1.0,4.0,94069,M,4881742.0,243538.0,94
201800044132,18,7,17,1325,1,1,1,1.0,4.0,94022,M,4877618.0,242186.0,94
201800044133,18,7,17,1405,1,1,9,1.0,2.0,77059,M,4884225.0,266330.0,77
201800044134,18,7,17,1830,1,1,1,1.0,5.0,77373,M,4879905.0,262375.0,77
201800044135,18,7,17,1850,1,1,9,1.0,3.0,77018,M,4884391.0,282696.0,77
201800044136,18,7,18,1038,1,1,1,1.0,3.0,94073,M,4876176.0,238210.0,94
201800044137,18,7,19,640,2,1,1,1.0,3.0,94017,M,4882841.0,250204.0,94
201800044138,18,7,23,925,1,1,9,1.0,5.0,77146,M,4883180.0,264955.0,77
201800044139,18,7,23,1445,1,1,1,1.0,4.0,94017,M,4882890.0,249900.0,94
201800044140,18,7,23,1700,1,1,1,1.0,2.0,77169,M,4880936.0,263011.0,77
201800044141,18,7,23,2345,5,1,1,1.0,2.0,94017,M,4882922.0,249971.0,94
201800044142,18,7,24,900,1,1,1,1.0,6.0,94065,M,4875537.0,234207.0,94
201800044143,18,7,27,815,1,1,1,1.0,2.0,94017,M,4882671.0,251580.0,94
201800044144,18,7,27,1600,1,1,1,1.0,6.0,77514,M,4894614.0,262876.0,77
201800044145,18,7,27,2050,1,1,1,2.0,6.0,94069,M,4881720.0,241700.0,94
201800044146,18,7,28,1500,1,1,1,1.0,2.0,94073,M,4876134.0,238213.0,94
201800044147,18,7,30,1000,1,1,1,1.0,4.0,77373,M,4876500.0,261475.0,77
201800044148,18,7,30,1310,1,1,1,1.0,5.0,75112,M,4883809.0,238382.0,75
201800044149,18,7,30,2050,2,1,1,1.0,6.0,94052,M,4883270.0,249303.0,94
201800044150,18,7,31,900,1,1,1,1.0,3.0,93051,M,4883540.0,256810.0,93
201800044151,18,7,31,940,1,1,1,1.0,2.0,77122,M,4866259.0,261359.0,77
201800044152,18,7,31,1740,1,1,1,1.0,3.0,94069,M,4828065.0,242384.0,94
201800044153,18,6,19,1830,1,1,1,1.0,3.0,77373,M,4878240.0,261611.0,77
201800044154,18,8,1,900,1,1,1,1.0,2.0,77337,M,4882996.0,261628.0,77
201800044155,18,8,2,1220,1,1,1,1.0,4.0,77058,M,4882869.0,272971.0,77
201800044156,18,8,2,1700,1,1,1,1.0,3.0,77175,M,4866253.0,261363.0,77
201800044157,18,8,2,1810,1,1,1,1.0,6.0,77169,M,4880620.0,262932.0,77
201800044158,18,8,3,915,1,1,1,1.0,7.0,77363,M,4891935.0,263179.0,77
201800044159,18,8,3,1050,1,1,1,1.0,3.0,77373,M,4876584.0,261442.0,77
201800044160,18,8,3,2100,1,1,1,1.0,7.0,94044,M,4875876.0,247018.0,94
201800044161,18,8,6,1440,1,1,1,1.0,4.0,94033,M,4885029.0,247529.0,94
201800044162,18,8,6,1830,1,1,1,1.0,4.0,94018,M,4800000.0,241652.0,94
201800044163,18,8,5,2220,3,1,1,1.0,2.0,94018,M,4881776.0,241298.0,94
201800044164,18,8,7,830,1,1,1,1.0,3.0,77294,M,4896981.0,259856.0,77
201800044165,18,8,7,1145,1,1,1,1.0,2.0,93051,M,4883550.0,256760.0,93
201800044166,18,8,8,605,2,1,1,1.0,6.0,94052,M,4853852.0,249405.0,94
201800044167,18,8,9,915,1,1,1,1.0,3.0,77258,M,4882983.0,262262.0,77
201800044168,18,8,10,930,1,1,1,1.0,4.0,77294,M,4896587.0,260756.0,77
201800044169,18,8,10,1645,1,1,1,1.0,4.0,94069,M,4881720.0,242458.0,94
201800044170,18,8,12,1315,1,1,1,1.0,6.0,94069,M,4882079.0,242367.0,94
201800044171,18,8,13,630,1,1,1,1.0,2.0,94015,M,4899827.0,252873.0,94
201800044172,18,8,14,1600,1,1,1,1.0,4.0,77514,M,4894529.0,262870.0,77
201800044173,18,8,14,1845,1,1,1,1.0,4.0,75112,M,4882206.0,246268.0,75
201800044174,18,8,16,515,5,1,1,1.0,4.0,94073,M,4876777.0,237852.0,94
201800044175,18,8,16,1830,1,1,1,1.0,4.0,77058,M,4882896.0,272731.0,77
201800044176,18,8,17,1120,1,1,1,1.0,2.0,94069,M,4881753.0,243503.0,94
201800044177,18,8,18,1445,1,1,1,1.0,6.0,77122,M,4865450.0,261510.0,77
201800044178,18,8,19,1600,1,1,1,1.0,7.0,94022,M,4877343.0,240097.0,94
201800044179,18,8,20,1750,1,1,1,1.0,4.0,94069,M,4881724.0,242980.0,94
201800044180,18,8,21,530,3,1,1,1.0,2.0,94079,M,4883508.0,253799.0,94
201800044181,18,8,21,915,1,1,1,1.0,3.0,77175,M,4866860.0,261233.0,77
201800044182,18,8,23,1730,1,1,1,1.0,2.0,94042,M,4882770.0,247090.0,94
201800044183,18,8,24,1930,1,1,1,1.0,2.0,94018,M,4881770.0,241287.0,94
201800044184,18,8,25,1810,1,1,1,1.0,6.0,77438,M,4886707.0,266852.0,77
201800044185,18,8,26,2130,3,1,1,1.0,2.0,77450,M,4870246.0,259529.0,77
201800044186,18,8,27,1545,1,1,1,1.0,3.0,94018,M,4882586.0,239169.0,94
201800044187,18,8,27,2313,5,1,1,1.0,6.0,75112,M,4849110.0,227370.0,75
201800044188,18,8,28,1250,1,1,1,1.0,2.0,94052,M,4883934.0,249333.0,94
201800044189,18,8,28,1600,1,1,9,1.0,4.0,77294,M,4896767.0,260299.0,77
201800044190,18,8,29,429,5,1,1,3.0,2.0,94065,M,4875388.0,235388.0,94
201800044191,18,8,29,540,4,1,1,3.0,6.0,94017,M,4883053.0,249183.0,94
201800044192,18,8,30,1020,1,1,1,1.0,2.0,94018,M,4881730.0,242220.0,94
201800044193,18,8,30,2340,3,1,1,1.0,5.0,77058,M,4882880.0,273388.0,77
201800044194,18,8,31,1815,1,1,1,1.0,7.0,94018,M,4882287.0,239601.0,94
201800044195,18,9,1,500,3,1,1,1.0,5.0,77181,M,4882927.0,271604.0,77
201800044196,18,9,1,1800,1,1,1,1.0,2.0,94073,M,4875332.0,237494.0,94
201800044197,18,9,1,2114,5,1,1,1.0,4.0,94052,M,4882666.0,246861.0,94
201800044198,18,9,2,410,5,1,1,1.0,3.0,94052,M,4849340.0,229300.0,94
201800044199,18,9,2,1700,1,1,1,1.0,3.0,77450,M,4871895.0,259889.0,77
201800044200,18,9,3,1750,1,1,1,1.0,4.0,94046,M,4879660.0,244340.0,94
201800044201,18,9,4,645,2,1,1,1.0,4.0,93051,M,4850193.0,235229.0,93
201800044202,18,9,4,1835,1,1,1,1.0,2.0,94018,M,4882022.0,241700.0,94
201800044203,18,9,5,1730,1,1,1,1.0,2.0,94017,M,4881309.0,250841.0,94
201800044204,18,9,5,2100,3,1,1,1.0,4.0,94017,M,4882960.0,249900.0,94
201800044205,18,9,6,800,1,1,1,1.0,5.0,77294,M,4896962.0,259852.0,77
201800044206,18,9,6,915,1,1,1,1.0,2.0,94046,M,4880115.0,243255.0,94
201800044207,18,9,7,250,3,1,1,1.0,6.0,77175,M,4864593.0,262294.0,77
201800044208,18,9,7,1650,1,1,1,1.0,4.0,94028,M,4877624.0,243504.0,94
201800044209,18,9,9,650,4,1,1,1.0,2.0,94018,M,4881202.0,241061.0,94
201800044210,18,9,9,1200,1,1,1,1.0,4.0,94052,M,4884718.0,248168.0,94
201800044211,18,9,9,2100,3,1,1,1.0,4.0,94046,M,4880992.0,244915.0,94
201800044212,18,9,10,1600,1,1,9,1.0,2.0,94018,M,4882197.0,241639.0,94
201800044213,18,9,10,2000,1,1,1,1.0,6.0,94017,M,4881297.0,250768.0,94
201800044214,18,9,11,600,3,1,1,1.0,2.0,94028,M,4879061.0,244076.0,94
201800044215,18,9,11,715,1,1,1,1.0,3.0,77175,M,4866421.0,261322.0,77
201800044216,18,9,11,1815,1,1,1,1.0,2.0,94052,M,4882770.0,247120.0,94
201800044217,18,9,11,1930,1,1,1,1.0,5.0,94028,M,4880770.0,244890.0,94
201800044218,18,9,11,2230,3,1,1,1.0,6.0,94046,M,4880450.0,244814.0,94
201800044219,18,9,12,845,1,1,1,1.0,3.0,77363,M,4892736.0,262842.0,77
201800044220,18,9,12,1610,1,1,1,1.0,2.0,94017,M,4882649.0,251604.0,94
201800044221,18,9,13,645,1,1,1,1.0,2.0,94015,M,4883514.0,252315.0,94
201800044222,18,9,13,745,2,1,1,2.0,5.0,77517,M,4890495.0,264297.0,77
201800044223,18,9,13,800,1,1,1,2.0,6.0,77258,M,4883040.0,263038.0,77
201800044224,18,9,13,1000,1,1,1,2.0,4.0,77517,M,4889761.0,265990.0,77
201800044225,18,9,13,1115,1,1,1,2.0,3.0,75112,M,,,75
201800044226,18,9,13,1500,1,1,1,1.0,4.0,77121,M,4883219.0,266661.0,77
201800044227,18,9,14,1100,1,1,1,1.0,6.0,94017,M,4882642.0,251853.0,94
201800044228,18,9,15,415,3,1,1,1.0,2.0,77121,M,4883160.0,267683.0,77
201800044229,18,9,15,745,1,1,1,1.0,2.0,75112,M,,,75
201800044230,18,9,15,720,2,1,1,1.0,3.0,77294,M,4897292.0,257699.0,77
201800044231,18,9,15,1145,1,1,1,1.0,4.0,94052,M,4884596.0,249154.0,94
201800044232,18,9,15,1350,1,1,1,1.0,2.0,77294,M,4896977.0,259866.0,77
201800044233,18,9,16,110,3,1,1,1.0,4.0,77181,M,4882915.0,271770.0,77
201800044234,18,9,16,930,1,1,1,1.0,7.0,77468,M,4883260.0,266197.0,77
201800044235,18,9,16,1035,1,1,1,1.0,7.0,94028,M,4878060.0,244975.0,94
201800044236,18,9,16,1400,1,1,1,1.0,5.0,94073,M,4876214.0,239146.0,94
201800044237,18,9,16,1715,1,1,1,1.0,6.0,94017,M,4881298.0,250768.0,94
201800044238,18,9,17,1215,1,1,1,1.0,2.0,77146,M,4883141.0,264401.0,77
201800044239,18,9,17,2157,3,1,1,1.0,4.0,94052,M,4881678.0,245305.0,94
201800044240,18,9,18,1700,1,1,1,2.0,7.0,77373,M,4877195.0,261171.0,77
201800044241,18,9,18,1715,1,1,1,1.0,3.0,94046,M,4880773.0,244901.0,94
201800044242,18,9,19,310,3,1,1,1.0,6.0,94015,M,4883265.0,253129.0,94
201800044243,18,9,19,1345,1,1,1,1.0,6.0,94017,M,4882831.0,250203.0,94
201800044244,18,9,20,745,1,1,1,1.0,2.0,77146,M,4883236.0,265988.0,77
201800044245,18,9,20,845,1,1,1,1.0,5.0,77058,M,4882980.0,270944.0,77
201800044246,18,9,20,1015,1,1,1,1.0,2.0,94079,M,4883567.0,253923.0,94
201800044247,18,9,20,1100,1,1,1,1.0,2.0,77055,M,4890163.0,265087.0,77
201800044248,18,9,20,1710,1,1,1,1.0,4.0,77121,M,4883752.0,266486.0,77
201800044249,18,9,20,1830,1,1,1,1.0,3.0,93051,M,4884424.0,254682.0,93
201800044250,18,9,21,1850,1,1,1,1.0,3.0,94073,M,4877260.0,239830.0,94
201800044251,18,9,21,2045,3,1,1,1.0,6.0,77294,M,4896110.0,261890.0,77
201800044252,18,9,21,2145,3,1,1,1.0,3.0,75112,M,4882250.0,246250.0,75