Num_Acc,an,mois,jour,hrmn,lum,agg,int,atm,col,com,gps,lat,long,dep
201800044253,18,9,23,215,5,1,1,1.0,6.0,94046,M,4881390.0,244900.0,94
201800044254,18,9,23,1700,1,1,1,1.0,6.0,77169,M,4882320.0,261494.0,77
201800044255,18,9,23,2045,3,1,1,1.0,5.0,94017,M,4282800.0,250410.0,94
201800044256,18,9,24,735,1,1,9,1.0,3.0,94017,M,4881298.0,250768.0,94
201800044257,18,9,24,805,1,1,1,1.0,3.0,94046,M,4880092.0,242602.0,94
201800044258,18,9,24,1500,1,1,1,1.0,3.0,77438,M,4884765.0,266203.0,77
201800044259,18,9,24,1830,1,1,1,1.0,6.0,77121,M,4883144.0,267956.0,77
201800044260,18,9,25,1645,1,1,1,1.0,2.0,94011,M,4875880.0,248343.0,94
201800044261,18,9,25,1715,1,1,1,1.0,2.0,93051,M,4883575.0,256169.0,93
201800044262,18,9,26,830,1,1,1,1.0,4.0,77258,M,4883018.0,262670.0,77
201800044263,18,9,26,1710,1,1,1,1.0,6.0,77249,M,4875958.0,261573.0,77
201800044264,18,9,27,1100,1,1,1,1.0,2.0,94042,M,4882800.0,247337.0,94
201800044265,18,9,27,1725,1,1,1,1.0,6.0,94052,M,4885390.0,249340.0,94
201800044266,18,9,27,1920,1,1,1,1.0,5.0,94022,M,4877666.0,241953.0,94
201800044267,18,9,27,2110,3,1,1,1.0,3.0,77517,M,4889912.0,265652.0,77
201800044268,18,9,30,150,3,1,1,1.0,4.0,77169,M,4881637.0,262206.0,77
201800044269,18,9,30,1300,1,1,1,1.0,2.0,77059,M,4884222.0,266361.0,77
201800044270,18,9,30,2155,5,1,1,1.0,7.0,94052,M,4884541.0,249213.0,94
201800044271,18,9,30,2235,3,1,1,1.0,7.0,93051,M,4883171.0,260058.0,93
201800044272,18,10,1,750,1,1,9,1.0,2.0,77517,M,4890690.0,264011.0,77
201800044273,18,10,1,1700,1,1,1,1.0,7.0,77053,M,4868827.0,259614.0,77
201800044274,18,10,2,640,5,1,1,1.0,4.0,93051,M,4883665.0,254726.0,93
201800044275,18,10,2,725,2,1,1,1.0,3.0,94022,M,4877652.0,241993.0,94
201800044276,18,10,2,1030,1,1,1,1.0,6.0,94073,M,4875998.0,234597.0,94
201800044277,18,10,2,1645,1,1,9,1.0,2.0,77058,M,4883031.0,270083.0,77
201800044278,18,10,3,650,3,1,1,1.0,4.0,94022,M,4877610.0,242394.0,94
201800044279,18,10,3,1755,1,1,9,1.0,6.0,77258,M,4883181.0,264701.0,77
201800044280,18,10,4,900,1,1,9,1.0,4.0,77337,M,4883043.0,261097.0,77
201800044281,18,10,4,1330,1,1,9,1.0,6.0,77249,M,4875310.0,261442.0,77
201800044282,18,10,5,900,1,1,1,1.0,2.0,94017,M,4882870.0,250170.0,94
201800044283,18,10,5,1000,1,1,9,1.0,2.0,77237,M,4883151.0,276860.0,77
201800044284,18,10,5,1740,1,1,1,1.0,3.0,77372,M,4888070.0,266792.0,77
201800044285,18,10,6,1445,1,1,1,1.0,4.0,94022,M,4877654.0,242035.0,94
201800044286,18,10,7,2010,3,1,9,8.0,2.0,77146,M,4883218.0,265390.0,77
201800044287,18,10,8,830,1,1,1,1.0,3.0,94069,M,4881759.0,243694.0,94
201800044288,18,10,8,1925,5,1,1,1.0,6.0,93051,M,4883690.0,254255.0,93
201800044289,18,10,9,835,1,1,1,1.0,2.0,75112,M,4849200.0,226380.0,75
201800044290,18,10,10,1500,1,1,9,1.0,3.0,77514,M,4893537.0,262787.0,77
201800044291,18,10,10,1815,1,1,1,1.0,4.0,94028,M,4878330.0,244020.0,94
201800044292,18,10,11,630,3,1,9,2.0,2.0,77083,M,4883044.0,261055.0,77
201800044293,18,10,11,1000,1,1,1,1.0,3.0,94018,M,,,94
201800044294,18,10,11,1110,1,1,1,1.0,4.0,77363,M,4891880.0,263253.0,77
201800044295,18,10,11,1345,1,1,1,1.0,3.0,94017,M,4882690.0,246740.0,94
201800044296,18,10,11,2040,3,1,9,2.0,3.0,77294,M,4897311.0,259053.0,77
201800044297,18,10,12,5,3,1,9,2.0,5.0,77121,M,4883228.0,266510.0,77
201800044298,18,10,12,840,1,1,9,1.0,3.0,77249,M,4874392.0,261379.0,77
201800044299,18,10,12,2000,3,1,1,1.0,3.0,77249,M,4873293.0,260998.0,77
201800044300,18,10,12,2030,3,1,1,1.0,6.0,77053,M,4870232.0,259516.0,77
201800044301,18,10,12,2105,5,1,1,1.0,4.0,94017,M,4882786.0,250397.0,94
201800044302,18,10,13,130,5,1,1,1.0,6.0,94052,M,4850647.0,229349.0,94
201800044303,18,10,13,414,3,1,9,1.0,6.0,77337,M,4882863.0,261817.0,77
201800044304,18,10,13,1530,1,1,9,1.0,2.0,77146,M,4883153.0,264564.0,77
201800044305,18,10,13,1650,1,1,9,1.0,2.0,77121,M,4883229.0,266601.0,77
201800044306,18,10,13,1750,1,1,1,1.0,3.0,94017,M,4882734.0,252362.0,94
201800044307,18,10,13,2030,5,1,1,1.0,4.0,94018,M,4882467.0,239390.0,94
201800044308,18,10,14,1755,2,1,1,1.0,4.0,94042,M,4882875.0,247737.0,94
201800044309,18,10,14,2009,2,1,1,1.0,2.0,94052,M,4884430.0,249290.0,94
201800044310,18,10,15,550,3,1,1,1.0,4.0,94042,M,4882876.0,247710.0,94
201800044311,18,10,16,735,3,1,9,1.0,4.0,77373,M,4877030.0,261238.0,77
201800044312,18,10,16,800,2,1,1,1.0,5.0,94017,M,4882970.0,248813.0,94
201800044313,18,10,16,1730,1,1,1,1.0,4.0,94058,M,4883980.0,249409.0,94
201800044314,18,10,17,930,1,1,1,1.0,2.0,94028,M,4879380.0,244147.0,94
201800044315,18,10,17,1200,1,1,1,1.0,2.0,94046,M,4881025.0,244912.0,94
201800044316,18,10,17,1740,1,1,1,1.0,2.0,94073,M,4876016.0,238330.0,94
201800044317,18,10,18,1100,1,1,1,1.0,4.0,77169,M,4881536.0,262430.0,77
201800044318,18,10,18,1730,1,1,1,1.0,7.0,77169,M,4881140.0,262951.0,77
201800044319,18,10,18,1745,1,1,1,1.0,7.0,77373,M,4878710.0,261733.0,77
201800044320,18,10,19,1545,1,1,1,1.0,2.0,77373,M,4878634.0,261715.0,77
201800044321,18,10,19,1930,2,1,1,1.0,3.0,94028,M,4879811.0,244447.0,94
201800044322,18,10,19,1930,5,1,1,1.0,3.0,94018,M,4881735.0,242209.0,94
201800044323,18,10,19,2030,5,1,1,1.0,5.0,94069,M,4881762.0,242182.0,94
201800044324,18,10,20,1220,1,1,1,1.0,2.0,94052,M,4883275.0,264276.0,94
201800044325,18,10,21,200,3,1,9,1.0,6.0,77294,M,4896583.0,260765.0,77
201800044326,18,10,21,700,3,1,1,1.0,6.0,94028,M,4877631.0,243295.0,94
201800044327,18,10,22,330,3,1,1,1.0,6.0,94079,M,4883450.0,253710.0,94
201800044328,18,10,23,1230,1,1,1,1.0,2.0,77373,M,4878396.0,261634.0,77
201800044329,18,10,23,1700,1,1,1,1.0,4.0,94052,M,4883820.0,249409.0,94
201800044330,18,10,23,1815,2,1,1,1.0,3.0,77450,M,4870706.0,259846.0,77
201800044331,18,10,23,1930,3,1,1,1.0,2.0,94028,M,4878160.0,244107.0,94
201800044332,18,10,24,750,2,1,1,1.0,2.0,94069,M,4881764.0,243426.0,94
201800044333,18,10,24,1410,1,1,1,1.0,2.0,94028,M,4880356.0,244851.0,94
201800044334,18,10,24,1950,1,1,9,1.0,2.0,77169,M,4883127.0,260374.0,77
201800044335,18,10,24,2000,2,1,1,1.0,2.0,94073,M,4876220.0,238166.0,94
201800044336,18,10,26,2230,5,1,1,1.0,6.0,94018,M,4881919.0,240527.0,94
201800044337,18,10,28,1755,3,1,1,1.0,4.0,77373,M,4879610.0,262160.0,77
201800044338,18,10,29,1725,2,1,1,1.0,2.0,94069,M,4881000.0,245000.0,94
201800044339,18,10,30,1840,3,1,1,1.0,4.0,93051,M,4883640.0,254182.0,93
201800044340,18,10,31,805,1,1,1,1.0,5.0,94017,M,4882000.0,250000.0,94
201800044341,18,10,31,1430,1,1,1,2.0,6.0,77258,M,4883009.0,262549.0,77
201800044342,18,10,31,1930,3,1,1,2.0,4.0,93051,M,4883664.0,254763.0,93
201800044343,18,11,1,1,3,1,1,1.0,6.0,77058,M,4882875.0,273280.0,77
201800044344,18,11,1,1120,1,1,9,1.0,4.0,77438,M,4886109.0,266705.0,77
201800044345,18,11,1,2115,4,1,1,2.0,6.0,94073,M,4876947.0,237973.0,94
201800044346,18,11,2,630,3,1,1,5.0,4.0,75112,M,4882001.0,246083.0,75
201800044347,18,11,2,700,2,1,9,5.0,6.0,77169,M,4881953.0,261623.0,77
201800044348,18,11,2,1215,1,1,1,1.0,4.0,94017,M,4883070.0,250737.0,94
201800044349,18,11,2,1730,2,1,1,1.0,2.0,77294,M,4896176.0,261656.0,77
201800044350,18,11,2,1730,2,1,1,1.0,7.0,94044,M,4875741.0,247637.0,94
201800044351,18,11,4,1230,1,1,1,1.0,7.0,77384,M,4861899.0,263051.0,77
201800044352,18,11,4,1630,1,1,1,1.0,2.0,94065,M,4845410.0,235140.0,94
201800044353,18,11,5,2020,5,1,1,1.0,2.0,75112,M,4881886.0,245784.0,75
201800044354,18,11,6,57,3,1,1,1.0,6.0,77237,M,4882985.0,275174.0,77
201800044355,18,11,6,800,1,1,1,1.0,3.0,94074,M,4876570.0,245810.0,94
201800044356,18,11,6,850,1,1,1,1.0,3.0,77122,M,4864713.0,257043.0,77
201800044357,18,11,6,910,1,1,1,1.0,5.0,94017,M,4882660.0,251720.0,94
201800044358,18,11,6,900,1,1,1,1.0,2.0,94069,M,4881720.0,242370.0,94
201800044359,18,11,6,1200,1,1,1,1.0,2.0,94017,M,4883020.0,249510.0,94
201800044360,18,11,6,1700,3,1,1,1.0,7.0,77514,M,4894621.0,262857.0,77
201800044361,18,11,6,1900,3,1,1,1.0,2.0,94074,M,4876591.0,245720.0,94
201800044362,18,11,7,10,3,1,1,1.0,6.0,94042,M,4882578.0,246289.0,94
201800044363,18,11,8,900,1,1,1,1.0,7.0,75112,M,4881562.0,245081.0,75
201800044364,18,11,8,2300,3,1,9,1.0,2.0,77438,M,4886115.0,266703.0,77
201800044365,18,11,9,1250,1,1,1,1.0,5.0,94052,M,4884152.0,249280.0,94
201800044366,18,11,11,155,3,1,1,2.0,6.0,94073,M,4877194.0,237416.0,94
201800044367,18,11,11,750,2,1,1,2.0,6.0,77337,M,4882809.0,261784.0,77
201800044368,18,11,11,1345,1,1,9,2.0,6.0,77058,M,4883040.0,269932.0,77
201800044369,18,11,11,1430,1,1,1,2.0,7.0,94018,M,4882434.0,239416.0,94
201800044370,18,11,12,315,3,1,1,2.0,6.0,94073,M,4845977.0,222726.0,94
201800044371,18,11,12,530,1,1,1,3.0,6.0,94052,M,4883480.0,249320.0,94
201800044372,18,11,12,640,3,1,1,2.0,1.0,94073,M,4877170.0,239360.0,94
201800044373,18,11,12,800,5,1,1,2.0,2.0,94052,M,4883490.0,249330.0,94
201800044374,18,11,12,945,1,1,1,2.0,4.0,75112,M,4882180.0,246220.0,75
201800044375,18,11,12,1520,1,1,1,1.0,6.0,77337,M,4883007.0,262125.0,77
201800044376,18,11,12,1635,1,1,1,1.0,5.0,77438,M,4885532.0,266381.0,77
201800044377,18,11,13,600,5,1,1,1.0,2.0,94017,M,4882677.0,251448.0,94
201800044378,18,11,13,915,1,1,1,1.0,2.0,94052,M,4884553.0,249187.0,94
201800044379,18,11,13,1130,1,1,1,1.0,2.0,77372,M,4888448.0,266786.0,77
201800044380,18,11,13,1700,1,1,1,1.0,2.0,94081,M,4877406.0,240814.0,94
201800044381,18,11,13,1910,3,1,1,1.0,2.0,94073,M,4875709.0,238384.0,94
201800044382,18,11,14,500,5,1,1,1.0,5.0,94017,M,4882649.0,251480.0,94
201800044383,18,11,14,1145,1,1,1,1.0,6.0,77372,M,4887834.0,266834.0,77
201800044384,18,11,14,1500,1,1,1,1.0,4.0,77517,M,4890833.0,263826.0,77
201800044385,18,11,15,1930,3,1,1,1.0,5.0,94069,M,4881720.0,243000.0,94
201800044386,18,11,16,810,2,1,1,1.0,3.0,94017,M,4882834.0,250450.0,94
201800044387,18,11,16,900,1,1,1,1.0,3.0,94017,M,4883065.0,250752.0,94
201800044388,18,11,17,2220,3,1,1,1.0,6.0,94044,M,4844457.0,227572.0,94
201800044389,18,11,19,1015,1,1,1,1.0,3.0,94022,M,4877555.0,242333.0,94
201800044390,18,11,20,40,4,1,1,2.0,6.0,94017,M,4882816.0,250317.0,94
201800044391,18,11,20,1115,1,1,1,3.0,6.0,77058,M,4882869.0,272971.0,77
201800044392,18,11,21,900,1,1,1,8.0,2.0,77450,M,4870929.0,259894.0,77
201800044393,18,11,21,1345,1,1,1,1.0,4.0,94028,M,4878410.0,244080.0,94
201800044394,18,11,22,1440,1,1,1,2.0,6.0,94044,M,4874960.0,248060.0,94
201800044395,18,11,22,1815,5,1,1,2.0,3.0,94058,M,4883600.0,249420.0,94
201800044396,18,11,23,1020,1,1,1,5.0,4.0,77363,M,4892355.0,262993.0,77
201800044397,18,11,23,1140,1,1,9,2.0,6.0,77121,M,4883199.0,267281.0,77
201800044398,18,11,23,1810,5,1,1,1.0,2.0,94052,M,4883942.0,249331.0,94
201800044399,18,11,23,1800,3,1,1,1.0,2.0,77258,M,4883107.0,263817.0,77
201800044400,18,11,24,1750,3,1,1,1.0,4.0,77372,M,4888899.0,266749.0,77
201800044401,18,11,25,100,3,1,1,2.0,6.0,77517,M,4890666.0,263984.0,77
201800044402,18,11,25,1330,1,1,1,2.0,3.0,94073,M,4876980.0,238069.0,94
201800044403,18,11,25,1400,1,1,9,2.0,6.0,77337,M,4882995.0,261984.0,77
201800044404,18,11,25,1600,1,1,1,2.0,6.0,94073,M,4876920.0,237940.0,94
201800044405,18,11,26,915,1,1,1,2.0,3.0,94073,M,4877058.0,238545.0,94
201800044406,18,11,27,1400,1,1,1,1.0,6.0,94017,M,4882000.0,251000.0,94
201800044407,18,11,27,1735,5,1,1,2.0,2.0,94018,M,4881000.0,241000.0,94
201800044408,18,11,28,1315,1,1,1,1.0,3.0,77237,M,4883129.0,276773.0,77
201800044409,18,11,28,1550,1,1,1,1.0,7.0,77296,M,4864632.0,259481.0,77
201800044410,18,11,28,1800,3,1,1,1.0,2.0,94069,M,4881740.0,242320.0,94
201800044411,18,11,29,945,1,1,1,1.0,4.0,77294,M,4895801.0,262422.0,77
201800044412,18,11,29,1900,5,1,1,1.0,4.0,94018,M,4881919.0,240772.0,94
201800044413,18,11,30,1100,1,1,1,1.0,6.0,94074,M,4876480.0,246460.0,94
201800044414,18,11,30,1525,1,1,9,1.0,2.0,77373,M,4877705.0,261381.0,77
201800044415,18,11,30,1535,1,1,1,1.0,3.0,94073,M,4876024.0,238290.0,94
201800044416,18,11,30,2240,3,1,9,1.0,6.0,77083,M,4883367.0,259205.0,77
201800044417,18,12,1,1130,1,1,1,3.0,6.0,77122,M,4864663.0,258791.0,77
201800044418,18,12,1,1640,2,1,1,2.0,6.0,94028,M,4877060.0,244280.0,94
201800044419,18,12,1,1740,5,1,1,2.0,2.0,94028,M,4879990.0,244600.0,94
201800044420,18,12,1,1905,3,1,1,2.0,4.0,94028,M,4877620.0,242500.0,94
201800044421,18,12,1,2115,3,1,1,3.0,7.0,77372,M,4888816.0,266771.0,77
201800044422,18,12,1,2300,3,1,1,2.0,7.0,77373,M,4876764.0,261321.0,77
201800044423,18,12,2,1030,1,1,9,1.0,7.0,77258,M,4883008.0,262482.0,77
201800044424,18,12,2,1215,1,1,1,1.0,7.0,94028,M,4878900.0,244046.0,94
201800044425,18,12,2,2140,3,1,1,1.0,5.0,77141,M,4884646.0,283099.0,77
201800044426,18,12,2,2300,5,1,9,2.0,6.0,94028,M,4826565.0,254888.0,94
201800044427,18,12,3,830,1,1,1,8.0,4.0,77294,M,4897215.0,259275.0,77
201800044428,18,12,3,910,1,1,1,2.0,6.0,94044,M,4875720.0,247250.0,94
201800044429,18,12,3,920,1,1,1,1.0,6.0,94028,M,4877500.0,244000.0,94
201800044430,18,12,4,755,3,1,1,2.0,2.0,94028,M,4877902.0,244095.0,94
201800044431,18,12,4,1700,2,1,9,1.0,2.0,77495,M,4857187.0,264048.0,77
201800044432,18,12,5,530,3,1,1,1.0,2.0,94022,M,4877400.0,240460.0,94
201800044433,18,12,6,415,5,1,1,2.0,6.0,94046,M,4880762.0,244874.0,94
201800044434,18,12,6,830,1,1,1,1.0,2.0,75112,M,4883000.0,283000.0,75
201800044435,18,12,6,845,1,1,1,2.0,2.0,77438,M,4887485.0,266950.0,77
201800044436,18,12,6,1100,1,1,1,1.0,4.0,77517,M,4890516.0,264296.0,77
201800044437,18,12,7,215,3,1,9,1.0,2.0,77258,M,4883242.0,265529.0,77
201800044438,18,12,7,1537,1,1,1,1.0,5.0,94052,M,4883575.0,249364.0,94
201800044439,18,12,7,1605,1,1,1,2.0,4.0,94017,M,4882653.0,251634.0,94
201800044440,18,12,9,1630,1,1,1,2.0,2.0,94017,M,4882880.0,250100.0,94
201800044441,18,12,9,1830,5,1,9,2.0,6.0,94018,M,4881730.0,241580.0,94
201800044442,18,12,9,1930,5,1,1,1.0,2.0,94069,M,4881760.0,241910.0,94
201800044443,18,12,10,145,3,1,9,2.0,6.0,77373,M,4877399.0,261187.0,77
201800044444,18,12,10,540,3,1,9,2.0,4.0,77337,M,4882981.0,261905.0,77
201800044445,18,12,10,945,1,1,9,3.0,3.0,77337,M,4882598.0,261636.0,77
201800044446,18,12,11,730,2,1,1,1.0,2.0,94073,M,4875320.0,237670.0,94
201800044447,18,12,11,1830,3,1,1,1.0,3.0,93051,M,4883260.0,259522.0,93
201800044448,18,12,12,500,4,1,1,1.0,7.0,77169,M,4882351.0,261549.0,77
201800044449,18,12,12,650,5,1,1,1.0,2.0,94028,M,4877710.0,243930.0,94
201800044450,18,12,12,1405,1,1,1,1.0,4.0,94046,M,4847310.0,226360.0,94
201800044451,18,12,12,1845,3,1,1,1.0,6.0,77337,M,4883015.0,261212.0,77
201800044452,18,12,13,1340,1,1,9,1.0,2.0,77237,M,4883078.0,276102.0,77
201800044453,18,12,13,1410,1,1,1,1.0,6.0,94073,M,4876776.0,237863.0,94
201800044454,18,12,14,1714,5,1,1,1.0,3.0,94028,M,4878771.0,244025.0,94
201800044455,18,12,15,228,5,1,1,1.0,5.0,94052,M,4883145.0,249113.0,94
201800044456,18,12,16,35,5,1,1,3.0,6.0,94073,M,4876517.0,237967.0,94
201800044457,18,12,16,535,4,1,1,2.0,6.0,94073,M,4876856.0,237909.0,94
201800044458,18,12,16,1100,1,1,9,1.0,6.0,77373,M,4877194.0,261166.0,77
201800044459,18,12,17,1400,1,1,9,1.0,4.0,77083,M,4883396.0,258937.0,77
201800044460,18,12,17,1815,5,1,1,1.0,7.0,75112,M,4881714.0,245493.0,75
201800044461,18,12,18,730,1,1,1,1.0,2.0,77175,M,4866774.0,261237.0,77
201800044462,18,12,17,1005,1,1,9,1.0,7.0,77514,M,4894175.0,262828.0,77
201800044463,18,12,19,658,5,1,1,8.0,3.0,94017,M,4882665.0,252225.0,94
201800044464,18,12,19,1100,1,1,1,8.0,6.0,94017,M,4882661.0,252203.0,94
201800044465,18,12,19,1530,1,1,1,1.0,4.0,94052,M,4883391.0,249292.0,94
201800044466,18,12,19,1720,3,1,1,1.0,2.0,94018,M,4882330.0,239550.0,94
201800044467,18,12,20,645,3,1,1,1.0,6.0,77146,M,4881316.0,262839.0,77
201800044468,18,12,20,1800,3,1,1,1.0,2.0,94033,M,4885220.0,249020.0,94
201800044469,18,12,20,1830,4,1,1,1.0,2.0,94046,M,4879087.0,244073.0,94
201800044470,18,12,22,1150,1,1,1,1.0,3.0,94028,M,4879330.0,244000.0,94
201800044471,18,12,22,1800,3,1,1,1.0,7.0,77181,M,4883096.0,268779.0,77
201800044472,18,12,23,150,3,1,9,1.0,6.0,77373,M,4877618.0,261333.0,77
201800044473,18,12,23,1400,1,1,1,2.0,6.0,94073,M,4875590.0,238375.0,94
201800044474,18,12,23,1545,1,1,1,2.0,6.0,77258,M,4882351.0,261548.0,77
201800044475,18,12,23,1900,3,1,1,2.0,6.0,94052,M,4882689.0,246795.0,94
201800044476,18,12,24,350,5,1,1,2.0,6.0,94073,M,4875944.0,238833.0,94
201800044477,18,12,24,820,3,1,9,2.0,3.0,77337,M,4883000.0,261990.0,77
201800044478,18,12,24,1500,1,1,1,1.0,7.0,77121,M,4883404.0,266521.0,77
201800044479,18,12,24,1815,3,1,1,1.0,4.0,77169,M,4881535.0,262433.0,77
201800044480,18,12,25,230,3,1,1,1.0,2.0,94015,M,4883083.0,252527.0,94
201800044481,18,12,26,500,3,1,1,1.0,6.0,77169,M,4882217.0,261523.0,77
201800044482,18,12,28,1400,1,1,1,1.0,6.0,77258,M,4882590.0,261643.0,77
201800044483,18,12,29,1915,3,1,9,1.0,4.0,77373,M,4877052.0,261229.0,77
201800044484,18,12,29,1945,1,1,1,1.0,6.0,94074,M,4876568.0,245759.0,94
201800044485,18,12,30,315,5,1,1,1.0,4.0,94028,M,4877749.0,245126.0,94
201800044486,18,12,31,800,3,1,1,1.0,6.0,94079,M,4883615.0,253994.0,94
201800044487,18,12,31,2030,3,1,1,8.0,2.0,94028,M,4878400.0,244011.0,94
201800044488,18,1,1,530,3,1,1,1.0,6.0,60505,M,4917291.0,260012.0,60
201800044489,18,1,1,540,3,1,1,1.0,2.0,93007,M,4895038.0,244919.0,93
201800044490,18,1,1,1110,1,1,1,3.0,6.0,93005,M,4897387.0,249147.0,93
201800044491,18,1,1,1515,1,1,1,2.0,6.0,95277,M,4897350.0,248590.0,95
201800044492,18,1,3,5,4,1,1,2.0,3.0,93078,M,4897256.0,249311.0,93
201800044493,18,1,2,1745,4,1,1,2.0,4.0,93063,M,4887846.0,244717.0,93
201800044494,18,1,1,1740,3,1,1,2.0,3.0,93027,M,4892584.0,239997.0,93
201800044495,18,1,3,1430,1,1,1,6.0,3.0,93078,M,4896477.0,251925.0,93
201800044496,18,1,3,1140,1,1,1,1.0,2.0,93064,M,4887750.0,247742.0,93
201800044497,18,1,4,915,1,1,1,2.0,7.0,93064,M,4888126.0,247487.0,93
201800044498,18,1,4,1305,1,1,1,2.0,6.0,93027,M,4892629.0,240261.0,93
201800044499,18,12,29,325,3,1,1,1.0,3.0,93007,M,4893410.0,248091.0,93
201800044500,18,1,4,1430,1,1,1,2.0,7.0,92036,M,4893717.0,229598.0,92
201800044501,18,1,4,1740,3,1,1,2.0,6.0,93027,M,4892848.0,241631.0,93
201800044502,18,1,5,850,2,1,1,8.0,4.0,93005,M,4895441.0,247357.0,93
201800044503,18,1,5,2315,3,1,1,1.0,6.0,93053,M,4888640.0,248370.0,93
201800044504,18,1,6,500,3,1,1,1.0,2.0,93064,M,4886510.0,248190.0,93
201800044505,18,1,5,1855,3,1,1,1.0,2.0,93010,M,4889261.0,247270.0,93
201800044506,18,1,6,1830,3,1,1,1.0,4.0,92078,M,4893383.0,232100.0,92
201800044507,18,1,6,2130,3,1,1,1.0,4.0,93005,M,4896373.0,247281.0,93
201800044508,18,1,7,20,3,1,1,2.0,6.0,95277,M,4897290.0,248510.0,95
201800044509,18,1,7,1045,1,1,1,1.0,3.0,95277,M,4897430.0,248480.0,95
201800044510,18,1,7,1230,1,1,1,1.0,6.0,95582,M,4897620.0,224010.0,95
201800044511,18,1,7,1255,1,1,1,1.0,6.0,95277,M,4897360.0,248530.0,95
201800044512,18,1,8,800,4,1,1,1.0,3.0,93066,M,4892200.0,235859.0,93
201800044513,18,1,8,1500,1,1,1,1.0,2.0,93007,M,4891739.0,247838.0,93
201800044514,18,1,9,815,3,1,1,1.0,3.0,93010,M,4890633.0,247211.0,93
201800044515,18,1,9,2230,3,1,1,1.0,4.0,95582,M,4897470.0,224230.0,95
201800044516,18,1,10,945,1,1,1,2.0,7.0,93005,M,4897416.0,248901.0,93
201800044517,18,1,10,1800,3,1,1,1.0,2.0,60612,M,4920286.0,260915.0,60
201800044518,18,1,11,800,2,1,1,1.0,3.0,95018,M,4896070.0,226970.0,95
201800044519,18,1,11,950,1,1,1,1.0,2.0,95582,M,4896470.0,226940.0,95
201800044520,18,1,12,300,3,1,1,1.0,2.0,95582,M,4897470.0,224410.0,95
201800044521,18,1,12,1715,2,1,1,1.0,2.0,95572,M,4903380.0,210410.0,95
201800044522,18,1,12,1730,3,1,1,1.0,4.0,95582,M,4897070.0,224930.0,95
201800044523,18,1,12,1700,2,1,1,1.0,2.0,93066,M,4891032.0,235802.0,93
201800044524,18,1,14,730,3,1,1,1.0,2.0,93007,M,4894369.0,243609.0,93
201800044525,18,1,14,1210,1,1,1,1.0,3.0,95527,M,4899430.0,251520.0,95
201800044526,18,1,13,1815,3,1,1,1.0,4.0,93006,M,4886598.0,241613.0,93
201800044527,18,1,13,2020,3,1,1,1.0,2.0,95365,M,4906330.0,241240.0,95
201800044528,18,1,13,1745,3,1,1,1.0,3.0,93048,M,4887107.0,243333.0,93
201800044529,18,1,15,800,2,1,1,1.0,5.0,93007,M,4892788.0,248154.0,93
201800044530,18,1,15,820,2,1,1,1.0,4.0,95675,M,4905630.0,254910.0,95
201800044531,18,1,15,642,3,1,1,1.0,2.0,93078,M,4897119.0,249831.0,93
201800044532,18,1,15,1335,1,1,1,3.0,6.0,93053,M,4888770.0,247265.0,93
201800044533,18,1,15,1800,3,1,1,2.0,3.0,93063,M,4887461.0,243898.0,93
201800044534,18,1,15,1800,2,1,1,2.0,4.0,93007,M,4893233.0,248069.0,93
201800044535,18,1,15,1815,3,1,1,8.0,5.0,92078,M,4893026.0,232580.0,92
201800044536,18,1,15,1907,3,1,1,2.0,3.0,93010,M,4890260.0,247060.0,93
201800044537,18,1,16,620,3,1,1,2.0,2.0,92036,M,4894415.0,228636.0,92
201800044538,18,1,16,2225,3,1,9,2.0,6.0,93010,M,4891655.0,247831.0,93
201800044539,18,1,17,1550,1,1,1,1.0,2.0,93078,M,4857379.0,228242.0,93
201800044540,18,1,18,1015,1,1,1,2.0,7.0,93005,M,4896113.0,247345.0,93
201800044541,18,1,18,1820,3,1,1,1.0,2.0,95572,M,4904980.0,214210.0,95
201800044542,18,1,19,40,3,1,1,2.0,6.0,95424,M,4898850.0,219910.0,95
201800044543,18,1,19,610,3,1,1,8.0,2.0,95527,M,4898240.0,250237.0,95
201800044544,18,1,19,830,1,1,1,8.0,7.0,95018,M,4894970.0,228020.0,95
201800044545,18,1,19,1215,1,1,1,2.0,2.0,95277,M,4897370.0,248840.0,95
201800044546,18,1,19,1240,1,1,1,1.0,4.0,93005,M,4895443.0,247362.0,93
201800044547,18,1,19,1847,3,1,1,1.0,5.0,93066,M,4892300.0,234503.0,93
201800044548,18,1,19,1440,1,1,1,1.0,4.0,95582,M,4896360.0,226640.0,95
201800044549,18,1,19,2210,3,1,1,1.0,4.0,95277,M,4897030.0,248210.0,95
201800044550,18,1,20,1400,1,1,1,2.0,7.0,93078,M,4896766.0,251077.0,93
201800044551,18,1,20,1315,1,1,1,2.0,2.0,93066,M,4893252.0,237395.0,93
201800044552,18,1,19,1730,1,1,1,2.0,7.0,93063,M,4887849.0,244714.0,93
201800044553,18,1,19,1800,3,1,1,2.0,2.0,93008,M,4890495.0,246481.0,93
201800044554,18,1,21,15,4,1,1,2.0,3.0,93027,M,4892852.0,241387.0,93