Num_Acc,an,mois,jour,hrmn,lum,agg,int,atm,col,com,gps,lat,long,dep
201800044555,18,1,20,1950,3,1,1,1.0,2.0,95268,M,4896070.0,240280.0,95
201800044556,18,1,21,1615,1,1,1,2.0,6.0,95018,M,4895140.0,227990.0,95
201800044557,18,1,21,1940,4,1,1,2.0,2.0,93063,M,4887666.0,244327.0,93
201800044558,18,1,22,650,3,1,1,3.0,5.0,93048,M,4887306.0,243530.0,93
201800044559,18,1,22,700,3,1,1,3.0,4.0,93027,M,4893726.0,241061.0,93
201800044560,18,1,22,815,1,1,1,2.0,4.0,60612,M,4920623.0,261149.0,60
201800044561,18,1,22,1320,1,1,1,2.0,6.0,93027,M,4892787.0,240957.0,93
201800044562,18,1,22,1800,2,1,1,1.0,4.0,95212,M,4902910.0,253830.0,95
201800044563,18,1,22,1820,3,1,1,1.0,2.0,93001,M,4892164.0,237705.0,93
201800044564,18,1,23,455,3,1,1,1.0,2.0,93027,M,4892500.0,239278.0,93
201800044565,18,1,23,1550,1,1,1,1.0,3.0,93078,M,4895972.0,253904.0,93
201800044566,18,1,24,1140,1,1,1,1.0,3.0,93053,M,4889413.0,247168.0,93
201800044567,18,1,25,915,1,1,1,2.0,2.0,93066,M,4892201.0,236540.0,93
201800044568,18,1,25,1915,3,1,1,1.0,7.0,93005,M,4897302.0,248751.0,93
201800044569,18,1,25,1730,1,1,1,2.0,3.0,93005,M,4896018.0,247351.0,93
201800044570,18,1,27,655,2,1,1,5.0,3.0,93066,M,4893171.0,237002.0,93
201800044571,18,1,28,935,1,1,1,1.0,6.0,92036,M,,,92
201800044572,18,1,28,1115,1,1,1,1.0,6.0,93005,M,4897415.0,248892.0,93
201800044573,18,1,28,1145,1,1,1,2.0,6.0,93005,M,4897333.0,249247.0,93
201800044574,18,1,28,1250,1,1,1,1.0,6.0,95582,M,4896110.0,226010.0,95
201800044575,18,1,28,1745,4,1,1,2.0,7.0,95555,M,4896970.0,227530.0,95
201800044576,18,1,29,110,3,1,1,1.0,6.0,95678,M,4907280.0,224070.0,95
201800044577,18,1,28,1716,3,1,1,1.0,2.0,92036,M,4893878.0,230118.0,92
201800044578,18,1,29,800,2,1,1,2.0,2.0,93029,M,4892205.0,242762.0,93
201800044579,18,1,29,900,1,1,1,1.0,2.0,93064,M,4888249.0,247199.0,93
201800044580,18,1,29,1330,1,1,1,1.0,4.0,92078,M,4892807.0,233171.0,92
201800044581,18,1,30,945,1,1,1,1.0,5.0,93064,M,4888393.0,246628.0,93
201800044582,18,1,30,1635,1,1,1,2.0,6.0,95277,M,4897270.0,248490.0,95
201800044583,18,1,31,1120,1,1,1,2.0,2.0,93066,M,4891916.0,235738.0,93
201800044584,18,2,1,950,1,1,1,3.0,5.0,95018,M,4895860.0,227390.0,95
201800044585,18,2,1,1250,1,1,1,1.0,5.0,93064,M,4887842.0,247660.0,93
201800044586,18,2,1,2220,4,1,1,1.0,6.0,93066,M,4893382.0,238399.0,93
201800044587,18,2,2,140,3,1,1,2.0,6.0,92036,M,4893792.0,230037.0,92
201800044588,18,2,2,1655,1,1,1,1.0,3.0,93064,M,4887828.0,247663.0,93
201800044589,18,2,2,2215,3,1,1,1.0,6.0,95394,M,4905230.0,218470.0,95
201800044590,18,2,3,100,3,1,1,1.0,2.0,93006,M,4886681.0,242557.0,93
201800044591,18,2,3,1200,1,1,1,2.0,2.0,93066,M,4891936.0,235754.0,93
201800044592,18,2,3,1545,1,1,1,2.0,3.0,95277,M,4897280.0,248720.0,95
201800044593,18,2,3,1910,3,1,1,2.0,4.0,95582,M,4897580.0,223860.0,95
201800044594,18,2,3,1940,3,1,1,2.0,4.0,95424,M,4898990.0,219730.0,95
201800044595,18,2,4,350,3,1,1,2.0,6.0,92036,M,4893839.0,231331.0,92
201800044596,18,2,4,610,3,1,9,2.0,6.0,92036,M,4893913.0,230285.0,92
201800044597,18,2,4,900,1,1,1,2.0,6.0,93064,M,4887066.0,248246.0,93
201800044598,18,2,4,1115,1,1,1,1.0,6.0,95252,M,4898650.0,221080.0,95
201800044599,18,2,4,1145,1,1,1,1.0,6.0,95572,M,4903280.0,210810.0,95
201800044600,18,2,4,2040,5,1,1,1.0,2.0,93027,M,4892290.0,238064.0,93
201800044601,18,2,5,1700,2,1,1,8.0,5.0,95277,M,4897410.0,249050.0,95
201800044602,18,2,9,2030,3,1,1,8.0,6.0,93064,M,4888820.0,247249.0,93
201800044603,18,2,10,105,4,1,1,4.0,6.0,92078,M,4892906.0,232946.0,92
201800044604,18,2,10,500,4,1,1,9.0,2.0,92078,M,4893040.0,232522.0,92
201800044605,18,2,11,2020,4,1,1,1.0,6.0,95028,M,4906437.0,233180.0,95
201800044606,18,2,13,910,1,1,1,1.0,4.0,95277,M,4897550.0,248320.0,95
201800044607,18,2,13,1000,1,1,1,1.0,4.0,93078,M,4896864.0,250722.0,93
201800044608,18,2,14,2005,3,1,1,2.0,4.0,93007,M,4891981.0,247906.0,93
201800044609,18,2,15,545,4,1,1,2.0,2.0,93005,M,4897377.0,249127.0,93
201800044610,18,2,15,500,4,1,1,2.0,6.0,93005,M,4897426.0,249124.0,93
201800044611,18,2,15,910,1,1,1,2.0,3.0,95028,M,4905990.0,235490.0,95
201800044612,18,2,15,1500,1,1,1,2.0,3.0,95277,M,4897290.0,248510.0,95
201800044613,18,2,15,1930,3,1,1,2.0,5.0,95527,M,4901460.0,253090.0,95
201800044614,18,2,16,200,3,1,1,1.0,2.0,95555,M,4897370.0,227690.0,95
201800044615,18,2,16,1650,1,1,1,1.0,2.0,95572,M,4904110.0,212810.0,95
201800044616,18,2,16,2015,3,1,1,1.0,7.0,95241,M,4904750.0,246030.0,95
201800044617,18,2,17,1745,1,1,1,1.0,7.0,95061,M,4906790.0,225450.0,95
201800044618,18,2,18,215,5,1,1,1.0,5.0,93066,M,4891302.0,235804.0,93
201800044619,18,2,18,805,1,1,1,1.0,6.0,95018,M,4895670.0,227450.0,95
201800044620,18,2,18,720,2,1,1,1.0,3.0,93053,M,4888348.0,245855.0,93
201800044621,18,2,19,1,4,1,1,1.0,5.0,95582,M,4897440.0,224450.0,95
201800044622,18,2,19,1750,1,1,1,2.0,3.0,93010,M,4891629.0,247789.0,93
201800044623,18,2,19,1455,1,1,1,2.0,2.0,95641,M,4906950.0,255250.0,95
201800044624,18,2,19,2130,4,1,1,2.0,3.0,95018,M,4895860.0,227430.0,95
201800044625,18,2,20,820,1,1,1,2.0,2.0,95582,M,4896230.0,226390.0,95
201800044626,18,2,20,1205,1,1,1,8.0,4.0,95277,M,4897790.0,244140.0,95
201800044627,18,2,20,1630,1,1,1,1.0,2.0,93066,M,4892382.0,234262.0,93
201800044628,18,2,22,5,3,1,1,1.0,3.0,95527,M,4898340.0,250130.0,95
201800044629,18,2,21,2000,3,1,1,1.0,2.0,93053,M,4888243.0,245631.0,93
201800044630,18,2,22,1635,1,1,1,1.0,2.0,95018,M,4895970.0,227210.0,95
201800044631,18,2,22,1645,1,1,1,1.0,2.0,95018,M,4895910.0,227320.0,95
201800044632,18,2,22,1915,3,1,1,1.0,3.0,93066,M,4892919.0,235948.0,93
201800044633,18,2,22,1950,3,1,1,1.0,2.0,95252,M,4898340.0,221870.0,95
201800044634,18,2,23,1600,1,1,1,1.0,4.0,95018,M,4895050.0,228020.0,95
201800044635,18,2,23,2015,3,1,1,1.0,6.0,95060,M,4904310.0,218810.0,95
201800044636,18,2,25,50,3,1,1,1.0,2.0,95563,M,4901010.0,223150.0,95
201800044637,18,2,27,720,2,1,1,1.0,4.0,93064,M,4888378.0,246676.0,93
201800044638,18,2,27,1745,1,1,1,1.0,6.0,95365,M,4906480.0,241033.0,95
201800044639,18,2,27,1850,2,1,1,1.0,2.0,93066,M,4891602.0,235781.0,93
201800044640,18,2,28,1500,1,1,1,1.0,2.0,93066,M,4890610.0,235848.0,93
201800044641,18,3,1,115,3,1,1,1.0,6.0,95218,M,4903580.0,209649.0,95
201800044642,18,3,1,120,3,1,1,4.0,6.0,95394,M,4904890.0,218330.0,95
201800044643,18,3,1,510,5,1,1,4.0,6.0,93029,M,4892636.0,242164.0,93
201800044644,18,3,1,830,1,1,1,4.0,6.0,95582,M,4896910.0,225080.0,95
201800044645,18,3,2,1330,1,1,1,2.0,3.0,93005,M,4897239.0,249489.0,93
201800044646,18,3,3,1600,1,1,1,1.0,2.0,93005,M,4893142.0,248115.0,93
201800044647,18,3,2,1945,3,1,1,1.0,5.0,92036,M,4894356.0,228735.0,92
201800044648,18,3,3,1725,1,1,1,2.0,2.0,93006,M,4886998.0,243014.0,93
201800044649,18,3,4,1345,1,1,1,2.0,6.0,93008,M,4891076.0,244201.0,93
201800044650,18,3,4,1740,1,1,1,2.0,3.0,95572,M,4903130.0,212010.0,95
201800044651,18,3,4,1930,3,1,1,1.0,6.0,95277,M,4897280.0,248510.0,95
201800044652,18,3,4,2200,3,1,1,1.0,6.0,93007,M,4894930.0,247330.0,93
201800044653,18,3,4,2130,3,1,1,8.0,5.0,95678,M,4907290.0,224010.0,95
201800044654,18,3,4,2300,3,1,1,1.0,6.0,95277,M,4897370.0,248590.0,95
201800044655,18,3,4,2130,3,1,1,1.0,6.0,95572,M,4903240.0,211050.0,95
201800044656,18,3,5,700,2,1,1,1.0,5.0,93007,M,4895096.0,244993.0,93
201800044657,18,3,5,840,1,1,1,2.0,2.0,95582,M,4896210.0,226330.0,95
201800044658,18,3,5,1600,1,1,1,1.0,4.0,95582,M,4896670.0,225590.0,95
201800044659,18,3,6,1315,1,1,1,1.0,7.0,95042,M,4905810.0,228470.0,95
201800044660,18,3,6,1700,1,1,1,1.0,5.0,93027,M,4893390.0,238537.0,93
201800044661,18,3,6,1945,3,1,1,2.0,7.0,95042,M,4905830.0,230070.0,95
201800044662,18,3,6,2035,3,1,1,1.0,4.0,93005,M,4895359.0,247373.0,93
201800044663,18,3,6,2230,3,1,1,1.0,5.0,95582,M,4896850.0,225160.0,95
201800044664,18,3,7,530,3,1,1,2.0,2.0,93006,M,4886652.0,242455.0,93
201800044665,18,3,7,715,2,1,9,2.0,2.0,92036,M,4893912.0,230293.0,92
201800044666,18,3,7,915,1,1,1,2.0,7.0,93064,M,4886857.0,248210.0,93
201800044667,18,3,7,1630,1,1,1,1.0,6.0,95277,M,4897460.0,249110.0,95
201800044668,18,3,7,1615,1,1,1,2.0,2.0,92078,M,4892816.0,233187.0,92
201800044669,18,3,8,845,1,1,1,1.0,2.0,93013,M,4894028.0,242352.0,93
201800044670,18,3,8,930,1,1,1,1.0,2.0,95212,M,4902950.0,253810.0,95
201800044671,18,3,8,1235,1,1,1,1.0,2.0,93066,M,4890509.0,235838.0,93
201800044672,18,3,9,110,4,1,1,1.0,6.0,93005,M,4897418.0,248910.0,93
201800044673,18,3,9,940,1,1,1,2.0,3.0,93005,M,4894715.0,247574.0,93
201800044674,18,3,8,1945,3,1,1,2.0,4.0,95028,M,4906190.0,234090.0,95
201800044675,18,3,9,1450,1,1,1,1.0,4.0,93066,M,4891211.0,235787.0,93
201800044676,18,3,9,2245,4,1,1,1.0,6.0,95572,M,4903220.0,211310.0,95
201800044677,18,3,11,330,3,1,1,3.0,2.0,93064,M,4888399.0,246627.0,93
201800044678,18,3,11,845,1,1,1,1.0,6.0,95277,M,4897270.0,248490.0,95
201800044679,18,3,11,1310,1,1,1,1.0,2.0,93066,M,4891658.0,235750.0,93
201800044680,18,3,11,1515,1,1,1,1.0,4.0,93010,M,4889165.0,247298.0,93
201800044681,18,3,12,645,3,1,1,1.0,4.0,92078,M,4892960.0,232750.0,92
201800044682,18,3,12,940,1,1,1,1.0,2.0,93066,M,4892395.0,235726.0,93
201800044683,18,3,12,1310,1,1,1,1.0,7.0,95018,M,4895860.0,227390.0,95
201800044684,18,3,13,715,2,1,1,2.0,2.0,95365,M,4906280.0,241330.0,95
201800044685,18,3,13,1735,1,1,1,1.0,2.0,93064,M,4888756.0,247382.0,93
201800044686,18,3,14,1740,1,1,1,1.0,2.0,93066,M,4892567.0,235723.0,93
201800044687,18,3,15,430,3,1,1,2.0,2.0,95252,M,4898720.0,220880.0,95
201800044688,18,3,15,710,2,1,1,2.0,2.0,95277,M,4897180.0,248440.0,95
201800044689,18,3,15,705,2,1,1,2.0,6.0,95018,M,4895140.0,228010.0,95
201800044690,18,3,15,1740,1,1,1,2.0,3.0,93008,M,4890664.0,245735.0,93
201800044691,18,3,15,1815,2,1,1,2.0,3.0,93053,M,4889796.0,246935.0,93
201800044692,18,3,17,135,4,1,1,1.0,6.0,93008,M,4891353.0,243444.0,93
201800044693,18,3,16,1205,1,1,1,1.0,3.0,93007,M,4894533.0,243934.0,93
201800044694,18,3,16,830,1,1,1,8.0,6.0,95061,M,4906590.0,225910.0,95
201800044695,18,3,17,1300,1,1,1,4.0,3.0,95582,M,4896650.0,225590.0,95
201800044696,18,3,17,2350,3,1,1,4.0,6.0,93007,M,4894278.0,243303.0,93
201800044697,18,3,18,100,3,1,1,1.0,6.0,95572,M,4903260.0,211230.0,95
201800044698,18,3,18,940,1,1,1,8.0,6.0,95488,M,4902010.0,213870.0,95
201800044699,18,3,18,1130,1,1,1,1.0,2.0,93064,M,4887671.0,247792.0,93
201800044700,18,3,18,2020,3,1,1,2.0,4.0,92078,M,4892938.0,232819.0,92
201800044701,18,3,18,2215,3,1,1,4.0,5.0,95277,M,4897270.0,248490.0,95
201800044702,18,3,19,700,3,1,1,4.0,6.0,93005,M,4897275.0,249327.0,93
201800044703,18,3,19,730,2,1,1,4.0,6.0,95582,M,4896350.0,226440.0,95
201800044704,18,3,19,1225,1,1,1,1.0,1.0,93066,M,4892250.0,234712.0,93
201800044705,18,3,20,1215,1,1,1,1.0,3.0,95582,M,4896840.0,225130.0,95
201800044706,18,3,20,2330,3,1,1,1.0,2.0,95042,M,4905680.0,228810.0,95
201800044707,18,3,21,750,1,1,1,1.0,4.0,93053,M,4889754.0,246980.0,93
201800044708,18,3,21,2315,3,1,1,1.0,6.0,95277,M,4897620.0,248110.0,95
201800044709,18,3,22,920,1,1,1,1.0,6.0,93053,M,4889525.0,247093.0,93
201800044710,18,3,22,1400,1,1,1,1.0,4.0,93006,M,4886605.0,242186.0,93
201800044711,18,3,22,1630,1,1,1,8.0,2.0,93078,M,4896304.0,254944.0,93
201800044712,18,3,23,140,3,1,1,1.0,7.0,95394,M,4905310.0,216890.0,95
201800044713,18,3,23,1335,1,1,1,2.0,2.0,95018,M,4895610.0,227710.0,95
201800044714,18,3,24,1330,1,1,1,1.0,2.0,93064,M,4888082.0,247523.0,93
201800044715,18,3,24,2130,3,1,1,1.0,5.0,95582,M,4896850.0,225160.0,95
201800044716,18,3,25,1700,1,1,1,1.0,4.0,93010,M,4889347.0,247204.0,93
201800044717,18,3,25,1530,1,1,1,1.0,4.0,93053,M,4888435.0,246967.0,93
201800044718,18,3,20,1705,1,1,1,1.0,2.0,95394,M,4905190.0,215540.0,95
201800044719,18,3,26,1420,1,1,1,1.0,7.0,93048,M,4887063.0,243119.0,93
201800044720,18,3,26,1610,1,1,1,1.0,4.0,93066,M,4891847.0,235761.0,93
201800044721,18,3,26,1545,1,1,1,1.0,2.0,95256,M,4905510.0,220210.0,95
201800044722,18,3,27,1410,1,1,1,2.0,2.0,92036,M,4894182.0,229055.0,92
201800044723,18,3,27,2130,3,1,1,1.0,2.0,93064,M,4888383.0,246680.0,93
201800044724,18,3,28,20,3,1,1,1.0,5.0,95572,M,4903180.0,211590.0,95
201800044725,18,3,28,745,2,1,1,2.0,2.0,93005,M,4893107.0,248073.0,93
201800044726,18,3,28,1340,1,1,1,2.0,3.0,95018,M,4895510.0,227840.0,95
201800044727,18,3,28,1600,1,1,1,2.0,2.0,93010,M,4891142.0,247597.0,93
201800044728,18,3,29,1030,1,1,1,1.0,3.0,95018,M,4895960.0,227190.0,95
201800044729,18,3,30,1550,1,1,1,1.0,5.0,95527,M,4901540.0,253140.0,95
201800044730,18,3,30,1650,1,1,1,1.0,3.0,93066,M,4893168.0,237004.0,93
201800044731,18,3,31,600,1,1,1,2.0,2.0,93078,M,4896353.0,255088.0,93
201800044732,18,3,31,1115,1,1,1,1.0,2.0,93006,M,4886590.0,242089.0,93
201800044733,18,3,31,2145,3,1,1,8.0,6.0,93029,M,4892635.0,242216.0,93
201800044734,18,3,31,2330,4,1,1,1.0,2.0,95572,M,4903610.0,212030.0,95
201800044735,18,4,1,750,2,1,1,1.0,3.0,93053,M,4888724.0,247397.0,93
201800044736,18,4,2,1810,1,1,1,1.0,6.0,93005,M,4895971.0,247348.0,93
201800044737,18,4,2,2330,3,1,1,1.0,5.0,93066,M,4892215.0,236269.0,93
201800044738,18,4,3,755,1,1,1,1.0,3.0,60631,M,4915610.0,259049.0,60
201800044739,18,4,3,1200,1,1,1,2.0,2.0,95306,M,4900680.0,216290.0,95
201800044740,18,4,3,1850,1,1,1,1.0,3.0,93010,M,4890145.0,247028.0,93
201800044741,18,4,4,130,3,1,1,8.0,2.0,95018,M,4895570.0,227810.0,95
201800044742,18,4,5,1740,1,1,1,1.0,3.0,95018,M,4895230.0,227970.0,95
201800044743,18,4,6,445,3,1,1,1.0,6.0,95582,M,4896270.0,226610.0,95
201800044744,18,4,5,930,1,1,1,1.0,7.0,95678,M,4907310.0,223590.0,95
201800044745,18,4,6,850,1,1,1,1.0,3.0,93007,M,4895324.0,245418.0,93
201800044746,18,4,6,1600,1,1,1,1.0,3.0,92078,M,4893058.0,232464.0,92
201800044747,18,4,6,1835,1,1,1,1.0,3.0,93006,M,4886633.0,241353.0,93
201800044748,18,4,7,50,5,1,1,1.0,6.0,95018,M,4895793.0,227240.0,95
201800044749,18,4,7,145,3,1,1,1.0,6.0,95424,M,4899440.0,218390.0,95
201800044750,18,4,7,400,3,1,1,1.0,6.0,95028,M,4906410.0,233410.0,95
201800044751,18,4,9,1145,1,1,9,1.0,6.0,93013,M,4894138.0,242877.0,93
201800044752,18,4,9,1730,1,1,1,2.0,3.0,92036,M,4893810.0,229882.0,92
201800044753,18,4,9,2150,3,1,9,2.0,3.0,93066,M,4892650.0,233744.0,93
201800044754,18,4,10,915,1,1,1,1.0,3.0,95241,M,4904680.0,245640.0,95
201800044755,18,4,10,1540,1,1,1,1.0,2.0,93066,M,4891969.0,235756.0,93
201800044756,18,4,10,1635,1,1,1,1.0,7.0,93078,M,4897177.0,249747.0,93
201800044757,18,4,11,815,1,1,1,1.0,2.0,95582,M,4896390.0,226750.0,95
201800044758,18,4,11,1515,1,1,1,1.0,2.0,93008,M,4890864.0,244949.0,93
201800044759,18,4,11,1600,1,1,1,1.0,4.0,92036,M,4893837.0,230015.0,92
201800044760,18,4,11,2140,3,1,1,1.0,6.0,95127,M,4903860.0,208630.0,95
201800044761,18,4,12,610,3,1,1,1.0,3.0,93064,M,4887213.0,248105.0,93
201800044762,18,4,12,1010,1,1,1,1.0,2.0,93010,M,4889131.0,247294.0,93
201800044763,18,4,12,840,1,1,1,1.0,5.0,93006,M,4886608.0,241618.0,93
201800044764,18,4,12,1220,1,1,1,1.0,7.0,93053,M,4888771.0,247457.0,93
201800044765,18,4,12,1945,1,1,1,9.0,7.0,93010,M,4891098.0,247571.0,93
201800044766,18,4,12,1950,1,1,1,2.0,6.0,95582,M,4896250.0,226450.0,95
201800044767,18,4,13,520,3,1,1,1.0,5.0,93007,M,4894452.0,243836.0,93
201800044768,18,4,13,755,1,1,1,1.0,2.0,93007,M,4894402.0,247754.0,93
201800044769,18,4,13,2130,5,1,1,1.0,2.0,93027,M,4892363.0,238472.0,93
201800044770,18,4,13,2250,3,1,1,1.0,6.0,95256,M,4905510.0,220210.0,95
201800044771,18,4,14,10,5,1,1,1.0,6.0,93008,M,4890967.0,244574.0,93
201800044772,18,4,14,1140,1,1,1,1.0,4.0,93064,M,4888280.0,247257.0,93
201800044773,18,4,14,1135,1,1,1,2.0,6.0,95018,M,4895580.0,227520.0,95
201800044774,18,4,14,1315,1,1,1,1.0,7.0,93027,M,4893435.0,239629.0,93
201800044775,18,4,15,1505,1,1,1,2.0,6.0,95395,M,4906760.0,238510.0,95
201800044776,18,4,15,710,1,1,1,1.0,2.0,93064,M,4887110.0,248226.0,93
201800044777,18,4,16,845,1,1,1,1.0,2.0,93005,M,4894663.0,247633.0,93
201800044778,18,4,16,1130,1,1,1,1.0,3.0,93008,M,4891741.0,242937.0,93
201800044779,18,4,16,1620,1,1,1,1.0,2.0,93027,M,4892786.0,240957.0,93
201800044780,18,4,16,1945,1,1,1,1.0,2.0,92036,M,4894252.0,228976.0,92
201800044781,18,4,16,2015,1,1,1,1.0,3.0,95582,M,4896410.0,226280.0,95
201800044782,18,4,17,1445,1,1,1,1.0,5.0,95277,M,4897560.0,248250.0,95
201800044783,18,4,17,1610,1,1,1,1.0,6.0,95252,M,4898830.0,220410.0,95
201800044784,18,4,17,1845,1,1,1,1.0,6.0,95061,M,4906490.0,226150.0,95
201800044785,18,4,18,1020,1,1,1,1.0,3.0,93001,M,4892115.0,237032.0,93
201800044786,18,4,19,1325,1,1,1,1.0,4.0,93066,M,4891799.0,235741.0,93
201800044787,18,4,19,1525,1,1,1,1.0,5.0,93053,M,4891967.0,247907.0,93
201800044788,18,4,19,1745,1,1,1,1.0,2.0,93007,M,4892002.0,247927.0,93
201800044789,18,4,19,1840,1,1,1,1.0,4.0,95394,M,4905030.0,218430.0,95
201800044790,18,4,19,2135,4,1,1,1.0,6.0,92036,M,4894189.0,229090.0,92
201800044791,18,4,19,2350,3,1,1,1.0,6.0,95488,M,4901520.0,214510.0,95
201800044792,18,4,19,750,1,1,1,1.0,3.0,93005,M,4893126.0,248097.0,93
201800044793,18,4,20,825,1,1,1,1.0,5.0,95018,M,4896240.0,226640.0,95
201800044794,18,4,20,2115,3,1,1,1.0,2.0,93013,M,4894230.0,243210.0,93
201800044795,18,4,20,1730,1,1,1,1.0,2.0,60631,M,4915332.0,258692.0,60
201800044796,18,4,20,1945,1,1,1,1.0,4.0,95604,M,4910780.0,255160.0,95
201800044797,18,4,21,830,1,1,1,1.0,3.0,93078,M,4896460.0,255364.0,93
201800044798,18,4,21,1430,1,1,1,1.0,2.0,93066,M,4893266.0,237448.0,93
201800044799,18,4,21,1510,1,1,1,1.0,4.0,93007,M,4894798.0,244475.0,93
201800044800,18,4,21,1655,1,1,1,1.0,6.0,95252,M,4898540.0,221410.0,95
201800044801,18,4,21,1855,1,1,1,1.0,4.0,93030,M,4893929.0,241849.0,93
201800044802,18,4,22,215,3,1,1,1.0,6.0,95394,M,4905080.0,218160.0,95
201800044803,18,4,22,1430,1,1,1,1.0,2.0,95018,M,4895050.0,227990.0,95
201800044804,18,4,22,1500,1,1,1,1.0,5.0,93053,M,4889260.0,247270.0,93
201800044805,18,4,22,1545,1,1,1,1.0,4.0,93005,M,4895928.0,247343.0,93
201800044806,18,4,23,1435,1,1,1,1.0,2.0,93027,M,4892492.0,239266.0,93
201800044807,18,4,23,1425,1,1,1,1.0,2.0,95572,M,4903290.0,210790.0,95
201800044808,18,4,23,1845,1,1,1,1.0,3.0,93078,M,4897140.0,249735.0,93
201800044809,18,4,23,1805,1,1,1,1.0,4.0,93008,M,4891399.0,243317.0,93
201800044810,18,4,24,1020,1,1,1,1.0,6.0,95572,M,4903340.0,210530.0,95
201800044811,18,4,24,1355,1,1,1,1.0,6.0,93008,M,4891074.0,244204.0,93
201800044812,18,4,24,1730,1,1,1,1.0,4.0,93027,M,4892725.0,240722.0,93
201800044813,18,4,24,2345,3,1,1,1.0,6.0,95582,M,4896850.0,225160.0,95
201800044814,18,4,24,2100,1,1,1,1.0,5.0,93048,M,4886420.0,248223.0,93
201800044815,18,4,25,830,1,1,1,1.0,2.0,92036,M,4894078.0,229300.0,92
201800044816,18,4,25,1140,1,1,1,1.0,2.0,93030,M,4893959.0,242024.0,93
201800044817,18,4,25,1640,1,1,1,1.0,2.0,93005,M,4896058.0,246799.0,93
201800044818,18,4,25,1900,1,1,1,1.0,5.0,93066,M,4893381.0,238399.0,93
201800044819,18,4,25,1830,1,1,1,1.0,2.0,93001,M,4892167.0,237706.0,93
201800044820,18,4,25,2355,3,1,1,1.0,3.0,93048,M,4887363.0,243737.0,93
201800044821,18,4,26,1650,1,1,1,1.0,4.0,93064,M,4888797.0,247434.0,93
201800044822,18,4,26,1740,1,1,1,1.0,3.0,92036,M,4894094.0,229203.0,92
201800044823,18,4,27,835,1,1,1,1.0,4.0,93027,M,4892293.0,238061.0,93
201800044824,18,4,27,940,1,1,1,1.0,3.0,93007,M,4892610.0,248146.0,93
201800044825,18,4,27,1220,1,1,1,1.0,7.0,92078,M,4892732.0,233337.0,92
201800044826,18,4,27,1955,1,1,1,1.0,3.0,93013,M,4893873.0,241714.0,93
201800044827,18,4,28,830,1,1,1,1.0,6.0,95351,M,4902870.0,250310.0,95
201800044828,18,4,29,210,5,1,1,1.0,2.0,93066,M,4891210.0,235780.0,93
201800044829,18,4,29,10,3,1,1,1.0,5.0,95018,M,4896070.0,227010.0,95
201800044830,18,4,29,1020,1,1,1,1.0,7.0,95572,M,4903340.0,211080.0,95
201800044831,18,4,29,1550,1,1,1,1.0,6.0,95277,M,4897290.0,248510.0,95
201800044832,18,4,29,2020,2,1,1,2.0,3.0,95018,M,4895660.0,227480.0,95
201800044833,18,4,30,150,3,1,1,3.0,6.0,93027,M,4892646.0,240330.0,93
201800044834,18,4,29,2230,3,1,1,3.0,6.0,95061,M,4906560.0,226010.0,95
201800044835,18,4,30,130,3,1,1,3.0,2.0,93013,M,4893980.0,243933.0,93
201800044836,18,4,30,315,4,1,1,3.0,6.0,95018,M,4895080.0,228010.0,95
201800044837,18,4,30,600,3,1,1,2.0,6.0,93064,M,4887224.0,248117.0,93
201800044838,18,4,30,605,3,1,1,2.0,6.0,93066,M,4892760.0,235730.0,93
201800044839,18,4,29,2015,2,1,1,2.0,6.0,93053,M,4888337.0,245796.0,93
201800044840,18,4,30,1550,1,1,1,2.0,6.0,95572,M,4903330.0,211030.0,95
201800044841,18,4,30,1830,1,1,1,2.0,6.0,93078,M,4896304.0,252243.0,93
201800044842,18,5,1,645,1,1,1,1.0,6.0,92036,M,4893874.0,229416.0,92
201800044843,18,5,1,705,2,1,1,1.0,3.0,93005,M,4897381.0,248700.0,93
201800044844,18,5,1,1135,1,1,1,1.0,6.0,95582,M,4896240.0,226350.0,95
201800044845,18,5,1,1525,1,1,1,1.0,2.0,93027,M,4893387.0,238946.0,93
201800044846,18,5,2,1155,1,1,1,1.0,6.0,93064,M,4887841.0,247657.0,93
201800044847,18,5,2,1415,1,1,1,1.0,2.0,95607,M,4901260.0,222120.0,95
201800044848,18,5,1,1700,1,1,1,1.0,3.0,95582,M,4897450.0,224280.0,95
201800044849,18,5,2,1750,1,1,1,1.0,2.0,93066,M,4891758.0,235776.0,93
201800044850,18,5,3,1400,1,1,1,1.0,6.0,95582,M,4896780.0,225230.0,95
201800044851,18,5,3,1740,1,1,1,1.0,2.0,93005,M,4896806.0,247794.0,93
201800044852,18,5,3,1635,1,1,1,1.0,5.0,93005,M,4894130.0,247855.0,93
201800044853,18,5,3,1945,1,1,1,1.0,7.0,95582,M,4896490.0,226150.0,95
201800044854,18,5,4,1620,1,1,1,1.0,3.0,93066,M,4891481.0,235765.0,93
201800044855,18,5,4,1745,1,1,1,1.0,3.0,93001,M,4892132.0,237560.0,93
201800044856,18,5,5,1635,1,1,1,1.0,3.0,93027,M,4892511.0,239253.0,93
201800044857,18,5,6,230,3,1,1,1.0,6.0,95500,M,4904170.0,208029.0,95
201800044858,18,5,6,1200,1,1,1,1.0,7.0,93005,M,4896248.0,247096.0,93
201800044859,18,5,7,135,3,1,1,1.0,6.0,95218,M,4903510.0,209850.0,95
201800044860,18,5,7,1130,1,1,1,1.0,3.0,93053,M,4889550.0,247100.0,93