Num_Acc,an,mois,jour,hrmn,lum,agg,int,atm,col,com,gps,lat,long,dep
201800044861,18,5,7,1650,1,1,1,1.0,3.0,93007,M,4895508.0,245813.0,93
201800044862,18,5,7,1710,1,1,1,1.0,3.0,95252,M,4897780.0,223210.0,95
201800044863,18,5,9,130,3,1,1,1.0,5.0,95641,M,4907770.0,255160.0,95
201800044864,18,5,9,855,1,1,1,1.0,3.0,95018,M,4895320.0,227910.0,95
201800044865,18,5,10,1335,1,1,1,1.0,5.0,93066,M,4891854.0,235765.0,93
201800044866,18,5,10,1725,1,1,1,1.0,6.0,95028,M,4906040.0,235610.0,95
201800044867,18,5,10,2015,1,1,1,1.0,5.0,95154,M,4903690.0,254130.0,95
201800044868,18,5,11,845,1,1,1,1.0,3.0,95572,M,4903710.0,212210.0,95
201800044869,18,5,11,1400,1,1,1,1.0,2.0,93064,M,4888000.0,247582.0,93
201800044870,18,5,12,630,2,1,1,1.0,6.0,95277,M,4897440.0,248930.0,95
201800044871,18,5,12,720,1,1,1,1.0,6.0,95042,M,4906190.0,232050.0,95
201800044872,18,5,12,1800,1,1,1,3.0,5.0,93064,M,4887035.0,248236.0,93
201800044873,18,5,12,2030,1,1,1,2.0,2.0,95277,M,4897250.0,248480.0,95
201800044874,18,5,14,940,1,1,1,1.0,2.0,93066,M,4891211.0,235811.0,93
201800044875,18,5,14,950,1,1,1,2.0,4.0,93053,M,4889212.0,247281.0,93
201800044876,18,5,13,1821,1,1,1,1.0,4.0,93007,M,4894625.0,244160.0,93
201800044877,18,5,14,1940,1,1,1,2.0,2.0,95582,M,4896850.0,225160.0,95
201800044878,18,5,14,1420,1,1,1,1.0,2.0,95088,M,4897520.0,242650.0,95
201800044879,18,5,15,1300,1,1,1,1.0,6.0,95252,M,4898110.0,222420.0,95
201800044880,18,5,15,1930,1,1,1,1.0,3.0,93063,M,4887401.0,243759.0,93
201800044881,18,5,9,1735,1,1,1,1.0,4.0,93010,M,4890549.0,247810.0,93
201800044882,18,5,16,725,1,1,1,1.0,2.0,93078,M,4896770.0,251061.0,93
201800044883,18,5,16,1930,1,1,1,1.0,3.0,93078,M,4895835.0,252809.0,93
201800044884,18,5,17,810,1,1,1,1.0,3.0,93064,M,4888550.0,247233.0,93
201800044885,18,5,17,845,1,1,1,1.0,2.0,93007,M,4892598.0,248149.0,93
201800044886,18,5,17,730,1,1,1,1.0,5.0,95365,M,4906480.0,240890.0,95
201800044887,18,5,17,1015,1,1,1,1.0,5.0,95582,M,4897080.0,224920.0,95
201800044888,18,5,17,1415,1,1,1,1.0,4.0,93007,M,4894817.0,244497.0,93
201800044889,18,5,17,1840,1,1,1,1.0,6.0,95527,M,4898780.0,250780.0,95
201800044890,18,5,17,1615,1,1,1,1.0,4.0,93064,M,4886771.0,248173.0,93
201800044891,18,5,18,1230,1,1,1,1.0,2.0,93006,M,4886586.0,241675.0,93
201800044892,18,5,18,1230,1,1,1,1.0,2.0,95277,M,4896980.0,248240.0,95
201800044893,18,5,18,1715,1,1,1,1.0,3.0,95572,M,4904280.0,212880.0,95
201800044894,18,5,18,1410,1,1,1,1.0,4.0,95277,M,4897780.0,244890.0,95
201800044895,18,5,18,1935,1,1,1,1.0,4.0,93030,M,4893978.0,242095.0,93
201800044896,18,5,18,2125,1,1,1,1.0,3.0,93066,M,4892188.0,236684.0,93
201800044897,18,5,19,1415,1,1,1,1.0,3.0,93078,M,4896745.0,251061.0,93
201800044898,18,5,19,1630,1,1,1,1.0,4.0,95018,M,4895960.0,227180.0,95
201800044899,18,5,21,1750,1,1,1,1.0,2.0,93007,M,4894788.0,244418.0,93
201800044900,18,5,22,2030,1,1,1,1.0,6.0,93027,M,4892864.0,241536.0,93
201800044901,18,5,22,2138,2,1,1,1.0,2.0,92078,M,4893096.0,232284.0,92
201800044902,18,5,22,2135,3,1,1,2.0,3.0,93027,M,4892523.0,239370.0,93
201800044903,18,5,22,1930,1,1,1,2.0,3.0,93064,M,4887918.0,247632.0,93
201800044904,18,5,23,1600,1,1,1,1.0,2.0,93027,M,4893405.0,239222.0,93
201800044905,18,5,24,635,2,1,1,1.0,2.0,93066,M,4891948.0,235736.0,93
201800044906,18,5,24,930,1,1,1,1.0,7.0,93066,M,4892228.0,235447.0,93
201800044907,18,5,25,800,1,1,1,1.0,4.0,95018,M,4896160.0,226160.0,95
201800044908,18,5,25,830,1,1,1,1.0,2.0,93029,M,4891915.0,242853.0,93
201800044909,18,5,25,1140,1,1,1,1.0,7.0,95555,M,4897610.0,228020.0,95
201800044910,18,5,25,1405,1,1,1,1.0,4.0,93007,M,4894402.0,247754.0,93
201800044911,18,5,25,1645,1,1,1,3.0,2.0,93066,M,4893388.0,238206.0,93
201800044912,18,5,25,1545,1,1,1,1.0,3.0,60505,M,4917312.0,260034.0,60
201800044913,18,5,25,1620,1,1,1,1.0,3.0,95500,M,4904250.0,207890.0,95
201800044914,18,5,25,2130,3,1,1,3.0,2.0,92078,M,4892955.0,232845.0,92
201800044915,18,5,26,505,3,1,1,3.0,7.0,92078,M,4892958.0,232847.0,92
201800044916,18,5,26,1840,1,1,1,1.0,2.0,93027,M,4892788.0,240958.0,93
201800044917,18,5,4,750,1,1,1,1.0,2.0,95582,M,4897510.0,224250.0,95
201800044918,18,5,27,1515,1,1,1,1.0,6.0,95060,M,4904150.0,218930.0,95
201800044919,18,5,28,1115,1,1,1,1.0,3.0,95394,M,4905020.0,218140.0,95
201800044920,18,5,29,105,4,1,1,8.0,4.0,93064,M,4888741.0,247427.0,93
201800044921,18,5,29,1450,1,1,1,1.0,2.0,93078,M,4896114.0,254329.0,93
201800044922,18,5,29,1555,1,1,1,1.0,3.0,93053,M,4888211.0,245557.0,93
201800044923,18,5,29,1440,1,1,1,1.0,6.0,95154,M,4904450.0,254480.0,95
201800044924,18,5,29,2010,1,1,1,1.0,4.0,93066,M,4891034.0,235794.0,93
201800044925,18,5,29,2240,5,1,1,3.0,6.0,93008,M,4891614.0,242974.0,93
201800044926,18,5,30,225,3,1,1,2.0,2.0,95527,M,4898710.0,250510.0,95
201800044927,18,5,30,215,3,1,1,2.0,6.0,95572,M,4903320.0,211150.0,95
201800044928,18,5,31,815,1,1,1,1.0,2.0,95351,M,4903540.0,248720.0,95
201800044929,18,5,31,915,1,1,1,1.0,2.0,93048,M,4887115.0,243236.0,93
201800044930,18,5,31,950,1,1,1,1.0,3.0,93010,M,4888893.0,247375.0,93
201800044931,18,5,31,1345,1,1,1,1.0,2.0,95042,M,4905890.0,228360.0,95
201800044932,18,6,1,530,2,1,1,1.0,1.0,95028,M,4906170.0,234370.0,95
201800044933,18,6,1,945,1,1,1,1.0,2.0,95424,M,4899180.0,218970.0,95
201800044934,18,6,1,1600,1,1,1,1.0,3.0,93005,M,4894216.0,247815.0,93
201800044935,18,6,1,1750,1,1,1,2.0,3.0,93064,M,4887111.0,248225.0,93
201800044936,18,6,1,2015,1,1,1,1.0,5.0,92036,M,4894086.0,229277.0,92
201800044937,18,6,1,2200,3,1,1,3.0,6.0,92036,M,4894364.0,228775.0,92
201800044938,18,6,2,800,1,1,1,1.0,3.0,93053,M,4889233.0,247280.0,93
201800044939,18,6,2,545,2,1,1,1.0,2.0,95607,M,4903830.0,219270.0,95
201800044940,18,6,2,1040,1,1,1,1.0,3.0,93066,M,4890206.0,235817.0,93
201800044941,18,6,3,2150,1,1,1,1.0,6.0,92036,M,4893916.0,230189.0,92
201800044942,18,6,4,145,3,1,1,1.0,2.0,93053,M,4889460.0,247129.0,93
201800044943,18,6,3,1750,1,1,1,1.0,4.0,95582,M,4896560.0,225830.0,95
201800044944,18,6,4,855,1,1,1,1.0,2.0,93078,M,4896805.0,250961.0,93
201800044945,18,6,4,1400,1,1,1,1.0,4.0,93066,M,4891476.0,235766.0,93
201800044946,18,6,4,1735,1,1,1,1.0,3.0,93066,M,4892933.0,236176.0,93
201800044947,18,6,5,1820,1,1,1,1.0,2.0,93066,M,4891211.0,235812.0,93
201800044948,18,6,5,1925,1,1,9,1.0,5.0,93066,M,4891300.0,235775.0,93
201800044949,18,6,6,950,1,1,1,2.0,3.0,95582,M,4897350.0,224590.0,95
201800044950,18,6,6,905,1,1,1,2.0,2.0,95572,M,4904840.0,213410.0,95
201800044951,18,6,6,1130,1,1,1,2.0,2.0,95018,M,4895480.0,227820.0,95
201800044952,18,6,6,1445,1,1,1,1.0,2.0,93064,M,4888670.0,247784.0,93
201800044953,18,6,6,2030,1,1,1,2.0,5.0,93064,M,4888595.0,247295.0,93
201800044954,18,6,6,2245,3,1,1,2.0,6.0,92036,M,4893746.0,231706.0,92
201800044955,18,6,7,100,3,1,1,2.0,2.0,92078,M,4892851.0,233136.0,92
201800044956,18,6,7,740,1,1,1,1.0,2.0,93066,M,4892308.0,235691.0,93
201800044957,18,6,7,1015,1,1,1,1.0,3.0,95018,M,4896240.0,226640.0,95
201800044958,18,6,7,1050,1,1,1,1.0,2.0,95604,M,4909750.0,254990.0,95
201800044959,18,6,6,1900,1,1,1,8.0,3.0,95582,M,4897270.0,224750.0,95
201800044960,18,6,7,1730,1,1,1,1.0,6.0,93066,M,4891485.0,235792.0,93
201800044961,18,6,8,1530,1,1,1,1.0,2.0,93066,M,4893343.0,237788.0,93
201800044962,18,6,8,2210,3,1,1,1.0,2.0,93048,M,4886552.0,248163.0,93
201800044963,18,6,9,615,2,1,1,1.0,2.0,93053,M,4889246.0,247269.0,93
201800044964,18,6,9,2330,4,1,1,3.0,6.0,93053,M,4888805.0,247442.0,93
201800044965,18,6,9,2300,3,1,1,1.0,5.0,93010,M,4890061.0,246964.0,93
201800044966,18,6,10,905,1,1,1,1.0,6.0,95394,M,4905080.0,218670.0,95
201800044967,18,6,10,1650,1,1,1,1.0,7.0,95241,M,4905350.0,242620.0,95
201800044968,18,6,10,315,4,1,1,1.0,2.0,93053,M,4889885.0,246930.0,93
201800044969,18,6,11,2245,3,1,1,3.0,7.0,93053,M,4888325.0,245808.0,93
201800044970,18,6,12,815,1,1,1,3.0,6.0,95678,M,4907310.0,222990.0,95
201800044971,18,6,12,915,1,1,1,3.0,3.0,95018,M,4895140.0,227990.0,95
201800044972,18,6,12,1120,1,1,1,2.0,2.0,93005,M,4896344.0,247178.0,93
201800044973,18,6,12,1740,1,1,1,1.0,3.0,95218,M,4903580.0,209649.0,95
201800044974,18,6,13,1420,1,1,1,1.0,5.0,93063,M,4887565.0,244077.0,93
201800044975,18,6,13,1815,1,1,1,1.0,2.0,95527,M,4898280.0,250370.0,95
201800044976,18,6,14,820,1,1,1,1.0,3.0,93007,M,4892526.0,248118.0,93
201800044977,18,6,14,1000,1,1,1,1.0,3.0,92036,M,4893821.0,231340.0,92
201800044978,18,6,14,940,1,1,1,1.0,3.0,95582,M,4897510.0,224250.0,95
201800044979,18,6,14,1600,1,1,1,1.0,6.0,60494,M,4912599.0,255712.0,60
201800044980,18,6,14,1900,1,1,1,1.0,2.0,93048,M,4887139.0,243230.0,93
201800044981,18,6,14,820,1,1,1,1.0,3.0,95555,M,4897040.0,227530.0,95
201800044982,18,6,15,934,1,1,1,1.0,5.0,92078,M,4892876.0,233089.0,92
201800044983,18,6,15,1730,1,1,1,1.0,3.0,93001,M,4891171.0,236653.0,93
201800044984,18,6,15,2020,2,1,1,1.0,5.0,93048,M,4886594.0,248149.0,93
201800044985,18,6,16,40,3,1,1,1.0,3.0,95252,M,4898370.0,221810.0,95
201800044986,18,6,16,2020,1,1,1,1.0,6.0,95580,M,4908750.0,255090.0,95
201800044987,18,6,17,740,1,1,1,1.0,6.0,93010,M,4890416.0,247222.0,93
201800044988,18,6,17,1530,1,1,1,1.0,4.0,93064,M,4887919.0,247634.0,93
201800044989,18,6,18,845,1,1,1,1.0,4.0,93008,M,4891189.0,243923.0,93
201800044990,18,6,18,1745,1,1,1,1.0,5.0,95678,M,4907310.0,223130.0,95
201800044991,18,6,19,909,1,1,1,1.0,2.0,95582,M,4896520.0,227060.0,95
201800044992,18,6,19,1115,1,1,1,1.0,5.0,93005,M,4895088.0,247454.0,93
201800044993,18,6,19,1245,1,1,1,1.0,5.0,93053,M,4888238.0,245572.0,93
201800044994,18,6,19,2100,1,1,1,1.0,6.0,92078,M,4892998.0,232645.0,92
201800044995,18,6,19,1650,1,1,1,1.0,4.0,95042,M,4906320.0,232970.0,95
201800044996,18,6,20,1000,1,1,1,1.0,2.0,95277,M,4896990.0,248190.0,95
201800044997,18,6,20,820,1,1,1,1.0,6.0,95582,M,4896410.0,226330.0,95
201800044998,18,6,20,2325,3,1,1,1.0,6.0,92036,M,4892900.0,233040.0,92
201800044999,18,6,21,830,1,1,1,1.0,6.0,93066,M,4893351.0,237971.0,93
201800045000,18,6,20,750,1,1,1,1.0,3.0,93001,M,4892105.0,237168.0,93
201800045001,18,6,21,1350,1,1,1,1.0,2.0,77282,M,4902259.0,253505.0,77
201800045002,18,6,21,1730,1,1,1,1.0,5.0,93006,M,4886624.0,242336.0,93
201800045003,18,6,21,2005,1,1,1,1.0,2.0,93027,M,4893783.0,238865.0,93
201800045004,18,6,22,2230,4,1,1,1.0,5.0,93066,M,4892213.0,236112.0,93
201800045005,18,6,23,5,3,1,1,1.0,3.0,95572,M,4903380.0,211140.0,95
201800045006,18,6,23,1015,1,1,1,1.0,2.0,95252,M,4898480.0,221530.0,95
201800045007,18,6,24,1450,1,1,1,1.0,4.0,93064,M,4888907.0,247394.0,93
201800045008,18,6,24,2310,3,1,1,1.0,6.0,93053,M,4888867.0,247255.0,93
201800045009,18,6,25,800,1,1,1,1.0,2.0,95154,M,4903540.0,254080.0,95
201800045010,18,6,26,725,1,1,1,1.0,2.0,95252,M,4898760.0,220660.0,95
201800045011,18,6,26,845,1,1,1,1.0,4.0,93013,M,4894042.0,242283.0,93
201800045012,18,6,26,815,1,1,1,1.0,4.0,93063,M,4887856.0,244648.0,93
201800045013,18,6,26,930,1,1,1,1.0,3.0,93053,M,4888403.0,246458.0,93
201800045014,18,6,27,135,3,1,1,1.0,5.0,95488,M,4902110.0,213670.0,95
201800045015,18,6,27,800,1,1,1,1.0,5.0,93007,M,4894924.0,244700.0,93
201800045016,18,6,27,824,1,1,1,1.0,3.0,95582,M,4897560.0,224060.0,95
201800045017,18,6,27,800,1,1,1,1.0,5.0,93066,M,4892295.0,234505.0,93
201800045018,18,6,27,915,1,1,1,1.0,4.0,95277,M,4897810.0,245510.0,95
201800045019,18,6,27,1930,1,1,1,1.0,3.0,93066,M,4892381.0,234285.0,93
201800045020,18,6,27,2000,1,1,1,1.0,6.0,93027,M,4892467.0,238981.0,93
201800045021,18,6,28,205,3,1,1,1.0,6.0,93005,M,4896087.0,247276.0,93
201800045022,18,6,27,1845,1,1,1,1.0,4.0,95572,M,4903290.0,210830.0,95
201800045023,18,6,28,650,1,1,1,1.0,6.0,93053,M,4888835.0,247234.0,93
201800045024,18,6,29,35,3,1,1,1.0,6.0,95394,M,4905310.0,217290.0,95
201800045025,18,6,29,1100,1,1,1,1.0,5.0,93064,M,4888187.0,247292.0,93
201800045026,18,6,29,1500,1,1,1,1.0,3.0,95582,M,4896610.0,225710.0,95
201800045027,18,6,29,1700,1,1,1,1.0,2.0,93066,M,4891936.0,235757.0,93
201800045028,18,6,30,100,3,1,1,1.0,3.0,95252,M,4898380.0,221790.0,95
201800045029,18,6,30,1215,1,1,1,1.0,2.0,93063,M,4887421.0,243819.0,93
201800045030,18,6,30,1610,1,1,1,1.0,2.0,93066,M,4892232.0,235857.0,93
201800045031,18,6,30,1845,1,1,1,1.0,3.0,95582,M,4897310.0,224630.0,95
201800045032,18,7,1,630,1,1,1,1.0,6.0,95394,M,4905080.0,218160.0,95
201800045033,18,7,1,2200,2,1,1,1.0,6.0,93029,M,4892041.0,242783.0,93
201800045034,18,7,2,1100,1,1,1,1.0,2.0,93013,M,4893872.0,241631.0,93
201800045035,18,7,2,1540,1,1,1,1.0,3.0,93066,M,4892552.0,233990.0,93
201800045036,18,7,3,800,1,1,1,1.0,4.0,95018,M,4896160.0,226150.0,95
201800045037,18,7,3,840,1,1,9,1.0,2.0,93008,M,4991048.0,244382.0,93
201800045038,18,7,3,650,1,1,1,1.0,3.0,93078,M,4897236.0,249501.0,93
201800045039,18,7,3,930,1,1,1,1.0,2.0,95028,M,4906450.0,236980.0,95
201800045040,18,7,3,1040,1,1,1,1.0,2.0,95028,M,4906340.0,236580.0,95
201800045041,18,7,3,1945,1,1,1,1.0,2.0,93066,M,4892141.0,235737.0,93
201800045042,18,7,3,2010,1,1,1,1.0,3.0,93053,M,4889373.0,247231.0,93
201800045043,18,7,4,1620,1,1,1,1.0,2.0,93007,M,4894695.0,244317.0,93
201800045044,18,7,4,1925,1,1,1,1.0,2.0,92036,M,4893396.0,232093.0,92
201800045045,18,7,5,920,1,1,1,1.0,2.0,95527,M,4898690.0,250490.0,95
201800045046,18,7,5,1700,1,1,1,1.0,5.0,93064,M,4887758.0,247711.0,93
201800045047,18,7,5,2015,1,1,1,1.0,2.0,95563,M,4900850.0,223850.0,95
201800045048,18,7,6,900,1,1,1,1.0,2.0,60631,M,4915678.0,259136.0,60
201800045049,18,7,6,1335,1,1,1,1.0,6.0,95527,M,4899340.0,251580.0,95
201800045050,18,7,6,2230,3,1,1,1.0,4.0,93053,M,4889331.0,247225.0,93
201800045051,18,7,7,20,3,1,1,1.0,4.0,93053,M,4890215.0,246797.0,93
201800045052,18,7,7,130,3,1,1,1.0,2.0,93048,M,4887264.0,243460.0,93
201800045053,18,7,7,520,2,1,1,1.0,2.0,95306,M,4900440.0,216690.0,95
201800045054,18,7,7,1145,1,1,1,1.0,2.0,93066,M,4890699.0,235825.0,93
201800045055,18,7,7,1230,1,1,1,1.0,4.0,93027,M,4892451.0,238999.0,93
201800045056,18,7,6,1905,1,1,1,1.0,2.0,93006,M,4886596.0,241611.0,93
201800045057,18,7,7,2120,2,1,1,1.0,6.0,95675,M,4905460.0,254870.0,95
201800045058,18,7,8,235,3,1,1,1.0,7.0,60505,M,4917138.0,259972.0,60
201800045059,18,7,8,1210,1,1,1,1.0,3.0,93005,M,4895995.0,246694.0,93
201800045060,18,7,8,1515,1,1,1,1.0,3.0,93064,M,4888009.0,247550.0,93
201800045061,18,7,8,2145,1,1,1,1.0,2.0,95563,M,4901140.0,222490.0,95
201800045062,18,7,7,1630,1,1,1,1.0,3.0,93048,M,4887365.0,243705.0,93
201800045063,18,7,9,1400,1,1,1,1.0,2.0,93007,M,4895041.0,244890.0,93
201800045064,18,7,9,1815,1,1,1,1.0,6.0,95060,M,4904180.0,218890.0,95
201800045065,18,7,10,550,2,1,1,1.0,6.0,92036,M,4894815.0,228109.0,92
201800045066,18,7,10,1400,1,1,1,1.0,6.0,95018,M,4896260.0,226830.0,95
201800045067,18,6,28,830,1,1,1,1.0,2.0,95277,M,4897810.0,245850.0,95
201800045068,18,7,11,750,1,1,1,1.0,2.0,93007,M,4892400.0,248076.0,93
201800045069,18,7,12,830,1,1,1,1.0,6.0,95582,M,4898060.0,224080.0,95
201800045070,18,7,12,1215,1,1,1,1.0,6.0,95424,M,4899370.0,218550.0,95
201800045071,18,7,12,1555,1,1,1,1.0,2.0,93039,M,4892712.0,233468.0,93
201800045072,18,7,12,1745,1,1,1,1.0,2.0,93005,M,4896859.0,248050.0,93
201800045073,18,7,13,220,3,1,1,1.0,2.0,92078,M,4893183.0,232206.0,92
201800045074,18,7,13,1825,1,1,1,1.0,2.0,95500,M,4904130.0,208090.0,95
201800045075,18,7,14,1410,1,1,1,1.0,7.0,92036,M,4893722.0,229424.0,92
201800045076,18,7,15,1850,1,1,1,1.0,6.0,93053,M,4888839.0,247239.0,93
201800045077,18,7,15,2130,1,1,1,1.0,6.0,95277,M,4897630.0,249130.0,95
201800045078,18,7,16,200,3,1,1,1.0,2.0,95252,M,4898340.0,221870.0,95
201800045079,18,7,15,2340,4,1,1,1.0,3.0,93048,M,4886940.0,242984.0,93
201800045080,18,7,5,720,1,1,1,1.0,2.0,95582,M,4896220.0,226390.0,95
201800045081,18,7,16,620,1,1,1,1.0,3.0,95582,M,4896520.0,225960.0,95
201800045082,18,7,16,1545,1,1,1,1.0,4.0,93078,M,4896836.0,250831.0,93
201800045083,18,7,17,1635,1,1,1,1.0,6.0,95582,M,4898190.0,224120.0,95
201800045084,18,7,17,1810,1,1,1,1.0,7.0,95018,M,4895560.0,227760.0,95
201800045085,18,7,17,1930,1,1,1,1.0,7.0,93010,M,4890461.0,247113.0,93
201800045086,18,6,27,245,3,1,1,1.0,7.0,93066,M,4892427.0,235710.0,93
201800045087,18,7,18,1050,1,1,1,1.0,2.0,93006,M,4886691.0,242529.0,93
201800045088,18,7,19,1435,1,1,1,1.0,5.0,93005,M,4896804.0,247784.0,93
201800045089,18,7,20,846,1,1,1,2.0,3.0,95277,M,4895580.0,245910.0,95
201800045090,18,7,20,945,1,1,1,1.0,3.0,95018,M,4895860.0,227390.0,95
201800045091,18,7,20,1600,1,1,1,1.0,3.0,93066,M,4892298.0,234393.0,93
201800045092,18,7,20,1430,1,1,1,1.0,2.0,92036,M,4893750.0,229577.0,92
201800045093,18,7,20,1630,1,1,1,2.0,2.0,95018,M,4896060.0,227030.0,95
201800045094,18,7,20,2015,1,1,1,2.0,6.0,95277,M,4897390.0,248620.0,95
201800045095,18,7,21,500,3,1,1,1.0,5.0,93027,M,4893283.0,240321.0,93
201800045096,18,7,21,700,1,1,1,1.0,2.0,95018,M,4895140.0,227970.0,95
201800045097,18,7,22,235,4,1,1,1.0,3.0,93064,M,4887341.0,247975.0,93
201800045098,18,7,23,1830,1,1,1,1.0,5.0,93010,M,4891141.0,247594.0,93
201800045099,18,7,24,1220,1,1,1,1.0,2.0,93007,M,4894359.0,243607.0,93
201800045100,18,7,24,2230,3,1,1,1.0,6.0,95394,M,4904840.0,218330.0,95
201800045101,18,7,25,30,4,1,1,1.0,6.0,95582,M,4897480.0,224380.0,95
201800045102,18,7,25,845,1,1,1,1.0,2.0,93013,M,4894079.0,242620.0,93
201800045103,18,7,27,605,2,1,1,1.0,6.0,95018,M,4896130.0,226910.0,95
201800045104,18,7,26,1800,1,1,1,1.0,4.0,95607,M,4901510.0,221690.0,95
201800045105,18,7,27,1530,1,1,1,1.0,7.0,93066,M,4892809.0,235796.0,93
201800045106,18,7,28,615,2,1,1,1.0,6.0,93066,M,4891781.0,235736.0,93
201800045107,18,7,28,1850,1,1,1,1.0,2.0,95256,M,4904740.0,218390.0,95
201800045108,18,7,29,130,3,1,1,1.0,2.0,95582,M,4897260.0,224750.0,95
201800045109,18,7,30,700,1,1,1,1.0,3.0,95018,M,4896160.0,226810.0,95
201800045110,18,7,30,855,1,1,1,1.0,6.0,92036,M,4893713.0,229560.0,92
201800045111,18,7,30,1720,1,1,1,1.0,3.0,92036,M,4893464.0,232042.0,92
201800045112,18,7,31,800,1,1,1,1.0,7.0,95572,M,4903090.0,212120.0,95
201800045113,18,7,31,845,1,1,1,1.0,4.0,95018,M,4896210.0,226320.0,95
201800045114,18,7,31,1700,1,1,1,1.0,2.0,95582,M,4896990.0,224990.0,95
201800045115,18,8,1,945,1,1,1,1.0,3.0,95018,M,4895790.0,227510.0,95
201800045116,18,8,1,1905,1,1,1,1.0,3.0,93005,M,4895251.0,247387.0,93
201800045117,18,8,2,100,3,1,1,1.0,2.0,93063,M,4887944.0,244944.0,93
201800045118,18,8,2,1005,1,1,1,1.0,2.0,93053,M,4888349.0,245858.0,93
201800045119,18,8,3,645,2,1,1,1.0,5.0,93005,M,4895833.0,246355.0,93
201800045120,18,8,4,1110,1,1,1,1.0,4.0,93007,M,4893667.0,248044.0,93
201800045121,18,8,4,1240,1,1,1,1.0,2.0,95394,M,4904750.0,218390.0,95
201800045122,18,8,4,1820,1,1,1,1.0,2.0,93007,M,4894297.0,247777.0,93
201800045123,18,8,4,435,3,1,1,1.0,5.0,95306,M,4899960.0,217510.0,95
201800045124,18,8,4,2310,3,1,1,1.0,2.0,95018,M,4895280.0,227930.0,95
201800045125,18,8,5,1520,1,1,1,1.0,6.0,95277,M,4897790.0,246250.0,95
201800045126,18,8,6,1300,1,1,1,1.0,6.0,95306,M,4900050.0,217380.0,95
201800045127,18,8,6,1600,1,1,1,1.0,7.0,93007,M,4895314.0,245434.0,93
201800045128,18,8,6,1920,1,1,1,1.0,4.0,93066,M,4891482.0,235794.0,93
201800045129,18,8,7,1330,1,1,1,1.0,3.0,93053,M,4889779.0,246951.0,93
201800045130,18,8,7,1855,1,1,1,1.0,7.0,93064,M,4888534.0,247245.0,93
201800045131,18,8,7,2120,1,1,1,1.0,1.0,93027,M,4892689.0,240409.0,93
201800045132,18,8,8,1830,1,1,1,1.0,4.0,93005,M,4897213.0,249485.0,93
201800045133,18,8,10,1110,1,1,1,1.0,2.0,93066,M,4890700.0,235825.0,93
201800045134,18,8,10,2140,3,1,1,1.0,2.0,60505,M,4916880.0,259929.0,60
201800045135,18,8,12,425,3,1,1,1.0,6.0,95176,M,4898910.0,220150.0,95
201800045136,18,8,14,600,3,1,1,1.0,6.0,95212,M,4902899.0,253236.0,95
201800045137,18,8,14,1415,1,1,1,1.0,2.0,95394,M,4905230.0,217980.0,95
201800045138,18,8,15,40,4,1,1,1.0,4.0,93053,M,4889440.0,247150.0,93
201800045139,18,8,15,640,2,1,1,1.0,6.0,93005,M,4895679.0,247355.0,93
201800045140,18,8,15,800,1,1,1,1.0,6.0,95678,M,4906830.0,225210.0,95
201800045141,18,8,15,2330,5,1,1,1.0,2.0,93066,M,4892286.0,235728.0,93
201800045142,18,8,16,1545,1,1,1,1.0,2.0,95678,M,4907110.0,222240.0,95
201800045143,18,8,16,1700,1,1,1,1.0,7.0,95394,M,4905140.0,218510.0,95
201800045144,18,8,19,935,1,1,1,1.0,5.0,93010,M,4888893.0,247376.0,93
201800045145,18,8,20,1640,1,1,1,1.0,2.0,93005,M,4895786.0,247341.0,93
201800045146,18,8,20,2200,3,1,1,1.0,2.0,95572,M,4903190.0,211320.0,95
201800045147,18,8,21,340,3,1,1,1.0,6.0,93066,M,4892904.0,235569.0,93
201800045148,18,8,21,1500,1,1,1,1.0,5.0,95582,M,4897330.0,224680.0,95
201800045149,18,8,21,1800,1,1,1,1.0,2.0,95306,M,4900730.0,216230.0,95
201800045150,18,8,22,2020,1,1,1,1.0,2.0,93027,M,4893448.0,239765.0,93
201800045151,18,8,23,1230,1,1,1,1.0,2.0,93053,M,4888418.0,246181.0,93
201800045152,18,8,24,1250,1,1,1,1.0,6.0,93006,M,4886507.0,241645.0,93
201800045153,18,8,24,1600,1,1,1,1.0,4.0,93048,M,4886995.0,243083.0,93
201800045154,18,8,26,30,5,1,1,1.0,5.0,93066,M,4892386.0,235718.0,93
201800045155,18,8,26,2140,3,1,1,1.0,2.0,95582,M,4897410.0,224390.0,95
201800045156,18,8,27,1710,1,1,1,1.0,7.0,93063,M,4887992.0,245050.0,93
201800045157,18,8,27,1800,1,1,1,1.0,2.0,93066,M,4892586.0,233839.0,93
201800045158,18,8,27,1852,1,1,1,1.0,2.0,93066,M,4890879.0,235845.0,93
201800045159,18,8,28,305,3,1,1,1.0,7.0,93063,M,4887948.0,244951.0,93
201800045160,18,8,28,955,1,1,1,1.0,2.0,93053,M,4888319.0,245746.0,93
201800045161,18,8,29,1030,1,1,1,2.0,6.0,95394,M,4905210.0,218340.0,95
201800045162,18,8,29,1210,1,1,1,1.0,2.0,95018,M,4896070.0,226960.0,95
201800045163,18,8,29,1420,1,1,1,2.0,6.0,95018,M,4896140.0,226080.0,95
201800045164,18,8,30,2325,5,1,1,1.0,2.0,93008,M,4890725.0,245457.0,93
201800045165,18,8,31,1410,1,1,1,1.0,3.0,95127,M,4904138.0,208040.0,95
201800045166,18,9,1,635,2,1,1,1.0,3.0,95580,M,4909550.0,255030.0,95