Num_Acc,an,mois,jour,hrmn,lum,agg,int,atm,col,com,gps,lat,long,dep
201800045167,18,9,1,1500,1,1,1,1.0,2.0,93006,M,4886610.0,241530.0,93
201800045168,18,9,1,1930,1,1,1,1.0,2.0,95252,M,4897850.0,223010.0,95
201800045169,18,9,3,230,3,1,1,1.0,3.0,95572,M,4903180.0,211610.0,95
201800045170,18,9,3,2230,3,1,1,1.0,6.0,60631,M,4915033.0,258303.0,60
201800045171,18,9,4,1500,1,1,1,1.0,6.0,93027,M,4892648.0,240172.0,93
201800045172,18,9,4,1840,1,1,1,1.0,3.0,93027,M,4893446.0,239765.0,93
201800045173,18,9,4,1420,1,1,1,1.0,2.0,93063,M,4887625.0,244195.0,93
201800045174,18,9,4,1735,1,1,1,1.0,5.0,93008,M,4890695.0,245582.0,93
201800045175,18,9,6,900,1,1,1,1.0,2.0,95219,M,4899270.0,224550.0,95
201800045176,18,9,6,1005,1,1,1,2.0,3.0,95491,M,4899810.0,224640.0,95
201800045177,18,9,6,1745,1,1,1,1.0,3.0,93039,M,4892619.0,233748.0,93
201800045178,18,9,7,1315,1,1,1,1.0,5.0,93013,M,4894024.0,242277.0,93
201800045179,18,9,7,1430,1,1,1,1.0,5.0,95678,M,4906430.0,221410.0,95
201800045180,18,9,7,1615,1,1,1,1.0,4.0,93013,M,4894024.0,242354.0,93
201800045181,18,9,8,117,4,1,1,1.0,2.0,95527,M,4899870.0,252010.0,95
201800045182,18,9,8,1350,1,1,1,1.0,3.0,92036,M,4893860.0,230939.0,92
201800045183,18,9,8,1355,1,1,1,1.0,2.0,95306,M,4900020.0,217430.0,95
201800045184,18,9,9,330,3,1,1,1.0,2.0,93006,M,4886390.0,241434.0,93
201800045185,18,9,9,1740,1,1,1,1.0,4.0,93066,M,4890941.0,235805.0,93
201800045186,18,9,9,2345,3,1,1,1.0,2.0,60612,M,4918502.0,260530.0,60
201800045187,18,9,10,845,1,1,1,1.0,5.0,95678,M,4907310.0,223500.0,95
201800045188,18,9,10,830,1,1,1,1.0,6.0,93006,M,4886390.0,241437.0,93
201800045189,18,9,10,1710,1,1,1,1.0,2.0,93008,M,4890664.0,245717.0,93
201800045190,18,9,11,1230,1,1,1,1.0,2.0,95604,M,4909660.0,255010.0,95
201800045191,18,9,11,1330,1,1,1,1.0,3.0,93039,M,4892785.0,233262.0,93
201800045192,18,9,11,1700,1,1,1,1.0,5.0,95394,M,4906710.0,221690.0,95
201800045193,18,9,12,1900,1,1,1,1.0,7.0,93066,M,4892183.0,236546.0,93
201800045194,18,9,13,745,1,1,1,2.0,6.0,93064,M,4887917.0,247635.0,93
201800045195,18,9,14,1135,1,1,1,1.0,5.0,93066,M,4892631.0,233801.0,93
201800045196,18,9,14,1700,1,1,1,1.0,2.0,93039,M,4892683.0,233612.0,93
201800045197,18,9,14,2240,5,1,1,1.0,3.0,93066,M,4890879.0,235841.0,93
201800045198,18,9,15,1320,1,1,1,1.0,3.0,95582,M,4896660.0,225620.0,95
201800045199,18,9,15,1545,1,1,1,1.0,2.0,93030,M,4893966.0,245032.0,93
201800045200,18,9,15,2120,3,1,1,1.0,2.0,92078,M,4892745.0,233354.0,92
201800045201,18,9,16,2250,3,1,1,1.0,3.0,95028,M,4906380.0,236730.0,95
201800045202,18,9,16,2315,5,1,1,1.0,2.0,93066,M,4892798.0,235750.0,93
201800045203,18,9,17,1215,1,1,1,1.0,7.0,93010,M,4888936.0,247382.0,93
201800045204,18,9,17,1040,1,1,1,1.0,2.0,93048,M,4886375.0,248247.0,93
201800045205,18,9,17,1650,1,1,1,1.0,2.0,95678,M,4906180.0,221250.0,95
201800045206,18,9,17,1600,1,1,1,1.0,4.0,93066,M,4891890.0,235763.0,93
201800045207,18,9,18,830,1,1,1,1.0,2.0,95252,M,4898060.0,222470.0,95
201800045208,18,9,18,1905,1,1,1,1.0,7.0,93048,M,4886289.0,248283.0,93
201800045209,18,9,19,710,2,1,1,1.0,3.0,93064,M,4886125.0,248381.0,93
201800045210,18,9,19,1405,1,1,1,1.0,5.0,93027,M,4892490.0,239116.0,93
201800045211,18,9,19,1620,1,1,1,1.0,2.0,93066,M,4891030.0,235794.0,93
201800045212,18,9,19,1815,1,1,1,1.0,2.0,93013,M,4894024.0,242350.0,93
201800045213,18,9,19,1550,1,1,1,1.0,3.0,92078,M,4893114.0,232353.0,92
201800045214,18,9,19,2355,3,1,1,1.0,2.0,93027,M,4892452.0,238999.0,93
201800045215,18,9,20,435,3,1,1,1.0,6.0,95582,M,4898320.0,224140.0,95
201800045216,18,9,20,840,1,1,1,1.0,3.0,93066,M,4893067.0,236618.0,93
201800045217,18,9,17,2012,2,1,1,1.0,3.0,93007,M,4894316.0,247791.0,93
201800045218,18,9,20,1830,1,1,1,1.0,4.0,95572,M,4904840.0,213450.0,95
201800045219,18,9,20,2355,3,1,1,1.0,6.0,95488,M,4902050.0,213780.0,95
201800045220,18,9,21,540,4,1,1,2.0,5.0,95678,M,4907250.0,222610.0,95
201800045221,18,9,21,645,3,1,1,2.0,7.0,93007,M,4892333.0,248049.0,93
201800045222,18,9,21,830,1,1,1,3.0,4.0,92078,M,4893112.0,232351.0,92
201800045223,18,9,21,800,1,1,1,2.0,2.0,92078,M,4893116.0,232354.0,92
201800045224,18,9,21,900,1,1,1,2.0,3.0,93066,M,4892257.0,235459.0,93
201800045225,18,9,21,1635,1,1,1,1.0,3.0,93005,M,4896017.0,247352.0,93
201800045226,18,9,21,1800,1,1,1,1.0,3.0,93007,M,4892244.0,248011.0,93
201800045227,18,9,21,1800,1,1,1,1.0,2.0,93027,M,4892386.0,238601.0,93
201800045228,18,9,22,10,3,1,1,1.0,6.0,95572,M,4903020.0,212390.0,95
201800045229,18,9,22,420,3,1,1,1.0,2.0,60612,M,4918767.0,260459.0,60
201800045230,18,9,22,1330,1,1,1,8.0,6.0,95256,M,4904620.0,218540.0,95
201800045231,18,9,22,1612,1,1,1,2.0,2.0,95306,M,4900150.0,217220.0,95
201800045232,18,9,22,1600,1,1,1,2.0,5.0,93007,M,4895260.0,245332.0,93
201800045233,18,9,22,1928,2,1,1,2.0,2.0,95018,M,4895560.0,227760.0,95
201800045234,18,9,23,200,3,1,1,1.0,6.0,95678,M,4907170.0,222360.0,95
201800045235,18,9,23,1600,1,1,1,2.0,6.0,95394,M,4905230.0,218460.0,95
201800045236,18,9,23,1515,1,1,1,2.0,5.0,93064,M,4887121.0,248194.0,93
201800045237,18,9,23,1740,1,1,1,2.0,5.0,93027,M,4892870.0,241480.0,93
201800045238,18,9,23,1725,1,1,1,2.0,4.0,93064,M,4887111.0,248223.0,93
201800045239,18,9,22,1700,1,1,1,1.0,6.0,60421,M,4917561.0,260195.0,60
201800045240,18,9,24,850,1,1,1,1.0,2.0,95678,M,4907310.0,223470.0,95
201800045241,18,9,25,130,5,1,1,1.0,2.0,93066,M,4892796.0,235750.0,93
201800045242,18,9,25,600,3,1,1,1.0,2.0,93048,M,4886671.0,248165.0,93
201800045243,18,9,25,915,1,1,1,7.0,4.0,95018,M,4896030.0,227080.0,95
201800045244,18,9,25,1400,1,1,1,1.0,6.0,95572,M,4903370.0,211120.0,95
201800045245,18,9,25,1730,1,1,1,1.0,6.0,93053,M,4889752.0,246980.0,93
201800045246,18,9,26,1050,1,1,1,1.0,3.0,93039,M,4892730.0,233340.0,93
201800045247,18,9,26,1645,1,1,1,1.0,4.0,95306,M,4900680.0,216310.0,95
201800045248,18,9,26,1800,1,1,1,1.0,2.0,95582,M,4896410.0,226340.0,95
201800045249,18,9,28,900,1,1,1,1.0,3.0,95582,M,4897220.0,224780.0,95
201800045250,18,9,28,905,1,1,1,1.0,2.0,93027,M,4892533.0,239382.0,93
201800045251,18,9,29,1845,1,1,1,1.0,3.0,93053,M,4889456.0,247170.0,93
201800045252,18,9,30,815,2,1,1,1.0,6.0,60631,M,4914563.0,257752.0,60
201800045253,18,9,30,1350,1,1,1,1.0,6.0,95252,M,4898830.0,220410.0,95
201800045254,18,9,30,1350,1,1,1,1.0,2.0,93010,M,4889112.0,247332.0,93
201800045255,18,9,30,2150,3,1,1,1.0,2.0,93013,M,4893876.0,241629.0,93
201800045256,18,9,30,2140,3,1,1,1.0,3.0,93053,M,4889709.0,246961.0,93
201800045257,18,10,1,800,2,1,1,1.0,3.0,93053,M,4889884.0,246931.0,93
201800045258,18,10,1,950,1,1,1,1.0,4.0,95351,M,4903840.0,248430.0,95
201800045259,18,10,1,855,1,1,1,1.0,3.0,95252,M,4898080.0,222420.0,95
201800045260,18,10,1,1620,1,1,1,1.0,3.0,95277,M,4898130.0,250010.0,95
201800045261,18,10,1,1820,1,1,1,1.0,7.0,95277,M,4897740.0,246170.0,95
201800045262,18,10,2,940,1,1,1,1.0,3.0,93066,M,4893039.0,236595.0,93
201800045263,18,10,2,1720,1,1,1,1.0,2.0,93001,M,4892130.0,237441.0,93
201800045264,18,10,3,310,3,1,1,1.0,2.0,93053,M,4889245.0,247277.0,93
201800045265,18,10,2,1220,1,1,1,1.0,3.0,95018,M,4896240.0,226640.0,95
201800045266,18,10,3,735,3,1,1,1.0,5.0,95582,M,4896730.0,225350.0,95
201800045267,18,10,3,1100,1,1,1,1.0,5.0,93066,M,4892280.0,234917.0,93
201800045268,18,10,4,800,1,1,1,1.0,5.0,95018,M,4896020.0,227070.0,95
201800045269,18,10,4,935,1,1,1,1.0,3.0,95555,M,4897030.0,227530.0,95
201800045270,18,10,4,1705,1,1,1,1.0,4.0,93006,M,4886626.0,242275.0,93
201800045271,18,10,4,2328,3,1,1,1.0,6.0,93078,M,4896425.0,255257.0,93
201800045272,18,10,4,2320,3,1,1,1.0,2.0,95394,M,4905220.0,215810.0,95
201800045273,18,10,5,805,1,1,1,1.0,2.0,95582,M,4896410.0,226770.0,95
201800045274,18,10,5,915,1,1,1,1.0,4.0,93053,M,4889491.0,247108.0,93
201800045275,18,10,5,1025,1,1,1,1.0,3.0,93066,M,4892526.0,235683.0,93
201800045276,18,10,5,1830,2,1,1,1.0,6.0,93007,M,4895156.0,245103.0,93
201800045277,18,10,5,1900,1,1,1,1.0,2.0,95218,M,4903610.0,209520.0,95
201800045278,18,10,5,2030,3,1,1,1.0,4.0,95018,M,4895910.0,227290.0,95
201800045279,18,10,6,110,3,1,1,1.0,4.0,95018,M,4896060.0,226980.0,95
201800045280,18,10,5,2030,5,1,1,1.0,4.0,93066,M,4891757.0,235771.0,93
201800045281,18,10,6,1145,1,1,1,1.0,2.0,95527,M,4902250.0,253470.0,95
201800045282,18,10,6,1215,1,1,1,1.0,4.0,95582,M,4896990.0,224990.0,95
201800045283,18,10,6,1430,1,1,1,1.0,3.0,93006,M,4886876.0,242842.0,93
201800045284,18,10,6,2120,3,1,1,1.0,2.0,95582,M,4896930.0,225040.0,95
201800045285,18,10,7,530,3,1,1,2.0,6.0,95582,M,4897220.0,224790.0,95
201800045286,18,10,7,745,2,1,1,1.0,7.0,92078,M,4892940.0,232901.0,92
201800045287,18,10,7,700,3,1,1,2.0,6.0,92078,M,4892920.0,232966.0,92
201800045288,18,10,7,1000,1,1,1,2.0,6.0,95018,M,4895550.0,227750.0,95
201800045289,18,10,6,1115,1,1,1,1.0,5.0,95028,M,4906280.0,233580.0,95
201800045290,18,10,7,1050,1,1,1,2.0,6.0,92036,M,4893837.0,230013.0,92
201800045291,18,10,7,1250,1,1,1,2.0,6.0,93027,M,4892852.0,241359.0,93
201800045292,18,10,7,1320,1,1,9,8.0,6.0,92036,M,4893705.0,229493.0,92
201800045293,18,10,7,1345,1,1,1,2.0,6.0,95394,M,4905010.0,218150.0,95
201800045294,18,10,7,1225,1,1,1,8.0,5.0,95252,M,4897640.0,223620.0,95
201800045295,18,10,7,1620,1,1,1,1.0,7.0,95394,M,4905166.0,215260.0,95
201800045296,18,10,7,1915,2,1,1,1.0,3.0,93005,M,4896453.0,247378.0,93
201800045297,18,10,7,1930,2,1,1,1.0,2.0,93005,M,4896028.0,247330.0,93
201800045298,18,10,7,2035,3,1,1,1.0,2.0,95641,M,4907480.0,255210.0,95
201800045299,18,10,8,1245,1,1,1,1.0,7.0,95394,M,4905160.0,218110.0,95
201800045300,18,10,8,1530,1,1,1,1.0,2.0,93064,M,4886954.0,248247.0,93
201800045301,18,10,8,1610,1,1,1,1.0,3.0,95277,M,4897670.0,249190.0,95
201800045302,18,10,8,1702,1,1,1,1.0,2.0,95277,M,4897220.0,248610.0,95
201800045303,18,10,8,1510,1,1,1,1.0,4.0,93048,M,4887187.0,243315.0,93
201800045304,18,10,9,720,1,1,1,1.0,3.0,93010,M,4891155.0,247585.0,93
201800045305,18,10,9,930,1,1,1,1.0,3.0,93007,M,4892081.0,247962.0,93
201800045306,18,10,10,55,3,1,9,1.0,7.0,92078,M,4892826.0,233180.0,92
201800045307,18,10,10,700,3,1,1,1.0,3.0,95018,M,4895850.0,227410.0,95
201800045308,18,10,10,830,1,1,1,1.0,3.0,95582,M,4897780.0,223990.0,95
201800045309,18,10,10,1030,1,1,1,1.0,6.0,93027,M,4892656.0,240201.0,93
201800045310,18,10,10,1800,1,1,1,1.0,2.0,93063,M,4887527.0,244042.0,93
201800045311,18,10,11,920,1,1,1,1.0,2.0,95572,M,4903530.0,211630.0,95
201800045312,18,10,11,1100,1,1,1,1.0,4.0,93048,M,4886461.0,248202.0,93
201800045313,18,10,11,1720,1,1,1,1.0,4.0,95572,M,4903430.0,210150.0,95
201800045314,18,10,11,2125,3,1,1,2.0,3.0,92078,M,4892919.0,232967.0,92
201800045315,18,10,12,130,3,1,1,8.0,6.0,92036,M,4893858.0,229428.0,92
201800045316,18,10,12,210,3,1,1,9.0,6.0,92036,M,4894370.0,228776.0,92
201800045317,18,10,12,630,3,1,1,1.0,5.0,92036,M,4894358.0,228754.0,92
201800045318,18,10,12,1600,1,1,1,1.0,3.0,93048,M,4887317.0,243597.0,93
201800045319,18,10,12,1800,1,1,1,1.0,2.0,95306,M,4900740.0,216190.0,95
201800045320,18,10,12,1810,1,1,1,1.0,6.0,95394,M,4905080.0,218790.0,95
201800045321,18,10,12,1150,1,1,1,1.0,6.0,93066,M,4892305.0,234373.0,93
201800045322,18,10,13,1810,1,1,1,1.0,2.0,95394,M,4905210.0,218340.0,95
201800045323,18,10,13,1900,2,1,1,1.0,3.0,93064,M,4888402.0,247157.0,93
201800045324,18,10,14,810,1,1,1,1.0,6.0,95527,M,4898350.0,250320.0,95
201800045325,18,10,11,930,1,1,1,1.0,6.0,93005,M,4895596.0,251780.0,93
201800045326,18,10,14,1645,1,1,1,1.0,6.0,95607,M,4902110.0,221150.0,95
201800045327,18,10,14,1900,1,1,1,1.0,2.0,93013,M,4894027.0,242359.0,93
201800045328,18,10,14,2140,3,1,1,1.0,5.0,95277,M,4897860.0,249470.0,95
201800045329,18,10,15,1105,1,1,1,1.0,2.0,95154,M,4904320.0,254390.0,95
201800045330,18,10,15,1110,1,1,1,1.0,6.0,92036,M,4894658.0,228260.0,92
201800045331,18,10,16,945,1,1,1,1.0,7.0,93063,M,4887943.0,244944.0,93
201800045332,18,10,16,1230,1,1,1,1.0,2.0,92036,M,4894811.0,228114.0,92
201800045333,18,10,16,1715,1,1,1,1.0,3.0,93064,M,4888402.0,247156.0,93
201800045334,18,10,16,1940,3,1,1,1.0,4.0,95277,M,4897340.0,249090.0,95
201800045335,18,10,17,1330,1,1,1,1.0,5.0,93007,M,4892333.0,248050.0,93
201800045336,18,10,17,1355,1,1,1,1.0,2.0,93010,M,4891543.0,247763.0,93
201800045337,18,10,17,2250,3,1,1,1.0,6.0,60631,M,4915253.0,258620.0,60
201800045338,18,10,17,1705,1,1,1,1.0,5.0,93066,M,4892691.0,233522.0,93
201800045339,18,10,18,710,4,1,1,1.0,5.0,93005,M,4895079.0,247435.0,93
201800045340,18,10,17,930,1,1,1,1.0,3.0,93064,M,4888391.0,246901.0,93
201800045341,18,10,18,1140,1,1,1,1.0,7.0,93064,M,4888669.0,247779.0,93
201800045342,18,10,18,740,2,1,1,1.0,2.0,93005,M,4895176.0,247424.0,93
201800045343,18,10,18,1415,1,1,1,1.0,3.0,93066,M,4891480.0,235764.0,93
201800045344,18,10,18,1715,1,1,1,1.0,3.0,93027,M,4892251.0,237945.0,93
201800045345,18,10,3,105,3,1,1,9.0,6.0,95365,M,4906760.0,239720.0,95
201800045346,18,10,18,1830,1,1,1,1.0,2.0,93066,M,4892820.0,235803.0,93
201800045347,18,10,19,1730,1,1,1,1.0,3.0,93007,M,4893662.0,248016.0,93
201800045348,18,10,19,1840,1,1,1,1.0,7.0,93008,M,4891244.0,243720.0,93
201800045349,18,10,19,1750,1,1,1,1.0,3.0,92078,M,4893103.0,232324.0,92
201800045350,18,10,20,1240,1,1,1,1.0,2.0,95572,M,4903210.0,211180.0,95
201800045351,18,10,20,1600,1,1,1,1.0,3.0,93007,M,4892683.0,248137.0,93
201800045352,18,10,20,1600,1,1,1,1.0,5.0,93053,M,4889798.0,246937.0,93
201800045353,18,10,20,1730,1,1,1,1.0,6.0,93007,M,4894388.0,247737.0,93
201800045354,18,10,20,1840,2,1,1,1.0,2.0,95018,M,4895730.0,227480.0,95
201800045355,18,10,21,1600,1,1,1,1.0,3.0,95582,M,4896530.0,225960.0,95
201800045356,18,10,21,1815,1,1,1,1.0,5.0,93007,M,4892595.0,248123.0,93
201800045357,18,10,21,135,3,1,1,1.0,5.0,95277,M,4897190.0,248490.0,95
201800045358,18,10,20,300,3,1,1,1.0,6.0,95604,M,4911090.0,255240.0,95
201800045359,18,10,22,1400,1,1,1,1.0,6.0,93008,M,4890866.0,244944.0,93
201800045360,18,10,22,2040,3,1,1,1.0,2.0,95219,M,4899090.0,224480.0,95
201800045361,18,10,22,1935,3,1,1,1.0,7.0,93066,M,4892232.0,235859.0,93
201800045362,18,10,23,1605,1,1,1,1.0,2.0,93048,M,4887314.0,243596.0,93
201800045363,18,10,23,1830,2,1,1,1.0,4.0,95500,M,4904130.0,208090.0,95
201800045364,18,10,23,2145,5,1,1,1.0,2.0,93008,M,4890863.0,244945.0,93
201800045365,18,10,24,745,3,1,1,1.0,3.0,93066,M,4892995.0,236353.0,93
201800045366,18,10,23,2000,2,1,1,1.0,3.0,95580,M,4908830.0,255090.0,95
201800045367,18,10,6,820,2,1,1,1.0,6.0,93066,M,4892259.0,234728.0,93
201800045368,18,10,25,750,2,1,1,1.0,2.0,93001,M,4892124.0,237438.0,93
201800045369,18,10,25,915,1,1,1,1.0,3.0,93006,M,4886993.0,243024.0,93
201800045370,18,10,25,1140,1,1,1,1.0,7.0,93073,M,4896900.0,256725.0,93
201800045371,18,10,25,1300,1,1,1,1.0,5.0,93066,M,4891753.0,235772.0,93
201800045372,18,10,26,1030,1,1,1,1.0,2.0,93048,M,4887062.0,243112.0,93
201800045373,18,10,26,1705,1,1,1,1.0,4.0,93064,M,4888405.0,247156.0,93
201800045374,18,10,26,2130,3,1,1,1.0,7.0,93064,M,4888403.0,246952.0,93
201800045375,18,10,28,412,3,1,1,1.0,2.0,95488,M,4902380.0,213310.0,95
201800045376,18,10,28,700,3,1,1,1.0,6.0,95488,M,4903030.0,212410.0,95
201800045377,18,10,27,1750,1,1,1,1.0,2.0,92036,M,4893858.0,231221.0,92
201800045378,18,10,28,810,1,1,1,1.0,2.0,60612,M,4919730.0,260505.0,60
201800045379,18,10,28,1315,1,1,1,1.0,2.0,93006,M,4886694.0,242530.0,93
201800045380,18,10,29,800,2,1,1,1.0,3.0,93005,M,4892947.0,248122.0,93
201800045381,18,10,29,2000,3,1,1,1.0,5.0,95252,M,4898760.0,220660.0,95
201800045382,18,10,29,2010,3,1,1,1.0,2.0,95582,M,4898340.0,224120.0,95
201800045383,18,10,30,920,1,1,1,3.0,6.0,95277,M,4897310.0,248530.0,95
201800045384,18,10,30,945,1,1,1,2.0,3.0,93006,M,4886455.0,241528.0,93
201800045385,18,10,30,1430,1,1,1,1.0,2.0,93005,M,4892961.0,248135.0,93
201800045386,18,10,30,1300,1,1,1,1.0,6.0,95394,M,4905070.0,218160.0,95
201800045387,18,10,30,1600,1,1,1,1.0,5.0,95018,M,4896180.0,226750.0,95
201800045388,18,10,30,1830,5,1,1,1.0,6.0,95212,M,4903280.0,253980.0,95
201800045389,18,10,30,800,1,1,1,2.0,4.0,93078,M,4896364.0,255211.0,93
201800045390,18,10,30,900,1,1,1,2.0,2.0,93027,M,4892808.0,241091.0,93
201800045391,18,10,30,815,1,1,1,2.0,5.0,93064,M,4887999.0,247582.0,93
201800045392,18,10,30,955,1,1,1,2.0,6.0,93053,M,4888770.0,247260.0,93
201800045393,18,10,30,1030,1,1,1,2.0,7.0,93066,M,4892804.0,235756.0,93
201800045394,18,10,31,900,1,1,1,1.0,2.0,93006,M,4886618.0,241554.0,93
201800045395,18,10,30,1115,1,1,1,2.0,6.0,92036,M,4893892.0,229433.0,92
201800045396,18,10,31,1915,4,1,9,2.0,7.0,92036,M,4894148.0,229115.0,92
201800045397,18,10,31,1925,3,1,1,2.0,6.0,93027,M,4892831.0,241227.0,93
201800045398,18,10,31,2030,3,1,1,2.0,2.0,95154,M,4905090.0,254790.0,95
201800045399,18,11,1,120,3,1,1,1.0,6.0,93027,M,4892861.0,241448.0,93
201800045400,18,11,1,120,3,1,1,2.0,6.0,93078,M,4896420.0,252038.0,93
201800045401,18,10,31,1945,3,1,1,2.0,5.0,93064,M,4887506.0,247898.0,93
201800045402,18,11,1,1635,1,1,1,2.0,3.0,93027,M,4893640.0,240809.0,93
201800045403,18,11,1,1815,2,1,1,2.0,6.0,95572,M,4903270.0,210960.0,95
201800045404,18,11,1,2330,3,1,1,2.0,6.0,92036,M,4893710.0,229450.0,92
201800045405,18,11,2,115,3,1,1,2.0,3.0,95488,M,4901530.0,214540.0,95
201800045406,18,11,2,1320,1,1,1,1.0,3.0,93064,M,4887678.0,247766.0,93
201800045407,18,11,2,1640,1,1,1,1.0,5.0,93048,M,4886287.0,248280.0,93
201800045408,18,11,2,1850,3,1,1,1.0,2.0,95151,M,4906310.0,227160.0,95
201800045409,18,11,3,1,5,1,1,1.0,2.0,93066,M,4891938.0,4892034.0,93
201800045410,18,11,3,935,1,1,1,1.0,5.0,93008,M,4890554.0,246231.0,93
201800045411,18,11,3,1335,1,1,1,1.0,4.0,93064,M,4888153.0,247452.0,93
201800045412,18,11,3,1320,1,1,1,1.0,4.0,93066,M,4892385.0,235717.0,93
201800045413,18,11,3,1700,1,1,1,1.0,6.0,93005,M,4897311.0,249107.0,93
201800045414,18,11,3,1845,3,1,1,1.0,4.0,93007,M,4891767.0,247845.0,93
201800045415,18,11,3,1925,3,1,1,1.0,4.0,95582,M,4896340.0,226590.0,95
201800045416,18,11,4,1340,1,1,1,1.0,4.0,93066,M,4891300.0,235772.0,93
201800045417,18,11,4,1805,4,1,1,1.0,4.0,95218,M,4903530.0,209760.0,95
201800045418,18,11,5,2010,5,1,1,1.0,7.0,93008,M,4891742.0,242935.0,93
201800045419,18,11,5,2200,3,1,1,1.0,7.0,93027,M,4892782.0,240335.0,93
201800045420,18,11,6,1730,3,1,1,1.0,3.0,93007,M,4894360.0,243604.0,93
201800045421,18,11,7,735,5,1,1,1.0,3.0,93008,M,4891739.0,242938.0,93
201800045422,18,11,7,1300,1,1,1,2.0,6.0,93027,M,4892726.0,240349.0,93
201800045423,18,11,7,1330,1,1,1,1.0,6.0,93053,M,4888783.0,247244.0,93
201800045424,18,10,29,800,1,1,1,1.0,6.0,93007,M,4893483.0,248049.0,93
201800045425,18,11,7,1815,3,1,1,1.0,3.0,95018,M,4896130.0,226050.0,95
201800045426,18,11,7,1910,3,1,1,1.0,4.0,95218,M,4903580.0,209649.0,95
201800045427,18,11,7,2025,3,1,1,1.0,5.0,95488,M,4901070.0,215390.0,95
201800045428,18,11,8,110,3,1,1,1.0,2.0,95351,M,4902810.0,250550.0,95
201800045429,18,11,8,830,1,1,1,1.0,5.0,95394,M,4905160.0,218370.0,95
201800045430,18,11,8,1825,3,1,1,1.0,3.0,93064,M,4888123.0,247488.0,93
201800045431,18,11,8,2325,3,1,1,1.0,6.0,92036,M,4893900.0,230270.0,92
201800045432,18,10,29,2009,3,1,1,1.0,2.0,95582,M,4898330.0,224130.0,95
201800045433,18,11,9,1510,1,1,1,1.0,6.0,93006,M,4886473.0,241551.0,93
201800045434,18,11,9,1330,1,1,1,1.0,2.0,95527,M,4902030.0,253370.0,95
201800045435,18,11,9,1745,3,1,1,1.0,4.0,92036,M,4893900.0,230679.0,92
201800045436,18,11,10,255,5,1,1,2.0,2.0,93066,M,4892387.0,235716.0,93
201800045437,18,11,10,645,3,1,1,2.0,6.0,95394,M,4905080.0,218160.0,95
201800045438,18,11,10,1000,1,1,1,2.0,6.0,60494,M,4912741.0,255795.0,60
201800045439,18,11,10,1335,1,1,1,2.0,6.0,95176,M,4898950.0,220190.0,95
201800045440,18,11,10,1440,1,1,1,2.0,3.0,93064,M,4888716.0,247490.0,93
201800045441,18,11,11,520,4,1,1,2.0,6.0,95582,M,4897880.0,224090.0,95
201800045442,18,11,11,1330,1,1,1,2.0,6.0,92036,M,4893702.0,229509.0,92
201800045443,18,11,11,1325,1,1,1,2.0,2.0,93053,M,4889906.0,246975.0,93
201800045444,18,11,11,2000,3,1,1,2.0,6.0,93078,M,4896300.0,252239.0,93
201800045445,18,11,11,2015,3,1,1,2.0,6.0,92036,M,4894361.0,228729.0,92
201800045446,18,11,12,20,3,1,1,3.0,6.0,93005,M,4897358.0,249164.0,93
201800045447,18,11,12,900,1,1,1,2.0,6.0,95306,M,4899560.0,218240.0,95
201800045448,18,11,12,1000,1,1,1,2.0,6.0,93005,M,4895154.0,247491.0,93
201800045449,18,11,12,910,1,1,1,2.0,6.0,93066,M,4891479.0,235763.0,93
201800045450,18,11,12,1250,1,1,1,2.0,6.0,95582,M,4896290.0,226270.0,95
201800045451,18,11,12,1415,1,1,1,1.0,6.0,93064,M,4888672.0,247779.0,93
201800045452,18,11,13,840,1,1,1,1.0,3.0,95582,M,4898060.0,224080.0,95
201800045453,18,11,13,1345,1,1,1,1.0,6.0,93027,M,4892980.0,240290.0,93
201800045454,18,11,14,610,3,1,1,1.0,3.0,95582,M,4896840.0,225130.0,95
201800045455,18,11,14,938,1,1,1,1.0,5.0,93064,M,4888094.0,247520.0,93
201800045456,18,11,14,1130,1,1,1,1.0,5.0,93064,M,4887585.0,247843.0,93
201800045457,18,11,14,1315,1,1,1,1.0,3.0,95018,M,4896190.0,226750.0,95
201800045458,18,11,14,1500,1,1,1,1.0,7.0,93066,M,4892582.0,233836.0,93
201800045459,18,11,15,1000,1,1,1,1.0,2.0,92036,M,4893598.0,230089.0,92
201800045460,18,11,15,1400,1,1,1,1.0,2.0,93006,M,4886613.0,241539.0,93
201800045461,18,11,15,1800,5,1,1,1.0,2.0,93005,M,4895525.0,247329.0,93
201800045462,18,11,15,1905,3,1,1,1.0,2.0,93053,M,4888378.0,246673.0,93
201800045463,18,11,16,1040,1,1,1,5.0,6.0,95351,M,4903780.0,248490.0,95
201800045464,18,11,16,1900,5,1,1,1.0,2.0,93008,M,4890546.0,246375.0,93
201800045465,18,11,16,2300,3,1,1,1.0,2.0,93064,M,4888120.0,247530.0,93
201800045466,18,11,17,300,3,1,1,1.0,6.0,95277,M,4897380.0,248680.0,95
201800045467,18,11,17,5,3,1,1,1.0,2.0,95527,M,4900010.0,252280.0,95
201800045468,18,11,17,930,1,1,1,1.0,6.0,95252,M,4898580.0,221290.0,95