Num_Acc,an,mois,jour,hrmn,lum,agg,int,atm,col,com,gps,lat,long,dep
201800045469,18,11,18,30,3,1,1,1.0,3.0,93064,M,4888716.0,247489.0,93
201800045470,18,11,18,720,5,1,1,1.0,2.0,93027,M,4892406.0,238686.0,93
201800045471,18,11,18,1230,1,1,1,1.0,6.0,95277,M,4897480.0,248990.0,95
201800045472,18,11,18,1915,3,1,1,1.0,4.0,95572,M,4903180.0,211610.0,95
201800045473,18,11,17,1345,1,1,1,1.0,2.0,95582,M,4896850.0,225160.0,95
201800045474,18,11,19,1945,3,1,1,1.0,3.0,95582,M,4896290.0,226560.0,95
201800045475,18,11,20,45,3,1,1,2.0,2.0,93007,M,4894926.0,244674.0,93
201800045476,18,11,20,728,4,1,1,2.0,2.0,93053,M,4889941.0,246928.0,93
201800045477,18,11,20,855,1,1,1,2.0,2.0,95252,M,4898340.0,221870.0,95
201800045478,18,11,20,830,2,1,1,4.0,2.0,93006,M,4886939.0,242978.0,93
201800045479,18,11,20,915,1,1,1,3.0,2.0,95607,M,4903550.0,219570.0,95
201800045480,18,11,20,1734,2,1,1,1.0,3.0,95582,M,4896290.0,226550.0,95
201800045481,18,11,20,2030,4,1,1,1.0,2.0,93013,M,4893878.0,241629.0,93
201800045482,18,11,21,1450,1,1,1,1.0,3.0,93048,M,4887307.0,243583.0,93
201800045483,18,11,22,130,5,1,1,1.0,6.0,93066,M,4892348.0,235696.0,93
201800045484,18,11,22,1600,1,1,1,1.0,6.0,95572,M,4902990.0,212520.0,95
201800045485,18,11,23,1710,1,1,1,1.0,3.0,93006,M,4886721.0,242678.0,93
201800045486,18,11,23,1725,3,1,1,5.0,6.0,60494,M,4913107.0,255988.0,60
201800045487,18,11,23,1930,3,1,1,1.0,4.0,95500,M,4903820.0,208760.0,95
201800045488,18,11,24,30,3,1,1,2.0,3.0,95582,M,4896560.0,225830.0,95
201800045489,18,11,24,400,3,1,1,3.0,6.0,93027,M,4893460.0,239770.0,93
201800045490,18,11,24,1645,1,1,1,1.0,2.0,95042,M,4906340.0,233040.0,95
201800045491,18,11,25,125,3,1,1,9.0,6.0,93066,M,4892931.0,236168.0,93
201800045492,18,11,25,120,3,1,1,1.0,6.0,93053,M,4888798.0,247251.0,93
201800045493,18,11,25,630,3,1,1,2.0,5.0,93078,M,4895868.0,253472.0,93
201800045494,18,11,25,1345,1,1,1,2.0,5.0,95277,M,4897150.0,248390.0,95
201800045495,18,11,25,1445,1,1,1,2.0,2.0,93078,M,4896300.0,252239.0,93
201800045496,18,11,25,1715,2,1,1,2.0,6.0,92036,M,4893704.0,229483.0,92
201800045497,18,11,25,1945,3,1,1,1.0,7.0,93066,M,4892269.0,234494.0,93
201800045498,18,11,26,5,3,1,1,2.0,6.0,95572,M,4903420.0,211250.0,95
201800045499,18,11,25,1250,1,1,1,2.0,6.0,93027,M,4892829.0,241222.0,93
201800045500,18,11,26,1000,1,1,1,1.0,3.0,93063,M,4887936.0,244884.0,93
201800045501,18,11,27,1840,3,1,1,2.0,6.0,92036,M,4893705.0,229499.0,92
201800045502,18,11,28,812,5,1,1,2.0,6.0,95277,M,4897780.0,245440.0,95
201800045503,18,11,28,1000,1,1,1,2.0,6.0,93053,M,4888852.0,247252.0,93
201800045504,18,11,28,1445,1,1,1,1.0,6.0,92036,M,4893703.0,229509.0,92
201800045505,18,11,28,1645,1,1,1,2.0,2.0,93007,M,4892158.0,247977.0,93
201800045506,18,11,28,1800,3,1,1,1.0,2.0,95018,M,4895910.0,227290.0,95
201800045507,18,11,28,1835,3,1,1,1.0,2.0,93053,M,4888378.0,246677.0,93
201800045508,18,11,29,645,3,1,1,2.0,6.0,95572,M,4903190.0,211320.0,95
201800045509,18,11,29,845,1,1,1,2.0,2.0,93010,M,4891474.0,247763.0,93
201800045510,18,11,29,817,3,1,1,2.0,5.0,93007,M,4894233.0,247833.0,93
201800045511,18,11,29,1330,1,1,1,1.0,2.0,95604,M,4910810.0,255170.0,95
201800045512,18,11,29,1605,1,1,1,1.0,3.0,93048,M,4886583.0,248172.0,93
201800045513,18,11,29,1915,3,1,1,1.0,2.0,93066,M,4892997.0,236354.0,93
201800045514,18,11,30,1430,1,1,1,1.0,2.0,93005,M,4896797.0,247956.0,93
201800045515,18,12,1,50,4,1,1,1.0,2.0,95252,M,4898690.0,220920.0,95
201800045516,18,12,1,55,3,1,1,1.0,5.0,95527,M,4901380.0,253060.0,95
201800045517,18,12,1,1300,1,1,1,2.0,5.0,93078,M,4896284.0,252273.0,93
201800045518,18,12,1,1845,3,1,1,2.0,2.0,95018,M,4895640.0,227470.0,95
201800045519,18,12,1,2020,4,1,1,2.0,4.0,93005,M,4896796.0,247953.0,93
201800045520,18,12,1,2100,3,1,1,3.0,2.0,92036,M,4893884.0,229427.0,92
201800045521,18,12,2,5,3,1,1,2.0,6.0,93027,M,4892685.0,240330.0,93
201800045522,18,12,1,1240,1,1,1,2.0,6.0,93027,M,4892753.0,240342.0,93
201800045523,18,12,2,500,3,1,1,3.0,6.0,93064,M,4887117.0,248216.0,93
201800045524,18,12,2,518,3,1,1,3.0,6.0,93064,M,4888791.0,247433.0,93
201800045525,18,12,2,855,1,1,1,8.0,2.0,95277,M,4897290.0,248510.0,95
201800045526,18,12,2,715,3,1,1,2.0,6.0,93048,M,4886348.0,248276.0,93
201800045527,18,12,2,1045,1,1,1,8.0,6.0,92036,M,4893405.0,232054.0,92
201800045528,18,12,1,1650,2,1,1,2.0,6.0,95256,M,4905870.0,220980.0,95
201800045529,18,12,2,1925,3,1,1,1.0,4.0,95252,M,4897860.0,223010.0,95
201800045530,18,12,2,215,3,1,1,2.0,6.0,95277,M,4897470.0,249110.0,95
201800045531,18,12,3,805,2,1,1,1.0,2.0,93027,M,4892601.0,239912.0,93
201800045532,18,12,3,920,1,1,1,1.0,2.0,93008,M,4891314.0,243558.0,93
201800045533,18,12,3,900,1,1,1,1.0,6.0,95604,M,4909660.0,255010.0,95
201800045534,18,12,3,1415,1,1,1,3.0,6.0,95582,M,4896340.0,226430.0,95
201800045535,18,12,3,1525,1,1,1,1.0,2.0,93053,M,4889875.0,246933.0,93
201800045536,18,12,4,725,2,1,1,2.0,7.0,93053,M,4888403.0,246435.0,93
201800045537,18,12,4,1050,1,1,1,1.0,6.0,95582,M,4897350.0,224590.0,95
201800045538,18,12,3,1940,3,1,1,2.0,4.0,95365,M,4906570.0,240630.0,95
201800045539,18,12,5,520,3,1,1,1.0,2.0,93078,M,4896671.0,251318.0,93
201800045540,18,12,5,900,1,1,1,1.0,2.0,92036,M,4893783.0,229754.0,92
201800045541,18,12,5,1730,3,1,1,1.0,6.0,95394,M,4905290.0,216890.0,95
201800045542,18,12,6,725,5,1,1,2.0,2.0,93066,M,4892816.0,235797.0,93
201800045543,18,12,6,125,4,1,1,1.0,2.0,93005,M,4894214.0,247811.0,93
201800045544,18,12,6,1100,1,1,1,2.0,6.0,95394,M,4905160.0,218230.0,95
201800045545,18,12,6,1300,1,1,1,1.0,5.0,95277,M,4898010.0,249680.0,95
201800045546,18,12,7,725,2,1,1,1.0,7.0,95582,M,4896610.0,225710.0,95
201800045547,18,12,8,40,5,1,1,1.0,4.0,93066,M,4891939.0,235751.0,93
201800045548,18,12,8,1620,1,1,1,2.0,2.0,93066,M,4893335.0,237842.0,93
201800045549,18,12,8,2240,3,1,1,3.0,7.0,93027,M,4893458.0,239686.0,93
201800045550,18,12,8,2330,3,1,1,3.0,2.0,92036,M,4893840.0,231332.0,92
201800045551,18,12,8,2345,3,1,1,2.0,2.0,92078,M,4892921.0,232965.0,92
201800045552,18,12,9,300,4,1,1,3.0,3.0,95572,M,4904860.0,213480.0,95
201800045553,18,12,9,1410,1,1,1,1.0,6.0,95061,M,4906790.0,225450.0,95
201800045554,18,12,9,1450,1,1,1,2.0,6.0,95277,M,4897350.0,248690.0,95
201800045555,18,12,9,1710,3,1,1,2.0,6.0,93078,M,4896420.0,252036.0,93
201800045556,18,12,9,1615,1,1,1,1.0,2.0,95394,M,4905080.0,218160.0,95
201800045557,18,12,9,1820,3,1,1,3.0,2.0,95582,M,4897510.0,224260.0,95
201800045558,18,12,10,1540,1,1,1,1.0,3.0,93027,M,4892429.0,238869.0,93
201800045559,18,12,10,1515,1,1,1,1.0,4.0,93066,M,4891967.0,235752.0,93
201800045560,18,12,10,1800,3,1,1,1.0,3.0,92036,M,4893818.0,231341.0,92
201800045561,18,12,11,1015,1,1,1,1.0,5.0,93008,M,4890793.0,245286.0,93
201800045562,18,12,11,1635,1,1,1,1.0,2.0,95042,M,4905820.0,230060.0,95
201800045563,18,12,12,1005,1,1,1,1.0,4.0,95042,M,4906210.0,232320.0,95
201800045564,18,12,12,1010,1,1,1,1.0,2.0,93006,M,4886596.0,241659.0,93
201800045565,18,12,12,1440,1,1,1,1.0,4.0,93066,M,4892114.0,235742.0,93
201800045566,18,12,12,1850,3,1,1,1.0,2.0,93078,M,4896874.0,250703.0,93
201800045567,18,12,12,1915,5,1,1,1.0,3.0,93008,M,4891159.0,243959.0,93
201800045568,18,12,12,2100,3,1,1,1.0,2.0,93010,M,4890710.0,247250.0,93
201800045569,18,12,13,550,3,1,1,9.0,6.0,60631,M,4915113.0,258449.0,60
201800045570,18,12,13,525,3,1,1,9.0,6.0,95365,M,4906730.0,239840.0,95
201800045571,18,12,13,1400,1,1,1,1.0,2.0,93007,M,4892246.0,248014.0,93
201800045572,18,12,13,1500,1,1,1,1.0,3.0,93066,M,4892651.0,233740.0,93
201800045573,18,12,14,900,1,1,1,1.0,4.0,93007,M,4991809.0,247834.0,93
201800045574,18,12,14,2145,3,1,1,1.0,6.0,95572,M,4903110.0,212140.0,95
201800045575,18,12,15,418,3,1,1,1.0,2.0,95582,M,4897070.0,224930.0,95
201800045576,18,12,15,1355,1,1,1,1.0,6.0,95028,M,4906041.0,235610.0,95
201800045577,18,12,15,1656,2,1,1,2.0,6.0,95277,M,4897390.0,248930.0,95
201800045578,18,12,16,1130,1,1,1,2.0,6.0,93078,M,4896230.0,252329.0,93
201800045579,18,12,17,320,3,1,1,2.0,3.0,93006,M,4886680.0,242556.0,93
201800045580,18,12,17,945,1,1,1,1.0,2.0,92036,M,4893838.0,230015.0,92
201800045581,18,12,17,800,3,1,1,1.0,3.0,93010,M,4889974.0,246942.0,93
201800045582,18,12,17,2255,3,1,9,1.0,6.0,93010,M,4891662.0,247818.0,93
201800045583,18,12,10,1,4,1,1,2.0,6.0,92036,M,4893956.0,229404.0,92
201800045584,18,12,18,1240,1,1,1,1.0,5.0,95488,M,4901850.0,214060.0,95
201800045585,18,12,20,10,3,1,1,1.0,7.0,95256,M,4904690.0,218450.0,95
201800045586,18,12,21,740,4,1,1,2.0,7.0,95018,M,4896090.0,226940.0,95
201800045587,18,12,21,1400,1,1,1,2.0,3.0,92036,M,4893686.0,231823.0,92
201800045588,18,12,21,1750,3,1,1,1.0,2.0,93005,M,4895090.0,247454.0,93
201800045589,18,12,21,1945,3,1,1,1.0,2.0,95500,M,4903765.0,209019.0,95
201800045590,18,12,22,725,3,1,1,2.0,4.0,95365,M,4905830.0,241990.0,95
201800045591,18,12,22,650,3,1,1,2.0,6.0,92078,M,4892876.0,233085.0,92
201800045592,18,12,12,645,3,1,1,1.0,5.0,93027,M,4892840.0,241384.0,93
201800045593,18,12,22,1820,2,1,1,2.0,3.0,93006,M,4886624.0,242251.0,93
201800045594,18,12,22,2245,3,1,1,1.0,6.0,92036,M,4893889.0,230813.0,92
201800045595,18,12,22,2030,3,1,1,1.0,2.0,93073,M,4896568.0,255693.0,93
201800045596,18,12,23,1015,1,1,1,2.0,3.0,93006,M,4886656.0,242406.0,93
201800045597,18,12,23,1150,1,1,1,2.0,6.0,95277,M,4897190.0,248440.0,95
201800045598,18,12,23,1045,1,1,1,3.0,2.0,92036,M,4894539.0,228462.0,92
201800045599,18,12,23,925,1,1,1,3.0,6.0,95582,M,4897510.0,224270.0,95
201800045600,18,12,23,1850,2,1,1,2.0,6.0,93005,M,4897415.0,248890.0,93
201800045601,18,12,24,25,4,1,1,2.0,6.0,93053,M,4888381.0,246671.0,93
201800045602,18,12,24,545,3,1,1,2.0,6.0,93078,M,4896418.0,252039.0,93
201800045603,18,12,24,550,3,1,1,2.0,6.0,93027,M,4892808.0,241093.0,93
201800045604,18,12,24,1115,1,1,1,1.0,6.0,93006,M,4886615.0,242206.0,93
201800045605,18,12,24,630,3,1,1,3.0,6.0,93027,M,4892704.0,240287.0,93
201800045606,18,12,24,820,2,1,1,3.0,2.0,92078,M,4893113.0,232353.0,92
201800045607,18,12,24,915,1,1,1,2.0,6.0,93027,M,4892637.0,240287.0,93
201800045608,18,12,24,1000,1,1,1,3.0,2.0,93066,M,4892270.0,235324.0,93
201800045609,18,12,25,800,2,1,1,1.0,2.0,95277,M,4897730.0,246880.0,95
201800045610,18,12,25,2005,3,1,1,1.0,2.0,93064,M,4886947.0,248240.0,93
201800045611,18,12,26,1750,3,1,1,1.0,3.0,93006,M,4886628.0,241434.0,93
201800045612,18,12,27,1252,1,1,1,1.0,5.0,93053,M,4888033.0,245108.0,93
201800045613,18,12,27,1705,2,1,1,1.0,2.0,92036,M,4893854.0,230003.0,92
201800045614,18,12,27,1945,3,1,1,1.0,2.0,95424,M,4899320.0,218660.0,95
201800045615,18,12,28,630,5,1,1,1.0,6.0,93005,M,4894914.0,247385.0,93
201800045616,18,12,29,700,3,1,1,1.0,6.0,95572,M,4903210.0,210840.0,95
201800045617,18,12,29,1745,5,1,1,1.0,3.0,93066,M,4892990.0,236423.0,93
201800045618,18,12,30,700,3,1,1,1.0,5.0,93010,M,4890653.0,247248.0,93
201800045619,18,12,30,1100,1,1,1,1.0,6.0,95572,M,4903320.0,211020.0,95
201800045620,18,12,30,1830,3,1,1,2.0,4.0,93006,M,4886603.0,241645.0,93
201800045621,18,12,31,830,3,1,1,2.0,6.0,92036,M,4893723.0,229600.0,92
201800045622,18,1,1,1318,1,1,1,3.0,6.0,78007,M,,,78
201800045623,18,1,2,2352,3,1,1,2.0,6.0,92072,M,,,92
201800045624,18,1,2,843,1,1,1,1.0,6.0,78423,M,,,78
201800045625,18,1,3,1913,1,1,1,2.0,2.0,92050,M,,,92
201800045626,18,1,4,815,1,1,1,2.0,4.0,78466,M,,,78
201800045627,18,1,4,915,1,1,1,2.0,7.0,92047,M,,,92
201800045628,18,1,4,1831,3,1,1,2.0,6.0,92064,M,4883958.0,219655.0,92
201800045629,18,1,4,1905,3,1,1,2.0,7.0,78007,M,4889554.0,200720.0,78
201800045630,18,1,5,858,1,1,1,2.0,6.0,92047,M,,,92
201800045631,18,1,5,1858,5,1,1,1.0,2.0,78362,M,4898000.0,169944.0,78
201800045632,18,1,6,320,3,1,1,1.0,6.0,78498,M,4890450.0,200539.0,78
201800045633,18,1,6,1810,3,1,1,1.0,4.0,78043,M,4850170.0,252900.0,78
201800045634,18,1,7,720,2,1,1,2.0,5.0,78126,M,4883654.0,212801.0,78
201800045635,18,1,7,1235,1,1,1,1.0,6.0,92047,M,4883193.0,215196.0,92
201800045636,18,1,8,1040,1,1,1,1.0,7.0,92036,M,4893520.0,228323.0,92
201800045637,18,1,8,1445,1,1,1,1.0,2.0,92064,M,,,92
201800045638,18,1,9,735,5,1,1,1.0,4.0,92025,M,,,92
201800045639,18,1,9,833,1,1,1,1.0,5.0,78640,M,,,78
201800045640,18,1,10,1016,1,1,1,1.0,5.0,92047,M,,,92
201800045641,18,1,10,2136,3,1,1,1.0,6.0,92050,M,,,92
201800045642,18,1,11,812,2,1,1,1.0,6.0,78291,M,4897307.0,172953.0,78
201800045643,18,1,11,1009,1,1,1,2.0,6.0,78402,M,4896532.0,180452.0,78
201800045644,18,1,11,1753,3,1,1,5.0,5.0,78043,M,4883790.0,209130.0,78
201800045645,18,1,12,535,2,1,1,1.0,2.0,92047,M,4883413.0,216653.0,92
201800045646,18,1,19,845,1,1,1,1.0,3.0,78524,M,4884008.0,211491.0,78
201800045647,18,1,13,2115,3,1,1,1.0,6.0,78291,M,4891240.0,217960.0,78
201800045648,18,1,15,812,2,1,1,1.0,3.0,78490,M,,,78
201800045649,18,1,16,640,5,1,1,2.0,7.0,78073,M,,,78
201800045650,18,1,16,1030,1,1,1,2.0,2.0,78640,M,,,78
201800045651,18,1,17,1555,1,1,1,1.0,6.0,78140,M,4896335.0,192705.0,78
201800045652,18,1,18,430,3,1,1,2.0,6.0,92064,M,,,92
201800045653,18,1,18,608,3,1,1,2.0,6.0,78043,M,4884109.0,209290.0,78
201800045654,18,1,18,1903,2,1,1,2.0,2.0,78423,M,4877980.0,202610.0,78
201800045655,18,1,19,839,1,1,1,8.0,7.0,78498,M,4891432.0,200573.0,78
201800045656,18,1,19,2120,5,1,1,1.0,6.0,78431,M,4893620.0,196200.0,78
201800045657,18,1,20,1150,1,1,1,2.0,6.0,78140,M,4896450.0,192550.0,78
201800045658,18,1,20,1418,1,1,1,2.0,6.0,78217,M,,,78
201800045659,18,1,20,2147,3,1,1,2.0,2.0,92025,M,,,92
201800045660,18,1,21,1505,1,1,1,3.0,6.0,78423,M,4879540.0,204532.0,78
201800045661,18,1,21,350,5,1,1,2.0,6.0,78140,M,,,78
201800045662,18,1,22,715,5,1,1,3.0,6.0,78524,M,,,78
201800045663,18,1,22,845,1,1,1,3.0,3.0,78640,M,4878466.0,206046.0,78
201800045664,18,1,22,1015,1,1,1,3.0,3.0,92072,M,4882185.0,222182.0,92
201800045665,18,1,22,1506,1,1,1,2.0,6.0,78423,M,4879575.0,204429.0,78
201800045666,18,1,22,1840,3,1,1,1.0,2.0,78043,M,4884114.0,210004.0,78
201800045667,18,11,30,1040,1,1,1,1.0,3.0,92025,M,4892131.0,222529.0,92
201800045668,18,1,23,1530,1,1,1,8.0,6.0,92048,M,4879504.0,221822.0,92
201800045669,18,1,23,1745,3,1,1,8.0,3.0,78242,M,4883714.0,209010.0,78
201800045670,18,1,24,640,3,1,1,2.0,4.0,78498,M,4890653.0,200514.0,78
201800045671,18,1,24,1100,1,1,1,1.0,2.0,78423,M,4879721.0,201698.0,78
201800045672,18,1,24,1815,3,1,1,8.0,4.0,78133,M,4889306.0,200826.0,78
201800045673,18,1,25,830,1,1,1,2.0,3.0,78640,M,4878072.0,217898.0,78
201800045674,18,1,25,1630,1,1,1,1.0,7.0,78297,M,4878793.0,206476.0,78
201800045675,18,1,25,1710,2,1,1,2.0,2.0,92047,M,4883374.0,216291.0,92
201800045676,18,1,25,1740,3,1,1,2.0,2.0,78090,M,4897038.0,190211.0,78
201800045677,18,1,26,700,2,1,1,1.0,3.0,78545,M,4881282.0,205872.0,78
201800045678,18,1,26,710,2,1,1,1.0,2.0,78640,M,4877704.0,222209.0,78
201800045679,18,1,26,1800,3,1,1,1.0,7.0,78073,M,4880107.0,204633.0,78
201800045680,18,1,27,910,1,1,1,5.0,6.0,78423,M,,,78
201800045681,18,1,27,2330,3,1,1,2.0,6.0,78321,M,4879920.0,192190.0,78
201800045682,18,1,28,720,3,1,1,2.0,3.0,78158,M,4883161.0,214235.0,78
201800045683,18,1,30,2045,3,1,1,2.0,6.0,78291,M,4884480.0,215290.0,78
201800045684,18,1,31,745,5,1,1,1.0,2.0,92050,M,4890387.0,219749.0,92
201800045685,18,2,1,825,2,1,1,3.0,3.0,92025,M,,,92
201800045686,18,2,1,1025,1,1,1,2.0,7.0,92036,M,4893521.0,228336.0,92
201800045687,18,2,1,1920,5,1,1,1.0,4.0,92063,M,4889115.0,217516.0,92
201800045688,18,2,1,2030,5,1,1,1.0,5.0,92048,M,4877380.0,224125.0,92
201800045689,18,2,2,615,5,1,1,1.0,7.0,78133,M,,,78
201800045690,18,2,2,904,1,1,1,1.0,3.0,92036,M,,,92
201800045691,18,2,2,1309,1,1,1,1.0,4.0,92036,M,4892111.0,230624.0,92
201800045692,18,2,3,1321,1,1,1,2.0,6.0,92036,M,4893681.0,229257.0,92
201800045693,18,2,3,1815,5,1,1,2.0,6.0,78118,M,4898278.0,168632.0,78
201800045694,18,2,3,1820,3,1,1,1.0,4.0,78640,M,4877792.0,221496.0,78
201800045695,18,2,4,542,5,1,1,2.0,7.0,78396,M,4891657.0,211516.0,78
201800045696,18,2,5,635,3,1,1,1.0,6.0,78090,M,4897045.0,189042.0,78
201800045697,18,2,5,901,4,1,1,1.0,6.0,92050,M,4889881.0,219907.0,92
201800045698,18,2,5,1620,1,1,1,2.0,5.0,78640,M,4878372.0,222317.0,78
201800045699,18,2,6,630,3,1,1,4.0,4.0,78640,M,4877998.0,283353.0,78
201800045700,18,2,6,940,1,1,1,4.0,7.0,78640,M,4877621.0,222765.0,78
201800045701,18,2,6,930,1,1,1,4.0,4.0,92025,M,4892709.0,223628.0,92
201800045702,18,2,9,545,5,1,1,1.0,6.0,92063,M,,,92
201800045703,18,2,11,800,2,1,1,2.0,6.0,78455,M,,,78
201800045704,18,2,12,235,3,1,1,1.0,6.0,78571,M,4800000.0,1000000.0,78
201800045705,18,2,12,819,1,1,1,1.0,7.0,78217,M,4896581.0,181415.0,78
201800045706,18,2,12,930,1,1,1,1.0,4.0,78291,M,4896538.0,175934.0,78
201800045707,18,2,13,845,1,1,1,1.0,2.0,78455,M,4885405.0,206054.0,78
201800045708,18,2,13,2010,5,1,1,4.0,2.0,78362,M,4897828.0,170956.0,78
201800045709,18,2,13,2219,3,1,1,2.0,5.0,92036,M,4893640.0,229060.0,92
201800045710,18,2,14,2200,3,1,1,2.0,6.0,78158,M,4883390.0,213440.0,78
201800045711,18,2,15,1215,1,1,1,2.0,4.0,92025,M,4892275.0,222810.0,92
201800045712,18,2,16,310,3,1,1,2.0,6.0,78217,M,4896318.0,183415.0,78
201800045713,18,2,16,925,1,1,9,1.0,6.0,92048,M,4879732.0,221700.0,92
201800045714,18,2,16,1545,1,1,1,1.0,2.0,78640,M,4877670.0,222531.0,78
201800045715,18,2,16,1854,3,1,1,1.0,2.0,78466,M,4893216.0,197575.0,78
201800045716,18,2,17,319,3,1,1,1.0,2.0,78073,M,,,78
201800045717,18,2,17,1040,1,1,1,1.0,6.0,92025,M,4892498.0,223221.0,92
201800045718,18,2,17,1440,1,1,1,1.0,4.0,92064,M,4884428.0,222295.0,92
201800045719,18,2,17,1610,1,1,1,1.0,4.0,78466,M,4890438.0,219714.0,78
201800045720,18,2,17,1855,4,1,1,1.0,7.0,78640,M,4877758.0,222424.0,78
201800045721,18,2,19,720,2,1,1,1.0,4.0,78133,M,4889475.0,200740.0,78
201800045722,18,2,19,930,1,1,1,1.0,3.0,92064,M,4883932.0,219660.0,92
201800045723,18,2,19,1450,1,1,1,2.0,6.0,92050,M,4890346.0,219824.0,92
201800045724,18,2,19,1600,2,1,1,2.0,2.0,92050,M,4897030.0,190982.0,92
201800045725,18,2,21,1635,1,1,1,1.0,6.0,78498,M,4891063.0,200527.0,78
201800045726,18,2,21,1849,3,1,9,1.0,7.0,92025,M,4891881.0,222485.0,92
201800045727,18,2,22,2125,5,1,1,1.0,5.0,92064,M,4896318.0,213440.0,92
201800045728,18,2,23,150,3,1,1,1.0,6.0,78490,M,4200000.0,213440.0,78
201800045729,18,2,23,817,1,1,1,1.0,6.0,92064,M,4882777.0,222480.0,92
201800045730,18,2,23,1735,1,1,1,1.0,2.0,78455,M,4885570.0,205728.0,78
201800045731,18,2,23,2115,3,1,1,1.0,6.0,92072,M,,,92
201800045732,18,2,24,730,2,1,1,1.0,6.0,78490,M,4880105.0,195258.0,78
201800045733,18,2,26,1858,3,1,1,1.0,7.0,92050,M,4889262.0,218764.0,92
201800045734,18,2,27,930,1,1,1,1.0,2.0,92047,M,4883763.0,218905.0,92
201800045735,18,3,1,1038,1,1,1,1.0,6.0,92050,M,4891356.0,221856.0,92
201800045736,18,3,2,30,5,1,9,1.0,6.0,92072,M,4200000.0,213440.0,92
201800045737,18,3,2,900,1,1,1,2.0,4.0,78545,M,4881137.0,205663.0,78
201800045738,18,3,2,906,1,1,1,2.0,3.0,92025,M,4891432.0,200573.0,92
201800045739,18,3,2,1600,1,1,1,1.0,4.0,78455,M,4885265.0,206408.0,78
201800045740,18,3,3,650,3,1,1,1.0,6.0,92036,M,4893704.0,229285.0,92
201800045741,18,3,2,1630,1,1,1,1.0,4.0,78455,M,,,78
201800045742,18,3,3,1500,1,1,1,1.0,4.0,92036,M,,,92
201800045743,18,3,4,1820,2,1,1,1.0,7.0,78043,M,4884137.0,209276.0,78
201800045744,18,3,4,2350,5,1,1,1.0,6.0,92050,M,4200000.0,213440.0,92
201800045745,18,3,5,500,5,1,1,1.0,6.0,92036,M,4893370.0,227425.0,92
201800045746,18,3,4,645,3,1,1,2.0,6.0,78043,M,,,78
201800045747,18,3,5,942,1,1,1,1.0,7.0,78640,M,4877765.0,221946.0,78
201800045748,18,3,6,1450,1,1,1,1.0,4.0,92050,M,4890413.0,219718.0,92
201800045749,18,3,8,800,1,1,1,8.0,7.0,78423,M,4890433.0,219716.0,78
201800045750,18,3,8,900,1,1,1,1.0,4.0,92048,M,,,92
201800045751,18,3,9,1430,1,1,1,1.0,2.0,78073,M,4880038.0,198120.0,78
201800045752,18,3,10,200,5,1,1,1.0,6.0,78524,M,,,78
201800045753,18,3,10,535,3,1,1,1.0,6.0,92050,M,4889406.0,218999.0,92
201800045754,18,3,10,950,1,1,1,3.0,5.0,78007,M,4890061.0,200508.0,78
201800045755,18,3,11,440,3,1,1,2.0,7.0,78291,M,4897221.0,173079.0,78
201800045756,18,3,11,624,3,1,1,3.0,6.0,92048,M,4880084.0,221540.0,92
201800045757,18,3,11,445,3,1,1,3.0,4.0,78571,M,4897221.0,173079.0,78
201800045758,18,3,11,1254,1,1,1,1.0,6.0,78007,M,4889896.0,200572.0,78
201800045759,18,3,13,1845,3,1,1,1.0,5.0,78090,M,4897050.0,189082.0,78
201800045760,18,3,14,1232,1,2,1,1.0,2.0,78073,M,4879805.0,200991.0,78
201800045761,18,3,15,850,1,1,1,2.0,2.0,92064,M,4890424.0,219737.0,92
201800045762,18,3,15,1725,1,1,1,1.0,3.0,92048,M,4878790.0,222219.0,92
201800045763,18,3,16,840,1,1,1,1.0,2.0,78043,M,4884758.0,207728.0,78
201800045764,18,3,16,915,1,1,1,1.0,2.0,78672,M,4892838.0,198887.0,78
201800045765,18,3,16,1040,1,1,1,1.0,2.0,78206,M,4895692.0,193539.0,78
201800045766,18,3,16,1145,1,1,1,1.0,7.0,92036,M,4895689.0,193544.0,92
201800045767,18,3,17,1525,1,1,1,2.0,2.0,78140,M,4896695.0,192263.0,78
201800045768,18,3,17,2125,3,1,1,2.0,4.0,78498,M,4891620.0,200539.0,78
201800045769,18,3,19,909,1,1,1,1.0,6.0,78490,M,4879861.0,192441.0,78
201800045770,18,3,19,1745,1,1,1,8.0,6.0,78640,M,4878073.0,222264.0,78
201800045771,18,3,20,410,3,1,1,1.0,7.0,78118,M,,,78
201800045772,18,3,20,1200,1,1,1,1.0,4.0,92036,M,4893707.0,229374.0,92
201800045773,18,3,20,2135,5,2,1,1.0,4.0,92051,M,4888542.0,225866.0,92
201800045774,18,3,21,730,1,1,1,1.0,3.0,78646,M,4879147.0,207242.0,78
201800045775,18,3,22,2103,3,1,1,1.0,6.0,78291,M,,,78
201800045776,18,3,23,655,1,1,1,1.0,7.0,78073,M,4880299.0,204758.0,78
201800045777,18,3,23,1400,1,1,1,1.0,6.0,92062,M,4888798.0,224990.0,92
201800045778,18,3,23,2319,3,1,1,2.0,6.0,78043,M,4200000.0,196200.0,78
201800045779,18,3,25,1910,1,1,1,1.0,3.0,78640,M,4877757.0,221911.0,78
201800045780,18,3,26,550,3,1,1,1.0,2.0,78362,M,4897697.0,171565.0,78