Num_Acc,an,mois,jour,hrmn,lum,agg,int,atm,col,com,gps,lat,long,dep
201800045781,18,3,27,948,1,1,1,2.0,3.0,92062,M,4890367.0,219752.0,92
201800045782,18,3,27,2310,3,1,1,1.0,6.0,78043,M,,,78
201800045783,18,3,28,830,1,1,1,2.0,3.0,78640,M,4878028.0,218231.0,78
201800045784,18,3,28,900,1,1,1,3.0,7.0,78158,M,4883869.0,212383.0,78
201800045785,18,3,28,920,1,1,1,3.0,7.0,78640,M,4878248.0,222319.0,78
201800045786,18,3,28,1828,1,1,1,1.0,6.0,78043,M,4883654.0,208948.0,78
201800045787,18,3,29,2025,5,1,1,1.0,4.0,92026,M,4888981.0,224464.0,92
201800045788,18,3,30,50,5,1,9,2.0,6.0,92050,M,4200000.0,183415.0,92
201800045789,18,3,30,850,1,1,1,8.0,6.0,92072,M,4881897.0,221737.0,92
201800045790,18,3,30,955,1,1,1,1.0,2.0,92047,M,4883331.0,216102.0,92
201800045791,18,3,30,1630,1,1,1,1.0,4.0,78073,M,4880024.0,204498.0,78
201800045792,18,3,30,1745,1,1,1,1.0,6.0,92050,M,4880253.0,213114.0,92
201800045793,18,3,30,1830,1,1,1,1.0,3.0,92025,M,4893263.0,224927.0,92
201800045794,18,3,31,2030,3,1,1,1.0,6.0,78043,M,4884471.0,208997.0,78
201800045795,18,4,3,1145,1,1,1,1.0,2.0,92047,M,4894220.0,195102.0,92
201800045796,18,4,3,1628,1,1,9,1.0,6.0,78217,M,4896277.0,183630.0,78
201800045797,18,4,3,1630,1,1,1,2.0,6.0,92050,M,4891050.0,221590.0,92
201800045798,18,4,3,1716,1,1,1,2.0,6.0,92062,M,4889020.0,224097.0,92
201800045799,18,4,4,645,2,1,1,2.0,4.0,78090,M,4897047.0,189003.0,78
201800045800,18,4,5,1320,1,1,9,1.0,6.0,78322,M,4878520.0,215516.0,78
201800045801,18,4,5,1800,1,1,1,1.0,5.0,92025,M,4892940.0,224122.0,92
201800045802,18,4,6,214,3,1,1,1.0,6.0,78490,M,,,78
201800045803,18,4,6,1419,1,1,1,1.0,6.0,78043,M,4884091.0,209760.0,78
201800045804,18,4,7,340,3,1,9,1.0,3.0,78498,M,4891184.0,200550.0,78
201800045805,18,4,7,1630,1,1,1,1.0,3.0,78498,M,4891563.0,202817.0,78
201800045806,18,4,7,1720,1,1,1,1.0,3.0,92047,M,4883398.0,216549.0,92
201800045807,18,4,8,1930,3,1,1,1.0,2.0,78455,M,4885895.0,205090.0,78
201800045808,18,4,9,745,1,1,1,1.0,7.0,78423,M,4885895.0,205090.0,78
201800045809,18,4,11,834,1,1,1,1.0,3.0,78524,M,4884050.0,211133.0,78
201800045810,18,4,11,944,1,1,1,1.0,6.0,78545,M,4881529.0,206195.0,78
201800045811,18,4,12,735,2,1,1,1.0,6.0,78238,M,4897031.0,187152.0,78
201800045812,18,4,12,1200,1,1,1,1.0,6.0,92036,M,4892195.0,230565.0,92
201800045813,18,4,12,1215,1,1,1,1.0,6.0,78043,M,4883411.0,208658.0,78
201800045814,18,4,12,1840,2,1,1,2.0,4.0,92050,M,,,92
201800045815,18,4,13,735,1,1,1,1.0,6.0,92048,M,4890423.0,219687.0,92
201800045816,18,4,12,1750,5,2,1,2.0,3.0,92051,M,4888576.0,225718.0,92
201800045817,18,4,13,1630,1,1,1,1.0,4.0,78498,M,4891337.0,200519.0,78
201800045818,18,4,14,420,4,1,1,1.0,2.0,78158,M,4883470.0,213282.0,78
201800045819,18,4,14,1049,1,1,1,1.0,3.0,92062,M,4890408.0,219734.0,92
201800045820,18,4,15,1645,1,1,1,1.0,4.0,78640,M,4877700.0,221970.0,78
201800045821,18,4,15,2243,3,1,1,1.0,6.0,78133,M,4888650.0,201200.0,78
201800045822,18,4,16,710,1,1,1,1.0,2.0,78524,M,4884029.0,211482.0,78
201800045823,18,4,17,1620,1,1,1,1.0,2.0,92051,M,4888594.0,225646.0,92
201800045824,18,4,17,1945,1,1,1,1.0,2.0,92036,M,4893027.0,230219.0,92
201800045825,18,4,17,2234,5,1,1,1.0,6.0,78362,M,4897900.0,170490.0,78
201800045826,18,4,18,725,2,1,1,1.0,6.0,78640,M,4877760.0,221894.0,78
201800045827,18,4,18,1655,1,1,1,1.0,2.0,78117,M,4890414.0,219736.0,78
201800045828,18,4,19,920,1,1,1,1.0,2.0,78043,M,4882692.0,207689.0,78
201800045829,18,4,20,1315,1,1,1,1.0,6.0,92064,M,4883890.0,219300.0,92
201800045830,18,4,22,1630,1,1,9,1.0,6.0,92063,M,4888801.0,216748.0,92
201800045831,18,4,23,1920,1,1,1,1.0,2.0,92036,M,4893410.0,226932.0,92
201800045832,18,4,24,550,2,1,1,1.0,6.0,78029,M,4896479.0,184654.0,78
201800045833,18,4,24,1740,1,1,1,1.0,4.0,92025,M,4893323.0,225273.0,92
201800045834,18,4,25,1550,1,1,1,1.0,5.0,78466,M,4892864.0,198868.0,78
201800045835,18,4,26,1050,1,1,1,1.0,6.0,78418,M,4891543.0,213390.0,78
201800045836,18,4,26,1630,1,1,1,1.0,3.0,92050,M,4890431.0,219666.0,92
201800045837,18,4,26,1630,1,1,1,1.0,2.0,92064,M,4884440.0,222296.0,92
201800045838,18,4,26,2120,3,1,1,1.0,4.0,78640,M,,,78
201800045839,18,4,27,1710,1,1,1,1.0,4.0,78133,M,4889100.0,200949.0,78
201800045840,18,4,30,2235,5,1,1,2.0,5.0,92012,M,4884773.0,222493.0,92
201800045841,18,5,1,2340,3,1,1,2.0,6.0,78455,M,,,78
201800045842,18,5,1,550,5,1,9,2.0,7.0,92062,M,4890440.0,219674.0,92
201800045843,18,5,1,820,1,1,9,1.0,6.0,92012,M,4884829.0,222646.0,92
201800045844,18,5,1,2140,3,1,1,1.0,6.0,78571,M,,,78
201800045845,18,5,2,750,1,1,1,1.0,4.0,78126,M,4883828.0,212281.0,78
201800045846,18,5,3,814,1,1,1,1.0,5.0,92047,M,4883420.0,216800.0,92
201800045847,18,5,3,1035,1,2,1,1.0,2.0,92051,M,4883420.0,216800.0,92
201800045848,18,5,4,1620,1,1,1,1.0,6.0,92050,M,4891400.0,221930.0,92
201800045849,18,5,4,1640,1,1,1,1.0,7.0,92036,M,4892914.0,230250.0,92
201800045850,18,5,4,1640,1,1,1,1.0,2.0,92036,M,4892914.0,230250.0,92
201800045851,18,5,4,2240,5,1,9,1.0,6.0,92050,M,,,92
201800045852,18,5,4,1907,1,1,1,1.0,4.0,92048,M,,,92
201800045853,18,5,4,1937,1,1,1,1.0,6.0,78133,M,,,78
201800045854,18,5,6,1359,1,1,1,1.0,2.0,92023,M,4877590.0,222980.0,92
201800045855,18,5,7,15,3,1,1,1.0,4.0,78206,M,4895181.0,194169.0,78
201800045856,18,5,7,1837,1,1,1,1.0,4.0,92064,M,4883759.0,218987.0,92
201800045857,18,5,8,1843,1,1,1,1.0,7.0,78423,M,4879826.0,204467.0,78
201800045858,18,5,15,1950,1,2,1,1.0,6.0,92051,M,4888529.0,225845.0,92
201800045859,18,5,16,905,1,1,9,1.0,6.0,92050,M,4891007.0,221518.0,92
201800045860,18,5,16,1055,1,1,1,1.0,6.0,78140,M,4896446.0,192560.0,78
201800045861,18,5,16,2000,1,1,1,1.0,6.0,92063,M,4887303.0,215638.0,92
201800045862,18,5,18,1224,1,1,1,1.0,7.0,92062,M,,,92
201800045863,18,5,18,2007,1,1,1,1.0,3.0,78498,M,4891311.0,200569.0,78
201800045864,18,5,18,1957,1,1,1,1.0,5.0,92050,M,4891534.0,222029.0,92
201800045865,18,5,19,1700,1,1,1,1.0,2.0,92025,M,4892884.0,223905.0,92
201800045866,18,5,20,745,1,1,1,1.0,7.0,78640,M,4877760.0,222323.0,78
201800045867,18,5,21,1040,1,1,1,1.0,6.0,78043,M,,,78
201800045868,18,5,22,1953,1,1,1,2.0,5.0,78490,M,4879940.0,196409.0,78
201800045869,18,5,23,120,5,1,9,1.0,6.0,78418,M,4891350.0,215690.0,78
201800045870,18,5,23,1715,1,1,1,1.0,2.0,92072,M,4881154.0,221205.0,92
201800045871,18,5,24,605,1,1,1,1.0,6.0,92050,M,,,92
201800045872,18,5,24,1400,1,1,1,1.0,2.0,78646,M,4879295.0,208558.0,78
201800045873,18,5,25,2045,1,1,1,2.0,6.0,78321,M,4879910.0,191970.0,78
201800045874,18,5,28,800,1,1,1,1.0,3.0,78291,M,4897565.0,172352.0,78
201800045875,18,5,28,915,1,1,1,1.0,4.0,78158,M,4883509.0,213154.0,78
201800045876,18,5,29,546,3,1,1,1.0,7.0,78571,M,4887926.0,201788.0,78
201800045877,18,5,29,838,1,1,1,1.0,2.0,92050,M,4891135.0,221663.0,92
201800045878,18,5,29,928,1,1,1,8.0,3.0,92050,M,4889262.0,218627.0,92
201800045879,18,5,30,816,1,1,1,1.0,6.0,78090,M,4896956.0,191330.0,78
201800045880,18,5,30,810,1,1,1,1.0,6.0,78490,M,,,78
201800045881,18,5,30,1814,1,1,1,1.0,2.0,78640,M,4877816.0,220886.0,78
201800045882,18,5,31,730,1,1,1,1.0,1.0,92047,M,4883341.0,216317.0,92
201800045883,18,5,31,730,1,1,1,1.0,3.0,78043,M,4883813.0,209136.0,78
201800045884,18,5,31,1240,1,1,1,1.0,4.0,75116,M,4884825.0,224522.0,75
201800045885,18,5,31,1615,1,1,1,1.0,3.0,92036,M,4893378.0,227298.0,92
201800045886,18,5,31,1810,5,1,1,1.0,4.0,92050,M,4890809.0,221359.0,92
201800045887,18,5,31,1850,1,1,1,1.0,3.0,92050,M,4890317.0,220551.0,92
201800045888,18,6,1,35,5,1,1,1.0,2.0,92050,M,,,92
201800045889,18,6,1,820,1,1,1,1.0,2.0,92072,M,4882375.0,222165.0,92
201800045890,18,6,1,950,1,1,1,1.0,6.0,78007,M,4890094.0,200507.0,78
201800045891,18,6,1,1130,1,1,1,1.0,4.0,92025,M,4893415.0,225572.0,92
201800045892,18,6,1,1410,1,1,1,2.0,2.0,78362,M,4898206.0,168942.0,78
201800045893,18,6,1,1615,1,1,1,1.0,3.0,92025,M,4892646.0,223529.0,92
201800045894,18,6,1,1845,1,1,1,1.0,2.0,92050,M,4891503.0,222008.0,92
201800045895,18,6,1,2030,1,1,1,1.0,3.0,78640,M,4877734.0,222302.0,78
201800045896,18,6,3,330,4,1,1,1.0,6.0,92048,M,,,92
201800045897,18,6,5,900,1,1,1,3.0,2.0,78362,M,4897803.0,171008.0,78
201800045898,18,6,5,1935,1,1,1,1.0,4.0,78126,M,4883687.0,212640.0,78
201800045899,18,6,6,725,2,1,1,2.0,4.0,92062,M,4888662.0,225416.0,92
201800045900,18,6,6,1355,1,1,1,1.0,6.0,78362,M,4897535.0,172459.0,78
201800045901,18,6,6,2000,1,1,1,1.0,2.0,78640,M,4877749.0,222086.0,78
201800045902,18,6,7,1510,1,1,1,1.0,6.0,78455,M,4886000.0,204815.0,78
201800045903,18,6,7,1915,1,1,1,1.0,5.0,92050,M,4886002.0,204818.0,92
201800045904,18,6,8,330,5,2,1,1.0,2.0,92051,M,4888450.0,226780.0,92
201800045905,18,6,8,1335,1,1,1,1.0,3.0,92064,M,4883949.0,221928.0,92
201800045906,18,6,8,1410,1,1,1,1.0,3.0,78043,M,,,78
201800045907,18,6,8,1745,1,1,1,1.0,2.0,78640,M,4877762.0,221871.0,78
201800045908,18,6,8,1645,1,1,1,1.0,4.0,92064,M,4883987.0,220395.0,92
201800045909,18,6,8,1830,1,1,1,1.0,6.0,92048,M,4879821.0,221661.0,92
201800045910,18,6,11,855,1,1,1,8.0,6.0,92050,M,4889200.0,217903.0,92
201800045911,18,6,11,1145,1,1,1,1.0,7.0,78322,M,,,78
201800045912,18,6,11,2100,2,1,1,3.0,6.0,92025,M,4893476.0,225902.0,92
201800045913,18,6,12,20,3,1,9,2.0,6.0,92064,M,,,92
201800045914,18,6,12,945,1,1,1,2.0,3.0,92047,M,,,92
201800045915,18,6,12,750,1,1,1,3.0,2.0,78126,M,,,78
201800045916,18,6,13,120,3,1,1,1.0,2.0,92036,M,4893503.0,228398.0,92
201800045917,18,6,13,835,1,1,1,1.0,3.0,78640,M,4890443.0,219706.0,78
201800045918,18,6,13,1345,1,1,1,1.0,3.0,92025,M,4892830.0,223880.0,92
201800045919,18,6,14,835,1,1,1,1.0,2.0,78646,M,4879079.0,210831.0,78
201800045920,18,6,14,1410,1,1,1,1.0,3.0,92036,M,4893536.0,228544.0,92
201800045921,18,6,14,1900,1,1,1,1.0,3.0,92050,M,4890527.0,220898.0,92
201800045922,18,6,14,1850,1,1,1,1.0,7.0,78640,M,,,78
201800045923,18,6,15,1355,1,1,1,1.0,2.0,78402,M,4892535.0,199842.0,78
201800045924,18,6,15,1445,1,1,1,1.0,7.0,92025,M,4893156.0,224607.0,92
201800045925,18,6,15,1853,1,1,1,1.0,2.0,78073,M,4890521.0,220911.0,78
201800045926,18,6,15,2130,2,1,1,7.0,3.0,92062,M,4888712.0,225213.0,92
201800045927,18,6,16,930,1,1,1,1.0,4.0,92064,M,4883795.0,219044.0,92
201800045928,18,6,16,1110,1,1,1,1.0,7.0,78490,M,4879883.0,193387.0,78
201800045929,18,6,16,1625,1,1,1,1.0,4.0,78362,M,4897808.0,171048.0,78
201800045930,18,6,16,2345,3,1,1,1.0,3.0,92036,M,4893429.0,227071.0,92
201800045931,18,6,18,720,1,1,1,1.0,6.0,78640,M,4878094.0,222232.0,78
201800045932,18,6,18,820,2,1,1,1.0,7.0,92076,M,4883199.0,215233.0,92
201800045933,18,6,18,930,1,1,1,2.0,6.0,78362,M,4977211.0,171531.0,78
201800045934,18,6,18,2010,1,1,1,1.0,7.0,92025,M,4878491.0,206021.0,92
201800045935,18,6,19,820,1,1,1,1.0,2.0,92050,M,,,92
201800045936,18,6,18,500,2,1,1,1.0,7.0,78490,M,4879924.0,196355.0,78
201800045937,18,6,19,1200,1,1,1,1.0,2.0,78242,M,4880553.0,205100.0,78
201800045938,18,6,20,1025,1,1,1,1.0,2.0,78640,M,4878141.0,222295.0,78
201800045939,18,6,22,410,5,1,1,1.0,2.0,92050,M,4891106.0,221657.0,92
201800045940,18,6,22,800,1,1,1,1.0,3.0,92076,M,4883192.0,215196.0,92
201800045941,18,6,22,1222,1,1,1,1.0,6.0,78206,M,4895588.0,193709.0,78
201800045942,18,6,22,1440,1,1,1,1.0,4.0,78043,M,4883663.0,208971.0,78
201800045943,18,6,22,1630,1,1,1,1.0,6.0,92063,M,4890402.0,219694.0,92
201800045944,18,6,22,1635,1,1,1,1.0,4.0,78362,M,4897808.0,171020.0,78
201800045945,18,6,22,1810,1,1,1,1.0,2.0,78640,M,4878304.0,222288.0,78
201800045946,18,6,22,1920,1,1,1,1.0,5.0,78043,M,4883179.0,208357.0,78
201800045947,18,6,23,640,1,1,1,7.0,6.0,78029,M,4881047.0,221220.0,78
201800045948,18,6,23,856,1,1,9,1.0,6.0,78423,M,4879511.0,204735.0,78
201800045949,18,6,24,1738,1,1,1,1.0,5.0,92025,M,,,92
201800045950,18,6,25,815,1,1,1,1.0,4.0,92025,M,,,92
201800045951,18,6,25,850,1,1,1,1.0,2.0,92064,M,,,92
201800045952,18,6,25,2000,1,1,1,1.0,2.0,92023,M,4890398.0,219702.0,92
201800045953,18,6,26,618,1,1,1,1.0,2.0,92036,M,4893443.0,227060.0,92
201800045954,18,6,26,1445,1,1,1,1.0,6.0,92048,M,4879455.0,221863.0,92
201800045955,18,6,27,815,1,1,1,1.0,4.0,78466,M,4892841.0,198871.0,78
201800045956,18,6,27,1903,1,1,1,1.0,2.0,92076,M,4883161.0,214318.0,92
201800045957,18,6,28,828,1,1,1,1.0,2.0,78117,M,4878801.0,214422.0,78
201800045958,18,6,29,822,1,1,1,1.0,2.0,78640,M,4877738.0,222055.0,78
201800045959,18,6,29,1615,1,1,1,1.0,4.0,92064,M,4890412.0,219715.0,92
201800045960,18,6,29,1810,1,1,1,1.0,5.0,78396,M,4890412.0,219716.0,78
201800045961,18,6,30,610,2,1,1,1.0,6.0,92051,M,4888639.0,225634.0,92
201800045962,18,6,30,1841,1,1,1,1.0,6.0,78362,M,4897266.0,173009.0,78
201800045963,18,6,30,1930,1,1,1,1.0,4.0,78640,M,4877833.0,220953.0,78
201800045964,18,6,30,2045,1,1,1,1.0,5.0,78322,M,4878156.0,216513.0,78
201800045965,18,7,1,1423,1,1,1,1.0,6.0,92072,M,4881407.0,221434.0,92
201800045966,18,7,2,803,1,1,1,1.0,2.0,92048,M,4890401.0,219721.0,92
201800045967,18,7,2,815,1,1,1,1.0,2.0,78126,M,4883565.0,212956.0,78
201800045968,18,7,2,2045,1,1,1,1.0,3.0,78217,M,4896486.0,181932.0,78
201800045969,18,7,3,1552,1,1,1,1.0,3.0,78133,M,4887630.0,202125.0,78
201800045970,18,7,3,1543,1,1,1,1.0,4.0,78133,M,4878801.0,214422.0,78
201800045971,18,7,4,1415,1,1,1,1.0,2.0,78640,M,4890375.0,219715.0,78
201800045972,18,7,4,1715,1,1,1,1.0,3.0,78402,M,4878197.0,218581.0,78
201800045973,18,7,5,643,1,1,1,1.0,3.0,78140,M,4896370.0,192633.0,78
201800045974,18,7,5,850,1,1,1,1.0,2.0,92048,M,4880020.0,221588.0,92
201800045975,18,7,5,1230,1,1,1,1.0,7.0,78640,M,4877705.0,222233.0,78
201800045976,18,7,5,1720,1,1,1,1.0,5.0,78640,M,4879902.0,198770.0,78
201800045977,18,7,6,1530,1,1,1,1.0,3.0,78297,M,4878867.0,206110.0,78
201800045978,18,7,6,1515,1,1,1,1.0,4.0,92064,M,,,92
201800045979,18,7,6,1555,1,1,1,1.0,2.0,78402,M,4896433.0,179712.0,78
201800045980,18,7,9,853,1,1,1,1.0,4.0,78524,M,4883983.0,211552.0,78
201800045981,18,7,9,1145,1,1,1,1.0,3.0,78545,M,4890412.0,219742.0,78
201800045982,18,7,9,1315,1,1,1,1.0,6.0,78206,M,4894603.0,194809.0,78
201800045983,18,7,9,1633,1,1,1,1.0,7.0,78321,M,4879670.0,190767.0,78
201800045984,18,7,9,1716,1,1,1,1.0,4.0,92064,M,4884407.0,222291.0,92
201800045985,18,7,10,840,1,1,1,1.0,6.0,92050,M,,,92
201800045986,18,7,10,1530,1,1,1,1.0,1.0,92047,M,4883690.0,218700.0,92
201800045987,18,7,11,1159,1,1,1,1.0,2.0,78043,M,4884006.0,209288.0,78
201800045988,18,7,11,1910,1,1,1,1.0,3.0,78640,M,4877825.0,221051.0,78
201800045989,18,7,12,855,1,1,1,1.0,3.0,78043,M,4883689.0,208992.0,78
201800045990,18,7,12,940,1,1,1,1.0,7.0,92025,M,4887926.0,500000.0,92
201800045991,18,7,12,915,1,1,1,1.0,4.0,92064,M,,,92
201800045992,18,7,12,1245,1,1,1,1.0,3.0,78043,M,4880023.0,204510.0,78
201800045993,18,7,13,845,1,1,1,1.0,5.0,92064,M,4883839.0,219195.0,92
201800045994,18,7,13,1750,1,1,1,1.0,2.0,78242,M,4880389.0,204896.0,78
201800045995,18,7,13,1929,1,1,1,1.0,2.0,78133,M,4891429.0,204122.0,78
201800045996,18,7,13,2050,2,1,1,1.0,2.0,78217,M,4896354.0,183010.0,78
201800045997,18,7,14,150,5,1,1,1.0,2.0,78466,M,4892757.0,199148.0,78
201800045998,18,7,14,1035,1,1,1,1.0,4.0,78238,M,4890441.0,219693.0,78
201800045999,18,7,14,2120,4,1,1,1.0,2.0,92062,M,4888910.0,224360.0,92
201800046000,18,7,16,410,3,1,1,1.0,6.0,92036,M,4893395.0,227838.0,92
201800046001,18,7,17,739,1,1,1,1.0,3.0,78242,M,4880555.0,205097.0,78
201800046002,18,7,17,1510,1,1,1,1.0,2.0,78498,M,4890903.0,200549.0,78
201800046003,18,7,18,1120,1,1,1,1.0,2.0,92025,M,4892372.0,222944.0,92
201800046004,18,7,18,1228,1,1,1,1.0,2.0,78466,M,4892972.0,198470.0,78
201800046005,18,7,19,440,5,1,1,1.0,6.0,92064,M,4883909.0,221822.0,92
201800046006,18,7,19,2215,3,1,9,1.0,2.0,92050,M,4891509.0,222025.0,92
201800046007,18,7,20,125,3,1,1,1.0,6.0,78322,M,,,78
201800046008,18,7,20,1650,1,1,1,1.0,3.0,92050,M,4891456.0,221987.0,92
201800046009,18,7,20,1807,1,1,1,1.0,2.0,92063,M,4888940.0,216870.0,92
201800046010,18,7,20,1835,1,1,1,1.0,2.0,92051,M,4888427.0,226223.0,92
201800046011,18,7,21,1715,1,2,1,1.0,2.0,78423,M,4879557.0,203358.0,78
201800046012,18,7,24,1248,1,1,1,1.0,2.0,78640,M,4890406.0,219722.0,78
201800046013,18,7,25,820,1,1,1,1.0,3.0,92023,M,4877601.0,222937.0,92
201800046014,18,7,25,1530,1,1,9,1.0,2.0,78640,M,4890427.0,219712.0,78
201800046015,18,7,25,1630,1,1,1,1.0,7.0,78073,M,4890400.0,219716.0,78
201800046016,18,7,26,935,1,1,1,1.0,4.0,78297,M,4879000.0,205873.0,78
201800046017,18,7,26,1850,1,1,1,1.0,2.0,92064,M,4883690.0,218655.0,92
201800046018,18,7,28,1730,1,1,1,1.0,7.0,92063,M,4888621.0,216625.0,92
201800046019,18,7,30,1100,1,1,1,1.0,2.0,78545,M,,,78
201800046020,18,7,31,15,5,1,1,1.0,6.0,78242,M,4880628.0,205176.0,78
201800046021,18,7,31,1515,1,1,1,1.0,6.0,78418,M,4891592.0,213108.0,78
201800046022,18,8,1,2345,3,1,1,1.0,2.0,78571,M,,,78
201800046023,18,8,3,1345,1,1,1,1.0,4.0,78291,M,4896526.0,176002.0,78
201800046024,18,8,3,1621,1,1,1,1.0,5.0,92050,M,4891596.0,222100.0,92
201800046025,18,8,4,255,3,1,1,1.0,6.0,92036,M,4893565.0,226279.0,92
201800046026,18,8,4,1420,1,1,1,1.0,2.0,78498,M,4890417.0,219678.0,78
201800046027,18,8,4,2345,4,1,1,1.0,3.0,92036,M,4893509.0,228269.0,92
201800046028,18,8,5,300,3,1,1,1.0,7.0,92025,M,4893532.0,226005.0,92
201800046029,18,8,7,140,3,1,1,1.0,6.0,78126,M,4889259.0,218662.0,78
201800046030,18,8,7,930,1,1,1,1.0,3.0,92072,M,4890394.0,219735.0,92
201800046031,18,8,7,945,1,1,1,1.0,2.0,92025,M,4891812.0,222273.0,92
201800046032,18,8,8,1130,1,1,1,1.0,2.0,92064,M,4883950.0,220289.0,92
201800046033,18,8,9,709,2,1,1,1.0,7.0,92063,M,4894209.0,195122.0,92
201800046034,18,8,9,1855,1,1,1,1.0,3.0,78455,M,4885992.0,204860.0,78
201800046035,18,8,10,855,1,1,1,1.0,4.0,92025,M,4893188.0,224716.0,92
201800046036,18,8,13,400,3,1,9,2.0,6.0,78402,M,4896405.0,179106.0,78
201800046037,18,8,16,120,3,1,1,1.0,2.0,92047,M,4883492.0,217379.0,92
201800046038,18,8,16,2130,3,1,1,1.0,7.0,78545,M,4882004.0,206846.0,78
201800046039,18,8,17,800,1,1,1,1.0,5.0,78206,M,4895581.0,193670.0,78
201800046040,18,8,21,120,3,1,1,1.0,2.0,78291,M,,,78
201800046041,18,8,22,1600,1,1,1,1.0,2.0,78321,M,4880042.0,184707.0,78
201800046042,18,8,22,1640,1,1,1,1.0,2.0,78321,M,4879319.0,188758.0,78
201800046043,18,8,23,853,1,1,1,1.0,3.0,78043,M,4883790.0,209042.0,78
201800046044,18,8,23,1850,1,1,1,1.0,3.0,92012,M,4884859.0,223120.0,92
201800046045,18,8,24,1148,1,1,1,1.0,6.0,92036,M,4893572.0,226302.0,92
201800046046,18,8,24,1630,1,1,1,1.0,2.0,92048,M,4881202.0,221339.0,92
201800046047,18,8,24,2135,3,1,1,1.0,6.0,78206,M,4890402.0,219691.0,78
201800046048,18,8,25,1614,1,1,1,1.0,4.0,78043,M,4884131.0,209764.0,78
201800046049,18,8,25,1640,1,1,1,1.0,6.0,78362,M,4898176.0,169042.0,78
201800046050,18,8,27,720,1,1,1,1.0,2.0,92062,M,4888813.0,224953.0,92
201800046051,18,8,27,1735,1,1,1,1.0,4.0,78455,M,4885296.0,206300.0,78
201800046052,18,8,27,2125,3,1,1,1.0,7.0,92063,M,4888653.0,216574.0,92
201800046053,18,8,28,802,1,1,1,1.0,2.0,78640,M,4877632.0,222770.0,78
201800046054,18,8,28,1425,1,1,1,1.0,3.0,78640,M,4877836.0,221256.0,78
201800046055,18,8,29,1225,1,1,1,2.0,6.0,78362,M,4890392.0,219682.0,78
201800046056,18,8,30,1115,1,1,1,1.0,2.0,92050,M,4890322.0,220607.0,92
201800046057,18,8,30,2240,3,1,1,1.0,6.0,78646,M,4894126.0,195480.0,78
201800046058,18,6,14,1455,1,1,1,1.0,2.0,78297,M,4878891.0,206088.0,78
201800046059,18,8,31,1456,1,1,1,1.0,2.0,78117,M,4878820.0,213790.0,78
201800046060,18,9,1,1629,1,1,1,1.0,2.0,92050,M,4891611.0,222083.0,92
201800046061,18,9,2,1710,1,1,1,1.0,4.0,78362,M,4897824.0,170949.0,78
201800046062,18,9,2,1715,1,1,1,1.0,2.0,78362,M,4890403.0,219700.0,78
201800046063,18,9,3,757,1,1,1,1.0,2.0,92036,M,4892990.0,230212.0,92
201800046064,18,9,3,950,1,1,1,1.0,3.0,78242,M,4880550.0,205100.0,78
201800046065,18,9,3,1700,1,1,1,1.0,4.0,92025,M,4892988.0,224166.0,92
201800046066,18,9,4,1420,1,1,1,1.0,7.0,92036,M,,,92
201800046067,18,9,4,2324,5,1,1,1.0,6.0,92063,M,4890429.0,219706.0,92
201800046068,18,9,5,815,1,1,1,1.0,7.0,78640,M,4877766.0,221716.0,78
201800046069,18,9,6,900,1,1,1,1.0,3.0,78640,M,,,78
201800046070,18,9,6,2300,5,1,9,1.0,7.0,78362,M,4897700.0,171893.0,78
201800046071,18,9,7,700,1,1,1,1.0,3.0,78640,M,,,78
201800046072,18,9,7,1730,1,1,1,1.0,4.0,92048,M,4879700.0,221725.0,92
201800046073,18,9,8,1330,1,1,1,1.0,4.0,92036,M,4893547.0,226233.0,92
201800046074,18,9,8,2035,2,1,9,1.0,4.0,78640,M,4877788.0,221925.0,78
201800046075,18,9,9,706,2,1,1,1.0,3.0,78571,M,4887310.0,202389.0,78
201800046076,18,9,11,823,1,1,1,1.0,3.0,78646,M,4878955.0,212646.0,78
201800046077,18,9,11,845,5,1,1,1.0,3.0,92050,M,,,92
201800046078,18,9,11,1730,1,1,1,1.0,4.0,78455,M,,,78
201800046079,18,9,11,1725,1,1,1,1.0,5.0,78362,M,4890429.0,219724.0,78
201800046080,18,9,11,1845,1,1,1,1.0,2.0,78124,M,,,78
201800046081,18,9,12,920,1,1,1,1.0,3.0,92025,M,,,92
201800046082,18,9,13,610,3,1,9,2.0,6.0,78217,M,4896483.0,181816.0,78
201800046083,18,9,13,1445,1,1,1,1.0,3.0,92025,M,4892550.0,223360.0,92
201800046084,18,9,13,2330,3,1,1,1.0,2.0,78545,M,4881300.0,205850.0,78
201800046085,18,9,14,1720,1,1,1,1.0,4.0,78238,M,4897028.0,187073.0,78
201800046086,18,9,14,1819,1,1,1,1.0,5.0,92050,M,4891382.0,221906.0,92
201800046087,18,9,16,1320,1,1,1,1.0,2.0,78217,M,4896504.0,180280.0,78
201800046088,18,9,16,1800,1,1,1,1.0,4.0,78362,M,,,78
201800046089,18,9,16,1845,1,1,1,1.0,2.0,78640,M,4890374.0,219719.0,78
201800046090,18,9,17,330,5,1,1,1.0,2.0,92051,M,4888380.0,226340.0,92
201800046091,18,9,17,935,1,1,1,1.0,2.0,78007,M,4889834.0,200561.0,78
201800046092,18,9,18,820,1,1,1,1.0,3.0,78545,M,4890396.0,219714.0,78
201800046093,18,9,18,853,1,1,1,1.0,4.0,78466,M,,,78
201800046094,18,9,18,1135,1,1,1,1.0,4.0,92064,M,4890431.0,219759.0,92
201800046095,18,9,18,1850,1,1,1,1.0,3.0,92050,M,4890420.0,220755.0,92
201800046096,18,9,18,2110,3,1,1,1.0,4.0,78640,M,4877620.0,222726.0,78