Num_Acc,an,mois,jour,hrmn,lum,agg,int,atm,col,com,gps,lat,long,dep
201800046097,18,9,19,1819,1,1,1,1.0,3.0,78423,M,4879655.0,203655.0,78
201800046098,18,9,20,905,1,1,1,1.0,4.0,78423,M,4879873.0,199900.0,78
201800046099,18,9,20,946,1,1,1,1.0,5.0,78321,M,4880054.0,183722.0,78
201800046100,18,9,21,926,1,1,1,2.0,3.0,92036,M,4893455.0,226972.0,92
201800046101,18,9,21,1257,1,1,1,1.0,3.0,92025,M,4891953.0,222432.0,92
201800046102,18,9,23,930,1,1,1,1.0,6.0,92050,M,4890320.0,220509.0,92
201800046103,18,9,23,1645,1,1,1,2.0,2.0,92050,M,,,92
201800046104,18,9,23,1800,1,1,1,3.0,6.0,78524,M,4884172.0,210884.0,78
201800046105,18,9,23,1840,1,1,1,1.0,7.0,78640,M,,,78
201800046106,18,9,23,1930,3,1,1,2.0,4.0,92025,M,4884172.0,210884.0,92
201800046107,18,9,24,730,2,1,1,1.0,3.0,78640,M,,,78
201800046108,18,9,24,950,1,1,1,1.0,3.0,92025,M,4892420.0,223106.0,92
201800046109,18,9,24,1300,1,1,9,1.0,6.0,92050,M,4889972.0,220057.0,92
201800046110,18,9,24,1400,1,1,1,1.0,3.0,78117,M,4878781.0,214467.0,78
201800046111,18,9,24,1510,1,1,1,1.0,7.0,78646,M,4879014.0,211661.0,78
201800046112,18,9,24,1815,1,1,1,1.0,6.0,78362,M,4897758.0,171272.0,78
201800046113,18,9,25,50,3,1,1,1.0,2.0,92025,M,4893460.0,225770.0,92
201800046114,18,9,25,1743,1,1,1,1.0,6.0,78640,M,,,78
201800046115,18,9,25,1835,1,1,1,1.0,2.0,92047,M,4883477.0,217388.0,92
201800046116,18,9,26,830,1,1,1,1.0,6.0,92051,M,4888571.0,225670.0,92
201800046117,18,9,26,2225,4,1,1,1.0,6.0,92036,M,4893579.0,226232.0,92
201800046118,18,9,28,830,1,1,1,1.0,3.0,92064,M,4883842.0,219175.0,92
201800046119,18,9,28,1215,1,1,1,1.0,2.0,92025,M,4891875.0,222350.0,92
201800046120,18,9,28,1205,1,1,1,1.0,3.0,92036,M,4893693.0,229231.0,92
201800046121,18,9,29,620,3,1,1,1.0,5.0,78029,M,4896422.0,184545.0,78
201800046122,18,9,30,1401,1,1,1,1.0,6.0,92025,M,4893442.0,225816.0,92
201800046123,18,10,1,848,1,1,1,1.0,2.0,78640,M,4878057.0,217844.0,78
201800046124,18,10,1,1311,1,1,1,1.0,3.0,92036,M,4856078.0,215400.0,92
201800046125,18,10,1,1550,1,1,1,1.0,3.0,92050,M,4890820.0,221380.0,92
201800046126,18,10,1,1626,1,1,1,1.0,3.0,92025,M,4892790.0,223851.0,92
201800046127,18,10,1,1825,1,1,1,1.0,6.0,92036,M,4893386.0,227299.0,92
201800046128,18,10,2,838,1,1,1,1.0,3.0,92025,M,4892361.0,222907.0,92
201800046129,18,10,2,848,1,1,1,1.0,2.0,78466,M,4892710.0,299283.0,78
201800046130,18,10,2,1038,1,1,1,1.0,4.0,92025,M,4892150.0,222617.0,92
201800046131,18,10,3,1610,1,1,1,1.0,2.0,92036,M,4856800.0,215460.0,92
201800046132,18,10,4,828,2,1,1,1.0,2.0,78423,M,,,78
201800046133,18,10,5,917,1,1,1,1.0,7.0,78640,M,4878080.0,217595.0,78
201800046134,18,10,5,1830,4,1,1,1.0,2.0,92050,M,,,92
201800046135,18,10,5,2246,3,1,1,1.0,6.0,78490,M,4879916.0,196361.0,78
201800046136,18,10,5,2113,5,1,1,1.0,6.0,78362,M,4800000.0,168770.0,78
201800046137,18,10,7,520,3,1,1,1.0,6.0,78490,M,4880010.0,196929.0,78
201800046138,18,10,7,930,1,1,1,1.0,6.0,92036,M,4880011.0,196933.0,92
201800046139,18,10,7,1335,1,1,1,2.0,6.0,78217,M,4890434.0,219675.0,78
201800046140,18,10,8,755,1,1,1,1.0,5.0,78431,M,4893606.0,196186.0,78
201800046141,18,10,8,1928,1,1,1,1.0,4.0,78297,M,,,78
201800046142,18,10,8,2030,5,1,1,1.0,3.0,92036,M,4893000.0,230230.0,92
201800046143,18,10,9,850,1,1,1,1.0,3.0,78640,M,4878530.0,222310.0,78
201800046144,18,10,9,1240,1,1,1,1.0,6.0,78090,M,4897010.0,190990.0,78
201800046145,18,10,9,1845,5,1,1,1.0,3.0,92063,M,4887095.0,215662.0,92
201800046146,18,10,9,1830,1,1,1,1.0,2.0,78455,M,4884790.0,207527.0,78
201800046147,18,10,10,730,1,1,1,1.0,3.0,78126,M,,,78
201800046148,18,10,10,1930,3,1,1,1.0,2.0,78640,M,,,78
201800046149,18,10,11,650,2,1,1,1.0,3.0,78126,M,,,78
201800046150,18,10,11,948,1,1,1,1.0,3.0,92025,M,4891920.0,222385.0,92
201800046151,18,10,11,1555,1,1,1,1.0,6.0,92025,M,,,92
201800046152,18,10,11,1850,1,1,1,2.0,3.0,92047,M,,,92
201800046153,18,10,13,430,5,1,1,1.0,6.0,92050,M,4889956.0,220028.0,92
201800046154,18,10,13,515,3,1,1,1.0,6.0,78208,M,,,78
201800046155,18,10,13,1145,1,1,1,1.0,3.0,92047,M,,,92
201800046156,18,10,13,2016,3,1,1,1.0,2.0,92050,M,4891822.0,222322.0,92
201800046157,18,10,14,510,3,1,1,1.0,2.0,78545,M,4881734.0,206400.0,78
201800046158,18,10,15,1728,1,1,1,1.0,3.0,92051,M,4888665.0,225480.0,92
201800046159,18,10,16,835,1,1,1,1.0,3.0,92048,M,,,92
201800046160,18,10,16,1220,1,1,1,1.0,2.0,78362,M,4897000.0,170000.0,78
201800046161,18,10,16,1445,1,1,1,1.0,2.0,78466,M,4891880.0,200454.0,78
201800046162,18,10,16,1805,1,1,1,1.0,3.0,78297,M,4890406.0,219745.0,78
201800046163,18,10,16,1830,2,1,1,1.0,2.0,92051,M,,,92
201800046164,18,10,17,340,5,1,9,1.0,3.0,78238,M,4897010.0,187150.0,78
201800046165,18,10,17,700,5,1,1,1.0,3.0,78490,M,4880277.0,197166.0,78
201800046166,18,10,17,725,2,1,1,1.0,4.0,78126,M,4890408.0,219704.0,78
201800046167,18,10,17,1709,1,1,1,1.0,3.0,92048,M,4881019.0,221206.0,92
201800046168,18,10,18,1903,3,1,1,1.0,3.0,92050,M,4890284.0,220525.0,92
201800046169,18,10,18,1945,5,1,1,1.0,3.0,92050,M,4891645.0,222101.0,92
201800046170,18,10,19,940,1,1,1,5.0,3.0,78043,M,,,78
201800046171,18,10,19,1945,3,1,1,1.0,3.0,78043,M,4884556.0,208517.0,78
201800046172,18,10,19,2101,3,1,1,1.0,2.0,78043,M,4883420.0,208670.0,78
201800046173,18,10,19,2240,5,1,1,1.0,2.0,92036,M,4893500.0,230250.0,92
201800046174,18,10,20,2310,5,1,9,1.0,5.0,78524,M,4883990.0,211680.0,78
201800046175,18,10,21,642,3,1,1,1.0,6.0,75116,M,4884830.0,224618.0,75
201800046176,18,10,21,1145,1,1,1,1.0,6.0,78206,M,4894885.0,194565.0,78
201800046177,18,10,21,1435,1,1,1,1.0,6.0,78646,M,4890409.0,219737.0,78
201800046178,18,10,22,730,3,1,1,1.0,1.0,78158,M,,,78
201800046179,18,9,29,1500,1,1,1,1.0,3.0,92047,M,4883532.0,217600.0,92
201800046180,18,10,23,755,2,1,1,1.0,4.0,92051,M,4882000.0,212000.0,92
201800046181,18,10,23,1250,1,1,1,1.0,2.0,92047,M,,,92
201800046182,18,10,25,103,3,1,1,1.0,6.0,78158,M,4883480.0,213270.0,78
201800046183,18,10,25,1000,1,1,1,1.0,2.0,92050,M,,,92
201800046184,18,10,26,1435,1,1,1,1.0,6.0,78423,M,,,78
201800046185,18,10,27,1830,3,1,1,1.0,7.0,78362,M,4897203.0,173140.0,78
201800046186,18,10,27,2130,3,1,1,1.0,2.0,92047,M,4883660.0,218530.0,92
201800046187,18,10,27,2340,3,1,1,1.0,2.0,75116,M,4884860.0,224880.0,75
201800046188,18,10,28,735,2,2,1,1.0,6.0,78322,M,4890406.0,219711.0,78
201800046189,18,10,28,1600,1,1,1,1.0,2.0,78640,M,4884598.0,215327.0,78
201800046190,18,10,29,155,3,1,1,1.0,6.0,92064,M,4883950.0,219600.0,92
201800046191,18,10,31,340,3,1,1,1.0,6.0,78073,M,4879890.0,199140.0,78
201800046192,18,10,31,2130,5,1,1,2.0,4.0,92051,M,4888380.0,226340.0,92
201800046193,18,10,31,2200,5,1,1,2.0,6.0,92072,M,4882760.0,222460.0,92
201800046194,18,10,31,2345,3,1,1,1.0,6.0,78043,M,4884440.0,208880.0,78
201800046195,18,10,31,2330,5,1,1,8.0,6.0,92072,M,4882760.0,222460.0,92
201800046196,18,11,1,500,3,1,1,1.0,6.0,78571,M,4890168.0,200516.0,78
201800046197,18,11,1,1140,1,1,1,8.0,2.0,92064,M,4883794.0,210698.0,92
201800046198,18,11,1,1500,1,1,1,3.0,2.0,78423,M,4879543.0,204654.0,78
201800046199,18,11,1,2250,3,1,1,8.0,6.0,78423,M,4879538.0,204565.0,78
201800046200,18,11,2,100,3,1,1,1.0,2.0,78646,M,4879355.0,207880.0,78
201800046201,18,11,2,1310,1,1,1,1.0,4.0,78133,M,4888777.0,204165.0,78
201800046202,18,11,2,1422,1,1,9,1.0,6.0,78090,M,4897000.0,190506.0,78
201800046203,18,11,2,1710,2,1,1,1.0,4.0,92036,M,4897000.0,170000.0,92
201800046204,18,11,2,1700,1,1,1,1.0,5.0,92023,M,4877722.0,222611.0,92
201800046205,18,11,2,1710,2,1,1,1.0,2.0,92025,M,4912000.0,190000.0,92
201800046206,18,11,2,1825,2,1,1,1.0,2.0,92050,M,4854500.0,213100.0,92
201800046207,18,11,4,1710,3,1,1,1.0,2.0,92050,M,4891752.0,222217.0,92
201800046208,18,11,5,1850,3,1,1,1.0,6.0,78322,M,,,78
201800046209,18,11,6,635,5,1,1,1.0,2.0,92050,M,,,92
201800046210,18,11,6,1206,1,1,1,1.0,2.0,92036,M,4893745.0,229487.0,92
201800046211,18,11,6,2125,3,1,1,1.0,6.0,78490,M,4879910.0,199080.0,78
201800046212,18,11,7,930,5,1,1,2.0,5.0,92050,M,4889910.0,219960.0,92
201800046213,18,11,7,1420,1,1,1,8.0,3.0,78297,M,,,78
201800046214,18,11,7,1750,3,1,1,1.0,2.0,78217,M,4896510.0,181892.0,78
201800046215,18,11,8,900,2,1,1,1.0,6.0,92026,M,4888787.0,225132.0,92
201800046216,18,11,8,1405,1,1,1,1.0,7.0,78322,M,4878042.0,217389.0,78
201800046217,18,11,9,810,1,1,1,1.0,4.0,78646,M,4878617.0,215261.0,78
201800046218,18,11,9,1215,1,1,1,1.0,3.0,78402,M,,,78
201800046219,18,11,10,740,3,1,1,2.0,3.0,78043,M,,,78
201800046220,18,11,10,1345,1,1,1,2.0,6.0,78297,M,4878790.0,206508.0,78
201800046221,18,11,11,155,4,1,9,1.0,6.0,78297,M,4878697.0,206280.0,78
201800046222,18,11,11,412,3,1,1,2.0,6.0,92036,M,4893390.0,227330.0,92
201800046223,18,11,12,944,1,1,1,1.0,5.0,78551,M,,,78
201800046224,18,11,12,1338,1,1,1,8.0,6.0,92063,M,4887086.0,215897.0,92
201800046225,18,11,12,1815,3,1,1,1.0,3.0,78206,M,4895630.0,193662.0,78
201800046226,18,11,12,1845,3,1,1,1.0,4.0,78217,M,4896510.0,181910.0,78
201800046227,18,11,13,832,1,1,1,1.0,2.0,78126,M,4884100.0,210830.0,78
201800046228,18,11,13,1715,1,1,1,1.0,2.0,78043,M,4883392.0,208535.0,78
201800046229,18,11,14,1927,3,1,1,1.0,2.0,78646,M,4879241.0,207344.0,78
201800046230,18,11,15,517,3,1,1,1.0,6.0,92072,M,4882638.0,222361.0,92
201800046231,18,11,15,629,3,1,1,8.0,4.0,78238,M,4883110.0,212781.0,78
201800046232,18,11,15,1958,4,1,1,9.0,2.0,78545,M,,,78
201800046233,18,11,18,200,3,1,1,1.0,7.0,78073,M,4880110.0,204619.0,78
201800046234,18,11,18,400,3,1,1,1.0,1.0,78158,M,4883460.0,213300.0,78
201800046235,18,11,19,940,1,1,1,1.0,6.0,92036,M,4892578.0,230451.0,92
201800046236,18,11,19,1230,1,1,1,1.0,6.0,92036,M,4893625.0,228990.0,92
201800046237,18,11,19,2115,5,1,1,2.0,7.0,92062,M,4889323.0,223212.0,92
201800046238,18,11,20,1330,1,1,1,4.0,6.0,78646,M,4847240.0,265800.0,78
201800046239,18,11,22,800,4,1,1,5.0,3.0,78640,M,4877805.0,221546.0,78
201800046240,18,11,22,1900,3,1,1,2.0,7.0,92036,M,,,92
201800046241,18,11,23,900,1,1,1,1.0,2.0,92064,M,,,92
201800046242,18,11,23,1935,5,1,1,1.0,3.0,92064,M,4883958.0,221308.0,92
201800046243,18,11,25,1530,1,1,1,2.0,2.0,92036,M,4856000.0,216000.0,92
201800046244,18,11,25,1750,5,1,1,2.0,6.0,78297,M,4893386.0,227381.0,78
201800046245,18,11,25,1920,5,1,1,2.0,2.0,78640,M,,,78
201800046246,18,11,25,2050,3,1,1,2.0,6.0,92036,M,4893387.0,227292.0,92
201800046247,18,11,26,418,3,1,1,2.0,6.0,92036,M,4893900.0,229110.0,92
201800046248,18,11,26,750,2,1,1,1.0,4.0,78362,M,4897338.0,172947.0,78
201800046249,18,11,26,1740,3,1,1,1.0,4.0,78455,M,4885127.0,206674.0,78
201800046250,18,11,27,1600,2,1,1,1.0,2.0,92026,M,,,92
201800046251,18,11,28,1150,1,1,1,2.0,3.0,92047,M,4883333.0,218333.0,92
201800046252,18,11,28,1815,2,1,1,1.0,5.0,78043,M,,,78
201800046253,18,11,30,1730,5,1,1,1.0,7.0,78118,M,4898296.0,168556.0,78
201800046254,18,11,30,1910,3,1,1,1.0,7.0,78423,M,4879708.0,202383.0,78
201800046255,18,12,1,510,4,1,1,1.0,6.0,78117,M,4878819.0,213972.0,78
201800046256,18,12,1,1705,1,1,1,2.0,7.0,92036,M,4893581.0,226120.0,92
201800046257,18,12,1,1920,5,1,1,2.0,7.0,92062,M,,,92
201800046258,18,12,2,200,5,2,1,3.0,6.0,92064,M,4882720.0,222494.0,92
201800046259,18,12,2,620,1,1,1,2.0,6.0,92036,M,4893573.0,226216.0,92
201800046260,18,12,2,1050,1,1,9,1.0,6.0,92047,M,4883192.0,215332.0,92
201800046261,18,12,2,1145,1,1,1,1.0,3.0,92048,M,4878589.0,222400.0,92
201800046262,18,12,2,1300,1,1,9,8.0,7.0,92050,M,4889772.0,222783.0,92
201800046263,18,12,3,200,5,1,1,2.0,5.0,92012,M,4884860.0,222950.0,92
201800046264,18,12,3,1130,1,1,1,2.0,4.0,78362,M,,,78
201800046265,18,12,3,1815,1,1,1,2.0,2.0,92025,M,,,92
201800046266,18,12,3,1825,3,1,1,2.0,2.0,78640,M,4878050.0,217820.0,78
201800046267,18,12,4,445,3,1,1,2.0,6.0,78646,M,,,78
201800046268,18,12,3,1720,3,1,1,2.0,2.0,78640,M,4877888.0,221500.0,78
201800046269,18,12,4,845,1,1,1,1.0,2.0,78640,M,4878186.0,216653.0,78
201800046270,18,12,4,950,1,1,1,1.0,3.0,92023,M,4877650.0,223424.0,92
201800046271,18,12,5,2320,5,1,1,1.0,6.0,92063,M,4889000.0,217010.0,92
201800046272,18,12,5,2305,5,1,1,2.0,2.0,92012,M,4897700.0,219600.0,92
201800046273,18,12,6,850,1,1,1,1.0,7.0,92062,M,,,92
201800046274,18,12,6,900,1,1,1,1.0,3.0,92062,M,,,92
201800046275,18,12,6,1050,1,1,1,2.0,2.0,92060,M,,,92
201800046276,18,12,6,1930,3,1,1,1.0,2.0,78466,M,4892880.0,198770.0,78
201800046277,18,12,6,1945,3,1,1,1.0,4.0,78466,M,4893449.0,196707.0,78
201800046278,18,12,9,2005,3,1,1,2.0,6.0,92048,M,,,92
201800046279,18,12,10,310,3,1,1,2.0,3.0,92036,M,4893370.0,227430.0,92
201800046280,18,12,10,720,3,1,1,1.0,3.0,92050,M,4890952.0,221509.0,92
201800046281,18,12,10,845,1,1,1,1.0,3.0,78431,M,,,78
201800046282,18,12,10,933,1,1,1,1.0,2.0,78043,M,4884185.0,209506.0,78
201800046283,18,12,10,1055,1,1,1,1.0,4.0,78133,M,,,78
201800046284,18,12,10,1835,4,1,1,1.0,3.0,92048,M,,,92
201800046285,18,12,12,910,1,1,1,1.0,2.0,92023,M,,,92
201800046286,18,12,12,1830,4,1,1,1.0,3.0,78640,M,4877927.0,219719.0,78
201800046287,18,12,12,2225,5,1,1,1.0,6.0,78640,M,4877760.0,222290.0,78
201800046288,18,12,13,1730,3,1,1,1.0,5.0,78043,M,4883640.0,208950.0,78
201800046289,18,12,14,912,1,1,1,1.0,3.0,78423,M,4879492.0,204842.0,78
201800046290,18,12,14,1810,3,1,1,1.0,3.0,92048,M,4878993.0,222050.0,92
201800046291,18,12,14,1820,3,1,1,1.0,3.0,78423,M,4879720.0,201719.0,78
201800046292,18,12,15,915,1,1,1,1.0,6.0,78640,M,4878111.0,222388.0,78
201800046293,18,12,15,1730,5,1,1,2.0,2.0,92062,M,,,92
201800046294,18,12,15,2050,3,1,1,2.0,6.0,92047,M,4883640.0,218520.0,92
201800046295,18,12,16,105,3,1,1,2.0,6.0,92047,M,4883666.0,216265.0,92
201800046296,18,12,16,755,2,1,1,5.0,6.0,92072,M,,,92
201800046297,18,12,16,1605,1,1,1,1.0,5.0,78362,M,,,78
201800046298,18,12,16,2230,3,1,1,2.0,6.0,78043,M,4884579.0,208434.0,78
201800046299,18,12,17,810,5,1,1,1.0,4.0,78418,M,,,78
201800046300,18,12,17,1335,1,1,1,1.0,6.0,78217,M,4896569.0,181386.0,78
201800046301,18,12,18,1745,3,1,1,1.0,6.0,78466,M,4892752.0,199228.0,78
201800046302,18,12,18,2057,5,1,1,2.0,2.0,75116,M,4884844.0,224554.0,75
201800046303,18,12,19,1920,3,1,1,1.0,3.0,92050,M,4890414.0,220726.0,92
201800046304,18,12,19,2015,3,1,1,8.0,4.0,78158,M,,,78
201800046305,18,12,21,910,1,1,1,2.0,7.0,92025,M,4891926.0,222419.0,92
201800046306,18,12,21,1211,1,1,1,1.0,6.0,92064,M,4883959.0,219988.0,92
201800046307,18,12,21,1250,1,1,1,2.0,3.0,92063,M,,,92
201800046308,18,12,21,1630,1,1,1,1.0,4.0,78646,M,,,78
201800046309,18,12,22,730,3,1,1,8.0,5.0,78402,M,,,78
201800046310,18,12,23,1220,1,1,1,1.0,6.0,92050,M,,,92
201800046311,18,12,23,1850,3,1,1,2.0,6.0,78090,M,4897052.0,188941.0,78
201800046312,18,12,23,2230,3,1,1,2.0,1.0,78073,M,,,78
201800046313,18,12,24,140,3,1,1,2.0,6.0,92025,M,4892680.0,223570.0,92
201800046314,18,12,24,1825,3,1,1,1.0,3.0,92050,M,,,92
201800046315,18,12,25,55,5,1,1,1.0,2.0,92050,M,4889740.0,222160.0,92
201800046316,18,12,25,1155,1,1,1,1.0,6.0,78524,M,4895152.0,210524.0,78
201800046317,18,12,26,1205,1,1,1,1.0,6.0,92025,M,4892086.0,222602.0,92
201800046318,18,12,26,1705,3,1,1,1.0,2.0,78133,M,,,78
201800046319,18,12,27,1430,1,1,1,1.0,4.0,92050,M,,,92
201800046320,18,12,28,2015,5,1,1,1.0,3.0,92051,M,,,92
201800046321,18,12,29,1855,3,1,1,1.0,6.0,78646,M,4879086.0,215445.0,78
201800046322,18,12,29,2200,5,1,1,2.0,2.0,78322,M,4878750.0,215010.0,78
201800046323,18,12,31,150,3,1,1,2.0,1.0,92036,M,4893380.0,227370.0,92
201800046324,18,1,1,1510,1,1,1,2.0,6.0,94037,M,4880766.0,234696.0,94
201800046325,18,1,1,1640,2,1,1,2.0,3.0,91534,M,4873113.0,216656.0,91
201800046326,18,1,1,1600,1,1,1,3.0,2.0,91340,M,4860919.0,243434.0,91
201800046327,18,1,1,1845,3,1,1,2.0,6.0,91521,M,4863056.0,240013.0,91
201800046328,18,1,2,940,1,1,1,8.0,6.0,91521,M,4863361.0,240083.0,91
201800046329,18,1,2,2100,3,1,1,8.0,3.0,91340,M,4860545.0,243608.0,91
201800046330,18,1,2,2349,3,1,1,2.0,7.0,91471,M,4871176.0,218415.0,91
201800046331,18,1,3,520,3,1,1,2.0,6.0,91589,M,4867593.0,234052.0,91
201800046332,18,1,3,646,3,1,1,3.0,5.0,91228,M,4862069.0,242460.0,91
201800046333,18,1,3,1050,1,1,1,4.0,6.0,91521,M,4863971.0,239491.0,91
201800046334,18,1,5,655,3,1,1,2.0,5.0,91182,M,4862509.0,241732.0,91
201800046335,18,1,5,900,1,1,1,2.0,5.0,91216,M,4868318.0,232935.0,91
201800046336,18,1,6,628,3,1,1,1.0,2.0,91064,M,4874652.0,221975.0,91
201800046337,18,1,6,1520,1,1,1,1.0,7.0,91179,M,4855355.0,249305.0,91
201800046338,18,1,6,1730,3,1,1,1.0,2.0,91377,M,4871560.0,229070.0,91
201800046339,18,1,7,845,1,1,1,8.0,6.0,91136,M,4871094.0,228863.0,91
201800046340,18,1,7,1230,1,1,1,8.0,6.0,91340,M,4860872.0,243650.0,91
201800046341,18,1,9,1710,2,1,1,2.0,3.0,94038,M,4877740.0,234626.0,94
201800046342,18,1,9,1850,3,1,1,2.0,6.0,77251,M,4861887.0,255276.0,77
201800046343,18,1,10,15,3,1,1,2.0,2.0,91340,M,4860881.0,243241.0,91
201800046344,18,1,10,1611,1,1,1,1.0,6.0,91037,M,4852820.0,250194.0,91
201800046345,18,1,10,1845,3,1,1,1.0,4.0,91086,M,4862336.0,238372.0,91
201800046346,18,1,12,950,1,1,1,1.0,7.0,94034,M,4875855.0,232527.0,94
201800046347,18,1,12,1355,1,1,1,8.0,2.0,91570,M,4862960.0,232850.0,91
201800046348,18,1,12,1645,2,1,1,1.0,3.0,91235,M,4862530.0,236070.0,91
201800046349,18,1,13,30,3,1,1,9.0,2.0,94003,M,4879900.0,234210.0,94
201800046350,18,1,13,1456,1,1,1,1.0,2.0,91286,M,4865819.0,237572.0,91
201800046351,18,1,13,1638,1,1,1,1.0,3.0,77384,M,4860381.0,259275.0,77
201800046352,18,1,14,535,3,1,1,8.0,2.0,91340,M,4860807.0,243490.0,91
201800046353,18,1,15,2245,3,1,1,2.0,7.0,91477,M,4871891.0,225667.0,91
201800046354,18,1,16,705,3,1,1,2.0,5.0,91689,M,4874464.0,232349.0,91
201800046355,18,1,16,1119,1,1,1,2.0,3.0,91216,M,4868343.0,232921.0,91
201800046356,18,1,16,1440,1,1,1,2.0,7.0,91339,M,4862893.0,225551.0,91
201800046357,18,1,16,1900,3,1,1,2.0,6.0,91589,M,4867547.0,234076.0,91
201800046358,18,1,17,825,2,1,1,8.0,7.0,94034,M,4875877.0,232478.0,94
201800046359,18,1,17,1900,3,1,1,1.0,3.0,91174,M,4860988.0,244194.0,91
201800046360,18,1,18,1700,1,1,1,8.0,3.0,91521,M,4863388.0,240088.0,91
201800046361,18,1,19,1430,1,1,1,2.0,4.0,92002,M,4876247.0,231275.0,92
201800046362,18,1,19,2200,3,1,1,1.0,2.0,91377,M,4871313.0,228905.0,91
201800046363,18,1,20,1445,1,1,1,2.0,2.0,91340,M,4836326.0,228197.0,91
201800046364,18,1,20,1918,3,1,1,3.0,5.0,91161,M,4869377.0,232002.0,91
201800046365,18,1,21,130,3,1,1,1.0,6.0,91589,M,4867922.0,233379.0,91
201800046366,18,1,21,1320,1,1,1,2.0,7.0,91477,M,4871874.0,225638.0,91
201800046367,18,1,21,1710,2,1,1,2.0,6.0,91589,M,4867941.0,233379.0,91
201800046368,18,1,22,732,2,1,1,2.0,2.0,91521,M,4863452.0,240241.0,91
201800046369,18,1,22,750,2,1,1,2.0,3.0,91377,M,4844434.0,213159.0,91
201800046370,18,1,20,1210,1,1,1,1.0,6.0,91692,M,4868246.0,218971.0,91
201800046371,18,1,21,310,4,1,1,1.0,6.0,94034,M,4875640.0,233926.0,94
201800046372,18,1,22,1340,1,1,1,3.0,7.0,91477,M,4871891.0,225713.0,91
201800046373,18,1,20,2330,3,1,1,2.0,6.0,91521,M,4863387.0,240062.0,91
201800046374,18,1,22,1620,1,1,1,1.0,7.0,91477,M,4871961.0,225788.0,91
201800046375,18,1,22,1715,1,1,1,1.0,2.0,91064,M,4874685.0,221921.0,91
201800046376,18,1,24,935,1,1,1,1.0,2.0,94065,M,4875484.0,234625.0,94
201800046377,18,1,25,900,1,1,1,2.0,4.0,91136,M,4871780.0,226230.0,91
201800046378,18,1,25,910,1,1,1,2.0,2.0,94038,M,4879047.0,234461.0,94
201800046379,18,1,25,1810,3,1,1,2.0,4.0,91340,M,4859638.0,244180.0,91
201800046380,18,1,26,1936,3,1,1,1.0,1.0,91235,M,4862577.0,235305.0,91
201800046381,18,1,27,1230,1,1,1,1.0,6.0,91161,M,4869457.0,231927.0,91
201800046382,18,1,27,1755,1,1,1,1.0,2.0,91182,M,4863143.0,240810.0,91
201800046383,18,1,28,812,1,1,1,8.0,2.0,91161,M,4870913.0,230772.0,91
201800046384,18,1,29,830,1,1,1,2.0,6.0,77384,M,4860169.0,260044.0,77
201800046385,18,1,29,1650,1,1,1,1.0,3.0,94037,M,4881340.0,235460.0,94
201800046386,18,1,29,1915,3,1,1,1.0,4.0,91161,M,4871106.0,229668.0,91
201800046387,18,1,30,1230,1,1,1,2.0,4.0,94003,M,4879514.0,234447.0,94
201800046388,18,1,30,2100,5,1,1,1.0,2.0,94038,M,4877872.0,234609.0,94
201800046389,18,1,31,1430,1,1,1,2.0,2.0,94038,M,4877905.0,234661.0,94
201800046390,18,2,1,305,3,1,1,2.0,7.0,91347,M,4862385.0,229787.0,91
201800046391,18,2,1,2004,3,1,1,1.0,3.0,91064,M,4876573.0,222975.0,91
201800046392,18,2,2,835,2,1,1,1.0,3.0,94021,M,4876966.0,234513.0,94
201800046393,18,2,2,1910,3,1,1,1.0,2.0,91086,M,4862380.0,239030.0,91
201800046394,18,2,3,1350,1,1,1,2.0,4.0,94043,M,4881639.0,235500.0,94
201800046395,18,2,4,628,3,1,1,2.0,6.0,91434,M,4866772.0,235686.0,91
201800046396,18,2,4,911,1,1,1,1.0,6.0,94034,M,4875780.0,233508.0,94
201800046397,18,2,4,1030,1,1,1,8.0,6.0,91136,M,4871516.0,228977.0,91
201800046398,18,2,5,615,3,1,1,1.0,5.0,91064,M,4876088.0,222619.0,91
201800046399,18,2,5,1155,1,1,1,4.0,2.0,91340,M,4860846.0,243388.0,91
201800046400,18,2,5,1730,1,1,1,1.0,4.0,91617,M,4863160.0,249430.0,91
201800046401,18,2,6,1215,1,1,1,4.0,4.0,91161,M,4871060.0,230080.0,91
201800046402,18,2,8,1015,1,1,1,4.0,6.0,91521,M,4862959.0,239996.0,91
201800046403,18,2,8,1102,1,1,1,1.0,4.0,91161,M,4869766.0,231455.0,91
201800046404,18,2,10,1800,2,1,1,1.0,6.0,91689,M,4873893.0,231825.0,91
201800046405,18,2,10,1820,5,1,1,2.0,3.0,91064,M,4874899.0,221239.0,91
201800046406,18,2,11,15,3,1,1,3.0,4.0,91521,M,4864064.0,239401.0,91
201800046407,18,2,12,648,4,1,1,1.0,2.0,94034,M,4875910.0,233720.0,94
201800046408,18,2,12,1030,1,1,1,1.0,3.0,91216,M,4868075.0,233152.0,91
201800046409,18,2,12,1500,1,1,1,1.0,7.0,91377,M,4872277.0,229694.0,91
201800046410,18,2,12,2150,3,1,1,1.0,3.0,94034,M,4875557.0,234098.0,94
201800046411,18,2,13,935,1,1,1,1.0,3.0,91689,M,4873657.0,231810.0,91
201800046412,18,2,14,1746,1,1,1,2.0,2.0,94034,M,4875083.0,232922.0,94
201800046413,18,2,15,220,5,1,1,2.0,6.0,94038,M,4877000.0,234000.0,94