Num_Acc,an,mois,jour,hrmn,lum,agg,int,atm,col,com,gps,lat,long,dep
201800046414,18,2,15,120,3,1,1,2.0,7.0,91477,M,4871867.0,225589.0,91
201800046415,18,2,15,350,3,1,1,2.0,6.0,91363,M,4865702.0,218157.0,91
201800046416,18,2,15,1110,1,1,1,2.0,6.0,91363,M,4864382.0,219660.0,91
201800046417,18,2,15,1940,4,1,1,1.0,5.0,91477,M,4871329.0,225278.0,91
201800046418,18,2,17,645,2,1,1,2.0,3.0,91340,M,4860925.0,244011.0,91
201800046419,18,2,20,1737,1,1,1,2.0,2.0,91339,M,4862733.0,225858.0,91
201800046420,18,2,21,2225,3,1,1,1.0,4.0,91553,M,4862770.0,247814.0,91
201800046421,18,2,22,1841,1,1,1,1.0,2.0,94034,M,4875832.0,232578.0,94
201800046422,18,2,21,1915,5,2,1,1.0,2.0,91161,M,4871520.0,230978.0,91
201800046423,18,2,23,1000,1,1,1,1.0,3.0,91589,M,4867925.0,233427.0,91
201800046424,18,2,23,1345,1,1,1,1.0,2.0,94038,M,4877491.0,234650.0,94
201800046425,18,2,23,1900,3,1,1,1.0,2.0,91377,M,4871755.0,225444.0,91
201800046426,18,2,23,2236,3,1,1,1.0,4.0,91363,M,4866364.0,218899.0,91
201800046427,18,2,24,1015,1,1,1,1.0,4.0,91434,M,4866780.0,235666.0,91
201800046428,18,2,24,1729,1,1,1,1.0,2.0,91589,M,4867352.0,234288.0,91
201800046429,18,2,24,1820,2,1,1,1.0,4.0,91553,M,4863061.0,248708.0,91
201800046430,18,2,25,830,1,1,1,7.0,2.0,91553,M,4863166.0,249288.0,91
201800046431,18,2,25,1930,2,1,1,1.0,4.0,91471,M,4871634.0,217197.0,91
201800046432,18,2,26,919,1,1,1,1.0,2.0,91570,M,4862536.0,232369.0,91
201800046433,18,2,26,1450,1,1,1,1.0,2.0,91347,M,4862458.0,230398.0,91
201800046434,18,2,26,1734,1,1,1,1.0,5.0,91182,M,4862606.0,241612.0,91
201800046435,18,2,27,2232,3,1,1,1.0,5.0,94003,M,4879976.0,234225.0,94
201800046436,18,2,28,1100,1,1,1,1.0,4.0,94034,M,4876111.0,231777.0,94
201800046437,18,2,28,1450,1,1,1,1.0,7.0,91086,M,4862483.0,239513.0,91
201800046438,18,3,2,1621,1,1,1,1.0,3.0,91521,M,4863291.0,240563.0,91
201800046439,18,3,2,2145,5,1,1,1.0,2.0,94043,M,4881013.0,234969.0,94
201800046440,18,3,3,1015,1,1,1,1.0,6.0,91179,M,4856730.0,247260.0,91
201800046441,18,3,3,1930,3,1,1,1.0,1.0,91235,M,4862670.0,235553.0,91
201800046442,18,3,4,1135,1,1,1,2.0,2.0,91347,M,4862206.0,227668.0,91
201800046443,18,3,4,1548,1,1,1,2.0,6.0,91182,M,4861115.0,243126.0,91
201800046444,18,3,4,1855,2,1,1,1.0,6.0,91521,M,4862719.0,239914.0,91
201800046445,18,3,5,1300,1,1,1,1.0,7.0,91136,M,4870858.0,229132.0,91
201800046446,18,3,6,1120,1,1,1,1.0,4.0,91589,M,4867916.0,233388.0,91
201800046447,18,3,6,1640,1,1,1,1.0,1.0,91136,M,4871230.0,228739.0,91
201800046448,18,3,7,845,1,1,1,2.0,7.0,91161,M,4870930.0,230777.0,91
201800046449,18,3,7,933,1,1,1,2.0,3.0,91434,M,4867167.0,234567.0,91
201800046450,18,3,7,845,1,1,1,2.0,7.0,94021,M,4845540.0,239357.0,94
201800046451,18,3,7,935,1,1,1,2.0,2.0,91689,M,4874286.0,232273.0,91
201800046452,18,3,7,1850,3,1,1,1.0,7.0,91064,M,4876286.0,222880.0,91
201800046453,18,3,8,945,1,1,1,1.0,2.0,91689,M,4872890.0,231430.0,91
201800046454,18,3,9,850,1,1,1,1.0,3.0,91086,M,4862280.0,238750.0,91
201800046455,18,3,9,1725,1,1,1,1.0,5.0,91521,M,4862406.0,239275.0,91
201800046456,18,3,9,1735,1,1,1,1.0,2.0,94038,M,4878913.0,234502.0,94
201800046457,18,3,10,1141,1,1,1,8.0,6.0,91235,M,4862572.0,235658.0,91
201800046458,18,3,10,1600,1,1,1,1.0,2.0,94034,M,4875986.0,232061.0,94
201800046459,18,3,10,2330,5,1,1,3.0,3.0,94003,M,4881428.0,233633.0,94
201800046460,18,3,11,1945,2,1,1,1.0,7.0,91339,M,4862608.0,226065.0,91
201800046461,18,3,12,925,1,1,1,1.0,7.0,91161,M,4870901.0,230590.0,91
201800046462,18,3,12,658,1,1,1,1.0,5.0,91689,M,4874290.0,232217.0,91
201800046463,18,3,13,1340,1,1,1,1.0,3.0,91661,M,4869800.0,223974.0,91
201800046464,18,3,14,935,1,1,1,1.0,4.0,94034,M,4876021.0,232127.0,94
201800046465,18,3,15,1530,1,1,1,1.0,2.0,94076,M,4878497.0,234655.0,94
201800046466,18,3,15,2114,3,1,1,2.0,2.0,91570,M,4862222.0,228361.0,91
201800046467,18,3,16,725,1,1,1,1.0,2.0,91161,M,4870860.0,230722.0,91
201800046468,18,3,16,1100,1,1,1,1.0,4.0,94016,M,4879830.0,234322.0,94
201800046469,18,3,16,1620,1,1,1,1.0,3.0,91645,M,4875963.0,226305.0,91
201800046470,18,3,17,20,5,1,1,1.0,2.0,94038,M,4877865.0,234610.0,94
201800046471,18,3,16,2350,5,1,1,1.0,7.0,94021,M,4877114.0,234529.0,94
201800046472,18,3,17,1435,1,1,1,3.0,4.0,94034,M,4875743.0,232823.0,94
201800046473,18,3,18,1212,1,1,1,1.0,3.0,91340,M,4861025.0,244358.0,91
201800046474,18,3,19,730,1,1,1,8.0,3.0,91477,M,4871791.0,226130.0,91
201800046475,18,3,19,838,1,1,1,1.0,4.0,94003,M,4880266.0,234351.0,94
201800046476,18,3,20,850,1,1,1,1.0,2.0,91549,M,4862438.0,237744.0,91
201800046477,18,3,21,1330,1,1,1,1.0,4.0,91161,M,4870750.0,230594.0,91
201800046478,18,3,22,850,1,1,1,1.0,3.0,91064,M,4874161.0,218560.0,91
201800046479,18,3,22,908,1,1,1,1.0,2.0,91216,M,4868536.0,232738.0,91
201800046480,18,3,22,1923,5,1,1,1.0,3.0,94037,M,4881574.0,233650.0,94
201800046481,18,3,23,825,1,1,1,1.0,2.0,91377,M,4872130.0,229524.0,91
201800046482,18,3,23,1737,1,1,1,2.0,5.0,92002,M,4875561.0,229619.0,92
201800046483,18,3,24,2125,3,1,1,1.0,2.0,91689,M,4874673.0,232633.0,91
201800046484,18,3,25,1820,1,1,1,1.0,4.0,94037,M,4878382.0,234676.0,94
201800046485,18,3,27,2230,3,1,1,1.0,2.0,91689,M,4873361.0,231595.0,91
201800046486,18,3,28,1045,1,1,1,3.0,3.0,92002,M,4876122.0,229622.0,92
201800046487,18,3,28,1825,1,1,1,8.0,2.0,91174,M,4861675.0,245547.0,91
201800046488,18,3,30,20,3,1,1,2.0,7.0,91477,M,4871889.0,225610.0,91
201800046489,18,3,30,1125,1,1,1,2.0,2.0,91064,M,4876885.0,223001.0,91
201800046490,18,3,30,1645,1,1,1,1.0,1.0,91136,M,4869663.0,222633.0,91
201800046491,18,3,30,1815,1,1,1,1.0,3.0,91553,M,4863034.0,248685.0,91
201800046492,18,3,30,1900,1,1,1,1.0,2.0,92019,M,4875976.0,226239.0,92
201800046493,18,3,30,2100,3,1,1,1.0,7.0,91161,M,4870210.0,230800.0,91
201800046494,18,4,2,700,1,1,1,1.0,3.0,91161,M,4870770.0,230640.0,91
201800046495,18,4,3,817,1,1,1,2.0,4.0,91161,M,4871302.0,230830.0,91
201800046496,18,4,3,1930,2,1,1,1.0,2.0,91339,M,4837237.0,217414.0,91
201800046497,18,4,4,715,1,1,1,2.0,3.0,92002,M,4873661.0,231719.0,92
201800046498,18,4,4,812,1,1,1,8.0,3.0,77251,M,4863297.0,253833.0,77
201800046499,18,4,4,2045,3,1,1,1.0,5.0,91689,M,4873119.0,231516.0,91
201800046500,18,4,5,930,1,1,1,1.0,2.0,91377,M,4872716.0,230344.0,91
201800046501,18,4,5,1410,1,1,1,1.0,2.0,94037,M,4877941.0,232636.0,94
201800046502,18,4,5,1930,1,1,1,1.0,4.0,92002,M,4876294.0,231191.0,92
201800046503,18,4,6,835,1,1,1,1.0,4.0,91570,M,4862519.0,232936.0,91
201800046504,18,4,6,840,1,1,1,1.0,2.0,91534,M,4872425.0,216719.0,91
201800046505,18,4,6,1615,1,1,1,1.0,2.0,91689,M,4874979.0,232801.0,91
201800046506,18,4,6,1650,1,1,1,1.0,5.0,94034,M,4875061.0,232932.0,94
201800046507,18,4,7,620,3,1,1,1.0,3.0,91216,M,4869267.0,232165.0,91
201800046508,18,4,8,640,2,1,1,1.0,6.0,91037,M,4853022.0,250143.0,91
201800046509,18,4,6,2140,5,1,1,1.0,7.0,94037,M,4881458.0,235564.0,94
201800046510,18,4,9,1230,1,1,1,2.0,5.0,94034,M,4875552.0,234286.0,94
201800046511,18,4,9,1652,1,1,1,2.0,4.0,94037,M,4880969.0,234913.0,94
201800046512,18,4,9,1835,1,1,1,2.0,7.0,91161,M,4842860.0,218211.0,91
201800046513,18,4,10,2025,2,1,1,1.0,5.0,91434,M,4866897.0,235183.0,91
201800046514,18,4,11,900,1,1,1,1.0,3.0,91182,M,4861116.0,243258.0,91
201800046515,18,4,11,900,1,1,1,1.0,4.0,91179,M,4857083.0,246925.0,91
201800046516,18,4,11,945,1,1,1,1.0,4.0,94076,M,4879336.0,234500.0,94
201800046517,18,4,12,1005,1,1,1,1.0,4.0,91570,M,4862505.0,231072.0,91
201800046518,18,4,12,1715,1,1,1,2.0,2.0,91687,M,4866180.0,236970.0,91
201800046519,18,4,12,1805,1,1,1,2.0,3.0,91161,M,4871320.0,230800.0,91
201800046520,18,4,12,2000,2,1,1,2.0,7.0,91340,M,4861040.0,243120.0,91
201800046521,18,4,12,1715,1,1,1,2.0,2.0,91471,M,4870572.0,215213.0,91
201800046522,18,4,13,1620,1,1,1,1.0,4.0,92002,M,,,92
201800046523,18,4,13,1708,1,1,1,1.0,3.0,91687,M,4865903.0,237434.0,91
201800046524,18,4,13,1820,1,1,1,1.0,2.0,91549,M,4862530.0,232465.0,91
201800046525,18,4,15,600,3,1,1,1.0,1.0,91136,M,4871210.0,228908.0,91
201800046526,18,4,15,730,1,1,1,1.0,6.0,91617,M,4863326.0,253566.0,91
201800046527,18,4,15,1820,1,1,1,1.0,4.0,92002,M,4843487.0,18280.0,92
201800046528,18,4,16,1910,1,1,1,1.0,4.0,94034,M,4845409.0,217481.0,94
201800046529,18,4,17,1220,1,1,1,1.0,2.0,94038,M,4877316.0,234594.0,94
201800046530,18,4,17,1850,1,1,6,1.0,3.0,91549,M,4862580.0,234200.0,91
201800046531,18,4,20,236,5,1,1,1.0,2.0,94038,M,4878397.0,234608.0,94
201800046532,18,4,20,920,1,1,1,1.0,2.0,92002,M,4845360.0,219140.0,92
201800046533,18,4,20,1720,1,1,1,1.0,4.0,94021,M,4845423.0,222586.0,94
201800046534,18,4,21,120,5,1,1,1.0,6.0,94038,M,4877890.0,234632.0,94
201800046535,18,4,21,2220,3,1,1,1.0,2.0,91689,M,4874364.0,232277.0,91
201800046536,18,4,22,1213,1,1,1,1.0,4.0,94034,M,4875986.0,232116.0,94
201800046537,18,4,22,1729,1,1,1,1.0,2.0,92002,M,,,92
201800046538,18,4,22,2340,3,1,1,2.0,7.0,91521,M,4863202.0,240091.0,91
201800046539,18,4,23,830,1,1,1,1.0,7.0,94034,M,4875433.0,233294.0,94
201800046540,18,4,25,820,1,1,1,1.0,3.0,91136,M,4871285.0,228482.0,91
201800046541,18,4,25,1310,1,1,1,1.0,6.0,91659,M,4858581.0,245270.0,91
201800046542,18,4,26,1755,1,1,1,1.0,4.0,91064,M,4874302.0,218850.0,91
201800046543,18,4,26,1905,1,1,1,1.0,3.0,92002,M,4876136.0,229752.0,92
201800046544,18,4,26,1854,1,1,1,1.0,5.0,94038,M,4846239.0,2204.0,94
201800046545,18,4,27,1955,1,1,1,1.0,4.0,91136,M,4871352.0,227838.0,91
201800046546,18,4,28,1830,1,1,1,1.0,2.0,92002,M,4872988.0,230755.0,92
201800046547,18,4,29,630,2,1,1,2.0,7.0,94021,M,4845274.0,220061.0,94
201800046548,18,4,29,1445,1,1,1,2.0,3.0,91521,M,4363392.0,240617.0,91
201800046549,18,4,29,1400,1,1,1,8.0,2.0,91235,M,4862630.0,235220.0,91
201800046550,18,4,29,1645,1,1,1,8.0,2.0,91689,M,4873815.0,231494.0,91
201800046551,18,4,29,1740,1,1,1,8.0,4.0,91692,M,4867047.0,219530.0,91
201800046552,18,4,30,752,1,1,1,1.0,7.0,91477,M,4871875.0,225638.0,91
201800046553,18,4,30,1520,1,1,1,2.0,4.0,94037,M,4880160.0,234020.0,94
201800046554,18,3,30,2000,1,1,1,2.0,6.0,91086,M,4838000.0,224030.0,91
201800046555,18,4,29,2220,3,1,1,2.0,6.0,91521,M,4862714.0,240016.0,91
201800046556,18,5,2,920,1,1,1,1.0,5.0,91468,M,4857510.0,246580.0,91
201800046557,18,5,2,1120,1,1,1,1.0,2.0,91687,M,4866155.0,237056.0,91
201800046558,18,5,2,1340,1,1,1,1.0,2.0,91432,M,4869311.0,232002.0,91
201800046559,18,5,2,1705,1,1,1,1.0,2.0,94034,M,4875650.0,233197.0,94
201800046560,18,5,2,1716,1,1,1,1.0,3.0,91363,M,4866533.0,218972.0,91
201800046561,18,5,2,1730,1,1,1,1.0,3.0,91689,M,4872991.0,231430.0,91
201800046562,18,5,3,1745,1,1,1,1.0,3.0,91174,M,4861025.0,244419.0,91
201800046563,18,5,3,1800,1,1,1,1.0,7.0,91339,M,4862475.0,226005.0,91
201800046564,18,5,3,1855,1,1,1,1.0,2.0,94038,M,4877488.0,234563.0,94
201800046565,18,5,3,1004,1,1,1,1.0,3.0,92002,M,4876188.0,229908.0,92
201800046566,18,5,4,1140,1,1,1,1.0,6.0,91477,M,4842434.0,217207.0,91
201800046567,18,5,4,1800,1,1,1,1.0,7.0,91174,M,4866127.0,234138.0,91
201800046568,18,5,4,1745,1,1,1,1.0,5.0,92002,M,,,92
201800046569,18,5,4,1945,1,1,1,1.0,2.0,91617,M,4863172.0,249575.0,91
201800046570,18,5,5,1230,1,1,1,1.0,2.0,91589,M,4868011.0,233233.0,91
201800046571,18,5,6,135,3,1,1,1.0,7.0,77251,M,4862968.0,253663.0,77
201800046572,18,5,6,705,1,1,1,1.0,2.0,91471,M,4870661.0,219140.0,91
201800046573,18,4,30,715,1,1,1,1.0,2.0,91432,M,4869236.0,232123.0,91
201800046574,18,5,7,1415,1,1,1,1.0,3.0,91086,M,4862369.0,238741.0,91
201800046575,18,5,7,1720,1,1,1,1.0,7.0,91377,M,4871433.0,228891.0,91
201800046576,18,5,8,515,3,1,1,1.0,2.0,91687,M,4866378.0,236598.0,91
201800046577,18,5,8,1245,1,1,1,1.0,2.0,94037,M,4880944.0,234912.0,94
201800046578,18,5,9,910,1,1,1,1.0,3.0,91549,M,4862628.0,234275.0,91
201800046579,18,5,9,1455,1,1,1,1.0,6.0,92002,M,,,92
201800046580,18,5,10,1226,1,1,1,1.0,3.0,94065,M,4845182.0,2204.0,94
201800046581,18,5,10,2039,2,1,1,1.0,7.0,91340,M,4860241.0,243819.0,91
201800046582,18,5,11,1915,1,1,1,1.0,5.0,92002,M,4876138.0,229777.0,92
201800046583,18,5,13,1725,1,1,1,1.0,2.0,94034,M,4875927.0,232308.0,94
201800046584,18,5,14,915,1,1,1,1.0,3.0,92002,M,4876019.0,225599.0,92
201800046585,18,5,14,1350,1,1,1,2.0,6.0,91477,M,4871880.0,225677.0,91
201800046586,18,5,14,1435,1,1,1,2.0,4.0,91377,M,4872388.0,229905.0,91
201800046587,18,5,14,1610,1,1,1,8.0,4.0,91471,M,4870809.0,218989.0,91
201800046588,18,5,14,1805,1,1,1,8.0,4.0,91363,M,4866447.0,218923.0,91
201800046589,18,5,14,1944,1,1,1,8.0,1.0,91161,M,4873026.0,230049.0,91
201800046590,18,5,15,1126,1,1,1,1.0,3.0,91161,M,4870680.0,230619.0,91
201800046591,18,5,15,1330,1,1,1,1.0,4.0,94037,M,4881156.0,235143.0,94
201800046592,18,5,16,1750,1,1,1,1.0,2.0,91617,M,4863913.0,253505.0,91
201800046593,18,5,16,1840,1,1,1,1.0,3.0,91645,M,4875988.0,225948.0,91
201800046594,18,5,17,900,1,1,1,8.0,6.0,91689,M,4874631.0,232449.0,91
201800046595,18,5,17,910,1,1,1,1.0,6.0,91689,M,4874196.0,232019.0,91
201800046596,18,5,17,1420,1,1,1,1.0,2.0,94043,M,4880350.0,234440.0,94
201800046597,18,5,17,1800,1,1,1,1.0,4.0,94038,M,4877610.0,234560.0,94
201800046598,18,5,17,2015,1,1,1,1.0,3.0,92019,M,4876861.0,224388.0,92
201800046599,18,5,18,815,1,1,1,1.0,2.0,91179,M,4854955.0,249504.0,91
201800046600,18,5,18,930,1,1,1,1.0,7.0,91161,M,4870711.0,230642.0,91
201800046601,18,5,18,1945,1,1,1,1.0,3.0,94021,M,4877080.0,234550.0,94
201800046602,18,5,19,1350,1,1,1,1.0,2.0,91377,M,4843489.0,218273.0,91
201800046603,18,5,19,1342,1,1,1,1.0,3.0,91617,M,4863428.0,253542.0,91
201800046604,18,5,21,707,1,1,1,1.0,6.0,94037,M,4881444.0,233645.0,94
201800046605,18,5,21,1956,1,1,1,1.0,7.0,91534,M,4873300.0,216813.0,91
201800046606,18,5,22,822,1,1,1,1.0,3.0,91689,M,4874902.0,232830.0,91
201800046607,18,5,22,907,1,1,1,1.0,3.0,91312,M,4874686.0,221953.0,91
201800046608,18,5,22,1910,1,1,1,3.0,2.0,91064,M,4877074.0,222929.0,91
201800046609,18,5,23,810,1,1,1,1.0,2.0,91617,M,4863517.0,253521.0,91
201800046610,18,5,23,1740,1,1,1,1.0,2.0,91589,M,4867850.0,233520.0,91
201800046611,18,5,23,812,1,1,1,1.0,3.0,91064,M,4874967.0,220708.0,91
201800046612,18,5,24,1730,1,1,1,1.0,3.0,91617,M,4863180.0,249600.0,91
201800046613,18,5,24,1850,1,1,1,1.0,3.0,94076,M,4879090.0,234458.0,94
201800046614,18,5,24,1625,1,1,1,1.0,2.0,94076,M,4879272.0,234494.0,94
201800046615,18,5,24,1815,1,1,1,1.0,5.0,94003,M,4881030.0,233800.0,94
201800046616,18,5,25,745,1,1,1,1.0,3.0,91216,M,4868340.0,232920.0,91
201800046617,18,5,25,630,1,1,1,1.0,6.0,91182,M,4862390.0,242020.0,91
201800046618,18,5,25,1200,1,1,1,7.0,4.0,91589,M,4867880.0,233550.0,91
201800046619,18,5,25,1400,1,1,1,1.0,3.0,91037,M,4853492.0,250029.0,91
201800046620,18,5,25,1825,1,1,1,1.0,2.0,91689,M,4872910.0,231414.0,91
201800046621,18,5,26,710,1,1,1,1.0,6.0,91182,M,4862580.0,241720.0,91
201800046622,18,5,26,1230,1,1,1,1.0,5.0,91689,M,4874070.0,232080.0,91
201800046623,18,5,26,1235,1,1,1,1.0,4.0,91363,M,4864310.0,219780.0,91
201800046624,18,5,26,1430,1,1,1,1.0,2.0,94021,M,4876088.0,233929.0,94
201800046625,18,5,27,1740,1,1,1,1.0,3.0,94021,M,4876177.0,234013.0,94
201800046626,18,5,28,630,1,1,1,1.0,4.0,94037,M,4881452.0,235577.0,94
201800046627,18,5,28,915,1,1,1,1.0,3.0,91659,M,4858962.0,244730.0,91
201800046628,18,5,28,1520,1,1,1,1.0,2.0,77251,M,4862118.0,254765.0,77
201800046629,18,5,28,2050,2,1,1,2.0,6.0,91136,M,4871812.0,226864.0,91
201800046630,18,5,28,2140,5,2,1,2.0,2.0,91377,M,4871869.0,229901.0,91
201800046631,18,5,29,630,1,1,1,8.0,7.0,91689,M,4874304.0,232225.0,91
201800046632,18,5,29,1647,1,1,1,1.0,2.0,91347,M,4862217.0,228485.0,91
201800046633,18,5,29,1800,1,1,1,1.0,3.0,92002,M,4875988.0,227664.0,92
201800046634,18,5,30,2350,3,1,1,1.0,7.0,94003,M,4880974.0,233897.0,94
201800046635,18,5,31,1902,1,1,1,1.0,2.0,94076,M,4879562.0,234431.0,94
201800046636,18,6,1,1651,1,1,1,1.0,4.0,91589,M,4867431.0,234196.0,91
201800046637,18,6,1,2037,1,1,1,8.0,4.0,77296,M,4860586.0,258586.0,77
201800046638,18,6,2,5,3,1,1,1.0,7.0,91687,M,4866107.0,237091.0,91
201800046639,18,6,2,1313,1,1,1,1.0,5.0,91477,M,4871886.0,225877.0,91
201800046640,18,6,2,1610,1,1,1,1.0,2.0,94034,M,4875866.0,232554.0,94
201800046641,18,6,2,1600,1,1,1,1.0,4.0,94034,M,4876165.0,231573.0,94
201800046642,18,6,2,1930,1,1,1,1.0,4.0,91549,M,4862579.0,233878.0,91
201800046643,18,6,3,850,1,1,1,1.0,3.0,91689,M,4874496.0,232472.0,91
201800046644,18,6,3,1801,1,1,1,1.0,7.0,91363,M,4863415.0,222044.0,91
201800046645,18,6,4,845,1,1,1,1.0,4.0,91432,M,4869274.0,232090.0,91
201800046646,18,6,4,1205,1,1,1,1.0,5.0,91689,M,4873808.0,231925.0,91
201800046647,18,6,4,1700,1,1,1,2.0,4.0,91347,M,4862520.0,230510.0,91
201800046648,18,6,4,1900,1,1,1,1.0,2.0,94021,M,4876388.0,234435.0,94
201800046649,18,6,5,720,1,1,1,2.0,3.0,91377,M,4878793.0,230435.0,91
201800046650,18,6,5,910,1,1,1,2.0,3.0,91689,M,4874633.0,232586.0,91
201800046651,18,6,5,1420,1,1,1,8.0,6.0,91689,M,4873899.0,231839.0,91
201800046652,18,6,6,730,1,1,1,1.0,4.0,91161,M,4871420.0,231870.0,91
201800046653,18,6,6,1825,1,1,1,2.0,5.0,91432,M,4869226.0,232138.0,91
201800046654,18,6,6,2018,1,1,1,2.0,4.0,91377,M,4872758.0,228918.0,91
201800046655,18,6,7,730,1,1,1,1.0,2.0,91689,M,4874469.0,232345.0,91
201800046656,18,6,7,1512,1,1,1,1.0,4.0,92002,M,4873467.0,231632.0,92
201800046657,18,6,7,1635,1,1,1,1.0,3.0,91363,M,4866727.0,219114.0,91
201800046658,18,6,7,1809,1,1,1,1.0,4.0,91432,M,4869122.0,232236.0,91
201800046659,18,6,8,1910,1,1,1,1.0,6.0,91363,M,4865170.0,218282.0,91
201800046660,18,6,8,1847,1,1,1,1.0,2.0,91174,M,4861946.0,245923.0,91
201800046661,18,6,9,1805,1,1,1,1.0,3.0,91182,M,4861761.0,242743.0,91
201800046662,18,6,9,1940,1,1,1,1.0,4.0,91434,M,4866766.0,235721.0,91
201800046663,18,6,9,2005,1,1,1,1.0,2.0,91589,M,4867880.0,233466.0,91
201800046664,18,6,10,1655,1,1,1,1.0,5.0,91553,M,4862700.0,247597.0,91
201800046665,18,6,11,915,1,1,1,1.0,3.0,94034,M,4875633.0,233496.0,94
201800046666,18,6,11,1630,1,1,1,2.0,2.0,91216,M,4868460.0,233070.0,91
201800046667,18,6,11,1800,1,1,1,2.0,3.0,92002,M,4873192.0,231041.0,92
201800046668,18,6,12,1717,1,1,1,1.0,2.0,94076,M,4879098.0,234450.0,94
201800046669,18,6,12,2038,1,1,1,1.0,1.0,91312,M,4873083.0,224110.0,91
201800046670,18,6,13,635,1,1,1,1.0,7.0,94034,M,4875936.0,232374.0,94
201800046671,18,6,13,815,1,1,1,1.0,2.0,94021,M,4876172.0,234502.0,94
201800046672,18,6,14,1011,1,1,1,1.0,4.0,94037,M,4881327.0,235433.0,94
201800046673,18,6,14,1710,1,1,1,1.0,3.0,94038,M,4878935.0,234498.0,94
201800046674,18,6,14,1954,1,1,1,1.0,7.0,94034,M,4875905.0,232386.0,94
201800046675,18,6,15,1700,1,1,1,1.0,5.0,91645,M,4875969.0,226476.0,91
201800046676,18,6,15,1920,1,1,1,1.0,4.0,91136,M,4871194.0,229003.0,91
201800046677,18,6,15,1930,1,1,1,1.0,3.0,92002,M,,,92
201800046678,18,6,15,2030,1,1,1,1.0,2.0,91432,M,4869087.0,232271.0,91
201800046679,18,6,16,2315,3,1,1,1.0,6.0,91037,M,4853300.0,250000.0,91
201800046680,18,6,17,1710,1,1,1,1.0,2.0,91689,M,4873784.0,231881.0,91
201800046681,18,6,18,1445,1,1,1,1.0,4.0,91345,M,4868982.0,232354.0,91
201800046682,18,6,18,1545,1,1,1,1.0,4.0,91689,M,4872898.0,231445.0,91
201800046683,18,6,18,1756,1,1,1,1.0,4.0,94034,M,4875976.0,232184.0,94
201800046684,18,6,18,1950,1,1,1,1.0,2.0,91174,M,4861006.0,244522.0,91
201800046685,18,6,19,1655,1,1,1,1.0,3.0,91689,M,4872897.0,231415.0,91
201800046686,18,6,19,1640,1,1,1,1.0,2.0,91692,M,4867615.0,219345.0,91
201800046687,18,6,20,800,1,1,1,1.0,5.0,91377,M,4872611.0,230197.0,91
201800046688,18,6,21,821,1,1,1,1.0,5.0,91216,M,4868443.0,232829.0,91
201800046689,18,6,21,1810,1,1,1,1.0,4.0,91617,M,4864189.0,253354.0,91
201800046690,18,6,22,1110,1,1,9,1.0,3.0,77251,M,4862859.0,253713.0,77
201800046691,18,6,22,1700,1,1,1,1.0,3.0,91689,M,4873131.0,231487.0,91
201800046692,18,6,22,1845,1,1,1,1.0,3.0,94038,M,4878090.0,234680.0,94
201800046693,18,6,23,540,2,1,1,1.0,2.0,91661,M,4869939.0,224446.0,91
201800046694,18,6,23,1340,1,1,1,1.0,4.0,91432,M,4869392.0,231975.0,91
201800046695,18,6,23,1520,1,1,1,1.0,2.0,94038,M,4877886.0,234669.0,94
201800046696,18,6,24,1850,1,1,1,1.0,7.0,91617,M,4863850.0,253560.0,91
201800046697,18,6,25,900,1,1,1,1.0,3.0,94038,M,4878919.0,234500.0,94
201800046698,18,6,25,900,1,1,1,1.0,5.0,94034,M,4875990.0,233850.0,94
201800046699,18,6,25,1526,1,1,1,1.0,2.0,91086,M,4862390.0,237507.0,91
201800046700,18,6,25,2000,1,1,1,1.0,6.0,94038,M,4878374.0,234678.0,94
201800046701,18,6,26,1520,1,1,1,1.0,4.0,91182,M,4862744.0,241368.0,91
201800046702,18,6,26,1635,1,1,1,1.0,2.0,94034,M,4875357.0,233135.0,94
201800046703,18,6,27,853,1,1,1,1.0,2.0,91661,M,4868822.0,221788.0,91
201800046704,18,6,27,1540,1,1,1,1.0,4.0,91086,M,4862401.0,237404.0,91
201800046705,18,6,27,1815,1,1,1,1.0,2.0,91689,M,4874293.0,232215.0,91
201800046706,18,6,27,1900,1,1,1,1.0,5.0,94034,M,4875580.0,293540.0,94
201800046707,18,6,27,2104,2,1,1,1.0,3.0,91377,M,4873152.0,223816.0,91
201800046708,18,6,28,1515,1,1,1,1.0,4.0,91161,M,4871060.0,230470.0,91
201800046709,18,6,28,1810,1,1,1,1.0,2.0,94034,M,4875652.0,233624.0,94
201800046710,18,6,29,125,3,1,1,1.0,1.0,91179,M,4855506.0,250142.0,91
201800046711,18,6,29,1645,1,1,1,1.0,2.0,91086,M,4862402.0,237475.0,91
201800046712,18,6,29,2100,1,1,1,1.0,4.0,94034,M,4875970.0,232187.0,94
201800046713,18,6,30,940,1,1,1,1.0,2.0,91521,M,4863488.0,240210.0,91
201800046714,18,6,30,1630,1,1,1,1.0,2.0,91687,M,4866575.0,236250.0,91
201800046715,18,7,1,1050,1,1,1,1.0,4.0,91687,M,4866670.0,235393.0,91
201800046716,18,7,1,1741,1,1,1,1.0,4.0,91468,M,4866054.0,237200.0,91
201800046717,18,7,1,1810,1,1,1,1.0,2.0,91570,M,4864015.0,229862.0,91
201800046718,18,7,1,1813,1,1,1,1.0,3.0,91432,M,4869122.0,232229.0,91
201800046719,18,7,1,2047,1,1,1,1.0,2.0,91521,M,4863260.0,240200.0,91