Num_Acc,an,mois,jour,hrmn,lum,agg,int,atm,col,com,gps,lat,long,dep
201800046720,18,7,2,120,3,1,1,1.0,6.0,91521,M,4863250.0,240072.0,91
201800046721,18,7,2,815,1,1,1,1.0,5.0,91589,M,4867987.0,233288.0,91
201800046722,18,7,2,1650,1,1,1,1.0,5.0,91161,M,4870814.0,230630.0,91
201800046723,18,7,2,1748,1,1,1,1.0,2.0,91161,M,4870134.0,230887.0,91
201800046724,18,7,2,1913,1,1,1,1.0,3.0,91659,M,4859320.0,244380.0,91
201800046725,18,7,2,2310,3,1,1,1.0,4.0,91553,M,4861647.0,247540.0,91
201800046726,18,7,3,839,1,1,1,1.0,2.0,94038,M,4874721.0,234656.0,94
201800046727,18,7,3,1829,1,1,1,1.0,2.0,91534,M,4873620.0,217410.0,91
201800046728,18,7,3,1845,1,1,1,1.0,3.0,91161,M,4871559.0,229790.0,91
201800046729,18,7,4,610,1,1,1,1.0,2.0,91689,M,4872901.0,234139.0,91
201800046730,18,7,4,743,1,1,1,1.0,4.0,94076,M,4879098.0,234464.0,94
201800046731,18,7,4,1055,1,1,1,1.0,5.0,91553,M,4862675.0,247572.0,91
201800046732,18,7,4,1500,1,1,1,1.0,6.0,91617,M,4864200.0,253552.0,91
201800046733,18,7,4,1610,1,1,1,1.0,2.0,94034,M,4876010.0,232080.0,94
201800046734,18,7,4,1810,1,1,1,1.0,3.0,91340,M,4860880.0,243580.0,91
201800046735,18,7,5,830,1,1,1,1.0,6.0,91235,M,4862608.0,235369.0,91
201800046736,18,7,5,1400,1,1,1,1.0,4.0,91434,M,4867242.0,234462.0,91
201800046737,18,7,5,1735,1,1,1,2.0,3.0,91521,M,4863548.0,240160.0,91
201800046738,18,7,5,1730,1,1,1,1.0,2.0,91589,M,4867606.0,233981.0,91
201800046739,18,7,5,1945,1,1,1,1.0,3.0,92019,M,4875993.0,225860.0,92
201800046740,18,7,6,730,1,1,1,1.0,4.0,94003,M,4880971.0,233930.0,94
201800046741,18,7,6,820,1,1,1,1.0,3.0,91589,M,4867710.0,233830.0,91
201800046742,18,7,6,1650,1,1,1,1.0,7.0,91659,M,4859113.0,244540.0,91
201800046743,18,7,7,415,3,1,1,1.0,4.0,91689,M,4872400.0,231310.0,91
201800046744,18,7,7,1030,1,1,1,1.0,3.0,91521,M,4863250.0,240070.0,91
201800046745,18,7,7,1525,1,1,1,1.0,4.0,94038,M,4877447.0,234605.0,94
201800046746,18,7,7,1435,1,1,1,1.0,2.0,91689,M,4875008.0,232819.0,91
201800046747,18,7,7,1612,1,1,1,1.0,1.0,91661,M,4869646.0,222607.0,91
201800046748,18,7,8,1350,1,1,1,1.0,2.0,91589,M,4867123.0,234657.0,91
201800046749,18,7,8,1645,1,1,1,1.0,4.0,94034,M,4875959.0,232246.0,94
201800046750,18,7,7,120,3,1,1,1.0,6.0,77495,M,4859018.0,263661.0,77
201800046751,18,7,9,1616,1,1,1,1.0,5.0,91235,M,4862424.0,236909.0,91
201800046752,18,7,9,1720,1,1,1,1.0,5.0,94038,M,4877962.0,234674.0,94
201800046753,18,7,10,1410,1,1,1,1.0,3.0,91661,M,4869680.0,221110.0,91
201800046754,18,7,10,1930,1,1,1,1.0,3.0,94038,M,4878450.0,234660.0,94
201800046755,18,7,10,2359,5,1,1,1.0,7.0,94037,M,4880973.0,233897.0,94
201800046756,18,7,11,1515,1,1,1,1.0,6.0,94021,M,4877199.0,234530.0,94
201800046757,18,7,12,1726,1,1,1,1.0,7.0,94065,M,4874127.0,236458.0,94
201800046758,18,7,13,830,1,1,1,1.0,3.0,91589,M,4867820.0,233600.0,91
201800046759,18,7,13,1430,1,1,1,1.0,7.0,94003,M,4879869.0,234384.0,94
201800046760,18,7,13,1838,1,1,1,1.0,3.0,91086,M,4862380.0,237738.0,91
201800046761,18,7,14,1445,1,1,1,1.0,4.0,91689,M,4872661.0,231347.0,91
201800046762,18,7,14,1528,1,1,1,1.0,3.0,91689,M,4874795.0,232727.0,91
201800046763,18,7,15,540,2,1,1,2.0,3.0,94003,M,4879937.0,234230.0,94
201800046764,18,7,15,616,2,1,1,1.0,7.0,91064,M,4875038.0,222173.0,91
201800046765,18,7,15,1655,1,1,1,1.0,3.0,91468,M,4857294.0,246791.0,91
201800046766,18,7,16,750,1,1,1,1.0,5.0,92002,M,4872991.0,230758.0,92
201800046767,18,7,16,940,1,1,1,1.0,4.0,91161,M,4871179.0,229193.0,91
201800046768,18,7,16,1520,1,1,1,1.0,7.0,94034,M,4878590.0,234460.0,94
201800046769,18,7,17,906,1,1,1,1.0,5.0,94038,M,4878742.0,234570.0,94
201800046770,18,7,17,945,1,1,1,1.0,6.0,91553,M,4869157.0,249079.0,91
201800046771,18,7,17,1550,1,1,1,1.0,5.0,91161,M,4869880.0,231320.0,91
201800046772,18,7,18,1000,1,1,1,1.0,3.0,94003,M,4880110.0,234340.0,94
201800046773,18,7,18,1705,1,1,1,1.0,3.0,92002,M,4876123.0,225094.0,92
201800046774,18,7,19,900,1,1,1,1.0,2.0,91553,M,4862880.0,248090.0,91
201800046775,18,7,21,1140,1,1,1,1.0,4.0,91689,M,4874958.0,232872.0,91
201800046776,18,7,21,1750,1,1,1,1.0,3.0,94076,M,4879531.0,234528.0,94
201800046777,18,7,21,1850,1,1,1,1.0,7.0,94034,M,4875699.0,233480.0,94
201800046778,18,7,22,750,1,1,1,1.0,6.0,91553,M,4862842.0,247993.0,91
201800046779,18,7,22,2200,3,1,1,1.0,4.0,91617,M,4863567.0,253515.0,91
201800046780,18,7,24,840,1,1,1,1.0,2.0,91286,M,4864850.0,238600.0,91
201800046781,18,7,24,840,1,1,1,1.0,2.0,91286,M,4864850.0,238600.0,91
201800046782,18,7,25,640,1,1,1,1.0,6.0,94021,M,4877124.0,234471.0,94
201800046783,18,7,25,1900,1,1,1,1.0,5.0,91689,M,4874201.0,232185.0,91
201800046784,18,7,25,1240,1,1,1,1.0,2.0,94038,M,4877828.0,234650.0,94
201800046785,18,7,27,257,3,2,1,1.0,6.0,91228,M,4861003.0,242989.0,91
201800046786,18,7,27,1645,1,1,1,1.0,6.0,94003,M,4879964.0,234210.0,94
201800046787,18,7,29,1245,1,1,1,1.0,6.0,94037,M,4881184.0,235180.0,94
201800046788,18,7,29,1950,1,1,1,1.0,2.0,91689,M,4874780.0,232670.0,91
201800046789,18,7,31,2015,1,1,1,1.0,2.0,92002,M,4876046.0,228997.0,92
201800046790,18,8,2,1823,1,1,1,1.0,3.0,91235,M,4862479.0,236367.0,91
201800046791,18,8,2,1935,1,1,1,1.0,2.0,91136,M,4870796.0,228763.0,91
201800046792,18,8,2,1930,1,1,1,1.0,6.0,77495,M,4858947.0,263730.0,77
201800046793,18,8,7,1515,1,1,1,1.0,2.0,91235,M,4862589.0,235734.0,91
201800046794,18,8,8,510,5,1,1,1.0,2.0,94043,M,4881530.0,235630.0,94
201800046795,18,8,8,817,1,1,1,1.0,3.0,91589,M,4867790.0,233727.0,91
201800046796,18,8,8,745,1,1,1,2.0,3.0,94003,M,4879559.0,234245.0,94
201800046797,18,8,8,1950,1,1,1,1.0,7.0,91363,M,4865819.0,218204.0,91
201800046798,18,8,9,505,3,1,1,1.0,2.0,91661,M,4870180.0,224790.0,91
201800046799,18,8,9,657,1,1,1,1.0,3.0,91216,M,4868370.0,232891.0,91
201800046800,18,8,9,1745,1,1,1,1.0,7.0,91312,M,4803150.0,226540.0,91
201800046801,18,8,11,940,1,1,1,1.0,2.0,91086,M,4862487.0,239492.0,91
201800046802,18,8,11,1342,1,1,1,1.0,2.0,94038,M,4877584.0,234619.0,94
201800046803,18,8,13,935,1,1,1,8.0,3.0,94003,M,4879750.0,234436.0,94
201800046804,18,8,13,1045,1,1,1,8.0,2.0,91339,M,4862622.0,226087.0,91
201800046805,18,8,13,1015,1,1,1,1.0,6.0,77251,M,4862341.0,254289.0,77
201800046806,18,8,13,1920,1,1,1,1.0,4.0,91377,M,4872955.0,230021.0,91
201800046807,18,8,14,750,1,1,1,1.0,3.0,91086,M,4862565.0,239604.0,91
201800046808,18,8,14,1555,1,1,1,1.0,3.0,91161,M,4870737.0,230663.0,91
201800046809,18,8,15,730,1,1,1,1.0,6.0,91037,M,4854084.0,249835.0,91
201800046810,18,8,15,2244,3,1,1,1.0,3.0,91182,M,4862476.0,241816.0,91
201800046811,18,8,18,1230,1,1,1,1.0,4.0,94065,M,4875110.0,235480.0,94
201800046812,18,8,19,400,3,1,1,1.0,2.0,92002,M,4873589.0,231168.0,92
201800046813,18,8,18,2035,2,1,1,1.0,4.0,91377,M,4873080.0,230887.0,91
201800046814,18,8,20,330,4,1,1,1.0,7.0,94003,M,4881587.0,233658.0,94
201800046815,18,8,20,925,1,1,1,2.0,6.0,94034,M,4875646.0,233900.0,94
201800046816,18,8,20,2235,3,1,1,1.0,6.0,77251,M,4862350.0,254250.0,77
201800046817,18,8,21,120,3,1,1,1.0,6.0,91377,M,4871400.0,228800.0,91
201800046818,18,8,21,1820,1,1,1,1.0,7.0,91377,M,4871840.0,226990.0,91
201800046819,18,8,22,1530,1,1,1,1.0,2.0,94065,M,4875470.0,254690.0,94
201800046820,18,8,23,1015,1,1,1,1.0,7.0,91521,M,4863490.0,240100.0,91
201800046821,18,8,24,1045,1,1,1,1.0,6.0,91339,M,4863040.0,225220.0,91
201800046822,18,8,24,1636,1,1,1,1.0,5.0,94038,M,4878722.0,234579.0,94
201800046823,18,8,26,1855,1,1,1,1.0,4.0,94038,M,4878843.0,234542.0,94
201800046824,18,8,26,2201,3,1,1,1.0,2.0,91064,M,4875010.0,220415.0,91
201800046825,18,8,27,1045,1,1,1,2.0,6.0,91521,M,4863217.0,240109.0,91
201800046826,18,8,28,1000,1,1,1,2.0,2.0,92002,M,4876305.0,231140.0,92
201800046827,18,8,28,1445,1,1,1,1.0,3.0,91136,M,4871340.0,227610.0,91
201800046828,18,8,29,1800,1,1,1,1.0,5.0,91689,M,4874938.0,232778.0,91
201800046829,18,8,30,2150,3,1,1,1.0,3.0,91687,M,4866065.0,237111.0,91
201800046830,18,8,31,1753,1,1,1,1.0,3.0,91363,M,4866349.0,218808.0,91
201800046831,18,9,1,140,3,1,1,1.0,7.0,91521,M,4863195.0,240041.0,91
201800046832,18,9,1,900,1,1,1,1.0,5.0,91553,M,4862529.0,247228.0,91
201800046833,18,9,1,1115,1,1,1,1.0,4.0,91161,M,4869884.0,231306.0,91
201800046834,18,9,2,1045,1,1,1,1.0,6.0,91553,M,4863153.0,249383.0,91
201800046835,18,9,2,1545,1,1,1,1.0,2.0,91689,M,4872765.0,231393.0,91
201800046836,18,9,2,1815,1,1,1,1.0,4.0,91340,M,4859600.0,244230.0,91
201800046837,18,9,2,2320,3,1,1,1.0,2.0,91477,M,4871870.0,225600.0,91
201800046838,18,9,3,845,1,1,1,1.0,7.0,94003,M,4880629.0,234162.0,94
201800046839,18,9,3,942,1,1,1,8.0,2.0,91182,M,4862223.0,242278.0,91
201800046840,18,9,3,1830,1,1,1,1.0,5.0,91589,M,4867520.0,234110.0,91
201800046841,18,9,4,800,1,1,1,1.0,2.0,94034,M,4875270.0,233160.0,94
201800046842,18,9,4,1745,1,1,1,1.0,5.0,92002,M,4876049.0,228860.0,92
201800046843,18,9,6,830,1,1,1,8.0,3.0,94037,M,4881665.0,233643.0,94
201800046844,18,9,6,1645,1,1,1,1.0,3.0,91174,M,4861999.0,246007.0,91
201800046845,18,9,6,1643,1,1,1,1.0,3.0,91174,M,4861999.0,246007.0,91
201800046846,18,9,7,710,2,1,1,1.0,6.0,91434,M,4866710.0,235882.0,91
201800046847,18,9,8,225,3,1,1,1.0,2.0,91553,M,4862919.0,248296.0,91
201800046848,18,9,8,334,3,1,1,1.0,6.0,91468,M,4857573.0,246557.0,91
201800046849,18,9,8,1313,1,1,1,1.0,7.0,91553,M,4863182.0,250044.0,91
201800046850,18,9,8,1500,1,1,1,1.0,4.0,91689,M,4874838.0,232776.0,91
201800046851,18,9,8,1740,1,1,1,1.0,2.0,91174,M,4861302.0,245053.0,91
201800046852,18,9,9,1730,1,1,1,1.0,4.0,91363,M,4866004.0,218532.0,91
201800046853,18,9,11,759,2,1,1,1.0,3.0,94021,M,4876830.0,234460.0,94
201800046854,18,9,11,820,1,1,1,1.0,3.0,91235,M,4862450.0,236520.0,91
201800046855,18,9,11,945,1,1,1,7.0,4.0,91553,M,4863162.0,249250.0,91
201800046856,18,9,11,1830,1,1,1,1.0,2.0,91174,M,4861289.0,245020.0,91
201800046857,18,9,12,1811,1,1,1,1.0,2.0,91161,M,4870984.0,230694.0,91
201800046858,18,9,13,834,1,1,1,2.0,7.0,94016,M,4879939.0,234240.0,94
201800046859,18,9,13,1200,1,1,1,1.0,2.0,94003,M,4880865.0,234086.0,94
201800046860,18,9,13,1035,1,1,1,2.0,3.0,94037,M,4881380.0,235522.0,94
201800046861,18,9,13,1745,1,1,1,1.0,5.0,91363,M,4866054.0,218544.0,91
201800046862,18,9,13,1900,1,1,1,1.0,2.0,91339,M,4862564.0,226229.0,91
201800046863,18,9,13,1830,1,1,1,8.0,2.0,94076,M,4879366.0,234524.0,94
201800046864,18,9,14,740,1,1,1,1.0,2.0,77251,M,4860938.0,257671.0,77
201800046865,18,9,14,1411,1,1,1,1.0,2.0,91136,M,4871340.0,227390.0,91
201800046866,18,9,14,1600,1,1,1,1.0,2.0,94034,M,4876180.0,231520.0,94
201800046867,18,9,14,1520,1,1,1,1.0,2.0,91235,M,4862620.0,235310.0,91
201800046868,18,9,14,1800,1,1,1,1.0,2.0,91645,M,4875980.0,226250.0,91
201800046869,18,9,14,1830,1,1,1,1.0,3.0,91136,M,4870848.0,226030.0,91
201800046870,18,9,15,1545,1,1,1,1.0,2.0,92002,M,4875970.0,226400.0,92
201800046871,18,9,17,1235,1,1,1,1.0,4.0,91617,M,4863120.0,251440.0,91
201800046872,18,9,17,1830,1,1,1,1.0,7.0,91534,M,4873070.0,216632.0,91
201800046873,18,9,18,832,1,1,1,1.0,5.0,91661,M,4870480.0,224964.0,91
201800046874,18,9,18,1515,1,1,1,2.0,7.0,91347,M,4862564.0,231357.0,91
201800046875,18,9,18,1912,2,1,1,1.0,3.0,91064,M,4874362.0,218925.0,91
201800046876,18,9,18,2115,3,1,1,1.0,5.0,94003,M,4881077.0,233779.0,94
201800046877,18,9,19,939,1,1,1,1.0,2.0,91549,M,4862628.0,234275.0,91
201800046878,18,9,19,1408,1,1,1,1.0,3.0,91174,M,4856947.0,247051.0,91
201800046879,18,9,19,1649,1,1,1,1.0,5.0,91161,M,4869740.0,231499.0,91
201800046880,18,8,19,1736,1,1,1,1.0,3.0,92002,M,4873218.0,231058.0,92
201800046881,18,9,19,1552,1,1,1,1.0,2.0,91661,M,4869834.0,224212.0,91
201800046882,18,9,19,2328,3,1,1,1.0,2.0,91363,M,4866278.0,218987.0,91
201800046883,18,9,20,805,1,1,1,1.0,7.0,91161,M,4869879.0,231301.0,91
201800046884,18,9,20,1205,1,1,1,1.0,6.0,91161,M,4870617.0,230579.0,91
201800046885,18,9,20,1630,1,1,1,1.0,5.0,91570,M,4862475.0,233129.0,91
201800046886,18,9,20,1738,1,1,1,1.0,3.0,94021,M,4876105.0,233961.0,94
201800046887,18,9,20,1830,1,1,1,1.0,2.0,91549,M,4862659.0,234671.0,91
201800046888,18,9,21,822,1,1,1,2.0,5.0,91570,M,4862501.0,232348.0,91
201800046889,18,9,21,1730,1,1,1,1.0,2.0,91534,M,4873650.0,217470.0,91
201800046890,18,9,21,1935,2,1,1,1.0,2.0,91617,M,4863380.0,253530.0,91
201800046891,18,9,22,150,5,1,1,1.0,7.0,94037,M,4880921.0,234884.0,94
201800046892,18,9,22,1440,1,1,1,1.0,5.0,91161,M,4870046.0,231031.0,91
201800046893,18,9,22,1532,1,1,1,2.0,2.0,91086,M,4862411.0,239141.0,91
201800046894,18,9,23,700,2,1,1,2.0,6.0,91340,M,4860880.0,243750.0,91
201800046895,18,9,23,915,1,1,1,2.0,5.0,91477,M,4871880.0,225648.0,91
201800046896,18,9,23,1525,1,1,1,3.0,4.0,91136,M,4871261.0,228318.0,91
201800046897,18,9,24,750,1,1,1,1.0,3.0,91286,M,4865776.0,237637.0,91
201800046898,18,9,24,1635,1,1,1,1.0,3.0,94038,M,4878076.0,234632.0,94
201800046899,18,9,24,2050,5,1,1,1.0,2.0,91161,M,4870026.0,231018.0,91
201800046900,18,9,25,950,1,1,1,1.0,3.0,91161,M,4870182.0,230852.0,91
201800046901,18,9,25,1040,1,1,1,1.0,4.0,91182,M,4861703.0,242881.0,91
201800046902,18,9,25,1715,1,1,1,1.0,2.0,91136,M,4871479.0,227094.0,91
201800046903,18,9,26,923,1,1,1,1.0,2.0,91477,M,4871729.0,226375.0,91
201800046904,18,9,26,1206,1,1,1,1.0,3.0,91589,M,4867735.0,230800.0,91
201800046905,18,9,26,1830,1,1,1,1.0,3.0,91340,M,4860920.0,243967.0,91
201800046906,18,9,27,825,1,1,1,1.0,2.0,77251,M,4864470.0,254271.0,77
201800046907,18,9,27,805,1,1,1,1.0,4.0,91617,M,4863161.0,250092.0,91
201800046908,18,9,27,1630,1,1,1,1.0,5.0,91689,M,4872786.0,231389.0,91
201800046909,18,9,28,730,1,1,1,1.0,7.0,94034,M,4873372.0,231615.0,94
201800046910,18,9,28,1345,1,1,1,1.0,4.0,91687,M,4866420.0,236557.0,91
201800046911,18,9,28,1630,1,1,1,1.0,2.0,92002,M,4876185.0,229911.0,92
201800046912,18,9,28,1923,1,1,1,8.0,5.0,91136,M,4871406.0,227361.0,91
201800046913,18,9,28,1945,2,1,1,1.0,2.0,94038,M,4877834.0,234643.0,94
201800046914,18,9,28,2125,3,1,1,1.0,4.0,91689,M,4874116.0,232092.0,91
201800046915,18,9,29,938,1,1,1,1.0,4.0,91347,M,4862220.0,228300.0,91
201800046916,18,9,29,1355,1,1,1,1.0,2.0,94037,M,4880684.0,234624.0,94
201800046917,18,9,29,1850,1,1,1,1.0,4.0,91064,M,4874911.0,221249.0,91
201800046918,18,9,30,630,3,1,1,1.0,3.0,91363,M,4863727.0,220435.0,91
201800046919,18,9,30,1250,1,1,1,1.0,7.0,94034,M,4876179.0,231550.0,94
201800046920,18,10,1,1826,2,1,1,1.0,3.0,91174,M,4861102.0,244665.0,91
201800046921,18,10,2,605,3,1,1,2.0,3.0,91687,M,4865968.0,237321.0,91
201800046922,18,10,3,43,5,1,1,1.0,6.0,91617,M,4863008.0,251388.0,91
201800046923,18,10,3,804,1,1,1,2.0,5.0,91434,M,4866870.0,235285.0,91
201800046924,18,10,3,820,1,1,1,1.0,2.0,91161,M,4871760.0,231020.0,91
201800046925,18,10,3,647,2,1,1,1.0,7.0,94038,M,4878144.0,234694.0,94
201800046926,18,10,3,1450,1,1,1,1.0,4.0,94034,M,4875560.0,234310.0,94
201800046927,18,10,3,1730,1,1,1,1.0,3.0,94043,M,4848520.0,221200.0,94
201800046928,18,10,3,1700,1,1,1,1.0,5.0,94038,M,4878510.0,234680.0,94
201800046929,18,10,3,1803,1,1,1,1.0,3.0,91161,M,4870513.0,231027.0,91
201800046930,18,10,4,1245,1,1,1,1.0,2.0,91174,M,4860970.0,243560.0,91
201800046931,18,10,4,1745,1,1,1,1.0,2.0,91553,M,4862630.0,247490.0,91
201800046932,18,10,5,845,1,1,1,1.0,7.0,91377,M,4872930.0,230680.0,91
201800046933,18,10,5,1210,1,1,1,1.0,2.0,91521,M,4864010.0,239460.0,91
201800046934,18,10,5,1400,1,1,1,1.0,2.0,91161,M,4871231.0,230001.0,91
201800046935,18,10,5,1745,1,1,1,1.0,3.0,92019,M,4877000.0,243794.0,92
201800046936,18,10,6,1125,1,1,1,1.0,2.0,91689,M,4874840.0,232771.0,91
201800046937,18,8,18,1437,1,1,1,1.0,2.0,91689,M,4874502.0,232469.0,91
201800046938,18,10,6,1455,1,1,1,1.0,2.0,91086,M,4862339.0,238374.0,91
201800046939,18,10,6,1848,1,1,1,1.0,4.0,94034,M,4876234.0,231360.0,94
201800046940,18,10,8,906,1,1,1,1.0,2.0,91216,M,4868325.0,232884.0,91
201800046941,18,10,9,820,1,1,1,1.0,4.0,91692,M,4867176.0,219402.0,91
201800046942,18,10,9,952,1,1,1,1.0,3.0,94037,M,4881594.0,265680.0,94
201800046943,18,10,9,1110,1,1,1,1.0,5.0,91692,M,4867150.0,219380.0,91
201800046944,18,10,9,1255,1,1,1,1.0,2.0,91086,M,4862385.0,239230.0,91
201800046945,18,10,9,1325,1,1,1,1.0,4.0,91286,M,4864439.0,239039.0,91
201800046946,18,10,9,1246,1,1,1,1.0,5.0,91174,M,4861100.0,244603.0,91
201800046947,18,10,9,1959,3,1,1,1.0,3.0,91161,M,4872068.0,231099.0,91
201800046948,18,10,10,749,2,1,1,1.0,3.0,91687,M,4866000.0,237300.0,91
201800046949,18,10,10,720,1,1,1,1.0,2.0,91286,M,4865266.0,238199.0,91
201800046950,18,10,10,1741,1,2,1,1.0,2.0,91377,M,4871867.0,829889.0,91
201800046951,18,10,11,405,3,1,1,1.0,6.0,91064,M,4874900.0,221843.0,91
201800046952,18,10,11,745,2,1,1,1.0,2.0,91689,M,4873050.0,231460.0,91
201800046953,18,10,11,1635,1,1,1,1.0,3.0,91689,M,4874405.0,232338.0,91
201800046954,18,10,11,1811,2,1,1,2.0,2.0,91345,M,4868768.0,232556.0,91
201800046955,18,10,11,1850,2,1,1,1.0,3.0,92002,M,4875973.0,227486.0,92
201800046956,18,10,12,332,4,1,1,1.0,6.0,91340,M,4860904.0,243482.0,91
201800046957,18,10,12,910,1,1,1,1.0,3.0,91340,M,4859188.0,244470.0,91
201800046958,18,10,12,1100,1,1,1,1.0,2.0,94003,M,4880968.0,233926.0,94
201800046959,18,10,12,1650,1,1,1,1.0,4.0,91161,M,4871183.0,230772.0,91
201800046960,18,10,12,1800,1,1,1,1.0,4.0,91589,M,4867800.0,233647.0,91
201800046961,18,10,12,2050,3,1,1,1.0,2.0,91549,M,4862568.0,233819.0,91
201800046962,18,10,14,1241,1,1,1,1.0,3.0,94034,M,4876233.0,231350.0,94
201800046963,18,10,15,825,1,1,1,1.0,2.0,91589,M,4867086.0,234761.0,91
201800046964,18,10,16,15,5,1,1,1.0,7.0,94003,M,4880694.0,234134.0,94
201800046965,18,10,16,1650,1,1,1,1.0,7.0,91661,M,4869569.0,223473.0,91
201800046966,18,10,16,1745,1,1,1,1.0,2.0,94034,M,4875516.0,234249.0,94
201800046967,18,10,16,1750,1,1,1,1.0,2.0,91434,M,4866783.0,235619.0,91
201800046968,18,10,16,1910,2,1,1,1.0,2.0,94034,M,4876252.0,231347.0,94
201800046969,18,10,18,930,1,1,1,1.0,2.0,92002,M,4875985.0,227069.0,92
201800046970,18,10,19,905,1,1,1,1.0,5.0,94076,M,4879370.0,234487.0,94
201800046971,18,10,19,1915,2,1,1,1.0,2.0,91589,M,4867507.0,234136.0,91
201800046972,18,10,20,200,3,1,1,1.0,7.0,91340,M,4860821.0,243613.0,91
201800046973,18,10,20,1330,1,1,1,1.0,2.0,91161,M,4871160.0,229150.0,91
201800046974,18,10,20,1420,1,1,1,1.0,7.0,91617,M,4863200.0,252520.0,91
201800046975,18,10,20,1920,2,1,1,1.0,4.0,91286,M,4864890.0,238510.0,91
201800046976,18,10,21,1150,1,1,1,1.0,3.0,91161,M,4871195.0,230776.0,91
201800046977,18,10,21,1313,1,1,1,1.0,2.0,91064,M,4875499.0,222343.0,91
201800046978,18,10,21,1445,1,1,1,1.0,4.0,92002,M,4873078.0,230900.0,92
201800046979,18,10,23,110,3,1,1,1.0,7.0,91340,M,4860904.0,243482.0,91
201800046980,18,10,23,820,2,1,1,1.0,2.0,94021,M,4876380.0,234170.0,94
201800046981,18,10,23,800,3,1,1,1.0,4.0,94038,M,4877360.0,234570.0,94
201800046982,18,10,23,1800,1,1,1,1.0,2.0,94034,M,4875694.0,233507.0,94
201800046983,18,10,23,2018,5,1,1,1.0,3.0,91161,M,4870066.0,231172.0,91
201800046984,18,10,23,2044,5,1,1,1.0,3.0,92002,M,4872997.0,230753.0,92
201800046985,18,10,23,2315,5,1,1,1.0,2.0,91161,M,4870300.0,230720.0,91
201800046986,18,10,24,800,1,1,1,1.0,2.0,92002,M,4877453.0,224076.0,92
201800046987,18,10,24,845,1,1,1,1.0,3.0,92002,M,4876007.0,227782.0,92
201800046988,18,10,24,1305,1,1,1,1.0,3.0,94076,M,4879273.0,234434.0,94
201800046989,18,10,24,1730,1,1,1,1.0,4.0,91174,M,4861690.0,245580.0,91
201800046990,18,10,24,1700,1,1,1,1.0,5.0,91161,M,4871926.0,231048.0,91
201800046991,18,10,25,1345,1,1,1,1.0,4.0,94038,M,4878096.0,234689.0,94
201800046992,18,10,25,1725,1,1,1,1.0,4.0,91377,M,4872948.0,229722.0,91
201800046993,18,10,25,1950,3,1,1,1.0,2.0,91521,M,4862585.0,239754.0,91
201800046994,18,10,26,859,1,1,1,1.0,3.0,91589,M,4867824.0,233622.0,91
201800046995,18,10,26,1645,1,1,1,1.0,6.0,91659,M,4858260.0,245690.0,91
201800046996,18,10,26,1920,3,1,1,1.0,4.0,91064,M,4875030.0,222160.0,91
201800046997,18,10,27,325,3,1,1,1.0,2.0,91340,M,4860144.0,243840.0,91
201800046998,18,10,27,545,3,1,1,1.0,7.0,91161,M,4871028.0,230729.0,91
201800046999,18,10,27,40,3,1,1,1.0,6.0,91179,M,4854315.0,249711.0,91
201800047000,18,10,28,50,3,1,1,8.0,1.0,91340,M,4860900.0,243400.0,91
201800047001,18,10,28,540,3,1,1,1.0,6.0,91434,M,4866630.0,236140.0,91
201800047002,18,10,28,2345,3,1,1,2.0,3.0,91086,M,4862037.0,236949.0,91
201800047003,18,10,29,1905,2,1,1,1.0,4.0,94003,M,4880813.0,234040.0,94
201800047004,18,10,30,1245,1,1,1,1.0,4.0,91689,M,4872230.0,231181.0,91
201800047005,18,10,31,851,1,1,1,1.0,4.0,94034,M,4876010.0,232060.0,94
201800047006,18,10,31,1005,1,1,1,1.0,2.0,91549,M,4862555.0,233807.0,91
201800047007,18,10,31,2104,5,1,1,1.0,7.0,94037,M,4882606.0,235653.0,94
201800047008,18,11,1,41,3,1,1,1.0,6.0,92019,M,4869876.0,231353.0,92
201800047009,18,11,1,1845,4,1,1,2.0,6.0,75113,M,4880960.0,235270.0,75
201800047010,18,11,1,2149,3,1,1,8.0,6.0,94065,M,4875800.0,233500.0,94
201800047011,18,11,1,2250,3,1,1,2.0,6.0,91340,M,4860863.0,243276.0,91
201800047012,18,11,2,1115,1,1,1,1.0,3.0,91339,M,4864274.0,239135.0,91
201800047013,18,11,2,1530,1,1,1,1.0,4.0,91377,M,4872200.0,229620.0,91
201800047014,18,11,2,1915,3,1,1,1.0,3.0,91161,M,4869530.0,231820.0,91
201800047015,18,11,3,1030,1,1,1,1.0,4.0,91521,M,4864090.0,239390.0,91
201800047016,18,11,4,1430,1,1,1,1.0,2.0,92002,M,4876059.0,228627.0,92
201800047017,18,11,6,303,3,1,1,1.0,2.0,92002,M,4875961.0,226426.0,92
201800047018,18,11,6,907,1,1,1,1.0,5.0,92019,M,4876008.0,225350.0,92
201800047019,18,11,6,1105,1,1,1,1.0,4.0,91521,M,4862846.0,241298.0,91
201800047020,18,11,7,850,1,1,1,2.0,2.0,91161,M,4869868.0,231321.0,91
201800047021,18,11,7,905,1,1,1,3.0,3.0,94021,M,4876178.0,234044.0,94
201800047022,18,11,7,1335,1,1,1,2.0,2.0,91687,M,4866490.0,236420.0,91
201800047023,18,11,9,1745,5,1,1,1.0,2.0,94034,M,4875868.0,232469.0,94