Num_Acc,an,mois,jour,hrmn,lum,agg,int,atm,col,com,gps,lat,long,dep
201800047024,18,11,9,1915,4,1,1,1.0,2.0,91174,M,4861941.0,245876.0,91
201800047025,18,11,10,845,1,1,1,2.0,6.0,91340,M,4860874.0,243580.0,91
201800047026,18,11,10,1513,1,1,1,2.0,6.0,91363,M,4865635.0,217846.0,91
201800047027,18,11,10,1925,5,2,1,1.0,6.0,91377,M,4871923.0,229926.0,91
201800047028,18,11,11,30,3,1,1,2.0,2.0,91182,M,4862411.0,241964.0,91
201800047029,18,11,11,700,3,1,1,2.0,2.0,94076,M,4879464.0,234455.0,94
201800047030,18,11,11,935,1,1,1,8.0,6.0,91521,M,4863227.0,240128.0,91
201800047031,18,11,11,805,1,1,1,2.0,2.0,91064,M,4874903.0,221332.0,91
201800047032,18,11,11,900,1,1,1,2.0,7.0,91161,M,4870887.0,230595.0,91
201800047033,18,11,11,1448,1,1,1,2.0,7.0,94037,M,4881542.0,235622.0,94
201800047034,18,11,11,1440,1,1,1,2.0,6.0,91182,M,4860906.0,243458.0,91
201800047035,18,11,11,1610,1,1,1,2.0,7.0,91228,M,4860886.0,243509.0,91
201800047036,18,11,11,1848,3,1,1,2.0,7.0,91521,M,4863367.0,240080.0,91
201800047037,18,11,11,2145,4,1,1,1.0,6.0,91136,M,4871000.0,220000.0,91
201800047038,18,11,12,200,4,1,1,2.0,6.0,91363,M,4865469.0,217743.0,91
201800047039,18,11,12,1000,1,1,1,2.0,3.0,91471,M,4871268.0,218122.0,91
201800047040,18,11,12,904,1,1,1,2.0,6.0,77495,M,4859059.0,263549.0,77
201800047041,18,11,14,816,1,1,1,1.0,2.0,91339,M,4862332.0,226850.0,91
201800047042,18,11,14,920,1,1,1,1.0,3.0,94034,M,4875932.0,233748.0,94
201800047043,18,11,14,1640,1,1,1,1.0,5.0,94034,M,4875000.0,232300.0,94
201800047044,18,11,14,1855,3,1,1,1.0,5.0,91161,M,4870425.0,230619.0,91
201800047045,18,11,15,20,3,1,1,1.0,2.0,94065,M,4875497.0,234695.0,94
201800047046,18,11,15,1815,4,1,1,8.0,3.0,94021,M,4876043.0,233830.0,94
201800047047,18,11,15,1940,3,1,1,1.0,4.0,94003,M,4879889.0,234257.0,94
201800047048,18,11,16,720,3,1,1,5.0,2.0,91687,M,4865934.0,237361.0,91
201800047049,18,11,16,800,2,1,1,5.0,7.0,91521,M,4863924.0,239564.0,91
201800047050,18,11,16,1805,3,1,1,5.0,7.0,91534,M,4872621.0,216584.0,91
201800047051,18,11,16,1850,3,1,1,1.0,3.0,91689,M,4872544.0,231306.0,91
201800047052,18,6,17,20,4,1,1,1.0,2.0,91689,M,4873946.0,232009.0,91
201800047053,18,11,17,709,3,1,1,1.0,3.0,91661,M,4869672.0,221108.0,91
201800047054,18,11,18,40,3,1,1,1.0,7.0,94034,M,4875638.0,232916.0,94
201800047055,18,11,20,1500,1,1,1,2.0,6.0,91521,M,4863573.0,240153.0,91
201800047056,18,11,20,1505,2,1,1,2.0,6.0,91086,M,4862392.0,238192.0,91
201800047057,18,11,20,1940,3,1,1,1.0,2.0,94034,M,4875340.0,233230.0,94
201800047058,18,11,21,945,1,1,1,1.0,5.0,91182,M,4862190.0,242360.0,91
201800047059,18,11,11,605,3,1,1,1.0,2.0,94065,M,4874722.0,235883.0,94
201800047060,18,11,21,1420,1,1,1,1.0,2.0,91312,M,4873329.0,223326.0,91
201800047061,18,11,21,2030,3,1,1,1.0,4.0,91689,M,4872116.0,231134.0,91
201800047062,18,11,22,945,1,1,1,1.0,5.0,91182,M,4862870.0,241162.0,91
201800047063,18,11,22,1718,3,1,1,5.0,4.0,91534,M,4871533.0,217321.0,91
201800047064,18,11,23,1725,3,1,1,5.0,6.0,91182,M,4862592.0,239841.0,91
201800047065,18,11,23,1905,3,1,1,8.0,3.0,91377,M,4872659.0,230249.0,91
201800047066,18,11,23,2030,3,1,1,2.0,3.0,91064,M,4876388.0,222508.0,91
201800047067,18,11,23,2135,3,1,1,3.0,6.0,91064,M,4874374.0,218992.0,91
201800047068,18,11,24,1700,1,1,1,1.0,7.0,91471,M,4870712.0,219077.0,91
201800047069,18,11,25,816,1,1,1,2.0,6.0,91363,M,4863428.0,221977.0,91
201800047070,18,11,25,1320,1,1,1,2.0,6.0,91136,M,4871709.0,226781.0,91
201800047071,18,11,25,1600,1,1,1,2.0,6.0,94034,M,4875800.0,233510.0,94
201800047072,18,11,26,58,3,1,1,2.0,6.0,94034,M,4875496.0,233326.0,94
201800047073,18,11,27,700,3,1,1,1.0,3.0,91161,M,4871300.0,230840.0,91
201800047074,18,11,27,1905,3,1,1,2.0,4.0,91182,M,4862353.0,242028.0,91
201800047075,18,11,27,2015,3,1,1,1.0,2.0,91086,M,4862370.0,238186.0,91
201800047076,18,11,28,715,3,1,1,2.0,3.0,91589,M,4867950.0,233370.0,91
201800047077,18,11,28,940,1,1,1,2.0,5.0,91589,M,4867500.0,234150.0,91
201800047078,18,11,28,815,1,1,1,1.0,3.0,91377,M,4871950.0,229350.0,91
201800047079,18,11,28,945,1,1,1,2.0,6.0,91235,M,4862430.0,236740.0,91
201800047080,18,11,28,1105,1,1,1,2.0,3.0,91174,M,4861941.0,245923.0,91
201800047081,18,11,28,1750,3,1,1,2.0,4.0,91521,M,4862601.0,239797.0,91
201800047082,18,11,28,1910,3,1,1,1.0,3.0,94021,M,4876879.0,234472.0,94
201800047083,18,11,28,2030,4,1,1,1.0,2.0,94038,M,4877948.0,234689.0,94
201800047084,18,11,28,1940,3,1,1,2.0,2.0,94038,M,4878042.0,234668.0,94
201800047085,18,11,29,815,1,1,1,1.0,2.0,91136,M,4871648.0,226487.0,91
201800047086,18,11,29,1925,3,1,1,1.0,3.0,91174,M,4861224.0,244906.0,91
201800047087,18,11,30,829,2,1,1,1.0,4.0,91345,M,4868832.0,232483.0,91
201800047088,18,11,30,758,2,1,9,1.0,5.0,77251,M,4863214.0,252771.0,77
201800047089,18,11,30,1020,1,1,1,1.0,3.0,91477,M,4872290.0,224830.0,91
201800047090,18,11,30,935,1,1,1,1.0,3.0,91471,M,4869806.0,219227.0,91
201800047091,18,11,30,1717,3,1,1,1.0,2.0,92002,M,4873706.0,231724.0,92
201800047092,18,11,30,1745,2,1,1,1.0,2.0,91064,M,4874918.0,221170.0,91
201800047093,18,12,1,1345,1,1,1,2.0,6.0,91136,M,4871080.0,228840.0,91
201800047094,18,12,1,1755,3,1,9,2.0,2.0,77251,M,4862761.0,253817.0,77
201800047095,18,12,1,2250,3,1,1,2.0,6.0,91161,M,4869300.0,232000.0,91
201800047096,18,12,2,335,5,1,1,2.0,6.0,94034,M,4875888.0,233665.0,94
201800047097,18,12,3,813,1,1,1,1.0,7.0,91174,M,4862504.0,247115.0,91
201800047098,18,12,3,1510,1,1,1,8.0,1.0,91477,M,4872578.0,223682.0,91
201800047099,18,12,4,800,1,1,1,2.0,7.0,91377,M,4871913.0,223373.0,91
201800047100,18,12,5,1705,2,1,1,1.0,4.0,91339,M,4862555.0,226238.0,91
201800047101,18,12,6,540,3,1,1,2.0,2.0,91689,M,4874057.0,232073.0,91
201800047102,18,12,6,1530,1,1,1,1.0,6.0,91064,M,4875000.0,220656.0,91
201800047103,18,12,6,1730,3,1,1,1.0,2.0,91589,M,4867525.0,234158.0,91
201800047104,18,12,7,859,1,1,1,2.0,5.0,91161,M,4870085.0,230987.0,91
201800047105,18,12,7,1600,1,1,1,1.0,2.0,91689,M,4872250.0,231170.0,91
201800047106,18,12,8,140,5,1,1,1.0,2.0,91161,M,4870216.0,230776.0,91
201800047107,18,12,8,1950,3,1,1,2.0,4.0,91689,M,4873314.0,231583.0,91
201800047108,18,12,9,1629,1,1,1,1.0,2.0,94037,M,4881528.0,235630.0,94
201800047109,18,12,10,900,1,1,1,1.0,7.0,91645,M,4845160.0,216700.0,91
201800047110,18,12,10,1050,1,1,1,2.0,7.0,91216,M,4868360.0,232880.0,91
201800047111,18,12,10,1800,3,1,1,1.0,2.0,91286,M,4864668.0,238748.0,91
201800047112,18,12,10,2010,5,1,1,1.0,2.0,91064,M,4874917.0,221341.0,91
201800047113,18,12,11,922,1,1,1,1.0,2.0,91589,M,4867880.0,233489.0,91
201800047114,18,12,11,1803,3,1,1,1.0,3.0,91174,M,4861967.0,245951.0,91
201800047115,18,12,11,2010,3,1,1,1.0,7.0,91617,M,4863989.0,253505.0,91
201800047116,18,12,12,1730,5,1,1,1.0,4.0,94034,M,4875972.0,232174.0,94
201800047117,18,12,12,1805,3,1,1,1.0,2.0,91340,M,4860370.0,243733.0,91
201800047118,18,12,13,900,1,1,1,1.0,5.0,91589,M,4867130.0,234650.0,91
201800047119,18,12,13,1020,1,1,1,1.0,6.0,77495,M,4859380.0,262509.0,77
201800047120,18,12,13,1850,3,1,1,1.0,6.0,91477,M,4871694.0,226397.0,91
201800047121,18,12,13,2150,3,1,1,1.0,4.0,91553,M,4862449.0,246985.0,91
201800047122,18,12,14,1720,3,1,1,1.0,2.0,91689,M,4872860.0,231400.0,91
201800047123,18,12,14,1950,3,1,1,1.0,4.0,91689,M,4872630.0,231350.0,91
201800047124,18,12,15,2005,5,1,1,2.0,2.0,94037,M,4881016.0,234964.0,94
201800047125,18,12,15,2015,5,1,1,3.0,4.0,94003,M,4880468.0,234186.0,94
201800047126,18,12,15,2300,4,1,1,3.0,7.0,94003,M,4880951.0,233924.0,94
201800047127,18,12,17,819,1,1,1,1.0,3.0,91345,M,4869899.0,231386.0,91
201800047128,18,12,17,647,3,1,1,1.0,4.0,91174,M,4862098.0,246157.0,91
201800047129,18,12,17,910,1,1,1,1.0,3.0,91534,M,4872268.0,216819.0,91
201800047130,18,12,17,1813,3,1,1,1.0,3.0,91689,M,4874319.0,232240.0,91
201800047131,18,12,18,1205,1,1,1,1.0,5.0,91174,M,4862059.0,246068.0,91
201800047132,18,12,18,1708,5,1,1,1.0,5.0,94034,M,4876009.0,232086.0,94
201800047133,18,12,18,1800,3,1,1,1.0,2.0,91339,M,4862893.0,225551.0,91
201800047134,18,12,19,1300,1,1,1,1.0,2.0,91182,M,4861848.0,242673.0,91
201800047135,18,12,20,730,2,1,1,1.0,4.0,91161,M,4870770.0,230640.0,91
201800047136,18,12,20,1205,1,1,1,1.0,4.0,94034,M,4875831.0,232600.0,94
201800047137,18,12,20,1600,1,1,1,1.0,3.0,91689,M,4874440.0,232260.0,91
201800047138,18,12,20,1700,1,1,1,1.0,3.0,91340,M,4860910.0,243940.0,91
201800047139,18,12,21,1230,1,1,1,2.0,6.0,92002,M,4873208.0,231093.0,92
201800047140,18,12,21,1435,1,1,1,2.0,2.0,91477,M,4871476.0,225780.0,91
201800047141,18,12,21,1406,1,1,1,2.0,5.0,94037,M,4881102.0,235030.0,94
201800047142,18,12,21,1625,1,1,1,1.0,7.0,94034,M,4876017.0,232068.0,94
201800047143,18,12,21,2215,3,1,1,2.0,3.0,94021,M,4879300.0,234000.0,94
201800047144,18,12,22,625,3,1,1,1.0,2.0,91553,M,4862550.0,247230.0,91
201800047145,18,12,23,1952,3,1,1,1.0,6.0,91340,M,4861080.0,244401.0,91
201800047146,18,12,23,2320,3,1,1,1.0,6.0,91661,M,4869983.0,224565.0,91
201800047147,18,12,24,920,1,1,1,2.0,7.0,91363,M,4866951.0,219439.0,91
201800047148,18,12,24,2350,3,1,1,1.0,7.0,91340,M,4859602.0,244228.0,91
201800047149,18,12,25,735,3,1,1,1.0,6.0,91064,M,4864295.0,228280.0,91
201800047150,18,12,25,1200,1,1,1,1.0,2.0,91182,M,4861371.0,243089.0,91
201800047151,18,12,26,1630,1,1,1,1.0,4.0,91174,M,4862164.0,246271.0,91
201800047152,18,12,26,1930,3,1,1,1.0,4.0,91174,M,4837800.0,227300.0,91
201800047153,18,12,27,2140,3,1,1,1.0,2.0,91687,M,4866416.0,236530.0,91
201800047154,18,12,28,1100,1,1,1,1.0,2.0,91161,M,4871080.0,229890.0,91
201800047155,18,12,28,1547,1,1,1,1.0,2.0,91570,M,4862491.0,231184.0,91
201800047156,18,12,29,320,3,1,1,1.0,2.0,91689,M,4872973.0,231473.0,91
201800047157,18,12,31,830,1,1,1,2.0,6.0,94034,M,4875773.0,233497.0,94
201800047158,18,12,31,1530,1,1,1,1.0,2.0,94003,M,4879320.0,234520.0,94
201800047159,18,1,2,1450,1,2,6,8.0,6.0,20353,M,4270866.0,945381.0,202
201800047160,18,1,6,1340,1,2,1,1.0,5.0,20033,M,4269021.0,944869.0,202
201800047161,18,1,8,935,1,2,1,8.0,6.0,20037,M,4262427.0,943346.0,202
201800047162,18,1,9,1800,2,2,1,1.0,4.0,20037,M,4262775.0,943732.0,202
201800047163,18,1,11,1055,1,2,1,2.0,1.0,20120,M,4263634.0,943866.0,202
201800047164,18,1,13,1158,1,2,1,6.0,6.0,20120,M,4265840.0,941379.0,202
201800047165,18,1,14,353,5,2,2,1.0,1.0,20033,M,4269934.0,945027.0,202
201800047166,18,1,15,1240,1,2,2,1.0,3.0,20033,M,4269943.0,944972.0,202
201800047167,18,1,19,1800,5,2,1,1.0,7.0,20037,M,4261879.0,943704.0,202
201800047168,18,1,26,1755,3,2,9,1.0,6.0,20033,M,4268238.0,944423.0,202
201800047169,18,1,28,1125,1,2,1,1.0,3.0,20033,M,4266362.0,943946.0,202
201800047170,18,1,29,1400,1,2,8,1.0,6.0,20033,M,4268710.0,944578.0,202
201800047171,18,1,31,1600,1,2,1,1.0,2.0,20120,M,4266261.0,943437.0,202
201800047172,18,1,31,1715,1,2,1,1.0,4.0,20033,M,4269468.0,945228.0,202
201800047173,18,2,3,1955,3,1,1,1.0,3.0,20033,M,4268191.0,942207.0,202
201800047174,18,2,8,757,2,2,1,7.0,2.0,20120,M,4265492.0,944117.0,202
201800047175,18,2,8,1255,1,1,1,1.0,3.0,20353,M,4271529.0,945548.0,202
201800047176,18,2,13,1000,1,2,1,2.0,6.0,20033,M,4269574.0,944709.0,202
201800047177,18,2,22,1900,5,2,1,3.0,6.0,20033,M,4270222.0,945122.0,202
201800047178,18,2,26,945,1,2,1,8.0,2.0,20033,M,4267209.0,944261.0,202
201800047179,18,3,1,1225,1,2,6,5.0,6.0,20033,M,4267877.0,943107.0,202
201800047180,18,3,3,2306,5,2,6,6.0,4.0,20033,M,4267834.0,944306.0,202
201800047181,18,3,4,1610,1,2,1,2.0,2.0,20033,M,4268425.0,944486.0,202
201800047182,18,3,4,1955,5,2,1,2.0,2.0,20033,M,4267642.0,944130.0,202
201800047183,18,3,15,1905,5,2,1,1.0,2.0,20033,M,,,202
201800047184,18,3,23,1110,1,2,1,1.0,6.0,20033,M,4267551.0,943779.0,202
201800047185,18,3,25,750,2,2,2,1.0,3.0,20120,M,4263787.0,943387.0,202
201800047186,18,3,28,930,1,2,6,1.0,2.0,20033,M,4270832.0,945373.0,202
201800047187,18,3,31,1140,1,2,1,2.0,6.0,20033,M,4270242.0,944955.0,202
201800047188,18,3,30,1617,1,2,3,1.0,1.0,20033,M,4268276.0,942205.0,202
201800047189,18,4,2,511,5,1,6,1.0,7.0,20033,M,4266332.0,944193.0,202
201800047190,18,4,2,1920,1,2,3,1.0,3.0,20033,M,4267954.0,944334.0,202
201800047191,18,4,9,2020,4,2,1,1.0,3.0,20033,M,4267085.0,944315.0,202
201800047192,18,4,11,1715,2,2,6,3.0,7.0,20033,M,4267727.0,944450.0,202
201800047193,18,4,14,955,1,2,1,1.0,3.0,20033,M,4267915.0,944319.0,202
201800047194,18,4,22,1840,1,2,1,1.0,6.0,20120,M,4263740.0,946030.0,202
201800047195,18,4,24,1730,1,2,1,1.0,6.0,20033,M,4267418.0,944347.0,202
201800047196,18,4,26,1915,1,1,1,1.0,3.0,20037,M,4260786.0,943789.0,202
201800047197,18,4,30,1100,1,2,9,1.0,6.0,20033,M,4269943.0,944985.0,202
201800047198,18,5,1,1435,1,2,1,2.0,2.0,20037,M,4262846.0,943757.0,202
201800047199,18,5,5,1544,1,2,1,1.0,2.0,20120,M,4265330.0,944123.0,202
201800047200,18,5,5,1611,1,2,1,1.0,2.0,20033,M,4267429.0,944389.0,202
201800047201,18,5,8,1610,1,2,1,1.0,6.0,20033,M,4266830.0,944323.0,202
201800047202,18,5,11,200,5,1,1,1.0,2.0,20120,M,4265755.0,944153.0,202
201800047203,18,5,15,2104,5,2,9,1.0,7.0,20033,M,4267718.0,943925.0,202
201800047204,18,5,20,514,2,2,1,1.0,7.0,20033,M,4270468.0,945411.0,202
201800047205,18,5,22,1700,1,2,1,2.0,4.0,20037,M,4261998.0,943697.0,202
201800047206,18,5,22,1925,1,1,1,2.0,2.0,20037,M,4259876.0,943852.0,202
201800047207,18,5,29,1000,1,2,1,1.0,6.0,20037,M,4261722.0,943666.0,202
201800047208,18,5,29,1640,1,2,1,1.0,1.0,20033,M,4267976.0,943884.0,202
201800047209,18,5,31,1615,1,2,1,1.0,3.0,20033,M,4268370.0,944462.0,202
201800047210,18,6,3,1528,1,2,1,1.0,7.0,20033,M,4268092.0,942595.0,202
201800047211,18,6,3,2252,5,2,6,1.0,7.0,20033,M,4270180.0,945257.0,202
201800047212,18,6,4,1925,1,1,1,1.0,6.0,20120,M,4265018.0,944050.0,202
201800047213,18,6,6,1550,1,2,6,2.0,7.0,20037,M,4262018.0,943696.0,202
201800047214,18,6,7,2004,1,2,9,1.0,2.0,20033,M,4269308.0,945010.0,202
201800047215,18,6,8,1048,1,1,1,1.0,4.0,20120,M,4265915.0,944191.0,202
201800047216,18,6,12,1856,2,2,1,1.0,6.0,20033,M,4270232.0,945008.0,202
201800047217,18,6,15,1800,1,1,1,7.0,2.0,20265,M,4259683.0,941181.0,202
201800047218,18,6,16,723,1,1,6,1.0,3.0,20037,M,4259433.0,943853.0,202
201800047219,18,6,16,1040,1,2,1,1.0,2.0,20037,M,4262666.0,943730.0,202
201800047220,18,6,16,1150,1,2,1,1.0,3.0,20033,M,4266422.0,944247.0,202
201800047221,18,6,18,844,1,2,1,1.0,2.0,20037,M,4262183.0,943700.0,202
201800047222,18,6,19,1900,2,2,1,1.0,6.0,20033,M,4270236.0,944991.0,202
201800047223,18,6,22,1710,1,2,1,1.0,2.0,20120,M,4264560.0,943153.0,202
201800047224,18,6,22,1900,1,2,3,1.0,2.0,20120,M,4264590.0,943982.0,202
201800047225,18,6,30,429,5,2,1,1.0,1.0,20033,M,4269163.0,944963.0,202
201800047226,18,7,2,2030,5,2,1,1.0,6.0,20033,M,4269627.0,944329.0,202
201800047227,18,7,4,1653,1,2,6,1.0,3.0,20037,M,4259484.0,943879.0,202
201800047228,18,7,6,1600,1,2,1,1.0,2.0,20037,M,4261993.0,943706.0,202
201800047229,18,7,6,2300,5,2,3,1.0,3.0,20033,M,4267961.0,944337.0,202
201800047230,18,7,9,1722,1,2,1,1.0,5.0,20033,M,4269146.0,944943.0,202
201800047231,18,7,10,920,1,1,6,1.0,3.0,20120,M,4265448.0,944130.0,202
201800047232,18,7,10,1730,1,2,1,1.0,4.0,20033,M,4266887.0,944323.0,202
201800047233,18,7,11,1515,1,1,1,1.0,4.0,20120,M,4265346.0,944106.0,202
201800047234,18,7,11,2305,3,1,1,1.0,2.0,20037,M,4260221.0,943851.0,202
201800047235,18,7,12,1850,1,2,1,1.0,2.0,20033,M,4267177.0,944367.0,202
201800047236,18,7,14,1145,1,2,1,1.0,6.0,20033,M,4269576.0,944664.0,202
201800047237,18,7,18,1810,1,2,1,1.0,3.0,20033,M,4267915.0,944321.0,202
201800047238,18,7,19,1030,1,2,2,1.0,3.0,20033,M,4267612.0,943842.0,202
201800047239,18,7,20,1523,1,1,1,1.0,6.0,20120,M,4265159.0,945111.0,202
201800047240,18,7,20,2207,5,2,1,1.0,6.0,20033,M,4269504.0,945224.0,202
201800047241,18,7,21,630,1,1,9,1.0,2.0,20037,M,4259490.0,943855.0,202
201800047242,18,7,24,1800,1,2,9,1.0,1.0,20353,M,4271188.0,943455.0,202
201800047243,18,7,26,1815,1,2,1,1.0,1.0,20037,M,4262893.0,943634.0,202
201800047244,18,7,28,100,3,1,1,1.0,2.0,20037,M,4260186.0,943832.0,202
201800047245,18,8,1,2333,5,2,3,1.0,2.0,20033,M,4267931.0,944700.0,202
201800047246,18,8,2,1045,1,2,1,1.0,2.0,20033,M,4267609.0,944425.0,202
201800047247,18,8,6,350,3,1,1,1.0,6.0,20037,M,4260276.0,943819.0,202
201800047248,18,8,7,830,1,1,1,1.0,5.0,20037,M,4262633.0,946895.0,202
201800047249,18,8,7,2318,5,1,1,1.0,6.0,20033,M,4266510.0,944256.0,202
201800047250,18,8,8,1350,1,2,1,1.0,4.0,20120,M,4265204.0,944111.0,202
201800047251,18,8,10,1215,1,1,1,1.0,2.0,20120,M,4264820.0,944029.0,202
201800047252,18,8,11,1750,1,2,1,1.0,3.0,20120,M,4265498.0,944121.0,202
201800047253,18,8,14,25,5,2,1,1.0,3.0,20033,M,4267722.0,944429.0,202
201800047254,18,8,15,2300,3,2,1,1.0,6.0,20120,M,4265732.0,943177.0,202
201800047255,18,8,17,336,3,1,1,1.0,2.0,20037,M,4261528.0,943751.0,202
201800047256,18,8,25,1715,1,2,1,1.0,1.0,20353,M,4271168.0,945100.0,202
201800047257,18,8,27,2245,3,1,1,1.0,7.0,20033,M,4270013.0,944263.0,202
201800047258,18,8,31,1500,1,2,1,1.0,4.0,20037,M,4262320.0,943692.0,202
201800047259,18,9,3,1040,1,2,1,1.0,4.0,20033,M,4267387.0,944396.0,202
201800047260,18,9,3,1358,1,2,1,1.0,3.0,20353,M,4270681.0,944153.0,202
201800047261,18,9,3,1545,1,2,1,1.0,6.0,20033,M,4270662.0,944242.0,202
201800047262,18,9,5,708,1,2,1,1.0,3.0,20033,M,4266601.0,944285.0,202
201800047263,18,9,7,710,1,2,2,1.0,3.0,20033,M,4270295.0,945096.0,202
201800047264,18,9,7,1510,1,2,6,1.0,6.0,20033,M,4270872.0,945351.0,202
201800047265,18,9,7,1745,1,2,1,2.0,6.0,20033,M,4269374.0,944069.0,202
201800047266,18,9,8,1120,1,2,1,1.0,2.0,20033,M,4269971.0,945192.0,202
201800047267,18,9,8,2220,5,1,1,1.0,3.0,20120,M,4265367.0,944127.0,202
201800047268,18,9,11,944,1,2,2,1.0,3.0,20033,M,4269841.0,944933.0,202
201800047269,18,9,12,2330,3,1,1,1.0,7.0,20033,M,4268721.0,942304.0,202
201800047270,18,9,19,1635,1,2,1,1.0,2.0,20033,M,4270482.0,945227.0,202
201800047271,18,9,25,1403,1,2,9,1.0,1.0,20033,M,4268013.0,944212.0,202
201800047272,18,9,26,1400,1,2,1,1.0,6.0,20033,M,4270551.0,945329.0,202
201800047273,18,9,30,1900,2,2,3,1.0,6.0,20033,M,4269780.0,944906.0,202
201800047274,18,10,1,1800,1,2,1,1.0,3.0,20033,M,4267920.0,944320.0,202
201800047275,18,10,2,1205,1,2,1,8.0,4.0,20120,M,4265920.0,944187.0,202
201800047276,18,10,8,1522,1,2,3,1.0,3.0,20033,M,4269779.0,945253.0,202
201800047277,18,10,9,810,1,1,1,1.0,3.0,20033,M,4269003.0,943407.0,202
201800047278,18,10,10,1055,1,2,1,1.0,4.0,20033,M,4268995.0,944708.0,202
201800047279,18,10,13,1735,1,2,9,1.0,2.0,20033,M,4268136.0,944395.0,202
201800047280,18,10,18,740,1,2,1,1.0,4.0,20120,M,4264965.0,944051.0,202
201800047281,18,10,19,1350,1,2,1,1.0,2.0,20033,M,4266946.0,944145.0,202
201800047282,18,10,23,1655,1,2,1,1.0,4.0,20037,M,4261899.0,943716.0,202
201800047283,18,10,24,1059,1,2,1,1.0,6.0,20033,M,4270483.0,944598.0,202
201800047284,18,10,24,1440,1,2,1,1.0,6.0,20033,M,4270235.0,944992.0,202
201800047285,18,10,26,1130,1,2,1,1.0,3.0,20033,M,4265501.0,944092.0,202
201800047286,18,11,2,1145,1,2,1,3.0,6.0,20033,M,4269776.0,945281.0,202
201800047287,18,11,12,1820,5,2,1,1.0,2.0,20120,M,4265833.0,944175.0,202
201800047288,18,11,14,1456,1,2,1,1.0,3.0,20037,M,4259428.0,943865.0,202
201800047289,18,11,16,1215,1,1,1,1.0,2.0,20120,M,4265701.0,944155.0,202
201800047290,18,11,16,1846,5,2,1,1.0,6.0,20033,M,4267679.0,943534.0,202
201800047291,18,11,17,1558,1,2,3,1.0,3.0,20033,M,4268072.0,944372.0,202
201800047292,18,11,26,1744,3,2,1,1.0,6.0,20120,M,4265759.0,943163.0,202
201800047293,18,11,27,1715,5,2,1,2.0,4.0,20033,M,4266848.0,944309.0,202
201800047294,18,11,28,855,1,2,1,1.0,2.0,20033,M,4269437.0,945225.0,202
201800047295,18,11,29,1105,1,2,1,1.0,6.0,20120,M,4265309.0,944159.0,202
201800047296,18,11,30,1450,1,2,2,1.0,3.0,20033,M,4267630.0,943860.0,202
201800047297,18,12,1,313,5,2,9,1.0,7.0,20353,M,4271203.0,945372.0,202
201800047298,18,12,4,2010,3,1,1,1.0,7.0,20120,M,4264152.0,943960.0,202
201800047299,18,12,5,1130,1,2,1,1.0,6.0,20033,M,4269904.0,945114.0,202
201800047300,18,12,11,1000,1,2,1,1.0,6.0,20033,M,4270123.0,944147.0,202
201800047301,18,12,14,1120,1,2,1,2.0,2.0,20120,M,4265699.0,944148.0,202
201800047302,18,12,15,1350,1,1,1,1.0,6.0,20033,M,4267641.0,942636.0,202
201800047303,18,12,17,805,1,1,1,2.0,4.0,20120,M,4264970.0,944060.0,202
201800047304,18,12,19,2005,5,2,1,2.0,2.0,20120,M,4266076.0,943613.0,202
201800047305,18,1,1,510,5,2,5,8.0,7.0,69152,M,4570324.0,482103.0,69
201800047306,18,1,3,1800,5,2,1,1.0,2.0,69142,M,4572721.0,481481.0,69
201800047307,18,1,5,1425,1,2,2,1.0,3.0,69389,M,4576501.0,480126.0,69
201800047308,18,1,5,1800,5,2,1,1.0,4.0,69034,M,4580315.0,485993.0,69
201800047309,18,1,7,405,5,2,1,1.0,6.0,69389,M,4577394.0,480924.0,69
201800047310,18,1,9,1445,1,2,1,8.0,6.0,69034,M,4579753.0,487070.0,69
201800047311,18,1,9,1825,5,2,3,1.0,3.0,69382,M,4575118.0,482351.0,69
201800047312,18,1,10,1925,5,2,1,1.0,6.0,69389,M,4578310.0,480765.0,69
201800047313,18,1,11,550,5,2,1,1.0,1.0,69385,M,4576717.0,482726.0,69
201800047314,18,1,11,1300,1,2,1,1.0,6.0,69382,M,4575735.0,482865.0,69
201800047315,18,1,11,1445,1,2,1,1.0,3.0,69389,M,4576751.0,484138.0,69
201800047316,18,1,11,1610,1,2,1,1.0,6.0,69382,M,4575000.0,483000.0,69
201800047317,18,1,12,1642,1,2,1,1.0,6.0,69149,M,4571750.0,480961.0,69
201800047318,18,1,14,1455,1,2,2,1.0,3.0,69382,M,4575720.0,483692.0,69
201800047319,18,1,14,30,5,2,1,1.0,6.0,69286,M,4581355.0,489684.0,69
201800047320,18,1,15,110,5,2,1,1.0,6.0,69142,M,4572550.0,481406.0,69
201800047321,18,1,15,1400,1,2,1,1.0,1.0,69034,M,4578900.0,485283.0,69
201800047322,18,1,16,750,5,2,1,2.0,2.0,69382,M,4574980.0,482530.0,69
201800047323,18,1,16,1805,5,2,3,2.0,3.0,69034,M,4579132.0,486262.0,69
201800047324,18,1,16,2050,3,2,1,2.0,3.0,69152,M,4569523.0,483147.0,69