Num_Acc,an,mois,jour,hrmn,lum,agg,int,atm,col,com,gps,lat,long,dep
201800047325,18,1,16,1200,1,2,1,2.0,6.0,69384,M,4577725.0,481085.0,69
201800047326,18,1,16,1210,1,2,1,1.0,3.0,69034,M,4578499.0,483263.0,69
201800047327,18,1,16,1300,1,2,1,2.0,7.0,69385,M,4575299.0,482005.0,69
201800047328,18,1,18,830,1,2,1,1.0,6.0,69286,M,4581360.0,489430.0,69
201800047329,18,1,18,1035,1,2,3,1.0,3.0,69382,M,4575881.0,483074.0,69
201800047330,18,1,17,1225,1,2,1,8.0,6.0,69389,M,4578745.0,481230.0,69
201800047331,18,1,17,758,1,2,9,1.0,6.0,69034,M,4578803.0,485310.0,69
201800047332,18,1,15,1829,5,2,1,2.0,6.0,69034,M,4578499.0,482961.0,69
201800047333,18,1,19,2100,5,2,1,8.0,7.0,69389,M,4578417.0,480340.0,69
201800047334,18,1,16,1935,2,2,1,1.0,4.0,69382,M,4575276.0,482476.0,69
201800047335,18,1,20,1920,5,2,1,2.0,6.0,69389,M,4576103.0,480432.0,69
201800047336,18,1,21,140,5,2,1,2.0,6.0,69389,M,4577500.0,480800.0,69
201800047337,18,1,20,2000,5,2,1,2.0,3.0,69389,M,4577264.0,481066.0,69
201800047338,18,1,22,835,1,2,1,1.0,6.0,69385,M,4575678.0,479216.0,69
201800047339,18,1,22,805,2,2,1,8.0,6.0,69034,M,4580413.0,486028.0,69
201800047340,18,1,21,1000,1,2,2,1.0,3.0,69384,M,4577930.0,484119.0,69
201800047341,18,1,22,1310,1,2,3,2.0,3.0,69034,M,4579509.0,482905.0,69
201800047342,18,1,22,1630,1,2,1,2.0,6.0,69034,M,4579000.0,485000.0,69
201800047343,18,1,23,1650,1,2,1,1.0,3.0,69152,M,4569515.0,482445.0,69
201800047344,18,1,23,910,1,2,1,1.0,7.0,69385,M,4576085.0,482497.0,69
201800047345,18,1,26,755,2,2,1,3.0,6.0,69286,M,4581766.0,490221.0,69
201800047346,18,1,26,1536,1,2,1,2.0,6.0,69381,M,4576957.0,482988.0,69
201800047347,18,1,26,930,1,2,1,3.0,2.0,69202,M,4573706.0,480522.0,69
201800047348,18,1,26,1955,5,2,2,3.0,7.0,69389,M,4578147.0,480680.0,69
201800047349,18,1,26,2136,5,2,1,3.0,6.0,69149,M,4571687.0,480965.0,69
201800047350,18,1,29,1030,1,2,1,2.0,1.0,69385,M,4575281.0,482058.0,69
201800047351,18,1,29,1654,1,2,1,1.0,6.0,69389,M,4578097.0,480466.0,69
201800047352,18,1,29,1620,1,2,3,1.0,3.0,69034,M,4579512.0,484747.0,69
201800047353,18,1,30,850,1,2,1,8.0,6.0,69382,M,4575929.0,482970.0,69
201800047354,18,1,31,1320,1,2,3,1.0,3.0,69152,M,4570523.0,481997.0,69
201800047355,18,1,31,1110,1,2,1,1.0,3.0,69382,M,4574657.0,482864.0,69
201800047356,18,2,1,840,1,2,1,2.0,7.0,69389,M,4579102.0,448638.0,69
201800047357,18,2,1,1640,1,2,2,1.0,6.0,69385,M,4575982.0,479595.0,69
201800047358,18,1,31,1320,1,2,1,1.0,3.0,69385,M,4576349.0,479657.0,69
201800047359,18,2,3,1340,1,2,1,1.0,3.0,69389,M,4579678.0,481752.0,69
201800047360,18,1,31,1813,5,2,3,1.0,2.0,69034,M,4580165.0,486646.0,69
201800047361,18,2,4,905,1,2,1,1.0,7.0,69149,M,4571653.0,480962.0,69
201800047362,18,2,6,1145,1,2,2,1.0,6.0,69202,M,4573888.0,479669.0,69
201800047363,18,2,6,1250,1,2,1,8.0,7.0,69389,M,4578179.0,479940.0,69
201800047364,18,2,7,1445,1,2,1,4.0,6.0,69385,M,4575530.0,478970.0,69
201800047365,18,2,7,1425,1,2,1,4.0,7.0,69081,M,4579040.0,477873.0,69
201800047366,18,2,7,2115,5,2,1,2.0,1.0,69034,M,4579161.0,484105.0,69
201800047367,18,2,6,1640,1,2,1,4.0,6.0,69389,M,4578716.0,479052.0,69
201800047368,18,2,8,2010,5,2,1,1.0,3.0,69149,M,4571154.0,481997.0,69
201800047369,18,2,9,2050,5,2,1,2.0,2.0,69381,M,4577174.0,483300.0,69
201800047370,18,2,10,1845,5,2,1,1.0,2.0,69384,M,4577448.0,481000.0,69
201800047371,18,2,11,1348,1,2,4,2.0,1.0,69389,M,4578787.0,480871.0,69
201800047372,18,2,11,1735,1,2,1,2.0,6.0,69286,M,4581763.0,490239.0,69
201800047373,18,2,12,1415,1,2,2,4.0,3.0,69382,M,4576100.0,483687.0,69
201800047374,18,2,12,1400,1,2,1,1.0,6.0,69384,M,4577450.0,482821.0,69
201800047375,18,2,1,530,5,2,1,2.0,6.0,69389,M,4576672.0,481000.0,69
201800047376,18,2,13,755,2,2,2,1.0,3.0,69382,M,4574811.0,482105.0,69
201800047377,18,2,13,1325,1,2,1,1.0,1.0,69034,M,4581557.0,486103.0,69
201800047378,18,2,15,1855,5,2,1,1.0,6.0,69081,M,4576814.0,478000.0,69
201800047379,18,2,17,1305,1,2,9,3.0,2.0,69152,M,4569509.0,482600.0,69
201800047380,18,2,17,2126,5,2,1,1.0,3.0,69286,M,4580571.0,488575.0,69
201800047381,18,2,17,1000,1,2,1,2.0,2.0,69152,M,4569758.0,482382.0,69
201800047382,18,2,17,2045,5,2,1,1.0,3.0,69384,M,4577326.0,481288.0,69
201800047383,18,2,17,1730,2,2,1,2.0,2.0,69152,M,4569499.0,482386.0,69
201800047384,18,2,15,1930,5,2,1,1.0,4.0,69034,M,4580079.0,484811.0,69
201800047385,18,2,18,1650,1,2,3,8.0,3.0,69382,M,4576354.0,483733.0,69
201800047386,18,2,19,1514,1,1,1,1.0,6.0,69389,M,4576556.0,479217.0,69
201800047387,18,2,20,1600,1,2,7,1.0,6.0,69034,M,4579850.0,484975.0,69
201800047388,18,2,17,2000,5,2,2,1.0,3.0,69034,M,4580040.0,487570.0,69
201800047389,18,2,21,1850,5,2,1,1.0,7.0,69385,M,4575236.0,481962.0,69
201800047390,18,2,23,1825,2,2,3,1.0,6.0,69202,M,4573480.0,480447.0,69
201800047391,18,2,24,1400,1,2,3,1.0,6.0,69389,M,4577499.0,480827.0,69
201800047392,18,2,23,230,5,2,2,1.0,3.0,69149,M,4571974.0,480202.0,69
201800047393,18,2,27,1050,1,2,1,1.0,6.0,69381,M,4576908.0,482074.0,69
201800047394,18,2,27,830,1,2,6,1.0,7.0,69152,M,4569508.0,482606.0,69
201800047395,18,3,1,845,1,2,1,4.0,7.0,69381,M,4577234.0,483747.0,69
201800047396,18,3,1,1930,5,2,3,1.0,3.0,69149,M,4572179.0,479216.0,69
201800047397,18,3,2,1615,1,2,9,1.0,6.0,69152,M,4570555.0,482172.0,69
201800047398,18,3,3,1620,1,2,3,1.0,3.0,69384,M,4577891.0,482950.0,69
201800047399,18,3,5,655,2,2,1,1.0,7.0,69149,M,4571810.0,480823.0,69
201800047400,18,3,5,645,2,2,1,1.0,7.0,69384,M,4577670.0,483990.0,69
201800047401,18,3,5,640,5,2,2,1.0,3.0,69034,M,4579000.0,486000.0,69
201800047402,18,3,6,830,1,2,1,8.0,7.0,69384,M,4577321.0,481307.0,69
201800047403,18,3,6,1850,5,2,1,3.0,6.0,69202,M,4573677.0,479596.0,69
201800047404,18,3,7,825,1,2,1,1.0,6.0,69385,M,4576396.0,479265.0,69
201800047405,18,3,7,825,1,2,1,1.0,6.0,69149,M,4571700.0,481200.0,69
201800047406,18,3,9,1157,1,2,1,1.0,1.0,69286,M,4581389.0,488824.0,69
201800047407,18,3,9,1610,1,2,1,1.0,2.0,69384,M,4577457.0,481382.0,69
201800047408,18,3,9,1900,5,2,1,6.0,7.0,69286,M,4581327.0,489310.0,69
201800047409,18,3,10,1000,1,2,1,2.0,4.0,69382,M,4573000.0,481000.0,69
201800047410,18,3,10,2005,5,2,3,1.0,7.0,69149,M,4570960.0,482090.0,69
201800047411,18,3,11,150,5,2,1,8.0,7.0,69286,M,4581612.0,489056.0,69
201800047412,18,3,12,815,1,2,1,2.0,3.0,69382,M,4576012.0,483786.0,69
201800047413,18,3,12,845,1,2,1,1.0,3.0,69385,M,4575480.0,478060.0,69
201800047414,18,3,12,1820,1,2,1,1.0,6.0,69149,M,4571752.0,479112.0,69
201800047415,18,3,13,1940,5,2,1,1.0,2.0,69385,M,4572270.0,481971.0,69
201800047416,18,3,14,1200,1,2,1,1.0,3.0,69382,M,4576330.0,483290.0,69
201800047417,18,3,16,1030,1,2,1,1.0,3.0,69389,M,4577000.0,479000.0,69
201800047418,18,3,19,1410,1,2,1,1.0,6.0,69389,M,4578756.0,481026.0,69
201800047419,18,2,24,400,3,2,1,1.0,6.0,69381,M,4576700.0,482900.0,69
201800047420,18,3,20,1340,1,2,1,1.0,6.0,69034,M,4580831.0,485639.0,69
201800047421,18,3,21,1720,1,2,2,1.0,6.0,69382,M,4576197.0,482739.0,69
201800047422,18,3,21,1630,1,2,1,1.0,6.0,69202,M,4573000.0,477000.0,69
201800047423,18,3,24,1140,1,2,1,1.0,6.0,69389,M,4578559.0,479553.0,69
201800047424,18,3,24,2145,5,2,1,1.0,6.0,69152,M,4570437.0,481748.0,69
201800047425,18,3,26,1910,2,2,1,2.0,6.0,69385,M,4575126.0,481596.0,69
201800047426,18,3,27,1355,1,2,3,2.0,3.0,69389,M,4578668.0,479290.0,69
201800047427,18,3,28,2320,5,2,1,2.0,2.0,69382,M,4575567.0,482623.0,69
201800047428,18,3,29,740,1,2,1,8.0,3.0,69382,M,4573997.0,481556.0,69
201800047429,18,3,29,1025,1,2,1,1.0,6.0,69034,M,4581019.0,485743.0,69
201800047430,18,3,29,1750,1,2,3,1.0,6.0,69385,M,4575317.0,479283.0,69
201800047431,18,3,29,2155,5,2,2,1.0,1.0,69034,M,4579000.0,483000.0,69
201800047432,18,3,30,145,5,2,1,1.0,6.0,69142,M,4572450.0,481330.0,69
201800047433,18,3,29,1218,1,2,1,1.0,6.0,69286,M,4582052.0,489610.0,69
201800047434,18,3,29,1910,1,2,1,1.0,3.0,69382,M,4576000.0,483000.0,69
201800047435,18,3,31,430,5,2,1,1.0,6.0,69382,M,4576040.0,483754.0,69
201800047436,18,4,1,503,5,2,1,1.0,4.0,69381,M,4576611.0,480910.0,69
201800047437,18,4,1,415,5,2,1,1.0,1.0,69385,M,4575530.0,478820.0,69
201800047438,18,4,4,900,1,2,1,1.0,6.0,69389,M,4578140.0,480640.0,69
201800047439,18,4,4,1940,2,2,2,2.0,3.0,69382,M,4576355.0,483847.0,69
201800047440,18,4,4,2235,5,2,1,1.0,2.0,69382,M,4574260.0,482350.0,69
201800047441,18,4,4,1150,1,2,1,3.0,6.0,69389,M,4578644.0,481153.0,69
201800047442,18,4,6,1730,1,2,3,1.0,3.0,69142,M,4574845.0,481592.0,69
201800047443,18,4,6,1730,1,2,1,1.0,2.0,69389,M,4578995.0,480807.0,69
201800047444,18,4,7,1045,1,2,1,1.0,7.0,69034,M,4578635.0,483383.0,69
201800047445,18,4,8,1545,1,2,2,1.0,2.0,69382,M,4575289.0,483370.0,69
201800047446,18,4,8,1620,1,2,1,1.0,2.0,69034,M,4580923.0,484419.0,69
201800047447,18,3,30,315,5,2,2,2.0,3.0,69389,M,4578050.0,480907.0,69
201800047448,18,4,9,45,5,2,1,1.0,6.0,69382,M,4576383.0,483843.0,69
201800047449,18,4,1,2215,3,2,9,1.0,7.0,69382,M,4574895.0,483035.0,69
201800047450,18,4,11,1255,1,2,1,1.0,6.0,69285,M,4575395.0,506763.0,69
201800047451,18,4,11,1254,1,2,3,1.0,5.0,69149,M,4571804.0,480994.0,69
201800047452,18,4,11,2045,5,2,2,1.0,3.0,69385,M,4575637.0,481512.0,69
201800047453,18,4,11,1130,1,2,1,1.0,2.0,69384,M,4577490.0,483920.0,69
201800047454,18,4,17,1415,1,2,1,1.0,2.0,69149,M,4571955.0,480438.0,69
201800047455,18,4,17,1820,1,2,2,1.0,1.0,69389,M,4576814.0,478000.0,69
201800047456,18,4,18,1230,1,2,9,1.0,1.0,69381,M,4576867.0,483778.0,69
201800047457,18,4,19,1150,1,2,1,1.0,6.0,69081,M,4577132.0,477116.0,69
201800047458,18,4,18,1900,1,2,1,1.0,3.0,69202,M,4573275.0,478727.0,69
201800047459,18,4,19,10,5,2,2,1.0,6.0,69389,M,4577487.0,480871.0,69
201800047460,18,4,19,1300,1,2,1,1.0,5.0,69389,M,4578841.0,478820.0,69
201800047461,18,4,20,820,1,2,1,1.0,1.0,69389,M,4577480.0,480830.0,69
201800047462,18,4,20,2200,5,2,1,1.0,3.0,69382,M,4576010.0,483054.0,69
201800047463,18,4,21,2240,5,2,1,1.0,7.0,69152,M,4570038.0,482291.0,69
201800047464,18,4,24,820,1,2,1,1.0,7.0,69389,M,4579513.0,482449.0,69
201800047465,18,4,25,900,1,2,1,1.0,2.0,69389,M,4578797.0,478472.0,69
201800047466,18,4,25,1345,1,2,1,1.0,6.0,69385,M,4576650.0,482020.0,69
201800047467,18,4,26,1800,1,2,1,1.0,3.0,69389,M,4577603.0,479970.0,69
201800047468,18,4,27,1410,1,2,1,1.0,6.0,69381,M,4576766.0,481767.0,69
201800047469,18,4,27,1500,1,2,1,1.0,1.0,69149,M,4571616.0,479612.0,69
201800047470,18,4,27,2040,5,2,1,1.0,6.0,69389,M,4576789.0,480952.0,69
201800047471,18,4,28,130,5,2,1,8.0,6.0,69385,M,4575196.0,481690.0,69
201800047472,18,4,28,2110,5,2,2,1.0,3.0,69385,M,4575464.0,481246.0,69
201800047473,18,4,24,1720,1,2,1,1.0,2.0,69384,M,4578104.0,481260.0,69
201800047474,18,4,25,1700,1,2,3,1.0,3.0,69152,M,4570060.0,482290.0,69
201800047475,18,4,30,1745,1,2,1,2.0,6.0,69385,M,4576006.0,480607.0,69
201800047476,18,4,30,2115,5,2,1,1.0,1.0,69382,M,4576199.0,483576.0,69
201800047477,18,5,1,750,1,2,3,2.0,2.0,69034,M,4578542.0,484804.0,69
201800047478,18,4,25,1700,1,2,1,1.0,1.0,69034,M,4579170.0,482340.0,69
201800047479,18,5,2,1125,1,2,2,1.0,3.0,69389,M,4577650.0,480750.0,69
201800047480,18,5,3,905,1,2,2,2.0,3.0,69389,M,4578000.0,478000.0,69
201800047481,18,5,3,750,1,2,1,2.0,3.0,69381,M,4576984.0,482918.0,69
201800047482,18,5,3,2301,5,2,1,1.0,2.0,69389,M,4577353.0,480860.0,69
201800047483,18,5,4,810,1,2,1,1.0,2.0,69389,M,4579970.0,483559.0,69
201800047484,18,5,4,745,2,2,3,1.0,1.0,69389,M,4579471.0,482388.0,69
201800047485,18,5,4,2245,5,2,1,1.0,6.0,69384,M,4577491.0,482984.0,69
201800047486,18,5,4,2330,5,2,6,1.0,7.0,69389,M,4577410.0,480538.0,69
201800047487,18,5,5,850,1,2,3,1.0,3.0,69382,M,4575000.0,482000.0,69
201800047488,18,5,5,830,1,2,1,1.0,6.0,69286,M,4582000.0,490100.0,69
201800047489,18,5,5,700,2,2,1,1.0,7.0,69034,M,4579509.0,485318.0,69
201800047490,18,5,7,930,1,2,6,1.0,3.0,69034,M,4580074.0,485143.0,69
201800047491,18,5,10,2050,1,1,1,1.0,3.0,69286,M,4581488.0,488488.0,69
201800047492,18,5,10,2300,5,2,1,1.0,6.0,69382,M,4575831.0,483633.0,69
201800047493,18,5,11,215,5,2,7,1.0,3.0,69382,M,4575953.0,483207.0,69
201800047494,18,5,7,2010,1,2,1,1.0,6.0,69389,M,4576387.0,479459.0,69
201800047495,18,5,9,1150,1,2,9,1.0,2.0,69034,M,4580064.0,485130.0,69
201800047496,18,5,11,1840,1,2,1,1.0,3.0,69382,M,4575113.0,482333.0,69
201800047497,18,5,14,1550,1,2,1,1.0,2.0,69381,M,4576659.0,483791.0,69
201800047498,18,5,16,740,1,2,1,1.0,2.0,69202,M,4572779.0,477915.0,69
201800047499,18,5,16,1715,1,2,1,1.0,6.0,69081,M,4578149.0,478589.0,69
201800047500,18,5,18,850,1,2,1,1.0,3.0,69081,M,4577308.0,479144.0,69
201800047501,18,5,19,510,5,2,1,1.0,3.0,69382,M,4575761.0,483562.0,69
201800047502,18,5,19,1917,1,2,1,1.0,6.0,69286,M,4581443.0,490017.0,69
201800047503,18,5,20,1040,1,2,1,1.0,6.0,69389,M,4576830.0,479534.0,69
201800047504,18,5,20,1830,1,2,1,1.0,1.0,69202,M,4574804.0,481236.0,69
201800047505,18,5,16,1200,1,2,3,1.0,3.0,69382,M,4576267.0,483800.0,69
201800047506,18,5,21,1600,1,2,2,1.0,6.0,69152,M,4569784.0,482139.0,69
201800047507,18,5,21,1830,1,2,1,1.0,6.0,69389,M,4577428.0,479490.0,69
201800047508,18,5,21,1900,1,2,1,1.0,3.0,69381,M,4576861.0,483724.0,69
201800047509,18,5,13,2040,2,2,1,1.0,5.0,69384,M,4577950.0,484090.0,69
201800047510,18,5,23,1005,1,2,4,8.0,6.0,69385,M,4573405.0,497289.0,69
201800047511,18,5,23,2015,2,2,1,7.0,3.0,69385,M,4574327.0,483671.0,69
201800047512,18,5,23,900,1,2,1,1.0,3.0,69034,M,4579583.0,483077.0,69
201800047513,18,5,24,1645,1,2,2,1.0,6.0,69389,M,4577582.0,480160.0,69
201800047514,18,5,25,600,1,2,2,1.0,1.0,69149,M,4572059.0,479755.0,69
201800047515,18,5,25,1640,1,2,1,1.0,6.0,69385,M,4574846.0,481272.0,69
201800047516,18,5,25,420,5,2,3,1.0,3.0,69381,M,4576616.0,483811.0,69
201800047517,18,5,27,1030,1,2,1,1.0,6.0,69202,M,4573663.0,480501.0,69
201800047518,18,5,27,450,5,2,1,2.0,6.0,69389,M,4579000.0,482000.0,69
201800047519,18,5,26,2050,2,2,1,1.0,2.0,69382,M,4575034.0,482870.0,69
201800047520,18,5,27,1400,1,2,1,1.0,1.0,69202,M,4574804.0,481236.0,69
201800047521,18,5,27,2255,5,2,9,2.0,6.0,69149,M,4571714.0,481499.0,69
201800047522,18,5,28,1315,1,2,1,1.0,2.0,69081,M,4578650.0,477670.0,69
201800047523,18,5,28,1800,1,2,1,2.0,6.0,69389,M,4578919.0,479954.0,69
201800047524,18,5,29,750,1,2,9,1.0,1.0,69034,M,4577947.0,484412.0,69
201800047525,18,5,29,1840,1,2,1,1.0,3.0,69389,M,4578869.0,481493.0,69
201800047526,18,5,30,40,5,2,1,1.0,2.0,69384,M,4575000.0,485000.0,69
201800047527,18,5,30,1520,1,2,3,8.0,2.0,69382,M,4574942.0,482176.0,69
201800047528,18,5,30,1600,1,2,1,2.0,7.0,69385,M,4577245.0,481542.0,69
201800047529,18,5,30,1910,1,2,6,2.0,3.0,69081,M,4577393.0,477268.0,69
201800047530,18,5,31,1440,1,2,1,1.0,2.0,69382,M,4576218.0,483819.0,69
201800047531,18,6,2,215,5,2,2,1.0,3.0,69149,M,4571815.0,480334.0,69
201800047532,18,6,2,1900,1,2,1,1.0,6.0,69034,M,4580817.0,485629.0,69
201800047533,18,5,29,945,1,2,1,1.0,4.0,69034,M,4578323.0,484437.0,69
201800047534,18,6,4,2320,3,2,1,2.0,7.0,69034,M,4579271.0,487191.0,69
201800047535,18,6,5,900,1,2,1,1.0,3.0,69385,M,4575832.0,482272.0,69
201800047536,18,6,5,1005,1,2,1,1.0,3.0,69384,M,4577481.0,481005.0,69
201800047537,18,6,6,1105,1,2,1,1.0,2.0,69034,M,4581456.0,486191.0,69
201800047538,18,6,6,2115,2,2,2,1.0,2.0,69382,M,4574600.0,482430.0,69
201800047539,18,6,7,2100,3,2,1,2.0,6.0,69385,M,4576602.0,482884.0,69
201800047540,18,6,7,2245,5,2,3,3.0,3.0,69381,M,4576747.0,482900.0,69
201800047541,18,6,8,1500,1,2,3,1.0,7.0,69389,M,4576791.0,481319.0,69
201800047542,18,6,9,1640,1,2,2,1.0,3.0,69034,M,4578410.0,483149.0,69
201800047543,18,6,5,1200,1,2,1,1.0,6.0,69382,M,4575381.0,483186.0,69
201800047544,18,6,11,1023,1,2,3,2.0,6.0,69381,M,4576867.0,483173.0,69
201800047545,18,6,12,925,1,2,3,2.0,3.0,69149,M,4571156.0,480203.0,69
201800047546,18,6,12,1945,1,1,1,3.0,7.0,69034,M,4578845.0,486448.0,69
201800047547,18,6,13,1711,1,2,3,1.0,2.0,69202,M,4572506.0,478049.0,69
201800047548,18,6,13,1843,1,2,1,1.0,3.0,69149,M,4571743.0,479244.0,69
201800047549,18,6,14,1430,1,2,3,1.0,5.0,69286,M,4582280.0,488894.0,69
201800047550,18,6,15,1850,1,2,1,1.0,6.0,69382,M,4575769.0,483418.0,69
201800047551,18,6,16,1045,1,2,1,1.0,3.0,69152,M,4569502.0,482334.0,69
201800047552,18,6,17,845,1,2,7,1.0,6.0,69034,M,4579781.0,485170.0,69
201800047553,18,6,17,1315,1,2,1,1.0,6.0,69384,M,4578141.0,483913.0,69
201800047554,18,6,18,803,1,2,1,1.0,6.0,69385,M,4575580.0,478225.0,69
201800047555,18,6,14,1840,1,2,7,1.0,3.0,69382,M,4576360.0,483840.0,69
201800047556,18,6,19,1355,1,2,3,1.0,1.0,69081,M,4577888.0,477861.0,69
201800047557,18,6,19,1443,1,2,1,1.0,3.0,69385,M,4576110.0,482600.0,69
201800047558,18,6,19,1600,1,2,1,1.0,6.0,69034,M,4578045.0,484022.0,69
201800047559,18,6,20,1337,1,2,7,1.0,6.0,69381,M,4576717.0,483350.0,69
201800047560,18,6,15,1230,1,2,1,1.0,6.0,69382,M,4576200.0,483575.0,69
201800047561,18,6,18,1545,1,2,1,1.0,6.0,69384,M,4577964.0,482599.0,69
201800047562,18,6,16,1900,1,2,1,1.0,3.0,69034,M,4579712.0,485005.0,69
201800047563,18,6,22,15,5,2,3,1.0,6.0,69382,M,4575846.0,483232.0,69
201800047564,18,6,6,1810,1,2,1,1.0,6.0,69389,M,4576848.0,480577.0,69
201800047565,18,6,22,1045,1,2,1,1.0,6.0,69381,M,4576784.0,483397.0,69
201800047566,18,6,22,1225,1,2,3,1.0,6.0,69389,M,4577355.0,480034.0,69
201800047567,18,6,22,1915,1,2,1,1.0,6.0,69384,M,4577481.0,481237.0,69
201800047568,18,6,23,755,1,2,1,1.0,3.0,69382,M,4573320.0,481795.0,69
201800047569,18,6,23,1640,1,2,1,1.0,4.0,69382,M,4573535.0,481719.0,69
201800047570,18,6,23,1730,1,2,7,1.0,1.0,69389,M,4577300.0,480666.0,69
201800047571,18,6,23,1830,1,2,1,1.0,7.0,69142,M,4572341.0,481226.0,69
201800047572,18,6,25,1139,1,2,7,1.0,6.0,69286,M,4582488.0,489519.0,69
201800047573,18,6,25,1545,1,2,2,1.0,3.0,69389,M,4577005.0,480454.0,69
201800047574,18,6,25,1615,1,2,1,1.0,6.0,69034,M,4579055.0,482149.0,69
201800047575,18,6,26,1,5,2,2,1.0,3.0,69381,M,4576813.0,483202.0,69
201800047576,18,6,25,1315,1,2,1,1.0,6.0,69382,M,4575189.0,482737.0,69
201800047577,18,6,26,1300,1,2,1,1.0,3.0,69384,M,4577853.0,482787.0,69
201800047578,18,6,26,1620,1,2,1,1.0,6.0,69034,M,4578792.0,485191.0,69
201800047579,18,6,26,1545,1,2,1,1.0,6.0,69382,M,4576217.0,483681.0,69
201800047580,18,6,26,2300,5,2,3,1.0,3.0,69382,M,4575261.0,482465.0,69
201800047581,18,6,27,835,1,2,3,1.0,3.0,69381,M,4577197.0,482447.0,69
201800047582,18,6,28,820,1,2,1,1.0,2.0,69381,M,4576656.0,483790.0,69
201800047583,18,6,28,920,1,2,3,1.0,6.0,69384,M,4577972.0,483621.0,69
201800047584,18,6,28,2030,1,2,3,1.0,3.0,69034,M,4579174.0,483760.0,69
201800047585,18,6,29,1250,1,2,1,1.0,3.0,69286,M,4582000.0,491000.0,69
201800047586,18,6,29,2120,1,2,1,1.0,2.0,69382,M,4575300.0,483410.0,69
201800047587,18,6,29,1935,1,2,1,1.0,3.0,69202,M,4574801.0,481218.0,69
201800047588,18,7,1,1750,1,2,2,1.0,1.0,69152,M,4569769.0,482469.0,69
201800047589,18,7,2,1525,1,2,1,1.0,1.0,69389,M,4578649.0,479498.0,69
201800047590,18,7,3,1540,1,2,1,1.0,3.0,69381,M,4576853.0,505764.0,69
201800047591,18,7,4,920,1,2,1,1.0,6.0,69381,M,4576850.0,483930.0,69
201800047592,18,7,4,1415,1,2,1,1.0,2.0,69382,M,4575000.0,482000.0,69
201800047593,18,7,3,1706,1,2,1,1.0,3.0,69034,M,4578926.0,485488.0,69
201800047594,18,7,4,2259,3,2,3,1.0,3.0,69382,M,4574200.0,482000.0,69
201800047595,18,7,2,2030,1,2,1,1.0,3.0,69385,M,4576000.0,482800.0,69
201800047596,18,7,5,800,1,2,1,1.0,7.0,69152,M,4570247.0,482082.0,69
201800047597,18,7,3,1740,1,2,9,1.0,2.0,69034,M,4579132.0,486047.0,69
201800047598,18,7,7,1540,1,2,9,1.0,3.0,69382,M,4575149.0,483249.0,69
201800047599,18,7,8,810,1,2,3,1.0,7.0,69385,M,4574688.0,478927.0,69
201800047600,18,7,7,2025,1,1,1,1.0,6.0,69081,M,4578814.0,477811.0,69
201800047601,18,7,9,1000,1,2,1,1.0,2.0,69202,M,4572177.0,478958.0,69
201800047602,18,7,9,905,1,2,1,1.0,6.0,69152,M,4570072.0,482415.0,69
201800047603,18,7,9,1515,1,2,2,1.0,3.0,69382,M,4573976.0,481804.0,69
201800047604,18,7,10,1300,1,2,6,7.0,3.0,69286,M,4581947.0,489063.0,69
201800047605,18,7,11,355,5,2,1,1.0,6.0,69389,M,4577654.0,480089.0,69
201800047606,18,7,11,1115,1,2,1,1.0,6.0,69149,M,4571356.0,480273.0,69
201800047607,18,7,12,1140,1,2,1,1.0,7.0,69152,M,4570566.0,482691.0,69
201800047608,18,7,4,2000,2,2,1,1.0,7.0,69034,M,4579391.0,487111.0,69
201800047609,18,7,14,1000,1,2,2,1.0,3.0,69202,M,4574727.0,480313.0,69
201800047610,18,7,14,1726,1,2,1,1.0,2.0,69034,M,4581432.0,486183.0,69
201800047611,18,7,15,1950,1,2,1,1.0,3.0,69385,M,4576730.0,481453.0,69
201800047612,18,7,12,1715,1,2,2,1.0,3.0,69034,M,4579303.0,483892.0,69
201800047613,18,7,18,940,1,2,1,1.0,6.0,69034,M,4580350.0,485964.0,69
201800047614,18,7,14,1955,1,2,1,1.0,2.0,69149,M,4572009.0,479813.0,69
201800047615,18,7,17,930,1,2,1,1.0,4.0,69382,M,4574994.0,483177.0,69
201800047616,18,7,18,2145,5,1,1,1.0,3.0,69382,M,4573238.0,481712.0,69
201800047617,18,7,19,1630,1,2,3,1.0,6.0,69149,M,4571688.0,479541.0,69
201800047618,18,7,20,1000,1,2,1,1.0,2.0,69381,M,4577050.0,483670.0,69
201800047619,18,7,21,605,2,2,1,1.0,7.0,69381,M,4577250.0,483840.0,69
201800047620,18,7,22,2140,5,2,1,1.0,7.0,69149,M,4571452.0,481442.0,69
201800047621,18,7,23,710,1,1,1,1.0,2.0,69034,M,4578897.0,486244.0,69
201800047622,18,7,20,1815,1,2,1,2.0,5.0,69389,M,4577918.0,479556.0,69
201800047623,18,7,26,1030,1,2,3,1.0,2.0,69389,M,4577630.0,479766.0,69
201800047624,18,6,8,2345,5,2,1,1.0,6.0,69382,M,4574139.0,481983.0,69
201800047625,18,7,27,2245,5,2,1,1.0,1.0,69382,M,4574828.0,482061.0,69
201800047626,18,7,28,2305,5,2,2,1.0,3.0,69389,M,4578044.0,480902.0,69
201800047627,18,7,29,640,1,2,2,1.0,6.0,69389,M,4578298.0,480046.0,69
201800047628,18,7,30,1530,1,2,1,1.0,4.0,69142,M,4574365.0,481285.0,69
201800047629,18,8,1,745,1,2,1,1.0,6.0,69385,M,4576050.0,482662.0,69