Num_Acc,an,mois,jour,hrmn,lum,agg,int,atm,col,com,gps,lat,long,dep
201800047630,18,8,1,815,1,2,3,1.0,1.0,69152,M,4570047.0,482544.0,69
201800047631,18,8,1,910,1,2,2,1.0,3.0,69382,M,4575102.0,482346.0,69
201800047632,18,8,2,820,1,2,1,1.0,2.0,69149,M,4571973.0,480043.0,69
201800047633,18,8,2,1645,1,2,1,1.0,6.0,69384,M,4578229.0,481340.0,69
201800047634,18,8,2,1650,1,2,1,1.0,7.0,69149,M,4571628.0,479597.0,69
201800047635,18,8,3,1550,1,2,1,1.0,6.0,69034,M,4579964.0,484738.0,69
201800047636,18,8,1,845,1,2,7,1.0,6.0,69034,M,4578500.0,483300.0,69
201800047637,18,8,6,915,1,2,1,1.0,6.0,69382,M,4574000.0,482000.0,69
201800047638,18,8,7,1220,1,2,1,1.0,4.0,69382,M,4575119.0,483216.0,69
201800047639,18,8,7,1440,1,2,1,1.0,2.0,69382,M,4574944.0,482604.0,69
201800047640,18,8,1,45,3,2,2,1.0,3.0,69384,M,4577649.0,482608.0,69
201800047641,18,8,9,2200,5,2,2,1.0,7.0,69149,M,4571549.0,480731.0,69
201800047642,18,8,12,1730,1,2,1,1.0,6.0,69034,M,4578491.0,484663.0,69
201800047643,18,8,13,1715,1,2,1,2.0,7.0,69382,M,4575038.0,482304.0,69
201800047644,18,5,21,1000,1,2,1,1.0,3.0,69286,M,4581890.0,489083.0,69
201800047645,18,8,22,1100,1,2,1,1.0,7.0,69389,M,4578301.0,480079.0,69
201800047646,18,8,22,2140,3,2,1,1.0,2.0,69202,M,4572934.0,477748.0,69
201800047647,18,8,23,100,5,2,1,1.0,6.0,69389,M,4576957.0,481247.0,69
201800047648,18,8,24,1300,1,2,1,1.0,1.0,69034,M,4579301.0,485222.0,69
201800047649,18,8,25,300,5,2,1,1.0,2.0,69382,M,4574116.0,482395.0,69
201800047650,18,8,25,754,1,2,1,1.0,6.0,69385,M,4575943.0,482625.0,69
201800047651,18,8,25,2010,2,2,1,2.0,3.0,69202,M,4574187.0,480121.0,69
201800047652,18,8,26,140,5,2,1,1.0,6.0,69382,M,4575540.0,482603.0,69
201800047653,18,8,28,2300,5,2,1,1.0,5.0,69202,M,4573861.0,480542.0,69
201800047654,18,8,29,900,1,2,1,2.0,2.0,69381,M,4577095.0,483581.0,69
201800047655,18,8,28,1520,1,2,1,1.0,4.0,69149,M,4572189.0,478805.0,69
201800047656,18,7,31,600,5,2,1,1.0,2.0,69381,M,4576820.0,482225.0,69
201800047657,18,8,28,1730,1,2,1,1.0,2.0,69149,M,4571713.0,481465.0,69
201800047658,18,8,27,2000,2,2,1,1.0,3.0,69034,M,4580986.0,485681.0,69
201800047659,18,9,3,820,1,2,1,1.0,3.0,69381,M,4576488.0,483174.0,69
201800047660,18,9,1,1240,1,2,1,1.0,2.0,69389,M,4578808.0,480851.0,69
201800047661,18,9,4,815,1,2,1,7.0,6.0,69286,M,4581935.0,490821.0,69
201800047662,18,9,4,815,1,2,1,1.0,7.0,69389,M,4578798.0,478776.0,69
201800047663,18,9,5,1020,1,2,1,1.0,6.0,69081,M,4578809.0,477690.0,69
201800047664,18,9,4,1220,1,2,1,1.0,1.0,69034,M,4579627.0,485491.0,69
201800047665,18,9,5,1805,1,2,1,1.0,6.0,69152,M,4570436.0,482218.0,69
201800047666,18,9,5,2325,5,2,1,1.0,6.0,69034,M,4579196.0,487188.0,69
201800047667,18,9,6,847,1,2,1,1.0,6.0,69286,M,4581712.0,489089.0,69
201800047668,18,9,6,1930,5,2,3,2.0,3.0,69034,M,4579432.0,482782.0,69
201800047669,18,9,6,452,5,2,1,2.0,6.0,69286,M,4581800.0,487419.0,69
201800047670,18,9,6,2220,5,2,2,2.0,7.0,69381,M,4576898.0,483780.0,69
201800047671,18,9,7,2000,2,2,1,1.0,6.0,69286,M,4581168.0,489586.0,69
201800047672,18,9,10,845,1,2,1,1.0,6.0,69034,M,4580323.0,485970.0,69
201800047673,18,9,10,915,1,2,1,1.0,7.0,69202,M,4573401.0,480344.0,69
201800047674,18,9,11,1654,1,2,3,1.0,6.0,69202,M,4574794.0,480038.0,69
201800047675,18,9,12,1630,1,2,1,1.0,3.0,69385,M,4575425.0,477789.0,69
201800047676,18,9,12,1700,1,2,1,1.0,6.0,69202,M,4573259.0,480385.0,69
201800047677,18,9,12,1710,1,2,1,1.0,2.0,69202,M,4572429.0,478290.0,69
201800047678,18,9,13,1845,1,2,3,1.0,1.0,69382,M,4575883.0,483073.0,69
201800047679,18,9,13,1040,1,2,1,1.0,2.0,69152,M,4570687.0,481457.0,69
201800047680,18,9,14,725,1,2,2,1.0,1.0,69202,M,4574129.0,479778.0,69
201800047681,18,9,14,1115,1,2,1,1.0,6.0,69389,M,4578150.0,480677.0,69
201800047682,18,9,14,1215,1,2,1,1.0,6.0,69384,M,4577532.0,482451.0,69
201800047683,18,9,14,1950,2,2,1,1.0,7.0,69389,M,4576355.0,479957.0,69
201800047684,18,9,15,150,5,2,9,1.0,6.0,69382,M,4576348.0,483803.0,69
201800047685,18,9,13,1120,1,2,1,1.0,6.0,69142,M,4572575.0,481024.0,69
201800047686,18,9,16,700,2,2,1,1.0,6.0,69385,M,4575478.0,481215.0,69
201800047687,18,9,16,1950,5,2,1,1.0,1.0,69389,M,4577588.0,480799.0,69
201800047688,18,9,16,2040,5,2,1,1.0,1.0,69142,M,4572658.0,481340.0,69
201800047689,18,9,16,2330,5,2,2,1.0,3.0,69034,M,4579125.0,486074.0,69
201800047690,18,9,17,950,1,2,9,1.0,5.0,69384,M,4577723.0,482873.0,69
201800047691,18,9,17,1415,1,2,1,1.0,2.0,69389,M,4579452.0,482376.0,69
201800047692,18,9,17,1900,1,2,1,1.0,6.0,69389,M,4578631.0,479626.0,69
201800047693,18,9,18,1320,1,2,1,1.0,3.0,69034,M,4580458.0,485293.0,69
201800047694,18,9,18,1820,1,2,1,1.0,3.0,69152,M,4570189.0,481923.0,69
201800047695,18,9,19,840,1,2,1,1.0,3.0,69382,M,4575395.0,482531.0,69
201800047696,18,9,20,745,1,2,3,1.0,6.0,69384,M,4577950.0,482927.0,69
201800047697,18,9,20,840,1,2,1,1.0,6.0,69385,M,4575040.0,477488.0,69
201800047698,18,9,20,1245,1,2,1,1.0,3.0,69149,M,4571293.0,480715.0,69
201800047699,18,9,20,1730,1,2,1,1.0,4.0,69389,M,4578532.0,481306.0,69
201800047700,18,9,21,1240,1,2,3,1.0,3.0,69385,M,4575490.0,481625.0,69
201800047701,18,9,21,1419,1,2,1,1.0,3.0,69286,M,4582006.0,489513.0,69
201800047702,18,9,21,1530,1,2,1,1.0,7.0,69389,M,4578801.0,480888.0,69
201800047703,18,9,21,1645,1,2,9,1.0,1.0,69286,M,4581509.0,489365.0,69
201800047704,18,9,21,1925,2,2,1,1.0,3.0,69381,M,4577256.0,482570.0,69
201800047705,18,9,22,1550,1,2,1,1.0,1.0,69385,M,4575157.0,482182.0,69
201800047706,18,9,22,1733,1,2,1,1.0,3.0,69382,M,4575414.0,482556.0,69
201800047707,18,9,22,1713,1,2,9,1.0,4.0,69389,M,4576384.0,480212.0,69
201800047708,18,9,22,115,5,2,2,1.0,3.0,69381,M,4577148.0,483727.0,69
201800047709,18,9,23,1948,5,2,1,1.0,3.0,69389,M,4577645.0,479771.0,69
201800047710,18,9,23,2055,2,2,1,1.0,3.0,69382,M,4575497.0,483518.0,69
201800047711,18,8,22,950,1,2,1,1.0,2.0,69384,M,4577680.0,484007.0,69
201800047712,18,9,14,1110,1,2,1,1.0,3.0,69149,M,4571355.0,480536.0,69
201800047713,18,9,23,1640,1,2,2,1.0,3.0,69384,M,4577967.0,481589.0,69
201800047714,18,9,24,1710,1,2,1,1.0,6.0,69381,M,4576964.0,482989.0,69
201800047715,18,9,24,1520,1,2,1,1.0,6.0,69382,M,4576018.0,483600.0,69
201800047716,18,9,25,1215,1,2,1,1.0,2.0,69152,M,4569587.0,482597.0,69
201800047717,18,9,25,1140,1,2,1,1.0,2.0,69081,M,4577904.0,478167.0,69
201800047718,18,9,27,1400,1,2,2,1.0,3.0,69389,M,4578921.0,478907.0,69
201800047719,18,9,28,1605,1,2,3,1.0,6.0,69149,M,4571003.0,479966.0,69
201800047720,18,9,27,1547,1,2,2,1.0,6.0,69149,M,4572107.0,481118.0,69
201800047721,18,9,28,1720,1,2,1,1.0,6.0,69382,M,4575380.0,483440.0,69
201800047722,18,9,29,1732,1,2,1,1.0,6.0,69389,M,4578583.0,479499.0,69
201800047723,18,9,26,1930,5,2,3,1.0,2.0,69149,M,4572331.0,480298.0,69
201800047724,18,9,29,1715,1,2,2,7.0,3.0,69286,M,4581387.0,488822.0,69
201800047725,18,9,26,1245,1,2,1,1.0,3.0,69381,M,4576910.0,481761.0,69
201800047726,18,10,1,1110,1,2,1,1.0,6.0,69385,M,4576178.0,479978.0,69
201800047727,18,10,2,800,1,2,1,1.0,7.0,69286,M,4582095.0,489780.0,69
201800047728,18,10,4,1715,1,2,3,1.0,3.0,69385,M,4574500.0,478600.0,69
201800047729,18,10,5,625,2,2,2,1.0,3.0,69389,M,4578053.0,480080.0,69
201800047730,18,10,5,815,1,2,5,1.0,7.0,69389,M,4577000.0,480000.0,69
201800047731,18,10,5,1410,1,2,1,1.0,6.0,69149,M,4571683.0,481052.0,69
201800047732,18,10,5,1940,5,2,2,1.0,5.0,69385,M,4575440.0,479596.0,69
201800047733,18,10,7,255,5,2,2,3.0,3.0,69149,M,4571597.0,481128.0,69
201800047734,18,10,7,1310,1,2,1,2.0,7.0,69385,M,4575280.0,482007.0,69
201800047735,18,10,9,1810,1,2,1,1.0,6.0,69034,M,4580480.0,486448.0,69
201800047736,18,10,9,1840,1,2,1,1.0,2.0,69381,M,4576991.0,483768.0,69
201800047737,18,10,11,823,1,2,1,8.0,7.0,69385,M,4575280.0,482040.0,69
201800047738,18,10,11,820,1,2,1,1.0,7.0,69385,M,4575280.0,482040.0,69
201800047739,18,10,11,905,1,2,1,1.0,3.0,69385,M,4575374.0,481732.0,69
201800047740,18,10,11,1445,1,2,1,1.0,6.0,69389,M,4579927.0,482659.0,69
201800047741,18,10,11,1640,1,2,1,1.0,2.0,69389,M,4577223.0,481102.0,69
201800047742,18,10,11,1550,1,1,1,1.0,6.0,69081,M,4578809.0,477690.0,69
201800047743,18,10,11,1210,1,2,1,1.0,4.0,69034,M,4579400.0,482800.0,69
201800047744,18,10,12,1535,1,2,1,1.0,2.0,69382,M,4574880.0,482904.0,69
201800047745,18,10,13,1820,1,2,1,1.0,6.0,69389,M,4577582.0,480148.0,69
201800047746,18,10,14,2155,5,2,1,2.0,7.0,69381,M,4577149.0,483825.0,69
201800047747,18,10,15,1605,1,2,1,1.0,6.0,69389,M,4578943.0,479430.0,69
201800047748,18,10,15,1705,1,2,1,1.0,3.0,69389,M,4576920.0,480560.0,69
201800047749,18,10,15,1220,1,2,1,1.0,6.0,69202,M,4575142.0,480009.0,69
201800047750,18,10,16,1600,1,2,9,1.0,3.0,69389,M,4578049.0,480905.0,69
201800047751,18,10,16,1730,1,2,1,1.0,6.0,69389,M,4577600.0,480530.0,69
201800047752,18,9,18,1900,2,2,9,1.0,6.0,69382,M,4575952.0,483772.0,69
201800047753,18,10,17,1701,1,2,2,1.0,5.0,69202,M,4574260.0,478613.0,69
201800047754,18,10,18,102,5,2,2,1.0,3.0,69389,M,4577301.0,480746.0,69
201800047755,18,10,17,855,1,2,4,1.0,6.0,69385,M,4575614.0,481750.0,69
201800047756,18,10,19,1400,1,2,1,1.0,4.0,69034,M,4579260.0,486040.0,69
201800047757,18,10,19,1711,1,2,1,1.0,6.0,69034,M,4579449.0,482792.0,69
201800047758,18,10,20,600,5,2,1,1.0,7.0,69034,M,4579749.0,485786.0,69
201800047759,18,10,20,1630,1,2,1,1.0,7.0,69286,M,4583059.0,490743.0,69
201800047760,18,10,20,1630,1,1,3,1.0,3.0,69286,M,4582655.0,491753.0,69
201800047761,18,10,21,1110,1,2,3,8.0,5.0,69286,M,4581559.0,487781.0,69
201800047762,18,10,21,1220,1,2,2,1.0,3.0,69382,M,4576294.0,483517.0,69
201800047763,18,10,23,1040,1,2,1,1.0,6.0,69152,M,4569646.0,482621.0,69
201800047764,18,10,23,1620,1,2,9,1.0,4.0,69286,M,4583460.0,491246.0,69
201800047765,18,10,24,1205,1,2,1,1.0,6.0,69382,M,4575000.0,482000.0,69
201800047766,18,10,26,555,5,2,1,1.0,2.0,69382,M,4575408.0,483434.0,69
201800047767,18,10,26,1055,1,2,1,8.0,2.0,69081,M,4577236.0,477777.0,69
201800047768,18,10,27,1840,5,2,3,8.0,2.0,69385,M,4576071.0,480443.0,69
201800047769,18,10,27,2025,5,2,1,1.0,4.0,69382,M,4573681.0,482045.0,69
201800047770,18,10,28,1015,1,2,2,1.0,3.0,69202,M,4574888.0,479677.0,69
201800047771,18,10,28,2230,5,2,1,2.0,2.0,69381,M,4577081.0,481403.0,69
201800047772,18,10,29,650,5,2,2,2.0,6.0,69149,M,4570000.0,480000.0,69
201800047773,18,10,29,1035,1,2,2,2.0,1.0,69081,M,4576618.0,476971.0,69
201800047774,18,10,30,1030,1,2,4,2.0,6.0,69385,M,4575565.0,480852.0,69
201800047775,18,10,31,840,1,2,3,8.0,1.0,69202,M,4573468.0,477981.0,69
201800047776,18,11,1,640,5,2,3,2.0,6.0,69385,M,4576720.0,482724.0,69
201800047777,18,11,1,920,1,2,1,2.0,6.0,69081,M,4577390.0,478583.0,69
201800047778,18,11,1,1508,1,2,9,2.0,3.0,69286,M,4581497.0,488929.0,69
201800047779,18,11,1,1600,1,2,1,2.0,2.0,69149,M,4571992.0,481064.0,69
201800047780,18,11,1,1750,5,2,1,1.0,6.0,69149,M,4572072.0,479736.0,69
201800047781,18,11,2,1040,1,2,3,1.0,6.0,69202,M,4574784.0,480050.0,69
201800047782,18,11,2,1200,1,2,1,1.0,6.0,69385,M,4575886.0,479249.0,69
201800047783,18,11,5,1115,1,2,1,1.0,6.0,69385,M,4575651.0,479994.0,69
201800047784,18,11,5,900,1,2,1,1.0,6.0,69382,M,4576371.0,483847.0,69
201800047785,18,11,6,2140,5,2,3,8.0,2.0,69034,M,4579423.0,487122.0,69
201800047786,18,11,7,2135,3,2,7,2.0,6.0,69389,M,4577359.0,480896.0,69
201800047787,18,11,7,2330,5,2,1,2.0,7.0,69385,M,4576026.0,482245.0,69
201800047788,18,11,8,700,1,2,1,2.0,3.0,69286,M,4582331.0,491489.0,69
201800047789,18,11,7,920,1,2,1,1.0,2.0,69381,M,4577395.0,482087.0,69
201800047790,18,11,9,720,5,2,1,2.0,6.0,69149,M,4571663.0,479661.0,69
201800047791,18,11,9,1844,5,2,1,1.0,6.0,69034,M,4579461.0,484683.0,69
201800047792,18,11,9,2040,5,2,1,1.0,3.0,69034,M,4577949.0,484111.0,69
201800047793,18,11,10,1940,5,2,2,1.0,3.0,69389,M,4577006.0,480452.0,69
201800047794,18,11,10,1945,5,2,1,1.0,6.0,69382,M,4576213.0,483415.0,69
201800047795,18,11,9,1915,5,2,1,1.0,6.0,69382,M,4575259.0,482453.0,69
201800047796,18,11,13,950,1,2,1,2.0,2.0,69034,M,4580328.0,486002.0,69
201800047797,18,11,15,1320,1,2,1,1.0,6.0,69034,M,4578690.0,483520.0,69
201800047798,18,11,15,1725,5,2,1,1.0,2.0,69034,M,4579038.0,484194.0,69
201800047799,18,11,16,1210,1,2,1,1.0,2.0,69389,M,4576370.0,479582.0,69
201800047800,18,11,16,655,5,2,9,1.0,2.0,69382,M,4573450.0,481915.0,69
201800047801,18,11,16,2120,5,2,6,2.0,3.0,69389,M,4578215.0,479997.0,69
201800047802,18,11,16,1150,1,2,9,1.0,3.0,69034,M,4579030.0,483620.0,69
201800047803,18,11,17,1010,1,1,1,2.0,1.0,69286,M,4582552.0,488188.0,69
201800047804,18,11,19,1814,2,2,1,2.0,6.0,69389,M,4578320.0,480812.0,69
201800047805,18,11,20,1800,5,2,3,2.0,1.0,69202,M,4573495.0,478024.0,69
201800047806,18,11,20,2013,5,2,1,2.0,2.0,69034,M,4578984.0,483575.0,69
201800047807,18,11,22,2155,5,2,1,1.0,6.0,69382,M,4575140.0,482913.0,69
201800047808,18,11,24,715,2,2,1,2.0,6.0,69385,M,4575421.0,481871.0,69
201800047809,18,11,24,930,1,2,2,8.0,6.0,69202,M,4573333.0,478333.0,69
201800047810,18,11,24,1103,1,2,2,1.0,6.0,69384,M,4577947.0,482881.0,69
201800047811,18,11,23,1045,1,2,1,1.0,6.0,69034,M,4579090.0,482370.0,69
201800047812,18,11,24,1440,1,2,2,1.0,3.0,69382,M,4576011.0,483787.0,69
201800047813,18,11,24,1500,1,2,2,1.0,1.0,69034,M,4580980.0,485730.0,69
201800047814,18,11,24,1800,2,2,1,1.0,6.0,69034,M,4579200.0,486090.0,69
201800047815,18,11,25,230,5,2,1,1.0,6.0,69382,M,4576345.0,483572.0,69
201800047816,18,11,26,940,1,2,1,1.0,7.0,69081,M,4577270.0,478970.0,69
201800047817,18,11,27,1420,1,2,2,1.0,1.0,69286,M,4580860.0,490451.0,69
201800047818,18,11,23,1720,5,2,3,2.0,6.0,69381,M,4577158.0,483558.0,69
201800047819,18,11,28,1720,5,2,1,1.0,6.0,69149,M,4571000.0,480000.0,69
201800047820,18,11,28,2035,5,2,1,1.0,3.0,69384,M,4578792.0,481843.0,69
201800047821,18,11,29,100,5,2,2,1.0,7.0,69149,M,4571692.0,481118.0,69
201800047822,18,11,28,1910,5,2,9,1.0,6.0,69389,M,4577474.0,480823.0,69
201800047823,18,11,28,1915,5,2,1,1.0,3.0,69381,M,4577350.0,482286.0,69
201800047824,18,11,29,1400,1,2,2,1.0,3.0,69149,M,4571434.0,481079.0,69
201800047825,18,11,30,745,1,2,9,2.0,3.0,69149,M,4571800.0,481091.0,69
201800047826,18,11,30,1300,1,2,2,3.0,3.0,69389,M,4578918.0,478899.0,69
201800047827,18,12,1,600,5,2,1,2.0,5.0,69382,M,4573622.0,481978.0,69
201800047828,18,12,1,1040,1,2,1,5.0,1.0,69286,M,4582780.0,491598.0,69
201800047829,18,12,1,1140,1,2,1,1.0,2.0,69382,M,4575373.0,483433.0,69
201800047830,18,12,1,1500,1,2,1,1.0,6.0,69385,M,4575557.0,481845.0,69
201800047831,18,12,2,840,2,1,1,8.0,7.0,69081,M,4578636.0,478433.0,69
201800047832,18,12,3,800,1,2,2,1.0,6.0,69381,M,4576988.0,482931.0,69
201800047833,18,12,3,750,1,2,1,2.0,7.0,69389,M,4577449.0,479471.0,69
201800047834,18,12,4,820,1,2,2,1.0,2.0,69142,M,4572128.0,481121.0,69
201800047835,18,12,4,1340,1,2,9,1.0,3.0,69149,M,4571450.0,480710.0,69
201800047836,18,12,5,1930,5,2,1,1.0,5.0,69202,M,4573780.0,479640.0,69
201800047837,18,12,6,720,2,2,4,2.0,6.0,69389,M,4577036.0,480093.0,69
201800047838,18,12,6,1500,1,2,1,2.0,7.0,69389,M,4577582.0,479500.0,69
201800047839,18,12,6,1800,5,2,1,2.0,6.0,69382,M,4575062.0,482875.0,69
201800047840,18,12,6,1910,5,2,1,2.0,1.0,69034,M,4579772.0,483854.0,69
201800047841,18,12,7,1030,1,2,1,1.0,6.0,69202,M,4573539.0,480454.0,69
201800047842,18,12,6,1810,5,2,1,2.0,6.0,69152,M,4569587.0,482599.0,69
201800047843,18,12,7,2055,5,2,1,1.0,2.0,69081,M,4578636.0,478294.0,69
201800047844,18,12,5,1950,5,2,1,1.0,6.0,69034,M,4581139.0,484588.0,69
201800047845,18,12,8,1930,5,2,9,2.0,6.0,69152,M,4570361.0,482536.0,69
201800047846,18,12,8,2330,5,2,1,1.0,2.0,69286,M,4581314.0,489264.0,69
201800047847,18,12,9,510,5,2,1,1.0,6.0,69389,M,4577951.0,479374.0,69
201800047848,18,12,10,853,1,2,1,1.0,6.0,69385,M,4576670.0,482820.0,69
201800047849,18,12,10,2050,5,2,3,1.0,3.0,69034,M,4579433.0,482788.0,69
201800047850,18,12,11,1220,1,2,1,1.0,6.0,69389,M,4578030.0,480000.0,69
201800047851,18,12,11,1215,1,2,2,1.0,3.0,69149,M,4571551.0,480879.0,69
201800047852,18,12,11,1810,5,2,1,1.0,3.0,69384,M,4577950.0,482650.0,69
201800047853,18,12,12,1630,2,2,2,1.0,1.0,69389,M,4577023.0,480552.0,69
201800047854,18,12,13,1907,5,2,1,1.0,6.0,69286,M,4581767.0,490214.0,69
201800047855,18,12,13,2000,5,2,1,1.0,6.0,69384,M,4577150.0,481383.0,69
201800047856,18,12,14,840,1,2,1,1.0,4.0,69382,M,4575523.0,483554.0,69
201800047857,18,12,13,2000,5,2,2,1.0,3.0,69382,M,4575939.0,483395.0,69
201800047858,18,12,15,710,5,2,1,1.0,3.0,69034,M,4578746.0,486048.0,69
201800047859,18,12,17,1920,5,2,1,2.0,3.0,69389,M,4578349.0,480786.0,69
201800047860,18,12,18,900,1,2,2,5.0,6.0,69384,M,4577723.0,483289.0,69
201800047861,18,12,18,1730,5,2,3,1.0,3.0,69389,M,4578578.0,480928.0,69
201800047862,18,12,18,845,1,2,1,5.0,6.0,69385,M,4575620.0,480111.0,69
201800047863,18,12,19,1730,5,2,1,1.0,2.0,69034,M,4578910.0,484189.0,69
201800047864,18,12,19,1800,5,2,3,2.0,3.0,69389,M,4578920.0,478902.0,69
201800047865,18,12,20,605,5,2,1,1.0,6.0,69389,M,4577640.0,479650.0,69
201800047866,18,12,20,1655,2,2,3,1.0,6.0,69286,M,4581212.0,488964.0,69
201800047867,18,12,20,1749,5,2,9,1.0,6.0,69149,M,4570790.0,479854.0,69
201800047868,18,12,21,1338,1,2,1,2.0,6.0,69389,M,4578388.0,481197.0,69
201800047869,18,12,21,1830,5,2,1,2.0,6.0,69384,M,4577800.0,483606.0,69
201800047870,18,12,22,210,5,2,2,1.0,3.0,69381,M,4576952.0,483500.0,69
201800047871,18,12,21,1950,5,2,1,8.0,6.0,69034,M,4579783.0,485170.0,69
201800047872,18,12,24,1610,2,2,1,2.0,6.0,69389,M,4579127.0,480157.0,69
201800047873,18,12,24,1955,5,1,9,1.0,7.0,69081,M,4578696.0,477747.0,69
201800047874,18,12,23,1140,1,2,1,1.0,6.0,69034,M,4579460.0,484685.0,69
201800047875,18,12,25,1640,1,2,1,1.0,6.0,69286,M,4583024.0,490682.0,69
201800047876,18,12,25,1640,2,2,1,1.0,1.0,69385,M,4574717.0,478963.0,69
201800047877,18,12,26,2100,5,2,3,1.0,1.0,69286,M,4581737.0,490088.0,69
201800047878,18,12,27,1030,1,2,1,1.0,6.0,69034,M,4580341.0,486035.0,69
201800047879,18,12,27,2200,5,2,1,1.0,6.0,69034,M,4579000.0,485760.0,69
201800047880,18,12,29,1440,1,2,1,1.0,6.0,69286,M,4581895.0,490658.0,69
201800047881,18,12,29,1630,1,2,3,1.0,3.0,69034,M,4579216.0,482429.0,69
201800047882,18,12,30,810,1,2,2,1.0,3.0,69384,M,4577920.0,484109.0,69
201800047883,18,12,31,1230,1,2,1,8.0,2.0,69034,M,4579822.0,485057.0,69
201800047884,18,1,1,1600,1,1,1,2.0,2.0,59350,M,5062187.0,302669.0,59
201800047885,18,12,30,2305,3,1,1,2.0,6.0,59378,M,5068632.0,311143.0,59
201800047886,18,1,9,240,3,1,1,1.0,2.0,59431,M,5068940.0,282294.0,59
201800047887,18,1,6,720,3,1,1,1.0,7.0,59491,M,5038081.0,346641.0,59
201800047888,18,1,10,1010,1,1,1,2.0,2.0,59646,M,5068010.0,312856.0,59
201800047889,18,1,10,1800,2,1,1,1.0,2.0,59383,M,5033745.0,351998.0,59
201800047890,18,1,12,1245,1,1,1,1.0,6.0,59606,M,5033606.0,354979.0,59
201800047891,18,1,17,900,1,1,1,1.0,6.0,59431,M,5068962.0,282224.0,59
201800047892,18,1,20,2000,3,1,1,1.0,5.0,62274,M,5043325.0,297871.0,62
201800047893,18,1,20,1430,1,1,1,2.0,6.0,59350,M,5061628.0,306940.0,59
201800047894,18,1,20,725,3,1,1,2.0,7.0,62274,M,5043287.0,297698.0,62
201800047895,18,1,26,315,4,1,1,1.0,6.0,59609,M,5087692.0,308422.0,59
201800047896,18,1,27,505,3,1,1,1.0,6.0,59094,M,5095936.0,219691.0,59
201800047897,18,2,2,2300,3,1,1,2.0,6.0,59560,M,5053875.0,305174.0,59
201800047898,18,2,6,1700,1,1,1,6.0,4.0,59566,M,5061836.0,297757.0,59
201800047899,18,2,8,2135,3,1,1,1.0,2.0,59435,M,5050997.0,321115.0,59
201800047900,18,2,16,2137,3,1,1,1.0,6.0,59646,M,5068279.0,311200.0,59
201800047901,18,2,16,445,3,1,1,1.0,6.0,59090,M,5068402.0,308831.0,59
201800047902,18,2,21,2020,3,1,1,1.0,2.0,59449,M,5046757.0,323553.0,59
201800047903,18,2,26,1349,1,1,1,1.0,6.0,59195,M,5062699.0,295952.0,59
201800047904,18,2,15,845,2,1,1,1.0,6.0,59426,M,5075028.0,314509.0,59
201800047905,18,3,10,610,2,1,1,1.0,3.0,59160,M,5042649.0,364248.0,59
201800047906,18,3,7,1540,1,1,1,1.0,4.0,62193,M,5093691.0,185287.0,62
201800047907,18,3,17,1730,1,1,1,4.0,7.0,59560,M,5054088.0,305305.0,59
201800047908,18,3,16,1545,1,1,1,1.0,7.0,59544,M,5036142.0,358949.0,59
201800047909,18,3,20,1415,1,1,1,1.0,2.0,59613,M,5040818.0,362149.0,59
201800047910,18,3,25,1535,1,1,1,1.0,7.0,59435,M,5049250.0,321223.0,59
201800047911,18,3,24,1515,1,1,1,1.0,6.0,59507,M,5060527.0,308861.0,59
201800047912,18,4,3,1045,1,1,1,1.0,2.0,62510,M,5043886.0,276973.0,62
201800047913,18,4,18,1105,1,1,1,1.0,4.0,59237,M,5075367.0,264569.0,59
201800047914,18,4,19,1120,1,1,1,1.0,6.0,62637,M,5046859.0,299187.0,62
201800047915,18,4,19,1120,1,1,1,1.0,1.0,59507,M,5061029.0,309158.0,59
201800047916,18,4,20,1300,1,1,1,7.0,2.0,59343,M,5059417.0,310109.0,59
201800047917,18,4,22,1530,1,1,1,1.0,2.0,59090,M,5072228.0,312436.0,59
201800047918,18,4,26,910,1,1,1,1.0,2.0,59646,M,5067452.0,311909.0,59
201800047919,18,5,6,1035,1,1,1,1.0,2.0,59043,M,5072811.0,271546.0,59
201800047920,18,5,16,1830,1,1,1,1.0,6.0,59458,M,5056702.0,316025.0,59
201800047921,18,5,5,925,1,1,1,1.0,6.0,59350,M,5064473.0,309402.0,59
201800047922,18,5,22,2045,1,1,1,1.0,2.0,62274,M,5043348.0,297822.0,62
201800047923,18,5,18,1745,1,1,1,1.0,3.0,59609,M,5057499.0,308233.0,59
201800047924,18,5,26,1210,1,1,1,1.0,2.0,59343,M,5059218.0,309933.0,59
201800047925,18,5,16,1134,1,1,1,1.0,2.0,59599,M,5070224.0,315710.0,59
201800047926,18,5,28,1725,1,1,1,1.0,2.0,59646,M,5067305.0,311746.0,59
201800047927,18,5,29,1050,1,1,1,1.0,7.0,59605,M,5103440.0,244106.0,59
201800047928,18,5,30,800,1,1,1,1.0,4.0,59449,M,5046767.0,323622.0,59
201800047929,18,5,31,745,1,1,1,2.0,2.0,59581,M,5070500.0,278725.0,59
201800047930,18,6,5,845,1,1,1,1.0,4.0,59386,M,5067950.0,305394.0,59
201800047931,18,6,8,2130,1,1,1,1.0,2.0,59431,M,5069278.0,281220.0,59
201800047932,18,6,9,110,3,1,1,1.0,2.0,59080,M,5045615.0,328543.0,59