Num_Acc,an,mois,jour,hrmn,lum,agg,int,atm,col,com,gps,lat,long,dep
201800047933,18,6,12,455,3,1,1,1.0,7.0,62393,M,5093435.0,199905.0,62
201800047934,18,6,20,1233,1,1,1,1.0,4.0,59507,M,5061132.0,309047.0,59
201800047935,18,6,23,900,1,1,1,1.0,6.0,59260,M,5104732.0,253470.0,59
201800047936,18,6,22,2330,3,1,1,1.0,1.0,59574,M,5035204.0,326341.0,59
201800047937,18,6,26,2030,1,1,1,1.0,3.0,59346,M,5061290.0,313478.0,59
201800047938,18,6,28,755,1,1,1,1.0,2.0,59179,M,5030376.0,337518.0,59
201800047939,18,6,29,805,1,1,1,1.0,3.0,59360,M,5062060.0,301496.0,59
201800047940,18,6,11,205,3,1,1,1.0,6.0,59359,M,5099040.0,224353.0,59
201800047941,18,7,3,840,1,1,1,1.0,2.0,59646,M,5067466.0,311931.0,59
201800047942,18,7,4,940,1,1,1,1.0,7.0,59491,M,5038417.0,346223.0,59
201800047943,18,7,8,1800,1,1,1,1.0,3.0,59343,M,5059314.0,310041.0,59
201800047944,18,7,19,1435,1,1,1,1.0,6.0,59359,M,5098905.0,223810.0,59
201800047945,18,7,1,1100,1,1,1,1.0,2.0,59566,M,5061732.0,298049.0,59
201800047946,18,7,21,630,2,1,1,2.0,6.0,59646,M,5067504.0,311892.0,59
201800047947,18,7,21,2330,3,1,1,1.0,2.0,62498,M,5042648.0,283374.0,62
201800047948,18,7,26,1600,1,1,1,1.0,6.0,59574,M,5035947.0,326211.0,59
201800047949,18,7,24,1445,1,1,1,1.0,4.0,59043,M,5072512.0,272887.0,59
201800047950,18,7,28,1600,1,1,1,1.0,4.0,59179,M,5030724.0,338277.0,59
201800047951,18,8,6,606,1,1,1,1.0,2.0,59459,M,5036774.0,348361.0,59
201800047952,18,8,7,1530,1,1,1,1.0,3.0,59435,M,5050070.0,321244.0,59
201800047953,18,8,2,745,1,1,1,1.0,7.0,59603,M,5033678.0,345273.0,59
201800047954,18,8,19,1930,1,1,1,1.0,2.0,62498,M,5045042.0,283031.0,62
201800047955,18,8,20,900,1,1,1,1.0,2.0,59560,M,5054312.0,305457.0,59
201800047956,18,8,22,1605,1,1,1,1.0,6.0,59202,M,5000000.0,284918.0,59
201800047957,18,8,24,1040,1,1,1,1.0,2.0,59456,M,5038280.0,320874.0,59
201800047958,18,8,23,1640,1,1,1,1.0,2.0,59082,M,5096335.0,240138.0,59
201800047959,18,8,29,1010,1,1,1,3.0,4.0,62393,M,5093372.0,199746.0,62
201800047960,18,8,31,1650,1,1,1,1.0,2.0,59350,M,5062970.0,308200.0,59
201800047961,18,8,31,2130,2,1,1,1.0,4.0,59350,M,5061696.0,306724.0,59
201800047962,18,9,2,1345,1,1,1,1.0,2.0,59508,M,5075296.0,314721.0,59
201800047963,18,8,22,1600,1,1,1,1.0,2.0,59462,M,5051627.0,303567.0,59
201800047964,18,9,3,2215,3,1,1,1.0,2.0,59350,M,5063166.0,308217.0,59
201800047965,18,9,8,2350,3,1,1,1.0,2.0,59410,M,5064295.0,309431.0,59
201800047966,18,9,14,1420,1,1,1,1.0,7.0,59284,M,5042424.0,339960.0,59
201800047967,18,9,15,630,2,1,1,1.0,6.0,62351,M,5043268.0,291325.0,62
201800047968,18,9,20,1813,1,1,1,1.0,5.0,59123,M,5049967.0,300620.0,59
201800047969,18,9,22,1150,1,1,1,1.0,1.0,59574,M,5035947.0,326203.0,59
201800047970,18,9,25,1815,1,1,1,1.0,2.0,59356,M,5065306.0,299774.0,59
201800047971,18,9,23,130,3,1,1,3.0,4.0,62351,M,5043265.0,291166.0,62
201800047972,18,9,25,1740,1,1,1,1.0,6.0,62239,M,5093627.0,180495.0,62
201800047973,18,9,30,745,1,1,1,1.0,6.0,59195,M,5062830.0,295813.0,59
201800047974,18,9,26,855,1,1,1,1.0,4.0,59080,M,5045601.0,328525.0,59
201800047975,18,9,27,1700,1,1,1,1.0,4.0,59080,M,5045617.0,328598.0,59
201800047976,18,9,28,1700,1,1,1,1.0,3.0,59155,M,5101411.0,238472.0,59
201800047977,18,9,17,2150,3,1,1,1.0,2.0,62498,M,5045184.0,282135.0,62
201800047978,18,10,11,1410,1,1,1,1.0,6.0,59350,M,5063097.0,308195.0,59
201800047979,18,10,12,830,1,1,1,1.0,4.0,62907,M,5048356.0,298340.0,62
201800047980,18,10,14,448,3,1,1,1.0,6.0,62274,M,5042725.0,298792.0,62
201800047981,18,10,19,1445,1,1,1,1.0,2.0,59029,M,5048462.0,321627.0,59
201800047982,18,10,31,730,1,1,1,1.0,7.0,59343,M,5060037.0,311208.0,59
201800047983,18,10,30,550,3,1,1,1.0,6.0,59234,M,5040235.0,306122.0,59
201800047984,18,10,26,1800,1,1,1,2.0,5.0,59603,M,5033656.0,345244.0,59
201800047985,18,11,7,1230,1,1,1,2.0,6.0,59343,M,5060004.0,312946.0,59
201800047986,18,11,16,35,3,1,1,1.0,6.0,59475,M,5032566.0,343298.0,59
201800047987,18,11,16,1800,2,1,1,2.0,6.0,59350,M,5061642.0,304046.0,59
201800047988,18,11,18,1500,1,1,1,1.0,2.0,59271,M,5101240.0,234769.0,59
201800047989,18,11,17,1653,1,1,1,1.0,4.0,59378,M,5068446.0,309211.0,59
201800047990,18,11,17,1630,1,1,1,1.0,6.0,59172,M,5031719.0,341449.0,59
201800047991,18,11,23,1805,2,1,1,1.0,6.0,59350,M,5061620.0,306398.0,59
201800047992,18,11,30,1900,3,1,1,1.0,5.0,59523,M,5059942.0,316492.0,59
201800047993,18,12,3,1200,2,1,1,1.0,6.0,59346,M,5061290.0,313334.0,59
201800047994,18,12,4,1525,1,1,1,1.0,4.0,59566,M,5061597.0,298659.0,59
201800047995,18,12,13,2140,3,1,1,1.0,6.0,62498,M,5045080.0,282773.0,62
201800047996,18,12,15,545,3,1,1,8.0,4.0,62427,M,5044338.0,297179.0,62
201800047997,18,12,11,1900,3,1,1,1.0,5.0,59507,M,5060937.0,309330.0,59
201800047998,18,12,26,405,3,1,1,1.0,2.0,59662,M,5084000.0,256000.0,59
201800047999,18,12,27,130,3,1,1,1.0,6.0,62274,M,5043684.0,297539.0,62
201800048000,18,12,27,530,3,1,1,1.0,6.0,59009,M,5063051.0,313958.0,59
201800048001,18,1,1,1650,2,2,1,2.0,2.0,69388,M,4573234.0,486567.0,69
201800048002,18,1,1,415,5,2,1,1.0,6.0,69388,M,4574400.0,487540.0,69
201800048003,18,1,1,2245,5,2,1,1.0,6.0,69199,M,4570677.0,486106.0,69
201800048004,18,1,2,2000,5,2,1,1.0,3.0,69387,M,4573140.0,483361.0,69
201800048005,18,1,3,1430,2,2,3,2.0,3.0,69199,M,4570554.0,485904.0,69
201800048006,18,1,3,1810,5,2,1,2.0,6.0,69386,M,4576970.0,485510.0,69
201800048007,18,1,4,1800,5,2,1,2.0,2.0,69387,M,4573164.0,482464.0,69
201800048008,18,1,4,2230,5,2,2,8.0,3.0,69259,M,4569695.0,488764.0,69
201800048009,18,1,5,1005,1,2,3,1.0,3.0,69387,M,4573339.0,482328.0,69
201800048010,18,1,5,1345,1,2,1,1.0,2.0,69259,M,4570347.0,488748.0,69
201800048011,18,1,8,2319,5,2,1,3.0,6.0,69383,M,4575700.0,485260.0,69
201800048012,18,1,9,730,5,2,2,2.0,6.0,69259,M,4569670.0,488787.0,69
201800048013,18,1,9,835,1,2,1,1.0,6.0,69386,M,4576496.0,484430.0,69
201800048014,18,1,9,900,1,2,2,3.0,6.0,69387,M,4575109.0,484827.0,69
201800048015,18,1,9,840,2,2,2,2.0,5.0,69388,M,4573056.0,486448.0,69
201800048016,18,1,9,730,5,2,2,2.0,6.0,69259,M,4570545.0,487832.0,69
201800048017,18,1,10,935,1,2,1,1.0,6.0,69386,M,4577254.0,484333.0,69
201800048018,18,1,10,1300,1,2,1,2.0,6.0,69383,M,4575332.0,486866.0,69
201800048019,18,1,10,1325,1,2,2,2.0,6.0,69386,M,4576854.0,485079.0,69
201800048020,18,1,10,1603,1,2,1,1.0,6.0,69383,M,4575979.0,485801.0,69
201800048021,18,1,11,1530,1,2,2,1.0,3.0,69387,M,4574665.0,484267.0,69
201800048022,18,1,11,1712,5,2,2,1.0,3.0,69259,M,4569334.0,487138.0,69
201800048023,18,1,11,1210,1,2,1,1.0,2.0,69259,M,4571527.0,489715.0,69
201800048024,18,1,11,2000,5,2,2,2.0,3.0,69386,M,4576628.0,486189.0,69
201800048025,18,1,12,1200,1,2,1,1.0,6.0,69383,M,4576354.0,484558.0,69
201800048026,18,1,13,615,5,2,6,1.0,6.0,69276,M,4568610.0,486100.0,69
201800048027,18,1,13,330,5,2,1,1.0,7.0,69387,M,4573683.0,484590.0,69
201800048028,18,1,14,1805,5,2,1,1.0,6.0,69383,M,4575499.0,487044.0,69
201800048029,18,1,14,1842,5,2,1,1.0,1.0,69388,M,4573510.0,485321.0,69
201800048030,18,1,15,530,5,2,3,1.0,3.0,69383,M,4575191.0,487665.0,69
201800048031,18,1,15,1050,1,2,6,1.0,2.0,69388,M,4573214.0,487589.0,69
201800048032,18,1,16,850,1,2,2,2.0,3.0,69386,M,4576512.0,486504.0,69
201800048033,18,1,17,1455,1,2,5,2.0,3.0,69388,M,4573062.0,488762.0,69
201800048034,18,1,18,1650,2,2,1,2.0,6.0,69383,M,4575065.0,487591.0,69
201800048035,18,1,19,5,5,2,3,8.0,1.0,69387,M,4572274.0,484221.0,69
201800048036,18,1,19,935,1,2,3,2.0,6.0,69388,M,4572949.0,486801.0,69
201800048037,18,1,5,1700,5,2,1,1.0,2.0,69387,M,4572195.0,484222.0,69
201800048038,18,1,19,1820,5,2,2,2.0,3.0,69387,M,4574346.0,484731.0,69
201800048039,18,1,19,2210,5,2,1,9.0,3.0,69259,M,4571212.0,488114.0,69
201800048040,18,1,19,2355,5,2,1,9.0,6.0,69386,M,4577030.0,485992.0,69
201800048041,18,1,20,1200,1,2,1,3.0,6.0,69259,M,4569922.0,488601.0,69
201800048042,18,1,20,2103,5,2,2,2.0,3.0,69259,M,4570311.0,488749.0,69
201800048043,18,1,22,800,2,1,1,2.0,6.0,69386,M,4576620.0,485913.0,69
201800048044,18,1,22,850,2,2,1,2.0,2.0,69386,M,4576983.0,485784.0,69
201800048045,18,1,22,1720,2,2,2,2.0,3.0,69387,M,4574556.0,483638.0,69
201800048046,18,1,23,755,1,2,9,1.0,3.0,69387,M,4574750.0,483493.0,69
201800048047,18,1,23,1335,1,2,2,1.0,3.0,69383,M,4574665.0,488529.0,69
201800048048,18,1,24,1610,1,2,1,1.0,6.0,69388,M,4573664.0,485280.0,69
201800048049,18,1,25,1635,1,2,2,1.0,6.0,69388,M,4573154.0,486703.0,69
201800048050,18,1,26,725,5,2,2,3.0,3.0,69383,M,4576002.0,484088.0,69
201800048051,18,1,25,1145,1,2,1,1.0,3.0,69388,M,4572379.0,487367.0,69
201800048052,18,1,26,1400,1,2,2,2.0,6.0,69383,M,4575731.0,487318.0,69
201800048053,18,1,26,1925,2,2,2,2.0,6.0,69383,M,4575648.0,484665.0,69
201800048054,18,1,26,1845,5,2,1,2.0,2.0,69383,M,4575636.0,484043.0,69
201800048055,18,1,28,1100,1,2,2,1.0,6.0,69387,M,4575610.0,484046.0,69
201800048056,18,1,29,1625,1,2,1,1.0,2.0,69388,M,4574053.0,485995.0,69
201800048057,18,1,29,1830,5,2,3,1.0,3.0,69259,M,4571666.0,485487.0,69
201800048058,18,1,30,1845,5,2,1,1.0,6.0,69383,M,4575617.0,486391.0,69
201800048059,18,1,30,2050,3,2,3,1.0,3.0,69387,M,4574992.0,485830.0,69
201800048060,18,1,31,815,1,2,2,1.0,7.0,69388,M,4573991.0,488200.0,69
201800048061,18,1,31,1330,1,2,1,1.0,6.0,69387,M,4572598.0,482478.0,69
201800048062,18,1,31,1630,1,2,1,1.0,2.0,69259,M,4570300.0,488610.0,69
201800048063,18,2,1,1100,1,2,2,2.0,3.0,69388,M,4573260.0,488134.0,69
201800048064,18,2,1,1345,1,2,1,1.0,2.0,69387,M,4574485.0,488431.0,69
201800048065,18,2,2,700,2,2,2,1.0,3.0,69386,M,4577036.0,484576.0,69
201800048066,18,2,2,1400,1,2,1,1.0,2.0,69387,M,4575191.0,484139.0,69
201800048067,18,2,2,1310,1,2,1,1.0,2.0,69386,M,4577085.0,486430.0,69
201800048068,18,2,5,820,1,2,1,4.0,7.0,69387,M,4573298.0,482300.0,69
201800048069,18,2,5,1550,1,2,4,8.0,6.0,69387,M,4574691.0,484540.0,69
201800048070,18,2,5,1830,5,2,2,1.0,3.0,69383,M,4575680.0,484834.0,69
201800048071,18,2,6,1005,1,2,1,1.0,3.0,69388,M,4573839.0,486717.0,69
201800048072,18,2,6,1430,1,2,2,1.0,6.0,69386,M,4576630.0,486157.0,69
201800048073,18,2,7,730,1,2,1,2.0,6.0,69387,M,4574561.0,484056.0,69
201800048074,18,2,7,2116,5,2,2,1.0,6.0,69383,M,4575097.0,488902.0,69
201800048075,18,2,8,1200,1,2,2,1.0,6.0,69259,M,4570059.0,488774.0,69
201800048076,18,2,8,1718,2,2,1,1.0,3.0,69387,M,4574488.0,484927.0,69
201800048077,18,2,8,2125,5,2,1,1.0,6.0,69383,M,4575215.0,485972.0,69
201800048078,18,2,6,1600,1,2,2,2.0,6.0,69388,M,4574238.0,487996.0,69
201800048079,18,2,9,1200,1,2,3,1.0,3.0,69387,M,4574840.0,483803.0,69
201800048080,18,2,9,2236,5,2,1,2.0,6.0,69383,M,4575526.0,484349.0,69
201800048081,18,2,11,2040,5,2,3,9.0,7.0,69387,M,4574077.0,485607.0,69
201800048082,18,2,12,135,5,2,6,2.0,6.0,69387,M,4573163.0,482407.0,69
201800048083,18,2,12,2335,5,2,1,8.0,6.0,69276,M,4568143.0,485454.0,69
201800048084,18,2,13,830,1,2,1,1.0,3.0,69259,M,4571784.0,487241.0,69
201800048085,18,2,13,940,1,2,2,7.0,6.0,69383,M,4575320.0,484900.0,69
201800048086,18,2,13,1015,1,2,1,1.0,3.0,69387,M,4574014.0,483831.0,69
201800048087,18,2,13,1220,1,2,3,1.0,3.0,69383,M,4576037.0,484967.0,69
201800048088,18,2,8,845,1,2,2,8.0,3.0,69383,M,4575000.0,487000.0,69
201800048089,18,2,14,1240,1,2,1,1.0,3.0,69388,M,4573787.0,487411.0,69
201800048090,18,2,14,1630,1,2,3,1.0,6.0,69387,M,4574623.0,483271.0,69
201800048091,18,2,14,1745,2,2,1,1.0,4.0,69388,M,4573090.0,485978.0,69
201800048092,18,2,19,712,2,2,1,1.0,6.0,69259,M,4568923.0,486494.0,69
201800048093,18,2,19,730,2,2,1,1.0,2.0,69383,M,4574565.0,487172.0,69
201800048094,18,2,20,1620,1,2,3,1.0,3.0,69383,M,4575377.0,486019.0,69
201800048095,18,2,21,515,5,2,3,1.0,6.0,69259,M,4571806.0,487232.0,69
201800048096,18,2,21,1635,1,2,1,1.0,6.0,69388,M,4572681.0,485382.0,69
201800048097,18,2,21,1625,1,2,2,1.0,3.0,69386,M,4576953.0,485668.0,69
201800048098,18,2,21,1735,1,2,1,1.0,3.0,69388,M,4572848.0,485362.0,69
201800048099,18,2,21,440,5,2,1,1.0,7.0,69387,M,4575439.0,484511.0,69
201800048100,18,2,22,2120,5,2,2,1.0,3.0,69387,M,4574994.0,485205.0,69
201800048101,18,2,19,450,5,2,2,1.0,6.0,69386,M,4577234.0,484120.0,69
201800048102,18,1,31,1450,1,2,1,1.0,2.0,69387,M,4572649.0,482624.0,69
201800048103,18,2,24,1650,1,2,2,1.0,3.0,69388,M,4573218.0,486982.0,69
201800048104,18,2,26,850,1,2,1,1.0,6.0,69383,M,4575372.0,487195.0,69
201800048105,18,2,26,1645,1,2,1,1.0,4.0,69259,M,4570981.0,487563.0,69
201800048106,18,2,27,1220,1,2,2,1.0,3.0,69387,M,4573813.0,483760.0,69
201800048107,18,2,27,1745,1,2,1,1.0,3.0,69387,M,4573578.0,482940.0,69
201800048108,18,2,28,830,1,2,2,8.0,3.0,69388,M,4573344.0,486466.0,69
201800048109,18,3,1,830,1,2,2,1.0,3.0,69383,M,4575216.0,485226.0,69
201800048110,18,3,1,830,1,2,1,4.0,5.0,69259,M,4569157.0,488883.0,69
201800048111,18,3,2,1410,1,2,2,1.0,6.0,69383,M,4575413.0,484873.0,69
201800048112,18,3,2,2305,5,2,2,8.0,3.0,69383,M,4576270.0,495789.0,69
201800048113,18,3,3,2215,5,2,2,1.0,3.0,69383,M,4576130.0,486822.0,69
201800048114,18,3,4,420,5,2,2,1.0,3.0,69386,M,4577244.0,484311.0,69
201800048115,18,3,4,510,5,2,2,1.0,6.0,69387,M,4574325.0,484769.0,69
201800048116,18,3,3,1810,1,2,1,1.0,3.0,69388,M,4573980.0,485850.0,69
201800048117,18,3,6,1620,1,2,1,2.0,6.0,69388,M,4572515.0,488190.0,69
201800048118,18,3,7,2015,5,2,1,1.0,6.0,69199,M,4571111.0,485510.0,69
201800048119,18,3,8,1355,1,2,1,1.0,6.0,69383,M,4576360.0,485645.0,69
201800048120,18,3,9,1150,1,2,1,1.0,3.0,69259,M,4570014.0,488635.0,69
201800048121,18,3,9,1045,1,2,1,1.0,6.0,69383,M,4575060.0,486510.0,69
201800048122,18,3,10,350,5,2,1,3.0,7.0,69386,M,4577439.0,484993.0,69
201800048123,18,3,10,1210,1,2,1,1.0,2.0,69259,M,4568863.0,487693.0,69
201800048124,18,3,10,1650,1,2,1,1.0,3.0,69387,M,4574768.0,483880.0,69
201800048125,18,3,10,1630,1,2,2,1.0,3.0,69383,M,4574857.0,488374.0,69
201800048126,18,3,12,1000,1,2,2,1.0,3.0,69386,M,4577108.0,484462.0,69
201800048127,18,3,13,30,5,2,2,1.0,3.0,69388,M,4573900.0,486300.0,69
201800048128,18,3,13,830,1,2,1,1.0,6.0,69388,M,4572616.0,486894.0,69
201800048129,18,3,13,1650,1,2,2,1.0,3.0,69388,M,4573100.0,488580.0,69
201800048130,18,3,15,1115,1,2,1,3.0,6.0,69386,M,4576909.0,485053.0,69
201800048131,18,3,16,1755,2,2,1,2.0,6.0,69388,M,4572956.0,486753.0,69
201800048132,18,3,17,340,5,2,2,2.0,3.0,69383,M,4576291.0,486181.0,69
201800048133,18,3,19,1320,1,2,2,1.0,3.0,69388,M,4574338.0,487425.0,69
201800048134,18,3,19,2235,5,2,2,1.0,3.0,69383,M,4575958.0,484783.0,69
201800048135,18,3,20,1345,1,2,1,8.0,3.0,69383,M,4575394.0,484742.0,69
201800048136,18,3,21,1930,2,2,2,1.0,3.0,69387,M,4573988.0,483300.0,69
201800048137,18,3,16,1346,1,2,1,1.0,6.0,69388,M,4572648.0,487479.0,69
201800048138,18,3,22,1030,1,2,2,1.0,6.0,69386,M,4576870.0,485239.0,69
201800048139,18,3,22,1125,1,2,2,1.0,3.0,69388,M,4574146.0,486862.0,69
201800048140,18,3,22,1330,1,2,1,1.0,6.0,69383,M,4576030.0,484788.0,69
201800048141,18,3,22,1650,1,2,3,1.0,3.0,69388,M,4572791.0,488666.0,69
201800048142,18,3,22,1715,1,2,2,1.0,6.0,69386,M,4577197.0,485997.0,69
201800048143,18,3,21,1130,1,2,1,1.0,6.0,69383,M,4575160.0,486415.0,69
201800048144,18,3,23,915,1,2,1,8.0,6.0,69388,M,4572000.0,487000.0,69
201800048145,18,3,20,1155,1,2,1,8.0,7.0,69259,M,4569209.0,487319.0,69
201800048146,18,3,22,1945,5,2,3,1.0,1.0,69199,M,4570000.0,486000.0,69
201800048147,18,3,24,1140,1,2,3,1.0,3.0,69259,M,4572402.0,485412.0,69
201800048148,18,3,24,1525,1,1,1,1.0,6.0,69259,M,4571389.0,489854.0,69
201800048149,18,3,24,1455,1,2,1,1.0,6.0,69199,M,4570943.0,485597.0,69
201800048150,18,3,24,1654,1,2,2,1.0,3.0,69383,M,4575898.0,484918.0,69
201800048151,18,3,22,1414,1,2,3,1.0,3.0,69383,M,4575921.0,485228.0,69
201800048152,18,3,27,840,1,2,9,8.0,6.0,69199,M,4569511.0,484503.0,69
201800048153,18,3,27,1050,1,2,1,1.0,6.0,69383,M,4575404.0,486233.0,69
201800048154,18,3,28,825,1,2,1,2.0,2.0,69383,M,4575552.0,487384.0,69
201800048155,18,3,28,1620,1,2,1,1.0,6.0,69388,M,4573820.0,487800.0,69
201800048156,18,3,29,900,1,2,1,1.0,6.0,69387,M,4574960.0,485240.0,69
201800048157,18,3,29,1750,1,2,1,1.0,2.0,69259,M,4571856.0,487013.0,69
201800048158,18,3,31,1215,1,2,1,1.0,5.0,69259,M,4571870.0,487147.0,69
201800048159,18,4,1,1905,1,2,4,1.0,3.0,69388,M,4572642.0,486000.0,69
201800048160,18,4,1,2215,5,2,9,1.0,6.0,69387,M,4574895.0,483035.0,69
201800048161,18,4,3,1000,1,2,3,1.0,3.0,69383,M,4575504.0,487066.0,69
201800048162,18,4,4,1415,1,2,1,2.0,2.0,69387,M,4572238.0,484245.0,69
201800048163,18,4,4,1430,1,2,2,8.0,5.0,69383,M,4576172.0,484632.0,69
201800048164,18,4,4,1745,1,2,3,1.0,6.0,69259,M,4571231.0,487537.0,69
201800048165,18,4,6,520,5,2,2,1.0,6.0,69388,M,4572856.0,486582.0,69
201800048166,18,4,6,855,1,2,6,1.0,3.0,69259,M,4568874.0,487781.0,69
201800048167,18,3,25,530,5,2,2,1.0,3.0,69387,M,4575102.0,484822.0,69
201800048168,18,4,6,1100,1,1,2,1.0,6.0,69383,M,4576296.0,486687.0,69
201800048169,18,4,6,1410,1,2,2,1.0,3.0,69387,M,4574000.0,484100.0,69
201800048170,18,4,6,1755,1,2,1,1.0,6.0,69259,M,4571515.0,488578.0,69
201800048171,18,4,8,1345,1,2,2,8.0,3.0,69383,M,4575664.0,486837.0,69
201800048172,18,4,10,1647,1,2,9,1.0,6.0,69387,M,4574982.0,483544.0,69
201800048173,18,4,11,25,5,2,2,1.0,6.0,69386,M,4577238.0,484096.0,69
201800048174,18,4,11,1847,1,2,1,8.0,7.0,69259,M,4571933.0,488825.0,69
201800048175,18,4,12,1525,1,2,2,1.0,6.0,69386,M,4577255.0,484273.0,69
201800048176,18,4,12,1820,1,2,1,1.0,2.0,69383,M,4574930.0,486071.0,69
201800048177,18,4,15,2150,5,2,2,1.0,3.0,69259,M,4570254.0,489126.0,69
201800048178,18,4,17,1036,1,2,1,1.0,6.0,69259,M,4571601.0,487814.0,69
201800048179,18,4,17,1937,1,2,2,1.0,3.0,69388,M,4574484.0,487323.0,69
201800048180,18,4,18,1030,1,2,1,1.0,2.0,69387,M,4574402.0,485804.0,69
201800048181,18,4,18,1315,1,1,9,1.0,6.0,69276,M,4568684.0,484622.0,69
201800048182,18,4,18,1500,1,2,1,1.0,6.0,69383,M,4575800.0,485040.0,69
201800048183,18,4,18,1845,1,2,1,1.0,6.0,69386,M,4577789.0,484466.0,69
201800048184,18,4,19,1800,1,2,1,1.0,4.0,69383,M,4586472.0,486476.0,69
201800048185,18,4,20,1100,1,2,1,1.0,6.0,69387,M,4574782.0,484791.0,69
201800048186,18,4,20,2330,5,2,2,1.0,3.0,69383,M,4575291.0,485357.0,69
201800048187,18,4,21,100,5,2,1,1.0,2.0,69388,M,4573299.0,488008.0,69
201800048188,18,4,21,1000,1,2,1,1.0,1.0,69383,M,4575520.0,484349.0,69
201800048189,18,4,21,1150,1,2,2,1.0,3.0,69386,M,4577114.0,485391.0,69
201800048190,18,4,21,1320,1,2,1,1.0,6.0,69199,M,4571197.0,485508.0,69
201800048191,18,4,21,1600,1,2,9,1.0,6.0,69199,M,4569026.0,485521.0,69
201800048192,18,4,22,1800,1,2,1,1.0,1.0,69383,M,4575868.0,484091.0,69
201800048193,18,4,22,2130,5,2,1,1.0,1.0,69387,M,4574730.0,485860.0,69
201800048194,18,4,23,945,1,2,9,1.0,6.0,69276,M,4568074.0,486131.0,69
201800048195,18,4,23,1145,1,2,1,1.0,6.0,69199,M,4570000.0,486000.0,69
201800048196,18,4,24,1240,1,2,1,1.0,2.0,69259,M,4569993.0,486246.0,69
201800048197,18,4,24,2035,2,2,3,1.0,3.0,69387,M,4574523.0,484184.0,69
201800048198,18,4,25,715,1,2,9,1.0,3.0,69199,M,4571219.0,485995.0,69
201800048199,18,4,25,720,1,2,2,1.0,1.0,69383,M,4574170.0,488820.0,69
201800048200,18,4,25,1445,1,2,3,1.0,3.0,69387,M,4574816.0,484376.0,69
201800048201,18,4,26,837,1,2,2,1.0,6.0,69387,M,4573649.0,482636.0,69
201800048202,18,4,26,1130,1,1,9,1.0,6.0,69386,M,4577189.0,485870.0,69
201800048203,18,4,27,850,1,2,1,7.0,1.0,69387,M,4573989.0,483914.0,69
201800048204,18,4,27,820,1,2,1,1.0,6.0,69386,M,4576855.0,485071.0,69
201800048205,18,4,26,1730,1,2,3,1.0,3.0,69387,M,4575420.0,484363.0,69
201800048206,18,4,27,1945,1,2,2,1.0,3.0,69386,M,4577150.0,486109.0,69
201800048207,18,4,28,825,1,2,3,1.0,3.0,69386,M,4576686.0,484539.0,69
201800048208,18,4,28,1230,1,2,1,1.0,6.0,69387,M,4572946.0,484388.0,69
201800048209,18,4,28,1455,1,2,3,1.0,3.0,69259,M,4569365.0,487464.0,69
201800048210,18,4,29,10,5,2,9,1.0,2.0,69259,M,4569687.0,488657.0,69
201800048211,18,4,29,2030,5,2,1,2.0,6.0,69388,M,4574308.0,485977.0,69
201800048212,18,4,30,800,1,2,2,1.0,6.0,69386,M,4576840.0,484912.0,69
201800048213,18,4,30,1105,1,2,9,1.0,6.0,69386,M,4576008.0,484765.0,69
201800048214,18,4,30,1615,1,2,2,2.0,3.0,69383,M,4576308.0,486362.0,69
201800048215,18,4,30,1755,1,2,1,1.0,3.0,69259,M,4569510.0,488030.0,69
201800048216,18,5,1,1900,1,2,1,8.0,2.0,69387,M,4574332.0,483442.0,69
201800048217,18,5,2,1310,1,2,1,1.0,6.0,69383,M,4576304.0,485494.0,69
201800048218,18,5,2,1815,1,2,1,1.0,6.0,69383,M,4575703.0,485407.0,69
201800048219,18,5,3,850,1,2,9,2.0,6.0,69259,M,4569859.0,486751.0,69
201800048220,18,5,4,800,1,2,1,1.0,7.0,69259,M,4572980.0,485000.0,69
201800048221,18,3,17,340,5,2,1,2.0,6.0,69383,M,4576353.0,486181.0,69
201800048222,18,5,4,1200,1,2,1,1.0,2.0,69387,M,4575610.0,484020.0,69
201800048223,18,5,4,1545,1,2,1,1.0,7.0,69259,M,4569502.0,486360.0,69
201800048224,18,5,4,1812,1,2,1,1.0,3.0,69388,M,4572791.0,488667.0,69
201800048225,18,5,5,950,1,2,2,1.0,6.0,69387,M,4574338.0,483429.0,69
201800048226,18,5,6,105,5,2,1,1.0,3.0,69276,M,4567576.0,486084.0,69
201800048227,18,5,6,1630,1,2,2,1.0,3.0,69383,M,4575277.0,485206.0,69
201800048228,18,5,6,1750,1,2,1,1.0,6.0,69388,M,4572623.0,486884.0,69
201800048229,18,5,7,1250,1,2,1,1.0,3.0,69259,M,4570252.0,489591.0,69
201800048230,18,5,7,1710,1,2,1,1.0,6.0,69386,M,4576000.0,486000.0,69
201800048231,18,5,7,1345,1,2,1,1.0,6.0,69383,M,4576008.0,486180.0,69
201800048232,18,5,8,1845,1,2,1,1.0,4.0,69383,M,4575477.0,486774.0,69
201800048233,18,5,8,2253,5,2,1,1.0,6.0,69387,M,4575381.0,483859.0,69
201800048234,18,5,9,922,1,2,3,1.0,3.0,69383,M,4576358.0,484181.0,69
201800048235,18,5,9,1510,1,2,1,1.0,6.0,69383,M,4576000.0,484000.0,69
201800048236,18,5,9,2000,2,2,1,1.0,6.0,69383,M,4575347.0,488326.0,69
201800048237,18,5,10,300,4,2,1,2.0,2.0,69386,M,4576353.0,485801.0,69