Num_Acc,an,mois,jour,hrmn,lum,agg,int,atm,col,com,gps,lat,long,dep
201800048238,18,5,11,2042,2,2,1,1.0,2.0,69387,M,4573450.0,483185.0,69
201800048239,18,5,13,2250,5,2,2,8.0,2.0,69387,M,4575375.0,485938.0,69
201800048240,18,5,14,611,3,1,1,2.0,6.0,69276,M,4568781.0,484654.0,69
201800048241,18,5,14,800,1,2,1,2.0,3.0,69388,M,4573147.0,487664.0,69
201800048242,18,5,14,945,1,2,2,2.0,3.0,69387,M,4574868.0,485791.0,69
201800048243,18,5,14,850,1,2,2,2.0,3.0,69386,M,4576613.0,486481.0,69
201800048244,18,5,14,1200,1,2,1,1.0,2.0,69386,M,4576984.0,485616.0,69
201800048245,18,5,14,1445,1,2,1,2.0,2.0,69199,M,4570430.0,485674.0,69
201800048246,18,5,15,1750,1,2,1,1.0,6.0,69388,M,4573061.0,487760.0,69
201800048247,18,5,16,1300,1,2,1,1.0,6.0,69383,M,4574901.0,487778.0,69
201800048248,18,5,16,2015,1,2,1,1.0,6.0,69383,M,4575257.0,486807.0,69
201800048249,18,5,16,1915,1,2,3,1.0,3.0,69386,M,4576521.0,486623.0,69
201800048250,18,5,18,1130,1,2,1,1.0,6.0,69383,M,4575860.0,486282.0,69
201800048251,18,5,18,1220,1,2,3,1.0,5.0,69383,M,4576000.0,486000.0,69
201800048252,18,5,18,1730,1,2,1,1.0,3.0,69388,M,4573069.0,486637.0,69
201800048253,18,5,18,1650,1,2,2,1.0,3.0,69387,M,4574917.0,484189.0,69
201800048254,18,5,19,125,5,1,1,1.0,6.0,69276,M,4567427.0,485529.0,69
201800048255,18,5,19,456,5,2,1,1.0,6.0,69387,M,4574228.0,485073.0,69
201800048256,18,5,19,1545,1,2,1,1.0,2.0,69383,M,4575812.0,484482.0,69
201800048257,18,5,19,1750,1,2,2,1.0,3.0,69259,M,4569394.0,487944.0,69
201800048258,18,5,19,1740,1,2,3,1.0,3.0,69387,M,4573708.0,482430.0,69
201800048259,18,5,21,15,5,2,1,1.0,3.0,69388,M,4572000.0,485000.0,69
201800048260,18,5,21,305,5,2,2,1.0,3.0,69259,M,4571751.0,489157.0,69
201800048261,18,5,21,1430,1,2,2,1.0,3.0,69383,M,4575910.0,485090.0,69
201800048262,18,5,22,740,1,2,3,1.0,3.0,69388,M,4574600.0,485937.0,69
201800048263,18,5,22,925,1,2,3,1.0,3.0,69388,M,4573689.0,488607.0,69
201800048264,18,5,22,2315,5,2,2,2.0,3.0,69259,M,4570322.0,488059.0,69
201800048265,18,5,23,1020,1,2,2,2.0,6.0,69387,M,4574731.0,484314.0,69
201800048266,18,5,18,1500,1,2,9,1.0,3.0,69386,M,4577158.0,485381.0,69
201800048267,18,5,23,1635,1,2,1,3.0,2.0,69388,M,4572511.0,486887.0,69
201800048268,18,5,23,1700,1,2,2,1.0,1.0,69387,M,4574250.0,484022.0,69
201800048269,18,5,24,5,5,2,2,1.0,3.0,69386,M,4576375.0,486188.0,69
201800048270,18,5,24,900,1,2,1,1.0,6.0,69383,M,4576000.0,485140.0,69
201800048271,18,5,24,1245,1,2,2,1.0,3.0,69259,M,4569440.0,488960.0,69
201800048272,18,5,24,1745,1,2,1,1.0,2.0,69386,M,4576984.0,485616.0,69
201800048273,18,5,25,820,1,2,1,1.0,3.0,69259,M,4571751.0,489290.0,69
201800048274,18,5,25,1645,1,2,1,1.0,2.0,69386,M,4577174.0,484306.0,69
201800048275,18,5,26,1415,1,2,1,1.0,4.0,69383,M,4575427.0,486726.0,69
201800048276,18,5,26,1400,1,2,2,1.0,3.0,69388,M,4573120.0,486618.0,69
201800048277,18,5,26,2200,5,2,4,1.0,3.0,69388,M,4573632.0,486918.0,69
201800048278,18,5,27,808,1,2,2,2.0,3.0,69387,M,4572320.0,482862.0,69
201800048279,18,5,29,855,1,2,3,1.0,2.0,69383,M,4575097.0,485502.0,69
201800048280,18,5,29,1000,1,2,1,1.0,6.0,69387,M,4574423.0,483198.0,69
201800048281,18,5,29,1440,1,2,2,1.0,2.0,69259,M,4571100.0,487480.0,69
201800048282,18,5,29,1530,1,2,1,1.0,4.0,69259,M,4569982.0,488772.0,69
201800048283,18,5,29,1710,1,1,2,1.0,3.0,69388,M,4573661.0,487786.0,69
201800048284,18,5,30,920,1,2,1,1.0,6.0,69387,M,4574532.0,484929.0,69
201800048285,18,5,30,1225,1,2,1,1.0,2.0,69386,M,4576362.0,486424.0,69
201800048286,18,5,29,1240,1,2,2,1.0,6.0,69388,M,4572950.0,486778.0,69
201800048287,18,5,30,1830,1,2,2,2.0,3.0,69259,M,4569080.0,486598.0,69
201800048288,18,5,30,1955,1,2,1,2.0,6.0,69259,M,4572313.0,486227.0,69
201800048289,18,5,31,1430,1,2,2,1.0,6.0,69383,M,4576178.0,485106.0,69
201800048290,18,6,1,850,1,2,2,1.0,3.0,69383,M,4575186.0,487656.0,69
201800048291,18,6,1,1935,1,2,2,1.0,3.0,69387,M,4575021.0,484336.0,69
201800048292,18,6,2,510,5,2,1,1.0,3.0,69387,M,4572791.0,482398.0,69
201800048293,18,6,2,1500,1,2,1,1.0,6.0,69388,M,4572950.0,487920.0,69
201800048294,18,6,3,945,1,2,2,1.0,3.0,69386,M,4576900.0,486050.0,69
201800048295,18,6,3,2315,5,2,1,1.0,6.0,69259,M,4570497.0,488758.0,69
201800048296,18,6,4,1700,1,2,1,1.0,7.0,69388,M,4573228.0,488173.0,69
201800048297,18,6,4,1730,1,2,1,1.0,4.0,69259,M,4571549.0,487186.0,69
201800048298,18,6,4,1730,1,2,1,8.0,3.0,69259,M,4572506.0,488716.0,69
201800048299,18,6,4,2015,2,2,2,2.0,3.0,69383,M,4574563.0,481265.0,69
201800048300,18,6,5,38,5,2,2,1.0,1.0,69387,M,4575190.0,483695.0,69
201800048301,18,6,5,34,5,2,2,1.0,3.0,69388,M,4574459.0,486831.0,69
201800048302,18,6,5,930,1,2,3,1.0,3.0,69387,M,4574039.0,483164.0,69
201800048303,18,6,5,659,2,2,1,1.0,1.0,69199,M,4569062.0,484593.0,69
201800048304,18,6,5,1345,1,2,2,1.0,3.0,69387,M,4575029.0,484013.0,69
201800048305,18,6,5,1515,1,2,2,1.0,3.0,69388,M,4573898.0,486652.0,69
201800048306,18,6,6,750,1,2,2,1.0,3.0,69386,M,4576850.0,485050.0,69
201800048307,18,6,6,1340,1,2,3,1.0,6.0,69383,M,4575260.0,486870.0,69
201800048308,18,6,6,1925,2,2,1,1.0,6.0,69383,M,4575484.0,487916.0,69
201800048309,18,6,7,1902,1,2,1,1.0,2.0,69387,M,4574151.0,485109.0,69
201800048310,18,6,8,820,1,2,1,8.0,3.0,69383,M,4575502.0,487138.0,69
201800048311,18,6,8,1615,1,2,1,1.0,6.0,69383,M,4575609.0,485146.0,69
201800048312,18,6,8,2030,1,2,1,1.0,4.0,69387,M,4572663.0,483299.0,69
201800048313,18,6,9,105,5,2,3,1.0,3.0,69388,M,4573170.0,486300.0,69
201800048314,18,6,9,1317,1,2,1,1.0,6.0,69259,M,4569579.0,486763.0,69
201800048315,18,6,9,1820,1,2,9,1.0,3.0,69388,M,4574459.0,486109.0,69
201800048316,18,6,8,1715,1,2,1,3.0,2.0,69387,M,4575390.0,484420.0,69
201800048317,18,6,11,1435,1,2,1,1.0,2.0,69383,M,4574677.0,488127.0,69
201800048318,18,6,8,830,1,2,1,1.0,6.0,69383,M,4576304.0,485494.0,69
201800048319,18,6,12,1850,1,2,2,3.0,3.0,69383,M,4576046.0,485052.0,69
201800048320,18,6,12,2020,3,2,9,3.0,3.0,69383,M,4574771.0,488129.0,69
201800048321,18,6,13,1830,1,2,1,1.0,4.0,69276,M,4566719.0,485908.0,69
201800048322,18,6,13,1550,1,2,1,1.0,6.0,69383,M,4575537.0,486140.0,69
201800048323,18,6,14,15,5,2,1,1.0,6.0,69383,M,4575483.0,487499.0,69
201800048324,18,6,14,210,5,2,2,1.0,3.0,69387,M,4575193.0,483701.0,69
201800048325,18,6,14,1250,1,2,1,1.0,2.0,69386,M,4578581.0,485415.0,69
201800048326,18,6,14,1440,1,2,2,1.0,6.0,69383,M,4575367.0,485976.0,69
201800048327,18,6,14,1400,1,2,3,1.0,6.0,69387,M,4573955.0,484046.0,69
201800048328,18,6,14,1740,1,2,2,1.0,3.0,69383,M,4576040.0,484895.0,69
201800048329,18,6,14,1338,1,2,1,1.0,7.0,69383,M,4576304.0,484895.0,69
201800048330,18,6,15,915,1,2,1,1.0,7.0,69383,M,4576264.0,486162.0,69
201800048331,18,6,14,1955,1,2,2,1.0,3.0,69388,M,4574281.0,487811.0,69
201800048332,18,6,15,1300,1,2,1,1.0,7.0,69387,M,4575033.0,485005.0,69
201800048333,18,6,15,1845,1,2,2,1.0,2.0,69259,M,4569711.0,488778.0,69
201800048334,18,6,16,1700,1,2,2,1.0,3.0,69387,M,4575245.0,484618.0,69
201800048335,18,6,16,2015,1,2,2,1.0,3.0,69387,M,4573674.0,483971.0,69
201800048336,18,6,16,2315,5,2,5,1.0,3.0,69383,M,4575710.0,486161.0,69
201800048337,18,6,17,50,5,2,1,1.0,2.0,69387,M,4573141.0,483180.0,69
201800048338,18,6,16,2050,2,2,2,1.0,3.0,69199,M,4571070.0,486270.0,69
201800048339,18,6,17,2330,5,2,2,1.0,3.0,69388,M,4574696.0,486715.0,69
201800048340,18,6,18,1350,1,2,1,1.0,3.0,69386,M,4578547.0,485498.0,69
201800048341,18,6,18,1800,1,2,6,1.0,2.0,69388,M,4572833.0,485783.0,69
201800048342,18,6,18,1920,1,2,1,1.0,6.0,69259,M,4569841.0,487202.0,69
201800048343,18,6,18,2237,5,2,2,1.0,3.0,69259,M,4569684.0,487066.0,69
201800048344,18,6,19,855,1,2,2,1.0,3.0,69388,M,4573470.0,486333.0,69
201800048345,18,6,19,1215,1,2,3,1.0,6.0,69387,M,4572937.0,484579.0,69
201800048346,18,6,19,1259,1,2,2,1.0,3.0,69388,M,4573189.0,486551.0,69
201800048347,18,6,20,1310,1,2,2,1.0,3.0,69388,M,4573167.0,486718.0,69
201800048348,18,6,20,1745,1,2,3,1.0,3.0,69259,M,4569625.0,487180.0,69
201800048349,18,6,20,1900,1,2,2,1.0,3.0,69387,M,4575318.0,484904.0,69
201800048350,18,6,20,1930,1,2,2,1.0,2.0,69387,M,4574655.0,485008.0,69
201800048351,18,6,20,2100,2,2,1,1.0,3.0,69388,M,4573500.0,487100.0,69
201800048352,18,6,21,1658,1,2,1,1.0,4.0,69388,M,4573690.0,486992.0,69
201800048353,18,6,21,1503,1,2,2,1.0,3.0,69259,M,4571109.0,490170.0,69
201800048354,18,6,22,615,1,2,1,1.0,3.0,69387,M,4574568.0,484069.0,69
201800048355,18,6,21,1940,1,2,1,1.0,3.0,69383,M,4576210.0,484737.0,69
201800048356,18,6,22,1650,1,2,2,1.0,6.0,69259,M,4569488.0,488670.0,69
201800048357,18,6,23,630,1,2,1,1.0,6.0,69388,M,4574389.0,486741.0,69
201800048358,18,6,24,530,2,2,9,1.0,6.0,69276,M,4568096.0,484619.0,69
201800048359,18,6,24,505,2,2,1,1.0,7.0,69386,M,4577229.0,484104.0,69
201800048360,18,6,25,1100,1,2,1,1.0,1.0,69383,M,4575726.0,486228.0,69
201800048361,18,6,25,1825,1,2,1,1.0,3.0,69386,M,4577885.0,485994.0,69
201800048362,18,6,26,920,1,2,3,1.0,3.0,69388,M,4573230.0,486413.0,69
201800048363,18,6,26,1113,1,2,1,1.0,6.0,69383,M,4576162.0,484534.0,69
201800048364,18,6,26,1340,1,2,2,1.0,3.0,69388,M,4574119.0,488523.0,69
201800048365,18,6,26,1815,1,2,2,1.0,1.0,69383,M,4575828.0,484701.0,69
201800048366,18,6,28,900,1,2,3,1.0,3.0,69388,M,4572923.0,488368.0,69
201800048367,18,6,28,840,1,2,3,1.0,3.0,69388,M,4573158.0,487048.0,69
201800048368,18,6,28,1945,1,2,1,7.0,7.0,69387,M,4574000.0,485000.0,69
201800048369,18,6,29,920,1,2,3,1.0,6.0,69387,M,4574728.0,484324.0,69
201800048370,18,6,29,900,1,2,3,1.0,3.0,69387,M,4574784.0,484441.0,69
201800048371,18,6,29,1510,1,2,2,1.0,3.0,69388,M,4573212.0,486981.0,69
201800048372,18,6,30,1045,1,2,1,1.0,6.0,69387,M,4574930.0,484621.0,69
201800048373,18,6,30,1100,1,2,9,1.0,3.0,69388,M,4574087.0,486299.0,69
201800048374,18,6,30,2225,5,2,2,1.0,6.0,69387,M,4574786.0,484792.0,69
201800048375,18,7,2,1050,1,2,2,1.0,6.0,69386,M,4576525.0,485705.0,69
201800048376,18,7,2,1440,1,2,9,1.0,3.0,69259,M,4573008.0,486011.0,69
201800048377,18,7,2,1745,1,2,2,1.0,3.0,69388,M,4574339.0,487424.0,69
201800048378,18,7,2,1517,1,2,3,1.0,3.0,69383,M,4575622.0,484976.0,69
201800048379,18,7,3,850,1,2,1,1.0,3.0,69387,M,4572860.0,483200.0,69
201800048380,18,7,3,1000,1,2,1,1.0,2.0,69387,M,4574563.0,483632.0,69
201800048381,18,7,4,1158,1,2,2,1.0,3.0,69383,M,4575044.0,489449.0,69
201800048382,18,7,4,1730,1,2,6,1.0,3.0,69276,M,4568535.0,486096.0,69
201800048383,18,7,4,2150,5,2,2,2.0,3.0,69388,M,4573115.0,486607.0,69
201800048384,18,7,5,825,1,2,3,1.0,7.0,69388,M,4573801.0,485077.0,69
201800048385,18,7,5,1400,1,2,1,1.0,2.0,69387,M,4574488.0,484304.0,69
201800048386,18,7,5,1425,1,2,2,1.0,3.0,69276,M,4568304.0,486141.0,69
201800048387,18,7,5,2130,5,2,4,2.0,3.0,69388,M,4573000.0,485000.0,69
201800048388,18,7,6,1000,1,2,1,1.0,3.0,69386,M,4576589.0,486181.0,69
201800048389,18,7,8,323,5,2,1,1.0,3.0,69386,M,4577130.0,485558.0,69
201800048390,18,7,8,2255,5,2,2,1.0,1.0,69388,M,4574350.0,487695.0,69
201800048391,18,7,9,1300,1,2,2,1.0,3.0,69259,M,4569390.0,487530.0,69
201800048392,18,7,10,1145,1,2,9,1.0,6.0,69387,M,4573330.0,483470.0,69
201800048393,18,7,10,1250,1,2,1,1.0,6.0,69388,M,4572805.0,486844.0,69
201800048394,18,7,7,155,5,2,1,1.0,3.0,69383,M,4576364.0,485525.0,69
201800048395,18,7,10,1655,1,2,1,1.0,6.0,69387,M,4572665.0,483021.0,69
201800048396,18,7,10,1840,1,2,1,1.0,6.0,69387,M,4572809.0,482361.0,69
201800048397,18,7,11,40,5,2,1,1.0,6.0,69259,M,4571840.0,485931.0,69
201800048398,18,7,11,1510,1,2,1,1.0,1.0,69388,M,4573008.0,486693.0,69
201800048399,18,7,12,540,1,2,9,1.0,6.0,69259,M,4569204.0,486523.0,69
201800048400,18,7,12,955,1,2,3,1.0,6.0,69259,M,4569672.0,487045.0,69
201800048401,18,7,12,1100,1,2,1,1.0,6.0,69259,M,4572141.0,486797.0,69
201800048402,18,7,12,1605,1,2,3,1.0,6.0,69386,M,4577251.0,484294.0,69
201800048403,18,7,12,2330,5,2,2,1.0,3.0,69276,M,4568306.0,486143.0,69
201800048404,18,7,13,1830,1,2,2,1.0,3.0,69386,M,4576904.0,486049.0,69
201800048405,18,7,13,2155,2,2,1,1.0,6.0,69387,M,4575077.0,484346.0,69
201800048406,18,7,13,2240,5,2,2,1.0,3.0,69387,M,4573817.0,483763.0,69
201800048407,18,7,14,1200,1,2,3,1.0,6.0,69387,M,4573290.0,483900.0,69
201800048408,18,7,14,1830,1,2,2,3.0,6.0,69387,M,4573902.0,483077.0,69
201800048409,18,7,14,1905,1,2,1,2.0,3.0,69199,M,4571114.0,485510.0,69
201800048410,18,7,14,1945,1,2,1,3.0,2.0,69387,M,4573114.0,482398.0,69
201800048411,18,7,15,1250,1,1,1,1.0,3.0,69276,M,4567441.0,484865.0,69
201800048412,18,7,15,2220,5,2,3,1.0,6.0,69387,M,4574986.0,485497.0,69
201800048413,18,7,16,105,5,2,1,1.0,6.0,69388,M,4573846.0,486262.0,69
201800048414,18,7,16,1440,1,2,2,1.0,5.0,69259,M,4571438.0,487944.0,69
201800048415,18,7,17,2200,5,2,2,1.0,3.0,69386,M,4577187.0,484848.0,69
201800048416,18,7,19,1600,1,2,1,1.0,3.0,69383,M,4575127.0,485492.0,69
201800048417,18,7,21,925,1,2,2,1.0,1.0,69387,M,4573076.0,483554.0,69
201800048418,18,7,21,2320,5,2,2,1.0,3.0,69386,M,4577186.0,484849.0,69
201800048419,18,7,22,626,1,2,1,1.0,6.0,69387,M,4574806.0,484410.0,69
201800048420,18,7,22,1945,1,2,1,1.0,3.0,69386,M,4578601.0,485676.0,69
201800048421,18,7,23,750,1,2,1,1.0,6.0,69383,M,4574850.0,487905.0,69
201800048422,18,7,23,810,1,2,1,1.0,6.0,69388,M,4572587.0,486665.0,69
201800048423,18,7,23,1100,1,2,1,1.0,6.0,69386,M,4576982.0,485589.0,69
201800048424,18,7,23,2140,2,2,1,1.0,2.0,69259,M,4571991.0,488706.0,69
201800048425,18,7,25,2335,5,2,1,1.0,3.0,69383,M,4575257.0,486807.0,69
201800048426,18,7,26,1040,1,2,1,1.0,6.0,69386,M,4577118.0,485933.0,69
201800048427,18,7,26,1350,1,2,1,1.0,2.0,69259,M,4571546.0,488126.0,69
201800048428,18,7,26,1505,1,2,2,1.0,3.0,69383,M,4575615.0,485579.0,69
201800048429,18,7,18,2100,2,2,2,1.0,2.0,69383,M,4576205.0,485148.0,69
201800048430,18,7,26,1215,1,2,2,1.0,3.0,69388,M,4573806.0,488452.0,69
201800048431,18,7,27,510,5,1,1,1.0,5.0,69259,M,4571828.0,487100.0,69
201800048432,18,7,27,1020,1,2,1,1.0,7.0,69388,M,4574406.0,485212.0,69
201800048433,18,7,26,2000,1,2,1,1.0,6.0,69259,M,4571651.0,485512.0,69
201800048434,18,7,27,2200,5,2,2,1.0,1.0,69383,M,4575390.0,486169.0,69
201800048435,18,7,28,645,1,2,1,1.0,6.0,69259,M,4571327.0,487410.0,69
201800048436,18,7,28,2030,1,2,1,1.0,6.0,69388,M,4573407.0,487673.0,69
201800048437,18,7,29,730,1,2,2,1.0,3.0,69387,M,4574772.0,483344.0,69
201800048438,18,7,29,1425,1,2,3,1.0,3.0,69387,M,4574908.0,483613.0,69
201800048439,18,7,27,2017,1,2,2,1.0,3.0,69383,M,4575615.0,485579.0,69
201800048440,18,7,31,840,1,2,2,1.0,6.0,69386,M,4576369.0,485809.0,69
201800048441,18,7,31,1050,1,2,1,1.0,6.0,69383,M,4575353.0,484905.0,69
201800048442,18,7,31,1000,1,1,1,1.0,2.0,69387,M,4572042.0,482299.0,69
201800048443,18,8,1,2050,1,2,1,1.0,3.0,69383,M,4575159.0,485361.0,69
201800048444,18,8,3,800,1,2,1,1.0,2.0,69259,M,4570067.0,485628.0,69
201800048445,18,8,3,1200,1,2,2,1.0,3.0,69386,M,4576632.0,486179.0,69
201800048446,18,8,3,1725,1,2,1,1.0,3.0,69387,M,4573550.0,482370.0,69
201800048447,18,8,3,2200,5,2,2,1.0,3.0,69387,M,4573144.0,483351.0,69
201800048448,18,8,3,1900,1,2,9,1.0,7.0,69199,M,4570530.0,485290.0,69
201800048449,18,8,5,1545,1,2,2,1.0,3.0,69386,M,4576520.0,486795.0,69
201800048450,18,8,5,1750,1,2,1,1.0,7.0,69386,M,4577060.0,484090.0,69
201800048451,18,8,5,1900,1,2,3,1.0,3.0,69386,M,4576921.0,484103.0,69
201800048452,18,8,7,1600,1,2,1,1.0,4.0,69387,M,4573146.0,483191.0,69
201800048453,18,8,9,655,2,2,2,1.0,3.0,69383,M,4575617.0,485740.0,69
201800048454,18,8,8,1600,1,2,1,1.0,4.0,69386,M,4577225.0,485206.0,69
201800048455,18,8,10,900,1,2,3,1.0,3.0,69259,M,4572665.0,485975.0,69
201800048456,18,8,10,1930,1,2,1,1.0,6.0,69388,M,4572802.0,486880.0,69
201800048457,18,8,11,2100,2,2,3,1.0,3.0,69387,M,4575005.0,483905.0,69
201800048458,18,8,12,50,5,2,2,1.0,3.0,69383,M,4575631.0,484659.0,69
201800048459,18,8,13,1730,1,2,7,2.0,1.0,69383,M,4575609.0,487748.0,69
201800048460,18,8,14,1845,1,2,1,1.0,6.0,69259,M,4569383.0,487521.0,69
201800048461,18,8,14,2135,5,2,6,1.0,3.0,69383,M,4574300.0,487800.0,69
201800048462,18,8,14,2315,5,2,2,1.0,3.0,69386,M,4577017.0,485959.0,69
201800048463,18,8,16,440,5,2,3,1.0,6.0,69259,M,4569935.0,486656.0,69
201800048464,18,8,16,2230,5,2,2,1.0,3.0,69383,M,4575906.0,486177.0,69
201800048465,18,8,17,345,5,2,1,1.0,6.0,69383,M,4576066.0,485215.0,69
201800048466,18,8,4,2150,5,2,1,1.0,3.0,69383,M,4575274.0,485039.0,69
201800048467,18,8,19,1435,1,2,1,1.0,2.0,69383,M,4575704.0,485634.0,69
201800048468,18,8,19,1715,1,2,1,1.0,6.0,69388,M,4573043.0,487498.0,69
201800048469,18,8,20,1810,1,2,2,1.0,3.0,69386,M,4576817.0,486318.0,69
201800048470,18,8,20,1810,1,2,2,1.0,3.0,69383,M,4575167.0,489493.0,69
201800048471,18,8,20,2015,2,2,1,1.0,3.0,69383,M,4575140.0,485461.0,69
201800048472,18,8,21,2025,2,2,1,1.0,6.0,69199,M,4569465.0,485465.0,69
201800048473,18,8,22,900,1,2,2,1.0,3.0,69387,M,4575039.0,484488.0,69
201800048474,18,8,2,545,5,2,1,1.0,3.0,69388,M,4573500.0,486341.0,69
201800048475,18,8,23,1130,1,2,1,1.0,2.0,69259,M,4571307.0,489857.0,69
201800048476,18,8,24,930,1,2,2,1.0,3.0,69259,M,4570376.0,488000.0,69
201800048477,18,8,26,1810,1,2,3,1.0,3.0,69388,M,4573328.0,486434.0,69
201800048478,18,8,26,2100,5,2,2,1.0,3.0,69387,M,4574692.0,483685.0,69
201800048479,18,8,27,1105,1,2,1,1.0,2.0,69386,M,4576685.0,484149.0,69
201800048480,18,8,27,1745,1,2,1,1.0,6.0,69383,M,4576154.0,485775.0,69
201800048481,18,8,28,2330,5,2,4,1.0,3.0,69276,M,4567250.0,484845.0,69
201800048482,18,8,29,1245,1,2,1,1.0,3.0,69383,M,4576268.0,484510.0,69
201800048483,18,8,31,1410,1,2,1,1.0,3.0,69388,M,4574282.0,487516.0,69
201800048484,18,8,31,1541,1,2,1,1.0,2.0,69199,M,4571130.0,485521.0,69
201800048485,18,9,1,20,5,2,2,1.0,3.0,69386,M,4576989.0,485710.0,69
201800048486,18,9,1,1030,1,2,2,1.0,3.0,69259,M,4569703.0,488786.0,69
201800048487,18,9,1,1520,1,2,1,1.0,3.0,69387,M,4574922.0,484190.0,69
201800048488,18,9,1,1920,1,2,1,1.0,2.0,69383,M,4574861.0,488173.0,69
201800048489,18,9,1,2020,2,2,4,1.0,1.0,69259,M,4572454.0,489111.0,69
201800048490,18,9,2,1950,1,2,1,1.0,6.0,69383,M,4575876.0,486681.0,69
201800048491,18,8,28,1330,1,2,1,1.0,2.0,69387,M,4573566.0,483638.0,69
201800048492,18,9,3,1240,1,2,2,1.0,6.0,69386,M,4576512.0,485320.0,69
201800048493,18,9,3,1640,1,2,1,1.0,7.0,69383,M,4575784.0,484256.0,69
201800048494,18,9,4,940,1,2,1,1.0,6.0,69386,M,4576798.0,484404.0,69
201800048495,18,9,4,1215,1,2,2,1.0,1.0,69383,M,4574174.0,488825.0,69
201800048496,18,9,5,840,1,2,2,1.0,3.0,69386,M,4576754.0,485273.0,69
201800048497,18,9,6,645,2,2,1,1.0,3.0,69388,M,4573551.0,488835.0,69
201800048498,18,9,6,1120,1,2,3,1.0,6.0,69388,M,4573727.0,488408.0,69
201800048499,18,9,6,1012,1,2,2,2.0,3.0,69386,M,4576517.0,486482.0,69
201800048500,18,9,6,1330,1,2,2,2.0,3.0,69383,M,4575651.0,484734.0,69
201800048501,18,9,6,2035,5,2,1,8.0,6.0,69199,M,4570803.0,485956.0,69
201800048502,18,9,6,2100,5,2,1,2.0,2.0,69388,M,4574167.0,487140.0,69
201800048503,18,9,7,818,1,2,1,1.0,3.0,69383,M,4575444.0,486572.0,69
201800048504,18,9,7,1000,1,2,1,1.0,3.0,69383,M,4575426.0,486682.0,69
201800048505,18,9,7,1513,1,2,9,1.0,2.0,69259,M,4570872.0,487618.0,69
201800048506,18,9,7,1825,1,2,1,1.0,6.0,69386,M,4576811.0,484629.0,69
201800048507,18,9,8,2350,5,2,1,1.0,6.0,69259,M,4570970.0,490048.0,69
201800048508,18,9,9,1510,1,2,1,1.0,1.0,69383,M,4575935.0,486774.0,69
201800048509,18,9,10,1225,1,2,1,1.0,6.0,69259,M,4569971.0,488750.0,69
201800048510,18,9,11,1610,1,2,1,1.0,6.0,69388,M,4572928.0,485107.0,69
201800048511,18,9,11,1600,1,2,2,1.0,3.0,69388,M,4574392.0,486320.0,69
201800048512,18,9,12,1520,1,2,2,1.0,3.0,69386,M,4577185.0,484847.0,69
201800048513,18,9,3,830,1,2,1,1.0,6.0,69259,M,4569980.0,488800.0,69
201800048514,18,9,13,1615,1,2,2,1.0,6.0,69387,M,4575078.0,483941.0,69
201800048515,18,9,14,250,5,2,2,1.0,3.0,69386,M,4576521.0,486882.0,69
201800048516,18,9,14,820,1,2,1,8.0,6.0,69386,M,4576363.0,486085.0,69
201800048517,18,9,13,1555,1,2,7,1.0,6.0,69383,M,4575376.0,484787.0,69
201800048518,18,9,14,2325,5,2,3,1.0,3.0,69387,M,4573739.0,483738.0,69
201800048519,18,9,15,1430,1,2,1,1.0,6.0,69383,M,4576230.0,484088.0,69
201800048520,18,9,15,1720,1,2,9,1.0,5.0,69276,M,4567236.0,484863.0,69
201800048521,18,9,15,2030,5,2,1,1.0,3.0,69387,M,4573556.0,483352.0,69
201800048522,18,9,16,500,5,2,2,1.0,3.0,69387,M,4574764.0,483732.0,69
201800048523,18,9,17,555,5,2,3,1.0,3.0,69386,M,4577739.0,485951.0,69
201800048524,18,9,18,1000,1,2,2,1.0,3.0,69383,M,4575457.0,485176.0,69
201800048525,18,9,18,1800,1,2,2,1.0,6.0,69387,M,4574888.0,484146.0,69
201800048526,18,9,18,1930,2,2,2,1.0,3.0,69383,M,4574669.0,486831.0,69
201800048527,18,9,18,2230,5,1,3,1.0,3.0,69386,M,4577010.0,485041.0,69
201800048528,18,9,19,1025,1,2,1,1.0,6.0,69259,M,4569700.0,488580.0,69
201800048529,18,9,19,1350,1,2,2,1.0,6.0,69386,M,4577025.0,486150.0,69
201800048530,18,9,19,1620,1,2,9,1.0,3.0,69388,M,4572947.0,486732.0,69
201800048531,18,9,19,2240,5,2,1,1.0,1.0,69383,M,4575266.0,487687.0,69
201800048532,18,9,20,1700,1,2,9,1.0,1.0,69387,M,4575214.0,484716.0,69
201800048533,18,9,20,1730,1,2,2,1.0,3.0,69387,M,4574473.0,483094.0,69
201800048534,18,9,20,1830,1,2,1,1.0,3.0,69388,M,4573363.0,487706.0,69
201800048535,18,9,21,930,1,2,2,1.0,3.0,69259,M,4572438.0,487136.0,69
201800048536,18,9,21,1840,1,2,2,8.0,3.0,69259,M,4569421.0,487006.0,69
201800048537,18,9,21,2115,5,2,1,2.0,7.0,69387,M,4573796.0,483768.0,69
201800048538,18,9,21,2047,5,2,2,2.0,3.0,69386,M,4576385.0,486189.0,69
201800048539,18,9,22,1220,1,2,9,1.0,3.0,69259,M,4571723.0,487679.0,69
201800048540,18,9,22,1645,1,2,2,1.0,3.0,69387,M,4574576.0,484792.0,69
201800048541,18,9,22,1930,2,2,1,1.0,2.0,69388,M,4574417.0,487053.0,69
201800048542,18,9,24,936,1,2,1,1.0,2.0,69383,M,4575514.0,484352.0,69