Num_Acc,an,mois,jour,hrmn,lum,agg,int,atm,col,com,gps,lat,long,dep
201800048543,18,9,24,1030,1,2,1,1.0,2.0,69383,M,4575857.0,484602.0,69
201800048544,18,9,24,1820,1,2,6,1.0,3.0,69259,M,4569030.0,486776.0,69
201800048545,18,9,24,1930,5,2,1,1.0,6.0,69383,M,4575275.0,486962.0,69
201800048546,18,9,25,848,1,2,2,1.0,3.0,69259,M,4569527.0,488020.0,69
201800048547,18,9,24,1835,1,2,1,1.0,6.0,69383,M,4574836.0,487544.0,69
201800048548,18,9,25,1630,1,2,2,1.0,3.0,69386,M,4575652.0,484736.0,69
201800048549,18,9,25,2205,5,2,2,1.0,3.0,69388,M,4572839.0,488150.0,69
201800048550,18,9,21,1906,1,2,2,1.0,3.0,69386,M,4576817.0,485889.0,69
201800048551,18,9,26,1048,1,2,2,1.0,3.0,69383,M,4575451.0,486649.0,69
201800048552,18,9,27,930,1,2,1,1.0,6.0,69388,M,4572915.0,486667.0,69
201800048553,18,9,27,1110,1,2,2,1.0,6.0,69383,M,4576177.0,484862.0,69
201800048554,18,9,27,1430,1,2,2,1.0,3.0,69383,M,4575407.0,485740.0,69
201800048555,18,9,27,1415,1,1,1,1.0,3.0,69199,M,4567953.0,484620.0,69
201800048556,18,9,27,1455,1,2,1,1.0,3.0,69387,M,4574695.0,484580.0,69
201800048557,18,9,27,1445,1,2,1,1.0,3.0,69383,M,4575496.0,487837.0,69
201800048558,18,9,28,805,1,2,1,1.0,6.0,69259,M,4570498.0,488759.0,69
201800048559,18,9,25,1315,1,2,1,1.0,3.0,69383,M,4576000.0,486000.0,69
201800048560,18,9,28,1200,1,2,2,1.0,3.0,69387,M,4575209.0,484663.0,69
201800048561,18,9,28,1300,1,2,1,1.0,5.0,69383,M,4576363.0,485551.0,69
201800048562,18,9,28,1310,1,2,1,1.0,6.0,69388,M,4573123.0,486158.0,69
201800048563,18,9,29,1130,1,1,6,1.0,1.0,69276,M,4567882.0,485048.0,69
201800048564,18,9,29,1420,1,2,2,1.0,1.0,69383,M,4575394.0,486161.0,69
201800048565,18,9,29,1840,1,2,9,1.0,3.0,69276,M,4567436.0,484851.0,69
201800048566,18,10,1,430,5,2,1,1.0,7.0,69387,M,4572270.0,484220.0,69
201800048567,18,10,1,1600,1,2,2,2.0,3.0,69388,M,4574695.0,486519.0,69
201800048568,18,10,1,1545,1,2,2,8.0,3.0,69383,M,4574636.0,486892.0,69
201800048569,18,10,1,1830,2,2,2,2.0,3.0,69386,M,4576947.0,484371.0,69
201800048570,18,10,2,1200,1,2,1,1.0,2.0,69387,M,4573558.0,483603.0,69
201800048571,18,10,2,1735,1,2,9,1.0,3.0,69383,M,4575542.0,485913.0,69
201800048572,18,10,2,1130,1,2,2,1.0,3.0,69386,M,4576977.0,485520.0,69
201800048573,18,10,3,1746,1,2,1,1.0,6.0,69388,M,4572954.0,487605.0,69
201800048574,18,10,3,1745,1,2,3,1.0,3.0,69383,M,4576207.0,484859.0,69
201800048575,18,9,29,2327,5,2,1,1.0,7.0,69276,M,4566789.0,485924.0,69
201800048576,18,10,4,1630,1,2,1,1.0,6.0,69383,M,4575806.0,484082.0,69
201800048577,18,10,4,1940,5,2,9,1.0,6.0,69386,M,4577000.0,484000.0,69
201800048578,18,10,5,1458,1,2,1,1.0,6.0,69259,M,4569722.0,488769.0,69
201800048579,18,10,5,1745,1,2,2,1.0,1.0,69387,M,4574247.0,484007.0,69
201800048580,18,10,5,1840,1,2,3,1.0,5.0,69388,M,4574695.0,485642.0,69
201800048581,18,10,6,1640,1,2,2,1.0,5.0,69259,M,4570263.0,488772.0,69
201800048582,18,10,6,1630,1,2,2,1.0,3.0,69387,M,4574247.0,485066.0,69
201800048583,18,10,7,1810,1,2,1,2.0,6.0,69388,M,4573894.0,488333.0,69
201800048584,18,10,7,345,5,2,2,2.0,3.0,69383,M,4575391.0,484695.0,69
201800048585,18,10,9,1015,1,2,1,8.0,6.0,69388,M,4574014.0,488173.0,69
201800048586,18,10,9,1205,1,2,2,1.0,6.0,69386,M,4576770.0,485459.0,69
201800048587,18,10,9,1445,1,2,2,1.0,6.0,69387,M,4572618.0,483780.0,69
201800048588,18,10,9,1835,2,2,1,1.0,6.0,69383,M,4575584.0,487102.0,69
201800048589,18,10,10,650,5,2,3,2.0,1.0,69387,M,4572934.0,484586.0,69
201800048590,18,10,9,1250,1,2,1,1.0,3.0,69387,M,4574749.0,484479.0,69
201800048591,18,10,10,1510,1,2,2,8.0,3.0,69383,M,4575483.0,485433.0,69
201800048592,18,10,10,2205,5,2,2,3.0,3.0,69383,M,4576181.0,484650.0,69
201800048593,18,10,4,1520,1,2,1,1.0,6.0,69387,M,4572980.0,484007.0,69
201800048594,18,10,12,1145,1,2,1,1.0,6.0,69259,M,4570810.0,488690.0,69
201800048595,18,10,13,440,5,2,1,1.0,6.0,69383,M,4576355.0,483965.0,69
201800048596,18,10,13,820,1,2,9,1.0,6.0,69259,M,4569838.0,488458.0,69
201800048597,18,10,13,1225,1,2,5,1.0,3.0,69388,M,4572244.0,488487.0,69
201800048598,18,10,13,1849,2,2,1,1.0,6.0,69259,M,4570910.0,488241.0,69
201800048599,18,10,13,2130,5,2,1,1.0,6.0,69199,M,4571356.0,485254.0,69
201800048600,18,10,14,257,5,2,2,1.0,1.0,69383,M,4575393.0,486156.0,69
201800048601,18,10,14,1640,1,2,2,1.0,3.0,69259,M,4569682.0,488773.0,69
201800048602,18,10,15,105,5,2,2,1.0,3.0,69387,M,4575318.0,484904.0,69
201800048603,18,10,15,815,1,2,1,1.0,2.0,69388,M,4573454.0,485454.0,69
201800048604,18,10,15,815,1,2,3,1.0,3.0,69386,M,4577529.0,486001.0,69
201800048605,18,10,15,1640,1,2,9,1.0,6.0,69383,M,4575275.0,487697.0,69
201800048606,18,10,16,732,2,2,1,1.0,3.0,69388,M,4573291.0,488066.0,69
201800048607,18,10,16,945,1,2,1,1.0,3.0,69387,M,4574651.0,485016.0,69
201800048608,18,10,16,1255,1,2,9,1.0,6.0,69386,M,4576516.0,485364.0,69
201800048609,18,10,17,956,1,2,7,1.0,1.0,69383,M,4575338.0,489158.0,69
201800048610,18,10,17,1610,1,2,1,1.0,5.0,69383,M,4575694.0,486420.0,69
201800048611,18,10,17,1650,1,2,2,1.0,6.0,69383,M,4574563.0,487156.0,69
201800048612,18,10,17,1520,1,2,1,1.0,6.0,69388,M,4573277.0,486508.0,69
201800048613,18,10,17,1840,1,2,1,1.0,3.0,69388,M,4572997.0,486696.0,69
201800048614,18,10,17,1410,1,2,2,1.0,3.0,69388,M,4573592.0,488308.0,69
201800048615,18,10,18,1300,1,2,9,1.0,3.0,69259,M,4571958.0,487498.0,69
201800048616,18,10,18,1635,1,2,2,1.0,3.0,69383,M,4576367.0,485154.0,69
201800048617,18,10,18,1805,1,2,2,1.0,3.0,69259,M,4569511.0,487360.0,69
201800048618,18,10,18,2130,5,2,2,1.0,3.0,69387,M,4575139.0,485344.0,69
201800048619,18,10,19,355,5,2,1,1.0,6.0,69387,M,4574346.0,484733.0,69
201800048620,18,10,19,725,2,2,1,1.0,6.0,69386,M,4577267.0,485811.0,69
201800048621,18,10,19,1045,1,2,2,1.0,6.0,69386,M,4576916.0,485053.0,69
201800048622,18,10,19,1420,1,2,1,1.0,2.0,69387,M,4574721.0,485096.0,69
201800048623,18,10,19,1700,1,2,1,1.0,6.0,69383,M,4575700.0,485828.0,69
201800048624,18,10,20,220,5,2,1,1.0,2.0,69388,M,4573267.0,486543.0,69
201800048625,18,10,20,430,5,2,3,1.0,3.0,69199,M,4571208.0,485714.0,69
201800048626,18,10,20,335,5,2,1,1.0,6.0,69199,M,4571199.0,485259.0,69
201800048627,18,10,19,2035,5,2,1,1.0,7.0,69388,M,4574083.0,488683.0,69
201800048628,18,10,20,1600,1,2,1,1.0,6.0,69386,M,4576000.0,484000.0,69
201800048629,18,10,15,1930,5,2,4,1.0,7.0,69387,M,4574573.0,484822.0,69
201800048630,18,10,21,910,1,2,2,1.0,3.0,69386,M,4576627.0,486172.0,69
201800048631,18,10,22,1015,1,2,2,1.0,5.0,69388,M,4573022.0,486332.0,69
201800048632,18,10,22,1030,1,2,3,1.0,3.0,69388,M,4573976.0,488506.0,69
201800048633,18,9,13,1750,1,2,2,1.0,6.0,69388,M,4573126.0,485973.0,69
201800048634,18,10,23,740,2,2,2,1.0,6.0,69388,M,4573184.0,485353.0,69
201800048635,18,10,23,1845,2,2,2,1.0,3.0,69383,M,4576202.0,486385.0,69
201800048636,18,10,24,905,1,2,1,1.0,6.0,69383,M,4575490.0,487810.0,69
201800048637,18,10,22,1700,1,2,1,1.0,3.0,69386,M,4576800.0,485919.0,69
201800048638,18,10,24,915,1,2,1,1.0,3.0,69259,M,4571500.0,487800.0,69
201800048639,18,10,24,1125,1,2,2,1.0,3.0,69383,M,4576203.0,486291.0,69
201800048640,18,10,24,1510,1,2,1,1.0,2.0,69388,M,4572799.0,486883.0,69
201800048641,18,10,24,2200,5,2,3,1.0,3.0,69259,M,4571138.0,488166.0,69
201800048642,18,10,25,1450,1,2,1,1.0,1.0,69259,M,4568839.0,487317.0,69
201800048643,18,10,26,1115,1,2,4,1.0,3.0,69386,M,4577323.0,485163.0,69
201800048644,18,10,26,2240,5,1,1,1.0,3.0,69199,M,4571710.0,484230.0,69
201800048645,18,10,27,1340,1,2,9,2.0,6.0,69199,M,4568096.0,484618.0,69
201800048646,18,10,27,1850,5,2,2,2.0,3.0,69386,M,4576454.0,484688.0,69
201800048647,18,10,28,115,5,2,2,1.0,6.0,69383,M,4575717.0,484119.0,69
201800048648,18,10,29,710,2,2,1,3.0,6.0,69383,M,4574911.0,487730.0,69
201800048649,18,10,29,830,1,2,2,3.0,3.0,69386,M,4577030.0,485992.0,69
201800048650,18,10,24,1230,1,2,3,1.0,6.0,69387,M,4575114.0,484527.0,69
201800048651,18,10,29,1900,5,2,1,2.0,6.0,69259,M,4572777.0,485583.0,69
201800048652,18,10,29,1700,5,2,9,2.0,6.0,69387,M,4574746.0,484625.0,69
201800048653,18,10,31,1,5,2,3,1.0,7.0,69383,M,4574707.0,486715.0,69
201800048654,18,10,31,830,1,2,1,1.0,2.0,69388,M,4572730.0,485380.0,69
201800048655,18,10,31,1445,1,2,2,1.0,3.0,69386,M,4576933.0,485038.0,69
201800048656,18,11,1,250,5,2,1,2.0,2.0,69387,M,4574416.0,484505.0,69
201800048657,18,11,1,913,1,2,3,2.0,3.0,69259,M,4569000.0,487000.0,69
201800048658,18,11,2,215,5,2,6,2.0,3.0,69276,M,4568670.0,486126.0,69
201800048659,18,10,27,1810,1,2,2,1.0,6.0,69383,M,4576049.0,485208.0,69
201800048660,18,11,2,1210,1,2,1,1.0,1.0,69386,M,4576413.0,484176.0,69
201800048661,18,11,2,1220,1,2,2,1.0,3.0,69388,M,4573499.0,488216.0,69
201800048662,18,11,3,2130,5,2,1,1.0,5.0,69259,M,4570638.0,487805.0,69
201800048663,18,11,5,1250,1,1,6,1.0,1.0,69276,M,4567000.0,485000.0,69
201800048664,18,11,5,1555,1,2,1,1.0,1.0,69386,M,4576974.0,485746.0,69
201800048665,18,11,6,1210,1,2,9,2.0,3.0,69199,M,4571058.0,485713.0,69
201800048666,18,11,6,1440,1,2,1,2.0,4.0,69259,M,4571851.0,485456.0,69
201800048667,18,11,7,1356,1,2,2,1.0,2.0,69259,M,4570333.0,488805.0,69
201800048668,18,11,6,1630,1,2,2,1.0,2.0,69388,M,4573556.0,485659.0,69
201800048669,18,11,8,1850,5,2,1,1.0,3.0,69387,M,4574560.0,483201.0,69
201800048670,18,11,9,735,2,2,1,2.0,6.0,69387,M,4575104.0,484512.0,69
201800048671,18,11,9,810,2,2,1,2.0,2.0,69259,M,4570880.0,486979.0,69
201800048672,18,11,9,1320,1,2,2,1.0,6.0,69383,M,4575650.0,484734.0,69
201800048673,18,11,9,2040,4,2,7,1.0,6.0,69383,M,4574322.0,487864.0,69
201800048674,18,11,10,1010,1,2,6,2.0,3.0,69259,M,4570239.0,488501.0,69
201800048675,18,11,9,1150,1,2,2,1.0,5.0,69388,M,4573331.0,487394.0,69
201800048676,18,11,11,105,5,2,2,6.0,3.0,69386,M,4575842.0,484929.0,69
201800048677,18,11,11,915,1,2,2,8.0,4.0,69383,M,4574700.0,486716.0,69
201800048678,18,11,11,1630,1,2,1,6.0,6.0,69259,M,4570147.0,488147.0,69
201800048679,18,11,11,2100,5,2,3,1.0,6.0,69386,M,4577652.0,484382.0,69
201800048680,18,11,12,1805,2,2,1,1.0,3.0,69383,M,4575925.0,486745.0,69
201800048681,18,11,14,45,5,2,2,1.0,3.0,69386,M,4576696.0,484642.0,69
201800048682,18,11,14,1805,5,1,1,1.0,2.0,69259,M,4571988.0,487964.0,69
201800048683,18,11,14,2250,5,2,1,1.0,6.0,69383,M,4574528.0,487210.0,69
201800048684,18,11,15,2020,5,2,1,1.0,7.0,69387,M,4574273.0,485004.0,69
201800048685,18,11,16,245,3,2,2,1.0,6.0,69199,M,4571166.0,484277.0,69
201800048686,18,11,16,2200,5,2,2,2.0,3.0,69259,M,4571755.0,489152.0,69
201800048687,18,11,19,830,1,2,1,2.0,3.0,69388,M,4574293.0,486973.0,69
201800048688,18,11,19,825,1,2,1,2.0,1.0,69388,M,4574293.0,486973.0,69
201800048689,18,11,19,735,1,2,2,8.0,3.0,69383,M,4575396.0,486178.0,69
201800048690,18,11,19,920,1,2,2,1.0,3.0,69387,M,4572664.0,482691.0,69
201800048691,18,11,19,1730,2,2,2,1.0,2.0,69387,M,4574697.0,484394.0,69
201800048692,18,11,19,1725,5,2,9,1.0,2.0,69259,M,4571279.0,487633.0,69
201800048693,18,11,20,1035,1,2,3,1.0,6.0,69199,M,4570797.0,485894.0,69
201800048694,18,11,20,1220,1,2,1,8.0,6.0,69383,M,4575910.0,486148.0,69
201800048695,18,11,20,2200,5,2,1,3.0,6.0,69386,M,4578614.0,485749.0,69
201800048696,18,11,20,2040,5,2,2,3.0,3.0,69387,M,4572320.0,482870.0,69
201800048697,18,11,21,1350,1,2,3,5.0,2.0,69383,M,4574968.0,487352.0,69
201800048698,18,11,22,1420,1,2,2,1.0,3.0,69386,M,4577670.0,484400.0,69
201800048699,18,11,22,2115,5,2,2,1.0,6.0,69383,M,4576204.0,486302.0,69
201800048700,18,11,22,2100,5,2,2,1.0,3.0,69383,M,4576354.0,486251.0,69
201800048701,18,11,23,1022,1,2,1,2.0,6.0,69386,M,4576714.0,484444.0,69
201800048702,18,11,23,1745,5,2,2,3.0,3.0,69387,M,4575239.0,484433.0,69
201800048703,18,11,23,1850,5,2,1,3.0,6.0,69383,M,4575342.0,481616.0,69
201800048704,18,11,23,2210,5,2,1,2.0,6.0,69276,M,4567333.0,486027.0,69
201800048705,18,11,24,1940,5,2,1,1.0,6.0,69383,M,4575115.0,487624.0,69
201800048706,18,11,25,1100,1,2,2,1.0,3.0,69388,M,4573709.0,485030.0,69
201800048707,18,11,25,2100,5,2,3,1.0,6.0,69388,M,4572754.0,488382.0,69
201800048708,18,11,23,1950,5,2,2,3.0,1.0,69387,M,4573050.0,483002.0,69
201800048709,18,11,26,900,1,2,1,8.0,6.0,69387,M,4573700.0,483848.0,69
201800048710,18,11,26,1400,1,2,1,1.0,2.0,69388,M,4574261.0,485742.0,69
201800048711,18,11,26,1705,5,2,1,2.0,3.0,69387,M,4574625.0,484987.0,69
201800048712,18,11,27,740,2,2,1,2.0,6.0,69259,M,4569690.0,488590.0,69
201800048713,18,11,27,745,1,1,1,2.0,3.0,69199,M,4570304.0,484417.0,69
201800048714,18,11,27,850,2,2,3,2.0,3.0,69386,M,4577227.0,484119.0,69
201800048715,18,11,28,1700,1,2,9,1.0,3.0,69259,M,4570048.0,488753.0,69
201800048716,18,11,28,1820,5,2,1,1.0,1.0,69383,M,4575873.0,485219.0,69
201800048717,18,11,28,1915,5,2,1,1.0,1.0,69388,M,4574237.0,485832.0,69
201800048718,18,11,28,1235,1,2,4,1.0,3.0,69387,M,4574505.0,484866.0,69
201800048719,18,11,29,945,1,2,2,1.0,1.0,69383,M,4575390.0,486150.0,69
201800048720,18,11,29,1210,1,1,1,1.0,6.0,69383,M,4576074.0,484105.0,69
201800048721,18,11,29,1520,1,2,2,1.0,5.0,69383,M,4575451.0,486655.0,69
201800048722,18,11,29,2100,5,2,2,1.0,3.0,69387,M,4574663.0,483442.0,69
201800048723,18,11,29,2220,5,2,3,1.0,2.0,69386,M,4576867.0,484111.0,69
201800048724,18,12,1,140,5,2,1,2.0,7.0,69383,M,4575398.0,486162.0,69
201800048725,18,12,1,540,5,2,1,1.0,6.0,69259,M,4571220.0,487450.0,69
201800048726,18,12,1,1210,1,2,9,1.0,3.0,69259,M,4572416.0,487166.0,69
201800048727,18,11,30,2045,5,2,1,2.0,6.0,69388,M,4574583.0,485922.0,69
201800048728,18,12,1,2150,5,2,3,1.0,3.0,69388,M,4574287.0,487798.0,69
201800048729,18,12,3,1255,1,2,3,1.0,1.0,69259,M,4570311.0,488745.0,69
201800048730,18,12,3,1245,1,2,1,8.0,2.0,69388,M,4574235.0,485821.0,69
201800048731,18,12,1,2030,5,2,2,2.0,7.0,69388,M,4574226.0,487758.0,69
201800048732,18,11,28,840,1,2,1,8.0,7.0,69259,M,4571783.0,485451.0,69
201800048733,18,12,5,2240,5,2,1,1.0,7.0,69388,M,4574642.0,486204.0,69
201800048734,18,12,6,330,5,2,1,1.0,6.0,69383,M,4575191.0,486154.0,69
201800048735,18,12,6,1155,1,2,3,2.0,3.0,69388,M,4573690.0,485472.0,69
201800048736,18,12,7,745,2,2,1,1.0,3.0,69386,M,4577161.0,485679.0,69
201800048737,18,12,1,2030,5,2,3,1.0,1.0,69276,M,4567048.0,486004.0,69
201800048738,18,12,7,1930,5,2,3,3.0,2.0,69383,M,4575895.0,485098.0,69
201800048739,18,12,7,1945,5,2,1,2.0,6.0,69199,M,4570800.0,485884.0,69
201800048740,18,12,7,2045,5,2,1,2.0,6.0,69388,M,4573810.0,488440.0,69
201800048741,18,12,9,430,5,2,2,1.0,3.0,69386,M,4577252.0,484310.0,69
201800048742,18,12,10,1220,1,2,9,2.0,3.0,69383,M,4574992.0,486048.0,69
201800048743,18,12,11,550,5,2,5,1.0,3.0,69259,M,4571448.0,487954.0,69
201800048744,18,12,11,910,1,2,9,1.0,6.0,69259,M,4569666.0,488505.0,69
201800048745,18,12,11,1245,1,2,2,1.0,6.0,69386,M,4576820.0,484742.0,69
201800048746,18,12,11,1315,1,2,2,1.0,6.0,69383,M,4576360.0,484829.0,69
201800048747,18,12,11,1600,1,2,1,1.0,6.0,69199,M,4571223.0,486261.0,69
201800048748,18,12,12,850,1,2,1,1.0,6.0,69387,M,4572900.0,485000.0,69
201800048749,18,12,12,1520,1,2,2,1.0,3.0,69387,M,4575054.0,484630.0,69
201800048750,18,12,13,1355,1,2,1,1.0,3.0,69386,M,4576491.0,484319.0,69
201800048751,18,12,13,1820,5,2,1,1.0,3.0,69388,M,4572961.0,488680.0,69
201800048752,18,12,13,2000,5,2,1,1.0,6.0,69387,M,4572785.0,482428.0,69
201800048753,18,12,13,2235,5,2,2,1.0,3.0,69383,M,4575367.0,485932.0,69
201800048754,18,12,14,1830,1,2,2,1.0,3.0,69383,M,4575264.0,486893.0,69
201800048755,18,12,15,1305,1,2,2,1.0,3.0,69388,M,4573295.0,486359.0,69
201800048756,18,12,16,1820,5,2,8,1.0,6.0,69388,M,4574336.0,486991.0,69
201800048757,18,12,17,2020,3,2,1,9.0,6.0,69388,M,4572686.0,485383.0,69
201800048758,18,12,17,2055,5,2,2,2.0,3.0,69388,M,4572447.0,487130.0,69
201800048759,18,12,17,2325,5,2,3,8.0,3.0,69387,M,4574275.0,483668.0,69
201800048760,18,12,18,730,5,2,1,5.0,7.0,69259,M,4570327.0,489454.0,69
201800048761,18,12,18,920,1,1,2,1.0,3.0,69383,M,4576295.0,486379.0,69
201800048762,18,12,18,1045,1,2,1,1.0,7.0,69387,M,4575180.0,484577.0,69
201800048763,18,12,18,1840,5,2,2,1.0,3.0,69383,M,4575895.0,484915.0,69
201800048764,18,12,19,100,5,2,2,1.0,3.0,69386,M,4576876.0,485253.0,69
201800048765,18,12,20,900,1,1,1,1.0,4.0,69386,M,4578618.0,485715.0,69
201800048766,18,12,20,945,1,2,4,1.0,3.0,69387,M,4574458.0,484392.0,69
201800048767,18,12,20,1245,1,2,1,1.0,2.0,69199,M,4570803.0,485861.0,69
201800048768,18,12,20,1525,1,2,1,1.0,6.0,69388,M,4574188.0,485974.0,69
201800048769,18,12,20,1828,5,2,1,1.0,6.0,69259,M,4569390.0,486380.0,69
201800048770,18,12,21,50,5,2,2,1.0,3.0,69383,M,4576360.0,484500.0,69
201800048771,18,12,21,750,5,2,1,1.0,4.0,69383,M,4576037.0,484797.0,69
201800048772,18,12,21,920,1,2,2,3.0,1.0,69383,M,4575625.0,484035.0,69
201800048773,18,12,21,1220,1,2,1,2.0,2.0,69383,M,4575350.0,485140.0,69
201800048774,18,12,21,2050,5,2,2,8.0,1.0,69388,M,4573164.0,486710.0,69
201800048775,18,12,20,2320,5,2,1,2.0,1.0,69386,M,4575403.0,484700.0,69
201800048776,18,12,22,520,5,2,2,1.0,2.0,69386,M,4576519.0,486586.0,69
201800048777,18,12,22,1850,5,2,3,9.0,3.0,69386,M,4576457.0,485604.0,69
201800048778,18,12,22,1900,5,2,9,1.0,3.0,69383,M,4575701.0,485261.0,69
201800048779,18,12,21,2052,5,2,1,2.0,2.0,69259,M,4571278.0,487411.0,69
201800048780,18,12,25,1235,1,2,2,1.0,3.0,69259,M,4569973.0,486383.0,69
201800048781,18,12,26,1555,1,2,1,8.0,2.0,69388,M,4572476.0,487140.0,69
201800048782,18,12,28,845,1,2,2,1.0,3.0,69386,M,4577276.0,484653.0,69
201800048783,18,12,28,1305,1,2,9,1.0,2.0,69383,M,4575491.0,487732.0,69
201800048784,18,12,29,130,5,2,2,1.0,3.0,69387,M,4574697.0,484589.0,69
201800048785,18,12,29,1415,1,2,1,1.0,6.0,69259,M,4571541.0,485877.0,69
201800048786,18,12,30,1810,5,2,2,1.0,1.0,69388,M,4572852.0,488150.0,69
201800048787,18,12,31,730,5,2,2,1.0,6.0,69387,M,4574732.0,484314.0,69
201800048788,18,12,31,1455,1,2,1,1.0,6.0,69383,M,4575764.0,485259.0,69
201800048789,18,12,31,1500,1,2,2,1.0,3.0,69387,M,4573084.0,483000.0,69
201800048790,18,1,2,855,1,1,1,2.0,6.0,33318,M,4479075.0,-64536.0,33
201800048791,18,1,8,1800,2,1,1,1.0,4.0,33550,M,4478202.0,-54345.0,33
201800048792,18,1,9,1230,1,1,1,1.0,4.0,33192,M,4478908.0,-60305.0,33
201800048793,18,1,8,1752,2,1,1,1.0,6.0,33366,M,4501097.0,-43045.0,33
201800048794,18,1,10,855,1,1,1,2.0,2.0,33550,M,4477864.0,-55443.0,33
201800048795,18,1,10,1225,1,1,1,1.0,4.0,33063,M,4488358.0,-55931.0,33
201800048796,18,1,15,840,1,1,1,1.0,3.0,33096,M,4489368.0,-49929.0,33
201800048797,18,1,16,25,3,1,1,2.0,6.0,33143,M,4497304.0,-43465.0,33
201800048798,18,1,16,910,1,1,1,2.0,5.0,33080,M,4474767.0,-53982.0,33
201800048799,18,1,18,1810,5,1,1,2.0,4.0,33096,M,4489432.0,-49857.0,33
201800048800,18,1,20,15,5,1,1,2.0,6.0,33487,M,4494972.0,-46308.0,33
201800048801,18,1,20,1010,1,1,1,2.0,4.0,33063,M,4488093.0,-54226.0,33
201800048802,18,1,21,530,3,1,1,2.0,6.0,33143,M,4495813.0,-44789.0,33
201800048803,18,1,21,1005,1,1,1,2.0,6.0,33249,M,4488306.0,-51098.0,33
201800048804,18,1,21,2200,3,1,1,2.0,6.0,33366,M,4500508.0,-42747.0,33
201800048805,18,1,22,1344,1,1,1,2.0,2.0,33013,M,4484516.0,-50194.0,33
201800048806,18,1,24,910,1,1,1,1.0,3.0,33162,M,4487089.0,-64276.0,33
201800048807,18,1,24,1400,1,1,1,1.0,6.0,33281,M,4481935.0,-67383.0,33
201800048808,18,1,24,1730,1,1,1,1.0,3.0,33075,M,4488254.0,-62348.0,33
201800048809,18,1,25,115,3,1,1,1.0,3.0,33318,M,4480225.0,-65882.0,33
201800048810,18,1,25,815,2,1,1,1.0,2.0,33013,M,4484679.0,-50277.0,33
201800048811,18,1,25,1920,3,1,1,2.0,3.0,33039,M,4480787.0,-53196.0,33
201800048812,18,1,26,1217,1,1,1,1.0,5.0,33096,M,4489058.0,-50242.0,33
201800048813,18,1,26,1500,1,1,1,1.0,4.0,33122,M,4474269.0,-70777.0,33
201800048814,18,1,30,815,1,1,1,1.0,3.0,33249,M,4488502.0,-51182.0,33
201800048815,18,1,31,1900,5,1,1,1.0,3.0,33550,M,4478302.0,-58731.0,33
201800048816,18,2,1,1850,3,1,1,1.0,5.0,33075,M,4488995.0,-61252.0,33
201800048817,18,2,3,2150,4,1,1,3.0,6.0,33249,M,4488295.0,-51103.0,33
201800048818,18,2,4,2125,3,1,1,1.0,2.0,33281,M,4483641.0,-67620.0,33
201800048819,18,2,5,735,2,1,1,1.0,7.0,33397,M,4492093.0,-47541.0,33
201800048820,18,2,6,740,2,1,1,1.0,5.0,33397,M,4490139.0,-49408.0,33
201800048821,18,2,7,730,2,1,1,1.0,3.0,33249,M,4488612.0,-50755.0,33
201800048822,18,2,12,1725,1,1,1,1.0,2.0,33550,M,4477791.0,-55814.0,33
201800048823,18,2,13,1515,1,1,1,2.0,2.0,33143,M,4495636.0,-45132.0,33
201800048824,18,2,16,725,2,1,1,2.0,5.0,33063,M,4488256.0,-55054.0,33
201800048825,18,2,16,1518,1,1,1,1.0,2.0,33162,M,4487675.0,-63249.0,33
201800048826,18,2,16,2050,5,1,1,1.0,2.0,33397,M,4491157.0,-48518.0,33
201800048827,18,2,22,1803,1,1,1,1.0,4.0,33318,M,4478750.0,-62395.0,33
201800048828,18,2,22,1935,3,1,1,1.0,2.0,33162,M,4487510.0,-63544.0,33
201800048829,18,2,23,1500,1,1,1,1.0,3.0,33550,M,4477780.0,-56254.0,33
201800048830,18,2,26,2200,5,1,1,1.0,2.0,33063,M,4488305.0,-55314.0,33
201800048831,18,2,27,735,2,1,1,1.0,3.0,33192,M,4478958.0,-60510.0,33
201800048832,18,3,1,725,2,1,1,1.0,4.0,33075,M,4488853.0,-58873.0,33
201800048833,18,3,3,1000,1,1,1,1.0,6.0,33013,M,4486600.0,-50395.0,33
201800048834,18,3,3,1120,1,1,1,1.0,4.0,33065,M,4480901.0,-52554.0,33
201800048835,18,3,4,555,3,1,1,2.0,2.0,33080,M,4473589.0,-53320.0,33
201800048836,18,3,5,2014,4,1,1,1.0,2.0,33249,M,4488117.0,-52370.0,33
201800048837,18,3,5,2125,5,1,1,1.0,3.0,33039,M,4479549.0,-53879.0,33
201800048838,18,3,6,925,1,1,1,1.0,4.0,33075,M,4488954.0,-60366.0,33
201800048839,18,3,6,1930,2,1,1,2.0,3.0,33366,M,4500780.0,-42810.0,33
201800048840,18,3,8,800,1,1,1,1.0,7.0,33397,M,4491898.0,-47619.0,33
201800048841,18,3,9,705,2,1,1,1.0,2.0,33281,M,4484456.0,-67156.0,33
201800048842,18,3,9,1440,1,1,1,1.0,3.0,33397,M,4491025.0,-48776.0,33
201800048843,18,3,12,918,2,1,1,2.0,3.0,33162,M,4486744.0,-64912.0,33