Num_Acc,an,mois,jour,hrmn,lum,agg,int,atm,col,com,gps,lat,long,dep
201800048844,18,3,13,850,1,1,1,1.0,3.0,33013,M,4485090.0,-50425.0,33
201800048845,18,3,13,815,1,1,1,1.0,2.0,33090,M,4476640.0,-66982.0,33
201800048846,18,3,13,1445,1,1,1,1.0,4.0,33162,M,4486734.0,-64931.0,33
201800048847,18,3,13,1735,1,1,1,1.0,4.0,33013,M,4484812.0,-50312.0,33
201800048848,18,3,14,905,1,1,1,1.0,2.0,33249,M,4488124.0,-52383.0,33
201800048849,18,3,15,720,1,1,1,2.0,4.0,33143,M,4495938.0,-44635.0,33
201800048850,18,3,15,745,1,1,1,1.0,6.0,33487,M,4494289.0,-46630.0,33
201800048851,18,3,15,1546,1,1,1,1.0,5.0,33039,M,4480575.0,-53012.0,33
201800048852,18,3,19,720,1,1,1,1.0,2.0,33397,M,4490821.0,-48977.0,33
201800048853,18,3,19,1800,1,1,1,2.0,2.0,33013,M,4486896.0,-50461.0,33
201800048854,18,3,20,2222,5,1,4,1.0,3.0,33039,M,4480499.0,-53122.0,33
201800048855,18,3,21,755,1,1,1,1.0,3.0,33162,M,4487093.0,-64309.0,33
201800048856,18,3,21,820,1,1,1,1.0,2.0,33080,M,4473940.0,-53505.0,33
201800048857,18,3,26,1655,1,1,1,1.0,3.0,33318,M,4480597.0,-66503.0,33
201800048858,18,3,28,905,1,1,1,2.0,3.0,33096,M,4489147.0,-50168.0,33
201800048859,18,3,28,948,1,1,1,2.0,6.0,33122,M,4472235.0,-73573.0,33
201800048860,18,3,29,800,1,1,1,1.0,3.0,33366,M,4500887.0,-42841.0,33
201800048861,18,3,30,1415,1,1,1,1.0,2.0,33096,M,4489111.0,-50207.0,33
201800048862,18,3,30,1710,1,1,1,1.0,3.0,33162,M,4486811.0,-64757.0,33
201800048863,18,3,30,1745,1,1,1,7.0,4.0,33063,M,4488236.0,-54947.0,33
201800048864,18,3,30,2140,5,1,1,1.0,3.0,33487,M,4495104.0,-46169.0,33
201800048865,18,4,3,1110,1,1,1,1.0,2.0,33090,M,4477055.0,-66141.0,33
201800048866,18,4,5,1715,1,1,1,1.0,5.0,33162,M,4486582.0,-65151.0,33
201800048867,18,4,7,345,5,1,1,1.0,2.0,33063,M,4488537.0,-56335.0,33
201800048868,18,4,7,2030,2,1,1,2.0,1.0,33075,M,4488997.0,-61289.0,33
201800048869,18,4,7,2045,5,1,1,2.0,6.0,33023,M,4469476.0,-49601.0,33
201800048870,18,4,9,850,2,1,1,2.0,2.0,33122,M,4473084.0,-72517.0,33
201800048871,18,4,12,1045,1,1,1,1.0,3.0,33065,M,4480885.0,-52576.0,33
201800048872,18,4,13,1420,1,1,1,1.0,3.0,33090,M,4476223.0,-67665.0,33
201800048873,18,4,13,1425,1,1,1,1.0,2.0,33090,M,4476255.0,-67656.0,33
201800048874,18,4,13,1745,1,1,1,1.0,4.0,33397,M,4492342.0,-47375.0,33
201800048875,18,4,13,2250,5,1,1,3.0,4.0,33063,M,4488150.0,-54595.0,33
201800048876,18,4,15,325,3,1,1,1.0,2.0,33448,M,4471380.0,-51714.0,33
201800048877,18,4,17,645,2,1,1,1.0,2.0,33023,M,4468800.0,-49270.0,33
201800048878,18,4,17,835,1,1,1,1.0,3.0,33162,M,4487176.0,-64160.0,33
201800048879,18,4,18,1440,1,1,1,1.0,2.0,33039,M,4479185.0,-54016.0,33
201800048880,18,4,19,810,1,1,1,1.0,3.0,33162,M,4487959.0,-62799.0,33
201800048881,18,4,19,2300,3,1,1,1.0,6.0,33122,M,4475496.0,-68833.0,33
201800048882,18,4,20,1631,1,1,1,1.0,4.0,33162,M,4487582.0,-63418.0,33
201800048883,18,4,23,1755,1,1,1,1.0,2.0,33143,M,4495678.0,-45046.0,33
201800048884,18,4,24,815,1,1,1,1.0,4.0,33090,M,4476363.0,-67455.0,33
201800048885,18,4,26,1310,1,1,1,1.0,5.0,33039,M,4480728.0,-52789.0,33
201800048886,18,4,28,540,5,1,1,2.0,6.0,33063,M,4488261.0,-56087.0,33
201800048887,18,4,28,630,5,1,1,1.0,5.0,33119,M,4486394.0,-50398.0,33
201800048888,18,4,28,2210,5,1,1,2.0,6.0,33550,M,4477820.0,-55926.0,33
201800048889,18,4,29,1050,1,1,1,1.0,2.0,33249,M,4488411.0,-51139.0,33
201800048890,18,5,3,1520,1,1,1,1.0,3.0,33318,M,4478133.0,-63672.0,33
201800048891,18,5,3,1745,1,1,1,1.0,4.0,33013,M,4484874.0,-50342.0,33
201800048892,18,5,9,1926,1,1,1,1.0,3.0,33550,M,4477826.0,-56545.0,33
201800048893,18,5,11,1615,1,1,1,1.0,3.0,33090,M,4476686.0,-66897.0,33
201800048894,18,5,12,1440,1,1,1,2.0,5.0,33448,M,4472206.0,-52354.0,33
201800048895,18,5,14,600,3,1,1,1.0,2.0,33366,M,4498647.0,-42768.0,33
201800048896,18,5,15,1430,1,1,1,1.0,6.0,33397,M,4491159.0,-48529.0,33
201800048897,18,5,16,840,1,1,1,1.0,2.0,33550,M,4478184.0,-58283.0,33
201800048898,18,5,16,1535,1,1,1,1.0,3.0,33063,M,4488407.0,-55925.0,33
201800048899,18,5,18,1830,1,1,1,1.0,2.0,33096,M,4489002.0,-50334.0,33
201800048900,18,5,18,2000,1,1,1,1.0,4.0,33167,M,4484260.0,-50161.0,33
201800048901,18,5,21,2355,5,1,1,1.0,2.0,33039,M,4479833.0,-53714.0,33
201800048902,18,5,22,918,1,1,1,1.0,4.0,33192,M,4478656.0,-59599.0,33
201800048903,18,5,23,847,1,1,1,1.0,3.0,33039,M,4478942.0,-54088.0,33
201800048904,18,5,25,830,1,1,1,1.0,3.0,33003,M,4492759.0,-47126.0,33
201800048905,18,5,25,1130,1,1,1,2.0,2.0,33096,M,4489074.0,-50249.0,33
201800048906,18,5,26,1510,1,1,1,1.0,5.0,33039,M,4479407.0,-53964.0,33
201800048907,18,5,28,830,1,1,1,2.0,6.0,33487,M,4495135.0,-46139.0,33
201800048908,18,5,28,1741,1,1,1,1.0,2.0,33281,M,4484016.0,-67492.0,33
201800048909,18,5,30,1825,1,1,1,1.0,7.0,33162,M,4487889.0,-62884.0,33
201800048910,18,5,31,1610,1,1,1,1.0,4.0,33013,M,4485699.0,-50492.0,33
201800048911,18,6,2,310,3,1,1,1.0,6.0,33122,M,4472918.0,-72728.0,33
201800048912,18,6,5,845,1,1,1,1.0,3.0,33550,M,4477775.0,-56186.0,33
201800048913,18,6,5,1650,1,1,1,1.0,4.0,33013,M,4485265.0,-50495.0,33
201800048914,18,6,5,1745,1,1,1,1.0,4.0,33063,M,4488550.0,-56336.0,33
201800048915,18,6,8,645,1,1,1,1.0,5.0,33096,M,4489725.0,-49584.0,33
201800048916,18,6,8,2043,2,1,1,1.0,2.0,33318,M,4478513.0,-62920.0,33
201800048917,18,6,9,110,5,1,1,1.0,2.0,33318,M,4478815.0,-63182.0,33
201800048918,18,6,9,2215,2,1,1,1.0,6.0,33122,M,4475702.0,-68472.0,33
201800048919,18,6,13,1655,1,1,1,1.0,3.0,33550,M,4477992.0,-57560.0,33
201800048920,18,6,14,805,1,1,1,1.0,2.0,33039,M,4480288.0,-53307.0,33
201800048921,18,6,14,1835,1,1,1,1.0,3.0,33192,M,4478389.0,-63100.0,33
201800048922,18,6,17,1600,1,1,1,1.0,6.0,33143,M,4496913.0,-43660.0,33
201800048923,18,6,18,955,1,1,1,2.0,4.0,33080,M,4474766.0,-53983.0,33
201800048924,18,6,20,1350,1,1,1,1.0,5.0,33075,M,4488918.0,-59830.0,33
201800048925,18,6,22,1730,1,1,1,1.0,2.0,33080,M,4475896.0,-54619.0,33
201800048926,18,6,22,2015,1,1,1,1.0,4.0,33192,M,4478703.0,-59763.0,33
201800048927,18,6,24,1130,1,1,1,7.0,2.0,33090,M,4477416.0,-65351.0,33
201800048928,18,6,26,700,1,1,1,1.0,2.0,33281,M,4484535.0,-67139.0,33
201800048929,18,6,26,955,1,1,1,1.0,4.0,33550,M,4477418.0,-55627.0,33
201800048930,18,6,26,1230,1,1,1,1.0,3.0,33065,M,4481453.0,-52054.0,33
201800048931,18,6,27,925,1,1,1,1.0,3.0,33075,M,4488957.0,-60415.0,33
201800048932,18,6,27,1708,1,1,1,1.0,4.0,33063,M,4488323.0,-55460.0,33
201800048933,18,6,28,845,1,1,1,1.0,2.0,33550,M,4477895.0,-55281.0,33
201800048934,18,6,28,1830,1,1,1,1.0,4.0,33080,M,4473001.0,-52962.0,33
201800048935,18,6,30,2150,2,1,1,3.0,3.0,33192,M,4478987.0,-61276.0,33
201800048936,18,7,1,700,1,1,1,1.0,6.0,33192,M,4478941.0,-61834.0,33
201800048937,18,7,1,1550,1,1,1,1.0,7.0,33075,M,4488119.0,-62525.0,33
201800048938,18,7,2,1735,1,1,1,1.0,5.0,33003,M,4493419.0,-46761.0,33
201800048939,18,7,4,135,4,1,1,1.0,6.0,33162,M,4485777.0,-66219.0,33
201800048940,18,7,5,945,1,1,1,1.0,4.0,33143,M,4495997.0,-44527.0,33
201800048941,18,7,5,2215,3,1,1,1.0,6.0,33281,M,4484970.0,-66781.0,33
201800048942,18,7,7,945,1,1,1,1.0,4.0,33143,M,4495677.0,-45090.0,33
201800048943,18,7,8,540,2,1,1,1.0,2.0,33366,M,4498499.0,-42781.0,33
201800048944,18,7,9,1435,1,1,1,1.0,2.0,33281,M,4483194.0,-67617.0,33
201800048945,18,7,9,1435,1,1,1,1.0,2.0,33013,M,4486651.0,-50403.0,33
201800048946,18,7,9,1730,1,1,1,1.0,3.0,33075,M,4488335.0,-62257.0,33
201800048947,18,7,11,1510,1,1,1,1.0,4.0,33249,M,4486969.0,-50497.0,33
201800048948,18,7,11,1620,1,1,1,1.0,3.0,33487,M,4494223.0,-46625.0,33
201800048949,18,7,11,1605,1,1,1,1.0,2.0,33122,M,4475923.0,-68129.0,33
201800048950,18,7,12,700,1,1,1,7.0,5.0,33003,M,4492938.0,-47005.0,33
201800048951,18,7,12,1525,1,1,1,1.0,2.0,33249,M,4488331.0,-51786.0,33
201800048952,18,7,13,1530,1,1,1,1.0,4.0,33487,M,4494289.0,-46629.0,33
201800048953,18,7,14,1025,1,1,1,1.0,2.0,33249,M,4487444.0,-50747.0,33
201800048954,18,7,15,1510,1,1,1,1.0,4.0,33096,M,4488861.0,-50478.0,33
201800048955,18,7,16,2240,3,1,1,1.0,6.0,33143,M,4497051.0,-43557.0,33
201800048956,18,7,19,220,3,1,1,1.0,6.0,33080,M,4475950.0,-54650.0,33
201800048957,18,7,18,800,1,1,1,1.0,2.0,33192,M,4477877.0,-64209.0,33
201800048958,18,7,20,2340,3,1,1,1.0,2.0,33096,M,4489005.0,-50326.0,33
201800048959,18,7,21,20,3,1,1,1.0,2.0,33192,M,4477883.0,-64207.0,33
201800048960,18,7,23,1230,1,1,1,1.0,4.0,33063,M,4488762.0,-57570.0,33
201800048961,18,7,23,1320,1,1,1,1.0,4.0,33397,M,4491922.0,-47623.0,33
201800048962,18,7,24,1000,1,1,1,1.0,4.0,33090,M,4477168.0,-65929.0,33
201800048963,18,7,24,1740,1,1,1,1.0,4.0,33075,M,4488855.0,-59163.0,33
201800048964,18,7,26,1445,1,1,1,1.0,2.0,33075,M,4488977.0,-61662.0,33
201800048965,18,7,30,1145,1,1,1,1.0,4.0,33550,M,4477843.0,-55542.0,33
201800048966,18,8,1,1235,1,1,1,1.0,4.0,33143,M,4495758.0,-44941.0,33
201800048967,18,8,2,1610,1,1,1,1.0,2.0,33096,M,4489019.0,-50317.0,33
201800048968,18,8,2,2037,1,1,1,1.0,3.0,33039,M,4479973.0,-53594.0,33
201800048969,18,8,3,1802,1,1,1,1.0,3.0,33281,M,4485102.0,-66689.0,33
201800048970,18,8,4,115,5,1,1,1.0,4.0,33096,M,4489126.0,-50199.0,33
201800048971,18,8,4,1745,1,1,1,1.0,2.0,33281,M,4484613.0,-67075.0,33
201800048972,18,8,6,1210,1,1,1,1.0,3.0,33090,M,4476714.0,-66879.0,33
201800048973,18,8,8,1430,1,1,1,1.0,2.0,33013,M,4484414.0,-50138.0,33
201800048974,18,8,11,950,1,1,1,1.0,4.0,33096,M,4489020.0,-50317.0,33
201800048975,18,8,12,1635,1,1,1,1.0,2.0,33122,M,4474315.0,-70653.0,33
201800048976,18,8,14,1815,1,1,1,1.0,6.0,33249,M,4488473.0,-51417.0,33
201800048977,18,8,16,1520,1,1,1,1.0,7.0,33281,M,4485774.0,-66220.0,33
201800048978,18,8,16,2217,5,1,1,1.0,6.0,33039,M,4480670.0,-53186.0,33
201800048979,18,8,20,1135,1,1,1,1.0,2.0,33249,M,4487176.0,-50571.0,33
201800048980,18,8,25,1915,1,1,1,1.0,2.0,33550,M,4477400.0,-55633.0,33
201800048981,18,8,26,1525,1,1,1,1.0,2.0,33013,M,4485835.0,-50458.0,33
201800048982,18,8,28,240,5,1,1,1.0,6.0,33249,M,4487566.0,-50778.0,33
201800048983,18,8,31,1515,1,1,1,1.0,2.0,33397,M,4490801.0,-48816.0,33
201800048984,18,8,31,1620,1,1,1,1.0,3.0,33281,M,4483393.0,-67645.0,33
201800048985,18,9,2,1900,1,1,1,1.0,5.0,33550,M,4478213.0,-58451.0,33
201800048986,18,9,2,2000,1,1,1,1.0,6.0,33122,M,4475192.0,-69237.0,33
201800048987,18,9,7,815,1,1,1,1.0,3.0,33080,M,4474595.0,-53882.0,33
201800048988,18,9,7,2015,1,1,1,1.0,4.0,33065,M,4480896.0,-52563.0,33
201800048989,18,9,8,1430,1,1,1,1.0,6.0,33550,M,4477617.0,-55769.0,33
201800048990,18,9,9,1645,1,1,1,1.0,3.0,33090,M,4476467.0,-67279.0,33
201800048991,18,9,10,815,1,1,1,1.0,2.0,33162,M,4486300.0,-65645.0,33
201800048992,18,9,10,1735,1,1,1,1.0,2.0,33090,M,4476124.0,-67822.0,33
201800048993,18,9,11,715,2,1,1,1.0,4.0,33013,M,4486098.0,-50419.0,33
201800048994,18,9,11,920,1,1,1,1.0,4.0,33039,M,4480685.0,-52874.0,33
201800048995,18,9,14,815,1,1,1,1.0,2.0,33167,M,4481949.0,-52010.0,33
201800048996,18,9,15,855,1,1,1,1.0,6.0,33192,M,4478580.0,-59400.0,33
201800048997,18,9,18,700,4,1,1,1.0,3.0,33096,M,4490675.0,-49180.0,33
201800048998,18,9,19,727,2,1,1,1.0,3.0,33096,M,4488846.0,-50485.0,33
201800048999,18,9,19,754,1,1,1,1.0,2.0,33065,M,4481140.0,-52220.0,33
201800049000,18,9,19,1525,1,1,1,1.0,6.0,33192,M,4478675.0,-59644.0,33
201800049001,18,9,20,645,5,1,1,1.0,3.0,33550,M,4478212.0,-54357.0,33
201800049002,18,9,20,1800,1,1,1,1.0,2.0,33039,M,4478813.0,-54102.0,33
201800049003,18,9,21,1255,1,1,1,2.0,2.0,33281,M,4482895.0,-67552.0,33
201800049004,18,9,21,1430,1,1,1,2.0,4.0,33162,M,4487086.0,-64279.0,33
201800049005,18,9,22,2340,3,1,1,1.0,6.0,33474,M,4467789.0,-48483.0,33
201800049006,18,9,23,1555,1,1,1,1.0,4.0,33096,M,4489084.0,-50247.0,33
201800049007,18,9,25,810,1,1,1,1.0,3.0,33075,M,4488247.0,-62326.0,33
201800049008,18,9,26,755,1,1,1,1.0,2.0,33281,M,4483718.0,-67632.0,33
201800049009,18,9,27,900,1,1,1,1.0,3.0,33550,M,4478014.0,-57607.0,33
201800049010,18,9,27,900,1,1,1,1.0,3.0,33075,M,4488988.0,-61125.0,33
201800049011,18,9,27,1000,1,1,1,1.0,3.0,33013,M,4484845.0,-50326.0,33
201800049012,18,9,28,655,3,1,1,1.0,2.0,33474,M,4466990.0,-47113.0,33
201800049013,18,9,28,720,2,1,1,5.0,7.0,33080,M,4473855.0,-53456.0,33
201800049014,18,9,28,1805,1,1,1,1.0,3.0,33075,M,4488855.0,-59164.0,33
201800049015,18,9,28,1915,1,1,1,1.0,7.0,33065,M,4480907.0,-52545.0,33
201800049016,18,9,28,2035,5,1,1,1.0,3.0,33397,M,4490830.0,-49063.0,33
201800049017,18,10,2,800,2,1,1,1.0,3.0,33167,M,4482298.0,-51305.0,33
201800049018,18,10,3,1440,1,1,1,1.0,2.0,33192,M,4478947.0,-61978.0,33
201800049019,18,10,4,1705,1,1,1,1.0,3.0,33281,M,4483877.0,-67555.0,33
201800049020,18,10,5,645,4,1,1,1.0,2.0,33281,M,4484057.0,-67441.0,33
201800049021,18,10,6,1544,1,1,1,1.0,5.0,33063,M,4488378.0,-55733.0,33
201800049022,18,10,7,1900,1,1,1,2.0,3.0,33039,M,4479381.0,-53975.0,33
201800049023,18,10,7,2020,2,1,1,1.0,2.0,33090,M,4477010.0,-66234.0,33
201800049024,18,10,9,1725,2,1,1,1.0,7.0,33318,M,4478912.0,-62135.0,33
201800049025,18,10,11,740,2,1,1,1.0,3.0,33003,M,4492591.0,-47238.0,33
201800049026,18,10,12,1505,1,1,1,1.0,3.0,33192,M,4478376.0,-63134.0,33
201800049027,18,10,16,945,1,1,1,1.0,4.0,33080,M,4474767.0,-53982.0,33
201800049028,18,10,17,730,1,1,1,1.0,3.0,33096,M,4489147.0,-50168.0,33
201800049029,18,10,19,2252,5,1,1,1.0,4.0,33063,M,4488169.0,-54684.0,33
201800049030,18,10,21,530,5,1,1,1.0,6.0,33039,M,4480386.0,-53286.0,33
201800049031,18,10,22,1823,1,1,1,1.0,5.0,33167,M,4482273.0,-51361.0,33
201800049032,18,10,23,1725,1,1,1,1.0,5.0,33167,M,4484347.0,-50170.0,33
201800049033,18,10,26,1550,1,1,1,1.0,4.0,33397,M,4491286.0,-48293.0,33
201800049034,18,10,26,1750,1,1,1,1.0,2.0,33063,M,4488545.0,-56364.0,33
201800049035,18,10,27,530,4,1,1,1.0,6.0,33090,M,4476108.0,-67882.0,33
201800049036,18,10,28,1415,1,1,1,3.0,6.0,33162,M,4485933.0,-66091.0,33
201800049037,18,10,29,1500,1,1,1,1.0,2.0,33550,M,4478213.0,-58389.0,33
201800049038,18,10,31,1220,1,1,1,2.0,6.0,33065,M,4481063.0,-52154.0,33
201800049039,18,11,2,1540,1,1,1,1.0,2.0,33249,M,4487787.0,-50900.0,33
201800049040,18,11,2,2340,5,1,1,1.0,3.0,33249,M,4487924.0,-53387.0,33
201800049041,18,11,4,1725,1,1,1,1.0,2.0,33213,M,4468409.0,-49024.0,33
201800049042,18,11,5,705,5,1,1,1.0,4.0,33013,M,4485328.0,-50527.0,33
201800049043,18,11,5,1715,1,1,1,1.0,2.0,33023,M,4469292.0,-49545.0,33
201800049044,18,11,6,840,1,1,1,2.0,3.0,33003,M,4492671.0,-47183.0,33
201800049045,18,11,6,1815,3,1,1,2.0,7.0,33075,M,4488929.0,-61744.0,33
201800049046,18,11,7,1915,4,1,1,1.0,2.0,33013,M,4485162.0,-50448.0,33
201800049047,18,11,8,610,3,1,1,1.0,4.0,33080,M,4473111.0,-53015.0,33
201800049048,18,11,8,1810,2,1,1,1.0,3.0,33192,M,4478953.0,-61683.0,33
201800049049,18,11,8,1810,3,1,1,1.0,6.0,33063,M,4488479.0,-56142.0,33
201800049050,18,11,9,940,1,1,1,1.0,2.0,33162,M,4486609.0,-65128.0,33
201800049051,18,11,9,1255,1,1,1,1.0,5.0,33039,M,4480480.0,-53175.0,33
201800049052,18,11,11,230,3,1,1,1.0,2.0,33080,M,4473115.0,-53019.0,33
201800049053,18,11,11,850,1,1,1,1.0,6.0,33039,M,4479555.0,-53964.0,33
201800049054,18,11,11,1945,4,1,1,2.0,3.0,33192,M,4478964.0,-61489.0,33
201800049055,18,11,13,1905,3,1,1,1.0,2.0,33162,M,4486008.0,-65968.0,33
201800049056,18,11,13,1845,3,1,1,1.0,4.0,33122,M,4475345.0,-69008.0,33
201800049057,18,11,14,635,3,1,1,1.0,2.0,33003,M,4493581.0,-46748.0,33
201800049058,18,11,15,830,1,1,1,1.0,3.0,33039,M,4479662.0,-53836.0,33
201800049059,18,11,16,908,1,1,1,1.0,2.0,33249,M,4486959.0,-50481.0,33
201800049060,18,11,16,1000,1,1,1,1.0,3.0,33013,M,4484734.0,-50281.0,33
201800049061,18,11,16,1920,5,1,1,1.0,3.0,33063,M,4488313.0,-55407.0,33
201800049062,18,11,18,1530,1,1,1,1.0,2.0,33366,M,4499168.0,-42692.0,33
201800049063,18,11,20,2150,3,1,1,1.0,2.0,33550,M,4478178.0,-54408.0,33
201800049064,18,11,23,850,1,1,1,2.0,3.0,33162,M,4486741.0,-64920.0,33
201800049065,18,11,24,2040,5,1,1,1.0,2.0,33249,M,4487699.0,-50882.0,33
201800049066,18,11,18,830,1,1,1,1.0,7.0,33063,M,4488330.0,-55513.0,33
201800049067,18,11,26,1855,5,1,1,1.0,3.0,33192,M,4478991.0,-61431.0,33
201800049068,18,11,27,925,1,1,1,1.0,5.0,33013,M,4485851.0,-50448.0,33
201800049069,18,11,27,1240,1,1,1,1.0,4.0,33122,M,4473319.0,-72181.0,33
201800049070,18,11,27,1750,2,1,1,1.0,4.0,33281,M,4484666.0,-67001.0,33
201800049071,18,11,28,900,1,1,1,1.0,5.0,33192,M,4478116.0,-63655.0,33
201800049072,18,11,28,1910,5,1,1,1.0,6.0,33318,M,4478893.0,-62293.0,33
201800049073,18,11,29,2050,3,1,1,3.0,6.0,33448,M,4470805.0,-51112.0,33
201800049074,18,11,30,1500,1,1,1,1.0,2.0,33080,M,4474723.0,-53958.0,33
201800049075,18,12,1,530,4,1,1,1.0,2.0,33143,M,4496587.0,-43942.0,33
201800049076,18,12,1,2025,5,1,1,2.0,4.0,33249,M,4488272.0,-52130.0,33
201800049077,18,12,1,2245,5,1,1,2.0,5.0,33063,M,4488318.0,-55404.0,33
201800049078,18,12,3,815,2,1,1,2.0,6.0,33013,M,4486681.0,-50410.0,33
201800049079,18,12,2,20,4,1,1,1.0,2.0,33013,M,4484737.0,-50276.0,33
201800049080,18,12,3,1520,1,1,1,1.0,7.0,33249,M,4488504.0,-51170.0,33
201800049081,18,12,3,1910,5,1,1,1.0,2.0,33550,M,4477781.0,-56259.0,33
201800049082,18,12,4,1800,5,1,1,1.0,4.0,33063,M,4488321.0,-55440.0,33
201800049083,18,12,5,915,1,1,1,1.0,4.0,33075,M,4488979.0,-60713.0,33
201800049084,18,12,7,130,5,1,1,1.0,4.0,33063,M,4488227.0,-54979.0,33
201800049085,18,12,7,810,2,1,1,1.0,2.0,33122,M,4475633.0,-68567.0,33
201800049086,18,12,7,830,2,1,1,1.0,4.0,33162,M,4487857.0,-62980.0,33
201800049087,18,12,7,1800,5,1,1,8.0,4.0,33550,M,4477814.0,-56584.0,33
201800049088,18,12,11,2345,4,1,1,1.0,2.0,33075,M,4488873.0,-59464.0,33
201800049089,18,12,11,755,2,1,1,1.0,2.0,33096,M,4489567.0,-49714.0,33
201800049090,18,12,11,810,1,1,1,1.0,3.0,33550,M,4477819.0,-55564.0,33
201800049091,18,12,11,1300,1,1,1,1.0,5.0,33039,M,4478880.0,-54079.0,33
201800049092,18,12,11,1845,3,1,1,1.0,4.0,33281,M,4484726.0,-66951.0,33
201800049093,18,12,12,2115,4,1,1,1.0,2.0,33013,M,4486054.0,-50421.0,33
201800049094,18,12,14,1015,1,1,1,1.0,6.0,33550,M,4476010.0,-54662.0,33
201800049095,18,12,14,1040,1,1,1,1.0,2.0,33090,M,4476401.0,-67379.0,33
201800049096,18,12,14,1100,1,1,1,1.0,3.0,33487,M,4494582.0,-46576.0,33
201800049097,18,12,15,30,3,1,1,1.0,5.0,33366,M,4499452.0,-42681.0,33
201800049098,18,12,16,800,2,1,1,1.0,5.0,33249,M,4487623.0,-50810.0,33
201800049099,18,12,16,845,1,1,1,2.0,3.0,33281,M,4483389.0,-67648.0,33
201800049100,18,12,16,1255,1,1,1,3.0,6.0,33550,M,4477855.0,-55651.0,33
201800049101,18,12,17,1,5,1,1,2.0,6.0,33249,M,4487829.0,-50921.0,33
201800049102,18,12,17,745,2,1,1,2.0,3.0,33397,M,4491760.0,-47719.0,33
201800049103,18,12,17,745,2,1,1,1.0,2.0,33249,M,4488211.0,-51124.0,33
201800049104,18,12,17,820,1,1,1,1.0,2.0,33249,M,4488211.0,-51124.0,33
201800049105,18,12,17,1555,1,1,1,1.0,3.0,33550,M,4477752.0,-56076.0,33
201800049106,18,12,18,905,1,1,1,1.0,2.0,33318,M,4480396.0,-66207.0,33
201800049107,18,12,19,1910,3,1,1,2.0,4.0,33075,M,4488812.0,-61949.0,33
201800049108,18,12,20,1810,5,1,1,1.0,2.0,33550,M,4478267.0,-58379.0,33
201800049109,18,12,21,1830,3,1,1,3.0,5.0,33281,M,4485083.0,-66701.0,33
201800049110,18,12,21,2108,4,1,1,2.0,6.0,33318,M,4481154.0,-67187.0,33
201800049111,18,12,27,110,5,1,1,5.0,6.0,33249,M,4488481.0,-51261.0,33
201800049112,18,12,28,1525,1,1,1,1.0,3.0,33192,M,4478969.0,-60481.0,33
201800049113,18,12,28,1610,1,1,1,1.0,2.0,33397,M,4492001.0,-47591.0,33
201800049114,18,1,13,417,4,1,1,1.0,2.0,67482,M,,,67
201800049115,18,1,22,1140,1,1,1,2.0,6.0,67482,M,4859247.0,773677.0,67
201800049116,18,2,12,730,2,1,1,1.0,2.0,67118,M,4859222.0,767913.0,67
201800049117,18,2,12,1100,1,1,1,1.0,5.0,67447,M,4860123.0,773405.0,67
201800049118,18,2,13,1800,2,1,1,1.0,4.0,67043,M,4861905.0,772588.0,67
201800049119,18,2,15,1406,1,1,1,1.0,2.0,67365,M,4854858.0,772980.0,67
201800049120,18,2,13,840,1,1,1,1.0,2.0,67482,M,4858751.0,771119.0,67
201800049121,18,2,21,1750,2,1,9,1.0,5.0,67152,M,4852814.0,768959.0,67
201800049122,18,3,6,1450,1,1,1,1.0,3.0,67365,M,4853601.0,770771.0,67
201800049123,18,3,9,1515,1,1,1,8.0,3.0,67482,M,4858190.0,772400.0,67
201800049124,18,3,15,1055,1,1,1,1.0,5.0,67482,M,4856344.0,773323.0,67
201800049125,18,3,21,655,1,1,1,1.0,6.0,67482,M,4859678.0,774125.0,67
201800049126,18,3,27,1330,1,1,1,1.0,2.0,67482,M,4858629.0,772643.0,67
201800049127,18,3,31,2215,3,1,1,1.0,7.0,67482,M,,,67
201800049128,18,3,28,1515,1,1,9,2.0,4.0,67137,M,4850686.0,769588.0,67
201800049129,18,4,4,900,1,1,1,1.0,2.0,67389,M,4864268.0,773143.0,67
201800049130,18,4,9,1745,1,1,1,7.0,6.0,67118,M,4859168.0,768334.0,67
201800049131,18,4,12,1930,1,1,1,1.0,7.0,67218,M,4849825.0,774085.0,67
201800049132,18,4,16,1135,1,1,1,1.0,4.0,67471,M,4862505.0,772541.0,67
201800049133,18,4,12,1730,1,1,1,1.0,4.0,67365,M,4853733.0,771549.0,67
201800049134,18,4,27,710,1,1,1,1.0,5.0,67482,M,4855361.0,773250.0,67
201800049135,18,4,27,1530,1,1,1,1.0,4.0,67218,M,4853153.0,769554.0,67
201800049136,18,4,30,1200,1,1,1,1.0,2.0,67137,M,4850325.0,769379.0,67
201800049137,18,4,27,1720,1,1,1,1.0,2.0,67482,M,4859396.0,774441.0,67
201800049138,18,5,6,2025,1,1,1,1.0,3.0,67482,M,4856091.0,773347.0,67
201800049139,18,5,3,810,1,1,1,1.0,4.0,67482,M,4858636.0,771867.0,67
201800049140,18,5,2,1900,1,1,1,1.0,6.0,67137,M,4850510.0,769523.0,67
201800049141,18,5,14,1500,1,1,1,1.0,6.0,67482,M,4858264.0,772399.0,67
201800049142,18,5,9,1630,1,1,1,1.0,2.0,67482,M,4857984.0,772453.0,67
201800049143,18,5,14,835,1,1,1,1.0,5.0,67218,M,4854628.0,772784.0,67
201800049144,18,5,29,1320,1,1,1,1.0,3.0,67482,M,4854476.0,773134.0,67
201800049145,18,5,28,1205,1,1,1,1.0,2.0,67482,M,4857127.0,772894.0,67
201800049146,18,5,31,1645,1,1,1,1.0,3.0,67152,M,4852705.0,768091.0,67
201800049147,18,6,6,1400,1,2,1,1.0,6.0,67482,M,4858430.0,772394.0,67
201800049148,18,6,6,1745,1,1,1,8.0,7.0,67118,M,4831374.0,740513.0,67