Num_Acc,an,mois,jour,hrmn,lum,agg,int,atm,col,com,gps,lat,long,dep
201800049149,18,6,7,2123,2,1,1,1.0,4.0,67365,M,4853000.0,771000.0,67
201800049150,18,6,5,1820,1,1,1,1.0,2.0,67043,M,4861472.0,772660.0,67
201800049151,18,6,12,850,1,1,1,1.0,4.0,67152,M,4852673.0,769477.0,67
201800049152,18,6,7,1455,1,1,1,1.0,3.0,67152,M,4852868.0,769397.0,67
201800049153,18,6,21,1647,1,1,1,7.0,2.0,67482,M,4856556.0,773286.0,67
201800049154,18,6,26,1730,1,1,1,1.0,4.0,67447,M,4860041.0,773558.0,67
201800049155,18,6,22,1325,1,1,1,1.0,7.0,67365,M,4853597.0,770832.0,67
201800049156,18,6,22,1600,1,1,1,1.0,2.0,67482,M,4857996.0,772428.0,67
201800049157,18,7,11,1810,1,1,1,1.0,2.0,67309,M,4864325.0,773194.0,67
201800049158,18,7,26,2155,3,1,1,1.0,2.0,67482,M,4856401.0,773303.0,67
201800049159,18,8,2,1810,1,1,9,1.0,2.0,67137,M,4850357.0,769374.0,67
201800049160,18,8,28,1630,1,1,9,1.0,4.0,67137,M,4850300.0,769360.0,67
201800049161,18,8,29,1755,1,1,1,1.0,2.0,67218,M,4554284.0,772370.0,67
201800049162,18,8,30,2320,3,1,1,1.0,7.0,67482,M,4857458.0,773058.0,67
201800049163,18,9,8,1123,1,1,1,1.0,2.0,67124,M,4852690.0,767858.0,67
201800049164,18,9,14,1415,1,1,1,1.0,3.0,67365,M,4853000.0,770000.0,67
201800049165,18,9,17,2130,3,1,1,1.0,4.0,67482,M,4859091.0,773400.0,67
201800049166,18,9,20,1041,1,1,1,1.0,4.0,67152,M,4852479.0,769557.0,67
201800049167,18,10,12,1626,1,1,1,1.0,4.0,67482,M,4857711.0,772692.0,67
201800049168,18,10,20,310,3,1,1,1.0,5.0,67471,M,4863765.0,772753.0,67
201800049169,18,10,27,1035,1,2,1,1.0,3.0,67137,M,4850376.0,769418.0,67
201800049170,18,10,29,1035,1,1,1,1.0,3.0,67365,M,4853590.0,770630.0,67
201800049171,18,11,2,700,1,1,1,1.0,3.0,67365,M,4853425.0,770021.0,67
201800049172,18,11,1,713,2,1,9,1.0,6.0,67389,M,4858300.0,745050.0,67
201800049173,18,11,5,1415,1,1,1,1.0,5.0,67218,M,4854401.0,773370.0,67
201800049174,18,11,12,957,1,1,1,1.0,4.0,67447,M,4860988.0,772694.0,67
201800049175,18,11,13,745,1,1,1,2.0,6.0,67482,M,4857448.0,773047.0,67
201800049176,18,11,23,1735,3,1,1,1.0,4.0,67482,M,4857075.0,773934.0,67
201800049177,18,11,24,1853,3,1,1,1.0,4.0,67447,M,4861103.0,772680.0,67
201800049178,18,11,20,2010,4,1,1,2.0,3.0,67218,M,4854383.0,772466.0,67
201800049179,18,12,3,1645,3,1,1,2.0,2.0,67309,M,4863605.0,772538.0,67
201800049180,18,12,6,1350,1,1,1,1.0,2.0,67482,M,4856683.0,773240.0,67
201800049181,18,12,10,1925,3,1,1,2.0,4.0,67482,M,4835038.0,743289.0,67
201800049182,18,12,12,450,3,1,1,5.0,7.0,67482,M,4857095.0,773546.0,67
201800049183,18,12,12,1500,1,1,1,1.0,4.0,67218,M,4850264.0,772007.0,67
201800049184,18,12,13,720,3,1,1,1.0,2.0,67152,M,4852459.0,765881.0,67
201800049185,18,12,18,1340,1,1,1,1.0,5.0,67482,M,4858931.0,773082.0,67
201800049186,18,12,18,1445,1,1,1,1.0,4.0,67152,M,4852469.0,769560.0,67
201800049187,18,12,19,1800,4,1,1,1.0,5.0,67482,M,4858760.0,771138.0,67
201800049188,18,12,21,1215,1,1,9,2.0,5.0,67218,M,4854697.0,772676.0,67
201800049189,18,1,1,1700,2,1,1,2.0,2.0,54528,M,4865050.0,587478.0,54
201800049190,18,1,5,1840,3,1,1,1.0,4.0,54578,M,4865730.0,612637.0,54
201800049191,18,1,9,1640,1,1,9,1.0,6.0,54167,M,4867490.0,592232.0,54
201800049192,18,2,4,1950,3,1,1,1.0,6.0,54123,M,4864000.0,614000.0,54
201800049193,18,3,4,2200,3,1,1,2.0,6.0,54060,M,4882300.0,610276.0,54
201800049194,18,3,9,1025,1,1,1,2.0,4.0,54328,M,4861199.0,617691.0,54
201800049195,18,3,20,845,1,1,1,1.0,4.0,54320,M,4885800.0,608800.0,54
201800049196,18,4,3,800,1,1,1,1.0,4.0,54060,M,4882304.0,610280.0,54
201800049197,18,4,12,1800,1,1,1,1.0,4.0,54547,M,4865612.0,618461.0,54
201800049198,18,5,2,745,1,1,1,1.0,5.0,54462,M,4860089.0,633875.0,54
201800049199,18,6,4,800,1,1,1,1.0,2.0,54328,M,4862679.0,618378.0,54
201800049200,18,6,8,1910,1,1,1,1.0,2.0,54265,M,4863800.0,618120.0,54
201800049201,18,6,14,1535,1,1,1,1.0,4.0,54197,M,4861835.0,620784.0,54
201800049202,18,7,6,2030,1,1,1,1.0,6.0,54115,M,4869358.0,608088.0,54
201800049203,18,7,9,1735,1,1,1,1.0,2.0,54123,M,4877917.0,614457.0,54
201800049204,18,6,27,840,1,1,1,1.0,3.0,54232,M,4869068.0,603211.0,54
201800049205,18,7,23,1620,1,1,1,1.0,4.0,54528,M,4865529.0,588969.0,54
201800049206,18,7,27,553,3,1,1,1.0,3.0,54167,M,4867332.0,592017.0,54
201800049207,18,8,20,750,1,1,1,1.0,2.0,54265,M,4863060.0,617855.0,54
201800049208,18,8,19,510,3,1,1,1.0,7.0,54027,M,4889566.0,610292.0,54
201800049209,18,8,31,1140,1,1,1,1.0,2.0,54312,M,4893921.0,611240.0,54
201800049210,18,9,16,523,3,1,1,1.0,2.0,54312,M,4993298.0,611180.0,54
201800049211,18,10,1,1730,1,1,1,1.0,5.0,54483,M,4861753.0,628882.0,54
201800049212,18,11,12,1722,3,1,1,3.0,5.0,54115,M,4873192.0,615919.0,54
201800049213,18,11,16,1320,1,1,9,1.0,2.0,54547,M,4864522.0,614474.0,54
201800049214,18,11,18,600,3,1,1,1.0,2.0,54328,M,4861544.0,617903.0,54
201800049215,18,11,20,1005,1,1,1,1.0,5.0,54232,M,4868406.0,594934.0,54
201800049216,18,1,11,1701,2,1,1,1.0,2.0,57039,M,4903787.0,612395.0,57
201800049217,18,1,27,215,3,1,1,1.0,7.0,57534,M,4908780.0,616789.0,57
201800049218,18,1,26,1850,3,1,9,1.0,6.0,57487,M,4909867.0,611725.0,57
201800049219,18,2,11,1933,3,1,1,1.0,2.0,57096,M,4939606.0,594967.0,57
201800049220,18,2,16,1430,1,1,1,1.0,5.0,57137,M,4897138.0,610465.0,57
201800049221,18,2,20,820,1,1,1,1.0,6.0,57463,M,4914366.0,618474.0,57
201800049222,18,2,27,1016,1,1,1,4.0,3.0,57226,M,4934225.0,599383.0,57
201800049223,18,2,27,1037,1,1,1,1.0,3.0,57356,M,4943753.0,611706.0,57
201800049224,18,3,3,945,1,1,1,2.0,7.0,57043,M,4924410.0,617889.0,57
201800049225,18,3,19,535,3,1,9,4.0,2.0,57487,M,4909319.0,611110.0,57
201800049226,18,3,30,510,3,1,1,1.0,3.0,57226,M,4935065.0,598488.0,57
201800049227,18,4,1,125,3,1,1,1.0,3.0,57206,M,4930853.0,611861.0,57
201800049228,18,4,17,1315,1,1,1,1.0,2.0,57672,M,4934995.0,614971.0,57
201800049229,18,4,19,1900,1,1,1,1.0,2.0,57666,M,4934951.0,615177.0,57
201800049230,18,4,20,1608,1,1,1,1.0,4.0,57672,M,4939265.0,611010.0,57
201800049231,18,5,5,1537,1,1,1,1.0,2.0,57356,M,4934995.0,614971.0,57
201800049232,18,5,10,1305,1,1,9,1.0,2.0,57672,M,4939949.0,611484.0,57
201800049233,18,5,16,1815,1,1,1,1.0,6.0,57463,M,4912976.0,616500.0,57
201800049234,18,5,21,700,1,1,1,1.0,7.0,57226,M,4937046.0,598216.0,57
201800049235,18,5,26,50,3,1,1,1.0,6.0,57269,M,4929875.0,620283.0,57
201800049236,18,6,15,1705,1,1,1,1.0,7.0,57672,M,4934787.0,616709.0,57
201800049237,18,6,21,900,1,1,1,1.0,4.0,57764,M,4946916.0,612138.0,57
201800049238,18,7,4,2235,3,1,1,1.0,2.0,57672,M,4940263.0,611166.0,57
201800049239,18,7,7,1530,1,1,1,1.0,4.0,57672,M,4934960.0,615090.0,57
201800049240,18,7,8,315,3,1,1,1.0,7.0,57751,M,4917106.0,618017.0,57
201800049241,18,7,4,1410,1,1,1,1.0,5.0,57672,M,4934788.0,616838.0,57
201800049242,18,7,20,1630,1,1,9,1.0,7.0,57269,M,4929521.0,618068.0,57
201800049243,18,7,22,920,1,1,1,1.0,4.0,57474,M,4963200.0,662200.0,57
201800049244,18,8,17,2215,3,2,9,1.0,7.0,57463,M,4911280.0,616619.0,57
201800049245,18,9,13,1400,1,1,1,2.0,6.0,57463,M,4912560.0,616058.0,57
201800049246,18,9,12,844,1,1,1,1.0,4.0,57582,M,4928333.0,616666.0,57
201800049247,18,9,18,1755,1,1,1,1.0,4.0,57498,M,4919387.0,602237.0,57
201800049248,18,9,26,800,1,1,1,1.0,3.0,57463,M,4910996.0,623569.0,57
201800049249,18,10,19,752,2,1,1,1.0,5.0,57356,M,4943330.0,611667.0,57
201800049250,18,10,29,320,3,1,1,2.0,3.0,57672,M,4936640.0,610690.0,57
201800049251,18,11,5,1200,1,1,1,1.0,2.0,57463,M,4913022.0,616663.0,57
201800049252,18,11,12,2000,3,1,1,3.0,2.0,57194,M,4942470.0,611076.0,57
201800049253,18,11,16,2240,3,1,1,1.0,2.0,57303,M,4920006.0,617022.0,57
201800049254,18,11,23,1730,3,1,1,1.0,2.0,57672,M,4936159.0,610683.0,57
201800049255,18,11,13,1735,1,1,9,1.0,2.0,57039,M,4907388.0,611136.0,57
201800049256,18,12,12,110,3,1,1,8.0,6.0,57480,M,4910640.0,614570.0,57
201800049257,18,1,1,640,5,1,1,1.0,6.0,42218,M,4541997.0,441039.0,42
201800049258,18,12,31,700,3,1,9,1.0,6.0,42218,M,4542063.0,441059.0,42
201800049259,18,12,31,2250,3,1,1,2.0,2.0,42237,M,4544683.0,442526.0,42
201800049260,18,1,26,1430,1,1,1,2.0,3.0,69228,M,4554304.0,465668.0,69
201800049261,18,2,12,1000,1,1,1,8.0,3.0,42207,M,4547965.0,450088.0,42
201800049262,18,2,14,1335,1,1,1,1.0,2.0,42307,M,4555137.0,468083.0,42
201800049263,18,2,25,930,1,1,1,1.0,7.0,42097,M,4548768.0,432369.0,42
201800049264,18,3,14,2140,3,1,1,1.0,6.0,42218,M,4544255.0,442984.0,42
201800049265,18,3,12,1920,3,1,1,1.0,3.0,42097,M,4549387.0,431816.0,42
201800049266,18,4,1,140,3,1,9,1.0,6.0,42110,M,4549463.0,453225.0,42
201800049267,18,4,25,1300,1,1,1,1.0,3.0,42218,M,4545642.0,441043.0,42
201800049268,18,5,9,1750,1,1,1,1.0,2.0,42218,M,4543461.0,443045.0,42
201800049269,18,5,6,2000,2,1,1,1.0,2.0,42307,M,4554001.0,466001.0,42
201800049270,18,5,25,1700,1,1,1,1.0,7.0,42083,M,4555048.0,467931.0,42
201800049271,18,5,18,1435,1,1,1,1.0,3.0,42207,M,4545443.0,447989.0,42
201800049272,18,5,24,845,1,1,1,1.0,4.0,42123,M,4550256.0,456460.0,42
201800049273,18,5,28,1330,1,1,1,2.0,2.0,42044,M,4539670.0,435059.0,42
201800049274,18,5,18,10,3,1,1,1.0,3.0,42218,M,4545524.0,441204.0,42
201800049275,18,6,21,1020,1,1,1,1.0,2.0,42183,M,4539706.0,435421.0,42
201800049276,18,6,26,1745,1,1,1,1.0,2.0,42103,M,4549721.0,455813.0,42
201800049277,18,6,26,2000,1,1,1,1.0,6.0,42218,M,4543406.0,442180.0,42
201800049278,18,7,12,2140,2,1,1,1.0,2.0,42307,M,4554912.0,467574.0,42
201800049279,18,7,7,2240,3,1,1,1.0,3.0,42218,M,4543367.0,441814.0,42
201800049280,18,7,11,1710,1,1,1,1.0,2.0,42218,M,4546324.0,440004.0,42
201800049281,18,7,20,1730,1,1,1,2.0,3.0,42044,M,4539277.0,432166.0,42
201800049282,18,8,10,1620,1,1,1,1.0,7.0,42218,M,4546551.0,437945.0,42
201800049283,18,8,8,2330,3,1,1,1.0,3.0,42237,M,4544485.0,446574.0,42
201800049284,18,8,14,1530,1,1,1,1.0,3.0,42237,M,4544206.0,446237.0,42
201800049285,18,9,14,605,3,1,1,1.0,7.0,42207,M,4549180.0,451899.0,42
201800049286,18,9,26,1750,1,1,1,1.0,4.0,42218,M,4543613.0,444383.0,42
201800049287,18,10,6,1350,1,1,1,1.0,2.0,42307,M,4554360.0,466141.0,42
201800049288,18,10,16,1640,1,1,1,1.0,3.0,69091,M,4557379.0,471525.0,69
201800049289,18,10,20,630,5,1,1,1.0,6.0,42207,M,4546348.0,434063.0,42
201800049290,18,10,25,1620,1,1,1,1.0,2.0,42186,M,4552943.0,461200.0,42
201800049291,18,10,28,1120,1,1,9,8.0,3.0,42044,M,4539539.0,434063.0,42
201800049292,18,10,12,1840,1,1,1,1.0,2.0,42218,M,4545001.0,442062.0,42
201800049293,18,11,14,1820,3,1,1,1.0,3.0,42005,M,4553188.0,428434.0,42
201800049294,18,11,25,2335,3,1,1,1.0,4.0,42110,M,4549600.0,455645.0,42
201800049295,18,12,7,1800,3,1,1,1.0,3.0,42330,M,4547520.0,435990.0,42
201800049296,18,10,2,715,2,1,1,1.0,4.0,42044,M,4539538.0,434141.0,42
201800049297,18,12,16,145,3,1,1,2.0,2.0,42186,M,4553125.0,461702.0,42
201800049298,18,12,9,2155,3,1,1,1.0,3.0,42044,M,4539444.0,433069.0,42
201800049299,18,1,1,600,5,1,1,1.0,7.0,69382,M,4575215.0,482051.0,69
201800049300,18,12,29,1705,3,1,1,1.0,4.0,69382,M,4574900.0,482700.0,69
201800049301,18,1,3,730,2,1,1,2.0,2.0,69199,M,4571164.0,484345.0,69
201800049302,18,1,4,1910,3,1,1,1.0,4.0,69276,M,4568380.0,485413.0,69
201800049303,18,1,8,1630,1,1,1,1.0,5.0,69259,M,4571645.0,485009.0,69
201800049304,18,1,11,1345,1,1,1,1.0,4.0,69266,M,4575389.0,490792.0,69
201800049305,18,1,13,310,4,1,1,1.0,7.0,69199,M,4569400.0,484452.0,69
201800049306,18,2,10,110,3,1,1,3.0,4.0,01249,M,4548333.0,455591.0,01
201800049307,18,1,18,600,3,1,1,1.0,7.0,69295,M,4560105.0,485675.0,69
201800049308,18,1,19,2150,5,1,1,2.0,6.0,69029,M,4573618.0,490172.0,69
201800049309,18,12,17,1045,1,1,1,1.0,6.0,01275,M,4589400.0,492600.0,01
201800049310,18,1,18,1930,3,1,1,2.0,2.0,69385,M,4578253.0,478238.0,69
201800049311,18,12,21,750,2,1,1,1.0,2.0,69029,M,4574042.0,490502.0,69
201800049312,18,1,19,2140,5,1,1,2.0,6.0,69029,M,4573712.0,490301.0,69
201800049313,18,1,14,2000,3,1,1,1.0,4.0,69029,M,4572788.0,490643.0,69
201800049314,18,1,23,835,1,1,1,1.0,4.0,69290,M,4569266.0,498594.0,69
201800049315,18,1,11,1810,5,1,1,1.0,2.0,69029,M,4572000.0,489000.0,69
201800049316,18,1,24,1115,1,1,1,1.0,4.0,69282,M,4576000.0,498000.0,69
201800049317,18,1,28,725,2,1,1,1.0,7.0,69295,M,,,69
201800049318,18,2,1,1435,1,1,1,1.0,2.0,69382,M,4573176.0,481641.0,69
201800049319,18,2,1,1420,1,1,1,1.0,4.0,69029,M,4574480.0,490640.0,69
201800049320,18,1,29,1900,2,1,1,2.0,2.0,69290,M,4569905.0,497475.0,69
201800049321,18,2,4,1855,3,1,1,1.0,6.0,69283,M,4567000.0,495000.0,69
201800049322,18,2,5,2145,3,1,1,1.0,7.0,69091,M,,,69
201800049323,18,2,4,305,5,1,1,1.0,2.0,69152,M,4570330.0,483458.0,69
201800049324,18,2,10,1810,5,1,9,1.0,4.0,69275,M,,,69
201800049325,18,1,28,1,3,1,1,1.0,2.0,69117,M,,,69
201800049326,18,2,18,330,5,1,1,1.0,6.0,69259,M,4571999.0,488024.0,69
201800049327,18,1,26,2225,3,1,1,2.0,3.0,38087,M,4558261.0,480108.0,38
201800049328,18,1,29,2110,5,1,1,1.0,3.0,69163,M,,,69
201800049329,18,2,23,200,5,1,1,1.0,2.0,69259,M,4571986.0,488014.0,69
201800049330,18,2,21,1815,1,1,1,1.0,4.0,69199,M,4568314.0,484710.0,69
201800049331,18,2,23,2025,3,1,1,1.0,2.0,69199,M,4569621.0,484489.0,69
201800049332,18,2,22,1830,5,1,1,1.0,3.0,69029,M,4572771.0,490692.0,69
201800049333,18,1,25,730,2,1,9,1.0,2.0,01049,M,4584595.0,501384.0,01
201800049334,18,2,26,910,1,1,1,1.0,4.0,69259,M,4568486.0,487900.0,69
201800049335,18,2,24,1050,1,2,1,1.0,2.0,69259,M,4571777.0,486257.0,69
201800049336,18,2,25,745,2,1,9,1.0,2.0,69276,M,4567597.0,484775.0,69
201800049337,18,3,2,2035,3,1,9,1.0,4.0,69256,M,4580243.0,492655.0,69
201800049338,18,3,11,110,5,1,1,1.0,3.0,69382,M,4574116.0,482426.0,69
201800049339,18,5,18,1530,1,1,1,1.0,4.0,38087,M,4557316.0,480990.0,38
201800049340,18,2,18,1420,1,1,1,1.0,3.0,69193,M,4552333.0,486019.0,69
201800049341,18,3,12,2000,5,1,1,1.0,2.0,69029,M,4573923.0,490439.0,69
201800049342,18,3,15,740,1,1,1,1.0,4.0,69388,M,4579358.0,487711.0,69
201800049343,18,3,15,1830,5,1,1,1.0,2.0,69029,M,4572302.0,492634.0,69
201800049344,18,2,27,1830,2,1,1,1.0,3.0,69266,M,4577823.0,489600.0,69
201800049345,18,3,10,515,5,1,1,2.0,2.0,69276,M,4568388.0,485472.0,69
201800049346,18,3,15,1230,1,1,9,3.0,3.0,69256,M,4580316.0,492623.0,69
201800049347,18,3,17,800,1,1,1,2.0,7.0,69029,M,4572901.0,489576.0,69
201800049348,18,3,2,1745,1,1,1,1.0,4.0,01275,M,4580677.0,492219.0,01
201800049349,18,3,18,2038,3,1,1,1.0,2.0,69256,M,4579491.0,492657.0,69
201800049350,18,3,9,1505,1,1,1,1.0,4.0,69297,M,4560204.0,479653.0,69
201800049351,18,3,25,620,4,1,1,1.0,6.0,69029,M,4572623.0,491712.0,69
201800049352,18,3,7,2000,5,1,1,1.0,6.0,69275,M,4577397.0,498414.0,69
201800049353,18,3,27,930,1,1,1,1.0,4.0,69029,M,4573833.0,490432.0,69
201800049354,18,3,29,711,5,1,1,9.0,2.0,69034,M,4578881.0,486558.0,69
201800049355,18,3,28,1015,1,1,1,1.0,3.0,69275,M,4577701.0,497637.0,69
201800049356,18,3,31,900,1,1,1,1.0,2.0,69081,M,4578002.0,478080.0,69
201800049357,18,4,4,1910,1,1,1,3.0,4.0,69266,M,4578031.0,489431.0,69
201800049358,18,3,29,1705,1,1,1,1.0,4.0,69275,M,4577721.0,497423.0,69
201800049359,18,4,7,2110,3,1,1,1.0,6.0,69059,M,4592838.0,474489.0,69
201800049360,18,4,7,2255,3,1,1,1.0,2.0,01376,M,4581802.0,498549.0,01
201800049361,18,4,9,1630,1,1,1,1.0,5.0,69266,M,4575692.0,490894.0,69
201800049362,18,3,27,800,1,1,1,1.0,4.0,69290,M,4569380.0,498406.0,69
201800049363,18,1,21,730,3,1,1,1.0,6.0,69297,M,4559973.0,479585.0,69
201800049364,18,4,20,1730,1,1,1,1.0,2.0,69152,M,4569310.0,482440.0,69
201800049365,18,4,21,210,5,1,1,1.0,5.0,69142,M,4572305.0,481766.0,69
201800049366,18,4,18,900,1,1,1,1.0,2.0,69382,M,4574409.0,482697.0,69
201800049367,18,4,2,2120,3,1,9,1.0,6.0,69116,M,4582629.0,476285.0,69
201800049368,18,4,27,225,3,1,1,1.0,6.0,69149,M,4570909.0,482913.0,69
201800049369,18,3,23,745,1,1,1,1.0,2.0,69287,M,4568971.0,499124.0,69
201800049370,18,4,26,1009,1,1,1,1.0,4.0,69297,M,4559270.0,479709.0,69
201800049371,18,4,27,1800,1,1,1,1.0,5.0,69266,M,4579010.0,488441.0,69
201800049372,18,4,25,1545,1,1,1,1.0,2.0,69059,M,4590816.0,485810.0,69
201800049373,18,4,25,1910,1,1,1,1.0,4.0,69382,M,4575271.0,481985.0,69
201800049374,18,4,30,1815,1,1,1,1.0,4.0,69029,M,4572660.0,491533.0,69
201800049375,18,4,18,610,2,1,1,1.0,6.0,69270,M,4565071.0,491949.0,69
201800049376,18,4,19,715,2,1,1,1.0,4.0,69385,M,4575000.0,482000.0,69
201800049377,18,5,8,1110,1,1,1,1.0,6.0,69295,M,4561000.0,487000.0,69
201800049378,18,5,11,2015,1,1,1,1.0,2.0,69122,M,4591000.0,472000.0,69
201800049379,18,5,16,1350,1,1,1,1.0,4.0,69029,M,4572000.0,490000.0,69
201800049380,18,5,6,1935,1,1,1,1.0,7.0,69288,M,4566758.0,504406.0,69
201800049381,18,5,20,210,3,1,1,1.0,2.0,69294,M,,,69
201800049382,18,5,20,1645,1,1,1,1.0,2.0,69034,M,4578822.0,486305.0,69
201800049383,18,5,23,2045,1,1,1,1.0,3.0,69275,M,4577792.0,496749.0,69
201800049384,18,5,30,2025,2,1,1,2.0,6.0,69286,M,4580576.0,492466.0,69
201800049385,18,5,26,115,3,1,1,1.0,4.0,69277,M,4573783.0,498388.0,69
201800049386,18,5,31,1810,1,1,1,1.0,5.0,69027,M,4566316.0,475847.0,69
201800049387,18,5,23,2155,3,1,1,1.0,2.0,38184,M,4566527.0,505923.0,38
201800049388,18,6,3,1500,1,1,1,1.0,4.0,69281,M,4560497.0,485936.0,69
201800049389,18,5,30,2100,2,1,1,2.0,3.0,69266,M,4579133.0,488303.0,69
201800049390,18,6,11,20,3,1,1,1.0,6.0,69116,M,4583781.0,475224.0,69
201800049391,18,6,4,2350,3,1,1,1.0,2.0,69273,M,4567047.0,489841.0,69
201800049392,18,5,28,1850,1,1,1,3.0,2.0,69283,M,4567150.0,493849.0,69
201800049393,18,6,20,1240,1,1,1,1.0,4.0,69282,M,4575260.0,501342.0,69
201800049394,18,6,21,1240,1,1,1,1.0,7.0,69281,M,4562340.0,489370.0,69
201800049395,18,6,21,1300,1,1,1,1.0,6.0,69295,M,4561518.0,488630.0,69
201800049396,18,6,23,1630,1,1,1,1.0,6.0,69285,M,4576660.0,505999.0,69
201800049397,18,6,22,1400,1,1,1,1.0,3.0,69142,M,4573051.0,481541.0,69
201800049398,18,6,25,900,1,1,1,1.0,4.0,38087,M,4558305.0,480106.0,38
201800049399,18,6,29,2100,1,1,1,1.0,4.0,69152,M,4570646.0,483161.0,69
201800049400,18,6,26,645,1,1,1,1.0,2.0,69266,M,4576250.0,490978.0,69
201800049401,18,7,3,2200,2,1,1,1.0,7.0,69283,M,4566023.0,492245.0,69
201800049402,18,6,30,1310,1,1,1,1.0,2.0,69142,M,4573091.0,481573.0,69
201800049403,18,7,4,1810,1,1,1,1.0,7.0,69272,M,4559300.0,484600.0,69
201800049404,18,7,8,1440,1,1,1,1.0,6.0,69297,M,4558790.0,478291.0,69
201800049405,18,6,10,1745,1,1,1,1.0,5.0,69081,M,4577637.0,478241.0,69
201800049406,18,7,7,920,1,1,1,1.0,3.0,69272,M,4559136.0,483617.0,69
201800049407,18,7,13,1240,1,1,1,1.0,4.0,69270,M,4564894.0,491849.0,69
201800049408,18,7,13,1630,1,1,1,1.0,4.0,69295,M,4559113.0,483366.0,69
201800049409,18,7,11,1514,1,1,1,1.0,3.0,69290,M,4569422.0,493567.0,69
201800049410,18,7,14,1105,1,1,1,1.0,7.0,69055,M,4886272.0,228759.0,69
201800049411,18,7,19,1430,1,1,1,1.0,3.0,69266,M,4578644.0,488860.0,69
201800049412,18,7,15,540,2,1,1,1.0,3.0,69266,M,4576506.0,490706.0,69
201800049413,18,7,23,1435,1,1,1,1.0,4.0,69266,M,4577857.0,489598.0,69
201800049414,18,7,25,510,4,1,1,1.0,2.0,01275,M,4580961.0,493353.0,01
201800049415,18,7,28,2308,3,1,1,1.0,2.0,38544,M,4550354.0,484725.0,38
201800049416,18,7,29,405,3,1,1,1.0,2.0,69072,M,4582084.0,476468.0,69
201800049417,18,7,29,920,1,1,1,1.0,2.0,69029,M,4572592.0,489347.0,69
201800049418,18,7,27,1420,1,1,1,1.0,7.0,69271,M,4575301.0,498564.0,69
201800049419,18,7,26,1730,1,1,1,1.0,4.0,69283,M,4567140.0,493828.0,69
201800049420,18,8,1,1600,1,1,1,1.0,2.0,69081,M,4577633.0,478240.0,69
201800049421,18,7,26,940,1,1,1,1.0,5.0,69152,M,4570387.0,482075.0,69
201800049422,18,7,26,1740,1,1,1,1.0,4.0,69276,M,4568512.0,485763.0,69
201800049423,18,8,5,1325,1,1,1,1.0,2.0,69115,M,4597299.0,473155.0,69
201800049424,18,7,23,210,3,1,1,1.0,6.0,38087,M,4557552.0,480594.0,38
201800049425,18,8,11,335,3,1,1,1.0,5.0,69199,M,4568895.0,484611.0,69
201800049426,18,7,11,1025,1,1,1,1.0,2.0,69290,M,4571237.0,496916.0,69
201800049427,18,8,15,300,3,1,1,1.0,6.0,69199,M,4569440.0,484207.0,69
201800049428,18,8,16,300,3,1,1,1.0,2.0,69295,M,4560791.0,486191.0,69
201800049429,18,6,17,1734,1,1,9,1.0,2.0,01275,M,4581271.0,494438.0,01
201800049430,18,8,17,1339,1,1,1,1.0,5.0,69199,M,4569989.0,484571.0,69
201800049431,18,8,17,1800,1,1,1,1.0,3.0,69193,M,4550802.0,484461.0,69
201800049432,18,8,23,300,4,1,1,1.0,6.0,69283,M,4567361.0,494828.0,69
201800049433,18,8,25,130,3,1,1,1.0,6.0,69282,M,4575022.0,500571.0,69
201800049434,18,8,26,830,1,1,1,1.0,2.0,69389,M,4576410.0,480200.0,69
201800049435,18,7,31,1230,1,1,9,1.0,3.0,69029,M,4572710.0,491330.0,69
201800049436,18,8,31,1900,2,1,1,1.0,2.0,69290,M,4570016.0,496626.0,69
201800049437,18,9,1,500,3,1,1,1.0,2.0,69296,M,4563634.0,482184.0,69
201800049438,18,8,22,740,1,1,1,1.0,5.0,69259,M,4571790.0,486623.0,69
201800049439,18,9,8,2135,5,1,1,1.0,4.0,69389,M,4579351.0,482063.0,69
201800049440,18,9,12,730,2,1,1,1.0,4.0,69266,M,4575543.0,490863.0,69
201800049441,18,7,20,2216,3,1,1,2.0,2.0,69193,M,,,69
201800049442,18,9,14,1805,1,1,1,1.0,4.0,69286,M,4580687.0,492203.0,69
201800049443,18,9,10,745,1,1,1,1.0,4.0,69271,M,4573598.0,498205.0,69
201800049444,18,9,13,1450,1,1,1,1.0,4.0,69266,M,4576838.0,490420.0,69
201800049445,18,9,20,2100,3,1,1,1.0,2.0,69152,M,4570258.0,483499.0,69
201800049446,18,9,23,1130,1,1,1,1.0,7.0,01275,M,4580737.0,492706.0,01
201800049447,18,9,13,845,1,1,1,1.0,7.0,69029,M,4572788.0,490578.0,69
201800049448,18,9,27,310,3,1,1,1.0,3.0,69276,M,4567639.0,484788.0,69
201800049449,18,9,30,710,3,1,1,1.0,2.0,69290,M,4571157.0,496843.0,69
201800049450,18,10,3,1420,1,1,1,1.0,2.0,69034,M,4578814.0,486023.0,69
201800049451,18,9,30,920,1,1,1,1.0,4.0,69382,M,4573682.0,482051.0,69
201800049452,18,10,4,1730,1,1,1,1.0,2.0,69266,M,4575828.0,490906.0,69
201800049453,18,7,8,1800,1,2,9,1.0,2.0,38544,M,4553621.0,486979.0,38
201800049454,18,10,4,1800,1,1,1,1.0,5.0,69199,M,4569825.0,484537.0,69