Num_Acc,an,mois,jour,hrmn,lum,agg,int,atm,col,com,gps,lat,long,dep
201800049455,18,10,6,230,3,1,1,1.0,6.0,01249,M,4581413.0,495184.0,01
201800049456,18,10,6,2055,5,1,9,1.0,2.0,69389,M,4576291.0,480354.0,69
201800049457,18,10,5,1740,1,1,1,1.0,4.0,01275,M,4580700.0,492165.0,01
201800049458,18,10,7,1325,1,1,1,8.0,7.0,69281,M,4562095.0,489291.0,69
201800049459,18,10,10,1545,1,1,1,1.0,2.0,69287,M,4568128.0,501694.0,69
201800049460,18,9,18,830,1,1,9,1.0,3.0,69199,M,4571624.0,484756.0,69
201800049461,18,10,11,900,1,1,1,1.0,2.0,69259,M,4568510.0,487863.0,69
201800049462,18,10,11,950,1,1,9,1.0,4.0,69273,M,4568676.0,486361.0,69
201800049463,18,10,12,1430,1,1,1,1.0,2.0,69033,M,4586598.0,490562.0,69
201800049464,18,9,23,308,4,1,1,1.0,2.0,69382,M,4575170.0,482085.0,69
201800049465,18,10,15,2054,3,1,1,1.0,4.0,69116,M,4580263.0,477198.0,69
201800049466,18,10,16,330,3,1,1,1.0,3.0,69286,M,4585230.0,490991.0,69
201800049467,18,10,17,1619,1,1,1,1.0,6.0,69277,M,4573874.0,498464.0,69
201800049468,18,10,18,355,3,1,1,1.0,6.0,69275,M,4575625.0,498534.0,69
201800049469,18,10,18,620,5,1,1,1.0,6.0,69199,M,4568104.0,484693.0,69
201800049470,18,10,18,1020,1,1,1,1.0,4.0,69389,M,4576580.0,479910.0,69
201800049471,18,10,12,1440,1,1,1,1.0,3.0,69297,M,4558843.0,479258.0,69
201800049472,18,10,19,2025,3,1,1,1.0,7.0,69199,M,4569355.0,484387.0,69
201800049473,18,10,21,1230,1,1,1,1.0,3.0,69199,M,4571618.0,484693.0,69
201800049474,18,6,18,1915,1,1,1,1.0,4.0,01275,M,4580000.0,492000.0,01
201800049475,18,10,22,1720,5,1,1,1.0,5.0,69389,M,4575677.0,481491.0,69
201800049476,18,10,23,1250,1,1,1,1.0,3.0,69297,M,4558800.0,479000.0,69
201800049477,18,10,19,915,1,1,1,1.0,4.0,69259,M,4571891.0,487717.0,69
201800049478,18,10,21,1945,3,1,1,1.0,2.0,01275,M,4581111.0,493777.0,01
201800049479,18,10,26,1915,3,1,1,1.0,4.0,69290,M,4570580.0,495934.0,69
201800049480,18,10,26,2040,3,1,1,2.0,2.0,69296,M,4566052.0,484184.0,69
201800049481,18,3,27,1440,1,1,1,1.0,2.0,38557,M,4576600.0,507200.0,38
201800049482,18,10,27,445,4,1,1,2.0,5.0,69152,M,4569686.0,483789.0,69
201800049483,18,10,19,1555,1,1,1,1.0,4.0,69266,M,4575000.0,490000.0,69
201800049484,18,11,4,340,4,1,1,2.0,6.0,69029,M,4574698.0,490688.0,69
201800049485,18,10,28,1720,3,1,1,2.0,2.0,69277,M,4573342.0,498017.0,69
201800049486,18,10,26,1700,1,1,1,1.0,3.0,69290,M,4570584.0,496690.0,69
201800049487,18,11,10,1315,1,1,1,1.0,6.0,69276,M,4567902.0,484848.0,69
201800049488,18,10,19,1940,3,1,1,1.0,4.0,69256,M,4579182.0,491259.0,69
201800049489,18,11,12,1840,3,1,1,1.0,2.0,69271,M,4572859.0,497693.0,69
201800049490,18,11,16,315,5,1,1,1.0,2.0,69382,M,4575216.0,482030.0,69
201800049491,18,11,18,1100,1,1,1,1.0,2.0,69288,M,4567060.0,504610.0,69
201800049492,18,11,21,800,2,1,1,8.0,3.0,69152,M,4569842.0,483643.0,69
201800049493,18,11,17,930,1,1,1,2.0,2.0,38544,M,4554353.0,484979.0,38
201800049494,18,10,17,1110,1,1,9,1.0,3.0,69029,M,4572457.0,489550.0,69
201800049495,18,11,25,2145,3,1,1,2.0,3.0,69275,M,4577849.0,496338.0,69
201800049496,18,7,20,1620,1,1,1,1.0,4.0,69290,M,4569889.0,497500.0,69
201800049497,18,11,24,2100,3,1,1,1.0,2.0,69199,M,4568673.0,484649.0,69
201800049498,18,11,27,1930,3,1,1,1.0,2.0,69275,M,4576550.0,498513.0,69
201800049499,18,11,26,1920,5,1,1,2.0,4.0,69029,M,4573291.0,490000.0,69
201800049500,18,11,30,2035,5,2,1,1.0,4.0,69029,M,4574398.0,490609.0,69
201800049501,18,12,2,130,5,1,1,2.0,2.0,69029,M,4574573.0,490653.0,69
201800049502,18,12,2,145,3,1,1,2.0,2.0,69275,M,4575578.0,498535.0,69
201800049503,18,12,1,1725,3,1,1,1.0,3.0,69276,M,4567030.0,484640.0,69
201800049504,18,12,3,1050,1,2,1,1.0,2.0,38544,M,4553469.0,487232.0,38
201800049505,18,12,5,1240,1,1,1,1.0,2.0,69091,M,4558981.0,477581.0,69
201800049506,18,12,6,730,3,1,9,2.0,3.0,69283,M,4565945.0,492242.0,69
201800049507,18,12,5,1955,5,1,1,8.0,3.0,69256,M,4580258.0,492639.0,69
201800049508,18,12,11,1755,2,1,1,1.0,3.0,69271,M,4574928.0,498737.0,69
201800049509,18,12,4,1320,1,1,1,1.0,5.0,69275,M,4578529.0,495587.0,69
201800049510,18,12,13,545,5,1,1,1.0,2.0,69029,M,4574900.0,490700.0,69
201800049511,18,12,14,605,3,1,1,1.0,2.0,69286,M,4584490.0,491341.0,69
201800049512,18,12,16,410,3,1,9,3.0,6.0,01275,M,,,01
201800049513,18,12,16,1405,1,1,1,1.0,2.0,69266,M,4575356.0,490799.0,69
201800049514,18,12,17,1400,1,1,1,2.0,3.0,69199,M,4570196.0,484530.0,69
201800049515,18,12,15,1530,1,1,1,1.0,4.0,69382,M,4574554.0,482811.0,69
201800049516,18,12,10,150,3,1,1,3.0,6.0,69256,M,4580457.0,492615.0,69
201800049517,18,12,20,55,3,1,1,1.0,6.0,01275,M,,,01
201800049518,18,12,13,1313,1,1,1,1.0,6.0,69389,M,4578666.0,480499.0,69
201800049519,18,11,23,1800,2,1,1,3.0,2.0,69271,M,4572442.0,497912.0,69
201800049520,18,12,26,1215,1,1,1,1.0,6.0,01248,M,4588520.0,489391.0,01
201800049521,18,12,15,2330,3,1,1,2.0,5.0,69081,M,4577094.0,479127.0,69
201800049522,18,12,30,1125,1,1,1,1.0,3.0,69259,M,4571744.0,486053.0,69
201800049523,18,12,31,2345,5,1,1,1.0,6.0,83137,M,4312132.0,595331.0,83
201800049524,18,1,8,1220,1,1,1,3.0,2.0,83144,M,4313349.0,598476.0,83
201800049525,18,1,8,1545,1,1,1,3.0,6.0,83035,M,4316144.0,576743.0,83
201800049526,18,1,10,1800,3,1,1,1.0,5.0,83144,M,4313349.0,598476.0,83
201800049527,18,1,15,1345,1,1,1,1.0,3.0,83137,M,4312132.0,595331.0,83
201800049528,18,1,19,2055,3,1,1,1.0,6.0,83144,M,4313000.0,598000.0,83
201800049529,18,1,20,445,5,1,1,1.0,6.0,83137,M,4312093.0,594350.0,83
201800049530,18,1,23,1815,3,1,1,1.0,3.0,83144,M,4313349.0,598476.0,83
201800049531,18,1,26,620,3,1,1,1.0,2.0,83069,M,4312312.0,609686.0,83
201800049532,18,1,28,120,3,1,1,1.0,2.0,83027,M,4317871.0,576961.0,83
201800049533,18,1,30,2030,3,1,1,1.0,6.0,83062,M,4314340.0,601420.0,83
201800049534,18,2,14,1840,2,1,1,1.0,4.0,83069,M,4312312.0,609686.0,83
201800049535,18,2,15,805,1,1,1,2.0,5.0,83137,M,4312132.0,595331.0,83
201800049536,18,2,16,1715,1,1,1,1.0,4.0,83144,M,4313349.0,598476.0,83
201800049537,18,2,22,1355,1,1,1,1.0,2.0,83137,M,4312093.0,594350.0,83
201800049538,18,2,22,1850,3,1,1,2.0,4.0,83144,M,4313349.0,598476.0,83
201800049539,18,3,2,1800,1,1,1,1.0,2.0,83144,M,4313349.0,598476.0,83
201800049540,18,3,3,1746,1,1,1,1.0,6.0,13028,M,,,13
201800049541,18,3,4,1338,1,1,1,2.0,2.0,83027,M,4317871.0,678696.0,83
201800049542,18,3,8,656,2,1,1,1.0,6.0,83137,M,4312132.0,595331.0,83
201800049543,18,3,13,1348,1,1,1,1.0,4.0,83137,M,4312132.0,595331.0,83
201800049544,18,3,14,1435,1,1,1,1.0,2.0,83144,M,4313349.0,598476.0,83
201800049545,18,3,15,800,1,1,1,3.0,6.0,13028,M,4319292.0,565186.0,13
201800049546,18,3,15,1005,1,1,1,3.0,6.0,83035,M,4316144.0,576743.0,83
201800049547,18,3,18,540,2,1,1,1.0,3.0,83144,M,4313349.0,598476.0,83
201800049548,18,3,20,810,1,1,1,1.0,3.0,83144,M,4313340.0,598476.0,83
201800049549,18,3,21,1250,1,1,1,1.0,2.0,83137,M,4312093.0,590625.0,83
201800049550,18,3,23,1710,1,1,1,1.0,4.0,83144,M,4314172.0,600493.0,83
201800049551,18,3,23,2010,3,1,1,1.0,6.0,83090,M,4312655.0,589131.0,83
201800049552,18,3,23,2010,3,1,1,1.0,2.0,83137,M,4312506.0,590625.0,83
201800049553,18,3,24,20,3,1,1,1.0,7.0,83062,M,4314340.0,601420.0,83
201800049554,18,3,27,15,5,1,1,1.0,3.0,83137,M,4312132.0,595331.0,83
201800049555,18,3,28,1215,1,1,1,1.0,4.0,83144,M,4313349.0,598476.0,83
201800049556,18,3,31,115,3,1,1,1.0,6.0,83090,M,4312655.0,589131.0,83
201800049557,18,4,4,1725,1,1,1,1.0,4.0,83137,M,4312132.0,595331.0,83
201800049558,18,4,12,1230,1,1,1,8.0,4.0,83062,M,4314340.0,601420.0,83
201800049559,18,4,19,1630,1,1,1,1.0,2.0,83129,M,4312038.0,584492.0,83
201800049560,18,4,20,855,1,1,1,1.0,6.0,83035,M,4316144.0,576743.0,83
201800049561,18,4,25,1405,1,1,1,1.0,2.0,83062,M,4314340.0,601420.0,83
201800049562,18,4,27,1416,1,1,1,1.0,2.0,83090,M,4312655.0,589131.0,83
201800049563,18,4,28,1226,1,1,1,1.0,2.0,83137,M,4312132.0,595331.0,83
201800049564,18,5,4,1848,1,1,1,1.0,3.0,83144,M,4313349.0,598476.0,83
201800049565,18,5,13,1345,1,1,1,3.0,6.0,83047,M,4313458.0,604716.0,83
201800049566,18,5,21,1838,1,1,1,1.0,5.0,83144,M,4313349.0,598476.0,83
201800049567,18,5,23,1015,1,1,1,1.0,2.0,83062,M,4314340.0,601420.0,83
201800049568,18,5,24,1645,1,1,1,1.0,2.0,83137,M,4312132.0,595331.0,83
201800049569,18,5,28,905,1,1,1,1.0,4.0,83090,M,4312655.0,589131.0,83
201800049570,18,6,9,930,1,1,1,1.0,6.0,83062,M,4314340.0,601420.0,83
201800049571,18,6,13,1610,1,1,1,1.0,2.0,83062,M,4314340.0,601420.0,83
201800049572,18,6,18,725,1,1,1,1.0,5.0,83137,M,4312506.0,590625.0,83
201800049573,18,6,18,1145,1,1,1,1.0,7.0,83035,M,4316144.0,576743.0,83
201800049574,18,6,23,1325,1,1,1,1.0,5.0,83112,M,4319705.0,570657.0,83
201800049575,18,6,24,115,3,1,1,1.0,7.0,83069,M,4312312.0,609686.0,83
201800049576,18,6,27,745,1,1,1,1.0,3.0,83144,M,4313349.0,598476.0,83
201800049577,18,6,28,1600,1,1,1,3.0,7.0,83137,M,4312506.0,590625.0,83
201800049578,18,7,5,2056,1,1,1,1.0,3.0,83137,M,4312132.0,595331.0,83
201800049579,18,7,10,1930,1,1,1,1.0,4.0,83144,M,4313349.0,595476.0,83
201800049580,18,7,13,1225,1,1,1,1.0,7.0,83137,M,4312506.0,590625.0,83
201800049581,18,7,18,1020,1,1,1,1.0,2.0,83137,M,4312132.0,595331.0,83
201800049582,18,8,1,1230,1,1,1,1.0,6.0,83062,M,4314340.0,601420.0,83
201800049583,18,8,3,825,1,1,1,1.0,6.0,83090,M,4312655.0,589131.0,83
201800049584,18,8,10,955,1,1,1,1.0,1.0,83137,M,4312132.0,595331.0,83
201800049585,18,8,13,1222,1,1,1,1.0,5.0,83062,M,4314340.0,601420.0,83
201800049586,18,8,14,1058,1,1,1,1.0,5.0,83144,M,4313349.0,598476.0,83
201800049587,18,8,25,1258,1,1,1,6.0,6.0,83123,M,4312931.0,581683.0,83
201800049588,18,9,6,1330,1,1,1,1.0,5.0,83137,M,4312132.0,595331.0,83
201800049589,18,9,11,1245,1,1,1,1.0,5.0,83112,M,4319705.0,570657.0,83
201800049590,18,9,12,745,1,1,1,1.0,4.0,83137,M,4312132.0,595331.0,83
201800049591,18,9,17,1425,1,1,1,1.0,6.0,83137,M,4312506.0,590625.0,83
201800049592,18,9,17,1700,1,1,1,1.0,2.0,83137,M,4312506.0,590625.0,83
201800049593,18,9,19,645,3,1,1,1.0,7.0,83090,M,4312655.0,589131.0,83
201800049594,18,9,19,855,1,1,1,1.0,7.0,83137,M,4312506.0,590625.0,83
201800049595,18,9,20,830,1,1,1,1.0,6.0,83062,M,4314340.0,601420.0,83
201800049596,18,9,25,1855,1,1,1,1.0,6.0,83047,M,4313458.0,604716.0,83
201800049597,18,9,28,2130,3,1,1,1.0,5.0,83137,M,4312132.0,595331.0,83
201800049598,18,9,30,2045,3,1,1,1.0,2.0,83090,M,4312655.0,589131.0,83
201800049599,18,10,3,1750,1,1,1,1.0,5.0,83126,M,4312424.0,587200.0,83
201800049600,18,10,5,1615,1,1,1,1.0,3.0,83062,M,4313340.0,601420.0,83
201800049601,18,10,9,635,3,1,1,1.0,4.0,83027,M,4317871.0,576961.0,83
201800049602,18,10,10,1130,1,1,1,3.0,6.0,83035,M,4316144.0,576743.0,83
201800049603,18,10,10,1230,1,1,1,3.0,3.0,83035,M,4316144.0,576743.0,83
201800049604,18,10,10,1825,2,1,1,3.0,6.0,13023,M,4319298.0,565194.0,13
201800049605,18,10,11,837,1,1,1,3.0,3.0,83137,M,4312132.0,595331.0,83
201800049606,18,10,11,1810,2,1,1,1.0,6.0,83126,M,4312424.0,587200.0,83
201800049607,18,10,15,715,3,1,1,1.0,6.0,83137,M,4312506.0,590625.0,83
201800049608,18,10,17,1745,1,1,1,2.0,2.0,83144,M,4313349.0,598476.0,83
201800049609,18,10,27,2255,3,1,1,2.0,2.0,83137,M,4312132.0,595331.0,83
201800049610,18,11,1,1540,1,1,1,2.0,6.0,83123,M,4312931.0,581683.0,83
201800049611,18,11,6,800,1,1,1,3.0,2.0,83144,M,4313349.0,598476.0,83
201800049612,18,11,9,615,3,1,1,2.0,6.0,83069,M,4312312.0,609686.0,83
201800049613,18,11,15,1740,3,1,1,1.0,4.0,83144,M,4313349.0,598476.0,83
201800049614,18,11,16,1715,1,1,1,1.0,3.0,83144,M,4313349.0,598476.0,83
201800049615,18,11,17,1955,3,1,1,1.0,3.0,83137,M,4312506.0,590625.0,83
201800049616,18,11,20,1835,3,1,1,2.0,4.0,83144,M,4313349.0,598476.0,83
201800049617,18,11,23,1000,1,1,1,2.0,2.0,83144,M,4313349.0,598476.0,83
201800049618,18,12,18,820,1,1,1,1.0,3.0,83137,M,4312132.0,595331.0,83
201800049619,18,12,18,1330,1,1,1,1.0,6.0,83047,M,4313458.0,604716.0,83
201800049620,18,12,26,1830,3,1,1,2.0,2.0,83144,M,4313349.0,598476.0,83
201800049621,18,12,30,833,1,1,1,1.0,2.0,83123,M,4312931.0,581683.0,83
201800049622,18,12,30,230,3,1,1,1.0,6.0,13055,M,4317374.0,528204.0,13
201800049623,18,12,30,1950,3,1,1,1.0,2.0,13005,M,4327675.0,558722.0,13
201800049624,18,1,1,740,3,1,1,1.0,2.0,13001,M,,,13
201800049625,18,1,4,1215,1,1,1,1.0,3.0,13056,M,4329174.0,542451.0,13
201800049626,18,1,5,1620,1,1,1,1.0,6.0,13056,M,4332694.0,542014.0,13
201800049627,18,1,8,700,2,1,1,1.0,2.0,13022,M,,,13
201800049628,18,1,8,1528,1,1,1,2.0,6.0,13055,M,4328327.0,540036.0,13
201800049629,18,1,8,2010,3,1,1,2.0,4.0,13071,M,4340363.0,531053.0,13
201800049630,18,1,9,930,1,1,1,8.0,7.0,13005,M,,,13
201800049631,18,1,8,1950,3,1,1,2.0,2.0,13055,M,,,13
201800049632,18,1,9,1230,1,1,9,1.0,2.0,13117,M,,,13
201800049633,18,1,8,1730,3,1,1,1.0,6.0,13055,M,,,13
201800049634,18,1,5,1630,1,1,1,1.0,4.0,13055,M,,,13
201800049635,18,1,5,1530,1,1,1,1.0,2.0,13071,M,4324500.0,521532.0,13
201800049636,18,1,10,1600,1,1,1,1.0,2.0,13055,M,,,13
201800049637,18,1,12,910,1,1,1,1.0,4.0,13055,M,4328928.0,544509.0,13
201800049638,18,12,10,1755,2,1,1,1.0,4.0,13055,M,4338119.0,535373.0,13
201800049639,18,1,8,700,1,1,1,8.0,2.0,13085,M,4323275.0,558712.0,13
201800049640,18,1,11,1735,1,1,1,1.0,2.0,13055,M,4332095.0,536421.0,13
201800049641,18,1,9,950,1,1,1,2.0,2.0,13055,M,,,13
201800049642,18,1,13,1658,1,1,1,1.0,7.0,13085,M,,,13
201800049643,18,1,14,2355,3,1,1,1.0,2.0,13055,M,,,13
201800049644,18,1,15,1740,1,1,1,1.0,5.0,13055,M,,,13
201800049645,18,1,14,2200,3,1,1,1.0,5.0,13085,M,,,13
201800049646,18,1,15,1620,1,1,1,1.0,6.0,13056,M,,,13
201800049647,18,1,16,1720,1,1,1,1.0,3.0,13055,M,,,13
201800049648,18,1,14,2015,3,1,1,1.0,5.0,13085,M,4325703.0,559298.0,13
201800049649,18,1,18,633,3,1,1,1.0,4.0,13015,M,4342802.0,538619.0,13
201800049650,18,1,19,155,3,1,1,1.0,7.0,13071,M,,,13
201800049651,18,1,15,1434,1,1,1,1.0,6.0,13071,M,,,13
201800049652,18,1,18,1900,3,1,1,1.0,4.0,13071,M,,,13
201800049653,18,1,19,1700,1,1,1,1.0,2.0,13081,M,,,13
201800049654,18,1,16,1825,3,1,1,1.0,4.0,13088,M,4323297.0,516114.0,13
201800049655,18,1,20,1615,1,1,1,2.0,4.0,13055,M,,,13
201800049656,18,1,23,910,1,1,1,1.0,2.0,13106,M,,,13
201800049657,18,1,20,2330,3,1,1,1.0,7.0,13106,M,,,13
201800049658,18,1,25,300,3,1,1,1.0,6.0,13026,M,,,13
201800049659,18,1,24,915,1,1,1,1.0,4.0,13005,M,,,13
201800049660,18,1,25,715,3,1,1,1.0,4.0,13055,M,,,13
201800049661,18,1,25,1845,3,1,1,1.0,2.0,13071,M,,,13
201800049662,18,1,26,1315,1,1,1,2.0,6.0,13071,M,,,13
201800049663,18,1,27,245,3,1,1,1.0,2.0,13043,M,,,13
201800049664,18,1,27,1000,1,1,1,3.0,6.0,13055,M,4334302.0,537608.0,13
201800049665,18,1,27,1240,1,1,1,3.0,7.0,13026,M,,,13
201800049666,18,1,26,1800,3,1,1,3.0,4.0,13071,M,4341801.0,527326.0,13
201800049667,18,1,29,810,1,2,1,5.0,6.0,13055,M,4328903.0,544466.0,13
201800049668,18,1,30,932,1,1,1,1.0,3.0,13055,M,4328369.0,539011.0,13
201800049669,18,1,25,2235,3,1,1,1.0,7.0,13005,M,,,13
201800049670,18,1,31,855,1,1,1,1.0,3.0,13055,M,,,13
201800049671,18,2,1,1320,1,1,1,2.0,3.0,13071,M,4340940.0,528588.0,13
201800049672,18,2,1,1300,1,1,1,2.0,6.0,13055,M,4328273.0,539400.0,13
201800049673,18,2,1,2300,3,1,1,1.0,4.0,13106,M,,,13
201800049674,18,2,2,20,3,1,1,1.0,1.0,13005,M,,,13
201800049675,18,2,2,1400,1,1,1,1.0,6.0,13071,M,,,13
201800049676,18,2,4,210,3,1,1,1.0,7.0,13081,M,,,13
201800049677,18,1,30,1725,1,1,1,1.0,3.0,13055,M,4331144.0,536708.0,13
201800049678,18,2,5,1655,1,1,9,1.0,5.0,13055,M,4337683.0,535863.0,13
201800049679,18,2,6,700,3,1,9,2.0,3.0,13055,M,4328658.0,550857.0,13
201800049680,18,2,6,1940,3,1,1,2.0,6.0,13055,M,4332954.0,535556.0,13
201800049681,18,2,6,1750,3,1,1,1.0,5.0,13055,M,,,13
201800049682,18,2,4,429,5,1,1,1.0,3.0,13088,M,,,13
201800049683,18,1,25,1545,1,1,1,1.0,7.0,13015,M,4342946.0,539865.0,13
201800049684,18,2,4,500,3,1,1,1.0,6.0,13081,M,,,13
201800049685,18,2,7,1145,1,1,1,1.0,4.0,13055,M,,,13
201800049686,18,2,10,1120,1,1,1,1.0,3.0,13055,M,,,13
201800049687,18,2,10,2250,3,1,1,1.0,6.0,13026,M,,,13
201800049688,18,2,11,1030,1,1,1,1.0,7.0,13081,M,,,13
201800049689,18,2,8,2015,3,1,1,1.0,2.0,13055,M,4328351.0,540077.0,13
201800049690,18,2,12,1122,1,1,1,1.0,6.0,13019,M,,,13
201800049691,18,2,13,915,1,1,1,1.0,4.0,13055,M,4329049.0,544867.0,13
201800049692,18,2,12,1830,2,1,1,1.0,2.0,13055,M,,,13
201800049693,18,2,9,515,3,1,1,1.0,6.0,13085,M,4326065.0,559130.0,13
201800049694,18,2,14,1750,1,1,1,1.0,4.0,13071,M,,,13
201800049695,18,2,15,715,1,1,1,2.0,7.0,13055,M,,,13
201800049696,18,2,15,1900,3,1,1,1.0,2.0,13001,M,,,13
201800049697,18,2,16,1320,1,1,1,1.0,6.0,13055,M,,,13
201800049698,18,2,13,815,1,1,1,1.0,5.0,13005,M,,,13
201800049699,18,2,16,1455,1,1,1,1.0,3.0,13055,M,4333477.0,535395.0,13
201800049700,18,2,16,1915,4,1,1,1.0,4.0,13055,M,,,13
201800049701,18,2,17,1300,1,1,1,2.0,7.0,13081,M,,,13
201800049702,18,2,17,1945,3,1,1,2.0,5.0,13005,M,,,13
201800049703,18,2,21,930,1,1,1,4.0,4.0,13088,M,,,13
201800049704,18,2,18,1730,1,1,1,1.0,4.0,13055,M,,,13
201800049705,18,2,21,800,1,1,1,1.0,3.0,13056,M,,,13
201800049706,18,2,23,1315,1,1,1,1.0,6.0,13071,M,,,13
201800049707,18,2,23,1815,2,1,1,1.0,6.0,13071,M,4340673.0,532885.0,13
201800049708,18,2,24,1040,1,1,1,2.0,6.0,13055,M,,,13
201800049709,18,2,24,1830,3,1,1,2.0,6.0,13055,M,4329137.0,536575.0,13
201800049710,18,2,24,110,3,1,1,1.0,6.0,13117,M,,,13
201800049711,18,2,25,1310,1,1,4,1.0,6.0,13055,M,4332123.0,537575.0,13
201800049712,18,2,28,900,1,1,1,1.0,6.0,13055,M,,,13
201800049713,18,2,25,110,3,1,1,1.0,2.0,13081,M,4348768.0,524052.0,13
201800049714,18,2,25,1400,1,1,1,1.0,7.0,13005,M,,,13
201800049715,18,2,28,1900,3,1,1,6.0,6.0,13005,M,4328334.0,557490.0,13
201800049716,18,3,2,1925,3,1,1,1.0,2.0,13056,M,4339965.0,509506.0,13
201800049717,18,3,2,830,1,1,1,3.0,3.0,13085,M,,,13
201800049718,18,3,4,525,3,1,1,1.0,7.0,13043,M,,,13
201800049719,18,3,2,950,1,1,1,3.0,2.0,13055,M,,,13
201800049720,18,3,5,1140,1,1,1,1.0,6.0,13005,M,4326479.0,558769.0,13
201800049721,18,3,5,1515,1,1,1,2.0,2.0,13055,M,4329230.0,547920.0,13
201800049722,18,3,6,900,1,1,1,8.0,3.0,13085,M,,,13
201800049723,18,2,23,825,1,1,1,1.0,7.0,13055,M,,,13
201800049724,18,2,23,645,2,1,1,1.0,2.0,13005,M,,,13
201800049725,18,3,5,1750,1,1,1,2.0,6.0,13085,M,4325999.0,559178.0,13
201800049726,18,3,6,1530,1,1,1,1.0,2.0,13055,M,4330213.0,536623.0,13
201800049727,18,3,7,1720,1,1,1,1.0,3.0,13055,M,4336504.0,536040.0,13
201800049728,18,3,7,2147,3,1,9,1.0,2.0,13088,M,,,13
201800049729,18,3,8,915,1,1,1,1.0,2.0,13055,M,4328288.0,539729.0,13
201800049730,18,3,8,445,3,1,9,1.0,2.0,13055,M,4334513.0,537451.0,13
201800049731,18,3,5,1850,5,1,9,1.0,4.0,13055,M,,,13
201800049732,18,3,10,45,3,1,1,1.0,2.0,13055,M,,,13
201800049733,18,3,9,1900,3,1,1,1.0,2.0,13001,M,,,13
201800049734,18,3,11,350,3,2,1,2.0,2.0,13055,M,,,13
201800049735,18,3,12,2128,3,1,1,1.0,2.0,13071,M,4341368.0,527983.0,13
201800049736,18,3,12,900,1,1,1,1.0,2.0,13055,M,4329565.0,101023.0,13
201800049737,18,3,13,1400,1,1,1,1.0,4.0,13055,M,4329407.0,536523.0,13
201800049738,18,3,13,1750,1,1,1,1.0,4.0,13055,M,4333579.0,537705.0,13
201800049739,18,3,14,820,1,1,1,1.0,4.0,13071,M,4340410.0,530298.0,13
201800049740,18,3,14,1040,1,1,4,1.0,5.0,13071,M,4340401.0,530333.0,13
201800049741,18,3,14,1435,1,1,1,1.0,7.0,13071,M,4341220.0,528252.0,13
201800049742,18,3,14,2120,3,1,1,1.0,3.0,13088,M,4338882.0,524519.0,13
201800049743,18,3,15,700,1,1,1,3.0,7.0,13022,M,4322436.0,558231.0,13
201800049744,18,3,15,805,1,1,1,3.0,2.0,13071,M,4341221.0,528174.0,13
201800049745,18,3,18,415,3,1,1,1.0,3.0,13019,M,,,13
201800049746,18,3,18,1600,1,1,1,1.0,4.0,13055,M,,,13
201800049747,18,3,15,925,1,1,1,2.0,2.0,13028,M,4321030.0,558323.0,13
201800049748,18,3,15,1220,1,1,1,2.0,7.0,13085,M,4325454.0,559476.0,13
201800049749,18,3,19,915,1,1,1,1.0,4.0,13055,M,4328791.0,554647.0,13
201800049750,18,3,20,805,1,1,1,1.0,4.0,13055,M,4330515.0,536547.0,13
201800049751,18,3,19,1720,1,1,1,1.0,4.0,13117,M,,,13
201800049752,18,3,18,1700,1,1,1,1.0,3.0,13019,M,4341680.0,536516.0,13
201800049753,18,3,20,1915,3,1,1,1.0,3.0,13001,M,4348851.0,540770.0,13
201800049754,18,3,23,800,1,1,1,1.0,7.0,13055,M,4335788.0,536281.0,13
201800049755,18,3,23,830,1,1,4,1.0,6.0,13071,M,4340677.0,532895.0,13
201800049756,18,3,21,1030,1,1,1,4.0,2.0,13071,M,4338897.0,530384.0,13
201800049757,18,3,23,1315,1,1,1,1.0,2.0,13055,M,4333337.0,537765.0,13
201800049758,18,3,23,1625,1,1,1,1.0,3.0,13055,M,,,13
201800049759,18,3,24,525,3,1,1,1.0,3.0,13117,M,,,13
201800049760,18,3,24,1305,1,1,1,1.0,5.0,13071,M,4341146.0,528272.0,13
201800049761,18,3,24,1615,1,1,1,1.0,2.0,13071,M,4341443.0,536483.0,13
201800049762,18,3,24,2150,3,1,1,1.0,4.0,13117,M,4343690.0,525262.0,13
201800049763,18,3,26,1331,1,1,9,1.0,6.0,13055,M,4333085.0,535424.0,13
201800049764,18,3,28,830,1,1,1,1.0,2.0,13071,M,,,13
201800049765,18,3,28,1700,2,1,1,1.0,4.0,13055,M,,,13
201800049766,18,3,29,1920,2,1,9,1.0,2.0,13071,M,,,13
201800049767,18,3,28,2005,3,1,1,1.0,7.0,13026,M,4339245.0,513044.0,13
201800049768,18,3,30,1300,1,1,1,1.0,3.0,13055,M,4329400.0,547121.0,13
201800049769,18,3,29,1900,2,1,1,1.0,4.0,13071,M,4341624.0,527623.0,13
201800049770,18,3,26,830,1,1,1,1.0,3.0,13211,M,4328785.0,550236.0,13
201800049771,18,3,29,1515,1,1,9,1.0,4.0,13071,M,4341039.0,528473.0,13
201800049772,18,3,31,2145,3,1,1,1.0,6.0,13055,M,4331940.0,536360.0,13
201800049773,18,3,31,750,1,1,1,1.0,7.0,13005,M,,,13
201800049774,18,4,3,1055,1,1,9,1.0,6.0,13015,M,,,13
201800049775,18,4,4,1450,1,2,9,1.0,4.0,13055,M,4337791.0,535717.0,13
201800049776,18,4,6,1230,1,1,1,1.0,6.0,13056,M,4324160.0,502256.0,13
201800049777,18,4,6,547,5,1,1,1.0,6.0,13055,M,4328277.0,539154.0,13
201800049778,18,4,6,1655,1,1,1,1.0,4.0,13071,M,4337562.0,531895.0,13