Num_Acc,an,mois,jour,hrmn,lum,agg,int,atm,col,com,gps,lat,long,dep
201800049779,18,4,6,1700,1,1,1,7.0,2.0,13055,M,,,13
201800049780,18,4,6,1755,1,1,1,1.0,4.0,13005,M,,,13
201800049781,18,4,5,1845,1,1,1,1.0,7.0,13055,M,,,13
201800049782,18,4,9,1350,1,1,1,1.0,7.0,13005,M,4328457.0,557172.0,13
201800049783,18,4,5,1540,1,1,9,1.0,2.0,13055,M,4333988.0,537629.0,13
201800049784,18,4,11,15,3,1,1,1.0,1.0,13055,M,4332115.0,537734.0,13
201800049785,18,4,11,1040,1,1,1,1.0,6.0,13055,M,,,13
201800049786,18,4,12,418,5,2,1,2.0,6.0,13055,M,4317280.0,521580.0,13
201800049787,18,4,12,850,1,1,1,2.0,6.0,13055,M,,,13
201800049788,18,4,11,2025,3,1,1,3.0,6.0,13005,M,4327841.0,558629.0,13
201800049789,18,4,10,1250,1,1,1,1.0,2.0,13071,M,4340470.0,533990.0,13
201800049790,18,4,14,530,3,1,1,1.0,2.0,13026,M,4338960.0,513717.0,13
201800049791,18,4,13,1710,1,1,1,1.0,2.0,13055,M,4336892.0,536075.0,13
201800049792,18,4,12,1900,1,1,1,3.0,4.0,13005,M,4328410.0,559130.0,13
201800049793,18,4,16,720,1,1,1,1.0,3.0,13055,M,4333451.0,537739.0,13
201800049794,18,4,17,315,3,1,1,1.0,7.0,13055,M,4335798.0,534524.0,13
201800049795,18,4,17,725,1,1,1,1.0,7.0,13055,M,4335735.0,536261.0,13
201800049796,18,4,17,725,1,1,1,1.0,4.0,13055,M,4332247.0,537785.0,13
201800049797,18,4,16,1840,2,1,1,1.0,2.0,13001,M,,,13
201800049798,18,4,17,1800,1,1,1,1.0,4.0,13005,M,4328511.0,552522.0,13
201800049799,18,4,19,1730,1,1,1,1.0,4.0,13071,M,4341369.0,528042.0,13
201800049800,18,4,19,1300,1,1,1,1.0,6.0,13055,M,4329008.0,544776.0,13
201800049801,18,4,19,1800,1,1,1,1.0,2.0,13071,M,4340562.0,532135.0,13
201800049802,18,4,18,2235,3,1,1,1.0,6.0,13055,M,4329266.0,547389.0,13
201800049803,18,4,18,850,1,1,1,1.0,6.0,13005,M,,,13
201800049804,18,4,21,45,3,1,1,1.0,6.0,13055,M,4335968.0,536191.0,13
201800049805,18,4,21,1350,1,1,1,1.0,6.0,13117,M,,,13
201800049806,18,4,21,1245,1,1,1,1.0,4.0,13055,M,,,13
201800049807,18,4,21,1025,1,1,1,1.0,4.0,13055,M,4328732.0,543864.0,13
201800049808,18,4,22,1718,1,1,1,1.0,4.0,13055,M,4319132.0,522390.0,13
201800049809,18,4,19,900,1,1,1,1.0,3.0,13055,M,4333701.0,537689.0,13
201800049810,18,4,23,830,2,1,1,1.0,5.0,13015,M,4328033.0,524263.0,13
201800049811,18,4,24,1030,1,1,9,1.0,2.0,13056,M,4340223.0,504238.0,13
201800049812,18,4,27,2100,3,1,1,1.0,2.0,13055,M,4331031.0,536578.0,13
201800049813,18,4,30,900,1,1,1,1.0,4.0,13005,M,,,13
201800049814,18,5,1,105,3,1,1,1.0,4.0,13071,M,4340537.0,531974.0,13
201800049815,18,5,1,55,3,1,9,1.0,2.0,13071,M,4340505.0,531860.0,13
201800049816,18,4,30,2020,2,1,1,8.0,6.0,13022,M,4323800.0,559100.0,13
201800049817,18,4,29,1850,1,1,1,2.0,6.0,13071,M,4341670.0,536530.0,13
201800049818,18,5,1,445,3,1,1,1.0,2.0,13055,M,4333630.0,535167.0,13
201800049819,18,5,2,1120,1,1,1,2.0,2.0,13019,M,4341670.0,536540.0,13
201800049820,18,5,3,2220,3,1,1,1.0,3.0,13081,M,4349285.0,523963.0,13
201800049821,18,5,4,808,1,1,1,1.0,6.0,13015,M,4345778.0,540177.0,13
201800049822,18,5,3,1820,1,1,1,1.0,2.0,13071,M,4341344.0,536443.0,13
201800049823,18,5,8,2000,1,1,1,1.0,2.0,13001,M,4351140.0,542110.0,13
201800049824,18,5,9,512,4,1,1,1.0,6.0,13055,M,4320301.0,522354.0,13
201800049825,18,5,10,140,3,1,1,1.0,6.0,13085,M,4315503.0,535177.0,13
201800049826,18,5,10,110,3,1,1,1.0,6.0,13026,M,4340203.0,510642.0,13
201800049827,18,5,9,2010,2,1,1,2.0,3.0,13085,M,4325220.0,559551.0,13
201800049828,18,5,7,2347,5,1,1,1.0,6.0,13056,M,4329868.0,542497.0,13
201800049829,18,5,12,2052,2,1,1,1.0,3.0,13056,M,4332995.0,541031.0,13
201800049830,18,5,14,947,1,1,1,2.0,3.0,13055,M,4329282.0,545433.0,13
201800049831,18,5,14,810,1,1,1,2.0,5.0,13071,M,4337808.0,531769.0,13
201800049832,18,5,15,825,1,1,1,2.0,4.0,13117,M,4326302.0,514502.0,13
201800049833,18,5,15,810,1,1,1,2.0,4.0,13071,M,,,13
201800049834,18,5,15,850,1,1,1,2.0,4.0,13055,M,4332799.0,537819.0,13
201800049835,18,5,15,1350,1,1,9,1.0,5.0,13071,M,,,13
201800049836,18,5,15,1525,1,1,9,1.0,2.0,13026,M,,,13
201800049837,18,5,15,1640,1,1,9,1.0,2.0,13026,M,,,13
201800049838,18,5,13,1140,1,1,1,3.0,2.0,13071,M,4340570.0,532120.0,13
201800049839,18,5,16,2350,3,1,1,1.0,2.0,13055,M,4334329.0,537596.0,13
201800049840,18,5,17,1800,1,1,1,1.0,2.0,13055,M,4328381.0,540281.0,13
201800049841,18,5,15,2040,2,1,1,1.0,3.0,13055,M,4328502.0,541900.0,13
201800049842,18,5,18,1330,1,1,1,1.0,4.0,13055,M,4329359.0,536292.0,13
201800049843,18,5,18,1510,1,1,1,1.0,2.0,13055,M,4332640.0,537825.0,13
201800049844,18,5,18,1640,1,1,1,1.0,2.0,13106,M,4339704.0,535009.0,13
201800049845,18,5,18,1800,1,1,1,1.0,2.0,13055,M,4329306.0,547524.0,13
201800049846,18,5,18,1800,1,1,1,1.0,4.0,13070,M,4324428.0,559441.0,13
201800049847,18,5,21,1505,1,1,1,2.0,3.0,13055,M,4333418.0,535415.0,13
201800049848,18,5,23,823,1,1,1,1.0,2.0,13055,M,4329483.0,542632.0,13
201800049849,18,5,24,700,1,1,1,1.0,2.0,13056,M,4331910.0,542260.0,13
201800049850,18,5,24,1045,1,1,1,1.0,4.0,13070,M,4328540.0,551550.0,13
201800049851,18,5,24,1045,1,1,1,1.0,2.0,13055,M,4329928.0,535778.0,13
201800049852,18,5,24,1730,1,1,1,1.0,2.0,13055,M,4328464.0,541499.0,13
201800049853,18,5,16,1715,1,1,1,1.0,2.0,13071,M,4341214.0,536437.0,13
201800049854,18,5,22,815,1,1,1,8.0,2.0,13106,M,4338850.0,535110.0,13
201800049855,18,5,26,455,3,1,9,1.0,6.0,13088,M,4339162.0,525971.0,13
201800049856,18,5,25,1640,1,1,1,1.0,4.0,13055,M,4328336.0,538954.0,13
201800049857,18,5,25,1520,1,1,1,1.0,7.0,13055,M,4328889.0,538954.0,13
201800049858,18,5,28,1830,1,1,1,1.0,2.0,13055,M,4335149.0,536700.0,13
201800049859,18,5,28,1830,1,1,1,1.0,2.0,13081,M,4348852.0,524052.0,13
201800049860,18,5,29,1520,1,1,1,1.0,7.0,13055,M,4337669.0,535867.0,13
201800049861,18,5,30,1725,1,1,1,8.0,3.0,13106,M,4339863.0,535268.0,13
201800049862,18,5,31,1715,1,1,1,1.0,3.0,13055,M,4328567.0,524308.0,13
201800049863,18,5,31,2045,2,1,1,1.0,3.0,13055,M,4322090.0,521390.0,13
201800049864,18,4,29,1900,1,1,1,1.0,6.0,13215,M,,,13
201800049865,18,5,31,1055,1,1,1,1.0,4.0,13055,M,4332392.0,536283.0,13
201800049866,18,6,1,1530,1,1,1,1.0,3.0,13056,M,,,13
201800049867,18,6,2,230,3,1,1,1.0,2.0,13022,M,4321181.0,558227.0,13
201800049868,18,6,3,530,2,1,1,1.0,4.0,13056,M,4340030.0,510028.0,13
201800049869,18,6,3,615,2,1,1,1.0,7.0,13071,M,4340461.0,533961.0,13
201800049870,18,5,31,815,1,1,1,1.0,2.0,13019,M,4342689.0,538195.0,13
201800049871,18,6,4,1428,1,1,1,8.0,2.0,13055,M,4331559.0,536480.0,13
201800049872,18,6,4,1600,1,1,1,1.0,4.0,13055,M,,,13
201800049873,18,6,4,1740,1,1,1,1.0,3.0,13055,M,4330836.0,536628.0,13
201800049874,18,6,5,1750,1,1,1,1.0,5.0,13055,M,,,13
201800049875,18,6,5,2100,2,1,1,1.0,6.0,13055,M,4320000.0,521150.0,13
201800049876,18,6,6,820,1,1,1,1.0,2.0,13055,M,4334246.0,537629.0,13
201800049877,18,6,6,1700,1,1,1,1.0,2.0,13019,M,4342479.0,537624.0,13
201800049878,18,6,7,1335,1,1,1,2.0,6.0,13055,M,4332955.0,535586.0,13
201800049879,18,6,7,1815,1,1,1,3.0,6.0,13043,M,4337993.0,522083.0,13
201800049880,18,6,7,1845,1,1,1,2.0,6.0,13085,M,4326345.0,558894.0,13
201800049881,18,6,7,900,1,1,1,1.0,4.0,13055,M,4336217.0,536113.0,13
201800049882,18,6,8,1730,1,1,1,1.0,6.0,13071,M,4341091.0,528334.0,13
201800049883,18,6,9,1853,1,1,1,1.0,2.0,13005,M,,,13
201800049884,18,6,12,955,1,1,1,1.0,2.0,13071,M,4340716.0,529006.0,13
201800049885,18,6,13,1700,1,1,1,1.0,4.0,13055,M,4328288.0,538961.0,13
201800049886,18,6,14,815,1,1,1,1.0,2.0,13055,M,4329353.0,547369.0,13
201800049887,18,6,14,917,1,1,1,1.0,4.0,13005,M,4328805.0,554638.0,13
201800049888,18,6,15,1505,1,1,1,1.0,3.0,13055,M,4329230.0,547856.0,13
201800049889,18,6,15,1415,1,1,1,1.0,6.0,13005,M,4328030.0,558360.0,13
201800049890,18,6,15,1515,1,1,1,1.0,3.0,13028,M,4320510.0,558920.0,13
201800049891,18,6,15,1750,1,1,1,1.0,4.0,13055,M,4328850.0,537120.0,13
201800049892,18,6,16,1305,1,1,1,1.0,6.0,13055,M,4333490.0,537725.0,13
201800049893,18,6,16,1450,1,1,1,1.0,2.0,13055,M,4329425.0,546548.0,13
201800049894,18,6,16,1355,1,1,1,1.0,2.0,13071,M,4340347.0,530860.0,13
201800049895,18,6,16,1910,1,1,1,1.0,3.0,13088,M,4319456.0,526221.0,13
201800049896,18,6,19,1335,1,1,1,1.0,2.0,13056,M,4332886.0,541574.0,13
201800049897,18,6,20,1710,1,1,1,7.0,2.0,13071,M,,,13
201800049898,18,6,19,2200,3,1,1,1.0,6.0,13005,M,4332016.0,559295.0,13
201800049899,18,6,21,1200,1,1,1,1.0,2.0,13055,M,4317480.0,521457.0,13
201800049900,18,6,19,1650,1,1,1,1.0,2.0,13005,M,4328619.0,553192.0,13
201800049901,18,6,22,1250,1,1,1,1.0,7.0,13085,M,4325840.0,559204.0,13
201800049902,18,6,22,1450,1,1,1,1.0,3.0,13026,M,4339898.0,508911.0,13
201800049903,18,6,22,1400,1,1,1,1.0,2.0,13055,M,4334268.0,537581.0,13
201800049904,18,6,22,230,5,2,1,1.0,6.0,13055,M,4329208.0,536556.0,13
201800049905,18,6,22,543,3,1,1,1.0,7.0,13026,M,4338682.0,514740.0,13
201800049906,18,6,22,1850,1,1,1,1.0,4.0,13055,M,4333307.0,535410.0,13
201800049907,18,6,22,2015,1,1,1,1.0,2.0,13055,M,4332037.0,537788.0,13
201800049908,18,6,24,415,3,1,1,1.0,2.0,13117,M,4345164.0,523855.0,13
201800049909,18,6,22,815,1,1,1,1.0,2.0,13055,M,4329684.0,536287.0,13
201800049910,18,6,22,1245,1,1,1,1.0,3.0,13071,M,4341499.0,536495.0,13
201800049911,18,6,25,730,1,1,1,1.0,4.0,13081,M,4349342.0,523440.0,13
201800049912,18,6,25,1630,1,1,1,1.0,2.0,13106,M,4339271.0,535096.0,13
201800049913,18,6,25,1740,1,1,1,1.0,5.0,13106,M,4340560.0,533769.0,13
201800049914,18,6,25,1920,1,1,1,1.0,2.0,13071,M,4341681.0,527459.0,13
201800049915,18,6,26,1010,1,1,1,1.0,2.0,13117,M,4341550.0,527818.0,13
201800049916,18,6,26,1630,1,1,1,1.0,2.0,13106,M,4323250.0,521028.0,13
201800049917,18,6,27,600,1,1,1,1.0,7.0,13055,M,4328955.0,544420.0,13
201800049918,18,6,27,1200,1,1,1,1.0,4.0,13055,M,4329204.0,547873.0,13
201800049919,18,6,28,2035,1,1,1,1.0,3.0,13106,M,4340008.0,535399.0,13
201800049920,18,6,28,1930,1,1,1,1.0,4.0,13005,M,4328790.0,554600.0,13
201800049921,18,5,29,1340,1,1,1,1.0,7.0,13055,M,4328496.0,537305.0,13
201800049922,18,6,28,1600,1,1,1,1.0,6.0,13056,M,4329562.0,542433.0,13
201800049923,18,6,30,1200,1,1,1,1.0,6.0,13071,M,4340278.0,530211.0,13
201800049924,18,7,1,320,5,1,1,1.0,6.0,13055,M,4316593.0,523597.0,13
201800049925,18,7,1,610,1,1,1,1.0,6.0,13001,M,4347981.0,540830.0,13
201800049926,18,6,30,1300,1,1,1,1.0,2.0,13001,M,4352984.0,542826.0,13
201800049927,18,6,30,1850,1,2,1,1.0,2.0,13055,M,4328742.0,543810.0,13
201800049928,18,6,27,1000,1,1,1,1.0,3.0,13071,M,4340685.0,533215.0,13
201800049929,18,7,2,1815,1,1,1,1.0,2.0,13117,M,4345859.0,524970.0,13
201800049930,18,6,30,345,3,1,1,1.0,2.0,13055,M,4335209.0,536623.0,13
201800049931,18,7,5,1400,1,1,1,1.0,5.0,13055,M,4336860.0,536078.0,13
201800049932,18,7,3,211,3,1,1,1.0,2.0,13070,M,4328494.0,551846.0,13
201800049933,18,7,7,105,3,1,1,1.0,6.0,13005,M,,,13
201800049934,18,6,22,1400,1,1,1,1.0,2.0,13106,M,4340503.0,535958.0,13
201800049935,18,7,6,1515,1,1,1,1.0,2.0,13117,M,4343979.0,524943.0,13
201800049936,18,7,7,1500,1,1,1,1.0,2.0,13071,M,4337353.0,532005.0,13
201800049937,18,7,7,1410,1,1,1,1.0,2.0,13056,M,,,13
201800049938,18,7,10,930,1,1,1,1.0,4.0,13071,M,4340339.0,531065.0,13
201800049939,18,7,10,945,1,1,1,1.0,3.0,13055,M,4321185.0,520511.0,13
201800049940,18,7,9,1745,1,1,1,1.0,6.0,13055,M,4334246.0,537629.0,13
201800049941,18,7,10,1830,1,1,1,1.0,4.0,13117,M,,,13
201800049942,18,7,10,2320,3,1,1,1.0,5.0,13001,M,4349916.0,540685.0,13
201800049943,18,7,11,2045,1,1,1,1.0,6.0,13055,M,4334063.0,537688.0,13
201800049944,18,7,11,1915,1,1,1,1.0,2.0,13055,M,4828714.0,550527.0,13
201800049945,18,7,12,1015,1,1,1,1.0,6.0,13056,M,4333266.0,538566.0,13
201800049946,18,7,14,430,3,1,1,1.0,2.0,13071,M,4340438.0,530057.0,13
201800049947,18,7,16,745,5,1,1,1.0,3.0,13055,M,4329018.0,536816.0,13
201800049948,18,7,18,2010,2,1,1,1.0,3.0,13106,M,4340023.0,535447.0,13
201800049949,18,7,19,1430,1,1,1,1.0,6.0,13117,M,,,13
201800049950,18,7,19,1015,1,1,1,1.0,2.0,13055,M,4332660.0,537810.0,13
201800049951,18,7,21,1635,1,1,1,1.0,3.0,13005,M,4327818.0,558877.0,13
201800049952,18,7,20,2040,1,1,1,1.0,2.0,13055,M,4328513.0,542496.0,13
201800049953,18,7,21,2020,1,1,1,1.0,2.0,13055,M,4331366.0,536599.0,13
201800049954,18,7,17,1030,1,1,1,1.0,2.0,13071,M,4341097.0,528393.0,13
201800049955,18,7,23,755,1,1,1,1.0,3.0,13106,M,,,13
201800049956,18,7,26,200,3,1,1,1.0,6.0,13055,M,4335527.0,536389.0,13
201800049957,18,7,27,710,2,1,1,1.0,6.0,13055,M,4333110.0,535456.0,13
201800049958,18,7,28,1650,1,1,1,1.0,2.0,13071,M,4341298.0,528153.0,13
201800049959,18,7,27,1440,1,1,1,7.0,3.0,13026,M,,,13
201800049960,18,7,31,1755,1,1,1,1.0,7.0,13005,M,4328564.0,553334.0,13
201800049961,18,8,4,102,3,1,1,1.0,6.0,13001,M,4328302.0,524273.0,13
201800049962,18,8,6,1930,1,1,1,1.0,3.0,13055,M,,,13
201800049963,18,8,9,1402,1,1,1,2.0,2.0,13001,M,4351210.0,542398.0,13
201800049964,18,8,8,1400,1,1,1,1.0,5.0,13071,M,4340882.0,528696.0,13
201800049965,18,8,8,1950,2,1,1,1.0,3.0,13088,M,4339137.0,526354.0,13
201800049966,18,8,8,1750,1,1,1,1.0,3.0,13005,M,4328564.0,553020.0,13
201800049967,18,8,9,1345,1,1,1,2.0,2.0,13001,M,4351210.0,542398.0,13
201800049968,18,8,9,1942,3,1,1,3.0,6.0,13081,M,4349572.0,524080.0,13
201800049969,18,8,11,810,1,1,1,1.0,2.0,13055,M,,,13
201800049970,18,8,12,1330,1,1,1,1.0,6.0,13019,M,4342166.0,537008.0,13
201800049971,18,8,12,1930,2,1,1,1.0,2.0,13106,M,4340234.0,535616.0,13
201800049972,18,8,12,2030,2,1,1,8.0,6.0,13088,M,4338420.0,523470.0,13
201800049973,18,8,13,801,1,1,1,8.0,2.0,13117,M,,,13
201800049974,18,8,14,930,1,1,1,1.0,2.0,13015,M,4343012.0,539312.0,13
201800049975,18,8,14,1450,1,1,1,1.0,7.0,13055,M,,,13
201800049976,18,8,13,1605,1,1,1,1.0,4.0,13055,M,,,13
201800049977,18,8,15,2035,3,1,1,1.0,4.0,13005,M,4328089.0,558399.0,13
201800049978,18,8,16,250,3,1,1,1.0,6.0,13071,M,,,13
201800049979,18,8,18,640,1,1,1,1.0,6.0,13055,M,4335521.0,534760.0,13
201800049980,18,8,17,1845,1,1,1,7.0,2.0,13055,M,4328940.0,549400.0,13
201800049981,18,8,17,1915,1,1,1,1.0,2.0,13005,M,,,13
201800049982,18,8,14,1030,1,1,1,1.0,3.0,13106,M,4340699.0,536233.0,13
201800049983,18,8,18,1800,1,1,1,1.0,2.0,13071,M,4339834.0,529027.0,13
201800049984,18,6,14,915,1,1,1,1.0,3.0,13055,M,4333559.0,537706.0,13
201800049985,18,8,18,825,1,1,1,1.0,2.0,13071,M,4341487.0,536495.0,13
201800049986,18,8,21,1120,1,1,1,1.0,2.0,13070,M,,,13
201800049987,18,8,24,1250,1,1,1,1.0,2.0,13056,M,4339833.0,504596.0,13
201800049988,18,8,26,1937,1,1,1,1.0,3.0,13055,M,4337290.0,536222.0,13
201800049989,18,8,27,1945,1,1,1,1.0,2.0,13055,M,4329248.0,547446.0,13
201800049990,18,8,27,1720,1,1,1,1.0,2.0,13055,M,4329432.0,545682.0,13
201800049991,18,8,27,1930,2,2,1,1.0,2.0,13055,M,4337734.0,535766.0,13
201800049992,18,8,30,1810,1,1,1,1.0,4.0,13055,M,4328737.0,543848.0,13
201800049993,18,8,30,1905,1,1,1,1.0,2.0,13070,M,4328557.0,551398.0,13
201800049994,18,8,19,806,1,1,1,1.0,7.0,13071,M,4340336.0,530895.0,13
201800049995,18,9,1,545,3,1,1,1.0,6.0,13085,M,,,13
201800049996,18,9,2,2100,3,1,1,1.0,2.0,13055,M,4337735.0,535772.0,13
201800049997,18,9,4,1830,1,1,1,7.0,4.0,13055,M,,,13
201800049998,18,9,5,1815,1,1,1,1.0,4.0,13005,M,,,13
201800049999,18,9,6,732,1,1,1,1.0,6.0,13005,M,4331806.0,559109.0,13
201800050000,18,9,7,1415,1,1,1,1.0,4.0,13071,M,4341660.0,528077.0,13
201800050001,18,9,7,1830,2,1,1,1.0,4.0,13071,M,4339296.0,527777.0,13
201800050002,18,9,10,750,1,1,1,1.0,6.0,13005,M,4328404.0,559322.0,13
201800050003,18,9,10,825,1,1,1,1.0,2.0,13055,M,4336256.0,536113.0,13
201800050004,18,9,11,730,1,1,1,1.0,4.0,13070,M,4328570.0,552292.0,13
201800050005,18,9,11,2305,3,1,1,1.0,6.0,13033,M,,,13
201800050006,18,9,12,845,1,1,1,1.0,3.0,13055,M,4341652.0,541991.0,13
201800050007,18,9,14,1400,1,1,1,1.0,2.0,13055,M,4328737.0,543793.0,13
201800050008,18,9,16,140,3,1,9,1.0,4.0,13106,M,,,13
201800050009,18,9,16,250,3,1,1,1.0,6.0,13055,M,4332719.0,535545.0,13
201800050010,18,8,23,1915,1,1,1,1.0,2.0,13085,M,4325347.0,559508.0,13
201800050011,18,9,16,1730,1,1,1,1.0,6.0,13001,M,4350569.0,541037.0,13
201800050012,18,9,16,1530,1,1,1,1.0,3.0,13071,M,,,13
201800050013,18,9,17,850,1,1,1,1.0,4.0,13015,M,,,13
201800050014,18,9,17,848,1,1,1,1.0,2.0,13081,M,4349090.0,523993.0,13
201800050015,18,9,17,830,1,1,1,1.0,2.0,13055,M,,,13
201800050016,18,9,11,1230,1,1,1,1.0,4.0,13071,M,4341339.0,528052.0,13
201800050017,18,9,21,900,1,1,1,1.0,7.0,13005,M,4328984.0,555666.0,13
201800050018,18,9,21,1330,1,1,1,1.0,3.0,13055,M,,,13
201800050019,18,9,21,2015,5,1,1,1.0,4.0,13055,M,,,13
201800050020,18,9,22,1150,1,1,1,1.0,7.0,13055,M,4332655.0,537826.0,13
201800050021,18,9,23,2000,3,1,1,1.0,3.0,13055,M,4337150.0,536074.0,13
201800050022,18,9,24,903,1,1,1,6.0,5.0,13071,M,4340532.0,529629.0,13
201800050023,18,9,26,820,1,1,1,1.0,6.0,13071,M,4340667.0,532897.0,13
201800050024,18,9,26,2114,3,1,1,1.0,3.0,13055,M,4328469.0,541669.0,13
201800050025,18,9,27,750,1,1,1,1.0,3.0,13055,M,,,13
201800050026,18,9,28,730,1,1,1,1.0,4.0,13055,M,4321258.0,520451.0,13
201800050027,18,9,25,750,1,1,1,1.0,2.0,13019,M,4342192.0,537070.0,13
201800050028,18,9,29,140,5,1,1,1.0,6.0,13056,M,4328863.0,542439.0,13
201800050029,18,9,29,625,3,1,1,1.0,2.0,13055,M,4328974.0,544673.0,13
201800050030,18,9,30,1130,1,1,1,1.0,6.0,13055,M,4331630.0,536430.0,13
201800050031,18,10,1,955,1,1,1,1.0,3.0,13055,M,4329204.0,536569.0,13
201800050032,18,9,12,2300,3,1,1,1.0,4.0,13071,M,4340320.0,534450.0,13
201800050033,18,10,1,1220,1,1,1,1.0,3.0,13056,M,4331471.0,536544.0,13
201800050034,18,10,2,855,1,1,1,1.0,2.0,13055,M,4328613.0,543089.0,13
201800050035,18,10,2,1050,1,1,1,1.0,3.0,13005,M,4327760.0,558700.0,13
201800050036,18,10,3,1705,1,1,1,1.0,4.0,13055,M,4329315.0,545659.0,13
201800050037,18,10,3,2010,3,1,1,1.0,4.0,13005,M,4328508.0,551790.0,13
201800050038,18,10,3,2035,3,1,9,1.0,3.0,13005,M,4328348.0,557545.0,13
201800050039,18,10,3,1810,1,1,1,1.0,3.0,13088,M,4337900.0,522300.0,13
201800050040,18,10,5,1500,1,1,1,1.0,4.0,13106,M,,,13
201800050041,18,10,5,1730,1,1,1,1.0,2.0,13055,M,4322590.0,521048.0,13
201800050042,18,10,6,134,5,1,1,1.0,6.0,13055,M,4328396.0,538273.0,13
201800050043,18,10,5,1615,1,1,1,1.0,2.0,13005,M,4328500.0,551810.0,13
201800050044,18,10,6,1320,1,1,9,1.0,7.0,13081,M,4349532.0,524070.0,13
201800050045,18,10,6,1945,3,1,1,1.0,2.0,13055,M,4334854.0,537028.0,13
201800050046,18,10,6,1610,1,1,9,1.0,6.0,13071,M,4340539.0,532026.0,13
201800050047,18,10,8,700,1,1,1,1.0,3.0,13071,M,4339135.0,526937.0,13
201800050048,18,10,9,5,5,1,1,2.0,6.0,13005,M,,,13
201800050049,18,10,9,845,1,1,1,1.0,2.0,13106,M,4339352.0,535089.0,13
201800050050,18,10,9,800,1,1,1,1.0,3.0,13055,M,4337400.0,536077.0,13
201800050051,18,10,10,1730,1,1,1,3.0,2.0,13055,M,,,13
201800050052,18,10,10,400,3,1,1,1.0,6.0,13071,M,,,13
201800050053,18,10,11,715,2,1,1,8.0,2.0,13071,M,4340991.0,528532.0,13
201800050054,18,9,10,1643,1,1,1,1.0,5.0,13055,M,4337073.0,536095.0,13
201800050055,18,10,12,1245,1,1,1,1.0,4.0,13055,M,4321220.0,521481.0,13
201800050056,18,10,12,1658,1,1,1,1.0,4.0,13055,M,4328888.0,537166.0,13
201800050057,18,10,12,2140,3,1,9,1.0,2.0,13015,M,4343080.0,539121.0,13
201800050058,18,10,14,630,3,1,1,1.0,2.0,13001,M,4352269.0,542501.0,13
201800050059,18,10,12,730,2,1,1,1.0,5.0,13005,M,4327591.0,558814.0,13
201800050060,18,10,16,1330,1,1,1,1.0,6.0,13055,M,4329096.0,536384.0,13
201800050061,18,10,9,830,1,1,1,1.0,4.0,13106,M,4340513.0,535966.0,13
201800050062,18,10,9,1600,1,1,1,1.0,6.0,13071,M,4339335.0,529952.0,13
201800050063,18,10,18,41,3,2,1,8.0,6.0,13015,M,,,13
201800050064,18,10,14,1910,3,1,1,1.0,5.0,13055,M,,,13
201800050065,18,10,18,630,3,1,1,1.0,6.0,13071,M,4340558.0,532086.0,13
201800050066,18,10,19,850,1,1,1,1.0,4.0,13056,M,4328750.0,550360.0,13
201800050067,18,10,11,1317,1,1,1,1.0,3.0,13071,M,4340459.0,531644.0,13
201800050068,18,10,20,430,3,1,1,1.0,2.0,13001,M,4347179.0,540691.0,13
201800050069,18,10,19,1830,2,1,1,1.0,6.0,13071,M,,,13
201800050070,18,10,20,1230,1,1,1,1.0,2.0,13028,M,4321048.0,558339.0,13
201800050071,18,10,22,1450,1,1,1,1.0,6.0,13005,M,4327004.0,558849.0,13
201800050072,18,10,23,1745,1,1,1,1.0,3.0,13071,M,4342392.0,537444.0,13
201800050073,18,10,23,1845,2,1,1,1.0,2.0,13055,M,4321598.0,552138.0,13
201800050074,18,10,21,600,3,1,1,1.0,6.0,13071,M,4342200.0,537091.0,13
201800050075,18,10,24,920,1,1,1,1.0,4.0,13071,M,4340547.0,533831.0,13
201800050076,18,10,25,1600,1,1,1,1.0,2.0,13055,M,4337874.0,535516.0,13
201800050077,18,10,25,1930,3,1,1,1.0,3.0,13056,M,4340986.0,503816.0,13
201800050078,18,10,27,250,3,1,1,1.0,2.0,13005,M,4328845.0,544291.0,13
201800050079,18,10,26,1500,1,1,1,1.0,3.0,13055,M,4328536.0,542658.0,13
201800050080,18,10,28,235,3,1,1,2.0,6.0,13085,M,,,13
201800050081,18,10,28,630,3,1,1,2.0,7.0,13117,M,4343800.0,525100.0,13
201800050082,18,10,27,1400,1,1,1,2.0,2.0,13055,M,,,13
201800050083,18,10,29,950,1,1,1,2.0,6.0,13088,M,4339131.0,526851.0,13
201800050084,18,10,29,945,1,1,1,2.0,2.0,13055,M,4336710.0,536071.0,13
201800050085,18,10,30,755,1,1,1,1.0,6.0,13005,M,4328634.0,556750.0,13
201800050086,18,10,30,1900,3,1,1,1.0,2.0,13005,M,,,13
201800050087,18,10,31,1715,3,1,1,1.0,5.0,13055,M,4334969.0,535925.0,13
201800050088,18,10,30,1410,1,1,1,8.0,2.0,13055,M,4329185.0,548009.0,13
201800050089,18,11,1,1400,1,1,1,1.0,6.0,13056,M,4332757.0,545427.0,13
201800050090,18,11,1,1840,3,1,1,8.0,2.0,13055,M,4329110.0,548504.0,13
201800050091,18,11,2,900,1,1,1,8.0,7.0,13085,M,,,13
201800050092,18,11,2,1400,1,1,1,2.0,6.0,13085,M,,,13
201800050093,18,10,18,830,1,1,1,1.0,3.0,13081,M,4349342.0,523436.0,13
201800050094,18,11,2,1640,1,1,1,1.0,4.0,13071,M,4341252.0,536452.0,13
201800050095,18,11,2,1910,3,1,1,1.0,4.0,13106,M,4324121.0,521259.0,13
201800050096,18,11,3,1500,1,1,1,1.0,3.0,13055,M,4329210.0,547990.0,13