Num_Acc,an,mois,jour,hrmn,lum,agg,int,atm,col,com,gps,lat,long,dep
201800050097,18,11,4,530,3,1,1,1.0,6.0,13055,M,4336722.0,530374.0,13
201800050098,18,10,23,830,1,1,1,1.0,4.0,13055,M,4328881.0,544425.0,13
201800050099,18,11,6,107,3,1,1,2.0,6.0,13085,M,4326264.0,558988.0,13
201800050100,18,11,5,1930,5,1,1,9.0,4.0,13056,M,4329363.0,542444.0,13
201800050101,18,11,5,1740,5,1,1,1.0,4.0,13015,M,4347396.0,540702.0,13
201800050102,18,11,7,238,3,1,1,1.0,5.0,13001,M,4329260.0,524250.0,13
201800050103,18,11,6,2220,3,1,1,8.0,3.0,13085,M,4326508.0,558752.0,13
201800050104,18,11,7,1110,1,1,1,8.0,6.0,13001,M,4350019.0,540670.0,13
201800050105,18,11,7,1230,1,1,1,2.0,2.0,13056,M,4339857.0,504585.0,13
201800050106,18,11,8,1010,1,1,1,1.0,3.0,13055,M,4332185.0,537821.0,13
201800050107,18,11,8,855,1,1,1,1.0,2.0,13055,M,4336897.0,536095.0,13
201800050108,18,10,28,1830,5,1,1,2.0,2.0,13056,M,,,13
201800050109,18,11,5,1010,1,1,1,1.0,2.0,13081,M,4349522.0,523951.0,13
201800050110,18,11,9,1840,3,1,1,2.0,2.0,13055,M,4331195.0,537620.0,13
201800050111,18,11,10,1330,1,1,1,1.0,5.0,13055,M,,,13
201800050112,18,11,10,1935,5,1,1,1.0,3.0,13117,M,,,13
201800050113,18,11,12,923,1,1,1,2.0,3.0,13055,M,4335811.0,536282.0,13
201800050114,18,11,13,830,1,1,1,1.0,3.0,13055,M,,,13
201800050115,18,11,13,950,1,1,1,1.0,2.0,13055,M,,,13
201800050116,18,11,13,1100,1,1,1,1.0,7.0,13085,M,4324467.0,559547.0,13
201800050117,18,11,13,930,1,1,1,1.0,7.0,13055,M,4328731.0,543775.0,13
201800050118,18,11,13,1645,1,1,1,1.0,7.0,13055,M,4336717.0,532902.0,13
201800050119,18,11,13,1700,5,1,1,1.0,4.0,13056,M,4330178.0,542297.0,13
201800050120,18,11,16,1900,1,1,1,1.0,6.0,13019,M,,,13
201800050121,18,11,16,1225,1,1,1,1.0,4.0,13071,M,4341143.0,528308.0,13
201800050122,18,11,17,1015,1,1,1,8.0,7.0,13005,M,4332440.0,559760.0,13
201800050123,18,11,19,2047,3,1,1,1.0,2.0,13106,M,4340640.0,536184.0,13
201800050124,18,11,14,810,1,1,1,1.0,2.0,13071,M,4337607.0,531854.0,13
201800050125,18,11,20,1340,1,1,1,2.0,6.0,13055,M,4321249.0,521477.0,13
201800050126,18,11,20,2040,3,1,1,3.0,6.0,13085,M,4326508.0,558752.0,13
201800050127,18,11,22,835,1,1,1,2.0,6.0,13085,M,4325446.0,559471.0,13
201800050128,18,11,20,1715,2,1,1,3.0,4.0,13117,M,4346125.0,523497.0,13
201800050129,18,11,23,2120,5,1,1,2.0,3.0,13056,M,,,13
201800050130,18,11,23,1245,1,1,1,2.0,3.0,13085,M,4315583.0,535143.0,13
201800050131,18,11,23,1935,3,1,1,3.0,4.0,13106,M,4340309.0,535672.0,13
201800050132,18,11,24,1320,1,1,1,1.0,4.0,13071,M,4341603.0,536526.0,13
201800050133,18,11,26,1220,1,1,1,1.0,2.0,13055,M,,,13
201800050134,18,11,27,810,1,1,1,1.0,7.0,13055,M,4333928.0,537653.0,13
201800050135,18,11,23,2120,3,1,1,2.0,6.0,13085,M,4325190.0,559545.0,13
201800050136,18,11,25,2035,3,1,1,8.0,6.0,13085,M,,,13
201800050137,18,11,28,1930,3,1,1,1.0,2.0,13015,M,4344023.0,539624.0,13
201800050138,18,11,28,940,1,1,1,1.0,2.0,13056,M,,,13
201800050139,18,11,30,950,1,1,1,1.0,6.0,13055,M,4334132.0,537667.0,13
201800050140,18,11,30,1730,3,1,1,2.0,3.0,13055,M,4333902.0,537706.0,13
201800050141,18,11,30,1100,1,1,1,3.0,3.0,13055,M,4333622.0,537732.0,13
201800050142,18,11,30,1900,3,1,1,2.0,6.0,13117,M,4324530.0,516437.0,13
201800050143,18,11,30,2000,3,1,1,2.0,6.0,13055,M,4336710.0,536068.0,13
201800050144,18,12,1,1520,1,1,1,1.0,6.0,13019,M,4342134.0,536895.0,13
201800050145,18,12,1,1345,1,1,1,1.0,2.0,13015,M,4345334.0,539725.0,13
201800050146,18,12,1,1215,1,1,1,1.0,3.0,13055,M,4334591.0,534555.0,13
201800050147,18,12,3,2140,3,1,1,1.0,6.0,13056,M,4328837.0,549900.0,13
201800050148,18,12,3,1813,3,1,1,1.0,7.0,13071,M,,,13
201800050149,18,12,5,1140,1,1,1,1.0,2.0,13106,M,4338800.0,535110.0,13
201800050150,18,12,5,1245,1,1,1,1.0,5.0,13055,M,4333204.0,537766.0,13
201800050151,18,12,6,700,3,1,1,1.0,5.0,13055,M,4336979.0,536084.0,13
201800050152,18,12,6,2350,3,1,1,1.0,3.0,13005,M,4328698.0,554020.0,13
201800050153,18,12,7,1325,1,1,1,1.0,2.0,13056,M,4319478.0,524330.0,13
201800050154,18,12,7,1640,1,1,1,1.0,6.0,13056,M,4332700.0,541970.0,13
201800050155,18,12,8,600,3,1,1,1.0,3.0,13055,M,4337801.0,535701.0,13
201800050156,18,12,8,700,5,1,1,1.0,2.0,13028,M,4320555.0,558895.0,13
201800050157,18,12,7,1020,1,1,1,1.0,2.0,13055,M,4337667.0,535872.0,13
201800050158,18,12,8,1050,1,1,1,1.0,2.0,13055,M,4328659.0,543282.0,13
201800050159,18,12,8,1830,3,1,1,1.0,5.0,13071,M,4339653.0,529827.0,13
201800050160,18,12,6,1800,2,1,1,1.0,2.0,13055,M,4328492.0,541882.0,13
201800050161,18,12,10,1745,3,1,1,1.0,3.0,13071,M,4341471.0,527849.0,13
201800050162,18,12,9,518,3,1,1,1.0,2.0,13001,M,4328423.0,524293.0,13
201800050163,18,12,12,1130,1,1,1,1.0,4.0,13106,M,4338686.0,535094.0,13
201800050164,18,12,12,730,5,1,1,1.0,4.0,13056,M,4333633.0,538029.0,13
201800050165,18,12,12,1440,1,1,1,1.0,3.0,13005,M,4328710.0,553976.0,13
201800050166,18,12,13,1530,1,1,1,2.0,2.0,13026,M,4338888.0,513991.0,13
201800050167,18,12,13,2140,3,1,1,1.0,2.0,13055,M,,,13
201800050168,18,12,11,2010,3,1,1,1.0,4.0,13117,M,4343719.0,525231.0,13
201800050169,18,12,11,1545,1,1,1,1.0,4.0,13056,M,4329681.0,542485.0,13
201800050170,18,12,14,800,2,1,1,1.0,7.0,13055,M,4332987.0,539681.0,13
201800050171,18,12,14,1400,1,1,9,1.0,4.0,13055,M,,,13
201800050172,18,12,5,1820,2,1,1,1.0,4.0,13071,M,4341143.0,528277.0,13
201800050173,18,12,14,1625,1,1,1,7.0,2.0,13088,M,,,13
201800050174,18,12,14,1530,1,1,9,1.0,3.0,13056,M,,,13
201800050175,18,12,14,1730,3,1,1,1.0,3.0,13071,M,,,13
201800050176,18,12,15,1625,2,1,1,1.0,6.0,13056,M,,,13
201800050177,18,12,15,1315,1,1,1,7.0,7.0,13055,M,,,13
201800050178,18,12,15,530,3,1,1,1.0,5.0,13070,M,4328670.0,553850.0,13
201800050179,18,12,16,120,3,1,1,8.0,6.0,13026,M,,,13
201800050180,18,12,17,910,1,1,9,1.0,2.0,13055,M,4337725.0,535786.0,13
201800050181,18,12,17,1815,4,1,1,1.0,2.0,13055,M,4320559.0,522126.0,13
201800050182,18,12,17,1830,3,1,1,1.0,2.0,13106,M,4324124.0,521255.0,13
201800050183,18,12,17,1810,3,1,1,1.0,2.0,13081,M,4348300.0,524090.0,13
201800050184,18,12,19,805,1,1,1,2.0,4.0,13055,M,4335628.0,536331.0,13
201800050185,18,12,19,1030,1,1,1,2.0,2.0,13055,M,,,13
201800050186,18,12,19,1300,1,1,1,2.0,4.0,13056,M,,,13
201800050187,18,12,19,1800,5,1,1,2.0,2.0,13055,M,4328640.0,550910.0,13
201800050188,18,12,19,1215,1,1,1,2.0,2.0,13055,M,4336606.0,536082.0,13
201800050189,18,12,19,1650,3,1,1,2.0,6.0,13071,M,4340646.0,533245.0,13
201800050190,18,12,18,1950,3,1,1,1.0,2.0,13117,M,,,13
201800050191,18,12,21,1130,1,1,1,1.0,3.0,13055,M,4317055.0,525052.0,13
201800050192,18,12,16,2150,5,1,1,1.0,6.0,13055,M,4329243.0,536528.0,13
201800050193,18,12,24,1050,1,1,1,1.0,4.0,13055,M,4329395.0,547026.0,13
201800050194,18,12,24,1300,1,1,1,1.0,2.0,13055,M,4328546.0,542760.0,13
201800050195,18,12,24,1600,1,1,1,1.0,2.0,13055,M,4330927.0,536664.0,13
201800050196,18,12,24,2150,3,1,1,1.0,3.0,13081,M,4347840.0,523980.0,13
201800050197,18,12,25,2120,3,1,1,1.0,5.0,13106,M,,,13
201800050198,18,12,26,1830,3,1,1,1.0,7.0,13026,M,,,13
201800050199,18,12,26,1935,3,1,1,1.0,2.0,13117,M,4348590.0,524069.0,13
201800050200,18,12,27,1523,1,1,1,1.0,5.0,13055,M,4329278.0,547671.0,13
201800050201,18,12,25,1803,2,1,1,1.0,5.0,13005,M,4328894.0,554937.0,13
201800050202,18,12,26,1900,3,1,1,1.0,6.0,13055,M,4332004.0,537764.0,13
201800050203,18,12,30,1115,1,1,1,1.0,2.0,13055,M,4329263.0,547820.0,13
201800050204,18,12,30,1905,3,1,1,1.0,4.0,13055,M,4329199.0,547996.0,13
201800050205,18,12,26,18,3,1,1,1.0,3.0,13055,M,,,13
201800050206,18,1,9,1000,1,2,3,1.0,6.0,75101,M,4886410.0,234657.0,75
201800050207,18,1,11,855,1,2,3,1.0,3.0,75101,M,4886600.0,232501.0,75
201800050208,18,1,11,1115,1,2,3,1.0,2.0,75101,M,4886440.0,233008.0,75
201800050209,18,1,6,2300,5,2,7,2.0,3.0,75101,M,4886360.0,233466.0,75
201800050210,18,1,13,2255,5,2,1,1.0,2.0,75101,M,4886180.0,233798.0,75
201800050211,18,1,19,1330,1,2,3,2.0,3.0,75101,M,4886010.0,233333.0,75
201800050212,18,1,20,435,5,2,1,1.0,7.0,75101,M,4886120.0,234004.0,75
201800050213,18,1,20,1300,1,2,2,2.0,6.0,75101,M,4886010.0,233333.0,75
201800050214,18,1,24,1710,5,2,2,1.0,6.0,75101,M,4885850.0,234820.0,75
201800050215,18,1,25,630,4,2,1,1.0,6.0,75101,M,4886130.0,234569.0,75
201800050216,18,1,27,1510,1,2,1,1.0,2.0,75101,M,4886760.0,232540.0,75
201800050217,18,1,30,1835,5,2,2,1.0,3.0,75101,M,4886530.0,234307.0,75
201800050218,18,2,1,1705,2,2,3,2.0,6.0,75101,M,4886640.0,232647.0,75
201800050219,18,2,2,1400,1,2,1,8.0,6.0,75101,M,4885870.0,234139.0,75
201800050220,18,2,5,1500,1,2,2,4.0,6.0,75101,M,4886620.0,233547.0,75
201800050221,18,2,10,2040,5,2,2,1.0,6.0,75101,M,4885850.0,234241.0,75
201800050222,18,2,15,1510,1,2,7,2.0,3.0,75101,M,4886010.0,233333.0,75
201800050223,18,2,17,20,5,2,5,1.0,3.0,75102,M,4886990.0,232796.0,75
201800050224,18,2,17,1735,1,2,1,1.0,7.0,75101,M,4886430.0,234729.0,75
201800050225,18,2,19,1620,1,2,3,8.0,6.0,75101,M,4886530.0,232728.0,75
201800050226,18,2,20,800,1,2,2,1.0,3.0,75104,M,4885720.0,234729.0,75
201800050227,18,2,26,1430,1,2,3,1.0,7.0,75101,M,4886270.0,233525.0,75
201800050228,18,3,1,1855,5,2,2,1.0,6.0,75101,M,4886060.0,234934.0,75
201800050229,18,3,6,1300,1,2,4,1.0,6.0,75101,M,4886900.0,232530.0,75
201800050230,18,3,8,1700,1,2,7,2.0,3.0,75102,M,4887030.0,233244.0,75
201800050231,18,3,9,1640,1,2,3,8.0,6.0,75101,M,4885870.0,234163.0,75
201800050232,18,3,10,2230,5,2,1,2.0,2.0,75101,M,4885880.0,234839.0,75
201800050233,18,3,18,1727,1,2,3,4.0,3.0,75101,M,4886150.0,233907.0,75
201800050234,18,3,21,840,1,2,2,1.0,2.0,75101,M,4885720.0,234729.0,75
201800050235,18,3,25,1640,1,2,7,1.0,3.0,75101,M,4886040.0,234057.0,75
201800050236,18,3,27,920,1,2,1,2.0,6.0,75101,M,4885510.0,234560.0,75
201800050237,18,3,29,950,1,2,2,1.0,6.0,75101,M,4886140.0,234896.0,75
201800050238,18,3,30,1340,1,2,3,1.0,6.0,75101,M,4886220.0,233916.0,75
201800050239,18,3,31,1200,1,2,2,2.0,3.0,75101,M,4886390.0,234908.0,75
201800050240,18,4,6,1540,1,2,2,1.0,3.0,75101,M,4886270.0,233525.0,75
201800050241,18,4,12,1205,1,2,1,1.0,6.0,75101,M,4886230.0,232551.0,75
201800050242,18,4,14,1200,1,2,2,1.0,6.0,75101,M,4885950.0,234877.0,75
201800050243,18,4,16,2010,2,2,2,1.0,6.0,75101,M,4886740.0,232619.0,75
201800050244,18,4,16,2220,5,2,3,1.0,2.0,75101,M,4885770.0,234544.0,75
201800050245,18,4,18,1755,1,2,1,7.0,6.0,75101,M,4886870.0,232542.0,75
201800050246,18,4,19,1215,1,2,1,7.0,6.0,75101,M,4886270.0,234173.0,75
201800050247,18,4,19,1725,1,2,2,1.0,6.0,75101,M,4886360.0,234270.0,75
201800050248,18,4,19,1740,1,2,3,1.0,6.0,75101,M,4886220.0,233916.0,75
201800050249,18,4,21,2250,5,2,3,1.0,2.0,75101,M,4886440.0,233008.0,75
201800050250,18,4,24,1540,1,2,2,1.0,3.0,75101,M,4886460.0,233269.0,75
201800050251,18,4,28,1,5,2,2,1.0,3.0,75101,M,4886270.0,233525.0,75
201800050252,18,4,30,853,1,2,2,2.0,3.0,75101,M,4886020.0,234826.0,75
201800050253,18,5,2,1320,1,2,3,1.0,2.0,75101,M,4886320.0,233379.0,75
201800050254,18,5,4,2045,1,2,2,1.0,3.0,75101,M,4886010.0,233333.0,75
201800050255,18,5,4,1950,1,2,2,1.0,3.0,75101,M,4885990.0,234395.0,75
201800050256,18,5,9,1420,1,2,1,1.0,3.0,75101,M,4886530.0,234087.0,75
201800050257,18,5,9,1715,2,2,2,1.0,3.0,75104,M,4885080.0,236140.0,75
201800050258,18,5,12,1400,1,2,5,1.0,3.0,75101,M,4886040.0,234232.0,75
201800050259,18,5,12,1600,1,2,1,2.0,7.0,75101,M,4885870.0,234139.0,75
201800050260,18,5,16,1250,1,2,4,1.0,3.0,75101,M,4886480.0,233484.0,75
201800050261,18,5,17,1155,1,2,2,1.0,6.0,75101,M,4885620.0,234643.0,75
201800050262,18,5,17,1740,1,2,3,1.0,6.0,75101,M,4885800.0,234437.0,75
201800050263,18,5,22,1745,1,2,2,3.0,6.0,75101,M,4885850.0,234241.0,75
201800050264,18,5,25,1220,1,2,2,1.0,3.0,75101,M,4886740.0,232619.0,75
201800050265,18,5,25,1300,1,2,1,1.0,3.0,75101,M,4886140.0,232823.0,75
201800050266,18,5,28,1540,1,2,4,1.0,3.0,75101,M,4886480.0,233484.0,75
201800050267,18,5,29,850,1,2,3,1.0,6.0,75109,M,4887580.0,232847.0,75
201800050268,18,5,30,1740,1,2,2,1.0,6.0,75101,M,4886350.0,234211.0,75
201800050269,18,5,30,2035,1,2,2,1.0,7.0,75101,M,4886340.0,235094.0,75
201800050270,18,5,31,1030,1,2,3,1.0,6.0,75101,M,4886650.0,233413.0,75
201800050271,18,6,3,955,1,2,7,1.0,6.0,75101,M,4886250.0,233607.0,75
201800050272,18,6,10,1415,1,2,5,1.0,7.0,75101,M,4886750.0,233366.0,75
201800050273,18,6,10,1610,1,2,7,1.0,3.0,75101,M,4885950.0,234009.0,75
201800050274,18,6,12,1900,1,2,1,1.0,6.0,75109,M,4887760.0,233832.0,75
201800050275,18,6,13,1830,1,2,2,1.0,6.0,75103,M,4886570.0,235688.0,75
201800050276,18,6,15,1640,1,2,2,1.0,6.0,75101,M,4885620.0,234643.0,75
201800050277,18,6,16,1705,1,2,2,1.0,6.0,75102,M,4886440.0,235150.0,75
201800050278,18,6,17,2035,1,2,2,1.0,3.0,75101,M,4886740.0,232619.0,75
201800050279,18,6,19,2005,2,2,7,1.0,6.0,75101,M,4886010.0,233333.0,75
201800050280,18,6,20,20,5,2,2,1.0,3.0,75101,M,4885850.0,234820.0,75
201800050281,18,6,20,910,1,2,3,1.0,6.0,75101,M,4885930.0,234565.0,75
201800050282,18,6,20,1500,1,2,3,1.0,2.0,75101,M,4886320.0,233379.0,75
201800050283,18,6,26,205,5,2,2,1.0,6.0,75101,M,4886740.0,232619.0,75
201800050284,18,6,28,910,1,2,1,1.0,6.0,75103,M,4886620.0,236488.0,75
201800050285,18,6,29,2100,1,2,2,1.0,3.0,75101,M,4886010.0,234337.0,75
201800050286,18,7,2,1130,1,2,1,1.0,2.0,75101,M,4886540.0,232697.0,75
201800050287,18,7,3,800,1,2,7,1.0,4.0,75101,M,4886300.0,234189.0,75
201800050288,18,7,4,1450,1,2,2,1.0,6.0,75101,M,4886380.0,233207.0,75
201800050289,18,7,6,1805,1,2,1,1.0,6.0,75101,M,4886510.0,232799.0,75
201800050290,18,7,9,820,1,2,2,1.0,6.0,75101,M,4886150.0,233907.0,75
201800050291,18,7,10,953,1,2,3,1.0,2.0,75101,M,4886400.0,233134.0,75
201800050292,18,7,10,2020,1,2,1,1.0,2.0,75101,M,4886620.0,232453.0,75
201800050293,18,7,16,2300,5,2,2,1.0,6.0,75103,M,4886620.0,235251.0,75
201800050294,18,7,19,800,1,2,7,1.0,2.0,75101,M,4885736.0,234660.0,75
201800050295,18,7,19,945,1,2,2,1.0,3.0,75101,M,4886152.0,233916.0,75
201800050296,18,7,20,5,5,2,3,1.0,5.0,75104,M,4585516.0,235293.0,75
201800050297,18,7,20,1655,1,2,4,8.0,6.0,75101,M,4886404.0,234268.0,75
201800050298,18,7,22,130,5,2,5,1.0,6.0,75101,M,4886614.0,233445.0,75
201800050299,18,7,23,1140,1,2,7,1.0,6.0,75101,M,4886089.0,233181.0,75
201800050300,18,7,27,350,5,2,7,1.0,6.0,75101,M,4886010.0,233337.0,75
201800050301,18,7,31,1055,1,2,7,1.0,6.0,75101,M,4885875.0,234111.0,75
201800050302,18,8,1,1240,1,2,3,1.0,3.0,75102,M,4887047.0,234872.0,75
201800050303,18,8,2,1510,1,2,2,1.0,7.0,75101,M,4886379.0,234935.0,75
201800050304,18,8,2,1824,1,2,1,1.0,2.0,75101,M,4886205.0,233791.0,75
201800050305,18,8,10,420,5,2,2,1.0,3.0,75110,M,4886934.0,235424.0,75
201800050306,18,8,13,1310,1,2,4,1.0,6.0,75101,M,4886941.0,232546.0,75
201800050307,18,8,20,1200,1,2,7,8.0,3.0,75103,M,4886712.0,236350.0,75
201800050308,18,8,22,2230,5,2,7,1.0,3.0,75101,M,4886784.0,234349.0,75
201800050309,18,8,24,2250,5,2,3,1.0,3.0,75101,M,4886666.0,233333.0,75
201800050310,18,8,28,1510,1,2,3,1.0,2.0,75101,M,4886086.0,233027.0,75
201800050311,18,8,30,1055,1,2,5,1.0,5.0,75109,M,4887000.0,234000.0,75
201800050312,18,8,31,1715,1,2,2,1.0,3.0,75101,M,4885620.0,234650.0,75
201800050313,18,8,31,2105,5,2,2,1.0,3.0,75109,M,,,75
201800050314,18,9,2,240,5,2,7,1.0,3.0,75108,M,4886668.0,232166.0,75
201800050315,18,9,6,1140,1,2,1,1.0,3.0,75103,M,4886449.0,236467.0,75
201800050316,18,9,7,1030,1,2,3,2.0,6.0,75101,M,4886000.0,234000.0,75
201800050317,18,9,12,915,1,2,2,1.0,3.0,75102,M,4886000.0,234000.0,75
201800050318,18,9,15,620,2,2,4,1.0,3.0,75101,M,4886633.0,233449.0,75
201800050319,18,9,17,1350,1,2,3,1.0,6.0,75101,M,4886202.0,233721.0,75
201800050320,18,9,27,1030,1,2,3,1.0,6.0,75101,M,4886649.0,232390.0,75
201800050321,18,9,28,1115,1,2,1,1.0,3.0,75103,M,4886825.0,235849.0,75
201800050322,18,9,28,1630,1,2,7,1.0,6.0,75101,M,4885778.0,234733.0,75
201800050323,18,9,29,1320,1,2,2,1.0,6.0,75103,M,4886000.0,235000.0,75
201800050324,18,9,30,1135,1,2,2,1.0,3.0,75101,M,4886730.0,233460.0,75
201800050325,18,9,30,1250,1,2,2,1.0,3.0,75101,M,4885857.0,234813.0,75
201800050326,18,10,2,2045,3,2,7,2.0,3.0,75108,M,,,75
201800050327,18,10,5,1300,1,2,1,1.0,3.0,75104,M,4885387.0,236521.0,75
201800050328,18,10,6,1600,1,2,2,1.0,6.0,75101,M,4886097.0,234781.0,75
201800050329,18,10,7,1350,1,2,2,8.0,6.0,75101,M,4885873.0,234753.0,75
201800050330,18,10,14,951,1,2,3,1.0,4.0,75101,M,4886000.0,233000.0,75
201800050331,18,10,17,2150,5,2,2,1.0,6.0,75101,M,4886362.0,234224.0,75
201800050332,18,10,22,1040,1,2,2,2.0,7.0,75101,M,4886407.0,234237.0,75
201800050333,18,10,31,1335,1,2,2,1.0,2.0,75101,M,4886025.0,233298.0,75
201800050334,18,11,3,1030,1,2,3,1.0,6.0,75101,M,4886102.0,232968.0,75
201800050335,18,11,7,1935,5,2,1,1.0,6.0,75101,M,4886642.0,232875.0,75
201800050336,18,11,12,1115,1,2,2,2.0,2.0,75109,M,,,75
201800050337,18,11,17,1200,1,2,2,1.0,3.0,75101,M,4885854.0,234825.0,75
201800050338,18,11,22,905,1,2,2,8.0,3.0,75101,M,4886400.0,234100.0,75
201800050339,18,11,25,1420,1,2,1,3.0,2.0,75101,M,4886000.0,233000.0,75
201800050340,18,11,28,750,5,2,2,2.0,3.0,75101,M,4885598.0,234635.0,75
201800050341,18,11,30,922,1,2,1,8.0,6.0,75101,M,4886090.0,234519.0,75
201800050342,18,12,1,1845,5,2,2,1.0,6.0,75101,M,4886000.0,233000.0,75
201800050343,18,12,2,1515,1,2,3,2.0,6.0,75101,M,4885933.0,234524.0,75
201800050344,18,12,4,820,1,2,3,2.0,6.0,75101,M,4885867.0,234769.0,75
201800050345,18,12,7,1800,3,2,3,1.0,3.0,75101,M,4886228.0,234142.0,75
201800050346,18,12,10,930,1,2,2,1.0,3.0,75101,M,4886088.0,234080.0,75
201800050347,18,12,13,1450,1,2,2,1.0,2.0,75101,M,4886094.0,234076.0,75
201800050348,18,12,19,1300,1,2,3,1.0,6.0,75101,M,4886146.0,234240.0,75
201800050349,18,12,30,1400,1,2,2,8.0,6.0,75102,M,4886746.0,233430.0,75
201800050350,18,1,9,1700,2,2,7,2.0,1.0,75102,M,4887060.0,233206.0,75
201800050351,18,1,13,2110,4,2,2,1.0,3.0,75102,M,4886920.0,233864.0,75
201800050352,18,1,26,1725,2,2,2,1.0,3.0,75102,M,4887070.0,234788.0,75
201800050353,18,1,27,1730,2,2,2,8.0,2.0,75102,M,4886920.0,233288.0,75
201800050354,18,1,28,1450,1,2,2,1.0,3.0,75102,M,4886890.0,233667.0,75
201800050355,18,2,1,1530,1,2,7,8.0,3.0,75102,M,4886870.0,234133.0,75
201800050356,18,2,2,1045,1,2,2,1.0,6.0,75102,M,4886740.0,235151.0,75
201800050357,18,2,2,1730,2,2,2,1.0,6.0,75102,M,4886780.0,234537.0,75
201800050358,18,2,7,1540,1,2,2,4.0,4.0,75102,M,4886620.0,235251.0,75
201800050359,18,2,12,920,1,2,1,1.0,3.0,75101,M,4886470.0,234275.0,75
201800050360,18,2,24,1720,1,2,3,1.0,3.0,75102,M,4887170.0,234163.0,75
201800050361,18,3,26,1730,1,2,3,1.0,6.0,75102,M,4886940.0,234032.0,75
201800050362,18,4,2,2120,5,2,7,2.0,2.0,75101,M,4885770.0,234776.0,75
201800050363,18,4,6,1450,1,2,7,1.0,3.0,75102,M,4887030.0,233244.0,75
201800050364,18,4,6,1630,1,2,2,1.0,3.0,75103,M,4886600.0,235376.0,75
201800050365,18,4,12,1925,1,2,3,2.0,3.0,75101,M,4886390.0,234233.0,75
201800050366,18,4,16,2045,5,2,5,1.0,6.0,75102,M,4886680.0,234383.0,75
201800050367,18,4,22,520,5,2,2,1.0,2.0,75102,M,4886780.0,234537.0,75
201800050368,18,5,5,1900,1,2,7,1.0,6.0,75102,M,4887020.0,233220.0,75
201800050369,18,5,14,1725,1,2,7,8.0,3.0,75102,M,4887030.0,233244.0,75
201800050370,18,5,28,1920,2,2,2,3.0,3.0,75102,M,4886820.0,234361.0,75
201800050371,18,6,12,1923,1,2,1,1.0,6.0,75104,M,4885640.0,236422.0,75
201800050372,18,6,14,1950,1,2,2,1.0,3.0,75102,M,4886620.0,235251.0,75
201800050373,18,6,16,1350,1,2,1,1.0,3.0,75103,M,4886310.0,235876.0,75
201800050374,18,6,17,1610,1,2,2,1.0,3.0,75102,M,4887020.0,232993.0,75
201800050375,18,6,19,1255,1,2,2,1.0,6.0,75102,M,4886890.0,233667.0,75
201800050376,18,6,23,1520,1,2,3,1.0,4.0,75102,M,4887150.0,233704.0,75
201800050377,18,7,9,940,1,2,2,1.0,7.0,75103,M,4886270.0,235426.0,75
201800050378,18,7,15,1230,1,2,1,1.0,2.0,75103,M,4886820.0,236095.0,75
201800050379,18,7,24,1940,1,2,3,1.0,6.0,75102,M,4886700.0,234300.0,75
201800050380,18,8,8,910,1,2,2,1.0,3.0,75103,M,4886200.0,236200.0,75
201800050381,18,8,17,1035,1,2,2,1.0,6.0,75102,M,4880000.0,234000.0,75
201800050382,18,8,21,1450,1,2,3,1.0,7.0,75103,M,4886082.0,236699.0,75
201800050383,18,8,21,1825,1,2,1,1.0,6.0,75102,M,4886425.0,234787.0,75
201800050384,18,8,24,1550,1,2,1,1.0,3.0,75102,M,4886964.0,235202.0,75
201800050385,18,9,4,910,1,2,3,1.0,6.0,75102,M,,,75
201800050386,18,9,4,1445,1,2,3,8.0,3.0,75102,M,4886942.0,233303.0,75
201800050387,18,9,13,1700,1,2,3,1.0,3.0,75103,M,4886148.0,236467.0,75
201800050388,18,9,21,925,1,2,3,8.0,7.0,75103,M,4886066.0,236730.0,75
201800050389,18,9,27,1320,1,2,1,1.0,2.0,75102,M,4886947.0,235290.0,75
201800050390,18,10,1,1905,2,2,4,1.0,3.0,75103,M,4886560.0,235599.0,75
201800050391,18,10,2,1800,2,2,2,2.0,6.0,75103,M,,,75
201800050392,18,10,5,1730,1,2,7,1.0,3.0,75102,M,4887024.0,233256.0,75
201800050393,18,10,5,2030,5,2,2,1.0,6.0,75104,M,4886100.0,235340.0,75
201800050394,18,10,9,1210,1,2,2,1.0,6.0,75102,M,4886995.0,234045.0,75
201800050395,18,10,15,1525,1,2,2,1.0,6.0,75104,M,4885469.0,236282.0,75
201800050396,18,10,23,930,1,2,1,1.0,6.0,75102,M,4886934.0,232892.0,75
201800050397,18,10,30,1820,5,2,3,1.0,6.0,75102,M,4886935.0,234025.0,75
201800050398,18,10,31,820,1,2,3,8.0,3.0,75104,M,4884932.0,236419.0,75
201800050399,18,11,2,855,1,2,7,1.0,6.0,75102,M,4887100.0,233000.0,75
201800050400,18,11,2,2040,5,2,1,1.0,6.0,75102,M,4886665.0,234192.0,75
201800050401,18,11,2,1350,1,2,3,1.0,6.0,75103,M,4885685.0,236797.0,75
201800050402,18,11,6,1800,2,2,7,1.0,3.0,75102,M,4887000.0,233000.0,75
201800050403,18,11,10,1820,5,2,1,8.0,3.0,75104,M,4885190.0,236140.0,75
201800050404,18,11,16,1935,2,2,1,1.0,3.0,75102,M,4887082.0,233367.0,75
201800050405,18,11,19,845,1,2,1,1.0,7.0,75102,M,4886980.0,233260.0,75
201800050406,18,11,21,1710,2,2,7,1.0,6.0,75102,M,4886000.0,234000.0,75
201800050407,18,11,30,1920,5,2,4,1.0,3.0,75102,M,,,75