Num_Acc,an,mois,jour,hrmn,lum,agg,int,atm,col,com,gps,lat,long,dep
201800050408,18,12,1,1320,1,2,2,2.0,6.0,75103,M,4886300.0,235240.0,75
201800050409,18,12,13,900,1,2,1,1.0,6.0,75103,M,4886230.0,236510.0,75
201800050410,18,12,16,1315,1,2,5,8.0,6.0,75102,M,4886948.0,235338.0,75
201800050411,18,12,28,1855,5,2,3,1.0,6.0,75104,M,4885000.0,236000.0,75
201800050412,18,1,5,1840,5,2,1,1.0,6.0,75103,M,4885980.0,236096.0,75
201800050413,18,1,13,1945,5,2,2,1.0,3.0,75103,M,4886340.0,235094.0,75
201800050414,18,1,23,1527,1,2,3,1.0,2.0,75103,M,4886410.0,235136.0,75
201800050415,18,1,24,1130,1,2,2,1.0,6.0,75103,M,4886570.0,235688.0,75
201800050416,18,1,25,2310,5,2,2,1.0,6.0,75103,M,4885690.0,236282.0,75
201800050417,18,1,26,730,2,2,2,1.0,6.0,75103,M,4886320.0,235248.0,75
201800050418,18,1,29,2130,5,2,2,1.0,3.0,75101,M,4886150.0,233907.0,75
201800050419,18,1,31,1750,5,2,2,1.0,6.0,75103,M,4886280.0,235331.0,75
201800050420,18,2,2,1436,1,2,3,2.0,6.0,75103,M,4886010.0,236743.0,75
201800050421,18,2,5,920,1,2,7,4.0,3.0,75103,M,4886730.0,236338.0,75
201800050422,18,2,5,2300,5,2,2,2.0,6.0,75103,M,4886440.0,235150.0,75
201800050423,18,2,8,1810,5,2,7,1.0,6.0,75103,M,4886730.0,236338.0,75
201800050424,18,2,9,850,1,2,3,1.0,6.0,75103,M,4885880.0,236448.0,75
201800050425,18,2,13,1950,5,2,4,2.0,2.0,75103,M,4886680.0,236178.0,75
201800050426,18,2,16,1420,1,2,2,1.0,3.0,75103,M,4886320.0,235164.0,75
201800050427,18,3,3,2100,5,2,3,8.0,7.0,75104,M,4885690.0,235380.0,75
201800050428,18,3,4,1950,5,2,4,8.0,6.0,75103,M,4886680.0,236178.0,75
201800050429,18,3,7,700,5,2,2,2.0,3.0,75103,M,4886340.0,235094.0,75
201800050430,18,3,7,835,1,2,2,2.0,3.0,75103,M,4886340.0,235094.0,75
201800050431,18,3,13,1230,1,2,7,1.0,3.0,75102,M,4887030.0,233244.0,75
201800050432,18,3,17,1510,1,2,2,4.0,6.0,75103,M,4886290.0,236252.0,75
201800050433,18,3,24,2200,5,2,2,1.0,2.0,75104,M,4885840.0,235190.0,75
201800050434,18,3,26,910,1,2,2,1.0,3.0,75103,M,4886600.0,235344.0,75
201800050435,18,3,28,1540,1,2,7,8.0,6.0,75103,M,4886730.0,236338.0,75
201800050436,18,3,29,640,5,2,2,1.0,3.0,75103,M,4886620.0,235251.0,75
201800050437,18,3,29,950,1,2,2,1.0,6.0,75103,M,4886130.0,236456.0,75
201800050438,18,4,3,1900,1,2,2,8.0,3.0,75103,M,4885720.0,236175.0,75
201800050439,18,4,5,2040,5,2,7,1.0,3.0,75103,M,4886800.0,236223.0,75
201800050440,18,4,6,2200,5,2,3,1.0,3.0,75103,M,4885810.0,236446.0,75
201800050441,18,4,13,1500,1,2,4,1.0,2.0,75103,M,4886010.0,236743.0,75
201800050442,18,4,16,1940,1,2,2,1.0,7.0,75103,M,4886470.0,235967.0,75
201800050443,18,4,18,2210,5,2,3,1.0,6.0,75104,M,4885520.0,235280.0,75
201800050444,18,4,20,1800,1,2,1,1.0,3.0,75103,M,4886140.0,235356.0,75
201800050445,18,4,20,2240,5,2,2,1.0,6.0,75103,M,4885990.0,236073.0,75
201800050446,18,4,23,940,1,2,1,1.0,3.0,75103,M,4885750.0,236110.0,75
201800050447,18,4,24,1855,1,2,3,1.0,3.0,75103,M,4885830.0,236380.0,75
201800050448,18,4,25,1430,1,2,1,1.0,3.0,75110,M,4886880.0,235664.0,75
201800050449,18,4,26,1625,1,2,2,1.0,3.0,75103,M,4886600.0,235376.0,75
201800050450,18,5,2,1740,1,2,2,1.0,3.0,75103,M,4886720.0,236302.0,75
201800050451,18,5,3,845,1,2,1,1.0,2.0,75103,M,4885900.0,235922.0,75
201800050452,18,5,9,1550,1,2,7,1.0,3.0,75103,M,4886800.0,236223.0,75
201800050453,18,5,9,2015,2,2,3,1.0,3.0,75104,M,4885290.0,235896.0,75
201800050454,18,5,14,1240,1,2,2,8.0,3.0,75103,M,4886340.0,236151.0,75
201800050455,18,5,22,1945,1,2,3,1.0,6.0,75101,M,4886480.0,233484.0,75
201800050456,18,5,27,325,5,2,2,1.0,6.0,75103,M,4886250.0,236688.0,75
201800050457,18,5,29,2325,5,2,1,3.0,1.0,75103,M,4886300.0,236645.0,75
201800050458,18,6,2,1750,1,2,2,1.0,6.0,75103,M,4886600.0,235376.0,75
201800050459,18,6,4,2140,5,2,2,1.0,3.0,75103,M,4886120.0,235819.0,75
201800050460,18,6,8,1710,1,2,2,1.0,3.0,75103,M,4886340.0,235094.0,75
201800050461,18,6,8,2212,5,2,4,8.0,6.0,75103,M,4886690.0,236220.0,75
201800050462,18,6,11,1645,1,2,2,8.0,3.0,75103,M,4886900.0,235558.0,75
201800050463,18,6,12,1725,1,2,2,1.0,6.0,75103,M,4886600.0,235376.0,75
201800050464,18,6,18,658,1,2,3,1.0,6.0,75103,M,4886180.0,235376.0,75
201800050465,18,6,25,1725,1,2,2,1.0,2.0,75102,M,4886990.0,232796.0,75
201800050466,18,7,3,1250,1,2,3,1.0,2.0,75103,M,4886640.0,236039.0,75
201800050467,18,7,4,2015,1,2,1,1.0,6.0,75103,M,4886720.0,235302.0,75
201800050468,18,7,18,2015,1,2,1,1.0,2.0,75103,M,,,75
201800050469,18,7,22,15,5,2,2,1.0,3.0,75102,M,4887007.0,233379.0,75
201800050470,18,7,27,1850,1,2,2,3.0,6.0,75104,M,4851458.0,217153.0,75
201800050471,18,8,5,1530,1,2,2,1.0,6.0,75103,M,4886478.0,235517.0,75
201800050472,18,8,12,630,2,2,3,1.0,3.0,75103,M,4886029.0,236704.0,75
201800050473,18,8,15,1415,1,2,2,1.0,6.0,75104,M,4885731.0,236134.0,75
201800050474,18,8,17,515,2,2,2,1.0,3.0,75104,M,4885113.0,235599.0,75
201800050475,18,9,1,1530,1,2,2,1.0,3.0,75104,M,4885729.0,234917.0,75
201800050476,18,9,5,2315,5,2,3,1.0,3.0,75103,M,4886183.0,235393.0,75
201800050477,18,9,10,1055,1,2,2,1.0,3.0,75103,M,,,75
201800050478,18,9,17,7,5,2,2,1.0,6.0,75103,M,4885814.0,236444.0,75
201800050479,18,9,22,15,5,2,2,1.0,3.0,75103,M,4886000.0,235000.0,75
201800050480,18,9,25,845,1,2,1,7.0,6.0,75103,M,4886000.0,230000.0,75
201800050481,18,9,26,1735,1,2,2,1.0,6.0,75103,M,4886474.0,235934.0,75
201800050482,18,9,29,352,5,2,2,1.0,6.0,75102,M,4886870.0,235106.0,75
201800050483,18,9,30,1240,1,2,1,1.0,3.0,75103,M,4886153.0,235360.0,75
201800050484,18,10,4,2341,5,2,3,1.0,6.0,75103,M,4886800.0,235500.0,75
201800050485,18,10,9,330,5,2,2,1.0,3.0,75103,M,4886740.0,236260.0,75
201800050486,18,10,11,1720,1,2,1,1.0,6.0,75104,M,4885850.0,23485.0,75
201800050487,18,10,15,1149,1,2,1,1.0,6.0,75103,M,4886091.0,236356.0,75
201800050488,18,10,17,1330,1,2,7,1.0,6.0,75103,M,4886757.0,236313.0,75
201800050489,18,10,17,2050,5,2,1,1.0,3.0,75103,M,4886840.0,235961.0,75
201800050490,18,10,22,1420,1,2,1,8.0,6.0,75103,M,4886163.0,236558.0,75
201800050491,18,10,23,715,2,2,3,1.0,3.0,75103,M,4886755.0,236310.0,75
201800050492,18,10,23,1435,1,2,3,1.0,3.0,75103,M,4885944.0,236759.0,75
201800050493,18,10,23,1840,5,2,2,1.0,6.0,75103,M,4886348.0,235407.0,75
201800050494,18,10,28,1940,5,2,2,1.0,3.0,75104,M,4885000.0,235000.0,75
201800050495,18,10,30,30,5,2,3,3.0,6.0,75102,M,4887139.0,233680.0,75
201800050496,18,10,30,930,1,2,2,2.0,7.0,75103,M,4886269.0,235414.0,75
201800050497,18,10,31,2350,5,2,1,1.0,5.0,75102,M,4887108.0,234447.0,75
201800050498,18,11,5,1720,2,2,1,1.0,6.0,75104,M,4880000.0,234000.0,75
201800050499,18,11,6,1414,1,2,1,1.0,3.0,75103,M,,,75
201800050500,18,11,7,439,5,2,7,2.0,3.0,75101,M,4886124.0,233615.0,75
201800050501,18,11,7,1850,5,2,2,1.0,7.0,75104,M,4885777.0,235433.0,75
201800050502,18,11,18,1535,1,2,3,1.0,3.0,75103,M,4886172.0,236467.0,75
201800050503,18,11,18,2340,5,2,3,1.0,6.0,75104,M,4885813.0,235172.0,75
201800050504,18,12,3,730,2,2,3,1.0,6.0,75103,M,4880000.0,236000.0,75
201800050505,18,12,5,130,5,2,2,1.0,6.0,75103,M,4886218.0,236673.0,75
201800050506,18,12,5,2230,5,2,4,2.0,3.0,75101,M,4886318.0,233552.0,75
201800050507,18,12,7,1200,1,2,7,2.0,6.0,75109,M,4887184.0,233288.0,75
201800050508,18,12,10,2310,5,2,3,1.0,6.0,75104,M,,,75
201800050509,18,12,18,1635,1,2,5,1.0,3.0,75103,M,4886000.0,237000.0,75
201800050510,18,12,19,1420,1,2,7,1.0,3.0,75102,M,4887063.0,233270.0,75
201800050511,18,12,20,1215,1,2,1,1.0,6.0,75103,M,4886836.0,235774.0,75
201800050512,18,12,26,1120,1,2,1,1.0,2.0,75102,M,4886740.0,234575.0,75
201800050513,18,12,27,50,5,2,2,1.0,6.0,75103,M,4886500.0,235700.0,75
201800050514,18,12,28,1150,1,2,3,1.0,6.0,75103,M,,,75
201800050515,18,1,2,1625,1,2,3,2.0,2.0,75104,M,4885460.0,236271.0,75
201800050516,18,1,5,1615,1,2,3,1.0,6.0,75104,M,4885510.0,236163.0,75
201800050517,18,1,10,1000,1,2,4,2.0,2.0,75104,M,4885680.0,236138.0,75
201800050518,18,1,17,1050,1,2,2,1.0,3.0,75104,M,4885370.0,236561.0,75
201800050519,18,1,18,1610,1,2,2,1.0,2.0,75104,M,4884740.0,236565.0,75
201800050520,18,1,23,1950,5,2,3,1.0,2.0,75104,M,4885040.0,236002.0,75
201800050521,18,1,25,1015,1,2,1,2.0,3.0,75104,M,4885920.0,234861.0,75
201800050522,18,1,26,830,1,2,3,1.0,6.0,75104,M,4885900.0,235571.0,75
201800050523,18,1,28,335,5,2,2,2.0,3.0,75104,M,4885120.0,236265.0,75
201800050524,18,12,20,1005,1,2,3,1.0,6.0,75104,M,4885479.0,236266.0,75
201800050525,18,2,2,955,1,2,2,1.0,3.0,75104,M,4885750.0,235141.0,75
201800050526,18,2,4,350,5,2,7,3.0,6.0,75103,M,4886730.0,236338.0,75
201800050527,18,2,7,1745,5,2,1,4.0,7.0,75104,M,4885640.0,235666.0,75
201800050528,18,2,17,1845,5,2,2,1.0,3.0,75109,M,4887580.0,234201.0,75
201800050529,18,2,21,1340,1,2,2,1.0,3.0,75104,M,4885240.0,235482.0,75
201800050530,18,2,25,2030,5,2,2,1.0,3.0,75104,M,4885720.0,236175.0,75
201800050531,18,3,3,1850,5,2,1,1.0,4.0,75109,M,4887610.0,233665.0,75
201800050532,18,3,6,1908,5,2,2,2.0,6.0,75104,M,4885440.0,235494.0,75
201800050533,18,3,15,1535,1,2,2,1.0,6.0,75104,M,4885600.0,235911.0,75
201800050534,18,3,20,1100,1,2,1,1.0,6.0,75104,M,4885240.0,236211.0,75
201800050535,18,3,23,1045,1,2,1,1.0,6.0,75103,M,4886810.0,236131.0,75
201800050536,18,3,23,1555,1,2,1,8.0,6.0,75104,M,4885960.0,234884.0,75
201800050537,18,3,25,1130,1,2,2,1.0,3.0,75104,M,4885670.0,234891.0,75
201800050538,18,3,27,1100,1,2,2,3.0,6.0,75104,M,4885750.0,235421.0,75
201800050539,18,4,5,1600,1,2,3,1.0,2.0,75104,M,4884890.0,236252.0,75
201800050540,18,4,9,2145,5,2,1,2.0,6.0,75109,M,4887970.0,232831.0,75
201800050541,18,4,10,1120,1,2,2,1.0,3.0,75104,M,4885360.0,234707.0,75
201800050542,18,4,12,2030,5,2,3,2.0,6.0,75103,M,4886610.0,236108.0,75
201800050543,18,4,14,1133,1,2,1,8.0,6.0,75104,M,4886020.0,234915.0,75
201800050544,18,4,14,1240,1,2,7,1.0,3.0,75104,M,4885370.0,236896.0,75
201800050545,18,4,17,1850,2,2,3,1.0,6.0,75104,M,4885400.0,236113.0,75
201800050546,18,4,19,1900,1,2,2,1.0,6.0,75104,M,4885520.0,235577.0,75
201800050547,18,4,24,220,5,2,2,1.0,3.0,75104,M,4886120.0,235345.0,75
201800050548,18,5,4,1030,1,2,1,1.0,4.0,75104,M,4884830.0,236339.0,75
201800050549,18,5,6,1830,1,2,3,1.0,6.0,75103,M,4886000.0,236454.0,75
201800050550,18,5,7,1320,1,2,1,1.0,6.0,75104,M,4885220.0,235197.0,75
201800050551,18,5,9,2345,5,2,3,1.0,2.0,75104,M,4885520.0,235280.0,75
201800050552,18,5,17,1640,1,2,3,1.0,6.0,75104,M,4885460.0,236271.0,75
201800050553,18,5,18,1345,1,2,3,1.0,6.0,75104,M,4885570.0,235897.0,75
201800050554,18,5,25,1250,1,2,7,1.0,3.0,75104,M,4885720.0,234729.0,75
201800050555,18,5,27,1030,1,2,2,1.0,3.0,75104,M,4885850.0,234820.0,75
201800050556,18,5,27,1815,1,2,3,1.0,6.0,75103,M,4886400.0,236240.0,75
201800050557,18,5,28,345,5,2,2,1.0,4.0,75104,M,4885360.0,235796.0,75
201800050558,18,6,1,1750,1,2,1,1.0,2.0,75102,M,4886730.0,234774.0,75
201800050559,18,6,2,2315,5,2,3,1.0,3.0,75104,M,4885010.0,235896.0,75
201800050560,18,6,5,1125,1,2,1,2.0,7.0,75104,M,4884740.0,236474.0,75
201800050561,18,6,5,1825,1,2,2,8.0,6.0,75104,M,4885850.0,234820.0,75
201800050562,18,6,7,1600,1,2,2,1.0,3.0,75104,M,4885250.0,236672.0,75
201800050563,18,6,12,840,1,2,1,2.0,6.0,75104,M,4885960.0,235258.0,75
201800050564,18,6,14,848,1,2,2,1.0,2.0,75104,M,4885570.0,234830.0,75
201800050565,18,6,14,1210,1,2,2,1.0,2.0,75104,M,4885370.0,236561.0,75
201800050566,18,6,15,1410,1,2,2,1.0,3.0,75104,M,4885080.0,236140.0,75
201800050567,18,6,15,1820,1,2,3,1.0,3.0,75103,M,4886010.0,236455.0,75
201800050568,18,6,19,2205,5,2,2,1.0,6.0,75104,M,4885080.0,236140.0,75
201800050569,18,6,20,850,1,2,3,1.0,6.0,75102,M,4886970.0,235262.0,75
201800050570,18,6,23,1545,1,2,3,1.0,3.0,75104,M,4885350.0,236650.0,75
201800050571,18,6,29,845,1,2,3,1.0,6.0,75104,M,4885680.0,235104.0,75
201800050572,18,6,30,1550,1,2,1,1.0,6.0,75104,M,4885770.0,235379.0,75
201800050573,18,7,1,1740,1,2,3,1.0,7.0,75104,M,4886030.0,235292.0,75
201800050574,18,7,2,2005,1,2,2,1.0,3.0,75102,M,4886860.0,234973.0,75
201800050575,18,7,3,1300,1,2,1,1.0,2.0,75104,M,4885560.0,235968.0,75
201800050576,18,7,3,1700,1,2,1,1.0,6.0,75104,M,4885700.0,234789.0,75
201800050577,18,7,4,650,1,2,3,1.0,3.0,75104,M,4885900.0,235021.0,75
201800050578,18,7,5,1630,1,2,3,1.0,6.0,75104,M,4885510.0,236163.0,75
201800050579,18,7,6,1920,1,2,3,1.0,3.0,75104,M,4885410.0,235573.0,75
201800050580,18,7,10,850,1,2,1,1.0,3.0,75103,M,4886870.0,235769.0,75
201800050581,18,7,12,2150,2,2,1,1.0,6.0,75104,M,4885010.0,236338.0,75
201800050582,18,7,14,1345,1,2,1,1.0,2.0,75104,M,4885140.0,235615.0,75
201800050583,18,7,15,1935,1,2,2,1.0,3.0,75101,M,4885620.0,234643.0,75
201800050584,18,7,16,1725,1,2,1,1.0,6.0,75104,M,4885660.0,235514.0,75
201800050585,18,7,26,100,5,2,1,1.0,6.0,75104,M,,,75
201800050586,18,7,26,1515,1,2,1,1.0,6.0,75104,M,4885762.0,235387.0,75
201800050587,18,7,28,2015,1,2,2,1.0,6.0,75102,M,4886432.0,235147.0,75
201800050588,18,8,2,1730,1,2,2,1.0,3.0,75104,M,,,75
201800050589,18,8,16,1015,1,2,3,1.0,6.0,75103,M,4885870.0,236250.0,75
201800050590,18,8,22,1130,1,2,2,1.0,3.0,75104,M,4885836.0,235200.0,75
201800050591,18,8,23,1100,1,2,1,1.0,6.0,75104,M,4885925.0,235333.0,75
201800050592,18,8,24,825,1,2,2,1.0,6.0,75104,M,4885364.0,234838.0,75
201800050593,18,8,28,1320,1,2,2,1.0,6.0,75104,M,4885639.0,236090.0,75
201800050594,18,8,30,1100,1,2,2,8.0,3.0,75104,M,,,75
201800050595,18,8,30,2215,5,2,2,8.0,3.0,75104,M,,,75
201800050596,18,9,4,1515,1,2,3,1.0,6.0,75104,M,4886000.0,235000.0,75
201800050597,18,9,4,1730,1,2,3,1.0,3.0,75104,M,4885000.0,237000.0,75
201800050598,18,9,7,1600,1,2,7,1.0,6.0,75104,M,4885270.0,236810.0,75
201800050599,18,9,8,1845,1,2,1,1.0,6.0,75104,M,4885495.0,236865.0,75
201800050600,18,9,10,1005,1,2,3,1.0,3.0,75101,M,4885903.0,233990.0,75
201800050601,18,9,12,1345,1,2,3,1.0,2.0,75104,M,4885205.0,236615.0,75
201800050602,18,9,19,1735,1,2,2,1.0,3.0,75104,M,4884740.0,236550.0,75
201800050603,18,9,19,2100,5,2,2,1.0,3.0,75104,M,4885430.0,235490.0,75
201800050604,18,9,24,1730,1,2,1,1.0,6.0,75104,M,4885643.0,235647.0,75
201800050605,18,9,26,2125,5,2,2,1.0,6.0,75103,M,4885900.0,236000.0,75
201800050606,18,9,27,1300,1,2,1,1.0,6.0,75104,M,,,75
201800050607,18,9,29,1805,1,2,2,7.0,2.0,75104,M,4885000.0,236000.0,75
201800050608,18,9,20,2020,5,2,1,1.0,3.0,75104,M,4886000.0,229000.0,75
201800050609,18,10,4,1835,1,2,2,1.0,1.0,75101,M,4886000.0,233300.0,75
201800050610,18,10,5,1240,1,2,2,1.0,5.0,75104,M,4885672.0,234892.0,75
201800050611,18,10,7,425,5,2,3,2.0,6.0,75101,M,4886441.0,233025.0,75
201800050612,18,10,10,1235,1,2,1,1.0,6.0,75104,M,4360853.0,143589.0,75
201800050613,18,10,11,1115,1,2,1,1.0,6.0,75104,M,4885000.0,236000.0,75
201800050614,18,10,12,1757,1,2,2,1.0,3.0,75104,M,4884752.0,236507.0,75
201800050615,18,10,16,1650,1,2,2,1.0,6.0,75104,M,4885640.0,236420.0,75
201800050616,18,10,19,2145,5,2,1,1.0,7.0,75104,M,4885181.0,236411.0,75
201800050617,18,10,26,2210,5,2,3,1.0,2.0,75104,M,,,75
201800050618,18,10,27,2030,5,2,1,1.0,2.0,75104,M,4885517.0,234608.0,75
201800050619,18,10,29,1410,1,2,3,8.0,6.0,75104,M,4885821.0,234905.0,75
201800050620,18,11,2,1430,1,2,2,1.0,2.0,75104,M,4885464.0,235470.0,75
201800050621,18,11,7,641,5,2,2,2.0,7.0,75104,M,4885437.0,235500.0,75
201800050622,18,11,10,1518,1,2,7,2.0,6.0,75104,M,,,75
201800050623,18,11,14,2040,3,2,2,1.0,6.0,75104,M,4885665.0,234900.0,75
201800050624,18,11,16,745,1,2,3,8.0,3.0,75104,M,4885692.0,235375.0,75
201800050625,18,11,20,830,1,2,1,2.0,2.0,75104,M,4885044.0,236019.0,75
201800050626,18,11,22,1945,5,2,2,2.0,3.0,75102,M,4886900.0,233900.0,75
201800050627,18,11,23,1505,1,2,3,8.0,6.0,75104,M,,,75
201800050628,18,11,29,20,5,2,2,1.0,2.0,75103,M,,,75
201800050629,18,12,3,938,1,2,7,1.0,3.0,75104,M,4885412.0,234732.0,75
201800050630,18,12,3,1300,1,2,3,1.0,6.0,75104,M,4886065.0,235333.0,75
201800050631,18,12,5,1015,1,2,3,1.0,6.0,75109,M,4887950.0,233975.0,75
201800050632,18,12,7,2215,5,2,1,1.0,3.0,75103,M,,,75
201800050633,18,12,10,2025,5,2,2,1.0,2.0,75104,M,4885653.0,236410.0,75
201800050634,18,12,12,1530,1,2,1,1.0,6.0,75104,M,4885498.0,236106.0,75
201800050635,18,12,13,1545,1,2,2,1.0,3.0,75104,M,4885670.0,234890.0,75
201800050636,18,12,15,2100,5,2,3,3.0,3.0,75104,M,4885120.0,236260.0,75
201800050637,18,12,17,1400,1,2,1,1.0,3.0,75104,M,4885362.0,235626.0,75
201800050638,18,12,19,1415,1,2,3,8.0,7.0,75104,M,4885467.0,236232.0,75
201800050639,18,12,20,705,2,2,2,1.0,3.0,75104,M,4885464.0,235541.0,75
201800050640,18,12,22,855,1,2,3,1.0,6.0,75104,M,4885314.0,235878.0,75
201800050641,18,12,23,115,5,2,2,1.0,7.0,75101,M,,,75
201800050642,18,12,26,1900,5,2,7,1.0,2.0,75104,M,4885386.0,234575.0,75
201800050643,18,1,1,2315,5,2,2,2.0,6.0,75105,M,4885000.0,235486.0,75
201800050644,18,1,5,1125,1,2,7,8.0,6.0,75105,M,4884850.0,234280.0,75
201800050645,18,1,8,1245,1,2,3,1.0,6.0,75106,M,4884880.0,234172.0,75
201800050646,18,1,10,1050,1,2,3,1.0,6.0,75105,M,4885030.0,234756.0,75
201800050647,18,1,13,2320,5,2,3,1.0,3.0,75105,M,4885080.0,234548.0,75
201800050648,18,1,18,335,5,2,3,3.0,6.0,75105,M,4884330.0,236427.0,75
201800050649,18,1,18,1255,1,2,2,1.0,3.0,75105,M,4884030.0,234595.0,75
201800050650,18,1,19,1415,1,2,3,2.0,4.0,75105,M,4884630.0,234025.0,75
201800050651,18,1,26,1200,1,2,7,1.0,6.0,75105,M,4884270.0,235212.0,75
201800050652,18,1,27,2245,5,2,1,2.0,6.0,75105,M,4885350.0,234523.0,75
201800050653,18,1,29,1840,5,2,3,1.0,1.0,75105,M,4883830.0,234203.0,75
201800050654,18,1,29,2110,5,2,2,1.0,3.0,75105,M,4884680.0,234331.0,75
201800050655,18,1,30,1310,1,2,1,2.0,6.0,75105,M,4883980.0,234587.0,75
201800050656,18,1,31,1910,5,2,3,2.0,2.0,75105,M,4885040.0,235354.0,75
201800050657,18,2,12,1445,1,2,7,1.0,6.0,75105,M,4885280.0,234661.0,75
201800050658,18,2,14,900,1,2,1,2.0,1.0,75105,M,4884780.0,235945.0,75
201800050659,18,2,18,1615,1,2,2,7.0,7.0,75105,M,4884430.0,236496.0,75
201800050660,18,2,23,1030,1,2,4,1.0,6.0,75105,M,4884090.0,233730.0,75
201800050661,18,2,23,1440,1,2,4,1.0,2.0,75105,M,4883980.0,235131.0,75
201800050662,18,2,27,945,1,2,1,1.0,3.0,75105,M,4884820.0,235334.0,75
201800050663,18,3,3,1753,1,2,7,8.0,3.0,75105,M,4885380.0,234427.0,75
201800050664,18,3,5,705,2,2,2,1.0,6.0,75105,M,4884860.0,234848.0,75
201800050665,18,3,7,1940,5,2,2,1.0,6.0,75105,M,4883800.0,235582.0,75
201800050666,18,3,8,1500,1,2,7,2.0,6.0,75105,M,4884880.0,234172.0,75
201800050667,18,3,8,1520,1,2,3,3.0,3.0,75105,M,4884480.0,235694.0,75
201800050668,18,3,14,920,1,2,1,1.0,2.0,75105,M,4884210.0,233796.0,75
201800050669,18,3,14,2100,5,2,5,1.0,3.0,75105,M,4885080.0,234548.0,75
201800050670,18,3,16,850,1,2,3,1.0,2.0,75105,M,4885240.0,234822.0,75
201800050671,18,3,18,859,1,2,2,4.0,3.0,75105,M,4884030.0,234595.0,75
201800050672,18,3,21,1302,1,2,7,1.0,6.0,75105,M,4885380.0,234427.0,75
201800050673,18,3,28,1545,1,2,1,3.0,6.0,75105,M,4884870.0,235815.0,75
201800050674,18,4,3,930,1,2,7,8.0,7.0,75105,M,4884430.0,236496.0,75
201800050675,18,4,9,1723,1,2,7,2.0,6.0,75105,M,4884850.0,234280.0,75
201800050676,18,4,10,1710,1,2,5,1.0,3.0,75105,M,4884940.0,235682.0,75
201800050677,18,4,11,1550,1,2,2,1.0,6.0,75105,M,4884740.0,235315.0,75
201800050678,18,4,14,2045,5,2,5,2.0,6.0,75105,M,4885380.0,234427.0,75
201800050679,18,4,18,1410,1,2,1,1.0,6.0,75105,M,4884910.0,235762.0,75
201800050680,18,4,23,2102,5,2,1,1.0,6.0,75105,M,4885030.0,234775.0,75
201800050681,18,4,24,1430,1,2,2,1.0,2.0,75105,M,4884030.0,234595.0,75
201800050682,18,4,25,320,5,2,2,1.0,2.0,75105,M,4884740.0,234365.0,75
201800050683,18,5,2,1715,1,2,3,1.0,4.0,75105,M,4885040.0,235354.0,75
201800050684,18,5,3,1915,1,2,2,1.0,6.0,75105,M,4884120.0,235596.0,75
201800050685,18,5,5,1245,1,2,1,1.0,4.0,75105,M,4884610.0,236207.0,75
201800050686,18,5,7,1820,1,2,2,1.0,2.0,75105,M,4884860.0,234848.0,75
201800050687,18,5,8,1810,1,2,2,1.0,3.0,75105,M,4885140.0,234314.0,75
201800050688,18,5,12,116,5,2,1,1.0,6.0,75105,M,4884600.0,234992.0,75
201800050689,18,5,18,1630,1,2,4,1.0,1.0,75105,M,4884330.0,236427.0,75
201800050690,18,5,24,1230,1,2,2,1.0,3.0,75105,M,4885110.0,235127.0,75
201800050691,18,5,25,1,5,2,2,1.0,3.0,75105,M,4884960.0,234483.0,75
201800050692,18,6,1,1445,1,2,2,1.0,3.0,75105,M,4884210.0,235150.0,75
201800050693,18,6,1,1525,1,2,1,1.0,6.0,75105,M,4883900.0,235890.0,75
201800050694,18,6,2,1656,2,2,2,1.0,3.0,75105,M,4884120.0,235596.0,75
201800050695,18,6,5,1405,1,2,1,1.0,3.0,75105,M,4884760.0,234094.0,75
201800050696,18,6,7,1500,1,2,4,1.0,3.0,75105,M,4884000.0,235633.0,75
201800050697,18,6,10,1446,1,2,2,1.0,6.0,75105,M,4885080.0,234548.0,75
201800050698,18,6,11,1515,1,2,2,2.0,6.0,75105,M,4884260.0,234286.0,75
201800050699,18,6,14,1600,1,2,1,1.0,2.0,75105,M,4884360.0,235224.0,75
201800050700,18,6,19,1156,1,2,2,1.0,6.0,75105,M,4885140.0,234314.0,75
201800050701,18,6,19,1905,1,2,2,1.0,3.0,75105,M,4884810.0,235040.0,75
201800050702,18,6,21,851,1,2,2,1.0,3.0,75105,M,4885110.0,235127.0,75
201800050703,18,6,29,1800,1,2,4,1.0,3.0,75105,M,4884330.0,236427.0,75
201800050704,18,7,2,1110,1,2,3,1.0,6.0,75113,M,4883870.0,235783.0,75
201800050705,18,7,3,1750,1,2,1,1.0,6.0,75105,M,4884970.0,234227.0,75
201800050706,18,7,5,300,5,2,3,1.0,2.0,75105,M,4885270.0,234762.0,75
201800050707,18,7,5,1010,1,2,1,1.0,2.0,75105,M,4883950.0,234006.0,75
201800050708,18,7,9,1327,1,2,2,1.0,6.0,75105,M,4885140.0,234314.0,75
201800050709,18,7,11,1155,1,2,3,1.0,3.0,75105,M,4883880.0,234571.0,75
201800050710,18,7,11,1550,1,2,2,1.0,6.0,75105,M,4884950.0,235439.0,75
201800050711,18,7,23,1150,1,2,3,1.0,3.0,75105,M,4884200.0,235200.0,75
201800050712,18,7,25,112,5,2,2,1.0,6.0,75105,M,4885303.0,234700.0,75
201800050713,18,7,25,1050,1,2,3,1.0,2.0,75105,M,4884890.0,235537.0,75
201800050714,18,7,26,1430,1,2,1,1.0,3.0,75105,M,4884987.0,235512.0,75
201800050715,18,7,27,1610,1,2,2,2.0,3.0,75105,M,4884899.0,234451.0,75