Num_Acc,an,mois,jour,hrmn,lum,agg,int,atm,col,com,gps,lat,long,dep
201800050716,18,8,5,2346,5,2,3,1.0,6.0,75105,M,4884995.0,235392.0,75
201800050717,18,8,11,1225,1,2,2,1.0,3.0,75105,M,,,75
201800050718,18,8,23,1745,1,2,3,1.0,2.0,75105,M,4880000.0,230000.0,75
201800050719,18,9,3,1140,1,2,2,1.0,3.0,75105,M,,,75
201800050720,18,9,3,1845,1,2,1,1.0,5.0,75105,M,4885000.0,235000.0,75
201800050721,18,9,3,2010,3,2,2,1.0,5.0,75105,M,4885063.0,234571.0,75
201800050722,18,9,9,45,5,2,2,1.0,6.0,75105,M,4884947.0,235682.0,75
201800050723,18,9,10,1010,1,2,2,1.0,3.0,75105,M,4880000.0,233000.0,75
201800050724,18,9,12,845,1,2,1,1.0,2.0,75105,M,4880000.0,235000.0,75
201800050725,18,9,17,819,1,2,2,1.0,3.0,75105,M,4884769.0,235101.0,75
201800050726,18,9,17,1430,1,2,1,1.0,3.0,75105,M,4883000.0,235000.0,75
201800050727,18,9,18,1625,1,2,2,1.0,3.0,75105,M,4883000.0,233670.0,75
201800050728,18,9,18,1656,1,2,4,1.0,3.0,75105,M,4884831.0,235044.0,75
201800050729,18,9,24,915,1,2,2,1.0,3.0,75105,M,4885000.0,234000.0,75
201800050730,18,9,27,830,1,2,2,1.0,3.0,75105,M,4883000.0,235000.0,75
201800050731,18,10,1,1821,1,2,1,1.0,3.0,75105,M,,,75
201800050732,18,9,27,1400,1,2,7,1.0,3.0,75105,M,,,75
201800050733,18,10,9,1715,1,2,7,1.0,2.0,75105,M,4884420.0,236461.0,75
201800050734,18,10,10,1340,1,2,1,1.0,6.0,75105,M,4885268.0,234353.0,75
201800050735,18,10,12,1415,1,2,2,1.0,6.0,75105,M,4884058.0,235198.0,75
201800050736,18,10,13,1655,1,2,4,1.0,6.0,75105,M,4884900.0,235700.0,75
201800050737,18,10,15,835,1,2,2,1.0,3.0,75105,M,4885000.0,234000.0,75
201800050738,18,10,15,1825,1,2,3,1.0,6.0,75105,M,4884000.0,234000.0,75
201800050739,18,10,17,1720,1,2,2,1.0,6.0,75105,M,4880000.0,237000.0,75
201800050740,18,10,23,1305,1,2,1,1.0,6.0,75105,M,4885205.0,234917.0,75
201800050741,18,10,24,1455,1,2,2,1.0,6.0,75105,M,4885000.0,234000.0,75
201800050742,18,10,25,1430,1,2,2,1.0,6.0,75105,M,4883000.0,233000.0,75
201800050743,18,10,30,1800,5,2,1,1.0,2.0,75105,M,4885000.0,235700.0,75
201800050744,18,11,6,835,1,2,1,1.0,3.0,75105,M,4884551.0,234189.0,75
201800050745,18,11,9,1010,1,2,1,8.0,3.0,75105,M,4883000.0,235000.0,75
201800050746,18,11,11,954,1,2,2,2.0,3.0,75105,M,4885154.0,234711.0,75
201800050747,18,11,12,1045,1,2,2,2.0,6.0,75105,M,4884800.0,235000.0,75
201800050748,18,11,14,840,1,2,3,1.0,6.0,75105,M,4883700.0,235400.0,75
201800050749,18,11,24,327,5,2,2,2.0,3.0,75105,M,4884955.0,234494.0,75
201800050750,18,11,24,1345,1,2,7,1.0,3.0,75105,M,4884940.0,234479.0,75
201800050751,18,11,29,930,1,2,4,8.0,6.0,75105,M,4884400.0,234100.0,75
201800050752,18,12,15,1930,5,2,2,3.0,6.0,75105,M,4884937.0,234810.0,75
201800050753,18,12,22,1228,1,2,2,1.0,6.0,75105,M,4884366.0,233905.0,75
201800050754,18,1,9,2034,4,2,2,2.0,6.0,75106,M,4884900.0,232537.0,75
201800050755,18,1,9,2240,5,2,5,2.0,7.0,75106,M,4883970.0,233671.0,75
201800050756,18,1,17,2130,5,2,4,1.0,2.0,75106,M,4884430.0,233299.0,75
201800050757,18,1,22,1340,1,2,1,2.0,6.0,75106,M,4884040.0,233448.0,75
201800050758,18,1,24,1712,1,2,5,1.0,3.0,75106,M,4885210.0,232976.0,75
201800050759,18,2,6,1130,1,2,3,4.0,6.0,75106,M,4884490.0,233238.0,75
201800050760,18,2,14,1930,5,2,2,2.0,3.0,75106,M,4884390.0,233896.0,75
201800050761,18,2,10,1945,5,2,5,1.0,3.0,75105,M,4884940.0,235682.0,75
201800050762,18,2,20,900,1,2,2,1.0,3.0,75106,M,4885180.0,233702.0,75
201800050763,18,3,4,420,5,2,1,1.0,6.0,75106,M,4884980.0,232739.0,75
201800050764,18,3,5,850,1,2,2,1.0,3.0,75106,M,4885180.0,233702.0,75
201800050765,18,3,5,1320,1,2,3,1.0,6.0,75106,M,4884920.0,232582.0,75
201800050766,18,3,7,1830,2,2,2,1.0,6.0,75106,M,4885150.0,233704.0,75
201800050767,18,3,16,1250,1,2,2,1.0,3.0,75106,M,4885390.0,233268.0,75
201800050768,18,3,16,2000,2,2,2,8.0,6.0,75106,M,4884870.0,233263.0,75
201800050769,18,3,31,1110,1,2,7,1.0,6.0,75106,M,4885320.0,234322.0,75
201800050770,18,3,31,1330,1,2,3,1.0,7.0,75106,M,4884250.0,233818.0,75
201800050771,18,4,5,1945,1,2,1,1.0,2.0,75105,M,4884230.0,236354.0,75
201800050772,18,4,9,845,1,2,2,1.0,2.0,75106,M,4884200.0,232960.0,75
201800050773,18,4,11,1548,1,2,3,1.0,6.0,75106,M,4884200.0,233520.0,75
201800050774,18,4,12,930,1,2,2,1.0,3.0,75106,M,4884520.0,232855.0,75
201800050775,18,4,14,1720,1,2,1,1.0,2.0,75106,M,4885070.0,233027.0,75
201800050776,18,4,19,930,1,2,1,1.0,3.0,75106,M,4884380.0,233751.0,75
201800050777,18,4,18,2145,5,2,2,1.0,3.0,75106,M,4885290.0,233697.0,75
201800050778,18,5,8,1530,1,2,1,1.0,2.0,75106,M,4884760.0,232746.0,75
201800050779,18,5,11,2100,2,2,2,1.0,3.0,75106,M,4885140.0,232681.0,75
201800050780,18,5,17,1015,1,2,4,1.0,3.0,75105,M,4884090.0,233730.0,75
201800050781,18,5,24,1752,1,2,3,1.0,3.0,75106,M,4885770.0,233536.0,75
201800050782,18,5,25,1040,1,2,4,1.0,6.0,75106,M,4885310.0,233128.0,75
201800050783,18,5,30,901,1,2,2,1.0,6.0,75106,M,4884310.0,232635.0,75
201800050784,18,6,26,945,1,2,2,1.0,2.0,75106,M,4884550.0,231913.0,75
201800050785,18,7,2,945,1,2,2,1.0,3.0,75106,M,4884680.0,231657.0,75
201800050786,18,7,4,1040,1,2,7,1.0,3.0,75115,M,4884410.0,232310.0,75
201800050787,18,7,9,700,1,2,1,1.0,2.0,75106,M,4885760.0,233753.0,75
201800050788,18,7,10,2226,5,2,5,1.0,6.0,75106,M,4884090.0,233730.0,75
201800050789,18,7,13,1313,1,2,1,1.0,3.0,75106,M,4885760.0,233753.0,75
201800050790,18,7,13,1700,1,2,1,1.0,6.0,75106,M,4885090.0,233867.0,75
201800050791,18,8,11,1930,1,2,2,1.0,3.0,75106,M,4886667.0,233333.0,75
201800050792,18,8,20,930,1,2,5,1.0,6.0,75106,M,4883900.0,233500.0,75
201800050793,18,8,22,1710,1,2,2,1.0,3.0,75106,M,4884780.0,232786.0,75
201800050794,18,9,4,1110,1,2,7,1.0,2.0,75106,M,4885100.0,233300.0,75
201800050795,18,9,7,2215,5,2,3,1.0,3.0,75106,M,4884232.0,233490.0,75
201800050796,18,9,10,1025,1,2,2,1.0,2.0,75106,M,4885110.0,233938.0,75
201800050797,18,9,10,1200,1,2,4,1.0,6.0,75106,M,4885000.0,233000.0,75
201800050798,18,9,11,1900,1,2,1,1.0,6.0,75106,M,,,75
201800050799,18,9,15,1330,1,2,1,1.0,6.0,75106,M,4885400.0,233000.0,75
201800050800,18,9,19,1735,1,2,3,1.0,6.0,75106,M,,,75
201800050801,18,9,20,1050,1,2,2,1.0,3.0,75106,M,4884600.0,232400.0,75
201800050802,18,9,24,2330,5,2,4,1.0,3.0,75106,M,4884733.0,232682.0,75
201800050803,18,9,27,600,5,2,2,1.0,3.0,75106,M,4884100.0,233700.0,75
201800050804,18,9,27,2102,5,2,4,1.0,3.0,75106,M,4885097.0,234100.0,75
201800050805,18,10,6,2245,5,2,2,1.0,6.0,75106,M,4885300.0,233600.0,75
201800050806,18,10,9,1640,1,2,1,1.0,7.0,75106,M,,,75
201800050807,18,10,11,1725,1,2,1,1.0,6.0,75106,M,4885675.0,234095.0,75
201800050808,18,10,15,705,2,2,2,1.0,2.0,75106,M,4884349.0,233184.0,75
201800050809,18,10,19,1610,1,2,7,1.0,3.0,75106,M,,,75
201800050810,18,10,22,805,1,2,3,1.0,6.0,75106,M,,,75
201800050811,18,10,25,1408,1,2,2,1.0,3.0,75106,M,4800000.0,232800.0,75
201800050812,18,10,30,1545,1,2,3,8.0,3.0,75106,M,4884694.0,232609.0,75
201800050813,18,11,12,2045,5,2,2,1.0,6.0,75106,M,4884900.0,232800.0,75
201800050814,18,11,23,1050,1,2,1,8.0,6.0,75106,M,4880000.0,232500.0,75
201800050815,18,11,25,950,1,2,3,2.0,1.0,75106,M,4885200.0,234000.0,75
201800050816,18,11,30,1020,1,2,1,1.0,6.0,75106,M,,,75
201800050817,18,11,30,2227,5,2,2,1.0,2.0,75106,M,4884875.0,232830.0,75
201800050818,18,12,11,942,1,2,4,1.0,3.0,75106,M,,,75
201800050819,18,12,13,1811,5,2,2,1.0,6.0,75106,M,4884000.0,233000.0,75
201800050820,18,1,8,815,4,2,2,1.0,3.0,75107,M,4885720.0,230990.0,75
201800050821,18,1,12,1600,2,2,5,8.0,3.0,75107,M,4885600.0,232588.0,75
201800050822,18,1,17,1500,1,2,3,1.0,6.0,75106,M,4884980.0,232324.0,75
201800050823,18,1,18,1745,5,2,7,1.0,6.0,75107,M,4885050.0,231447.0,75
201800050824,18,1,21,1830,5,2,4,2.0,6.0,75107,M,4885850.0,233243.0,75
201800050825,18,1,22,1410,1,2,2,2.0,3.0,75107,M,4885920.0,232377.0,75
201800050826,18,1,23,2000,5,2,3,8.0,6.0,75107,M,4885400.0,230853.0,75
201800050827,18,1,26,2000,5,2,3,1.0,3.0,75107,M,4886110.0,232417.0,75
201800050828,18,1,29,1530,1,2,2,1.0,3.0,75107,M,4885720.0,230990.0,75
201800050829,18,1,29,1710,2,2,2,1.0,6.0,75107,M,4885180.0,231451.0,75
201800050830,18,2,3,1440,1,2,7,3.0,3.0,75107,M,4885840.0,231365.0,75
201800050831,18,2,4,1654,1,2,1,1.0,4.0,75107,M,4885480.0,230630.0,75
201800050832,18,2,5,755,2,2,3,8.0,3.0,75107,M,4884830.0,231576.0,75
201800050833,18,2,13,805,2,2,2,1.0,3.0,75107,M,4885430.0,232611.0,75
201800050834,18,2,21,1010,1,2,1,1.0,4.0,75107,M,4886180.0,232186.0,75
201800050835,18,2,23,1825,2,2,3,1.0,3.0,75107,M,4885410.0,230723.0,75
201800050836,18,3,2,1920,5,2,2,1.0,3.0,75107,M,4885240.0,232647.0,75
201800050837,18,3,3,1150,1,2,2,1.0,3.0,75107,M,4885990.0,231015.0,75
201800050838,18,3,3,1540,1,2,2,1.0,3.0,75107,M,4885500.0,231993.0,75
201800050839,18,3,6,1900,5,2,3,2.0,1.0,75107,M,4884790.0,231593.0,75
201800050840,18,3,10,150,5,2,3,1.0,7.0,75106,M,4884930.0,233781.0,75
201800050841,18,3,10,903,1,2,2,2.0,6.0,75107,M,4886290.0,231342.0,75
201800050842,18,3,11,1630,1,2,3,1.0,6.0,75107,M,4885990.0,230961.0,75
201800050843,18,3,12,1452,1,2,7,2.0,3.0,75107,M,4885600.0,232588.0,75
201800050844,18,3,14,820,1,2,2,1.0,6.0,75107,M,4885520.0,229687.0,75
201800050845,18,3,17,1205,1,2,1,2.0,3.0,75107,M,4885720.0,229927.0,75
201800050846,18,3,21,2045,5,2,1,1.0,6.0,75107,M,4885540.0,232580.0,75
201800050847,18,3,23,1725,1,2,1,1.0,6.0,75107,M,4886170.0,232011.0,75
201800050848,18,3,26,910,1,2,3,1.0,3.0,75107,M,4886240.0,230922.0,75
201800050849,18,3,26,1633,1,2,2,1.0,2.0,75107,M,4886000.0,231133.0,75
201800050850,18,3,28,2210,5,2,3,1.0,6.0,75107,M,4886230.0,230542.0,75
201800050851,18,3,29,700,2,2,4,1.0,3.0,75107,M,4885630.0,232545.0,75
201800050852,18,3,29,920,1,2,7,1.0,3.0,75107,M,4885100.0,230613.0,75
201800050853,18,3,30,1930,2,2,2,1.0,2.0,75107,M,4885620.0,230471.0,75
201800050854,18,4,1,2008,2,2,2,1.0,2.0,75107,M,4886110.0,231318.0,75
201800050855,18,4,3,1920,1,2,4,1.0,2.0,75106,M,4885070.0,232525.0,75
201800050856,18,4,3,1810,1,2,2,3.0,6.0,75107,M,4885270.0,230855.0,75
201800050857,18,4,5,1030,1,2,1,1.0,2.0,75107,M,4885320.0,231231.0,75
201800050858,18,4,6,925,1,2,2,1.0,3.0,75107,M,4886000.0,231305.0,75
201800050859,18,4,6,910,1,2,5,1.0,3.0,75107,M,4885880.0,230348.0,75
201800050860,18,4,6,1100,1,2,7,1.0,6.0,75107,M,4885840.0,232229.0,75
201800050861,18,4,6,1905,1,2,1,1.0,1.0,75107,M,4886300.0,230966.0,75
201800050862,18,4,12,930,1,2,2,1.0,6.0,75107,M,4885950.0,232936.0,75
201800050863,18,4,12,2235,5,2,7,2.0,3.0,75107,M,4885370.0,231337.0,75
201800050864,18,4,13,1930,1,2,6,1.0,3.0,75107,M,4884710.0,231210.0,75
201800050865,18,4,15,200,5,2,2,1.0,3.0,75105,M,4885380.0,234427.0,75
201800050866,18,4,21,1710,1,2,2,1.0,6.0,75107,M,4886000.0,231133.0,75
201800050867,18,4,24,145,5,2,3,1.0,3.0,75106,M,4884740.0,231817.0,75
201800050868,18,4,24,922,1,2,2,7.0,3.0,75107,M,4885400.0,230953.0,75
201800050869,18,4,25,2311,5,2,3,1.0,6.0,75107,M,4885700.0,232460.0,75
201800050870,18,4,27,1410,1,2,1,1.0,3.0,75107,M,4886120.0,232391.0,75
201800050871,18,4,27,2345,5,2,3,1.0,3.0,75107,M,4886280.0,231163.0,75
201800050872,18,4,28,1301,1,2,3,1.0,3.0,75107,M,4884740.0,231623.0,75
201800050873,18,5,2,25,5,2,2,1.0,6.0,75107,M,4885420.0,230628.0,75
201800050874,18,5,3,910,1,2,1,1.0,6.0,75107,M,4884920.0,232018.0,75
201800050875,18,5,7,835,1,2,7,7.0,3.0,75107,M,4885110.0,230703.0,75
201800050876,18,5,7,1853,1,2,2,1.0,7.0,75107,M,4885050.0,231447.0,75
201800050877,18,5,7,2030,2,2,3,1.0,3.0,75107,M,4885540.0,231803.0,75
201800050878,18,5,14,1130,1,2,2,2.0,6.0,75107,M,4885500.0,231993.0,75
201800050879,18,5,17,2226,5,2,2,1.0,6.0,75107,M,4885720.0,230990.0,75
201800050880,18,5,24,745,1,2,1,1.0,3.0,75107,M,4885240.0,230805.0,75
201800050881,18,5,24,900,1,2,2,1.0,6.0,75107,M,4886110.0,231027.0,75
201800050882,18,5,25,1430,1,2,2,1.0,3.0,75107,M,4885950.0,232936.0,75
201800050883,18,5,25,2200,5,2,2,3.0,6.0,75107,M,4886110.0,231318.0,75
201800050884,18,6,2,500,2,2,2,1.0,6.0,75114,M,4882880.0,232769.0,75
201800050885,18,6,12,1415,1,2,2,1.0,3.0,75107,M,4885480.0,232918.0,75
201800050886,18,6,14,150,5,2,2,1.0,3.0,75107,M,4886240.0,231036.0,75
201800050887,18,6,16,1755,1,2,2,1.0,3.0,75107,M,4884770.0,231333.0,75
201800050888,18,6,18,2030,1,2,2,1.0,6.0,75107,M,4886110.0,232417.0,75
201800050889,18,6,20,1143,1,2,3,1.0,3.0,75107,M,4886280.0,231163.0,75
201800050890,18,6,21,1050,1,2,1,1.0,6.0,75107,M,4885380.0,232459.0,75
201800050891,18,6,22,432,5,2,2,1.0,3.0,75107,M,4885820.0,232279.0,75
201800050892,18,6,22,910,1,2,3,1.0,3.0,75107,M,4885950.0,230628.0,75
201800050893,18,6,22,1115,1,2,3,1.0,3.0,75107,M,4885750.0,229103.0,75
201800050894,18,6,25,1605,1,2,3,1.0,3.0,75107,M,4886280.0,231163.0,75
201800050895,18,6,25,1625,1,2,4,1.0,3.0,75107,M,4885810.0,231118.0,75
201800050896,18,6,27,1225,1,2,1,1.0,3.0,75107,M,4886290.0,231689.0,75
201800050897,18,6,28,2000,1,2,2,1.0,3.0,75107,M,4885070.0,231162.0,75
201800050898,18,6,30,2120,1,2,1,1.0,6.0,75107,M,4885560.0,230207.0,75
201800050899,18,6,30,2139,5,2,1,1.0,6.0,75107,M,4884890.0,231139.0,75
201800050900,18,6,13,125,5,2,2,1.0,3.0,75107,M,4885990.0,231015.0,75
201800050901,18,7,5,2205,5,2,3,1.0,3.0,75106,M,4885440.0,234068.0,75
201800050902,18,7,7,1320,1,2,2,1.0,6.0,75107,M,4885500.0,231993.0,75
201800050903,18,7,7,1515,1,2,1,1.0,3.0,75107,M,4885480.0,230626.0,75
201800050904,18,7,11,128,5,2,1,1.0,6.0,75107,M,4886170.0,232011.0,75
201800050905,18,7,14,1320,1,2,2,1.0,2.0,75114,M,4882020.0,232575.0,75
201800050906,18,7,15,130,5,2,2,1.0,3.0,75107,M,4885400.0,230953.0,75
201800050907,18,7,15,2010,5,2,2,1.0,3.0,75107,M,4886110.0,230548.0,75
201800050908,18,7,15,2300,5,2,1,1.0,6.0,75107,M,4886040.0,232642.0,75
201800050909,18,7,15,2340,5,2,1,1.0,6.0,75107,M,4886210.0,229959.0,75
201800050910,18,7,16,655,1,2,2,1.0,3.0,75107,M,4885950.0,232936.0,75
201800050911,18,7,19,917,1,2,5,1.0,3.0,75107,M,4885422.0,230583.0,75
201800050912,18,7,20,935,1,2,4,1.0,6.0,75115,M,4885275.0,229827.0,75
201800050913,18,7,29,20,5,2,7,1.0,6.0,75107,M,4885000.0,230000.0,75
201800050914,18,7,31,1730,1,2,3,1.0,3.0,75107,M,,,75
201800050915,18,8,8,1415,1,2,4,1.0,3.0,75107,M,,,75
201800050916,18,8,8,1840,1,2,2,1.0,3.0,75107,M,,,75
201800050917,18,8,10,930,1,2,3,1.0,2.0,75107,M,,,75
201800050918,18,8,14,825,1,2,2,1.0,6.0,75107,M,,,75
201800050919,18,8,21,1830,1,2,1,1.0,3.0,75107,M,,,75
201800050920,18,8,31,2055,3,2,2,1.0,6.0,75107,M,4800000.0,231028.0,75
201800050921,18,9,1,2343,5,2,5,1.0,3.0,75107,M,,,75
201800050922,18,9,3,2010,3,2,3,1.0,6.0,75107,M,,,75
201800050923,18,9,4,1140,1,2,1,1.0,2.0,75107,M,,,75
201800050924,18,9,7,245,5,2,3,1.0,7.0,75107,M,4885761.0,231908.0,75
201800050925,18,9,7,1700,1,2,2,1.0,3.0,75107,M,4886110.0,231316.0,75
201800050926,18,9,9,1310,1,2,3,1.0,3.0,75107,M,,,75
201800050927,18,9,11,1500,1,2,2,1.0,6.0,75114,M,4882217.0,233106.0,75
201800050928,18,9,13,915,1,2,2,2.0,2.0,75107,M,4884931.0,231524.0,75
201800050929,18,9,20,1850,1,2,2,1.0,6.0,75107,M,,,75
201800050930,18,9,24,2300,5,2,1,1.0,3.0,75114,M,,,75
201800050931,18,9,26,850,1,2,2,1.0,3.0,75107,M,,,75
201800050932,18,10,3,1950,5,2,3,1.0,6.0,75115,M,,,75
201800050933,18,10,8,845,1,2,2,1.0,3.0,75107,M,,,75
201800050934,18,10,11,1319,1,2,3,1.0,2.0,75107,M,4686270.0,231356.0,75
201800050935,18,10,11,2330,5,2,5,2.0,2.0,75114,M,4884000.0,232000.0,75
201800050936,18,10,12,1732,1,2,1,1.0,2.0,75107,M,4886289.0,231643.0,75
201800050937,18,10,17,2127,5,2,2,1.0,6.0,75107,M,4885359.0,231467.0,75
201800050938,18,10,20,1800,1,2,1,1.0,6.0,75107,M,4885000.0,230000.0,75
201800050939,18,10,26,1200,1,2,2,1.0,3.0,75108,M,4800000.0,231997.0,75
201800050940,18,10,26,1355,1,2,2,1.0,3.0,75107,M,4885257.0,232917.0,75
201800050941,18,10,26,1530,1,2,7,1.0,3.0,75107,M,4886089.0,231829.0,75
201800050942,18,10,28,1120,1,2,7,1.0,6.0,75107,M,4886069.0,232542.0,75
201800050943,18,10,31,814,1,2,2,1.0,3.0,75107,M,4885179.0,232683.0,75
201800050944,18,11,6,1155,1,2,2,1.0,3.0,75107,M,4884693.0,231680.0,75
201800050945,18,11,11,2129,5,2,3,2.0,4.0,75107,M,4885940.0,229254.0,75
201800050946,18,11,19,1710,2,2,1,1.0,6.0,75107,M,4886144.0,229688.0,75
201800050947,18,11,22,925,1,2,3,1.0,3.0,75107,M,4885610.0,230229.0,75
201800050948,18,11,23,945,1,2,7,8.0,5.0,75107,M,,,75
201800050949,18,11,28,1020,1,2,2,2.0,6.0,75115,M,4884220.0,228546.0,75
201800050950,18,11,29,1700,2,2,1,1.0,7.0,75107,M,4884622.0,231448.0,75
201800050951,18,12,1,2040,5,2,2,2.0,3.0,75107,M,,,75
201800050952,18,12,3,1400,1,2,2,3.0,3.0,75107,M,4886265.0,231030.0,75
201800050953,18,12,4,1840,5,2,2,1.0,3.0,75107,M,4885698.0,233215.0,75
201800050954,18,12,5,1440,1,2,1,1.0,6.0,75107,M,4885314.0,230783.0,75
201800050955,18,12,5,1625,1,2,1,1.0,6.0,75107,M,4885541.0,229661.0,75
201800050956,18,12,7,1005,1,2,3,8.0,3.0,75107,M,4884825.0,231564.0,75
201800050957,18,12,9,100,5,2,2,2.0,7.0,75107,M,4884713.0,231653.0,75
201800050958,18,12,9,1125,1,2,2,2.0,3.0,75107,M,,,75
201800050959,18,12,11,1305,1,2,2,1.0,6.0,75107,M,4886200.0,231971.0,75
201800050960,18,12,12,1250,1,2,2,1.0,5.0,75107,M,4885480.0,230620.0,75
201800050961,18,12,15,2155,5,2,3,3.0,6.0,75107,M,4885684.0,229215.0,75
201800050962,18,12,20,1000,1,2,1,1.0,7.0,75115,M,4885739.0,229091.0,75
201800050963,18,12,24,1800,5,2,1,1.0,6.0,75107,M,,,75
201800050964,18,12,29,1920,5,2,3,1.0,6.0,75107,M,4885535.0,230372.0,75
201800050965,18,1,2,905,1,2,4,8.0,6.0,75108,M,4887410.0,229882.0,75
201800050966,18,1,2,1925,5,2,7,1.0,6.0,75108,M,4886590.0,231989.0,75
201800050967,18,1,3,1300,1,2,2,8.0,3.0,75108,M,4886420.0,230214.0,75
201800050968,18,1,3,1928,5,2,7,1.0,6.0,75108,M,4886900.0,231008.0,75
201800050969,18,1,4,920,1,2,2,2.0,6.0,75108,M,4888130.0,231647.0,75
201800050970,18,1,6,1435,1,2,3,8.0,6.0,75108,M,4886490.0,230787.0,75
201800050971,18,1,8,935,1,2,1,1.0,3.0,75108,M,4886640.0,232347.0,75
201800050972,18,1,9,1915,5,2,1,8.0,3.0,75108,M,4887490.0,229780.0,75
201800050973,18,1,10,1040,1,2,2,2.0,3.0,75108,M,4886840.0,232324.0,75
201800050974,18,1,15,2010,5,2,4,8.0,3.0,75108,M,4887420.0,229955.0,75
201800050975,18,1,16,1300,1,2,7,1.0,3.0,75108,M,4886660.0,232190.0,75
201800050976,18,1,19,730,5,2,2,1.0,6.0,75108,M,4887260.0,231476.0,75
201800050977,18,1,19,1130,1,2,2,1.0,3.0,75108,M,4887500.0,230914.0,75
201800050978,18,1,20,540,5,2,7,2.0,3.0,75108,M,4886440.0,232029.0,75
201800050979,18,1,22,1110,1,2,2,2.0,3.0,75108,M,4887100.0,230090.0,75
201800050980,18,1,24,2020,5,2,1,1.0,2.0,75108,M,4887140.0,231552.0,75
201800050981,18,1,27,2045,5,2,3,1.0,6.0,75108,M,4887320.0,232542.0,75
201800050982,18,1,30,830,1,2,7,8.0,4.0,75108,M,4886420.0,230178.0,75
201800050983,18,1,30,1345,1,2,2,8.0,7.0,75108,M,4887490.0,232461.0,75
201800050984,18,1,31,1020,1,2,2,2.0,3.0,75108,M,4887500.0,230914.0,75
201800050985,18,2,2,1855,5,2,2,1.0,3.0,75108,M,4887900.0,231477.0,75
201800050986,18,2,2,2315,5,2,5,1.0,6.0,75108,M,4887530.0,232421.0,75
201800050987,18,2,3,243,5,2,2,1.0,6.0,75108,M,4887050.0,230531.0,75
201800050988,18,2,3,1430,1,2,3,2.0,7.0,75108,M,4886960.0,230220.0,75
201800050989,18,2,5,530,5,2,2,1.0,3.0,75108,M,4886780.0,231384.0,75
201800050990,18,2,5,1000,1,2,1,4.0,6.0,75108,M,4886810.0,232299.0,75
201800050991,18,2,8,1815,5,2,1,1.0,6.0,75108,M,4887280.0,230248.0,75
201800050992,18,2,8,2300,5,2,1,1.0,3.0,75108,M,4887740.0,229956.0,75
201800050993,18,2,9,2250,5,2,1,2.0,6.0,75108,M,4887400.0,232527.0,75
201800050994,18,2,11,345,5,2,2,1.0,3.0,75108,M,4887150.0,232310.0,75
201800050995,18,2,12,2135,5,2,7,1.0,3.0,75108,M,4887560.0,231881.0,75
201800050996,18,2,12,930,1,2,2,1.0,6.0,75108,M,4887370.0,230647.0,75
201800050997,18,2,13,1200,1,2,5,1.0,3.0,75108,M,4887530.0,231577.0,75
201800050998,18,2,13,2115,5,2,2,2.0,3.0,75108,M,4888170.0,231881.0,75
201800050999,18,2,18,1355,1,2,1,1.0,7.0,75108,M,4886480.0,231252.0,75
201800051000,18,2,19,2300,5,2,2,2.0,3.0,75108,M,4887910.0,230309.0,75
201800051001,18,2,21,1215,1,2,3,1.0,2.0,75108,M,4886710.0,231607.0,75
201800051002,18,2,21,1245,1,2,4,1.0,3.0,75108,M,4887410.0,229882.0,75
201800051003,18,2,24,600,5,2,2,1.0,6.0,75108,M,4887020.0,230645.0,75
201800051004,18,2,27,1120,1,2,1,1.0,6.0,75108,M,4886540.0,230139.0,75
201800051005,18,2,28,850,1,2,4,1.0,6.0,75108,M,4888230.0,232604.0,75
201800051006,18,2,28,2000,5,2,7,1.0,2.0,75108,M,4887530.0,232421.0,75
201800051007,18,3,1,2115,5,2,2,8.0,2.0,75108,M,4887880.0,232221.0,75
201800051008,18,3,2,1750,2,2,2,1.0,6.0,75108,M,4887120.0,232163.0,75
201800051009,18,3,6,850,1,2,7,1.0,3.0,75108,M,4887560.0,231881.0,75
201800051010,18,3,6,1110,1,2,2,1.0,6.0,75108,M,4886700.0,230631.0,75
201800051011,18,3,8,1500,1,2,2,2.0,2.0,75108,M,4887060.0,232286.0,75
201800051012,18,3,9,1120,1,2,2,2.0,3.0,75108,M,4887390.0,231586.0,75
201800051013,18,3,9,1225,1,2,7,2.0,3.0,75108,M,4886660.0,232190.0,75
201800051014,18,3,11,1510,1,2,2,1.0,6.0,75108,M,4886720.0,230190.0,75
201800051015,18,3,13,1155,1,2,7,8.0,3.0,75108,M,4886590.0,231989.0,75
201800051016,18,3,13,1440,1,2,7,1.0,3.0,75108,M,4887770.0,229834.0,75
201800051017,18,3,16,900,1,2,1,1.0,3.0,75108,M,4887380.0,231770.0,75
201800051018,18,3,17,2045,5,2,2,2.0,2.0,75108,M,4886840.0,232324.0,75
201800051019,18,3,18,315,5,2,7,9.0,6.0,75117,M,4887430.0,229449.0,75
201800051020,18,3,19,1300,1,2,1,1.0,3.0,75108,M,4887740.0,229765.0,75
201800051021,18,3,20,1015,1,2,7,1.0,4.0,75108,M,4886660.0,232190.0,75
201800051022,18,3,21,1930,5,2,7,1.0,3.0,75108,M,4886440.0,232029.0,75
201800051023,18,3,24,1100,1,2,2,1.0,3.0,75108,M,4887660.0,231757.0,75
201800051024,18,3,26,1840,1,2,7,1.0,3.0,75108,M,4886470.0,230110.0,75
201800051025,18,3,27,1900,1,2,2,2.0,2.0,75108,M,4887830.0,231982.0,75
201800051026,18,3,29,1730,1,2,1,1.0,6.0,75108,M,4887280.0,231800.0,75