Num_Acc,an,mois,jour,hrmn,lum,agg,int,atm,col,com,gps,lat,long,dep
201800051027,18,3,29,1900,2,2,2,2.0,6.0,75108,M,4887350.0,232084.0,75
201800051028,18,4,1,145,5,2,1,1.0,4.0,75108,M,4887840.0,232692.0,75
201800051029,18,4,2,225,5,2,3,1.0,2.0,75108,M,4886710.0,231607.0,75
201800051030,18,4,3,1000,1,2,7,1.0,3.0,75108,M,4886660.0,232190.0,75
201800051031,18,4,3,1520,1,2,7,1.0,3.0,75108,M,4887380.0,229586.0,75
201800051032,18,4,3,1935,2,2,3,1.0,6.0,75108,M,4887710.0,230031.0,75
201800051033,18,4,4,945,1,2,2,1.0,2.0,75108,M,4887180.0,229867.0,75
201800051034,18,4,4,1558,1,2,6,2.0,3.0,75108,M,4886940.0,231094.0,75
201800051035,18,4,5,935,1,2,1,1.0,2.0,75108,M,4886670.0,231741.0,75
201800051036,18,4,6,20,5,2,7,1.0,3.0,75108,M,4887470.0,230362.0,75
201800051037,18,4,6,1700,1,2,2,3.0,3.0,75108,M,4887650.0,230165.0,75
201800051038,18,4,9,1150,1,2,2,1.0,2.0,75108,M,4887310.0,230999.0,75
201800051039,18,4,9,1210,1,2,7,1.0,6.0,75108,M,4887800.0,230522.0,75
201800051040,18,4,10,830,1,2,2,1.0,6.0,75108,M,4886740.0,230363.0,75
201800051041,18,4,10,1407,1,2,7,1.0,5.0,75108,M,4886590.0,231989.0,75
201800051042,18,4,11,1110,1,2,1,1.0,3.0,75108,M,4887300.0,230523.0,75
201800051043,18,4,11,1330,1,2,7,1.0,3.0,75108,M,4887470.0,232004.0,75
201800051044,18,4,11,1400,1,2,2,1.0,3.0,75108,M,4887190.0,232193.0,75
201800051045,18,4,12,845,1,2,1,1.0,3.0,75108,M,4887550.0,229923.0,75
201800051046,18,4,12,1015,1,2,1,1.0,6.0,75101,M,4886740.0,232416.0,75
201800051047,18,4,14,1310,1,2,7,1.0,4.0,75108,M,4886930.0,232391.0,75
201800051048,18,4,16,1510,1,2,7,1.0,6.0,75108,M,4887470.0,232004.0,75
201800051049,18,4,17,915,1,2,1,1.0,3.0,75108,M,4887020.0,231254.0,75
201800051050,18,4,19,1300,1,2,4,1.0,6.0,75108,M,4887740.0,230663.0,75
201800051051,18,4,20,1315,1,2,2,1.0,6.0,75108,M,4887510.0,232290.0,75
201800051052,18,4,20,1440,1,2,1,1.0,6.0,75108,M,4887540.0,232540.0,75
201800051053,18,4,20,1740,1,2,1,1.0,3.0,75108,M,4887030.0,232340.0,75
201800051054,18,4,20,1835,1,2,2,1.0,3.0,75108,M,4887810.0,232257.0,75
201800051055,18,4,24,2230,5,2,7,1.0,3.0,75108,M,4887410.0,229573.0,75
201800051056,18,4,25,1330,1,2,2,1.0,2.0,75108,M,4886840.0,232324.0,75
201800051057,18,4,26,1820,1,2,2,1.0,3.0,75108,M,4887330.0,232429.0,75
201800051058,18,4,27,1615,1,2,7,1.0,6.0,75108,M,4886440.0,230185.0,75
201800051059,18,4,29,2305,5,2,5,3.0,3.0,75108,M,4886460.0,231030.0,75
201800051060,18,5,2,1033,1,2,7,1.0,3.0,75108,M,4886660.0,232190.0,75
201800051061,18,5,7,1830,1,2,1,1.0,6.0,75108,M,4887580.0,232684.0,75
201800051062,18,5,7,2200,5,2,3,1.0,2.0,75108,M,4886710.0,231607.0,75
201800051063,18,5,8,1130,1,2,1,1.0,2.0,75108,M,4887770.0,229857.0,75
201800051064,18,5,9,215,5,2,1,1.0,2.0,75108,M,4886650.0,231794.0,75
201800051065,18,5,9,1300,1,2,3,1.0,2.0,75108,M,4887350.0,232084.0,75
201800051066,18,5,9,1335,1,2,2,1.0,2.0,75108,M,4886870.0,231094.0,75
201800051067,18,5,9,1945,1,2,7,1.0,3.0,75108,M,4886470.0,232055.0,75
201800051068,18,5,10,1455,1,2,2,1.0,2.0,75108,M,4886870.0,231094.0,75
201800051069,18,5,11,1400,1,2,3,1.0,3.0,75108,M,4887670.0,229716.0,75
201800051070,18,5,12,709,2,2,2,8.0,3.0,75116,M,4886300.0,227261.0,75
201800051071,18,5,13,915,1,2,5,1.0,6.0,75108,M,4887310.0,229709.0,75
201800051072,18,5,15,904,1,2,3,1.0,6.0,75108,M,4887090.0,232263.0,75
201800051073,18,5,16,1025,1,2,1,8.0,3.0,75108,M,4886920.0,230107.0,75
201800051074,18,5,20,2015,1,2,7,1.0,3.0,75108,M,4886590.0,231989.0,75
201800051075,18,5,22,630,2,2,7,1.0,7.0,75108,M,4887800.0,230522.0,75
201800051076,18,5,22,1405,1,2,3,1.0,1.0,75108,M,4887770.0,230588.0,75
201800051077,18,5,23,930,1,2,7,1.0,5.0,75108,M,4886660.0,232190.0,75
201800051078,18,5,25,1000,1,2,7,1.0,3.0,75108,M,4886440.0,230151.0,75
201800051079,18,5,25,1020,1,2,2,1.0,3.0,75108,M,4887490.0,230541.0,75
201800051080,18,5,26,1812,1,2,2,1.0,6.0,75108,M,4887880.0,232221.0,75
201800051081,18,5,27,255,5,2,2,1.0,6.0,75108,M,4887020.0,231103.0,75
201800051082,18,5,28,1930,2,2,7,3.0,3.0,75108,M,4886440.0,230185.0,75
201800051083,18,5,29,2300,5,2,2,3.0,6.0,75108,M,4887210.0,232594.0,75
201800051084,18,5,29,2215,5,2,2,3.0,3.0,75108,M,4887760.0,231254.0,75
201800051085,18,5,30,1635,1,2,1,1.0,6.0,75108,M,4887070.0,231592.0,75
201800051086,18,5,31,10,5,2,1,1.0,3.0,75108,M,4887060.0,230093.0,75
201800051087,18,5,31,1830,1,2,3,1.0,3.0,75108,M,4887200.0,230045.0,75
201800051088,18,6,1,1405,1,2,2,1.0,6.0,75108,M,4888130.0,231647.0,75
201800051089,18,6,2,1110,1,2,2,1.0,3.0,75108,M,4887420.0,229955.0,75
201800051090,18,6,2,1110,1,2,7,1.0,6.0,75108,M,4886440.0,232029.0,75
201800051091,18,6,2,1830,1,2,7,1.0,3.0,75108,M,4886440.0,232029.0,75
201800051092,18,6,4,1630,1,2,7,1.0,3.0,75108,M,4887410.0,229573.0,75
201800051093,18,6,5,2020,1,2,7,1.0,2.0,75108,M,4887750.0,230971.0,75
201800051094,18,6,6,2320,5,2,2,1.0,3.0,75108,M,4887370.0,230053.0,75
201800051095,18,6,7,2000,1,2,1,1.0,3.0,75116,M,4886900.0,227042.0,75
201800051096,18,6,8,1101,1,2,3,1.0,3.0,75108,M,4887220.0,230905.0,75
201800051097,18,6,9,100,5,2,1,1.0,6.0,75108,M,4886430.0,231081.0,75
201800051098,18,6,9,2100,2,2,2,1.0,2.0,75108,M,4887180.0,230102.0,75
201800051099,18,6,10,1615,1,2,7,1.0,3.0,75108,M,4886660.0,232190.0,75
201800051100,18,6,11,840,1,2,2,1.0,2.0,75108,M,4886500.0,231369.0,75
201800051101,18,6,11,2345,4,2,7,3.0,3.0,75108,M,4886590.0,231989.0,75
201800051102,18,6,12,1400,1,2,7,8.0,3.0,75108,M,4887470.0,232004.0,75
201800051103,18,6,13,812,1,2,7,1.0,3.0,75108,M,4886660.0,232190.0,75
201800051104,18,6,13,1225,1,2,4,1.0,6.0,75108,M,4887740.0,230663.0,75
201800051105,18,6,14,410,5,2,4,1.0,6.0,75108,M,4888230.0,232604.0,75
201800051106,18,6,15,1645,1,2,1,1.0,6.0,75108,M,4887420.0,230457.0,75
201800051107,18,6,12,1020,1,2,4,8.0,6.0,75108,M,4887840.0,231553.0,75
201800051108,18,6,16,2030,1,2,4,1.0,6.0,75108,M,4887320.0,230736.0,75
201800051109,18,6,18,1000,1,2,3,2.0,3.0,75108,M,4887410.0,229882.0,75
201800051110,18,6,19,1605,1,2,5,1.0,6.0,75108,M,4886900.0,231008.0,75
201800051111,18,6,19,1921,1,2,6,1.0,3.0,75116,M,4887320.0,229458.0,75
201800051112,18,6,20,900,1,2,1,1.0,6.0,75116,M,4886550.0,227917.0,75
201800051113,18,6,20,1000,1,2,2,1.0,2.0,75108,M,4886840.0,230112.0,75
201800051114,18,6,21,239,5,2,2,1.0,6.0,75108,M,4886500.0,231369.0,75
201800051115,18,6,21,1750,1,2,3,1.0,2.0,75108,M,4887260.0,232397.0,75
201800051116,18,6,21,1835,1,2,2,1.0,6.0,75108,M,4886920.0,230277.0,75
201800051117,18,6,22,1520,1,2,5,1.0,3.0,75108,M,4887640.0,230786.0,75
201800051118,18,6,23,15,5,2,2,1.0,3.0,75108,M,4887420.0,231749.0,75
201800051119,18,6,23,1430,1,2,1,1.0,6.0,75108,M,4887320.0,232619.0,75
201800051120,18,6,24,130,5,2,2,1.0,2.0,75117,M,4887510.0,229601.0,75
201800051121,18,6,24,230,5,2,2,1.0,3.0,75108,M,4887490.0,230181.0,75
201800051122,18,6,24,1410,1,2,1,1.0,6.0,75108,M,4886420.0,230606.0,75
201800051123,18,6,26,850,1,2,3,1.0,6.0,75108,M,4887900.0,230240.0,75
201800051124,18,6,26,1036,1,2,7,1.0,6.0,75108,M,4887910.0,232314.0,75
201800051125,18,6,26,1445,1,2,7,1.0,5.0,75108,M,4886660.0,232190.0,75
201800051126,18,6,27,1230,1,2,2,1.0,3.0,75108,M,4887960.0,230499.0,75
201800051127,18,6,28,2050,1,2,1,1.0,4.0,75108,M,4886810.0,231301.0,75
201800051128,18,6,29,2130,1,2,7,1.0,2.0,75108,M,4887310.0,229709.0,75
201800051129,18,6,30,1550,1,2,2,1.0,3.0,75108,M,4887500.0,230914.0,75
201800051130,18,7,1,140,4,2,2,1.0,6.0,75108,M,4887140.0,230253.0,75
201800051131,18,7,2,1325,1,2,3,1.0,6.0,75108,M,4887900.0,230240.0,75
201800051132,18,7,2,1355,1,2,7,1.0,3.0,75108,M,4886660.0,232190.0,75
201800051133,18,7,3,1430,1,2,2,1.0,6.0,75108,M,4886700.0,230631.0,75
201800051134,18,7,3,1600,1,2,1,1.0,2.0,75109,M,4887840.0,232692.0,75
201800051135,18,7,4,925,1,2,2,1.0,2.0,75108,M,4887290.0,231595.0,75
201800051136,18,7,4,1145,1,2,1,1.0,6.0,75108,M,4888040.0,230932.0,75
201800051137,18,7,4,1843,1,2,1,1.0,6.0,75108,M,4886590.0,230408.0,75
201800051138,18,7,5,250,5,2,1,1.0,2.0,75108,M,4886640.0,231805.0,75
201800051139,18,7,5,805,1,2,2,1.0,3.0,75108,M,4887240.0,229949.0,75
201800051140,18,7,7,1725,1,2,2,1.0,2.0,75108,M,4886780.0,231384.0,75
201800051141,18,7,9,1710,1,2,1,1.0,2.0,75108,M,4886730.0,231523.0,75
201800051142,18,7,10,1955,2,2,1,1.0,2.0,75108,M,4886930.0,231399.0,75
201800051143,18,7,12,1010,1,2,2,1.0,3.0,75108,M,4887400.0,229728.0,75
201800051144,18,7,14,1615,1,2,1,1.0,2.0,75108,M,4887320.0,229676.0,75
201800051145,18,7,15,1330,1,2,2,1.0,3.0,75108,M,4888200.0,232048.0,75
201800051146,18,7,16,1420,1,2,2,1.0,6.0,75108,M,4887500.0,230914.0,75
201800051147,18,7,16,2000,1,2,3,1.0,6.0,75108,M,4886580.0,230398.0,75
201800051148,18,7,18,1555,1,2,1,1.0,2.0,75108,M,4887000.0,229000.0,75
201800051149,18,7,18,1750,1,2,2,1.0,3.0,75108,M,,,75
201800051150,18,7,19,1030,1,2,1,1.0,6.0,75108,M,4886700.0,230500.0,75
201800051151,18,7,19,1515,1,2,1,1.0,2.0,75108,M,,,75
201800051152,18,7,20,1130,1,2,4,1.0,3.0,75108,M,4887000.0,230000.0,75
201800051153,18,7,20,1420,1,2,2,1.0,2.0,75108,M,4887306.0,229760.0,75
201800051154,18,7,20,2232,5,2,2,1.0,3.0,75108,M,4887442.0,229967.0,75
201800051155,18,7,21,345,5,2,3,1.0,3.0,75108,M,4887391.0,231591.0,75
201800051156,18,7,22,930,1,2,2,1.0,3.0,75108,M,4887000.0,232000.0,75
201800051157,18,7,27,1615,1,2,4,1.0,6.0,75108,M,4886724.0,230572.0,75
201800051158,18,7,30,1818,1,2,5,1.0,3.0,75108,M,,,75
201800051159,18,7,31,2340,5,2,4,1.0,7.0,75116,M,4883700.0,225700.0,75
201800051160,18,8,1,345,5,2,2,1.0,2.0,75108,M,4886800.0,232300.0,75
201800051161,18,8,3,1025,1,2,7,1.0,2.0,75108,M,,,75
201800051162,18,8,5,120,5,2,2,1.0,3.0,75116,M,4886500.0,223400.0,75
201800051163,18,8,8,2140,5,2,2,1.0,3.0,75108,M,4887375.0,232721.0,75
201800051164,18,8,8,1345,1,2,2,1.0,2.0,75108,M,,,75
201800051165,18,8,12,1,5,2,2,1.0,6.0,75108,M,4887299.0,229742.0,75
201800051166,18,8,12,1635,1,2,2,1.0,3.0,75108,M,,,75
201800051167,18,8,12,1930,1,2,2,1.0,3.0,75116,M,,,75
201800051168,18,8,18,1520,1,2,2,1.0,3.0,75116,M,4886634.0,223695.0,75
201800051169,18,8,19,704,1,2,1,1.0,6.0,75108,M,,,75
201800051170,18,8,19,1905,1,2,1,1.0,6.0,75108,M,4886843.0,231011.0,75
201800051171,18,8,23,1315,1,2,1,1.0,3.0,75108,M,4887300.0,230400.0,75
201800051172,18,8,23,2115,5,2,6,1.0,2.0,75116,M,4887380.0,229500.0,75
201800051173,18,8,29,1140,1,2,2,1.0,6.0,75108,M,,,75
201800051174,18,8,29,1300,1,2,7,1.0,3.0,75108,M,,,75
201800051175,18,8,30,1120,1,2,7,8.0,3.0,75108,M,4870000.0,229000.0,75
201800051176,18,8,31,1930,1,2,7,1.0,3.0,75108,M,4886625.0,232115.0,75
201800051177,18,8,31,2200,5,2,2,1.0,6.0,75108,M,4887380.0,231453.0,75
201800051178,18,9,1,150,5,2,2,1.0,6.0,75108,M,4887049.0,230520.0,75
201800051179,18,9,3,1330,1,2,1,1.0,6.0,75108,M,4887959.0,231409.0,75
201800051180,18,9,4,1300,1,2,1,2.0,6.0,75108,M,4887400.0,231300.0,75
201800051181,18,9,4,1745,1,2,2,1.0,3.0,75108,M,,,75
201800051182,18,9,5,1300,1,2,7,1.0,6.0,75108,M,4886755.0,231384.0,75
201800051183,18,9,6,2015,2,2,3,1.0,3.0,75108,M,,,75
201800051184,18,9,9,2355,5,2,2,1.0,7.0,75108,M,4887300.0,232600.0,75
201800051185,18,9,10,1130,1,2,1,1.0,6.0,75108,M,4887700.0,229700.0,75
201800051186,18,9,11,1300,1,2,1,1.0,3.0,75108,M,,,75
201800051187,18,9,11,1900,1,2,2,7.0,3.0,75108,M,4887505.0,230903.0,75
201800051188,18,9,11,2220,5,2,1,1.0,2.0,75108,M,4886000.0,230000.0,75
201800051189,18,9,12,1650,1,2,2,1.0,3.0,75108,M,,,75
201800051190,18,9,13,920,1,2,3,2.0,6.0,75108,M,,,75
201800051191,18,9,14,940,1,2,1,1.0,2.0,75108,M,,,75
201800051192,18,9,14,2248,2,2,7,1.0,3.0,75108,M,,,75
201800051193,18,9,15,1610,1,2,1,1.0,3.0,75108,M,4880000.0,231000.0,75
201800051194,18,9,17,930,1,2,1,1.0,6.0,75108,M,4887331.0,229689.0,75
201800051195,18,9,17,1200,1,2,3,1.0,3.0,75108,M,4886674.0,230103.0,75
201800051196,18,9,18,1030,1,2,4,1.0,3.0,75108,M,4887425.0,232583.0,75
201800051197,18,9,18,1630,1,2,3,1.0,6.0,75108,M,4886600.0,231404.0,75
201800051198,18,9,18,2200,5,2,3,1.0,6.0,75104,M,4885825.0,234888.0,75
201800051199,18,9,18,1315,1,2,2,2.0,2.0,75108,M,4886859.0,232319.0,75
201800051200,18,9,19,800,1,2,7,1.0,3.0,75108,M,4886900.0,231006.0,75
201800051201,18,9,19,855,1,2,3,1.0,2.0,75108,M,4888100.0,231800.0,75
201800051202,18,9,19,1630,1,2,3,1.0,3.0,75108,M,4887740.0,232307.0,75
201800051203,18,9,21,1410,1,2,1,1.0,6.0,75108,M,,,75
201800051204,18,9,22,1310,1,2,7,1.0,3.0,75108,M,,,75
201800051205,18,9,22,1445,1,2,2,2.0,4.0,75108,M,4886000.0,231000.0,75
201800051206,18,9,25,1,5,2,3,1.0,3.0,75101,M,4885720.0,232607.0,75
201800051207,18,9,25,2010,5,2,2,1.0,6.0,75108,M,4887960.0,231768.0,75
201800051208,18,9,26,1450,1,2,2,1.0,6.0,75108,M,4887849.0,232219.0,75
201800051209,18,9,26,2030,5,2,2,1.0,6.0,75108,M,4886772.0,232251.0,75
201800051210,18,9,27,840,1,2,1,1.0,6.0,75108,M,4886000.0,230000.0,75
201800051211,18,9,29,10,5,2,1,1.0,6.0,75116,M,4885320.0,227651.0,75
201800051212,18,9,30,2040,5,2,2,1.0,7.0,75108,M,,,75
201800051213,18,10,1,1445,1,2,7,1.0,6.0,75108,M,,,75
201800051214,18,10,1,1445,1,2,1,1.0,3.0,75108,M,,,75
201800051215,18,10,2,1315,1,2,1,2.0,3.0,75108,M,4886799.0,232316.0,75
201800051216,18,10,3,930,1,2,1,8.0,3.0,75116,M,4880000.0,228000.0,75
201800051217,18,10,4,623,5,2,7,1.0,6.0,75108,M,,,75
201800051218,18,10,4,1625,1,2,1,1.0,6.0,75108,M,4888000.0,231300.0,75
201800051219,18,10,4,1635,1,2,7,1.0,3.0,75101,M,,,75
201800051220,18,10,5,25,5,2,2,1.0,3.0,75108,M,4886496.0,231366.0,75
201800051221,18,10,5,811,1,2,2,1.0,6.0,75108,M,,,75
201800051222,18,10,6,1940,5,2,7,1.0,3.0,75108,M,,,75
201800051223,18,10,6,2215,5,2,2,1.0,3.0,75108,M,4886992.0,231181.0,75
201800051224,18,10,6,2115,5,2,7,1.0,3.0,75108,M,4886786.0,231398.0,75
201800051225,18,10,10,1600,1,2,7,1.0,6.0,75108,M,,,75
201800051226,18,10,11,1840,5,2,7,1.0,6.0,75108,M,,,75
201800051227,18,10,12,800,1,2,7,8.0,3.0,75108,M,4887444.0,230302.0,75
201800051228,18,10,12,930,1,2,4,1.0,6.0,75108,M,4886596.0,230109.0,75
201800051229,18,10,12,1050,1,2,3,1.0,3.0,75108,M,4887213.0,231622.0,75
201800051230,18,10,13,1100,1,2,3,1.0,3.0,75108,M,4887200.0,232600.0,75
201800051231,18,10,15,2248,5,2,1,1.0,6.0,75116,M,4885580.0,227500.0,75
201800051232,18,10,16,1630,1,2,2,1.0,7.0,75108,M,4886864.0,230950.0,75
201800051233,18,10,17,1820,2,2,4,1.0,2.0,75108,M,4888300.0,232600.0,75
201800051234,18,10,19,30,5,2,7,1.0,3.0,75108,M,4886428.0,231036.0,75
201800051235,18,10,19,1015,1,2,7,1.0,6.0,75108,M,4887424.0,229645.0,75
201800051236,18,10,18,2045,5,2,7,1.0,6.0,75108,M,4887000.0,232000.0,75
201800051237,18,10,21,1710,1,2,4,1.0,3.0,75108,M,,,75
201800051238,18,10,23,1120,1,2,1,1.0,6.0,75117,M,4889200.0,232400.0,75
201800051239,18,10,25,900,1,2,1,1.0,6.0,75108,M,4887000.0,230000.0,75
201800051240,18,10,25,1300,1,2,7,1.0,6.0,75108,M,4887727.0,232679.0,75
201800051241,18,10,26,1920,4,2,2,2.0,3.0,75108,M,,,75
201800051242,18,10,30,1300,1,2,1,8.0,3.0,75108,M,,,75
201800051243,18,10,31,1240,1,2,2,1.0,3.0,75108,M,4887804.0,232262.0,75
201800051244,18,10,31,1610,1,2,3,2.0,3.0,75108,M,4887530.0,230940.0,75
201800051245,18,10,31,1950,5,2,2,2.0,6.0,75108,M,4886848.0,232351.0,75
201800051246,18,11,2,1235,1,2,3,1.0,3.0,75108,M,4887732.0,230649.0,75
201800051247,18,11,5,1010,1,2,2,1.0,6.0,75108,M,4887483.0,230527.0,75
201800051248,18,11,7,2340,5,2,7,8.0,3.0,75108,M,4887000.0,232000.0,75
201800051249,18,11,8,1220,1,2,2,1.0,6.0,75117,M,4800000.0,230000.0,75
201800051250,18,11,10,830,2,2,2,2.0,3.0,75108,M,,,75
201800051251,18,11,11,1725,5,2,1,2.0,6.0,75108,M,4886649.0,231003.0,75
201800051252,18,11,12,610,5,2,2,2.0,3.0,75108,M,4887152.0,232579.0,75
201800051253,18,11,13,1430,1,2,2,1.0,3.0,75108,M,4887708.0,231418.0,75
201800051254,18,11,15,1630,2,2,2,1.0,6.0,75108,M,,,75
201800051255,18,11,15,1945,5,2,7,8.0,6.0,75108,M,4880000.0,230000.0,75
201800051256,18,11,16,40,5,2,7,1.0,3.0,75108,M,4886606.0,229969.0,75
201800051257,18,11,20,1110,1,2,2,2.0,2.0,75108,M,4886000.0,231000.0,75
201800051258,18,11,21,930,1,2,7,1.0,3.0,75108,M,,,75
201800051259,18,11,21,1215,1,2,1,1.0,3.0,75108,M,,,75
201800051260,18,11,21,1325,1,2,1,1.0,2.0,75108,M,,,75
201800051261,18,11,21,1915,5,2,1,1.0,6.0,75108,M,4886372.0,230160.0,75
201800051262,18,11,22,1500,1,2,2,2.0,6.0,75108,M,4886905.0,230264.0,75
201800051263,18,11,23,829,1,2,2,1.0,3.0,75108,M,,,75
201800051264,18,11,24,140,5,2,7,3.0,3.0,75108,M,4886411.0,232009.0,75
201800051265,18,11,24,1030,1,2,2,1.0,7.0,75117,M,,,75
201800051266,18,11,24,1040,1,2,2,1.0,3.0,75108,M,4888060.0,231256.0,75
201800051267,18,11,26,1732,5,2,7,8.0,3.0,75108,M,,,75
201800051268,18,11,26,1900,5,2,1,2.0,3.0,75108,M,4880000.0,232000.0,75
201800051269,18,11,26,2035,5,2,1,2.0,6.0,75108,M,,,75
201800051270,18,11,28,845,1,2,2,2.0,6.0,75108,M,4887020.0,232293.0,75
201800051271,18,11,28,1844,5,2,1,1.0,7.0,75108,M,,,75
201800051272,18,11,29,1330,1,2,3,1.0,2.0,75108,M,4887097.0,230350.0,75
201800051273,18,12,2,255,4,2,4,2.0,2.0,75108,M,4886800.0,231000.0,75
201800051274,18,12,2,1310,1,2,1,1.0,7.0,75108,M,,,75
201800051275,18,12,2,2020,5,2,2,1.0,3.0,75108,M,4886584.0,231992.0,75
201800051276,18,12,3,930,1,2,7,8.0,4.0,75108,M,,,75
201800051277,18,12,4,759,2,2,2,2.0,3.0,75108,M,,,75
201800051278,18,12,4,1215,1,2,1,1.0,2.0,75108,M,,,75
201800051279,18,12,5,940,1,2,7,1.0,3.0,75108,M,,,75
201800051280,18,12,6,1145,1,2,2,2.0,2.0,75108,M,4886272.0,228759.0,75
201800051281,18,12,7,1310,1,2,2,2.0,6.0,75108,M,4887180.0,229848.0,75
201800051282,18,12,7,1705,5,2,3,2.0,3.0,75108,M,4887232.0,229967.0,75
201800051283,18,12,9,320,5,2,2,2.0,3.0,75108,M,4887091.0,230086.0,75
201800051284,18,12,11,845,1,2,1,1.0,3.0,75108,M,,,75
201800051285,18,12,12,1550,1,2,7,1.0,3.0,75108,M,4886670.0,232165.0,75
201800051286,18,12,13,1940,3,2,7,1.0,3.0,75117,M,4890000.0,228236.0,75
201800051287,18,12,14,1017,1,2,7,7.0,3.0,75108,M,,,75
201800051288,18,12,13,2025,5,2,2,1.0,7.0,75108,M,4886611.0,231248.0,75
201800051289,18,12,20,1110,1,2,7,1.0,3.0,75108,M,4886597.0,229996.0,75
201800051290,18,12,20,1515,1,2,4,1.0,3.0,75108,M,4884000.0,234000.0,75
201800051291,18,12,20,1640,2,2,7,1.0,7.0,75108,M,,,75
201800051292,18,12,20,1900,5,2,7,1.0,3.0,75108,M,4886680.0,232186.0,75
201800051293,18,12,20,2230,5,2,7,1.0,3.0,75108,M,4886670.0,232184.0,75
201800051294,18,12,21,933,1,2,7,2.0,2.0,75108,M,4887340.0,229650.0,75
201800051295,18,12,21,1715,5,2,2,8.0,6.0,75108,M,,,75
201800051296,18,12,24,510,5,2,2,2.0,6.0,75108,M,4887357.0,231443.0,75
201800051297,18,12,24,600,5,2,7,2.0,3.0,75108,M,4886440.0,232140.0,75
201800051298,18,12,26,2055,5,2,3,1.0,3.0,75108,M,4887437.0,231736.0,75
201800051299,18,1,2,1309,1,2,3,8.0,3.0,75109,M,4887110.0,234568.0,75
201800051300,18,1,7,247,5,2,1,1.0,6.0,75102,M,4887160.0,234238.0,75
201800051301,18,1,10,1315,1,2,1,1.0,6.0,75109,M,4887470.0,232889.0,75
201800051302,18,1,10,1345,1,2,7,1.0,6.0,75109,M,4887630.0,233183.0,75
201800051303,18,1,12,1105,1,2,1,1.0,3.0,75109,M,4887630.0,233386.0,75
201800051304,18,1,13,1725,2,2,7,1.0,6.0,75109,M,4888330.0,234689.0,75
201800051305,18,1,17,2320,5,2,2,1.0,3.0,75109,M,4887530.0,233229.0,75
201800051306,18,1,20,2245,5,2,2,2.0,6.0,75109,M,4887280.0,234040.0,75
201800051307,18,1,22,1300,1,2,7,3.0,6.0,75109,M,4887840.0,233754.0,75
201800051308,18,1,23,1010,1,2,3,2.0,6.0,75109,M,4887580.0,232847.0,75
201800051309,18,1,31,1415,1,2,2,2.0,6.0,75109,M,4887430.0,233132.0,75
201800051310,18,2,2,2020,5,2,2,1.0,2.0,75109,M,4887240.0,233742.0,75
201800051311,18,2,4,1500,1,2,7,1.0,6.0,75109,M,4887070.0,233257.0,75
201800051312,18,2,5,1200,1,2,1,4.0,3.0,75109,M,4887160.0,234586.0,75
201800051313,18,2,9,1305,1,2,1,4.0,6.0,75103,M,4886100.0,236273.0,75
201800051314,18,2,17,1635,1,2,2,1.0,6.0,75109,M,4887190.0,233037.0,75
201800051315,18,2,19,1640,1,2,2,2.0,6.0,75109,M,4888070.0,234023.0,75
201800051316,18,2,20,2235,5,2,7,1.0,2.0,75109,M,4888280.0,234444.0,75
201800051317,18,2,23,1200,1,2,2,1.0,3.0,75109,M,4887220.0,233829.0,75
201800051318,18,2,28,2200,5,2,3,1.0,6.0,75109,M,4887780.0,233949.0,75
201800051319,18,3,8,136,5,2,2,1.0,2.0,75101,M,4885850.0,234241.0,75
201800051320,18,3,16,1445,1,2,2,1.0,2.0,75109,M,4887510.0,233950.0,75
201800051321,18,3,17,1200,1,2,7,2.0,2.0,75109,M,4887590.0,233983.0,75
201800051322,18,3,18,105,5,2,3,1.0,6.0,75101,M,4886320.0,233556.0,75
201800051323,18,3,21,1030,1,2,2,1.0,6.0,75109,M,4887410.0,233974.0,75
201800051324,18,3,25,1423,1,2,3,1.0,6.0,75109,M,4887330.0,234054.0,75
201800051325,18,3,25,130,5,2,5,1.0,6.0,75102,M,4886990.0,232796.0,75
201800051326,18,3,27,915,1,2,2,2.0,6.0,75109,M,4887620.0,233109.0,75
201800051327,18,3,27,1205,1,2,3,3.0,3.0,75109,M,4887360.0,232832.0,75
201800051328,18,3,27,1825,1,2,7,2.0,3.0,75102,M,4887030.0,233244.0,75
201800051329,18,3,28,1330,1,2,1,8.0,6.0,75109,M,4887430.0,233345.0,75
201800051330,18,3,28,1945,5,2,2,1.0,6.0,75109,M,4888120.0,234250.0,75
201800051331,18,4,1,255,5,2,7,1.0,6.0,75109,M,4887320.0,233110.0,75
201800051332,18,4,6,10,5,2,2,1.0,3.0,75104,M,4885330.0,235779.0,75
201800051333,18,4,6,1450,1,2,2,1.0,6.0,75109,M,4887530.0,234171.0,75
201800051334,18,4,14,1545,1,2,7,1.0,3.0,75109,M,4887070.0,233257.0,75
201800051335,18,4,15,1540,1,2,3,1.0,6.0,75109,M,4887660.0,234039.0,75
201800051336,18,4,15,1915,1,2,7,1.0,3.0,75109,M,4887070.0,233257.0,75
201800051337,18,4,20,1840,1,2,1,1.0,3.0,75109,M,4887960.0,233615.0,75
201800051338,18,4,23,1435,1,2,7,1.0,6.0,75109,M,4887230.0,233285.0,75
201800051339,18,4,23,1920,1,2,1,1.0,6.0,75109,M,4887340.0,232935.0,75
201800051340,18,4,25,2110,5,2,2,1.0,5.0,75109,M,4887530.0,233229.0,75
201800051341,18,4,29,400,5,2,2,2.0,7.0,75109,M,4887590.0,234552.0,75
201800051342,18,5,9,104,5,2,1,1.0,2.0,75109,M,4888350.0,232781.0,75