Num_Acc,an,mois,jour,hrmn,lum,agg,int,atm,col,com,gps,lat,long,dep
201800051343,18,5,9,1940,1,2,3,1.0,5.0,75109,M,4886970.0,232647.0,75
201800051344,18,5,10,1700,1,2,2,1.0,6.0,75109,M,4888220.0,233367.0,75
201800051345,18,5,10,1712,1,2,7,1.0,6.0,75109,M,4888240.0,233690.0,75
201800051346,18,5,12,1640,1,2,1,2.0,7.0,75102,M,4887100.0,233695.0,75
201800051347,18,5,15,1407,1,2,2,1.0,3.0,75108,M,4887560.0,232657.0,75
201800051348,18,5,18,2305,5,2,5,1.0,2.0,75109,M,4888360.0,234953.0,75
201800051349,18,5,23,1110,1,2,4,1.0,6.0,75109,M,4887860.0,234588.0,75
201800051350,18,5,24,1430,1,2,3,1.0,3.0,75109,M,4887170.0,234163.0,75
201800051351,18,5,22,1750,1,2,2,1.0,3.0,75109,M,4887510.0,233950.0,75
201800051352,18,5,29,2315,5,2,3,3.0,3.0,75109,M,4887240.0,234490.0,75
201800051353,18,5,30,1305,1,2,3,1.0,6.0,75109,M,4887750.0,233046.0,75
201800051354,18,5,31,1955,1,2,2,1.0,6.0,75109,M,4887580.0,234369.0,75
201800051355,18,6,7,1740,1,2,4,1.0,6.0,75109,M,4887410.0,233724.0,75
201800051356,18,6,9,1534,1,2,3,1.0,6.0,75109,M,4887330.0,234054.0,75
201800051357,18,6,11,850,1,2,2,2.0,6.0,75109,M,4887650.0,234432.0,75
201800051358,18,6,4,1640,1,2,3,1.0,6.0,75109,M,4887900.0,232955.0,75
201800051359,18,6,12,2105,1,2,7,8.0,3.0,75109,M,4888360.0,233259.0,75
201800051360,18,6,16,1450,1,2,3,1.0,2.0,75109,M,4887330.0,234054.0,75
201800051361,18,6,16,1750,1,2,2,1.0,1.0,75109,M,4888190.0,233963.0,75
201800051362,18,6,15,2345,5,2,3,1.0,6.0,75102,M,4887020.0,233593.0,75
201800051363,18,6,19,1420,1,2,1,1.0,6.0,75109,M,4887690.0,234767.0,75
201800051364,18,6,27,1905,1,2,2,1.0,3.0,75109,M,4887100.0,233417.0,75
201800051365,18,6,29,2020,1,2,7,1.0,6.0,75109,M,4888280.0,234444.0,75
201800051366,18,7,3,800,1,2,1,7.0,3.0,75109,M,4887830.0,232692.0,75
201800051367,18,7,4,30,5,2,2,1.0,3.0,75109,M,4887670.0,233706.0,75
201800051368,18,7,5,930,1,2,1,1.0,2.0,75109,M,4887190.0,234070.0,75
201800051369,18,7,7,1810,1,2,2,1.0,6.0,75102,M,4887020.0,234263.0,75
201800051370,18,7,8,150,5,2,1,1.0,6.0,75103,M,4886710.0,236370.0,75
201800051371,18,7,14,1040,1,2,3,1.0,6.0,75103,M,4886010.0,236645.0,75
201800051372,18,7,14,1205,1,2,7,1.0,6.0,75109,M,4888330.0,232715.0,75
201800051373,18,7,18,1210,1,2,1,1.0,6.0,75109,M,4887684.0,233476.0,75
201800051374,18,7,24,1250,1,2,3,1.0,3.0,75109,M,4888000.0,233000.0,75
201800051375,18,7,25,828,1,2,2,1.0,5.0,75109,M,4887500.0,233900.0,75
201800051376,18,8,3,625,2,2,1,1.0,6.0,75109,M,4887738.0,233433.0,75
201800051377,18,8,4,1710,1,2,4,1.0,3.0,75109,M,4887020.0,232930.0,75
201800051378,18,8,11,223,5,2,2,1.0,6.0,75102,M,4887148.0,234293.0,75
201800051379,18,8,13,20,5,2,2,1.0,3.0,75109,M,4887202.0,223478.0,75
201800051380,18,8,13,958,1,2,1,1.0,3.0,75109,M,,,75
201800051381,18,8,19,20,5,2,1,1.0,2.0,75109,M,4852270.0,220140.0,75
201800051382,18,8,26,725,1,2,2,1.0,3.0,75109,M,,,75
201800051383,18,8,26,1218,1,2,2,1.0,6.0,75109,M,,,75
201800051384,18,8,28,1415,1,2,2,1.0,6.0,75109,M,4887324.0,232814.0,75
201800051385,18,8,29,1741,1,2,7,1.0,6.0,75109,M,4887318.0,233175.0,75
201800051386,18,9,4,1720,1,2,4,1.0,2.0,75109,M,,,75
201800051387,18,9,8,1615,1,2,6,1.0,4.0,75109,M,4887285.0,233180.0,75
201800051388,18,9,11,1220,1,2,2,1.0,2.0,75109,M,,,75
201800051389,18,9,12,1230,1,2,2,1.0,6.0,75109,M,,,75
201800051390,18,9,15,340,5,2,3,1.0,6.0,75109,M,4888405.0,233075.0,75
201800051391,18,9,16,1400,1,2,3,1.0,6.0,75109,M,4887372.0,234010.0,75
201800051392,18,9,17,1610,1,2,1,1.0,6.0,75109,M,4887000.0,232000.0,75
201800051393,18,9,17,2340,5,2,3,1.0,6.0,75109,M,4887000.0,232000.0,75
201800051394,18,9,21,1045,1,2,1,8.0,6.0,75109,M,4888000.0,234000.0,75
201800051395,18,9,21,1600,1,2,2,1.0,3.0,75109,M,4887145.0,233683.0,75
201800051396,18,9,22,45,5,2,2,1.0,6.0,75104,M,4880038.0,234946.0,75
201800051397,18,9,24,2245,5,2,3,1.0,6.0,75109,M,4887500.0,233800.0,75
201800051398,18,9,25,1355,1,2,2,1.0,6.0,75109,M,,,75
201800051399,18,10,2,610,5,2,3,2.0,6.0,75109,M,4887337.0,232980.0,75
201800051400,18,10,5,950,1,2,4,1.0,6.0,75109,M,,,75
201800051401,18,10,6,55,5,2,2,1.0,6.0,75109,M,4887200.0,233700.0,75
201800051402,18,10,8,925,1,2,1,1.0,6.0,75104,M,4885858.0,235498.0,75
201800051403,18,10,10,1445,1,2,2,1.0,3.0,75109,M,,,75
201800051404,18,10,11,1745,1,2,1,8.0,3.0,75109,M,4887000.0,233000.0,75
201800051405,18,10,23,1620,1,2,2,1.0,6.0,75109,M,,,75
201800051406,18,10,29,1010,1,2,2,1.0,6.0,75109,M,,,75
201800051407,18,10,29,1710,1,2,3,1.0,2.0,75109,M,4888052.0,232711.0,75
201800051408,18,11,2,1145,1,2,2,1.0,3.0,75109,M,4888357.0,234945.0,75
201800051409,18,11,9,1510,1,2,1,1.0,6.0,75109,M,4887466.0,233188.0,75
201800051410,18,11,13,30,5,2,2,1.0,3.0,75109,M,4887108.0,234576.0,75
201800051411,18,11,16,1050,1,2,3,1.0,3.0,75109,M,4888228.0,234192.0,75
201800051412,18,11,21,1020,1,2,3,1.0,6.0,75109,M,,,75
201800051413,18,11,21,1905,5,2,3,1.0,6.0,75109,M,4887563.0,232791.0,75
201800051414,18,11,24,2035,5,2,5,1.0,3.0,75109,M,4887939.0,234854.0,75
201800051415,18,11,28,940,1,2,1,2.0,6.0,75109,M,,,75
201800051416,18,12,2,50,5,2,7,2.0,3.0,75109,M,4887091.0,233199.0,75
201800051417,18,12,4,1705,5,2,3,8.0,6.0,75109,M,4887310.0,232841.0,75
201800051418,18,12,7,1340,1,2,3,3.0,6.0,75109,M,4887028.0,232975.0,75
201800051419,18,12,12,1032,1,2,5,1.0,3.0,75108,M,,,75
201800051420,18,12,13,1925,5,2,2,1.0,7.0,75109,M,4887379.0,233559.0,75
201800051421,18,12,15,1750,5,2,3,2.0,6.0,75109,M,4888289.0,234481.0,75
201800051422,18,12,18,1124,1,2,2,1.0,6.0,75109,M,4887609.0,234434.0,75
201800051423,18,12,20,45,5,2,2,1.0,3.0,75109,M,4887204.0,234783.0,75
201800051424,18,12,20,1159,1,2,1,1.0,6.0,75109,M,4887626.0,233313.0,75
201800051425,18,12,21,145,5,2,7,2.0,3.0,75109,M,,,75
201800051426,18,12,29,1610,1,2,4,1.0,3.0,75109,M,4887140.0,233682.0,75
201800051427,18,12,31,1615,1,2,2,8.0,6.0,75109,M,4887324.0,233089.0,75
201800051428,18,1,3,740,5,2,3,6.0,6.0,75110,M,4887210.0,236953.0,75
201800051429,18,1,4,1120,1,2,2,2.0,6.0,75110,M,4888430.0,236461.0,75
201800051430,18,1,12,830,2,2,4,1.0,3.0,75110,M,4887330.0,235877.0,75
201800051431,18,1,12,1805,5,2,1,8.0,6.0,75110,M,4887510.0,237077.0,75
201800051432,18,1,15,1815,2,2,1,1.0,7.0,75110,M,4887300.0,235901.0,75
201800051433,18,1,16,1552,1,2,2,1.0,3.0,75110,M,4887490.0,235731.0,75
201800051434,18,1,17,1455,1,2,4,1.0,7.0,75110,M,4887720.0,235521.0,75
201800051435,18,1,31,1731,5,2,2,2.0,6.0,75110,M,4887320.0,236421.0,75
201800051436,18,2,1,1020,1,2,2,8.0,7.0,75110,M,4887370.0,235826.0,75
201800051437,18,2,4,1915,5,2,3,1.0,6.0,75110,M,4887590.0,235954.0,75
201800051438,18,2,6,1540,1,2,1,4.0,7.0,75110,M,4887260.0,235933.0,75
201800051439,18,2,9,1520,1,2,1,4.0,6.0,75110,M,4888010.0,236395.0,75
201800051440,18,2,9,2245,5,2,4,8.0,3.0,75110,M,4888070.0,236028.0,75
201800051441,18,2,13,825,1,2,3,1.0,6.0,75110,M,4887140.0,236204.0,75
201800051442,18,2,13,1815,5,2,1,2.0,6.0,75110,M,4888000.0,235743.0,75
201800051443,18,2,13,2008,5,2,1,2.0,6.0,75110,M,4887730.0,236959.0,75
201800051444,18,2,14,1915,5,2,1,2.0,6.0,75110,M,4887050.0,235303.0,75
201800051445,18,2,14,2115,5,2,1,2.0,6.0,75110,M,4886990.0,235454.0,75
201800051446,18,2,16,830,1,2,5,1.0,6.0,75110,M,4888050.0,235226.0,75
201800051447,18,2,16,1900,5,2,2,1.0,3.0,75110,M,4887370.0,235826.0,75
201800051448,18,2,16,550,5,2,2,1.0,3.0,75110,M,4888080.0,235114.0,75
201800051449,18,2,20,1955,5,2,1,2.0,6.0,75110,M,4886990.0,235180.0,75
201800051450,18,2,23,1835,2,2,2,1.0,6.0,75110,M,4886930.0,235421.0,75
201800051451,18,3,1,905,1,2,2,6.0,7.0,75110,M,4886900.0,235558.0,75
201800051452,18,3,2,1305,1,2,3,2.0,6.0,75111,M,4887140.0,237506.0,75
201800051453,18,3,2,1350,1,2,2,8.0,3.0,75110,M,4887950.0,236805.0,75
201800051454,18,3,2,1945,5,2,3,1.0,2.0,75110,M,4887750.0,236136.0,75
201800051455,18,3,3,1755,1,2,3,1.0,6.0,75110,M,4888130.0,235809.0,75
201800051456,18,3,4,1527,1,2,4,2.0,4.0,75110,M,4886910.0,236246.0,75
201800051457,18,3,6,1345,1,2,1,1.0,6.0,75110,M,4887450.0,235646.0,75
201800051458,18,3,8,800,1,2,1,1.0,2.0,75110,M,4888410.0,236635.0,75
201800051459,18,3,7,525,5,2,1,2.0,6.0,75110,M,4887020.0,236154.0,75
201800051460,18,3,10,920,1,2,3,2.0,6.0,75110,M,4888250.0,236694.0,75
201800051461,18,3,16,907,1,2,4,1.0,3.0,75110,M,4887930.0,235334.0,75
201800051462,18,3,16,1310,1,2,1,1.0,6.0,75110,M,4887310.0,236583.0,75
201800051463,18,3,18,1800,5,2,3,2.0,6.0,75110,M,4887120.0,237464.0,75
201800051464,18,3,19,2325,5,2,2,1.0,3.0,75110,M,4887950.0,235772.0,75
201800051465,18,3,21,2330,5,2,2,1.0,6.0,75110,M,4887930.0,235705.0,75
201800051466,18,3,27,1305,1,2,7,2.0,6.0,75110,M,4886900.0,235558.0,75
201800051467,18,3,27,2210,5,2,3,1.0,2.0,75110,M,4887620.0,235611.0,75
201800051468,18,3,28,850,1,2,1,2.0,6.0,75110,M,4887460.0,237030.0,75
201800051469,18,3,29,1200,1,2,1,1.0,3.0,75110,M,4887800.0,236564.0,75
201800051470,18,4,5,1800,1,2,1,1.0,6.0,75110,M,4888210.0,236780.0,75
201800051471,18,4,6,1500,1,2,1,1.0,2.0,75110,M,4887260.0,235607.0,75
201800051472,18,4,9,1910,1,2,2,2.0,2.0,75110,M,4887000.0,237099.0,75
201800051473,18,4,10,940,1,2,4,1.0,3.0,75110,M,4887170.0,236541.0,75
201800051474,18,4,11,1055,1,2,3,1.0,3.0,75110,M,4887260.0,235769.0,75
201800051475,18,4,11,1930,1,2,1,1.0,3.0,75110,M,4887050.0,235758.0,75
201800051476,18,4,19,30,5,2,7,1.0,3.0,75110,M,4887770.0,235196.0,75
201800051477,18,4,20,1208,1,2,2,1.0,3.0,75110,M,4888000.0,236707.0,75
201800051478,18,4,21,1530,1,2,2,1.0,6.0,75110,M,4887280.0,235439.0,75
201800051479,18,4,25,1000,1,2,3,1.0,3.0,75110,M,4887750.0,236136.0,75
201800051480,18,4,29,2209,5,2,2,2.0,6.0,75110,M,4886930.0,235421.0,75
201800051481,18,4,30,2330,2,2,2,2.0,2.0,75110,M,4886930.0,235421.0,75
201800051482,18,5,4,915,1,2,2,1.0,3.0,75110,M,4888060.0,236196.0,75
201800051483,18,5,4,1605,1,2,1,1.0,6.0,75110,M,4887060.0,234850.0,75
201800051484,18,5,5,2235,5,2,2,1.0,6.0,75110,M,4887980.0,235874.0,75
201800051485,18,5,7,1915,1,2,2,1.0,6.0,75110,M,4887000.0,237099.0,75
201800051486,18,5,7,2010,1,2,1,1.0,6.0,75110,M,4887610.0,237172.0,75
201800051487,18,5,7,1940,1,2,1,1.0,6.0,75110,M,4887300.0,235382.0,75
201800051488,18,5,10,1100,1,2,3,8.0,3.0,75110,M,4887100.0,235519.0,75
201800051489,18,5,16,850,1,2,2,1.0,6.0,75110,M,4887950.0,236805.0,75
201800051490,18,5,16,1345,1,2,3,1.0,6.0,75110,M,4887140.0,237229.0,75
201800051491,18,5,18,940,1,2,2,1.0,2.0,75110,M,4888060.0,236196.0,75
201800051492,18,5,19,125,5,2,7,1.0,6.0,75110,M,4887080.0,236140.0,75
201800051493,18,5,20,1125,1,2,3,1.0,3.0,75110,M,4887590.0,235954.0,75
201800051494,18,5,23,1200,1,2,2,1.0,3.0,75110,M,4887950.0,235719.0,75
201800051495,18,5,23,2200,5,2,3,1.0,3.0,75110,M,4887030.0,234953.0,75
201800051496,18,5,24,1950,1,2,4,1.0,6.0,75110,M,4887250.0,237623.0,75
201800051497,18,5,25,1034,1,2,1,1.0,2.0,75110,M,4887020.0,235032.0,75
201800051498,18,5,26,1250,1,2,1,1.0,3.0,75110,M,4887680.0,236097.0,75
201800051499,18,5,26,1530,1,2,2,7.0,2.0,75110,M,4887950.0,235772.0,75
201800051500,18,5,27,330,5,2,4,1.0,6.0,75110,M,4888250.0,236918.0,75
201800051501,18,5,29,1120,1,2,1,2.0,3.0,75110,M,4886870.0,235765.0,75
201800051502,18,5,30,915,1,2,2,1.0,3.0,75110,M,4887370.0,235826.0,75
201800051503,18,6,1,2350,5,2,1,8.0,3.0,75110,M,4887350.0,237019.0,75
201800051504,18,6,5,1915,1,2,1,1.0,3.0,75110,M,4887200.0,235985.0,75
201800051505,18,6,6,950,1,2,1,8.0,6.0,75110,M,4887850.0,235561.0,75
201800051506,18,6,8,1400,1,2,1,1.0,6.0,75110,M,4887370.0,236385.0,75
201800051507,18,6,12,855,1,2,3,1.0,3.0,75110,M,4887950.0,235772.0,75
201800051508,18,6,13,1808,1,2,5,8.0,3.0,75110,M,4887490.0,235731.0,75
201800051509,18,6,13,2015,1,2,5,1.0,6.0,75110,M,4887490.0,235731.0,75
201800051510,18,6,14,1735,1,2,3,1.0,6.0,75110,M,4887380.0,235674.0,75
201800051511,18,6,16,1440,1,2,2,1.0,6.0,75110,M,4887290.0,236370.0,75
201800051512,18,6,16,1715,1,2,2,1.0,6.0,75110,M,4887200.0,234791.0,75
201800051513,18,6,16,2200,2,2,3,1.0,3.0,75110,M,4887520.0,236714.0,75
201800051514,18,6,18,2200,5,2,1,1.0,6.0,75110,M,4887090.0,237369.0,75
201800051515,18,6,19,1315,1,2,1,1.0,3.0,75110,M,4888010.0,236393.0,75
201800051516,18,6,21,200,5,2,2,1.0,3.0,75110,M,4887150.0,236032.0,75
201800051517,18,6,21,930,1,2,1,1.0,3.0,75110,M,4887240.0,236408.0,75
201800051518,18,6,21,1420,1,2,1,1.0,6.0,75110,M,4887250.0,234790.0,75
201800051519,18,6,21,1530,1,2,1,7.0,6.0,75110,M,4887510.0,235084.0,75
201800051520,18,6,22,1505,1,2,7,1.0,6.0,75110,M,4887770.0,235155.0,75
201800051521,18,6,22,1830,1,2,2,1.0,2.0,75110,M,4888430.0,236412.0,75
201800051522,18,6,25,1415,1,2,1,1.0,2.0,75110,M,4888180.0,235102.0,75
201800051523,18,6,26,845,1,2,1,1.0,2.0,75110,M,4887550.0,235850.0,75
201800051524,18,6,26,1620,1,2,2,1.0,2.0,75110,M,4888400.0,236870.0,75
201800051525,18,6,27,540,2,2,2,1.0,3.0,75110,M,4887060.0,236120.0,75
201800051526,18,6,29,1445,1,2,2,1.0,6.0,75110,M,4887400.0,234785.0,75
201800051527,18,6,30,1630,1,2,2,1.0,3.0,75110,M,4887170.0,235720.0,75
201800051528,18,7,4,1650,1,2,1,1.0,2.0,75110,M,4887030.0,234990.0,75
201800051529,18,7,11,1820,1,2,1,1.0,2.0,75110,M,4886940.0,236217.0,75
201800051530,18,7,11,2015,1,2,2,1.0,3.0,75110,M,4887370.0,235826.0,75
201800051531,18,7,16,325,5,2,1,1.0,7.0,75110,M,4886830.0,236137.0,75
201800051532,18,7,16,1545,1,2,3,1.0,3.0,75110,M,4888040.0,236432.0,75
201800051533,18,7,18,1505,1,2,1,1.0,2.0,75110,M,4888192.0,235103.0,75
201800051534,18,7,18,1750,1,2,1,1.0,6.0,75110,M,4888053.0,235368.0,75
201800051535,18,7,20,1815,1,2,1,2.0,6.0,75110,M,4888279.0,236704.0,75
201800051536,18,7,21,951,1,2,3,1.0,3.0,75110,M,4887598.0,236050.0,75
201800051537,18,7,23,736,1,2,1,1.0,6.0,75110,M,4887432.0,235806.0,75
201800051538,18,7,24,1243,1,2,3,1.0,6.0,75110,M,,,75
201800051539,18,7,26,2125,5,2,1,1.0,6.0,75110,M,,,75
201800051540,18,7,28,400,5,2,1,1.0,2.0,75110,M,4886000.0,228000.0,75
201800051541,18,8,2,1645,1,2,2,7.0,3.0,75110,M,4886934.0,235453.0,75
201800051542,18,8,3,1150,1,2,1,1.0,6.0,75110,M,4887453.0,237387.0,75
201800051543,18,8,4,1510,1,2,3,1.0,3.0,75110,M,4887781.0,236170.0,75
201800051544,18,8,5,1100,1,2,1,1.0,3.0,75110,M,4887883.0,236943.0,75
201800051545,18,8,10,200,5,2,2,1.0,5.0,75110,M,4888118.0,236474.0,75
201800051546,18,8,18,1750,1,2,2,7.0,6.0,75110,M,4887651.0,237046.0,75
201800051547,18,8,19,1000,1,2,3,1.0,6.0,75110,M,4888251.0,236883.0,75
201800051548,18,8,21,2320,5,2,1,1.0,2.0,75110,M,4887768.0,235491.0,75
201800051549,18,8,23,1330,1,2,2,1.0,6.0,75110,M,4887224.0,235599.0,75
201800051550,18,8,24,20,5,2,1,2.0,6.0,75110,M,4887715.0,235503.0,75
201800051551,18,8,24,145,5,2,1,2.0,6.0,75110,M,4887344.0,235882.0,75
201800051552,18,8,27,2220,5,2,1,1.0,3.0,75110,M,4888645.0,235109.0,75
201800051553,18,8,28,1700,1,2,2,1.0,6.0,75110,M,4887803.0,235112.0,75
201800051554,18,8,31,1820,1,2,7,1.0,6.0,75110,M,4887989.0,236384.0,75
201800051555,18,9,2,1445,1,2,4,1.0,6.0,75110,M,4887562.0,235654.0,75
201800051556,18,9,5,1730,1,2,1,1.0,4.0,75110,M,4887028.0,236571.0,75
201800051557,18,9,5,1845,1,2,2,1.0,6.0,75110,M,4888115.0,236482.0,75
201800051558,18,9,5,2040,3,2,2,1.0,6.0,75110,M,4887380.0,235930.0,75
201800051559,18,9,6,1055,1,2,2,1.0,6.0,75110,M,4887893.0,235636.0,75
201800051560,18,9,7,1730,1,2,2,1.0,6.0,75110,M,4886600.0,233300.0,75
201800051561,18,9,8,1820,1,2,1,1.0,6.0,75110,M,,,75
201800051562,18,9,9,1510,1,2,1,1.0,6.0,75110,M,4887306.0,237988.0,75
201800051563,18,9,12,1200,1,2,1,1.0,6.0,75110,M,4887196.0,236634.0,75
201800051564,18,9,13,1950,2,2,3,8.0,2.0,75110,M,4887280.0,235871.0,75
201800051565,18,9,14,2220,5,2,1,1.0,6.0,75110,M,4888144.0,236434.0,75
201800051566,18,9,15,130,5,2,3,1.0,7.0,75110,M,4887600.0,235820.0,75
201800051567,18,9,17,1557,1,2,2,1.0,3.0,75110,M,4886883.0,236778.0,75
201800051568,18,9,17,1915,1,2,1,1.0,6.0,75110,M,4888000.0,236000.0,75
201800051569,18,9,18,1100,1,2,2,1.0,5.0,75110,M,4887302.0,236353.0,75
201800051570,18,9,18,1005,1,2,1,9.0,6.0,75110,M,4887632.0,235903.0,75
201800051571,18,9,22,1420,1,2,1,2.0,3.0,75110,M,4887157.0,235578.0,75
201800051572,18,9,22,1540,1,2,2,2.0,6.0,75110,M,,,75
201800051573,18,9,25,2230,5,2,2,1.0,3.0,75110,M,4888106.0,236520.0,75
201800051574,18,9,26,1605,1,2,5,1.0,3.0,75110,M,4887628.0,235636.0,75
201800051575,18,9,27,1620,1,2,2,1.0,3.0,75110,M,4887518.0,235939.0,75
201800051576,18,9,28,130,5,2,2,1.0,6.0,75110,M,4885661.0,235222.0,75
201800051577,18,9,30,1505,1,2,1,1.0,6.0,75110,M,4888229.0,236270.0,75
201800051578,18,10,1,2320,5,2,2,1.0,2.0,75110,M,4888365.0,235007.0,75
201800051579,18,10,3,107,5,2,2,1.0,6.0,75110,M,4887418.0,235825.0,75
201800051580,18,10,3,1710,1,2,2,1.0,6.0,75110,M,4887948.0,236244.0,75
201800051581,18,10,6,905,1,2,2,1.0,6.0,75110,M,4887186.0,235710.0,75
201800051582,18,10,6,1645,1,2,2,1.0,3.0,75110,M,,,75
201800051583,18,10,7,2155,5,2,3,1.0,2.0,75110,M,4888043.0,236413.0,75
201800051584,18,10,9,1315,1,2,2,1.0,6.0,75110,M,4887236.0,235593.0,75
201800051585,18,10,11,2215,5,2,3,2.0,6.0,75110,M,4887924.0,235364.0,75
201800051586,18,10,14,1650,1,2,1,1.0,6.0,75110,M,4887397.0,236295.0,75
201800051587,18,10,15,808,1,2,5,1.0,6.0,75110,M,4887000.0,236000.0,75
201800051588,18,10,17,825,1,2,3,1.0,1.0,75110,M,4888420.0,236681.0,75
201800051589,18,10,18,2005,5,2,3,1.0,3.0,75110,M,4887540.0,236002.0,75
201800051590,18,10,20,1405,1,2,2,1.0,6.0,75110,M,4887771.0,236237.0,75
201800051591,18,10,21,2100,5,2,3,1.0,3.0,75110,M,4887000.0,235000.0,75
201800051592,18,10,23,1130,1,2,3,1.0,3.0,75110,M,4887334.0,235887.0,75
201800051593,18,10,27,650,5,2,3,1.0,6.0,75110,M,4887000.0,234000.0,75
201800051594,18,10,27,1745,1,2,1,1.0,6.0,75110,M,4887534.0,236198.0,75
201800051595,18,10,28,1850,5,2,2,1.0,6.0,75110,M,4888095.0,235105.0,75
201800051596,18,10,29,1835,4,2,2,1.0,6.0,75110,M,,,75
201800051597,18,10,30,1600,1,2,1,1.0,6.0,75110,M,4887547.0,234966.0,75
201800051598,18,10,30,1635,1,2,3,8.0,3.0,75110,M,4887649.0,236557.0,75
201800051599,18,11,2,1440,1,2,2,1.0,6.0,75110,M,4887893.0,235343.0,75
201800051600,18,11,2,1420,1,2,7,1.0,3.0,75110,M,4888580.0,236879.0,75
201800051601,18,11,3,325,5,2,4,1.0,3.0,75110,M,4887672.0,235574.0,75
201800051602,18,11,7,925,1,2,4,2.0,6.0,75110,M,4888176.0,236513.0,75
201800051603,18,11,6,2100,5,2,3,1.0,3.0,75110,M,4888000.0,236000.0,75
201800051604,18,11,7,1525,1,2,3,8.0,3.0,75110,M,4887314.0,235637.0,75
201800051605,18,11,9,1500,1,2,1,1.0,3.0,75110,M,4886272.0,228759.0,75
201800051606,18,11,10,950,1,2,2,2.0,6.0,75110,M,4888421.0,236451.0,75
201800051607,18,11,10,2145,5,2,4,2.0,6.0,75110,M,4888143.0,235117.0,75
201800051608,18,11,13,1530,1,2,1,1.0,6.0,75110,M,4887587.0,237246.0,75
201800051609,18,11,14,1842,5,2,2,1.0,6.0,75110,M,4888117.0,236510.0,75
201800051610,18,11,16,1015,1,2,1,1.0,6.0,75110,M,4887856.0,236705.0,75
201800051611,18,11,19,1510,1,2,1,1.0,3.0,75110,M,,,75
201800051612,18,11,19,1645,2,2,2,1.0,3.0,75110,M,4886947.0,235393.0,75
201800051613,18,11,20,940,1,2,3,2.0,6.0,75110,M,4888000.0,236000.0,75
201800051614,18,11,23,2120,5,2,1,2.0,6.0,75110,M,4888418.0,236394.0,75
201800051615,18,11,25,250,3,2,2,1.0,1.0,75110,M,4887131.0,237003.0,75
201800051616,18,11,26,1020,1,2,1,2.0,3.0,75110,M,4887567.0,236441.0,75
201800051617,18,11,27,1840,5,2,2,2.0,6.0,75110,M,4888050.0,236200.0,75
201800051618,18,11,30,1110,1,2,2,8.0,6.0,75110,M,4887586.0,236700.0,75
201800051619,18,11,30,1955,5,2,3,1.0,2.0,75110,M,4880294.0,248542.0,75
201800051620,18,12,3,1905,5,2,7,2.0,6.0,75110,M,4888376.0,236853.0,75
201800051621,18,12,4,1400,1,2,1,1.0,6.0,75110,M,4888382.0,235324.0,75
201800051622,18,12,12,310,5,2,4,1.0,7.0,75110,M,4888242.0,236905.0,75
201800051623,18,12,12,1940,5,2,3,1.0,6.0,75110,M,4886700.0,233333.0,75
201800051624,18,12,12,2319,5,2,1,1.0,6.0,75110,M,4887824.0,235256.0,75
201800051625,18,12,19,1340,1,2,3,8.0,1.0,75110,M,4887869.0,236623.0,75
201800051626,18,12,20,910,1,2,2,1.0,3.0,75110,M,4887775.0,236400.0,75
201800051627,18,12,21,2200,5,2,1,2.0,6.0,75110,M,4888107.0,235204.0,75
201800051628,18,12,23,1730,5,2,2,2.0,6.0,75110,M,4887000.0,236000.0,75
201800051629,18,12,24,1145,1,2,1,9.0,3.0,75110,M,,,75
201800051630,18,12,26,1035,2,2,2,1.0,6.0,75110,M,4887534.0,235714.0,75
201800051631,18,1,1,1530,1,2,2,2.0,3.0,75111,M,4885540.0,238423.0,75
201800051632,18,1,1,130,5,2,3,1.0,6.0,75111,M,4886270.0,237960.0,75
201800051633,18,1,5,935,1,2,2,8.0,3.0,75111,M,4885030.0,239259.0,75
201800051634,18,1,6,1330,1,2,2,1.0,3.0,75111,M,4885360.0,239266.0,75
201800051635,18,1,8,2020,5,2,2,1.0,6.0,75111,M,4886610.0,237014.0,75
201800051636,18,1,11,1500,1,2,1,1.0,3.0,75111,M,4886130.0,238178.0,75
201800051637,18,1,16,1630,1,2,2,3.0,2.0,75111,M,4885070.0,239447.0,75
201800051638,18,1,17,900,1,2,1,2.0,3.0,75111,M,4886480.0,237701.0,75
201800051639,18,1,18,1730,2,2,5,1.0,7.0,75111,M,4886290.0,238742.0,75
201800051640,18,1,19,950,1,2,7,2.0,7.0,75111,M,4884840.0,239670.0,75
201800051641,18,1,19,1150,1,2,2,1.0,7.0,75111,M,4885250.0,238319.0,75
201800051642,18,1,20,2340,5,2,2,1.0,6.0,75111,M,4884940.0,239531.0,75
201800051643,18,1,25,200,5,2,1,2.0,2.0,75111,M,4885390.0,238668.0,75
201800051644,18,1,25,1500,1,2,2,2.0,3.0,75111,M,4886310.0,237131.0,75
201800051645,18,1,27,1550,1,2,2,1.0,6.0,75111,M,4885470.0,238535.0,75
201800051646,18,1,30,800,2,2,2,1.0,3.0,75111,M,4885070.0,239447.0,75
201800051647,18,1,30,1100,1,2,1,1.0,3.0,75111,M,4886580.0,237412.0,75
201800051648,18,1,31,1005,1,2,2,2.0,6.0,75111,M,4885250.0,237678.0,75
201800051649,18,2,1,925,1,2,4,2.0,3.0,75111,M,4884970.0,238732.0,75
201800051650,18,2,1,1020,1,2,2,1.0,6.0,75111,M,4885460.0,237800.0,75
201800051651,18,2,1,1300,1,2,3,8.0,3.0,75111,M,4886400.0,237549.0,75