Num_Acc,an,mois,jour,hrmn,lum,agg,int,atm,col,com,gps,lat,long,dep
201800051652,18,2,1,1300,1,2,2,1.0,3.0,75111,M,4886190.0,237209.0,75
201800051653,18,2,2,1510,1,2,2,1.0,3.0,75111,M,4885980.0,237685.0,75
201800051654,18,2,2,1650,1,2,2,1.0,3.0,75111,M,4885980.0,237685.0,75
201800051655,18,2,3,2330,5,2,2,2.0,6.0,75111,M,4886620.0,236963.0,75
201800051656,18,2,10,1450,1,2,1,1.0,7.0,75111,M,4886580.0,238397.0,75
201800051657,18,2,11,130,5,2,1,2.0,6.0,75111,M,4886750.0,237524.0,75
201800051658,18,2,13,1540,1,2,3,1.0,3.0,75111,M,4885870.0,238431.0,75
201800051659,18,2,14,915,1,2,3,1.0,3.0,75111,M,4885230.0,237234.0,75
201800051660,18,2,15,1155,1,2,4,3.0,6.0,75111,M,4885670.0,238199.0,75
201800051661,18,2,16,955,1,2,3,1.0,6.0,75111,M,4885280.0,237447.0,75
201800051662,18,2,16,2110,5,2,2,1.0,6.0,75111,M,4886670.0,236709.0,75
201800051663,18,2,17,2030,5,2,3,1.0,3.0,75111,M,4886310.0,237616.0,75
201800051664,18,2,19,1800,2,2,2,2.0,3.0,75111,M,4886470.0,238294.0,75
201800051665,18,2,20,1250,1,2,2,1.0,3.0,75111,M,4886640.0,238022.0,75
201800051666,18,2,20,1540,1,2,1,1.0,2.0,75111,M,4886340.0,238445.0,75
201800051667,18,2,21,1930,5,2,7,1.0,6.0,75111,M,4885830.0,237933.0,75
201800051668,18,2,23,1510,1,2,2,6.0,6.0,75111,M,4886400.0,237068.0,75
201800051669,18,2,25,1610,1,2,3,1.0,2.0,75111,M,4885760.0,236804.0,75
201800051670,18,2,25,2114,5,2,1,1.0,6.0,75111,M,4885310.0,239031.0,75
201800051671,18,2,26,950,1,2,1,1.0,3.0,75111,M,4886430.0,237525.0,75
201800051672,18,2,27,915,1,2,1,1.0,3.0,75111,M,4885470.0,237014.0,75
201800051673,18,3,3,1410,1,2,2,1.0,6.0,75111,M,4886200.0,237698.0,75
201800051674,18,3,5,1435,1,2,1,1.0,3.0,75111,M,4884990.0,238617.0,75
201800051675,18,3,6,1857,5,2,2,2.0,6.0,75111,M,4886520.0,236773.0,75
201800051676,18,3,12,940,1,2,1,1.0,3.0,75111,M,4886500.0,236561.0,75
201800051677,18,3,14,1835,5,2,2,1.0,3.0,75111,M,4886030.0,237856.0,75
201800051678,18,3,15,1200,1,2,2,1.0,6.0,75111,M,4885130.0,237612.0,75
201800051679,18,3,20,930,1,2,4,1.0,3.0,75111,M,4885670.0,237922.0,75
201800051680,18,3,21,1200,1,2,1,1.0,3.0,75111,M,4886630.0,237374.0,75
201800051681,18,3,22,1030,1,2,3,1.0,2.0,75111,M,4885400.0,238226.0,75
201800051682,18,3,25,1915,1,2,2,1.0,2.0,75111,M,4886200.0,237698.0,75
201800051683,18,3,25,2150,5,2,2,1.0,2.0,75111,M,4885850.0,238366.0,75
201800051684,18,3,27,1225,1,2,3,2.0,3.0,75111,M,4886400.0,237549.0,75
201800051685,18,3,28,1640,1,2,2,8.0,6.0,75111,M,4886640.0,238022.0,75
201800051686,18,3,29,1845,1,2,2,2.0,3.0,75111,M,4885030.0,239259.0,75
201800051687,18,3,30,2345,5,2,2,1.0,3.0,75111,M,4885470.0,238535.0,75
201800051688,18,3,31,225,5,2,2,1.0,5.0,75111,M,4885580.0,239130.0,75
201800051689,18,4,1,435,5,2,1,1.0,6.0,75111,M,4886650.0,237271.0,75
201800051690,18,4,3,2210,5,2,2,1.0,3.0,75111,M,4885930.0,238685.0,75
201800051691,18,4,4,1130,1,2,1,1.0,6.0,75111,M,4885500.0,238360.0,75
201800051692,18,4,5,950,1,2,2,2.0,3.0,75111,M,4886880.0,237629.0,75
201800051693,18,4,6,1810,1,2,1,1.0,3.0,75111,M,4886170.0,238299.0,75
201800051694,18,4,7,1955,2,2,2,1.0,6.0,75111,M,4886230.0,238515.0,75
201800051695,18,4,8,530,5,2,3,1.0,6.0,75111,M,4886310.0,237616.0,75
201800051696,18,4,10,2025,5,2,3,1.0,6.0,75111,M,4886100.0,237475.0,75
201800051697,18,4,12,940,1,2,3,8.0,6.0,75111,M,4886170.0,237442.0,75
201800051698,18,4,12,1240,1,2,2,1.0,6.0,75111,M,4885070.0,239447.0,75
201800051699,18,4,13,1215,1,2,7,1.0,6.0,75111,M,4886670.0,236518.0,75
201800051700,18,4,15,130,5,2,2,1.0,3.0,75111,M,4886160.0,237732.0,75
201800051701,18,4,16,1945,2,2,4,1.0,3.0,75111,M,4886570.0,237246.0,75
201800051702,18,4,17,920,1,2,3,1.0,3.0,75111,M,4886650.0,236813.0,75
201800051703,18,4,19,1720,1,2,7,1.0,6.0,75111,M,4886290.0,238742.0,75
201800051704,18,4,20,1400,1,2,1,1.0,3.0,75111,M,4886170.0,237216.0,75
201800051705,18,4,20,2245,5,2,2,1.0,6.0,75111,M,4885580.0,239130.0,75
201800051706,18,4,22,1450,1,2,7,1.0,6.0,75111,M,4885850.0,238021.0,75
201800051707,18,4,22,2015,2,2,2,1.0,3.0,75111,M,4885070.0,239447.0,75
201800051708,18,4,23,2215,5,2,5,1.0,6.0,75111,M,4886510.0,237468.0,75
201800051709,18,4,24,1240,1,2,2,1.0,7.0,75111,M,4885210.0,238958.0,75
201800051710,18,4,24,2010,1,2,1,1.0,7.0,75111,M,4886620.0,237970.0,75
201800051711,18,4,27,1724,1,2,2,1.0,6.0,75111,M,4885470.0,238535.0,75
201800051712,18,4,27,1730,1,2,3,1.0,3.0,75111,M,4886530.0,238453.0,75
201800051713,18,4,28,2240,5,2,2,1.0,2.0,75111,M,4885930.0,238685.0,75
201800051714,18,5,2,1345,1,2,3,1.0,5.0,75111,M,4885230.0,239344.0,75
201800051715,18,5,2,2300,5,2,2,1.0,6.0,75111,M,4885470.0,238535.0,75
201800051716,18,5,4,1545,1,2,2,1.0,6.0,75111,M,4885810.0,237164.0,75
201800051717,18,5,6,1440,1,2,1,1.0,3.0,75111,M,4886570.0,237422.0,75
201800051718,18,5,7,1830,1,2,1,1.0,2.0,75111,M,4885050.0,238330.0,75
201800051719,18,5,9,1810,1,2,1,1.0,6.0,75111,M,4885470.0,236874.0,75
201800051720,18,5,9,2015,2,2,5,1.0,6.0,75111,M,4886220.0,237277.0,75
201800051721,18,5,11,1050,1,2,1,1.0,2.0,75111,M,4886640.0,237365.0,75
201800051722,18,5,11,1700,1,2,7,1.0,3.0,75111,M,4885770.0,238038.0,75
201800051723,18,5,11,1640,1,2,3,1.0,3.0,75111,M,4886360.0,238335.0,75
201800051724,18,5,15,1920,1,2,2,1.0,6.0,75110,M,4887000.0,237099.0,75
201800051725,18,5,16,1415,1,2,2,1.0,3.0,75111,M,4886630.0,236884.0,75
201800051726,18,5,18,2250,5,2,5,1.0,6.0,75111,M,4885010.0,238430.0,75
201800051727,18,5,19,2240,5,2,5,1.0,2.0,75111,M,4885650.0,239423.0,75
201800051728,18,5,20,1905,1,2,4,1.0,3.0,75111,M,4886650.0,236813.0,75
201800051729,18,5,23,855,1,2,1,1.0,3.0,75111,M,4886380.0,237563.0,75
201800051730,18,5,24,1019,1,2,4,1.0,2.0,75111,M,4886070.0,236729.0,75
201800051731,18,5,24,950,1,2,4,1.0,6.0,75111,M,4885460.0,237800.0,75
201800051732,18,5,25,1505,1,2,3,1.0,3.0,75111,M,4885100.0,237714.0,75
201800051733,18,5,25,2200,5,2,2,3.0,7.0,75111,M,4885650.0,239423.0,75
201800051734,18,5,26,1030,1,2,3,1.0,6.0,75111,M,4885200.0,237342.0,75
201800051735,18,5,28,1925,2,2,1,3.0,6.0,75111,M,4885120.0,237655.0,75
201800051736,18,5,29,1000,1,2,2,8.0,6.0,75111,M,4886530.0,237452.0,75
201800051737,18,5,30,1122,1,2,2,8.0,3.0,75111,M,4885800.0,238147.0,75
201800051738,18,6,1,1130,1,2,1,1.0,3.0,75111,M,4885110.0,239747.0,75
201800051739,18,6,3,1155,1,2,2,1.0,6.0,75103,M,4885570.0,236848.0,75
201800051740,18,6,4,1840,1,2,2,1.0,3.0,75111,M,4885510.0,238712.0,75
201800051741,18,6,5,1615,1,2,1,1.0,2.0,75111,M,4885680.0,237110.0,75
201800051742,18,6,6,2010,1,2,2,2.0,3.0,75111,M,4885940.0,237584.0,75
201800051743,18,6,6,2140,4,2,3,2.0,6.0,75111,M,4886830.0,238135.0,75
201800051744,18,6,7,1055,1,2,2,1.0,3.0,75111,M,4886630.0,236884.0,75
201800051745,18,6,7,2020,1,2,2,1.0,6.0,75111,M,4885380.0,239387.0,75
201800051746,18,6,8,1554,1,2,1,1.0,2.0,75111,M,4885390.0,237761.0,75
201800051747,18,6,11,1615,1,2,4,2.0,7.0,75103,M,4886140.0,236714.0,75
201800051748,18,6,14,1800,1,2,2,1.0,6.0,75111,M,4886420.0,237113.0,75
201800051749,18,6,14,2030,2,2,7,8.0,6.0,75111,M,4885790.0,238104.0,75
201800051750,18,6,16,1915,1,2,2,1.0,3.0,75111,M,4887000.0,237908.0,75
201800051751,18,6,13,1530,1,2,1,1.0,6.0,75111,M,4886430.0,237314.0,75
201800051752,18,6,12,1950,1,2,1,1.0,6.0,75111,M,4885600.0,237579.0,75
201800051753,18,6,17,953,1,2,1,1.0,3.0,75111,M,4885250.0,237421.0,75
201800051754,18,6,11,935,1,2,3,2.0,7.0,75111,M,4885250.0,237678.0,75
201800051755,18,6,11,2055,1,2,2,1.0,3.0,75111,M,4886840.0,237488.0,75
201800051756,18,6,19,1400,1,2,5,1.0,3.0,75111,M,4886400.0,238129.0,75
201800051757,18,6,19,1655,1,2,1,1.0,6.0,75111,M,4885210.0,237654.0,75
201800051758,18,6,21,830,1,2,3,1.0,1.0,75111,M,4885880.0,238460.0,75
201800051759,18,6,21,2135,2,2,1,1.0,3.0,75111,M,4885360.0,238716.0,75
201800051760,18,6,23,10,5,2,2,1.0,3.0,75111,M,4886840.0,237488.0,75
201800051761,18,6,23,1435,1,2,7,1.0,6.0,75111,M,4885830.0,237933.0,75
201800051762,18,6,26,1005,1,2,1,1.0,2.0,75111,M,4885960.0,237912.0,75
201800051763,18,6,25,2050,1,2,2,1.0,3.0,75111,M,4885720.0,237278.0,75
201800051764,18,6,26,1805,1,2,2,1.0,3.0,75111,M,4885510.0,238712.0,75
201800051765,18,6,27,1530,1,2,4,1.0,6.0,75111,M,4886220.0,237277.0,75
201800051766,18,6,28,925,1,2,2,1.0,3.0,75111,M,4886620.0,236963.0,75
201800051767,18,6,28,1525,1,2,2,1.0,3.0,75111,M,4884910.0,239703.0,75
201800051768,18,6,28,1720,1,2,2,1.0,3.0,75111,M,4885980.0,237685.0,75
201800051769,18,7,1,1515,1,2,2,1.0,2.0,75111,M,4885840.0,238940.0,75
201800051770,18,7,2,1900,1,2,2,1.0,3.0,75111,M,4885290.0,238851.0,75
201800051771,18,7,3,1204,1,2,5,1.0,6.0,75111,M,4886290.0,238742.0,75
201800051772,18,7,4,320,5,2,1,1.0,6.0,75111,M,4885340.0,237476.0,75
201800051773,18,7,5,2310,5,2,2,1.0,6.0,75111,M,4885600.0,238625.0,75
201800051774,18,7,6,1510,1,2,2,1.0,3.0,75111,M,4885810.0,237164.0,75
201800051775,18,7,8,1350,1,2,2,1.0,3.0,75111,M,4886070.0,237525.0,75
201800051776,18,7,9,1418,1,2,7,1.0,2.0,75111,M,4884890.0,239606.0,75
201800051777,18,7,9,2000,1,2,2,1.0,6.0,75111,M,4886440.0,236901.0,75
201800051778,18,7,10,2025,1,2,2,1.0,6.0,75111,M,4884850.0,239747.0,75
201800051779,18,7,11,2210,5,2,1,1.0,2.0,75111,M,4886550.0,238422.0,75
201800051780,18,7,12,1949,1,2,1,1.0,1.0,75111,M,4885630.0,237820.0,75
201800051781,18,7,13,1840,1,2,1,1.0,7.0,75111,M,4885950.0,237920.0,75
201800051782,18,7,15,110,5,2,4,1.0,6.0,75111,M,4885290.0,238851.0,75
201800051783,18,7,16,1500,1,2,1,1.0,2.0,75111,M,4885020.0,239478.0,75
201800051784,18,7,19,745,1,2,2,1.0,3.0,75111,M,4886510.0,236701.0,75
201800051785,18,7,26,930,1,2,2,1.0,3.0,75111,M,4886200.0,237644.0,75
201800051786,18,7,26,1310,1,2,1,1.0,6.0,75111,M,,,75
201800051787,18,7,27,1045,1,2,3,1.0,3.0,75111,M,4886000.0,238000.0,75
201800051788,18,7,31,1315,1,2,4,1.0,3.0,75111,M,4885863.0,238338.0,75
201800051789,18,8,2,1900,1,2,2,1.0,2.0,75111,M,4886507.0,237482.0,75
201800051790,18,8,3,38,5,2,6,1.0,3.0,75111,M,4885700.0,238000.0,75
201800051791,18,8,3,800,1,2,2,1.0,3.0,75111,M,4886416.0,238153.0,75
201800051792,18,8,6,2055,2,2,2,1.0,6.0,75111,M,4885988.0,238878.0,75
201800051793,18,8,8,35,5,2,7,1.0,6.0,75111,M,4886700.0,236625.0,75
201800051794,18,8,12,915,1,2,2,1.0,6.0,75111,M,4886494.0,237496.0,75
201800051795,18,8,12,1930,1,2,3,1.0,7.0,75111,M,4886627.0,236843.0,75
201800051796,18,8,19,1338,1,2,4,1.0,6.0,75111,M,4885054.0,238007.0,75
201800051797,18,8,24,1545,1,2,1,1.0,2.0,75111,M,4885239.0,237219.0,75
201800051798,18,8,27,920,1,2,3,8.0,7.0,75111,M,4885938.0,236790.0,75
201800051799,18,8,28,215,5,2,1,1.0,2.0,75111,M,4851000.0,221000.0,75
201800051800,18,9,3,1615,1,2,3,1.0,6.0,75111,M,4885374.0,237251.0,75
201800051801,18,9,3,1810,1,2,2,1.0,5.0,75111,M,4886669.0,236845.0,75
201800051802,18,9,3,2140,5,2,7,1.0,3.0,75111,M,4885788.0,238039.0,75
201800051803,18,9,3,2249,5,2,2,1.0,3.0,75111,M,4886450.0,237304.0,75
201800051804,18,9,6,1025,1,2,2,1.0,6.0,75111,M,,,75
201800051805,18,9,7,1000,1,2,7,2.0,3.0,75111,M,4884888.0,239746.0,75
201800051806,18,9,12,1345,1,2,1,1.0,6.0,75111,M,4886152.0,237424.0,75
201800051807,18,9,13,1345,1,2,7,8.0,6.0,75111,M,4885300.0,236960.0,75
201800051808,18,9,13,1925,2,2,2,1.0,6.0,75111,M,4885570.0,237851.0,75
201800051809,18,9,14,1850,1,2,1,1.0,6.0,75111,M,,,75
201800051810,18,9,14,2245,5,2,1,1.0,6.0,75111,M,,,75
201800051811,18,9,17,1640,1,2,2,1.0,3.0,75111,M,4886000.0,228000.0,75
201800051812,18,9,19,1230,1,2,4,1.0,3.0,75111,M,4885800.0,237125.0,75
201800051813,18,9,20,10,5,2,1,1.0,6.0,75111,M,4885249.0,237181.0,75
201800051814,18,9,21,1804,1,2,3,1.0,2.0,75111,M,4884920.0,239020.0,75
201800051815,18,9,22,2000,4,2,1,2.0,6.0,75111,M,4885636.0,239098.0,75
201800051816,18,9,23,510,5,2,3,2.0,6.0,75111,M,4886345.0,238325.0,75
201800051817,18,9,23,2200,5,2,4,1.0,6.0,75111,M,4886319.0,238497.0,75
201800051818,18,9,27,1640,1,2,1,1.0,6.0,75111,M,4885719.0,239279.0,75
201800051819,18,9,29,2045,5,2,7,1.0,6.0,75120,M,,,75
201800051820,18,10,1,1405,1,2,7,1.0,3.0,75111,M,4884900.0,239500.0,75
201800051821,18,10,2,1845,5,2,2,2.0,3.0,75112,M,4884801.0,237169.0,75
201800051822,18,10,3,2030,5,2,2,1.0,3.0,75111,M,4887065.0,237802.0,75
201800051823,18,10,4,1050,1,2,1,1.0,6.0,75111,M,4885489.0,238577.0,75
201800051824,18,10,4,1325,1,2,3,1.0,7.0,75111,M,4886914.0,237185.0,75
201800051825,18,10,7,1140,1,2,7,2.0,6.0,75111,M,4805769.0,238089.0,75
201800051826,18,10,7,1310,1,2,3,2.0,3.0,75111,M,4886383.0,237549.0,75
201800051827,18,10,7,1830,1,2,2,8.0,6.0,75111,M,4885987.0,237643.0,75
201800051828,18,10,8,850,1,2,2,1.0,6.0,75111,M,4886490.0,237470.0,75
201800051829,18,10,8,1820,1,2,3,1.0,7.0,75111,M,4885546.0,238991.0,75
201800051830,18,10,9,1750,1,2,3,1.0,3.0,75111,M,4886640.0,236485.0,75
201800051831,18,10,11,1430,1,2,1,1.0,6.0,75111,M,4886000.0,234000.0,75
201800051832,18,10,12,1345,1,2,3,8.0,6.0,75111,M,4886614.0,237909.0,75
201800051833,18,10,15,4,5,2,2,1.0,6.0,75111,M,4886046.0,238330.0,75
201800051834,18,10,15,1035,1,2,2,1.0,6.0,75111,M,4885719.0,239279.0,75
201800051835,18,10,15,1250,1,2,5,1.0,6.0,75111,M,4886000.0,233000.0,75
201800051836,18,10,17,830,1,2,3,1.0,3.0,75111,M,4886000.0,233000.0,75
201800051837,18,10,17,1640,1,2,2,1.0,2.0,75111,M,4885591.0,237845.0,75
201800051838,18,10,17,2020,5,2,2,1.0,3.0,75111,M,4885248.0,238914.0,75
201800051839,18,10,18,1240,1,2,1,1.0,6.0,75111,M,4886272.0,228759.0,75
201800051840,18,10,18,1613,1,2,3,1.0,3.0,75111,M,4886388.0,237575.0,75
201800051841,18,10,19,920,1,2,1,8.0,3.0,75111,M,4886500.0,237000.0,75
201800051842,18,10,21,5,5,2,2,1.0,3.0,75111,M,4887117.0,237666.0,75
201800051843,18,10,24,1520,1,2,1,1.0,3.0,75111,M,4885340.0,234880.0,75
201800051844,18,10,29,2025,5,2,5,8.0,6.0,75111,M,4885787.0,237126.0,75
201800051845,18,10,31,845,1,2,1,1.0,6.0,75111,M,4885485.0,238572.0,75
201800051846,18,11,1,2010,5,2,3,8.0,3.0,75111,M,4885881.0,237949.0,75
201800051847,18,11,2,1650,1,2,3,1.0,7.0,75111,M,4885340.0,234880.0,75
201800051848,18,11,3,1400,1,2,7,1.0,3.0,75111,M,4885337.0,236935.0,75
201800051849,18,11,3,2110,5,2,3,1.0,6.0,75111,M,4886248.0,237990.0,75
201800051850,18,11,4,1745,2,2,2,1.0,6.0,75111,M,4885630.0,239399.0,75
201800051851,18,11,7,910,1,2,3,2.0,3.0,75111,M,4886374.0,238232.0,75
201800051852,18,11,7,950,1,2,3,2.0,6.0,75111,M,4886610.0,236625.0,75
201800051853,18,11,7,1405,1,2,2,2.0,6.0,75111,M,4886000.0,237000.0,75
201800051854,18,11,7,1400,1,2,2,2.0,7.0,75111,M,4886473.0,237835.0,75
201800051855,18,11,8,1000,1,2,7,1.0,6.0,75111,M,4886738.0,236525.0,75
201800051856,18,11,9,1650,1,2,2,1.0,6.0,75111,M,4885900.0,234800.0,75
201800051857,18,11,9,2205,5,2,2,1.0,6.0,75111,M,4886440.0,236901.0,75
201800051858,18,11,13,1220,1,2,3,1.0,5.0,75111,M,4886143.0,238096.0,75
201800051859,18,11,13,1540,1,2,3,1.0,6.0,75111,M,4886038.0,239259.0,75
201800051860,18,11,13,2030,5,2,3,1.0,3.0,75111,M,4885919.0,238291.0,75
201800051861,18,11,13,525,5,2,2,1.0,3.0,75111,M,4886252.0,236701.0,75
201800051862,18,11,14,1430,1,2,2,1.0,3.0,75111,M,4885257.0,237418.0,75
201800051863,18,11,18,1300,1,2,2,8.0,6.0,75111,M,4885865.0,237844.0,75
201800051864,18,11,18,1445,1,2,4,1.0,7.0,75111,M,4886068.0,237556.0,75
201800051865,18,11,19,1720,5,2,1,2.0,6.0,75111,M,4886297.0,238588.0,75
201800051866,18,11,17,2130,5,2,5,1.0,3.0,75111,M,4885042.0,238648.0,75
201800051867,18,11,20,2135,5,2,3,8.0,3.0,75111,M,4885565.0,239009.0,75
201800051868,18,11,21,1450,1,2,1,1.0,6.0,75111,M,4886578.0,236904.0,75
201800051869,18,11,22,800,1,2,3,5.0,2.0,75111,M,4885000.0,234000.0,75
201800051870,18,11,23,1154,1,2,1,1.0,6.0,75111,M,4886000.0,228000.0,75
201800051871,18,11,25,500,5,2,3,2.0,3.0,75111,M,4885000.0,238200.0,75
201800051872,18,11,26,825,1,2,2,8.0,6.0,75111,M,4886386.0,237034.0,75
201800051873,18,11,26,1545,1,2,2,2.0,6.0,75111,M,4886466.0,236584.0,75
201800051874,18,11,26,1745,5,2,2,2.0,6.0,75111,M,4885035.0,239303.0,75
201800051875,18,11,27,1725,4,2,3,2.0,2.0,75111,M,4886000.0,227000.0,75
201800051876,18,12,2,105,5,2,3,2.0,6.0,75120,M,4886398.0,239164.0,75
201800051877,18,12,3,1815,5,2,3,2.0,4.0,75111,M,4886302.0,238563.0,75
201800051878,18,12,8,250,5,2,2,1.0,3.0,75111,M,4885260.0,238894.0,75
201800051879,18,12,9,1355,1,2,2,2.0,3.0,75111,M,4886030.0,237870.0,75
201800051880,18,12,10,740,2,2,2,2.0,6.0,75111,M,4886708.0,238316.0,75
201800051881,18,12,12,1200,1,2,2,1.0,3.0,75111,M,4885850.0,238365.0,75
201800051882,18,12,12,1115,1,2,1,1.0,6.0,75111,M,4885427.0,238633.0,75
201800051883,18,12,14,720,5,2,7,1.0,6.0,75111,M,4885000.0,228000.0,75
201800051884,18,12,15,2140,5,2,3,3.0,6.0,75111,M,4886272.0,228759.0,75
201800051885,18,12,16,1715,5,2,3,1.0,2.0,75111,M,4885074.0,237902.0,75
201800051886,18,12,16,2100,5,2,3,1.0,6.0,75111,M,4886486.0,238500.0,75
201800051887,18,12,17,1110,1,2,2,1.0,3.0,75111,M,4885000.0,234000.0,75
201800051888,18,12,17,1905,5,2,1,1.0,7.0,75111,M,4885252.0,237206.0,75
201800051889,18,12,18,2025,5,2,4,1.0,6.0,75111,M,4886669.0,236720.0,75
201800051890,18,12,19,940,1,2,1,1.0,3.0,75111,M,4885211.0,237646.0,75
201800051891,18,12,20,1845,5,2,2,1.0,6.0,75111,M,4886723.0,237327.0,75
201800051892,18,12,20,2320,5,2,2,1.0,6.0,75111,M,4886498.0,36791.0,75
201800051893,18,12,21,310,5,2,7,2.0,7.0,75111,M,4885380.0,236982.0,75
201800051894,18,12,21,1745,5,2,3,1.0,6.0,75111,M,4880000.0,229000.0,75
201800051895,18,12,22,555,5,2,2,1.0,3.0,75111,M,4886423.0,237120.0,75
201800051896,18,12,22,1830,5,2,4,1.0,3.0,75111,M,4885340.0,234880.0,75
201800051897,18,12,23,2125,5,2,3,2.0,2.0,75111,M,4886242.0,236718.0,75
201800051898,18,12,26,1730,5,2,2,1.0,3.0,75111,M,4885948.0,228263.0,75
201800051899,18,12,27,1805,1,2,3,1.0,6.0,75111,M,4885255.0,237411.0,75
201800051900,18,12,27,2100,5,2,2,1.0,6.0,75111,M,4886172.0,237322.0,75
201800051901,18,12,31,1325,1,2,3,1.0,6.0,75112,M,4883020.0,238621.0,75
201800051902,18,1,1,2240,5,2,4,2.0,3.0,75112,M,4884000.0,243217.0,75
201800051903,18,1,5,1450,1,2,1,2.0,6.0,75112,M,4884680.0,241035.0,75
201800051904,18,1,10,330,5,2,2,2.0,3.0,75112,M,4883370.0,238244.0,75
201800051905,18,1,11,1835,2,2,4,1.0,3.0,75112,M,4882810.0,239224.0,75
201800051906,18,1,12,1800,5,2,1,1.0,2.0,75112,M,4883570.0,237938.0,75
201800051907,18,1,13,1015,1,2,4,1.0,2.0,75112,M,4884360.0,237102.0,75
201800051908,18,1,14,1530,1,2,7,1.0,3.0,75112,M,4883550.0,240668.0,75
201800051909,18,1,15,1140,1,2,2,2.0,3.0,75112,M,4881710.0,245896.0,75
201800051910,18,1,16,800,2,2,4,8.0,6.0,75112,M,4884000.0,239174.0,75
201800051911,18,1,16,950,1,2,2,8.0,6.0,75112,M,4884680.0,238170.0,75
201800051912,18,1,18,1750,5,2,3,1.0,7.0,75112,M,4884530.0,237945.0,75
201800051913,18,1,20,1025,1,2,3,2.0,7.0,75112,M,4884600.0,237799.0,75
201800051914,18,1,21,1510,1,2,4,3.0,3.0,75112,M,4882940.0,239032.0,75
201800051915,18,1,22,1000,1,2,1,2.0,6.0,75112,M,4883220.0,240526.0,75
201800051916,18,1,24,1925,5,2,2,1.0,6.0,75112,M,4884430.0,238153.0,75
201800051917,18,1,24,2128,5,2,2,1.0,1.0,75112,M,4884740.0,238675.0,75
201800051918,18,1,25,110,5,2,7,2.0,6.0,75112,M,4885260.0,236962.0,75
201800051919,18,1,25,645,5,2,2,2.0,6.0,75112,M,4884700.0,238376.0,75
201800051920,18,1,25,1930,5,2,3,2.0,6.0,75112,M,4884810.0,236759.0,75
201800051921,18,1,26,710,1,2,4,8.0,6.0,75112,M,4883750.0,245197.0,75
201800051922,18,1,26,2033,5,2,3,1.0,1.0,75112,M,4884440.0,237232.0,75
201800051923,18,1,27,1515,1,2,1,1.0,2.0,75112,M,4884630.0,237216.0,75
201800051924,18,1,27,2008,5,2,1,1.0,6.0,75112,M,4884870.0,239388.0,75
201800051925,18,1,28,1820,5,2,2,1.0,3.0,75112,M,4883370.0,238244.0,75
201800051926,18,1,29,1935,5,2,3,1.0,3.0,75112,M,4884630.0,239443.0,75
201800051927,18,1,30,1735,5,2,1,1.0,3.0,75112,M,4883960.0,238446.0,75
201800051928,18,1,31,1020,1,2,2,2.0,6.0,75112,M,4884100.0,239403.0,75
201800051929,18,1,31,1345,1,2,3,3.0,1.0,75112,M,4884270.0,238979.0,75
201800051930,18,1,31,2015,5,2,2,2.0,3.0,75112,M,4884680.0,238170.0,75
201800051931,18,2,6,1,5,2,3,2.0,6.0,75111,M,4885090.0,239641.0,75
201800051932,18,2,6,835,1,2,1,4.0,2.0,75112,M,4883530.0,244317.0,75
201800051933,18,2,6,1550,1,2,1,4.0,3.0,75112,M,4883040.0,239982.0,75
201800051934,18,2,10,1645,1,2,1,8.0,6.0,75112,M,4884640.0,237835.0,75
201800051935,18,2,10,1825,2,2,1,1.0,6.0,75112,M,4884550.0,240702.0,75
201800051936,18,2,12,550,5,2,7,1.0,7.0,75111,M,4884880.0,239531.0,75
201800051937,18,2,12,810,1,2,7,1.0,7.0,75112,M,4883920.0,239668.0,75
201800051938,18,2,14,1050,1,2,7,1.0,7.0,75112,M,4884820.0,239432.0,75
201800051939,18,2,14,1800,5,2,2,1.0,3.0,75112,M,4884580.0,236760.0,75
201800051940,18,2,15,1445,1,2,4,2.0,6.0,75112,M,4885050.0,237570.0,75
201800051941,18,2,16,850,1,2,3,1.0,3.0,75112,M,4884100.0,239403.0,75
201800051942,18,2,16,1545,1,2,3,1.0,6.0,75112,M,4884330.0,240537.0,75
201800051943,18,2,17,30,5,2,1,1.0,6.0,75112,M,4883400.0,241092.0,75
201800051944,18,2,17,1655,2,2,4,1.0,2.0,75112,M,4882650.0,239046.0,75
201800051945,18,2,18,1520,1,2,1,1.0,3.0,75112,M,4883450.0,238392.0,75
201800051946,18,2,18,1645,1,2,5,7.0,6.0,75112,M,4883550.0,240668.0,75
201800051947,18,2,18,1924,5,2,4,1.0,2.0,75112,M,4882650.0,241972.0,75
201800051948,18,2,20,900,1,2,1,8.0,2.0,75112,M,4883620.0,237883.0,75
201800051949,18,3,2,1005,1,2,3,2.0,6.0,75112,M,4884650.0,237929.0,75
201800051950,18,3,2,1840,5,2,2,1.0,3.0,75112,M,4884540.0,236684.0,75
201800051951,18,3,3,1540,1,2,1,1.0,3.0,75112,M,4883550.0,244298.0,75
201800051952,18,3,8,630,2,2,3,8.0,1.0,75111,M,4885160.0,237480.0,75
201800051953,18,3,9,815,1,2,2,2.0,3.0,75112,M,4884220.0,237635.0,75
201800051954,18,3,9,945,1,2,2,2.0,6.0,75112,M,4884340.0,237071.0,75
201800051955,18,3,9,1346,1,2,7,1.0,6.0,75112,M,4884480.0,238298.0,75
201800051956,18,3,10,1120,1,2,3,2.0,6.0,75112,M,4883270.0,239983.0,75