Num_Acc,an,mois,jour,hrmn,lum,agg,int,atm,col,com,gps,lat,long,dep
201800051957,18,3,11,325,5,2,1,3.0,6.0,75112,M,4885250.0,237178.0,75
201800051958,18,3,12,1615,1,2,3,1.0,6.0,75112,M,4884090.0,237384.0,75
201800051959,18,3,13,1510,1,2,2,1.0,2.0,75112,M,4883710.0,239000.0,75
201800051960,18,3,16,1245,1,2,2,3.0,3.0,75112,M,4883530.0,238537.0,75
201800051961,18,3,17,1634,1,2,2,4.0,3.0,75112,M,4884960.0,237428.0,75
201800051962,18,3,18,1310,1,2,1,1.0,7.0,75112,M,4882810.0,238901.0,75
201800051963,18,3,18,2245,5,2,1,4.0,3.0,75112,M,4885290.0,237097.0,75
201800051964,18,3,19,1650,1,2,1,8.0,6.0,75112,M,4884440.0,243988.0,75
201800051965,18,3,20,1250,1,2,2,1.0,3.0,75112,M,4884650.0,237899.0,75
201800051966,18,3,21,905,1,2,3,1.0,3.0,75112,M,4884870.0,237253.0,75
201800051967,18,3,21,1225,1,2,4,1.0,2.0,75112,M,4883670.0,237816.0,75
201800051968,18,3,23,1930,5,2,2,1.0,3.0,75112,M,4884870.0,237253.0,75
201800051969,18,3,24,1540,1,2,1,1.0,1.0,75112,M,4883090.0,242054.0,75
201800051970,18,3,24,1945,3,2,1,1.0,6.0,75112,M,4884730.0,240420.0,75
201800051971,18,3,25,1945,1,2,4,1.0,3.0,75112,M,4883770.0,238255.0,75
201800051972,18,3,25,2035,5,2,1,1.0,6.0,75112,M,4884700.0,237480.0,75
201800051973,18,3,27,1310,1,2,3,2.0,6.0,75112,M,4884930.0,239008.0,75
201800051974,18,3,27,2340,5,2,4,1.0,3.0,75111,M,4886650.0,236813.0,75
201800051975,18,3,29,815,1,2,7,1.0,6.0,75112,M,4884730.0,239572.0,75
201800051976,18,3,30,1410,1,2,1,8.0,6.0,75112,M,4884570.0,240149.0,75
201800051977,18,3,31,1336,1,2,5,1.0,2.0,75112,M,4884670.0,237201.0,75
201800051978,18,4,1,1620,1,2,2,1.0,6.0,75112,M,4883740.0,239117.0,75
201800051979,18,4,2,2220,5,2,3,2.0,3.0,75112,M,4883590.0,240564.0,75
201800051980,18,4,6,910,1,2,2,1.0,3.0,75112,M,4884340.0,237071.0,75
201800051981,18,4,7,315,5,2,3,1.0,6.0,75112,M,4885210.0,237286.0,75
201800051982,18,4,7,1205,1,2,2,1.0,6.0,75112,M,4885130.0,237612.0,75
201800051983,18,4,7,2010,2,2,6,1.0,2.0,75112,M,4882720.0,246446.0,75
201800051984,18,4,7,2030,2,2,1,1.0,6.0,75112,M,4884430.0,241412.0,75
201800051985,18,4,8,2345,5,2,1,1.0,6.0,75112,M,4884840.0,236772.0,75
201800051986,18,4,10,710,1,2,1,1.0,2.0,75112,M,4883740.0,237749.0,75
201800051987,18,4,10,940,1,2,1,1.0,7.0,75112,M,4883310.0,240133.0,75
201800051988,18,4,10,2115,5,2,1,2.0,3.0,75112,M,4883760.0,244006.0,75
201800051989,18,4,11,1110,1,2,4,1.0,6.0,75112,M,4883710.0,240219.0,75
201800051990,18,4,11,1930,1,2,4,1.0,3.0,75112,M,4883250.0,245706.0,75
201800051991,18,4,11,2050,5,2,3,1.0,6.0,75112,M,4884060.0,239117.0,75
201800051992,18,4,12,1330,1,2,1,8.0,6.0,75112,M,4884520.0,237738.0,75
201800051993,18,4,12,1900,1,2,7,2.0,6.0,75112,M,4883400.0,244485.0,75
201800051994,18,4,14,410,5,2,1,1.0,1.0,75112,M,4882490.0,245685.0,75
201800051995,18,4,14,1420,1,2,1,1.0,6.0,75112,M,4883420.0,240424.0,75
201800051996,18,4,15,1655,1,2,1,1.0,2.0,75112,M,4883380.0,239961.0,75
201800051997,18,4,16,2230,5,2,3,1.0,6.0,75112,M,4883920.0,239194.0,75
201800051998,18,4,17,1730,1,2,7,1.0,6.0,75112,M,4883400.0,244485.0,75
201800051999,18,4,19,1700,1,2,5,1.0,3.0,75112,M,4883180.0,239765.0,75
201800052000,18,4,19,2343,5,2,7,1.0,3.0,75112,M,4885260.0,236962.0,75
201800052001,18,4,20,2335,5,2,3,1.0,1.0,75112,M,4883410.0,241066.0,75
201800052002,18,4,21,925,1,2,1,1.0,6.0,75112,M,4883060.0,244971.0,75
201800052003,18,4,21,1820,1,2,1,1.0,5.0,75112,M,4883600.0,237901.0,75
201800052004,18,4,21,2020,1,2,1,1.0,4.0,75112,M,4883810.0,237708.0,75
201800052005,18,4,21,2030,2,2,4,1.0,3.0,75112,M,4882790.0,238870.0,75
201800052006,18,4,22,145,5,2,5,1.0,3.0,75112,M,4884470.0,240572.0,75
201800052007,18,4,22,1350,1,2,3,1.0,6.0,75112,M,4884570.0,237241.0,75
201800052008,18,4,23,910,1,2,1,1.0,2.0,75112,M,4884620.0,236712.0,75
201800052009,18,4,23,1925,1,2,1,1.0,3.0,75112,M,4883250.0,241513.0,75
201800052010,18,4,24,1830,1,2,1,1.0,3.0,75112,M,4883310.0,240133.0,75
201800052011,18,4,25,1255,1,2,1,1.0,1.0,75112,M,4884910.0,239087.0,75
201800052012,18,4,26,2155,5,2,1,1.0,3.0,75112,M,4884520.0,239912.0,75
201800052013,18,4,27,2130,5,2,3,1.0,3.0,75112,M,4884160.0,240486.0,75
201800052014,18,4,28,2100,4,2,3,1.0,3.0,75112,M,4883650.0,240405.0,75
201800052015,18,4,30,622,5,2,2,2.0,6.0,75112,M,4884580.0,236760.0,75
201800052016,18,4,30,1250,1,2,1,3.0,2.0,75112,M,4884110.0,245210.0,75
201800052017,18,4,30,1435,1,2,2,3.0,6.0,75112,M,4883530.0,239275.0,75
201800052018,18,4,30,1830,1,2,3,2.0,6.0,75112,M,4883650.0,240405.0,75
201800052019,18,5,1,1820,1,2,2,1.0,6.0,75112,M,4884730.0,237529.0,75
201800052020,18,5,1,2030,2,2,2,1.0,3.0,75112,M,4884870.0,237253.0,75
201800052021,18,5,3,1720,1,2,1,1.0,2.0,75112,M,4884380.0,239074.0,75
201800052022,18,5,4,830,1,2,1,1.0,3.0,75112,M,4883410.0,245493.0,75
201800052023,18,5,4,940,1,2,1,1.0,2.0,75112,M,4885070.0,236878.0,75
201800052024,18,5,4,930,1,2,7,1.0,3.0,75112,M,4884020.0,243645.0,75
201800052025,18,5,5,1010,1,2,1,1.0,7.0,75112,M,4883370.0,241554.0,75
201800052026,18,5,5,1405,1,2,3,1.0,3.0,75112,M,4884280.0,242330.0,75
201800052027,18,5,6,1740,1,2,1,1.0,2.0,75112,M,4884420.0,236970.0,75
201800052028,18,5,7,1300,1,2,1,1.0,6.0,75112,M,4883680.0,238894.0,75
201800052029,18,5,8,10,5,2,2,1.0,6.0,75112,M,4884740.0,238675.0,75
201800052030,18,5,9,930,1,2,1,1.0,6.0,75112,M,4884220.0,237238.0,75
201800052031,18,5,9,1045,1,2,1,1.0,2.0,75112,M,4884530.0,240583.0,75
201800052032,18,5,9,2110,2,2,2,1.0,3.0,75112,M,4883740.0,239117.0,75
201800052033,18,5,11,1910,1,2,1,1.0,2.0,75112,M,4884000.0,245621.0,75
201800052034,18,5,11,2040,1,2,1,1.0,3.0,75112,M,4883410.0,240701.0,75
201800052035,18,5,14,1830,1,2,1,2.0,3.0,75112,M,4883010.0,245048.0,75
201800052036,18,5,15,915,1,2,1,8.0,1.0,75112,M,4883140.0,241688.0,75
201800052037,18,5,16,1,5,2,7,1.0,3.0,75112,M,4884020.0,243645.0,75
201800052038,18,5,18,1615,1,2,1,1.0,6.0,75112,M,4884350.0,240188.0,75
201800052039,18,5,22,1400,1,2,1,8.0,3.0,75111,M,4885020.0,238349.0,75
201800052040,18,5,27,140,5,2,3,1.0,3.0,75112,M,4884780.0,239057.0,75
201800052041,18,5,28,823,1,2,7,1.0,3.0,75112,M,4883570.0,238605.0,75
201800052042,18,5,28,800,1,2,1,1.0,3.0,75112,M,4884380.0,239074.0,75
201800052043,18,5,29,1200,1,2,4,2.0,6.0,75112,M,4884430.0,244043.0,75
201800052044,18,5,30,900,1,2,1,1.0,2.0,75112,M,4884500.0,236617.0,75
201800052045,18,5,30,1415,1,1,1,1.0,6.0,75112,M,4884070.0,241346.0,75
201800052046,18,5,30,2000,1,2,2,1.0,3.0,75112,M,4884550.0,237124.0,75
201800052047,18,5,31,1735,1,2,1,1.0,6.0,75112,M,4884570.0,238353.0,75
201800052048,18,6,1,1315,1,2,2,1.0,6.0,75112,M,4884580.0,237405.0,75
201800052049,18,6,1,1710,1,2,1,1.0,4.0,75112,M,4883460.0,238101.0,75
201800052050,18,6,1,1940,1,2,3,1.0,3.0,75112,M,4884210.0,244900.0,75
201800052051,18,6,2,2015,1,2,2,1.0,6.0,75112,M,4884740.0,238675.0,75
201800052052,18,6,2,2110,2,2,2,1.0,3.0,75112,M,4884800.0,237141.0,75
201800052053,18,6,5,1425,1,2,2,1.0,2.0,75112,M,4884340.0,237071.0,75
201800052054,18,6,6,810,1,2,4,2.0,3.0,75112,M,4882650.0,241972.0,75
201800052055,18,6,6,935,1,2,2,2.0,3.0,75112,M,4883530.0,238537.0,75
201800052056,18,6,6,1445,1,2,3,1.0,3.0,75112,M,4882060.0,244532.0,75
201800052057,18,6,7,1115,1,2,2,1.0,3.0,75112,M,4884700.0,238376.0,75
201800052058,18,6,8,2119,4,2,1,1.0,3.0,75112,M,4883150.0,238500.0,75
201800052059,18,6,10,40,5,2,1,1.0,1.0,75112,M,4883830.0,243912.0,75
201800052060,18,6,13,1330,1,2,1,8.0,2.0,75112,M,4885230.0,237225.0,75
201800052061,18,6,14,1515,1,2,2,1.0,2.0,75112,M,4883890.0,237602.0,75
201800052062,18,6,11,1520,1,2,1,8.0,3.0,75112,M,4882910.0,241984.0,75
201800052063,18,6,15,1000,1,2,1,1.0,3.0,75112,M,4883790.0,240386.0,75
201800052064,18,6,15,1635,1,2,1,1.0,7.0,75112,M,4884170.0,238957.0,75
201800052065,18,6,14,830,1,2,2,1.0,7.0,75112,M,4884430.0,241032.0,75
201800052066,18,6,16,1405,1,2,2,1.0,3.0,75112,M,4884760.0,238907.0,75
201800052067,18,6,17,1000,1,2,3,1.0,3.0,75112,M,4884000.0,243217.0,75
201800052068,18,6,18,1400,1,2,2,1.0,6.0,75112,M,4884340.0,237071.0,75
201800052069,18,6,18,2230,5,2,2,7.0,3.0,75112,M,4883740.0,239117.0,75
201800052070,18,6,14,1205,1,2,2,1.0,3.0,75112,M,4884330.0,238372.0,75
201800052071,18,6,21,830,1,2,7,1.0,3.0,75112,M,4883960.0,239689.0,75
201800052072,18,6,21,1820,1,2,2,1.0,3.0,75112,M,4883870.0,237568.0,75
201800052073,18,6,21,1915,1,2,1,1.0,3.0,75112,M,4883690.0,237806.0,75
201800052074,18,6,22,1130,1,2,7,1.0,3.0,75112,M,4884080.0,243356.0,75
201800052075,18,6,22,1540,1,2,1,1.0,3.0,75112,M,4884230.0,239256.0,75
201800052076,18,6,22,1830,1,2,2,1.0,2.0,75112,M,4884900.0,237097.0,75
201800052077,18,6,22,1745,2,2,2,1.0,6.0,75112,M,4882620.0,246268.0,75
201800052078,18,6,23,440,5,2,2,1.0,3.0,75112,M,4884870.0,237253.0,75
201800052079,18,6,25,1350,1,2,2,1.0,3.0,75112,M,4884220.0,237635.0,75
201800052080,18,6,26,2315,5,2,2,1.0,2.0,75112,M,4884430.0,241032.0,75
201800052081,18,6,28,810,1,2,3,1.0,2.0,75112,M,4884000.0,243217.0,75
201800052082,18,6,29,1628,1,2,1,1.0,7.0,75112,M,4884050.0,237398.0,75
201800052083,18,6,30,130,5,2,1,1.0,2.0,75112,M,4883890.0,246070.0,75
201800052084,18,6,30,1525,1,2,2,1.0,7.0,75112,M,4884650.0,238746.0,75
201800052085,18,7,1,1540,1,2,1,1.0,4.0,75112,M,4883070.0,242050.0,75
201800052086,18,7,1,1730,1,2,2,1.0,3.0,75112,M,4883550.0,240668.0,75
201800052087,18,7,2,320,5,2,1,1.0,6.0,75112,M,4883430.0,242026.0,75
201800052088,18,7,2,1540,1,2,1,1.0,6.0,75112,M,4884910.0,237326.0,75
201800052089,18,7,2,1825,1,2,1,1.0,3.0,75120,M,4884830.0,240639.0,75
201800052090,18,7,3,845,1,2,1,1.0,6.0,75112,M,4883750.0,242524.0,75
201800052091,18,7,3,1615,1,2,5,1.0,3.0,75112,M,4884470.0,240572.0,75
201800052092,18,7,4,1615,1,2,3,1.0,7.0,75112,M,4884430.0,239019.0,75
201800052093,18,7,6,1245,1,2,2,1.0,7.0,75112,M,4883970.0,240029.0,75
201800052094,18,7,6,1830,1,2,4,1.0,2.0,75112,M,4882750.0,241929.0,75
201800052095,18,7,7,1635,1,2,3,1.0,2.0,75112,M,4884890.0,237197.0,75
201800052096,18,7,8,1000,1,2,4,1.0,2.0,75112,M,4884060.0,239117.0,75
201800052097,18,7,9,45,5,2,2,1.0,3.0,75112,M,4882920.0,238966.0,75
201800052098,18,7,9,1815,1,2,1,1.0,6.0,75112,M,4884400.0,237294.0,75
201800052099,18,7,10,1115,1,2,1,1.0,6.0,75112,M,4883750.0,240130.0,75
201800052100,18,7,11,1,5,2,1,1.0,2.0,75112,M,4883340.0,244575.0,75
201800052101,18,7,12,930,1,2,1,1.0,3.0,75112,M,4884500.0,239555.0,75
201800052102,18,7,17,1800,1,2,4,1.0,3.0,75112,M,4882630.0,241988.0,75
201800052103,18,7,18,2130,2,2,1,1.0,3.0,75112,M,4882025.0,244923.0,75
201800052104,18,7,19,2130,5,2,3,1.0,6.0,75112,M,4882878.0,239049.0,75
201800052105,18,7,20,800,1,2,1,2.0,3.0,75112,M,4884653.0,240140.0,75
201800052106,18,7,22,1700,1,2,1,1.0,6.0,75112,M,4886666.0,233333.0,75
201800052107,18,7,23,145,5,2,2,1.0,3.0,75112,M,4884333.0,243471.0,75
201800052108,18,7,25,920,1,2,1,1.0,6.0,75112,M,4884653.0,237374.0,75
201800052109,18,7,27,950,1,2,3,1.0,6.0,75112,M,4883947.0,240019.0,75
201800052110,18,7,30,2115,2,2,1,1.0,4.0,75112,M,4882859.0,238767.0,75
201800052111,18,7,31,820,1,2,2,1.0,3.0,75112,M,4883710.0,239010.0,75
201800052112,18,7,31,900,1,2,2,7.0,6.0,75112,M,4884778.0,239926.0,75
201800052113,18,7,31,2030,1,2,4,1.0,6.0,75112,M,4882609.0,239092.0,75
201800052114,18,8,1,1755,1,2,7,1.0,6.0,75112,M,4884494.0,238308.0,75
201800052115,18,8,1,2025,1,2,7,1.0,3.0,75112,M,4884705.0,237549.0,75
201800052116,18,8,3,1150,1,2,1,1.0,2.0,75112,M,4883180.0,238437.0,75
201800052117,18,8,5,2100,2,2,4,1.0,3.0,75112,M,4884395.0,241339.0,75
201800052118,18,8,6,1,5,2,4,7.0,7.0,75112,M,4884714.0,237613.0,75
201800052119,18,8,6,1950,1,2,1,1.0,6.0,75112,M,4837389.0,238268.0,75
201800052120,18,8,10,915,1,2,3,1.0,3.0,75112,M,4884926.0,237140.0,75
201800052121,18,8,10,1750,1,2,1,1.0,6.0,75112,M,4884728.0,238372.0,75
201800052122,18,8,10,1935,5,2,1,1.0,6.0,75112,M,4884559.0,237422.0,75
201800052123,18,8,11,1315,1,2,2,1.0,2.0,75112,M,4884746.0,240645.0,75
201800052124,18,8,12,700,2,2,1,1.0,6.0,75112,M,4884391.0,236963.0,75
201800052125,18,8,12,1120,1,2,3,1.0,6.0,75112,M,4884675.0,237298.0,75
201800052126,18,8,12,2030,1,2,5,1.0,7.0,75112,M,4883483.0,240090.0,75
201800052127,18,8,13,820,1,2,1,1.0,3.0,75112,M,4884781.0,239124.0,75
201800052128,18,8,13,1500,1,2,4,1.0,7.0,75112,M,4881860.0,245157.0,75
201800052129,18,8,15,1500,1,2,1,1.0,7.0,75112,M,4883187.0,242030.0,75
201800052130,18,8,17,1340,1,2,2,1.0,7.0,75112,M,4884918.0,237085.0,75
201800052131,18,8,11,1330,1,1,1,1.0,5.0,75112,M,4883115.0,243913.0,75
201800052132,18,8,18,1850,1,2,3,1.0,3.0,75112,M,4884135.0,240488.0,75
201800052133,18,8,20,1930,1,1,4,1.0,2.0,75112,M,,,75
201800052134,18,8,21,930,1,1,7,1.0,1.0,75112,M,4882217.0,244207.0,75
201800052135,18,8,21,1605,1,2,2,1.0,3.0,75112,M,4884657.0,237652.0,75
201800052136,18,8,22,1535,1,2,1,1.0,3.0,75112,M,4883521.0,240146.0,75
201800052137,18,8,22,2310,5,2,1,1.0,6.0,75112,M,4884985.0,236983.0,75
201800052138,18,8,23,1950,1,2,1,1.0,2.0,75112,M,4882775.0,238938.0,75
201800052139,18,8,24,325,5,2,1,1.0,6.0,75112,M,4884094.0,243348.0,75
201800052140,18,8,25,30,5,2,1,1.0,6.0,75112,M,4883537.0,237968.0,75
201800052141,18,8,27,1000,1,2,1,2.0,2.0,75112,M,,,75
201800052142,18,8,26,1445,1,2,4,1.0,3.0,75112,M,4883300.0,238000.0,75
201800052143,18,8,28,1715,1,2,2,1.0,3.0,75112,M,4884526.0,236657.0,75
201800052144,18,8,29,1130,1,2,1,1.0,4.0,75112,M,4883534.0,238000.0,75
201800052145,18,8,30,1030,1,2,1,1.0,3.0,75112,M,4883153.0,242050.0,75
201800052146,18,8,31,1700,1,2,2,1.0,3.0,75112,M,4883709.0,238996.0,75
201800052147,18,8,31,2245,5,2,3,1.0,6.0,75112,M,4882021.0,245023.0,75
201800052148,18,9,1,2340,5,2,2,1.0,3.0,75112,M,4884735.0,238677.0,75
201800052149,18,9,2,1620,1,2,1,1.0,6.0,75112,M,4883605.0,240258.0,75
201800052150,18,9,4,1520,1,2,2,1.0,6.0,75112,M,4883734.0,239133.0,75
201800052151,18,9,5,1830,1,2,3,1.0,3.0,75112,M,4884712.0,238516.0,75
201800052152,18,9,5,2030,5,2,1,1.0,6.0,75112,M,4882895.0,241918.0,75
201800052153,18,9,6,1825,1,2,1,1.0,3.0,75112,M,4883864.0,240930.0,75
201800052154,18,9,7,805,1,2,2,1.0,6.0,75112,M,4883702.0,239005.0,75
201800052155,18,9,9,1920,2,2,1,1.0,7.0,75112,M,4884426.0,239634.0,75
201800052156,18,9,10,1015,1,2,2,1.0,3.0,75112,M,4883194.0,239757.0,75
201800052157,18,9,10,1230,1,2,2,1.0,6.0,75112,M,4884635.0,237907.0,75
201800052158,18,9,12,925,1,2,1,1.0,3.0,75112,M,4884590.0,240082.0,75
201800052159,18,9,12,2245,5,2,1,1.0,6.0,75112,M,4884390.0,237130.0,75
201800052160,18,9,14,1726,1,2,3,1.0,2.0,75112,M,,,75
201800052161,18,9,14,1835,1,2,1,1.0,4.0,75112,M,4883244.0,238360.0,75
201800052162,18,9,15,1905,1,2,7,1.0,3.0,75112,M,,,75
201800052163,18,9,15,1840,1,2,3,1.0,6.0,75112,M,4884116.0,240225.0,75
201800052164,18,9,15,2300,5,2,7,1.0,6.0,75112,M,4884090.0,243420.0,75
201800052165,18,9,16,1735,1,2,1,1.0,6.0,75112,M,4883834.0,237601.0,75
201800052166,18,9,16,2015,5,2,3,1.0,6.0,75112,M,4883449.0,240529.0,75
201800052167,18,9,16,1950,2,2,1,1.0,6.0,75112,M,4883273.0,245652.0,75
201800052168,18,9,17,840,1,2,3,1.0,6.0,75112,M,4883974.0,240419.0,75
201800052169,18,9,17,1210,1,2,6,1.0,3.0,75112,M,4884526.0,240218.0,75
201800052170,18,9,18,830,1,2,7,1.0,3.0,75112,M,4884667.0,241527.0,75
201800052171,18,9,18,1330,1,2,4,2.0,2.0,75112,M,4884072.0,243575.0,75
201800052172,18,9,19,715,2,2,7,1.0,7.0,75112,M,4884005.0,243667.0,75
201800052173,18,9,19,815,1,2,4,1.0,3.0,75112,M,4882648.0,241978.0,75
201800052174,18,9,19,2115,2,2,2,1.0,6.0,75120,M,4885146.0,240630.0,75
201800052175,18,9,19,2207,5,2,1,1.0,2.0,75112,M,4885032.0,238076.0,75
201800052176,18,9,20,900,1,2,7,1.0,6.0,75112,M,4882700.0,246400.0,75
201800052177,18,9,21,1850,1,2,3,1.0,6.0,75112,M,4884056.0,243896.0,75
201800052178,18,9,21,1920,2,2,6,1.0,7.0,75112,M,4884691.0,241144.0,75
201800052179,18,9,23,515,5,2,1,1.0,6.0,75112,M,4884421.0,236874.0,75
201800052180,18,9,23,1440,1,2,7,3.0,6.0,75112,M,4884020.0,244075.0,75
201800052181,18,9,24,750,5,2,3,1.0,6.0,75112,M,4884653.0,237208.0,75
201800052182,18,9,25,1905,1,2,2,1.0,3.0,75112,M,4884850.0,237250.0,75
201800052183,18,9,26,850,1,2,1,1.0,7.0,75112,M,4883950.0,239962.0,75
201800052184,18,9,26,1930,5,2,2,1.0,3.0,75112,M,4883271.0,238337.0,75
201800052185,18,9,28,1100,1,2,1,1.0,3.0,75112,M,4884469.0,237201.0,75
201800052186,18,10,1,745,2,2,2,1.0,3.0,75112,M,4883732.0,239101.0,75
201800052187,18,10,1,850,1,2,1,1.0,6.0,75112,M,4883412.0,244473.0,75
201800052188,18,10,1,1345,1,2,1,1.0,3.0,75112,M,4884608.0,239391.0,75
201800052189,18,10,2,1800,2,2,1,2.0,3.0,75112,M,4883429.0,244745.0,75
201800052190,18,10,2,1930,5,2,2,2.0,6.0,75112,M,4883782.0,240177.0,75
201800052191,18,10,2,1815,1,2,1,2.0,3.0,75112,M,4884752.0,238973.0,75
201800052192,18,10,3,2030,5,1,1,1.0,4.0,75112,M,4883387.0,240920.0,75
201800052193,18,10,4,820,1,2,1,1.0,6.0,75112,M,4884070.0,240804.0,75
201800052194,18,10,4,1515,1,2,2,1.0,7.0,75112,M,4884848.0,241040.0,75
201800052195,18,10,4,1600,1,2,2,1.0,3.0,75112,M,5058149.0,304409.0,75
201800052196,18,10,4,1900,1,2,1,1.0,6.0,75120,M,4884791.0,240373.0,75
201800052197,18,10,5,1025,1,2,5,1.0,3.0,75112,M,4883462.0,240081.0,75
201800052198,18,10,5,1830,1,2,1,1.0,3.0,75112,M,4884407.0,236894.0,75
201800052199,18,10,7,1807,1,2,7,1.0,3.0,75112,M,4883000.0,244000.0,75
201800052200,18,10,9,1920,5,2,1,1.0,2.0,75112,M,4884708.0,239913.0,75
201800052201,18,10,9,1950,5,2,1,1.0,4.0,75112,M,4882829.0,239696.0,75
201800052202,18,10,10,845,1,2,7,1.0,7.0,75112,M,4884821.0,239741.0,75
201800052203,18,10,11,2345,5,2,5,2.0,3.0,75112,M,4884469.0,240576.0,75
201800052204,18,10,12,330,5,2,2,1.0,3.0,75118,M,4889154.0,234948.0,75
201800052205,18,10,12,740,1,2,4,1.0,2.0,75112,M,4882620.0,241992.0,75
201800052206,18,10,12,1300,1,2,2,1.0,7.0,75112,M,4884730.0,238668.0,75
201800052207,18,10,13,700,5,2,2,1.0,7.0,75112,M,4883054.0,239361.0,75
201800052208,18,10,13,1502,1,2,2,1.0,3.0,75112,M,4883183.0,239767.0,75
201800052209,18,10,15,2015,5,2,3,1.0,6.0,75112,M,4884739.0,239212.0,75
201800052210,18,10,18,1720,1,2,7,1.0,3.0,75112,M,4883402.0,244545.0,75
201800052211,18,10,19,830,1,2,7,1.0,3.0,75112,M,4884062.0,243659.0,75
201800052212,18,10,19,1300,1,2,7,1.0,3.0,75112,M,4884806.0,239736.0,75
201800052213,18,10,19,1320,1,2,2,1.0,3.0,75112,M,4883186.0,239771.0,75
201800052214,18,10,20,1530,1,2,1,1.0,6.0,75112,M,4882113.0,243382.0,75
201800052215,18,10,20,1645,1,2,3,1.0,3.0,75112,M,,,75
201800052216,18,10,21,622,5,2,4,1.0,7.0,75112,M,4882785.0,238908.0,75
201800052217,18,10,22,1655,1,2,1,1.0,6.0,75112,M,4882954.0,240448.0,75
201800052218,18,10,23,224,5,2,2,1.0,6.0,75112,M,4883337.0,240193.0,75
201800052219,18,10,23,1830,2,2,1,1.0,5.0,75112,M,4883421.0,238136.0,75
201800052220,18,10,24,1955,5,2,1,1.0,3.0,75112,M,4884623.0,237839.0,75
201800052221,18,10,25,2340,5,2,3,1.0,7.0,75112,M,4885151.0,237457.0,75
201800052222,18,10,26,630,5,2,7,1.0,7.0,75112,M,4884781.0,239648.0,75
201800052223,18,10,26,1830,1,2,7,2.0,7.0,75112,M,4883328.0,240240.0,75
201800052224,18,10,26,1845,5,2,1,2.0,1.0,75112,M,4882564.0,241989.0,75
201800052225,18,10,26,2115,5,2,7,8.0,3.0,75112,M,4883935.0,239581.0,75
201800052226,18,10,27,1440,1,2,2,1.0,6.0,75112,M,4884951.0,237437.0,75
201800052227,18,10,28,715,2,2,1,1.0,1.0,75112,M,4882737.0,245396.0,75
201800052228,18,10,30,2225,5,2,2,1.0,2.0,75112,M,4884630.0,237760.0,75
201800052229,18,10,31,840,1,2,1,1.0,2.0,75112,M,4883834.0,239016.0,75
201800052230,18,10,31,1650,2,2,1,2.0,6.0,75112,M,4884106.0,239000.0,75
201800052231,18,11,2,2250,5,2,3,1.0,6.0,75112,M,4884242.0,244887.0,75
201800052232,18,11,4,210,5,2,3,1.0,3.0,75112,M,4884241.0,238538.0,75
201800052233,18,11,4,700,2,2,3,1.0,3.0,75112,M,4883073.0,239939.0,75
201800052234,18,11,5,1900,5,2,1,1.0,2.0,75112,M,4884545.0,236682.0,75
201800052235,18,11,6,800,1,2,7,1.0,7.0,75112,M,4883659.0,238792.0,75
201800052236,18,11,6,1830,5,2,3,1.0,6.0,75112,M,4884520.0,238918.0,75
201800052237,18,11,7,1230,1,2,1,8.0,6.0,75112,M,4884368.0,237109.0,75
201800052238,18,11,7,1315,1,2,2,2.0,3.0,75112,M,4883183.0,239777.0,75
201800052239,18,11,7,1835,2,2,3,1.0,3.0,75112,M,4884897.0,237230.0,75
201800052240,18,11,8,1120,1,2,1,1.0,3.0,75112,M,4884081.0,239034.0,75
201800052241,18,11,8,1640,1,2,2,1.0,6.0,75112,M,4883970.0,239571.0,75
201800052242,18,11,8,1700,1,2,3,1.0,7.0,75112,M,4883902.0,240842.0,75
201800052243,18,11,10,1155,1,2,4,2.0,7.0,75112,M,4884694.0,237547.0,75
201800052244,18,11,10,2100,5,2,2,2.0,7.0,75112,M,4883190.0,239791.0,75
201800052245,18,11,11,1220,1,2,7,2.0,3.0,75112,M,4885256.0,236937.0,75
201800052246,18,11,11,2140,5,2,2,2.0,3.0,75112,M,4884588.0,237084.0,75
201800052247,18,11,13,915,1,2,3,1.0,6.0,75112,M,4884785.0,239044.0,75
201800052248,18,11,13,1030,1,2,2,1.0,6.0,75112,M,4884413.0,238128.0,75
201800052249,18,11,13,1640,1,2,1,1.0,6.0,75112,M,4884411.0,236901.0,75
201800052250,18,11,14,35,5,2,3,1.0,3.0,75112,M,4884869.0,236792.0,75
201800052251,18,11,14,850,1,2,2,1.0,6.0,75112,M,4883819.0,240639.0,75
201800052252,18,11,14,1030,1,2,1,1.0,2.0,75112,M,4884170.0,239330.0,75
201800052253,18,11,15,1450,1,2,3,8.0,6.0,75112,M,,,75
201800052254,18,11,16,40,5,2,1,1.0,6.0,75112,M,4884337.0,240194.0,75
201800052255,18,11,16,910,1,2,2,8.0,2.0,75112,M,4883866.0,237633.0,75
201800052256,18,11,17,1345,1,2,3,1.0,3.0,75112,M,4883545.0,239735.0,75
201800052257,18,11,17,1832,5,2,4,1.0,6.0,75112,M,4884800.0,239941.0,75
201800052258,18,11,18,955,1,2,3,1.0,3.0,75112,M,4884497.0,238019.0,75
201800052259,18,11,19,1540,1,2,1,1.0,3.0,75112,M,,,75
201800052260,18,11,20,810,2,2,7,2.0,3.0,75112,M,4884816.0,239440.0,75
201800052261,18,11,21,1625,1,1,1,1.0,6.0,75112,M,4884025.0,245493.0,75
201800052262,18,11,22,815,1,2,2,8.0,6.0,75112,M,4884300.0,237040.0,75