Num_Acc,an,mois,jour,hrmn,lum,agg,int,atm,col,com,gps,lat,long,dep
201800052263,18,11,22,1025,1,2,1,1.0,2.0,75112,M,4883849.0,237628.0,75
201800052264,18,11,23,1700,2,2,1,1.0,6.0,75112,M,4885255.0,237144.0,75
201800052265,18,11,24,1200,1,2,2,1.0,6.0,75112,M,4884684.0,237372.0,75
201800052266,18,11,24,1632,1,2,4,1.0,6.0,75112,M,4883903.0,228779.0,75
201800052267,18,11,25,550,5,2,1,2.0,6.0,75112,M,4884808.0,239353.0,75
201800052268,18,11,25,2000,5,2,1,2.0,3.0,75112,M,4883488.0,238500.0,75
201800052269,18,11,26,1400,1,2,7,2.0,2.0,75112,M,4885200.0,236900.0,75
201800052270,18,11,26,1950,5,2,3,1.0,1.0,75112,M,4883384.0,239482.0,75
201800052271,18,11,27,2335,5,2,1,3.0,6.0,75112,M,4884889.0,237077.0,75
201800052272,18,11,28,1725,5,2,1,2.0,2.0,75112,M,4884310.0,237550.0,75
201800052273,18,11,29,1030,1,2,3,8.0,7.0,75112,M,,,75
201800052274,18,11,29,1420,1,2,2,1.0,6.0,75112,M,4884200.0,237620.0,75
201800052275,18,11,30,920,1,2,1,1.0,6.0,75112,M,4889390.0,241991.0,75
201800052276,18,11,30,910,1,2,1,1.0,3.0,75112,M,4883000.0,238000.0,75
201800052277,18,12,2,1845,5,2,7,8.0,6.0,75112,M,4884489.0,238367.0,75
201800052278,18,12,2,1920,5,2,3,2.0,6.0,75112,M,4884985.0,237366.0,75
201800052279,18,12,2,1940,5,2,2,8.0,7.0,75112,M,4884575.0,236744.0,75
201800052280,18,12,3,1540,2,2,3,1.0,6.0,75112,M,4884464.0,237635.0,75
201800052281,18,12,3,1645,1,2,1,1.0,6.0,75112,M,4884511.0,239884.0,75
201800052282,18,12,3,1750,5,2,2,1.0,3.0,75112,M,4882918.0,239010.0,75
201800052283,18,12,4,2120,5,2,2,1.0,2.0,75112,M,4884993.0,237407.0,75
201800052284,18,12,6,730,1,2,1,1.0,3.0,75112,M,4884426.0,244256.0,75
201800052285,18,12,7,2325,5,2,4,1.0,3.0,75112,M,4883905.0,239542.0,75
201800052286,18,12,8,405,5,2,1,1.0,6.0,75112,M,4884176.0,242523.0,75
201800052287,18,12,12,700,5,2,7,1.0,2.0,75112,M,4884809.0,239760.0,75
201800052288,18,12,14,745,5,2,1,1.0,3.0,75112,M,4883169.0,241643.0,75
201800052289,18,12,14,950,1,2,2,1.0,3.0,75112,M,4881985.0,244475.0,75
201800052290,18,12,14,1420,1,2,1,1.0,6.0,75112,M,4884340.0,238918.0,75
201800052291,18,12,16,1700,5,2,3,1.0,6.0,75112,M,4883384.0,238901.0,75
201800052292,18,12,18,2300,5,2,2,3.0,6.0,75112,M,4883376.0,239490.0,75
201800052293,18,12,19,830,1,2,2,1.0,3.0,75112,M,4884699.0,238386.0,75
201800052294,18,12,21,2320,5,2,7,2.0,6.0,75112,M,4884519.0,240190.0,75
201800052295,18,12,22,1920,5,2,2,2.0,3.0,75112,M,4884543.0,237111.0,75
201800052296,18,12,23,1635,2,2,3,2.0,6.0,75112,M,4883310.0,239890.0,75
201800052297,18,12,23,2245,5,2,1,2.0,6.0,75112,M,4884712.0,240942.0,75
201800052298,18,12,25,100,5,2,7,1.0,3.0,75112,M,4883969.0,239530.0,75
201800052299,18,12,25,1420,1,2,1,1.0,4.0,75112,M,4884438.0,244089.0,75
201800052300,18,12,25,2130,5,2,3,1.0,6.0,75112,M,4883992.0,238247.0,75
201800052301,18,12,27,1845,5,2,1,1.0,6.0,75112,M,4882595.0,245573.0,75
201800052302,18,12,28,2000,5,2,1,1.0,6.0,75112,M,4884269.0,240523.0,75
201800052303,18,12,29,2300,5,2,1,1.0,3.0,75112,M,4882930.0,242005.0,75
201800052304,18,1,2,1910,5,2,3,2.0,6.0,75113,M,4882300.0,235829.0,75
201800052305,18,1,2,2255,5,2,2,1.0,3.0,75113,M,4883230.0,237979.0,75
201800052306,18,1,5,1210,1,2,2,1.0,6.0,75113,M,4883500.0,234494.0,75
201800052307,18,1,5,1505,1,2,4,2.0,6.0,75113,M,4881640.0,236001.0,75
201800052308,18,1,12,210,5,2,3,1.0,6.0,75113,M,4882040.0,235908.0,75
201800052309,18,1,12,1920,5,2,2,1.0,6.0,75105,M,4884170.0,233777.0,75
201800052310,18,1,13,1231,1,2,2,1.0,6.0,75113,M,4882280.0,237789.0,75
201800052311,18,1,16,105,5,2,1,2.0,6.0,75113,M,4882090.0,236709.0,75
201800052312,18,1,16,1900,5,2,3,2.0,6.0,75113,M,4883040.0,237500.0,75
201800052313,18,1,17,1830,5,2,2,1.0,3.0,75113,M,4882700.0,236647.0,75
201800052314,18,1,17,2120,5,2,4,1.0,7.0,75113,M,4882650.0,238642.0,75
201800052315,18,1,18,750,2,2,2,2.0,2.0,75113,M,4883470.0,236699.0,75
201800052316,18,1,19,1210,1,2,2,1.0,6.0,75113,M,4883680.0,235183.0,75
201800052317,18,1,20,2335,5,2,1,2.0,7.0,75113,M,4883550.0,234811.0,75
201800052318,18,1,21,1310,1,2,4,2.0,6.0,75113,M,4881720.0,236694.0,75
201800052319,18,1,21,1805,5,2,2,2.0,6.0,75113,M,4883330.0,236965.0,75
201800052320,18,1,21,2020,5,2,2,3.0,6.0,75113,M,4881810.0,236038.0,75
201800052321,18,1,25,1209,1,2,2,2.0,6.0,75113,M,4883060.0,237679.0,75
201800052322,18,1,26,840,1,2,2,1.0,6.0,75113,M,4882020.0,235278.0,75
201800052323,18,1,27,249,5,2,2,1.0,6.0,75105,M,4884700.0,234061.0,75
201800052324,18,1,27,1900,5,2,3,1.0,6.0,75113,M,4882580.0,235739.0,75
201800052325,18,1,30,1920,5,2,1,2.0,2.0,75113,M,4882980.0,234576.0,75
201800052326,18,2,1,945,1,2,3,1.0,3.0,75113,M,4883870.0,237234.0,75
201800052327,18,2,5,815,2,2,3,1.0,6.0,75113,M,4883620.0,235016.0,75
201800052328,18,2,5,2230,5,2,1,4.0,6.0,75113,M,4883550.0,236933.0,75
201800052329,18,2,9,830,1,2,1,1.0,6.0,75113,M,4883270.0,236685.0,75
201800052330,18,2,12,1355,1,2,3,1.0,3.0,75113,M,4882610.0,235901.0,75
201800052331,18,2,12,2135,5,2,2,1.0,3.0,75113,M,4881680.0,234862.0,75
201800052332,18,2,13,2315,5,2,1,3.0,6.0,75113,M,4882120.0,236811.0,75
201800052333,18,2,14,1410,1,2,2,1.0,6.0,75113,M,4881760.0,235328.0,75
201800052334,18,2,14,820,2,2,2,1.0,6.0,75113,M,4882490.0,234662.0,75
201800052335,18,2,15,920,1,2,7,1.0,3.0,75113,M,4884370.0,236550.0,75
201800052336,18,2,15,2254,5,2,2,8.0,6.0,75105,M,4884740.0,234082.0,75
201800052337,18,2,16,1245,1,2,2,1.0,6.0,75105,M,4884700.0,234061.0,75
201800052338,18,2,16,1840,2,2,4,1.0,3.0,75113,M,4883320.0,235679.0,75
201800052339,18,2,17,1750,5,2,1,1.0,6.0,75113,M,4882480.0,238418.0,75
201800052340,18,2,19,1815,4,2,2,2.0,3.0,75113,M,4881940.0,234458.0,75
201800052341,18,2,19,1755,5,2,2,2.0,3.0,75113,M,4883760.0,237364.0,75
201800052342,18,2,21,945,1,2,2,1.0,6.0,75113,M,4881760.0,235328.0,75
201800052343,18,2,23,925,1,2,3,1.0,3.0,75113,M,4883470.0,236699.0,75
201800052344,18,2,25,2225,5,2,3,9.0,7.0,75113,M,4881970.0,236333.0,75
201800052345,18,2,26,1745,1,2,2,9.0,7.0,75113,M,4881920.0,235948.0,75
201800052346,18,2,27,530,5,2,7,1.0,6.0,75113,M,4883190.0,235526.0,75
201800052347,18,2,27,1530,1,2,1,1.0,3.0,75113,M,4882630.0,238709.0,75
201800052348,18,2,27,1900,5,2,2,1.0,3.0,75113,M,4881890.0,235952.0,75
201800052349,18,3,4,1543,1,2,3,2.0,4.0,75113,M,4883800.0,237325.0,75
201800052350,18,3,4,1900,5,2,4,8.0,3.0,75113,M,4881690.0,234413.0,75
201800052351,18,3,7,1503,1,2,2,2.0,6.0,75113,M,4881890.0,235952.0,75
201800052352,18,3,8,841,1,2,4,1.0,3.0,75113,M,4881690.0,234413.0,75
201800052353,18,3,8,1440,1,2,2,2.0,3.0,75113,M,4883740.0,237390.0,75
201800052354,18,3,9,910,1,2,1,1.0,6.0,75113,M,4884120.0,236811.0,75
201800052355,18,3,11,1407,1,2,3,1.0,6.0,75113,M,4883890.0,236978.0,75
201800052356,18,3,13,930,1,2,4,1.0,3.0,75113,M,4881620.0,235558.0,75
201800052357,18,3,13,1635,1,2,3,2.0,6.0,75113,M,4882450.0,235785.0,75
201800052358,18,3,14,940,1,2,2,1.0,6.0,75113,M,4883380.0,236511.0,75
201800052359,18,3,15,1620,1,2,3,1.0,3.0,75113,M,4881600.0,236005.0,75
201800052360,18,3,17,2215,5,2,2,2.0,3.0,75106,M,4884780.0,232953.0,75
201800052361,18,3,19,310,5,2,3,4.0,6.0,75113,M,4883940.0,237128.0,75
201800052362,18,3,19,1145,1,2,4,1.0,6.0,75113,M,4882610.0,235901.0,75
201800052363,18,3,20,1600,1,2,1,1.0,3.0,75113,M,4883630.0,235046.0,75
201800052364,18,3,20,1620,1,2,2,1.0,6.0,75113,M,4883470.0,236699.0,75
201800052365,18,3,22,900,1,2,3,1.0,3.0,75113,M,4883440.0,235353.0,75
201800052366,18,3,22,940,1,2,1,1.0,1.0,75113,M,4882770.0,238635.0,75
201800052367,18,3,22,2315,5,2,5,1.0,3.0,75105,M,4884940.0,235682.0,75
201800052368,18,3,23,1110,1,2,3,1.0,2.0,75113,M,4883910.0,236115.0,75
201800052369,18,3,25,1820,1,2,3,1.0,6.0,75113,M,4881920.0,236125.0,75
201800052370,18,3,26,40,5,2,1,1.0,6.0,75113,M,4882610.0,237673.0,75
201800052371,18,3,26,1335,1,2,2,1.0,3.0,75113,M,4882220.0,235854.0,75
201800052372,18,3,26,1522,1,2,3,1.0,3.0,75113,M,4882340.0,237505.0,75
201800052373,18,3,26,1640,1,2,1,1.0,3.0,75113,M,4883020.0,235102.0,75
201800052374,18,3,27,820,2,2,2,3.0,6.0,75113,M,4883840.0,235703.0,75
201800052375,18,3,29,1800,1,2,5,1.0,3.0,75113,M,4881890.0,235952.0,75
201800052376,18,4,1,1530,1,2,1,1.0,3.0,75113,M,4882030.0,235912.0,75
201800052377,18,4,3,930,1,2,2,8.0,6.0,75113,M,4882730.0,236852.0,75
201800052378,18,4,4,845,1,2,2,8.0,6.0,75113,M,4882610.0,234402.0,75
201800052379,18,4,4,1715,1,2,7,1.0,7.0,75113,M,4883190.0,235580.0,75
201800052380,18,4,5,930,1,2,1,1.0,6.0,75113,M,4883150.0,234431.0,75
201800052381,18,4,5,1710,1,2,1,1.0,7.0,75113,M,4882930.0,237449.0,75
201800052382,18,4,6,50,5,2,4,1.0,7.0,75113,M,4882750.0,237034.0,75
201800052383,18,4,6,1240,1,2,1,1.0,3.0,75113,M,4883780.0,237036.0,75
201800052384,18,4,6,1337,1,2,2,1.0,6.0,75113,M,4882620.0,235729.0,75
201800052385,18,4,6,1915,2,2,1,1.0,2.0,75113,M,4882760.0,238630.0,75
201800052386,18,4,10,1710,1,2,4,1.0,2.0,75113,M,4881970.0,237291.0,75
201800052387,18,4,11,1145,1,2,3,1.0,3.0,75113,M,4883280.0,235649.0,75
201800052388,18,4,11,1905,1,2,1,1.0,6.0,75113,M,4882680.0,236463.0,75
201800052389,18,4,13,920,1,1,1,1.0,2.0,75113,M,4881720.0,236583.0,75
201800052390,18,4,13,1450,1,2,3,1.0,7.0,75113,M,4883750.0,235807.0,75
201800052391,18,4,16,1230,1,2,2,1.0,3.0,75113,M,4882510.0,236978.0,75
201800052392,18,4,16,1830,1,2,2,1.0,3.0,75113,M,4881920.0,236198.0,75
201800052393,18,4,17,1555,1,2,2,1.0,3.0,75113,M,4883840.0,235703.0,75
201800052394,18,4,18,1205,1,2,2,1.0,6.0,75113,M,4883060.0,237679.0,75
201800052395,18,4,18,2230,1,2,7,1.0,6.0,75113,M,4883080.0,235589.0,75
201800052396,18,4,19,5,5,2,7,1.0,6.0,75105,M,4884450.0,234922.0,75
201800052397,18,4,19,1200,1,2,1,1.0,6.0,75113,M,4882290.0,235878.0,75
201800052398,18,4,19,1605,1,2,3,1.0,3.0,75113,M,4883720.0,237288.0,75
201800052399,18,4,20,30,5,2,1,1.0,3.0,75113,M,4882330.0,235461.0,75
201800052400,18,4,20,140,5,2,2,1.0,6.0,75113,M,4883650.0,237203.0,75
201800052401,18,4,23,1730,1,2,1,1.0,3.0,75113,M,4883360.0,234471.0,75
201800052402,18,4,25,1015,1,2,5,1.0,6.0,75113,M,4882620.0,235988.0,75
201800052403,18,4,25,1647,1,2,1,1.0,6.0,75113,M,4883290.0,236261.0,75
201800052404,18,4,26,835,1,2,2,1.0,3.0,75113,M,4882610.0,234402.0,75
201800052405,18,4,27,1840,1,2,3,1.0,3.0,75113,M,4882890.0,237249.0,75
201800052406,18,4,29,355,5,2,3,2.0,7.0,75113,M,4883100.0,237432.0,75
201800052407,18,4,29,425,5,2,3,2.0,6.0,75113,M,4883830.0,234203.0,75
201800052408,18,4,29,920,1,2,4,8.0,7.0,75113,M,4882440.0,236342.0,75
201800052409,18,4,29,2325,5,2,5,2.0,6.0,75113,M,4883060.0,237679.0,75
201800052410,18,4,30,1815,1,2,3,2.0,2.0,75113,M,4882300.0,235829.0,75
201800052411,18,4,30,1850,1,2,1,2.0,7.0,75113,M,4882320.0,237423.0,75
201800052412,18,5,1,2235,4,2,2,1.0,3.0,75113,M,4882420.0,237675.0,75
201800052413,18,5,3,1225,1,2,2,1.0,2.0,75113,M,4883300.0,236181.0,75
201800052414,18,5,4,1940,1,2,1,1.0,6.0,75113,M,4882390.0,236811.0,75
201800052415,18,5,5,510,2,2,2,1.0,3.0,75113,M,4881720.0,236694.0,75
201800052416,18,5,5,1430,1,2,2,1.0,3.0,75113,M,4881920.0,236198.0,75
201800052417,18,5,5,2350,5,2,1,1.0,6.0,75113,M,4882740.0,236911.0,75
201800052418,18,5,6,220,4,2,7,1.0,6.0,75113,M,4884370.0,236457.0,75
201800052419,18,5,8,750,1,2,1,1.0,6.0,75113,M,4881670.0,235488.0,75
201800052420,18,5,9,1315,1,2,3,1.0,6.0,75113,M,4882610.0,235520.0,75
201800052421,18,5,10,300,5,2,1,1.0,6.0,75113,M,4882850.0,238317.0,75
201800052422,18,5,11,355,5,2,4,1.0,6.0,75113,M,4883040.0,235271.0,75
201800052423,18,5,12,1845,1,2,1,2.0,6.0,75113,M,4882130.0,236978.0,75
201800052424,18,5,13,140,5,2,2,1.0,6.0,75113,M,4882280.0,237789.0,75
201800052425,18,5,17,1210,1,2,1,1.0,6.0,75113,M,4883220.0,236287.0,75
201800052426,18,5,17,1930,1,2,2,1.0,3.0,75113,M,4883500.0,234494.0,75
201800052427,18,5,18,1325,1,2,4,1.0,6.0,75113,M,4883460.0,236734.0,75
201800052428,18,5,21,240,5,2,2,1.0,6.0,75113,M,4883020.0,238051.0,75
201800052429,18,5,22,1130,1,2,1,1.0,6.0,75113,M,4883480.0,236796.0,75
201800052430,18,5,22,1740,1,2,3,2.0,6.0,75113,M,4883320.0,235433.0,75
201800052431,18,5,23,645,1,2,2,1.0,3.0,75106,M,4885450.0,233361.0,75
201800052432,18,5,26,1230,1,2,2,1.0,3.0,75113,M,4883420.0,234480.0,75
201800052433,18,5,27,1630,1,2,2,1.0,3.0,75113,M,4883760.0,237364.0,75
201800052434,18,5,27,2000,2,2,5,1.0,2.0,75113,M,4882770.0,237136.0,75
201800052435,18,6,2,1335,1,2,7,1.0,2.0,75105,M,4884400.0,236474.0,75
201800052436,18,6,3,215,5,2,3,1.0,3.0,75113,M,4882300.0,235829.0,75
201800052437,18,6,4,1335,1,2,2,1.0,7.0,75113,M,4883470.0,236699.0,75
201800052438,18,6,5,1150,1,2,3,8.0,6.0,75113,M,4883470.0,236699.0,75
201800052439,18,6,5,2300,5,2,3,1.0,6.0,75113,M,4882450.0,235785.0,75
201800052440,18,6,6,955,1,2,4,8.0,3.0,75113,M,4881600.0,236069.0,75
201800052441,18,6,7,2120,2,2,1,1.0,6.0,75113,M,4882680.0,236469.0,75
201800052442,18,6,8,1640,1,2,1,1.0,3.0,75113,M,4882360.0,236514.0,75
201800052443,18,6,9,100,5,2,2,1.0,4.0,75105,M,4884220.0,235202.0,75
201800052444,18,6,12,1235,1,2,2,2.0,3.0,75113,M,4882020.0,235278.0,75
201800052445,18,6,13,1645,1,2,2,1.0,2.0,75113,M,4882620.0,235729.0,75
201800052446,18,6,13,1830,1,2,2,1.0,6.0,75113,M,4883270.0,236217.0,75
201800052447,18,6,15,1650,1,2,2,1.0,7.0,75113,M,4882620.0,235729.0,75
201800052448,18,6,15,1925,1,2,3,1.0,6.0,75113,M,4882720.0,235905.0,75
201800052449,18,6,14,1005,1,2,2,1.0,3.0,75113,M,4883640.0,237130.0,75
201800052450,18,6,13,1315,1,2,1,1.0,6.0,75113,M,4882270.0,235838.0,75
201800052451,18,6,16,2230,5,2,3,1.0,3.0,75113,M,4883190.0,237906.0,75
201800052452,18,6,17,140,5,2,3,1.0,3.0,75113,M,4883870.0,237234.0,75
201800052453,18,6,17,720,1,2,2,1.0,6.0,75113,M,4883500.0,234494.0,75
201800052454,18,6,18,830,1,2,2,8.0,3.0,75113,M,4882770.0,237136.0,75
201800052455,18,6,18,2250,5,2,3,1.0,7.0,75113,M,4882090.0,235487.0,75
201800052456,18,6,19,1626,1,2,3,1.0,3.0,75113,M,4881810.0,235975.0,75
201800052457,18,6,23,208,5,2,2,1.0,3.0,75105,M,4884960.0,235032.0,75
201800052458,18,6,23,1730,1,2,1,1.0,6.0,75113,M,4883010.0,234781.0,75
201800052459,18,6,24,1200,1,2,5,1.0,3.0,75113,M,4882580.0,235041.0,75
201800052460,18,6,26,1140,1,2,3,1.0,3.0,75113,M,4883750.0,235807.0,75
201800052461,18,6,28,1,5,2,1,1.0,6.0,75113,M,4884250.0,236373.0,75
201800052462,18,6,28,1355,1,2,3,1.0,3.0,75113,M,4882160.0,235255.0,75
201800052463,18,6,28,1750,1,2,2,7.0,6.0,75113,M,4881920.0,235948.0,75
201800052464,18,6,29,2126,3,2,3,1.0,3.0,75106,M,4884250.0,233818.0,75
201800052465,18,7,2,1740,1,2,2,1.0,7.0,75113,M,4883460.0,236734.0,75
201800052466,18,7,2,2230,5,2,1,1.0,6.0,75113,M,4884090.0,236925.0,75
201800052467,18,7,3,1433,1,2,1,1.0,3.0,75113,M,4883870.0,236085.0,75
201800052468,18,7,4,1624,1,2,7,1.0,3.0,75113,M,4883080.0,235589.0,75
201800052469,18,7,5,1158,1,2,3,1.0,6.0,75113,M,4882920.0,237422.0,75
201800052470,18,7,5,1520,1,2,9,8.0,3.0,75113,M,4881920.0,235948.0,75
201800052471,18,7,7,1205,1,2,7,1.0,6.0,75113,M,4883220.0,235605.0,75
201800052472,18,7,7,1320,1,2,1,1.0,3.0,75113,M,4881700.0,236590.0,75
201800052473,18,7,7,1605,1,2,5,1.0,6.0,75113,M,4882580.0,235041.0,75
201800052474,18,7,8,2240,5,2,2,1.0,6.0,75113,M,4881760.0,235328.0,75
201800052475,18,7,10,940,1,2,1,1.0,7.0,75113,M,4881800.0,234417.0,75
201800052476,18,7,10,2200,5,2,1,1.0,2.0,75113,M,4882620.0,234312.0,75
201800052477,18,7,12,810,1,2,3,1.0,4.0,75113,M,4883440.0,235353.0,75
201800052478,18,7,17,1,5,2,2,1.0,6.0,75113,M,4883407.0,236534.0,75
201800052479,18,7,17,2300,5,2,2,1.0,2.0,75113,M,4883678.0,237198.0,75
201800052480,18,7,18,940,1,2,2,1.0,6.0,75113,M,4883029.0,235305.0,75
201800052481,18,7,18,2105,1,2,2,1.0,3.0,75113,M,4883090.0,237749.0,75
201800052482,18,7,19,1700,1,2,3,1.0,3.0,75113,M,,,75
201800052483,18,7,24,822,1,2,2,1.0,3.0,75112,M,,,75
201800052484,18,7,24,1015,1,1,1,1.0,2.0,75113,M,4881647.0,234092.0,75
201800052485,18,7,26,1500,1,2,2,1.0,7.0,75105,M,4883951.0,234765.0,75
201800052486,18,7,26,2000,1,2,1,1.0,3.0,75112,M,4882503.0,238452.0,75
201800052487,18,7,31,1330,1,2,1,1.0,2.0,75113,M,,,75
201800052488,18,8,1,135,5,2,4,1.0,3.0,75114,M,4282220.0,231422.0,75
201800052489,18,8,1,1426,1,2,2,1.0,6.0,75113,M,,,75
201800052490,18,8,3,2020,1,2,2,1.0,3.0,75113,M,4883046.0,237669.0,75
201800052491,18,8,5,1347,1,2,2,1.0,1.0,75113,M,4883228.0,237961.0,75
201800052492,18,8,6,1450,1,2,1,1.0,3.0,75113,M,4883448.0,236722.0,75
201800052493,18,8,7,1300,1,2,1,1.0,6.0,75113,M,,,75
201800052494,18,8,7,2330,5,2,7,1.0,3.0,75113,M,4884446.0,236515.0,75
201800052495,18,8,13,2305,5,2,2,1.0,3.0,75113,M,,,75
201800052496,18,8,18,140,5,2,1,1.0,6.0,75113,M,,,75
201800052497,18,8,18,1820,1,2,2,1.0,6.0,75113,M,,,75
201800052498,18,8,19,45,5,2,1,1.0,2.0,75113,M,4881664.0,234453.0,75
201800052499,18,8,20,805,1,2,1,2.0,6.0,75113,M,4883247.0,235317.0,75
201800052500,18,8,21,1005,1,2,7,1.0,3.0,75113,M,4884356.0,236550.0,75
201800052501,18,8,23,1425,1,2,1,1.0,6.0,75113,M,4880000.0,235000.0,75
201800052502,18,8,23,1850,1,2,1,1.0,6.0,75113,M,,,75
201800052503,18,8,24,345,5,2,7,1.0,3.0,75105,M,4885350.0,234409.0,75
201800052504,18,8,25,125,5,2,1,1.0,3.0,75112,M,4884436.0,236500.0,75
201800052505,18,8,25,813,1,2,1,1.0,2.0,75105,M,4883875.0,235735.0,75
201800052506,18,8,25,2250,5,2,3,1.0,6.0,75113,M,4882555.0,237461.0,75
201800052507,18,8,27,2345,5,2,3,1.0,6.0,75113,M,4883288.0,234590.0,75
201800052508,18,8,28,50,5,2,1,1.0,6.0,75113,M,4882110.0,235890.0,75
201800052509,18,8,28,1700,1,2,1,1.0,7.0,75113,M,4883607.0,235267.0,75
201800052510,18,8,30,1240,1,2,1,1.0,7.0,75113,M,4882872.0,235663.0,75
201800052511,18,8,30,1830,1,2,1,1.0,6.0,75106,M,4885515.0,233390.0,75
201800052512,18,8,30,2145,5,2,2,1.0,3.0,75113,M,4883635.0,237142.0,75
201800052513,18,8,31,228,5,2,7,1.0,3.0,75113,M,4884425.0,236477.0,75
201800052514,18,9,4,120,5,2,5,1.0,2.0,75113,M,4882661.0,236374.0,75
201800052515,18,9,5,1540,1,2,2,1.0,3.0,75113,M,4883334.0,236860.0,75
201800052516,18,9,5,1720,1,2,1,1.0,3.0,75113,M,4883590.0,234917.0,75
201800052517,18,9,7,129,5,2,7,1.0,6.0,75106,M,4885755.0,233795.0,75
201800052518,18,9,7,1420,1,2,1,1.0,3.0,75113,M,4882000.0,235000.0,75
201800052519,18,9,10,1250,1,2,1,1.0,3.0,75113,M,4882098.0,235549.0,75
201800052520,18,9,11,135,5,2,2,1.0,6.0,75113,M,4883200.0,237900.0,75
201800052521,18,9,11,1510,1,2,7,1.0,3.0,75113,M,4883090.0,235545.0,75
201800052522,18,9,12,2030,5,1,1,1.0,5.0,75113,M,4880000.0,235000.0,75
201800052523,18,9,13,2015,5,2,2,1.0,2.0,75113,M,4882615.0,235729.0,75
201800052524,18,9,14,2030,5,2,2,1.0,3.0,75113,M,,,75
201800052525,18,9,14,2040,5,2,3,1.0,6.0,75113,M,4882335.0,237485.0,75
201800052526,18,9,15,610,5,2,1,1.0,2.0,75113,M,4882508.0,236030.0,75
201800052527,18,9,15,1300,1,2,3,1.0,7.0,75113,M,4882576.0,237475.0,75
201800052528,18,9,15,1930,5,2,4,1.0,3.0,75113,M,,,75
201800052529,18,9,16,2300,5,2,3,1.0,3.0,75113,M,4882616.0,235588.0,75
201800052530,18,9,17,925,1,2,2,1.0,3.0,75113,M,4883000.0,235000.0,75
201800052531,18,9,17,1625,1,2,3,1.0,6.0,75113,M,,,75
201800052532,18,9,17,1900,1,2,6,1.0,3.0,75113,M,4886666.0,233333.0,75
201800052533,18,9,19,1715,1,2,1,1.0,3.0,75113,M,4883157.0,235723.0,75
201800052534,18,9,20,1640,1,2,2,1.0,6.0,75113,M,4843840.0,235724.0,75
201800052535,18,9,23,725,2,2,7,8.0,3.0,75113,M,4883186.0,235564.0,75
201800052536,18,9,23,1140,1,2,2,2.0,6.0,75113,M,4883479.0,234510.0,75
201800052537,18,9,23,1600,1,2,2,2.0,2.0,75113,M,4886666.0,233333.0,75
201800052538,18,9,23,1535,1,2,2,3.0,6.0,75105,M,4884408.0,233912.0,75
201800052539,18,9,23,2017,5,2,3,1.0,3.0,75113,M,4883880.0,236121.0,75
201800052540,18,9,23,2120,3,2,2,2.0,3.0,75113,M,4800000.0,237373.0,75
201800052541,18,9,25,1545,1,2,3,1.0,6.0,75113,M,4882738.0,235670.0,75
201800052542,18,9,26,1945,5,2,2,1.0,6.0,75113,M,4883117.0,234413.0,75
201800052543,18,9,26,2035,5,2,2,1.0,6.0,75113,M,4882163.0,236969.0,75
201800052544,18,9,27,1530,1,2,1,1.0,3.0,75113,M,4882885.0,237337.0,75
201800052545,18,9,27,2015,5,2,1,1.0,6.0,75113,M,4882137.0,237067.0,75
201800052546,18,9,30,1135,1,2,3,1.0,6.0,75113,M,4882521.0,235770.0,75
201800052547,18,9,30,2022,5,2,3,1.0,3.0,75113,M,4883296.0,237870.0,75
201800052548,18,10,2,915,1,2,3,1.0,6.0,75113,M,4882848.0,235672.0,75
201800052549,18,10,3,1630,1,2,1,1.0,3.0,75113,M,4882115.0,235856.0,75
201800052550,18,10,4,2035,5,2,1,1.0,3.0,75113,M,4882894.0,237356.0,75
201800052551,18,10,4,2050,5,2,3,1.0,3.0,75113,M,4881902.0,236093.0,75
201800052552,18,10,5,2310,5,2,2,1.0,3.0,75113,M,4882574.0,234729.0,75
201800052553,18,10,8,810,1,2,1,1.0,6.0,75113,M,4883345.0,238192.0,75
201800052554,18,10,8,810,1,2,2,1.0,3.0,75113,M,,,75
201800052555,18,10,9,1420,1,2,3,1.0,3.0,75113,M,4882126.0,237075.0,75
201800052556,18,10,10,825,1,2,3,1.0,6.0,75113,M,4882835.0,235808.0,75
201800052557,18,10,10,1404,1,2,2,1.0,6.0,75113,M,,,75
201800052558,18,10,10,2020,5,2,2,1.0,3.0,75113,M,4882658.0,236349.0,75
201800052559,18,10,11,1200,1,2,1,1.0,6.0,75113,M,4883815.0,235617.0,75
201800052560,18,10,11,1625,1,2,3,1.0,3.0,75113,M,4882888.0,237254.0,75
201800052561,18,10,12,915,1,2,1,1.0,6.0,75113,M,4883442.0,236770.0,75
201800052562,18,10,12,1230,1,2,1,1.0,3.0,75112,M,4883264.0,238051.0,75
201800052563,18,10,14,1255,1,2,2,1.0,3.0,75113,M,4881889.0,235910.0,75
201800052564,18,10,14,1835,1,2,3,1.0,6.0,75113,M,4882502.0,236985.0,75
201800052565,18,10,14,2233,5,2,4,1.0,3.0,75113,M,4882700.0,237100.0,75
201800052566,18,10,15,2335,5,2,1,1.0,3.0,75113,M,,,75
201800052567,18,10,17,1045,1,2,3,1.0,3.0,75113,M,4883114.0,236007.0,75
201800052568,18,10,17,1050,1,2,4,1.0,3.0,75113,M,4883459.0,234590.0,75
201800052569,18,10,17,745,2,2,3,1.0,7.0,75113,M,4882426.0,237658.0,75
201800052570,18,10,21,1541,1,2,1,1.0,3.0,75113,M,,,75