Num_Acc,an,mois,jour,hrmn,lum,agg,int,atm,col,com,gps,lat,long,dep
201800052571,18,10,21,1845,5,2,1,1.0,6.0,75113,M,4881908.0,236314.0,75
201800052572,18,10,22,1009,1,2,2,8.0,6.0,75113,M,4882248.0,237133.0,75
201800052573,18,10,24,925,1,2,1,1.0,2.0,75113,M,4883601.0,237038.0,75
201800052574,18,10,25,1120,1,2,1,1.0,6.0,75113,M,4883016.0,235635.0,75
201800052575,18,10,27,1650,1,2,2,1.0,3.0,75113,M,4882590.0,234509.0,75
201800052576,18,10,28,2045,5,2,3,1.0,6.0,75113,M,4882735.0,236929.0,75
201800052577,18,10,29,1510,1,2,2,1.0,3.0,75113,M,4881888.0,235952.0,75
201800052578,18,10,30,1445,1,2,1,1.0,2.0,75113,M,4882695.0,236582.0,75
201800052579,18,10,31,1910,5,2,3,2.0,3.0,75113,M,4882292.0,235290.0,75
201800052580,18,11,5,1810,5,2,2,1.0,6.0,75113,M,,,75
201800052581,18,11,6,1735,2,2,3,1.0,6.0,75113,M,4886000.0,228000.0,75
201800052582,18,11,6,1900,5,2,2,1.0,6.0,75113,M,,,75
201800052583,18,11,6,1833,5,2,1,1.0,2.0,75113,M,4881863.0,237080.0,75
201800052584,18,11,7,1525,1,2,4,8.0,3.0,75113,M,4881573.0,236072.0,75
201800052585,18,11,8,1008,1,2,1,1.0,6.0,75113,M,4882979.0,237597.0,75
201800052586,18,11,8,1935,5,2,2,1.0,3.0,75113,M,4883503.0,234490.0,75
201800052587,18,11,9,1825,5,2,3,1.0,6.0,75113,M,4882739.0,234699.0,75
201800052588,18,11,9,2300,5,2,2,1.0,6.0,75113,M,4883505.0,236903.0,75
201800052589,18,11,10,1539,1,2,2,3.0,7.0,75113,M,4884205.0,236797.0,75
201800052590,18,11,10,1650,2,2,2,2.0,3.0,75113,M,4883000.0,234000.0,75
201800052591,18,11,10,2005,5,2,5,1.0,6.0,75113,M,4882649.0,236337.0,75
201800052592,18,11,12,740,1,2,2,2.0,6.0,75113,M,4884202.0,236778.0,75
201800052593,18,11,12,1810,5,2,3,1.0,7.0,75113,M,4882559.0,235716.0,75
201800052594,18,11,14,800,1,2,3,1.0,6.0,75113,M,4882727.0,236916.0,75
201800052595,18,11,15,757,1,2,2,8.0,6.0,75113,M,4883461.0,236746.0,75
201800052596,18,11,15,855,1,2,3,5.0,6.0,75113,M,4881581.0,235974.0,75
201800052597,18,11,16,700,5,2,2,8.0,3.0,75113,M,4882000.0,235000.0,75
201800052598,18,11,16,715,5,2,2,8.0,3.0,75113,M,4882504.0,236223.0,75
201800052599,18,11,16,1050,1,2,1,1.0,6.0,75113,M,4883835.0,236452.0,75
201800052600,18,11,16,1430,1,2,2,1.0,3.0,75113,M,4883115.0,237749.0,75
201800052601,18,11,16,2004,5,2,2,1.0,6.0,75113,M,4883103.0,237778.0,75
201800052602,18,11,17,1445,1,2,2,1.0,7.0,75113,M,4882796.0,234566.0,75
201800052603,18,11,18,45,5,2,2,1.0,3.0,75113,M,4882675.0,236421.0,75
201800052604,18,11,19,930,2,2,2,1.0,6.0,75113,M,4882849.0,237881.0,75
201800052605,18,11,19,1240,1,2,1,1.0,2.0,75113,M,4881659.0,234812.0,75
201800052606,18,11,21,924,1,2,2,1.0,3.0,75113,M,4883636.0,235880.0,75
201800052607,18,11,23,1735,5,2,2,1.0,3.0,75113,M,4883456.0,235785.0,75
201800052608,18,11,26,1624,2,2,2,8.0,3.0,75113,M,4882217.0,235853.0,75
201800052609,18,11,26,2124,5,2,2,8.0,6.0,75113,M,4883190.0,237990.0,75
201800052610,18,11,27,1810,5,2,2,2.0,3.0,75113,M,,,75
201800052611,18,11,27,1910,2,2,3,2.0,6.0,75114,M,4881946.0,234423.0,75
201800052612,18,11,30,820,1,2,2,1.0,6.0,75113,M,4882621.0,235678.0,75
201800052613,18,12,2,215,5,2,2,2.0,2.0,75107,M,4886268.0,231077.0,75
201800052614,18,12,3,1500,1,2,2,2.0,2.0,75113,M,4881750.0,236004.0,75
201800052615,18,12,3,1805,5,2,7,8.0,3.0,75113,M,4883100.0,235620.0,75
201800052616,18,12,4,715,5,2,7,2.0,3.0,75113,M,4883127.0,235629.0,75
201800052617,18,12,4,935,1,2,1,8.0,6.0,75113,M,,,75
201800052618,18,12,4,1025,1,2,3,1.0,3.0,75113,M,4883784.0,237393.0,75
201800052619,18,12,4,2055,5,2,1,1.0,3.0,75113,M,4886666.0,233330.0,75
201800052620,18,12,11,1215,1,2,1,1.0,6.0,75113,M,4882814.0,237249.0,75
201800052621,18,12,12,1810,3,2,1,1.0,6.0,75113,M,4881802.0,236610.0,75
201800052622,18,12,13,950,1,2,3,1.0,6.0,75113,M,4882991.0,235617.0,75
201800052623,18,12,13,2339,5,2,2,1.0,3.0,75113,M,4883000.0,235000.0,75
201800052624,18,12,14,940,1,2,4,1.0,7.0,75113,M,4883813.0,234227.0,75
201800052625,18,12,14,1345,1,2,3,1.0,3.0,75113,M,4883620.0,235930.0,75
201800052626,18,12,16,110,4,2,2,2.0,6.0,75113,M,4888000.0,235640.0,75
201800052627,18,12,16,1515,1,2,1,1.0,4.0,75113,M,4882962.0,237481.0,75
201800052628,18,12,17,920,1,2,2,1.0,6.0,75113,M,4881875.0,235948.0,75
201800052629,18,12,18,1730,5,2,1,1.0,6.0,75113,M,4882068.0,235872.0,75
201800052630,18,12,20,720,5,2,3,1.0,3.0,75113,M,4882280.0,235855.0,75
201800052631,18,12,20,2215,5,2,4,1.0,3.0,75113,M,4881972.0,237283.0,75
201800052632,18,12,21,745,5,2,3,2.0,3.0,75113,M,4883233.0,236484.0,75
201800052633,18,12,21,950,1,2,7,2.0,7.0,75113,M,4883650.0,235985.0,75
201800052634,18,12,21,1815,4,2,1,1.0,6.0,75113,M,,,75
201800052635,18,12,23,2220,5,2,2,2.0,3.0,75113,M,,,75
201800052636,18,12,30,1755,5,2,2,2.0,3.0,75113,M,4884199.0,236786.0,75
201800052637,18,12,31,1,5,2,4,2.0,6.0,75113,M,4884290.0,236649.0,75
201800052638,18,12,31,1345,1,2,1,8.0,6.0,75113,M,4882000.0,237000.0,75
201800052639,18,12,31,2340,5,2,1,1.0,6.0,75114,M,4882339.0,231665.0,75
201800052640,18,1,4,700,5,2,2,2.0,3.0,75114,M,4883680.0,232073.0,75
201800052641,18,1,5,1210,1,2,4,8.0,6.0,75114,M,4883600.0,232183.0,75
201800052642,18,1,5,1847,5,2,1,6.0,3.0,75113,M,4881620.0,235818.0,75
201800052643,18,1,7,1820,5,2,3,8.0,6.0,75114,M,4883150.0,231528.0,75
201800052644,18,1,8,1900,5,2,1,1.0,2.0,75114,M,4883800.0,233598.0,75
201800052645,18,1,10,1500,1,2,3,1.0,6.0,75114,M,4882980.0,232115.0,75
201800052646,18,1,17,735,5,2,2,2.0,6.0,75105,M,4883940.0,233755.0,75
201800052647,18,1,17,2150,5,2,2,1.0,3.0,75114,M,4882920.0,231730.0,75
201800052648,18,1,18,1150,2,2,3,2.0,3.0,75114,M,4881970.0,234163.0,75
201800052649,18,1,18,1345,1,2,2,8.0,6.0,75114,M,4883070.0,233385.0,75
201800052650,18,1,19,2310,5,2,5,1.0,7.0,75114,M,4883440.0,232178.0,75
201800052651,18,1,20,601,5,2,2,2.0,6.0,75114,M,4883550.0,231546.0,75
201800052652,18,1,21,1845,5,2,4,2.0,6.0,75114,M,4882470.0,232588.0,75
201800052653,18,1,23,820,1,2,3,1.0,3.0,75114,M,4883700.0,232351.0,75
201800052654,18,1,24,1145,1,2,3,1.0,6.0,75114,M,4882960.0,232833.0,75
201800052655,18,1,25,1820,5,2,4,1.0,6.0,75114,M,4882440.0,232031.0,75
201800052656,18,1,28,507,5,2,2,2.0,3.0,75114,M,4883680.0,232073.0,75
201800052657,18,1,29,1820,5,2,2,1.0,2.0,75114,M,4883130.0,231983.0,75
201800052658,18,1,30,100,5,2,1,1.0,3.0,75114,M,4883900.0,232295.0,75
201800052659,18,2,1,1030,1,2,4,1.0,6.0,75107,M,4885800.0,231519.0,75
201800052660,18,2,2,1430,1,2,3,1.0,3.0,75114,M,4884060.0,232176.0,75
201800052661,18,2,2,1450,1,2,3,1.0,2.0,75114,M,4884060.0,232176.0,75
201800052662,18,2,2,1800,5,2,3,1.0,1.0,75114,M,4882690.0,233860.0,75
201800052663,18,2,9,1940,5,2,7,9.0,6.0,75107,M,4885390.0,231139.0,75
201800052664,18,2,10,1200,1,2,2,1.0,3.0,75114,M,4883330.0,233615.0,75
201800052665,18,2,11,750,5,2,4,1.0,6.0,75114,M,4883620.0,232350.0,75
201800052666,18,2,11,1945,5,2,2,1.0,3.0,75114,M,4883200.0,232223.0,75
201800052667,18,2,13,1135,1,2,7,1.0,6.0,75114,M,4883380.0,233333.0,75
201800052668,18,2,15,820,1,2,2,2.0,2.0,75114,M,4882320.0,232552.0,75
201800052669,18,2,17,1130,1,2,3,1.0,2.0,75114,M,4882390.0,231770.0,75
201800052670,18,2,19,1315,1,2,2,2.0,6.0,75114,M,4883220.0,231284.0,75
201800052671,18,2,22,2345,5,2,2,1.0,3.0,75114,M,4883600.0,232760.0,75
201800052672,18,2,24,152,5,2,3,1.0,6.0,75105,M,4885060.0,234641.0,75
201800052673,18,3,2,1700,1,2,2,1.0,6.0,75114,M,4883750.0,231856.0,75
201800052674,18,3,2,2120,5,2,2,1.0,3.0,75114,M,4882930.0,232262.0,75
201800052675,18,3,7,1400,1,2,2,2.0,6.0,75114,M,4883180.0,231413.0,75
201800052676,18,3,8,1155,1,2,7,8.0,6.0,75114,M,4882200.0,232532.0,75
201800052677,18,3,8,1905,5,2,2,2.0,7.0,75114,M,4882360.0,230831.0,75
201800052678,18,3,11,130,5,2,5,3.0,2.0,75106,M,4885310.0,233604.0,75
201800052679,18,3,12,820,1,2,1,2.0,3.0,75114,M,4883270.0,233739.0,75
201800052680,18,3,12,915,1,2,4,1.0,3.0,75114,M,4884050.0,233009.0,75
201800052681,18,3,14,1520,1,2,2,1.0,3.0,75114,M,4882770.0,230530.0,75
201800052682,18,3,15,1535,1,2,2,1.0,2.0,75114,M,4882960.0,232833.0,75
201800052683,18,3,15,2055,5,2,1,2.0,3.0,75114,M,4882580.0,232611.0,75
201800052684,18,3,18,1700,1,2,3,4.0,6.0,75114,M,4883010.0,232036.0,75
201800052685,18,3,19,1330,1,2,1,1.0,3.0,75114,M,4883340.0,231238.0,75
201800052686,18,3,19,1620,1,2,3,8.0,6.0,75114,M,4883210.0,231046.0,75
201800052687,18,3,20,645,2,2,7,1.0,3.0,75114,M,4882810.0,232689.0,75
201800052688,18,3,20,2100,5,2,1,1.0,3.0,75114,M,4882460.0,231398.0,75
201800052689,18,3,23,1520,1,2,2,8.0,6.0,75114,M,4882780.0,233250.0,75
201800052690,18,3,24,850,1,2,5,1.0,6.0,75114,M,4882770.0,230530.0,75
201800052691,18,3,23,1715,1,2,2,1.0,6.0,75114,M,4882930.0,232262.0,75
201800052692,18,3,25,1920,1,2,3,1.0,1.0,75114,M,4883440.0,231889.0,75
201800052693,18,3,25,2100,5,2,1,2.0,6.0,75114,M,4882580.0,231370.0,75
201800052694,18,3,27,915,1,2,1,2.0,6.0,75114,M,4882560.0,232605.0,75
201800052695,18,3,30,1100,1,2,2,8.0,2.0,75114,M,4883190.0,232014.0,75
201800052696,18,3,30,1725,1,2,1,1.0,3.0,75114,M,4882620.0,230447.0,75
201800052697,18,3,31,910,1,2,2,1.0,2.0,75114,M,4882440.0,232581.0,75
201800052698,18,4,4,1935,1,2,7,1.0,2.0,75114,M,4882780.0,232667.0,75
201800052699,18,3,28,2115,5,2,1,9.0,6.0,75114,M,4882170.0,231759.0,75
201800052700,18,4,6,1745,1,2,1,1.0,2.0,75114,M,4883170.0,233020.0,75
201800052701,18,4,7,1020,1,2,4,1.0,2.0,75114,M,4883620.0,232350.0,75
201800052702,18,4,7,2220,5,2,3,1.0,6.0,75114,M,4882800.0,231548.0,75
201800052703,18,4,9,1450,1,2,7,2.0,6.0,75114,M,4883420.0,233234.0,75
201800052704,18,4,9,2000,2,2,3,2.0,5.0,75114,M,4883620.0,232719.0,75
201800052705,18,4,10,1700,1,2,1,6.0,6.0,75114,M,4883250.0,231684.0,75
201800052706,18,4,14,1140,1,2,3,1.0,1.0,75114,M,4882630.0,231301.0,75
201800052707,18,4,17,530,2,2,1,1.0,6.0,75114,M,4883240.0,232071.0,75
201800052708,18,4,18,1110,1,2,1,1.0,6.0,75114,M,4883760.0,233118.0,75
201800052709,18,4,19,1722,1,2,1,1.0,6.0,75114,M,4883080.0,231206.0,75
201800052710,18,4,20,2310,5,2,3,1.0,6.0,75105,M,4885040.0,235354.0,75
201800052711,18,4,24,2234,5,2,7,1.0,6.0,75114,M,4883380.0,233333.0,75
201800052712,18,4,25,640,2,2,2,1.0,6.0,75114,M,4882710.0,232497.0,75
201800052713,18,4,26,1540,1,2,1,1.0,6.0,75114,M,4883940.0,232096.0,75
201800052714,18,4,27,550,5,2,1,1.0,7.0,75114,M,4882480.0,232591.0,75
201800052715,18,4,29,1758,1,2,1,2.0,6.0,75114,M,4882440.0,230601.0,75
201800052716,18,4,30,950,1,2,1,1.0,6.0,75114,M,4882010.0,232575.0,75
201800052717,18,5,3,945,1,2,3,1.0,7.0,75107,M,4886280.0,231163.0,75
201800052718,18,5,3,1150,1,2,1,1.0,6.0,75114,M,4882580.0,231224.0,75
201800052719,18,5,4,745,1,2,7,1.0,2.0,75114,M,4883730.0,231877.0,75
201800052720,18,5,5,1420,1,2,4,1.0,6.0,75114,M,4882780.0,232903.0,75
201800052721,18,5,9,2000,1,2,1,1.0,6.0,75114,M,4882160.0,232754.0,75
201800052722,18,5,11,1045,1,2,4,1.0,6.0,75114,M,4883210.0,233953.0,75
201800052723,18,5,15,1100,1,2,1,8.0,2.0,75114,M,4884020.0,233515.0,75
201800052724,18,5,15,1800,1,2,3,1.0,3.0,75114,M,4883030.0,232586.0,75
201800052725,18,5,17,1125,1,2,7,1.0,3.0,75114,M,4883730.0,231877.0,75
201800052726,18,5,18,2100,1,2,1,1.0,3.0,75114,M,4882610.0,232620.0,75
201800052727,18,5,19,1630,1,2,3,1.0,3.0,75114,M,4883220.0,231284.0,75
201800052728,18,5,20,940,1,2,2,1.0,6.0,75114,M,4882460.0,231928.0,75
201800052729,18,5,20,1800,1,2,2,1.0,3.0,75114,M,4882270.0,232263.0,75
201800052730,18,5,22,1800,1,2,4,2.0,6.0,75114,M,4882980.0,232602.0,75
201800052731,18,5,24,750,1,2,1,1.0,7.0,75113,M,4881690.0,234830.0,75
201800052732,18,5,24,825,1,2,7,1.0,3.0,75114,M,4883690.0,231849.0,75
201800052733,18,5,24,900,1,2,4,1.0,3.0,75114,M,4882910.0,232634.0,75
201800052734,18,5,24,1345,1,2,1,1.0,6.0,75114,M,4883910.0,233668.0,75
201800052735,18,5,25,940,1,2,1,1.0,4.0,75113,M,4881810.0,236832.0,75
201800052736,18,5,26,1220,1,2,2,1.0,3.0,75114,M,4882230.0,231415.0,75
201800052737,18,5,27,400,5,2,5,1.0,3.0,75114,M,4882460.0,231928.0,75
201800052738,18,6,2,1615,1,2,2,1.0,3.0,75114,M,4882600.0,231255.0,75
201800052739,18,6,4,1425,1,2,1,1.0,2.0,75114,M,4883230.0,233995.0,75
201800052740,18,6,4,1955,1,2,2,1.0,3.0,75114,M,4883680.0,232073.0,75
201800052741,18,6,5,1850,1,2,1,1.0,3.0,75114,M,4882820.0,232714.0,75
201800052742,18,6,6,1810,1,2,3,2.0,7.0,75114,M,4881970.0,234163.0,75
201800052743,18,6,7,1250,1,2,3,1.0,6.0,75114,M,4883130.0,232984.0,75
201800052744,18,6,12,842,1,2,7,2.0,3.0,75114,M,4882780.0,232667.0,75
201800052745,18,6,12,1030,1,2,2,2.0,2.0,75114,M,4883300.0,233597.0,75
201800052746,18,6,11,1855,1,2,1,1.0,6.0,75114,M,4883160.0,232478.0,75
201800052747,18,6,12,1655,1,2,3,1.0,3.0,75114,M,4883070.0,232376.0,75
201800052748,18,6,14,1605,1,2,2,1.0,3.0,75114,M,4882450.0,233831.0,75
201800052749,18,6,12,1357,1,2,7,1.0,2.0,75114,M,4883440.0,233242.0,75
201800052750,18,6,14,1710,1,2,3,8.0,3.0,75114,M,4882540.0,231384.0,75
201800052751,18,6,15,1908,1,2,3,1.0,3.0,75114,M,4882720.0,233665.0,75
201800052752,18,6,15,2138,2,2,2,1.0,3.0,75114,M,4883650.0,232014.0,75
201800052753,18,6,16,1700,1,2,1,1.0,2.0,75114,M,4882690.0,233826.0,75
201800052754,18,6,16,1840,1,2,3,1.0,7.0,75107,M,4885790.0,230723.0,75
201800052755,18,6,18,1025,1,2,2,2.0,6.0,75114,M,4883410.0,233653.0,75
201800052756,18,6,18,1455,1,2,7,1.0,3.0,75114,M,4882400.0,233093.0,75
201800052757,18,6,18,1925,1,2,3,1.0,6.0,75114,M,4883390.0,231441.0,75
201800052758,18,6,18,1955,1,2,4,1.0,3.0,75114,M,4883850.0,232261.0,75
201800052759,18,6,19,1435,1,2,1,1.0,2.0,75114,M,4882890.0,232779.0,75
201800052760,18,6,19,1520,1,2,1,1.0,2.0,75114,M,4883690.0,233485.0,75
201800052761,18,6,20,800,1,2,5,1.0,3.0,75114,M,4882230.0,231415.0,75
201800052762,18,6,20,1915,1,2,7,1.0,6.0,75114,M,4883430.0,233086.0,75
201800052763,18,6,21,1425,1,2,1,1.0,6.0,75114,M,4884300.0,232651.0,75
201800052764,18,6,22,2000,1,2,3,1.0,3.0,75114,M,4882990.0,232310.0,75
201800052765,18,6,23,2130,2,2,1,1.0,6.0,75114,M,4882900.0,230802.0,75
201800052766,18,6,26,920,1,2,7,1.0,3.0,75114,M,4883440.0,233242.0,75
201800052767,18,6,26,2305,5,2,2,1.0,3.0,75115,M,4883720.0,229641.0,75
201800052768,18,6,29,1500,1,2,7,1.0,3.0,75114,M,4882780.0,232667.0,75
201800052769,18,7,2,1515,1,2,1,1.0,6.0,75114,M,4882480.0,232591.0,75
201800052770,18,7,3,1720,1,2,2,1.0,3.0,75107,M,4886000.0,232170.0,75
201800052771,18,7,4,1855,1,2,3,1.0,3.0,75114,M,4882590.0,232226.0,75
201800052772,18,7,6,1755,1,2,3,1.0,2.0,75115,M,4883740.0,227962.0,75
201800052773,18,7,6,1955,1,2,2,1.0,3.0,75114,M,4883600.0,232760.0,75
201800052774,18,7,8,1045,1,2,7,1.0,6.0,75107,M,4885380.0,231238.0,75
201800052775,18,7,9,940,1,2,1,1.0,1.0,75114,M,4882370.0,233581.0,75
201800052776,18,7,11,1250,1,2,1,1.0,6.0,75114,M,4882250.0,232545.0,75
201800052777,18,7,12,1300,1,2,1,1.0,3.0,75106,M,4884000.0,233564.0,75
201800052778,18,7,13,1630,1,2,2,1.0,6.0,75114,M,4883160.0,232442.0,75
201800052779,18,7,17,1145,1,2,3,1.0,2.0,75114,M,4882000.0,232000.0,75
201800052780,18,7,17,1500,1,2,2,1.0,2.0,75114,M,4881964.0,232640.0,75
201800052781,18,7,17,1510,1,2,1,1.0,6.0,75114,M,4881780.0,233256.0,75
201800052782,18,7,18,1545,1,2,5,1.0,2.0,75114,M,4584200.0,232900.0,75
201800052783,18,7,18,2110,5,2,2,1.0,3.0,75114,M,4882427.0,231918.0,75
201800052784,18,7,19,910,1,2,2,1.0,6.0,75114,M,4881997.0,234329.0,75
201800052785,18,7,20,1550,1,2,1,1.0,6.0,75114,M,,,75
201800052786,18,7,20,1720,1,2,1,1.0,3.0,75114,M,4883825.0,233935.0,75
201800052787,18,7,20,1800,1,2,3,2.0,3.0,75114,M,4882700.0,230500.0,75
201800052788,18,7,23,600,2,2,5,1.0,3.0,75114,M,4882238.0,231447.0,75
201800052789,18,7,24,1830,1,2,1,1.0,6.0,75114,M,4882842.0,232175.0,75
201800052790,18,7,26,1445,1,2,1,1.0,6.0,75114,M,4883164.0,232630.0,75
201800052791,18,7,28,1125,1,2,3,1.0,6.0,75114,M,4883279.0,232474.0,75
201800052792,18,7,28,2350,5,2,2,1.0,3.0,75114,M,4883000.0,231700.0,75
201800052793,18,7,30,1810,1,2,5,1.0,6.0,75114,M,4883000.0,231900.0,75
201800052794,18,8,2,2350,5,2,3,1.0,3.0,75114,M,4883531.0,232915.0,75
201800052795,18,8,6,920,1,2,4,1.0,3.0,75114,M,4884000.0,233000.0,75
201800052796,18,8,8,915,1,2,1,1.0,2.0,75114,M,4880000.0,231000.0,75
201800052797,18,8,11,515,5,2,1,1.0,1.0,75114,M,4883197.0,233073.0,75
201800052798,18,8,12,2145,5,2,3,1.0,4.0,75107,M,4885925.0,229346.0,75
201800052799,18,8,13,1545,1,2,1,1.0,6.0,75114,M,4884271.0,232673.0,75
201800052800,18,8,13,2305,5,2,2,1.0,7.0,75114,M,4881957.0,234353.0,75
201800052801,18,8,20,1830,1,2,3,1.0,6.0,75114,M,,,75
201800052802,18,8,25,2300,5,2,2,8.0,3.0,75114,M,4883927.0,232842.0,75
201800052803,18,8,28,1915,1,2,1,1.0,2.0,75114,M,,,75
201800052804,18,8,29,1445,1,2,7,2.0,3.0,75114,M,4882777.0,232681.0,75
201800052805,18,8,29,1630,1,2,3,1.0,2.0,75114,M,4883029.0,233284.0,75
201800052806,18,8,29,2135,5,2,1,1.0,3.0,75114,M,4881632.0,234168.0,75
201800052807,18,8,30,810,1,2,4,1.0,3.0,75114,M,4886083.0,234397.0,75
201800052808,18,8,30,1215,1,2,1,1.0,6.0,75114,M,4882819.0,232557.0,75
201800052809,18,8,30,1810,1,1,1,1.0,2.0,75114,M,4882108.0,232068.0,75
201800052810,18,8,30,2135,5,2,1,1.0,6.0,75114,M,4883220.0,232508.0,75
201800052811,18,9,1,1200,1,2,7,1.0,6.0,75114,M,4882297.0,232575.0,75
201800052812,18,9,3,1805,1,2,2,1.0,3.0,75114,M,,,75
201800052813,18,9,4,15,5,2,2,1.0,2.0,75114,M,4882058.0,232457.0,75
201800052814,18,9,4,1015,1,2,7,8.0,3.0,75114,M,4882700.0,230400.0,75
201800052815,18,9,7,720,1,2,2,1.0,3.0,75114,M,4882086.0,232113.0,75
201800052816,18,9,7,1220,1,2,1,1.0,6.0,75114,M,4883237.0,233331.0,75
201800052817,18,9,8,2015,5,2,1,1.0,3.0,75114,M,,,75
201800052818,18,9,9,1030,1,2,2,1.0,3.0,75114,M,4882300.0,232500.0,75
201800052819,18,9,14,1635,1,2,2,1.0,3.0,75114,M,4882966.0,231798.0,75
201800052820,18,9,15,1740,1,2,2,1.0,3.0,75114,M,4882121.0,233425.0,75
201800052821,18,9,19,1415,1,2,1,1.0,6.0,75114,M,4881998.0,233927.0,75
201800052822,18,9,19,1550,1,2,2,1.0,3.0,75114,M,4882294.0,232565.0,75
201800052823,18,9,21,2040,5,2,3,1.0,2.0,75114,M,4884179.0,232248.0,75
201800052824,18,9,22,2015,5,2,2,8.0,6.0,75114,M,4884100.0,232900.0,75
201800052825,18,9,23,1,5,2,1,1.0,6.0,75114,M,4882292.0,231532.0,75
201800052826,18,9,26,1136,1,2,4,1.0,6.0,75114,M,4800000.0,232000.0,75
201800052827,18,9,27,1940,5,2,1,1.0,3.0,75114,M,4883527.0,233358.0,75
201800052828,18,9,28,1750,1,2,1,1.0,2.0,75114,M,4882575.0,233536.0,75
201800052829,18,9,29,615,2,2,1,1.0,6.0,75114,M,4882433.0,233699.0,75
201800052830,18,9,29,1700,1,2,7,1.0,6.0,75114,M,4882187.0,232503.0,75
201800052831,18,10,1,826,1,2,1,1.0,6.0,75114,M,4883104.0,232989.0,75
201800052832,18,10,1,1000,1,2,1,1.0,6.0,75114,M,4883757.0,233934.0,75
201800052833,18,10,1,1100,1,2,1,1.0,2.0,75114,M,4882672.0,231368.0,75
201800052834,18,10,4,1000,1,2,2,1.0,2.0,75114,M,4882330.0,232675.0,75
201800052835,18,10,4,2125,5,2,1,1.0,7.0,75113,M,4884300.0,236500.0,75
201800052836,18,10,6,1100,1,2,1,1.0,6.0,75114,M,4882700.0,232600.0,75
201800052837,18,10,6,1545,1,2,2,1.0,3.0,75114,M,4882271.0,232240.0,75
201800052838,18,10,8,1200,1,2,1,1.0,2.0,75114,M,4882468.0,230492.0,75
201800052839,18,10,8,2230,5,2,2,1.0,6.0,75114,M,4882706.0,233724.0,75
201800052840,18,10,9,848,1,2,7,1.0,3.0,75114,M,4883365.0,233204.0,75
201800052841,18,10,11,1315,1,2,7,1.0,6.0,75114,M,4883437.0,233083.0,75
201800052842,18,10,11,2315,5,2,4,1.0,6.0,75114,M,4882000.0,232410.0,75
201800052843,18,10,12,1435,1,2,1,1.0,3.0,75114,M,4883607.0,233115.0,75
201800052844,18,10,13,1215,1,2,3,1.0,3.0,75114,M,4884146.0,232973.0,75
201800052845,18,10,13,1926,5,2,1,1.0,6.0,75114,M,4882272.0,232829.0,75
201800052846,18,10,14,1530,1,2,7,1.0,6.0,75114,M,4882256.0,232589.0,75
201800052847,18,10,14,1610,1,2,2,1.0,6.0,75114,M,4882916.0,231741.0,75
201800052848,18,10,14,2000,5,2,1,1.0,3.0,75114,M,4882764.0,232657.0,75
201800052849,18,10,16,1245,1,2,4,1.0,6.0,75114,M,4883614.0,232350.0,75
201800052850,18,10,17,1423,1,2,5,1.0,3.0,75115,M,4884000.0,227800.0,75
201800052851,18,10,17,2030,5,2,2,1.0,6.0,75114,M,4882269.0,231478.0,75
201800052852,18,10,19,715,5,2,1,1.0,3.0,75114,M,4882945.0,233347.0,75
201800052853,18,10,23,815,1,2,2,1.0,6.0,75105,M,4883879.0,233998.0,75
201800052854,18,10,23,1305,1,2,3,1.0,3.0,75114,M,4883770.0,233120.0,75
201800052855,18,10,26,1315,1,2,2,1.0,2.0,75114,M,4883459.0,231417.0,75
201800052856,18,10,26,1900,5,2,4,2.0,2.0,75114,M,4883953.0,233054.0,75
201800052857,18,10,27,1310,1,2,3,1.0,2.0,75114,M,4882560.0,231360.0,75
201800052858,18,10,28,545,5,2,3,1.0,6.0,75114,M,4884000.0,232210.0,75
201800052859,18,10,29,1330,1,2,3,1.0,3.0,75114,M,4882000.0,232400.0,75
201800052860,18,10,30,600,5,2,3,2.0,3.0,75114,M,4884116.0,233144.0,75
201800052861,18,10,31,1635,1,2,1,2.0,6.0,75114,M,4882178.0,234223.0,75
201800052862,18,11,1,1830,5,1,1,1.0,2.0,75114,M,4881688.0,233690.0,75
201800052863,18,11,2,1600,1,2,3,1.0,6.0,75114,M,4883100.0,231500.0,75
201800052864,18,11,10,2315,5,2,7,8.0,4.0,75114,M,4883366.0,233208.0,75
201800052865,18,11,11,200,5,2,2,2.0,6.0,75114,M,4882130.0,233451.0,75
201800052866,18,11,11,1855,5,2,2,2.0,7.0,75114,M,4882231.0,232901.0,75
201800052867,18,11,12,1730,5,2,1,8.0,6.0,75114,M,4883406.0,231844.0,75
201800052868,18,11,12,1805,2,2,2,8.0,3.0,75114,M,4883207.0,231091.0,75
201800052869,18,11,13,840,1,2,3,1.0,3.0,75114,M,,,75
201800052870,18,11,13,1020,1,2,3,1.0,7.0,75114,M,4883524.0,233238.0,75
201800052871,18,11,15,802,2,2,3,8.0,3.0,75114,M,4883345.0,231719.0,75
201800052872,18,11,16,1745,5,2,2,2.0,3.0,75107,M,4884600.0,231600.0,75
201800052873,18,11,16,2100,5,2,4,2.0,3.0,75114,M,4883392.0,232465.0,75
201800052874,18,11,19,1020,1,2,3,1.0,3.0,75114,M,4882713.0,232516.0,75
201800052875,18,11,19,1126,1,2,1,1.0,6.0,75114,M,4882924.0,232652.0,75
201800052876,18,11,19,1350,1,2,1,8.0,6.0,75114,M,,,75