Num_Acc,an,mois,jour,hrmn,lum,agg,int,atm,col,com,gps,lat,long,dep
201800052877,18,11,20,1650,2,2,2,1.0,6.0,75114,M,4882011.0,232441.0,75
201800052878,18,11,22,1935,5,2,7,2.0,3.0,75114,M,4882829.0,232682.0,75
201800052879,18,11,23,2100,5,2,2,2.0,6.0,75114,M,4883298.0,231170.0,75
201800052880,18,11,24,705,5,2,2,8.0,3.0,75114,M,4881982.0,232572.0,75
201800052881,18,11,25,1730,2,2,3,2.0,6.0,75114,M,4882484.0,232564.0,75
201800052882,18,11,28,5,5,2,2,3.0,6.0,75114,M,,,75
201800052883,18,11,30,1830,5,2,1,1.0,6.0,75114,M,,,75
201800052884,18,11,30,540,5,2,2,1.0,6.0,75114,M,4882000.0,233000.0,75
201800052885,18,11,30,2150,5,2,3,1.0,6.0,75114,M,4882900.0,232000.0,75
201800052886,18,12,1,115,5,2,3,1.0,1.0,75114,M,4866600.0,233300.0,75
201800052887,18,12,1,1910,5,2,3,2.0,6.0,75114,M,4881000.0,231000.0,75
201800052888,18,12,4,1825,5,2,3,1.0,6.0,75114,M,4882889.0,232789.0,75
201800052889,18,12,5,1650,2,2,3,1.0,6.0,75106,M,4885652.0,233659.0,75
201800052890,18,12,5,2305,5,2,1,2.0,1.0,75114,M,4882576.0,232615.0,75
201800052891,18,12,8,1115,1,2,3,1.0,6.0,75114,M,4882000.0,232000.0,75
201800052892,18,12,8,1355,1,2,1,8.0,6.0,75114,M,,,75
201800052893,18,12,9,1910,5,2,3,8.0,1.0,75114,M,,,75
201800052894,18,12,10,1330,1,2,1,8.0,2.0,75114,M,4882563.0,232653.0,75
201800052895,18,12,10,1725,5,2,2,1.0,6.0,75114,M,4882448.0,231953.0,75
201800052896,18,12,12,1030,1,2,4,1.0,3.0,75114,M,4883419.0,232454.0,75
201800052897,18,12,12,1815,5,2,3,1.0,6.0,75114,M,4882782.0,232906.0,75
201800052898,18,12,13,1330,1,2,1,1.0,6.0,75114,M,,,75
201800052899,18,12,13,1810,5,2,1,1.0,6.0,75114,M,4882253.0,232555.0,75
201800052900,18,12,15,1,5,2,1,1.0,3.0,75114,M,4882660.0,232376.0,75
201800052901,18,12,16,2030,3,2,2,1.0,3.0,75114,M,4883510.0,232030.0,75
201800052902,18,12,18,1715,5,2,5,1.0,3.0,75115,M,4883357.0,230932.0,75
201800052903,18,12,22,219,5,2,4,1.0,6.0,75113,M,4881609.0,234396.0,75
201800052904,18,12,30,2315,5,2,7,2.0,3.0,75114,M,4883734.0,231876.0,75
201800052905,18,1,2,730,5,2,4,1.0,6.0,75115,M,4885270.0,229853.0,75
201800052906,18,1,3,1630,1,2,5,8.0,3.0,75115,M,4883610.0,227820.0,75
201800052907,18,1,4,1630,2,2,1,2.0,6.0,75115,M,4884510.0,228926.0,75
201800052908,18,1,5,1500,1,2,1,8.0,2.0,75115,M,4883900.0,226901.0,75
201800052909,18,1,5,1545,1,2,2,3.0,6.0,75115,M,4883470.0,230515.0,75
201800052910,18,1,5,2110,5,2,2,1.0,3.0,75115,M,4883350.0,229866.0,75
201800052911,18,1,6,1015,1,2,3,8.0,6.0,75115,M,4882910.0,229893.0,75
201800052912,18,1,7,330,5,2,2,2.0,6.0,75115,M,4884180.0,230324.0,75
201800052913,18,1,7,2030,5,2,1,1.0,6.0,75115,M,4884670.0,228829.0,75
201800052914,18,1,8,1620,1,2,1,1.0,6.0,75115,M,4885310.0,229434.0,75
201800052915,18,1,9,1722,5,2,3,2.0,6.0,75115,M,4883830.0,228125.0,75
201800052916,18,1,12,1710,5,2,7,1.0,2.0,75115,M,4883620.0,230640.0,75
201800052917,18,1,13,1955,5,2,1,1.0,6.0,75115,M,4884360.0,232213.0,75
201800052918,18,1,14,2030,5,2,2,1.0,2.0,75115,M,4883700.0,227434.0,75
201800052919,18,1,15,1230,1,2,7,2.0,6.0,75115,M,4884340.0,232414.0,75
201800052920,18,1,15,1530,1,2,1,3.0,7.0,75115,M,4884090.0,227257.0,75
201800052921,18,1,17,1500,1,2,3,1.0,6.0,75115,M,4885170.0,228536.0,75
201800052922,18,1,19,815,2,2,2,1.0,6.0,75115,M,4883160.0,230596.0,75
201800052923,18,1,20,725,5,2,2,2.0,6.0,75115,M,4883860.0,228937.0,75
201800052924,18,1,21,635,5,2,1,1.0,6.0,75115,M,4882930.0,229766.0,75
201800052925,18,1,21,1753,5,2,1,9.0,3.0,75115,M,4884080.0,232152.0,75
201800052926,18,1,22,915,1,2,2,3.0,6.0,75115,M,4884380.0,228188.0,75
201800052927,18,1,22,1420,1,2,1,1.0,2.0,75115,M,4884670.0,230514.0,75
201800052928,18,1,25,1900,5,2,1,1.0,6.0,75115,M,4883920.0,228250.0,75
201800052929,18,1,26,1130,1,2,7,1.0,3.0,75115,M,4884570.0,229138.0,75
201800052930,18,1,27,1730,2,2,2,1.0,3.0,75115,M,4884900.0,229089.0,75
201800052931,18,1,30,920,1,2,1,8.0,2.0,75115,M,4885380.0,228921.0,75
201800052932,18,1,30,1400,1,2,2,1.0,6.0,75115,M,4883390.0,230809.0,75
201800052933,18,1,31,1850,5,2,2,2.0,6.0,75115,M,4883440.0,227734.0,75
201800052934,18,1,31,1900,5,2,7,2.0,2.0,75115,M,4884040.0,231491.0,75
201800052935,18,2,1,1645,1,2,3,8.0,6.0,75115,M,4884130.0,230719.0,75
201800052936,18,2,1,2045,5,2,3,9.0,3.0,75115,M,4885530.0,228943.0,75
201800052937,18,2,13,1110,1,2,4,1.0,6.0,75115,M,4883380.0,228996.0,75
201800052938,18,2,13,1645,1,2,1,2.0,6.0,75115,M,4883550.0,228513.0,75
201800052939,18,2,13,2210,5,2,2,2.0,6.0,75115,M,4884540.0,227856.0,75
201800052940,18,2,14,905,1,2,2,8.0,3.0,75115,M,4885240.0,229058.0,75
201800052941,18,2,14,1240,1,2,4,1.0,7.0,75115,M,4884620.0,227952.0,75
201800052942,18,2,16,1,5,2,6,2.0,6.0,75115,M,4884000.0,227192.0,75
201800052943,18,2,20,2217,5,2,7,2.0,3.0,75115,M,4884770.0,230130.0,75
201800052944,18,2,22,945,1,2,3,1.0,3.0,75115,M,4884940.0,228155.0,75
201800052945,18,2,28,1500,1,2,2,1.0,6.0,75115,M,4884050.0,229943.0,75
201800052946,18,2,28,2305,5,2,2,4.0,6.0,75115,M,4884210.0,231296.0,75
201800052947,18,3,6,2050,5,2,3,1.0,3.0,75115,M,4885240.0,229662.0,75
201800052948,18,3,8,815,1,2,2,8.0,3.0,75115,M,4884510.0,228949.0,75
201800052949,18,3,8,1325,1,2,1,2.0,6.0,75115,M,4882850.0,229865.0,75
201800052950,18,3,9,1835,2,2,7,2.0,3.0,75115,M,4884410.0,232310.0,75
201800052951,18,3,10,1950,5,2,4,1.0,4.0,75115,M,4884420.0,232018.0,75
201800052952,18,3,11,130,3,2,2,3.0,6.0,75115,M,4882860.0,230138.0,75
201800052953,18,3,12,930,1,2,7,8.0,7.0,75115,M,4882710.0,229232.0,75
201800052954,18,3,14,835,1,2,3,1.0,6.0,75115,M,4884130.0,230719.0,75
201800052955,18,3,14,1600,1,2,1,1.0,3.0,75115,M,4885000.0,229457.0,75
201800052956,18,3,17,1005,1,2,1,2.0,7.0,75115,M,4884760.0,229951.0,75
201800052957,18,3,17,2025,5,2,7,2.0,3.0,75115,M,4883260.0,230099.0,75
201800052958,18,3,18,430,5,2,2,2.0,3.0,75115,M,4885380.0,229412.0,75
201800052959,18,3,18,1440,1,2,2,8.0,3.0,75115,M,4882580.0,230024.0,75
201800052960,18,3,22,845,1,2,2,1.0,5.0,75115,M,4883810.0,229459.0,75
201800052961,18,3,23,1025,1,2,2,8.0,7.0,75115,M,4883270.0,228833.0,75
201800052962,18,3,23,930,1,2,2,1.0,6.0,75115,M,4883720.0,229641.0,75
201800052963,18,3,24,130,5,2,2,1.0,2.0,75115,M,4883610.0,227820.0,75
201800052964,18,3,26,830,1,2,1,1.0,3.0,75115,M,4883980.0,229369.0,75
201800052965,18,3,27,250,5,2,1,1.0,6.0,75115,M,4885040.0,229337.0,75
201800052966,18,3,27,800,1,2,2,2.0,6.0,75115,M,4885240.0,229058.0,75
201800052967,18,3,28,815,1,2,3,3.0,3.0,75115,M,4885500.0,228934.0,75
201800052968,18,3,28,1245,1,2,2,2.0,3.0,75115,M,4883540.0,231178.0,75
201800052969,18,3,30,1200,1,2,7,2.0,3.0,75115,M,4884790.0,230110.0,75
201800052970,18,3,30,1610,1,2,3,1.0,3.0,75115,M,4884440.0,230875.0,75
201800052971,18,4,4,1520,1,2,3,2.0,7.0,75115,M,4882920.0,229229.0,75
201800052972,18,4,7,1315,1,2,2,1.0,3.0,75115,M,4883720.0,229641.0,75
201800052973,18,4,8,1425,1,2,2,1.0,3.0,75115,M,4883930.0,229196.0,75
201800052974,18,4,10,945,1,2,4,1.0,3.0,75115,M,4885530.0,228943.0,75
201800052975,18,4,10,1415,1,2,1,1.0,2.0,75115,M,4884680.0,229026.0,75
201800052976,18,4,11,935,1,2,4,1.0,3.0,75115,M,4884570.0,230973.0,75
201800052977,18,4,13,1940,1,2,2,1.0,6.0,75115,M,4883700.0,227434.0,75
201800052978,18,4,17,1055,1,2,2,1.0,3.0,75115,M,4884370.0,229774.0,75
201800052979,18,4,18,1700,1,2,1,1.0,3.0,75115,M,4884220.0,227371.0,75
201800052980,18,4,18,1830,1,2,2,1.0,6.0,75115,M,4884770.0,228415.0,75
201800052981,18,4,23,1400,1,2,5,1.0,2.0,75115,M,4885460.0,228867.0,75
201800052982,18,4,25,2025,1,2,3,1.0,3.0,75115,M,4883850.0,231149.0,75
201800052983,18,4,25,2250,5,2,5,1.0,6.0,75115,M,4884910.0,228762.0,75
201800052984,18,4,26,800,1,2,1,1.0,3.0,75115,M,4882640.0,229556.0,75
201800052985,18,4,26,1145,1,2,1,1.0,3.0,75115,M,4884590.0,231835.0,75
201800052986,18,4,27,1905,1,2,2,1.0,3.0,75115,M,4884040.0,230425.0,75
201800052987,18,4,27,1930,2,2,2,1.0,3.0,75115,M,4884310.0,228349.0,75
201800052988,18,4,29,1230,1,2,7,2.0,6.0,75115,M,4884770.0,230186.0,75
201800052989,18,4,29,1445,1,2,3,2.0,7.0,75115,M,4884460.0,230958.0,75
201800052990,18,4,30,1010,1,2,1,2.0,3.0,75115,M,4883330.0,229620.0,75
201800052991,18,5,1,2135,5,2,7,1.0,6.0,75115,M,4884680.0,228568.0,75
201800052992,18,5,3,20,5,2,4,1.0,2.0,75115,M,4884640.0,230612.0,75
201800052993,18,5,3,1425,1,2,1,1.0,7.0,75115,M,4883160.0,229066.0,75
201800052994,18,5,3,1530,1,2,3,1.0,6.0,75115,M,4883830.0,229395.0,75
201800052995,18,5,4,1110,1,2,2,1.0,3.0,75115,M,4884510.0,228949.0,75
201800052996,18,5,4,1705,1,2,1,1.0,6.0,75115,M,4884050.0,228545.0,75
201800052997,18,5,5,1345,1,2,1,1.0,2.0,75115,M,4883320.0,227732.0,75
201800052998,18,5,6,1425,1,2,3,1.0,6.0,75115,M,4884070.0,228878.0,75
201800052999,18,5,6,1740,1,2,3,1.0,3.0,75115,M,4883510.0,230378.0,75
201800053000,18,5,6,2150,5,2,2,1.0,3.0,75115,M,4884410.0,228121.0,75
201800053001,18,5,7,1615,1,2,2,1.0,6.0,75115,M,4884290.0,231236.0,75
201800053002,18,5,7,1655,1,2,1,1.0,2.0,75115,M,4885390.0,228955.0,75
201800053003,18,5,8,2025,1,2,1,1.0,2.0,75115,M,4884700.0,228531.0,75
201800053004,18,5,9,1315,1,2,7,1.0,6.0,75115,M,4884770.0,230159.0,75
201800053005,18,5,10,1900,1,2,3,1.0,6.0,75115,M,4883930.0,229196.0,75
201800053006,18,5,11,830,1,2,4,1.0,6.0,75115,M,4885270.0,229853.0,75
201800053007,18,5,11,1800,1,2,1,1.0,2.0,75115,M,4884140.0,227781.0,75
201800053008,18,5,12,1715,1,2,2,2.0,3.0,75115,M,4883390.0,230809.0,75
201800053009,18,5,13,1650,1,2,1,1.0,6.0,75115,M,4884250.0,228478.0,75
201800053010,18,5,15,2140,5,2,2,1.0,3.0,75115,M,4883720.0,229641.0,75
201800053011,18,5,16,940,1,2,2,1.0,6.0,75115,M,4884110.0,228788.0,75
201800053012,18,5,16,1800,1,2,3,1.0,6.0,75115,M,4884860.0,228289.0,75
201800053013,18,5,17,300,5,2,2,1.0,6.0,75115,M,4883470.0,230515.0,75
201800053014,18,5,17,1105,1,2,1,1.0,3.0,75115,M,4883530.0,226665.0,75
201800053015,18,5,17,1915,1,2,1,1.0,6.0,75115,M,4883250.0,230160.0,75
201800053016,18,5,18,1150,1,2,1,1.0,6.0,75115,M,4883750.0,229586.0,75
201800053017,18,5,19,140,5,2,7,1.0,6.0,75115,M,4884340.0,232414.0,75
201800053018,18,5,20,1245,1,2,3,1.0,3.0,75115,M,4885070.0,228397.0,75
201800053019,18,5,20,1630,1,2,2,1.0,3.0,75115,M,4882860.0,230138.0,75
201800053020,18,5,20,2015,2,2,2,1.0,3.0,75115,M,4884030.0,228584.0,75
201800053021,18,5,21,950,1,2,1,1.0,6.0,75115,M,4883620.0,227775.0,75
201800053022,18,5,22,1620,1,2,2,3.0,6.0,75115,M,4885070.0,228397.0,75
201800053023,18,5,24,1145,1,2,2,1.0,6.0,75115,M,4884110.0,228788.0,75
201800053024,18,5,26,1310,1,2,2,1.0,6.0,75115,M,4884340.0,228272.0,75
201800053025,18,5,27,1220,1,2,2,1.0,6.0,75115,M,4884240.0,229415.0,75
201800053026,18,5,27,1733,1,2,1,1.0,6.0,75115,M,4883440.0,228857.0,75
201800053027,18,5,28,2240,5,2,2,2.0,7.0,75115,M,4884340.0,228272.0,75
201800053028,18,5,29,1645,1,2,3,1.0,2.0,75115,M,4885170.0,229135.0,75
201800053029,18,5,30,1715,1,2,2,1.0,3.0,75115,M,4882770.0,230010.0,75
201800053030,18,5,31,1520,1,2,5,1.0,3.0,75115,M,4883870.0,226978.0,75
201800053031,18,5,31,1915,1,2,1,1.0,3.0,75115,M,4885010.0,228669.0,75
201800053032,18,6,1,930,1,2,4,1.0,3.0,75115,M,4883540.0,226688.0,75
201800053033,18,6,2,2006,1,2,2,1.0,6.0,75115,M,4884910.0,228191.0,75
201800053034,18,6,4,1300,1,2,2,1.0,3.0,75115,M,4883700.0,227434.0,75
201800053035,18,6,4,1730,1,2,3,8.0,6.0,75115,M,4883640.0,229914.0,75
201800053036,18,6,5,140,5,2,1,1.0,6.0,75115,M,4884090.0,231654.0,75
201800053037,18,6,5,900,1,2,3,3.0,7.0,75115,M,4884470.0,232129.0,75
201800053038,18,6,10,1235,1,2,1,1.0,3.0,75115,M,4884440.0,229667.0,75
201800053039,18,6,12,1610,1,2,2,1.0,6.0,75115,M,4884670.0,228886.0,75
201800053040,18,6,14,1800,1,2,2,1.0,3.0,75115,M,4882860.0,230138.0,75
201800053041,18,6,15,2255,5,2,2,1.0,3.0,75115,M,4882860.0,230138.0,75
201800053042,18,6,18,2248,5,2,2,1.0,6.0,75107,M,4885720.0,230990.0,75
201800053043,18,6,19,900,1,2,2,1.0,6.0,75115,M,4884900.0,229777.0,75
201800053044,18,6,19,1725,1,2,7,1.0,6.0,75115,M,4883700.0,227888.0,75
201800053045,18,6,19,2315,5,2,1,1.0,6.0,75115,M,4883950.0,228997.0,75
201800053046,18,6,20,1530,1,2,7,1.0,7.0,75115,M,4883330.0,227710.0,75
201800053047,18,6,20,2130,2,2,2,1.0,7.0,75115,M,4883960.0,229303.0,75
201800053048,18,6,21,820,1,2,2,1.0,3.0,75115,M,4883210.0,228058.0,75
201800053049,18,6,22,2355,5,2,2,1.0,3.0,75115,M,4884610.0,230488.0,75
201800053050,18,6,23,1130,1,2,1,1.0,3.0,75115,M,4885640.0,228994.0,75
201800053051,18,6,23,1920,1,2,3,1.0,6.0,75115,M,4883390.0,228528.0,75
201800053052,18,6,24,1515,1,2,1,1.0,6.0,75115,M,4883740.0,229605.0,75
201800053053,18,6,25,325,5,2,2,1.0,3.0,75115,M,4884910.0,228191.0,75
201800053054,18,6,25,1500,1,2,3,1.0,6.0,75115,M,4883450.0,230577.0,75
201800053055,18,6,26,1120,1,2,2,1.0,3.0,75115,M,4884480.0,228388.0,75
201800053056,18,6,26,1815,1,2,7,1.0,6.0,75115,M,4884380.0,232295.0,75
201800053057,18,6,27,1335,1,2,3,1.0,3.0,75115,M,4883510.0,230378.0,75
201800053058,18,6,27,1505,1,2,2,1.0,6.0,75115,M,4884380.0,228188.0,75
201800053059,18,6,27,1920,1,2,3,1.0,3.0,75115,M,4884720.0,227917.0,75
201800053060,18,6,28,1029,1,2,7,7.0,6.0,75115,M,4884590.0,227734.0,75
201800053061,18,6,28,1755,1,2,1,1.0,7.0,75115,M,4885270.0,229282.0,75
201800053062,18,6,29,2000,1,2,1,1.0,6.0,75115,M,4884880.0,229071.0,75
201800053063,18,7,2,910,1,2,3,1.0,3.0,75115,M,4883150.0,229685.0,75
201800053064,18,7,3,900,1,2,7,1.0,6.0,75115,M,4884590.0,227734.0,75
201800053065,18,7,5,1010,1,2,4,1.0,7.0,75115,M,4884550.0,227631.0,75
201800053066,18,7,6,600,1,2,2,1.0,3.0,75115,M,4883360.0,230919.0,75
201800053067,18,7,6,1205,1,2,1,1.0,3.0,75115,M,4883170.0,229041.0,75
201800053068,18,7,7,1,5,2,3,1.0,6.0,75115,M,4883510.0,230378.0,75
201800053069,18,7,9,1130,1,2,1,1.0,6.0,75115,M,4883410.0,230939.0,75
201800053070,18,7,11,1215,1,2,7,1.0,6.0,75115,M,4884660.0,228612.0,75
201800053071,18,7,13,1550,1,2,4,1.0,3.0,75115,M,4884190.0,232253.0,75
201800053072,18,7,13,1810,1,2,2,1.0,7.0,75115,M,4882980.0,229559.0,75
201800053073,18,7,14,1255,1,2,3,1.0,3.0,75114,M,4883690.0,233145.0,75
201800053074,18,7,15,1140,1,2,3,1.0,2.0,75115,M,4884360.0,231464.0,75
201800053075,18,7,15,2005,1,2,2,1.0,3.0,75115,M,4884290.0,231236.0,75
201800053076,18,7,16,415,5,2,2,1.0,3.0,75115,M,4884620.0,229514.0,75
201800053077,18,7,17,2035,1,2,1,1.0,6.0,75115,M,4883000.0,228000.0,75
201800053078,18,7,17,1320,1,2,1,1.0,7.0,75115,M,4883254.0,228901.0,75
201800053079,18,7,21,1730,1,2,7,1.0,3.0,75115,M,4884047.0,227169.0,75
201800053080,18,7,23,950,1,2,3,7.0,6.0,75115,M,4885274.0,229826.0,75
201800053081,18,7,24,945,1,2,3,1.0,3.0,75115,M,4883290.0,228847.0,75
201800053082,18,7,24,1935,1,2,4,1.0,7.0,75115,M,4283418.0,228988.0,75
201800053083,18,7,28,1210,1,2,2,1.0,3.0,75115,M,4884476.0,228386.0,75
201800053084,18,8,3,20,5,2,1,1.0,2.0,75115,M,4883595.0,226700.0,75
201800053085,18,8,4,1620,1,2,1,1.0,6.0,75115,M,4884402.0,229500.0,75
201800053086,18,8,4,1745,1,2,1,1.0,3.0,75115,M,4884494.0,230208.0,75
201800053087,18,8,5,1620,1,2,7,1.0,6.0,75115,M,4883650.0,227849.0,75
201800053088,18,8,6,1840,1,2,2,1.0,7.0,75107,M,4885000.0,234000.0,75
201800053089,18,8,9,1005,1,2,1,2.0,6.0,75115,M,4885000.0,229000.0,75
201800053090,18,8,9,1350,1,2,2,2.0,3.0,75115,M,4883105.0,229227.0,75
201800053091,18,8,10,1120,1,2,1,1.0,2.0,75115,M,4882820.0,230245.0,75
201800053092,18,8,12,2130,5,2,2,1.0,2.0,75115,M,4884046.0,227216.0,75
201800053093,18,8,13,249,5,2,4,2.0,6.0,75115,M,4884400.0,232256.0,75
201800053094,18,8,13,2045,1,2,2,1.0,3.0,75115,M,4883448.0,229568.0,75
201800053095,18,8,15,655,2,2,7,1.0,6.0,75115,M,4884345.0,232370.0,75
201800053096,18,8,18,1630,1,2,5,1.0,6.0,75115,M,4884647.0,228528.0,75
201800053097,18,8,20,1530,1,2,3,1.0,6.0,75115,M,4884350.0,230213.0,75
201800053098,18,8,21,1845,1,2,3,8.0,3.0,75107,M,4885046.0,232493.0,75
201800053099,18,8,22,910,1,2,3,1.0,7.0,75115,M,4882823.0,230310.0,75
201800053100,18,8,22,2000,2,2,7,1.0,6.0,75115,M,4884376.0,232220.0,75
201800053101,18,8,24,1645,1,2,1,1.0,6.0,75115,M,4882815.0,229783.0,75
201800053102,18,8,29,550,5,2,2,2.0,3.0,75115,M,4883468.0,230515.0,75
201800053103,18,8,29,1330,1,2,2,2.0,6.0,75115,M,4884546.0,231925.0,75
201800053104,18,9,2,1805,1,2,1,1.0,3.0,75115,M,4884166.0,231889.0,75
201800053105,18,9,5,1130,1,2,1,1.0,6.0,75115,M,4883322.0,229834.0,75
201800053106,18,9,6,1610,1,2,1,1.0,3.0,75115,M,4882815.0,227180.0,75
201800053107,18,9,6,1735,1,2,1,1.0,2.0,75115,M,4883224.0,228892.0,75
201800053108,18,9,8,1610,1,2,2,1.0,3.0,75115,M,4883922.0,229199.0,75
201800053109,18,9,9,918,1,2,1,1.0,6.0,75115,M,4885037.0,229309.0,75
201800053110,18,9,11,1000,1,2,3,1.0,6.0,75115,M,4885521.0,228931.0,75
201800053111,18,9,11,915,1,2,2,1.0,3.0,75115,M,4885450.0,228860.0,75
201800053112,18,9,11,1500,1,2,2,1.0,3.0,75107,M,4885991.0,231303.0,75
201800053113,18,9,12,2320,5,2,3,1.0,2.0,75115,M,4882736.0,230106.0,75
201800053114,18,9,13,935,1,2,2,2.0,3.0,75115,M,4884633.0,227663.0,75
201800053115,18,9,13,1230,1,2,3,1.0,2.0,75115,M,4883500.0,229610.0,75
201800053116,18,9,13,1320,2,2,1,8.0,2.0,75115,M,4883678.0,227626.0,75
201800053117,18,9,13,1750,1,2,1,1.0,7.0,75115,M,4884020.0,227077.0,75
201800053118,18,9,15,15,5,2,3,1.0,3.0,75115,M,4883986.0,228489.0,75
201800053119,18,9,16,2340,5,2,1,1.0,7.0,75115,M,4882801.0,227126.0,75
201800053120,18,9,17,800,1,2,2,1.0,3.0,75115,M,4883213.0,230299.0,75
201800053121,18,9,17,1230,1,2,2,1.0,6.0,75115,M,4884175.0,230327.0,75
201800053122,18,9,18,1430,1,2,2,2.0,3.0,75115,M,4884997.0,228845.0,75
201800053123,18,9,20,2125,5,2,2,1.0,6.0,75115,M,4884225.0,228558.0,75
201800053124,18,9,21,955,1,2,3,8.0,7.0,75115,M,4884630.0,228351.0,75
201800053125,18,9,21,1400,1,2,1,1.0,6.0,75115,M,4884300.0,231000.0,75
201800053126,18,9,25,1540,1,2,2,1.0,3.0,75115,M,4884590.0,227690.0,75
201800053127,18,9,25,2225,5,2,2,1.0,6.0,75115,M,4883774.0,227526.0,75
201800053128,18,9,26,830,1,2,1,1.0,6.0,75115,M,4883819.0,228112.0,75
201800053129,18,9,26,1015,1,2,2,1.0,6.0,75115,M,4884934.0,228168.0,75
201800053130,18,9,28,1545,1,2,3,1.0,6.0,75115,M,4884855.0,229054.0,75
201800053131,18,9,28,2230,5,2,3,1.0,3.0,75115,M,4883850.0,228860.0,75
201800053132,18,10,1,1310,1,2,3,1.0,3.0,75115,M,4885032.0,229435.0,75
201800053133,18,10,1,1620,1,2,1,1.0,6.0,75115,M,4884078.0,229655.0,75
201800053134,18,10,1,2130,5,2,1,1.0,6.0,75115,M,4884597.0,230767.0,75
201800053135,18,10,3,1930,2,2,3,1.0,3.0,75115,M,4883975.0,228314.0,75
201800053136,18,10,4,1550,1,2,2,1.0,3.0,75115,M,4883471.0,230518.0,75
201800053137,18,10,4,1835,1,2,1,1.0,6.0,75115,M,4884050.0,230420.0,75
201800053138,18,10,5,1010,1,2,1,1.0,1.0,75115,M,4884446.0,230591.0,75
201800053139,18,10,6,1430,1,2,2,1.0,6.0,75115,M,4884986.0,229502.0,75
201800053140,18,10,8,900,1,2,7,1.0,3.0,75115,M,4884000.0,232000.0,75
201800053141,18,10,9,1326,1,2,2,1.0,3.0,75115,M,4884590.0,227680.0,75
201800053142,18,10,9,2230,5,2,2,1.0,2.0,75115,M,,,75
201800053143,18,10,11,1320,1,2,3,1.0,6.0,75115,M,4884527.0,230220.0,75
201800053144,18,10,11,820,1,2,1,1.0,7.0,75115,M,,,75
201800053145,18,10,12,1920,3,2,3,1.0,3.0,75115,M,,,75
201800053146,18,10,13,1840,2,2,1,1.0,3.0,75115,M,,,75
201800053147,18,10,15,1950,2,2,2,1.0,6.0,75115,M,4883699.0,229614.0,75
201800053148,18,10,16,1425,1,2,3,1.0,6.0,75115,M,4884243.0,228698.0,75
201800053149,18,10,17,1145,1,2,3,1.0,6.0,75115,M,4884226.0,231043.0,75
201800053150,18,10,17,1245,1,2,3,1.0,2.0,75115,M,4884453.0,230900.0,75
201800053151,18,10,17,1545,1,2,2,1.0,6.0,75115,M,4884142.0,229913.0,75
201800053152,18,10,17,1330,1,2,1,1.0,3.0,75115,M,4884527.0,228280.0,75
201800053153,18,10,19,500,5,2,7,1.0,6.0,75115,M,4884557.0,231047.0,75
201800053154,18,10,20,1,5,2,2,1.0,3.0,75115,M,4883794.0,229776.0,75
201800053155,18,10,22,1315,1,2,1,2.0,6.0,75115,M,4883758.0,229552.0,75
201800053156,18,10,23,950,1,2,3,1.0,3.0,75115,M,4884105.0,231457.0,75
201800053157,18,10,23,1750,2,2,2,1.0,6.0,75115,M,4884009.0,230446.0,75
201800053158,18,10,23,1930,5,2,3,1.0,3.0,75115,M,4886379.0,230195.0,75
201800053159,18,10,24,1555,1,2,1,1.0,6.0,75115,M,4884269.0,228630.0,75
201800053160,18,10,25,1530,1,2,1,1.0,3.0,75115,M,4884533.0,228887.0,75
201800053161,18,10,25,1615,1,2,2,1.0,3.0,75115,M,4883412.0,227710.0,75
201800053162,18,10,26,400,5,2,1,1.0,6.0,75115,M,4884589.0,231835.0,75
201800053163,18,10,26,720,5,2,2,1.0,1.0,75115,M,4883413.0,228378.0,75
201800053164,18,10,26,1715,1,2,2,8.0,6.0,75115,M,4884720.0,230730.0,75
201800053165,18,10,26,2030,3,2,2,2.0,6.0,75115,M,4884504.0,231065.0,75
201800053166,18,10,26,2140,5,2,3,1.0,3.0,75115,M,4883341.0,230987.0,75
201800053167,18,10,27,940,1,2,1,1.0,6.0,75115,M,4884000.0,229000.0,75
201800053168,18,10,27,1130,1,2,2,1.0,3.0,75115,M,4882000.0,229000.0,75
201800053169,18,10,27,1945,5,2,2,1.0,3.0,75115,M,4883600.0,227700.0,75
201800053170,18,10,30,1510,1,2,3,2.0,3.0,75115,M,4883994.0,230302.0,75
201800053171,18,10,31,1815,5,2,2,2.0,6.0,75115,M,4883480.0,230507.0,75
201800053172,18,10,31,2030,5,2,3,2.0,3.0,75115,M,,,75
201800053173,18,11,1,2000,5,2,1,2.0,7.0,75115,M,4883665.0,229680.0,75
201800053174,18,11,4,1815,5,2,1,1.0,2.0,75115,M,4885211.0,228547.0,75
201800053175,18,11,5,930,1,1,4,1.0,3.0,75115,M,4883579.0,227011.0,75
201800053176,18,11,6,258,5,2,2,1.0,3.0,75115,M,4880000.0,230000.0,75
201800053177,18,11,6,1615,1,2,2,8.0,6.0,75115,M,4884294.0,229810.0,75
201800053178,18,11,8,700,5,2,3,1.0,6.0,75115,M,,,75
201800053179,18,11,8,1705,2,2,3,1.0,6.0,75115,M,4882824.0,229229.0,75
201800053180,18,11,9,1100,1,2,1,1.0,6.0,75115,M,,,75
201800053181,18,11,9,1250,1,2,2,1.0,4.0,75115,M,4884610.0,229510.0,75
201800053182,18,11,11,1840,5,2,3,2.0,6.0,75115,M,4883126.0,230529.0,75
201800053183,18,11,11,2000,5,2,2,2.0,3.0,75115,M,4880000.0,228000.0,75