Num_Acc,an,mois,jour,hrmn,lum,agg,int,atm,col,com,gps,lat,long,dep
201800053184,18,11,12,5,5,2,2,2.0,6.0,75115,M,4884183.0,230375.0,75
201800053185,18,11,12,1230,1,2,3,2.0,7.0,75115,M,4885282.0,228649.0,75
201800053186,18,11,13,1500,2,2,1,1.0,6.0,75115,M,4884901.0,228351.0,75
201800053187,18,11,16,850,1,2,2,8.0,6.0,75115,M,4885000.0,229000.0,75
201800053188,18,11,16,1555,1,2,2,8.0,6.0,75115,M,4884308.0,227752.0,75
201800053189,18,11,17,2140,5,2,3,1.0,3.0,75115,M,4885210.0,228600.0,75
201800053190,18,11,19,930,1,2,3,1.0,6.0,75115,M,4883835.0,229386.0,75
201800053191,18,11,19,1130,1,2,7,1.0,3.0,75115,M,4883635.0,230656.0,75
201800053192,18,11,19,1510,1,2,4,1.0,3.0,75115,M,,,75
201800053193,18,11,19,1905,5,2,2,1.0,3.0,75107,M,4885736.0,231002.0,75
201800053194,18,11,20,1010,1,2,1,2.0,6.0,75115,M,4883000.0,227000.0,75
201800053195,18,11,22,1130,1,2,2,1.0,3.0,75115,M,,,75
201800053196,18,11,22,1935,5,2,2,1.0,3.0,75115,M,4883573.0,229230.0,75
201800053197,18,11,25,1455,1,2,2,2.0,7.0,75115,M,4884800.0,229800.0,75
201800053198,18,11,26,2038,5,2,2,2.0,3.0,75115,M,4885000.0,228000.0,75
201800053199,18,11,27,2030,5,2,2,2.0,6.0,75115,M,4884814.0,228364.0,75
201800053200,18,11,29,945,1,2,2,8.0,3.0,75115,M,4884457.0,228705.0,75
201800053201,18,12,3,1701,2,2,2,8.0,6.0,75115,M,4884071.0,231492.0,75
201800053202,18,12,3,2230,5,2,2,1.0,3.0,75115,M,4884028.0,228594.0,75
201800053203,18,12,4,730,5,2,2,3.0,6.0,75115,M,,,75
201800053204,18,12,4,2030,5,2,2,1.0,6.0,75115,M,4880000.0,228000.0,75
201800053205,18,12,6,1640,5,2,2,1.0,6.0,75115,M,4884000.0,228000.0,75
201800053206,18,12,7,1630,1,2,3,2.0,6.0,75115,M,4884000.0,228000.0,75
201800053207,18,12,7,1900,5,2,1,1.0,3.0,75115,M,4884000.0,227000.0,75
201800053208,18,12,9,2000,5,2,3,1.0,3.0,75115,M,,,75
201800053209,18,12,10,1655,2,2,3,1.0,6.0,75115,M,4883000.0,229900.0,75
201800053210,18,12,11,756,2,2,1,1.0,6.0,75115,M,4883984.0,231573.0,75
201800053211,18,12,11,1200,1,2,2,8.0,3.0,75115,M,4882549.0,230051.0,75
201800053212,18,12,11,1500,1,2,3,1.0,6.0,75115,M,,,75
201800053213,18,12,11,1700,5,2,2,1.0,2.0,75115,M,4884000.0,229000.0,75
201800053214,18,12,12,2045,5,2,2,8.0,6.0,75115,M,4883389.0,230823.0,75
201800053215,18,12,14,2255,5,2,2,1.0,6.0,75115,M,4883940.0,230950.0,75
201800053216,18,12,17,1530,1,2,2,1.0,6.0,75115,M,4883730.0,229626.0,75
201800053217,18,12,18,1040,1,2,1,1.0,5.0,75115,M,4883918.0,227182.0,75
201800053218,18,12,18,1020,1,2,1,1.0,6.0,75115,M,4883762.0,227282.0,75
201800053219,18,12,20,1400,1,2,2,1.0,3.0,75115,M,4883400.0,227700.0,75
201800053220,18,12,21,1435,1,2,1,2.0,3.0,75115,M,,,75
201800053221,18,12,21,2035,5,2,1,8.0,6.0,75115,M,4884836.0,230091.0,75
201800053222,18,12,25,1910,5,2,1,1.0,2.0,75115,M,4883692.0,228956.0,75
201800053223,18,12,26,820,2,2,4,1.0,3.0,75115,M,4884793.0,230522.0,75
201800053224,18,12,30,1350,1,2,7,1.0,7.0,75115,M,4884910.0,228220.0,75
201800053225,18,12,31,1700,2,2,2,1.0,6.0,75115,M,4883847.0,228231.0,75
201800053226,18,12,31,2100,5,2,1,1.0,2.0,75115,M,4884960.0,228090.0,75
201800053227,18,1,1,530,5,2,4,1.0,6.0,75116,M,4886890.0,225437.0,75
201800053228,18,1,1,615,5,2,1,1.0,6.0,75116,M,4886170.0,229286.0,75
201800053229,18,1,2,1555,1,2,1,2.0,3.0,75116,M,4887130.0,228906.0,75
201800053230,18,1,2,1630,1,2,2,2.0,3.0,75116,M,4887270.0,228452.0,75
201800053231,18,1,2,1915,5,2,7,2.0,6.0,75116,M,4883820.0,225636.0,75
201800053232,18,1,4,1650,5,2,7,2.0,6.0,75116,M,4887240.0,227588.0,75
201800053233,18,1,4,2230,5,2,7,1.0,6.0,75116,M,4886410.0,223629.0,75
201800053234,18,1,8,1030,1,2,3,1.0,2.0,75116,M,4885590.0,226473.0,75
201800053235,18,1,8,2010,5,2,1,1.0,6.0,75116,M,4886680.0,222995.0,75
201800053236,18,1,9,1500,1,2,1,1.0,3.0,75116,M,4886850.0,226614.0,75
201800053237,18,1,9,1440,1,2,7,1.0,3.0,75116,M,4887370.0,229411.0,75
201800053238,18,1,9,2018,5,2,7,1.0,3.0,75116,M,4887130.0,227426.0,75
201800053239,18,1,16,1115,1,2,1,1.0,6.0,75116,M,4886330.0,228362.0,75
201800053240,18,1,18,1400,1,2,2,1.0,3.0,75116,M,4885110.0,227228.0,75
201800053241,18,1,19,1600,1,2,1,1.0,6.0,75116,M,4886720.0,224954.0,75
201800053242,18,1,19,1824,5,2,7,2.0,6.0,75116,M,4884740.0,225858.0,75
201800053243,18,1,20,2005,5,2,2,2.0,6.0,75116,M,4884320.0,226015.0,75
201800053244,18,1,21,2330,5,2,2,2.0,3.0,75116,M,4886450.0,226648.0,75
201800053245,18,1,23,1100,1,2,3,8.0,2.0,75116,M,4886500.0,229589.0,75
201800053246,18,1,23,1605,1,2,3,2.0,3.0,75116,M,4885300.0,226184.0,75
201800053247,18,1,25,1934,5,2,5,1.0,6.0,75116,M,4885130.0,227844.0,75
201800053248,18,1,25,1815,5,2,6,1.0,3.0,75116,M,4887170.0,227580.0,75
201800053249,18,1,25,2045,5,2,2,1.0,6.0,75116,M,4886410.0,227756.0,75
201800053250,18,1,25,2345,5,2,1,1.0,6.0,75116,M,4884670.0,227303.0,75
201800053251,18,1,26,1700,1,2,1,1.0,6.0,75116,M,4886360.0,229761.0,75
201800053252,18,1,27,100,5,2,3,1.0,7.0,75116,M,4883810.0,225813.0,75
201800053253,18,1,28,1430,1,2,7,1.0,3.0,75116,M,4885140.0,227824.0,75
201800053254,18,1,29,1515,1,2,5,1.0,3.0,75116,M,4886790.0,228107.0,75
201800053255,18,1,29,2238,5,2,7,1.0,3.0,75116,M,4885130.0,227844.0,75
201800053256,18,1,30,920,1,2,1,1.0,2.0,75116,M,4884490.0,225728.0,75
201800053257,18,1,30,1800,5,2,1,8.0,7.0,75116,M,4885850.0,228414.0,75
201800053258,18,1,31,1330,1,2,2,3.0,6.0,75116,M,4886680.0,228997.0,75
201800053259,18,1,31,1630,1,2,1,2.0,6.0,75116,M,4885070.0,224186.0,75
201800053260,18,2,2,900,1,2,3,1.0,3.0,75116,M,4885290.0,228104.0,75
201800053261,18,2,2,2235,5,2,2,1.0,3.0,75116,M,4887860.0,227978.0,75
201800053262,18,2,4,1400,1,2,2,1.0,3.0,75116,M,4887300.0,229310.0,75
201800053263,18,2,9,2340,5,2,6,9.0,3.0,75116,M,4887350.0,229423.0,75
201800053264,18,2,10,1830,5,2,6,1.0,3.0,75116,M,4887370.0,229411.0,75
201800053265,18,2,12,840,1,2,1,1.0,3.0,75116,M,4885090.0,227766.0,75
201800053266,18,2,12,1500,1,2,4,1.0,3.0,75116,M,4884750.0,225690.0,75
201800053267,18,2,15,1310,1,2,3,2.0,3.0,75116,M,4885970.0,228206.0,75
201800053268,18,2,17,2223,5,2,5,1.0,3.0,75116,M,4887270.0,228452.0,75
201800053269,18,2,18,1255,1,2,1,1.0,3.0,75116,M,4886430.0,228667.0,75
201800053270,18,2,19,1825,5,2,4,2.0,6.0,75116,M,4886500.0,229589.0,75
201800053271,18,2,20,750,1,2,7,1.0,2.0,75116,M,4886040.0,229115.0,75
201800053272,18,2,20,850,1,2,6,1.0,5.0,75116,M,4887320.0,229513.0,75
201800053273,18,2,21,946,1,2,3,1.0,3.0,75116,M,4884800.0,225126.0,75
201800053274,18,2,21,1640,1,2,3,1.0,6.0,75116,M,4883980.0,226163.0,75
201800053275,18,2,27,1140,1,2,3,4.0,6.0,75116,M,4887130.0,229318.0,75
201800053276,18,3,1,940,1,2,3,4.0,6.0,75116,M,4885450.0,228359.0,75
201800053277,18,3,1,1955,5,2,1,8.0,6.0,75116,M,4886350.0,223870.0,75
201800053278,18,3,2,1515,1,2,1,1.0,6.0,75116,M,4886920.0,227099.0,75
201800053279,18,3,2,1635,1,2,7,1.0,3.0,75116,M,4886420.0,227191.0,75
201800053280,18,3,4,530,5,2,1,1.0,6.0,75116,M,4884390.0,227139.0,75
201800053281,18,3,4,1620,1,2,2,2.0,3.0,75116,M,4887490.0,227109.0,75
201800053282,18,3,5,810,1,2,1,1.0,2.0,75116,M,4886900.0,227042.0,75
201800053283,18,3,7,1320,1,2,2,2.0,3.0,75116,M,4886500.0,228866.0,75
201800053284,18,3,8,840,1,2,7,1.0,3.0,75116,M,4887710.0,228345.0,75
201800053285,18,3,8,1605,2,2,2,2.0,6.0,75116,M,4886660.0,228011.0,75
201800053286,18,3,7,1855,5,2,2,1.0,6.0,75116,M,4885850.0,224489.0,75
201800053287,18,3,9,1000,1,2,3,8.0,3.0,75116,M,4884800.0,225126.0,75
201800053288,18,3,9,1045,1,2,1,1.0,6.0,75116,M,4886640.0,229493.0,75
201800053289,18,3,9,1900,4,2,2,1.0,3.0,75116,M,4887490.0,227109.0,75
201800053290,18,3,10,1110,1,2,2,2.0,6.0,75116,M,4883840.0,225405.0,75
201800053291,18,3,10,2130,5,2,1,1.0,3.0,75116,M,4887340.0,229132.0,75
201800053292,18,3,11,350,5,2,7,3.0,6.0,75116,M,4887440.0,229293.0,75
201800053293,18,3,11,530,5,2,3,2.0,6.0,75116,M,4885290.0,228104.0,75
201800053294,18,3,12,845,1,2,7,2.0,6.0,75116,M,4886200.0,222905.0,75
201800053295,18,3,12,1245,1,2,1,1.0,6.0,75116,M,4885800.0,228152.0,75
201800053296,18,3,12,1900,4,2,1,1.0,3.0,75116,M,4886710.0,225703.0,75
201800053297,18,3,13,1225,1,2,2,1.0,3.0,75116,M,4886350.0,223921.0,75
201800053298,18,3,14,810,1,2,1,1.0,7.0,75116,M,4883770.0,226512.0,75
201800053299,18,3,15,1735,1,2,7,1.0,3.0,75116,M,4885770.0,226351.0,75
201800053300,18,3,15,1915,5,2,2,2.0,3.0,75116,M,4885810.0,224688.0,75
201800053301,18,3,16,830,1,2,3,1.0,3.0,75116,M,4886200.0,222905.0,75
201800053302,18,3,17,335,5,2,2,1.0,6.0,75116,M,4887140.0,227756.0,75
201800053303,18,3,17,930,1,2,2,3.0,3.0,75116,M,4883840.0,225405.0,75
201800053304,18,3,18,5,5,2,1,2.0,2.0,75116,M,4886360.0,229092.0,75
201800053305,18,3,18,30,5,2,1,1.0,3.0,75116,M,4885300.0,228134.0,75
201800053306,18,3,18,900,1,2,1,2.0,6.0,75116,M,4886280.0,226823.0,75
201800053307,18,3,18,1840,2,2,2,2.0,3.0,75116,M,4886010.0,227809.0,75
201800053308,18,3,20,1316,1,2,1,1.0,2.0,75116,M,4885850.0,228867.0,75
201800053309,18,3,21,1530,1,2,1,1.0,6.0,75116,M,4884850.0,226174.0,75
201800053310,18,3,22,915,1,2,1,1.0,2.0,75116,M,4887200.0,228275.0,75
201800053311,18,3,23,15,4,2,2,1.0,6.0,75116,M,4884130.0,225758.0,75
201800053312,18,3,26,950,1,2,7,1.0,2.0,75116,M,4886200.0,222905.0,75
201800053313,18,3,26,1530,1,2,1,1.0,6.0,75116,M,4886850.0,226614.0,75
201800053314,18,3,26,2215,5,2,7,1.0,3.0,75116,M,4887740.0,228374.0,75
201800053315,18,3,26,1300,1,2,2,1.0,3.0,75116,M,4886680.0,228997.0,75
201800053316,18,3,28,950,1,2,1,2.0,6.0,75116,M,4886600.0,228286.0,75
201800053317,18,4,3,1405,1,2,2,1.0,6.0,75116,M,4886270.0,226547.0,75
201800053318,18,4,4,1425,1,2,1,1.0,6.0,75116,M,4886680.0,224086.0,75
201800053319,18,4,4,2230,5,2,2,1.0,2.0,75116,M,4886020.0,228103.0,75
201800053320,18,4,5,2320,5,2,2,1.0,6.0,75116,M,4886570.0,229265.0,75
201800053321,18,4,6,1250,1,2,1,1.0,6.0,75116,M,4886520.0,228517.0,75
201800053322,18,4,6,1145,1,2,1,1.0,3.0,75116,M,4886450.0,228832.0,75
201800053323,18,4,7,2045,5,2,3,1.0,6.0,75116,M,4886690.0,227178.0,75
201800053324,18,4,7,2220,5,2,2,1.0,3.0,75116,M,4885850.0,224489.0,75
201800053325,18,4,8,210,5,2,4,1.0,3.0,75117,M,4889160.0,232692.0,75
201800053326,18,4,9,1800,1,2,1,2.0,3.0,75116,M,4885560.0,226347.0,75
201800053327,18,4,9,2125,5,2,2,2.0,2.0,75116,M,4884530.0,225751.0,75
201800053328,18,4,10,900,1,2,1,1.0,6.0,75116,M,4887290.0,227307.0,75
201800053329,18,4,11,2145,5,2,3,1.0,6.0,75116,M,4883860.0,225184.0,75
201800053330,18,4,12,1610,1,2,1,2.0,3.0,75116,M,4887160.0,229339.0,75
201800053331,18,4,13,1950,2,1,1,1.0,4.0,75116,M,4887790.0,228053.0,75
201800053332,18,4,13,2315,5,2,2,1.0,6.0,75116,M,4885370.0,227740.0,75
201800053333,18,4,14,320,5,2,4,1.0,4.0,75116,M,4885790.0,228795.0,75
201800053334,18,4,15,1050,1,2,1,1.0,2.0,75116,M,4885610.0,223747.0,75
201800053335,18,4,16,910,1,2,1,1.0,6.0,75116,M,4883950.0,226376.0,75
201800053336,18,4,17,830,1,2,1,1.0,3.0,75116,M,4887250.0,228293.0,75
201800053337,18,4,17,1855,1,2,1,1.0,6.0,75116,M,4886050.0,227345.0,75
201800053338,18,4,18,1945,5,2,2,1.0,3.0,75116,M,4887140.0,227756.0,75
201800053339,18,4,19,1015,1,2,2,1.0,6.0,75116,M,4886420.0,227493.0,75
201800053340,18,4,20,1630,1,2,1,1.0,6.0,75116,M,4884100.0,226759.0,75
201800053341,18,4,22,145,5,2,1,1.0,3.0,75116,M,4886210.0,229170.0,75
201800053342,18,4,22,300,5,2,1,1.0,6.0,75116,M,4884880.0,227602.0,75
201800053343,18,4,22,1900,1,2,2,1.0,3.0,75116,M,4885300.0,226184.0,75
201800053344,18,4,23,930,1,2,1,1.0,2.0,75116,M,4885780.0,225951.0,75
201800053345,18,4,23,2246,5,2,2,1.0,3.0,75116,M,4886500.0,228866.0,75
201800053346,18,4,24,1000,1,2,1,1.0,2.0,75116,M,4886630.0,229487.0,75
201800053347,18,4,21,1335,1,2,3,1.0,2.0,75116,M,4886300.0,229520.0,75
201800053348,18,4,25,100,5,2,2,1.0,3.0,75116,M,4885730.0,227299.0,75
201800053349,18,4,25,1150,1,2,7,2.0,2.0,75116,M,4887370.0,229411.0,75
201800053350,18,4,25,1910,1,2,1,1.0,3.0,75116,M,4886470.0,228844.0,75
201800053351,18,4,29,1600,1,2,3,1.0,2.0,75116,M,4884530.0,225866.0,75
201800053352,18,4,30,55,5,2,3,2.0,6.0,75116,M,4886710.0,229020.0,75
201800053353,18,5,1,2000,1,2,2,1.0,3.0,75116,M,4887390.0,228542.0,75
201800053354,18,5,1,2215,5,2,2,1.0,3.0,75116,M,4885950.0,227519.0,75
201800053355,18,5,3,920,1,2,2,1.0,3.0,75116,M,4884830.0,226035.0,75
201800053356,18,5,3,925,1,2,1,1.0,3.0,75116,M,4885270.0,228140.0,75
201800053357,18,5,3,1200,1,2,1,1.0,2.0,75116,M,4887030.0,228218.0,75
201800053358,18,5,4,1855,1,2,7,1.0,3.0,75116,M,4887210.0,227549.0,75
201800053359,18,5,3,1350,1,2,1,1.0,3.0,75116,M,4886260.0,227776.0,75
201800053360,18,5,6,1925,1,2,1,1.0,3.0,75116,M,4885010.0,225229.0,75
201800053361,18,5,9,1330,1,2,1,1.0,2.0,75116,M,4886860.0,225354.0,75
201800053362,18,5,11,2135,5,2,2,1.0,2.0,75116,M,4887880.0,227062.0,75
201800053363,18,5,13,2138,5,2,7,1.0,6.0,75116,M,4886340.0,228690.0,75
201800053364,18,5,17,1750,1,2,2,1.0,6.0,75116,M,4884740.0,227371.0,75
201800053365,18,5,18,1420,1,2,1,1.0,6.0,75116,M,4885130.0,227662.0,75
201800053366,18,5,18,1815,1,2,1,1.0,4.0,75116,M,4887150.0,226141.0,75
201800053367,18,5,19,255,5,2,5,1.0,3.0,75116,M,4886900.0,229155.0,75
201800053368,18,5,20,315,5,2,2,1.0,6.0,75116,M,4886630.0,224156.0,75
201800053369,18,5,22,945,1,2,4,1.0,3.0,75116,M,4883530.0,226005.0,75
201800053370,18,5,22,1030,1,2,1,1.0,6.0,75117,M,4887830.0,228321.0,75
201800053371,18,5,23,220,5,2,1,1.0,7.0,75116,M,4887210.0,225381.0,75
201800053372,18,5,23,1700,1,2,3,1.0,3.0,75116,M,4885450.0,228359.0,75
201800053373,18,5,23,1750,1,2,2,1.0,3.0,75116,M,4885300.0,226184.0,75
201800053374,18,5,24,922,1,2,7,1.0,3.0,75116,M,4886330.0,228666.0,75
201800053375,18,5,25,1740,1,2,1,2.0,6.0,75116,M,4887170.0,229346.0,75
201800053376,18,5,25,1610,1,2,4,2.0,2.0,75116,M,4887690.0,227626.0,75
201800053377,18,5,26,1200,1,2,1,1.0,3.0,75116,M,4887290.0,227307.0,75
201800053378,18,5,27,1200,1,2,2,1.0,6.0,75116,M,4884960.0,227142.0,75
201800053379,18,5,27,1710,1,2,1,1.0,3.0,75116,M,4885960.0,222785.0,75
201800053380,18,5,28,1020,1,2,3,1.0,3.0,75116,M,4885790.0,228795.0,75
201800053381,18,5,28,1845,2,2,4,3.0,3.0,75116,M,4887740.0,228138.0,75
201800053382,18,5,28,2025,1,2,2,3.0,6.0,75116,M,4885180.0,227393.0,75
201800053383,18,5,29,2210,5,2,1,3.0,1.0,75116,M,4883980.0,226759.0,75
201800053384,18,5,30,1044,1,2,7,1.0,6.0,75116,M,4886180.0,223025.0,75
201800053385,18,5,30,1330,1,2,2,1.0,3.0,75116,M,4887040.0,228175.0,75
201800053386,18,5,31,1200,1,2,1,1.0,3.0,75116,M,4886610.0,228945.0,75
201800053387,18,5,31,1155,1,2,2,1.0,3.0,75116,M,4886770.0,228838.0,75
201800053388,18,6,1,1230,1,2,2,1.0,3.0,75116,M,4887270.0,228452.0,75
201800053389,18,6,1,1550,1,2,3,2.0,6.0,75116,M,4886880.0,228330.0,75
201800053390,18,6,4,1440,1,2,1,1.0,1.0,75116,M,4887020.0,223893.0,75
201800053391,18,6,4,2130,3,2,4,1.0,6.0,75116,M,4886960.0,227407.0,75
201800053392,18,6,5,2233,5,2,2,1.0,6.0,75116,M,4886780.0,225104.0,75
201800053393,18,6,6,1310,1,2,1,8.0,5.0,75116,M,4887160.0,229339.0,75
201800053394,18,6,6,1430,1,2,2,1.0,6.0,75116,M,4887510.0,228395.0,75
201800053395,18,6,6,1945,2,2,7,2.0,3.0,75116,M,4887700.0,228307.0,75
201800053396,18,6,6,1920,1,2,4,2.0,6.0,75116,M,4885300.0,226480.0,75
201800053397,18,6,7,1700,1,2,1,1.0,3.0,75116,M,4885150.0,227981.0,75
201800053398,18,6,8,124,5,2,2,1.0,3.0,75116,M,4886780.0,225104.0,75
201800053399,18,6,8,300,5,2,1,1.0,6.0,75116,M,4886610.0,223625.0,75
201800053400,18,6,8,1830,1,2,7,1.0,3.0,75116,M,4887140.0,227756.0,75
201800053401,18,6,8,1835,1,2,7,1.0,6.0,75116,M,4884230.0,225133.0,75
201800053402,18,6,8,1955,1,2,3,1.0,3.0,75116,M,4886850.0,229887.0,75
201800053403,18,6,10,1900,1,2,7,2.0,3.0,75116,M,4886240.0,228699.0,75
201800053404,18,6,11,850,1,2,1,2.0,6.0,75116,M,4884280.0,226463.0,75
201800053405,18,6,11,1115,1,2,7,1.0,2.0,75116,M,4887210.0,227459.0,75
201800053406,18,6,13,930,1,2,6,1.0,2.0,75116,M,4883820.0,225636.0,75
201800053407,18,6,13,1405,1,2,1,1.0,3.0,75116,M,4887080.0,227082.0,75
201800053408,18,6,18,1730,1,2,2,1.0,3.0,75116,M,4887490.0,227109.0,75
201800053409,18,6,18,1950,1,2,7,1.0,2.0,75116,M,4887350.0,229423.0,75
201800053410,18,6,20,1530,1,2,3,1.0,4.0,75116,M,4885090.0,226047.0,75
201800053411,18,6,20,1615,1,2,2,1.0,3.0,75116,M,4887140.0,227756.0,75
201800053412,18,6,21,1430,1,2,1,1.0,2.0,75116,M,4886000.0,228001.0,75
201800053413,18,6,21,1730,1,2,1,1.0,7.0,75116,M,4884000.0,225797.0,75
201800053414,18,6,21,1735,1,2,1,1.0,6.0,75116,M,4884890.0,226495.0,75
201800053415,18,6,21,1810,1,2,1,1.0,6.0,75116,M,4884270.0,225869.0,75
201800053416,18,6,21,2300,5,2,1,1.0,7.0,75116,M,4884790.0,225663.0,75
201800053417,18,6,22,150,3,2,2,1.0,2.0,75116,M,4886500.0,228649.0,75
201800053418,18,6,22,930,1,1,4,1.0,2.0,75116,M,4884070.0,226819.0,75
201800053419,18,6,22,1800,1,2,4,1.0,3.0,75116,M,4886560.0,226783.0,75
201800053420,18,6,22,1710,1,2,1,1.0,6.0,75116,M,4885070.0,226035.0,75
201800053421,18,6,23,505,2,2,3,1.0,3.0,75116,M,4886690.0,227178.0,75
201800053422,18,6,24,414,5,2,7,1.0,6.0,75116,M,4886300.0,228643.0,75
201800053423,18,6,26,845,1,2,1,1.0,3.0,75116,M,4885350.0,225349.0,75
201800053424,18,6,26,1815,1,2,1,1.0,2.0,75116,M,4885400.0,224181.0,75
201800053425,18,6,26,1930,1,2,1,1.0,3.0,75116,M,4887530.0,229023.0,75
201800053426,18,6,28,1100,1,2,1,1.0,3.0,75116,M,4887710.0,228197.0,75
201800053427,18,6,30,1935,1,2,2,1.0,3.0,75116,M,4884460.0,225210.0,75
201800053428,18,7,1,330,5,2,1,1.0,6.0,75116,M,4886850.0,229121.0,75
201800053429,18,7,1,1450,1,2,1,1.0,2.0,75116,M,4886200.0,223043.0,75
201800053430,18,7,3,1035,1,2,3,1.0,6.0,75116,M,4886180.0,223025.0,75
201800053431,18,7,3,730,1,2,2,1.0,3.0,75116,M,4885770.0,226351.0,75
201800053432,18,7,3,2330,5,2,1,1.0,3.0,75116,M,4885810.0,226188.0,75
201800053433,18,7,4,1,3,2,4,1.0,7.0,75116,M,4886630.0,224156.0,75
201800053434,18,7,4,1335,1,2,2,1.0,3.0,75116,M,4887270.0,228452.0,75
201800053435,18,7,4,2100,1,2,2,1.0,3.0,75116,M,4886780.0,225104.0,75
201800053436,18,7,6,955,1,2,6,1.0,3.0,75116,M,4886450.0,229343.0,75
201800053437,18,7,6,1000,1,2,4,1.0,3.0,75116,M,4885290.0,228159.0,75
201800053438,18,7,7,10,5,2,1,1.0,6.0,75116,M,4887730.0,228400.0,75
201800053439,18,7,8,420,5,2,1,1.0,6.0,75116,M,4887720.0,228438.0,75
201800053440,18,7,8,1625,1,2,5,1.0,3.0,75116,M,4886500.0,223445.0,75
201800053441,18,7,8,1650,1,2,6,1.0,6.0,75116,M,4887350.0,229423.0,75
201800053442,18,7,8,1720,1,2,1,1.0,6.0,75116,M,4887450.0,226375.0,75
201800053443,18,7,9,950,1,2,2,1.0,6.0,75116,M,4884830.0,226727.0,75
201800053444,18,7,9,1225,1,2,1,1.0,2.0,75116,M,4884130.0,225387.0,75
201800053445,18,7,13,1030,1,2,1,1.0,2.0,75116,M,4885430.0,223740.0,75
201800053446,18,7,14,1930,1,2,1,1.0,3.0,75116,M,4886410.0,227801.0,75
201800053447,18,7,15,1845,1,2,1,1.0,6.0,75116,M,4885500.0,226971.0,75
201800053448,18,7,15,2130,1,2,1,1.0,6.0,75116,M,4886880.0,228319.0,75
201800053449,18,7,16,1710,1,2,1,1.0,6.0,75116,M,4883880.0,225681.0,75
201800053450,18,7,15,1855,1,2,7,1.0,6.0,75116,M,4886330.0,228666.0,75
201800053451,18,7,18,920,1,2,7,1.0,3.0,75116,M,,,75
201800053452,18,7,18,1200,1,2,2,1.0,3.0,75116,M,4886120.0,228348.0,75
201800053453,18,7,18,1515,1,2,4,1.0,3.0,75116,M,4887000.0,229000.0,75
201800053454,18,7,19,2050,2,2,1,1.0,3.0,75116,M,,,75
201800053455,18,7,20,2030,2,2,7,2.0,7.0,75116,M,,,75
201800053456,18,7,21,1150,1,2,1,1.0,6.0,75116,M,4887649.0,228546.0,75
201800053457,18,7,22,513,5,2,1,1.0,6.0,75116,M,4885000.0,228400.0,75
201800053458,18,7,23,1520,1,2,7,1.0,6.0,75116,M,4886497.0,229333.0,75
201800053459,18,7,24,1,5,2,2,1.0,3.0,75116,M,4885000.0,228000.0,75
201800053460,18,7,24,950,1,2,7,1.0,6.0,75116,M,,,75
201800053461,18,7,26,1900,1,2,7,1.0,6.0,75116,M,,,75
201800053462,18,7,27,1720,1,2,7,1.0,3.0,75116,M,4887310.0,229564.0,75
201800053463,18,7,30,900,1,2,4,1.0,3.0,75116,M,4887384.0,229015.0,75
201800053464,18,7,31,1520,1,2,1,1.0,2.0,75116,M,,,75
201800053465,18,7,31,1835,1,2,1,1.0,4.0,75116,M,,,75
201800053466,18,8,2,910,1,2,3,1.0,2.0,75116,M,4886545.0,229575.0,75
201800053467,18,8,2,830,1,2,4,1.0,3.0,75116,M,4886426.0,223575.0,75
201800053468,18,8,2,1750,1,2,3,1.0,2.0,75116,M,,,75
201800053469,18,8,3,1155,1,2,2,1.0,6.0,75116,M,,,75
201800053470,18,8,4,740,2,2,1,1.0,5.0,75116,M,,,75
201800053471,18,8,5,1000,1,2,7,1.0,6.0,75116,M,,,75
201800053472,18,8,6,845,1,2,1,1.0,6.0,75116,M,,,75
201800053473,18,8,6,1145,1,2,4,1.0,2.0,75116,M,4886195.0,223052.0,75
201800053474,18,8,6,2312,5,2,1,9.0,6.0,75116,M,,,75
201800053475,18,8,7,720,2,2,4,1.0,3.0,75116,M,,,75
201800053476,18,8,9,1600,1,2,1,2.0,2.0,75116,M,,,75
201800053477,18,8,10,1915,1,1,1,1.0,3.0,75116,M,4887704.0,226782.0,75
201800053478,18,8,11,1730,1,2,2,1.0,6.0,75116,M,4884875.0,226475.0,75
201800053479,18,8,13,1915,1,2,4,1.0,7.0,75116,M,,,75
201800053480,18,8,14,1830,1,2,5,1.0,6.0,75116,M,4885100.0,226670.0,75
201800053481,18,8,18,2130,2,2,1,1.0,6.0,75103,M,,,75
201800053482,18,8,20,745,1,2,1,2.0,2.0,75108,M,4886000.0,230000.0,75
201800053483,18,8,20,1850,1,2,1,1.0,2.0,75116,M,,,75
201800053484,18,8,22,845,1,2,1,1.0,6.0,75116,M,4885444.0,224208.0,75
201800053485,18,8,22,2325,5,2,7,1.0,3.0,75116,M,4386394.0,227203.0,75
201800053486,18,8,23,2135,5,2,1,1.0,2.0,75116,M,,,75
201800053487,18,8,24,1535,1,2,3,8.0,6.0,75116,M,,,75
201800053488,18,8,24,1930,1,2,4,1.0,3.0,75116,M,4883530.0,225840.0,75
201800053489,18,8,25,1500,1,2,3,1.0,2.0,75116,M,4886480.0,229580.0,75
201800053490,18,8,25,1900,1,2,1,1.0,2.0,75116,M,4887440.0,229660.0,75
201800053491,18,8,25,2100,5,2,2,1.0,3.0,75116,M,,,75
201800053492,18,8,26,2025,2,2,1,1.0,3.0,75116,M,4886000.0,228000.0,75
201800053493,18,8,28,830,1,2,7,1.0,3.0,75116,M,4886300.0,339700.0,75
201800053494,18,8,28,1150,1,2,7,1.0,3.0,75116,M,,,75
201800053495,18,8,30,132,5,2,3,1.0,7.0,75115,M,,,75