Num_Acc,an,mois,jour,hrmn,lum,agg,int,atm,col,com,gps,lat,long,dep
201800053496,18,9,1,855,1,2,1,1.0,6.0,75116,M,,,75
201800053497,18,9,3,1630,1,2,7,1.0,3.0,75116,M,4883810.0,225760.0,75
201800053498,18,9,4,1145,1,2,2,8.0,3.0,75116,M,,,75
201800053499,18,9,4,1845,1,2,2,1.0,3.0,75116,M,,,75
201800053500,18,9,5,1700,1,2,2,1.0,6.0,75116,M,4886500.0,228600.0,75
201800053501,18,9,5,1850,1,2,3,1.0,7.0,75108,M,4887500.0,230300.0,75
201800053502,18,9,5,2250,5,2,1,1.0,2.0,75116,M,4886137.0,224667.0,75
201800053503,18,9,6,815,1,2,1,1.0,6.0,75116,M,4884272.0,225413.0,75
201800053504,18,9,6,1315,1,2,1,1.0,2.0,75116,M,4886789.0,228571.0,75
201800053505,18,9,7,1,5,2,1,1.0,3.0,75116,M,4886572.0,222927.0,75
201800053506,18,9,7,1430,1,2,2,1.0,6.0,75116,M,4887107.0,229323.0,75
201800053507,18,9,9,1315,1,2,1,1.0,3.0,75116,M,,,75
201800053508,18,9,11,810,1,1,4,1.0,3.0,75116,M,,,75
201800053509,18,9,11,1740,1,2,7,1.0,6.0,75116,M,4886479.0,229295.0,75
201800053510,18,9,11,1945,1,2,7,1.0,3.0,75116,M,4885731.0,226474.0,75
201800053511,18,9,12,1020,1,2,3,1.0,6.0,75116,M,4884808.0,226304.0,75
201800053512,18,9,12,1400,1,2,1,1.0,2.0,75116,M,,,75
201800053513,18,9,12,1850,1,2,1,1.0,6.0,75116,M,,,75
201800053514,18,9,13,929,1,2,7,2.0,3.0,75116,M,4885145.0,227842.0,75
201800053515,18,9,13,1045,1,2,2,2.0,6.0,75117,M,,,75
201800053516,18,9,14,1500,1,2,2,1.0,6.0,75116,M,4887268.0,228442.0,75
201800053517,18,9,14,1445,1,2,2,1.0,6.0,75116,M,,,75
201800053518,18,9,15,750,1,2,3,1.0,6.0,75116,M,4885654.0,226632.0,75
201800053519,18,9,15,1410,1,2,2,1.0,2.0,75116,M,4886500.0,223400.0,75
201800053520,18,9,16,609,5,2,1,1.0,3.0,75116,M,4887535.0,228926.0,75
201800053521,18,9,16,1020,1,2,1,1.0,6.0,75116,M,,,75
201800053522,18,9,18,1122,1,2,1,1.0,6.0,75116,M,,,75
201800053523,18,9,18,1650,1,2,1,1.0,6.0,75116,M,4885900.0,227800.0,75
201800053524,18,9,18,1750,1,2,4,1.0,1.0,75116,M,,,75
201800053525,18,9,19,1620,1,2,7,1.0,3.0,75116,M,4885164.0,227770.0,75
201800053526,18,9,20,1205,1,2,1,1.0,6.0,75116,M,,,75
201800053527,18,9,20,1150,1,2,7,1.0,3.0,75116,M,4886000.0,229000.0,75
201800053528,18,9,20,1505,1,2,7,1.0,3.0,75116,M,4887202.0,227555.0,75
201800053529,18,9,21,910,1,2,2,2.0,6.0,75117,M,,,75
201800053530,18,9,22,26,5,2,2,1.0,3.0,75116,M,4887271.0,228440.0,75
201800053531,18,9,22,700,5,2,3,1.0,6.0,75116,M,,,75
201800053532,18,9,23,1400,1,2,2,3.0,7.0,75116,M,4886250.0,223825.0,75
201800053533,18,9,24,1850,1,2,1,1.0,6.0,75116,M,4885084.0,227149.0,75
201800053534,18,9,25,2045,5,2,2,1.0,3.0,75116,M,,,75
201800053535,18,9,26,1040,1,2,4,1.0,6.0,75116,M,4886473.0,228126.0,75
201800053536,18,9,24,1235,1,2,5,1.0,3.0,75116,M,,,75
201800053537,18,9,27,1503,1,2,1,1.0,6.0,75116,M,4886304.0,226198.0,75
201800053538,18,9,28,405,5,2,4,1.0,6.0,75116,M,4885465.0,226874.0,75
201800053539,18,9,28,1600,1,2,3,1.0,3.0,75116,M,4886321.0,229615.0,75
201800053540,18,9,28,1630,1,2,1,1.0,1.0,75116,M,,,75
201800053541,18,9,28,1800,1,2,2,1.0,2.0,75116,M,,,75
201800053542,18,9,29,130,5,2,3,1.0,3.0,75116,M,,,75
201800053543,18,9,29,1615,1,2,2,7.0,3.0,75116,M,,,75
201800053544,18,10,1,1000,1,2,1,1.0,6.0,75116,M,,,75
201800053545,18,10,1,1000,1,2,1,1.0,2.0,75116,M,,,75
201800053546,18,10,3,850,1,2,1,1.0,6.0,75116,M,,,75
201800053547,18,10,4,1105,1,2,1,1.0,6.0,75116,M,,,75
201800053548,18,10,4,1729,1,1,2,1.0,6.0,75116,M,4884235.0,225470.0,75
201800053549,18,10,4,1850,2,2,3,1.0,3.0,75116,M,,,75
201800053550,18,10,5,1630,1,2,4,1.0,2.0,75116,M,,,75
201800053551,18,10,7,105,5,2,2,1.0,3.0,75116,M,4886910.0,228984.0,75
201800053552,18,10,7,1655,1,2,1,1.0,6.0,75116,M,4886369.0,229792.0,75
201800053553,18,10,10,1235,1,2,1,1.0,5.0,75116,M,,,75
201800053554,18,10,10,1447,1,2,3,1.0,3.0,75116,M,,,75
201800053555,18,10,10,1930,5,2,1,1.0,6.0,75116,M,,,75
201800053556,18,10,12,900,1,2,1,1.0,3.0,75116,M,,,75
201800053557,18,10,12,955,1,2,7,1.0,2.0,75108,M,4886381.0,232145.0,75
201800053558,18,10,13,1620,1,2,2,1.0,6.0,75117,M,4887523.0,229588.0,75
201800053559,18,10,15,825,1,2,4,1.0,6.0,75116,M,4886848.0,228721.0,75
201800053560,18,10,15,830,1,2,2,1.0,6.0,75116,M,,,75
201800053561,18,10,15,1815,1,2,1,1.0,3.0,75116,M,4885498.0,227273.0,75
201800053562,18,10,16,820,1,2,2,1.0,3.0,75116,M,,,75
201800053563,18,10,16,1920,5,2,2,1.0,6.0,75116,M,,,75
201800053564,18,10,17,810,1,2,2,1.0,2.0,75117,M,,,75
201800053565,18,10,17,2115,5,2,3,1.0,6.0,75116,M,,,75
201800053566,18,10,20,55,5,2,1,1.0,6.0,75116,M,4851458.0,217153.0,75
201800053567,18,10,20,115,5,2,3,1.0,6.0,75116,M,4884181.0,225929.0,75
201800053568,18,10,20,2035,5,2,1,1.0,7.0,75116,M,,,75
201800053569,18,10,20,1610,1,1,1,1.0,7.0,75116,M,4886610.0,226080.0,75
201800053570,18,10,23,1200,1,2,7,1.0,2.0,75116,M,4896111.0,227504.0,75
201800053571,18,10,23,1635,1,2,4,1.0,2.0,75116,M,,,75
201800053572,18,10,23,1250,1,2,1,1.0,3.0,75116,M,4884000.0,226300.0,75
201800053573,18,10,24,2000,5,2,2,1.0,6.0,75116,M,4886417.0,227504.0,75
201800053574,18,10,25,1220,1,2,7,1.0,3.0,75116,M,4886342.0,228723.0,75
201800053575,18,10,26,1330,1,2,2,1.0,3.0,75116,M,,,75
201800053576,18,10,26,1340,1,2,3,1.0,6.0,75116,M,4886626.0,228718.0,75
201800053577,18,10,26,1600,1,2,1,1.0,6.0,75116,M,,,75
201800053578,18,10,26,1940,5,2,2,2.0,6.0,75116,M,,,75
201800053579,18,10,26,1830,5,2,2,2.0,3.0,75116,M,4886192.0,228656.0,75
201800053580,18,10,29,1526,1,2,1,8.0,6.0,75116,M,,,75
201800053581,18,10,30,1220,1,2,2,1.0,2.0,75116,M,4886955.0,229573.0,75
201800053582,18,10,30,1900,4,2,1,1.0,3.0,75116,M,4887000.0,228000.0,75
201800053583,18,10,31,1500,1,2,4,2.0,2.0,75116,M,4883680.0,225590.0,75
201800053584,18,11,1,1010,1,2,2,1.0,6.0,75116,M,4885166.0,223675.0,75
201800053585,18,11,2,25,5,2,2,2.0,3.0,75116,M,4886761.0,225089.0,75
201800053586,18,11,2,1830,3,2,3,1.0,3.0,75116,M,4886310.0,229621.0,75
201800053587,18,11,8,1215,1,2,2,1.0,6.0,75116,M,,,75
201800053588,18,11,8,1540,1,2,1,1.0,2.0,75116,M,4885288.0,222624.0,75
201800053589,18,11,8,2300,5,2,2,1.0,3.0,75108,M,4887152.0,232310.0,75
201800053590,18,11,10,1820,2,2,2,2.0,2.0,75116,M,,,75
201800053591,18,11,11,645,5,2,3,2.0,6.0,75116,M,,,75
201800053592,18,11,11,1420,1,2,2,2.0,6.0,75116,M,4886693.0,227904.0,75
201800053593,18,11,11,1750,5,2,2,2.0,6.0,75116,M,4884807.0,226032.0,75
201800053594,18,11,12,1030,1,2,2,2.0,6.0,75116,M,4884910.0,227390.0,75
201800053595,18,11,12,1110,1,2,2,2.0,6.0,75116,M,,,75
201800053596,18,11,12,2305,5,2,5,1.0,3.0,75116,M,,,75
201800053597,18,11,14,1200,1,2,1,1.0,6.0,75116,M,4884639.0,225622.0,75
201800053598,18,11,15,2045,5,2,2,1.0,3.0,75116,M,,,75
201800053599,18,11,16,905,1,2,4,8.0,6.0,75116,M,4883852.0,225224.0,75
201800053600,18,11,16,1100,1,2,2,8.0,2.0,75116,M,4884097.0,226384.0,75
201800053601,18,11,16,1750,2,2,1,1.0,3.0,75116,M,,,75
201800053602,18,11,16,2000,5,2,7,5.0,7.0,75117,M,,,75
201800053603,18,11,16,2210,5,2,2,1.0,6.0,75116,M,4895931.0,224525.0,75
201800053604,18,11,18,1510,1,2,7,1.0,3.0,75116,M,4884824.0,225913.0,75
201800053605,18,11,19,800,1,2,3,1.0,3.0,75116,M,,,75
201800053606,18,11,19,1845,5,2,2,1.0,3.0,75116,M,4883670.0,225359.0,75
201800053607,18,11,20,1030,1,2,1,2.0,3.0,75116,M,4885218.0,228072.0,75
201800053608,18,11,21,1345,1,2,1,1.0,3.0,75101,M,,,75
201800053609,18,11,21,2215,5,2,3,1.0,6.0,75116,M,4886844.0,227302.0,75
201800053610,18,11,22,815,2,2,3,1.0,7.0,75116,M,,,75
201800053611,18,11,22,910,1,2,3,1.0,2.0,75116,M,,,75
201800053612,18,11,22,1325,1,2,2,1.0,3.0,75116,M,,,75
201800053613,18,11,22,1620,1,2,4,2.0,7.0,75116,M,4883612.0,225812.0,75
201800053614,18,11,22,1720,5,2,1,1.0,2.0,75116,M,4884800.0,225591.0,75
201800053615,18,11,23,1030,1,2,2,1.0,6.0,75116,M,4886520.0,228911.0,75
201800053616,18,11,24,45,5,2,2,2.0,7.0,75108,M,4887314.0,231540.0,75
201800053617,18,11,24,330,4,2,1,2.0,7.0,75116,M,4827162.0,229556.0,75
201800053618,18,11,24,1715,2,2,1,1.0,6.0,75116,M,,,75
201800053619,18,11,25,615,5,2,1,2.0,6.0,75116,M,4885939.0,224273.0,75
201800053620,18,11,25,2327,5,2,1,2.0,3.0,75116,M,,,75
201800053621,18,11,26,1100,1,2,7,2.0,4.0,75116,M,4886247.0,228731.0,75
201800053622,18,11,28,1000,1,2,7,2.0,3.0,75116,M,4886163.0,228503.0,75
201800053623,18,11,28,1440,1,2,1,1.0,6.0,75116,M,,,75
201800053624,18,11,30,1040,1,2,1,1.0,6.0,75116,M,,,75
201800053625,18,11,30,1950,5,2,1,1.0,6.0,75116,M,4886480.0,229730.0,75
201800053626,18,12,1,830,1,2,1,2.0,6.0,75116,M,4887700.0,227000.0,75
201800053627,18,12,3,59,5,2,7,2.0,3.0,75116,M,4886326.0,226850.0,75
201800053628,18,12,5,2045,5,2,3,3.0,6.0,75116,M,4886000.0,228000.0,75
201800053629,18,12,5,2215,5,2,2,2.0,6.0,75116,M,4884740.0,227379.0,75
201800053630,18,12,5,1858,5,2,1,1.0,3.0,75116,M,4800000.0,226284.0,75
201800053631,18,12,7,1000,1,2,3,8.0,6.0,75108,M,,,75
201800053632,18,12,7,1120,1,2,1,1.0,6.0,75116,M,4885669.0,227548.0,75
201800053633,18,12,11,1545,1,2,1,1.0,6.0,75116,M,4885200.0,226800.0,75
201800053634,18,12,13,1115,1,2,3,1.0,3.0,75116,M,,,75
201800053635,18,12,14,300,5,2,3,1.0,6.0,75116,M,,,75
201800053636,18,12,14,1015,1,2,3,1.0,6.0,75116,M,,,75
201800053637,18,12,16,640,5,2,7,2.0,6.0,75116,M,,,75
201800053638,18,12,16,2030,5,2,1,1.0,3.0,75116,M,,,75
201800053639,18,12,16,2130,5,2,7,1.0,6.0,75116,M,4887098.0,227416.0,75
201800053640,18,12,17,115,5,2,3,2.0,2.0,75108,M,,,75
201800053641,18,12,18,845,1,2,4,1.0,3.0,75116,M,4885800.0,225500.0,75
201800053642,18,12,18,1245,1,2,2,1.0,6.0,75116,M,4883671.0,226293.0,75
201800053643,18,12,18,2315,5,2,3,2.0,7.0,75116,M,4886703.0,229546.0,75
201800053644,18,12,19,1510,1,2,3,1.0,6.0,75116,M,,,75
201800053645,18,12,19,1940,5,2,1,2.0,3.0,75116,M,4886972.0,225636.0,75
201800053646,18,12,20,1400,1,2,1,1.0,2.0,75116,M,,,75
201800053647,18,12,22,137,5,2,2,1.0,3.0,75116,M,4887501.0,227118.0,75
201800053648,18,12,23,30,5,2,3,1.0,6.0,75116,M,4885500.0,226323.0,75
201800053649,18,12,25,1755,5,2,4,1.0,7.0,75116,M,4883990.0,226383.0,75
201800053650,18,12,26,1630,1,2,7,1.0,3.0,75116,M,4887300.0,229400.0,75
201800053651,18,12,27,2050,5,2,1,1.0,6.0,75116,M,4886189.0,223884.0,75
201800053652,18,12,27,2315,4,2,4,1.0,6.0,75116,M,,,75
201800053653,18,12,28,1845,2,2,1,1.0,3.0,75117,M,4887523.0,229160.0,75
201800053654,18,12,29,1300,1,2,4,1.0,3.0,75116,M,4885660.0,226629.0,75
201800053655,18,12,31,2350,5,2,2,1.0,6.0,75117,M,4889000.0,230180.0,75
201800053656,18,1,1,500,5,2,1,1.0,2.0,75117,M,4888860.0,229306.0,75
201800053657,18,1,2,2145,5,2,4,2.0,6.0,75117,M,4888450.0,232694.0,75
201800053658,18,1,3,1845,5,2,2,8.0,2.0,75117,M,4887740.0,228374.0,75
201800053659,18,1,5,1200,1,2,4,1.0,6.0,75117,M,4888810.0,230232.0,75
201800053660,18,1,10,845,1,2,1,2.0,3.0,75117,M,4889230.0,230379.0,75
201800053661,18,1,11,905,1,2,3,1.0,3.0,75117,M,4888380.0,232115.0,75
201800053662,18,1,11,1415,1,2,4,1.0,3.0,75117,M,4887970.0,228948.0,75
201800053663,18,1,12,1900,5,2,2,1.0,6.0,75117,M,4888200.0,231353.0,75
201800053664,18,1,13,1450,1,2,3,1.0,2.0,75117,M,4888910.0,231610.0,75
201800053665,18,1,13,2340,5,2,2,1.0,6.0,75117,M,4888530.0,230329.0,75
201800053666,18,1,14,1358,1,2,7,1.0,6.0,75117,M,4887820.0,228123.0,75
201800053667,18,1,15,1715,5,2,4,2.0,7.0,75117,M,4888170.0,231491.0,75
201800053668,18,1,16,630,5,2,2,2.0,6.0,75117,M,4888540.0,229101.0,75
201800053669,18,1,16,800,2,2,2,2.0,6.0,75117,M,4889380.0,231185.0,75
201800053670,18,1,16,1845,5,2,1,2.0,6.0,75117,M,4889340.0,231521.0,75
201800053671,18,1,18,30,5,2,7,2.0,6.0,75117,M,4888720.0,230510.0,75
201800053672,18,1,19,1200,1,2,4,2.0,3.0,75117,M,4887910.0,230309.0,75
201800053673,18,1,19,1520,1,2,4,7.0,6.0,75117,M,4889180.0,230158.0,75
201800053674,18,1,20,1130,1,2,1,2.0,4.0,75117,M,4887880.0,229341.0,75
201800053675,18,1,21,1330,1,2,7,2.0,6.0,75117,M,4887930.0,229146.0,75
201800053676,18,1,22,1450,1,2,3,1.0,6.0,75117,M,4889030.0,231712.0,75
201800053677,18,1,22,1820,5,2,5,1.0,2.0,75117,M,4888720.0,229782.0,75
201800053678,18,1,24,1720,2,2,3,1.0,5.0,75117,M,4888450.0,231480.0,75
201800053679,18,1,25,755,2,2,3,2.0,6.0,75117,M,4888990.0,231927.0,75
201800053680,18,1,25,755,5,2,1,2.0,3.0,75117,M,4888780.0,228897.0,75
201800053681,18,1,25,1845,5,2,3,1.0,2.0,75117,M,4888290.0,229637.0,75
201800053682,18,1,25,2240,5,2,1,1.0,1.0,75117,M,4888770.0,231265.0,75
201800053683,18,1,27,803,1,2,1,1.0,3.0,75108,M,4887120.0,230300.0,75
201800053684,18,1,27,1510,1,2,2,1.0,3.0,75117,M,4888520.0,230719.0,75
201800053685,18,1,27,1850,5,2,1,1.0,6.0,75117,M,4888060.0,228565.0,75
201800053686,18,1,29,1350,1,2,2,1.0,6.0,75117,M,4888300.0,232416.0,75
201800053687,18,1,30,1240,1,2,2,2.0,6.0,75117,M,4888150.0,228180.0,75
201800053688,18,1,30,1445,1,2,3,2.0,6.0,75117,M,4888260.0,232204.0,75
201800053689,18,1,30,1700,1,2,1,1.0,3.0,75117,M,4888020.0,228746.0,75
201800053690,18,2,1,1105,1,2,2,2.0,6.0,75117,M,4888690.0,231260.0,75
201800053691,18,2,5,745,1,2,7,1.0,6.0,75117,M,4888860.0,231562.0,75
201800053692,18,2,5,855,1,2,2,1.0,7.0,75117,M,4889530.0,231204.0,75
201800053693,18,2,6,915,1,2,2,4.0,7.0,75117,M,4888010.0,228787.0,75
201800053694,18,2,11,1240,1,2,1,1.0,3.0,75117,M,4888070.0,231190.0,75
201800053695,18,2,12,1420,1,2,3,1.0,3.0,75117,M,4888010.0,230221.0,75
201800053696,18,2,12,1755,2,2,4,1.0,3.0,75117,M,4888050.0,229514.0,75
201800053697,18,2,12,2130,5,2,1,1.0,3.0,75117,M,4889510.0,231556.0,75
201800053698,18,2,14,1950,2,2,2,2.0,6.0,75117,M,4888570.0,231684.0,75
201800053699,18,2,16,1547,1,2,3,1.0,6.0,75117,M,4887900.0,229274.0,75
201800053700,18,2,18,1230,1,2,4,1.0,3.0,75117,M,4888480.0,229838.0,75
201800053701,18,2,19,1555,1,2,3,2.0,3.0,75117,M,4889300.0,231602.0,75
201800053702,18,2,19,1915,5,2,2,2.0,6.0,75117,M,4887870.0,229418.0,75
201800053703,18,2,20,2125,5,2,2,1.0,2.0,75117,M,4888570.0,231684.0,75
201800053704,18,2,21,1950,5,2,7,1.0,6.0,75117,M,4887940.0,229072.0,75
201800053705,18,2,23,730,1,2,3,1.0,3.0,75117,M,4890050.0,232060.0,75
201800053706,18,2,23,810,1,2,1,1.0,6.0,75117,M,4887910.0,229213.0,75
201800053707,18,2,24,400,5,2,3,1.0,6.0,75117,M,4888490.0,232675.0,75
201800053708,18,2,24,1740,1,2,2,1.0,3.0,75117,M,4889180.0,230158.0,75
201800053709,18,2,27,850,1,2,3,1.0,6.0,75117,M,4889510.0,232127.0,75
201800053710,18,3,2,145,5,2,2,1.0,3.0,75117,M,4889180.0,230158.0,75
201800053711,18,3,2,1510,1,2,7,1.0,6.0,75117,M,4888540.0,229723.0,75
201800053712,18,3,3,2000,5,2,3,1.0,4.0,75117,M,4889370.0,231461.0,75
201800053713,18,3,2,2135,5,2,5,1.0,3.0,75117,M,4888160.0,230069.0,75
201800053714,18,3,5,1600,1,2,3,1.0,6.0,75117,M,4889170.0,232296.0,75
201800053715,18,3,5,1810,2,2,4,1.0,3.0,75117,M,4887860.0,228190.0,75
201800053716,18,3,6,1835,5,2,7,3.0,6.0,75117,M,4888100.0,228416.0,75
201800053717,18,3,9,1152,1,2,7,1.0,6.0,75117,M,4888600.0,228914.0,75
201800053718,18,3,9,2015,5,2,4,8.0,6.0,75117,M,4887690.0,228527.0,75
201800053719,18,3,10,1005,1,2,2,2.0,3.0,75117,M,4888380.0,230476.0,75
201800053720,18,3,10,2300,5,2,4,2.0,2.0,75117,M,4890100.0,232735.0,75
201800053721,18,3,11,1000,1,2,7,1.0,6.0,75117,M,4888810.0,228871.0,75
201800053722,18,3,11,2015,5,2,1,1.0,6.0,75117,M,4888400.0,232642.0,75
201800053723,18,3,12,1000,1,2,2,1.0,3.0,75117,M,4889560.0,232662.0,75
201800053724,18,3,12,1630,1,2,3,1.0,2.0,75117,M,4887900.0,230240.0,75
201800053725,18,3,14,1420,1,2,4,1.0,3.0,75117,M,4888050.0,229514.0,75
201800053726,18,3,15,845,1,2,4,1.0,3.0,75117,M,4888540.0,229332.0,75
201800053727,18,3,15,1945,2,2,7,1.0,6.0,75117,M,4887860.0,228190.0,75
201800053728,18,3,15,2045,5,2,4,2.0,6.0,75117,M,4887930.0,229146.0,75
201800053729,18,3,15,2200,5,2,2,2.0,6.0,75117,M,4887970.0,229932.0,75
201800053730,18,3,16,1350,1,2,2,1.0,3.0,75117,M,4888910.0,232273.0,75
201800053731,18,3,18,1220,1,2,3,8.0,3.0,75117,M,4888860.0,232360.0,75
201800053732,18,3,19,1810,5,2,2,1.0,3.0,75117,M,4888320.0,232531.0,75
201800053733,18,3,21,1540,1,2,1,1.0,6.0,75117,M,4888220.0,232009.0,75
201800053734,18,3,21,2340,5,2,1,1.0,7.0,75116,M,4885280.0,228144.0,75
201800053735,18,3,23,1100,1,2,2,2.0,3.0,75117,M,4887510.0,229601.0,75
201800053736,18,3,23,1315,1,2,1,8.0,3.0,75117,M,4888540.0,229386.0,75
201800053737,18,3,26,1600,1,2,4,1.0,4.0,75117,M,4889770.0,231277.0,75
201800053738,18,3,27,1035,1,2,1,2.0,6.0,75117,M,4889260.0,232534.0,75
201800053739,18,3,28,930,1,2,1,2.0,3.0,75117,M,4889130.0,229991.0,75
201800053740,18,3,29,1100,1,2,4,1.0,3.0,75117,M,4888960.0,230401.0,75
201800053741,18,3,29,1840,1,2,4,2.0,6.0,75117,M,4888600.0,228914.0,75
201800053742,18,3,29,2020,5,2,2,2.0,3.0,75117,M,4887870.0,229418.0,75
201800053743,18,3,30,1440,1,2,4,1.0,3.0,75117,M,4888960.0,230401.0,75
201800053744,18,3,31,1125,1,2,2,1.0,2.0,75117,M,4889240.0,230099.0,75
201800053745,18,4,3,1200,1,2,5,1.0,3.0,75117,M,4888730.0,231404.0,75
201800053746,18,4,3,1700,1,2,3,2.0,6.0,75117,M,4888910.0,232611.0,75
201800053747,18,4,3,2120,5,2,7,1.0,6.0,75117,M,4888100.0,228416.0,75
201800053748,18,4,3,2155,5,2,2,1.0,6.0,75117,M,4888970.0,232171.0,75
201800053749,18,4,4,720,1,2,1,1.0,3.0,75117,M,4889450.0,230494.0,75
201800053750,18,4,4,1340,1,2,2,8.0,3.0,75117,M,4888150.0,228180.0,75
201800053751,18,4,7,1145,1,2,3,1.0,6.0,75117,M,4889000.0,232122.0,75
201800053752,18,4,7,1315,1,2,3,1.0,6.0,75117,M,4888120.0,229552.0,75
201800053753,18,4,8,140,5,2,7,1.0,6.0,75117,M,4889860.0,232319.0,75
201800053754,18,4,10,830,1,2,5,1.0,6.0,75117,M,4888750.0,230743.0,75
201800053755,18,4,11,1230,1,2,2,1.0,3.0,75117,M,4888750.0,229467.0,75
201800053756,18,4,13,815,1,2,2,1.0,5.0,75117,M,4888080.0,231259.0,75
201800053757,18,4,13,444,5,2,2,9.0,3.0,75117,M,4889160.0,231846.0,75
201800053758,18,4,15,25,5,2,7,1.0,3.0,75117,M,4888480.0,229793.0,75
201800053759,18,4,16,215,5,2,4,1.0,6.0,75117,M,4887560.0,229334.0,75
201800053760,18,4,16,1650,1,2,3,1.0,6.0,75117,M,4888440.0,230125.0,75
201800053761,18,4,17,1300,1,2,2,1.0,3.0,75117,M,4888910.0,232273.0,75
201800053762,18,4,19,1115,1,2,1,1.0,6.0,75117,M,4887690.0,229528.0,75
201800053763,18,4,19,1940,1,2,7,1.0,6.0,75117,M,4887820.0,228123.0,75
201800053764,18,4,19,2340,5,2,3,1.0,4.0,75117,M,4889300.0,231602.0,75
201800053765,18,4,20,1300,1,2,2,7.0,2.0,75117,M,4888400.0,228626.0,75
201800053766,18,4,20,1755,1,2,1,1.0,6.0,75117,M,4888670.0,229421.0,75
201800053767,18,4,21,1830,1,2,2,1.0,3.0,75117,M,4889240.0,230099.0,75
201800053768,18,4,22,440,5,2,1,1.0,2.0,75117,M,4887850.0,229471.0,75
201800053769,18,4,22,2340,5,2,2,1.0,3.0,75117,M,4889580.0,232187.0,75
201800053770,18,4,23,1410,1,2,3,1.0,2.0,75117,M,4888330.0,230191.0,75
201800053771,18,4,24,1830,1,2,1,1.0,6.0,75117,M,4888670.0,231386.0,75
201800053772,18,4,25,1700,1,2,2,1.0,3.0,75117,M,4888360.0,228184.0,75
201800053773,18,4,25,2050,2,2,2,1.0,6.0,75117,M,4887870.0,229418.0,75
201800053774,18,4,27,910,1,2,2,1.0,3.0,75117,M,4888660.0,230150.0,75
201800053775,18,4,27,915,1,2,1,1.0,6.0,75117,M,4888040.0,228095.0,75
201800053776,18,4,27,1640,1,2,2,1.0,3.0,75117,M,4889440.0,231361.0,75
201800053777,18,4,28,1245,1,2,2,1.0,3.0,75117,M,4888080.0,231259.0,75
201800053778,18,5,2,1500,1,2,2,1.0,6.0,75117,M,4889000.0,230416.0,75
201800053779,18,5,5,1535,1,2,3,1.0,6.0,75117,M,4887690.0,228527.0,75
201800053780,18,5,11,1630,1,2,1,1.0,2.0,75117,M,4888480.0,229145.0,75
201800053781,18,5,11,2130,5,2,2,1.0,3.0,75117,M,4887650.0,229256.0,75
201800053782,18,5,18,1210,1,2,3,7.0,6.0,75117,M,4888700.0,230810.0,75
201800053783,18,5,19,2225,5,2,2,1.0,3.0,75117,M,4889190.0,232209.0,75
201800053784,18,5,23,1100,1,2,2,1.0,2.0,75117,M,4889240.0,230099.0,75
201800053785,18,5,24,1845,1,2,1,1.0,3.0,75117,M,4888400.0,230390.0,75
201800053786,18,5,24,2010,1,2,2,1.0,2.0,75117,M,4888480.0,228539.0,75
201800053787,18,5,25,2045,3,2,1,3.0,6.0,75117,M,4889750.0,232682.0,75
201800053788,18,5,26,512,2,2,2,1.0,3.0,75117,M,4888730.0,231404.0,75
201800053789,18,5,27,2130,2,2,3,1.0,1.0,75117,M,4888880.0,230885.0,75
201800053790,18,5,28,2000,1,2,2,8.0,3.0,75117,M,4889630.0,231022.0,75
201800053791,18,5,28,2040,3,2,5,3.0,6.0,75117,M,4889300.0,232739.0,75
201800053792,18,5,29,915,1,2,3,8.0,6.0,75117,M,4888450.0,231480.0,75
201800053793,18,5,30,2100,1,2,1,1.0,6.0,75117,M,4888610.0,231522.0,75
201800053794,18,5,31,815,1,2,3,1.0,3.0,75117,M,4888800.0,232460.0,75
201800053795,18,5,31,1945,1,2,4,1.0,3.0,75117,M,4887750.0,229435.0,75
201800053796,18,6,1,730,1,2,2,1.0,6.0,75117,M,4888570.0,231684.0,75
201800053797,18,6,1,1410,1,2,3,1.0,2.0,75117,M,4887910.0,228757.0,75
201800053798,18,6,3,351,5,2,7,1.0,1.0,75117,M,4888260.0,231037.0,75
201800053799,18,6,3,940,1,2,3,1.0,3.0,75117,M,4888880.0,232328.0,75
201800053800,18,5,3,1100,1,2,1,1.0,3.0,75117,M,4890100.0,232706.0,75
201800053801,18,6,8,1445,1,2,7,1.0,6.0,75117,M,4888760.0,230461.0,75
201800053802,18,6,10,1345,1,2,2,1.0,1.0,75117,M,4889180.0,230158.0,75
201800053803,18,6,12,1215,1,2,2,1.0,3.0,75117,M,4888970.0,232171.0,75
201800053804,18,6,12,1830,1,2,1,1.0,3.0,75117,M,4888380.0,230487.0,75
201800053805,18,6,14,1345,1,2,1,1.0,6.0,75117,M,4888670.0,230064.0,75
201800053806,18,6,14,50,5,2,3,1.0,3.0,75117,M,4889750.0,232433.0,75
201800053807,18,6,14,2125,1,2,3,1.0,6.0,75108,M,4887490.0,230590.0,75
201800053808,18,6,17,100,5,2,2,1.0,3.0,75117,M,4889030.0,232074.0,75
201800053809,18,6,19,1355,1,2,2,1.0,6.0,75117,M,4888940.0,232229.0,75
201800053810,18,6,19,1605,1,2,2,1.0,6.0,75108,M,4887910.0,230309.0,75
201800053811,18,6,19,1720,1,2,3,1.0,6.0,75117,M,4888510.0,232669.0,75
201800053812,18,6,20,1000,1,2,5,1.0,3.0,75116,M,4887320.0,228440.0,75
201800053813,18,6,20,1830,1,2,5,1.0,3.0,75116,M,4887320.0,228440.0,75
201800053814,18,6,21,1550,1,2,1,1.0,6.0,75117,M,4888860.0,230433.0,75
201800053815,18,6,21,1845,1,2,1,1.0,2.0,75108,M,4886800.0,230118.0,75