Num_Acc,an,mois,jour,hrmn,lum,agg,int,atm,col,com,gps,lat,long,dep
201800053816,18,6,22,915,1,2,2,1.0,3.0,75117,M,4890100.0,233013.0,75
201800053817,18,6,22,1210,1,2,3,1.0,6.0,75117,M,4887800.0,229367.0,75
201800053818,18,6,22,2100,2,2,3,1.0,3.0,75117,M,4888540.0,229332.0,75
201800053819,18,6,26,1055,1,2,3,1.0,2.0,75117,M,4887900.0,230240.0,75
201800053820,18,6,27,1340,1,2,1,1.0,3.0,75117,M,4888220.0,230185.0,75
201800053821,18,6,29,1245,1,2,1,1.0,6.0,75117,M,4889280.0,231627.0,75
201800053822,18,6,29,1820,1,2,2,1.0,3.0,75117,M,4888290.0,229637.0,75
201800053823,18,6,29,1940,1,2,1,1.0,3.0,75117,M,4887840.0,229982.0,75
201800053824,18,7,1,2235,5,2,3,1.0,6.0,75117,M,4888590.0,230640.0,75
201800053825,18,7,2,1715,1,2,2,1.0,3.0,75117,M,4888230.0,231172.0,75
201800053826,18,7,3,1110,1,2,1,1.0,6.0,75117,M,4889730.0,232159.0,75
201800053827,18,7,3,1720,1,2,7,1.0,2.0,75108,M,4888050.0,230968.0,75
201800053828,18,7,4,511,2,2,1,1.0,6.0,75117,M,4887600.0,229665.0,75
201800053829,18,7,4,1730,1,2,1,1.0,3.0,75117,M,4888460.0,230017.0,75
201800053830,18,7,4,2035,1,2,5,1.0,6.0,75117,M,4888540.0,229332.0,75
201800053831,18,7,5,1610,1,2,1,1.0,6.0,75108,M,4888180.0,231963.0,75
201800053832,18,7,6,1125,1,2,5,1.0,6.0,75117,M,4888730.0,231404.0,75
201800053833,18,7,6,1755,1,2,2,1.0,3.0,75117,M,4887830.0,229564.0,75
201800053834,18,7,9,1320,1,2,2,1.0,6.0,75117,M,4887500.0,229380.0,75
201800053835,18,7,9,2015,1,2,3,1.0,6.0,75117,M,4888230.0,232093.0,75
201800053836,18,7,10,1120,1,2,1,1.0,2.0,75117,M,4888330.0,232560.0,75
201800053837,18,7,12,1545,1,2,3,1.0,3.0,75117,M,4887890.0,230178.0,75
201800053838,18,7,13,1920,1,2,1,1.0,2.0,75117,M,4889490.0,230556.0,75
201800053839,18,7,16,1910,1,2,2,1.0,3.0,75117,M,4888380.0,230476.0,75
201800053840,18,7,17,1900,1,2,1,1.0,4.0,75117,M,4888061.0,228374.0,75
201800053841,18,7,17,2030,2,2,2,1.0,3.0,75117,M,4887968.0,230546.0,75
201800053842,18,7,18,2015,2,2,1,1.0,2.0,75117,M,4888073.0,231132.0,75
201800053843,18,7,21,130,5,2,7,1.0,3.0,75117,M,4887860.0,228217.0,75
201800053844,18,7,25,1400,1,2,3,1.0,6.0,75117,M,4889151.0,232054.0,75
201800053845,18,7,27,1145,1,2,3,1.0,4.0,75117,M,,,75
201800053846,18,7,30,1640,1,2,1,7.0,6.0,75118,M,4889620.0,232870.0,75
201800053847,18,7,31,2035,1,2,3,1.0,6.0,75117,M,4889300.0,232700.0,75
201800053848,18,8,8,1836,1,2,7,1.0,6.0,75117,M,4888760.0,229832.0,75
201800053849,18,8,14,1920,1,2,7,1.0,3.0,75117,M,4887844.0,228160.0,75
201800053850,18,8,22,1525,1,2,4,1.0,3.0,75117,M,4888824.0,231048.0,75
201800053851,18,8,22,1750,1,2,2,1.0,6.0,75117,M,4887971.0,228718.0,75
201800053852,18,8,23,5,5,2,2,1.0,6.0,75117,M,4888604.0,232624.0,75
201800053853,18,8,23,1025,1,2,2,1.0,3.0,75117,M,,,75
201800053854,18,8,24,1,5,2,3,2.0,6.0,75117,M,4887719.0,228569.0,75
201800053855,18,8,24,1030,1,2,2,8.0,6.0,75117,M,4888749.0,230736.0,75
201800053856,18,8,24,1430,1,2,1,1.0,7.0,75117,M,4888310.0,232460.0,75
201800053857,18,8,25,2220,5,2,4,1.0,6.0,75117,M,,,75
201800053858,18,8,29,1215,1,2,1,1.0,3.0,75117,M,4888497.0,231737.0,75
201800053859,18,8,31,125,5,2,3,8.0,7.0,75117,M,4887958.0,228071.0,75
201800053860,18,9,1,1530,1,2,2,1.0,3.0,75117,M,4888398.0,231839.0,75
201800053861,18,9,1,2311,5,2,7,1.0,3.0,75117,M,4888000.0,229000.0,75
201800053862,18,9,2,1815,1,2,3,1.0,3.0,75117,M,4888193.0,228344.0,75
201800053863,18,9,3,240,5,2,1,1.0,6.0,75117,M,,,75
201800053864,18,9,3,1830,1,2,3,1.0,3.0,75117,M,4888586.0,229485.0,75
201800053865,18,9,6,1220,1,2,5,8.0,3.0,75117,M,4888530.0,230724.0,75
201800053866,18,9,6,1440,1,2,1,1.0,3.0,75117,M,4889313.0,231555.0,75
201800053867,18,9,6,1800,1,2,4,1.0,3.0,75118,M,4889792.0,232917.0,75
201800053868,18,9,7,50,5,2,2,1.0,3.0,75117,M,4887451.0,229291.0,75
201800053869,18,9,7,1215,1,2,5,1.0,6.0,75117,M,,,75
201800053870,18,9,7,1635,1,2,5,1.0,6.0,75117,M,,,75
201800053871,18,9,7,1620,1,2,5,1.0,3.0,75117,M,4888439.0,228955.0,75
201800053872,18,9,11,1715,1,2,3,1.0,3.0,75117,M,,,75
201800053873,18,9,12,1505,1,2,1,1.0,6.0,75117,M,4889240.0,231692.0,75
201800053874,18,9,14,1315,1,2,6,1.0,3.0,75117,M,,,75
201800053875,18,9,14,1635,1,2,2,1.0,6.0,75117,M,4888050.0,228556.0,75
201800053876,18,9,15,2040,5,2,1,1.0,6.0,75117,M,4888316.0,230764.0,75
201800053877,18,9,17,1405,1,2,1,1.0,3.0,75117,M,4889007.0,231694.0,75
201800053878,18,9,18,730,1,2,1,1.0,2.0,75117,M,4888622.0,229405.0,75
201800053879,18,9,22,2000,4,2,4,2.0,6.0,75117,M,4888156.0,230167.0,75
201800053880,18,9,24,1400,1,2,3,1.0,3.0,75117,M,4889231.0,231713.0,75
201800053881,18,9,25,915,1,2,1,1.0,3.0,75117,M,,,75
201800053882,18,9,26,845,1,2,5,1.0,6.0,75117,M,,,75
201800053883,18,9,26,1415,1,2,2,1.0,3.0,75117,M,,,75
201800053884,18,9,26,1920,2,2,7,1.0,3.0,75117,M,4887866.0,228020.0,75
201800053885,18,9,27,900,1,2,1,1.0,6.0,75117,M,4889000.0,231000.0,75
201800053886,18,9,27,1850,1,2,2,1.0,6.0,75117,M,4888750.0,231369.0,75
201800053887,18,9,28,1550,1,2,3,1.0,6.0,75117,M,4888180.0,230300.0,75
201800053888,18,9,28,1730,1,2,2,1.0,6.0,75117,M,4889457.0,231815.0,75
201800053889,18,9,28,2325,5,2,4,1.0,3.0,75101,M,,,75
201800053890,18,9,29,245,5,2,1,1.0,6.0,75109,M,4888310.0,233416.0,75
201800053891,18,9,29,1635,1,2,5,1.0,6.0,75117,M,4888752.0,229500.0,75
201800053892,18,10,2,105,5,2,3,1.0,2.0,75117,M,4889257.0,231647.0,75
201800053893,18,10,2,1445,1,2,3,8.0,3.0,75117,M,,,75
201800053894,18,10,4,1715,1,2,1,1.0,1.0,75117,M,4888000.0,229000.0,75
201800053895,18,10,4,2100,5,2,3,1.0,2.0,75117,M,,,75
201800053896,18,10,5,1620,1,2,2,1.0,6.0,75117,M,4888320.0,232520.0,75
201800053897,18,10,5,2100,5,2,4,1.0,6.0,75108,M,4888124.0,231152.0,75
201800053898,18,10,6,505,5,2,1,1.0,2.0,75117,M,4889250.0,231664.0,75
201800053899,18,10,6,2055,5,2,3,1.0,3.0,75117,M,,,75
201800053900,18,10,7,310,5,2,2,2.0,7.0,75117,M,4889200.0,232400.0,75
201800053901,18,10,7,2300,5,2,1,1.0,6.0,75117,M,,,75
201800053902,18,10,8,1800,1,2,1,1.0,6.0,75117,M,4888039.0,230173.0,75
201800053903,18,10,9,1645,1,2,1,1.0,6.0,75117,M,4889002.0,229650.0,75
201800053904,18,10,9,2000,5,1,1,1.0,3.0,75117,M,4887816.0,227963.0,75
201800053905,18,10,11,950,1,2,2,7.0,2.0,75117,M,,,75
201800053906,18,10,11,1635,1,2,7,1.0,3.0,75117,M,,,75
201800053907,18,10,12,900,1,2,3,1.0,3.0,75117,M,4889020.0,230463.0,75
201800053908,18,10,13,1720,1,2,2,1.0,6.0,75117,M,,,75
201800053909,18,10,13,1900,4,2,3,1.0,6.0,75117,M,,,75
201800053910,18,10,14,1650,1,2,2,1.0,3.0,75117,M,,,75
201800053911,18,10,15,325,5,2,4,1.0,6.0,75117,M,4887800.0,227900.0,75
201800053912,18,10,17,950,1,2,1,1.0,6.0,75117,M,4852420.0,217040.0,75
201800053913,18,10,17,1433,1,2,1,1.0,2.0,75117,M,4888392.0,231189.0,75
201800053914,18,10,18,305,5,2,3,1.0,7.0,75117,M,4889040.0,231740.0,75
201800053915,18,10,18,1100,1,2,2,1.0,6.0,75117,M,4889780.0,232870.0,75
201800053916,18,10,19,1605,1,2,7,1.0,3.0,75117,M,,,75
201800053917,18,10,21,600,5,2,1,1.0,3.0,75117,M,4880000.0,228000.0,75
201800053918,18,10,21,910,1,2,1,1.0,2.0,75117,M,,,75
201800053919,18,10,22,2230,5,2,2,1.0,6.0,75117,M,,,75
201800053920,18,10,26,905,1,2,7,1.0,6.0,75117,M,4888470.0,229665.0,75
201800053921,18,10,27,1335,1,2,3,1.0,3.0,75117,M,4889301.0,231620.0,75
201800053922,18,10,27,1400,1,2,1,1.0,2.0,75117,M,4889119.0,230273.0,75
201800053923,18,10,30,125,5,2,2,2.0,6.0,75117,M,4888503.0,232079.0,75
201800053924,18,10,30,1910,5,2,1,1.0,3.0,75117,M,,,75
201800053925,18,10,31,1915,5,2,2,2.0,6.0,75117,M,,,75
201800053926,18,11,2,1120,1,2,3,1.0,3.0,75117,M,,,75
201800053927,18,11,3,300,5,2,2,1.0,6.0,75117,M,,,75
201800053928,18,11,3,600,5,2,2,1.0,6.0,75117,M,,,75
201800053929,18,11,3,1145,1,2,2,1.0,6.0,75117,M,4888600.0,229400.0,75
201800053930,18,11,4,45,5,2,1,1.0,3.0,75117,M,4888421.0,229681.0,75
201800053931,18,11,5,900,1,2,3,1.0,6.0,75117,M,4888789.0,231128.0,75
201800053932,18,11,5,1550,1,2,2,1.0,6.0,75117,M,4800000.0,230000.0,75
201800053933,18,11,5,1750,5,2,3,1.0,7.0,75117,M,4889516.0,230613.0,75
201800053934,18,11,6,1130,1,2,2,1.0,2.0,75117,M,4887736.0,228416.0,75
201800053935,18,11,6,1230,1,2,7,1.0,3.0,75117,M,4887449.0,229315.0,75
201800053936,18,11,6,1840,5,2,2,1.0,3.0,75117,M,,,75
201800053937,18,11,7,1905,5,2,2,1.0,3.0,75117,M,,,75
201800053938,18,11,8,2100,5,1,4,1.0,6.0,75117,M,,,75
201800053939,18,11,11,1725,5,2,2,2.0,3.0,75117,M,,,75
201800053940,18,11,13,2020,3,2,3,1.0,3.0,75117,M,4888178.0,230297.0,75
201800053941,18,11,15,845,1,2,3,1.0,6.0,75117,M,,,75
201800053942,18,11,15,2315,5,2,2,1.0,7.0,75117,M,,,75
201800053943,18,11,19,1515,1,2,2,1.0,7.0,75117,M,,,75
201800053944,18,11,20,1250,1,2,3,2.0,6.0,75117,M,4888300.0,230700.0,75
201800053945,18,11,21,425,3,2,3,1.0,6.0,75117,M,4889590.0,232840.0,75
201800053946,18,11,21,1230,1,2,4,1.0,3.0,75117,M,4888462.0,230103.0,75
201800053947,18,11,22,650,5,2,2,1.0,5.0,75117,M,4888093.0,228505.0,75
201800053948,18,11,22,1925,5,2,3,2.0,6.0,75117,M,,,75
201800053949,18,11,23,1130,1,2,3,1.0,6.0,75117,M,4888500.0,230600.0,75
201800053950,18,11,23,1410,1,2,7,1.0,6.0,75117,M,4887796.0,228831.0,75
201800053951,18,11,23,2025,5,2,1,3.0,7.0,75117,M,4888271.0,229969.0,75
201800053952,18,11,24,835,1,2,1,8.0,7.0,75117,M,,,75
201800053953,18,11,26,740,2,2,2,2.0,6.0,75117,M,4888770.0,229470.0,75
201800053954,18,11,26,915,1,2,2,2.0,6.0,75117,M,4889400.0,231300.0,75
201800053955,18,11,26,1320,1,2,3,1.0,6.0,75117,M,,,75
201800053956,18,11,26,1450,1,2,1,2.0,4.0,75117,M,4888472.0,229991.0,75
201800053957,18,11,27,715,2,2,2,1.0,6.0,75117,M,,,75
201800053958,18,11,29,910,1,2,2,1.0,2.0,75117,M,4889187.0,230139.0,75
201800053959,18,12,1,1230,1,2,1,8.0,3.0,75117,M,4888362.0,230909.0,75
201800053960,18,12,2,1900,5,2,3,1.0,4.0,75117,M,4888400.0,230000.0,75
201800053961,18,12,3,1620,2,2,3,2.0,4.0,75117,M,,,75
201800053962,18,12,5,615,5,2,2,1.0,7.0,75117,M,4889874.0,232937.0,75
201800053963,18,12,5,2015,5,2,2,2.0,2.0,75117,M,4889249.0,230122.0,75
201800053964,18,12,8,150,5,2,2,1.0,3.0,75117,M,,,75
201800053965,18,12,8,2140,5,2,7,2.0,3.0,75117,M,4888271.0,231022.0,75
201800053966,18,12,11,800,1,2,3,1.0,6.0,75117,M,4893192.0,231565.0,75
201800053967,18,12,13,1845,5,2,4,1.0,6.0,75117,M,,,75
201800053968,18,12,13,2050,5,2,2,1.0,6.0,75117,M,,,75
201800053969,18,12,14,555,5,2,7,1.0,7.0,75117,M,4888065.0,230869.0,75
201800053970,18,12,14,2350,5,2,2,1.0,6.0,75117,M,4889208.0,231880.0,75
201800053971,18,12,16,2335,5,2,1,3.0,3.0,75108,M,,,75
201800053972,18,12,18,1040,1,2,2,1.0,3.0,75117,M,,,75
201800053973,18,12,18,1120,1,2,2,1.0,3.0,75117,M,,,75
201800053974,18,12,18,1300,1,2,3,1.0,3.0,75117,M,,,75
201800053975,18,12,19,955,1,2,7,1.0,6.0,75117,M,,,75
201800053976,18,12,19,1215,1,2,3,1.0,6.0,75117,M,,,75
201800053977,18,12,20,1420,1,2,7,1.0,3.0,75117,M,4888321.0,230901.0,75
201800053978,18,12,20,1535,1,2,1,1.0,7.0,75117,M,4888451.0,228988.0,75
201800053979,18,12,24,1030,1,2,5,8.0,6.0,75117,M,,,75
201800053980,18,12,27,1900,5,2,7,1.0,3.0,75117,M,4887700.0,228300.0,75
201800053981,18,12,28,1510,1,2,2,1.0,6.0,75117,M,4889453.0,239111.0,75
201800053982,18,1,4,1730,2,2,4,2.0,6.0,75118,M,4888340.0,233433.0,75
201800053983,18,1,5,1705,2,2,7,2.0,6.0,75118,M,4888390.0,233278.0,75
201800053984,18,1,7,1845,5,2,5,1.0,3.0,75118,M,4889870.0,235905.0,75
201800053985,18,1,8,1000,1,2,3,1.0,3.0,75118,M,4888660.0,233262.0,75
201800053986,18,1,11,45,4,2,7,1.0,6.0,75118,M,4889560.0,234626.0,75
201800053987,18,1,12,115,5,2,1,1.0,6.0,75118,M,4888650.0,236189.0,75
201800053988,18,1,17,1310,1,2,2,2.0,6.0,75118,M,4889120.0,235160.0,75
201800053989,18,1,19,1715,5,2,2,1.0,6.0,75118,M,4888460.0,232950.0,75
201800053990,18,1,22,940,1,2,3,2.0,6.0,75118,M,4889380.0,233507.0,75
201800053991,18,1,22,1120,1,2,3,3.0,6.0,75118,M,4889020.0,236022.0,75
201800053992,18,1,22,2100,5,2,3,2.0,3.0,75118,M,4888530.0,234948.0,75
201800053993,18,1,25,1711,2,2,1,2.0,7.0,75118,M,4888980.0,234221.0,75
201800053994,18,1,27,230,5,2,7,1.0,6.0,75118,M,4889600.0,234594.0,75
201800053995,18,1,31,920,1,2,2,1.0,6.0,75118,M,4888980.0,234293.0,75
201800053996,18,1,31,1130,1,2,5,1.0,6.0,75118,M,4889250.0,233047.0,75
201800053997,18,2,1,1705,1,2,2,1.0,6.0,75118,M,4889670.0,233622.0,75
201800053998,18,2,3,50,5,2,1,1.0,6.0,75118,M,4889590.0,233160.0,75
201800053999,18,2,5,1300,1,2,1,4.0,6.0,75118,M,4889140.0,235034.0,75
201800054000,18,2,5,1350,1,2,3,4.0,6.0,75118,M,4889690.0,233829.0,75
201800054001,18,2,6,1525,1,2,3,4.0,6.0,75118,M,4889030.0,235828.0,75
201800054002,18,2,7,130,5,2,3,4.0,6.0,75118,M,4888970.0,234014.0,75
201800054003,18,2,10,1205,1,2,1,1.0,6.0,75118,M,4890120.0,235162.0,75
201800054004,18,2,10,1300,1,2,3,1.0,7.0,75118,M,4888590.0,235205.0,75
201800054005,18,2,10,1505,1,2,2,1.0,6.0,75118,M,4890110.0,233508.0,75
201800054006,18,2,10,2210,5,2,3,2.0,3.0,75118,M,4888470.0,233358.0,75
201800054007,18,2,10,2320,5,2,2,2.0,6.0,75118,M,4889780.0,233738.0,75
201800054008,18,2,12,835,1,2,1,1.0,7.0,75118,M,4889030.0,235748.0,75
201800054009,18,2,13,2225,5,2,2,2.0,6.0,75118,M,4889150.0,234962.0,75
201800054010,18,2,14,1000,1,2,7,1.0,6.0,75118,M,4889560.0,234626.0,75
201800054011,18,2,14,1100,1,2,2,8.0,3.0,75118,M,4889900.0,232940.0,75
201800054012,18,2,14,1330,1,2,1,1.0,6.0,75118,M,4889530.0,233151.0,75
201800054013,18,2,15,900,1,2,2,2.0,3.0,75118,M,4889870.0,237027.0,75
201800054014,18,2,16,713,2,2,2,1.0,6.0,75118,M,4888690.0,234763.0,75
201800054015,18,2,16,1210,1,2,2,1.0,6.0,75118,M,4889840.0,235906.0,75
201800054016,18,2,16,2020,5,2,7,1.0,3.0,75118,M,4888390.0,233278.0,75
201800054017,18,2,18,610,5,2,1,1.0,5.0,75118,M,4889180.0,235983.0,75
201800054018,18,2,19,1130,1,2,2,2.0,3.0,75118,M,4889930.0,234409.0,75
201800054019,18,2,19,1825,5,2,2,1.0,6.0,75118,M,4889120.0,235160.0,75
201800054020,18,2,20,2050,3,2,2,2.0,6.0,75118,M,4889900.0,232940.0,75
201800054021,18,2,21,1233,1,2,1,1.0,6.0,75118,M,4888900.0,233452.0,75
201800054022,18,2,22,930,1,2,1,1.0,3.0,75118,M,4889820.0,234765.0,75
201800054023,18,2,28,810,1,2,2,1.0,7.0,75118,M,4889590.0,232837.0,75
201800054024,18,3,3,1945,5,2,3,1.0,7.0,75118,M,4888420.0,235411.0,75
201800054025,18,3,4,1010,1,2,3,2.0,3.0,75118,M,4890150.0,235951.0,75
201800054026,18,3,4,1540,1,2,2,2.0,6.0,75118,M,4888450.0,236144.0,75
201800054027,18,3,5,800,1,2,2,1.0,6.0,75118,M,4889920.0,233624.0,75
201800054028,18,3,7,1255,1,2,1,2.0,2.0,75118,M,4890060.0,233077.0,75
201800054029,18,3,9,2020,5,2,1,2.0,6.0,75118,M,4890040.0,234411.0,75
201800054030,18,3,10,2004,5,2,2,1.0,3.0,75118,M,4888390.0,234946.0,75
201800054031,18,3,12,1841,1,2,5,1.0,3.0,75118,M,4888390.0,234946.0,75
201800054032,18,3,14,900,1,2,4,1.0,6.0,75118,M,4888430.0,235573.0,75
201800054033,18,3,14,2245,5,2,4,1.0,6.0,75118,M,4889090.0,235320.0,75
201800054034,18,3,15,1455,1,2,1,1.0,6.0,75118,M,4888540.0,235935.0,75
201800054035,18,3,16,740,1,2,1,1.0,2.0,75118,M,4889940.0,237025.0,75
201800054036,18,3,17,1620,1,2,3,4.0,3.0,75118,M,4889930.0,234409.0,75
201800054037,18,3,21,2315,5,2,1,1.0,6.0,75118,M,4889020.0,233125.0,75
201800054038,18,3,22,1230,1,2,1,1.0,6.0,75118,M,4888760.0,235981.0,75
201800054039,18,3,22,1300,1,2,2,1.0,6.0,75118,M,4889270.0,234008.0,75
201800054040,18,3,22,2010,5,2,1,1.0,2.0,75119,M,4890070.0,237028.0,75
201800054041,18,3,23,915,1,2,1,8.0,3.0,75118,M,4888380.0,233930.0,75
201800054042,18,3,24,2050,5,2,1,1.0,6.0,75118,M,4890080.0,234031.0,75
201800054043,18,3,25,109,5,2,2,1.0,6.0,75118,M,4888490.0,235933.0,75
201800054044,18,3,25,2000,2,2,5,1.0,3.0,75118,M,4888980.0,234293.0,75
201800054045,18,3,27,1305,1,2,2,2.0,6.0,75118,M,4889900.0,232940.0,75
201800054046,18,3,28,1148,1,2,5,2.0,6.0,75118,M,4889130.0,232682.0,75
201800054047,18,3,28,1950,2,2,4,1.0,6.0,75118,M,4888500.0,234726.0,75
201800054048,18,3,29,1910,1,2,3,3.0,6.0,75118,M,4889350.0,233732.0,75
201800054049,18,3,30,1355,1,2,2,1.0,6.0,75118,M,4890050.0,233547.0,75
201800054050,18,3,31,2000,2,2,1,1.0,6.0,75118,M,4890140.0,235194.0,75
201800054051,18,4,5,1430,1,2,1,1.0,6.0,75118,M,4890090.0,236524.0,75
201800054052,18,4,5,2000,2,2,7,1.0,2.0,75118,M,4889070.0,234538.0,75
201800054053,18,4,6,30,5,2,1,1.0,6.0,75118,M,4889660.0,237034.0,75
201800054054,18,4,6,1220,1,2,4,1.0,6.0,75118,M,4889780.0,234264.0,75
201800054055,18,4,6,1937,1,2,3,1.0,3.0,75118,M,4888930.0,234180.0,75
201800054056,18,4,7,530,5,2,7,1.0,2.0,75118,M,4889520.0,235957.0,75
201800054057,18,4,7,1100,1,2,2,1.0,3.0,75118,M,4889150.0,234962.0,75
201800054058,18,4,7,1550,2,2,4,1.0,3.0,75118,M,4889960.0,235229.0,75
201800054059,18,4,8,1140,1,2,2,1.0,3.0,75118,M,4889530.0,233754.0,75
201800054060,18,4,9,1825,1,2,3,2.0,6.0,75118,M,4888290.0,234384.0,75
201800054061,18,4,9,1845,1,2,1,2.0,6.0,75118,M,4889840.0,235587.0,75
201800054062,18,4,10,1440,1,2,1,1.0,3.0,75118,M,4888220.0,234019.0,75
201800054063,18,4,11,1255,1,2,1,1.0,3.0,75118,M,4889840.0,234412.0,75
201800054064,18,4,12,1350,1,2,3,1.0,3.0,75119,M,4888880.0,239312.0,75
201800054065,18,4,12,1600,1,2,3,2.0,6.0,75118,M,4889520.0,232817.0,75
201800054066,18,4,12,1710,1,2,2,2.0,6.0,75118,M,4888670.0,235073.0,75
201800054067,18,4,12,1650,1,2,3,2.0,3.0,75118,M,4889790.0,235252.0,75
201800054068,18,4,12,1947,2,2,5,1.0,6.0,75118,M,4889690.0,233829.0,75
201800054069,18,4,13,800,1,2,7,1.0,3.0,75118,M,4889070.0,234538.0,75
201800054070,18,4,13,1850,1,2,2,1.0,6.0,75118,M,4888600.0,235658.0,75
201800054071,18,4,14,1345,1,2,5,1.0,6.0,75118,M,4889150.0,234962.0,75
201800054072,18,4,14,1705,1,2,4,1.0,6.0,75118,M,4889100.0,233147.0,75
201800054073,18,4,14,1940,2,2,3,2.0,6.0,75118,M,4888790.0,233269.0,75
201800054074,18,4,14,530,5,2,2,1.0,6.0,75118,M,4889120.0,235160.0,75
201800054075,18,4,18,2050,5,2,1,1.0,6.0,75118,M,4888410.0,233174.0,75
201800054076,18,4,19,1705,1,2,1,1.0,3.0,75118,M,4889790.0,233992.0,75
201800054077,18,4,21,1853,1,2,2,1.0,6.0,75109,M,4888270.0,234394.0,75
201800054078,18,4,22,1045,1,2,3,1.0,2.0,75118,M,4888260.0,234190.0,75
201800054079,18,4,24,820,1,2,2,1.0,3.0,75118,M,4889330.0,236139.0,75
201800054080,18,4,27,1045,1,2,2,1.0,6.0,75118,M,4888450.0,235932.0,75
201800054081,18,4,27,1215,1,2,1,1.0,2.0,75118,M,4888500.0,233004.0,75
201800054082,18,4,28,1225,1,2,5,1.0,6.0,75118,M,4888730.0,234955.0,75
201800054083,18,4,28,1435,1,2,3,1.0,3.0,75118,M,4889530.0,235964.0,75
201800054084,18,4,28,1735,1,2,2,1.0,3.0,75118,M,4889820.0,235248.0,75
201800054085,18,5,1,2300,5,2,2,1.0,2.0,75118,M,4889840.0,235906.0,75
201800054086,18,5,4,1415,1,2,2,1.0,7.0,75118,M,4889840.0,235906.0,75
201800054087,18,5,5,1130,1,2,1,1.0,6.0,75118,M,4889320.0,232834.0,75
201800054088,18,5,6,1905,1,2,2,1.0,6.0,75118,M,4888680.0,235553.0,75
201800054089,18,5,7,930,1,2,1,1.0,6.0,75118,M,4888620.0,234951.0,75
201800054090,18,5,7,1736,1,2,1,1.0,3.0,75118,M,4889510.0,236886.0,75
201800054091,18,5,8,1600,1,2,2,1.0,6.0,75118,M,4889800.0,234414.0,75
201800054092,18,5,9,955,1,2,3,1.0,6.0,75118,M,4888410.0,234946.0,75
201800054093,18,5,12,1440,1,2,2,1.0,3.0,75118,M,4890050.0,234411.0,75
201800054094,18,5,14,15,5,2,1,2.0,6.0,75118,M,4888690.0,232584.0,75
201800054095,18,5,16,1220,1,2,3,1.0,3.0,75118,M,4888390.0,235075.0,75
201800054096,18,5,16,1755,1,2,3,1.0,6.0,75118,M,4889030.0,235828.0,75
201800054097,18,5,17,1545,1,2,2,1.0,6.0,75118,M,4888680.0,235963.0,75
201800054098,18,5,18,540,2,2,4,1.0,2.0,75118,M,4889080.0,235987.0,75
201800054099,18,5,18,845,1,2,1,1.0,3.0,75118,M,4888820.0,233386.0,75
201800054100,18,5,18,1355,1,2,5,1.0,6.0,75118,M,4889170.0,234872.0,75
201800054101,18,5,20,1345,1,2,5,1.0,3.0,75118,M,4889780.0,233738.0,75
201800054102,18,5,20,2140,5,2,7,1.0,3.0,75118,M,4888730.0,234955.0,75
201800054103,18,5,22,45,5,2,7,1.0,6.0,75118,M,4889870.0,235905.0,75
201800054104,18,5,22,1635,1,2,2,3.0,6.0,75118,M,4889110.0,234428.0,75
201800054105,18,5,22,1700,1,2,3,3.0,6.0,75118,M,4889000.0,236250.0,75
201800054106,18,5,23,1525,1,2,2,1.0,6.0,75118,M,4889780.0,233738.0,75
201800054107,18,5,25,1150,1,2,1,1.0,3.0,75118,M,4888780.0,233209.0,75
201800054108,18,5,26,1115,1,2,3,1.0,3.0,75118,M,4889220.0,234608.0,75
201800054109,18,5,29,1010,1,2,2,8.0,2.0,75118,M,4889840.0,235906.0,75
201800054110,18,6,1,1850,1,2,1,8.0,6.0,75119,M,4889650.0,237045.0,75
201800054111,18,6,2,1540,1,2,1,1.0,2.0,75118,M,4889800.0,235909.0,75
201800054112,18,6,2,1630,1,2,1,1.0,4.0,75118,M,4890150.0,237015.0,75
201800054113,18,6,4,2200,2,2,2,1.0,3.0,75118,M,4889530.0,233754.0,75
201800054114,18,6,6,1704,1,2,3,2.0,6.0,75118,M,4889860.0,236834.0,75
201800054115,18,6,6,1710,1,2,3,2.0,3.0,75118,M,4888620.0,235034.0,75
201800054116,18,6,8,1750,1,2,3,1.0,6.0,75118,M,4889270.0,235970.0,75
201800054117,18,6,10,2255,5,2,3,1.0,6.0,75118,M,4888910.0,235988.0,75
201800054118,18,6,11,848,1,2,7,2.0,3.0,75118,M,4888450.0,235932.0,75
201800054119,18,6,11,1210,1,2,1,2.0,6.0,75118,M,4890130.0,234223.0,75
201800054120,18,6,13,815,1,2,2,1.0,6.0,75118,M,4889870.0,237027.0,75
201800054121,18,6,13,1720,1,2,7,8.0,6.0,75118,M,4888290.0,234384.0,75
201800054122,18,6,15,920,1,2,5,1.0,6.0,75118,M,4889150.0,234962.0,75
201800054123,18,6,15,1110,1,2,3,1.0,6.0,75118,M,4888410.0,234946.0,75
201800054124,18,6,15,1940,1,2,2,1.0,2.0,75118,M,4889680.0,233848.0,75
201800054125,18,6,16,1420,1,2,5,1.0,3.0,75118,M,4889790.0,234439.0,75
201800054126,18,6,18,1415,1,2,3,1.0,6.0,75118,M,4889060.0,235453.0,75
201800054127,18,6,19,1930,1,2,3,1.0,3.0,75118,M,4889040.0,235581.0,75
201800054128,18,6,19,1310,1,2,1,1.0,3.0,75118,M,4889660.0,237034.0,75
201800054129,18,6,20,1340,1,2,3,1.0,6.0,75118,M,4889120.0,236398.0,75
201800054130,18,6,22,250,5,2,2,1.0,6.0,75118,M,4889120.0,234361.0,75
201800054131,18,6,22,1400,1,2,2,1.0,3.0,75118,M,4889870.0,235905.0,75