Num_Acc,an,mois,jour,hrmn,lum,agg,int,atm,col,com,gps,lat,long,dep
201800054132,18,6,22,1700,1,2,1,1.0,6.0,75118,M,4890030.0,235914.0,75
201800054133,18,6,26,855,1,2,3,1.0,3.0,75118,M,4888410.0,234946.0,75
201800054134,18,6,26,1310,1,2,1,1.0,6.0,75118,M,4889860.0,236469.0,75
201800054135,18,6,27,1630,1,2,3,1.0,3.0,75118,M,4889780.0,233922.0,75
201800054136,18,6,27,1910,1,2,1,1.0,7.0,75118,M,4888640.0,234755.0,75
201800054137,18,6,28,2245,5,2,1,1.0,5.0,75118,M,4889070.0,235397.0,75
201800054138,18,6,29,1305,1,2,4,1.0,6.0,75118,M,4889610.0,233184.0,75
201800054139,18,6,29,1750,1,2,3,1.0,3.0,75118,M,4888500.0,234726.0,75
201800054140,18,6,30,13,5,2,1,1.0,7.0,75118,M,4888450.0,234714.0,75
201800054141,18,6,30,1330,1,2,1,1.0,6.0,75118,M,4889350.0,232755.0,75
201800054142,18,7,1,851,1,2,2,1.0,7.0,75118,M,4888840.0,234956.0,75
201800054143,18,7,2,1630,1,2,3,1.0,3.0,75118,M,4888910.0,235988.0,75
201800054144,18,7,2,2018,1,2,2,1.0,5.0,75118,M,4889870.0,235905.0,75
201800054145,18,7,2,2156,5,2,2,1.0,3.0,75118,M,4888450.0,235932.0,75
201800054146,18,7,2,2210,5,2,2,1.0,3.0,75118,M,4889500.0,232806.0,75
201800054147,18,7,3,2105,1,2,3,1.0,3.0,75118,M,4889090.0,235320.0,75
201800054148,18,7,4,210,5,2,1,1.0,1.0,75118,M,4890010.0,235220.0,75
201800054149,18,7,4,1330,1,2,1,1.0,6.0,75118,M,4889280.0,236285.0,75
201800054150,18,7,4,1545,1,2,1,1.0,6.0,75118,M,4889790.0,234045.0,75
201800054151,18,7,5,1015,1,2,2,8.0,3.0,75118,M,4888430.0,235573.0,75
201800054152,18,7,5,945,1,2,3,1.0,3.0,75118,M,4888910.0,235988.0,75
201800054153,18,7,5,1510,1,2,1,1.0,6.0,75118,M,4888750.0,235978.0,75
201800054154,18,7,5,1540,1,2,1,1.0,3.0,75118,M,4888450.0,236263.0,75
201800054155,18,7,9,1700,1,2,1,1.0,6.0,75118,M,4889360.0,236271.0,75
201800054156,18,7,10,1825,1,2,1,1.0,2.0,75118,M,4888770.0,235626.0,75
201800054157,18,7,10,1940,1,2,1,1.0,6.0,75118,M,4890120.0,235162.0,75
201800054158,18,7,11,2010,1,2,3,1.0,2.0,75118,M,4889270.0,234327.0,75
201800054159,18,7,13,1436,1,2,1,1.0,6.0,75118,M,4888440.0,232893.0,75
201800054160,18,7,14,1315,1,2,3,1.0,3.0,75118,M,4888680.0,235963.0,75
201800054161,18,7,16,335,5,2,2,1.0,6.0,75118,M,4889250.0,234886.0,75
201800054162,18,7,18,50,5,2,1,1.0,6.0,75118,M,4889000.0,234000.0,75
201800054163,18,7,19,2045,2,2,1,1.0,6.0,75118,M,4889862.0,236760.0,75
201800054164,18,7,24,548,5,2,5,1.0,6.0,75118,M,4888469.0,232922.0,75
201800054165,18,7,24,1000,1,2,1,1.0,6.0,75118,M,4888500.0,235900.0,75
201800054166,18,7,25,2120,1,2,1,1.0,6.0,75118,M,,,75
201800054167,18,7,26,1205,1,2,2,1.0,5.0,75118,M,4889000.0,235000.0,75
201800054168,18,7,28,1445,1,2,7,1.0,2.0,75118,M,4889860.0,235894.0,75
201800054169,18,7,29,550,2,2,1,1.0,4.0,75117,M,4888726.0,232590.0,75
201800054170,18,7,30,1457,1,2,2,1.0,3.0,75118,M,4890000.0,230000.0,75
201800054171,18,7,30,2040,2,2,4,1.0,6.0,75118,M,4889784.0,234000.0,75
201800054172,18,8,2,1135,1,2,4,1.0,6.0,75118,M,,,75
201800054173,18,8,2,1300,1,2,4,1.0,2.0,75118,M,4889571.0,237119.0,75
201800054174,18,8,3,800,1,2,1,1.0,2.0,75118,M,4889000.0,235000.0,75
201800054175,18,8,4,1240,1,1,4,1.0,2.0,75118,M,4890000.0,236900.0,75
201800054176,18,8,5,2215,4,2,2,1.0,6.0,75118,M,4889953.0,235959.0,75
201800054177,18,8,7,2155,5,2,4,8.0,3.0,75118,M,4889878.0,236087.0,75
201800054178,18,8,8,1629,1,2,7,1.0,1.0,75118,M,4888000.0,235000.0,75
201800054179,18,8,9,2300,5,2,2,1.0,2.0,75118,M,4888497.0,235948.0,75
201800054180,18,8,14,925,1,2,2,1.0,3.0,75118,M,4888492.0,232998.0,75
201800054181,18,8,17,1810,2,2,2,7.0,3.0,75118,M,4888453.0,235928.0,75
201800054182,18,8,18,1630,1,2,2,1.0,6.0,75118,M,4886666.0,233333.0,75
201800054183,18,8,20,1320,1,2,5,1.0,6.0,75118,M,4888829.0,235138.0,75
201800054184,18,8,21,1417,1,2,7,1.0,3.0,75118,M,,,75
201800054185,18,8,27,1417,1,2,2,1.0,6.0,75118,M,4889158.0,234938.0,75
201800054186,18,8,27,1540,1,2,1,1.0,6.0,75118,M,,,75
201800054187,18,8,28,940,1,2,3,1.0,3.0,75118,M,4890145.0,235193.0,75
201800054188,18,8,28,1330,1,2,1,1.0,2.0,75118,M,4889548.0,234618.0,75
201800054189,18,8,28,1811,1,2,2,1.0,3.0,75118,M,4888952.0,234937.0,75
201800054190,18,8,31,1854,1,2,2,1.0,6.0,75118,M,4888000.0,235000.0,75
201800054191,18,9,1,1830,1,2,2,1.0,6.0,75118,M,4889000.0,234000.0,75
201800054192,18,9,2,1526,1,2,3,1.0,1.0,75118,M,4888800.0,235620.0,75
201800054193,18,9,3,1616,1,2,3,1.0,6.0,75118,M,4888400.0,234700.0,75
201800054194,18,9,4,1245,1,2,1,1.0,6.0,75118,M,4888890.0,232000.0,75
201800054195,18,9,4,1130,1,1,4,2.0,3.0,75118,M,,,75
201800054196,18,9,4,1630,1,2,3,1.0,6.0,75118,M,4888800.0,235400.0,75
201800054197,18,9,4,1905,1,2,1,1.0,6.0,75118,M,,,75
201800054198,18,9,5,3,5,2,4,1.0,6.0,75118,M,,,75
201800054199,18,9,12,952,1,2,3,1.0,6.0,75118,M,4889262.0,234907.0,75
201800054200,18,9,12,1050,1,2,3,1.0,6.0,75118,M,4889025.0,233900.0,75
201800054201,18,9,12,1650,1,2,1,1.0,6.0,75118,M,4889769.0,233980.0,75
201800054202,18,9,13,830,2,2,1,2.0,7.0,75118,M,4888527.0,233089.0,75
201800054203,18,9,14,1455,1,2,1,1.0,3.0,75118,M,4889647.0,235973.0,75
201800054204,18,9,14,1915,2,2,1,1.0,6.0,75118,M,4889005.0,236209.0,75
201800054205,18,9,15,1845,1,2,3,1.0,3.0,75118,M,,,75
201800054206,18,9,15,1800,1,2,2,1.0,6.0,75118,M,4889496.0,234318.0,75
201800054207,18,9,16,548,5,2,2,1.0,6.0,75118,M,4889986.0,237028.0,75
201800054208,18,9,17,755,2,2,2,1.0,3.0,75118,M,4889811.0,234435.0,75
201800054209,18,9,20,1204,1,2,3,1.0,6.0,75118,M,4888525.0,234976.0,75
201800054210,18,9,21,1555,1,2,2,1.0,3.0,75118,M,4889769.0,232895.0,75
201800054211,18,9,21,1710,1,2,3,1.0,6.0,75118,M,4889559.0,235946.0,75
201800054212,18,9,22,1625,1,2,2,1.0,7.0,75118,M,4889348.0,234833.0,75
201800054213,18,9,23,1440,1,2,2,3.0,3.0,75118,M,4889000.0,234000.0,75
201800054214,18,9,25,1320,1,2,3,1.0,3.0,75118,M,4889275.0,234886.0,75
201800054215,18,9,27,1030,1,2,1,1.0,6.0,75118,M,4889863.0,234414.0,75
201800054216,18,9,27,1800,1,2,1,1.0,6.0,75118,M,4889000.0,235000.0,75
201800054217,18,9,28,1220,1,2,3,1.0,6.0,75118,M,4889780.0,234219.0,75
201800054218,18,9,29,2240,5,2,4,1.0,6.0,75118,M,,,75
201800054219,18,9,30,1040,1,2,3,1.0,6.0,75118,M,4888000.0,234000.0,75
201800054220,18,9,30,1900,2,2,2,1.0,4.0,75118,M,4889943.0,233000.0,75
201800054221,18,10,6,1720,1,2,1,1.0,6.0,75118,M,4888473.0,234591.0,75
201800054222,18,10,6,2045,5,2,1,1.0,6.0,75117,M,4888380.0,232727.0,75
201800054223,18,10,8,1345,1,2,3,1.0,6.0,75118,M,4889745.0,233387.0,75
201800054224,18,10,8,1720,1,2,2,1.0,6.0,75118,M,4888596.0,235661.0,75
201800054225,18,10,8,1900,5,2,1,1.0,6.0,75118,M,4889000.0,233000.0,75
201800054226,18,10,9,1525,1,2,3,1.0,6.0,75118,M,,,75
201800054227,18,10,9,1625,1,2,1,1.0,6.0,75118,M,4889800.0,235864.0,75
201800054228,18,10,11,1000,1,2,3,1.0,3.0,75118,M,4888520.0,233399.0,75
201800054229,18,10,11,1915,4,2,3,2.0,6.0,75118,M,4889800.0,236800.0,75
201800054230,18,10,15,1710,1,2,3,1.0,3.0,75118,M,4889226.0,234616.0,75
201800054231,18,10,17,140,5,2,3,1.0,5.0,75118,M,4888434.0,232715.0,75
201800054232,18,10,17,1820,1,2,1,1.0,6.0,75118,M,4890015.0,234611.0,75
201800054233,18,10,18,135,5,2,2,1.0,3.0,75118,M,4889822.0,235252.0,75
201800054234,18,10,19,30,5,2,1,1.0,3.0,75118,M,4889089.0,235250.0,75
201800054235,18,10,19,2145,5,2,2,1.0,2.0,75118,M,4889169.0,234877.0,75
201800054236,18,10,21,210,5,2,1,1.0,3.0,75118,M,4889377.0,235966.0,75
201800054237,18,10,22,1250,1,2,2,8.0,6.0,75118,M,4889808.0,234260.0,75
201800054238,18,10,23,110,5,2,2,1.0,6.0,75118,M,4888470.0,232980.0,75
201800054239,18,10,23,2325,5,2,1,1.0,6.0,75118,M,4890079.0,235846.0,75
201800054240,18,10,24,920,1,2,1,1.0,1.0,75118,M,4889000.0,236000.0,75
201800054241,18,10,25,1735,1,2,7,7.0,6.0,75118,M,4889100.0,233152.0,75
201800054242,18,10,26,320,5,2,2,1.0,3.0,75118,M,4889006.0,232929.0,75
201800054243,18,10,25,2100,5,2,2,1.0,6.0,75118,M,4888994.0,236260.0,75
201800054244,18,10,28,135,5,2,3,1.0,3.0,75118,M,,,75
201800054245,18,10,28,1840,5,2,2,1.0,3.0,75118,M,4889416.0,233264.0,75
201800054246,18,10,30,1320,1,2,3,2.0,6.0,75118,M,4889388.0,233450.0,75
201800054247,18,10,30,1425,1,2,2,1.0,3.0,75118,M,4889000.0,232000.0,75
201800054248,18,11,1,1315,1,2,2,1.0,6.0,75118,M,4888354.0,234708.0,75
201800054249,18,11,3,717,5,2,7,1.0,3.0,75118,M,4888448.0,235935.0,75
201800054250,18,11,4,1140,1,2,2,1.0,6.0,75117,M,4888000.0,232000.0,75
201800054251,18,11,5,1150,1,2,1,1.0,6.0,75118,M,4888808.0,236001.0,75
201800054252,18,11,5,2330,5,2,2,1.0,3.0,75118,M,4889880.0,236998.0,75
201800054253,18,11,6,2105,5,2,4,1.0,1.0,75118,M,4890117.0,233782.0,75
201800054254,18,11,7,1210,1,2,4,2.0,2.0,75118,M,4890000.0,236000.0,75
201800054255,18,11,8,900,1,2,2,1.0,6.0,75118,M,4889548.0,233591.0,75
201800054256,18,11,8,2040,5,2,1,1.0,6.0,75118,M,4889006.0,233404.0,75
201800054257,18,11,10,1610,1,2,2,2.0,6.0,75118,M,4889134.0,234710.0,75
201800054258,18,11,10,1827,5,2,1,2.0,3.0,75118,M,,,75
201800054259,18,11,11,2140,5,2,2,2.0,6.0,75118,M,4889360.0,233634.0,75
201800054260,18,11,12,1030,1,2,3,2.0,3.0,75118,M,4888716.0,234948.0,75
201800054261,18,11,14,810,1,2,3,1.0,3.0,75118,M,4889410.0,234643.0,75
201800054262,18,11,14,1440,1,2,1,1.0,2.0,75118,M,4889612.0,235949.0,75
201800054263,18,11,14,1800,5,2,2,1.0,3.0,75118,M,4889812.0,234449.0,75
201800054264,18,11,14,2015,5,2,1,1.0,6.0,75118,M,4889544.0,233586.0,75
201800054265,18,11,16,945,1,2,7,1.0,3.0,75118,M,4889000.0,236000.0,75
201800054266,18,11,16,1720,2,2,1,8.0,6.0,75118,M,4889100.0,235000.0,75
201800054267,18,11,17,525,5,2,2,1.0,3.0,75110,M,4888067.0,236202.0,75
201800054268,18,11,18,2205,5,2,7,1.0,6.0,75118,M,,,75
201800054269,18,11,19,140,5,2,7,1.0,6.0,75118,M,4889587.0,234621.0,75
201800054270,18,11,19,2045,5,2,1,2.0,3.0,75118,M,4888540.0,235910.0,75
201800054271,18,11,19,2235,5,2,3,2.0,3.0,75118,M,,,75
201800054272,18,11,20,600,5,2,1,2.0,6.0,75118,M,4889222.0,235922.0,75
201800054273,18,11,20,2045,3,2,2,2.0,6.0,75118,M,,,75
201800054274,18,11,21,2300,5,2,7,1.0,3.0,75118,M,4888409.0,233221.0,75
201800054275,18,11,25,1822,5,2,2,1.0,3.0,75118,M,4889165.0,234957.0,75
201800054276,18,11,27,1910,5,2,2,2.0,6.0,75118,M,4888617.0,235964.0,75
201800054277,18,11,30,2027,5,2,1,1.0,5.0,75118,M,4900000.0,230000.0,75
201800054278,18,12,1,1640,2,2,3,2.0,6.0,75118,M,4889285.0,234252.0,75
201800054279,18,12,4,945,1,2,3,1.0,3.0,75118,M,4889834.0,236441.0,75
201800054280,18,12,4,1610,1,2,7,1.0,6.0,75118,M,4888500.0,235930.0,75
201800054281,18,12,4,1720,3,2,1,1.0,3.0,75118,M,4889539.0,237035.0,75
201800054282,18,12,4,1755,5,2,2,1.0,3.0,75118,M,4889849.0,235929.0,75
201800054283,18,12,5,535,3,1,4,1.0,6.0,75118,M,4889966.0,235957.0,75
201800054284,18,12,7,355,5,2,7,1.0,3.0,75118,M,,,75
201800054285,18,12,7,2300,5,2,4,1.0,3.0,75118,M,4890078.0,234432.0,75
201800054286,18,12,8,1030,1,2,1,2.0,6.0,75118,M,4889663.0,234510.0,75
201800054287,18,12,9,2030,5,2,2,2.0,3.0,75118,M,4889856.0,235265.0,75
201800054288,18,12,11,1030,1,2,4,1.0,6.0,75118,M,4890124.0,233930.0,75
201800054289,18,12,11,1307,1,2,1,1.0,6.0,75118,M,4889000.0,234000.0,75
201800054290,18,12,13,1130,1,2,3,1.0,4.0,75118,M,,,75
201800054291,18,12,17,155,3,1,4,8.0,6.0,75118,M,4889966.0,235957.0,75
201800054292,18,12,17,1220,1,2,1,1.0,6.0,75118,M,4888512.0,233053.0,75
201800054293,18,12,18,2235,5,2,2,3.0,6.0,75118,M,,,75
201800054294,18,12,19,910,1,2,3,2.0,3.0,75118,M,4800000.0,253000.0,75
201800054295,18,12,20,1140,1,2,1,1.0,3.0,75118,M,4889644.0,235938.0,75
201800054296,18,12,20,2200,5,2,4,1.0,3.0,75118,M,4889262.0,234903.0,75
201800054297,18,12,21,845,1,2,2,2.0,3.0,75118,M,4888300.0,234300.0,75
201800054298,18,12,21,1350,1,2,1,1.0,3.0,75118,M,4889000.0,236800.0,75
201800054299,18,12,22,645,5,2,2,1.0,6.0,75118,M,4889003.0,235986.0,75
201800054300,18,12,25,1915,5,2,2,1.0,3.0,75118,M,4889577.0,234135.0,75
201800054301,18,12,28,2030,5,2,4,1.0,3.0,75118,M,4889000.0,234000.0,75
201800054302,18,12,30,2140,5,2,4,2.0,6.0,75118,M,4889085.0,235322.0,75
201800054303,18,1,3,2040,5,2,3,1.0,3.0,75119,M,4888290.0,237373.0,75
201800054304,18,1,4,1720,5,2,2,2.0,6.0,75119,M,4887830.0,237304.0,75
201800054305,18,1,7,330,5,2,1,2.0,6.0,75119,M,4888200.0,237145.0,75
201800054306,18,1,8,1630,1,2,1,1.0,2.0,75119,M,4888460.0,237319.0,75
201800054307,18,1,9,1505,1,2,3,1.0,6.0,75119,M,4887640.0,237685.0,75
201800054308,18,1,10,1830,5,2,1,2.0,6.0,75119,M,4889040.0,237283.0,75
201800054309,18,1,11,830,1,2,1,1.0,6.0,75119,M,4888460.0,237048.0,75
201800054310,18,1,11,1750,1,2,3,1.0,6.0,75119,M,4887750.0,239379.0,75
201800054311,18,1,11,1850,5,2,1,1.0,6.0,75119,M,4887860.0,240206.0,75
201800054312,18,1,12,740,2,2,1,1.0,6.0,75119,M,4889890.0,238040.0,75
201800054313,18,1,13,1500,1,2,2,8.0,3.0,75119,M,4888610.0,238984.0,75
201800054314,18,1,15,830,2,2,2,1.0,6.0,75119,M,4888520.0,237935.0,75
201800054315,18,1,16,119,5,2,5,2.0,6.0,75110,M,4888050.0,235226.0,75
201800054316,18,1,16,830,1,2,2,2.0,3.0,75110,M,4888430.0,236150.0,75
201800054317,18,1,17,935,1,2,2,1.0,6.0,75119,M,4888650.0,236923.0,75
201800054318,18,1,17,535,5,2,2,2.0,3.0,75119,M,4889820.0,238619.0,75
201800054319,18,1,19,2050,3,2,2,8.0,6.0,75119,M,4887820.0,240914.0,75
201800054320,18,1,22,852,2,2,3,3.0,6.0,75119,M,4887620.0,238132.0,75
201800054321,18,1,27,2115,5,2,1,1.0,6.0,75119,M,4888330.0,237217.0,75
201800054322,18,1,27,1950,5,2,1,1.0,3.0,75119,M,4888230.0,237071.0,75
201800054323,18,1,28,105,5,2,2,2.0,6.0,75119,M,4889820.0,238619.0,75
201800054324,18,1,30,1750,2,2,2,1.0,6.0,75119,M,4888650.0,236923.0,75
201800054325,18,1,31,1537,1,2,2,3.0,6.0,75119,M,4888120.0,237325.0,75
201800054326,18,2,3,650,5,2,7,1.0,6.0,75110,M,4888270.0,237017.0,75
201800054327,18,2,5,723,2,2,2,1.0,7.0,75119,M,4888410.0,236886.0,75
201800054328,18,2,5,925,1,2,2,8.0,7.0,75119,M,4888410.0,236886.0,75
201800054329,18,2,6,830,1,2,3,4.0,6.0,75119,M,4888240.0,239113.0,75
201800054330,18,2,6,1517,1,2,2,4.0,6.0,75119,M,4888280.0,237562.0,75
201800054331,18,2,6,1540,1,2,1,4.0,3.0,75119,M,4889550.0,238314.0,75
201800054332,18,2,12,1020,1,2,1,1.0,6.0,75119,M,4888960.0,236873.0,75
201800054333,18,2,14,1155,1,2,3,1.0,6.0,75119,M,4888660.0,238481.0,75
201800054334,18,2,16,1820,2,2,5,8.0,3.0,75119,M,4888930.0,237125.0,75
201800054335,18,2,17,950,1,2,1,1.0,3.0,75119,M,4888590.0,239364.0,75
201800054336,18,2,17,1250,1,2,1,1.0,6.0,75119,M,4888550.0,238576.0,75
201800054337,18,2,19,1523,1,2,2,2.0,6.0,75119,M,4888850.0,237373.0,75
201800054338,18,2,19,1750,1,2,4,2.0,6.0,75119,M,4888930.0,237125.0,75
201800054339,18,2,21,1300,1,2,3,1.0,6.0,75119,M,4888970.0,236807.0,75
201800054340,18,2,23,120,5,2,3,1.0,6.0,75119,M,4887640.0,237685.0,75
201800054341,18,2,26,1500,1,2,4,1.0,6.0,75119,M,4890030.0,238694.0,75
201800054342,18,2,27,1300,1,2,3,9.0,4.0,75119,M,4888430.0,239125.0,75
201800054343,18,3,3,1410,1,2,2,1.0,6.0,75119,M,4887210.0,237705.0,75
201800054344,18,3,3,1410,1,2,1,1.0,6.0,75119,M,4888070.0,237448.0,75
201800054345,18,3,4,100,5,2,3,1.0,3.0,75119,M,4888880.0,239312.0,75
201800054346,18,3,4,1440,1,2,3,2.0,6.0,75119,M,4889870.0,237027.0,75
201800054347,18,3,4,1940,5,2,3,1.0,6.0,75119,M,4888330.0,239492.0,75
201800054348,18,3,4,2330,5,2,3,2.0,6.0,75119,M,4889880.0,237724.0,75
201800054349,18,3,5,1203,1,2,4,1.0,6.0,75119,M,4888360.0,237331.0,75
201800054350,18,3,6,1905,5,2,3,1.0,6.0,75119,M,4888860.0,237919.0,75
201800054351,18,3,8,2035,5,2,3,2.0,3.0,75119,M,4888720.0,238714.0,75
201800054352,18,3,9,1655,1,2,7,2.0,6.0,75119,M,4888220.0,238195.0,75
201800054353,18,3,10,20,5,2,3,1.0,6.0,75119,M,4888720.0,238076.0,75
201800054354,18,3,10,1950,5,2,2,1.0,6.0,75119,M,4889370.0,237331.0,75
201800054355,18,3,11,1610,1,2,2,1.0,3.0,75119,M,4888600.0,239808.0,75
201800054356,18,3,12,900,1,2,1,2.0,3.0,75119,M,4889870.0,238387.0,75
201800054357,18,3,12,950,1,2,1,1.0,4.0,75119,M,4888460.0,236796.0,75
201800054358,18,3,12,1350,1,2,5,2.0,2.0,75119,M,4889370.0,237331.0,75
201800054359,18,3,13,1334,1,2,2,1.0,6.0,75119,M,4888570.0,237091.0,75
201800054360,18,3,16,2110,5,2,3,2.0,6.0,75119,M,4887630.0,240363.0,75
201800054361,18,3,19,2015,5,2,7,1.0,3.0,75119,M,4888990.0,239559.0,75
201800054362,18,3,20,1855,5,2,1,1.0,7.0,75119,M,4888320.0,237635.0,75
201800054363,18,3,21,1315,1,2,1,1.0,2.0,75119,M,4888080.0,238002.0,75
201800054364,18,3,22,814,1,2,7,8.0,3.0,75119,M,4888640.0,239395.0,75
201800054365,18,3,22,1210,1,2,1,1.0,6.0,75119,M,4887630.0,237581.0,75
201800054366,18,3,23,1930,5,2,3,1.0,6.0,75119,M,4887640.0,239308.0,75
201800054367,18,3,24,1236,1,2,1,1.0,6.0,75119,M,4889870.0,237252.0,75
201800054368,18,3,26,1725,1,2,3,1.0,3.0,75119,M,4888000.0,239010.0,75
201800054369,18,3,27,1400,1,2,3,2.0,6.0,75119,M,4887530.0,238961.0,75
201800054370,18,3,28,1010,1,2,2,2.0,3.0,75119,M,4888010.0,237566.0,75
201800054371,18,3,28,1710,1,2,3,1.0,6.0,75119,M,4888430.0,236761.0,75
201800054372,18,3,31,650,1,2,5,1.0,3.0,75119,M,4889870.0,237027.0,75
201800054373,18,3,31,2040,3,2,7,2.0,2.0,75119,M,4890040.0,237020.0,75
201800054374,18,4,1,1325,1,2,1,1.0,6.0,75119,M,4887750.0,237406.0,75
201800054375,18,4,3,1054,1,2,2,1.0,7.0,75119,M,4887840.0,237423.0,75
201800054376,18,4,6,1850,1,2,7,1.0,4.0,75119,M,4888990.0,239559.0,75
201800054377,18,4,8,1615,1,2,1,1.0,3.0,75119,M,4887600.0,237266.0,75
201800054378,18,4,9,1800,1,2,2,3.0,3.0,75119,M,4889530.0,237189.0,75
201800054379,18,4,12,2100,5,2,5,2.0,3.0,75119,M,4889530.0,237189.0,75
201800054380,18,4,16,445,5,2,7,1.0,6.0,75119,M,4889980.0,238781.0,75
201800054381,18,4,16,1100,1,2,1,1.0,3.0,75119,M,4888170.0,240225.0,75
201800054382,18,4,18,840,1,2,2,1.0,3.0,75119,M,4889980.0,238781.0,75
201800054383,18,4,18,915,1,2,2,1.0,3.0,75119,M,4888330.0,239492.0,75
201800054384,18,4,18,1105,1,2,4,1.0,6.0,75119,M,4888300.0,237125.0,75
201800054385,18,4,19,1311,1,2,2,1.0,3.0,75119,M,4889430.0,238170.0,75
201800054386,18,4,19,1720,1,2,2,1.0,3.0,75119,M,4889600.0,238346.0,75
201800054387,18,4,20,1310,1,2,2,1.0,6.0,75119,M,4888610.0,238305.0,75
201800054388,18,4,20,1325,1,2,1,7.0,6.0,75119,M,4888310.0,238732.0,75
201800054389,18,4,21,2145,5,2,2,1.0,6.0,75119,M,4888600.0,239808.0,75
201800054390,18,4,22,1805,1,2,4,1.0,6.0,75119,M,4888250.0,238170.0,75
201800054391,18,4,23,2050,2,2,1,1.0,6.0,75119,M,4889880.0,237845.0,75
201800054392,18,4,24,1214,1,2,1,1.0,6.0,75119,M,4887480.0,238286.0,75
201800054393,18,4,24,1400,1,2,1,7.0,2.0,75119,M,4890060.0,237164.0,75
201800054394,18,4,24,1430,1,2,1,1.0,6.0,75119,M,4888870.0,239791.0,75
201800054395,18,4,28,715,2,2,3,8.0,6.0,75119,M,4888150.0,237039.0,75
201800054396,18,4,29,745,2,2,3,1.0,6.0,75119,M,4888910.0,237853.0,75
201800054397,18,5,2,1605,1,2,1,1.0,6.0,75119,M,4888860.0,239253.0,75
201800054398,18,5,3,1110,1,2,4,1.0,3.0,75119,M,4888030.0,237418.0,75
201800054399,18,5,3,1400,1,2,2,1.0,2.0,75119,M,4887280.0,237981.0,75
201800054400,18,5,4,1600,1,2,3,1.0,6.0,75119,M,4888220.0,237451.0,75
201800054401,18,5,4,1915,1,2,7,1.0,3.0,75119,M,4890100.0,237163.0,75
201800054402,18,5,5,1835,1,2,2,1.0,6.0,75119,M,4888390.0,239474.0,75
201800054403,18,5,7,1845,1,2,3,1.0,6.0,75119,M,4887750.0,239379.0,75
201800054404,18,5,8,2105,2,2,1,1.0,2.0,75119,M,4888380.0,238465.0,75
201800054405,18,5,9,815,1,2,1,1.0,2.0,75119,M,4888750.0,238820.0,75
201800054406,18,5,10,1210,1,2,2,1.0,6.0,75119,M,4889110.0,237761.0,75
201800054407,18,5,11,835,1,2,1,1.0,6.0,75119,M,4887630.0,239519.0,75
201800054408,18,5,11,1715,1,2,1,7.0,6.0,75119,M,4888670.0,236866.0,75
201800054409,18,5,12,1850,1,2,1,2.0,3.0,75119,M,4887890.0,237042.0,75
201800054410,18,5,14,1225,1,2,3,2.0,2.0,75119,M,4888430.0,236761.0,75
201800054411,18,5,14,2125,5,2,3,2.0,4.0,75119,M,4889750.0,238544.0,75
201800054412,18,5,15,1100,1,2,1,1.0,6.0,75119,M,4887430.0,238360.0,75
201800054413,18,5,15,1125,1,2,7,1.0,6.0,75119,M,4889980.0,238781.0,75
201800054414,18,5,15,1715,1,2,2,1.0,3.0,75119,M,4888200.0,240247.0,75
201800054415,18,5,15,1835,1,2,3,1.0,3.0,75119,M,4888850.0,239190.0,75
201800054416,18,5,16,2015,1,2,1,1.0,6.0,75119,M,4889100.0,238667.0,75
201800054417,18,5,16,2210,5,2,3,1.0,3.0,75119,M,4888430.0,239125.0,75
201800054418,18,5,16,2315,3,2,3,1.0,6.0,75119,M,4889200.0,237257.0,75
201800054419,18,5,17,1710,1,2,2,1.0,3.0,75119,M,4888610.0,238984.0,75
201800054420,18,5,17,1805,1,2,2,1.0,4.0,75119,M,4888930.0,239683.0,75
201800054421,18,5,17,2120,2,2,5,1.0,6.0,75119,M,4889370.0,237331.0,75
201800054422,18,5,17,2310,5,2,4,1.0,3.0,75119,M,4889070.0,238213.0,75
201800054423,18,5,18,1050,1,2,4,1.0,6.0,75119,M,4887500.0,237628.0,75
201800054424,18,5,18,1145,1,2,1,1.0,3.0,75119,M,4889550.0,238314.0,75
201800054425,18,5,19,1825,1,2,3,1.0,6.0,75119,M,4889430.0,237764.0,75
201800054426,18,5,21,1940,1,2,3,1.0,6.0,75119,M,4887250.0,237853.0,75
201800054427,18,5,23,1700,1,2,1,1.0,3.0,75119,M,4887980.0,238921.0,75
201800054428,18,5,23,1845,1,2,2,1.0,6.0,75119,M,4888170.0,237383.0,75
201800054429,18,5,24,825,1,2,4,1.0,6.0,75119,M,4888460.0,239676.0,75
201800054430,18,5,24,1350,1,2,1,1.0,6.0,75119,M,4888610.0,237142.0,75
201800054431,18,5,24,2020,1,2,3,1.0,6.0,75119,M,4888180.0,238836.0,75
201800054432,18,5,25,1630,1,2,1,1.0,3.0,75119,M,4888290.0,237353.0,75
201800054433,18,5,26,1610,1,2,3,1.0,6.0,75119,M,4888910.0,237853.0,75
201800054434,18,5,27,2028,1,2,3,1.0,3.0,75119,M,4887560.0,238184.0,75
201800054435,18,5,29,910,1,2,1,8.0,6.0,75119,M,4888690.0,237784.0,75
201800054436,18,5,29,2130,5,2,2,3.0,3.0,75119,M,4887840.0,237423.0,75
201800054437,18,5,30,1007,1,2,1,1.0,6.0,75119,M,4889560.0,237263.0,75
201800054438,18,6,1,1930,1,2,1,8.0,6.0,75119,M,4889870.0,237292.0,75
201800054439,18,6,1,1810,1,2,1,2.0,3.0,75119,M,4888980.0,237587.0,75