Num_Acc,an,mois,jour,hrmn,lum,agg,int,atm,col,com,gps,lat,long,dep
201800054440,18,6,3,1440,1,2,5,1.0,3.0,75119,M,4888930.0,238367.0,75
201800054441,18,6,4,1350,1,2,3,1.0,6.0,75119,M,4888580.0,238772.0,75
201800054442,18,6,7,2000,1,2,2,1.0,2.0,75119,M,4888850.0,237373.0,75
201800054443,18,6,8,420,5,2,1,1.0,6.0,75119,M,4887350.0,238351.0,75
201800054444,18,6,9,10,5,2,1,1.0,1.0,75119,M,4888270.0,237724.0,75
201800054445,18,6,10,210,5,2,1,1.0,6.0,75119,M,4888490.0,236985.0,75
201800054446,18,6,10,1405,1,2,1,1.0,6.0,75119,M,4888720.0,239244.0,75
201800054447,18,6,11,710,1,2,1,2.0,3.0,75119,M,4889360.0,238071.0,75
201800054448,18,6,12,1420,1,2,2,1.0,7.0,75119,M,4889070.0,238213.0,75
201800054449,18,6,13,1135,1,2,2,1.0,6.0,75119,M,4888170.0,237383.0,75
201800054450,18,6,14,1340,1,2,7,1.0,6.0,75119,M,4888280.0,237033.0,75
201800054451,18,6,14,2255,5,2,2,1.0,3.0,75118,M,4888450.0,235932.0,75
201800054452,18,6,16,1030,1,2,1,1.0,6.0,75119,M,4887410.0,237478.0,75
201800054453,18,6,16,1925,1,2,2,1.0,6.0,75120,M,4887550.0,239913.0,75
201800054454,18,6,18,1430,1,2,3,1.0,3.0,75119,M,4889870.0,237418.0,75
201800054455,18,6,18,2045,1,2,3,1.0,3.0,75119,M,4887720.0,238236.0,75
201800054456,18,6,21,1640,1,2,3,1.0,3.0,75119,M,4889140.0,237226.0,75
201800054457,18,6,22,1440,1,2,4,1.0,2.0,75119,M,4888360.0,237331.0,75
201800054458,18,6,22,1610,1,2,1,1.0,3.0,75119,M,4889780.0,237030.0,75
201800054459,18,6,23,1515,1,2,4,1.0,3.0,75119,M,4888180.0,238836.0,75
201800054460,18,6,24,1750,1,2,2,1.0,3.0,75119,M,4888330.0,239492.0,75
201800054461,18,6,27,1340,1,2,3,1.0,3.0,75119,M,4888730.0,236704.0,75
201800054462,18,6,27,1945,1,2,3,1.0,6.0,75119,M,4887330.0,238188.0,75
201800054463,18,6,28,445,5,2,1,1.0,3.0,75119,M,4887860.0,240206.0,75
201800054464,18,6,28,2350,5,2,2,1.0,6.0,75119,M,4888500.0,238326.0,75
201800054465,18,6,29,642,2,2,2,1.0,3.0,75119,M,4887820.0,239790.0,75
201800054466,18,6,29,1945,1,2,1,1.0,6.0,75119,M,4887470.0,238299.0,75
201800054467,18,6,30,1040,1,2,2,1.0,2.0,75119,M,4889580.0,238357.0,75
201800054468,18,7,2,620,3,2,7,1.0,6.0,75119,M,4890080.0,238890.0,75
201800054469,18,7,2,1012,1,2,2,1.0,6.0,75119,M,4889530.0,237189.0,75
201800054470,18,7,3,2055,1,2,4,1.0,3.0,75119,M,4888460.0,239196.0,75
201800054471,18,7,4,1340,1,2,2,1.0,2.0,75119,M,4888930.0,237125.0,75
201800054472,18,7,4,1545,1,2,5,1.0,6.0,75119,M,4887880.0,240162.0,75
201800054473,18,7,4,1930,1,2,1,1.0,6.0,75119,M,4889980.0,238570.0,75
201800054474,18,7,5,1230,1,2,1,1.0,2.0,75119,M,4889300.0,237784.0,75
201800054475,18,7,7,1106,1,2,1,1.0,6.0,75119,M,4888770.0,237031.0,75
201800054476,18,7,9,1650,1,2,3,1.0,2.0,75119,M,4888970.0,236807.0,75
201800054477,18,7,11,2134,2,2,2,1.0,3.0,75110,M,4888060.0,236196.0,75
201800054478,18,7,12,920,1,2,1,1.0,2.0,75119,M,4888990.0,237609.0,75
201800054479,18,7,13,1730,1,2,2,1.0,3.0,75119,M,4888610.0,238984.0,75
201800054480,18,7,15,2340,5,2,3,1.0,3.0,75119,M,4888730.0,237290.0,75
201800054481,18,7,17,1930,1,2,2,1.0,3.0,75119,M,4888876.0,239312.0,75
201800054482,18,7,18,920,1,2,1,1.0,7.0,75119,M,,,75
201800054483,18,7,18,1900,2,2,1,1.0,3.0,75119,M,4889048.0,237184.0,75
201800054484,18,7,18,2030,1,2,3,1.0,6.0,75119,M,4888630.0,239554.0,75
201800054485,18,7,19,2005,1,2,3,1.0,3.0,75119,M,,,75
201800054486,18,7,21,30,5,2,1,1.0,3.0,75119,M,4887648.0,240339.0,75
201800054487,18,7,22,925,1,2,3,1.0,2.0,75119,M,4887420.0,238581.0,75
201800054488,18,7,23,130,5,2,7,1.0,3.0,75119,M,4890081.0,238903.0,75
201800054489,18,7,23,1410,1,2,5,1.0,3.0,75119,M,,,75
201800054490,18,7,25,1400,1,2,3,1.0,3.0,75119,M,4888774.0,239802.0,75
201800054491,18,7,26,1250,1,2,3,1.0,2.0,75119,M,4888800.0,239200.0,75
201800054492,18,7,27,1602,1,2,1,2.0,6.0,75119,M,4886016.0,234671.0,75
201800054493,18,7,27,1930,1,2,2,2.0,6.0,75119,M,4888300.0,238540.0,75
201800054494,18,7,28,35,5,2,2,1.0,6.0,75119,M,4888400.0,236890.0,75
201800054495,18,7,28,1740,1,2,1,1.0,3.0,75119,M,4887983.0,237048.0,75
201800054496,18,7,29,410,5,2,1,1.0,2.0,75119,M,4888608.0,236876.0,75
201800054497,18,7,29,750,1,2,1,1.0,3.0,75119,M,4888473.0,236961.0,75
201800054498,18,7,30,2000,1,2,7,1.0,3.0,75119,M,,,75
201800054499,18,7,31,2300,5,2,3,1.0,6.0,75119,M,4887970.0,237437.0,75
201800054500,18,8,1,1747,1,2,1,1.0,6.0,75119,M,,,75
201800054501,18,8,4,1930,1,2,1,1.0,3.0,75119,M,,,75
201800054502,18,8,5,1635,1,2,1,1.0,6.0,75119,M,,,75
201800054503,18,8,5,2140,5,2,1,1.0,6.0,75119,M,,,75
201800054504,18,8,7,1620,1,2,1,1.0,2.0,75119,M,4889138.0,237805.0,75
201800054505,18,8,11,1525,1,2,1,1.0,2.0,75110,M,4887923.0,237055.0,75
201800054506,18,8,15,1720,1,2,5,1.0,3.0,75119,M,,,75
201800054507,18,8,16,240,5,2,2,1.0,6.0,75119,M,,,75
201800054508,18,8,18,1740,1,2,2,1.0,3.0,75119,M,4889000.0,238000.0,75
201800054509,18,8,20,1300,1,2,1,1.0,3.0,75119,M,4889094.0,238164.0,75
201800054510,18,8,22,1712,1,2,4,1.0,7.0,75119,M,,,75
201800054511,18,8,24,1545,1,2,1,1.0,6.0,75119,M,,,75
201800054512,18,8,26,1920,1,2,4,1.0,3.0,75119,M,,,75
201800054513,18,8,28,1315,1,2,2,1.0,3.0,75119,M,4888000.0,237000.0,75
201800054514,18,8,28,1450,1,2,7,1.0,5.0,75119,M,4890000.0,238000.0,75
201800054515,18,8,28,2250,5,2,1,1.0,3.0,75119,M,,,75
201800054516,18,8,29,135,5,2,2,1.0,3.0,75119,M,4889000.0,237000.0,75
201800054517,18,8,31,2031,2,2,2,1.0,3.0,75119,M,,,75
201800054518,18,9,2,1440,1,2,7,1.0,3.0,75119,M,4888900.0,239680.0,75
201800054519,18,9,2,2144,5,2,2,1.0,3.0,75119,M,,,75
201800054520,18,9,3,2230,5,2,2,1.0,6.0,75119,M,4888800.0,239500.0,75
201800054521,18,9,4,900,1,2,3,8.0,2.0,75119,M,,,75
201800054522,18,9,4,1920,1,2,7,1.0,3.0,75119,M,4888994.0,239583.0,75
201800054523,18,9,5,1155,1,2,3,8.0,6.0,75119,M,4888448.0,239038.0,75
201800054524,18,9,5,1525,1,2,1,1.0,6.0,75119,M,,,75
201800054525,18,9,8,1430,1,2,3,1.0,6.0,75119,M,,,75
201800054526,18,9,9,225,5,2,2,1.0,7.0,75119,M,4887649.0,239278.0,75
201800054527,18,9,9,1538,1,2,3,1.0,5.0,75119,M,,,75
201800054528,18,9,11,1120,1,2,1,1.0,6.0,75119,M,,,75
201800054529,18,9,13,1130,1,2,3,2.0,2.0,75119,M,4887000.0,238000.0,75
201800054530,18,9,14,1300,1,2,3,1.0,2.0,75119,M,,,75
201800054531,18,9,15,130,5,2,3,1.0,6.0,75119,M,4889229.0,237615.0,75
201800054532,18,9,15,2140,5,2,7,1.0,3.0,75119,M,,,75
201800054533,18,9,15,2325,5,2,2,1.0,3.0,75119,M,4888300.0,238700.0,75
201800054534,18,9,18,645,1,2,7,1.0,2.0,75119,M,4890017.0,238741.0,75
201800054535,18,9,18,810,1,2,2,1.0,6.0,75119,M,,,75
201800054536,18,9,18,1555,1,1,3,2.0,5.0,75119,M,,,75
201800054537,18,9,18,2210,5,2,1,1.0,2.0,75119,M,4888900.0,239300.0,75
201800054538,18,9,20,1415,1,2,1,1.0,6.0,75119,M,4888600.0,237100.0,75
201800054539,18,9,20,1715,1,2,7,1.0,6.0,75119,M,4888610.0,239394.0,75
201800054540,18,9,21,800,1,1,1,2.0,5.0,75119,M,,,75
201800054541,18,9,22,1230,1,2,2,1.0,6.0,75119,M,4888000.0,238000.0,75
201800054542,18,9,24,700,2,2,3,1.0,6.0,75119,M,,,75
201800054543,18,9,24,1915,1,2,1,7.0,6.0,75119,M,4887000.0,239000.0,75
201800054544,18,9,25,1720,1,2,2,1.0,6.0,75119,M,4887555.0,239812.0,75
201800054545,18,9,25,2020,5,2,2,1.0,2.0,75119,M,4887954.0,238935.0,75
201800054546,18,9,26,1045,1,2,1,1.0,2.0,75119,M,4889482.0,237254.0,75
201800054547,18,9,26,1355,1,2,1,1.0,6.0,75119,M,4887645.0,240414.0,75
201800054548,18,9,27,300,5,2,3,1.0,6.0,75120,M,4887417.0,238597.0,75
201800054549,18,9,27,1350,1,2,2,1.0,3.0,75118,M,4888452.0,235932.0,75
201800054550,18,9,28,845,1,2,4,1.0,7.0,75110,M,4888050.0,236015.0,75
201800054551,18,9,29,1335,1,2,1,1.0,7.0,75119,M,4889197.0,237476.0,75
201800054552,18,9,29,1440,1,2,1,1.0,6.0,75119,M,4889700.0,238890.0,75
201800054553,18,10,1,1155,1,2,3,1.0,3.0,75119,M,4887242.0,237809.0,75
201800054554,18,10,1,2030,5,2,1,1.0,4.0,75119,M,4880000.0,240000.0,75
201800054555,18,10,2,1710,1,2,3,1.0,6.0,75119,M,4887900.0,238800.0,75
201800054556,18,10,3,2330,5,2,2,1.0,7.0,75119,M,,,75
201800054557,18,10,3,2345,4,2,1,1.0,6.0,75119,M,4888525.0,238126.0,75
201800054558,18,10,3,2110,5,2,3,1.0,3.0,75119,M,4887259.0,237858.0,75
201800054559,18,10,4,1550,1,2,2,1.0,3.0,75119,M,,,75
201800054560,18,10,5,800,1,2,2,1.0,6.0,75119,M,,,75
201800054561,18,10,5,1345,1,2,1,1.0,6.0,75119,M,,,75
201800054562,18,10,6,530,5,2,2,1.0,6.0,75119,M,4822200.0,237000.0,75
201800054563,18,10,7,1755,1,2,7,1.0,6.0,75119,M,4888409.0,236875.0,75
201800054564,18,10,8,1945,5,2,1,1.0,6.0,75119,M,4887000.0,237000.0,75
201800054565,18,10,8,1355,1,2,1,1.0,6.0,75119,M,,,75
201800054566,18,10,9,1805,1,2,2,1.0,3.0,75119,M,,,75
201800054567,18,10,11,1820,2,2,3,1.0,2.0,75119,M,4888097.0,237357.0,75
201800054568,18,10,12,1930,5,2,1,1.0,3.0,75119,M,4889402.0,240112.0,75
201800054569,18,10,13,1330,1,2,7,1.0,3.0,75119,M,,,75
201800054570,18,10,14,1315,1,2,3,1.0,6.0,75119,M,4888478.0,239243.0,75
201800054571,18,10,16,1820,2,2,2,1.0,3.0,75119,M,,,75
201800054572,18,10,17,1002,1,2,2,1.0,3.0,75119,M,4888000.0,237000.0,75
201800054573,18,10,21,1230,1,2,1,1.0,6.0,75119,M,,,75
201800054574,18,10,23,1020,1,2,1,1.0,3.0,75119,M,4888898.0,237507.0,75
201800054575,18,10,26,905,1,2,1,1.0,7.0,75119,M,,,75
201800054576,18,10,27,1108,1,2,4,7.0,6.0,75119,M,,,75
201800054577,18,10,27,1530,1,2,1,1.0,6.0,75119,M,4888268.0,239581.0,75
201800054578,18,10,28,1013,1,2,3,1.0,2.0,75119,M,4889000.0,237000.0,75
201800054579,18,10,28,1725,2,2,1,1.0,6.0,75119,M,,,75
201800054580,18,10,30,1035,1,2,1,3.0,3.0,75119,M,4889000.0,239000.0,75
201800054581,18,10,31,1020,1,2,3,1.0,6.0,75119,M,,,75
201800054582,18,10,31,1715,5,2,3,2.0,6.0,75119,M,4888345.0,238106.0,75
201800054583,18,10,31,1805,5,2,3,2.0,3.0,75119,M,4889000.0,238000.0,75
201800054584,18,10,31,2220,3,2,7,1.0,3.0,75119,M,4888233.0,238173.0,75
201800054585,18,11,2,2340,5,2,1,1.0,4.0,75119,M,4889860.0,238485.0,75
201800054586,18,11,3,1135,1,2,7,1.0,3.0,75110,M,,,75
201800054587,18,11,3,1755,5,2,2,1.0,3.0,75119,M,,,75
201800054588,18,11,3,2350,5,2,7,1.0,3.0,75119,M,4888991.0,239748.0,75
201800054589,18,11,4,1845,5,2,2,1.0,6.0,75119,M,4888000.0,238000.0,75
201800054590,18,11,5,1300,1,2,1,1.0,6.0,75119,M,4887963.0,237376.0,75
201800054591,18,11,5,1845,5,2,1,1.0,5.0,75119,M,,,75
201800054592,18,11,5,2125,5,2,3,1.0,6.0,75119,M,4888580.0,238758.0,75
201800054593,18,11,9,1800,5,2,3,1.0,3.0,75119,M,4888660.0,238478.0,75
201800054594,18,11,12,840,1,2,3,2.0,3.0,75119,M,,,75
201800054595,18,11,15,950,1,2,2,8.0,6.0,75119,M,4888544.0,236572.0,75
201800054596,18,11,15,1740,5,2,7,1.0,5.0,75119,M,,,75
201800054597,18,11,16,1520,1,2,2,1.0,6.0,75119,M,4887794.0,237391.0,75
201800054598,18,11,17,600,5,2,2,1.0,3.0,75119,M,4887596.0,240208.0,75
201800054599,18,11,17,1350,1,2,2,1.0,1.0,75119,M,4889000.0,230000.0,75
201800054600,18,11,18,1815,5,2,1,1.0,2.0,75119,M,4887811.0,240595.0,75
201800054601,18,11,19,1230,1,2,3,1.0,7.0,75119,M,,,75
201800054602,18,11,19,1530,1,2,1,1.0,2.0,75119,M,,,75
201800054603,18,11,19,1930,2,2,1,2.0,6.0,75119,M,,,75
201800054604,18,11,20,925,1,2,3,2.0,6.0,75119,M,4888431.0,237609.0,75
201800054605,18,11,20,1215,1,2,2,2.0,3.0,75119,M,4888589.0,238243.0,75
201800054606,18,11,22,2320,5,2,1,2.0,6.0,75119,M,,,75
201800054607,18,11,23,2000,5,1,1,3.0,6.0,75118,M,4890096.0,235771.0,75
201800054608,18,11,25,1835,5,2,2,1.0,6.0,75119,M,4889000.0,238000.0,75
201800054609,18,11,27,2040,5,2,1,3.0,6.0,75119,M,,,75
201800054610,18,11,29,1615,1,2,3,1.0,3.0,75119,M,4888200.0,238900.0,75
201800054611,18,11,29,1755,5,2,2,1.0,7.0,75119,M,4889199.0,237876.0,75
201800054612,18,11,30,1350,1,2,3,1.0,6.0,75119,M,4888413.0,237745.0,75
201800054613,18,11,30,1900,5,2,7,1.0,3.0,75119,M,4890021.0,238875.0,75
201800054614,18,12,1,1620,2,2,1,2.0,6.0,75119,M,4888405.0,237515.0,75
201800054615,18,12,2,110,5,2,7,3.0,6.0,75119,M,4890102.0,238777.0,75
201800054616,18,12,2,910,1,2,7,2.0,6.0,75119,M,,,75
201800054617,18,12,2,1740,2,2,2,8.0,6.0,75119,M,4888000.0,238000.0,75
201800054618,18,12,3,1700,5,2,2,2.0,3.0,75119,M,4887847.0,237415.0,75
201800054619,18,12,4,740,2,2,1,2.0,6.0,75119,M,4888718.0,238459.0,75
201800054620,18,12,4,850,1,2,2,8.0,6.0,75119,M,,,75
201800054621,18,12,4,1120,1,1,1,8.0,2.0,75119,M,4890000.0,237400.0,75
201800054622,18,12,4,1825,5,2,1,1.0,3.0,75119,M,4889433.0,239443.0,75
201800054623,18,12,6,1440,1,2,1,8.0,6.0,75119,M,4888292.0,240112.0,75
201800054624,18,12,6,1815,5,2,1,1.0,6.0,75119,M,4888139.0,238734.0,75
201800054625,18,12,6,2020,5,2,3,1.0,6.0,75119,M,4888422.0,237567.0,75
201800054626,18,12,8,1900,5,2,3,2.0,6.0,75119,M,,,75
201800054627,18,12,10,1500,1,2,2,2.0,3.0,75119,M,4889513.0,237224.0,75
201800054628,18,12,11,25,5,2,2,1.0,2.0,75119,M,4887700.0,240500.0,75
201800054629,18,12,11,900,1,2,3,1.0,6.0,75119,M,4888715.0,237556.0,75
201800054630,18,12,12,1830,5,2,2,1.0,3.0,75119,M,,,75
201800054631,18,12,12,2300,5,2,7,1.0,6.0,75119,M,4887860.0,237400.0,75
201800054632,18,12,14,16,5,2,2,1.0,2.0,75119,M,4888845.0,237433.0,75
201800054633,18,12,14,1450,1,2,3,1.0,6.0,75119,M,4889120.0,237367.0,75
201800054634,18,12,16,2310,5,2,5,3.0,3.0,75119,M,4888253.0,240135.0,75
201800054635,18,12,21,950,1,2,2,2.0,6.0,75119,M,,,75
201800054636,18,12,22,1800,5,2,1,8.0,3.0,75119,M,4888896.0,237439.0,75
201800054637,18,12,23,836,2,2,3,2.0,3.0,75119,M,4886441.0,236679.0,75
201800054638,18,1,5,515,5,2,3,2.0,6.0,75120,M,4885330.0,240967.0,75
201800054639,18,1,11,1515,1,2,3,8.0,3.0,75120,M,4886910.0,239141.0,75
201800054640,18,1,13,2025,5,2,1,1.0,6.0,75120,M,4886930.0,239260.0,75
201800054641,18,1,14,1030,1,2,3,1.0,3.0,75111,M,4885610.0,239279.0,75
201800054642,18,1,14,2140,5,2,3,1.0,7.0,75120,M,4885230.0,240405.0,75
201800054643,18,1,16,1140,1,2,2,1.0,6.0,75120,M,4887000.0,239449.0,75
201800054644,18,1,16,1300,1,2,2,1.0,3.0,75120,M,4885920.0,240210.0,75
201800054645,18,1,16,1750,5,2,2,2.0,6.0,75120,M,4886460.0,240457.0,75
201800054646,18,1,16,2005,5,2,2,2.0,7.0,75120,M,4885570.0,240824.0,75
201800054647,18,1,19,1330,1,2,2,2.0,6.0,75120,M,4885610.0,240548.0,75
201800054648,18,1,19,1435,1,2,1,2.0,4.0,75120,M,4886360.0,239028.0,75
201800054649,18,1,20,2350,5,2,3,2.0,2.0,75120,M,4886420.0,238613.0,75
201800054650,18,1,23,2116,5,2,2,1.0,6.0,75120,M,4885270.0,240609.0,75
201800054651,18,1,24,440,5,2,1,1.0,6.0,75120,M,4886610.0,241220.0,75
201800054652,18,1,24,1800,2,2,3,1.0,3.0,75120,M,4887110.0,239302.0,75
201800054653,18,1,26,649,2,2,2,1.0,4.0,75120,M,4887170.0,240437.0,75
201800054654,18,1,26,945,1,2,4,1.0,6.0,75120,M,4885280.0,241160.0,75
201800054655,18,1,27,520,5,2,4,2.0,6.0,75120,M,4887200.0,241059.0,75
201800054656,18,1,29,2050,5,2,2,1.0,6.0,75120,M,4887210.0,237705.0,75
201800054657,18,1,30,825,1,2,1,1.0,7.0,75120,M,4884760.0,240830.0,75
201800054658,18,1,30,825,1,2,2,1.0,2.0,75120,M,4886540.0,241157.0,75
201800054659,18,2,1,1815,5,2,2,1.0,6.0,75120,M,4887010.0,239575.0,75
201800054660,18,2,3,15,5,2,1,1.0,1.0,75120,M,4887380.0,238772.0,75
201800054661,18,2,3,1835,5,2,1,2.0,3.0,75120,M,4886430.0,239290.0,75
201800054662,18,2,3,2200,3,2,7,2.0,2.0,75120,M,4885460.0,241343.0,75
201800054663,18,2,4,655,3,2,2,2.0,6.0,75120,M,4885350.0,241060.0,75
201800054664,18,2,6,710,5,2,2,4.0,2.0,75120,M,4885350.0,241060.0,75
201800054665,18,2,15,1720,1,2,2,2.0,7.0,75120,M,4887000.0,239449.0,75
201800054666,18,2,15,1946,5,2,2,2.0,3.0,75120,M,4885350.0,241060.0,75
201800054667,18,2,21,910,1,2,4,1.0,3.0,75120,M,4886430.0,241280.0,75
201800054668,18,2,21,2340,5,2,2,1.0,3.0,75120,M,4885510.0,239868.0,75
201800054669,18,2,24,2300,5,2,4,1.0,3.0,75120,M,4885710.0,240436.0,75
201800054670,18,2,26,1735,1,2,2,1.0,6.0,75120,M,4885890.0,240585.0,75
201800054671,18,2,26,1800,2,2,1,1.0,6.0,75120,M,4886740.0,239476.0,75
201800054672,18,3,2,1405,1,2,3,1.0,3.0,75120,M,4886380.0,239109.0,75
201800054673,18,3,5,1,5,2,3,1.0,2.0,75120,M,4885330.0,240967.0,75
201800054674,18,3,5,920,1,2,1,1.0,3.0,75120,M,4886240.0,240004.0,75
201800054675,18,3,5,1820,1,2,2,1.0,2.0,75120,M,4886670.0,239709.0,75
201800054676,18,3,6,950,1,2,2,1.0,3.0,75120,M,4884660.0,241598.0,75
201800054677,18,3,7,2040,5,2,3,1.0,6.0,75120,M,4886790.0,238657.0,75
201800054678,18,3,9,35,5,2,1,1.0,6.0,75120,M,4886050.0,240071.0,75
201800054679,18,3,12,635,2,2,2,1.0,3.0,75120,M,4887240.0,238235.0,75
201800054680,18,3,12,1545,1,2,2,1.0,6.0,75120,M,4886790.0,240891.0,75
201800054681,18,3,16,1525,1,2,1,1.0,3.0,75120,M,4885190.0,240619.0,75
201800054682,18,3,23,730,1,2,1,1.0,6.0,75120,M,4887100.0,237903.0,75
201800054683,18,3,24,1120,1,2,1,1.0,6.0,75112,M,4883390.0,245517.0,75
201800054684,18,3,30,1834,1,2,7,1.0,7.0,75120,M,4886500.0,239550.0,75
201800054685,18,4,6,940,1,2,3,1.0,7.0,75120,M,4887390.0,240340.0,75
201800054686,18,4,8,1410,1,2,1,1.0,6.0,75120,M,4887310.0,239037.0,75
201800054687,18,4,10,1430,1,2,1,1.0,6.0,75120,M,4886380.0,239686.0,75
201800054688,18,4,10,1520,1,2,3,1.0,6.0,75120,M,4887120.0,240081.0,75
201800054689,18,4,11,2300,5,2,1,1.0,3.0,75120,M,4885090.0,240635.0,75
201800054690,18,4,12,35,5,2,1,1.0,6.0,75120,M,4886390.0,241342.0,75
201800054691,18,4,13,855,1,2,2,1.0,3.0,75120,M,4885440.0,239613.0,75
201800054692,18,4,14,1650,1,2,3,1.0,2.0,75120,M,4886480.0,241011.0,75
201800054693,18,4,15,120,5,2,1,1.0,6.0,75111,M,4886580.0,237168.0,75
201800054694,18,4,16,1300,1,2,7,1.0,6.0,75120,M,4886410.0,240865.0,75
201800054695,18,4,17,1110,1,2,5,1.0,6.0,75120,M,4886500.0,239550.0,75
201800054696,18,4,17,1720,1,2,1,1.0,2.0,75120,M,4885850.0,241411.0,75
201800054697,18,4,18,945,1,2,1,7.0,6.0,75120,M,4885600.0,240598.0,75
201800054698,18,4,20,815,1,2,7,1.0,2.0,75120,M,4886490.0,239810.0,75
201800054699,18,4,20,2205,5,2,1,1.0,3.0,75120,M,4885050.0,241520.0,75
201800054700,18,4,21,1710,1,2,2,1.0,3.0,75120,M,4885470.0,241204.0,75
201800054701,18,4,23,1150,1,2,3,1.0,7.0,75120,M,4886340.0,240409.0,75
201800054702,18,4,24,1335,1,2,1,7.0,4.0,75120,M,4886390.0,241336.0,75
201800054703,18,4,24,1550,1,2,3,1.0,6.0,75120,M,4887470.0,238742.0,75
201800054704,18,4,24,1615,1,2,3,7.0,6.0,75120,M,4886580.0,239776.0,75
201800054705,18,4,24,1745,1,2,7,1.0,3.0,75120,M,4886470.0,239862.0,75
201800054706,18,4,24,2015,2,2,3,1.0,2.0,75120,M,4885680.0,239595.0,75
201800054707,18,4,25,1130,1,2,3,2.0,5.0,75120,M,4886480.0,241011.0,75
201800054708,18,4,27,850,1,2,1,1.0,6.0,75120,M,4886340.0,241072.0,75
201800054709,18,4,27,1630,1,2,5,1.0,4.0,75120,M,4886460.0,240587.0,75
201800054710,18,4,27,1940,1,2,2,1.0,3.0,75120,M,4885440.0,241543.0,75
201800054711,18,4,28,2015,1,2,1,1.0,6.0,75120,M,4886970.0,237981.0,75
201800054712,18,5,2,1020,1,2,5,1.0,6.0,75120,M,4886830.0,240139.0,75
201800054713,18,5,6,1845,1,2,2,1.0,3.0,75120,M,4887200.0,239184.0,75
201800054714,18,5,7,45,5,2,3,1.0,3.0,75120,M,4885540.0,240528.0,75
201800054715,18,5,7,1535,1,2,1,1.0,6.0,75120,M,4884810.0,241628.0,75
201800054716,18,5,8,1800,1,2,2,1.0,3.0,75120,M,4885150.0,240623.0,75
201800054717,18,5,9,200,5,2,1,1.0,3.0,75119,M,4887650.0,240416.0,75
201800054718,18,5,10,850,1,2,7,1.0,2.0,75120,M,4886290.0,238742.0,75
201800054719,18,5,14,1930,1,2,1,2.0,7.0,75120,M,4887140.0,239872.0,75
201800054720,18,5,15,1905,1,2,2,1.0,3.0,75120,M,4885350.0,241060.0,75
201800054721,18,5,18,1,5,2,1,1.0,3.0,75120,M,4885840.0,240297.0,75
201800054722,18,5,18,1515,1,2,3,1.0,3.0,75120,M,4884840.0,241633.0,75
201800054723,18,5,19,1030,1,2,1,1.0,3.0,75120,M,4886330.0,240730.0,75
201800054724,18,5,19,1659,1,2,1,1.0,6.0,75120,M,4887360.0,241111.0,75
201800054725,18,5,19,2050,1,2,3,1.0,3.0,75120,M,4884940.0,240649.0,75
201800054726,18,5,19,2040,4,2,1,1.0,6.0,75120,M,4887120.0,237799.0,75
201800054727,18,5,20,1720,1,2,1,1.0,6.0,75120,M,4885200.0,240241.0,75
201800054728,18,5,22,1230,1,2,1,1.0,3.0,75120,M,4886450.0,241249.0,75
201800054729,18,5,22,1640,1,2,4,3.0,6.0,75120,M,4886480.0,239969.0,75
201800054730,18,5,25,1220,1,2,1,1.0,6.0,75120,M,4886320.0,240396.0,75
201800054731,18,5,26,2340,5,2,1,1.0,5.0,75120,M,4886450.0,240737.0,75
201800054732,18,5,28,750,1,2,2,1.0,3.0,75120,M,4885620.0,240489.0,75
201800054733,18,5,29,1300,1,2,2,2.0,3.0,75120,M,4885570.0,240824.0,75
201800054734,18,5,30,1150,1,2,2,1.0,6.0,75120,M,4886060.0,240933.0,75
201800054735,18,5,31,1725,1,2,1,1.0,6.0,75120,M,4886340.0,238942.0,75
201800054736,18,6,1,1420,1,2,6,8.0,5.0,75120,M,4884700.0,241503.0,75
201800054737,18,6,1,2140,2,2,2,2.0,1.0,75120,M,4885620.0,240489.0,75
201800054738,18,6,3,1715,1,2,3,1.0,3.0,75120,M,4885670.0,240925.0,75
201800054739,18,6,4,1220,1,2,1,1.0,7.0,75120,M,4885510.0,241529.0,75
201800054740,18,6,5,1225,1,2,2,8.0,6.0,75120,M,4885130.0,241189.0,75
201800054741,18,6,5,1810,1,2,1,1.0,6.0,75120,M,4886590.0,239931.0,75
201800054742,18,6,12,1400,1,2,1,1.0,3.0,75120,M,4887810.0,241109.0,75
201800054743,18,6,14,1120,1,2,1,1.0,6.0,75120,M,4885350.0,239685.0,75
201800054744,18,6,15,315,5,2,2,1.0,3.0,75120,M,4887450.0,239286.0,75
201800054745,18,6,15,1230,1,2,3,1.0,5.0,75120,M,4887350.0,238303.0,75
201800054746,18,6,16,1915,1,2,1,1.0,3.0,75120,M,4885970.0,240145.0,75
201800054747,18,6,16,2300,5,2,5,1.0,3.0,75120,M,4885350.0,241060.0,75
201800054748,18,6,20,2145,5,2,3,1.0,3.0,75120,M,4885300.0,239711.0,75
201800054749,18,6,21,1800,1,2,3,1.0,6.0,75118,M,4888850.0,232588.0,75
201800054750,18,6,21,1840,1,2,2,1.0,3.0,75120,M,4886480.0,239969.0,75
201800054751,18,6,23,1500,1,2,1,1.0,3.0,75120,M,4885940.0,240953.0,75
201800054752,18,6,24,415,5,2,7,1.0,6.0,75120,M,4886450.0,240858.0,75
201800054753,18,6,27,1200,1,2,3,1.0,6.0,75120,M,4885050.0,240640.0,75
201800054754,18,6,28,1245,1,2,2,1.0,6.0,75120,M,4886710.0,238325.0,75
201800054755,18,6,26,2115,1,2,7,1.0,2.0,75120,M,4885440.0,241543.0,75
201800054756,18,7,1,1139,1,2,2,1.0,6.0,75120,M,4886650.0,241260.0,75