Num_Acc,an,mois,jour,hrmn,lum,agg,int,atm,col,com,gps,lat,long,dep
201800054757,18,7,2,900,1,2,1,1.0,3.0,75120,M,4887160.0,240245.0,75
201800054758,18,7,4,305,5,2,7,1.0,6.0,75120,M,4886450.0,240858.0,75
201800054759,18,7,8,518,2,2,3,1.0,1.0,75120,M,4884790.0,241125.0,75
201800054760,18,7,9,750,1,2,2,1.0,3.0,75120,M,4885350.0,241060.0,75
201800054761,18,7,10,1505,1,2,6,1.0,6.0,75120,M,4884700.0,241119.0,75
201800054762,18,7,12,9,5,2,1,1.0,6.0,75120,M,4885370.0,241178.0,75
201800054763,18,7,12,2130,1,2,7,1.0,4.0,75120,M,4887550.0,241019.0,75
201800054764,18,7,12,2250,5,2,2,1.0,6.0,75120,M,4886710.0,238325.0,75
201800054765,18,7,13,2220,5,2,2,1.0,3.0,75120,M,4886260.0,241090.0,75
201800054766,18,7,15,2055,2,2,1,2.0,6.0,75120,M,4887430.0,240811.0,75
201800054767,18,7,17,1730,1,2,3,1.0,3.0,75120,M,4886106.0,238839.0,75
201800054768,18,7,18,1140,1,2,7,1.0,6.0,75120,M,4886526.0,239851.0,75
201800054769,18,7,19,1130,1,2,2,1.0,3.0,75120,M,4885469.0,239717.0,75
201800054770,18,7,20,1320,1,2,2,1.0,3.0,75120,M,4886490.0,239540.0,75
201800054771,18,7,20,2045,1,2,1,2.0,7.0,75120,M,,,75
201800054772,18,7,21,2100,1,2,7,1.0,3.0,75120,M,4886454.0,240907.0,75
201800054773,18,7,23,1610,1,2,6,1.0,3.0,75120,M,4884697.0,241112.0,75
201800054774,18,7,24,900,1,2,1,1.0,5.0,75120,M,,,75
201800054775,18,7,24,1914,1,2,2,7.0,7.0,75120,M,4886853.0,240123.0,75
201800054776,18,7,26,1740,1,2,2,1.0,3.0,75120,M,4886351.0,240396.0,75
201800054777,18,7,30,1425,1,2,1,1.0,6.0,75120,M,4886448.0,240703.0,75
201800054778,18,7,31,1550,1,2,3,1.0,6.0,75120,M,,,75
201800054779,18,8,2,2110,1,2,2,1.0,3.0,75120,M,4885470.0,239740.0,75
201800054780,18,8,4,2310,5,2,3,1.0,3.0,75120,M,4886000.0,228000.0,75
201800054781,18,8,6,1420,1,2,2,1.0,3.0,75120,M,4886470.0,240136.0,75
201800054782,18,8,6,1400,1,2,1,1.0,3.0,75120,M,4886460.0,240552.0,75
201800054783,18,8,9,2145,5,2,2,1.0,3.0,75120,M,4886479.0,240130.0,75
201800054784,18,8,12,910,1,2,4,1.0,2.0,75111,M,4885624.0,237112.0,75
201800054785,18,8,15,1120,1,2,1,1.0,3.0,75120,M,4886464.0,240959.0,75
201800054786,18,8,18,1545,1,2,1,7.0,6.0,75120,M,,,75
201800054787,18,8,21,1528,1,2,3,1.0,6.0,75120,M,4886000.0,240000.0,75
201800054788,18,8,24,1150,1,2,1,1.0,6.0,75120,M,4887000.0,240350.0,75
201800054789,18,8,25,1300,1,2,1,1.0,7.0,75120,M,4887172.0,237771.0,75
201800054790,18,8,25,2000,2,2,1,1.0,6.0,75120,M,4886440.0,239310.0,75
201800054791,18,9,2,1345,1,2,4,1.0,2.0,75120,M,4886272.0,228759.0,75
201800054792,18,9,3,1145,1,2,1,1.0,3.0,75120,M,4880000.0,238000.0,75
201800054793,18,9,6,1530,1,2,1,1.0,6.0,75120,M,4886286.0,240903.0,75
201800054794,18,9,7,1700,1,2,4,1.0,6.0,75102,M,4886734.0,234412.0,75
201800054795,18,9,8,1607,1,2,4,1.0,2.0,75120,M,4887700.0,240800.0,75
201800054796,18,9,11,330,5,2,2,1.0,3.0,75120,M,4885349.0,241076.0,75
201800054797,18,9,12,1220,1,2,2,1.0,6.0,75120,M,4887095.0,239925.0,75
201800054798,18,9,12,2050,5,2,3,1.0,3.0,75120,M,4887128.0,241075.0,75
201800054799,18,9,13,910,1,2,1,2.0,7.0,75120,M,4886320.0,238920.0,75
201800054800,18,9,13,1050,1,2,1,2.0,7.0,75120,M,4887720.0,240683.0,75
201800054801,18,9,15,30,5,2,1,1.0,3.0,75120,M,4886272.0,228759.0,75
201800054802,18,9,15,1340,1,2,2,1.0,6.0,75120,M,4886560.0,239770.0,75
201800054803,18,9,18,1255,1,2,2,1.0,3.0,75120,M,4885759.0,239942.0,75
201800054804,18,9,19,1820,1,2,3,1.0,6.0,75120,M,4887392.0,239928.0,75
201800054805,18,9,20,45,5,2,1,1.0,6.0,75120,M,4885214.0,240804.0,75
201800054806,18,9,21,1445,1,2,2,1.0,3.0,75120,M,4885399.0,240262.0,75
201800054807,18,9,22,2005,2,2,1,2.0,5.0,75120,M,4887533.0,239263.0,75
201800054808,18,9,23,2008,5,2,2,2.0,3.0,75120,M,,,75
201800054809,18,9,23,2100,5,2,2,1.0,2.0,75120,M,4887718.0,240744.0,75
201800054810,18,9,24,1630,1,2,1,1.0,6.0,75120,M,,,75
201800054811,18,9,27,800,1,2,1,7.0,6.0,75112,M,4884774.0,240244.0,75
201800054812,18,9,29,1915,1,2,2,1.0,3.0,75120,M,4838660.0,240682.0,75
201800054813,18,9,29,1942,5,2,2,1.0,3.0,75120,M,,,75
201800054814,18,10,1,1555,1,2,7,1.0,3.0,75120,M,4886506.0,239848.0,75
201800054815,18,10,5,910,1,2,1,1.0,3.0,75120,M,,,75
201800054816,18,10,5,1015,1,2,1,1.0,3.0,75120,M,4886000.0,228000.0,75
201800054817,18,10,9,815,1,2,2,1.0,3.0,75120,M,4884672.0,241590.0,75
201800054818,18,10,11,1210,1,2,1,1.0,6.0,75120,M,4887500.0,240500.0,75
201800054819,18,10,11,1820,1,2,2,2.0,3.0,75120,M,,,75
201800054820,18,10,15,2010,5,2,7,1.0,7.0,75112,M,4884665.0,241405.0,75
201800054821,18,10,17,115,5,2,2,1.0,6.0,75120,M,4886475.0,239955.0,75
201800054822,18,10,17,1850,2,2,2,1.0,3.0,75120,M,4886000.0,240584.0,75
201800054823,18,10,19,910,1,2,2,1.0,6.0,75120,M,4887070.0,239853.0,75
201800054824,18,10,19,1620,1,2,1,1.0,6.0,75120,M,4887144.0,240165.0,75
201800054825,18,10,19,2035,5,2,4,1.0,7.0,75120,M,4885764.0,239240.0,75
201800054826,18,10,19,2200,5,2,2,1.0,3.0,75120,M,4886460.0,240708.0,75
201800054827,18,10,20,705,5,2,1,1.0,1.0,75120,M,4886105.0,240048.0,75
201800054828,18,10,19,1655,1,2,4,1.0,3.0,75120,M,4887572.0,240603.0,75
201800054829,18,10,20,1700,1,2,3,1.0,2.0,75120,M,4885337.0,240938.0,75
201800054830,18,10,21,555,5,2,1,1.0,6.0,75120,M,4886473.0,240280.0,75
201800054831,18,10,21,1135,1,2,1,1.0,6.0,75120,M,4885267.0,240548.0,75
201800054832,18,10,22,2045,5,2,2,1.0,3.0,75120,M,4885350.0,241092.0,75
201800054833,18,10,23,650,5,1,4,1.0,3.0,75120,M,4885609.0,241396.0,75
201800054834,18,10,23,1515,1,2,2,1.0,6.0,75120,M,4886270.0,228750.0,75
201800054835,18,10,25,900,1,2,3,1.0,3.0,75120,M,4886666.0,233333.0,75
201800054836,18,10,26,1410,1,2,2,8.0,7.0,75120,M,4886452.0,238603.0,75
201800054837,18,10,28,1135,1,2,3,1.0,6.0,75120,M,,,75
201800054838,18,10,30,27,5,2,3,3.0,6.0,75120,M,4885341.0,240981.0,75
201800054839,18,10,30,1015,1,2,1,3.0,6.0,75120,M,4887686.0,240673.0,75
201800054840,18,10,30,1340,1,2,2,8.0,3.0,75120,M,4885185.0,240135.0,75
201800054841,18,10,31,1850,5,2,2,2.0,7.0,75120,M,4885414.0,241473.0,75
201800054842,18,11,1,730,2,2,3,1.0,6.0,75120,M,4585344.0,240984.0,75
201800054843,18,11,1,1930,5,2,2,2.0,6.0,75120,M,4886985.0,239456.0,75
201800054844,18,11,3,2000,2,2,1,1.0,6.0,75120,M,4885000.0,239000.0,75
201800054845,18,11,4,1140,1,2,7,1.0,6.0,75120,M,,,75
201800054846,18,11,6,1030,1,2,2,1.0,3.0,75120,M,,,75
201800054847,18,11,6,1300,1,2,1,1.0,7.0,75120,M,4886666.0,233333.0,75
201800054848,18,11,8,1640,2,2,3,1.0,3.0,75120,M,4885150.0,239970.0,75
201800054849,18,11,9,845,1,2,2,1.0,6.0,75120,M,4886500.0,239560.0,75
201800054850,18,11,9,1045,1,2,1,1.0,6.0,75120,M,4885676.0,239584.0,75
201800054851,18,11,10,1845,5,2,3,2.0,4.0,75120,M,4886464.0,240550.0,75
201800054852,18,11,15,2010,5,2,1,5.0,6.0,75120,M,4886446.0,239340.0,75
201800054853,18,11,15,2015,5,2,2,1.0,6.0,75120,M,4887551.0,239929.0,75
201800054854,18,11,17,1510,1,2,2,1.0,3.0,75120,M,4846981.0,238202.0,75
201800054855,18,11,17,2045,5,2,1,1.0,2.0,75120,M,4886478.0,241011.0,75
201800054856,18,11,17,2025,5,2,1,1.0,3.0,75120,M,4886200.0,240019.0,75
201800054857,18,11,19,925,1,2,7,1.0,6.0,75120,M,4885382.0,241495.0,75
201800054858,18,11,20,2055,5,2,3,1.0,7.0,75120,M,4886900.0,239110.0,75
201800054859,18,11,22,1015,1,2,2,1.0,3.0,75112,M,4884590.0,238820.0,75
201800054860,18,11,25,1740,5,2,7,2.0,6.0,75120,M,4886666.0,233333.0,75
201800054861,18,11,27,1040,1,2,2,1.0,6.0,75120,M,4886462.0,240457.0,75
201800054862,18,12,3,747,1,2,2,8.0,3.0,75120,M,4886587.0,241199.0,75
201800054863,18,12,3,1930,5,2,2,1.0,6.0,75120,M,4886480.0,238791.0,75
201800054864,18,12,4,1440,1,2,3,1.0,6.0,75120,M,4885282.0,240705.0,75
201800054865,18,12,11,2155,5,2,2,1.0,6.0,75112,M,,,75
201800054866,18,12,15,1850,5,2,3,3.0,6.0,75120,M,4885330.0,240920.0,75
201800054867,18,12,18,1120,1,2,1,1.0,6.0,75120,M,4886770.0,238362.0,75
201800054868,18,12,21,920,2,2,2,2.0,7.0,75120,M,4885000.0,240620.0,75
201800054869,18,12,21,1115,1,2,7,2.0,6.0,75120,M,4886400.0,240500.0,75
201800054870,18,12,26,920,1,2,2,1.0,3.0,75120,M,4880000.0,239000.0,75
201800054871,18,12,30,225,5,2,2,2.0,3.0,75120,M,4886912.0,239144.0,75
201800054872,18,12,30,255,5,2,3,2.0,3.0,75120,M,4886915.0,239155.0,75
201800054873,18,12,30,2030,5,2,3,2.0,6.0,75120,M,4885336.0,240990.0,75
201800054874,18,9,1,613,5,2,2,1.0,2.0,75106,M,4884000.0,232000.0,75
201800054875,18,11,2,1940,5,2,2,1.0,3.0,75105,M,4884861.0,234852.0,75
201800054876,18,11,4,1028,1,2,2,1.0,3.0,75106,M,4884212.0,232940.0,75
201800054877,18,11,7,1844,5,2,3,1.0,2.0,75105,M,,,75
201800054878,18,11,8,2000,5,2,2,1.0,6.0,75106,M,4885200.0,234300.0,75
201800054879,18,11,14,1927,5,2,2,1.0,6.0,75105,M,4884940.0,236000.0,75
201800054880,18,11,17,1830,5,2,2,1.0,6.0,75105,M,4884733.0,235117.0,75
201800054881,18,11,19,2040,5,2,6,1.0,2.0,75105,M,,,75
201800054882,18,12,1,1130,1,2,3,2.0,6.0,75105,M,,,75
201800054883,18,12,3,923,1,2,3,1.0,1.0,75113,M,4883705.0,235335.0,75
201800054884,18,12,5,1150,1,2,3,1.0,3.0,75105,M,4885042.0,235323.0,75
201800054885,18,12,21,1230,1,2,1,1.0,6.0,75105,M,,,75
201800054886,18,12,21,1745,5,2,1,1.0,4.0,75105,M,4884000.0,235000.0,75
201800054887,18,1,4,2334,5,2,4,1.0,6.0,75113,M,4881600.0,236069.0,75
201800054888,18,1,5,1204,1,2,3,1.0,3.0,75118,M,4889860.0,236557.0,75
201800054889,18,1,6,2253,5,2,2,1.0,6.0,75107,M,4886290.0,231342.0,75
201800054890,18,1,7,339,5,2,2,1.0,3.0,75110,M,4887600.0,236830.0,75
201800054891,18,1,9,842,1,2,1,1.0,5.0,75114,M,4883620.0,233418.0,75
201800054892,18,1,12,1050,1,2,4,8.0,3.0,75105,M,4883980.0,235131.0,75
201800054893,18,1,13,1856,5,2,2,1.0,3.0,75114,M,4883280.0,231155.0,75
201800054894,18,1,14,1116,1,2,1,1.0,6.0,75110,M,4888040.0,236738.0,75
201800054895,18,1,16,1510,1,2,2,1.0,3.0,75117,M,4889530.0,231204.0,75
201800054896,18,1,18,345,5,2,7,2.0,6.0,75108,M,4887530.0,232485.0,75
201800054897,18,1,18,800,2,2,2,1.0,6.0,75114,M,4883480.0,234159.0,75
201800054898,18,1,19,830,2,2,2,1.0,3.0,75116,M,4886020.0,228103.0,75
201800054899,18,1,19,1500,1,2,2,1.0,2.0,75113,M,4884400.0,236474.0,75
201800054900,18,1,19,1819,5,2,2,1.0,3.0,75112,M,4883900.0,246027.0,75
201800054901,18,1,20,2009,5,2,1,2.0,6.0,75120,M,4885150.0,241589.0,75
201800054902,18,1,22,954,1,2,3,2.0,3.0,75112,M,4884430.0,244043.0,75
201800054903,18,1,22,1945,5,2,3,8.0,2.0,75114,M,4883640.0,232661.0,75
201800054904,18,1,23,220,5,2,1,1.0,6.0,75112,M,4884420.0,237292.0,75
201800054905,18,1,23,1245,1,2,2,1.0,6.0,75105,M,4883840.0,235703.0,75
201800054906,18,1,23,1457,1,2,1,8.0,6.0,75113,M,4883400.0,235378.0,75
201800054907,18,1,24,740,5,2,2,8.0,6.0,75116,M,4887220.0,228466.0,75
201800054908,18,1,25,1402,1,2,3,2.0,3.0,75115,M,4883580.0,226718.0,75
201800054909,18,1,27,437,5,2,7,1.0,6.0,75108,M,4887530.0,232485.0,75
201800054910,18,1,27,1805,5,2,1,1.0,4.0,75103,M,4886130.0,235353.0,75
201800054911,18,1,28,142,5,2,3,2.0,6.0,75109,M,4887240.0,234490.0,75
201800054912,18,1,29,450,5,2,4,1.0,7.0,75117,M,4889180.0,230158.0,75
201800054913,18,1,30,827,1,2,2,1.0,5.0,75106,M,4884780.0,232953.0,75
201800054914,18,1,30,1634,2,2,4,1.0,3.0,75116,M,4886270.0,226547.0,75
201800054915,18,1,30,1809,2,2,1,1.0,6.0,75115,M,4884680.0,229026.0,75
201800054916,18,1,31,1345,1,2,2,3.0,6.0,75112,M,4884580.0,236760.0,75
201800054917,18,1,31,1452,1,2,2,3.0,3.0,75101,M,4885440.0,234487.0,75
201800054918,18,1,31,1730,5,2,1,8.0,3.0,75108,M,4886850.0,231148.0,75
201800054919,18,2,1,2345,5,2,2,1.0,6.0,75117,M,4888610.0,228799.0,75
201800054920,18,2,2,1334,1,2,2,1.0,6.0,75116,M,4886680.0,228997.0,75
201800054921,18,2,3,220,5,2,3,2.0,6.0,75106,M,4885850.0,233243.0,75
201800054922,18,2,3,345,5,2,2,1.0,6.0,75103,M,4886380.0,235482.0,75
201800054923,18,2,4,2104,5,2,2,1.0,3.0,75119,M,4889220.0,237505.0,75
201800054924,18,2,5,1254,1,2,2,4.0,3.0,75107,M,4886100.0,231493.0,75
201800054925,18,2,5,2120,5,2,5,4.0,2.0,75105,M,4885380.0,234427.0,75
201800054926,18,2,6,1314,1,2,7,4.0,3.0,75108,M,4886590.0,231989.0,75
201800054927,18,2,10,1655,1,2,3,1.0,6.0,75117,M,4889350.0,232339.0,75
201800054928,18,2,11,240,5,2,2,2.0,6.0,75116,M,4884320.0,226015.0,75
201800054929,18,2,15,1915,5,2,3,1.0,6.0,75117,M,4888320.0,232531.0,75
201800054930,18,2,16,1112,1,2,2,1.0,6.0,75114,M,4882770.0,230530.0,75
201800054931,18,2,16,2250,5,2,2,1.0,3.0,75103,M,4886550.0,235571.0,75
201800054932,18,2,19,1936,5,2,2,2.0,3.0,75116,M,4886300.0,226851.0,75
201800054933,18,2,20,1519,1,2,1,1.0,2.0,75117,M,4888990.0,232134.0,75
201800054934,18,2,20,1943,5,2,1,1.0,2.0,75120,M,4887340.0,240502.0,75
201800054935,18,2,22,1939,5,2,7,1.0,6.0,75108,M,4886420.0,230214.0,75
201800054936,18,2,22,2342,5,2,2,1.0,6.0,75117,M,4888910.0,232273.0,75
201800054937,18,2,25,1630,1,2,4,1.0,4.0,75117,M,4890060.0,232426.0,75
201800054938,18,2,26,35,5,2,3,1.0,3.0,75113,M,4883490.0,235315.0,75
201800054939,18,2,26,1915,2,2,2,1.0,6.0,75108,M,4887060.0,232286.0,75
201800054940,18,2,27,1937,5,2,3,1.0,3.0,75116,M,4884000.0,226746.0,75
201800054941,18,3,1,950,1,2,2,8.0,3.0,75108,M,4887470.0,232004.0,75
201800054942,18,3,3,38,5,2,3,1.0,6.0,75114,M,4883140.0,230928.0,75
201800054943,18,3,5,1456,1,2,2,1.0,6.0,75107,M,4885850.0,232311.0,75
201800054944,18,3,7,1405,1,2,7,8.0,3.0,75116,M,4886850.0,226533.0,75
201800054945,18,3,9,127,5,2,3,1.0,6.0,75116,M,4886880.0,227346.0,75
201800054946,18,3,9,710,2,2,4,1.0,6.0,75115,M,4885270.0,229853.0,75
201800054947,18,3,9,1245,1,2,3,1.0,6.0,75106,M,4884260.0,232766.0,75
201800054948,18,3,10,1905,5,2,1,1.0,6.0,75118,M,4889750.0,235913.0,75
201800054949,18,3,13,1321,1,2,2,1.0,6.0,75119,M,4888360.0,239704.0,75
201800054950,18,3,13,1608,1,2,1,1.0,4.0,75114,M,4881840.0,233305.0,75
201800054951,18,3,14,1135,1,2,2,1.0,6.0,75113,M,4882610.0,234402.0,75
201800054952,18,3,14,1845,5,2,3,1.0,6.0,75117,M,4889530.0,232147.0,75
201800054953,18,3,15,1910,5,2,1,1.0,6.0,75116,M,4885080.0,227422.0,75
201800054954,18,3,16,1417,1,2,1,1.0,6.0,75112,M,4883280.0,240657.0,75
201800054955,18,3,17,505,5,2,2,1.0,6.0,75112,M,4884900.0,239198.0,75
201800054956,18,3,17,1024,1,2,7,2.0,6.0,75118,M,4888960.0,233843.0,75
201800054957,18,3,17,1801,5,2,7,4.0,3.0,75119,M,4888280.0,237033.0,75
201800054958,18,3,21,700,1,2,2,1.0,3.0,75104,M,4885370.0,236561.0,75
201800054959,18,3,22,1250,1,2,1,1.0,6.0,75103,M,4886750.0,235819.0,75
201800054960,18,3,23,400,5,2,3,1.0,6.0,75116,M,4884790.0,225403.0,75
201800054961,18,3,23,1852,2,2,1,1.0,6.0,75115,M,4884510.0,230210.0,75
201800054962,18,3,25,506,5,2,2,1.0,2.0,75111,M,4886200.0,237698.0,75
201800054963,18,3,26,2012,5,2,1,1.0,6.0,75110,M,4887050.0,236864.0,75
201800054964,18,3,28,900,1,2,3,3.0,6.0,75116,M,4885790.0,228795.0,75
201800054965,18,3,30,223,5,2,2,1.0,3.0,75107,M,4885500.0,231993.0,75
201800054966,18,3,30,2113,5,2,5,1.0,6.0,75105,M,4883840.0,235068.0,75
201800054967,18,3,31,822,1,2,3,1.0,7.0,75107,M,4886270.0,231902.0,75
201800054968,18,4,2,10,5,2,2,1.0,6.0,75119,M,4888360.0,239704.0,75
201800054969,18,4,3,2356,5,2,2,1.0,3.0,75107,M,4886110.0,231318.0,75
201800054970,18,4,6,56,4,2,4,1.0,6.0,75114,M,4881930.0,232882.0,75
201800054971,18,4,7,2127,5,2,2,1.0,3.0,75115,M,4884080.0,228848.0,75
201800054972,18,4,12,927,1,2,2,1.0,6.0,75102,M,4886690.0,234943.0,75
201800054973,18,4,13,328,5,2,4,1.0,6.0,75112,M,4883410.0,241066.0,75
201800054974,18,4,13,2215,5,2,4,1.0,6.0,75112,M,4883890.0,238814.0,75
201800054975,18,4,14,1210,1,2,1,1.0,6.0,75115,M,4884440.0,227531.0,75
201800054976,18,4,15,1744,1,2,4,1.0,6.0,75118,M,4889090.0,235320.0,75
201800054977,18,4,16,939,1,2,1,1.0,4.0,75118,M,4890080.0,236799.0,75
201800054978,18,4,16,1510,1,2,1,1.0,3.0,75112,M,4882800.0,239515.0,75
201800054979,18,4,17,1250,1,2,7,1.0,3.0,75111,M,4885860.0,237991.0,75
201800054980,18,4,19,550,5,2,1,1.0,1.0,75118,M,4889430.0,235945.0,75
201800054981,18,4,19,1719,1,2,5,1.0,1.0,75119,M,4887720.0,240668.0,75
201800054982,18,4,20,924,1,2,5,1.0,3.0,75107,M,4886270.0,231902.0,75
201800054983,18,4,21,1734,1,2,1,1.0,3.0,75119,M,4887970.0,240157.0,75
201800054984,18,4,21,1805,1,2,4,1.0,6.0,75110,M,4887720.0,235521.0,75
201800054985,18,4,22,808,1,2,2,1.0,3.0,75101,M,4886010.0,233333.0,75
201800054986,18,4,22,1258,1,2,7,1.0,7.0,75117,M,4888720.0,229782.0,75
201800054987,18,4,22,2045,2,2,2,1.0,3.0,75116,M,4885850.0,224489.0,75
201800054988,18,4,23,1740,1,2,1,1.0,2.0,75113,M,4881790.0,236830.0,75
201800054989,18,4,24,711,1,2,1,1.0,4.0,75115,M,4882580.0,229957.0,75
201800054990,18,4,25,900,1,2,2,1.0,6.0,75106,M,4885290.0,233697.0,75
201800054991,18,4,26,110,5,2,5,1.0,6.0,75111,M,4886630.0,236884.0,75
201800054992,18,4,26,1140,1,2,4,1.0,3.0,75118,M,4890110.0,235525.0,75
201800054993,18,4,26,1902,1,2,1,1.0,7.0,75117,M,4888980.0,229767.0,75
201800054994,18,4,27,206,5,2,3,1.0,3.0,75116,M,4885840.0,226072.0,75
201800054995,18,4,28,100,5,2,4,1.0,6.0,75116,M,4885660.0,226616.0,75
201800054996,18,4,28,1220,1,2,1,1.0,7.0,75116,M,4886320.0,229600.0,75
201800054997,18,4,28,1428,1,2,1,1.0,6.0,75114,M,4882280.0,234054.0,75
201800054998,18,4,29,728,1,2,4,2.0,3.0,75112,M,4882710.0,239198.0,75
201800054999,18,4,29,2152,5,2,2,3.0,6.0,75102,M,4887070.0,234788.0,75
201800055000,18,4,30,1639,1,2,2,2.0,6.0,75108,M,4887290.0,231595.0,75
201800055001,18,5,1,303,5,2,1,1.0,2.0,75116,M,4887590.0,227782.0,75
201800055002,18,5,3,1728,1,2,2,1.0,6.0,75116,M,4886400.0,227734.0,75
201800055003,18,5,5,130,5,2,1,1.0,6.0,75113,M,4881610.0,236220.0,75
201800055004,18,5,5,620,2,2,2,1.0,6.0,75119,M,4888440.0,236687.0,75
201800055005,18,5,5,542,5,2,1,1.0,6.0,75115,M,4884190.0,227341.0,75
201800055006,18,5,5,2323,5,2,3,1.0,2.0,75114,M,4882870.0,232428.0,75
201800055007,18,5,7,1900,1,2,2,1.0,3.0,75116,M,4884910.0,226938.0,75
201800055008,18,5,7,1914,1,2,3,1.0,6.0,75111,M,4885890.0,238528.0,75
201800055009,18,5,10,1402,1,2,1,1.0,6.0,75118,M,4890090.0,236115.0,75
201800055010,18,5,13,13,5,2,1,1.0,1.0,75119,M,4887950.0,238795.0,75
201800055011,18,5,13,1615,1,2,3,8.0,6.0,75118,M,4889570.0,237135.0,75
201800055012,18,5,15,1507,1,2,5,1.0,6.0,75116,M,4884970.0,226859.0,75
201800055013,18,5,17,851,1,2,1,1.0,6.0,75119,M,4889190.0,237986.0,75
201800055014,18,5,17,1920,1,2,1,1.0,6.0,75115,M,4884670.0,228012.0,75
201800055015,18,5,19,2007,1,1,1,1.0,4.0,75112,M,4882720.0,239035.0,75
201800055016,18,5,20,1330,1,2,3,1.0,6.0,75114,M,4882150.0,234251.0,75
201800055017,18,5,20,1350,1,2,1,1.0,6.0,75114,M,4882150.0,232162.0,75
201800055018,18,5,22,1730,2,2,1,2.0,2.0,75119,M,4890050.0,238427.0,75
201800055019,18,5,24,1552,1,2,1,1.0,6.0,75114,M,4882380.0,232952.0,75
201800055020,18,5,24,1813,1,2,1,1.0,3.0,75108,M,4887250.0,231178.0,75
201800055021,18,5,25,1550,1,2,1,3.0,6.0,75116,M,4884160.0,225139.0,75
201800055022,18,5,25,1925,2,2,2,2.0,3.0,75112,M,4884590.0,237081.0,75
201800055023,18,5,27,838,1,2,5,1.0,6.0,75108,M,4886420.0,230178.0,75
201800055024,18,5,28,1136,1,2,1,1.0,6.0,75112,M,4883480.0,239337.0,75
201800055025,18,5,29,1745,1,2,1,2.0,6.0,75107,M,4885270.0,231459.0,75
201800055026,18,5,30,1222,1,2,2,1.0,6.0,75120,M,4887000.0,239449.0,75
201800055027,18,5,30,1510,1,2,1,1.0,4.0,75116,M,4887060.0,227264.0,75
201800055028,18,6,1,1610,1,2,1,1.0,6.0,75116,M,4886760.0,228184.0,75
201800055029,18,6,2,1842,1,2,3,1.0,6.0,75120,M,4887530.0,239354.0,75
201800055030,18,6,3,205,5,2,1,1.0,7.0,75113,M,4882990.0,235013.0,75
201800055031,18,6,5,2122,1,2,2,1.0,1.0,75120,M,4884740.0,240623.0,75
201800055032,18,6,6,1605,1,2,3,2.0,6.0,75118,M,4888460.0,234717.0,75
201800055033,18,6,7,1648,1,2,1,1.0,2.0,75105,M,4884330.0,233859.0,75
201800055034,18,6,10,125,5,2,2,1.0,5.0,75120,M,4886750.0,238506.0,75
201800055035,18,6,10,1826,1,2,3,2.0,5.0,75104,M,4885600.0,235089.0,75
201800055036,18,6,12,2151,2,2,1,1.0,3.0,75105,M,4883730.0,235357.0,75
201800055037,18,6,12,50,5,2,1,3.0,1.0,75120,M,4886000.0,240442.0,75
201800055038,18,6,14,116,5,2,1,1.0,6.0,75114,M,4881700.0,233503.0,75
201800055039,18,6,13,733,1,2,2,1.0,3.0,75112,M,4884470.0,236914.0,75
201800055040,18,6,14,1335,1,2,1,1.0,3.0,75116,M,4883980.0,225409.0,75
201800055041,18,6,16,1328,1,2,3,1.0,6.0,75115,M,4883600.0,230076.0,75
201800055042,18,6,15,310,5,2,1,1.0,6.0,75115,M,4884130.0,230725.0,75
201800055043,18,6,17,1403,1,2,3,1.0,3.0,75114,M,4882140.0,233385.0,75
201800055044,18,6,19,7,5,2,2,1.0,3.0,75116,M,4884890.0,226517.0,75
201800055045,18,6,19,1700,1,2,1,1.0,2.0,75116,M,4885250.0,223682.0,75
201800055046,18,6,19,2115,2,2,1,1.0,6.0,75113,M,4882300.0,236505.0,75
201800055047,18,6,21,1720,1,2,2,1.0,6.0,75107,M,4885720.0,230990.0,75
201800055048,18,6,22,254,4,2,7,1.0,6.0,75108,M,4886660.0,232190.0,75
201800055049,18,6,22,1100,1,2,2,1.0,7.0,75112,M,4884800.0,237384.0,75
201800055050,18,6,23,307,5,2,7,1.0,6.0,75110,M,4887060.0,236120.0,75
201800055051,18,6,25,1023,1,2,1,1.0,6.0,75105,M,4885060.0,234537.0,75
201800055052,18,6,25,1630,1,2,3,1.0,3.0,75107,M,4886240.0,230824.0,75
201800055053,18,6,25,2215,5,2,7,1.0,3.0,75104,M,4885720.0,234729.0,75
201800055054,18,6,26,519,2,2,2,1.0,6.0,75118,M,4889840.0,235906.0,75
201800055055,18,6,26,1805,1,2,2,1.0,6.0,75116,M,4887590.0,226213.0,75
201800055056,18,6,27,1700,1,2,5,1.0,6.0,75110,M,4887590.0,235954.0,75
201800055057,18,6,29,1935,1,2,1,1.0,3.0,75116,M,4886460.0,224239.0,75
201800055058,18,6,30,10,5,2,2,1.0,3.0,75111,M,4885580.0,239130.0,75
201800055059,18,6,30,1810,1,2,1,1.0,3.0,75113,M,4882530.0,238527.0,75
201800055060,18,7,1,1450,1,2,1,1.0,2.0,75110,M,4888230.0,235061.0,75
201800055061,18,7,2,1845,1,2,1,1.0,6.0,75114,M,4883490.0,231984.0,75
201800055062,18,7,2,2030,2,2,1,1.0,3.0,75119,M,4890030.0,237882.0,75
201800055063,18,7,3,225,5,2,1,1.0,6.0,75105,M,4884230.0,236034.0,75
201800055064,18,7,3,900,1,2,2,1.0,6.0,75119,M,4888520.0,238460.0,75
201800055065,18,7,3,1627,1,2,1,1.0,6.0,75106,M,4885440.0,234303.0,75