Num_Acc,an,mois,jour,hrmn,lum,agg,int,atm,col,com,gps,lat,long,dep
201800055066,18,7,4,645,1,2,1,1.0,3.0,75112,M,4884420.0,236864.0,75
201800055067,18,7,6,1932,1,2,1,1.0,4.0,75115,M,4882850.0,228953.0,75
201800055068,18,7,8,1,5,2,1,1.0,3.0,75116,M,4886890.0,225168.0,75
201800055069,18,7,8,720,1,2,1,1.0,6.0,75120,M,4887350.0,241158.0,75
201800055070,18,7,9,353,5,2,1,1.0,6.0,75118,M,4890030.0,235914.0,75
201800055071,18,7,9,1810,1,2,1,1.0,6.0,75119,M,4888280.0,237666.0,75
201800055072,18,7,10,1820,1,2,2,1.0,5.0,75111,M,4885780.0,237092.0,75
201800055073,18,7,11,1350,1,2,2,1.0,3.0,75115,M,4884560.0,228797.0,75
201800055074,18,7,11,1623,1,2,1,1.0,6.0,75112,M,4883560.0,237957.0,75
201800055075,18,7,13,1422,1,2,1,1.0,2.0,75116,M,4884160.0,225418.0,75
201800055076,18,7,14,834,1,2,2,1.0,6.0,75111,M,4886400.0,237068.0,75
201800055077,18,7,15,2330,5,2,1,1.0,5.0,75117,M,4888760.0,229080.0,75
201800055078,18,7,20,801,1,2,2,1.0,3.0,75115,M,,,75
201800055079,18,7,20,1228,1,2,2,8.0,3.0,75114,M,,,75
201800055080,18,7,21,1336,1,2,3,1.0,7.0,75113,M,4882872.0,234172.0,75
201800055081,18,7,24,2015,1,2,3,1.0,3.0,75105,M,4884951.0,235289.0,75
201800055082,18,7,25,2010,2,2,2,1.0,3.0,75118,M,,,75
201800055083,18,7,29,1417,1,2,2,1.0,6.0,75119,M,4889030.0,237671.0,75
201800055084,18,7,30,338,5,2,1,1.0,6.0,75110,M,4888000.0,236000.0,75
201800055085,18,7,31,847,1,2,4,1.0,3.0,75116,M,4886591.0,228942.0,75
201800055086,18,8,1,1951,5,2,1,1.0,6.0,75116,M,4885113.0,225216.0,75
201800055087,18,8,5,1900,1,2,4,1.0,3.0,75112,M,4884786.0,236774.0,75
201800055088,18,8,7,2214,5,2,2,1.0,6.0,75119,M,4888447.0,239461.0,75
201800055089,18,8,9,1435,1,2,2,2.0,3.0,75109,M,,,75
201800055090,18,8,10,830,1,2,1,1.0,3.0,75108,M,,,75
201800055091,18,8,10,905,1,2,1,1.0,6.0,75115,M,,,75
201800055092,18,8,10,1230,1,2,4,1.0,6.0,75120,M,,,75
201800055093,18,8,12,1532,1,2,5,1.0,3.0,75118,M,4888950.0,234930.0,75
201800055094,18,8,14,1520,1,2,1,1.0,3.0,75116,M,,,75
201800055095,18,8,16,837,1,2,1,1.0,6.0,75119,M,4889930.0,238793.0,75
201800055096,18,8,16,1835,1,2,1,1.0,6.0,75101,M,4885914.0,233787.0,75
201800055097,18,8,18,1346,1,2,1,1.0,6.0,75119,M,,,75
201800055098,18,8,20,241,5,2,3,1.0,2.0,75101,M,4850000.0,250000.0,75
201800055099,18,8,20,2235,5,2,3,1.0,6.0,75113,M,4860000.0,230000.0,75
201800055100,18,8,21,2108,5,2,2,1.0,3.0,75109,M,,,75
201800055101,18,8,24,1750,1,2,2,8.0,3.0,75101,M,4886326.0,233519.0,75
201800055102,18,8,25,1347,1,1,4,1.0,2.0,75114,M,,,75
201800055103,18,8,27,2200,5,2,2,1.0,3.0,75118,M,4889289.0,234195.0,75
201800055104,18,8,31,2245,5,2,2,1.0,6.0,75120,M,,,75
201800055105,18,9,2,12,5,2,3,1.0,3.0,75107,M,4886280.0,231169.0,75
201800055106,18,9,2,1520,1,2,4,1.0,6.0,75101,M,4885000.0,234500.0,75
201800055107,18,9,3,1104,1,2,1,1.0,7.0,75120,M,,,75
201800055108,18,9,3,1720,1,2,1,1.0,6.0,75112,M,,,75
201800055109,18,9,4,910,1,2,1,8.0,4.0,75120,M,,,75
201800055110,18,9,4,1930,1,2,1,1.0,7.0,75116,M,4572647.0,484704.0,75
201800055111,18,9,5,127,5,2,6,1.0,6.0,75112,M,4884684.0,241115.0,75
201800055112,18,9,6,1722,1,2,2,1.0,6.0,75108,M,4887778.0,223162.0,75
201800055113,18,9,6,2320,5,2,3,1.0,1.0,75119,M,,,75
201800055114,18,9,9,137,5,2,3,1.0,6.0,75118,M,4889792.0,232913.0,75
201800055115,18,9,9,2000,2,2,1,1.0,6.0,75108,M,,,75
201800055116,18,9,12,1124,1,2,2,1.0,3.0,75115,M,4884234.0,228553.0,75
201800055117,18,9,12,1928,1,2,2,1.0,6.0,75115,M,4884000.0,230000.0,75
201800055118,18,9,12,2203,5,2,1,1.0,7.0,75116,M,4886272.0,228759.0,75
201800055119,18,9,12,2350,5,2,1,1.0,6.0,75118,M,5026667.0,166667.0,75
201800055120,18,9,13,330,5,2,1,1.0,6.0,75116,M,4886458.0,229667.0,75
201800055121,18,9,13,2320,3,2,2,1.0,3.0,75115,M,4886272.0,228759.0,75
201800055122,18,9,14,1143,1,2,5,1.0,3.0,75114,M,4884000.0,234000.0,75
201800055123,18,9,15,1500,1,2,1,1.0,6.0,75116,M,4887896.0,227875.0,75
201800055124,18,9,15,2024,2,2,3,1.0,6.0,75115,M,4884612.0,231443.0,75
201800055125,18,9,16,1730,1,2,2,1.0,6.0,75115,M,4884617.0,227692.0,75
201800055126,18,9,17,637,5,2,3,1.0,2.0,75114,M,4882000.0,233000.0,75
201800055127,18,9,17,2350,5,2,2,1.0,3.0,75105,M,4883804.0,236038.0,75
201800055128,18,9,19,855,1,2,2,1.0,6.0,75119,M,4888774.0,238962.0,75
201800055129,18,9,21,425,5,2,1,1.0,6.0,75104,M,4886275.0,228759.0,75
201800055130,18,9,21,1015,1,2,3,1.0,5.0,75120,M,4886294.0,240911.0,75
201800055131,18,9,21,1529,1,2,3,1.0,3.0,75115,M,4884814.0,228371.0,75
201800055132,18,9,21,1934,5,2,1,1.0,2.0,75118,M,4889863.0,235901.0,75
201800055133,18,9,24,730,1,2,2,1.0,3.0,75115,M,4884510.0,231112.0,75
201800055134,18,9,24,902,1,2,1,1.0,3.0,75116,M,4883437.0,226174.0,75
201800055135,18,9,25,1235,1,2,1,1.0,2.0,75117,M,,,75
201800055136,18,9,26,1555,1,2,1,1.0,2.0,75120,M,4887000.0,240000.0,75
201800055137,18,9,27,225,5,2,1,1.0,7.0,75112,M,4883032.0,238674.0,75
201800055138,18,9,27,1015,1,2,3,1.0,6.0,75120,M,4885349.0,241389.0,75
201800055139,18,9,27,2125,5,2,1,1.0,3.0,75120,M,4887530.0,239466.0,75
201800055140,18,9,28,548,5,2,1,1.0,4.0,75116,M,,,75
201800055141,18,9,29,1717,1,2,2,1.0,6.0,75113,M,4883510.0,234485.0,75
201800055142,18,10,1,930,1,2,2,1.0,3.0,75115,M,,,75
201800055143,18,10,1,1740,1,2,1,1.0,4.0,75119,M,,,75
201800055144,18,10,2,132,5,2,1,1.0,2.0,75112,M,4884000.0,236000.0,75
201800055145,18,10,2,817,1,2,3,1.0,6.0,75112,M,4884000.0,243000.0,75
201800055146,18,10,3,835,1,2,1,8.0,6.0,75120,M,4886357.0,238979.0,75
201800055147,18,10,4,1850,5,2,1,1.0,2.0,75116,M,4886040.0,229104.0,75
201800055148,18,10,5,1239,1,2,4,1.0,6.0,75113,M,,,75
201800055149,18,10,5,2029,1,1,1,1.0,3.0,75119,M,4890000.0,240000.0,75
201800055150,18,10,6,1830,4,2,1,1.0,6.0,75101,M,4886331.0,233183.0,75
201800055151,18,10,7,2330,5,2,5,1.0,3.0,75117,M,4889000.0,231000.0,75
201800055152,18,10,8,1731,1,2,1,1.0,3.0,75105,M,4885000.0,234000.0,75
201800055153,18,10,10,1745,1,2,3,1.0,6.0,75115,M,4884110.0,228843.0,75
201800055154,18,10,12,1139,1,2,1,1.0,6.0,75108,M,,,75
201800055155,18,10,12,2030,5,2,1,1.0,6.0,75117,M,,,75
201800055156,18,10,12,2012,4,2,1,1.0,6.0,75119,M,4887433.0,237807.0,75
201800055157,18,10,16,1417,1,2,1,1.0,2.0,75116,M,4884825.0,225873.0,75
201800055158,18,10,18,1756,1,2,2,1.0,6.0,75103,M,,,75
201800055159,18,10,18,2240,5,2,2,1.0,6.0,75104,M,4885500.0,235000.0,75
201800055160,18,10,20,1935,5,2,3,1.0,6.0,75118,M,4888000.0,236000.0,75
201800055161,18,10,21,552,5,2,2,1.0,6.0,75105,M,4884726.0,234345.0,75
201800055162,18,10,26,105,5,2,1,1.0,2.0,75119,M,4890031.0,238433.0,75
201800055163,18,10,26,438,5,2,1,1.0,2.0,75113,M,,,75
201800055164,18,10,27,1339,1,2,1,1.0,6.0,75106,M,4885083.0,232854.0,75
201800055165,18,10,27,1720,1,2,3,1.0,6.0,75115,M,4883596.0,230086.0,75
201800055166,18,10,30,1520,1,2,1,1.0,2.0,75116,M,,,75
201800055167,18,10,30,2220,5,2,1,1.0,6.0,75116,M,4885537.0,228224.0,75
201800055168,18,11,3,640,2,2,4,1.0,3.0,75113,M,4882486.0,238431.0,75
201800055169,18,11,4,1024,1,2,2,1.0,6.0,75113,M,,,75
201800055170,18,11,6,2230,5,2,1,1.0,6.0,75114,M,4883700.0,231900.0,75
201800055171,18,11,8,1106,1,2,7,1.0,6.0,75117,M,4888725.0,229812.0,75
201800055172,18,11,8,2029,5,2,3,1.0,3.0,75107,M,4884828.0,231581.0,75
201800055173,18,11,9,622,5,2,2,1.0,6.0,75108,M,4884327.0,227719.0,75
201800055174,18,11,9,1705,1,2,2,1.0,6.0,75117,M,,,75
201800055175,18,11,11,407,5,2,2,2.0,3.0,75107,M,4885171.0,232690.0,75
201800055176,18,11,11,2030,5,2,2,1.0,6.0,75104,M,4885839.0,235192.0,75
201800055177,18,11,12,1042,1,2,6,2.0,3.0,75120,M,4886496.0,239875.0,75
201800055178,18,11,13,930,1,2,1,1.0,2.0,75117,M,4888451.0,228620.0,75
201800055179,18,11,13,1630,2,2,3,1.0,6.0,75106,M,,,75
201800055180,18,11,14,1500,1,2,1,1.0,6.0,75112,M,4884372.0,240550.0,75
201800055181,18,11,16,2230,5,2,3,1.0,3.0,75113,M,4882297.0,235829.0,75
201800055182,18,11,18,1343,1,2,3,1.0,3.0,75116,M,4886639.0,227125.0,75
201800055183,18,11,21,937,1,2,1,1.0,6.0,75110,M,4888000.0,236000.0,75
201800055184,18,11,22,1720,1,2,2,8.0,6.0,75118,M,4889700.0,235800.0,75
201800055185,18,11,22,2004,5,2,1,1.0,6.0,75112,M,,,75
201800055186,18,11,25,1640,2,2,2,1.0,6.0,75108,M,4888082.0,231273.0,75
201800055187,18,11,26,1,5,2,1,2.0,6.0,75116,M,4886407.0,229338.0,75
201800055188,18,11,26,1730,5,2,1,1.0,4.0,75113,M,4883394.0,236251.0,75
201800055189,18,11,26,1757,5,2,2,8.0,3.0,75107,M,4886104.0,231323.0,75
201800055190,18,11,27,1215,1,2,1,8.0,6.0,75120,M,4887131.0,240888.0,75
201800055191,18,11,28,1,5,2,1,3.0,2.0,75104,M,,,75
201800055192,18,11,28,1136,1,2,1,1.0,3.0,75117,M,4887000.0,230000.0,75
201800055193,18,11,30,510,5,2,1,1.0,6.0,75120,M,4886272.0,228759.0,75
201800055194,18,11,30,1441,1,2,2,8.0,6.0,75105,M,4884226.0,235182.0,75
201800055195,18,11,30,1750,1,2,7,8.0,6.0,75117,M,4888555.0,229172.0,75
201800055196,18,12,1,2100,5,2,2,2.0,3.0,75117,M,4886272.0,228759.0,75
201800055197,18,12,2,1835,5,2,3,2.0,6.0,75103,M,4885792.0,236602.0,75
201800055198,18,12,4,1818,5,2,3,1.0,6.0,75119,M,,,75
201800055199,18,12,5,945,1,2,1,1.0,6.0,75116,M,4885197.0,226204.0,75
201800055200,18,12,5,1430,1,2,2,1.0,3.0,75113,M,,,75
201800055201,18,12,5,1655,2,2,2,1.0,3.0,75111,M,,,75
201800055202,18,12,7,2247,5,2,1,1.0,1.0,75116,M,,,75
201800055203,18,12,8,430,5,2,1,1.0,6.0,75103,M,,,75
201800055204,18,12,9,258,5,2,2,1.0,6.0,75119,M,4888590.0,237143.0,75
201800055205,18,12,11,2204,5,2,2,1.0,3.0,75113,M,,,75
201800055206,18,12,14,306,5,2,1,1.0,6.0,75112,M,4886272.0,228759.0,75
201800055207,18,12,14,847,1,2,2,1.0,6.0,75117,M,4887725.0,229729.0,75
201800055208,18,12,17,1344,1,2,2,1.0,3.0,75120,M,,,75
201800055209,18,12,18,2112,5,2,1,3.0,6.0,75120,M,4886272.0,228759.0,75
201800055210,18,12,18,2339,5,2,1,2.0,6.0,75120,M,,,75
201800055211,18,12,20,1200,1,2,1,1.0,4.0,75113,M,4881707.0,236007.0,75
201800055212,18,12,22,445,4,2,2,1.0,3.0,75116,M,4886000.0,226000.0,75
201800055213,18,12,24,1717,2,2,2,1.0,6.0,75105,M,4883802.0,235582.0,75
201800055214,18,12,27,112,4,2,3,1.0,6.0,75104,M,4885472.0,236836.0,75
201800055215,18,12,27,1350,1,2,4,1.0,6.0,75112,M,,,75
201800055216,18,12,29,1,5,2,1,1.0,3.0,75112,M,4882938.0,239046.0,75
201800055217,18,12,30,1218,1,2,3,8.0,6.0,75113,M,4881896.0,236000.0,75
201800055218,18,1,3,945,1,2,1,6.0,7.0,75114,M,4881690.0,233626.0,75
201800055219,18,1,3,1020,1,2,1,1.0,3.0,75112,M,4883900.0,241304.0,75
201800055220,18,1,3,1500,1,2,4,2.0,4.0,75114,M,4881960.0,232808.0,75
201800055221,18,1,4,1210,1,2,1,2.0,7.0,75112,M,4882790.0,239547.0,75
201800055222,18,1,5,1305,1,2,1,8.0,2.0,75119,M,4890050.0,237476.0,75
201800055223,18,1,7,515,5,2,4,6.0,7.0,75113,M,4882500.0,238448.0,75
201800055224,18,1,9,1305,1,2,1,1.0,6.0,75115,M,4882720.0,229311.0,75
201800055225,18,1,10,2215,5,2,1,1.0,6.0,75116,M,4885910.0,226241.0,75
201800055226,18,1,11,830,1,2,1,1.0,4.0,75117,M,4888930.0,229650.0,75
201800055227,18,1,13,2220,5,2,1,1.0,2.0,75119,M,4889130.0,239566.0,75
201800055228,18,1,14,1810,5,2,1,1.0,7.0,75116,M,4885720.0,225851.0,75
201800055229,18,1,15,2045,5,2,4,1.0,6.0,75120,M,4886850.0,241320.0,75
201800055230,18,1,16,2215,5,2,4,2.0,6.0,75114,M,4881850.0,233302.0,75
201800055231,18,1,17,724,5,2,1,2.0,2.0,75114,M,4882530.0,230211.0,75
201800055232,18,1,19,1435,1,2,1,1.0,3.0,75112,M,4883160.0,240424.0,75
201800055233,18,1,19,1450,1,2,1,2.0,2.0,75116,M,4886740.0,226910.0,75
201800055234,18,1,19,1540,1,2,1,1.0,6.0,75113,M,4882640.0,238893.0,75
201800055235,18,1,22,540,5,2,3,3.0,4.0,75112,M,4884450.0,241391.0,75
201800055236,18,1,22,725,2,2,1,2.0,7.0,75118,M,4890030.0,235916.0,75
201800055237,18,1,22,820,2,2,1,3.0,2.0,75115,M,4883490.0,226651.0,75
201800055238,18,1,22,845,1,2,1,2.0,3.0,75116,M,4883510.0,226244.0,75
201800055239,18,1,22,1120,1,2,1,3.0,4.0,75117,M,4890020.0,232128.0,75
201800055240,18,1,22,1720,1,2,1,1.0,6.0,75120,M,4885230.0,241469.0,75
201800055241,18,1,22,1910,5,2,1,1.0,2.0,75117,M,4888350.0,228464.0,75
201800055242,18,1,23,930,1,2,1,1.0,4.0,75119,M,4890060.0,238835.0,75
201800055243,18,1,24,915,1,2,1,1.0,2.0,75117,M,4887880.0,227998.0,75
201800055244,18,1,24,945,1,2,1,1.0,3.0,75116,M,4887370.0,227541.0,75
201800055245,18,1,26,1630,1,2,1,1.0,4.0,75119,M,4890030.0,237746.0,75
201800055246,18,1,26,1640,2,2,1,1.0,4.0,75119,M,4889750.0,239419.0,75
201800055247,18,1,27,850,2,2,1,1.0,4.0,75114,M,4882350.0,230989.0,75
201800055248,18,1,28,1950,5,2,1,1.0,5.0,75116,M,4887500.0,227620.0,75
201800055249,18,1,29,915,1,2,1,1.0,4.0,75112,M,4884250.0,241384.0,75
201800055250,18,1,31,720,5,2,1,1.0,3.0,75118,M,4890080.0,236935.0,75
201800055251,18,1,31,845,1,2,1,1.0,3.0,75116,M,4884520.0,225506.0,75
201800055252,18,1,31,1650,1,2,1,2.0,3.0,75112,M,4883220.0,240558.0,75
201800055253,18,2,1,2018,5,2,1,1.0,3.0,75118,M,4890080.0,233894.0,75
201800055254,18,2,1,2215,5,2,1,1.0,2.0,75119,M,4888600.0,239722.0,75
201800055255,18,2,2,1450,1,2,1,1.0,3.0,75117,M,4888470.0,228660.0,75
201800055256,18,2,3,1550,1,2,1,3.0,2.0,75119,M,4889980.0,239219.0,75
201800055257,18,12,28,250,5,2,1,1.0,2.0,75117,M,4887660.0,227903.0,75
201800055258,18,2,4,2100,5,2,1,1.0,4.0,75120,M,4886930.0,241320.0,75
201800055259,18,2,5,845,1,2,1,1.0,7.0,75119,M,4889130.0,239589.0,75
201800055260,18,2,6,1950,5,2,1,4.0,2.0,75112,M,4882800.0,239514.0,75
201800055261,18,2,6,2105,5,2,1,4.0,7.0,75118,M,4890080.0,235664.0,75
201800055262,18,2,12,750,1,2,1,1.0,7.0,75117,M,4888050.0,228222.0,75
201800055263,18,2,12,2320,5,2,1,1.0,7.0,75120,M,4885490.0,241401.0,75
201800055264,18,2,13,1815,5,2,1,2.0,3.0,75119,M,4888230.0,240107.0,75
201800055265,18,2,15,745,1,2,1,1.0,6.0,75116,M,4885470.0,225471.0,75
201800055266,18,2,15,910,1,2,1,2.0,4.0,75120,M,4887350.0,241158.0,75
201800055267,18,2,16,1530,1,2,1,1.0,7.0,75117,M,4888830.0,229271.0,75
201800055268,18,2,18,1645,1,2,1,1.0,2.0,75117,M,4889660.0,231031.0,75
201800055269,18,2,19,1640,1,1,1,2.0,4.0,75116,M,4886690.0,226901.0,75
201800055270,18,2,20,615,5,2,1,1.0,6.0,75113,M,4882120.0,237801.0,75
201800055271,18,2,24,1130,1,2,1,1.0,6.0,75119,M,4887840.0,240819.0,75
201800055272,18,2,26,200,5,2,4,1.0,7.0,75112,M,4882770.0,239318.0,75
201800055273,18,2,28,1745,1,2,1,1.0,2.0,75112,M,4882620.0,239168.0,75
201800055274,18,2,28,2020,5,2,1,1.0,3.0,75113,M,4881810.0,236832.0,75
201800055275,18,3,2,30,4,2,1,8.0,6.0,75114,M,4881710.0,233467.0,75
201800055276,18,3,5,1140,1,2,1,1.0,6.0,75117,M,4888330.0,228388.0,75
201800055277,18,3,7,1940,5,2,1,1.0,4.0,75120,M,4885940.0,241423.0,75
201800055278,18,3,7,2245,5,2,1,1.0,2.0,75116,M,4886690.0,226901.0,75
201800055279,18,3,8,1755,1,2,1,2.0,4.0,75117,M,4888470.0,228660.0,75
201800055280,18,3,9,1550,1,2,1,1.0,4.0,75117,M,4890040.0,232259.0,75
201800055281,18,3,9,1855,5,2,1,1.0,7.0,75120,M,4884970.0,241500.0,75
201800055282,18,3,10,2040,5,2,1,1.0,3.0,75112,M,4883420.0,241007.0,75
201800055283,18,3,10,2138,5,2,1,1.0,6.0,75114,M,4882320.0,231118.0,75
201800055284,18,3,10,2132,5,2,1,1.0,6.0,75114,M,4882490.0,230343.0,75
201800055285,18,3,11,320,5,2,1,2.0,6.0,75116,M,4883810.0,225469.0,75
201800055286,18,3,12,1640,1,2,4,1.0,2.0,75118,M,4890090.0,235587.0,75
201800055287,18,3,12,2238,5,2,4,1.0,1.0,75114,M,4881960.0,232808.0,75
201800055288,18,3,13,900,1,2,1,4.0,5.0,75118,M,4890090.0,235529.0,75
201800055289,18,3,13,1615,1,2,1,1.0,2.0,75120,M,4887760.0,240893.0,75
201800055290,18,3,14,1200,1,2,1,1.0,2.0,75120,M,4886930.0,241320.0,75
201800055291,18,3,16,825,1,2,1,1.0,2.0,75117,M,4889980.0,232004.0,75
201800055292,18,3,16,1600,1,2,1,1.0,4.0,75118,M,4890100.0,234986.0,75
201800055293,18,3,18,230,5,2,4,2.0,2.0,75117,M,4889630.0,231022.0,75
201800055294,18,3,19,620,2,2,1,1.0,3.0,75113,M,4882530.0,238527.0,75
201800055295,18,3,20,1305,1,2,4,1.0,5.0,75117,M,4890060.0,232426.0,75
201800055296,18,3,20,2030,5,2,1,1.0,2.0,75120,M,4885850.0,241411.0,75
201800055297,18,3,21,910,1,2,1,1.0,2.0,75116,M,4884770.0,225404.0,75
201800055298,18,3,24,1000,1,2,1,1.0,2.0,75113,M,4882580.0,238645.0,75
201800055299,18,3,24,1550,1,2,1,1.0,2.0,75117,M,4889970.0,231914.0,75
201800055300,18,3,25,1830,1,2,1,1.0,3.0,75118,M,4890120.0,235026.0,75
201800055301,18,3,26,1250,1,2,1,1.0,4.0,75112,M,4882730.0,239147.0,75
201800055302,18,3,27,750,1,2,1,2.0,3.0,75113,M,4882300.0,238114.0,75
201800055303,18,3,27,2115,5,2,1,1.0,2.0,75112,M,4882730.0,239147.0,75
201800055304,18,3,28,525,5,2,1,1.0,2.0,75112,M,4882980.0,240126.0,75
201800055305,18,3,29,950,1,2,1,1.0,4.0,75112,M,4882820.0,239645.0,75
201800055306,18,3,29,1935,2,2,1,2.0,3.0,75113,M,4881790.0,236830.0,75
201800055307,18,3,30,130,5,1,1,1.0,3.0,75116,M,4884610.0,225502.0,75
201800055308,18,3,30,550,5,2,4,2.0,4.0,75119,M,4889990.0,239136.0,75
201800055309,18,3,30,830,1,2,1,1.0,7.0,75114,M,4882390.0,230857.0,75
201800055310,18,3,30,830,1,2,1,2.0,3.0,75118,M,4890090.0,236252.0,75
201800055311,18,3,30,1330,1,2,1,1.0,6.0,75112,M,4883900.0,241304.0,75
201800055312,18,3,30,1844,1,2,1,1.0,4.0,75116,M,4884050.0,225385.0,75
201800055313,18,4,3,1300,1,2,4,1.0,6.0,75117,M,4888150.0,228210.0,75
201800055314,18,4,3,1740,1,2,1,2.0,2.0,75112,M,4882850.0,239773.0,75
201800055315,18,4,4,940,1,2,1,1.0,7.0,75114,M,4881780.0,233402.0,75
201800055316,18,4,5,1920,1,2,1,1.0,6.0,75118,M,4890100.0,235394.0,75
201800055317,18,4,6,1030,1,2,1,1.0,6.0,75112,M,4883980.0,241352.0,75
201800055318,18,4,6,1740,1,2,4,1.0,2.0,75112,M,4884450.0,241391.0,75
201800055319,18,4,6,1935,1,2,1,1.0,2.0,75116,M,4887270.0,227418.0,75
201800055320,18,4,6,2130,5,2,1,1.0,2.0,75112,M,4882850.0,239773.0,75
201800055321,18,4,7,45,5,2,1,1.0,2.0,75118,M,4890090.0,236389.0,75
201800055322,18,4,8,2335,5,2,4,1.0,5.0,75118,M,4890070.0,236453.0,75
201800055323,18,4,9,1940,2,2,1,2.0,7.0,75115,M,4883400.0,227688.0,75
201800055324,18,4,9,1715,1,2,1,2.0,5.0,75116,M,4886230.0,226483.0,75
201800055325,18,4,10,1825,1,2,4,1.0,2.0,75119,M,4888240.0,240095.0,75
201800055326,18,4,10,2130,5,2,1,1.0,7.0,75113,M,4882010.0,237435.0,75
201800055327,18,4,11,1855,1,2,1,1.0,3.0,75118,M,4890120.0,235434.0,75
201800055328,18,4,12,935,1,2,1,1.0,2.0,75117,M,4888410.0,228562.0,75
201800055329,18,4,12,1645,1,2,4,2.0,3.0,75118,M,4890110.0,235525.0,75
201800055330,18,4,12,2245,5,2,1,2.0,4.0,75112,M,4884070.0,241346.0,75
201800055331,18,4,13,1630,1,2,1,1.0,3.0,75118,M,4890080.0,233758.0,75
201800055332,18,4,14,845,1,2,1,1.0,4.0,75113,M,4882580.0,238645.0,75
201800055333,18,4,14,1150,1,2,1,1.0,3.0,75117,M,4888980.0,229767.0,75
201800055334,18,4,14,1050,1,2,1,1.0,4.0,75119,M,4890020.0,237842.0,75
201800055335,18,4,14,1930,1,2,1,1.0,2.0,75118,M,4890120.0,235162.0,75
201800055336,18,4,16,920,1,2,1,1.0,4.0,75118,M,4890090.0,233662.0,75
201800055337,18,4,17,1520,1,2,1,1.0,3.0,75118,M,4890100.0,234986.0,75
201800055338,18,4,17,1415,1,2,1,1.0,2.0,75112,M,4884070.0,241368.0,75
201800055339,18,4,17,1930,1,2,1,1.0,2.0,75114,M,4882170.0,231759.0,75
201800055340,18,4,17,1935,1,2,1,1.0,2.0,75119,M,4890030.0,237746.0,75
201800055341,18,4,18,1000,1,2,1,1.0,4.0,75118,M,4890120.0,235026.0,75
201800055342,18,4,18,950,1,2,1,1.0,4.0,75117,M,4889590.0,230906.0,75
201800055343,18,4,18,1920,1,2,1,1.0,2.0,75112,M,4882980.0,240153.0,75
201800055344,18,4,18,2020,2,2,1,1.0,2.0,75118,M,4890080.0,233758.0,75
201800055345,18,4,19,925,1,2,1,1.0,3.0,75115,M,4882850.0,228953.0,75
201800055346,18,4,19,1640,1,2,1,1.0,4.0,75112,M,4884250.0,241384.0,75
201800055347,18,4,20,845,1,2,1,1.0,2.0,75116,M,4887450.0,227608.0,75
201800055348,18,4,20,1300,1,2,1,1.0,2.0,75116,M,4886990.0,227181.0,75
201800055349,18,4,20,1825,1,2,1,1.0,4.0,75115,M,4883490.0,226787.0,75
201800055350,18,4,20,2110,2,2,1,1.0,3.0,75116,M,4886600.0,226846.0,75
201800055351,18,4,22,2030,5,2,1,1.0,6.0,75112,M,4883630.0,241217.0,75
201800055352,18,4,22,1825,1,2,1,1.0,2.0,75120,M,4887430.0,241115.0,75
201800055353,18,4,23,900,1,2,1,1.0,4.0,75116,M,4886990.0,227181.0,75
201800055354,18,4,23,1730,1,2,1,1.0,4.0,75116,M,4887060.0,227264.0,75
201800055355,18,4,23,1840,1,2,1,1.0,2.0,75112,M,4883220.0,240526.0,75
201800055356,18,4,24,1700,1,2,1,1.0,2.0,75115,M,4883490.0,226787.0,75
201800055357,18,4,25,1720,1,2,1,1.0,3.0,75112,M,4882800.0,239515.0,75
201800055358,18,4,26,1326,1,2,1,1.0,7.0,75119,M,4889040.0,239613.0,75
201800055359,18,4,26,1630,1,2,1,1.0,6.0,75120,M,4887020.0,241321.0,75
201800055360,18,4,27,920,1,2,1,1.0,4.0,75117,M,4888920.0,229562.0,75
201800055361,18,4,28,1355,1,2,1,1.0,2.0,75117,M,4889030.0,229873.0,75
201800055362,18,4,28,1550,1,2,1,1.0,4.0,75115,M,4882850.0,228953.0,75
201800055363,18,4,29,1130,1,2,1,2.0,2.0,75117,M,4890070.0,232844.0,75
201800055364,18,4,29,1740,1,2,1,3.0,4.0,75113,M,4882580.0,238645.0,75
201800055365,18,4,6,840,1,2,1,1.0,4.0,75114,M,4881720.0,233445.0,75
201800055366,18,4,30,2040,2,2,1,2.0,2.0,75118,M,4890030.0,236009.0,75
201800055367,18,5,2,20,5,2,4,1.0,2.0,75112,M,4882680.0,239012.0,75
201800055368,18,5,2,1020,1,2,1,1.0,6.0,75113,M,4881720.0,236583.0,75
201800055369,18,5,2,1800,1,2,1,1.0,7.0,75117,M,4888040.0,228196.0,75
201800055370,18,5,2,1830,1,2,1,1.0,3.0,75115,M,4882850.0,228953.0,75
201800055371,18,5,3,910,1,2,4,1.0,7.0,75112,M,4882680.0,239012.0,75
201800055372,18,5,4,930,1,2,1,1.0,4.0,75119,M,4888690.0,239713.0,75
201800055373,18,5,4,1510,1,2,1,1.0,2.0,75120,M,4886210.0,241364.0,75
201800055374,18,5,5,1115,1,2,1,1.0,2.0,75114,M,4882180.0,231755.0,75
201800055375,18,5,5,1300,1,2,1,1.0,2.0,75120,M,4886300.0,241350.0,75
201800055376,18,5,5,1930,1,2,1,1.0,3.0,75118,M,4890080.0,234167.0,75
201800055377,18,5,6,1220,1,2,1,1.0,3.0,75118,M,4890120.0,235434.0,75
201800055378,18,5,6,1600,1,2,4,1.0,6.0,75117,M,4888470.0,228647.0,75
201800055379,18,5,7,1235,1,2,1,1.0,2.0,75120,M,4887760.0,240893.0,75