Num_Acc,an,mois,jour,hrmn,lum,agg,int,atm,col,com,gps,lat,long,dep
201800055380,18,5,7,1920,1,2,1,1.0,4.0,75119,M,4890040.0,237436.0,75
201800055381,18,5,8,1220,1,2,1,1.0,7.0,75112,M,4882850.0,239773.0,75
201800055382,18,5,8,2350,5,2,1,1.0,2.0,75117,M,4890040.0,232691.0,75
201800055383,18,5,9,845,1,2,1,1.0,4.0,75117,M,4888640.0,228882.0,75
201800055384,18,5,9,1545,1,2,1,1.0,7.0,75112,M,4882800.0,239515.0,75
201800055385,18,5,11,2320,5,2,1,1.0,6.0,75112,M,4883280.0,240626.0,75
201800055386,18,5,12,1528,1,2,1,8.0,2.0,75119,M,4890020.0,239063.0,75
201800055387,18,5,14,830,1,2,1,2.0,7.0,75116,M,4886120.0,226378.0,75
201800055388,18,5,15,1500,1,2,1,1.0,4.0,75117,M,4888120.0,228248.0,75
201800055389,18,5,15,1850,1,2,1,1.0,2.0,75120,M,4887110.0,241310.0,75
201800055390,18,5,16,720,1,2,1,1.0,3.0,75113,M,4882480.0,238418.0,75
201800055391,18,5,17,1515,1,2,1,1.0,4.0,75112,M,4882880.0,239930.0,75
201800055392,18,5,17,1820,1,2,1,1.0,2.0,75119,M,4890040.0,237436.0,75
201800055393,18,5,18,1240,1,2,1,1.0,7.0,75115,M,4883550.0,226879.0,75
201800055394,18,5,18,1630,5,2,1,1.0,3.0,75120,M,4887270.0,241221.0,75
201800055395,18,5,18,1630,1,2,1,1.0,2.0,75119,M,4890030.0,238388.0,75
201800055396,18,5,19,1530,1,2,1,1.0,2.0,75120,M,4886840.0,241320.0,75
201800055397,18,5,19,1800,1,2,1,1.0,3.0,75113,M,4881870.0,237075.0,75
201800055398,18,5,20,850,1,2,1,1.0,6.0,75112,M,4883280.0,240626.0,75
201800055399,18,5,20,1900,1,2,1,1.0,2.0,75118,M,4890120.0,235434.0,75
201800055400,18,5,22,1200,1,2,4,1.0,4.0,75112,M,4882790.0,239460.0,75
201800055401,18,5,22,1840,5,2,1,1.0,4.0,75112,M,4883420.0,241007.0,75
201800055402,18,5,23,445,5,2,1,1.0,7.0,75117,M,4887880.0,227995.0,75
201800055403,18,5,23,845,1,2,1,1.0,4.0,75112,M,4882980.0,240126.0,75
201800055404,18,5,23,1200,1,2,1,1.0,2.0,75120,M,4886300.0,241350.0,75
201800055405,18,5,23,2020,1,2,1,1.0,2.0,75117,M,4888700.0,228982.0,75
201800055406,18,5,24,2015,1,2,1,1.0,3.0,75116,M,4887650.0,227881.0,75
201800055407,18,5,25,810,1,2,1,1.0,3.0,75117,M,4890070.0,232570.0,75
201800055408,18,5,25,1215,1,2,1,1.0,3.0,75120,M,4884970.0,241500.0,75
201800055409,18,5,25,1420,1,2,4,1.0,2.0,75112,M,4882770.0,239417.0,75
201800055410,18,5,26,1850,1,2,1,1.0,2.0,75118,M,4890090.0,233662.0,75
201800055411,18,5,27,2100,5,2,1,1.0,2.0,75115,M,4882660.0,229569.0,75
201800055412,18,5,28,920,1,2,1,1.0,2.0,75112,M,4884160.0,241355.0,75
201800055413,18,5,28,1045,1,2,1,1.0,6.0,75114,M,4882480.0,230470.0,75
201800055414,18,5,29,1440,1,2,4,1.0,6.0,75119,M,4888090.0,240449.0,75
201800055415,18,5,29,1400,1,2,1,1.0,3.0,75115,M,4883470.0,226654.0,75
201800055416,18,5,29,1615,1,2,1,1.0,2.0,75114,M,4882310.0,231243.0,75
201800055417,18,5,30,1425,1,1,4,1.0,2.0,75116,M,4884670.0,225485.0,75
201800055418,18,5,31,910,1,2,1,1.0,3.0,75120,M,4885670.0,241417.0,75
201800055419,18,5,31,1925,1,2,1,1.0,3.0,75114,M,4882350.0,230989.0,75
201800055420,18,5,31,1955,1,2,1,1.0,3.0,75113,M,4882160.0,237918.0,75
201800055421,18,5,31,2015,1,2,4,1.0,3.0,75115,M,4882630.0,229695.0,75
201800055422,18,5,31,1830,1,2,1,1.0,3.0,75117,M,4889220.0,230177.0,75
201800055423,18,6,2,1910,1,2,1,1.0,2.0,75114,M,4881960.0,232792.0,75
201800055424,18,6,3,1850,1,2,1,1.0,7.0,75114,M,4882410.0,230730.0,75
201800055425,18,6,4,845,1,2,1,1.0,3.0,75116,M,4883500.0,226380.0,75
201800055426,18,6,4,945,1,2,1,1.0,4.0,75116,M,4884740.0,225389.0,75
201800055427,18,6,6,1440,1,2,1,1.0,3.0,75120,M,4885940.0,241423.0,75
201800055428,18,6,6,1615,1,2,1,1.0,3.0,75112,M,4882730.0,239147.0,75
201800055429,18,6,7,1615,1,2,1,1.0,3.0,75119,M,4888080.0,240435.0,75
201800055430,18,6,9,1030,1,2,1,1.0,2.0,75115,M,4882850.0,228953.0,75
201800055431,18,6,9,1430,1,2,1,1.0,4.0,75120,M,4884700.0,241469.0,75
201800055432,18,6,9,1635,1,2,1,1.0,3.0,75112,M,4882850.0,239802.0,75
201800055433,18,6,9,1900,1,2,1,1.0,6.0,75114,M,4882220.0,231628.0,75
201800055434,18,6,11,1630,1,2,1,2.0,2.0,75116,M,4887790.0,228053.0,75
201800055435,18,6,14,1100,1,2,1,1.0,4.0,75120,M,4884970.0,241500.0,75
201800055436,18,6,15,1445,1,2,1,1.0,4.0,75115,M,4882630.0,229697.0,75
201800055437,18,6,16,840,1,2,1,1.0,6.0,75113,M,4881790.0,236830.0,75
201800055438,18,6,12,1155,1,2,1,1.0,2.0,75112,M,4883380.0,240854.0,75
201800055439,18,6,12,730,1,2,1,2.0,7.0,75115,M,4883490.0,226651.0,75
201800055440,18,6,12,935,1,2,1,2.0,6.0,75116,M,4883730.0,225534.0,75
201800055441,18,6,16,1450,1,2,1,1.0,4.0,75120,M,4885940.0,241404.0,75
201800055442,18,6,16,2015,1,2,1,1.0,3.0,75120,M,4887360.0,241182.0,75
201800055443,18,6,17,1720,1,2,4,1.0,4.0,75113,M,4882500.0,238448.0,75
201800055444,18,6,17,1950,1,2,1,1.0,4.0,75114,M,4881640.0,234307.0,75
201800055445,18,6,18,1440,1,2,1,1.0,3.0,75116,M,4887590.0,227782.0,75
201800055446,18,6,18,550,2,2,1,1.0,6.0,75119,M,4890050.0,238795.0,75
201800055447,18,6,19,1430,1,2,1,1.0,4.0,75116,M,4884900.0,225251.0,75
201800055448,18,6,20,135,5,2,1,1.0,2.0,75119,M,4888120.0,240340.0,75
201800055449,18,6,21,1410,1,2,1,1.0,4.0,75118,M,4890120.0,236264.0,75
201800055450,18,6,21,1810,1,2,1,1.0,7.0,75116,M,4885740.0,225922.0,75
201800055451,18,6,22,25,5,2,4,1.0,2.0,75120,M,4886650.0,241260.0,75
201800055452,18,6,22,1600,1,2,1,1.0,5.0,75116,M,4886230.0,226483.0,75
201800055453,18,6,22,1630,1,2,1,1.0,3.0,75117,M,4889100.0,229974.0,75
201800055454,18,6,23,230,5,2,1,1.0,7.0,75114,M,4882480.0,230469.0,75
201800055455,18,6,23,1930,1,2,1,1.0,4.0,75112,M,4884430.0,241389.0,75
201800055456,18,6,23,1955,1,2,1,1.0,6.0,75114,M,4882060.0,232277.0,75
201800055457,18,6,24,255,5,2,1,1.0,6.0,75119,M,4890060.0,238835.0,75
201800055458,18,6,25,20,5,2,1,1.0,2.0,75120,M,4887350.0,241158.0,75
201800055459,18,6,25,750,1,2,1,1.0,6.0,75117,M,4889930.0,231790.0,75
201800055460,18,6,25,910,1,2,1,1.0,7.0,75118,M,4890030.0,235917.0,75
201800055461,18,6,25,850,1,2,1,1.0,2.0,75119,M,4887840.0,240819.0,75
201800055462,18,6,26,1845,1,2,1,1.0,4.0,75114,M,4882320.0,231118.0,75
201800055463,18,6,26,1830,1,2,1,1.0,4.0,75116,M,4885780.0,225951.0,75
201800055464,18,6,27,710,1,2,1,1.0,7.0,75113,M,4882530.0,238527.0,75
201800055465,18,6,27,825,1,2,1,1.0,2.0,75116,M,4886690.0,226901.0,75
201800055466,18,6,27,1400,1,2,1,1.0,4.0,75113,M,4882220.0,238020.0,75
201800055467,18,6,27,1755,1,2,1,1.0,2.0,75112,M,4883720.0,241272.0,75
201800055468,18,6,27,2010,1,2,1,1.0,2.0,75115,M,4882660.0,229569.0,75
201800055469,18,6,27,820,1,2,1,1.0,5.0,75114,M,4881870.0,233184.0,75
201800055470,18,6,28,855,1,2,1,1.0,7.0,75116,M,4883640.0,225621.0,75
201800055471,18,6,28,855,1,2,1,1.0,2.0,75117,M,4888520.0,228683.0,75
201800055472,18,6,28,815,1,2,1,1.0,2.0,75117,M,4889690.0,231063.0,75
201800055473,18,6,28,1845,1,2,1,1.0,3.0,75112,M,4882850.0,239802.0,75
201800055474,18,6,28,1950,1,2,1,1.0,3.0,75114,M,4882140.0,231888.0,75
201800055475,18,6,29,250,5,2,1,1.0,6.0,75117,M,4890040.0,232259.0,75
201800055476,18,6,29,640,1,2,1,1.0,3.0,75112,M,4882850.0,239802.0,75
201800055477,18,6,29,2205,5,2,4,1.0,3.0,75113,M,4882030.0,237182.0,75
201800055478,18,7,2,1620,1,2,1,1.0,3.0,75120,M,4885580.0,241387.0,75
201800055479,18,7,4,1000,1,2,1,1.0,6.0,75112,M,4884340.0,241371.0,75
201800055480,18,7,4,1735,1,2,1,1.0,3.0,75119,M,4888440.0,239850.0,75
201800055481,18,7,5,1330,1,2,4,8.0,3.0,75112,M,4882740.0,239023.0,75
201800055482,18,7,6,900,1,2,1,1.0,3.0,75116,M,4883500.0,226112.0,75
201800055483,18,7,6,1315,1,2,1,1.0,2.0,75112,M,4883380.0,240854.0,75
201800055484,18,7,6,2030,1,2,1,1.0,7.0,75117,M,4888930.0,229650.0,75
201800055485,18,7,6,1820,1,2,1,1.0,2.0,75112,M,4883040.0,240251.0,75
201800055486,18,7,7,325,5,2,1,1.0,6.0,75114,M,4882250.0,231501.0,75
201800055487,18,7,7,905,1,2,1,1.0,6.0,75118,M,4890100.0,235394.0,75
201800055488,18,7,7,1200,1,2,1,1.0,2.0,75120,M,4885230.0,241469.0,75
201800055489,18,7,7,1230,1,2,1,1.0,4.0,75118,M,4890090.0,234713.0,75
201800055490,18,7,8,1120,1,2,1,1.0,3.0,75120,M,4885580.0,241387.0,75
201800055491,18,7,8,1700,1,2,1,1.0,2.0,75113,M,4881770.0,236721.0,75
201800055492,18,7,9,820,1,2,1,1.0,4.0,75116,M,4883980.0,225409.0,75
201800055493,18,7,10,940,1,2,1,1.0,4.0,75116,M,4885480.0,225537.0,75
201800055494,18,7,10,955,1,2,4,1.0,2.0,75119,M,4890030.0,237607.0,75
201800055495,18,7,10,1115,1,2,4,1.0,3.0,75120,M,4886170.0,241371.0,75
201800055496,18,7,10,1610,1,2,1,1.0,2.0,75115,M,4882660.0,229569.0,75
201800055497,18,7,10,1750,1,2,1,1.0,4.0,75118,M,4890080.0,233254.0,75
201800055498,18,7,10,1850,1,2,1,1.0,4.0,75114,M,4882180.0,231755.0,75
201800055499,18,7,10,2245,5,2,1,1.0,4.0,75118,M,4890120.0,235026.0,75
201800055500,18,7,10,2300,5,2,1,1.0,4.0,75114,M,4882260.0,231375.0,75
201800055501,18,7,11,1310,1,2,1,1.0,4.0,75113,M,4882600.0,238773.0,75
201800055502,18,7,11,1410,1,2,1,1.0,7.0,75116,M,4887780.0,227951.0,75
201800055503,18,7,11,1800,1,2,1,1.0,3.0,75117,M,4889830.0,231507.0,75
201800055504,18,7,12,945,1,2,1,1.0,6.0,75118,M,4890090.0,233798.0,75
201800055505,18,7,12,1350,1,2,1,1.0,4.0,75113,M,4882600.0,238773.0,75
201800055506,18,7,12,1735,1,2,1,1.0,2.0,75118,M,4890100.0,235394.0,75
201800055507,18,7,12,1800,1,2,1,1.0,6.0,75119,M,4890040.0,238291.0,75
201800055508,18,7,12,1950,1,2,1,1.0,2.0,75117,M,4889520.0,230681.0,75
201800055509,18,7,13,845,1,2,1,1.0,2.0,75117,M,4890020.0,232128.0,75
201800055510,18,7,15,900,1,2,1,1.0,6.0,75119,M,4888300.0,240022.0,75
201800055511,18,7,15,1300,1,2,1,1.0,2.0,75112,M,4883430.0,240974.0,75
201800055512,18,7,16,1500,1,2,1,1.0,4.0,75118,M,4890090.0,234576.0,75
201800055513,18,7,17,750,1,2,1,1.0,3.0,75113,M,4881900.0,237130.0,75
201800055514,18,7,18,1800,1,2,1,1.0,2.0,75120,M,4885002.0,241514.0,75
201800055515,18,7,19,850,1,2,4,1.0,2.0,75113,M,4881663.0,235635.0,75
201800055516,18,7,20,1035,1,2,1,1.0,5.0,75115,M,4882915.0,228801.0,75
201800055517,18,7,20,1620,1,2,1,2.0,3.0,75117,M,4890021.0,232134.0,75
201800055518,18,7,20,1700,1,2,1,1.0,3.0,75119,M,4888222.0,240145.0,75
201800055519,18,7,20,1830,1,2,1,1.0,5.0,75113,M,4880000.0,235000.0,75
201800055520,18,7,21,1115,1,2,1,1.0,4.0,75114,M,,,75
201800055521,18,7,21,1950,1,2,1,1.0,3.0,75118,M,4890073.0,233634.0,75
201800055522,18,7,24,950,1,2,1,1.0,3.0,75116,M,4884742.0,225431.0,75
201800055523,18,7,24,1055,1,2,1,1.0,5.0,75118,M,4890060.0,232880.0,75
201800055524,18,7,24,1615,1,2,1,1.0,3.0,75114,M,,,75
201800055525,18,7,25,40,5,2,1,1.0,4.0,75118,M,4890119.0,235083.0,75
201800055526,18,7,25,920,1,2,1,1.0,2.0,75118,M,4890078.0,235848.0,75
201800055527,18,7,25,1740,1,2,1,1.0,5.0,75113,M,4851458.0,217153.0,75
201800055528,18,7,26,910,1,2,4,1.0,2.0,75114,M,4881937.0,232882.0,75
201800055529,18,7,26,1010,1,2,1,1.0,4.0,75116,M,4886652.0,226898.0,75
201800055530,18,7,26,1310,1,2,4,1.0,4.0,75117,M,4889335.0,230364.0,75
201800055531,18,7,26,1800,1,2,1,1.0,3.0,75118,M,4890053.0,232577.0,75
201800055532,18,7,27,640,1,2,1,1.0,6.0,75112,M,4883440.0,241060.0,75
201800055533,18,7,27,1500,1,2,4,1.0,3.0,75119,M,4888063.0,240465.0,75
201800055534,18,7,27,2000,2,2,1,4.0,3.0,75118,M,4882324.0,217153.0,75
201800055535,18,7,27,2025,1,2,1,1.0,5.0,75117,M,4888794.0,229172.0,75
201800055536,18,7,28,850,1,2,1,1.0,7.0,75113,M,4886667.0,233333.0,75
201800055537,18,7,30,830,1,2,1,1.0,3.0,75116,M,4884601.0,241421.0,75
201800055538,18,7,30,1030,1,2,1,1.0,6.0,75117,M,4889287.0,230298.0,75
201800055539,18,7,30,1430,1,2,4,1.0,6.0,75112,M,4882723.0,239210.0,75
201800055540,18,7,31,40,5,2,1,1.0,2.0,75116,M,,,75
201800055541,18,7,31,1740,1,2,1,1.0,3.0,75117,M,4889240.0,230220.0,75
201800055542,18,8,1,900,1,2,4,1.0,3.0,75120,M,,,75
201800055543,18,8,1,1415,1,2,1,1.0,3.0,75116,M,4884007.0,225388.0,75
201800055544,18,8,1,1615,1,2,1,1.0,4.0,75112,M,4883669.0,240767.0,75
201800055545,18,8,2,835,1,2,1,1.0,3.0,75114,M,4882473.0,230484.0,75
201800055546,18,8,2,1720,1,2,1,1.0,2.0,75116,M,4887786.0,228051.0,75
201800055547,18,8,3,640,1,2,1,1.0,6.0,75120,M,,,75
201800055548,18,8,3,730,1,2,1,1.0,2.0,75114,M,4881967.0,232733.0,75
201800055549,18,8,4,1400,1,2,1,1.0,2.0,75114,M,4882152.0,231852.0,75
201800055550,18,8,6,810,5,2,1,1.0,2.0,75112,M,4883451.0,243039.0,75
201800055551,18,8,6,1700,1,2,1,1.0,4.0,75114,M,4886666.0,233333.0,75
201800055552,18,8,7,900,1,2,1,1.0,7.0,75119,M,4890070.0,237010.0,75
201800055553,18,8,10,110,5,2,1,1.0,2.0,75114,M,4882685.0,229530.0,75
201800055554,18,8,10,1320,1,2,1,1.0,4.0,75120,M,4886994.0,242981.0,75
201800055555,18,8,10,1715,1,2,1,1.0,3.0,75113,M,4881784.0,235117.0,75
201800055556,18,8,13,1810,1,2,1,1.0,2.0,75118,M,4890068.0,233149.0,75
201800055557,18,8,15,100,5,2,1,1.0,4.0,75119,M,4890057.0,238586.0,75
201800055558,18,8,15,1645,1,2,4,1.0,6.0,75120,M,4886666.0,233333.0,75
201800055559,18,8,16,1750,1,2,1,1.0,6.0,75116,M,4887809.0,228004.0,75
201800055560,18,8,18,1500,1,2,1,1.0,2.0,75118,M,4889789.0,234578.0,75
201800055561,18,8,18,1545,1,2,1,1.0,3.0,75118,M,4890091.0,234254.0,75
201800055562,18,8,19,620,1,2,1,1.0,6.0,75119,M,4890040.0,238980.0,75
201800055563,18,8,19,1850,1,2,4,1.0,4.0,75118,M,4890010.0,236067.0,75
201800055564,18,8,20,930,1,2,1,1.0,4.0,75116,M,4886326.0,226509.0,75
201800055565,18,8,21,910,1,2,1,1.0,4.0,75113,M,4882441.0,238392.0,75
201800055566,18,8,22,1430,1,2,1,1.0,2.0,75113,M,,,75
201800055567,18,8,24,1055,1,2,1,1.0,4.0,75112,M,4884437.0,241390.0,75
201800055568,18,8,24,1400,1,2,4,1.0,3.0,75120,M,4887923.0,240731.0,75
201800055569,18,8,24,1730,1,2,1,1.0,3.0,75119,M,4890043.0,238549.0,75
201800055570,18,8,25,230,5,2,1,1.0,3.0,75116,M,4884759.0,225389.0,75
201800055571,18,8,27,850,1,2,1,2.0,7.0,75118,M,4889805.0,234524.0,75
201800055572,18,8,27,900,1,2,1,8.0,7.0,75116,M,4884692.0,225479.0,75
201800055573,18,8,29,1445,1,2,1,2.0,3.0,75112,M,4883260.0,238299.0,75
201800055574,18,8,30,915,1,2,1,1.0,2.0,75118,M,4890093.0,233817.0,75
201800055575,18,8,30,1950,1,2,1,1.0,2.0,75120,M,4886300.0,241349.0,75
201800055576,18,8,31,1515,1,2,1,1.0,2.0,75120,M,4885123.0,239481.0,75
201800055577,18,9,2,650,1,2,1,1.0,6.0,75112,M,4882711.0,238965.0,75
201800055578,18,9,2,1230,1,2,1,1.0,7.0,75114,M,4881877.0,233188.0,75
201800055579,18,9,2,1330,1,2,1,1.0,3.0,75120,M,4884817.0,241495.0,75
201800055580,18,9,2,1815,1,2,1,1.0,3.0,75113,M,4882030.0,237520.0,75
201800055581,18,9,2,1920,1,2,1,1.0,4.0,75116,M,4886198.0,226427.0,75
201800055582,18,9,4,1240,1,2,1,1.0,5.0,75115,M,4883059.0,228498.0,75
201800055583,18,9,5,1939,1,2,1,1.0,4.0,75117,M,4887766.0,228025.0,75
201800055584,18,9,5,2322,5,2,1,1.0,2.0,75113,M,4881970.0,237350.0,75
201800055585,18,9,6,920,1,2,4,1.0,3.0,75117,M,,,75
201800055586,18,9,7,910,1,2,1,1.0,2.0,75118,M,4890055.0,232850.0,75
201800055587,18,9,8,1950,2,2,1,1.0,2.0,75119,M,4890036.0,238865.0,75
201800055588,18,9,9,645,5,2,1,1.0,6.0,75116,M,,,75
201800055589,18,9,9,1550,1,2,1,1.0,5.0,75117,M,4859906.0,217365.0,75
201800055590,18,9,9,2050,5,2,1,1.0,2.0,75112,M,4882880.0,239930.0,75
201800055591,18,9,11,1045,1,2,4,1.0,3.0,75120,M,4886613.0,241664.0,75
201800055592,18,9,12,1405,1,2,1,1.0,4.0,75120,M,,,75
201800055593,18,9,12,1445,1,2,1,1.0,3.0,75118,M,,,75
201800055594,18,9,15,1445,1,2,1,7.0,6.0,75116,M,4887903.0,227823.0,75
201800055595,18,9,17,2319,5,2,1,1.0,6.0,75119,M,4890080.0,237150.0,75
201800055596,18,9,19,1620,1,2,1,1.0,3.0,75120,M,4885130.0,241520.0,75
201800055597,18,9,20,815,1,2,1,1.0,6.0,75115,M,4883518.0,227147.0,75
201800055598,18,9,20,1005,1,2,1,1.0,3.0,75119,M,,,75
201800055599,18,9,20,2230,5,2,4,1.0,2.0,75114,M,4882204.0,231629.0,75
201800055600,18,9,21,5,5,2,4,1.0,6.0,75112,M,4882787.0,239392.0,75
201800055601,18,9,21,155,5,2,1,1.0,6.0,75117,M,4888070.0,228190.0,75
201800055602,18,9,21,805,1,2,1,2.0,7.0,75115,M,4883488.0,226681.0,75
201800055603,18,9,21,1750,1,2,1,1.0,2.0,75120,M,4869530.0,268750.0,75
201800055604,18,9,21,1950,5,2,1,1.0,7.0,75113,M,4882043.0,237553.0,75
201800055605,18,9,21,1740,1,2,1,1.0,3.0,75116,M,4812345.0,212345.0,75
201800055606,18,9,25,1105,1,2,4,1.0,6.0,75112,M,4882711.0,239011.0,75
201800055607,18,9,25,1805,1,2,1,1.0,4.0,75112,M,4883670.0,241220.0,75
201800055608,18,9,26,840,1,2,1,1.0,5.0,75120,M,4885590.0,241410.0,75
201800055609,18,9,26,920,1,1,1,1.0,3.0,75116,M,4295204.0,254488.0,75
201800055610,18,9,26,1630,1,2,1,1.0,2.0,75116,M,,,75
201800055611,18,9,27,850,1,1,1,1.0,5.0,75119,M,4888300.0,240040.0,75
201800055612,18,9,27,1710,1,2,1,1.0,3.0,75117,M,,,75
201800055613,18,9,27,1715,1,2,1,1.0,2.0,75112,M,4883679.0,241244.0,75
201800055614,18,9,28,900,1,1,1,1.0,4.0,75118,M,4236780.0,236985.0,75
201800055615,18,9,28,1540,1,2,1,1.0,4.0,75120,M,4884720.0,241470.0,75
201800055616,18,9,28,1920,5,2,1,1.0,2.0,75112,M,4884630.0,241470.0,75
201800055617,18,9,29,1110,1,2,1,1.0,2.0,75117,M,4889206.0,230071.0,75
201800055618,18,9,30,1920,1,2,1,1.0,2.0,75116,M,4886307.0,226549.0,75
201800055619,18,9,30,2110,5,2,1,1.0,2.0,75116,M,,,75
201800055620,18,10,1,810,1,2,1,1.0,6.0,75115,M,,,75
201800055621,18,10,1,1000,1,2,1,1.0,5.0,75117,M,,,75
201800055622,18,10,1,1340,1,2,1,1.0,4.0,75117,M,4890028.0,232158.0,75
201800055623,18,10,1,1740,1,2,1,1.0,2.0,75113,M,4886666.0,233333.0,75
201800055624,18,10,2,224,5,2,1,1.0,6.0,75112,M,4883450.0,241050.0,75
201800055625,18,10,2,1220,1,2,1,1.0,2.0,75113,M,4882612.0,238758.0,75
201800055626,18,10,2,1810,1,2,4,1.0,4.0,75117,M,4889254.0,230161.0,75
201800055627,18,10,2,1920,2,2,1,1.0,2.0,75116,M,4298742.0,262879.0,75
201800055628,18,10,3,1605,1,2,1,1.0,2.0,75113,M,4886666.0,233333.0,75
201800055629,18,10,4,1005,1,2,1,1.0,3.0,75113,M,4882020.0,237090.0,75
201800055630,18,10,4,1205,1,2,1,1.0,3.0,75116,M,4885855.0,226152.0,75
201800055631,18,10,4,1330,1,2,1,1.0,2.0,75119,M,4889663.0,239431.0,75
201800055632,18,10,4,1500,1,2,1,1.0,2.0,75120,M,4885000.0,243300.0,75
201800055633,18,10,5,15,5,2,1,1.0,3.0,75114,M,4882446.0,230624.0,75
201800055634,18,10,5,1025,1,2,1,1.0,3.0,75113,M,4882620.0,238810.0,75
201800055635,18,10,5,1250,1,2,4,1.0,6.0,75118,M,4890070.0,236600.0,75
201800055636,18,10,5,1320,1,2,1,1.0,2.0,75117,M,4853906.0,217365.0,75
201800055637,18,10,5,1645,1,2,1,1.0,2.0,75112,M,4884379.0,241404.0,75
201800055638,18,10,5,1350,1,2,1,1.0,3.0,75120,M,4886817.0,241341.0,75
201800055639,18,10,5,1920,5,2,1,1.0,2.0,75112,M,4882944.0,240105.0,75
201800055640,18,10,9,1810,5,2,1,1.0,5.0,75116,M,4886457.0,226716.0,75
201800055641,18,10,10,1230,1,2,4,1.0,3.0,75116,M,,,75
201800055642,18,10,10,2035,5,2,4,1.0,3.0,75113,M,4881613.0,236395.0,75
201800055643,18,10,11,1709,1,2,1,1.0,3.0,75113,M,4882674.0,238993.0,75
201800055644,18,10,11,1625,1,2,4,1.0,2.0,75114,M,4881870.0,237060.0,75
201800055645,18,10,12,830,5,2,1,1.0,3.0,75120,M,,,75
201800055646,18,10,12,1835,1,2,1,1.0,4.0,75120,M,4886950.0,241260.0,75
201800055647,18,10,12,1935,1,2,1,1.0,4.0,75120,M,4851295.0,224518.0,75
201800055648,18,10,13,1420,1,2,1,1.0,2.0,75116,M,4887890.0,228040.0,75
201800055649,18,10,13,1800,1,2,1,1.0,2.0,75114,M,4882780.0,229070.0,75
201800055650,18,10,13,2115,5,2,1,1.0,5.0,75116,M,4886630.0,226870.0,75
201800055651,18,10,14,1415,1,2,1,1.0,6.0,75118,M,4890091.0,234472.0,75
201800055652,18,10,14,1940,2,2,1,1.0,4.0,75114,M,4881999.0,237129.0,75
201800055653,18,10,15,2310,5,2,1,1.0,2.0,75112,M,4883510.0,240580.0,75
201800055654,18,10,16,945,1,2,1,1.0,5.0,75120,M,4886470.0,241360.0,75
201800055655,18,10,16,1245,1,2,4,1.0,7.0,75117,M,4887872.0,227932.0,75
201800055656,18,10,16,1605,1,2,1,1.0,2.0,75116,M,4886666.0,233333.0,75
201800055657,18,10,16,1840,1,2,4,1.0,7.0,75116,M,4850520.0,215370.0,75
201800055658,18,10,16,1720,1,2,1,1.0,3.0,75112,M,4885660.0,235220.0,75
201800055659,18,10,17,2105,5,2,1,1.0,2.0,75120,M,4886666.0,240701.0,75
201800055660,18,10,19,510,5,2,1,1.0,2.0,75112,M,4884360.0,241380.0,75
201800055661,18,10,19,900,1,2,1,1.0,7.0,75114,M,4882300.0,231190.0,75
201800055662,18,10,19,1620,1,2,4,1.0,4.0,75115,M,,,75
201800055663,18,10,22,725,5,2,1,1.0,2.0,75112,M,4882674.0,238989.0,75
201800055664,18,10,22,1745,1,2,1,1.0,6.0,75118,M,4890059.0,232987.0,75
201800055665,18,10,23,720,2,2,1,1.0,6.0,75116,M,4883330.0,218330.0,75
201800055666,18,10,23,855,1,2,1,1.0,6.0,75116,M,4886660.0,233333.0,75
201800055667,18,10,24,1835,1,2,1,1.0,3.0,75119,M,4888890.0,239690.0,75
201800055668,18,10,25,830,1,2,1,1.0,5.0,75116,M,4881569.0,235635.0,75
201800055669,18,10,25,2150,5,2,1,1.0,6.0,75120,M,4886350.0,241350.0,75
201800055670,18,10,27,240,5,2,4,1.0,3.0,75117,M,4888250.0,228317.0,75
201800055671,18,10,27,1330,1,2,1,1.0,4.0,75112,M,,,75
201800055672,18,10,27,1910,5,2,4,1.0,7.0,75120,M,4885511.0,241347.0,75
201800055673,18,10,28,135,5,2,1,1.0,6.0,75112,M,4883177.0,239778.0,75
201800055674,18,10,28,1050,1,2,1,1.0,2.0,75115,M,4883420.0,227670.0,75
201800055675,18,10,29,810,1,2,1,1.0,2.0,75116,M,4984570.0,225490.0,75
201800055676,18,10,29,1730,5,2,1,1.0,2.0,75117,M,4888135.0,228250.0,75
201800055677,18,10,31,1315,1,2,1,1.0,3.0,75113,M,4881812.0,236911.0,75
201800055678,18,10,31,2000,5,2,1,2.0,7.0,75116,M,4886224.0,226479.0,75
201800055679,18,10,31,2105,3,2,1,2.0,4.0,75120,M,4885321.0,241427.0,75
201800055680,18,11,3,950,1,2,1,1.0,3.0,75119,M,4888964.0,239642.0,75
201800055681,18,11,3,1810,2,2,1,1.0,2.0,75112,M,,,75
201800055682,18,11,3,2020,5,2,4,1.0,4.0,75119,M,4890056.0,238701.0,75
201800055683,18,11,4,1405,1,2,1,1.0,4.0,75118,M,4890092.0,234826.0,75
201800055684,18,11,4,2245,5,2,4,1.0,7.0,75115,M,4883535.0,227191.0,75
201800055685,18,11,5,101,5,2,1,1.0,3.0,75118,M,4890080.0,233850.0,75
201800055686,18,11,5,1740,5,2,4,1.0,6.0,75113,M,4882610.0,238800.0,75
201800055687,18,11,6,1845,5,2,1,1.0,3.0,75112,M,4882680.0,239140.0,75
201800055688,18,11,6,1950,5,2,1,1.0,3.0,75114,M,4882316.0,231141.0,75