Num_Acc,an,mois,jour,hrmn,lum,agg,int,atm,col,com,gps,lat,long,dep
201800055689,18,11,7,1730,2,2,1,8.0,3.0,75116,M,4887185.0,227719.0,75
201800055690,18,11,8,655,2,1,1,1.0,2.0,75117,M,,,75
201800055691,18,11,8,2050,5,2,1,1.0,6.0,75119,M,,,75
201800055692,18,11,9,1050,1,2,1,1.0,2.0,75112,M,4882740.0,239360.0,75
201800055693,18,11,9,1145,1,2,4,1.0,2.0,75112,M,4884690.0,241380.0,75
201800055694,18,11,12,1005,1,2,1,2.0,2.0,75112,M,4882880.0,240090.0,75
201800055695,18,11,12,1930,5,2,4,1.0,3.0,75118,M,,,75
201800055696,18,11,13,630,2,2,1,1.0,6.0,75115,M,4883333.0,118167.0,75
201800055697,18,11,12,1510,1,2,1,1.0,3.0,75116,M,4887320.0,227489.0,75
201800055698,18,11,15,1310,1,2,1,8.0,3.0,75120,M,4886095.0,241393.0,75
201800055699,18,11,15,2210,5,2,1,1.0,2.0,75118,M,4890050.0,232370.0,75
201800055700,18,11,16,1400,1,2,1,1.0,2.0,75116,M,4885409.0,233869.0,75
201800055701,18,11,16,1700,1,2,1,1.0,3.0,75114,M,4881691.0,234810.0,75
201800055702,18,11,17,1230,1,2,1,1.0,3.0,75116,M,,,75
201800055703,18,11,18,1915,5,2,4,1.0,6.0,75119,M,4890060.0,237030.0,75
201800055704,18,11,20,1910,5,2,1,8.0,5.0,75113,M,4881670.0,233330.0,75
201800055705,18,11,23,1940,5,2,1,1.0,2.0,75114,M,4882090.0,232142.0,75
201800055706,18,11,24,1910,5,2,4,1.0,2.0,75117,M,4889600.0,230860.0,75
201800055707,18,11,25,2305,3,2,4,2.0,7.0,75120,M,4886493.0,241257.0,75
201800055708,18,11,26,1040,1,2,1,2.0,4.0,75116,M,4886666.0,233333.0,75
201800055709,18,11,27,1330,1,2,1,1.0,2.0,75117,M,4891415.0,228536.0,75
201800055710,18,11,28,920,1,2,4,2.0,4.0,75120,M,4885000.0,243333.0,75
201800055711,18,11,28,1445,1,2,1,1.0,3.0,75117,M,,,75
201800055712,18,11,28,1615,1,2,1,1.0,4.0,75117,M,4889660.0,230990.0,75
201800055713,18,11,29,1900,5,2,1,1.0,3.0,75115,M,4883460.0,227486.0,75
201800055714,18,11,29,2000,5,2,1,1.0,5.0,75117,M,,,75
201800055715,18,11,30,1300,1,2,1,1.0,3.0,75112,M,,,75
201800055716,18,11,30,1930,5,2,1,1.0,3.0,75113,M,4881755.0,235364.0,75
201800055717,18,11,30,2210,5,2,1,1.0,2.0,75117,M,4890091.0,234358.0,75
201800055718,18,12,2,535,5,2,4,3.0,6.0,75116,M,,,75
201800055719,18,12,3,1100,1,2,4,1.0,4.0,75116,M,4883837.0,225476.0,75
201800055720,18,12,3,1720,5,2,1,2.0,7.0,75114,M,4881600.0,234500.0,75
201800055721,18,12,3,1715,1,2,1,2.0,4.0,75115,M,4882723.0,229392.0,75
201800055722,18,12,3,1835,5,2,1,1.0,3.0,75112,M,4883160.0,240400.0,75
201800055723,18,12,4,610,5,2,4,2.0,2.0,75116,M,4887630.0,227860.0,75
201800055724,18,12,4,1815,5,2,4,1.0,3.0,75113,M,4881880.0,237050.0,75
201800055725,18,12,4,2035,5,2,1,1.0,2.0,75120,M,4885500.0,241380.0,75
201800055726,18,12,5,2316,5,2,1,1.0,2.0,75119,M,4890050.0,236790.0,75
201800055727,18,12,6,1430,1,2,4,8.0,3.0,75112,M,,,75
201800055728,18,12,7,1420,1,2,1,2.0,6.0,75113,M,,,75
201800055729,18,12,7,1550,1,2,4,2.0,3.0,75120,M,4887626.0,240948.0,75
201800055730,18,12,9,630,5,2,1,1.0,6.0,75119,M,4889738.0,238653.0,75
201800055731,18,12,10,920,1,2,1,8.0,2.0,75120,M,4886535.0,241340.0,75
201800055732,18,12,10,1500,1,2,1,1.0,4.0,75117,M,4889670.0,231040.0,75
201800055733,18,12,11,1700,5,2,1,1.0,3.0,75120,M,4888168.0,240191.0,75
201800055734,18,12,12,1715,1,2,1,1.0,3.0,75117,M,4889348.0,230401.0,75
201800055735,18,12,12,1540,1,2,1,1.0,3.0,75117,M,4888930.0,229640.0,75
201800055736,18,12,13,900,1,2,4,1.0,2.0,75116,M,4887890.0,228140.0,75
201800055737,18,12,13,1445,1,2,1,1.0,6.0,75120,M,,,75
201800055738,18,12,13,1520,1,2,4,1.0,2.0,75113,M,,,75
201800055739,18,12,13,1745,5,2,1,1.0,3.0,75112,M,,,75
201800055740,18,12,13,2220,5,2,1,1.0,4.0,75120,M,4851005.0,224555.0,75
201800055741,18,12,14,1015,1,2,1,1.0,3.0,75117,M,,,75
201800055742,18,12,14,2100,5,2,4,1.0,5.0,75114,M,4882020.0,232490.0,75
201800055743,18,12,15,2330,5,2,2,3.0,6.0,75112,M,4882681.0,238954.0,75
201800055744,18,12,17,820,2,2,1,1.0,2.0,75115,M,,,75
201800055745,18,12,17,2115,5,2,1,1.0,7.0,75118,M,4890099.0,234310.0,75
201800055746,18,12,18,655,5,2,1,1.0,2.0,75118,M,4890144.0,235317.0,75
201800055747,18,12,18,1510,1,2,1,1.0,4.0,75119,M,4887174.0,241293.0,75
201800055748,18,12,18,1800,5,2,1,1.0,3.0,75120,M,4886758.0,241340.0,75
201800055749,18,12,19,1110,1,2,4,8.0,3.0,75118,M,4890062.0,236699.0,75
201800055750,18,12,19,940,1,2,4,8.0,6.0,75116,M,,,75
201800055751,18,12,19,1130,1,2,4,1.0,2.0,75116,M,4883501.0,226178.0,75
201800055752,18,12,20,900,1,2,1,1.0,2.0,75113,M,4886666.0,233333.0,75
201800055753,18,12,20,1820,5,2,4,1.0,4.0,75116,M,4886912.0,227088.0,75
201800055754,18,12,21,920,1,2,1,2.0,3.0,75113,M,4881670.0,233330.0,75
201800055755,18,12,21,1530,1,2,1,1.0,3.0,75119,M,4888943.0,239624.0,75
201800055756,18,12,21,1700,5,2,1,1.0,4.0,75112,M,4882553.0,238674.0,75
201800055757,18,12,22,1710,2,2,1,1.0,7.0,75116,M,4887830.0,228060.0,75
201800055758,18,12,22,1950,5,2,1,1.0,3.0,75116,M,4884440.0,225480.0,75
201800055759,18,12,22,2125,5,2,1,1.0,4.0,75112,M,4882260.0,238170.0,75
201800055760,18,12,23,930,1,2,4,2.0,2.0,75112,M,,,75
201800055761,18,12,23,2310,5,2,1,2.0,7.0,75114,M,4882434.0,230666.0,75
201800055762,18,12,24,1150,1,2,1,1.0,7.0,75112,M,,,75
201800055763,18,12,25,1945,5,2,1,1.0,4.0,75112,M,4884775.0,243949.0,75
201800055764,18,12,28,250,5,2,1,1.0,2.0,75116,M,4887660.0,227903.0,75
201800055765,18,12,29,1215,1,2,1,1.0,3.0,75112,M,,,75
201800055766,18,12,31,1740,5,2,1,1.0,2.0,75113,M,4882617.0,238830.0,75
201800055767,18,12,31,1500,1,2,1,1.0,1.0,97224,A,1465208.0,6102822.0,972
201800055768,18,1,24,840,1,2,3,1.0,1.0,97224,A,1465672.0,6101216.0,972
201800055769,18,4,22,45,5,2,1,1.0,6.0,97224,A,1467894.0,6104060.0,972
201800055770,18,11,8,2145,5,2,1,3.0,6.0,97224,A,1466831.0,6102980.0,972
201800055771,18,11,8,1540,1,2,1,3.0,6.0,97224,A,1466845.0,6103457.0,972
201800055772,18,11,8,1830,3,1,1,3.0,1.0,97224,A,1466311.0,6101695.0,972
201800055773,18,2,18,1330,1,1,4,1.0,3.0,97230,A,1473205.0,6000000.0,972
201800055774,18,5,12,2300,5,2,3,1.0,1.0,97230,A,1474361.0,6000000.0,972
201800055775,18,6,30,1115,1,2,1,1.0,3.0,97230,A,1473522.0,6000000.0,972
201800055776,18,8,26,230,4,2,1,1.0,6.0,97230,A,1473726.0,6000000.0,972
201800055777,18,9,17,750,1,2,1,1.0,6.0,97230,A,1475638.0,6000000.0,972
201800055778,18,9,24,640,1,1,9,1.0,1.0,97230,A,1474255.0,6000000.0,972
201800055779,18,11,4,150,5,2,1,1.0,6.0,97230,A,1473870.0,6000000.0,972
201800055780,18,1,7,1915,3,1,1,1.0,1.0,97228,A,1477851.0,6102905.0,972
201800055781,18,1,24,1635,1,1,1,1.0,7.0,97228,A,1477475.0,6103479.0,972
201800055782,18,11,13,1720,1,2,9,1.0,1.0,97228,A,1476123.0,6103639.0,972
201800055783,18,12,13,100,3,1,1,1.0,6.0,97228,A,1479307.0,6000000.0,972
201800055784,18,2,14,1830,4,1,1,1.0,1.0,97104,A,1601766.0,6172897.0,971
201800055785,18,3,6,1610,1,2,9,7.0,3.0,97124,A,1601671.0,6170821.0,971
201800055786,18,3,13,1545,1,2,3,1.0,1.0,97104,A,1601578.0,6174662.0,971
201800055787,18,4,7,40,5,2,1,2.0,6.0,97104,A,1601137.0,6173923.0,971
201800055788,18,5,25,1200,1,2,1,1.0,2.0,97104,A,1602351.0,6174609.0,971
201800055789,18,8,10,1830,2,2,3,1.0,3.0,97104,A,1602079.0,6174684.0,971
201800055790,18,10,28,2020,5,2,1,1.0,1.0,97104,A,1601766.0,6172897.0,971
201800055791,18,2,19,1230,1,1,1,1.0,1.0,97134,A,1605067.0,6176262.0,971
201800055792,18,5,10,530,1,1,1,1.0,6.0,97106,A,1614431.0,6177091.0,971
201800055793,18,5,19,2245,3,1,1,1.0,7.0,97134,A,1607286.0,6176335.0,971
201800055794,18,5,20,130,5,2,1,2.0,1.0,97106,A,1614382.0,6175408.0,971
201800055795,18,6,8,1450,1,1,2,1.0,3.0,97134,A,1605026.0,6174885.0,971
201800055796,18,8,24,1650,1,1,1,1.0,3.0,97134,A,1608452.0,6174743.0,971
201800055797,18,3,8,430,4,1,1,1.0,6.0,97106,A,1614187.0,6176891.0,971
201800055798,18,6,3,2155,3,2,1,1.0,6.0,97106,A,1615160.0,6177450.0,971
201800055799,18,8,26,1900,5,2,1,1.0,6.0,97106,A,1615988.0,6177390.0,971
201800055800,18,10,9,1150,1,2,9,1.0,6.0,97106,A,1612719.0,6177074.0,971
201800055801,18,1,24,825,1,2,1,1.0,3.0,97121,A,1622281.0,6178449.0,971
201800055802,18,3,2,2140,3,1,1,1.0,1.0,97121,A,1619222.0,6178013.0,971
201800055803,18,7,29,1305,1,2,1,1.0,6.0,97121,A,1622830.0,6178683.0,971
201800055804,18,8,26,1200,1,1,1,1.0,1.0,97121,A,1618152.0,6175977.0,971
201800055805,18,9,2,1300,1,1,1,1.0,7.0,97121,A,1618942.0,6177864.0,971
201800055806,18,12,23,2208,3,1,1,8.0,6.0,97121,A,1618802.0,6177587.0,971
201800055807,18,12,25,755,1,1,1,1.0,6.0,97121,A,1621233.0,6178017.0,971
201800055808,18,2,3,359,3,1,1,1.0,6.0,97111,A,1633177.0,6178781.0,971
201800055809,18,4,14,2355,3,1,1,1.0,7.0,97111,A,1627461.0,6180399.0,971
201800055810,18,6,11,810,1,2,4,1.0,7.0,97111,A,1631926.0,6177789.0,971
201800055811,18,6,23,1645,1,1,3,3.0,3.0,97111,A,1632305.0,6178514.0,971
201800055812,18,1,18,10,3,1,1,1.0,7.0,97107,A,1609478.0,6156342.0,971
201800055813,18,1,19,1820,5,1,1,1.0,3.0,97114,A,1614612.0,6158296.0,971
201800055814,18,1,29,1730,1,1,1,1.0,1.0,97114,A,1615527.0,6158542.0,971
201800055815,18,2,22,1215,1,1,1,1.0,1.0,97114,A,1611266.0,6157459.0,971
201800055816,18,3,8,650,1,1,1,1.0,1.0,97107,A,1610594.0,6156542.0,971
201800055817,18,2,25,800,1,1,1,1.0,2.0,97107,A,1599464.0,6160910.0,971
201800055818,18,3,15,1850,4,2,1,1.0,6.0,97107,A,1605596.0,6156659.0,971
201800055819,18,3,23,1930,5,2,3,1.0,3.0,97114,A,1613455.0,6157209.0,971
201800055820,18,3,31,2110,3,1,2,1.0,3.0,97107,A,1605518.0,6161174.0,971
201800055821,18,4,22,2100,3,1,1,2.0,1.0,97107,A,1599836.0,6160477.0,971
201800055822,18,5,2,2115,5,2,1,1.0,5.0,97107,A,1605518.0,6161174.0,971
201800055823,18,7,14,930,1,1,3,1.0,2.0,97114,A,1614617.0,6158278.0,971
201800055824,18,7,14,630,1,1,3,1.0,6.0,97107,A,1606497.0,6157675.0,971
201800055825,18,7,16,1700,1,2,1,1.0,6.0,97107,A,1609824.0,6156303.0,971
201800055826,18,7,16,2005,3,1,1,1.0,6.0,97114,A,1613540.0,6158108.0,971
201800055827,18,8,16,750,1,1,1,1.0,1.0,97114,A,1612195.0,6161507.0,971
201800055828,18,8,18,645,1,1,1,1.0,1.0,97107,A,1605777.0,6156536.0,971
201800055829,18,9,8,2030,3,1,4,1.0,6.0,97114,A,1611111.0,6157238.0,971
201800055830,18,9,20,1800,1,1,1,1.0,1.0,97107,A,1610103.0,6156422.0,971
201800055831,18,10,23,1400,1,2,1,1.0,5.0,97107,A,1601184.0,6158942.0,971
201800055832,18,11,21,1430,1,1,4,1.0,3.0,97107,A,1607401.0,6158682.0,971
201800055833,18,12,19,1500,1,1,1,1.0,1.0,97114,A,1615758.0,6158580.0,971
201800055834,18,12,24,520,3,1,1,1.0,6.0,97114,A,1615428.0,6158506.0,971
201800055835,18,1,31,945,1,2,1,1.0,6.0,97131,A,1587414.0,6158246.0,971
201800055836,18,3,19,730,1,2,1,1.0,7.0,97131,A,1586576.0,6158328.0,971
201800055837,18,7,6,1430,1,2,1,1.0,6.0,97130,A,1585862.0,6162407.0,971
201800055838,18,8,14,1700,1,1,1,1.0,1.0,97131,A,1585945.0,6160033.0,971
201800055839,18,8,18,1130,1,2,3,1.0,6.0,97131,A,1586338.0,6158449.0,971
201800055840,18,11,6,630,2,2,1,2.0,7.0,97130,A,1585830.0,6162379.0,971
201800055841,18,12,23,1035,1,2,1,1.0,7.0,97131,A,1586832.0,6158237.0,971
201800055842,18,12,25,325,3,1,1,1.0,7.0,97130,A,1584772.0,6162802.0,971
201800055843,18,1,4,1345,1,1,4,1.0,3.0,97115,A,,,971
201800055844,18,2,11,1200,1,2,1,1.0,6.0,97115,A,1625238.0,6165358.0,971
201800055845,18,2,11,2109,5,2,1,1.0,6.0,97115,A,1626596.0,6162970.0,971
201800055846,18,3,19,1645,1,1,9,1.0,3.0,97115,A,1623759.0,6166960.0,971
201800055847,18,6,24,1705,1,1,1,1.0,6.0,97115,A,1623729.0,6165815.0,971
201800055848,18,6,14,830,1,1,1,1.0,3.0,97115,A,1625915.0,6163567.0,971
201800055849,18,7,8,2000,3,1,1,3.0,5.0,97115,A,1627918.0,6166777.0,971
201800055850,18,7,26,600,1,1,2,1.0,1.0,97115,A,1626215.0,6163741.0,971
201800055851,18,8,2,2000,3,2,9,1.0,2.0,97115,A,1626534.0,6164096.0,971
201800055852,18,10,4,1930,3,1,9,1.0,3.0,97115,A,1628251.0,6166258.0,971
201800055853,18,11,22,1400,1,2,2,1.0,3.0,97115,A,1622886.0,6165539.0,971
201800055854,18,12,19,2045,3,1,3,2.0,6.0,97115,A,1626192.0,6163728.0,971
201800055855,18,2,11,1000,1,1,1,1.0,3.0,97118,A,1618726.0,6160719.0,971
201800055856,18,2,13,1655,1,1,1,1.0,6.0,97118,A,1618092.0,6168424.0,971
201800055857,18,3,9,1900,3,1,1,1.0,3.0,97118,A,1619838.0,6164371.0,971
201800055858,18,7,6,1335,1,1,1,1.0,6.0,97118,A,1619780.0,6160025.0,971
201800055859,18,7,28,1915,3,2,1,1.0,6.0,97118,A,1620317.0,6162096.0,971
201800055860,18,10,23,2300,3,1,1,1.0,7.0,97118,A,1618831.0,6161871.0,971
201800055861,18,2,10,230,5,2,1,2.0,1.0,97129,A,1629373.0,6171065.0,971
201800055862,18,3,18,1200,1,1,1,1.0,1.0,97129,A,1629373.0,6171065.0,971
201800055863,18,4,29,1030,1,2,1,1.0,6.0,97129,A,1631439.0,6170368.0,971
201800055864,18,5,5,30,3,1,1,2.0,7.0,97129,A,1631765.0,6168539.0,971
201800055865,18,7,1,1940,3,1,3,1.0,1.0,97129,A,1634934.0,6172372.0,971
201800055866,18,7,18,1900,3,1,1,1.0,1.0,97129,A,1634639.0,6171991.0,971
201800055867,18,8,29,700,1,2,1,1.0,1.0,97129,A,1629373.0,6171065.0,971
201800055868,18,10,7,1115,1,1,1,2.0,1.0,97129,A,1635351.0,6173001.0,971
201800055869,18,11,17,1120,1,1,1,1.0,6.0,97129,A,1634631.0,6172791.0,971
201800055870,18,12,2,1750,5,2,1,1.0,4.0,97129,A,1628941.0,6167746.0,971
201800055871,18,12,8,415,5,1,1,2.0,1.0,97129,A,1633707.0,6174313.0,971
201800055872,18,1,2,1430,1,1,1,1.0,1.0,97112,A,,,971
201800055873,18,1,5,1350,1,1,1,1.0,7.0,97108,A,,,971
201800055874,18,2,8,2150,4,1,1,8.0,7.0,97112,A,1587095.0,6128590.0,971
201800055875,18,2,12,745,1,2,1,1.0,2.0,97108,A,1590217.0,6125035.0,971
201800055876,18,4,26,2115,3,1,1,2.0,7.0,97112,A,1592660.0,6131411.0,971
201800055877,18,4,29,5,3,1,1,1.0,6.0,97108,A,1590351.0,6125409.0,971
201800055878,18,5,18,2130,3,1,1,1.0,5.0,97112,A,1590523.0,6128460.0,971
201800055879,18,5,26,1855,3,1,1,1.0,7.0,97112,A,1590837.0,6128012.0,971
201800055880,18,6,30,945,1,1,1,1.0,3.0,97126,A,1596620.0,6127561.0,971
201800055881,18,7,29,1630,1,1,1,1.0,1.0,97112,A,1589315.0,6131143.0,971
201800055882,18,9,1,1440,1,1,1,1.0,7.0,97108,A,1592224.0,6122959.0,971
201800055883,18,9,7,1830,2,1,1,2.0,5.0,97112,A,1590693.0,6128254.0,971
201800055884,18,9,12,1745,2,1,1,1.0,6.0,97112,A,1590713.0,6126636.0,971
201800055885,18,11,18,1050,1,1,1,1.0,3.0,97112,A,1592127.0,6130383.0,971
201800055886,18,1,14,1030,1,2,1,1.0,7.0,97110,A,1630324.0,6107488.0,971
201800055887,18,4,28,1930,5,1,1,1.0,6.0,97110,A,1629719.0,6108782.0,971
201800055888,18,9,8,2015,5,1,1,1.0,6.0,97110,A,1629696.0,6108904.0,971
201800055889,18,1,9,550,3,1,1,1.0,1.0,97117,A,1631285.0,6129854.0,971
201800055890,18,1,19,1015,1,2,1,1.0,6.0,97117,A,1632945.0,6134063.0,971
201800055891,18,1,21,1415,1,2,2,1.0,3.0,97117,A,1632662.0,6135225.0,971
201800055892,18,1,23,1945,5,2,6,1.0,6.0,97117,A,1632925.0,6135208.0,971
201800055893,18,2,19,1300,1,1,1,1.0,1.0,97117,A,1629750.0,6132282.0,971
201800055894,18,3,2,800,1,1,1,1.0,2.0,97117,A,1629809.0,6135620.0,971
201800055895,18,4,1,1900,5,1,3,1.0,6.0,97117,A,1633019.0,6133711.0,971
201800055896,18,4,18,2315,3,1,1,1.0,5.0,97117,A,1630643.0,6130640.0,971
201800055897,18,4,28,1415,1,1,3,1.0,1.0,97117,A,1633246.0,6139576.0,971
201800055898,18,4,26,1230,1,1,1,1.0,6.0,97117,A,1634569.0,6141188.0,971
201800055899,18,5,20,1620,1,1,1,1.0,1.0,97117,A,1632671.0,6140273.0,971
201800055900,18,5,22,1315,1,1,1,2.0,1.0,97117,A,1637623.0,6141333.0,971
201800055901,18,6,2,1325,1,1,1,1.0,1.0,97117,A,1633112.0,6139248.0,971
201800055902,18,7,13,1119,1,1,1,1.0,1.0,97117,A,1630156.0,6133624.0,971
201800055903,18,7,19,1548,1,2,3,1.0,3.0,97117,A,1629289.0,6134836.0,971
201800055904,18,11,13,1255,1,1,1,1.0,1.0,97117,A,1632036.0,6137126.0,971
201800055905,18,11,13,2046,3,1,1,1.0,6.0,97117,A,1632036.0,6137126.0,971
201800055906,18,12,3,1500,1,2,1,1.0,2.0,97117,A,1632972.0,6134408.0,971
201800055907,18,12,13,1205,1,1,1,1.0,7.0,97117,A,1631212.0,6134573.0,971
201800055908,18,12,18,1400,1,1,1,1.0,7.0,97117,A,1634096.0,6138360.0,971
201800055909,18,2,20,730,1,2,2,1.0,3.0,97119,A,1639065.0,6145478.0,971
201800055910,18,3,15,1641,1,1,3,1.0,3.0,97119,A,1638505.0,6148291.0,971
201800055911,18,3,26,1240,1,2,1,1.0,6.0,97122,A,1641658.0,6153127.0,971
201800055912,18,3,14,1850,5,1,1,1.0,6.0,97102,A,1644215.0,6142702.0,971
201800055913,18,4,1,1900,3,1,1,1.0,6.0,97119,A,1639654.0,6141994.0,971
201800055914,18,4,2,2115,5,1,1,1.0,1.0,97119,A,1638098.0,6145626.0,971
201800055915,18,4,11,1100,1,1,1,1.0,1.0,97119,A,1636914.0,6143483.0,971
201800055916,18,7,8,105,3,1,1,3.0,7.0,97119,A,1638186.0,6145680.0,971
201800055917,18,7,7,1420,1,1,2,1.0,3.0,97119,A,1637768.0,6145538.0,971
201800055918,18,7,14,1206,1,1,1,1.0,3.0,97122,A,1643061.0,6148322.0,971
201800055919,18,8,13,1800,1,2,2,1.0,1.0,97119,A,1639232.0,6146104.0,971
201800055920,18,8,27,1247,1,1,1,1.0,1.0,97119,A,1638044.0,6145563.0,971
201800055921,18,10,8,830,1,2,3,3.0,1.0,97119,A,1636906.0,6143621.0,971
201800055922,18,10,11,1745,4,1,1,1.0,7.0,97122,A,1644798.0,6151570.0,971
201800055923,18,10,22,1610,1,1,1,1.0,1.0,97119,A,1638931.0,6146588.0,971
201800055924,18,11,23,805,1,2,1,1.0,3.0,97102,A,1646987.0,6151487.0,971
201800055925,18,1,7,1145,1,2,9,1.0,3.0,97125,A,1625141.0,6127790.0,971
201800055926,18,1,7,1815,3,1,9,1.0,5.0,97125,A,1629025.0,6128913.0,971
201800055927,18,3,2,1800,2,1,1,7.0,6.0,97125,A,1624577.0,6129778.0,971
201800055928,18,4,10,620,2,1,3,1.0,1.0,97125,A,1628572.0,6128766.0,971
201800055929,18,5,12,1830,5,2,1,1.0,1.0,97125,A,1625410.0,6127754.0,971
201800055930,18,7,14,920,1,1,1,1.0,5.0,97125,A,1625773.0,6127312.0,971
201800055931,18,7,15,815,1,1,1,1.0,2.0,97125,A,1625871.0,6126315.0,971
201800055932,18,7,28,1145,1,1,2,1.0,5.0,97125,A,1626746.0,6131975.0,971
201800055933,18,8,5,1640,1,2,1,1.0,3.0,97125,A,1625065.0,6127994.0,971
201800055934,18,8,16,1645,1,2,6,1.0,3.0,97125,A,1625698.0,6127531.0,971
201800055935,18,11,6,1745,2,2,9,3.0,6.0,97125,A,1628335.0,6127909.0,971
201800055936,18,11,15,550,2,1,1,1.0,6.0,97125,A,1625520.0,6131451.0,971
201800055937,18,11,17,1930,5,1,3,1.0,6.0,97125,A,1624519.0,6130333.0,971
201800055938,18,11,24,1830,3,1,1,1.0,6.0,97125,A,1625135.0,6120920.0,971
201800055939,18,12,2,2200,3,1,1,1.0,6.0,97125,A,1626969.0,6127899.0,971
201800055940,18,12,6,1815,3,1,1,1.0,2.0,97125,A,1626211.0,6127609.0,971
201800055941,18,1,6,1855,3,2,1,1.0,1.0,97128,A,1626305.0,6137457.0,971
201800055942,18,1,27,1030,1,2,1,1.0,1.0,97128,A,1626242.0,6137770.0,971
201800055943,18,3,3,1505,1,1,1,1.0,5.0,97128,A,1625135.0,6134976.0,971
201800055944,18,3,8,1630,1,2,3,1.0,3.0,97128,A,1622732.0,6137528.0,971
201800055945,18,4,11,1905,5,1,1,1.0,6.0,97128,A,1625734.0,6138741.0,971
201800055946,18,7,28,1145,1,2,1,1.0,3.0,97128,A,1622434.0,6139348.0,971
201800055947,18,7,28,1535,1,2,1,1.0,1.0,97128,A,1622086.0,6140378.0,971
201800055948,18,8,10,1650,1,1,3,1.0,3.0,97128,A,1625505.0,6137203.0,971
201800055949,18,8,14,1430,1,1,3,1.0,3.0,97128,A,1627420.0,6135566.0,971
201800055950,18,8,21,500,5,1,1,1.0,3.0,97128,A,1626194.0,6139049.0,971
201800055951,18,9,11,1925,5,1,1,1.0,6.0,97128,A,1628696.0,6136971.0,971
201800055952,18,10,4,2050,3,1,1,1.0,1.0,97128,A,1625049.0,6134595.0,971
201800055953,18,11,18,345,4,2,1,1.0,1.0,97128,A,1623239.0,6142126.0,971
201800055954,18,12,2,1,5,2,1,1.0,6.0,97128,A,1625231.0,6143411.0,971
201800055955,18,12,18,1730,1,1,1,1.0,1.0,97128,A,1625734.0,6138741.0,971
201800055956,18,12,21,1805,5,2,3,1.0,3.0,97128,A,1622397.0,6139080.0,971
201800055957,18,1,9,630,1,1,1,1.0,3.0,97116,A,1632270.0,6141653.0,971
201800055958,18,5,7,130,3,2,1,1.0,1.0,97116,A,1632795.0,6145419.0,971
201800055959,18,6,10,1800,1,2,1,1.0,3.0,97116,A,1630970.0,6148801.0,971
201800055960,18,6,16,1500,1,1,1,1.0,1.0,97116,A,1631604.0,6151070.0,971
201800055961,18,7,1,550,2,1,1,1.0,6.0,97116,A,1635409.0,6145599.0,971
201800055962,18,7,5,1815,2,2,3,1.0,3.0,97116,A,1632898.0,6145227.0,971
201800055963,18,7,11,1500,1,1,1,1.0,2.0,97116,A,1632283.0,6147248.0,971
201800055964,18,9,3,1725,1,2,1,1.0,3.0,97116,A,1633966.0,6145637.0,971
201800055965,18,9,5,1345,1,1,1,1.0,1.0,97116,A,1632040.0,6149446.0,971
201800055966,18,9,11,1600,1,1,3,7.0,6.0,97116,A,1632531.0,6147959.0,971
201800055967,18,9,20,750,1,1,1,1.0,3.0,97116,A,1632468.0,6141024.0,971
201800055968,18,11,14,1635,1,2,3,1.0,3.0,97116,A,1632689.0,6146632.0,971
201800055969,18,12,2,1130,1,2,3,1.0,1.0,97116,A,1632539.0,6144585.0,971
201800055970,18,12,22,1130,1,1,1,1.0,6.0,97116,A,1629826.0,6146068.0,971
201800055971,18,1,3,1750,2,1,1,1.0,1.0,97305,G,494157.0,5241314.0,973
201800055972,18,3,1,1850,4,1,1,1.0,2.0,97305,G,501928.0,5248030.0,973
201800055973,18,4,10,1415,1,1,2,1.0,3.0,97305,G,494973.0,5242403.0,973
201800055974,18,4,18,1530,1,1,1,1.0,4.0,97305,G,491513.0,5237490.0,973
201800055975,18,4,19,1745,1,1,1,1.0,7.0,97313,G,493404.0,5250613.0,973
201800055976,18,5,3,20,3,1,6,1.0,6.0,97305,G,493172.0,5239939.0,973
201800055977,18,6,2,1500,1,2,2,1.0,3.0,97305,G,493084.0,5240767.0,973
201800055978,18,8,12,1530,1,1,1,1.0,6.0,97305,G,503642.0,5250512.0,973
201800055979,18,8,18,835,1,1,1,1.0,1.0,97305,G,506020.0,5253111.0,973
201800055980,18,9,8,2245,3,1,1,1.0,6.0,97313,G,478484.0,5242481.0,973
201800055981,18,9,10,805,1,1,1,1.0,3.0,97305,G,490852.0,5236868.0,973
201800055982,18,10,7,2212,4,1,6,1.0,7.0,97305,G,493459.0,5240484.0,973
201800055983,18,10,21,1730,1,1,1,1.0,5.0,97305,G,490852.0,5236868.0,973
201800055984,18,10,24,1750,1,1,1,1.0,2.0,97305,G,504720.0,5251805.0,973
201800055985,18,10,26,1330,1,1,3,1.0,6.0,97305,G,498021.0,5244407.0,973
201800055986,18,11,13,1300,1,1,1,1.0,2.0,97305,G,494189.0,5241340.0,973
201800055987,18,11,17,1650,1,2,1,1.0,6.0,97305,G,497918.0,5250512.0,973
201800055988,18,11,18,1235,1,1,1,1.0,6.0,97305,G,505276.0,5258260.0,973
201800055989,18,12,5,2145,3,1,1,3.0,4.0,97305,G,491551.0,5237559.0,973
201800055990,18,12,12,2250,3,1,1,1.0,1.0,97305,G,498791.0,5244787.0,973