Num_Acc,an,mois,jour,hrmn,lum,agg,int,atm,col,com,gps,lat,long,dep
201800055991,18,2,5,1624,1,1,1,1.0,7.0,97304,G,515027.0,5270001.0,973
201800055992,18,2,14,2340,3,2,1,1.0,6.0,97304,G,515827.0,5267109.0,973
201800055993,18,2,16,1530,1,1,1,2.0,6.0,97304,G,515193.0,5287001.0,973
201800055994,18,2,26,1600,1,2,1,1.0,6.0,97304,G,492457.0,5277420.0,973
201800055995,18,3,9,1030,1,1,1,1.0,7.0,97304,G,515230.0,5285340.0,973
201800055996,18,4,15,830,1,1,1,1.0,5.0,97304,G,509895.0,5262102.0,973
201800055997,18,5,9,1000,1,2,2,8.0,5.0,97304,G,516028.0,5264322.0,973
201800055998,18,5,13,620,2,2,1,1.0,6.0,97304,G,516120.0,5262949.0,973
201800055999,18,5,15,1310,1,2,3,1.0,3.0,97304,G,516242.0,5264496.0,973
201800056000,18,6,25,755,1,2,1,1.0,3.0,97304,G,515573.0,5265920.0,973
201800056001,18,7,3,1030,1,2,1,1.0,1.0,97304,G,517468.0,5265273.0,973
201800056002,18,7,20,1745,1,2,1,1.0,6.0,97304,G,516417.0,5263746.0,973
201800056003,18,9,8,1635,1,2,3,1.0,3.0,97304,G,515624.0,5266721.0,973
201800056004,18,9,28,1725,1,1,1,1.0,7.0,97304,G,515608.0,5266073.0,973
201800056005,18,10,4,700,2,2,6,7.0,6.0,97304,G,517211.0,5264995.0,973
201800056006,18,11,6,2225,5,2,1,1.0,6.0,97304,G,516655.0,5264020.0,973
201800056007,18,11,25,320,3,1,1,8.0,1.0,97305,G,503578.0,5250412.0,973
201800056008,18,12,4,704,1,2,1,1.0,3.0,97304,G,515587.0,5267029.0,973
201800056009,18,12,8,645,1,1,1,8.0,6.0,97304,G,515536.0,5287728.0,973
201800056010,18,1,28,1030,1,2,1,1.0,3.0,97312,G,537744.0,5295511.0,973
201800056011,18,7,9,2215,3,1,1,1.0,5.0,97312,G,521844.0,5291711.0,973
201800056012,18,12,21,2330,5,1,1,1.0,1.0,97312,G,536622.0,5295056.0,973
201800056013,18,12,22,330,3,1,1,2.0,7.0,97312,G,518294.0,5291470.0,973
201800056014,18,8,15,630,1,1,1,1.0,7.0,97303,G,554587.0,5344678.0,973
201800056015,18,8,10,1315,1,1,1,1.0,7.0,97301,G,434866.0,5225840.0,973
201800056016,18,5,31,720,1,2,1,2.0,3.0,97308,G,389401.0,5180280.0,973
201800056017,18,6,2,1030,1,1,1,8.0,1.0,97310,G,474337.0,5241354.0,973
201800056018,18,11,27,1430,1,1,1,3.0,1.0,97310,G,483437.0,5233946.0,973
201800056019,18,2,8,1245,1,2,1,1.0,1.0,97311,G,549136.0,5401888.0,973
201800056020,18,2,16,1950,5,2,3,1.0,3.0,97311,G,549672.0,5402983.0,973
201800056021,18,3,13,1935,5,2,1,1.0,6.0,97311,G,549516.0,5402122.0,973
201800056022,18,3,15,1450,1,2,1,1.0,7.0,97311,G,542612.0,5404920.0,973
201800056023,18,3,23,2045,3,1,1,1.0,6.0,97311,G,552937.0,5395022.0,973
201800056024,18,4,6,935,1,2,2,1.0,1.0,97311,G,549995.0,5403193.0,973
201800056025,18,5,8,230,3,2,4,1.0,3.0,97311,G,549050.0,5403239.0,973
201800056026,18,6,6,615,1,2,3,2.0,6.0,97311,G,549013.0,5403590.0,973
201800056027,18,6,23,1930,3,1,1,1.0,1.0,97311,G,548185.0,5394960.0,973
201800056028,18,6,25,1110,1,2,2,2.0,3.0,97311,G,549922.0,5402982.0,973
201800056029,18,6,28,1400,1,2,1,1.0,4.0,97311,G,549516.0,5402122.0,973
201800056030,18,6,30,210,5,2,3,1.0,1.0,97311,G,549045.0,5403242.0,973
201800056031,18,7,6,1430,1,2,2,7.0,3.0,97311,G,548715.0,5403609.0,973
201800056032,18,7,15,1145,1,2,3,1.0,3.0,97311,G,547983.0,5403706.0,973
201800056033,18,8,2,1900,5,2,1,1.0,6.0,97311,G,549672.0,5402983.0,973
201800056034,18,8,13,200,3,1,1,1.0,1.0,97311,G,544246.0,5390327.0,973
201800056035,18,8,13,1950,5,2,2,1.0,3.0,97311,G,549789.0,5403127.0,973
201800056036,18,8,18,1150,1,2,2,1.0,3.0,97311,G,549963.0,5403033.0,973
201800056037,18,9,4,2315,5,2,1,1.0,3.0,97311,G,549509.0,5403426.0,973
201800056038,18,10,10,1300,1,2,1,1.0,6.0,97311,G,548357.0,5403542.0,973
201800056039,18,10,29,1800,2,1,1,1.0,3.0,97311,G,554054.0,5394400.0,973
201800056040,18,11,6,1600,1,2,2,1.0,3.0,97311,G,549313.0,5401868.0,973
201800056041,18,11,7,1350,1,2,3,1.0,1.0,97311,G,550107.0,5402790.0,973
201800056042,18,11,9,2020,3,1,1,1.0,3.0,97311,G,515320.0,5397493.0,973
201800056043,18,11,16,1200,1,2,2,3.0,3.0,97311,G,549537.0,5403040.0,973
201800056044,18,11,16,1640,1,2,1,1.0,6.0,97311,G,549516.0,5402122.0,973
201800056045,18,11,18,1005,1,2,2,1.0,3.0,97311,G,550366.0,5402941.0,973
201800056046,18,11,23,1745,2,2,3,1.0,3.0,97311,G,548136.0,5402786.0,973
201800056047,18,12,1,930,1,2,9,1.0,3.0,97311,G,548166.0,5404190.0,973
201800056048,18,12,3,1140,1,2,3,2.0,3.0,97311,G,549313.0,5403143.0,973
201800056049,18,12,7,1240,1,1,1,1.0,3.0,97311,G,549516.0,5402122.0,973
201800056050,18,12,15,1400,1,2,1,1.0,2.0,97311,G,549037.0,5403260.0,973
201800056051,18,12,22,200,3,1,9,1.0,6.0,97311,G,545608.0,5400170.0,973
201800056052,18,12,23,2325,5,2,1,2.0,1.0,97311,G,548913.0,5401890.0,973
201800056053,18,3,13,1245,1,1,1,1.0,1.0,97306,G,552238.0,5353172.0,973
201800056054,18,3,18,1225,1,1,1,1.0,7.0,97306,G,560122.0,5388639.0,973
201800056055,18,4,1,2044,3,1,1,3.0,6.0,97306,G,544908.0,5377706.0,973
201800056056,18,5,18,530,2,1,1,2.0,2.0,97306,G,560897.0,5388385.0,973
201800056057,18,7,4,1340,1,1,9,1.0,3.0,97306,G,558627.0,5383702.0,973
201800056058,18,11,4,1245,1,1,1,1.0,2.0,97306,G,560171.0,5364907.0,973
201800056059,18,11,30,2300,3,2,1,1.0,6.0,97306,G,565123.0,5379944.0,973
201800056060,18,12,28,1945,3,1,1,1.0,6.0,97306,G,570103.0,5384405.0,973
201800056061,18,6,8,500,3,1,1,1.0,6.0,97408,R,2092287.0,5534416.0,974
201800056062,18,10,8,1000,1,2,6,1.0,7.0,97408,R,2095742.0,5533616.0,974
201800056063,18,1,11,1600,1,2,1,1.0,1.0,97418,R,2089648.0,5556809.0,974
201800056064,18,3,8,1915,3,1,1,1.0,6.0,97418,R,2089714.0,5556354.0,974
201800056065,18,7,16,2220,3,1,1,1.0,6.0,97418,R,2090239.0,5553550.0,974
201800056066,18,7,22,2030,5,1,1,1.0,1.0,97418,R,2089911.0,5550701.0,974
201800056067,18,10,11,1330,1,1,1,1.0,3.0,97418,R,2092025.0,5553187.0,974
201800056068,18,12,1,638,1,2,6,1.0,1.0,97418,R,2089755.0,5551107.0,974
201800056069,18,12,7,2000,3,1,1,1.0,1.0,97418,R,2089901.0,5556726.0,974
201800056070,18,2,18,1230,1,1,1,1.0,3.0,97420,R,2094382.0,5563380.0,974
201800056071,18,3,16,2010,3,2,1,3.0,3.0,97420,R,2090599.0,5559959.0,974
201800056072,18,4,9,1825,2,1,1,1.0,4.0,97420,R,2091725.0,5562286.0,974
201800056073,18,4,14,15,3,1,1,1.0,7.0,97420,R,2093182.0,5563411.0,974
201800056074,18,5,20,1230,1,2,1,1.0,3.0,97420,R,2092878.0,5563519.0,974
201800056075,18,7,25,1720,1,1,1,7.0,6.0,97420,R,2092851.0,5557465.0,974
201800056076,18,10,6,2015,3,2,1,1.0,1.0,97420,R,2093775.0,5563811.0,974
201800056077,18,10,19,1020,1,2,6,1.0,6.0,97420,R,2090490.0,5560017.0,974
201800056078,18,6,16,1735,1,1,3,1.0,3.0,97402,R,2099003.0,5566105.0,974
201800056079,18,7,15,319,3,1,1,8.0,6.0,97402,R,2098661.0,5565525.0,974
201800056080,18,7,7,1130,1,2,1,1.0,6.0,97402,R,2099606.0,5567884.0,974
201800056081,18,9,9,1045,1,1,1,1.0,6.0,97402,R,2099537.0,5566875.0,974
201800056082,18,11,2,1640,1,1,1,1.0,3.0,97402,R,2099039.0,5566199.0,974
201800056083,18,12,6,550,1,2,1,7.0,6.0,97402,R,2099651.0,5567970.0,974
201800056084,18,12,21,2000,3,2,1,1.0,7.0,97402,R,2099065.0,5569338.0,974
201800056085,18,1,14,1630,1,1,1,1.0,2.0,97419,R,2118066.0,5582655.0,974
201800056086,18,2,11,1045,1,1,4,1.0,7.0,97419,R,2118962.0,5582235.0,974
201800056087,18,5,30,1715,1,2,9,2.0,3.0,97419,R,2112825.0,5579380.0,974
201800056088,18,7,14,30,3,2,1,2.0,1.0,97419,R,2112019.0,5575708.0,974
201800056089,18,7,14,1345,1,2,1,7.0,6.0,97419,R,2112662.0,5578505.0,974
201800056090,18,9,16,1505,1,1,1,2.0,1.0,97419,R,2121964.0,5580685.0,974
201800056091,18,12,22,1255,1,1,1,3.0,1.0,97419,R,2121686.0,5580926.0,974
201800056092,18,2,25,945,1,1,1,1.0,1.0,97421,R,2103412.0,5552376.0,974
201800056093,18,3,31,2140,3,2,1,1.0,6.0,97421,R,2101813.0,5549879.0,974
201800056094,18,9,10,635,1,1,1,1.0,3.0,97421,R,2103376.0,5553738.0,974
201800056095,18,10,7,1700,1,1,1,1.0,1.0,97421,R,2103111.0,5552139.0,974
201800056096,18,10,18,645,1,2,1,1.0,6.0,97421,R,2103361.0,5550660.0,974
201800056097,18,11,10,1100,1,2,1,1.0,1.0,97421,R,2106824.0,5552189.0,974
201800056098,18,12,24,1515,1,1,1,1.0,7.0,97421,R,2105597.0,5552738.0,974
201800056099,18,2,15,1030,1,2,1,1.0,6.0,97415,R,2100344.0,5528136.0,974
201800056100,18,2,17,1315,1,2,2,1.0,3.0,97415,R,2100553.0,5527960.0,974
201800056101,18,3,9,815,1,1,1,1.0,3.0,97415,R,2103975.0,5521868.0,974
201800056102,18,4,14,2005,5,2,1,1.0,6.0,97415,R,2100553.0,5527960.0,974
201800056103,18,3,13,1515,1,2,3,1.0,3.0,97415,R,2100085.0,5528311.0,974
201800056104,18,7,11,2000,5,2,3,1.0,3.0,97415,R,2105995.0,5522297.0,974
201800056105,18,6,19,1030,1,2,9,1.0,3.0,97415,R,2100310.0,5528049.0,974
201800056106,18,7,8,1445,1,1,1,1.0,6.0,97415,R,2098123.0,5531289.0,974
201800056107,18,8,6,630,3,1,1,1.0,1.0,97415,R,2104466.0,5532247.0,974
201800056108,18,8,17,830,1,2,1,1.0,2.0,97415,R,2101155.0,5527345.0,974
201800056109,18,8,28,650,1,2,1,1.0,3.0,97415,R,2100738.0,5527824.0,974
201800056110,18,10,1,230,3,1,1,1.0,3.0,97415,R,2098473.0,5529180.0,974
201800056111,18,10,3,35,5,2,6,1.0,1.0,97415,R,2099183.0,5528767.0,974
201800056112,18,10,24,1645,1,2,1,1.0,6.0,97415,R,2100906.0,5527074.0,974
201800056113,18,11,5,2025,5,2,2,1.0,3.0,97415,R,2100101.0,5528117.0,974
201800056114,18,11,9,730,1,2,3,1.0,3.0,97415,R,2100509.0,5527996.0,974
201800056115,18,12,26,1215,1,1,6,1.0,3.0,97415,R,2097177.0,5531488.0,974
201800056116,18,1,11,130,3,2,1,1.0,1.0,97415,R,2105154.0,5522945.0,974
201800056117,18,1,28,2210,3,2,4,1.0,1.0,97415,R,2102931.0,5522698.0,974
201800056118,18,2,20,1515,1,1,1,3.0,7.0,97415,R,2103452.0,5524936.0,974
201800056119,18,3,11,200,5,2,1,1.0,6.0,97415,R,2105597.0,5522810.0,974
201800056120,18,3,21,950,1,1,1,1.0,2.0,97415,R,2104722.0,5524838.0,974
201800056121,18,4,11,930,1,2,1,1.0,3.0,97415,R,2105996.0,5522430.0,974
201800056122,18,7,7,440,5,2,1,1.0,1.0,97415,R,2105995.0,5522297.0,974
201800056123,18,7,19,545,1,2,1,1.0,7.0,97415,R,2104960.0,5522217.0,974
201800056124,18,8,12,915,1,1,1,1.0,5.0,97415,R,2104466.0,5532247.0,974
201800056125,18,10,14,2130,3,1,1,1.0,5.0,97415,R,2105683.0,5522626.0,974
201800056126,18,10,4,2100,3,1,1,1.0,1.0,97415,R,2106505.0,5524364.0,974
201800056127,18,10,24,1430,1,1,9,1.0,3.0,97415,R,2104341.0,5523510.0,974
201800056128,18,10,31,2120,3,1,1,1.0,5.0,97415,R,2107767.0,5525307.0,974
201800056129,18,12,8,225,3,1,1,1.0,5.0,97415,R,2104466.0,5532247.0,974
201800056130,18,12,23,350,3,1,1,9.0,6.0,97415,R,2109019.0,5525699.0,974
201800056131,18,12,30,555,1,2,6,7.0,6.0,97415,R,2106116.0,5522328.0,974
201800056132,18,4,27,2045,3,2,6,1.0,3.0,97415,R,2105466.0,5522692.0,974
201800056133,18,5,18,1245,1,2,1,1.0,6.0,97415,R,2108675.0,5526767.0,974
201800056134,18,5,24,1300,1,1,1,1.0,6.0,97415,R,2109585.0,5528866.0,974
201800056135,18,8,17,820,1,1,1,1.0,1.0,97415,R,2105666.0,5530813.0,974
201800056136,18,9,15,915,1,1,4,1.0,3.0,97415,R,2103416.0,5527675.0,974
201800056137,18,11,1,1835,2,1,1,1.0,3.0,97415,R,2106724.0,5524968.0,974
201800056138,18,2,11,1730,1,1,1,5.0,6.0,97423,R,2110802.0,5528875.0,974
201800056139,18,9,16,1610,1,2,1,1.0,6.0,97423,R,2110516.0,5529491.0,974
201800056140,18,6,11,1300,1,2,9,1.0,1.0,97422,R,2127665.0,5554827.0,974
201800056141,18,4,15,1530,1,1,1,1.0,6.0,97424,R,2116223.0,5546952.0,974
201800056142,18,8,23,705,1,1,1,1.0,3.0,97424,R,2117687.0,5545571.0,974
201800056143,18,9,30,1155,1,1,1,2.0,6.0,97424,R,2116223.0,5546952.0,974
201800056144,18,10,6,1520,1,2,3,1.0,3.0,97424,R,2113836.0,5546734.0,974
201800056145,18,12,4,1015,1,1,1,1.0,1.0,97424,R,2116223.0,5546952.0,974
201800056146,18,10,13,2245,3,1,1,1.0,1.0,97403,R,2126518.0,5546501.0,974
201800056147,18,1,5,1735,1,1,1,3.0,6.0,97422,R,2123397.0,5554947.0,974
201800056148,18,4,27,1930,5,2,1,1.0,6.0,97422,R,2121641.0,5555155.0,974
201800056149,18,5,6,700,1,1,1,8.0,6.0,97422,R,2119086.0,5554782.0,974
201800056150,18,5,6,1700,2,1,1,1.0,3.0,97422,R,2123113.0,5564837.0,974
201800056151,18,6,6,800,1,1,1,2.0,4.0,97422,R,2121140.0,5556673.0,974
201800056152,18,6,16,1715,2,2,1,1.0,3.0,97422,R,2122395.0,5555212.0,974
201800056153,18,8,24,2010,3,2,1,1.0,1.0,97422,R,2122166.0,5553647.0,974
201800056154,18,9,25,1710,1,2,1,1.0,3.0,97422,R,2121518.0,5559049.0,974
201800056155,18,10,12,1335,1,2,1,1.0,6.0,97422,R,2123824.0,5554259.0,974
201800056156,18,11,19,1930,3,2,1,1.0,6.0,97422,R,2121800.0,5555780.0,974
201800056157,18,1,20,1445,1,1,1,1.0,7.0,97417,R,2134234.0,5579721.0,974
201800056158,18,2,25,1200,1,1,1,1.0,1.0,97417,R,2127281.0,5579521.0,974
201800056159,18,3,11,1645,1,1,1,1.0,2.0,97417,R,2125384.0,5579560.0,974
201800056160,18,12,30,1615,1,1,1,1.0,1.0,97417,R,2130874.0,5580140.0,974
201800056161,18,1,25,1430,1,1,1,1.0,5.0,97607,Y,1286878.0,4520563.0,976
201800056162,18,2,28,745,1,2,1,1.0,6.0,97610,Y,1273454.0,4519948.0,976
201800056163,18,5,20,1430,1,2,1,1.0,6.0,97610,Y,1274606.0,4522118.0,976
201800056164,18,6,15,1710,1,2,1,1.0,2.0,97610,Y,1274664.0,4522692.0,976
201800056165,18,11,12,1540,1,2,1,1.0,2.0,97610,Y,1273428.0,4515932.0,976
201800056166,18,11,13,1230,1,2,1,1.0,6.0,97610,Y,1273370.0,4516213.0,976
201800056167,18,11,24,1600,1,2,1,1.0,6.0,97610,Y,1274669.0,4518688.0,976
201800056168,18,11,24,2110,5,2,1,1.0,6.0,97610,Y,1274669.0,4518688.0,976
201800056169,18,11,25,1730,1,2,1,1.0,6.0,97607,Y,1285314.0,4517606.0,976
201800056170,18,11,29,1315,1,1,1,1.0,6.0,97610,Y,1274720.0,4522761.0,976
201800056171,18,12,1,510,2,2,1,1.0,6.0,97610,Y,1274520.0,4522438.0,976
201800056172,18,12,12,1550,1,1,1,1.0,6.0,97610,Y,1274669.0,4518688.0,976
201800056173,18,12,15,1900,3,2,1,1.0,6.0,97607,Y,1285314.0,4517606.0,976
201800056174,18,3,11,415,5,1,1,1.0,7.0,97608,Y,1278957.0,4526722.0,976
201800056175,18,6,1,1330,1,2,1,1.0,6.0,97608,Y,1279251.0,4527052.0,976
201800056176,18,6,7,2000,5,2,1,1.0,3.0,97608,Y,1278877.0,4526582.0,976
201800056177,18,7,30,2245,5,1,1,1.0,1.0,97608,Y,1277821.0,4528258.0,976
201800056178,18,8,4,1115,1,2,9,1.0,1.0,97608,Y,1278173.0,4527812.0,976
201800056179,18,8,5,1350,1,2,1,1.0,3.0,97615,Y,1279715.0,4528418.0,976
201800056180,18,8,14,1800,1,2,1,1.0,6.0,97608,Y,1278491.0,4527791.0,976
201800056181,18,9,8,1230,1,2,1,1.0,2.0,97608,Y,1278897.0,4527627.0,976
201800056182,18,9,17,1630,1,2,1,1.0,6.0,97615,Y,1279715.0,4528419.0,976
201800056183,18,10,6,1130,1,2,3,1.0,3.0,97615,Y,1279672.0,4528203.0,976
201800056184,18,10,11,2045,5,2,1,1.0,2.0,97615,Y,1279715.0,4528418.0,976
201800056185,18,11,24,625,2,1,1,1.0,1.0,97608,Y,1278586.0,4526004.0,976
201800056186,18,12,17,1545,1,2,1,1.0,6.0,97608,Y,1277821.0,4528258.0,976
201800056187,18,7,1,1200,1,1,1,1.0,6.0,97617,Y,1277862.0,4510637.0,976
201800056188,18,7,19,600,2,2,1,1.0,6.0,97614,Y,1283742.0,4512994.0,976
201800056189,18,9,17,45,3,1,7,1.0,6.0,97616,Y,1285720.0,4511545.0,976
201800056190,18,10,11,1930,3,2,3,1.0,6.0,97616,Y,1285720.0,4511545.0,976
201800056191,18,10,17,1600,1,1,1,1.0,6.0,97617,Y,1280980.0,4512778.0,976
201800056192,18,10,19,2150,5,2,1,1.0,1.0,97614,Y,1283742.0,4512994.0,976
201800056193,18,10,21,130,3,2,1,1.0,6.0,97605,Y,1282148.0,4511334.0,976
201800056194,18,10,20,330,5,2,1,1.0,6.0,97614,Y,1283367.0,4513258.0,976
201800056195,18,10,22,1520,1,2,1,1.0,6.0,97616,Y,1285745.0,4510241.0,976
201800056196,18,11,22,1915,5,2,1,1.0,3.0,97605,Y,1283452.0,4511396.0,976
201800056197,18,11,26,1140,1,1,1,3.0,6.0,97614,Y,1283742.0,4512993.0,976
201800056198,18,11,26,1015,1,2,1,8.0,1.0,97614,Y,1283742.0,4512994.0,976
201800056199,18,12,10,900,1,1,1,1.0,1.0,97614,Y,1283742.0,4512994.0,976
201800056200,18,1,31,1245,1,1,2,1.0,3.0,97103,A,1624202.0,6156325.0,971
201800056201,18,2,7,1410,1,2,1,1.0,5.0,97103,A,1624029.0,6162570.0,971
201800056202,18,1,29,2030,5,1,3,1.0,3.0,97103,A,1627164.0,6153991.0,971
201800056203,18,3,20,825,1,2,2,1.0,5.0,97103,A,1624791.0,6160279.0,971
201800056204,18,4,21,100,3,1,1,1.0,6.0,97103,A,1625893.0,6161084.0,971
201800056205,18,4,26,1730,1,1,4,1.0,1.0,97103,A,1625521.0,6156845.0,971
201800056206,18,6,15,1900,5,2,5,1.0,1.0,97103,A,1623523.0,6160551.0,971
201800056207,18,8,17,1330,1,1,9,1.0,1.0,97103,A,1625923.0,6161460.0,971
201800056208,18,8,20,2330,3,1,9,3.0,1.0,97103,A,1625311.0,6157294.0,971
201800056209,18,8,24,1300,1,2,3,1.0,6.0,97103,A,1624428.0,6155745.0,971
201800056210,18,8,24,1115,1,2,1,1.0,2.0,97103,A,1623682.0,6161684.0,971
201800056211,18,8,30,2105,5,1,1,2.0,3.0,97103,A,1624791.0,6160279.0,971
201800056212,18,10,21,2200,3,1,1,1.0,6.0,97103,A,1625071.0,6158788.0,971
201800056213,18,11,13,1850,5,2,1,1.0,6.0,97103,A,1625079.0,6159490.0,971
201800056214,18,12,7,1655,1,1,1,1.0,4.0,97103,A,1625311.0,6157294.0,971
201800056215,18,12,14,1800,2,1,1,1.0,5.0,97103,A,1626689.0,6156103.0,971
201800056216,18,12,18,1810,2,1,1,1.0,3.0,97103,A,1625871.0,6160855.0,971
201800056217,18,1,7,1830,2,2,1,1.0,7.0,97360,G,515284.0,5434188.0,973
201800056218,18,2,4,630,2,1,1,1.0,7.0,97360,G,515940.0,5434121.0,973
201800056219,18,5,15,1600,1,1,1,1.0,1.0,97360,G,513371.0,5432371.0,973
201800056220,18,1,10,1250,1,1,1,1.0,6.0,97613,Y,1275986.0,4508865.0,976
201800056221,18,6,24,1130,1,1,1,1.0,1.0,97613,Y,1275126.0,4508703.0,976
201800056222,18,7,13,1130,1,1,1,1.0,1.0,97602,Y,1273711.0,4511862.0,976
201800056223,18,9,29,1500,1,1,9,1.0,7.0,97602,Y,1268899.0,4510593.0,976
201800056224,18,10,26,500,2,2,1,1.0,6.0,97602,Y,1271306.0,4510614.0,976
201800056225,18,11,8,159,3,1,1,1.0,2.0,97613,Y,1276375.0,4510678.0,976
201800056226,18,12,27,2010,3,1,1,2.0,1.0,97602,Y,1272929.0,4513023.0,976
201800056227,18,1,9,1030,1,1,1,1.0,6.0,97606,Y,1291267.0,4515858.0,976
201800056228,18,3,12,1616,2,2,1,1.0,6.0,97606,Y,1293701.0,4514591.0,976
201800056229,18,4,14,1700,1,2,1,7.0,2.0,97603,Y,1290602.0,4519227.0,976
201800056230,18,5,22,1050,1,2,1,1.0,6.0,97606,Y,1295063.0,4514319.0,976
201800056231,18,6,7,1440,1,1,1,1.0,5.0,97604,Y,1292614.0,4511126.0,976
201800056232,18,7,22,750,1,1,1,1.0,4.0,97603,Y,1292480.0,4518064.0,976
201800056233,18,8,5,830,1,1,1,1.0,2.0,97603,Y,1291624.0,4519026.0,976
201800056234,18,9,18,715,1,1,1,1.0,1.0,97603,Y,1293225.0,4517334.0,976
201800056235,18,9,22,1030,1,1,1,2.0,6.0,97606,Y,1291027.0,4515796.0,976
201800056236,18,11,4,830,1,2,2,1.0,3.0,97603,Y,1297642.0,4518154.0,976
201800056237,18,11,14,1200,1,1,1,1.0,6.0,97603,Y,1293484.0,4516789.0,976
201800056238,18,12,22,1830,4,2,1,1.0,6.0,97603,Y,1296020.0,4517406.0,976
201800056239,18,1,8,730,1,2,1,1.0,2.0,97309,G,489943.0,5227380.0,973
201800056240,18,1,25,650,1,2,1,1.0,6.0,97309,G,488934.0,5227564.0,973
201800056241,18,2,22,900,1,1,1,1.0,6.0,97309,G,485937.0,5225980.0,973
201800056242,18,3,2,1215,1,2,1,1.0,5.0,97309,G,491860.0,5227794.0,973
201800056243,18,3,3,1740,3,1,1,2.0,6.0,97309,G,487992.0,5229444.0,973
201800056244,18,3,11,1330,1,1,1,1.0,3.0,97309,G,487447.0,5227809.0,973
201800056245,18,4,1,1745,2,2,1,1.0,1.0,97309,G,492075.0,5227987.0,973
201800056246,18,4,13,1750,1,2,1,1.0,1.0,97309,G,492075.0,5227987.0,973
201800056247,18,5,6,2000,5,1,2,1.0,1.0,97309,G,490110.0,5230599.0,973
201800056248,18,5,11,1715,1,2,1,8.0,5.0,97309,G,488789.0,5227604.0,973
201800056249,18,5,19,530,3,1,1,1.0,2.0,97309,G,488248.0,5229189.0,973
201800056250,18,5,21,1845,3,1,1,1.0,6.0,97309,G,488949.0,5227559.0,973
201800056251,18,5,25,1700,1,2,1,2.0,6.0,97309,G,489943.0,5227380.0,973
201800056252,18,6,15,1035,1,2,2,1.0,3.0,97309,G,488750.0,5228008.0,973
201800056253,18,7,3,1525,1,2,3,1.0,3.0,97309,G,491177.0,5227270.0,973
201800056254,18,7,3,1950,5,2,1,1.0,4.0,97309,G,492075.0,5227987.0,973
201800056255,18,7,10,2230,3,1,1,1.0,2.0,97309,G,486914.0,5230971.0,973
201800056256,18,8,11,2050,3,1,3,1.0,4.0,97309,G,487630.0,5227860.0,973
201800056257,18,8,11,2020,5,2,5,1.0,1.0,97309,G,490918.0,5228400.0,973
201800056258,18,8,14,1930,5,2,2,1.0,3.0,97309,G,491325.0,5227330.0,973
201800056259,18,8,21,1220,1,2,3,1.0,3.0,97309,G,489106.0,5228844.0,973
201800056260,18,8,27,1345,1,1,3,1.0,3.0,97309,G,489110.0,5228840.0,973
201800056261,18,9,2,540,2,2,6,1.0,7.0,97309,G,491963.0,5227907.0,973
201800056262,18,9,5,1900,5,2,3,1.0,1.0,97309,G,489787.0,5227890.0,973
201800056263,18,9,5,1935,5,2,1,1.0,3.0,97309,G,492075.0,5227987.0,973
201800056264,18,9,18,800,1,2,3,1.0,3.0,97309,G,490734.0,5226803.0,973
201800056265,18,9,20,830,1,1,3,1.0,3.0,97309,G,488563.0,5229661.0,973
201800056266,18,9,21,1100,1,2,3,1.0,3.0,97309,G,492075.0,5227987.0,973
201800056267,18,9,27,1640,1,2,3,1.0,6.0,97309,G,491609.0,5227037.0,973
201800056268,18,9,28,1830,5,2,2,1.0,1.0,97309,G,490769.0,5227285.0,973
201800056269,18,9,29,1910,5,2,3,1.0,3.0,97309,G,490004.0,5227374.0,973
201800056270,18,10,12,1730,1,1,1,1.0,2.0,97309,G,488587.0,5228568.0,973
201800056271,18,10,29,1635,1,2,1,1.0,3.0,97309,G,493240.0,5230825.0,973
201800056272,18,11,20,1930,5,2,1,1.0,4.0,97309,G,488754.0,5228064.0,973
201800056273,18,11,22,800,1,2,3,1.0,1.0,97309,G,492075.0,5227987.0,973
201800056274,18,12,7,1942,3,2,1,8.0,3.0,97309,G,492075.0,5227987.0,973
201800056275,18,12,9,1430,1,2,1,1.0,3.0,97309,G,491534.0,5227509.0,973
201800056276,18,12,15,2220,5,2,2,1.0,3.0,97309,G,490773.0,5227282.0,973
201800056277,18,3,22,1700,1,1,4,1.0,1.0,97415,R,2105004.0,5531263.0,974
201800056278,18,4,10,620,1,1,1,1.0,2.0,97415,R,2097439.0,5532834.0,974
201800056279,18,8,2,1620,1,2,3,1.0,3.0,97415,R,2098345.0,5533412.0,974
201800056280,18,12,8,2030,5,2,1,1.0,1.0,97415,R,2100353.0,5532313.0,974
201800056281,18,12,28,1515,1,2,1,1.0,7.0,97415,R,2098510.0,5533403.0,974
201800056282,18,4,17,640,1,1,1,1.0,2.0,97106,A,1616264.0,6177494.0,971
201800056283,18,1,7,415,5,2,1,2.0,6.0,97307,G,485129.0,5233046.0,973
201800056284,18,1,12,1635,1,2,1,1.0,6.0,97307,G,488185.0,5232103.0,973
201800056285,18,1,22,2130,3,2,1,1.0,6.0,97307,G,488177.0,5232102.0,973
201800056286,18,1,23,715,1,2,2,2.0,5.0,97307,G,488555.0,5234511.0,973
201800056287,18,1,25,1615,1,1,1,1.0,3.0,97307,G,489109.0,5233296.0,973