Num_Acc,an,mois,jour,hrmn,lum,agg,int,atm,col,com,gps,lat,long,dep
201800056288,18,2,1,810,1,1,1,3.0,3.0,97307,G,486033.0,5233366.0,973
201800056289,18,2,2,2005,3,2,1,1.0,6.0,97307,G,487204.0,5232515.0,973
201800056290,18,2,16,2110,3,1,1,1.0,3.0,97307,G,483243.0,5233953.0,973
201800056291,18,2,28,730,1,2,3,1.0,1.0,97307,G,485108.0,5232386.0,973
201800056292,18,3,3,1720,1,1,3,2.0,3.0,97307,G,478814.0,5235217.0,973
201800056293,18,3,13,1525,1,1,3,1.0,3.0,97307,G,489505.0,5233070.0,973
201800056294,18,3,21,2000,5,2,1,1.0,3.0,97307,G,489122.0,5233275.0,973
201800056295,18,3,31,1015,1,2,1,1.0,6.0,97307,G,484571.0,5232870.0,973
201800056296,18,4,11,1150,1,1,3,1.0,3.0,97307,G,484820.0,5231607.0,973
201800056297,18,4,15,2055,3,1,1,1.0,6.0,97307,G,486812.0,5231037.0,973
201800056298,18,4,16,1555,1,2,1,1.0,6.0,97307,G,487252.0,5232169.0,973
201800056299,18,4,19,1915,5,2,2,3.0,7.0,97307,G,488408.0,5233595.0,973
201800056300,18,5,5,2015,5,2,3,1.0,5.0,97307,G,487605.0,5233727.0,973
201800056301,18,5,20,2350,3,2,9,2.0,7.0,97307,G,482468.0,5233927.0,973
201800056302,18,5,21,1915,5,1,1,2.0,7.0,97307,G,487043.0,5233665.0,973
201800056303,18,5,25,845,1,2,2,1.0,3.0,97307,G,488695.0,5234049.0,973
201800056304,18,6,3,630,1,2,1,2.0,1.0,97307,G,488698.0,5233503.0,973
201800056305,18,6,5,1610,1,2,1,1.0,3.0,97307,G,487461.0,5233133.0,973
201800056306,18,6,9,915,1,1,1,1.0,3.0,97307,G,489312.0,5235254.0,973
201800056307,18,6,11,950,1,1,1,2.0,1.0,97307,G,489263.0,5235014.0,973
201800056308,18,6,26,1115,1,1,1,1.0,1.0,97307,G,490688.0,5236732.0,973
201800056309,18,7,4,745,1,1,1,1.0,6.0,97307,G,477465.0,5233883.0,973
201800056310,18,7,15,2215,5,2,3,1.0,3.0,97307,G,488716.0,5233504.0,973
201800056311,18,7,20,1530,1,2,1,1.0,3.0,97307,G,488410.0,5235922.0,973
201800056312,18,7,26,1615,1,2,2,1.0,3.0,97307,G,488698.0,5234049.0,973
201800056313,18,8,2,1155,1,2,1,1.0,3.0,97307,G,488931.0,5233385.0,973
201800056314,18,8,9,2230,3,1,1,1.0,2.0,97307,G,483664.0,5234408.0,973
201800056315,18,8,9,1950,3,1,3,1.0,3.0,97307,G,483252.0,5233954.0,973
201800056316,18,8,18,1700,1,2,1,1.0,7.0,97307,G,484188.0,5232859.0,973
201800056317,18,8,30,2225,3,1,1,1.0,2.0,97307,G,477029.0,5233915.0,973
201800056318,18,8,31,1315,1,2,1,1.0,6.0,97307,G,489476.0,5233152.0,973
201800056319,18,9,7,1920,5,2,1,1.0,2.0,97307,G,485121.0,5233035.0,973
201800056320,18,9,23,630,2,2,3,1.0,6.0,97307,G,488628.0,5234275.0,973
201800056321,18,10,4,1340,1,1,1,1.0,3.0,97307,G,483697.0,5234142.0,973
201800056322,18,10,5,1740,1,2,3,1.0,1.0,97307,G,483145.0,5233957.0,973
201800056323,18,10,7,445,3,1,1,1.0,7.0,97307,G,480881.0,5235824.0,973
201800056324,18,10,23,1745,1,2,1,1.0,1.0,97307,G,488347.0,5231761.0,973
201800056325,18,11,4,100,5,2,1,1.0,6.0,97307,G,487350.0,5232230.0,973
201800056326,18,11,13,1655,1,1,1,1.0,3.0,97307,G,489226.0,5234848.0,973
201800056327,18,11,23,1900,3,1,1,1.0,6.0,97307,G,477945.0,5234416.0,973
201800056328,18,12,4,1530,1,1,1,1.0,3.0,97307,G,486034.0,5231194.0,973
201800056329,18,12,23,1930,5,2,1,1.0,2.0,97307,G,483005.0,5234285.0,973
201800056330,18,12,31,1250,1,1,1,1.0,2.0,97307,G,483217.0,5233947.0,973
201800056331,18,1,11,1215,1,2,6,3.0,3.0,97415,R,2103084.0,5527047.0,974
201800056332,18,5,8,2300,3,1,1,1.0,6.0,97415,R,2106005.0,5527630.0,974
201800056333,18,7,7,600,5,2,1,1.0,6.0,97415,R,2104353.0,5526768.0,974
201800056334,18,7,29,1150,1,1,1,1.0,6.0,97415,R,2102377.0,5529324.0,974
201800056335,18,10,12,415,3,1,1,1.0,2.0,97415,R,2103935.0,5524863.0,974
201800056336,18,1,4,858,1,1,1,2.0,1.0,97415,R,2104199.0,5524083.0,974
201800056337,18,2,16,1420,1,1,3,1.0,3.0,97415,R,2097310.0,5529668.0,974
201800056338,18,2,28,900,1,2,9,1.0,3.0,97415,R,2099131.0,5528596.0,974
201800056339,18,5,6,530,2,2,1,1.0,1.0,97413,R,2116306.0,5528816.0,974
201800056340,18,7,2,1505,1,2,1,1.0,6.0,97415,R,2102663.0,5528673.0,974
201800056341,18,2,14,2325,5,2,1,1.0,6.0,97413,R,2116306.0,5528816.0,974
201800056342,18,2,12,1800,1,2,2,1.0,3.0,97413,R,2122159.0,5530719.0,974
201800056343,18,6,9,25,3,1,1,1.0,6.0,97413,R,2114196.0,5529068.0,974
201800056344,18,3,15,1935,5,2,1,1.0,6.0,97413,R,2120178.0,5529444.0,974
201800056345,18,3,21,700,1,2,3,1.0,2.0,97413,R,2119913.0,5529341.0,974
201800056346,18,3,26,1530,1,2,1,1.0,3.0,97413,R,2116611.0,5533335.0,974
201800056347,18,4,7,1800,5,2,1,1.0,7.0,97413,R,2118013.0,5528795.0,974
201800056348,18,5,1,1215,1,2,1,1.0,6.0,97413,R,2119742.0,5529278.0,974
201800056349,18,5,4,1830,3,1,9,1.0,3.0,97413,R,2123387.0,5529975.0,974
201800056350,18,7,12,2230,3,1,1,1.0,6.0,97413,R,2115692.0,5528419.0,974
201800056351,18,7,17,910,1,2,1,1.0,6.0,97413,R,2121392.0,5530407.0,974
201800056352,18,8,3,1015,1,1,1,1.0,2.0,97413,R,2122660.0,5529315.0,974
201800056353,18,9,25,1615,1,1,1,1.0,3.0,97413,R,2116611.0,5533335.0,974
201800056354,18,11,28,730,1,1,6,1.0,6.0,97413,R,2121791.0,5529929.0,974
201800056355,18,11,30,1845,2,2,1,1.0,7.0,97413,R,2119145.0,5530183.0,974
201800056356,18,12,1,1810,1,1,1,1.0,6.0,97413,R,2121742.0,5529727.0,974
201800056357,18,12,9,330,3,1,1,1.0,6.0,97413,R,2122958.0,5530975.0,974
201800056358,18,12,16,135,4,2,1,1.0,6.0,97413,R,2117066.0,5528809.0,974
201800056359,18,9,14,1340,1,1,1,1.0,1.0,97306,G,541151.0,5362792.0,973
201800056360,18,11,20,1435,1,2,1,1.0,6.0,97311,G,549175.0,5403190.0,973
201800056361,18,3,26,1205,1,2,3,1.0,3.0,97109,A,1599521.0,6169402.0,971
201800056362,18,5,30,1615,1,1,1,1.0,1.0,97109,A,1598478.0,6170614.0,971
201800056363,18,6,5,1641,1,1,1,7.0,7.0,97109,A,1600025.0,6169445.0,971
201800056364,18,10,27,920,1,1,1,1.0,1.0,97109,A,1596185.0,6170769.0,971
201800056365,18,11,17,145,5,2,1,1.0,6.0,97109,A,1599690.0,6169425.0,971
201800056366,18,11,23,1705,1,2,1,1.0,1.0,97109,A,1598129.0,6168064.0,971
201800056367,18,1,1,710,1,2,1,1.0,1.0,97414,R,2127210.0,5545093.0,974
201800056368,18,2,2,800,1,2,3,7.0,6.0,97414,R,2126675.0,5543604.0,974
201800056369,18,3,7,1910,5,2,6,1.0,5.0,97414,R,2127922.0,5541315.0,974
201800056370,18,4,12,720,2,2,1,1.0,6.0,97414,R,2129064.0,5540581.0,974
201800056371,18,4,17,1920,5,2,2,2.0,3.0,97414,R,2128283.0,5543704.0,974
201800056372,18,4,19,1720,1,2,1,1.0,3.0,97414,R,2126578.0,5543744.0,974
201800056373,18,5,5,100,4,2,1,1.0,6.0,97414,R,2127174.0,5543439.0,974
201800056374,18,5,8,1330,1,1,1,1.0,7.0,97414,R,2127532.0,5539282.0,974
201800056375,18,6,8,1200,1,2,1,1.0,6.0,97414,R,2126957.0,5544854.0,974
201800056376,18,7,7,1930,2,2,1,1.0,7.0,97414,R,2128064.0,5541911.0,974
201800056377,18,8,9,1420,1,1,1,1.0,2.0,97414,R,2128214.0,5538849.0,974
201800056378,18,8,10,1455,1,2,9,1.0,6.0,97414,R,2127881.0,5541842.0,974
201800056379,18,8,16,745,1,2,1,1.0,6.0,97414,R,2127121.0,5541419.0,974
201800056380,18,9,4,945,1,2,1,1.0,6.0,97414,R,2126501.0,5543854.0,974
201800056381,18,9,6,930,1,2,2,1.0,6.0,97414,R,2128573.0,5540909.0,974
201800056382,18,10,7,930,1,2,1,1.0,6.0,97414,R,2127399.0,5545157.0,974
201800056383,18,10,10,1525,1,2,2,1.0,3.0,97414,R,2128995.0,5540637.0,974
201800056384,18,10,15,2345,3,2,2,1.0,3.0,97414,R,2128247.0,5542963.0,974
201800056385,18,12,2,1900,2,2,1,1.0,6.0,97414,R,2128712.0,5541658.0,974
201800056386,18,12,15,1600,1,2,3,1.0,6.0,97414,R,2126085.0,5543151.0,974
201800056387,18,12,17,1700,1,2,1,1.0,1.0,97414,R,2127220.0,5543647.0,974
201800056388,18,1,4,1315,1,2,1,2.0,3.0,97410,R,2107966.0,5569957.0,974
201800056389,18,2,13,1615,1,1,3,1.0,3.0,97410,R,2105311.0,5572607.0,974
201800056390,18,3,7,1900,5,2,3,1.0,6.0,97410,R,2108010.0,5574494.0,974
201800056391,18,3,14,1910,5,2,3,2.0,6.0,97410,R,2103810.0,5571749.0,974
201800056392,18,7,27,2345,3,1,1,1.0,2.0,97410,R,2105327.0,5572698.0,974
201800056393,18,8,5,1530,1,2,3,1.0,1.0,97410,R,2104611.0,5571135.0,974
201800056394,18,10,16,1315,1,1,3,1.0,3.0,97410,R,2105316.0,5572613.0,974
201800056395,18,12,20,255,3,1,1,1.0,6.0,97410,R,2100618.0,5569686.0,974
201800056396,18,12,27,1550,1,1,1,2.0,1.0,97410,R,2107966.0,5569958.0,974
201800056397,18,12,28,2145,3,2,1,1.0,7.0,97410,R,2111385.0,5574825.0,974
201800056398,18,5,1,1350,1,2,1,1.0,1.0,97205,A,,,972
201800056399,18,7,16,1940,3,2,1,1.0,1.0,97234,A,1466672.0,6115836.0,972
201800056400,18,7,19,1105,1,2,9,2.0,6.0,97229,A,1462519.0,6110287.0,972
201800056401,18,8,9,1725,1,2,1,1.0,6.0,97229,A,1461960.0,6110496.0,972
201800056402,18,8,27,1840,3,2,9,2.0,3.0,97205,A,1464272.0,6113684.0,972
201800056403,18,8,27,745,1,2,1,2.0,3.0,97205,A,1464269.0,6113680.0,972
201800056404,18,10,10,1630,1,2,1,1.0,3.0,97205,A,1464582.0,6113872.0,972
201800056405,18,11,24,1820,5,2,1,1.0,6.0,97229,A,1461914.0,6110186.0,972
201800056406,18,12,30,1150,1,2,1,3.0,1.0,97229,A,1461873.0,6110163.0,972
201800056407,18,2,19,745,1,2,9,1.0,3.0,97225,A,1474881.0,6117515.0,972
201800056408,18,3,11,600,3,1,1,1.0,7.0,97208,A,1474393.0,6113496.0,972
201800056409,18,3,12,115,3,1,1,1.0,6.0,97204,A,1469744.0,6117737.0,972
201800056410,18,5,21,1910,4,2,3,1.0,3.0,97204,A,1470712.0,6118330.0,972
201800056411,18,6,3,345,5,2,1,1.0,6.0,97218,A,1477578.0,6113587.0,972
201800056412,18,8,12,400,1,1,1,1.0,6.0,97225,A,1476843.0,6119833.0,972
201800056413,18,8,2,1815,1,2,1,1.0,2.0,97225,A,1476226.0,6119103.0,972
201800056414,18,12,15,2315,3,1,1,1.0,1.0,97204,A,1470646.0,6117536.0,972
201800056415,18,12,21,1925,5,2,1,1.0,2.0,97225,A,1474411.0,6117624.0,972
201800056416,18,2,1,1859,3,1,2,1.0,1.0,97227,A,1447107.0,6000000.0,972
201800056417,18,2,7,1230,1,1,1,1.0,7.0,97226,A,1446789.0,6000000.0,972
201800056418,18,2,9,2215,5,2,1,2.0,5.0,97220,A,1448456.0,6000000.0,972
201800056419,18,2,13,10,3,1,1,2.0,6.0,97227,A,1446927.0,6000000.0,972
201800056420,18,4,7,1620,1,1,1,1.0,7.0,97227,A,1449248.0,6000000.0,972
201800056421,18,7,25,1530,1,1,1,1.0,1.0,97217,A,1449400.0,6000000.0,972
201800056422,18,8,17,1145,1,1,1,1.0,1.0,97227,A,1446966.0,6000000.0,972
201800056423,18,8,19,2140,3,1,1,1.0,6.0,97226,A,1445459.0,6000000.0,972
201800056424,18,9,16,1810,3,2,1,1.0,1.0,97220,A,1450592.0,6000000.0,972
201800056425,18,9,12,2135,3,1,6,1.0,7.0,97226,A,1446268.0,6000000.0,972
201800056426,18,10,7,30,4,1,1,1.0,6.0,97227,A,1446881.0,6000000.0,972
201800056427,18,10,7,145,3,1,1,1.0,1.0,97220,A,1447992.0,6000000.0,972
201800056428,18,10,12,2100,4,1,1,1.0,1.0,97227,A,1446852.0,6000000.0,972
201800056429,18,10,26,530,2,1,1,1.0,6.0,97217,A,1449423.0,6000000.0,972
201800056430,18,10,27,2110,5,2,6,1.0,1.0,97226,A,1443561.0,6000000.0,972
201800056431,18,11,21,1845,3,1,1,1.0,6.0,97217,A,1446124.0,6000000.0,972
201800056432,18,11,29,830,1,2,1,1.0,6.0,97220,A,1448100.0,6000000.0,972
201800056433,18,12,19,2025,5,2,1,1.0,1.0,97220,A,1448557.0,6000000.0,972
201800056434,18,1,12,1830,5,2,1,1.0,6.0,97210,A,1461313.0,6000000.0,972
201800056435,18,1,22,1817,5,2,1,1.0,3.0,97232,A,1454256.0,6000000.0,972
201800056436,18,1,27,2000,3,1,1,1.0,6.0,97232,A,1451183.0,6000000.0,972
201800056437,18,3,23,2010,3,1,1,1.0,7.0,97232,A,1455992.0,6000000.0,972
201800056438,18,4,7,905,1,1,6,1.0,3.0,97210,A,1460068.0,6000000.0,972
201800056439,18,5,20,115,3,1,1,8.0,3.0,97210,A,,,972
201800056440,18,7,1,2245,3,1,1,1.0,7.0,97232,A,1454161.0,6000000.0,972
201800056441,18,8,14,1545,1,1,1,1.0,1.0,97210,A,1459401.0,6000000.0,972
201800056442,18,9,1,545,1,1,1,1.0,1.0,97210,A,1459537.0,6000000.0,972
201800056443,18,9,2,25,3,1,1,3.0,1.0,97210,A,1457955.0,6000000.0,972
201800056444,18,9,29,330,3,1,1,1.0,7.0,97210,A,1461287.0,6000000.0,972
201800056445,18,10,6,1400,1,1,1,1.0,3.0,97210,A,1460816.0,6000000.0,972
201800056446,18,12,24,815,1,2,1,8.0,6.0,97232,A,1454397.0,6000000.0,972
201800056447,18,12,24,2155,3,1,1,1.0,1.0,97210,A,1460897.0,6000000.0,972
201800056448,18,1,10,1810,3,2,1,2.0,6.0,97221,A,1454744.0,6000000.0,972
201800056449,18,2,4,1050,1,1,4,1.0,1.0,97221,A,1453839.0,6000000.0,972
201800056450,18,3,4,2300,3,1,1,1.0,1.0,97206,A,1449442.0,6107259.0,972
201800056451,18,4,28,655,1,1,1,1.0,2.0,97231,A,1452842.0,6100291.0,972
201800056452,18,4,28,1025,1,1,1,1.0,2.0,97206,A,1448439.0,6000000.0,972
201800056453,18,6,2,1725,1,1,1,1.0,1.0,97231,A,1453484.0,6105203.0,972
201800056454,18,5,26,850,1,2,1,1.0,3.0,97231,A,1453634.0,6103116.0,972
201800056455,18,6,10,1800,1,1,1,1.0,1.0,97221,A,1451569.0,6000000.0,972
201800056456,18,7,3,1745,1,1,3,1.0,2.0,97206,A,1449029.0,6104334.0,972
201800056457,18,7,10,1130,1,1,3,1.0,2.0,97221,A,1450896.0,6000000.0,972
201800056458,18,7,21,930,1,1,1,1.0,2.0,97221,A,1450891.0,6000000.0,972
201800056459,18,8,11,2357,5,2,3,1.0,3.0,97231,A,1454997.0,6105310.0,972
201800056460,18,8,10,1340,1,2,1,1.0,6.0,97221,A,1452435.0,6000000.0,972
201800056461,18,8,25,2230,3,1,1,1.0,6.0,97221,A,1450935.0,6000000.0,972
201800056462,18,9,5,1615,1,1,1,7.0,5.0,97231,A,1453481.0,6105235.0,972
201800056463,18,10,10,1045,1,1,1,1.0,2.0,97221,A,1453625.0,6000000.0,972
201800056464,18,10,16,725,1,2,1,8.0,1.0,97221,A,1451464.0,6000000.0,972
201800056465,18,11,27,920,1,2,1,1.0,3.0,97231,A,1453317.0,6106940.0,972
201800056466,18,12,14,2330,3,1,1,8.0,1.0,97206,A,1448841.0,6103573.0,972
201800056467,18,12,17,505,3,1,1,1.0,6.0,97221,A,1452812.0,6000000.0,972
201800056468,18,4,9,1950,3,1,1,1.0,6.0,97207,A,1460112.0,6000000.0,972
201800056469,18,4,14,500,2,2,1,1.0,1.0,97207,A,1457307.0,6000000.0,972
201800056470,18,4,16,2000,3,2,1,3.0,6.0,97207,A,1458027.0,6000000.0,972
201800056471,18,4,21,2300,3,2,1,1.0,6.0,97207,A,1460004.0,6000000.0,972
201800056472,18,6,15,1120,1,1,1,1.0,3.0,97207,A,1460216.0,6000000.0,972
201800056473,18,10,13,1240,1,1,1,1.0,6.0,97207,A,1455356.0,6000000.0,972
201800056474,18,11,21,1445,1,2,1,1.0,1.0,97207,A,1457519.0,6000000.0,972
201800056475,18,11,30,2230,5,2,1,1.0,6.0,97207,A,1457264.0,6000000.0,972
201800056476,18,12,13,1705,1,2,6,1.0,7.0,97207,A,1457691.0,6000000.0,972
201800056477,18,5,27,1,3,1,1,9.0,6.0,97203,A,1484783.0,6109248.0,972
201800056478,18,8,5,2000,3,2,1,2.0,7.0,97214,A,1482075.0,6109725.0,972
201800056479,18,9,28,500,3,1,1,2.0,6.0,97203,A,1485431.0,6109419.0,972
201800056480,18,12,14,1730,2,1,1,1.0,1.0,97216,A,1481370.0,6102214.0,972
201800056481,18,2,2,2140,3,1,1,1.0,1.0,97222,A,1466668.0,6000000.0,972
201800056482,18,8,4,1500,1,1,1,5.0,6.0,97212,A,1472918.0,6105401.0,972
201800056483,18,8,7,2014,3,1,1,1.0,2.0,97222,A,1466894.0,6000000.0,972
201800056484,18,8,26,5,5,1,1,1.0,1.0,97212,A,1470654.0,6000000.0,972
201800056485,18,9,4,945,1,2,1,1.0,6.0,97222,A,1467377.0,6000000.0,972
201800056486,18,9,12,1518,1,2,6,3.0,7.0,97222,A,1467450.0,6000000.0,972
201800056487,18,9,21,2300,5,1,1,1.0,1.0,97212,A,1470246.0,6000000.0,972
201800056488,18,10,26,1910,4,2,1,1.0,3.0,97222,A,1467221.0,6000000.0,972
201800056489,18,10,31,800,1,1,1,1.0,6.0,97212,A,1470079.0,6000000.0,972
201800056490,18,12,16,1450,1,2,3,1.0,3.0,97222,A,1468051.0,6000000.0,972
201800056491,18,1,16,1850,2,1,1,2.0,5.0,97404,R,2128527.0,5539685.0,974
201800056492,18,3,4,1545,1,1,1,2.0,3.0,97404,R,2127883.0,5538092.0,974
201800056493,18,7,13,830,1,2,1,1.0,1.0,97404,R,2126682.0,5536644.0,974
201800056494,18,9,18,1850,4,2,1,1.0,6.0,97404,R,2127155.0,5537347.0,974
201800056495,18,10,15,615,1,1,1,1.0,7.0,97401,R,2124642.0,5533031.0,974
201800056496,18,10,21,1650,1,1,1,1.0,6.0,97404,R,2126175.0,5533934.0,974
201800056497,18,3,2,830,1,2,3,1.0,3.0,97412,R,2137625.0,5561926.0,974
201800056498,18,3,7,915,1,1,1,6.0,1.0,97405,R,2136745.0,5557160.0,974
201800056499,18,3,14,1310,1,2,4,2.0,1.0,97412,R,2137143.0,5567062.0,974
201800056500,18,3,31,1640,1,2,1,1.0,2.0,97405,R,2136745.0,5557160.0,974
201800056501,18,4,2,800,1,2,1,1.0,1.0,97412,R,2137335.0,5562065.0,974
201800056502,18,4,7,1420,1,2,1,1.0,1.0,97412,R,2137733.0,5566189.0,974
201800056503,18,6,21,1900,3,1,1,2.0,1.0,97405,R,2136692.0,5555853.0,974
201800056504,18,7,8,1435,1,2,1,1.0,6.0,97412,R,2133113.0,5561284.0,974
201800056505,18,7,7,1925,3,1,1,2.0,6.0,97405,R,2136180.0,5553615.0,974
201800056506,18,8,6,1615,1,1,1,1.0,7.0,97412,R,2135420.0,5566208.0,974
201800056507,18,8,6,2320,3,1,1,1.0,1.0,97412,R,2137299.0,5569048.0,974
201800056508,18,8,17,1330,1,2,1,1.0,6.0,97412,R,2137655.0,5561609.0,974
201800056509,18,8,28,545,2,2,2,1.0,3.0,97405,R,2135522.0,5556541.0,974
201800056510,18,9,16,1650,1,2,1,1.0,6.0,97412,R,2137740.0,5563430.0,974
201800056511,18,10,7,830,1,2,1,1.0,6.0,97412,R,2135931.0,5559904.0,974
201800056512,18,10,27,1000,1,2,1,1.0,1.0,97412,R,2138156.0,5564849.0,974
201800056513,18,11,6,715,1,2,1,1.0,6.0,97405,R,2135360.0,5556502.0,974
201800056514,18,11,11,2020,5,2,1,1.0,5.0,97412,R,2137945.0,5560847.0,974
201800056515,18,12,2,125,4,2,1,1.0,6.0,97412,R,2137129.0,5567690.0,974
201800056516,18,12,24,1720,1,2,1,1.0,6.0,97405,R,2135112.0,5556532.0,974
201800056517,18,2,14,1900,3,2,1,2.0,7.0,97422,R,2128409.0,5553087.0,974
201800056518,18,3,8,1015,1,2,6,1.0,6.0,97422,R,2126821.0,5551034.0,974
201800056519,18,4,30,730,1,2,1,1.0,3.0,97422,R,2127577.0,5552018.0,974
201800056520,18,5,2,1700,1,1,3,1.0,3.0,97422,R,2128173.0,5552696.0,974
201800056521,18,5,25,1000,1,2,1,1.0,7.0,97422,R,2128094.0,5554174.0,974
201800056522,18,6,8,1145,1,2,9,1.0,3.0,97422,R,2128356.0,5552037.0,974
201800056523,18,6,15,1713,1,2,2,1.0,3.0,97422,R,2126857.0,5551853.0,974
201800056524,18,7,2,1900,3,2,1,1.0,7.0,97422,R,2124178.0,5549163.0,974
201800056525,18,7,11,1815,3,2,2,1.0,3.0,97422,R,2126310.0,5551061.0,974
201800056526,18,7,29,1000,1,2,1,1.0,6.0,97422,R,2127582.0,5550497.0,974
201800056527,18,8,9,2345,5,2,1,1.0,6.0,97422,R,2125368.0,5549980.0,974
201800056528,18,8,18,2110,5,1,1,1.0,6.0,97422,R,2124861.0,5552458.0,974
201800056529,18,8,23,740,1,2,1,1.0,3.0,97422,R,2124302.0,5551156.0,974
201800056530,18,8,28,1330,1,2,3,1.0,6.0,97422,R,2127767.0,5551431.0,974
201800056531,18,9,1,1925,3,1,1,1.0,3.0,97422,R,2127767.0,5551431.0,974
201800056532,18,9,7,1245,1,1,1,2.0,2.0,97422,R,2126971.0,5552669.0,974
201800056533,18,9,16,1930,3,1,1,1.0,1.0,97422,R,2123526.0,5554174.0,974
201800056534,18,9,22,2100,3,2,1,1.0,1.0,97422,R,2124748.0,5553786.0,974
201800056535,18,9,24,1345,1,2,1,1.0,3.0,97422,R,2128127.0,5552531.0,974
201800056536,18,11,2,900,1,2,3,1.0,3.0,97422,R,2127741.0,5552209.0,974
201800056537,18,12,14,1545,1,2,3,7.0,3.0,97422,R,2128158.0,5550188.0,974
201800056538,18,12,21,1800,1,2,1,1.0,6.0,97422,R,2127767.0,5551431.0,974
201800056539,18,3,7,1710,1,2,9,1.0,1.0,97353,G,364247.0,5404024.0,973
201800056540,18,1,11,1540,1,2,4,1.0,6.0,97105,A,1599988.0,6173543.0,971
201800056541,18,1,17,1810,2,2,4,1.0,3.0,97105,A,1599100.0,6172232.0,971
201800056542,18,2,17,2200,3,2,4,1.0,3.0,97105,A,,,971
201800056543,18,2,25,1108,1,2,1,1.0,3.0,97105,A,1600602.0,6173650.0,971
201800056544,18,5,4,1100,1,2,3,1.0,3.0,97105,A,1603837.0,6173499.0,971
201800056545,18,8,23,1340,1,2,9,1.0,1.0,97105,A,1600000.0,6172249.0,971
201800056546,18,9,1,605,1,2,1,1.0,2.0,97105,A,1599352.0,6173037.0,971
201800056547,18,10,13,2030,5,2,1,1.0,3.0,97105,A,1598900.0,6172607.0,971
201800056548,18,11,9,830,1,2,3,3.0,3.0,97105,A,1599573.0,6173187.0,971
201800056549,18,11,14,1806,5,2,1,1.0,6.0,97105,A,1599368.0,6172665.0,971
201800056550,18,11,16,1900,5,2,1,1.0,6.0,97105,A,1599002.0,6173069.0,971
201800056551,18,12,26,610,1,2,9,1.0,6.0,97105,A,1600050.0,6171937.0,971
201800056552,18,12,24,1210,1,2,1,1.0,6.0,97105,A,1599400.0,6173074.0,971
201800056553,18,12,28,1700,1,2,9,3.0,1.0,97105,A,1600252.0,6172665.0,971
201800056554,18,2,11,410,5,2,1,2.0,7.0,97107,A,1604956.0,6156242.0,971
201800056555,18,3,21,940,1,2,3,1.0,3.0,97107,A,1605113.0,6156250.0,971
201800056556,18,5,5,1850,1,2,1,1.0,6.0,97107,A,1605180.0,6156469.0,971
201800056557,18,6,19,655,1,2,9,1.0,3.0,97107,A,1605101.0,6156238.0,971
201800056558,18,6,5,2110,5,2,1,1.0,3.0,97107,A,1605294.0,6155982.0,971
201800056559,18,8,8,1916,5,2,9,1.0,3.0,97107,A,1603685.0,6107000.0,971
201800056560,18,8,31,1020,1,2,9,1.0,3.0,97107,A,1605122.0,6156257.0,971
201800056561,18,9,10,855,1,2,3,1.0,3.0,97107,A,1604999.0,6156070.0,971
201800056562,18,10,11,1130,1,2,3,1.0,3.0,97107,A,1604548.0,6156298.0,971
201800056563,18,11,5,1857,4,2,2,3.0,6.0,97107,A,1605217.0,6156315.0,971
201800056564,18,11,20,1627,1,2,4,1.0,3.0,97107,A,1605125.0,6156249.0,971
201800056565,18,11,21,1410,1,2,5,1.0,3.0,97107,A,,,971
201800056566,18,11,21,1525,1,2,1,1.0,6.0,97107,A,,,971
201800056567,18,1,1,250,5,2,1,1.0,1.0,97113,A,1621709.0,6148112.0,971
201800056568,18,1,20,1000,1,1,1,1.0,2.0,97113,A,1621875.0,6150419.0,971
201800056569,18,1,19,1600,1,2,2,1.0,3.0,97101,A,1626785.0,6156691.0,971
201800056570,18,1,26,1400,1,1,1,1.0,3.0,97113,A,,,971
201800056571,18,1,30,1520,1,1,1,1.0,1.0,97113,A,,,971
201800056572,18,2,4,1444,1,2,5,1.0,3.0,97120,A,1623988.0,6153208.0,971
201800056573,18,2,3,1950,5,2,1,1.0,3.0,97101,A,1626919.0,6150653.0,971
201800056574,18,2,5,1500,1,1,1,1.0,3.0,97113,A,1621777.0,6149722.0,971
201800056575,18,2,4,530,3,1,1,1.0,1.0,97113,A,1620793.0,6146331.0,971
201800056576,18,2,9,1740,2,2,1,1.0,6.0,97120,A,1623979.0,6153489.0,971
201800056577,18,2,5,805,1,2,1,1.0,3.0,97101,A,1625350.0,6151407.0,971
201800056578,18,2,23,1130,1,2,1,8.0,6.0,97113,A,1620631.0,6149450.0,971
201800056579,18,2,27,2130,5,2,1,1.0,1.0,97113,A,1621799.0,6145419.0,971
201800056580,18,3,3,45,5,1,1,1.0,5.0,97113,A,1621768.0,6149327.0,971
201800056581,18,3,4,600,2,2,1,2.0,6.0,97120,A,1622702.0,6152954.0,971
201800056582,18,3,6,1830,5,1,1,1.0,2.0,97101,A,,,971
201800056583,18,3,8,430,3,1,1,9.0,2.0,97101,A,1629532.0,6150067.0,971
201800056584,18,3,11,1530,1,1,1,1.0,1.0,97113,A,1621482.0,6143878.0,971
201800056585,18,3,15,1050,1,1,4,1.0,2.0,97101,A,,,971
201800056586,18,3,14,1713,2,1,1,1.0,7.0,97113,A,1623542.0,6148489.0,971