Num_Acc,an,mois,jour,hrmn,lum,agg,int,atm,col,com,gps,lat,long,dep
201800056587,18,3,16,2030,5,1,3,1.0,6.0,97113,A,1621694.0,6148247.0,971
201800056588,18,3,19,1040,1,2,1,1.0,3.0,97101,A,1626000.0,6149070.0,971
201800056589,18,3,16,1206,1,2,3,1.0,6.0,97120,A,1624019.0,6153288.0,971
201800056590,18,3,25,2210,5,1,1,1.0,7.0,97113,A,1621879.0,6151432.0,971
201800056591,18,3,25,345,5,1,1,1.0,3.0,97113,A,1623671.0,6148363.0,971
201800056592,18,3,28,1130,1,1,1,1.0,3.0,97113,A,1621759.0,6149346.0,971
201800056593,18,4,1,1610,1,1,1,1.0,3.0,97113,A,1621862.0,6150163.0,971
201800056594,18,4,1,2110,5,2,3,1.0,4.0,97113,A,1621777.0,6149094.0,971
201800056595,18,3,31,45,5,2,1,1.0,3.0,97113,A,1620000.0,6148330.0,971
201800056596,18,4,9,1720,1,1,1,1.0,1.0,97113,A,1620434.0,6147948.0,971
201800056597,18,4,12,1205,1,2,7,1.0,3.0,97120,A,1624003.0,6153203.0,971
201800056598,18,4,13,2250,5,1,3,1.0,3.0,97113,A,1621762.0,6149343.0,971
201800056599,18,4,13,2135,3,1,1,1.0,6.0,97101,A,1627947.0,6150791.0,971
201800056600,18,4,17,1549,1,2,2,1.0,3.0,97120,A,1624029.0,6153299.0,971
201800056601,18,4,26,1200,1,1,1,1.0,5.0,97113,A,1620900.0,6144070.0,971
201800056602,18,4,28,1920,3,1,4,1.0,5.0,97101,A,1625890.0,6150700.0,971
201800056603,18,5,6,1110,1,1,1,1.0,3.0,97101,A,1623741.0,6152307.0,971
201800056604,18,5,7,1730,1,1,2,1.0,3.0,97113,A,1621806.0,6149888.0,971
201800056605,18,5,7,1035,1,1,1,1.0,4.0,97101,A,1625219.0,6151480.0,971
201800056606,18,5,7,910,1,2,1,1.0,4.0,97113,A,1621486.0,6147866.0,971
201800056607,18,5,11,1245,1,2,1,1.0,1.0,97101,A,1625612.0,6151277.0,971
201800056608,18,5,15,1215,1,2,1,1.0,3.0,97101,A,1626660.0,6150139.0,971
201800056609,18,5,9,1342,1,2,1,1.0,6.0,97101,A,1624861.0,6153153.0,971
201800056610,18,5,15,2005,4,2,9,1.0,6.0,97101,A,1626387.0,6151271.0,971
201800056611,18,5,14,854,1,1,3,1.0,3.0,97101,A,1628134.0,6149128.0,971
201800056612,18,5,19,500,5,1,9,1.0,3.0,97101,A,1625554.0,6153105.0,971
201800056613,18,5,22,530,2,1,1,1.0,6.0,97113,A,,,971
201800056614,18,5,22,745,1,1,3,1.0,1.0,97101,A,1625491.0,6151338.0,971
201800056615,18,5,25,1413,1,1,2,1.0,5.0,97113,A,,,971
201800056616,18,5,26,740,1,2,3,1.0,3.0,97120,A,1624443.0,6154131.0,971
201800056617,18,5,27,1628,1,1,1,1.0,6.0,97101,A,1627171.0,6150780.0,971
201800056618,18,5,25,920,1,1,3,1.0,3.0,97101,A,1623847.0,6150850.0,971
201800056619,18,5,26,1500,1,1,1,1.0,4.0,97101,A,1625400.0,6151394.0,971
201800056620,18,5,31,1300,1,1,1,1.0,2.0,97101,A,1630069.0,6149658.0,971
201800056621,18,6,1,2020,5,2,1,1.0,6.0,97101,A,1626670.0,6151670.0,971
201800056622,18,6,8,700,1,2,1,1.0,6.0,97101,A,1624676.0,6153282.0,971
201800056623,18,6,10,640,1,1,1,1.0,2.0,97120,A,1625354.0,6154837.0,971
201800056624,18,6,14,1555,1,1,1,1.0,3.0,97101,A,1626425.0,6151114.0,971
201800056625,18,6,16,2337,5,1,9,1.0,7.0,97101,A,,,971
201800056626,18,6,18,150,5,1,9,2.0,6.0,97113,A,1621372.0,6147798.0,971
201800056627,18,6,25,420,3,1,1,1.0,7.0,97101,A,1627529.0,6149083.0,971
201800056628,18,6,26,1945,5,1,1,1.0,3.0,97113,A,1620686.0,6145203.0,971
201800056629,18,6,27,620,1,1,1,2.0,3.0,97113,A,1621803.0,6150912.0,971
201800056630,18,6,26,1850,2,1,9,1.0,6.0,97101,A,1629196.0,6149491.0,971
201800056631,18,6,29,2030,5,2,1,1.0,5.0,97101,A,1615220.0,6131230.0,971
201800056632,18,7,1,1903,5,1,1,2.0,6.0,97113,A,1621686.0,6146067.0,971
201800056633,18,7,12,712,1,1,1,1.0,1.0,97113,A,1623077.0,6147603.0,971
201800056634,18,7,13,2315,3,2,1,2.0,2.0,97101,A,1625009.0,6154132.0,971
201800056635,18,7,25,1730,1,1,1,1.0,5.0,97101,A,1615362.0,6127075.0,971
201800056636,18,8,7,915,1,2,9,1.0,6.0,97113,A,1621471.0,6150238.0,971
201800056637,18,8,10,2110,5,2,1,1.0,6.0,97101,A,1623963.0,6152119.0,971
201800056638,18,8,19,118,5,1,1,1.0,6.0,97101,A,1624918.0,6152812.0,971
201800056639,18,8,25,230,4,1,9,1.0,2.0,97101,A,,,971
201800056640,18,9,10,2020,5,1,3,1.0,3.0,97101,A,1625427.0,6150013.0,971
201800056641,18,9,11,1750,1,2,1,1.0,6.0,97101,A,1623876.0,6152654.0,971
201800056642,18,9,14,1845,4,1,1,8.0,6.0,97113,A,1622135.0,6152177.0,971
201800056643,18,9,20,2010,5,2,2,1.0,3.0,97101,A,1627000.0,6150810.0,971
201800056644,18,10,3,1920,5,2,8,1.0,6.0,97101,A,1624844.0,6153143.0,971
201800056645,18,10,9,2155,5,1,3,1.0,3.0,97101,A,1627560.0,6150237.0,971
201800056646,18,10,12,1311,1,2,1,1.0,2.0,97101,A,1627573.0,6150894.0,971
201800056647,18,10,13,630,2,2,1,3.0,1.0,97113,A,1620854.0,6146845.0,971
201800056648,18,10,13,58,5,2,1,1.0,2.0,97101,A,1616318.0,6130740.0,971
201800056649,18,10,17,2050,5,1,2,1.0,3.0,97113,A,1621208.0,6147839.0,971
201800056650,18,10,19,655,1,1,1,1.0,6.0,97101,A,1629377.0,6151083.0,971
201800056651,18,9,28,2010,4,1,1,1.0,6.0,97120,A,1625050.0,6152230.0,971
201800056652,18,10,24,1840,5,2,3,1.0,3.0,97101,A,1627429.0,6150410.0,971
201800056653,18,10,22,1900,5,1,1,8.0,3.0,97113,A,1612390.0,6128220.0,971
201800056654,18,11,7,740,1,1,9,1.0,3.0,97113,A,1620912.0,6147106.0,971
201800056655,18,11,17,2320,5,1,1,2.0,1.0,97113,A,1621822.0,6149976.0,971
201800056656,18,11,27,500,2,1,1,1.0,6.0,97113,A,1621522.0,6151843.0,971
201800056657,18,11,29,910,1,1,9,7.0,1.0,97113,A,1620999.0,6147070.0,971
201800056658,18,11,30,930,1,1,1,1.0,6.0,97101,A,1625096.0,6154175.0,971
201800056659,18,11,30,1748,3,2,9,1.0,6.0,97101,A,1626380.0,6151272.0,971
201800056660,18,12,6,955,1,1,1,1.0,7.0,97101,A,1626630.0,6151673.0,971
201800056661,18,12,14,1836,5,1,3,1.0,1.0,97101,A,1625141.0,6151609.0,971
201800056662,18,12,16,2330,3,1,3,1.0,3.0,97113,A,1620970.0,6142572.0,971
201800056663,18,12,17,740,1,2,1,1.0,6.0,97120,A,1624148.0,6153779.0,971
201800056664,18,12,17,1650,1,1,1,1.0,2.0,97101,A,1625326.0,6153398.0,971
201800056665,18,12,17,1821,4,1,1,1.0,6.0,97101,A,1625614.0,6151274.0,971
201800056666,18,11,4,1940,5,1,1,1.0,6.0,97101,A,1623695.0,6152311.0,971
201800056667,18,12,19,1604,1,1,1,1.0,6.0,97113,A,1621803.0,6151107.0,971
201800056668,18,12,24,1122,1,2,3,2.0,3.0,97101,A,1627442.0,6150422.0,971
201800056669,18,12,30,1530,1,1,1,1.0,6.0,97101,A,1628426.0,6145144.0,971
201800056670,18,1,2,915,1,1,1,1.0,6.0,97209,A,1464336.0,6108581.0,972
201800056671,18,1,4,2115,5,2,1,1.0,1.0,97209,A,1460902.0,6105592.0,972
201800056672,18,1,8,1320,1,2,2,1.0,6.0,97209,A,1460812.0,6107145.0,972
201800056673,18,1,15,648,1,1,1,1.0,6.0,97209,A,1460514.0,6108790.0,972
201800056674,18,1,26,2135,5,1,1,1.0,3.0,97209,A,1462148.0,6103857.0,972
201800056675,18,1,26,2310,5,1,1,1.0,1.0,97209,A,1462148.0,6103857.0,972
201800056676,18,1,27,930,1,2,1,1.0,6.0,97209,A,1460571.0,6106503.0,972
201800056677,18,3,10,10,3,2,1,1.0,3.0,97209,A,1461300.0,6106407.0,972
201800056678,18,3,12,945,1,2,1,7.0,3.0,97209,A,1461505.0,6105813.0,972
201800056679,18,3,14,1545,1,2,1,1.0,6.0,97209,A,1460366.0,6106583.0,972
201800056680,18,2,1,920,1,2,1,1.0,6.0,97209,A,1460369.0,6106580.0,972
201800056681,18,2,2,416,5,2,1,8.0,7.0,97209,A,1460494.0,6106070.0,972
201800056682,18,2,10,855,1,2,1,1.0,6.0,97209,A,1460655.0,6106541.0,972
201800056683,18,2,20,1701,1,1,1,1.0,6.0,97209,A,1463080.0,6105939.0,972
201800056684,18,2,21,947,1,2,1,1.0,6.0,97209,A,1460523.0,6106419.0,972
201800056685,18,3,20,2110,5,2,2,1.0,3.0,97209,A,1460888.0,6107017.0,972
201800056686,18,3,24,805,1,2,1,1.0,2.0,97209,A,1461970.0,6104360.0,972
201800056687,18,4,3,2250,5,2,9,1.0,3.0,97209,A,1460275.0,6106653.0,972
201800056688,18,2,23,756,1,2,1,1.0,6.0,97209,A,1461319.0,6107101.0,972
201800056689,18,4,14,1550,1,2,2,1.0,3.0,97209,A,1460669.0,6106669.0,972
201800056690,18,4,16,830,1,2,1,1.0,6.0,97209,A,1460325.0,6106907.0,972
201800056691,18,4,17,610,1,2,2,1.0,3.0,97209,A,1460725.0,6106786.0,972
201800056692,18,4,16,1230,1,1,1,3.0,2.0,97209,A,1461003.0,6106884.0,972
201800056693,18,3,8,1233,1,1,1,1.0,6.0,97209,A,1461720.0,6104142.0,972
201800056694,18,3,7,335,5,1,1,1.0,6.0,97209,A,1463027.0,6106991.0,972
201800056695,18,3,16,1230,1,1,1,1.0,1.0,97209,A,1462172.0,6106020.0,972
201800056696,18,3,16,1500,1,2,1,1.0,3.0,97209,A,1461682.0,6105127.0,972
201800056697,18,3,22,1709,1,1,1,1.0,6.0,97209,A,1461334.0,6105642.0,972
201800056698,18,3,28,1210,1,1,1,1.0,6.0,97209,A,1461492.0,6105119.0,972
201800056699,18,3,31,1115,1,2,3,1.0,6.0,97209,A,1460373.0,6106574.0,972
201800056700,18,5,4,855,1,1,1,1.0,3.0,97209,A,1461628.0,6103825.0,972
201800056701,18,5,6,1945,5,2,2,1.0,3.0,97209,A,,,972
201800056702,18,5,14,2000,5,1,1,1.0,4.0,97209,A,1461716.0,6000000.0,972
201800056703,18,5,17,940,1,2,1,1.0,6.0,97209,A,1460727.0,6106806.0,972
201800056704,18,5,18,1915,5,1,6,1.0,3.0,97209,A,1460500.0,6108770.0,972
201800056705,18,5,22,357,5,2,1,1.0,6.0,97209,A,,,972
201800056706,18,5,24,1745,1,1,1,1.0,3.0,97209,A,1461201.0,6107733.0,972
201800056707,18,6,5,1812,1,1,1,1.0,7.0,97209,A,1464903.0,6105409.0,972
201800056708,18,6,7,1530,1,1,1,1.0,6.0,97209,A,1461642.0,6104004.0,972
201800056709,18,6,13,2130,5,2,1,1.0,5.0,97209,A,1462044.0,6107802.0,972
201800056710,18,6,27,640,1,2,1,1.0,6.0,97209,A,1460824.0,6105672.0,972
201800056711,18,6,29,1300,1,2,1,1.0,1.0,97209,A,1461960.0,6105621.0,972
201800056712,18,6,29,2140,5,1,1,1.0,2.0,97209,A,1461812.0,6103933.0,972
201800056713,18,4,10,1620,1,1,1,1.0,4.0,97209,A,1461406.0,6105179.0,972
201800056714,18,7,4,1802,1,1,1,1.0,6.0,97209,A,,,972
201800056715,18,7,11,2120,5,2,2,1.0,1.0,97209,A,1461004.0,6107360.0,972
201800056716,18,7,27,955,1,1,1,1.0,1.0,97209,A,1461690.0,6104710.0,972
201800056717,18,8,4,2000,5,2,1,3.0,1.0,97209,A,1465116.0,6108607.0,972
201800056718,18,8,4,1715,1,1,1,2.0,6.0,97212,A,1461012.0,6106515.0,972
201800056719,18,8,9,737,1,1,1,1.0,2.0,97209,A,1461438.0,6105052.0,972
201800056720,18,8,10,1415,1,2,9,1.0,2.0,97209,A,1461531.0,6105740.0,972
201800056721,18,8,12,2130,3,1,1,1.0,1.0,97209,A,1463867.0,6107231.0,972
201800056722,18,8,18,2305,5,2,1,3.0,5.0,97209,A,1462443.0,6106083.0,972
201800056723,18,8,25,1713,1,2,3,1.0,3.0,97209,A,1460808.0,6104822.0,972
201800056724,18,9,5,1210,1,2,1,1.0,6.0,97209,A,1460596.0,6107307.0,972
201800056725,18,9,5,1545,1,2,4,1.0,1.0,97209,A,1461799.0,6105689.0,972
201800056726,18,9,5,2220,5,2,1,1.0,7.0,97209,A,1460615.0,6105228.0,972
201800056727,18,11,12,1740,2,2,9,1.0,6.0,97209,A,1462483.0,6107881.0,972
201800056728,18,9,18,750,1,1,1,1.0,3.0,97209,A,1462102.0,6107239.0,972
201800056729,18,9,18,550,1,2,3,1.0,2.0,97209,A,1462258.0,6103890.0,972
201800056730,18,9,24,700,1,2,1,1.0,4.0,97209,A,1461099.0,6107917.0,972
201800056731,18,10,1,1215,1,1,1,1.0,5.0,97209,A,1461421.0,6107599.0,972
201800056732,18,9,24,1225,1,2,1,1.0,4.0,97209,A,1460527.0,6108966.0,972
201800056733,18,10,2,730,1,1,3,1.0,3.0,97209,A,1463081.0,6159707.0,972
201800056734,18,10,2,1100,1,2,3,1.0,3.0,97209,A,1462484.0,6107885.0,972
201800056735,18,9,26,1400,1,2,1,1.0,3.0,97209,A,1460448.0,6106672.0,972
201800056736,18,5,5,2201,3,1,1,1.0,6.0,97209,A,,,972
201800056737,18,5,15,1056,1,2,1,1.0,6.0,97209,A,,,972
201800056738,18,10,12,800,1,2,9,1.0,2.0,97209,A,1461450.0,6105131.0,972
201800056739,18,10,12,1200,1,2,3,1.0,6.0,97209,A,1460943.0,6107185.0,972
201800056740,18,10,13,1715,1,2,1,1.0,6.0,97209,A,1461183.0,6107616.0,972
201800056741,18,10,16,850,1,2,1,1.0,6.0,97209,A,1460437.0,6107122.0,972
201800056742,18,10,16,1826,2,1,1,2.0,2.0,97209,A,1461626.0,6105734.0,972
201800056743,18,10,19,2350,5,2,1,1.0,1.0,97209,A,1460171.0,6106754.0,972
201800056744,18,10,21,1530,1,2,6,3.0,7.0,97209,A,1459595.0,6107182.0,972
201800056745,18,10,22,920,1,2,3,1.0,3.0,97209,A,1461039.0,6105483.0,972
201800056746,18,10,23,620,1,1,1,2.0,6.0,97209,A,1460901.0,6106702.0,972
201800056747,18,10,31,740,1,2,1,1.0,1.0,97209,A,1461544.0,6105855.0,972
201800056748,18,11,15,2155,5,2,1,1.0,6.0,97209,A,1460104.0,6104740.0,972
201800056749,18,11,16,355,3,1,1,1.0,3.0,97209,A,1461560.0,6104445.0,972
201800056750,18,11,17,1540,1,1,1,1.0,3.0,97209,A,1461816.0,6103749.0,972
201800056751,18,11,23,1900,5,2,1,1.0,2.0,97209,A,1461463.0,6104870.0,972
201800056752,18,11,26,955,1,2,1,1.0,6.0,97209,A,1460389.0,6107488.0,972
201800056753,18,11,26,1730,1,1,9,1.0,4.0,97209,A,1461641.0,6104269.0,972
201800056754,18,11,26,1225,1,2,1,1.0,6.0,97209,A,1460282.0,6106887.0,972
201800056755,18,11,12,1750,2,1,1,1.0,2.0,97209,A,1462814.0,6105906.0,972
201800056756,18,11,30,2045,5,2,1,1.0,1.0,97209,A,1464359.0,6105507.0,972
201800056757,18,12,2,40,3,2,1,2.0,7.0,97209,A,1461626.0,6106067.0,972
201800056758,18,12,2,1550,1,2,1,1.0,6.0,97209,A,1461684.0,6106018.0,972
201800056759,18,12,2,1900,5,1,9,1.0,4.0,97209,A,1460530.0,6108961.0,972
201800056760,18,12,3,845,1,1,1,1.0,4.0,97209,A,1461457.0,6104964.0,972
201800056761,18,12,5,1545,1,2,3,1.0,6.0,97209,A,1460375.0,6106575.0,972
201800056762,18,12,6,835,1,1,1,2.0,4.0,97209,A,1463339.0,6104089.0,972
201800056763,18,12,9,1100,1,2,9,1.0,3.0,97209,A,1461451.0,6104965.0,972
201800056764,18,12,9,1355,1,2,2,1.0,3.0,97209,A,1460894.0,6106977.0,972
201800056765,18,12,10,1045,1,1,1,8.0,7.0,97209,A,1461580.0,6106088.0,972
201800056766,18,12,12,700,1,2,1,7.0,6.0,97209,A,1460703.0,6106763.0,972
201800056767,18,12,14,1340,1,2,3,1.0,6.0,97209,A,1460759.0,6106713.0,972
201800056768,18,12,15,1,5,2,6,2.0,1.0,97209,A,1462819.0,6104115.0,972
201800056769,18,12,23,2024,3,2,1,1.0,6.0,97209,A,1462091.0,6106976.0,972
201800056770,18,12,24,2045,5,2,2,1.0,7.0,97209,A,1463039.0,6105508.0,972
201800056771,18,12,27,920,1,2,3,1.0,6.0,97209,A,1462254.0,6104274.0,972
201800056772,18,12,26,1730,1,2,1,1.0,1.0,97209,A,1460357.0,6104615.0,972
201800056773,18,1,9,815,1,1,1,1.0,3.0,97213,A,1464828.0,6000000.0,972
201800056774,18,1,16,215,5,1,1,1.0,6.0,97213,A,1460869.0,6100510.0,972
201800056775,18,1,16,2110,3,1,1,1.0,2.0,97213,A,1464359.0,6101038.0,972
201800056776,18,2,7,1035,1,2,6,1.0,2.0,97213,A,1461411.0,6000000.0,972
201800056777,18,2,15,2,5,1,1,2.0,7.0,97213,A,1461711.0,6101690.0,972
201800056778,18,3,23,1640,1,2,1,1.0,3.0,97213,A,1462009.0,6000000.0,972
201800056779,18,3,20,1130,1,1,1,1.0,3.0,97213,A,1464330.0,6000000.0,972
201800056780,18,3,22,1224,1,2,1,1.0,3.0,97213,A,,,972
201800056781,18,4,5,1815,2,2,2,1.0,2.0,97213,A,1462148.0,6000000.0,972
201800056782,18,4,17,1700,1,1,1,1.0,2.0,97213,A,1460913.0,6100555.0,972
201800056783,18,4,6,440,5,2,1,1.0,1.0,97213,A,1462003.0,6000000.0,972
201800056784,18,4,11,1730,1,1,1,1.0,3.0,97213,A,1465678.0,6000000.0,972
201800056785,18,4,28,520,2,1,1,1.0,6.0,97213,A,1461093.0,6100693.0,972
201800056786,18,5,10,445,2,1,1,1.0,2.0,97213,A,,,972
201800056787,18,12,31,740,1,1,1,2.0,3.0,97213,A,1461542.0,6101370.0,972
201800056788,18,5,22,410,3,1,1,2.0,6.0,97213,A,1464249.0,6000000.0,972
201800056789,18,6,14,1500,1,1,1,1.0,6.0,97213,A,1460034.0,6000000.0,972
201800056790,18,6,29,918,1,2,2,1.0,3.0,97213,A,1461691.0,6000000.0,972
201800056791,18,6,26,2115,5,1,1,1.0,2.0,97213,A,,,972
201800056792,18,7,11,1500,1,2,1,1.0,6.0,97213,A,1461652.0,6103719.0,972
201800056793,18,7,20,350,5,1,1,1.0,6.0,97213,A,1462547.0,6000000.0,972
201800056794,18,7,24,1240,1,1,1,1.0,2.0,97213,A,1459603.0,6000000.0,972
201800056795,18,7,19,2035,5,2,6,1.0,7.0,97213,A,1462910.0,6100827.0,972
201800056796,18,7,25,1640,1,2,4,1.0,3.0,97213,A,1464342.0,6101044.0,972
201800056797,18,7,30,2015,3,1,1,2.0,2.0,97213,A,1461806.0,6103068.0,972
201800056798,18,7,31,1320,1,2,1,1.0,1.0,97213,A,1462735.0,6101798.0,972
201800056799,18,7,31,1130,1,1,3,1.0,3.0,97213,A,,,972
201800056800,18,8,21,1300,1,1,1,1.0,4.0,97213,A,,,972
201800056801,18,9,4,1547,1,1,3,1.0,3.0,97213,A,1463240.0,6000000.0,972
201800056802,18,9,11,707,1,2,1,1.0,3.0,97213,A,,,972
201800056803,18,9,11,1330,1,1,1,1.0,5.0,97213,A,1462735.0,6100838.0,972
201800056804,18,9,26,1755,1,1,1,1.0,1.0,97213,A,,,972
201800056805,18,10,16,1812,3,1,1,1.0,1.0,97213,A,,,972
201800056806,18,10,21,710,1,1,1,3.0,3.0,97213,A,1462566.0,6000000.0,972
201800056807,18,11,2,625,2,1,1,2.0,3.0,97213,A,,,972
201800056808,18,11,29,730,1,2,2,7.0,6.0,97213,A,1461686.0,6000000.0,972
201800056809,18,11,30,805,1,1,1,1.0,3.0,97213,A,1463422.0,6000000.0,972
201800056810,18,12,9,1146,1,1,1,1.0,4.0,97213,A,1463100.0,6100820.0,972
201800056811,18,12,10,1055,1,1,1,1.0,5.0,97213,A,1461828.0,6103645.0,972
201800056812,18,12,17,1125,1,1,9,1.0,6.0,97213,A,1458857.0,6000000.0,972
201800056813,18,12,19,1215,1,1,1,1.0,2.0,97213,A,1464641.0,6101020.0,972
201800056814,18,12,28,2314,5,2,3,1.0,3.0,97213,A,1461044.0,6100369.0,972
201800056815,18,12,30,1200,1,2,1,3.0,4.0,97213,A,,,972
201800056816,18,1,5,1605,1,2,3,1.0,3.0,97302,G,491996.0,5231952.0,973
201800056817,18,12,31,1216,1,1,1,1.0,3.0,97302,G,492183.0,5232265.0,973
201800056818,18,12,29,2030,2,2,1,1.0,2.0,97302,G,491810.0,5232140.0,973
201800056819,18,1,8,1740,1,2,1,1.0,6.0,97302,G,493651.0,5230740.0,973
201800056820,18,1,9,600,4,2,1,8.0,3.0,97302,G,491520.0,5232097.0,973
201800056821,18,1,10,1615,1,2,1,1.0,4.0,97302,G,493136.0,5230645.0,973
201800056822,18,1,10,1910,5,2,1,1.0,3.0,97302,G,491235.0,5232111.0,973
201800056823,18,1,11,1340,1,2,1,1.0,2.0,97302,G,493126.0,5231678.0,973
201800056824,18,1,10,1745,1,2,1,1.0,3.0,97302,G,494219.0,5232394.0,973
201800056825,18,1,11,750,1,2,2,1.0,3.0,97302,G,492957.0,5231507.0,973
201800056826,18,1,12,1125,1,2,1,1.0,6.0,97302,G,492175.0,5232973.0,973
201800056827,18,1,15,1920,4,2,1,2.0,2.0,97302,G,490784.0,5232257.0,973
201800056828,18,1,17,1445,1,2,6,1.0,3.0,97302,G,489660.0,5232847.0,973
201800056829,18,1,17,1605,1,2,1,1.0,6.0,97302,G,491722.0,5232138.0,973
201800056830,18,1,18,1548,1,2,1,1.0,6.0,97302,G,494023.0,5232866.0,973
201800056831,18,1,19,625,3,2,1,1.0,3.0,97302,G,490752.0,5232227.0,973
201800056832,18,1,20,900,1,2,3,1.0,3.0,97302,G,494071.0,5233219.0,973
201800056833,18,1,20,1330,1,1,1,1.0,2.0,97302,G,492727.0,5231953.0,973
201800056834,18,1,24,825,1,2,1,1.0,2.0,97302,G,492461.0,5232887.0,973
201800056835,18,1,25,805,1,2,1,1.0,6.0,97302,G,493968.0,5233065.0,973
201800056836,18,1,25,1300,1,2,1,1.0,3.0,97302,G,491176.0,5232140.0,973
201800056837,18,1,24,2000,5,2,1,1.0,6.0,97302,G,493642.0,5231425.0,973
201800056838,18,1,26,1858,5,2,1,1.0,2.0,97302,G,493148.0,5232983.0,973
201800056839,18,1,27,1100,1,2,1,1.0,3.0,97302,G,492533.0,5230846.0,973
201800056840,18,1,27,1615,1,2,1,1.0,7.0,97302,G,492526.0,5230012.0,973
201800056841,18,1,29,840,1,2,1,1.0,3.0,97302,G,493244.0,5230933.0,973
201800056842,18,1,29,1645,1,2,3,1.0,3.0,97302,G,492729.0,5231966.0,973
201800056843,18,6,3,530,2,2,1,1.0,2.0,97302,G,494071.0,5232410.0,973
201800056844,18,1,31,1045,1,2,1,1.0,6.0,97302,G,493530.0,5231250.0,973
201800056845,18,2,1,2000,5,2,1,1.0,3.0,97302,G,493646.0,5230725.0,973
201800056846,18,2,2,2020,5,2,2,1.0,3.0,97302,G,494430.0,5230980.0,973
201800056847,18,1,27,1620,1,2,1,1.0,7.0,97302,G,492678.0,5229906.0,973
201800056848,18,2,7,1400,1,2,2,1.0,2.0,97302,G,490776.0,5232250.0,973
201800056849,18,2,10,1420,1,2,1,1.0,3.0,97302,G,492721.0,5232467.0,973
201800056850,18,2,19,1945,5,2,2,1.0,3.0,97302,G,494431.0,5230985.0,973
201800056851,18,2,20,1225,1,2,1,8.0,6.0,97302,G,492817.0,5232894.0,973
201800056852,18,2,21,1105,1,2,9,2.0,6.0,97302,G,493411.0,5233260.0,973
201800056853,18,2,28,900,1,2,6,1.0,2.0,97302,G,490770.0,5232210.0,973
201800056854,18,2,27,2100,5,2,1,1.0,3.0,97302,G,493651.0,5230726.0,973
201800056855,18,3,2,1444,1,1,3,1.0,3.0,97302,G,492981.0,5232581.0,973
201800056856,18,3,2,2011,1,1,3,1.0,3.0,97302,G,492569.0,5232426.0,973
201800056857,18,3,3,1020,1,2,1,1.0,6.0,97302,G,492740.0,5232510.0,973
201800056858,18,3,3,1950,5,2,1,2.0,6.0,97302,G,492818.0,5232520.0,973
201800056859,18,3,7,934,1,2,1,1.0,2.0,97302,G,492210.0,5232280.0,973
201800056860,18,3,8,1250,1,2,1,1.0,2.0,97302,G,491500.0,5232080.0,973
201800056861,18,3,9,1517,1,2,1,1.0,3.0,97302,G,492280.0,5228229.0,973
201800056862,18,3,8,1215,1,2,1,1.0,6.0,97302,G,494004.0,5232730.0,973
201800056863,18,3,11,720,1,2,2,1.0,3.0,97302,G,493289.0,5233329.0,973
201800056864,18,3,10,2012,5,2,2,1.0,1.0,97302,G,493164.0,5233251.0,973
201800056865,18,3,13,1115,1,2,1,1.0,3.0,97302,G,493237.0,5230816.0,973
201800056866,18,3,12,1330,1,1,1,1.0,3.0,97302,G,492874.0,5230040.0,973
201800056867,18,3,15,1105,1,2,1,1.0,6.0,97302,G,493475.0,5230855.0,973
201800056868,18,3,13,1225,1,2,1,1.0,3.0,97302,G,492405.0,5232407.0,973
201800056869,18,3,14,1244,1,2,1,1.0,3.0,97302,G,491990.0,5231960.0,973
201800056870,18,3,14,630,1,2,1,1.0,6.0,97302,G,493850.0,5233270.0,973
201800056871,18,3,15,1800,1,2,1,1.0,3.0,97302,G,490828.0,5226858.0,973
201800056872,18,3,18,1825,2,2,2,8.0,3.0,97302,G,493964.0,5233327.0,973
201800056873,18,3,19,1310,1,2,2,1.0,3.0,97302,G,494000.0,5232660.0,973
201800056874,18,3,22,720,1,2,1,1.0,1.0,97302,G,491293.0,5232305.0,973
201800056875,18,3,22,1240,1,2,1,1.0,3.0,97302,G,494037.0,5233083.0,973
201800056876,18,3,21,925,1,2,3,1.0,3.0,97302,G,493386.0,5233355.0,973
201800056877,18,3,24,1820,1,2,1,1.0,2.0,97302,G,492929.0,5230760.0,973
201800056878,18,3,26,630,2,2,1,1.0,6.0,97302,G,493470.0,5230850.0,973
201800056879,18,3,20,1157,1,2,1,1.0,6.0,97302,G,493360.0,5232040.0,973
201800056880,18,3,26,1920,3,2,1,1.0,3.0,97302,G,494454.0,5231707.0,973
201800056881,18,3,27,1150,1,2,1,1.0,6.0,97302,G,493429.0,5232721.0,973
201800056882,18,3,26,1200,1,2,9,1.0,1.0,97302,G,493339.0,5230988.0,973
201800056883,18,3,27,1820,2,2,1,1.0,3.0,97302,G,493758.0,5232437.0,973
201800056884,18,3,27,1330,1,2,1,1.0,6.0,97302,G,462420.0,5231820.0,973
201800056885,18,3,28,1150,1,2,1,1.0,6.0,97302,G,493410.0,5231707.0,973
201800056886,18,3,28,1800,2,2,6,1.0,7.0,97302,G,493310.0,5230930.0,973
201800056887,18,3,29,1825,2,2,1,1.0,3.0,97302,G,493617.0,5229617.0,973