Num_Acc,an,mois,jour,hrmn,lum,agg,int,atm,col,com,gps,lat,long,dep
201800056888,18,3,29,1950,3,2,1,1.0,2.0,97302,G,492931.0,5230274.0,973
201800056889,18,3,31,1410,1,2,1,1.0,3.0,97302,G,493682.0,5233375.0,973
201800056890,18,4,4,2025,5,2,1,1.0,3.0,97302,G,493215.0,5231141.0,973
201800056891,18,4,5,755,1,2,1,1.0,6.0,97302,G,493909.0,5233010.0,973
201800056892,18,4,5,1845,5,2,6,1.0,2.0,97302,G,492449.0,5232427.0,973
201800056893,18,4,7,1,5,2,1,3.0,3.0,97302,G,493565.0,5231313.0,973
201800056894,18,4,7,1605,1,2,1,1.0,3.0,97302,G,494250.0,5232204.0,973
201800056895,18,4,6,2330,5,2,6,2.0,2.0,97302,G,493156.0,5232999.0,973
201800056896,18,4,7,2055,5,2,4,1.0,5.0,97302,G,494396.0,5230843.0,973
201800056897,18,4,3,1712,1,2,6,1.0,2.0,97302,G,493260.0,5232670.0,973
201800056898,18,4,9,1232,1,2,1,1.0,3.0,97302,G,493484.0,5231190.0,973
201800056899,18,4,9,1550,1,1,1,1.0,7.0,97302,G,490369.0,5231667.0,973
201800056900,18,4,6,900,1,2,1,1.0,6.0,97302,G,494090.0,5233380.0,973
201800056901,18,4,9,1615,1,2,1,1.0,3.0,97302,G,492160.0,5232248.0,973
201800056902,18,4,10,1325,1,2,1,1.0,6.0,97302,G,491900.0,5231707.0,973
201800056903,18,4,11,1420,1,2,3,1.0,3.0,97302,G,493549.0,5229510.0,973
201800056904,18,4,12,1730,1,1,1,1.0,5.0,97302,G,491438.0,5232090.0,973
201800056905,18,4,15,1940,5,2,9,1.0,6.0,97302,G,493209.0,5232740.0,973
201800056906,18,4,16,1610,2,2,3,1.0,3.0,97302,G,491776.0,5232145.0,973
201800056907,18,4,16,1315,1,2,1,1.0,1.0,97302,G,491000.0,5232148.0,973
201800056908,18,4,17,1255,1,2,1,1.0,4.0,97302,G,494243.0,5230540.0,973
201800056909,18,4,17,1805,2,2,1,1.0,2.0,97302,G,493694.0,5232599.0,973
201800056910,18,4,18,1010,1,2,1,1.0,3.0,97302,G,493166.0,5232930.0,973
201800056911,18,4,18,1615,1,2,1,1.0,3.0,97302,G,494461.0,5231470.0,973
201800056912,18,4,20,725,1,2,1,5.0,2.0,97302,G,492012.0,5230295.0,973
201800056913,18,4,21,855,1,2,1,3.0,2.0,97302,G,493729.0,5232576.0,973
201800056914,18,4,20,1518,1,2,9,1.0,6.0,97302,G,490772.0,5232252.0,973
201800056915,18,4,23,926,1,1,9,1.0,3.0,97302,G,491900.0,5232169.0,973
201800056916,18,4,24,1500,1,2,3,1.0,1.0,97302,G,492805.0,5231385.0,973
201800056917,18,4,25,2200,4,2,2,1.0,3.0,97302,G,493048.0,5232229.0,973
201800056918,18,4,25,1015,1,2,1,1.0,7.0,97302,G,493320.0,5230980.0,973
201800056919,18,4,25,1205,1,2,1,1.0,1.0,97302,G,492566.0,5230867.0,973
201800056920,18,4,26,1800,1,2,1,1.0,2.0,97302,G,489121.0,5232731.0,973
201800056921,18,4,29,1355,1,2,2,2.0,3.0,97302,G,493997.0,5232663.0,973
201800056922,18,4,30,2250,5,2,1,1.0,3.0,97302,G,490298.0,5231483.0,973
201800056923,18,4,30,1552,1,2,1,1.0,2.0,97302,G,494025.0,5232690.0,973
201800056924,18,4,30,1700,1,2,1,2.0,6.0,97302,G,493465.0,5232360.0,973
201800056925,18,5,1,2215,5,2,1,2.0,6.0,97302,G,491310.0,5230819.0,973
201800056926,18,4,30,1200,2,2,1,1.0,6.0,97302,G,493550.0,5233090.0,973
201800056927,18,4,30,730,1,2,1,1.0,6.0,97302,G,493620.0,5229610.0,973
201800056928,18,4,30,1905,5,2,1,1.0,3.0,97302,G,491900.0,5232169.0,973
201800056929,18,5,3,1335,1,2,1,1.0,3.0,97302,G,491520.0,5232099.0,973
201800056930,18,5,4,1715,1,2,3,1.0,3.0,97302,G,492147.0,5231940.0,973
201800056931,18,5,5,1230,1,2,1,1.0,6.0,97302,G,493424.0,5231102.0,973
201800056932,18,5,7,1905,5,1,3,1.0,3.0,97302,G,492874.0,5231334.0,973
201800056933,18,5,8,1552,1,2,9,1.0,2.0,97302,G,492056.0,5231857.0,973
201800056934,18,5,7,1158,1,2,1,1.0,3.0,97302,G,493166.0,5232930.0,973
201800056935,18,5,9,1745,1,2,1,1.0,5.0,97302,G,491093.0,5232150.0,973
201800056936,18,5,13,1410,1,2,9,2.0,6.0,97302,G,494143.0,5230694.0,973
201800056937,18,5,12,1130,1,2,1,2.0,4.0,97302,G,490570.0,5232307.0,973
201800056938,18,5,14,1330,1,2,1,1.0,6.0,97302,G,493032.0,5230468.0,973
201800056939,18,5,15,1000,1,2,1,1.0,6.0,97302,G,493817.0,5231677.0,973
201800056940,18,5,15,1159,1,2,1,1.0,3.0,97302,G,492840.0,5232520.0,973
201800056941,18,5,14,1620,1,2,1,1.0,1.0,97302,G,493180.0,5230710.0,973
201800056942,18,5,15,1612,1,2,1,1.0,6.0,97302,G,493442.0,5233043.0,973
201800056943,18,5,15,1944,5,2,1,2.0,6.0,97302,G,493506.0,5229325.0,973
201800056944,18,5,17,725,1,2,9,2.0,6.0,97302,G,494268.0,5230599.0,973
201800056945,18,5,17,820,1,2,1,1.0,2.0,97302,G,493255.0,5230853.0,973
201800056946,18,5,17,1110,1,2,1,3.0,2.0,97302,G,493030.0,5230476.0,973
201800056947,18,5,17,1555,1,2,1,1.0,3.0,97302,G,491986.0,5231268.0,973
201800056948,18,5,18,655,1,1,1,1.0,2.0,97302,G,490779.0,5232251.0,973
201800056949,18,5,18,1500,1,2,1,1.0,3.0,97302,G,493026.0,5230467.0,973
201800056950,18,5,19,1140,1,2,1,8.0,2.0,97302,G,493970.0,5232780.0,973
201800056951,18,5,19,1330,1,2,1,3.0,6.0,97302,G,492310.0,5231250.0,973
201800056952,18,4,26,1800,2,2,1,1.0,3.0,97302,G,492891.0,5232005.0,973
201800056953,18,5,23,1050,1,2,1,8.0,6.0,97302,G,494034.0,5232670.0,973
201800056954,18,5,24,744,1,2,9,1.0,5.0,97302,G,493388.0,5232474.0,973
201800056955,18,5,24,1330,1,2,1,1.0,4.0,97302,G,493358.0,5233180.0,973
201800056956,18,5,24,2240,5,2,1,2.0,7.0,97302,G,492934.0,5232561.0,973
201800056957,18,5,21,1752,2,2,1,1.0,6.0,97302,G,492810.0,5229270.0,973
201800056958,18,5,24,1015,1,2,1,1.0,6.0,97302,G,493419.0,5232720.0,973
201800056959,18,5,25,1025,1,2,2,2.0,3.0,97302,G,493498.0,5232953.0,973
201800056960,18,5,25,1830,2,2,3,1.0,6.0,97302,G,491746.0,5231286.0,973
201800056961,18,5,25,2033,5,2,1,1.0,3.0,97302,G,493023.0,5230461.0,973
201800056962,18,5,26,1835,2,2,2,2.0,3.0,97302,G,494129.0,5232690.0,973
201800056963,18,5,27,2026,5,2,1,1.0,3.0,97302,G,492821.0,5231410.0,973
201800056964,18,5,27,2041,5,2,1,1.0,6.0,97302,G,492011.0,5231930.0,973
201800056965,18,5,30,1710,1,2,1,1.0,3.0,97302,G,493850.0,5231740.0,973
201800056966,18,5,30,1835,5,2,1,1.0,6.0,97302,G,493083.0,5230489.0,973
201800056967,18,6,1,945,1,2,1,1.0,3.0,97302,G,493000.0,5231576.0,973
201800056968,18,6,2,1520,1,2,1,1.0,3.0,97302,G,493083.0,5230489.0,973
201800056969,18,6,5,1433,1,1,1,1.0,6.0,97302,G,492206.0,5232288.0,973
201800056970,18,6,5,1741,1,1,1,1.0,3.0,97302,G,493689.0,5229733.0,973
201800056971,18,6,8,1235,1,2,1,1.0,3.0,97302,G,492880.0,5232534.0,973
201800056972,18,6,8,1820,1,2,1,1.0,3.0,97302,G,492718.0,5228998.0,973
201800056973,18,6,8,2114,5,2,1,1.0,3.0,97302,G,492429.0,5231253.0,973
201800056974,18,6,8,1330,1,2,1,1.0,1.0,97302,G,491264.0,5232109.0,973
201800056975,18,6,11,1926,5,2,1,2.0,6.0,97302,G,493145.0,5231710.0,973
201800056976,18,6,12,840,1,2,9,1.0,2.0,97302,G,493083.0,5230489.0,973
201800056977,18,6,13,955,1,2,1,2.0,3.0,97302,G,492998.0,5232590.0,973
201800056978,18,6,14,1520,1,2,3,1.0,6.0,97302,G,493968.0,5232778.0,973
201800056979,18,6,18,1005,1,2,1,1.0,3.0,97302,G,492186.0,5232272.0,973
201800056980,18,6,19,710,1,2,2,1.0,3.0,97302,G,493580.0,5232470.0,973
201800056981,18,6,23,5,5,2,1,1.0,7.0,97302,G,493829.0,5232203.0,973
201800056982,18,6,23,1350,1,1,1,1.0,2.0,97302,G,494243.0,5230540.0,973
201800056983,18,6,25,1615,1,2,1,1.0,3.0,97302,G,491776.0,5231415.0,973
201800056984,18,6,25,2130,5,2,1,2.0,1.0,97302,G,493711.0,5230699.0,973
201800056985,18,6,27,906,1,2,9,1.0,3.0,97302,G,493929.0,5232840.0,973
201800056986,18,6,27,1550,1,2,1,1.0,3.0,97302,G,492899.0,5230063.0,973
201800056987,18,6,28,2200,5,2,2,1.0,2.0,97302,G,494001.0,5232659.0,973
201800056988,18,6,30,1543,1,2,1,1.0,5.0,97302,G,493392.0,5232940.0,973
201800056989,18,7,2,1005,1,2,2,1.0,3.0,97302,G,494080.0,5232870.0,973
201800056990,18,7,3,1955,3,2,1,1.0,2.0,97302,G,491891.0,5231270.0,973
201800056991,18,7,4,1630,1,2,2,1.0,4.0,97302,G,491924.0,5231758.0,973
201800056992,18,7,5,2205,5,2,1,1.0,1.0,97302,G,493110.0,5232632.0,973
201800056993,18,7,6,1438,1,1,1,1.0,2.0,97302,G,494222.0,5230492.0,973
201800056994,18,7,10,1600,1,2,1,1.0,4.0,97302,G,493103.0,5231327.0,973
201800056995,18,7,11,1850,1,1,1,1.0,3.0,97302,G,494025.0,5232690.0,973
201800056996,18,7,12,737,1,2,1,1.0,2.0,97302,G,492697.0,5232895.0,973
201800056997,18,7,13,840,1,2,1,1.0,2.0,97302,G,492801.0,5231388.0,973
201800056998,18,7,20,2350,4,2,1,1.0,2.0,97302,G,494433.0,5230409.0,973
201800056999,18,7,21,720,1,2,2,1.0,3.0,97302,G,493337.0,5233171.0,973
201800057000,18,7,22,100,5,2,1,1.0,6.0,97302,G,493162.0,5230736.0,973
201800057001,18,7,24,1405,1,1,6,1.0,3.0,97302,G,493259.0,5230905.0,973
201800057002,18,7,24,1310,1,1,1,2.0,4.0,97302,G,490773.0,5232250.0,973
201800057003,18,7,28,910,1,2,1,1.0,2.0,97302,G,494408.0,5232098.0,973
201800057004,18,7,30,2335,5,2,3,1.0,3.0,97302,G,493217.0,5232746.0,973
201800057005,18,7,26,1546,1,2,1,1.0,6.0,97302,G,492150.0,5231690.0,973
201800057006,18,8,1,1005,1,2,1,1.0,4.0,97302,G,490490.0,5232343.0,973
201800057007,18,7,31,1420,1,1,1,1.0,2.0,97302,G,490138.0,5232507.0,973
201800057008,18,8,2,1350,1,2,2,1.0,3.0,97302,G,493821.0,5232625.0,973
201800057009,18,8,5,830,1,2,1,1.0,2.0,97302,G,491441.0,5232087.0,973
201800057010,18,8,8,1100,1,1,1,1.0,3.0,97302,G,491775.0,5231362.0,973
201800057011,18,8,8,1147,1,1,1,1.0,5.0,97302,G,492120.0,5230407.0,973
201800057012,18,8,9,1125,1,1,1,1.0,4.0,97302,G,492215.0,5232294.0,973
201800057013,18,8,11,1020,1,2,1,1.0,2.0,97302,G,493719.0,5233530.0,973
201800057014,18,8,11,2337,5,2,1,1.0,5.0,97302,G,493370.0,5232634.0,973
201800057015,18,8,12,2230,5,2,1,1.0,1.0,97302,G,493315.0,5231304.0,973
201800057016,18,8,15,1420,1,2,1,1.0,1.0,97302,G,493545.0,5231927.0,973
201800057017,18,8,17,1552,1,2,2,1.0,3.0,97302,G,493950.0,5233439.0,973
201800057018,18,8,17,2030,4,2,1,1.0,6.0,97302,G,493390.0,5233060.0,973
201800057019,18,8,20,1,5,1,6,1.0,7.0,97302,G,492160.0,5232978.0,973
201800057020,18,8,20,1200,1,2,3,1.0,3.0,97302,G,493459.0,5232728.0,973
201800057021,18,8,21,1315,1,2,1,1.0,6.0,97302,G,494182.0,5232439.0,973
201800057022,18,8,22,1645,1,2,2,1.0,3.0,97302,G,492121.0,5230400.0,973
201800057023,18,8,22,2220,5,2,1,1.0,3.0,97302,G,492881.0,5229928.0,973
201800057024,18,8,22,1900,5,2,1,1.0,3.0,97302,G,493345.0,5229988.0,973
201800057025,18,8,22,1935,3,2,1,1.0,3.0,97302,G,493018.0,5231432.0,973
201800057026,18,8,21,1755,1,2,9,1.0,3.0,97302,G,491099.0,5232143.0,973
201800057027,18,8,25,1255,1,2,1,1.0,3.0,97302,G,493384.0,5231345.0,973
201800057028,18,8,25,1200,1,2,3,1.0,3.0,97302,G,491366.0,5232080.0,973
201800057029,18,8,26,1815,1,2,1,1.0,2.0,97302,G,493147.0,5233244.0,973
201800057030,18,8,27,155,5,2,1,1.0,2.0,97302,G,491266.0,5232098.0,973
201800057031,18,8,27,2030,5,2,2,1.0,1.0,97302,G,492955.0,5231512.0,973
201800057032,18,8,29,2015,5,2,9,1.0,3.0,97302,G,493170.0,5232652.0,973
201800057033,18,8,30,1545,1,2,2,1.0,6.0,97302,G,493100.0,5231310.0,973
201800057034,18,9,1,730,1,2,1,1.0,1.0,97302,G,492985.0,5231340.0,973
201800057035,18,9,3,751,1,2,1,1.0,1.0,97302,G,492608.0,5232144.0,973
201800057036,18,9,6,824,1,2,1,1.0,3.0,97302,G,491920.0,5231260.0,973
201800057037,18,9,6,2020,5,2,9,1.0,3.0,97302,G,493475.0,5232622.0,973
201800057038,18,9,7,1425,1,2,1,1.0,3.0,97302,G,491951.0,5232177.0,973
201800057039,18,9,7,1321,1,1,1,1.0,6.0,97302,G,492918.0,5229588.0,973
201800057040,18,9,10,1720,1,1,9,1.0,3.0,97302,G,492686.0,5232888.0,973
201800057041,18,9,11,1147,1,2,2,1.0,3.0,97302,G,493860.0,5233570.0,973
201800057042,18,9,12,725,1,2,1,1.0,3.0,97302,G,493197.0,5230768.0,973
201800057043,18,9,19,730,1,1,1,1.0,3.0,97302,G,490200.0,5229707.0,973
201800057044,18,9,19,1505,1,2,1,1.0,6.0,97302,G,492857.0,5231357.0,973
201800057045,18,9,19,2030,5,2,6,1.0,6.0,97302,G,494129.0,5232137.0,973
201800057046,18,9,21,931,1,2,6,1.0,6.0,97302,G,493816.0,5231207.0,973
201800057047,18,9,22,2009,5,1,1,1.0,3.0,97302,G,491339.0,5232850.0,973
201800057048,18,9,25,1220,1,2,1,1.0,6.0,97302,G,493137.0,5230650.0,973
201800057049,18,9,27,814,1,2,1,1.0,3.0,97302,G,493477.0,5229282.0,973
201800057050,18,9,24,1700,1,2,1,1.0,2.0,97302,G,493909.0,5232630.0,973
201800057051,18,9,26,730,1,2,1,1.0,6.0,97302,G,494248.0,5232212.0,973
201800057052,18,9,28,1700,1,1,1,1.0,3.0,97302,G,493354.0,5231003.0,973
201800057053,18,9,28,1815,2,2,1,1.0,6.0,97302,G,493379.0,5233181.0,973
201800057054,18,9,30,920,1,2,9,1.0,3.0,97302,G,493997.0,5232666.0,973
201800057055,18,10,3,700,1,2,9,1.0,3.0,97302,G,494210.0,5230462.0,973
201800057056,18,10,4,1555,1,1,9,1.0,6.0,97302,G,490915.0,5232166.0,973
201800057057,18,10,4,1850,2,1,3,1.0,6.0,97302,G,491438.0,5232084.0,973
201800057058,18,10,5,230,5,2,1,1.0,5.0,97302,G,493222.0,5233009.0,973
201800057059,18,10,5,1225,1,2,1,1.0,3.0,97302,G,493370.0,5232550.0,973
201800057060,18,10,6,1205,1,2,9,1.0,3.0,97302,G,492680.0,5232460.0,973
201800057061,18,10,6,2025,5,2,9,1.0,3.0,97302,G,492920.0,5229589.0,973
201800057062,18,9,30,1700,1,2,1,1.0,3.0,97302,G,493570.0,5229530.0,973
201800057063,18,9,28,1310,1,2,1,1.0,3.0,97302,G,491710.0,5232130.0,973
201800057064,18,10,9,1400,1,2,1,1.0,3.0,97302,G,493718.0,5230260.0,973
201800057065,18,10,8,1255,1,1,1,1.0,4.0,97302,G,493731.0,5230688.0,973
201800057066,18,10,9,1530,1,2,2,1.0,6.0,97302,G,493915.0,5231836.0,973
201800057067,18,10,10,1015,1,2,9,1.0,3.0,97302,G,493049.0,5230508.0,973
201800057068,18,10,11,2050,5,2,1,1.0,6.0,97302,G,493058.0,5233197.0,973
201800057069,18,10,10,740,1,2,1,1.0,6.0,97302,G,494210.0,5230507.0,973
201800057070,18,10,10,1225,1,2,1,1.0,3.0,97302,G,491279.0,5232080.0,973
201800057071,18,10,12,2010,5,2,1,1.0,7.0,97302,G,491309.0,5232017.0,973
201800057072,18,10,12,2300,5,2,1,1.0,6.0,97302,G,492383.0,5231250.0,973
201800057073,18,10,13,1420,1,2,1,1.0,3.0,97302,G,493764.0,5231588.0,973
201800057074,18,10,15,1936,5,2,2,1.0,7.0,97302,G,493099.0,5231325.0,973
201800057075,18,10,16,1026,1,2,1,1.0,7.0,97302,G,494151.0,5230360.0,973
201800057076,18,10,15,1600,1,2,6,1.0,3.0,97302,G,490778.0,5232252.0,973
201800057077,18,10,17,1050,1,2,1,1.0,6.0,97302,G,494103.0,5232989.0,973
201800057078,18,10,17,1755,2,2,9,1.0,7.0,97302,G,493261.0,5230849.0,973
201800057079,18,10,19,1900,5,2,3,1.0,6.0,97302,G,493305.0,5233283.0,973
201800057080,18,10,20,1400,1,2,2,1.0,3.0,97302,G,493920.0,5231830.0,973
201800057081,18,10,22,125,5,2,1,1.0,6.0,97302,G,493959.0,5233060.0,973
201800057082,18,10,22,1128,1,2,1,1.0,2.0,97302,G,493842.0,5233343.0,973
201800057083,18,10,23,1035,1,2,1,1.0,3.0,97302,G,493460.0,5231904.0,973
201800057084,18,10,25,854,1,1,3,1.0,6.0,97302,G,490987.0,5232151.0,973
201800057085,18,10,25,2250,5,1,1,1.0,6.0,97302,G,490361.0,5230474.0,973
201800057086,18,10,26,1206,1,2,1,1.0,6.0,97302,G,492616.0,5230361.0,973
201800057087,18,10,26,1336,1,1,9,1.0,6.0,97302,G,490300.0,5232207.0,973
201800057088,18,10,27,2347,5,2,1,1.0,7.0,97302,G,493281.0,5233280.0,973
201800057089,18,10,29,1650,1,2,1,1.0,6.0,97302,G,492550.0,5231610.0,973
201800057090,18,10,27,1220,1,2,2,1.0,3.0,97302,G,494393.0,5230787.0,973
201800057091,18,10,31,1500,1,2,2,1.0,5.0,97302,G,493090.0,5231320.0,973
201800057092,18,11,1,555,2,2,1,1.0,5.0,97302,G,493928.0,5231833.0,973
201800057093,18,11,3,1752,1,2,1,1.0,6.0,97302,G,492509.0,5231701.0,973
201800057094,18,11,3,2048,5,2,1,1.0,3.0,97302,G,493085.0,5230568.0,973
201800057095,18,11,5,640,1,1,6,1.0,6.0,97302,G,490660.0,5232250.0,973
201800057096,18,11,6,1655,1,2,2,1.0,3.0,97302,G,494275.0,5231972.0,973
201800057097,18,11,7,650,1,2,1,1.0,6.0,97302,G,493831.0,5229944.0,973
201800057098,18,11,7,1030,1,2,1,1.0,3.0,97302,G,492909.0,5229589.0,973
201800057099,18,11,8,1525,1,2,1,1.0,3.0,97302,G,494460.0,5231518.0,973
201800057100,18,11,8,1850,2,2,2,1.0,3.0,97302,G,492502.0,5231790.0,973
201800057101,18,11,8,945,1,2,1,1.0,6.0,97302,G,491279.0,5232080.0,973
201800057102,18,11,5,1800,1,2,1,1.0,3.0,97302,G,491912.0,5231727.0,973
201800057103,18,11,12,730,1,2,1,1.0,2.0,97302,G,493959.0,5233060.0,973
201800057104,18,11,12,1234,1,2,1,1.0,6.0,97302,G,493660.0,5232777.0,973
201800057105,18,11,13,1203,1,2,6,1.0,6.0,97302,G,493333.0,5230956.0,973
201800057106,18,11,11,2005,5,2,9,1.0,2.0,97302,G,493200.0,5231162.0,973
201800057107,18,11,15,652,1,1,9,1.0,2.0,97302,G,490945.0,5232385.0,973
201800057108,18,11,14,1318,1,2,9,1.0,3.0,97302,G,493730.0,5232160.0,973
201800057109,18,11,15,1130,1,2,1,1.0,6.0,97302,G,493856.0,5231738.0,973
201800057110,18,11,16,605,2,2,2,1.0,3.0,97302,G,494123.0,5232991.0,973
201800057111,18,11,16,1912,5,2,1,1.0,3.0,97302,G,492619.0,5231362.0,973
201800057112,18,11,19,2025,5,2,2,3.0,6.0,97302,G,493664.0,5233121.0,973
201800057113,18,11,17,2045,5,2,1,1.0,2.0,97302,G,490539.0,5232330.0,973
201800057114,18,11,21,1155,1,2,1,1.0,3.0,97302,G,491977.0,5231269.0,973
201800057115,18,11,22,1835,5,2,9,1.0,3.0,97302,G,492005.0,5232184.0,973
201800057116,18,11,22,2035,5,2,2,1.0,3.0,97302,G,493677.0,5233127.0,973
201800057117,18,11,23,1920,3,1,9,2.0,2.0,97302,G,489267.0,5233180.0,973
201800057118,18,11,24,1840,5,2,1,1.0,6.0,97302,G,491442.0,5232094.0,973
201800057119,18,11,25,230,5,2,2,1.0,2.0,97302,G,492949.0,5231511.0,973
201800057120,18,11,28,1330,1,2,3,1.0,3.0,97302,G,491639.0,5232143.0,973
201800057121,18,11,30,1103,1,2,1,1.0,6.0,97302,G,493235.0,5231270.0,973
201800057122,18,11,29,1210,1,2,1,1.0,1.0,97302,G,493089.0,5232887.0,973
201800057123,18,11,30,1435,1,2,1,1.0,3.0,97302,G,491042.0,5232136.0,973
201800057124,18,12,4,1835,5,2,1,1.0,3.0,97302,G,492839.0,5229345.0,973
201800057125,18,12,6,740,1,2,2,2.0,6.0,97302,G,491924.0,5231755.0,973
201800057126,18,12,7,1845,5,2,1,1.0,1.0,97302,G,492849.0,5231357.0,973
201800057127,18,12,5,2045,4,2,1,2.0,1.0,97302,G,493206.0,5229722.0,973
201800057128,18,12,7,2025,3,2,1,1.0,1.0,97302,G,493389.0,5232962.0,973
201800057129,18,12,10,705,1,2,1,1.0,3.0,97302,G,492109.0,5233039.0,973
201800057130,18,12,10,755,1,2,1,1.0,3.0,97302,G,491753.0,5230797.0,973
201800057131,18,12,12,1400,1,2,1,1.0,3.0,97302,G,493393.0,5232637.0,973
201800057132,18,12,14,835,1,2,9,1.0,3.0,97302,G,492831.0,5229324.0,973
201800057133,18,12,14,1645,1,1,1,1.0,3.0,97302,G,493707.0,5229766.0,973
201800057134,18,12,14,1220,1,2,9,1.0,6.0,97302,G,492896.0,5230036.0,973
201800057135,18,12,16,1515,1,2,1,1.0,3.0,97302,G,493723.0,5230698.0,973
201800057136,18,12,16,2300,4,1,1,2.0,2.0,97302,G,490399.0,5232383.0,973
201800057137,18,12,17,1305,1,2,1,1.0,3.0,97302,G,493383.0,5232971.0,973
201800057138,18,12,17,1155,1,2,1,1.0,6.0,97302,G,493924.0,5232984.0,973
201800057139,18,11,17,1515,1,2,1,1.0,1.0,97302,G,493349.0,5231330.0,973
201800057140,18,12,20,2022,3,1,3,1.0,3.0,97302,G,490318.0,5232422.0,973
201800057141,18,12,21,1510,1,1,1,1.0,2.0,97302,G,494290.0,5232618.0,973
201800057142,18,12,21,1622,1,2,1,1.0,6.0,97302,G,494036.0,5232668.0,973
201800057143,18,12,21,1815,1,2,1,1.0,6.0,97302,G,491905.0,5231696.0,973
201800057144,18,12,22,2200,5,2,1,3.0,7.0,97302,G,493952.0,5232883.0,973
201800057145,18,12,22,1140,1,2,6,2.0,3.0,97302,G,493103.0,5232966.0,973
201800057146,18,12,22,1205,1,2,2,1.0,3.0,97302,G,491923.0,5231754.0,973
201800057147,18,12,24,1005,1,2,9,1.0,3.0,97302,G,493821.0,5231675.0,973
201800057148,18,12,25,1432,1,1,1,1.0,7.0,97302,G,490836.0,5232191.0,973
201800057149,18,12,26,1730,1,2,1,3.0,6.0,97302,G,493959.0,5233060.0,973
201800057150,18,12,26,1320,1,2,9,2.0,2.0,97302,G,492028.0,5232185.0,973
201800057151,18,12,30,300,5,1,1,1.0,7.0,97302,G,491332.0,5232849.0,973
201800057152,18,12,27,2120,5,2,1,1.0,3.0,97302,G,493634.0,5231920.0,973
201800057153,18,1,9,1215,1,2,2,1.0,3.0,97407,R,2094186.0,5528857.0,974
201800057154,18,1,8,1840,1,2,1,1.0,1.0,97407,R,2095033.0,5530675.0,974
201800057155,18,1,31,555,1,1,1,1.0,7.0,97407,R,2094408.0,5531223.0,974
201800057156,18,1,30,1825,1,2,1,1.0,6.0,97407,R,2095246.0,5530911.0,974
201800057157,18,11,17,1430,1,2,1,1.0,7.0,97407,R,2095748.0,5530998.0,974
201800057158,18,2,1,650,1,2,1,1.0,3.0,97407,R,2094098.0,5529396.0,974
201800057159,18,2,7,935,1,2,2,1.0,3.0,97407,R,2094462.0,5528918.0,974
201800057160,18,2,10,1130,1,2,1,1.0,2.0,97407,R,2093314.0,5529285.0,974
201800057161,18,2,10,2035,3,2,1,1.0,6.0,97407,R,2093029.0,5530072.0,974
201800057162,18,1,1,130,5,2,1,1.0,7.0,97407,R,2094182.0,5529341.0,974
201800057163,18,1,1,110,5,2,1,1.0,7.0,97407,R,2095753.0,5531251.0,974
201800057164,18,2,17,2010,5,2,1,1.0,3.0,97407,R,2093614.0,5530657.0,974
201800057165,18,2,20,1100,1,2,2,1.0,3.0,97407,R,2094053.0,5529432.0,974
201800057166,18,2,25,1615,1,2,1,1.0,1.0,97407,R,2094628.0,5529823.0,974
201800057167,18,3,5,1930,3,2,6,3.0,3.0,97407,R,,,974
201800057168,18,3,6,2000,5,2,6,2.0,3.0,97407,R,,,974
201800057169,18,3,9,915,1,1,1,1.0,3.0,97407,R,2093483.0,5532009.0,974
201800057170,18,3,18,1700,1,2,1,1.0,6.0,97407,R,2093648.0,5529880.0,974
201800057171,18,1,1,428,5,2,1,1.0,6.0,97407,R,2094451.0,5529268.0,974
201800057172,18,3,18,1145,1,2,1,1.0,6.0,97407,R,,,974
201800057173,18,2,28,1635,1,1,1,1.0,5.0,97407,R,2095043.0,5531921.0,974
201800057174,18,4,8,2233,3,1,1,1.0,2.0,97407,R,2094997.0,5531969.0,974
201800057175,18,4,13,1130,1,2,1,1.0,3.0,97407,R,2093927.0,5529090.0,974
201800057176,18,4,13,1225,1,2,6,1.0,3.0,97407,R,2095603.0,5531197.0,974
201800057177,18,4,13,1610,1,1,1,1.0,3.0,97407,R,2094783.0,5532033.0,974
201800057178,18,4,14,820,1,2,1,1.0,6.0,97407,R,2094523.0,5529339.0,974
201800057179,18,4,17,1551,1,2,1,1.0,6.0,97407,R,2093997.0,5530001.0,974
201800057180,18,4,26,600,1,2,1,1.0,4.0,97407,R,2094624.0,5529869.0,974
201800057181,18,4,20,2115,5,1,1,1.0,6.0,97407,R,2093512.0,5529676.0,974
201800057182,18,5,8,1300,1,2,1,1.0,6.0,97407,R,2094850.0,5528997.0,974
201800057183,18,5,9,1000,1,2,2,1.0,3.0,97407,R,2094171.0,5529628.0,974
201800057184,18,3,29,2300,5,2,1,1.0,6.0,97407,R,,,974
201800057185,18,5,28,1455,1,2,9,1.0,3.0,97407,R,2094016.0,5530882.0,974
201800057186,18,5,24,2125,3,1,1,1.0,6.0,97407,R,2093176.0,5532865.0,974