Num_Acc,an,mois,jour,hrmn,lum,agg,int,atm,col,com,gps,lat,long,dep
201800057187,18,5,12,2225,4,2,2,1.0,2.0,97407,R,2093614.0,5529272.0,974
201800057188,18,6,8,1400,1,1,1,1.0,2.0,97407,R,2094163.0,5532873.0,974
201800057189,18,6,8,1700,1,1,1,1.0,3.0,97407,R,2094459.0,5531532.0,974
201800057190,18,6,8,1915,5,2,7,1.0,3.0,97407,R,2093578.0,5529130.0,974
201800057191,18,6,8,1000,1,2,1,1.0,7.0,97407,R,2095940.0,5529365.0,974
201800057192,18,6,26,915,1,1,1,1.0,5.0,97407,R,2095292.0,5531555.0,974
201800057193,18,5,29,720,1,2,3,1.0,6.0,97407,R,2093864.0,5529673.0,974
201800057194,18,6,30,1000,1,2,2,1.0,3.0,97407,R,2093514.0,5529881.0,974
201800057195,18,7,4,1315,1,2,9,1.0,4.0,97407,R,2095573.0,5531122.0,974
201800057196,18,7,6,1015,1,2,1,1.0,3.0,97407,R,2094487.0,5531693.0,974
201800057197,18,7,8,515,3,1,1,2.0,6.0,97407,R,2094817.0,5532203.0,974
201800057198,18,7,18,1720,1,1,1,1.0,3.0,97407,R,2095306.0,5531551.0,974
201800057199,18,7,20,1740,1,2,1,1.0,6.0,97407,R,2095744.0,5531577.0,974
201800057200,18,7,21,1430,1,1,1,1.0,2.0,97407,R,2095429.0,5531370.0,974
201800057201,18,7,23,1655,1,1,9,1.0,2.0,97407,R,2093135.0,5529916.0,974
201800057202,18,7,30,1500,1,2,2,1.0,3.0,97407,R,2095800.0,5531730.0,974
201800057203,18,8,2,1750,1,1,1,1.0,3.0,97407,R,2095077.0,5531882.0,974
201800057204,18,8,4,1040,1,2,1,1.0,3.0,97407,R,2094529.0,5529830.0,974
201800057205,18,8,7,1150,1,2,1,1.0,3.0,97407,R,2094496.0,5532059.0,974
201800057206,18,8,21,1725,1,2,1,1.0,3.0,97407,R,2093899.0,5529083.0,974
201800057207,18,8,23,1350,1,1,1,1.0,7.0,97407,R,2093469.0,5530633.0,974
201800057208,18,8,24,1110,1,2,1,1.0,3.0,97407,R,2094593.0,5529848.0,974
201800057209,18,8,27,1615,1,2,1,1.0,3.0,97407,R,2095093.0,5529077.0,974
201800057210,18,8,31,1045,1,2,1,1.0,3.0,97407,R,2095229.0,5530584.0,974
201800057211,18,9,5,830,1,2,1,1.0,6.0,97407,R,2093438.0,5530870.0,974
201800057212,18,9,11,1800,2,1,1,1.0,1.0,97407,R,2093486.0,5531234.0,974
201800057213,18,9,23,1645,1,2,1,1.0,6.0,97407,R,2094173.0,5528601.0,974
201800057214,18,9,25,1630,1,2,1,1.0,6.0,97407,R,2093000.0,5529070.0,974
201800057215,18,9,28,1830,2,2,9,1.0,3.0,97407,R,2094595.0,5529309.0,974
201800057216,18,9,28,2320,3,1,1,1.0,5.0,97407,R,2094973.0,5532039.0,974
201800057217,18,9,29,1700,1,1,1,1.0,2.0,97407,R,2095927.0,5530864.0,974
201800057218,18,9,29,1000,1,2,3,1.0,3.0,97407,R,2095698.0,5531404.0,974
201800057219,18,9,8,2115,3,2,1,1.0,2.0,97407,R,2094473.0,5531709.0,974
201800057220,18,10,10,1920,5,2,1,1.0,3.0,97407,R,2094755.0,5529915.0,974
201800057221,18,10,19,850,1,2,9,1.0,2.0,97407,R,2095799.0,5531717.0,974
201800057222,18,10,19,530,2,2,3,2.0,3.0,97407,R,2094051.0,5529445.0,974
201800057223,18,10,21,1830,2,2,1,1.0,6.0,97407,R,2093696.0,5529099.0,974
201800057224,18,10,27,1520,1,2,2,8.0,2.0,97407,R,2095804.0,5531737.0,974
201800057225,18,10,30,800,1,2,9,7.0,3.0,97407,R,2095414.0,5530891.0,974
201800057226,18,11,1,1800,1,2,6,1.0,3.0,97407,R,2093154.0,5529667.0,974
201800057227,18,11,7,1020,1,2,9,1.0,6.0,97407,R,2093145.0,5529097.0,974
201800057228,18,11,9,1725,1,1,1,1.0,7.0,97407,R,2095309.0,5529460.0,974
201800057229,18,11,29,1825,2,1,9,2.0,6.0,97407,R,2095484.0,5531292.0,974
201800057230,18,11,30,1435,1,2,6,1.0,3.0,97407,R,2094607.0,5529667.0,974
201800057231,18,12,1,530,2,2,1,1.0,6.0,97407,R,2094965.0,5529407.0,974
201800057232,18,11,19,1220,1,2,2,1.0,1.0,97407,R,2093156.0,5529667.0,974
201800057233,18,12,6,1650,1,2,1,1.0,2.0,97407,R,2093040.0,5529340.0,974
201800057234,18,12,4,540,2,1,1,1.0,4.0,97407,R,2095549.0,5531222.0,974
201800057235,18,12,12,1725,1,2,2,2.0,3.0,97407,R,2094184.0,5528856.0,974
201800057236,18,12,16,1705,1,1,2,1.0,3.0,97407,R,2096048.0,5531396.0,974
201800057237,18,12,9,1510,1,1,6,1.0,6.0,97407,R,2095585.0,5531196.0,974
201800057238,18,12,22,935,1,2,1,1.0,3.0,97407,R,2092995.0,5530147.0,974
201800057239,18,7,14,2150,3,1,1,1.0,7.0,97407,R,2094669.0,5532329.0,974
201800057240,18,7,12,2100,5,2,1,1.0,4.0,97407,R,2093603.0,5529678.0,974
201800057241,18,12,26,2205,3,2,1,1.0,3.0,97407,R,2093502.0,5530901.0,974
201800057242,18,1,9,2010,5,2,1,1.0,1.0,97409,R,,,974
201800057243,18,1,28,1250,1,2,6,1.0,3.0,97409,R,2093261.0,5564855.0,974
201800057244,18,2,12,1730,1,2,1,1.0,2.0,97409,R,2096886.0,5565545.0,974
201800057245,18,1,30,1030,1,1,1,1.0,6.0,97409,R,2095818.0,5568823.0,974
201800057246,18,4,6,1820,5,2,1,3.0,6.0,97409,R,2095855.0,5565165.0,974
201800057247,18,5,3,1940,3,1,1,1.0,6.0,97409,R,2097047.0,5565554.0,974
201800057248,18,5,4,1500,1,2,7,1.0,3.0,97409,R,2095603.0,5566075.0,974
201800057249,18,4,3,1355,1,2,2,1.0,6.0,97409,R,2096015.0,5565448.0,974
201800057250,18,5,15,1940,5,2,2,1.0,3.0,97409,R,2096221.0,5565565.0,974
201800057251,18,5,22,630,2,1,1,3.0,1.0,97409,R,2099842.0,5558041.0,974
201800057252,18,5,25,1350,1,2,1,1.0,6.0,97409,R,2096208.0,5564834.0,974
201800057253,18,5,25,1830,5,2,1,1.0,3.0,97409,R,2095067.0,5567508.0,974
201800057254,18,3,17,2135,4,1,1,1.0,6.0,97409,R,2094293.0,5564831.0,974
201800057255,18,6,5,2330,3,1,1,2.0,3.0,97409,R,2097809.0,5563871.0,974
201800057256,18,6,6,1450,1,2,1,2.0,2.0,97409,R,2096603.0,5565168.0,974
201800057257,18,6,15,1800,3,1,1,1.0,1.0,97409,R,2094549.0,5568282.0,974
201800057258,18,6,30,1955,5,2,1,1.0,1.0,97409,R,2096521.0,5564861.0,974
201800057259,18,7,5,1600,1,2,1,1.0,6.0,97409,R,2097332.0,5565126.0,974
201800057260,18,7,8,2120,5,2,1,1.0,1.0,97409,R,2095335.0,5567179.0,974
201800057261,18,7,12,1700,1,2,1,1.0,7.0,97409,R,2097370.0,5565707.0,974
201800057262,18,7,17,1100,1,2,1,1.0,6.0,97409,R,2096186.0,5565273.0,974
201800057263,18,7,18,1045,1,2,1,1.0,3.0,97409,R,2094898.0,5564792.0,974
201800057264,18,7,28,900,1,2,1,1.0,3.0,97409,R,2093552.0,5564653.0,974
201800057265,18,8,1,1140,1,2,9,1.0,3.0,97409,R,2096374.0,5565270.0,974
201800057266,18,8,5,1340,1,2,3,1.0,3.0,97409,R,2093321.0,5566750.0,974
201800057267,18,8,5,1215,1,1,1,1.0,7.0,97409,R,2098381.0,5562736.0,974
201800057268,18,8,9,1800,1,2,1,1.0,2.0,97409,R,2095095.0,5564870.0,974
201800057269,18,8,10,1110,1,1,1,1.0,2.0,97409,R,2095767.0,5565723.0,974
201800057270,18,8,10,1440,1,2,6,8.0,3.0,97409,R,,,974
201800057271,18,9,1,1915,2,1,9,1.0,4.0,97409,R,2094430.0,5564992.0,974
201800057272,18,9,6,2350,5,2,3,3.0,1.0,97409,R,2096619.0,5564861.0,974
201800057273,18,9,21,1340,1,2,3,1.0,1.0,97409,R,2093366.0,5565724.0,974
201800057274,18,10,11,820,1,2,9,1.0,6.0,97409,R,2096769.0,5565853.0,974
201800057275,18,10,25,2015,5,2,1,1.0,6.0,97409,R,2093510.0,5564990.0,974
201800057276,18,10,29,1300,1,2,1,1.0,3.0,97409,R,2096159.0,5565265.0,974
201800057277,18,11,5,800,1,2,1,1.0,2.0,97409,R,2093302.0,5564615.0,974
201800057278,18,11,10,1755,1,2,1,1.0,1.0,97409,R,2094348.0,5564757.0,974
201800057279,18,11,29,2145,3,2,1,1.0,7.0,97409,R,2099836.0,5560817.0,974
201800057280,18,12,1,1520,1,1,1,1.0,1.0,97409,R,2096692.0,5563234.0,974
201800057281,18,12,11,830,1,2,9,1.0,6.0,97409,R,2093804.0,5564856.0,974
201800057282,18,12,18,715,1,1,1,9.0,6.0,97409,R,2099229.0,5561290.0,974
201800057283,18,12,22,1650,1,2,1,1.0,6.0,97409,R,2096553.0,5564988.0,974
201800057284,18,1,16,1708,1,2,2,1.0,3.0,97411,R,2087711.0,5545368.0,974
201800057285,18,1,24,1820,1,1,1,1.0,1.0,97411,R,2088723.0,5544081.0,974
201800057286,18,2,5,2030,4,2,3,1.0,6.0,97411,R,2088170.0,5546405.0,974
201800057287,18,2,7,1300,1,2,1,8.0,6.0,97411,R,2088991.0,5546402.0,974
201800057288,18,2,16,1135,1,1,1,1.0,5.0,97411,R,,,974
201800057289,18,2,18,650,1,2,1,1.0,6.0,97411,R,,,974
201800057290,18,2,16,2140,5,2,1,1.0,5.0,97411,R,2088282.0,5545832.0,974
201800057291,18,2,27,810,1,2,2,1.0,6.0,97411,R,2088145.0,5545704.0,974
201800057292,18,3,1,1440,1,2,1,1.0,6.0,97411,R,2088995.0,5546406.0,974
201800057293,18,3,8,1500,1,2,1,1.0,6.0,97411,R,2089870.0,5546260.0,974
201800057294,18,3,15,1925,5,2,1,1.0,3.0,97411,R,,,974
201800057295,18,3,19,500,5,2,3,1.0,3.0,97411,R,2089240.0,5545523.0,974
201800057296,18,3,18,820,1,2,1,2.0,1.0,97411,R,2087551.0,5545453.0,974
201800057297,18,3,22,1500,1,1,1,2.0,1.0,97411,R,2088666.0,5543868.0,974
201800057298,18,3,21,2015,5,2,1,1.0,6.0,97411,R,2089000.0,5540700.0,974
201800057299,18,3,24,240,5,2,1,1.0,1.0,97411,R,,,974
201800057300,18,3,28,745,1,2,1,1.0,6.0,97411,R,,,974
201800057301,18,3,31,2215,5,2,3,1.0,3.0,97411,R,2089070.0,5545780.0,974
201800057302,18,4,1,1800,2,2,1,1.0,6.0,97411,R,2089539.0,5546218.0,974
201800057303,18,4,2,1440,1,2,3,1.0,3.0,97411,R,2088566.0,5544708.0,974
201800057304,18,4,9,45,3,2,1,1.0,6.0,97411,R,2090253.0,5550006.0,974
201800057305,18,4,10,1455,1,2,1,1.0,4.0,97411,R,2089000.0,5549070.0,974
201800057306,18,4,10,1650,1,2,9,7.0,6.0,97411,R,2089039.0,5547887.0,974
201800057307,18,4,11,1255,1,2,1,1.0,6.0,97411,R,2090000.0,5549907.0,974
201800057308,18,4,12,1240,1,1,1,1.0,3.0,97411,R,,,974
201800057309,18,4,13,1150,1,1,1,1.0,7.0,97411,R,2089118.0,5538359.0,974
201800057310,18,4,19,700,1,2,2,1.0,3.0,97411,R,2087999.0,5545070.0,974
201800057311,18,4,21,640,2,1,1,1.0,1.0,97411,R,2087999.0,5543070.0,974
201800057312,18,4,22,1115,1,2,6,1.0,3.0,97411,R,2088738.0,5547206.0,974
201800057313,18,4,25,1105,1,2,2,1.0,3.0,97411,R,2088879.0,5544877.0,974
201800057314,18,4,26,1608,1,2,1,1.0,3.0,97411,R,2088510.0,5545088.0,974
201800057315,18,5,5,850,1,2,1,1.0,3.0,97411,R,2091665.0,5547997.0,974
201800057316,18,5,5,1435,1,2,2,1.0,3.0,97411,R,2088731.0,5546291.0,974
201800057317,18,5,6,1445,1,2,2,1.0,3.0,97411,R,2087903.0,5545010.0,974
201800057318,18,5,11,1410,1,1,1,1.0,2.0,97411,R,2087692.0,5543788.0,974
201800057319,18,5,13,530,3,2,1,1.0,7.0,97411,R,2090344.0,5546345.0,974
201800057320,18,5,14,50,3,1,1,1.0,6.0,97411,R,2091184.0,5535209.0,974
201800057321,18,5,23,1700,1,2,3,1.0,6.0,97411,R,2088677.0,5546326.0,974
201800057322,18,5,24,1700,1,2,9,1.0,6.0,97411,R,2090173.0,5546920.0,974
201800057323,18,5,24,1430,1,1,2,1.0,3.0,97411,R,2088828.0,5547420.0,974
201800057324,18,5,29,810,1,2,1,1.0,6.0,97411,R,2092596.0,5549365.0,974
201800057325,18,5,31,630,2,2,1,1.0,6.0,97411,R,2089000.0,5541070.0,974
201800057326,18,6,3,1740,2,2,7,2.0,3.0,97411,R,2089677.0,5549177.0,974
201800057327,18,6,5,1000,1,1,2,1.0,6.0,97411,R,2087886.0,5544473.0,974
201800057328,18,6,10,1606,1,1,1,1.0,7.0,97411,R,2089105.0,5538370.0,974
201800057329,18,6,15,1100,1,2,9,1.0,2.0,97411,R,2087918.0,5544953.0,974
201800057330,18,6,27,815,1,2,2,1.0,6.0,97411,R,2087999.0,5545307.0,974
201800057331,18,7,5,1610,1,2,1,1.0,2.0,97411,R,2088615.0,5547996.0,974
201800057332,18,7,7,1130,1,2,3,1.0,3.0,97411,R,2089979.0,5547150.0,974
201800057333,18,7,7,1725,1,2,1,1.0,6.0,97411,R,2087000.0,5544070.0,974
201800057334,18,7,10,900,1,1,1,1.0,3.0,97411,R,2088760.0,5544190.0,974
201800057335,18,7,16,1750,2,1,1,1.0,1.0,97411,R,2089406.0,5548332.0,974
201800057336,18,7,19,1150,1,1,3,1.0,3.0,97411,R,2091362.0,5548055.0,974
201800057337,18,7,20,1300,1,2,1,1.0,6.0,97411,R,2090047.0,5549507.0,974
201800057338,18,7,22,55,4,2,1,1.0,6.0,97411,R,2088270.0,5546216.0,974
201800057339,18,7,23,1735,1,2,1,1.0,6.0,97411,R,2087990.0,5545597.0,974
201800057340,18,7,23,1355,1,2,9,1.0,6.0,97411,R,2088942.0,5545093.0,974
201800057341,18,7,27,1335,1,2,6,1.0,3.0,97411,R,2089944.0,5547953.0,974
201800057342,18,7,31,800,5,2,1,1.0,7.0,97411,R,2088496.0,5546790.0,974
201800057343,18,8,8,1232,1,2,9,1.0,6.0,97411,R,2088651.0,5548676.0,974
201800057344,18,8,14,1804,2,2,2,1.0,3.0,97411,R,2088150.0,5545707.0,974
201800057345,18,8,16,1700,1,2,1,1.0,7.0,97411,R,2093226.0,5549366.0,974
201800057346,18,8,17,2155,5,2,9,1.0,3.0,97411,R,2087678.0,5545221.0,974
201800057347,18,8,18,2225,5,2,9,1.0,7.0,97411,R,2087783.0,5545731.0,974
201800057348,18,8,16,1140,1,2,1,1.0,6.0,97411,R,2088559.0,5545135.0,974
201800057349,18,8,20,1512,1,1,9,1.0,3.0,97411,R,2088645.0,5543449.0,974
201800057350,18,8,23,800,1,1,9,1.0,3.0,97411,R,2089710.0,5547024.0,974
201800057351,18,8,24,1225,1,2,9,1.0,3.0,97411,R,2089671.0,5544941.0,974
201800057352,18,8,24,2110,4,2,1,1.0,1.0,97411,R,2089936.0,5546244.0,974
201800057353,18,8,26,1130,1,1,1,1.0,3.0,97411,R,2089140.0,5541807.0,974
201800057354,18,8,27,830,1,2,1,1.0,6.0,97411,R,2087471.0,5544658.0,974
201800057355,18,8,28,2115,5,2,1,1.0,5.0,97411,R,2090090.0,5550050.0,974
201800057356,18,9,4,1130,1,2,4,1.0,3.0,97411,R,2089868.0,5549646.0,974
201800057357,18,9,7,1613,1,1,9,1.0,2.0,97411,R,2089598.0,5541439.0,974
201800057358,18,9,7,1825,3,2,9,3.0,6.0,97411,R,2091711.0,5540553.0,974
201800057359,18,9,12,1934,5,2,1,1.0,6.0,97411,R,2089419.0,5547131.0,974
201800057360,18,9,13,1830,2,2,1,1.0,6.0,97411,R,2090193.0,5547703.0,974
201800057361,18,9,18,804,1,2,1,1.0,6.0,97411,R,2089068.0,5544845.0,974
201800057362,18,9,20,1850,5,2,6,1.0,3.0,97411,R,2090472.0,5550405.0,974
201800057363,18,9,21,1930,5,2,2,1.0,6.0,97411,R,2089625.0,5549207.0,974
201800057364,18,9,23,1354,1,2,9,1.0,3.0,97411,R,2087336.0,5544701.0,974
201800057365,18,9,27,1810,5,2,2,1.0,3.0,97411,R,2088905.0,5547581.0,974
201800057366,18,9,30,1000,1,2,1,2.0,6.0,97411,R,2090720.0,5550381.0,974
201800057367,18,10,3,1245,1,2,9,1.0,6.0,97411,R,2088892.0,5547206.0,974
201800057368,18,10,5,815,1,2,3,1.0,6.0,97411,R,2088143.0,5545708.0,974
201800057369,18,10,6,952,1,2,1,1.0,6.0,97411,R,2089306.0,5547796.0,974
201800057370,18,10,5,2000,4,2,2,1.0,1.0,97411,R,2088899.0,5547576.0,974
201800057371,18,10,11,1710,1,2,3,1.0,6.0,97411,R,2088129.0,5544948.0,974
201800057372,18,10,12,1115,1,2,9,1.0,7.0,97411,R,2088118.0,5545950.0,974
201800057373,18,10,15,1010,1,2,9,1.0,6.0,97411,R,2090439.0,5550430.0,974
201800057374,18,10,18,1430,1,2,3,1.0,3.0,97411,R,2088991.0,5546441.0,974
201800057375,18,10,20,1850,5,2,1,1.0,2.0,97411,R,2088524.0,5546815.0,974
201800057376,18,10,24,2015,4,2,1,1.0,6.0,97411,R,2088995.0,5546468.0,974
201800057377,18,10,25,2330,5,2,3,1.0,1.0,97411,R,2089189.0,5546730.0,974
201800057378,18,10,27,2035,5,2,9,1.0,3.0,97411,R,2092388.0,5547350.0,974
201800057379,18,11,3,150,5,2,1,1.0,5.0,97411,R,2088591.0,5547616.0,974
201800057380,18,11,4,1030,1,2,2,1.0,3.0,97411,R,2088879.0,5544880.0,974
201800057381,18,11,6,1705,1,2,1,1.0,6.0,97411,R,2092642.0,5548724.0,974
201800057382,18,11,6,1755,1,2,2,1.0,3.0,97411,R,2088393.0,5545045.0,974
201800057383,18,11,7,1655,1,2,1,1.0,1.0,97411,R,2091079.0,5540461.0,974
201800057384,18,11,14,1520,1,1,1,2.0,6.0,97411,R,2090549.0,5548704.0,974
201800057385,18,11,19,1650,1,2,2,1.0,3.0,97411,R,2088827.0,5547412.0,974
201800057386,18,11,23,1320,1,2,1,1.0,2.0,97411,R,2088878.0,5544875.0,974
201800057387,18,12,7,1300,1,2,7,1.0,3.0,97411,R,2087334.0,5544703.0,974
201800057388,18,12,10,725,1,2,1,1.0,3.0,97411,R,2088493.0,5546189.0,974
201800057389,18,12,10,800,1,2,1,1.0,1.0,97411,R,2089571.0,5549492.0,974
201800057390,18,12,12,1255,1,2,1,1.0,2.0,97411,R,2090008.0,5548235.0,974
201800057391,18,12,14,2019,5,2,1,1.0,6.0,97411,R,2088882.0,5546205.0,974
201800057392,18,12,15,1755,1,2,1,1.0,6.0,97411,R,,,974
201800057393,18,12,24,1852,3,1,1,3.0,7.0,97411,R,2088203.0,5539506.0,974
201800057394,18,12,25,2022,5,2,9,1.0,6.0,97411,R,2089304.0,5542232.0,974
201800057395,18,12,26,1310,1,2,1,1.0,6.0,97411,R,2087945.0,5545515.0,974
201800057396,18,12,30,1635,1,1,1,1.0,7.0,97411,R,2089160.0,5544110.0,974
201800057397,18,1,14,2000,5,2,1,3.0,2.0,97416,R,2134047.0,5546075.0,974
201800057398,18,1,21,1720,1,1,9,1.0,3.0,97416,R,2129768.0,5543923.0,974
201800057399,18,12,30,1655,1,2,9,1.0,3.0,97416,R,2133691.0,5546410.0,974
201800057400,18,1,28,2215,5,2,3,1.0,1.0,97416,R,2130913.0,5546896.0,974
201800057401,18,2,7,1700,1,1,1,1.0,4.0,97416,R,2133096.0,5545577.0,974
201800057402,18,2,14,2205,3,1,1,1.0,6.0,97416,R,2135275.0,5550909.0,974
201800057403,18,2,16,1910,5,2,6,1.0,3.0,97416,R,,,974
201800057404,18,2,18,1140,1,2,1,1.0,3.0,97416,R,2129735.0,5545209.0,974
201800057405,18,2,18,1510,1,2,1,1.0,7.0,97416,R,2134452.0,5548403.0,974
201800057406,18,1,17,1535,1,1,1,3.0,6.0,97416,R,2130000.0,5540700.0,974
201800057407,18,2,5,1950,3,1,1,3.0,6.0,97416,R,2132976.0,5547064.0,974
201800057408,18,2,20,110,3,1,1,1.0,7.0,97416,R,2132676.0,5544931.0,974
201800057409,18,1,22,1814,1,2,1,1.0,7.0,97416,R,2133687.0,5546398.0,974
201800057410,18,2,21,915,1,2,1,1.0,1.0,97416,R,2129380.0,5548814.0,974
201800057411,18,2,21,1130,1,1,1,1.0,2.0,97416,R,2132000.0,5546070.0,974
201800057412,18,1,29,1600,1,1,1,1.0,1.0,97416,R,2127928.0,5548470.0,974
201800057413,18,2,23,830,1,2,1,1.0,2.0,97416,R,2132240.0,5548470.0,974
201800057414,18,2,23,1325,1,2,1,1.0,7.0,97416,R,2133125.0,5545526.0,974
201800057415,18,2,25,800,1,2,3,1.0,3.0,97416,R,2134127.0,5546277.0,974
201800057416,18,2,25,2005,3,1,1,1.0,2.0,97416,R,2131210.0,5543680.0,974
201800057417,18,3,2,1050,1,2,1,1.0,6.0,97416,R,2133990.0,5547440.0,974
201800057418,18,3,2,1930,5,1,1,1.0,6.0,97416,R,,,974
201800057419,18,3,5,1052,1,2,1,2.0,6.0,97416,R,2132726.0,5548295.0,974
201800057420,18,3,8,1910,2,2,1,1.0,3.0,97416,R,2129654.0,5545071.0,974
201800057421,18,3,7,1130,1,2,4,1.0,3.0,97416,R,,,974
201800057422,18,3,12,1555,1,2,1,1.0,3.0,97416,R,,,974
201800057423,18,3,7,1925,5,2,1,2.0,6.0,97416,R,,,974
201800057424,18,3,13,1340,1,1,1,1.0,6.0,97416,R,2130000.0,5540700.0,974
201800057425,18,3,13,1815,1,1,1,1.0,6.0,97416,R,2100000.0,5550700.0,974
201800057426,18,3,8,730,1,2,3,1.0,3.0,97416,R,2129437.0,5545054.0,974
201800057427,18,3,14,2025,4,1,3,1.0,6.0,97416,R,2131916.0,5554939.0,974
201800057428,18,3,13,1405,1,2,1,6.0,7.0,97416,R,,,974
201800057429,18,3,15,1154,1,2,1,1.0,4.0,97416,R,2133546.0,5546687.0,974
201800057430,18,3,17,50,5,1,1,1.0,6.0,97416,R,2133182.0,5545546.0,974
201800057431,18,3,5,940,1,1,1,2.0,6.0,97416,R,2133997.0,5551546.0,974
201800057432,18,3,8,1935,2,2,1,1.0,3.0,97416,R,,,974
201800057433,18,3,23,1550,1,2,6,1.0,3.0,97416,R,2129930.0,5545490.0,974
201800057434,18,3,24,1930,3,1,1,1.0,2.0,97416,R,5542440.0,2130070.0,974
201800057435,18,3,25,1745,1,1,3,2.0,2.0,97416,R,2130000.0,5550700.0,974
201800057436,18,3,8,1920,3,1,1,1.0,6.0,97416,R,2132000.0,5544070.0,974
201800057437,18,2,21,1100,1,2,1,1.0,3.0,97416,R,2133690.0,5547193.0,974
201800057438,18,3,29,750,1,1,1,1.0,1.0,97416,R,2133000.0,5551070.0,974
201800057439,18,3,30,1430,1,2,1,1.0,1.0,97416,R,,,974
201800057440,18,3,26,1140,1,2,1,1.0,7.0,97416,R,,,974
201800057441,18,4,5,650,5,1,1,2.0,6.0,97416,R,2133137.0,5545662.0,974
201800057442,18,4,4,740,1,1,1,1.0,2.0,97416,R,2132790.0,5548190.0,974
201800057443,18,4,13,710,1,1,1,1.0,2.0,97416,R,2130000.0,5549070.0,974
201800057444,18,4,13,730,1,1,1,1.0,3.0,97416,R,2129100.0,5551637.0,974
201800057445,18,4,16,1535,1,1,1,1.0,2.0,97416,R,2129639.0,5544157.0,974
201800057446,18,4,18,1815,3,2,3,2.0,3.0,97416,R,2129318.0,5551058.0,974
201800057447,18,4,19,1555,1,1,9,1.0,6.0,97416,R,2130670.0,5544906.0,974
201800057448,18,5,1,1420,1,1,1,1.0,6.0,97416,R,2132000.0,5548070.0,974
201800057449,18,5,3,745,1,2,1,1.0,5.0,97416,R,2130209.0,5549338.0,974
201800057450,18,5,6,2130,5,2,1,1.0,6.0,97416,R,2134278.0,5547628.0,974
201800057451,18,5,12,630,2,2,1,1.0,1.0,97416,R,2129000.0,5546070.0,974
201800057452,18,5,9,2015,5,2,1,1.0,7.0,97416,R,2133921.0,5551672.0,974
201800057453,18,5,12,1600,1,1,1,1.0,2.0,97416,R,2133980.0,5549250.0,974
201800057454,18,5,13,1915,3,1,1,1.0,1.0,97416,R,2132636.0,5547439.0,974
201800057455,18,5,13,2045,5,1,1,1.0,1.0,97416,R,2132520.0,5549049.0,974
201800057456,18,5,13,1230,1,2,1,1.0,2.0,97416,R,2130892.0,5546859.0,974
201800057457,18,5,21,645,1,1,1,9.0,2.0,97416,R,2130673.0,5543010.0,974
201800057458,18,5,22,1405,1,2,1,1.0,2.0,97416,R,2133210.0,5545757.0,974
201800057459,18,5,25,52,5,2,1,1.0,6.0,97416,R,2132327.0,5548541.0,974
201800057460,18,5,28,1445,1,1,1,1.0,3.0,97416,R,2132070.0,5544964.0,974
201800057461,18,5,30,1730,2,1,3,1.0,3.0,97416,R,2134780.0,5549630.0,974
201800057462,18,6,2,1210,1,1,9,1.0,5.0,97416,R,2134982.0,5550405.0,974
201800057463,18,6,2,510,3,1,1,1.0,1.0,97416,R,2130396.0,5544428.0,974
201800057464,18,5,28,1710,1,1,1,1.0,3.0,97416,R,2134000.0,5550700.0,974
201800057465,18,5,26,250,3,1,1,1.0,6.0,97416,R,2119150.0,5529207.0,974
201800057466,18,6,5,800,1,2,1,1.0,3.0,97416,R,2133365.0,5545709.0,974
201800057467,18,6,8,811,1,1,6,1.0,2.0,97416,R,2133546.0,5548839.0,974
201800057468,18,6,6,1824,3,1,1,2.0,4.0,97416,R,2133219.0,5546413.0,974
201800057469,18,6,11,1650,1,2,3,1.0,6.0,97416,R,2134000.0,5548070.0,974
201800057470,18,6,8,2005,3,2,2,1.0,1.0,97416,R,2129130.0,5546733.0,974
201800057471,18,6,14,235,3,1,1,2.0,7.0,97416,R,2134860.0,5549770.0,974
201800057472,18,6,13,1230,1,2,1,1.0,6.0,97416,R,2128255.0,5547306.0,974
201800057473,18,6,16,1120,1,1,9,1.0,2.0,97416,R,2130330.0,5542670.0,974
201800057474,18,6,16,310,5,2,1,1.0,3.0,97416,R,2134354.0,5547432.0,974
201800057475,18,6,16,2315,5,2,1,1.0,1.0,97416,R,2134437.0,5548341.0,974
201800057476,18,6,17,1415,1,2,3,1.0,6.0,97416,R,2130000.0,5540700.0,974
201800057477,18,6,20,1415,1,1,1,1.0,4.0,97416,R,2130540.0,5549903.0,974
201800057478,18,6,22,1417,1,1,3,1.0,3.0,97416,R,2131593.0,5544154.0,974
201800057479,18,6,23,720,1,2,1,1.0,7.0,97416,R,2128890.0,5545580.0,974
201800057480,18,6,23,710,2,2,1,2.0,4.0,97416,R,2134613.0,5548761.0,974
201800057481,18,6,28,1145,1,2,1,8.0,2.0,97416,R,2134351.0,5546783.0,974
201800057482,18,6,29,1905,5,2,3,1.0,3.0,97416,R,2130000.0,5550700.0,974
201800057483,18,6,30,1832,5,2,1,1.0,6.0,97416,R,2133000.0,5547960.0,974
201800057484,18,6,28,1155,1,2,1,2.0,3.0,97416,R,2132520.0,5548791.0,974
201800057485,18,7,2,950,1,1,9,1.0,6.0,97416,R,2129363.0,5547111.0,974
201800057486,18,7,5,1800,3,2,1,1.0,1.0,97416,R,2130000.0,5540700.0,974