Num_Acc,an,mois,jour,hrmn,lum,agg,int,atm,col,com,gps,lat,long,dep
201800057487,18,7,6,1315,1,2,1,1.0,6.0,97416,R,2134090.0,5547807.0,974
201800057488,18,7,9,1115,1,1,1,3.0,4.0,97416,R,2134819.0,5550121.0,974
201800057489,18,7,12,630,5,2,3,1.0,6.0,97416,R,2133300.0,5547160.0,974
201800057490,18,7,12,2050,5,2,9,1.0,6.0,97416,R,2129278.0,5546216.0,974
201800057491,18,7,15,1540,1,2,1,1.0,7.0,97416,R,2127984.0,5546890.0,974
201800057492,18,7,17,1400,1,1,1,2.0,1.0,97416,R,2120770.0,5549910.0,974
201800057493,18,7,20,620,2,1,1,1.0,7.0,97416,R,2130211.0,5545862.0,974
201800057494,18,7,23,2015,3,1,6,2.0,6.0,97416,R,2130000.0,5540700.0,974
201800057495,18,7,28,741,1,1,3,1.0,1.0,97416,R,2128918.0,5547509.0,974
201800057496,18,7,30,915,1,2,6,1.0,3.0,97416,R,2132562.0,5548613.0,974
201800057497,18,8,1,1820,3,1,1,1.0,5.0,97416,R,2132256.0,5553858.0,974
201800057498,18,8,3,930,1,1,1,1.0,3.0,97416,R,2130000.0,5540700.0,974
201800057499,18,7,31,1650,1,1,1,1.0,4.0,97416,R,2133140.0,5545707.0,974
201800057500,18,8,7,1615,1,1,9,1.0,4.0,97416,R,2135734.0,5552997.0,974
201800057501,18,8,8,915,1,2,3,1.0,3.0,97416,R,2130000.0,5540700.0,974
201800057502,18,8,7,1540,1,1,1,1.0,2.0,97416,R,2130156.0,5543308.0,974
201800057503,18,8,13,1625,1,1,1,1.0,2.0,97416,R,2131059.0,5543482.0,974
201800057504,18,8,15,1820,3,1,1,1.0,6.0,97416,R,2134651.0,5551172.0,974
201800057505,18,8,20,720,1,1,1,1.0,4.0,97416,R,2131229.0,5549506.0,974
201800057506,18,8,26,1625,1,1,9,1.0,6.0,97416,R,2132031.0,5544640.0,974
201800057507,18,8,29,1900,5,2,1,1.0,2.0,97416,R,2128263.0,5547507.0,974
201800057508,18,9,8,1905,5,2,1,1.0,6.0,97416,R,2132700.0,5548011.0,974
201800057509,18,9,10,945,1,2,3,1.0,2.0,97416,R,2132865.0,5548159.0,974
201800057510,18,9,11,800,1,2,1,1.0,6.0,97416,R,2133632.0,5546351.0,974
201800057511,18,9,11,1945,5,2,1,1.0,3.0,97416,R,2128626.0,5550885.0,974
201800057512,18,9,14,730,1,2,1,1.0,3.0,97416,R,2133523.0,5548076.0,974
201800057513,18,9,15,1745,1,2,1,1.0,3.0,97416,R,2131660.0,5547807.0,974
201800057514,18,9,19,745,1,2,1,1.0,5.0,97416,R,2133350.0,5548340.0,974
201800057515,18,9,21,750,1,1,9,1.0,5.0,97416,R,2130856.0,5549854.0,974
201800057516,18,9,21,1200,1,2,3,1.0,3.0,97416,R,2128299.0,5547242.0,974
201800057517,18,9,23,940,1,1,6,1.0,3.0,97416,R,2134240.0,5551477.0,974
201800057518,18,9,29,850,1,1,1,1.0,3.0,97416,R,2131778.0,5548003.0,974
201800057519,18,10,3,1740,1,1,9,1.0,2.0,97416,R,2130000.0,5540700.0,974
201800057520,18,10,3,1805,1,1,9,1.0,6.0,97416,R,2130000.0,5540700.0,974
201800057521,18,9,27,800,1,1,1,1.0,3.0,97416,R,2129643.0,5546052.0,974
201800057522,18,10,7,1150,1,1,6,1.0,2.0,97416,R,2133653.0,5548789.0,974
201800057523,18,10,8,1350,1,1,9,1.0,2.0,97416,R,2132794.0,5547063.0,974
201800057524,18,10,3,1140,1,1,1,1.0,7.0,97416,R,2131473.0,5549209.0,974
201800057525,18,10,9,745,1,2,1,1.0,4.0,97416,R,2135456.0,5551387.0,974
201800057526,18,9,27,1650,1,1,9,1.0,7.0,97416,R,2128877.0,5550703.0,974
201800057527,18,10,10,1700,1,2,2,1.0,3.0,97416,R,2133078.0,5548102.0,974
201800057528,18,10,10,746,1,2,1,1.0,3.0,97416,R,2129391.0,5551077.0,974
201800057529,18,10,12,1340,1,1,1,1.0,3.0,97416,R,2134874.0,5550220.0,974
201800057530,18,10,14,645,2,1,1,1.0,6.0,97416,R,2130000.0,5540700.0,974
201800057531,18,10,14,2110,5,2,1,1.0,3.0,97416,R,2134443.0,5548340.0,974
201800057532,18,10,17,1915,3,1,1,1.0,2.0,97416,R,2131362.0,5543886.0,974
201800057533,18,10,17,2235,5,2,9,1.0,6.0,97416,R,2134360.0,5547420.0,974
201800057534,18,10,19,2325,3,1,1,1.0,6.0,97416,R,2131122.0,5543555.0,974
201800057535,18,10,21,515,2,1,1,1.0,6.0,97416,R,2131056.0,5549707.0,974
201800057536,18,10,22,500,3,1,1,1.0,3.0,97416,R,2133352.0,5548353.0,974
201800057537,18,10,22,1625,1,1,1,3.0,6.0,97416,R,2130000.0,5540700.0,974
201800057538,18,10,23,1135,1,1,1,1.0,7.0,97416,R,2132490.0,5544621.0,974
201800057539,18,10,25,1250,1,2,1,1.0,6.0,97416,R,2132980.0,5548010.0,974
201800057540,18,10,29,1640,1,2,1,1.0,5.0,97416,R,2128487.0,5546812.0,974
201800057541,18,11,1,2200,3,1,6,1.0,6.0,97416,R,2135323.0,5550988.0,974
201800057542,18,11,9,1230,1,1,1,1.0,6.0,97416,R,2135324.0,5550989.0,974
201800057543,18,11,7,1620,1,1,1,7.0,3.0,97416,R,2132086.0,5544641.0,974
201800057544,18,11,10,1320,1,2,1,1.0,1.0,97416,R,2135725.0,5551903.0,974
201800057545,18,11,12,1830,1,2,1,1.0,6.0,97416,R,2133617.0,5547919.0,974
201800057546,18,11,14,910,1,1,1,1.0,6.0,97416,R,2132138.0,5548307.0,974
201800057547,18,11,14,1735,1,2,1,1.0,2.0,97416,R,2133716.0,5547291.0,974
201800057548,18,11,17,615,1,2,1,1.0,7.0,97416,R,2132562.0,5547596.0,974
201800057549,18,11,14,1405,1,2,1,1.0,7.0,97416,R,2135891.0,5552292.0,974
201800057550,18,12,3,1750,1,2,1,1.0,6.0,97416,R,2128223.0,5547356.0,974
201800057551,18,12,4,1300,1,1,1,1.0,3.0,97416,R,2131400.0,5549307.0,974
201800057552,18,12,4,2240,5,2,1,1.0,6.0,97416,R,2134085.0,5546907.0,974
201800057553,18,12,5,1230,1,1,3,1.0,3.0,97416,R,2132733.0,5545011.0,974
201800057554,18,12,6,1930,3,2,3,1.0,6.0,97416,R,2132855.0,5548138.0,974
201800057555,18,12,14,1100,1,2,1,1.0,3.0,97416,R,2132359.0,5544523.0,974
201800057556,18,12,15,1325,1,1,1,1.0,3.0,97416,R,2127422.0,5547188.0,974
201800057557,18,12,21,1620,1,2,2,1.0,3.0,97416,R,2133669.0,5547189.0,974
201800057558,18,12,22,1930,4,2,1,1.0,3.0,97416,R,2129833.0,5545324.0,974
201800057559,18,12,25,2100,5,2,2,1.0,3.0,97416,R,2134167.0,5547244.0,974
201800057560,18,12,27,1450,1,2,9,1.0,6.0,97416,R,2130000.0,5540700.0,974
201800057561,18,11,23,1200,1,1,9,1.0,2.0,97416,R,2129950.0,5549073.0,974
201800057562,18,1,12,845,1,2,1,1.0,1.0,97611,Y,1278056.0,4523343.0,976
201800057563,18,1,10,1825,2,2,1,1.0,7.0,97611,Y,1279554.0,4521615.0,976
201800057564,18,1,23,1054,1,2,9,1.0,6.0,97611,Y,1277584.0,4522657.0,976
201800057565,18,1,10,720,1,2,1,1.0,6.0,97611,Y,1278648.0,4522281.0,976
201800057566,18,1,24,620,1,2,7,1.0,6.0,97611,Y,1279988.0,4520353.0,976
201800057567,18,1,12,1515,1,2,1,1.0,1.0,97611,Y,1276817.0,4522438.0,976
201800057568,18,1,17,730,2,2,1,1.0,6.0,97611,Y,1281581.0,4519947.0,976
201800057569,18,1,18,1635,2,2,1,1.0,6.0,97611,Y,1279543.0,4521552.0,976
201800057570,18,1,31,643,1,2,1,1.0,6.0,97611,Y,1281210.0,4520112.0,976
201800057571,18,2,22,1515,1,2,1,1.0,6.0,97611,Y,1279406.0,4521449.0,976
201800057572,18,2,1,2115,3,2,1,1.0,6.0,97611,Y,1281671.0,4519869.0,976
201800057573,18,2,10,750,1,2,1,1.0,4.0,97611,Y,1278436.0,4522375.0,976
201800057574,18,2,14,630,2,2,1,1.0,6.0,97611,Y,1277962.0,4523088.0,976
201800057575,18,2,9,1645,2,2,1,1.0,2.0,97611,Y,1278581.0,4517393.0,976
201800057576,18,2,25,1400,1,2,9,1.0,2.0,97611,Y,1276069.0,4522644.0,976
201800057577,18,2,10,1625,1,2,1,1.0,3.0,97611,Y,1278065.0,4523358.0,976
201800057578,18,2,6,1135,1,2,1,1.0,3.0,97611,Y,1280097.0,4520729.0,976
201800057579,18,2,4,1038,1,2,1,1.0,6.0,97611,Y,1278618.0,4522265.0,976
201800057580,18,2,17,1510,1,1,1,1.0,1.0,97611,Y,1278275.0,4523463.0,976
201800057581,18,2,17,1310,1,2,1,1.0,1.0,97611,Y,1278796.0,4521654.0,976
201800057582,18,3,21,1810,2,2,9,1.0,2.0,97611,Y,1276833.0,4522532.0,976
201800057583,18,3,12,1550,1,2,1,1.0,6.0,97611,Y,1277984.0,4522911.0,976
201800057584,18,3,13,800,1,2,1,1.0,6.0,97611,Y,1276602.0,4522528.0,976
201800057585,18,3,28,1233,1,2,1,1.0,3.0,97611,Y,1280266.0,4521189.0,976
201800057586,18,3,31,1201,1,2,3,1.0,1.0,97611,Y,1279071.0,4521655.0,976
201800057587,18,3,31,1740,2,2,1,1.0,3.0,97611,Y,1278604.0,4522107.0,976
201800057588,18,3,21,440,3,1,1,1.0,7.0,97611,Y,1277526.0,4523055.0,976
201800057589,18,3,6,1155,1,2,1,3.0,4.0,97611,Y,1276902.0,4522412.0,976
201800057590,18,3,7,1130,1,2,9,1.0,6.0,97611,Y,1277978.0,4522982.0,976
201800057591,18,3,13,1908,3,1,1,1.0,3.0,97611,Y,1276974.0,4522397.0,976
201800057592,18,4,16,1027,1,2,1,1.0,2.0,97611,Y,1276974.0,4522395.0,976
201800057593,18,4,29,600,1,2,1,1.0,6.0,97611,Y,1280377.0,4521195.0,976
201800057594,18,4,10,700,1,2,1,1.0,7.0,97611,Y,1275803.0,4523185.0,976
201800057595,18,4,21,1120,1,2,1,1.0,6.0,97611,Y,1277176.0,4522333.0,976
201800057596,18,4,22,1030,1,2,1,1.0,6.0,97611,Y,1280223.0,4521293.0,976
201800057597,18,4,12,740,1,1,1,1.0,6.0,97611,Y,1278644.0,4521888.0,976
201800057598,18,4,8,1800,2,2,1,1.0,6.0,97611,Y,1278028.0,4522235.0,976
201800057599,18,4,15,1548,1,1,1,1.0,6.0,97611,Y,1276944.0,4522412.0,976
201800057600,18,4,21,2115,3,1,1,1.0,2.0,97611,Y,1278057.0,4523329.0,976
201800057601,18,4,11,800,1,1,1,1.0,3.0,97611,Y,1279306.0,4521987.0,976
201800057602,18,4,19,1617,1,2,1,1.0,3.0,97611,Y,1278855.0,4522282.0,976
201800057603,18,4,19,2055,5,2,6,1.0,6.0,97611,Y,1277839.0,4523194.0,976
201800057604,18,4,9,1856,3,2,1,1.0,6.0,97611,Y,1276375.0,4522635.0,976
201800057605,18,4,9,830,1,2,1,1.0,6.0,97611,Y,1276606.0,4522316.0,976
201800057606,18,5,1,1900,3,2,1,1.0,6.0,97611,Y,1281648.0,4519989.0,976
201800057607,18,5,3,1402,1,2,1,1.0,6.0,97611,Y,1276670.0,4522442.0,976
201800057608,18,5,4,1102,1,2,9,1.0,6.0,97611,Y,1276380.0,4522562.0,976
201800057609,18,5,4,2250,4,2,1,1.0,6.0,97611,Y,1278044.0,4523262.0,976
201800057610,18,5,3,1304,1,2,1,1.0,6.0,97611,Y,1279289.0,4520917.0,976
201800057611,18,5,5,1720,2,2,9,1.0,7.0,97611,Y,1280618.0,4520686.0,976
201800057612,18,5,6,1235,1,2,9,1.0,6.0,97611,Y,1277007.0,4521984.0,976
201800057613,18,5,2,1642,1,2,1,1.0,6.0,97611,Y,1278641.0,4529976.0,976
201800057614,18,5,27,1015,1,2,7,1.0,6.0,97611,Y,1278759.0,4521794.0,976
201800057615,18,5,24,725,1,2,6,1.0,2.0,97611,Y,1278213.0,4522143.0,976
201800057616,18,5,16,1643,1,2,1,1.0,6.0,97611,Y,1277896.0,4522638.0,976
201800057617,18,5,12,1616,1,2,1,1.0,6.0,97611,Y,1277453.0,4522075.0,976
201800057618,18,5,28,600,1,2,9,1.0,6.0,97611,Y,1278524.0,4522782.0,976
201800057619,18,5,25,850,1,1,1,1.0,7.0,97611,Y,1280027.0,4521567.0,976
201800057620,18,5,10,1250,1,2,3,1.0,1.0,97611,Y,1277243.0,4522317.0,976
201800057621,18,5,31,720,1,2,9,1.0,6.0,97611,Y,1277903.0,4522951.0,976
201800057622,18,5,18,1705,1,2,1,1.0,3.0,97611,Y,1281606.0,4519919.0,976
201800057623,18,5,30,620,1,2,1,1.0,6.0,97611,Y,1280770.0,4520464.0,976
201800057624,18,5,10,645,1,2,1,1.0,6.0,97611,Y,1280517.0,4520985.0,976
201800057625,18,5,29,1500,1,2,1,1.0,6.0,97611,Y,1277203.0,4522116.0,976
201800057626,18,5,8,1032,1,2,1,1.0,3.0,97611,Y,1279948.0,4520302.0,976
201800057627,18,6,2,1550,1,2,9,1.0,2.0,97611,Y,1276712.0,4522478.0,976
201800057628,18,6,1,1630,2,2,9,1.0,3.0,97611,Y,1278616.0,4522558.0,976
201800057629,18,6,13,1040,1,2,1,1.0,7.0,97611,Y,1277250.0,4522657.0,976
201800057630,18,6,3,1135,1,2,9,1.0,3.0,97611,Y,1279413.0,4521504.0,976
201800057631,18,6,3,1629,2,2,9,1.0,7.0,97611,Y,1278541.0,4522567.0,976
201800057632,18,6,5,725,2,1,9,1.0,7.0,97611,Y,1279515.0,4519593.0,976
201800057633,18,6,12,955,1,1,9,1.0,7.0,97611,Y,1279517.0,4519598.0,976
201800057634,18,6,18,1030,1,2,1,1.0,3.0,97611,Y,1276499.0,4522529.0,976
201800057635,18,6,19,710,1,2,9,1.0,6.0,97611,Y,1278509.0,4521652.0,976
201800057636,18,6,5,1505,1,2,1,1.0,6.0,97611,Y,1280120.0,4520173.0,976
201800057637,18,6,12,1735,2,2,1,1.0,6.0,97611,Y,1278310.0,4523186.0,976
201800057638,18,6,19,1435,1,2,1,1.0,4.0,97611,Y,1277774.0,4523175.0,976
201800057639,18,6,11,1125,1,2,9,1.0,3.0,97611,Y,1275557.0,4523245.0,976
201800057640,18,6,13,725,1,2,1,1.0,6.0,97611,Y,1278325.0,4521817.0,976
201800057641,18,6,9,1219,1,2,1,1.0,6.0,97611,Y,1278366.0,4522952.0,976
201800057642,18,6,14,700,1,2,1,1.0,6.0,97611,Y,1277545.0,4522356.0,976
201800057643,18,6,23,1920,3,2,1,1.0,7.0,97611,Y,1281575.0,4519951.0,976
201800057644,18,6,17,1945,3,2,1,1.0,7.0,97611,Y,1280479.0,4521063.0,976
201800057645,18,6,13,1236,1,2,1,1.0,6.0,97611,Y,1277179.0,4522276.0,976
201800057646,18,6,11,2050,3,2,1,1.0,6.0,97611,Y,1277208.0,4521749.0,976
201800057647,18,6,8,1930,3,1,1,1.0,3.0,97611,Y,1276338.0,4522522.0,976
201800057648,18,6,15,1200,1,1,1,1.0,1.0,97611,Y,1279789.0,4520148.0,976
201800057649,18,6,25,1255,1,2,1,1.0,3.0,97611,Y,1275971.0,4522714.0,976
201800057650,18,6,26,1130,1,2,7,1.0,6.0,97611,Y,1278804.0,4517693.0,976
201800057651,18,6,25,1620,1,2,3,1.0,3.0,97611,Y,1277591.0,4523201.0,976
201800057652,18,6,29,1600,1,2,1,1.0,6.0,97611,Y,1278889.0,4522187.0,976
201800057653,18,6,26,1735,2,2,7,1.0,3.0,97611,Y,1278480.0,4522894.0,976
201800057654,18,6,29,705,1,2,1,1.0,6.0,97611,Y,1280111.0,4520975.0,976
201800057655,18,6,29,841,1,2,1,1.0,7.0,97611,Y,1276129.0,4522637.0,976
201800057656,18,6,23,2305,3,1,1,1.0,7.0,97611,Y,1279244.0,4518746.0,976
201800057657,18,6,18,1045,1,2,1,1.0,6.0,97611,Y,1276659.0,4522484.0,976
201800057658,18,7,2,725,1,2,1,1.0,2.0,97611,Y,1278453.0,4522915.0,976
201800057659,18,7,2,1417,1,2,1,1.0,3.0,97611,Y,1280497.0,4521048.0,976
201800057660,18,7,2,1910,3,2,1,1.0,3.0,97611,Y,1278439.0,4522932.0,976
201800057661,18,7,2,1958,3,1,1,1.0,7.0,97611,Y,1280077.0,4520568.0,976
201800057662,18,7,4,1425,1,2,1,1.0,6.0,97611,Y,1277303.0,4522136.0,976
201800057663,18,7,4,1739,2,1,1,1.0,7.0,97611,Y,1280895.0,4520268.0,976
201800057664,18,7,5,800,1,2,1,1.0,3.0,97611,Y,1277439.0,4522277.0,976
201800057665,18,7,6,843,1,2,1,1.0,1.0,97611,Y,1276076.0,4522646.0,976
201800057666,18,7,18,25,4,2,1,1.0,6.0,97611,Y,1277242.0,4522317.0,976
201800057667,18,7,6,844,1,2,1,1.0,3.0,97611,Y,1279453.0,4521687.0,976
201800057668,18,7,9,1020,1,2,1,1.0,6.0,97611,Y,1280104.0,4520867.0,976
201800057669,18,7,20,1445,1,2,1,1.0,6.0,97611,Y,1280487.0,4521058.0,976
201800057670,18,7,9,1055,1,2,1,1.0,3.0,97611,Y,1276754.0,4522462.0,976
201800057671,18,7,9,1720,2,2,1,1.0,6.0,97611,Y,1276847.0,4522548.0,976
201800057672,18,7,10,1200,1,2,1,1.0,6.0,97611,Y,1277581.0,4522463.0,976
201800057673,18,7,12,1330,1,2,1,1.0,7.0,97611,Y,1279446.0,4521653.0,976
201800057674,18,7,13,640,1,2,1,1.0,3.0,97611,Y,1277403.0,4522286.0,976
201800057675,18,7,15,7,3,2,1,1.0,6.0,97611,Y,1279700.0,4521573.0,976
201800057676,18,7,31,1100,1,2,1,1.0,6.0,97611,Y,1277302.0,4522106.0,976
201800057677,18,7,16,736,2,2,1,2.0,7.0,97611,Y,1276037.0,4522658.0,976
201800057678,18,7,27,1405,1,1,1,1.0,7.0,97611,Y,1277791.0,4522406.0,976
201800057679,18,7,16,1612,2,2,1,1.0,7.0,97611,Y,1280100.0,4520856.0,976
201800057680,18,7,27,1435,1,2,1,1.0,1.0,97611,Y,1278711.0,4521767.0,976
201800057681,18,7,30,2236,5,2,9,1.0,7.0,97610,Y,1275672.0,4522945.0,976
201800057682,18,7,31,827,2,2,9,1.0,6.0,97611,Y,1276606.0,4522857.0,976
201800057683,18,7,11,1831,1,2,1,1.0,6.0,97611,Y,1280109.0,4520992.0,976
201800057684,18,7,28,600,2,2,1,9.0,5.0,97611,Y,1279453.0,4521703.0,976
201800057685,18,7,29,800,1,2,1,1.0,7.0,97611,Y,1279949.0,4520297.0,976
201800057686,18,7,6,1213,1,2,1,1.0,1.0,97611,Y,1278395.0,4523009.0,976
201800057687,18,7,21,1050,1,2,1,1.0,2.0,97611,Y,1275633.0,4523307.0,976
201800057688,18,7,23,1050,1,2,1,1.0,6.0,97611,Y,1280611.0,4520858.0,976
201800057689,18,8,1,1245,1,2,1,1.0,2.0,97611,Y,1277580.0,4522452.0,976
201800057690,18,9,3,1820,2,1,1,1.0,2.0,97611,Y,1275447.0,4523249.0,976
201800057691,18,9,4,1120,1,2,1,1.0,6.0,97611,Y,1277850.0,4523206.0,976
201800057692,18,9,12,1700,1,2,4,1.0,1.0,97611,Y,1276712.0,4522463.0,976
201800057693,18,8,3,1033,1,2,1,1.0,3.0,97611,Y,1276967.0,4522217.0,976
201800057694,18,9,21,2215,3,1,1,1.0,7.0,97611,Y,1279992.0,4521564.0,976
201800057695,18,9,22,1910,3,1,1,1.0,6.0,97611,Y,1279531.0,4521632.0,976
201800057696,18,8,6,1140,1,2,9,1.0,7.0,97611,Y,1277907.0,4523237.0,976
201800057697,18,8,6,711,2,2,9,1.0,7.0,97611,Y,1280624.0,4521037.0,976
201800057698,18,8,3,1740,2,2,9,1.0,2.0,97611,Y,1280148.0,4521435.0,976
201800057699,18,8,29,1230,1,2,1,1.0,6.0,97611,Y,1280612.0,4520689.0,976
201800057700,18,8,25,1515,1,2,1,1.0,2.0,97611,Y,1281604.0,4519922.0,976
201800057701,18,8,17,1530,1,2,1,1.0,6.0,97611,Y,,,976
201800057702,18,8,10,830,1,1,1,1.0,6.0,97611,Y,1279214.0,4522108.0,976
201800057703,18,8,16,1600,1,1,1,1.0,1.0,97611,Y,1277990.0,4523287.0,976
201800057704,18,8,20,1530,1,2,9,1.0,6.0,97611,Y,1278673.0,4521873.0,976
201800057705,18,8,23,1415,1,2,9,1.0,6.0,97611,Y,1276913.0,4522412.0,976
201800057706,18,8,9,1650,1,2,1,1.0,6.0,97611,Y,1280374.0,4521226.0,976
201800057707,18,8,21,825,1,2,9,1.0,7.0,97611,Y,1278324.0,4523412.0,976
201800057708,18,8,10,1245,1,2,1,1.0,2.0,97611,Y,1276924.0,4522407.0,976
201800057709,18,8,9,100,4,2,9,1.0,7.0,97611,Y,1278256.0,4522982.0,976
201800057710,18,8,16,1445,1,2,1,1.0,6.0,97611,Y,1280024.0,4520407.0,976
201800057711,18,9,10,800,2,2,1,1.0,2.0,97611,Y,1277891.0,4522968.0,976
201800057712,18,8,24,2000,3,2,1,1.0,6.0,97611,Y,1277468.0,4522288.0,976
201800057713,18,8,19,1000,1,2,1,1.0,3.0,97611,Y,1276129.0,4522634.0,976
201800057714,18,9,20,1445,1,2,1,1.0,2.0,97611,Y,1280028.0,4521565.0,976
201800057715,18,9,5,2108,5,2,1,1.0,6.0,97611,Y,1278607.0,4522107.0,976
201800057716,18,9,14,630,2,2,1,1.0,6.0,97611,Y,1280103.0,4520798.0,976
201800057717,18,9,5,1012,1,2,1,1.0,3.0,97611,Y,1278847.0,4522319.0,976
201800057718,18,9,15,2055,4,2,1,1.0,6.0,97611,Y,1279521.0,4521407.0,976
201800057719,18,9,22,1250,1,2,9,1.0,2.0,97611,Y,1278508.0,4522794.0,976
201800057720,18,9,28,1126,1,2,1,1.0,2.0,97611,Y,1280186.0,4521479.0,976
201800057721,18,9,15,330,3,2,9,1.0,7.0,97611,Y,1279467.0,4521647.0,976
201800057722,18,9,23,900,1,2,1,1.0,6.0,97611,Y,1278790.0,4521954.0,976
201800057723,18,9,27,2145,3,2,1,1.0,7.0,97610,Y,1275559.0,4522824.0,976
201800057724,18,9,12,1700,2,2,1,1.0,6.0,97611,Y,1277848.0,4523205.0,976
201800057725,18,9,6,832,1,2,1,1.0,6.0,97611,Y,1276674.0,4522442.0,976
201800057726,18,10,3,505,2,2,9,1.0,6.0,97611,Y,1279528.0,4521632.0,976
201800057727,18,9,14,1648,1,2,1,1.0,6.0,97611,Y,1279133.0,4522032.0,976
201800057728,18,9,15,320,3,2,1,1.0,7.0,97611,Y,1279467.0,4521647.0,976
201800057729,18,10,6,625,2,2,9,1.0,1.0,97611,Y,1281783.0,4519724.0,976
201800057730,18,10,7,1650,1,2,1,1.0,7.0,97611,Y,1280109.0,4520982.0,976
201800057731,18,10,8,1510,1,2,3,1.0,1.0,97611,Y,1275934.0,4522926.0,976
201800057732,18,10,10,1259,1,2,1,1.0,3.0,97611,Y,1279301.0,4521729.0,976
201800057733,18,10,10,1658,1,2,1,1.0,3.0,97611,Y,1277989.0,4522858.0,976
201800057734,18,10,16,650,1,1,1,1.0,7.0,97611,Y,1278421.0,4522957.0,976
201800057735,18,10,17,1140,1,2,1,1.0,6.0,97611,Y,1278106.0,4522972.0,976
201800057736,18,10,20,1330,1,2,1,1.0,6.0,97611,Y,1280043.0,4520892.0,976
201800057737,18,10,22,1718,1,2,1,1.0,1.0,97611,Y,1279325.0,4521707.0,976
201800057738,18,10,22,745,1,1,1,1.0,6.0,97611,Y,1278425.0,4522949.0,976
201800057739,18,10,23,1100,1,2,1,1.0,2.0,97611,Y,1281469.0,4520066.0,976
201800057740,18,10,23,1430,1,2,1,1.0,6.0,97611,Y,1276770.0,4522465.0,976
201800057741,18,10,21,1445,1,2,1,1.0,7.0,97611,Y,1277114.0,4522363.0,976
201800057742,18,10,12,2235,5,2,1,1.0,6.0,97611,Y,1277255.0,4522318.0,976
201800057743,18,10,13,1048,1,2,1,1.0,1.0,97611,Y,1279788.0,4518846.0,976
201800057744,18,10,14,154,5,2,1,1.0,7.0,97611,Y,1277900.0,4522694.0,976
201800057745,18,10,24,1625,1,1,9,1.0,6.0,97611,Y,1279291.0,4522005.0,976
201800057746,18,10,24,1800,5,2,1,1.0,2.0,97611,Y,1280750.0,4520527.0,976
201800057747,18,10,26,1150,1,2,1,1.0,6.0,97611,Y,,,976
201800057748,18,10,26,800,1,2,1,1.0,2.0,97611,Y,1278428.0,4522926.0,976
201800057749,18,10,30,650,1,1,1,1.0,2.0,97611,Y,1276567.0,4522512.0,976
201800057750,18,11,1,330,3,2,1,1.0,7.0,97611,Y,1276060.0,4522646.0,976
201800057751,18,10,27,2345,3,2,1,1.0,7.0,97611,Y,1278580.0,4522181.0,976
201800057752,18,11,4,10,4,2,1,1.0,7.0,97611,Y,1278004.0,4523306.0,976
201800057753,18,11,4,2000,3,2,1,1.0,6.0,97611,Y,1276514.0,4522525.0,976
201800057754,18,11,5,815,1,2,1,1.0,6.0,97611,Y,1280696.0,4520755.0,976
201800057755,18,11,5,1415,1,2,1,1.0,3.0,97611,Y,1277583.0,4522663.0,976
201800057756,18,11,6,730,1,2,3,1.0,3.0,97611,Y,1277491.0,4522473.0,976
201800057757,18,11,6,2035,3,2,1,1.0,7.0,97611,Y,1276518.0,4522528.0,976
201800057758,18,11,9,1835,5,2,9,1.0,3.0,97611,Y,1280658.0,4520826.0,976
201800057759,18,11,10,2108,3,2,1,1.0,7.0,97611,Y,1276480.0,4522542.0,976
201800057760,18,11,14,730,1,1,1,1.0,6.0,97611,Y,,,976
201800057761,18,11,14,809,1,2,9,1.0,7.0,97611,Y,,,976
201800057762,18,10,28,1900,3,2,1,2.0,7.0,97611,Y,1276214.0,4522606.0,976
201800057763,18,11,14,1025,1,1,1,1.0,6.0,97611,Y,1278567.0,4522607.0,976
201800057764,18,11,15,835,1,2,1,1.0,3.0,97611,Y,1280333.0,4521262.0,976
201800057765,18,11,15,1702,1,1,1,1.0,1.0,97611,Y,,,976
201800057766,18,11,18,1955,3,2,1,1.0,6.0,97611,Y,1276524.0,4522528.0,976
201800057767,18,11,20,1900,5,2,8,1.0,7.0,97611,Y,,,976
201800057768,18,11,19,2130,3,2,1,1.0,7.0,97611,Y,1276557.0,4522514.0,976
201800057769,18,11,21,2020,3,2,9,1.0,6.0,97611,Y,1276513.0,4522527.0,976
201800057770,18,11,22,1815,2,2,1,1.0,6.0,97611,Y,1278319.0,4522928.0,976
201800057771,18,11,23,1100,1,1,1,1.0,1.0,97611,Y,1275932.0,4522958.0,976
201800057772,18,11,24,1810,5,2,1,1.0,6.0,97611,Y,1280744.0,4520548.0,976
201800057773,18,11,27,1810,5,2,1,1.0,6.0,97611,Y,1277794.0,4523214.0,976
201800057774,18,11,19,907,3,2,1,1.0,6.0,97611,Y,1276461.0,4522547.0,976
201800057775,18,12,3,1510,1,2,5,1.0,6.0,97611,Y,1280244.0,4521338.0,976
201800057776,18,12,9,30,4,2,9,1.0,4.0,97611,Y,1278394.0,4523152.0,976
201800057777,18,11,26,1845,5,2,1,1.0,6.0,97611,Y,1277882.0,4523105.0,976
201800057778,18,12,14,850,1,2,1,1.0,1.0,97611,Y,1277980.0,4522282.0,976
201800057779,18,12,15,1050,1,2,1,1.0,6.0,97611,Y,1280217.0,4521356.0,976
201800057780,18,12,16,610,2,2,1,1.0,3.0,97611,Y,1278120.0,4523436.0,976
201800057781,18,12,22,2150,5,2,1,1.0,6.0,97611,Y,1276930.0,4522409.0,976
201800057782,18,12,23,1945,5,2,1,1.0,1.0,97611,Y,1278622.0,4522036.0,976
201800057783,18,12,28,1425,1,2,1,1.0,1.0,97611,Y,1278943.0,4522408.0,976